center,garud_h12
6959.0,0.008650000000000001
16008.5,0.048949999999999994
20445.0,0.05115
24921.0,0.016649999999999998
29448.0,0.0567
33978.5,0.0189
38777.0,0.056049999999999996
43408.5,0.012900000000000002
48197.0,0.014600000000000002
53065.0,0.01015
57357.5,0.023700000000000002
61733.0,0.0421
66539.0,0.0163
71291.5,0.019400000000000008
75541.0,0.0161
79835.5,0.017400000000000002
84381.5,0.018000000000000002
89402.5,0.0178
94383.5,0.01745
98734.0,0.014500000000000002
103452.0,0.020250000000000004
108181.5,0.020500000000000004
112729.0,0.0275
117939.0,0.019500000000000003
122902.0,0.023
127350.5,0.013800000000000002
132992.5,0.028700000000000003
138557.0,0.03895
143167.0,0.0428
147989.0,0.021300000000000003
153707.0,0.03955
159204.0,0.0199
163677.5,0.017050000000000003
168291.5,0.01875
173388.5,0.05100000000000001
178453.5,0.015750000000000007
183063.5,0.0237
187725.0,0.013700000000000004
193074.5,0.013049999999999999
198256.5,0.011550000000000001
202654.5,0.014350000000000002
206988.5,0.012650000000000002
211451.0,0.015300000000000005
215961.0,0.017050000000000003
220335.0,0.016250000000000004
224741.5,0.021050000000000006
229124.0,0.015600000000000008
233302.0,0.01105
237429.5,0.00945
241669.5,0.0109
245854.0,0.01835
250043.0,0.042649999999999993
254324.0,0.01835
258773.0,0.012199999999999999
263212.5,0.0167
267869.0,0.020550000000000006
272606.5,0.027649999999999997
277167.0,0.02275
281572.0,0.023450000000000006
286492.5,0.014450000000000001
291348.5,0.01225
295347.5,0.01665
299445.0,0.01525
303553.0,0.02155
307439.5,0.0171
311328.0,0.0217
315603.0,0.01695
320170.5,0.018300000000000004
325085.0,0.024300000000000002
329829.0,0.022300000000000004
334107.5,0.015000000000000001
338113.5,0.019700000000000002
341995.5,0.027400000000000004
345998.0,0.014700000000000001
349840.0,0.0125
353713.5,0.0252
357787.5,0.014300000000000004
365141.5,0.0165
372502.0,0.014150000000000003
376503.0,0.01295
380378.5,0.017599999999999998
384236.0,0.024850000000000004
388083.0,0.020350000000000004
392063.5,0.0177
396002.5,0.014200000000000003
399890.5,0.012550000000000002
403858.0,0.012
407808.0,0.020950000000000003
411793.5,0.01575
416383.0,0.019350000000000003
421527.0,0.00555
426589.5,0.01015
430957.5,0.0092
434802.5,0.01525
438615.5,0.011550000000000001
442341.0,0.01185
446478.0,0.01135
450760.0,0.00795
454743.5,0.01335
458611.5,0.011300000000000001
462899.5,0.0104
467478.5,0.01105
471999.5,0.010750000000000001
476326.0,0.00935
480243.5,0.012650000000000002
484477.5,0.011300000000000001
488802.0,0.009749999999999998
492670.0,0.0088
496398.5,0.0081
500212.5,0.0087
504172.5,0.008400000000000001
508139.0,0.008899999999999998
511917.5,0.010199999999999999
515686.0,0.011300000000000001
519709.0,0.01015
523797.0,0.010000000000000002
527680.0,0.008150000000000001
531398.5,0.008150000000000001
534988.0,0.0069500000000000004
538582.5,0.006700000000000001
542223.0,0.00655
545683.5,0.006700000000000001
548917.0,0.006800000000000001
552046.5,0.00715
555100.5,0.00755
558236.0,0.008
561511.5,0.00825
564649.5,0.008799999999999999
567854.0,0.00855
571171.0,0.00825
574348.5,0.0092
577424.5,0.0087
580656.5,0.007600000000000001
583981.5,0.008150000000000001
587273.5,0.008
590435.5,0.0085
593567.0,0.0081
596771.5,0.00885
599875.0,0.0086
602902.5,0.007549999999999999
605963.0,0.0076
609991.0,0.009149999999999998
614343.0,0.008350000000000002
618164.0,0.006450000000000001
621782.5,0.007150000000000001
624899.0,0.0072
627892.0,0.00715
631018.0,0.006800000000000001
634173.5,0.0078000000000000005
637312.0,0.007549999999999999
640443.5,0.0070999999999999995
644142.0,0.007299999999999999
647881.0,0.00695
651081.0,0.00765
654293.0,0.0077
657573.0,0.008150000000000001
661679.5,0.008
665709.0,0.007450000000000001
668949.5,0.0072000000000000015
672159.5,0.008950000000000001
675222.0,0.007250000000000001
678242.5,0.0086
681375.5,0.006600000000000001
684469.0,0.006600000000000001
687474.0,0.007949999999999999
690651.0,0.007250000000000001
693891.0,0.006450000000000001
697061.5,0.00785
700227.5,0.007700000000000001
703344.5,0.0087
706348.5,0.00835
709337.0,0.006650000000000001
712352.5,0.008700000000000001
715386.5,0.0102
718474.0,0.011
721540.5,0.00945
724553.5,0.0081
727725.0,0.00935
730956.0,0.00655
734126.5,0.0063
737289.0,0.0064
740580.5,0.0098
743792.0,0.00835
747125.5,0.00905
750741.5,0.0060500000000000016
754186.0,0.0064
757506.5,0.00725
760776.0,0.006850000000000002
764066.0,0.0068000000000000005
767301.0,0.006600000000000001
770440.0,0.0081
773458.0,0.008400000000000001
776471.0,0.010400000000000001
779490.5,0.0073999999999999995
782609.0,0.007500000000000001
785990.0,0.006650000000000001
789291.0,0.006250000000000001
792595.5,0.006800000000000001
795882.0,0.006600000000000001
798958.5,0.00655
802138.0,0.005950000000000002
805331.0,0.00685
808394.5,0.006850000000000001
811373.5,0.007200000000000001
814408.5,0.007
817465.5,0.00655
820589.0,0.00785
823708.0,0.0068000000000000005
826718.0,0.008050000000000002
829817.5,0.00655
833009.5,0.007
836398.0,0.0069500000000000004
839834.5,0.00735
843307.5,0.006600000000000001
846603.0,0.00785
849661.5,0.00745
852725.0,0.0071
855799.0,0.006150000000000001
858916.0,0.0063
861960.0,0.006000000000000002
865083.5,0.005850000000000001
868303.0,0.006150000000000001
871587.5,0.006250000000000001
874822.0,0.006250000000000001
877956.5,0.006200000000000001
881623.0,0.006150000000000001
885239.0,0.00655
888320.5,0.006250000000000001
891404.5,0.00655
894486.0,0.0068000000000000005
897510.5,0.006500000000000001
903471.0,0.0076500000000000005
909482.5,0.007449999999999999
912551.5,0.0073
915695.5,0.0068000000000000005
918746.5,0.005800000000000001
921902.0,0.006000000000000002
925151.5,0.005850000000000001
928338.5,0.0060500000000000016
931527.0,0.0063
934621.0,0.0060500000000000016
937695.5,0.00655
940923.5,0.006500000000000002
944125.5,0.00685
947226.0,0.0064
950371.5,0.006150000000000001
953494.0,0.005800000000000001
956738.0,0.005950000000000002
962386.0,0.006750000000000001
967899.0,0.006000000000000002
971039.0,0.005800000000000001
974453.0,0.0056
977741.0,0.006000000000000002
980681.0,0.005950000000000002
983642.0,0.005700000000000001
986595.0,0.0063
989527.0,0.006700000000000001
992525.0,0.006650000000000001
995678.0,0.00635
998740.0,0.006750000000000001
1001691.5,0.0066500000000000005
1004739.0,0.006100000000000001
1007825.0,0.006100000000000001
1010845.0,0.006450000000000001
1013872.5,0.006450000000000001
1016983.5,0.00655
1020020.0,0.005900000000000002
1023028.5,0.00655
1026089.0,0.005900000000000001
1029227.0,0.006300000000000002
1032278.5,0.00625
1035169.0,0.00635
1038179.0,0.005850000000000002
1041316.5,0.00555
1044432.0,0.005950000000000002
1047459.5,0.006600000000000001
1050468.0,0.005900000000000002
1053540.0,0.006900000000000001
1056620.0,0.00635
1059831.0,0.006250000000000001
1063092.5,0.00555
1066208.5,0.0060500000000000016
1069131.0,0.005800000000000001
1072448.0,0.005700000000000001
1075845.0,0.006150000000000001
1078828.0,0.005750000000000001
1082079.0,0.00605
1085502.5,0.0063500000000000015
1088793.5,0.006500000000000002
1091923.0,0.006200000000000001
1095296.0,0.005900000000000002
1099163.5,0.005650000000000001
1102696.5,0.005650000000000001
1105821.0,0.006100000000000001
1109017.5,0.00625
1112179.0,0.0056
1115355.0,0.005650000000000001
1118600.0,0.005700000000000001
1121936.5,0.00555
1125373.5,0.005450000000000001
1128896.5,0.005650000000000001
1132330.5,0.00555
1135530.0,0.005850000000000002
1138765.5,0.0060500000000000016
1142222.0,0.006250000000000001
1145688.0,0.00655
1149072.5,0.006450000000000002
1152650.0,0.006700000000000001
1156115.5,0.006150000000000001
1159379.0,0.006000000000000002
1162589.5,0.006100000000000001
1165795.0,0.0060500000000000016
1169176.0,0.006700000000000001
1172441.0,0.005800000000000001
1175616.5,0.00625
1178865.5,0.005850000000000002
1182158.0,0.005700000000000001
1185525.0,0.0056
1189238.0,0.0056
1192900.0,0.005900000000000001
1196426.0,0.005800000000000001
1200077.0,0.005850000000000001
1203425.0,0.005750000000000002
1206581.5,0.005900000000000001
1209647.0,0.005850000000000001
1212760.0,0.006200000000000001
1216104.0,0.005950000000000002
1219318.0,0.006100000000000001
1222408.0,0.00655
1225531.5,0.005900000000000001
1228822.5,0.006150000000000001
1232239.0,0.0060500000000000016
1235593.0,0.005850000000000001
1238974.0,0.00605
1242322.0,0.006150000000000001
1245665.0,0.005850000000000001
1249052.0,0.005900000000000001
1252539.5,0.006000000000000002
1256144.0,0.005950000000000002
1259647.0,0.005750000000000001
1263141.5,0.005950000000000002
1266515.0,0.0060500000000000016
1269583.0,0.006250000000000001
1272646.5,0.0064
1276084.0,0.005850000000000002
1279739.0,0.006000000000000002
1286278.0,0.006000000000000002
1292615.0,0.006100000000000001
1295784.0,0.006100000000000001
1298921.0,0.005800000000000001
1302207.0,0.005650000000000001
1305897.0,0.005800000000000001
1309496.0,0.006200000000000001
1312734.0,0.006150000000000001
1316140.0,0.006150000000000001
1320243.0,0.005850000000000002
1324313.0,0.006250000000000001
1327931.5,0.0063500000000000015
1331382.0,0.005900000000000002
1334483.5,0.005750000000000001
1337464.0,0.005700000000000001
1340758.5,0.0060500000000000016
1344025.0,0.00655
1347038.5,0.006900000000000002
1350081.5,0.00635
1353162.5,0.006000000000000002
1356247.0,0.005850000000000002
1359683.5,0.006450000000000001
1363190.5,0.005800000000000001
1366547.0,0.005900000000000002
1369808.0,0.006000000000000002
1372936.5,0.006000000000000001
1376244.5,0.006100000000000001
1383219.0,0.005800000000000001
1390253.5,0.006000000000000002
1393709.0,0.005800000000000001
1397000.5,0.0060500000000000016
1400152.0,0.005700000000000001
1403330.5,0.005850000000000001
1406491.5,0.005800000000000001
1409593.5,0.006200000000000001
1412719.5,0.00635
1415810.5,0.005700000000000001
1418974.0,0.005750000000000001
1422281.0,0.006000000000000002
1425501.0,0.005650000000000001
1428702.5,0.005800000000000001
1432039.5,0.005650000000000001
1435310.0,0.006150000000000001
1438787.5,0.006699999999999999
1442232.5,0.006600000000000001
1445380.5,0.006300000000000002
1448577.0,0.006750000000000001
1451673.0,0.0077
1457814.5,0.006450000000000001
1464053.0,0.006050000000000001
1467223.0,0.007200000000000001
1470493.5,0.006600000000000001
1474217.5,0.0071
1478108.5,0.0066
1481777.0,0.006450000000000001
1485450.0,0.00785
1490568.0,0.011500000000000002
1495926.0,0.02135
1499799.0,0.030900000000000004
1503256.5,0.008450000000000001
1506644.0,0.00595
1509953.0,0.005850000000000002
1513188.0,0.005850000000000002
1516495.5,0.005850000000000002
1519976.5,0.006450000000000001
1523315.0,0.00595
1526370.5,0.006250000000000001
1529507.0,0.006250000000000001
1532860.5,0.0063
1536314.5,0.0063
1539647.0,0.0066
1542872.5,0.005900000000000002
1546274.0,0.005750000000000001
1549694.0,0.00655
1553322.0,0.005750000000000001
1556859.5,0.005700000000000001
1560067.0,0.005650000000000001
1563221.5,0.005950000000000002
1566350.0,0.0060500000000000016
1569573.5,0.006150000000000001
1572969.5,0.005950000000000002
1576408.5,0.005900000000000001
1579648.0,0.006000000000000002
1582917.0,0.0063
1586234.0,0.005800000000000001
1589397.5,0.006800000000000001
1592515.0,0.006850000000000001
1595723.0,0.006150000000000001
1598987.0,0.006200000000000001
1602101.5,0.007450000000000001
1605164.0,0.006450000000000001
1608410.0,0.005850000000000002
1611774.0,0.00655
1615140.0,0.005950000000000002
1618524.5,0.005850000000000001
1621912.0,0.005850000000000002
1625265.5,0.005500000000000002
1628581.5,0.005850000000000002
1631696.0,0.005950000000000002
1634735.5,0.005850000000000002
1637854.5,0.005900000000000001
1641035.5,0.005800000000000001
1644198.5,0.006100000000000001
1647352.5,0.006000000000000002
1650521.0,0.005750000000000001
1653750.5,0.006600000000000001
1656956.0,0.0056
1660098.5,0.006000000000000002
1663229.0,0.005800000000000001
1666346.5,0.006600000000000001
1669485.0,0.006600000000000001
1672612.0,0.006600000000000001
1675968.5,0.0056
1679555.0,0.005500000000000002
1683036.0,0.006450000000000002
1686300.5,0.006100000000000001
1689553.0,0.00555
1692690.5,0.005750000000000001
1695858.5,0.005700000000000001
1699231.5,0.005850000000000002
1702619.0,0.005650000000000001
1705961.5,0.005700000000000001
1709151.0,0.005750000000000001
1712423.0,0.00555
1715881.0,0.005750000000000001
1719323.5,0.005750000000000001
1722844.0,0.005750000000000001
1726346.0,0.005750000000000001
1729722.0,0.005700000000000001
1733089.5,0.005650000000000001
1736321.5,0.005650000000000001
1739431.5,0.005650000000000001
1742615.5,0.006200000000000001
1745983.0,0.005800000000000001
1749429.5,0.00555
1752900.5,0.005850000000000001
1756532.5,0.005950000000000002
1759964.0,0.006150000000000001
1763233.0,0.005750000000000002
1766664.5,0.005750000000000001
1769985.0,0.006100000000000001
1773161.5,0.005900000000000001
1776338.5,0.005850000000000002
1779597.5,0.005900000000000002
1782779.5,0.005750000000000001
1786076.5,0.005500000000000002
1789853.5,0.005700000000000001
1793493.0,0.005950000000000002
1796882.0,0.005650000000000001
1800215.5,0.005650000000000001
1803614.5,0.005500000000000002
1807113.5,0.0056
1811211.0,0.005750000000000001
1815294.5,0.0056
1818623.0,0.005650000000000001
1822194.0,0.00555
1825798.0,0.005750000000000002
1829180.5,0.006200000000000001
1833006.0,0.005650000000000001
1837199.5,0.005650000000000001
1841021.0,0.0056
1845376.0,0.005850000000000001
1849887.0,0.005750000000000002
1854804.5,0.005150000000000001
1860057.0,0.005800000000000001
1864019.0,0.0056
1867476.0,0.005400000000000001
1870941.5,0.005750000000000001
1874292.5,0.005900000000000001
1877448.5,0.005700000000000001
1880460.5,0.005750000000000001
1883459.0,0.005900000000000001
1886533.0,0.00555
1889619.5,0.005650000000000001
1892620.0,0.005950000000000002
1895643.5,0.006000000000000002
1898696.0,0.005850000000000001
1901692.0,0.005500000000000002
1904717.0,0.00555
1907805.0,0.005650000000000001
1910983.5,0.006250000000000001
1914133.5,0.005900000000000001
1917179.5,0.006500000000000002
1920211.5,0.006250000000000001
1923258.0,0.006100000000000001
1926266.5,0.005900000000000001
1929161.0,0.005650000000000001
1932168.0,0.005750000000000001
1935276.0,0.005900000000000001
1938431.5,0.0063
1941602.5,0.005700000000000001
1944707.0,0.006600000000000001
1947829.0,0.006300000000000002
1950999.5,0.005750000000000001
1954202.5,0.005750000000000001
1957346.0,0.0056
1960528.5,0.005850000000000002
1963671.0,0.005800000000000001
1966910.5,0.005800000000000001
1970204.5,0.005800000000000001
1973386.5,0.005650000000000001
1976717.0,0.005850000000000001
1980221.0,0.0056
1983634.0,0.00555
1986840.5,0.005850000000000001
1989971.0,0.005800000000000001
1993072.0,0.005850000000000001
1996201.5,0.005850000000000001
1999164.5,0.005950000000000002
2002116.0,0.006700000000000001
2005218.0,0.006100000000000001
2008298.5,0.006450000000000002
2011781.5,0.006500000000000002
2015358.5,0.005650000000000001
2018623.5,0.00605
2021955.0,0.005800000000000001
2025377.5,0.006
2028742.0,0.005950000000000002
2032149.0,0.005850000000000001
2035736.0,0.006100000000000001
2039461.5,0.0066500000000000005
2043174.5,0.0066
2046985.0,0.006700000000000001
2050578.0,0.00685
2053758.0,0.006150000000000001
2056920.0,0.00655
2060075.5,0.00595
2063251.5,0.0063500000000000015
2066428.5,0.006150000000000001
2069570.5,0.006100000000000001
2072747.5,0.006000000000000002
2075926.5,0.005800000000000001
2079108.0,0.006100000000000001
2082347.0,0.00555
2085481.0,0.006200000000000001
2088537.5,0.005800000000000001
2091627.0,0.005800000000000001
2094740.5,0.005900000000000001
2097896.0,0.005800000000000001
2101016.0,0.005700000000000001
2104149.5,0.005850000000000001
2107221.5,0.005800000000000001
2110260.0,0.005950000000000002
2113443.5,0.00595
2116797.5,0.006100000000000001
2120090.0,0.005850000000000002
2123548.0,0.005650000000000001
2127164.0,0.0056
2130575.0,0.005850000000000001
2135004.0,0.005800000000000001
2139406.5,0.0056
2142646.0,0.005800000000000001
2145930.0,0.005650000000000001
2150955.0,0.0060500000000000016
2156020.5,0.005900000000000001
2159549.0,0.005750000000000001
2162830.0,0.00635
2169502.5,0.0063500000000000015
2178790.5,0.005150000000000001
2185283.0,0.005800000000000001
2190177.5,0.005400000000000001
2194294.5,0.006200000000000001
2197509.0,0.006100000000000001
2200755.5,0.007
2204613.0,0.005700000000000001
2208314.0,0.00625
2214799.5,0.005650000000000001
2221328.5,0.00655
2224325.0,0.007200000000000001
2227307.0,0.006600000000000001
2232207.5,0.005450000000000001
2237938.0,0.0066500000000000005
2241776.5,0.008450000000000001
2244841.5,0.006200000000000001
2248089.0,0.006450000000000001
2251373.5,0.0057
2257228.0,0.005400000000000001
2263046.5,0.007600000000000001
2266605.0,0.006150000000000001
2270877.0,0.005950000000000002
2274794.5,0.0057
2278430.0,0.00595
2281969.5,0.0060500000000000016
2285068.0,0.006200000000000001
2288038.0,0.0064
2293179.0,0.0053500000000000015
2300377.5,0.0053500000000000015
2309221.5,0.005150000000000001
2316770.0,0.005850000000000001
2320578.5,0.0064
2323644.5,0.006100000000000001
2326747.5,0.005700000000000001
2330051.0,0.005750000000000001
2333303.0,0.005850000000000002
2336541.0,0.0067
2339882.5,0.006150000000000001
2343159.0,0.00555
2346288.5,0.005650000000000001
2349427.5,0.005850000000000002
2352864.0,0.005800000000000001
2356679.0,0.005500000000000002
2360618.0,0.00555
2364446.0,0.0056
2367996.0,0.0057
2371390.5,0.005850000000000001
2374695.0,0.0057
2378278.0,0.00605
2382081.0,0.005850000000000001
2385587.0,0.007150000000000001
2389009.0,0.006
2392462.5,0.0063
2396195.5,0.005650000000000001
2399957.0,0.006100000000000001
2403646.0,0.005900000000000001
2407671.5,0.006400000000000001
2411867.5,0.005750000000000001
2415642.0,0.005950000000000002
2419086.5,0.00655
2422383.0,0.006100000000000001
2425606.0,0.005800000000000001
2428966.5,0.005850000000000001
2432228.5,0.005700000000000001
2435428.5,0.005700000000000001
2438683.5,0.005900000000000001
2441973.0,0.005750000000000002
2445272.0,0.005900000000000001
2448635.0,0.006100000000000001
2451937.5,0.005950000000000002
2455116.5,0.006250000000000001
2458373.0,0.005900000000000002
2461626.0,0.005950000000000002
2464887.0,0.006250000000000001
2468300.0,0.006250000000000001
2471689.0,0.006200000000000001
2474879.0,0.006250000000000001
2477935.5,0.00635
2480994.5,0.006200000000000001
2485621.0,0.00635
2490210.5,0.006200000000000001
2493422.5,0.005750000000000002
2496672.5,0.005750000000000002
2500520.0,0.005900000000000001
2504399.5,0.005900000000000001
2507584.5,0.0056
2510797.0,0.005700000000000001
2514044.5,0.005700000000000001
2517325.0,0.00595
2520659.0,0.00595
2524522.5,0.005950000000000002
2528654.5,0.00555
2532556.0,0.005700000000000001
2536214.5,0.005400000000000001
2539452.0,0.0056
2542466.5,0.005650000000000001
2545869.0,0.005700000000000001
2549640.5,0.0056
2553012.5,0.005650000000000001
2556172.5,0.005700000000000001
2559591.5,0.005800000000000001
2563136.0,0.0060500000000000016
2566587.5,0.006200000000000001
2570039.0,0.005700000000000001
2573634.0,0.005800000000000001
2577104.0,0.005650000000000001
2580531.0,0.005750000000000001
2583783.5,0.00595
2586933.0,0.005700000000000001
2590263.0,0.005800000000000001
2593920.0,0.0060500000000000016
2597613.0,0.005700000000000001
2601071.0,0.005650000000000001
2604680.5,0.005750000000000001
2608372.0,0.005650000000000001
2612130.0,0.0056
2615937.0,0.005700000000000001
2619667.0,0.005950000000000002
2623339.0,0.00625
2626772.5,0.005800000000000001
2630275.0,0.006200000000000001
2633963.0,0.00605
2637382.0,0.0060500000000000016
2640537.0,0.006100000000000001
2643622.0,0.0063
2646730.5,0.005950000000000002
2649866.5,0.005750000000000001
2652934.5,0.00635
2655931.5,0.006000000000000002
2659027.5,0.005900000000000001
2662292.0,0.0063
2665599.0,0.006600000000000001
2669280.5,0.005800000000000001
2673071.5,0.00605
2676504.0,0.006450000000000002
2679870.5,0.007449999999999999
2683073.5,0.006450000000000002
2686198.0,0.0063500000000000015
2689569.0,0.006100000000000001
2692917.0,0.005900000000000001
2696076.0,0.005850000000000001
2699346.5,0.005800000000000001
2702663.5,0.005650000000000001
2706359.5,0.005750000000000001
2710405.0,0.005650000000000001
2714115.5,0.005750000000000001
2717556.5,0.006100000000000001
2720940.5,0.006450000000000001
2724144.5,0.0060500000000000016
2727190.5,0.005900000000000001
2730453.0,0.005850000000000001
2734004.0,0.00555
2737437.0,0.006100000000000001
2740637.0,0.006100000000000001
2743876.0,0.00605
2747143.0,0.005850000000000001
2750382.0,0.005900000000000001
2753444.0,0.005750000000000002
2756397.0,0.006200000000000001
2759451.0,0.0063
2762467.0,0.006150000000000001
2765509.5,0.006150000000000001
2768506.0,0.0063
2771523.0,0.006200000000000001
2774868.5,0.0063
2778227.5,0.00645
2781368.0,0.00645
2785080.0,0.006850000000000001
2788966.5,0.00665
2793084.5,0.00655
2798277.5,0.007000000000000001
2803533.5,0.006500000000000002
2807673.5,0.006950000000000001
2811007.0,0.0066500000000000005
2814897.5,0.0068000000000000005
2818891.5,0.006150000000000001
2822556.5,0.006
2826085.0,0.006200000000000001
2829321.5,0.006100000000000001
2832789.0,0.006100000000000001
2836330.0,0.006650000000000001
2839842.0,0.0063
2843461.0,0.006250000000000001
2847226.0,0.006200000000000001
2850798.5,0.006150000000000001
2854099.5,0.0065000000000000014
2857765.5,0.006600000000000001
2861660.5,0.005850000000000001
2865445.0,0.006200000000000001
2868979.0,0.006100000000000001
2872652.5,0.006000000000000002
2876323.5,0.006000000000000002
2879567.0,0.006250000000000001
2882700.5,0.006650000000000001
2886084.0,0.0068000000000000005
2889546.5,0.006200000000000001
2892900.5,0.006150000000000001
2896435.0,0.006100000000000001
2900090.5,0.006550000000000002
2903499.5,0.006250000000000001
2906817.0,0.006500000000000002
2910356.5,0.0063
2913866.0,0.0064
2917490.0,0.006650000000000001
2921281.5,0.006700000000000001
2925040.5,0.005950000000000002
2928626.5,0.00655
2932231.0,0.00625
2935905.0,0.006150000000000001
2939410.5,0.005750000000000002
2942823.5,0.005800000000000001
2946513.0,0.005850000000000001
2950276.0,0.005750000000000002
2953680.0,0.0057
2956820.0,0.005750000000000002
2960002.0,0.0056
2963455.5,0.005500000000000002
2966758.5,0.0056
2970076.5,0.005500000000000002
2973435.0,0.0064
2976751.0,0.005950000000000002
2980194.0,0.006150000000000001
2983569.5,0.006150000000000001
2986986.0,0.0064
2990533.0,0.006300000000000002
2993952.5,0.00605
2997193.5,0.005800000000000001
3000426.5,0.005800000000000001
3003649.5,0.006600000000000001
3006748.0,0.0060500000000000016
3009779.5,0.005950000000000002
3013701.5,0.006100000000000001
3024984.5,0.005900000000000001
3035696.0,0.00645
3039100.0,0.00635
3043959.5,0.006150000000000001
3048958.5,0.006150000000000001
3052842.5,0.005850000000000001
3056572.0,0.006250000000000001
3059862.0,0.00655
3063935.5,0.005950000000000002
3068323.5,0.006400000000000001
3072497.5,0.006250000000000001
3076203.5,0.006200000000000001
3079488.0,0.00605
3083193.0,0.00625
3086944.0,0.00605
3090418.0,0.00605
3095609.0,0.0059
3100750.5,0.006300000000000002
3104057.0,0.006300000000000002
3107472.5,0.0069
3110928.0,0.006900000000000001
3114767.0,0.00685
3118598.5,0.006100000000000001
3121971.5,0.00605
3125460.5,0.005850000000000001
3129021.0,0.006
3132397.5,0.0067
3135584.5,0.007150000000000001
3138795.5,0.006300000000000002
3142236.5,0.00725
3146407.0,0.0065
3150642.0,0.0063500000000000015
3154353.5,0.006850000000000001
3157999.0,0.007050000000000001
3162222.0,0.007700000000000001
3166509.5,0.007750000000000001
3170160.5,0.008350000000000002
3173520.5,0.0077
3176746.5,0.007950000000000002
3180048.0,0.008450000000000003
3183612.0,0.008150000000000001
3187214.5,0.008300000000000002
3190520.0,0.009600000000000001
3193845.0,0.00895
3197592.0,0.008350000000000002
3201383.0,0.00905
3204771.5,0.008550000000000002
3208139.0,0.0079
3211549.5,0.0085
3215062.0,0.007750000000000001
3218908.0,0.008100000000000001
3222818.5,0.008200000000000002
3226471.0,0.00825
3230139.5,0.007850000000000001
3234209.5,0.007550000000000001
3238486.0,0.00715
3242372.5,0.007150000000000001
3246047.0,0.007050000000000001
3249652.0,0.007350000000000001
3253365.5,0.0079
3257265.0,0.009000000000000001
3260899.5,0.007800000000000001
3264159.5,0.008300000000000002
3267533.0,0.008000000000000002
3272170.5,0.00935
3276704.5,0.008550000000000002
3282302.5,0.007800000000000001
3288156.0,0.008800000000000002
3291904.5,0.007600000000000001
3295428.5,0.00935
3298702.5,0.010000000000000002
3301896.0,0.0092
3305298.5,0.010100000000000001
3308631.0,0.010700000000000001
3311885.0,0.00935
3315166.5,0.011
3318269.0,0.009450000000000002
3321483.0,0.010600000000000002
3325063.5,0.010700000000000001
3328856.5,0.010850000000000002
3332546.0,0.010650000000000003
3336033.0,0.010600000000000002
3339423.5,0.010950000000000001
3342953.0,0.010150000000000003
3346603.5,0.012150000000000001
3350006.0,0.012300000000000002
3353303.0,0.015350000000000003
3356648.5,0.009550000000000001
3360103.0,0.009300000000000001
3364865.0,0.009150000000000002
3370460.0,0.00855
3374768.5,0.009650000000000002
3378168.0,0.0087
3381493.5,0.0088
3384585.0,0.009300000000000003
3387949.5,0.009000000000000001
3391550.5,0.008950000000000003
3395886.0,0.0073
3400134.0,0.008950000000000001
3403583.5,0.008150000000000001
3415125.0,0.0069500000000000004
3427338.0,0.0085
3431638.5,0.00855
3435091.0,0.009850000000000001
3438337.0,0.010750000000000003
3441591.5,0.01005
3444942.0,0.009500000000000001
3448288.5,0.009399999999999999
3451548.0,0.00905
3454676.5,0.009850000000000001
3457718.5,0.0098
3460704.5,0.010000000000000002
3463681.5,0.009900000000000003
3466751.0,0.010350000000000002
3471114.5,0.009500000000000001
3475475.0,0.009600000000000001
3480757.0,0.0092
3486626.0,0.0091
3490275.0,0.0092
3493300.5,0.005800000000000001
3496306.5,0.00985
3499970.5,0.009150000000000002
3503719.5,0.009850000000000001
3506771.0,0.01065
3509799.0,0.009800000000000001
3512843.0,0.01055
3515888.0,0.0115
3519126.5,0.009250000000000001
3522470.0,0.009250000000000001
3525652.0,0.010050000000000003
3528620.5,0.009250000000000001
3531638.0,0.0081
3534727.0,0.007850000000000001
3537784.5,0.007400000000000002
3540838.5,0.008900000000000002
3544114.5,0.009450000000000002
3547472.5,0.0093
3550644.5,0.0086
3553702.5,0.006200000000000001
3556790.0,0.0079
3560006.0,0.00685
3563160.0,0.0077
3566281.5,0.00685
3569385.5,0.0079
3572437.0,0.008150000000000001
3575512.0,0.007950000000000002
3578593.5,0.007850000000000001
3581704.5,0.007
3584723.0,0.0086
3587664.5,0.007850000000000001
3590786.0,0.00875
3594114.0,0.008400000000000001
3597394.5,0.00765
3600523.0,0.0081
3603667.0,0.007
3606783.5,0.007050000000000001
3609868.5,0.0069500000000000004
3613004.0,0.007450000000000002
3616144.5,0.006900000000000001
3619417.0,0.007050000000000001
3622817.5,0.007750000000000002
3626311.5,0.0075000000000000015
3630029.0,0.0071
3633707.0,0.0088
3637135.5,0.007600000000000001
3640379.0,0.0075000000000000015
3643395.5,0.007950000000000002
3646432.0,0.0079
3650227.5,0.008300000000000002
3654061.5,0.0079
3657359.0,0.009450000000000002
3660644.5,0.008650000000000001
3664043.0,0.008150000000000001
3668455.0,0.00855
3672730.5,0.0087
3676033.5,0.00765
3679169.5,0.01075
3682185.0,0.0098
3685292.0,0.00955
3688371.5,0.00965
3691400.5,0.009600000000000001
3694555.0,0.0092
3697633.0,0.009000000000000001
3700657.5,0.0085
3703822.0,0.009049999999999999
3707016.0,0.009000000000000001
3710049.0,0.0098
3712925.5,0.008650000000000001
3716005.5,0.00955
3719151.5,0.009250000000000001
3722155.0,0.01005
3725164.0,0.010150000000000001
3728216.0,0.011349999999999999
3731224.0,0.011
3734196.5,0.01065
3737351.0,0.010900000000000002
3740498.0,0.012300000000000002
3743566.0,0.011700000000000002
3746644.0,0.015100000000000002
3749719.5,0.01395
3752961.5,0.0115
3756265.0,0.01235
3759498.0,0.0134
3763315.5,0.012450000000000003
3767299.0,0.01315
3770806.5,0.0108
3774042.5,0.012549999999999999
3777167.0,0.010900000000000002
3780409.0,0.011850000000000001
3783634.5,0.011200000000000002
3786760.5,0.010450000000000001
3789989.0,0.0124
3793385.5,0.010150000000000003
3796762.5,0.011300000000000003
3800062.0,0.013250000000000001
3803191.0,0.016200000000000003
3806351.5,0.0143
3809638.0,0.01235
3812868.0,0.0143
3816022.0,0.015050000000000003
3819386.0,0.015100000000000002
3822936.5,0.01735
3826517.0,0.02075
3829998.0,0.01725
3833240.0,0.015300000000000003
3836659.5,0.016600000000000004
3840090.5,0.0162
3843102.0,0.0195
3846239.0,0.018549999999999997
3849556.0,0.018249999999999995
3852830.5,0.0196
3856019.0,0.017400000000000006
3859031.0,0.018499999999999996
3862106.5,0.0196
3865197.5,0.016350000000000003
3868298.0,0.0195
3871361.5,0.01975
3874622.0,0.018850000000000002
3878013.5,0.0188
3881756.0,0.018250000000000002
3885458.5,0.02065
3888763.0,0.0184
3892258.0,0.027100000000000006
3895575.5,0.017349999999999997
3898691.5,0.016349999999999996
3902005.5,0.01845
3905376.0,0.01865
3908602.5,0.0142
3912163.0,0.015100000000000002
3915783.0,0.0117
3919180.5,0.018449999999999998
3922534.0,0.0175
3925761.0,0.019799999999999998
3929089.5,0.02205
3932377.5,0.01975
3935540.5,0.019700000000000002
3938928.5,0.02
3942248.5,0.019499999999999997
3945323.5,0.022300000000000004
3948491.5,0.019450000000000002
3951620.0,0.02015
3954675.0,0.02095
3957727.5,0.02005
3960779.0,0.01665
3963838.0,0.0168
3967309.0,0.0137
3970882.0,0.0158
3974058.5,0.01725
3977485.0,0.014700000000000001
3981111.5,0.017349999999999997
3984810.5,0.0187
3988463.5,0.0154
3992027.0,0.014199999999999999
3995822.0,0.0143
3999538.0,0.01525
4003101.0,0.0159
4006510.5,0.0125
4009889.5,0.0143
4013550.5,0.0144
4017416.5,0.0139
4020974.5,0.014
4024294.5,0.01355
4027704.0,0.014249999999999999
4031012.0,0.013699999999999999
4034268.0,0.013949999999999999
4037448.5,0.013199999999999998
4040605.5,0.015300000000000001
4043849.0,0.015
4047011.5,0.014099999999999998
4050231.5,0.013800000000000003
4053383.5,0.016100000000000003
4056340.0,0.014099999999999998
4059321.5,0.0149
4062467.0,0.0155
4065583.5,0.014499999999999999
4068449.5,0.0152
4071397.0,0.012000000000000002
4074424.0,0.01435
4077396.0,0.01525
4080383.0,0.01335
4083451.0,0.013999999999999999
4086601.5,0.0133
4089661.0,0.013650000000000002
4092657.0,0.0073
4095634.0,0.012550000000000002
4098629.0,0.014100000000000001
4101694.5,0.01435
4104780.0,0.01325
4107841.0,0.012550000000000002
4111246.5,0.0125
4114636.5,0.01285
4117664.5,0.01445
4120717.5,0.016150000000000005
4123859.0,0.014150000000000001
4127044.5,0.0147
4130181.5,0.010250000000000002
4133151.0,0.0095
4136079.5,0.012799999999999999
4139163.5,0.009899999999999999
4142274.5,0.01405
4145331.5,0.01295
4148557.0,0.0138
4151803.5,0.014450000000000001
4154863.5,0.01455
4158310.5,0.01765
4161811.5,0.015400000000000002
4164935.5,0.01565
4168016.0,0.015600000000000001
4171075.5,0.013749999999999998
4174301.5,0.015600000000000001
4177770.0,0.0148
4181191.0,0.013650000000000002
4184379.5,0.012799999999999999
4187529.0,0.012600000000000004
4190821.0,0.014350000000000002
4194097.0,0.0132
4197409.5,0.012549999999999999
4200647.5,0.01095
4203797.5,0.012849999999999999
4207593.5,0.010250000000000002
4211450.0,0.0119
4214735.0,0.014100000000000001
4217987.5,0.015200000000000002
4221302.5,0.0172
4224634.5,0.01815
4228141.0,0.01725
4231845.5,0.010000000000000002
4235736.0,0.0108
4239442.0,0.011450000000000002
4242938.5,0.00995
4246576.0,0.013850000000000001
4250162.5,0.0075000000000000015
4253828.5,0.01685
4257413.5,0.018000000000000002
4260837.0,0.014900000000000004
4264537.0,0.01695
4268317.0,0.013250000000000001
4271888.5,0.0131
4275153.5,0.0142
4278273.0,0.01395
4281436.5,0.012500000000000002
4284617.5,0.015000000000000003
4287829.0,0.014950000000000003
4290980.5,0.019700000000000002
4294771.0,0.01855
4298646.0,0.015100000000000002
4301821.5,0.016050000000000002
4305057.5,0.02085
4308319.5,0.019650000000000004
4311513.0,0.0176
4314825.5,0.017400000000000002
4318250.0,0.019600000000000003
4321748.0,0.01845
4326097.5,0.0184
4330161.0,0.019549999999999998
4333379.5,0.019549999999999998
4336736.5,0.017
4340324.5,0.019300000000000005
4343870.5,0.021900000000000003
4347122.5,0.021700000000000004
4350342.0,0.024550000000000002
4354221.5,0.02185
4358125.0,0.02715
4361361.0,0.027299999999999998
4364663.0,0.024450000000000003
4368382.0,0.0257
4371941.0,0.02725
4374987.0,0.0286
4378141.5,0.02295
4381310.0,0.02295
4384512.0,0.020300000000000002
4387702.0,0.0181
4390843.5,0.02035
4393986.0,0.0204
4398911.5,0.014800000000000002
4405951.5,0.015850000000000003
4411967.5,0.01685
4415915.0,0.015850000000000003
4419160.0,0.01575
4422356.5,0.015950000000000002
4425483.0,0.01285
4428716.0,0.0179
4431882.5,0.02035
4434932.0,0.0216
4437962.5,0.021750000000000002
4440946.5,0.019100000000000006
4443943.5,0.01685
4447822.5,0.016
4451731.0,0.01715
4454879.5,0.01725
4458955.5,0.019299999999999998
4462906.0,0.0172
4466005.5,0.0182
4469191.5,0.019200000000000002
4472415.0,0.01675
4475689.5,0.01585
4478979.5,0.018
4482225.0,0.017849999999999998
4485538.5,0.018049999999999997
4488883.5,0.01695
4492140.5,0.0181
4495428.0,0.018050000000000004
4498824.0,0.017
4502380.0,0.013900000000000001
4505950.5,0.017
4509805.0,0.014850000000000002
4513609.5,0.014800000000000002
4517045.0,0.011000000000000003
4520423.0,0.01405
4523869.5,0.012350000000000002
4527495.5,0.012400000000000001
4531075.0,0.012900000000000002
4534505.0,0.013049999999999999
4537702.0,0.012550000000000002
4540824.5,0.013
4544005.5,0.011350000000000002
4547138.0,0.01405
4550292.0,0.014
4553499.5,0.014
4556768.5,0.014
4559901.5,0.013250000000000001
4562917.5,0.015000000000000003
4565991.0,0.018050000000000004
4569066.0,0.016149999999999998
4572184.0,0.0131
4575393.0,0.01595
4578527.5,0.01595
4581679.0,0.014150000000000001
4584818.5,0.01595
4587809.5,0.017
4590755.0,0.01685
4593732.0,0.019300000000000005
4596788.0,0.01815
4599977.5,0.02035
4603176.0,0.01505
4606257.0,0.0162
4609343.5,0.0195
4612489.5,0.01715
4615648.0,0.0194
4618741.5,0.018249999999999995
4621987.0,0.0205
4625676.0,0.018
4629621.5,0.01915
4633198.0,0.0205
4636515.5,0.018250000000000002
4639840.0,0.017949999999999997
4643124.0,0.0204
4646488.0,0.01695
4649974.5,0.01915
4653284.0,0.020300000000000002
4656342.5,0.0204
4659488.0,0.01505
4662662.0,0.01685
4665873.5,0.0181
4669090.0,0.017
4672273.5,0.017
4675482.5,0.018049999999999997
4678700.5,0.01685
4681996.5,0.017949999999999997
4685299.0,0.013750000000000002
4688509.5,0.01585
4691796.5,0.0182
4695108.0,0.019200000000000002
4698324.5,0.02025
4701482.0,0.021500000000000005
4704588.5,0.021700000000000004
4707907.0,0.021700000000000004
4711217.5,0.022750000000000003
4714400.0,0.0216
4717607.5,0.021400000000000002
4720963.5,0.0179
4724444.0,0.01575
4727812.0,0.0158
4731024.0,0.01585
4734143.5,0.015850000000000003
4737398.5,0.014150000000000001
4740735.5,0.012900000000000002
4743942.5,0.01295
4747230.0,0.014750000000000003
4750553.0,0.014750000000000003
4753836.0,0.015799999999999998
4757044.0,0.016800000000000002
4760399.0,0.013800000000000002
4764159.5,0.010700000000000001
4768182.5,0.014
4771996.0,0.0132
4775448.0,0.013049999999999999
4778799.5,0.013900000000000001
4782126.0,0.01
4785465.0,0.012450000000000003
4788696.5,0.0108
4795199.0,0.009650000000000002
4801722.5,0.01105
4804985.5,0.01105
4808445.0,0.01015
4812007.5,0.010950000000000001
4815354.0,0.0108
4818636.5,0.009400000000000002
4821838.0,0.01165
4825023.5,0.00935
4828405.0,0.0108
4831612.5,0.0109
4834573.0,0.01175
4837520.5,0.01105
4840509.0,0.01105
4843742.5,0.009750000000000002
4847003.0,0.010950000000000001
4850411.0,0.01175
4854242.5,0.010100000000000001
4858232.0,0.00935
4862068.5,0.010050000000000003
4865638.0,0.00955
4869024.5,0.009400000000000002
4872836.0,0.010650000000000001
4876723.0,0.01085
4880086.5,0.011600000000000001
4884110.0,0.00995
4888043.5,0.012600000000000004
4891091.0,0.012550000000000002
4894167.0,0.01105
4897424.5,0.0115
4900583.5,0.011
4903568.0,0.012
4906573.5,0.01085
4910201.5,0.012400000000000001
4913925.5,0.012700000000000003
4917079.5,0.011800000000000001
4920292.5,0.011
4923566.0,0.0115
4926728.0,0.01005
4930284.0,0.01005
4933807.5,0.0109
4937101.0,0.010099999999999998
4940508.0,0.01165
4946897.5,0.0087
4953269.5,0.008400000000000001
4956529.0,0.00935
4959677.0,0.009450000000000002
4962977.0,0.009500000000000001
4966318.0,0.008900000000000002
4969537.5,0.008950000000000001
4972687.0,0.0081
4975878.0,0.0079
4979196.5,0.007800000000000001
4982511.0,0.0082
4985752.5,0.00825
4988910.5,0.0076500000000000005
4992038.0,0.007150000000000001
4996054.5,0.007700000000000001
5000028.0,0.00955
5003186.5,0.009500000000000001
5006423.0,0.00935
5009579.0,0.009400000000000002
5012766.0,0.011600000000000001
5016916.0,0.010099999999999998
5020985.0,0.011700000000000002
5024159.5,0.009400000000000002
5027391.0,0.01085
5030564.5,0.00995
5033701.5,0.012550000000000002
5036702.5,0.0175
5039688.5,0.01645
5042740.0,0.01645
5045862.5,0.015100000000000002
5049517.0,0.01315
5053783.5,0.010100000000000001
5058104.5,0.022450000000000005
5061902.0,0.024650000000000005
5065097.0,0.0187
5068123.0,0.015150000000000002
5071149.0,0.01425
5074248.5,0.01335
5077880.0,0.0143
5081560.0,0.011800000000000001
5084927.0,0.01315
5088325.5,0.015100000000000002
5091619.5,0.011550000000000001
5095110.0,0.014100000000000001
5098480.5,0.017150000000000002
5101593.5,0.013250000000000001
5104817.5,0.014100000000000001
5108119.0,0.015050000000000003
5111732.5,0.013250000000000001
5115327.0,0.01405
5118753.0,0.01405
5122094.0,0.01405
5125220.0,0.013900000000000001
5128307.0,0.014850000000000002
5131423.0,0.015400000000000002
5134431.0,0.0142
5138085.5,0.01335
5141822.0,0.012600000000000004
5144889.0,0.01165
5148041.0,0.014100000000000001
5151868.0,0.01395
5155680.5,0.01405
5158813.0,0.01085
5161858.5,0.012350000000000002
5165000.0,0.0132
5168294.5,0.0131
5171543.0,0.013049999999999999
5174610.5,0.012249999999999999
5178156.0,0.0131
5181880.0,0.0115
5185238.0,0.0108
5188522.0,0.010099999999999998
5192174.0,0.011350000000000002
5195768.0,0.0115
5199414.5,0.012200000000000003
5203347.0,0.012900000000000002
5207157.5,0.0114
5210707.5,0.012150000000000003
5213833.5,0.011600000000000001
5216979.5,0.011600000000000001
5220065.0,0.01175
5223025.0,0.012400000000000001
5226109.0,0.011800000000000001
5229487.5,0.01015
5232964.5,0.012500000000000002
5236274.5,0.010950000000000001
5239415.0,0.01085
5242644.0,0.008400000000000001
5245914.5,0.0103
5249076.5,0.009049999999999999
5252208.0,0.009500000000000001
5255467.5,0.009000000000000001
5258957.0,0.009400000000000002
5262548.5,0.00875
5265972.0,0.011550000000000001
5269317.0,0.012300000000000002
5272615.0,0.0103
5275719.5,0.010400000000000001
5278848.5,0.01005
5282218.5,0.011100000000000002
5285858.0,0.0099
5289682.0,0.010700000000000001
5293749.5,0.010600000000000002
5297662.5,0.010100000000000001
5301359.0,0.00995
5304962.5,0.011150000000000002
5308253.0,0.0103
5312064.5,0.010000000000000002
5316142.5,0.009250000000000001
5320112.0,0.007600000000000001
5324441.5,0.00945
5328338.0,0.010599999999999998
5331584.5,0.00885
5334755.0,0.00955
5337871.0,0.0086
5341023.0,0.009750000000000002
5344208.5,0.009750000000000002
5347308.5,0.0091
5350346.5,0.009900000000000003
5353379.0,0.0092
5356421.5,0.01005
5359417.0,0.009850000000000001
5362425.5,0.00915
5365473.5,0.01005
5368485.5,0.0091
5371467.0,0.009399999999999999
5374599.5,0.009500000000000001
5377708.5,0.009000000000000001
5380976.5,0.008400000000000001
5384961.5,0.007450000000000001
5388721.0,0.007550000000000001
5391826.0,0.0074
5394915.5,0.007850000000000001
5398090.5,0.0073
5401472.0,0.0076500000000000005
5404941.5,0.0069500000000000004
5408357.5,0.007600000000000001
5411630.0,0.007050000000000001
5414761.5,0.0069500000000000004
5417964.5,0.0069500000000000004
5421210.5,0.007550000000000001
5424361.0,0.00755
5427988.0,0.007350000000000001
5431963.5,0.007
5435552.0,0.009550000000000001
5438837.0,0.00885
5441978.0,0.0069
5445150.0,0.0066500000000000005
5448289.5,0.00755
5451337.5,0.00785
5454445.0,0.011
5457603.0,0.00755
5460883.0,0.0073
5464191.0,0.0073
5467372.5,0.008900000000000002
5470525.5,0.007600000000000001
5473651.0,0.007750000000000001
5476781.0,0.007800000000000001
5480020.5,0.007700000000000001
5483275.5,0.006700000000000001
5486434.0,0.007800000000000001
5489557.0,0.007750000000000001
5492713.0,0.007200000000000001
5496012.5,0.007
5499259.0,0.00825
5502394.0,0.006700000000000001
5505576.5,0.007699999999999999
5508765.0,0.00645
5512006.0,0.0071
5515349.0,0.007450000000000001
5518712.0,0.0066500000000000005
5521879.5,0.007200000000000001
5524965.0,0.006500000000000001
5528225.0,0.006700000000000001
5531579.0,0.0064
5535034.0,0.0064
5538355.0,0.0066500000000000005
5541466.5,0.006750000000000001
5544633.0,0.0066
5547798.5,0.006500000000000001
5550947.5,0.0064
5554218.0,0.0060500000000000016
5557608.0,0.006150000000000001
5560924.5,0.006800000000000001
5564109.0,0.00655
5567229.0,0.00635
5570276.5,0.007150000000000001
5573454.0,0.006450000000000002
5576847.5,0.0067
5580137.0,0.007
5583334.0,0.00745
5586493.5,0.007550000000000001
5589824.0,0.0069500000000000004
5593179.5,0.007600000000000001
5596353.5,0.0067
5599566.5,0.006600000000000001
5602771.0,0.006900000000000001
5606016.5,0.0069
5609247.5,0.007200000000000001
5612395.0,0.0069500000000000004
5615626.0,0.0079
5619412.0,0.007050000000000002
5623194.5,0.007750000000000001
5626527.0,0.007200000000000001
5629805.0,0.007200000000000001
5633287.5,0.007050000000000001
5636889.5,0.00725
5640474.0,0.008150000000000001
5644273.0,0.008050000000000002
5647872.0,0.008900000000000002
5651548.0,0.006750000000000002
5655317.5,0.0082
5658804.5,0.008
5662546.0,0.008350000000000002
5666281.5,0.007600000000000001
5669680.0,0.007250000000000001
5672864.5,0.007350000000000001
5675927.5,0.007750000000000001
5679971.5,0.008
5683984.5,0.00725
5687004.0,0.007150000000000001
5690074.5,0.006800000000000001
5693221.5,0.0073
5696307.5,0.007250000000000001
5699314.5,0.007200000000000001
5702404.0,0.0082
5705535.0,0.00825
5708565.0,0.008300000000000002
5711647.0,0.007600000000000001
5714734.5,0.00885
5717708.0,0.0092
5720704.5,0.00915
5723695.0,0.00855
5726751.0,0.007800000000000001
5729814.0,0.008400000000000001
5732813.5,0.0092
5735843.5,0.009049999999999999
5738876.5,0.00895
5742036.5,0.0093
5745207.0,0.00825
5748246.5,0.0098
5751305.0,0.0091
5754321.0,0.0091
5757268.0,0.008450000000000001
5760204.0,0.0082
5763224.0,0.007600000000000001
5766345.5,0.008650000000000001
5769463.5,0.007850000000000001
5772505.0,0.008900000000000002
5775496.0,0.008700000000000001
5778545.0,0.00935
5781724.0,0.009300000000000003
5784913.5,0.00955
5788042.0,0.009400000000000002
5791283.5,0.009400000000000002
5794702.0,0.0103
5797962.5,0.0092
5802761.5,0.01065
5807828.5,0.00995
5811428.0,0.013
5814859.0,0.00935
5818679.0,0.0103
5825325.5,0.010100000000000001
5831468.5,0.0103
5834899.5,0.01105
5838419.5,0.010250000000000002
5842395.0,0.010100000000000001
5846767.0,0.009300000000000003
5854949.5,0.0087
5862628.5,0.009400000000000002
5865971.0,0.008400000000000001
5869301.0,0.00955
5872571.5,0.010100000000000001
5875990.0,0.010150000000000001
5879368.5,0.009600000000000001
5882514.0,0.009750000000000002
5885707.0,0.009600000000000001
5889795.0,0.00835
5894048.5,0.010000000000000002
5897282.0,0.0103
5900414.0,0.008900000000000002
5904496.0,0.0085
5908659.0,0.0077
5912052.0,0.00855
5915383.5,0.006900000000000001
5918759.0,0.0093
5923378.0,0.010100000000000001
5928187.5,0.009500000000000001
5938019.0,0.0103
5947546.0,0.012300000000000002
5950918.0,0.012400000000000001
5955401.0,0.012350000000000003
5959576.0,0.01315
5962566.5,0.008950000000000003
5966269.5,0.012900000000000002
5969950.5,0.014
5973260.5,0.015100000000000002
5976781.5,0.01395
5980274.5,0.014900000000000004
5983767.5,0.013250000000000001
5987092.5,0.014850000000000002
5990421.0,0.01165
5993859.5,0.014800000000000002
5997982.5,0.014850000000000002
6002062.0,0.01585
6005481.5,0.013900000000000001
6009719.0,0.01395
6013915.0,0.0173
6017445.0,0.01695
6021562.5,0.01605
6025466.0,0.015900000000000004
6029255.0,0.012199999999999999
6033730.5,0.0124
6038220.5,0.01295
6042698.5,0.01395
6046934.5,0.015050000000000003
6051484.5,0.01425
6055787.0,0.0124
6059136.5,0.014900000000000004
6062543.5,0.016000000000000004
6065813.5,0.014850000000000002
6068995.5,0.014
6072327.5,0.013250000000000001
6075555.5,0.012199999999999999
6078851.0,0.0132
6082293.5,0.014
6085479.5,0.013250000000000001
6088587.0,0.0143
6091806.0,0.014150000000000001
6095221.0,0.014100000000000001
6098870.5,0.01845
6103485.5,0.01225
6109513.5,0.0091
6115166.0,0.00945
6119556.5,0.009300000000000001
6123427.5,0.01335
6127285.5,0.0164
6131114.5,0.016100000000000003
6134575.0,0.0171
6137767.5,0.012550000000000002
6141048.0,0.01405
6144424.0,0.013049999999999999
6147686.5,0.0131
6152322.0,0.010900000000000002
6157077.0,0.01235
6160407.0,0.012499999999999999
6163544.5,0.01265
6166652.0,0.012499999999999999
6169844.0,0.011600000000000001
6173104.0,0.010950000000000001
6176427.5,0.011450000000000002
6179815.5,0.011800000000000001
6183097.0,0.011700000000000002
6186476.0,0.00965
6190038.5,0.0092
6194382.5,0.00935
6198697.5,0.010900000000000002
6202006.5,0.010950000000000001
6205375.0,0.00875
6208826.5,0.0102
6212216.5,0.00935
6215893.5,0.0108
6220594.5,0.00885
6225080.5,0.009900000000000003
6228628.5,0.012249999999999999
6232782.0,0.0108
6236716.5,0.011450000000000002
6240113.0,0.011050000000000003
6243570.0,0.012299999999999998
6246833.5,0.01235
6250675.5,0.009850000000000001
6254686.5,0.0124
6257934.0,0.0132
6261108.0,0.01335
6264683.0,0.0132
6268303.0,0.01335
6271835.5,0.01315
6275403.5,0.01175
6278968.5,0.0114
6282606.0,0.010600000000000002
6286061.0,0.011350000000000002
6289246.5,0.010750000000000003
6292489.0,0.01245
6295895.5,0.01235
6299697.5,0.01025
6303311.0,0.012499999999999999
6306916.5,0.0131
6310526.0,0.012799999999999999
6318012.0,0.012949999999999998
6325561.0,0.011100000000000002
6328802.0,0.0121
6332073.5,0.010600000000000002
6335273.0,0.010499999999999999
6338282.5,0.011
6341348.0,0.011500000000000002
6344554.0,0.01065
6347762.0,0.011300000000000001
6351525.0,0.0103
6355284.5,0.010100000000000001
6358379.0,0.0093
6361495.0,0.009750000000000002
6365079.5,0.006800000000000001
6370651.0,0.005500000000000002
6376262.5,0.009850000000000001
6380085.5,0.009250000000000001
6383592.5,0.0097
6386943.0,0.0087
6390298.0,0.009400000000000002
6393649.0,0.00935
6397138.0,0.008950000000000003
6400794.0,0.0103
6404249.5,0.00965
6408227.0,0.008300000000000002
6412618.0,0.007550000000000001
6417233.5,0.00915
6421536.5,0.0086
6424951.5,0.00875
6429432.0,0.008950000000000003
6434161.0,0.007350000000000001
6437672.0,0.0069500000000000004
6441436.5,0.007050000000000001
6445924.5,0.007500000000000001
6450298.5,0.007600000000000001
6454369.5,0.007500000000000001
6458265.0,0.0074
6461843.5,0.007950000000000002
6465169.0,0.0076500000000000005
6468609.5,0.007750000000000002
6472986.5,0.007700000000000001
6478026.5,0.006250000000000001
6483517.0,0.006900000000000001
6491285.5,0.006900000000000001
6497959.5,0.007350000000000001
6501782.0,0.0076500000000000005
6506039.0,0.006850000000000001
6510582.0,0.0065
6514452.0,0.006750000000000001
6517791.0,0.006700000000000001
6522794.0,0.00645
6528438.0,0.006800000000000001
6532806.5,0.006900000000000002
6536479.0,0.006850000000000001
6539897.0,0.00735
6543390.0,0.007150000000000001
6546732.0,0.007600000000000001
6550282.0,0.0079
6554139.0,0.008900000000000002
6557879.5,0.008900000000000002
6561421.0,0.0091
6564851.0,0.00875
6568267.5,0.0093
6571712.0,0.009250000000000001
6575179.5,0.009550000000000001
6578766.5,0.007850000000000001
6582404.5,0.009500000000000001
6585857.0,0.010100000000000001
6589179.5,0.010250000000000002
6592479.0,0.009500000000000001
6595735.5,0.009500000000000001
6599002.0,0.0114
6602122.0,0.009600000000000001
6605225.0,0.010350000000000002
6608380.5,0.011150000000000004
6611557.0,0.009750000000000002
6614812.0,0.010100000000000001
6617970.0,0.0104
6621052.5,0.010050000000000002
6624317.0,0.007450000000000001
6627566.5,0.007950000000000002
6630711.0,0.0073999999999999995
6633838.5,0.008050000000000002
6636900.5,0.0082
6639896.0,0.0089
6642983.5,0.0098
6646178.0,0.007550000000000001
6649334.5,0.0076500000000000005
6652617.5,0.00775
6655929.0,0.00755
6659289.5,0.0073999999999999995
6662749.0,0.00715
6666149.0,0.00725
6669421.5,0.00755
6672640.5,0.0076500000000000005
6675967.0,0.007500000000000001
6679219.0,0.00825
6685533.5,0.007050000000000001
6691898.0,0.00755
6695071.5,0.006700000000000001
6698231.0,0.0082
6701494.0,0.00835
6704734.5,0.0093
6707937.0,0.010100000000000001
6711222.5,0.008900000000000002
6714561.0,0.010050000000000002
6717791.0,0.009750000000000002
6721072.0,0.009049999999999999
6724418.5,0.008400000000000001
6727672.5,0.00965
6730927.0,0.01115
6734299.5,0.011100000000000002
6737704.0,0.010950000000000001
6740939.0,0.0104
6744173.5,0.009600000000000001
6747506.0,0.0088
6750989.0,0.009000000000000001
6754586.0,0.007750000000000002
6758043.5,0.010100000000000001
6761581.5,0.0097
6765151.0,0.010250000000000002
6768495.0,0.0102
6771730.5,0.009600000000000001
6775064.0,0.007200000000000001
6778485.5,0.007800000000000001
6782038.5,0.00725
6785602.0,0.007700000000000001
6788893.0,0.007800000000000001
6792182.5,0.0068000000000000005
6795597.0,0.006900000000000001
6799002.0,0.006650000000000001
6802313.0,0.006500000000000002
6805505.5,0.006900000000000001
6808602.5,0.006700000000000001
6811800.5,0.007150000000000001
6815019.5,0.0073
6818361.5,0.0073
6821925.0,0.007350000000000001
6825328.0,0.00725
6828816.0,0.007800000000000001
6832442.5,0.00725
6836082.0,0.0074
6840144.5,0.007550000000000001
6844073.0,0.007700000000000001
6847478.0,0.009500000000000001
6851225.5,0.0087
6854944.5,0.0088
6858273.0,0.0088
6861642.5,0.0088
6865100.0,0.008450000000000001
6868649.5,0.0085
6872149.5,0.008700000000000001
6875567.0,0.008050000000000002
6878827.0,0.00825
6882110.5,0.008400000000000001
6885314.5,0.0091
6888442.5,0.007750000000000001
6891779.5,0.00825
6895102.5,0.0098
6898306.0,0.009850000000000001
6903714.5,0.00975
6909216.0,0.010350000000000002
6912776.0,0.010100000000000001
6916454.5,0.010350000000000002
6924258.0,0.0063500000000000015
6932353.0,0.009800000000000001
6936270.0,0.01025
6939999.5,0.0099
6943640.0,0.009150000000000002
6947243.5,0.0098
6950841.5,0.010450000000000001
6954693.0,0.00915
6958649.5,0.012650000000000002
6962409.5,0.011000000000000003
6966043.0,0.012450000000000003
6969275.5,0.012999999999999998
6973273.0,0.01545
6977564.0,0.011800000000000001
6981211.0,0.012050000000000002
6984908.5,0.010800000000000002
6988366.5,0.0108
6991565.5,0.00885
6994771.0,0.010350000000000002
6997996.0,0.011600000000000001
7001312.5,0.009600000000000001
7004957.5,0.00885
7008545.5,0.0082
7011947.5,0.008800000000000002
7015378.5,0.010000000000000002
7018663.5,0.008150000000000001
7021771.0,0.0082
7024852.5,0.00715
7028184.0,0.007049999999999999
7031428.5,0.0074
7034672.0,0.007000000000000001
7038060.0,0.0072
7041417.0,0.006950000000000001
7060529.0,0.006250000000000001
7080199.0,0.00635
7084084.5,0.007
7088105.5,0.006250000000000001
7092138.0,0.006650000000000001
7095402.5,0.005700000000000001
7098553.0,0.005650000000000001
7101651.5,0.0064
7104676.0,0.006000000000000001
7107758.0,0.006900000000000001
7110932.0,0.007350000000000001
7114148.0,0.006450000000000001
7117421.0,0.007500000000000001
7120624.5,0.007000000000000001
7123772.5,0.005850000000000002
7127204.0,0.006850000000000002
7130592.0,0.007050000000000001
7133651.5,0.006000000000000001
7136723.0,0.006200000000000001
7140554.5,0.006250000000000001
7144746.0,0.005850000000000001
7148335.0,0.005750000000000001
7151601.0,0.005950000000000002
7154753.0,0.00715
7158148.0,0.00635
7161827.5,0.00655
7165406.5,0.007500000000000001
7169079.0,0.007200000000000001
7172596.0,0.0076500000000000005
7175762.0,0.00765
7179050.5,0.007950000000000002
7182324.0,0.007
7186684.5,0.006500000000000002
7191110.0,0.006500000000000002
7194427.5,0.006150000000000001
7198158.0,0.006500000000000002
7201988.5,0.006750000000000001
7205380.5,0.006100000000000001
7208735.0,0.00625
7212151.0,0.0073999999999999995
7215382.5,0.0075
7218501.0,0.006300000000000002
7221665.5,0.0078000000000000005
7224814.0,0.0063500000000000015
7227993.5,0.006000000000000002
7231173.5,0.006200000000000001
7234343.0,0.005950000000000002
7237718.5,0.0063
7241131.0,0.006250000000000001
7244467.0,0.0064
7247788.5,0.00605
7251155.0,0.005900000000000001
7254577.5,0.005900000000000001
7257873.5,0.006150000000000001
7261117.0,0.005800000000000001
7264346.0,0.00555
7267514.0,0.005750000000000001
7270711.5,0.0060500000000000016
7274451.5,0.005700000000000001
7278846.5,0.005800000000000001
7282716.0,0.005700000000000001
7285897.0,0.006100000000000001
7289144.0,0.006550000000000002
7292430.5,0.006700000000000001
7295588.0,0.006650000000000001
7298724.5,0.006600000000000001
7301992.5,0.006550000000000002
7305366.5,0.006500000000000002
7308749.0,0.006450000000000002
7311998.5,0.006650000000000001
7315309.5,0.007
7318810.5,0.006000000000000002
7322124.0,0.006550000000000002
7325346.0,0.006250000000000001
7328615.5,0.006200000000000001
7331808.0,0.0063
7335066.0,0.007
7338408.5,0.007150000000000001
7341690.0,0.007950000000000002
7345018.0,0.00725
7348352.5,0.008
7351523.5,0.0073999999999999995
7354675.5,0.006100000000000001
7357790.5,0.00655
7360922.0,0.007
7364119.5,0.00655
7367251.0,0.006900000000000001
7370406.5,0.007200000000000001
7373672.5,0.007050000000000001
7377006.0,0.007150000000000001
7380333.5,0.0069500000000000004
7383583.0,0.007450000000000001
7386859.5,0.007100000000000001
7390104.0,0.00655
7393200.0,0.007250000000000001
7396367.0,0.007050000000000001
7399604.5,0.00885
7402740.0,0.0081
7406549.5,0.008799999999999999
7410571.0,0.0076500000000000005
7414037.5,0.0076500000000000005
7424416.0,0.007450000000000002
7434638.5,0.007200000000000001
7439694.5,0.0074
7444786.5,0.00755
7447989.5,0.0078
7451164.5,0.007050000000000001
7454309.0,0.0066500000000000005
7457439.5,0.00715
7460638.5,0.006750000000000001
7464489.5,0.006200000000000001
7468101.5,0.00745
7471013.5,0.0072
7474022.5,0.006800000000000001
7477049.0,0.007549999999999999
7480061.0,0.008
7483072.5,0.0071
7486215.5,0.006800000000000001
7489358.0,0.006650000000000001
7492445.0,0.00735
7495524.0,0.0071
7500203.0,0.007150000000000001
7504898.5,0.00655
7508047.0,0.0074
7511171.0,0.009400000000000002
7514270.5,0.007500000000000001
7517352.0,0.006650000000000001
7520826.5,0.007
7524374.0,0.006650000000000001
7527512.5,0.006150000000000001
7530678.5,0.006500000000000002
7534059.0,0.006250000000000001
7537443.5,0.0060500000000000016
7541594.5,0.0066500000000000005
7545958.0,0.006650000000000001
7549448.0,0.006800000000000001
7552993.0,0.006650000000000001
7557765.0,0.006900000000000001
7562258.0,0.005850000000000001
7565477.0,0.006100000000000001
7570178.0,0.006100000000000001
7574970.5,0.006150000000000001
7578467.5,0.0059
7582136.0,0.005500000000000002
7585763.5,0.00625
7589374.0,0.006500000000000002
7593085.5,0.006500000000000002
7596521.0,0.006400000000000001
7602260.5,0.006100000000000001
7608615.5,0.005950000000000002
7612480.5,0.006150000000000001
7615974.5,0.006
7619513.0,0.006150000000000001
7622868.5,0.006600000000000001
7626090.5,0.006000000000000002
7629286.0,0.006150000000000001
7632454.0,0.0063
7635521.0,0.006850000000000002
7638652.5,0.00595
7641774.0,0.006400000000000001
7644820.0,0.00635
7647923.5,0.005800000000000001
7651158.0,0.005900000000000002
7654339.5,0.005900000000000002
7657453.0,0.005900000000000002
7660600.5,0.005850000000000001
7663715.0,0.006500000000000001
7666732.5,0.006300000000000002
7669692.0,0.00635
7672755.0,0.006450000000000001
7675915.5,0.00735
7679761.0,0.0066500000000000005
7683488.0,0.00655
7686517.5,0.007100000000000001
7689625.5,0.0076500000000000005
7692722.0,0.006100000000000001
7695790.5,0.0060500000000000016
7698847.0,0.006600000000000001
7701975.5,0.0060500000000000016
7705009.5,0.0064
7708132.5,0.005900000000000002
7711483.5,0.005900000000000002
7714706.0,0.005850000000000002
7717795.0,0.006500000000000001
7720841.5,0.009300000000000001
7723852.0,0.0079
7726893.0,0.007500000000000001
7730710.0,0.006150000000000001
7734546.5,0.00625
7737670.5,0.006800000000000001
7740815.0,0.007050000000000001
7743996.0,0.00675
7747015.0,0.007150000000000001
7749978.0,0.0071
7753006.5,0.00735
7756015.5,0.0071
7759101.0,0.006700000000000001
7762168.0,0.006850000000000001
7765153.5,0.006000000000000002
7776971.5,0.00555
7802232.5,0.005400000000000001
7825976.5,0.00555
7836848.0,0.005800000000000001
7861783.5,0.005450000000000001
7888991.5,0.005650000000000002
7895062.0,0.005750000000000002
7898535.0,0.005800000000000001
7901947.5,0.005850000000000001
7905337.5,0.005850000000000001
7908687.5,0.005900000000000001
7912113.5,0.006150000000000001
7915659.5,0.005800000000000001
7919025.5,0.005900000000000001
7922221.0,0.005900000000000001
7925383.5,0.006000000000000002
7928454.5,0.005850000000000001
7931959.5,0.005900000000000001
7935493.5,0.006500000000000002
7938748.5,0.0056
7942104.0,0.005850000000000001
7945427.0,0.006000000000000002
7948680.0,0.006000000000000002
7952023.0,0.00605
7955525.5,0.00655
7970329.5,0.00555
7984963.0,0.00625
8001236.0,0.005500000000000002
8017457.0,0.00655
8020605.0,0.00645
8023727.5,0.006650000000000001
8026843.5,0.0076500000000000005
8029987.0,0.006000000000000001
8033050.5,0.006500000000000001
8036216.5,0.006200000000000001
8039463.5,0.00655
8042619.5,0.006050000000000001
8045748.0,0.005800000000000001
8048935.5,0.006150000000000001
8052134.0,0.005950000000000002
8055377.0,0.005850000000000002
8058611.0,0.005850000000000002
8061938.0,0.006100000000000001
8065900.5,0.005650000000000001
8071711.5,0.005850000000000002
8077153.0,0.005800000000000001
8080934.5,0.005850000000000002
8085113.5,0.005650000000000001
8089167.5,0.005900000000000001
8092762.0,0.005950000000000002
8096224.5,0.006100000000000001
8099767.5,0.005750000000000001
8103643.0,0.005950000000000002
8107330.0,0.00555
8110698.0,0.006250000000000001
8114160.5,0.005950000000000002
8117604.5,0.0060500000000000016
8121142.0,0.00595
8124516.5,0.006000000000000001
8127983.5,0.0061
8131743.0,0.005700000000000001
8135015.0,0.005750000000000001
8137999.5,0.00595
8141159.5,0.005900000000000002
8144367.0,0.006050000000000001
8147485.0,0.0064
8150649.5,0.005700000000000001
8153983.0,0.005850000000000001
8157219.5,0.006100000000000001
8160314.5,0.006450000000000001
8163386.0,0.006450000000000001
8166501.5,0.006450000000000001
8169616.0,0.006700000000000001
8172667.0,0.0064
8175746.5,0.006850000000000002
8178881.0,0.006750000000000001
8181993.0,0.006750000000000001
8185021.5,0.0066500000000000005
8188137.5,0.0060500000000000016
8191287.5,0.006600000000000001
8194409.0,0.006150000000000001
8197587.5,0.00655
8200765.0,0.006950000000000001
8203881.5,0.006500000000000001
8207117.0,0.006000000000000002
8210355.5,0.006200000000000001
8213568.5,0.006200000000000001
8216787.0,0.0064
8219963.5,0.00655
8223171.0,0.006300000000000002
8226340.5,0.0060500000000000016
8229453.5,0.006150000000000001
8232624.0,0.00745
8235771.5,0.006450000000000001
8238804.5,0.006100000000000001
8242029.5,0.006100000000000001
8245397.0,0.00635
8248635.5,0.00605
8251740.0,0.006250000000000001
8254723.5,0.006100000000000001
8257853.5,0.005850000000000002
8261051.0,0.008000000000000002
8264122.5,0.007850000000000001
8267218.5,0.00765
8270290.5,0.007600000000000001
8273364.5,0.007400000000000001
8276500.0,0.0082
8279596.0,0.006900000000000001
8282755.5,0.007
8286094.0,0.008050000000000002
8289392.0,0.008950000000000001
8292605.0,0.0079
8295844.0,0.0081
8298980.5,0.007350000000000001
8302067.5,0.0082
8305880.5,0.0072000000000000015
8309761.5,0.007100000000000002
8313001.0,0.007150000000000001
8316362.5,0.00725
8319800.0,0.007300000000000001
8323097.0,0.007700000000000001
8326262.0,0.0072000000000000015
8329297.0,0.00655
8332435.5,0.00725
8335758.0,0.007300000000000001
8339179.0,0.008150000000000001
8342430.5,0.007300000000000001
8346268.5,0.007400000000000002
8350136.0,0.009000000000000001
8353259.0,0.008350000000000003
8356746.0,0.0072000000000000015
8360201.0,0.006800000000000001
8363315.0,0.006600000000000001
8366435.5,0.007600000000000001
8370216.0,0.006800000000000001
8374351.5,0.006450000000000002
8377927.0,0.006150000000000001
8381099.0,0.006450000000000002
8384273.5,0.006450000000000002
8388761.5,0.00655
8393191.0,0.006450000000000002
8396414.5,0.0069
8399939.5,0.006450000000000002
8403511.5,0.006600000000000001
8407526.0,0.006500000000000002
8411407.0,0.006000000000000002
8414557.5,0.005950000000000002
8417717.5,0.006000000000000002
8420846.5,0.005850000000000002
8423927.5,0.0060500000000000016
8427109.0,0.005900000000000001
8430513.5,0.005900000000000001
8434612.5,0.006200000000000001
8438655.0,0.006200000000000001
8442324.5,0.00635
8448854.5,0.006200000000000001
8454960.5,0.006100000000000001
8458080.0,0.006150000000000001
8461471.0,0.006750000000000001
8464890.0,0.0063
8468081.0,0.0060500000000000016
8471424.5,0.005950000000000002
8474926.0,0.005650000000000001
8478284.0,0.005850000000000002
8481581.0,0.00595
8484897.5,0.006200000000000001
8488093.5,0.006450000000000001
8491203.5,0.006300000000000002
8494201.0,0.00675
8497279.5,0.006600000000000001
8500455.5,0.0060500000000000016
8504124.5,0.005650000000000001
8507748.0,0.006600000000000001
8510951.0,0.006450000000000001
8514240.5,0.0060500000000000016
8517468.0,0.006500000000000001
8520648.5,0.006200000000000001
8523743.5,0.006100000000000001
8526911.5,0.006000000000000002
8530087.0,0.005750000000000001
8533212.5,0.005950000000000002
8536789.5,0.005850000000000002
8540367.5,0.005800000000000001
8543494.0,0.005900000000000002
8546625.5,0.007000000000000001
8549762.0,0.00625
8552869.0,0.00595
8555928.0,0.006500000000000001
8559216.0,0.006450000000000001
8562582.0,0.0063
8565740.5,0.005950000000000002
8569070.5,0.005750000000000001
8572403.5,0.005900000000000001
8575797.5,0.0069500000000000004
8579465.0,0.006100000000000001
8582893.5,0.005700000000000001
8586150.5,0.005750000000000001
8589402.0,0.005800000000000001
8592780.0,0.006000000000000002
8596552.5,0.006100000000000001
8600077.5,0.006700000000000001
8603170.5,0.005850000000000002
8606405.0,0.0063
8609693.0,0.005800000000000001
8612885.0,0.005850000000000001
8616067.5,0.005750000000000002
8619292.5,0.005950000000000002
8622637.0,0.006100000000000001
8626753.0,0.0064
8631417.5,0.00635
8635765.5,0.006000000000000002
8639727.0,0.0063
8643212.0,0.006150000000000001
8646476.0,0.0060500000000000016
8649765.0,0.005850000000000001
8653484.5,0.006
8657197.0,0.006
8660400.5,0.005900000000000001
8664336.5,0.006150000000000001
8668258.5,0.006150000000000001
8671403.5,0.005900000000000001
8674676.0,0.00595
8677853.5,0.006300000000000002
8680979.0,0.0064
8684183.5,0.006200000000000001
8687366.5,0.00635
8690476.0,0.006500000000000001
8693536.0,0.006300000000000002
8696597.0,0.005950000000000002
8699705.5,0.00645
8703034.5,0.006650000000000001
8706327.0,0.006750000000000001
8709426.0,0.0076500000000000005
8713279.0,0.0064
8717057.5,0.006250000000000001
8720042.0,0.006800000000000001
8723163.5,0.006600000000000001
8727038.5,0.006450000000000002
8730872.5,0.00685
8734072.5,0.0074
8737228.0,0.006800000000000001
8741110.5,0.006800000000000001
8745133.0,0.007050000000000001
8748413.5,0.006200000000000001
8751870.5,0.0065000000000000014
8756777.0,0.005900000000000001
8761717.0,0.006250000000000001
8767719.0,0.0063500000000000015
8773319.0,0.006150000000000001
8776450.0,0.006100000000000001
8780229.5,0.00655
8784088.0,0.006200000000000001
8787482.5,0.006000000000000002
8790764.0,0.005700000000000001
8794210.0,0.005750000000000001
8797568.5,0.005800000000000001
8800793.5,0.005850000000000001
8804132.0,0.006250000000000001
8807392.0,0.0060500000000000016
8810719.0,0.005950000000000002
8813993.0,0.005900000000000001
8817070.5,0.0065
8820153.5,0.005800000000000001
8823204.0,0.005800000000000001
8826379.0,0.0060500000000000016
8829672.5,0.006500000000000002
8832879.0,0.006000000000000002
8836491.5,0.0060500000000000016
8839997.5,0.006150000000000001
8843226.5,0.006250000000000001
8847282.0,0.0063
8851259.5,0.005900000000000001
8854840.0,0.005950000000000002
8858505.5,0.0060500000000000016
8862088.5,0.006250000000000001
8865656.0,0.006100000000000001
8869116.5,0.0060500000000000016
8872523.5,0.00635
8875842.0,0.006450000000000002
8879117.5,0.006000000000000002
8882565.5,0.00645
8885945.5,0.0064
8889063.5,0.006600000000000001
8892180.5,0.005900000000000001
8895228.0,0.005950000000000002
8898197.0,0.007050000000000001
8901205.5,0.00645
8904291.0,0.00625
8907382.5,0.0067
8910719.0,0.007049999999999999
8914909.5,0.00625
8918818.0,0.00635
8922032.5,0.0061
8925287.5,0.006000000000000002
8928386.0,0.0056
8931539.5,0.00635
8934677.5,0.0061
8937870.5,0.006750000000000001
8941414.5,0.005950000000000002
8944855.5,0.005900000000000001
8948967.0,0.005750000000000002
8953136.5,0.005750000000000002
8956262.5,0.005800000000000001
8959473.5,0.005850000000000001
8962895.5,0.006250000000000001
8967017.0,0.005750000000000001
8971561.0,0.005900000000000001
8975362.5,0.0068000000000000005
8978670.0,0.005700000000000001
8982683.5,0.0069500000000000004
8986681.5,0.005800000000000001
8990049.0,0.005700000000000001
8993352.0,0.005750000000000001
8997194.0,0.005750000000000001
9001248.5,0.005850000000000002
9004726.5,0.006000000000000001
9012934.0,0.0060500000000000016
9021171.0,0.006050000000000001
9026301.5,0.005650000000000001
9031482.0,0.0064
9034841.0,0.006000000000000002
9038080.0,0.0062000000000000015
9041319.5,0.006350000000000001
9045332.5,0.006150000000000001
9049398.5,0.006100000000000001
9052646.5,0.006750000000000001
9055852.5,0.0066
9058977.5,0.0064
9062577.5,0.007400000000000001
9066883.0,0.00725
9070640.5,0.0064
9073776.0,0.00725
9076959.0,0.006900000000000002
9080242.0,0.0076
9083509.5,0.00675
9087006.5,0.006300000000000002
9091714.0,0.005900000000000002
9096115.0,0.006000000000000001
9099259.0,0.0063500000000000015
9102362.0,0.006150000000000001
9105647.0,0.00625
9108910.0,0.00675
9112012.0,0.0063
9115249.5,0.00645
9118453.5,0.006100000000000001
9121497.0,0.006650000000000001
9125765.5,0.005950000000000002
9130054.5,0.00655
9133809.5,0.00745
9137731.0,0.0063
9141312.5,0.007600000000000001
9145342.0,0.007600000000000001
9149093.5,0.007000000000000001
9152342.5,0.00725
9156949.5,0.0069500000000000004
9163804.5,0.006650000000000001
9169419.0,0.006600000000000001
9172837.0,0.006600000000000001
9176255.5,0.007050000000000001
9180167.0,0.0081
9190476.5,0.007050000000000001
9203391.5,0.007950000000000002
9209769.0,0.006650000000000001
9214004.0,0.0068000000000000005
9218246.5,0.00655
9221380.5,0.00675
9224410.0,0.006500000000000001
9227346.5,0.006500000000000001
9230327.5,0.007100000000000001
9233427.5,0.006800000000000001
9236682.5,0.0071
9239915.5,0.008399999999999998
9243032.5,0.00745
9246150.0,0.0066500000000000005
9249259.5,0.00745
9252968.0,0.0066500000000000005
9256766.5,0.006850000000000001
9260008.0,0.0063
9263220.5,0.006150000000000001
9266363.5,0.006850000000000002
9269334.0,0.0086
9272892.5,0.00655
9276510.0,0.0063500000000000015
9279529.5,0.006450000000000001
9282550.0,0.00655
9285601.0,0.006050000000000001
9288655.0,0.006500000000000001
9291826.5,0.00655
9295098.0,0.0063
9298296.0,0.006300000000000002
9301533.0,0.005950000000000002
9304790.5,0.006150000000000001
9308111.0,0.005950000000000002
9311575.0,0.005800000000000001
9314873.5,0.005850000000000001
9317999.5,0.005650000000000001
9321438.5,0.006200000000000001
9324747.0,0.00635
9327753.5,0.0064
9330888.5,0.0060500000000000016
9333966.0,0.005800000000000001
9337062.5,0.0060500000000000016
9340520.0,0.006250000000000001
9343956.5,0.006200000000000001
9347176.5,0.006600000000000001
9350400.5,0.007
9353794.0,0.006450000000000001
9357114.0,0.006200000000000001
9360279.5,0.00625
9363560.5,0.005900000000000002
9366858.5,0.005850000000000002
9370046.0,0.005800000000000001
9373159.0,0.00625
9376306.0,0.006650000000000001
9379391.0,0.006450000000000002
9382495.0,0.0060500000000000016
9385628.5,0.006000000000000002
9388766.5,0.006000000000000001
9391826.5,0.005700000000000001
9395003.0,0.005900000000000001
9398390.0,0.006100000000000001
9401846.5,0.006200000000000001
9405436.0,0.005750000000000001
9408980.0,0.006500000000000001
9412391.0,0.006200000000000001
9415896.0,0.008050000000000002
9419371.0,0.006200000000000001
9422856.5,0.0063
9426458.0,0.006200000000000001
9429810.5,0.005700000000000001
9433030.5,0.006000000000000002
9436319.5,0.006150000000000001
9439479.5,0.005950000000000002
9442631.0,0.005650000000000001
9446036.0,0.005850000000000001
9449381.0,0.006100000000000001
9452500.0,0.00555
9455753.0,0.00555
9458992.0,0.006000000000000002
9462167.5,0.005850000000000001
9465376.5,0.00555
9468507.5,0.005750000000000002
9471602.0,0.005900000000000001
9474780.5,0.005850000000000001
9478057.5,0.005650000000000001
9481280.5,0.005750000000000001
9484478.0,0.005800000000000001
9487797.5,0.005800000000000001
9491671.0,0.005950000000000002
9495652.5,0.00655
9498981.5,0.006450000000000001
9502103.0,0.0063500000000000015
9505303.5,0.006100000000000001
9509203.0,0.00635
9513061.0,0.006250000000000001
9516535.0,0.006000000000000002
9520130.0,0.005900000000000002
9523426.5,0.005800000000000001
9526534.5,0.00605
9530288.0,0.006900000000000001
9533986.0,0.006500000000000002
9537013.0,0.005850000000000001
9540138.0,0.00635
9543435.5,0.005700000000000001
9546754.0,0.006250000000000001
9549881.0,0.005850000000000002
9552997.5,0.0069500000000000004
9556159.5,0.006100000000000001
9559393.0,0.00605
9562649.0,0.005850000000000001
9565919.0,0.005650000000000001
9569234.5,0.006200000000000001
9572613.5,0.00555
9575907.0,0.005500000000000002
9579072.0,0.0056
9582224.0,0.006150000000000001
9585525.0,0.005800000000000001
9588949.5,0.006150000000000001
9592269.5,0.005900000000000001
9595578.5,0.005800000000000001
9599487.5,0.005750000000000001
9603338.0,0.005650000000000001
9607354.5,0.0056
9611585.0,0.006100000000000001
9615135.5,0.005700000000000001
9618424.0,0.005800000000000001
9621668.0,0.005900000000000001
9625042.5,0.005850000000000001
9628372.0,0.005750000000000002
9631531.0,0.005800000000000001
9634747.0,0.005700000000000001
9637974.5,0.005800000000000001
9641326.0,0.005700000000000001
9644668.5,0.005750000000000001
9647997.0,0.006200000000000001
9651416.0,0.005700000000000001
9654708.0,0.0060500000000000016
9657890.5,0.005700000000000001
9661097.0,0.005950000000000002
9664656.0,0.005650000000000001
9668352.5,0.005850000000000002
9672652.5,0.005650000000000001
9676974.5,0.006100000000000001
9683443.0,0.00655
9689710.5,0.006300000000000002
9693517.5,0.0063
9697268.5,0.0060500000000000016
9700721.0,0.0060500000000000016
9704272.0,0.00655
9707463.0,0.006150000000000001
9710530.5,0.007000000000000001
9713665.0,0.007600000000000001
9717127.5,0.00625
9720732.5,0.0064
9724247.0,0.0063
9727843.5,0.0063
9731516.0,0.007200000000000001
9735149.5,0.010500000000000002
9741433.0,0.0064
9747659.5,0.0064
9751161.0,0.0060500000000000016
9754816.0,0.006650000000000001
9759581.0,0.0063
9764538.5,0.005950000000000002
9770987.5,0.005700000000000001
9778199.0,0.006000000000000002
9785539.0,0.00595
9804472.5,0.006800000000000001
9820637.0,0.007550000000000001
9824382.5,0.0081
9830069.0,0.007850000000000001
9835865.5,0.00875
9849608.0,0.007450000000000001
9862903.5,0.007450000000000001
9866211.0,0.008350000000000002
9869507.5,0.005800000000000001
9873424.0,0.0061
9877287.0,0.0063
9881927.0,0.006150000000000001
9887195.5,0.005800000000000001
9894422.0,0.006000000000000002
9900869.0,0.006450000000000001
9903916.5,0.0062000000000000015
9907011.0,0.0061
9910070.0,0.006500000000000001
9913210.0,0.007450000000000001
9916465.5,0.005850000000000002
9919639.5,0.006500000000000001
9922735.0,0.00595
9925901.0,0.005900000000000002
9929163.0,0.006800000000000001
9932419.0,0.005800000000000001
9935570.0,0.006000000000000002
9938806.0,0.00555
9942016.5,0.005700000000000001
9945110.0,0.005650000000000001
9948260.5,0.005700000000000001
9958409.0,0.0056
9968537.0,0.005900000000000002
9971685.0,0.005850000000000002
9974796.0,0.005900000000000002
9977957.0,0.00625
9981572.0,0.005750000000000001
9985127.0,0.005900000000000001
9988338.5,0.006100000000000001
9991594.5,0.005750000000000001
9994596.0,0.006000000000000002
9998242.5,0.005850000000000002
10002142.0,0.0066
10007230.5,0.005950000000000002
10012235.5,0.007
10015459.0,0.006800000000000001
10018717.0,0.005750000000000001
10021957.0,0.005800000000000001
10025334.0,0.006500000000000001
10029579.5,0.006000000000000002
10033726.0,0.006500000000000001
10037062.0,0.006100000000000001
10040380.5,0.006200000000000001
10043718.5,0.006100000000000001
10047070.5,0.005750000000000002
10050529.5,0.006150000000000001
10054368.0,0.006550000000000002
10058075.5,0.007850000000000001
10061402.5,0.00735
10064650.5,0.010450000000000001
10067699.5,0.01285
10070871.5,0.012849999999999999
10074141.5,0.015200000000000003
10077287.5,0.01625
10080653.0,0.020100000000000003
10083987.0,0.0222
10087218.0,0.017600000000000005
10090669.5,0.01395
10094067.0,0.012500000000000002
10097504.0,0.011600000000000001
10101086.5,0.010700000000000001
10104512.0,0.009450000000000002
10108507.0,0.005950000000000002
10112654.0,0.0064
10116349.5,0.005850000000000002
10119991.0,0.005850000000000002
10124185.0,0.006150000000000001
10127416.5,0.00595
10131497.0,0.006000000000000001
10135627.5,0.006200000000000001
10139102.5,0.005800000000000001
10142521.5,0.007100000000000001
10145932.0,0.00685
10149269.0,0.007450000000000001
10152691.0,0.006300000000000002
10156435.5,0.00635
10160017.5,0.00625
10163656.0,0.005900000000000002
10167282.5,0.005800000000000001
10170688.0,0.005850000000000001
10173910.5,0.006100000000000001
10176934.5,0.006650000000000001
10179965.0,0.006050000000000001
10183105.5,0.006200000000000001
10186289.5,0.005750000000000001
10189429.5,0.005650000000000001
10192478.0,0.006150000000000001
10195426.0,0.006600000000000001
10199922.5,0.005700000000000001
10204516.5,0.0060500000000000016
10207615.5,0.005800000000000001
10210685.5,0.005800000000000001
10213687.0,0.0063500000000000015
10216723.0,0.0063500000000000015
10219828.0,0.00655
10222949.5,0.00655
10225961.0,0.00635
10228957.0,0.006300000000000002
10232028.0,0.0060500000000000016
10235326.5,0.00635
10238668.5,0.005850000000000002
10241962.0,0.006
10245325.5,0.005900000000000001
10249713.5,0.005700000000000001
10254221.5,0.005800000000000001
10257528.0,0.005650000000000001
10260763.5,0.006100000000000001
10264127.0,0.005800000000000001
10267576.5,0.006000000000000002
10271209.0,0.006100000000000001
10274636.5,0.006450000000000001
10277817.0,0.00655
10281046.0,0.0063
10284356.5,0.006100000000000001
10287828.5,0.0060500000000000016
10291186.0,0.006250000000000001
10294408.0,0.006000000000000002
10297493.5,0.0063
10300477.0,0.006100000000000001
10303690.5,0.005900000000000001
10307067.5,0.0056
10311092.5,0.0056
10315122.5,0.0056
10318664.0,0.005700000000000001
10322061.0,0.005650000000000001
10325669.0,0.005800000000000001
10329419.0,0.0056
10332947.0,0.005700000000000001
10336614.0,0.005650000000000001
10340191.0,0.005800000000000001
10343566.0,0.006000000000000002
10346809.0,0.005850000000000002
10350028.5,0.005700000000000001
10353490.5,0.005700000000000001
10357157.0,0.0056
10360746.0,0.00555
10364353.0,0.005500000000000002
10368541.5,0.005800000000000001
10372875.0,0.005700000000000001
10376441.5,0.005850000000000002
10379674.0,0.005950000000000002
10382935.5,0.005950000000000002
10386177.0,0.006150000000000001
10390063.5,0.005900000000000001
10394115.0,0.006150000000000001
10397564.0,0.005900000000000001
10400915.0,0.006200000000000001
10404246.0,0.005750000000000002
10407632.5,0.0056
10411025.0,0.0063
10414294.0,0.006000000000000002
10417523.0,0.005850000000000001
10421052.0,0.005800000000000001
10424993.5,0.005700000000000001
10428763.0,0.005650000000000001
10432071.5,0.005700000000000001
10435393.5,0.005750000000000002
10438694.5,0.006000000000000002
10441918.5,0.005700000000000001
10445241.5,0.005650000000000001
10448551.0,0.005850000000000001
10451753.5,0.006100000000000001
10459373.5,0.006100000000000001
10467064.0,0.005900000000000001
10470293.5,0.006000000000000002
10473483.5,0.005750000000000001
10476747.0,0.005800000000000001
10480777.0,0.00595
10484886.0,0.005750000000000001
10488390.0,0.005700000000000001
10491736.5,0.005500000000000002
10494993.0,0.006100000000000001
10498775.0,0.005800000000000001
10502569.5,0.005950000000000002
10505863.5,0.005900000000000001
10509126.0,0.006250000000000001
10512360.5,0.0060500000000000016
10515625.0,0.006200000000000001
10519006.5,0.006250000000000001
10522379.5,0.006800000000000001
10525686.0,0.007
10529039.0,0.00625
10532356.5,0.005850000000000001
10535666.5,0.006
10538937.0,0.006300000000000002
10542128.0,0.006850000000000001
10545309.5,0.00685
10548508.5,0.006300000000000002
10551884.0,0.006450000000000001
10555432.0,0.006400000000000001
10558947.0,0.0065000000000000014
10562311.0,0.0065000000000000014
10565654.0,0.0061
10569041.5,0.0065000000000000014
10572468.5,0.006800000000000001
10575925.5,0.006600000000000001
10579398.0,0.006400000000000001
10582941.5,0.00605
10586687.5,0.00625
10590588.0,0.006550000000000002
10594439.5,0.0073
10598195.0,0.00635
10602117.5,0.006400000000000001
10607778.0,0.006750000000000002
10613050.0,0.006600000000000001
10616531.0,0.006100000000000001
10620199.0,0.0064
10624780.5,0.0063
10629535.5,0.006100000000000001
10633217.0,0.00605
10638269.5,0.006
10643555.5,0.006
10647657.0,0.006150000000000001
10651782.5,0.006200000000000001
10655452.0,0.006150000000000001
10659753.0,0.006250000000000001
10664914.0,0.006100000000000001
10669102.0,0.0063
10672203.5,0.006150000000000001
10675275.5,0.006200000000000001
10678301.0,0.006200000000000001
10681337.0,0.006250000000000001
10684821.0,0.0063
10688475.5,0.005900000000000001
10691700.5,0.006
10694809.0,0.006450000000000002
10697916.5,0.006250000000000001
10701036.0,0.006150000000000001
10704246.5,0.006250000000000001
10707474.0,0.00605
10710701.0,0.006200000000000001
10714246.0,0.006150000000000001
10717741.5,0.006650000000000001
10721009.0,0.006800000000000001
10724390.0,0.007200000000000001
10728091.0,0.0081
10733474.5,0.0076
10738920.5,0.007300000000000001
10745526.5,0.00655
10751876.0,0.006200000000000001
10755463.5,0.00605
10759169.0,0.006300000000000002
10762527.0,0.0073
10766250.5,0.0074
10772157.0,0.006250000000000001
10777425.0,0.006200000000000001
10780674.5,0.006900000000000001
10783935.5,0.00655
10787180.0,0.0063500000000000015
10799524.0,0.0057
10811947.0,0.006600000000000001
10815134.5,0.0073
10818109.5,0.007
10821256.0,0.006650000000000001
10824553.0,0.0071
10827796.5,0.0069500000000000004
10831509.5,0.006150000000000001
10835474.5,0.00725
10838950.0,0.006900000000000001
10842133.0,0.006400000000000001
10846699.0,0.005700000000000001
10852262.0,0.00655
10856540.5,0.006500000000000002
10859770.5,0.006900000000000001
10862840.0,0.007250000000000001
10865874.0,0.006500000000000001
10869204.0,0.00765
10872625.0,0.0081
10877495.0,0.00825
10881319.0,0.0081
10889486.0,0.00775
10897659.5,0.0076
10902659.5,0.007150000000000001
10911057.5,0.005900000000000001
10918271.0,0.00725
10923375.0,0.007200000000000001
10929318.5,0.0073
10934151.0,0.00825
10937834.5,0.00635
10941251.5,0.006750000000000002
10944604.0,0.006450000000000001
10947962.0,0.006650000000000001
10951325.0,0.006600000000000001
10954838.5,0.006250000000000001
10958298.0,0.006500000000000002
10961570.5,0.007050000000000001
10964834.0,0.006800000000000001
10968344.5,0.006900000000000001
10972033.5,0.0065000000000000014
10975515.5,0.0066500000000000005
10978889.0,0.006750000000000001
10982062.5,0.0063
10985184.0,0.00655
10989086.5,0.00605
10992996.5,0.006400000000000001
10996211.0,0.006150000000000001
10999356.5,0.0060500000000000016
11002525.0,0.005650000000000001
11006163.0,0.005650000000000001
11010015.5,0.005850000000000002
11014376.5,0.005750000000000001
11034688.5,0.005500000000000002
11058411.0,0.005850000000000002
11079087.0,0.005450000000000001
11101774.0,0.006200000000000001
11111618.5,0.005900000000000002
11115499.0,0.005850000000000002
11119188.0,0.006100000000000001
11122548.5,0.00655
11125832.5,0.006200000000000001
11129632.0,0.005800000000000001
11133572.5,0.006
11137629.0,0.005450000000000001
11142144.0,0.005450000000000001
11146216.5,0.005450000000000001
11149883.0,0.005450000000000001
11153382.5,0.00555
11156783.5,0.00555
11160048.0,0.0056
11163245.5,0.00555
11166602.5,0.005800000000000001
11169874.0,0.005650000000000001
11173030.5,0.0056
11176243.0,0.005400000000000001
11180210.5,0.005750000000000002
11184066.0,0.005800000000000001
11187155.0,0.005700000000000001
11190310.0,0.005950000000000002
11193487.0,0.005950000000000002
11196789.5,0.005850000000000001
11200425.0,0.006000000000000002
11204029.5,0.006250000000000001
11207449.0,0.006100000000000001
11210774.5,0.005950000000000002
11214120.5,0.005750000000000001
11217789.0,0.005850000000000002
11221368.5,0.005800000000000001
11224616.5,0.005800000000000001
11228101.5,0.006500000000000002
11231680.5,0.006200000000000001
11234809.0,0.005900000000000002
11237785.0,0.006100000000000001
11240797.5,0.0060500000000000016
11243883.5,0.0061
11247006.0,0.006450000000000001
11250108.5,0.006300000000000002
11253309.0,0.005900000000000001
11256531.5,0.005750000000000002
11259565.5,0.005800000000000001
11262671.0,0.0056
11265920.5,0.00555
11269232.0,0.005500000000000002
11272500.0,0.0056
11275671.0,0.005450000000000001
11278824.5,0.005950000000000002
11282241.0,0.005650000000000001
11285690.5,0.005950000000000002
11288872.5,0.0056
11292113.0,0.005650000000000001
11295405.0,0.0056
11298738.0,0.0056
11302573.5,0.005850000000000002
11306442.5,0.0056
11310105.0,0.00555
11313635.0,0.006000000000000002
11316831.0,0.0063
11320061.5,0.006550000000000002
11323880.0,0.006100000000000001
11327830.0,0.006
11331285.5,0.005750000000000001
11334889.0,0.005750000000000002
11338518.5,0.005500000000000002
11342710.0,0.005650000000000001
11346765.0,0.00595
11349999.0,0.005750000000000002
11353795.0,0.00555
11358390.0,0.005850000000000002
11362448.5,0.005950000000000002
11365876.0,0.006100000000000001
11369322.5,0.005750000000000001
11372495.0,0.006100000000000001
11376236.5,0.005750000000000001
11380151.0,0.005800000000000001
11383818.0,0.0056
11387651.0,0.005900000000000001
11391261.5,0.005850000000000001
11394953.0,0.00555
11399015.0,0.005650000000000001
11402984.0,0.005450000000000001
11406624.0,0.005400000000000001
11410240.5,0.005450000000000001
11413786.0,0.00555
11417208.0,0.006
11420796.5,0.005650000000000001
11424707.5,0.005750000000000002
11428473.5,0.00555
11431945.5,0.00555
11435394.5,0.005500000000000002
11440712.0,0.0056
11445953.5,0.005650000000000001
11449242.5,0.005650000000000001
11452774.0,0.0056
11461549.0,0.005900000000000001
11472252.5,0.005800000000000001
11477826.5,0.005700000000000001
11481174.5,0.006100000000000001
11484322.0,0.006200000000000001
11497880.5,0.005800000000000001
11514759.5,0.00555
11521361.0,0.0056
11524780.5,0.005700000000000001
11528195.5,0.005800000000000001
11531551.5,0.005800000000000001
11535007.5,0.0056
11538791.5,0.005700000000000001
11542463.5,0.005500000000000002
11546030.5,0.005450000000000001
11550022.0,0.00555
11553878.5,0.005500000000000002
11557382.5,0.005450000000000001
11560936.0,0.005450000000000001
11564656.5,0.00555
11568274.5,0.0056
11572079.0,0.005800000000000001
11575796.5,0.005650000000000001
11578955.5,0.0059
11582154.0,0.006
11585330.0,0.005750000000000002
11588790.0,0.00555
11592345.0,0.006000000000000002
11595653.0,0.00625
11598816.0,0.005750000000000002
11602458.0,0.005450000000000001
11606164.0,0.005500000000000002
11609447.5,0.005500000000000002
11612976.0,0.005650000000000002
11616602.0,0.005500000000000002
11620306.0,0.005450000000000001
11624007.5,0.005650000000000002
11628178.5,0.005850000000000001
11632973.0,0.005850000000000001
11637691.0,0.006200000000000001
11642153.0,0.00635
11646213.0,0.006
11649705.5,0.006100000000000001
11654677.0,0.005750000000000002
11660280.5,0.005850000000000001
11665576.5,0.005900000000000001
11670469.5,0.005900000000000001
11675668.5,0.006100000000000001
11681121.5,0.005700000000000001
11685026.0,0.005950000000000002
11688979.5,0.005850000000000001
11693675.5,0.005700000000000001
11697947.0,0.005900000000000001
11701211.5,0.006150000000000001
11704904.5,0.005900000000000001
11709235.0,0.005900000000000001
11714062.5,0.005850000000000002
11719442.0,0.005750000000000001
11724022.5,0.005900000000000001
11727948.0,0.005700000000000001
11732312.5,0.005750000000000002
11736975.0,0.005700000000000001
11741280.5,0.005650000000000001
11745631.0,0.0056
11749801.5,0.00555
11753119.0,0.00555
11756995.0,0.005500000000000002
11762067.5,0.005450000000000001
11766798.0,0.005850000000000001
11771411.5,0.005500000000000002
11780886.5,0.005750000000000002
11789670.0,0.0056
11793540.5,0.005650000000000001
11797163.5,0.005800000000000001
11800728.0,0.0056
11805597.5,0.005500000000000002
11810260.5,0.005650000000000001
11814255.5,0.005750000000000001
11818441.0,0.005700000000000001
11822007.0,0.005700000000000001
11826251.0,0.005700000000000001
11834222.5,0.005500000000000002
11841717.0,0.005900000000000002
11845475.0,0.006000000000000002
11850247.0,0.006000000000000002
11856421.0,0.005650000000000001
11862947.0,0.0056
11868548.0,0.005700000000000001
11874265.0,0.0056
11880263.0,0.0056
11887074.0,0.005900000000000001
11893897.5,0.005750000000000001
11898392.0,0.006650000000000001
11902149.0,0.005850000000000002
11906254.5,0.005750000000000001
11911290.0,0.0056
11916097.0,0.005800000000000001
11920019.0,0.00555
11923708.5,0.005800000000000001
11927991.0,0.005800000000000001
11934365.5,0.005500000000000002
11940445.0,0.005800000000000001
11944536.0,0.0056
11948290.5,0.005700000000000001
11952301.0,0.005500000000000002
11956058.0,0.0056
11959412.0,0.0056
11963653.0,0.005450000000000001
11968719.0,0.005500000000000002
11974204.5,0.005650000000000001
11979471.0,0.0056
11983815.5,0.005900000000000001
11988202.0,0.006200000000000001
11992834.0,0.005900000000000001
11997669.0,0.005800000000000001
12002583.5,0.005800000000000001
12007687.5,0.005800000000000001
12012440.0,0.005950000000000002
12016186.5,0.005650000000000001
12019753.0,0.0056
12023328.5,0.005700000000000001
12027551.5,0.005750000000000001
12033552.0,0.005950000000000002
12041458.5,0.005650000000000001
12047987.0,0.0056
12052751.5,0.005650000000000001
12057241.5,0.005800000000000001
12060985.0,0.005700000000000001
12064256.5,0.005850000000000002
12067643.0,0.00635
12073152.0,0.00555
12078492.5,0.005750000000000001
12081952.5,0.005800000000000001
12088386.0,0.005700000000000001
12095333.0,0.005950000000000002
12099430.0,0.005750000000000001
12103030.5,0.005700000000000001
12106978.0,0.005950000000000002
12110899.0,0.00555
12114419.5,0.005500000000000002
12119802.5,0.005650000000000001
12126375.0,0.0056
12131531.0,0.005650000000000001
12135444.5,0.005750000000000001
12139759.0,0.005650000000000001
12145498.0,0.005500000000000002
12150678.5,0.00555
12155799.5,0.005650000000000001
12161051.5,0.0059
12165749.0,0.005650000000000001
12171328.5,0.005450000000000001
12187117.5,0.005650000000000001
12208338.0,0.005450000000000001
12222987.0,0.005650000000000001
12233964.5,0.005700000000000001
12240730.5,0.005650000000000001
12245150.0,0.0056
12249838.0,0.006100000000000001
12253706.5,0.005850000000000001
12257733.0,0.005900000000000001
12261861.5,0.005850000000000001
12268280.0,0.005500000000000002
12277739.0,0.005500000000000002
12284384.5,0.00555
12288892.0,0.005500000000000002
12294084.5,0.0056
12298472.5,0.00555
12304833.0,0.00555
12312897.0,0.00555
12318341.0,0.005750000000000001
12323497.0,0.005750000000000001
12328427.0,0.005800000000000001
12332316.5,0.006200000000000001
12336210.0,0.006000000000000002
12339497.0,0.006000000000000002
12342898.0,0.005900000000000001
12347815.0,0.005750000000000001
12354515.5,0.006500000000000002
12359962.5,0.00655
12363902.0,0.006200000000000001
12367564.5,0.006000000000000002
12372161.5,0.005500000000000002
12376747.5,0.005650000000000001
12380686.0,0.00555
12384954.0,0.005400000000000001
12388683.5,0.005750000000000002
12392234.5,0.006100000000000001
12395686.0,0.006
12399588.0,0.00555
12403619.5,0.005700000000000001
12409968.5,0.00555
12420533.5,0.00555
12429436.5,0.005650000000000001
12447156.0,0.005650000000000001
12464418.0,0.0056
12469177.5,0.005900000000000001
12475200.0,0.005700000000000001
12484964.0,0.005950000000000002
12494639.0,0.006100000000000001
12501222.0,0.00635
12506463.5,0.00645
12511249.0,0.006100000000000001
12515442.5,0.0060500000000000016
12519181.5,0.00635
12523888.5,0.0056
12531526.5,0.005950000000000002
12538557.0,0.006150000000000001
12543036.0,0.00605
12547267.0,0.006000000000000002
12550839.0,0.0063
12555095.0,0.0056
12559293.5,0.005750000000000001
12562703.5,0.005700000000000001
12566648.5,0.005750000000000001
12570496.5,0.005650000000000001
12574888.0,0.005400000000000001
12579361.0,0.005800000000000001
12583163.0,0.005650000000000001
12587592.0,0.005850000000000002
12591792.5,0.005750000000000001
12595954.5,0.005950000000000002
12600323.0,0.005650000000000001
12605922.0,0.0056
12611895.0,0.00555
12616105.0,0.005850000000000002
12619456.5,0.005750000000000001
12623252.0,0.005700000000000001
12627051.5,0.005750000000000001
12630853.0,0.005650000000000001
12634737.5,0.00555
12638123.0,0.005900000000000001
12641533.0,0.005950000000000002
12644876.5,0.005650000000000001
12648788.5,0.005650000000000001
12652767.5,0.005950000000000002
12656031.0,0.00555
12659520.5,0.0056
12663766.0,0.005650000000000002
12667826.0,0.005850000000000001
12671338.0,0.005850000000000001
12675436.5,0.005800000000000001
12679331.5,0.006150000000000001
12682624.5,0.006200000000000001
12685906.5,0.006200000000000001
12689057.5,0.006500000000000002
12692533.5,0.005750000000000002
12696031.0,0.006000000000000002
12699247.5,0.005950000000000002
12702624.5,0.005750000000000002
12706165.5,0.0060500000000000016
12709920.5,0.005850000000000001
12713729.5,0.005650000000000001
12717218.5,0.005650000000000001
12722027.5,0.005950000000000002
12727584.0,0.005800000000000001
12732192.5,0.005750000000000002
12737081.0,0.005800000000000001
12741959.0,0.0060500000000000016
12746084.5,0.005900000000000001
12750450.0,0.005750000000000001
12754891.5,0.005750000000000001
12758793.0,0.005700000000000001
12762816.0,0.005750000000000001
12766904.0,0.005700000000000001
12770714.0,0.005900000000000001
12774156.5,0.005700000000000001
12777448.5,0.005800000000000001
12781540.5,0.005900000000000001
12786019.5,0.005900000000000001
12790264.0,0.005750000000000001
12794167.5,0.005850000000000002
12797939.0,0.005650000000000001
12801807.5,0.005700000000000001
12805477.0,0.005900000000000001
12811838.5,0.0056000000000000025
12818037.0,0.005950000000000002
12823082.5,0.005700000000000001
12828594.0,0.005800000000000001
12832291.0,0.005950000000000002
12836335.5,0.005750000000000002
12840614.5,0.005650000000000002
12844415.0,0.005650000000000001
12848589.5,0.005800000000000001
12852674.0,0.005900000000000001
12856501.0,0.005650000000000001
12860678.0,0.005500000000000002
12864993.5,0.00555
12868912.0,0.005650000000000001
12873061.0,0.005500000000000002
12876874.0,0.0056
12880099.5,0.00555
12883519.5,0.005700000000000001
12887350.0,0.0063500000000000015
12891505.0,0.005650000000000001
12895895.0,0.005700000000000001
12900506.5,0.005700000000000001
12904795.5,0.005450000000000001
12909155.0,0.005450000000000001
12913475.0,0.005650000000000001
12917447.5,0.005850000000000001
12921147.0,0.005750000000000001
12924588.0,0.006100000000000001
12928168.0,0.005650000000000001
12931752.5,0.005850000000000002
12935313.0,0.006200000000000001
12939118.5,0.006100000000000001
12942739.5,0.00635
12946407.5,0.005700000000000001
12950513.0,0.005800000000000001
12954133.5,0.005800000000000001
12957865.5,0.005750000000000001
12961833.5,0.00605
12965574.0,0.0060500000000000016
12969401.5,0.005750000000000001
12973229.5,0.005700000000000001
12977070.0,0.006150000000000001
12980841.5,0.005900000000000001
12984612.5,0.005900000000000001
12988728.5,0.005800000000000001
12993032.0,0.005900000000000001
12997124.0,0.005750000000000001
13000813.5,0.006200000000000001
13004249.5,0.00605
13008198.0,0.006
13012200.0,0.00605
13015935.0,0.006800000000000001
13019437.0,0.006700000000000001
13022756.0,0.007
13026536.5,0.006850000000000001
13030636.5,0.00625
13035064.0,0.006750000000000002
13039136.5,0.005850000000000001
13042895.5,0.00605
13047194.0,0.005900000000000001
13051235.5,0.005800000000000001
13055388.5,0.005750000000000001
13060031.5,0.005900000000000001
13064654.5,0.0063
13068664.0,0.0063
13072763.5,0.005400000000000001
13077221.0,0.0057
13082567.0,0.0063500000000000015
13087688.0,0.005500000000000002
13091614.5,0.0056
13095459.5,0.005950000000000002
13098728.0,0.005900000000000001
13102319.5,0.005850000000000001
13106412.0,0.0056
13110588.5,0.00555
13114475.5,0.006100000000000001
13118052.0,0.005700000000000001
13121607.0,0.005650000000000001
13125756.5,0.00555
13130415.5,0.0057
13134574.0,0.005450000000000001
13139417.0,0.006
13144554.5,0.00555
13148748.0,0.00555
13152314.5,0.0056
13155931.0,0.00555
13159595.5,0.005650000000000001
13163516.5,0.006150000000000001
13169289.0,0.005750000000000002
13175051.5,0.0056
13179485.5,0.006150000000000001
13184327.0,0.005650000000000001
13188692.0,0.005850000000000001
13192671.5,0.005700000000000001
13197309.5,0.005650000000000001
13201724.5,0.005650000000000001
13206225.0,0.0056
13211171.0,0.005650000000000001
13215970.0,0.005850000000000001
13220772.5,0.005450000000000001
13225570.0,0.005700000000000001
13230614.5,0.006000000000000002
13235145.0,0.005700000000000001
13239339.0,0.005950000000000002
13243903.5,0.006100000000000001
13247864.0,0.005850000000000001
13252428.5,0.005800000000000001
13257078.5,0.005850000000000002
13260826.0,0.005850000000000002
13264572.5,0.006250000000000001
13269446.5,0.005800000000000001
13277132.5,0.006150000000000001
13284023.5,0.006250000000000001
13288610.5,0.0060500000000000016
13292981.5,0.005650000000000001
13296707.0,0.005750000000000001
13300355.0,0.005850000000000002
13304034.5,0.005900000000000002
13307940.0,0.005900000000000001
13311565.0,0.006200000000000001
13314917.0,0.005750000000000001
13318334.5,0.006000000000000002
13321487.5,0.006100000000000001
13324789.5,0.005950000000000002
13328118.0,0.005900000000000001
13331428.5,0.005900000000000001
13334893.0,0.006600000000000001
13338377.0,0.0074
13341794.0,0.006500000000000002
13345067.5,0.006200000000000001
13348361.0,0.0063
13351658.5,0.006600000000000001
13355099.0,0.006400000000000001
13358778.0,0.0063500000000000015
13362635.5,0.006450000000000001
13366839.5,0.005900000000000001
13370950.5,0.005950000000000002
13375224.0,0.005950000000000002
13380052.0,0.005950000000000002
13384695.0,0.0066
13388798.0,0.006250000000000001
13395828.0,0.0066
13402787.5,0.00635
13406664.5,0.005850000000000001
13410365.0,0.006600000000000001
13414173.5,0.00645
13417998.0,0.0064
13422126.5,0.006150000000000001
13427177.0,0.00635
13431534.5,0.006100000000000001
13436084.0,0.0063
13441274.5,0.0064
13446493.0,0.006150000000000001
13451078.5,0.0060500000000000016
13454884.5,0.005950000000000002
13459035.0,0.006250000000000001
13463100.0,0.006100000000000001
13466607.0,0.005750000000000001
13469897.0,0.006000000000000002
13473613.5,0.005950000000000002
13477525.5,0.006100000000000001
13481117.0,0.00635
13484278.5,0.006450000000000001
13488147.0,0.0064
13493012.5,0.006100000000000001
13497352.5,0.00625
13501885.5,0.006150000000000001
13507400.5,0.006150000000000001
13512627.0,0.006200000000000001
13516943.5,0.006150000000000001
13520965.0,0.006150000000000001
13524752.5,0.0064
13527979.0,0.006150000000000001
13531176.5,0.00625
13534316.0,0.005750000000000001
13537898.0,0.006200000000000001
13541656.5,0.00635
13545092.0,0.00635
13549401.5,0.006300000000000002
13554429.5,0.006700000000000001
13558824.5,0.006500000000000002
13562748.0,0.006850000000000001
13566968.0,0.006100000000000001
13571685.5,0.006100000000000001
13575983.0,0.007350000000000001
13579830.0,0.006100000000000001
13584047.0,0.0063
13588133.5,0.00635
13591996.0,0.0063
13595513.0,0.006200000000000001
13598665.5,0.005950000000000002
13602199.5,0.006250000000000001
13605739.5,0.006000000000000002
13609253.0,0.005750000000000001
13614097.0,0.0063
13618939.5,0.006200000000000001
13622831.5,0.00605
13626517.5,0.006150000000000001
13630133.5,0.00605
13633799.0,0.005650000000000001
13637054.0,0.005850000000000002
13640486.0,0.005900000000000001
13643971.0,0.006100000000000001
13647183.0,0.00645
13650622.0,0.0060500000000000016
13654057.0,0.005850000000000002
13657938.5,0.005650000000000001
13661827.0,0.005950000000000002
13665276.5,0.005850000000000002
13668757.5,0.005700000000000001
13672073.5,0.005650000000000001
13678004.0,0.005900000000000002
13683927.5,0.005950000000000002
13687194.0,0.005900000000000002
13690552.0,0.005900000000000002
13693865.0,0.006300000000000002
13697178.0,0.006100000000000001
13700635.5,0.006250000000000001
13704088.5,0.00685
13708301.5,0.007
13712464.0,0.00635
13716150.0,0.007450000000000001
13720241.0,0.006800000000000001
13724601.0,0.006600000000000001
13728848.5,0.006100000000000001
13732901.5,0.005750000000000001
13736628.5,0.006150000000000001
13740479.0,0.00635
13744635.0,0.005950000000000002
13748597.5,0.005850000000000001
13752356.0,0.006000000000000002
13756014.5,0.005750000000000001
13759556.5,0.005650000000000001
13763050.0,0.005900000000000001
13766901.5,0.005750000000000001
13770523.0,0.006100000000000001
13774316.5,0.005850000000000002
13778334.5,0.006150000000000001
13782369.0,0.006000000000000002
13786416.5,0.005800000000000001
13790500.5,0.005750000000000001
13794872.0,0.005700000000000001
13798641.5,0.006150000000000001
13802096.0,0.0060500000000000016
13805768.5,0.006000000000000002
13810127.5,0.005800000000000001
13814728.0,0.006200000000000001
13818640.5,0.005750000000000001
13822539.5,0.005850000000000001
13826294.5,0.005750000000000001
13829561.5,0.006100000000000001
13832996.0,0.00645
13836817.0,0.006450000000000001
13840815.5,0.006100000000000001
13845000.0,0.006750000000000001
13848864.0,0.006250000000000001
13853924.0,0.0060500000000000016
13859915.5,0.006250000000000001
13865270.5,0.005700000000000001
13870763.0,0.005950000000000002
13876053.0,0.0069500000000000004
13880968.5,0.006200000000000001
13885204.0,0.006000000000000002
13890004.0,0.0063500000000000015
13894674.0,0.0064
13898312.0,0.00635
13901811.5,0.0065
13905223.0,0.005800000000000001
13909016.0,0.005950000000000002
13913409.0,0.005700000000000001
13918134.5,0.00555
13922535.0,0.005700000000000001
13926256.5,0.005850000000000002
13930038.0,0.0064
13934704.0,0.005800000000000001
13938977.0,0.0060500000000000016
13942934.5,0.006500000000000002
13946915.5,0.006500000000000002
13951464.0,0.005800000000000001
13956435.0,0.005750000000000002
13960705.5,0.00635
13964731.0,0.00635
13968402.5,0.005650000000000001
13972222.0,0.005750000000000001
13975819.5,0.006000000000000002
13979506.5,0.005700000000000001
13983832.0,0.005950000000000002
13987549.0,0.006600000000000001
13991540.5,0.005650000000000001
13995929.5,0.00635
14000304.5,0.005800000000000001
14004615.0,0.005750000000000001
14008621.5,0.006200000000000001
14012350.5,0.005800000000000001
14016590.0,0.00625
14021507.5,0.005900000000000002
14025449.5,0.00645
14029319.5,0.00625
14033570.0,0.006500000000000001
14037406.5,0.006700000000000001
14041516.0,0.005900000000000001
14046471.0,0.005700000000000001
14055819.0,0.005850000000000002
14064695.5,0.0060500000000000016
14068859.0,0.006700000000000001
14073017.0,0.006150000000000001
14077925.0,0.006650000000000001
14083134.5,0.005950000000000002
14087773.0,0.006250000000000001
14091839.0,0.006900000000000001
14097031.0,0.0060500000000000016
14102899.5,0.0064
14107862.0,0.006200000000000001
14112143.5,0.006500000000000001
14116057.5,0.006500000000000001
14119913.5,0.005650000000000001
14124118.0,0.005650000000000001
14127976.0,0.006250000000000001
14131969.0,0.006750000000000001
14136375.0,0.006600000000000001
14140208.5,0.006250000000000001
14144570.5,0.006450000000000002
14149122.0,0.006200000000000001
14152971.5,0.006
14157005.0,0.006150000000000001
14162587.5,0.006100000000000001
14168849.5,0.006250000000000001
14174169.0,0.006000000000000002
14179240.5,0.0056
14183731.0,0.005900000000000001
14188127.5,0.00595
14192503.0,0.005950000000000002
14196573.5,0.006200000000000001
14201113.0,0.00725
14205459.0,0.01595
14209261.5,0.025300000000000003
14213995.0,0.00855
14223252.5,0.006100000000000001
14232655.0,0.006250000000000001
14238341.0,0.005800000000000001
14243193.5,0.0069500000000000004
14249026.5,0.006600000000000001
14256017.0,0.006750000000000002
14262107.5,0.006800000000000001
14267613.0,0.0063500000000000015
14272372.0,0.006300000000000002
14276073.0,0.006100000000000001
14279523.0,0.006750000000000002
14283454.5,0.005900000000000001
14287857.0,0.0069500000000000004
14291667.5,0.007700000000000001
14296300.5,0.007450000000000001
14301465.5,0.0067
14305873.5,0.0067
14310069.0,0.0066500000000000005
14313982.0,0.006750000000000002
14318537.5,0.006450000000000002
14322893.0,0.00605
14326270.5,0.006450000000000002
14329453.5,0.006450000000000002
14333014.0,0.0068000000000000005
14341024.5,0.00635
14349230.5,0.006200000000000001
14353597.0,0.005700000000000001
14358861.0,0.005950000000000002
14364446.0,0.006000000000000002
14369598.0,0.006200000000000001
14374754.0,0.005650000000000001
14379472.5,0.005750000000000001
14383357.5,0.006250000000000001
14387989.0,0.005650000000000001
14393619.0,0.00555
14398485.5,0.005650000000000001
14402614.0,0.006150000000000001
14406367.0,0.006800000000000001
14410335.0,0.006800000000000001
14414324.5,0.0063500000000000015
14417727.0,0.005800000000000001
14422143.0,0.006100000000000001
14427820.5,0.005900000000000001
14433238.0,0.005900000000000001
14437646.5,0.005850000000000002
14442912.5,0.005750000000000002
14448289.5,0.005700000000000001
14454443.0,0.005800000000000001
14460538.5,0.00555
14463977.0,0.006
14467604.0,0.005800000000000001
14471685.5,0.006500000000000002
14476072.0,0.006250000000000001
14480629.0,0.00635
14485012.5,0.005700000000000001
14489693.0,0.00605
14494531.5,0.006250000000000001
14498794.5,0.005750000000000001
14502531.5,0.006250000000000001
14508844.0,0.005800000000000001
14515840.5,0.005700000000000001
14520805.0,0.005800000000000001
14525274.0,0.005650000000000001
14529704.0,0.00645
14535309.5,0.005850000000000001
14541169.0,0.006100000000000001
14546981.5,0.006150000000000001
14552256.5,0.005950000000000002
14557387.0,0.0066500000000000005
14562796.0,0.006900000000000002
14566840.0,0.00645
14570914.5,0.006200000000000001
14575004.5,0.006100000000000001
14578914.5,0.006100000000000001
14582865.0,0.00645
14586469.0,0.006750000000000001
14590768.5,0.007
14594920.0,0.008150000000000001
14598749.5,0.010000000000000002
14602488.5,0.008450000000000003
14605829.5,0.008350000000000002
14609280.0,0.01
14612623.5,0.008050000000000002
14615764.5,0.010100000000000001
14619183.0,0.00945
14622663.5,0.009499999999999998
14625995.5,0.008300000000000002
14629635.0,0.008
14634730.0,0.0079
14640214.0,0.007050000000000001
14644723.5,0.00675
14649607.0,0.0064
14655518.5,0.005400000000000001
14661474.0,0.0086
14667815.0,0.00785
14673684.0,0.009450000000000002
14678270.0,0.007350000000000001
14682460.0,0.006400000000000001
14687256.5,0.007200000000000001
14693150.0,0.00725
14697878.5,0.007350000000000001
14701569.0,0.0063
14705066.5,0.0068
14708555.0,0.006250000000000001
14712295.5,0.00645
14715883.5,0.006200000000000001
14719404.0,0.006000000000000002
14723339.5,0.006250000000000001
14728376.0,0.0063
14733468.5,0.007300000000000001
14738137.0,0.00965
14742321.5,0.02890000000000001
14746365.5,0.009850000000000001
14751165.5,0.006500000000000002
14756329.0,0.006150000000000001
14761075.0,0.006000000000000002
14764890.5,0.006000000000000002
14769684.5,0.00555
14775345.5,0.005750000000000001
14780547.0,0.006250000000000001
14784993.5,0.005900000000000001
14789008.5,0.00635
14793863.5,0.00555
14798330.0,0.005800000000000001
14802763.0,0.005650000000000001
14807295.0,0.005750000000000001
14811906.5,0.005750000000000001
14816970.5,0.006400000000000001
14821222.5,0.006100000000000001
14825377.5,0.005850000000000001
14829726.5,0.00555
14833796.5,0.005750000000000001
14837923.5,0.005850000000000002
14841741.0,0.00595
14845613.5,0.005750000000000001
14850149.5,0.005800000000000001
14854393.5,0.005800000000000001
14857932.5,0.005950000000000002
14861575.5,0.005750000000000001
14865858.0,0.005650000000000001
14870771.5,0.005800000000000001
14875300.0,0.00595
14878953.5,0.005800000000000001
14883394.5,0.005850000000000002
14888355.0,0.005700000000000001
14893012.5,0.005750000000000001
14897630.5,0.0060500000000000016
14901697.0,0.005800000000000001
14905674.0,0.0060500000000000016
14910544.5,0.005750000000000001
14915220.5,0.006000000000000002
14919495.5,0.005650000000000001
14924292.5,0.005850000000000001
14929829.5,0.005850000000000001
14935156.5,0.00645
14939590.0,0.005850000000000001
14944161.5,0.0060500000000000016
14948670.0,0.006200000000000001
14952841.5,0.006250000000000001
14957722.0,0.00625
14962373.0,0.005950000000000002
14966158.5,0.006000000000000002
14970912.0,0.00635
14975655.5,0.006700000000000001
14979949.5,0.006200000000000001
14984581.5,0.007750000000000002
14989157.0,0.006650000000000001
14992991.5,0.006700000000000001
14997062.5,0.005850000000000001
15002352.5,0.005950000000000002
15006993.0,0.006750000000000001
15010920.5,0.006700000000000001
15014946.5,0.006200000000000001
15020379.5,0.005900000000000001
15025624.5,0.005700000000000001
15029598.0,0.005850000000000002
15033537.0,0.005900000000000001
15037872.0,0.0063
15042073.5,0.006400000000000001
15045849.5,0.00655
15049700.5,0.006200000000000001
15053471.5,0.005800000000000001
15058026.0,0.0069500000000000004
15062151.0,0.0066500000000000005
15066006.5,0.00635
15071083.5,0.0056
15076047.0,0.006000000000000002
15080165.5,0.006250000000000001
15084368.5,0.006150000000000001
15089303.5,0.00635
15093851.0,0.005900000000000001
15097712.0,0.005700000000000001
15101773.5,0.005700000000000001
15106297.0,0.006000000000000002
15110575.5,0.006650000000000001
15114349.5,0.006100000000000001
15118020.5,0.006750000000000001
15121344.0,0.0064
15124616.5,0.006500000000000002
15127959.5,0.006300000000000002
15131649.0,0.006150000000000001
15135318.0,0.005750000000000001
15138665.0,0.005800000000000001
15141993.0,0.0056
15145351.5,0.005950000000000002
15148892.0,0.005650000000000001
15152592.0,0.005500000000000002
15156187.5,0.005650000000000001
15159885.5,0.00555
15163742.0,0.005950000000000002
15168267.5,0.005700000000000001
15173342.0,0.005650000000000001
15178282.0,0.006500000000000002
15182767.5,0.00655
15186992.0,0.006100000000000001
15191722.5,0.007500000000000001
15196765.0,0.007250000000000001
15201569.5,0.006750000000000001
15205858.0,0.0070999999999999995
15209667.0,0.00685
15213512.5,0.006400000000000001
15217887.0,0.006400000000000001
15222180.5,0.006950000000000001
15226022.0,0.00655
15230292.0,0.00625
15234463.5,0.006300000000000002
15238305.0,0.006050000000000001
15242263.5,0.0064
15249140.0,0.006450000000000001
15256070.0,0.0073
15259905.5,0.006999999999999999
15263557.0,0.006450000000000001
15267303.0,0.0071
15271487.5,0.00725
15285691.5,0.00685
15300024.0,0.0078000000000000005
15304145.5,0.0069
15308041.0,0.0066
15312019.0,0.006500000000000001
15316387.0,0.006400000000000001
15321138.5,0.007400000000000001
15325437.5,0.00695
15329166.0,0.006800000000000001
15333277.5,0.0066500000000000005
15337548.0,0.006750000000000001
15341058.0,0.0079
15344393.5,0.010150000000000001
15347572.5,0.008800000000000002
15351012.5,0.008350000000000003
15354802.5,0.006200000000000001
15358369.5,0.006700000000000001
15362204.0,0.006800000000000001
15367231.5,0.006450000000000002
15372011.0,0.006100000000000001
15377055.0,0.0073
15382659.5,0.0079
15387308.0,0.0079
15394169.5,0.009600000000000001
15400661.0,0.008300000000000002
15404326.5,0.007
15409778.5,0.0064
15415098.5,0.007200000000000001
15419638.5,0.00705
15424419.5,0.006500000000000002
15428208.0,0.005800000000000001
15431797.0,0.006000000000000002
15435080.5,0.005750000000000001
15438244.0,0.005800000000000001
15441669.5,0.005700000000000001
15445479.0,0.006600000000000001
15449082.0,0.006100000000000001
15452384.5,0.0067
15455821.0,0.0064
15459487.0,0.0063
15463403.5,0.006000000000000002
15467285.5,0.006950000000000001
15471299.5,0.0067
15475115.5,0.0071
15478399.5,0.006900000000000002
15481457.0,0.007450000000000002
15484811.5,0.0063
15488435.5,0.007500000000000001
15491853.0,0.006800000000000001
15495148.0,0.0060500000000000016
15498767.5,0.0060500000000000016
15502519.5,0.006000000000000002
15505833.0,0.006800000000000001
15509452.0,0.006100000000000001
15513295.5,0.006650000000000001
15516818.0,0.00655
15520225.5,0.006250000000000001
15523962.5,0.005700000000000001
15529369.5,0.0061
15541089.0,0.005800000000000001
15551449.5,0.006300000000000002
15555476.0,0.0068000000000000005
15559495.5,0.00655
15563446.5,0.006050000000000001
15567814.5,0.005900000000000002
15572229.5,0.00595
15576124.0,0.005850000000000002
15580450.5,0.005800000000000001
15584716.0,0.0060500000000000016
15588063.0,0.006500000000000001
15591202.0,0.006700000000000001
15594746.5,0.006000000000000002
15598344.0,0.006150000000000001
15601866.5,0.005800000000000001
15605420.5,0.005900000000000001
15608741.0,0.0060500000000000016
15612444.5,0.005900000000000001
15616175.5,0.006250000000000001
15620286.5,0.006000000000000002
15624640.5,0.006000000000000002
15628538.0,0.005650000000000001
15633416.0,0.005650000000000001
15638026.5,0.0064
15641332.5,0.006250000000000001
15644793.0,0.006250000000000001
15648417.5,0.005950000000000002
15652305.5,0.006000000000000002
15656294.0,0.005700000000000001
15659874.5,0.005750000000000001
15663514.0,0.005700000000000001
15667071.5,0.005650000000000001
15670552.5,0.005750000000000001
15674718.5,0.006100000000000001
15678835.5,0.0063
15682147.0,0.005700000000000001
15685461.5,0.006150000000000001
15688854.5,0.006700000000000001
15692085.5,0.006150000000000001
15695242.5,0.005800000000000001
15698279.5,0.00655
15701467.5,0.005900000000000001
15704768.0,0.005900000000000001
15708036.0,0.005700000000000001
15711594.0,0.005650000000000001
15715391.0,0.007050000000000001
15719594.0,0.006450000000000002
15723889.5,0.006250000000000001
15727856.5,0.006700000000000001
15731855.5,0.005950000000000002
15736111.5,0.0067
15740251.5,0.005900000000000002
15744265.0,0.006750000000000001
15748465.0,0.0060500000000000016
15752812.0,0.0063
15756714.5,0.006150000000000001
15760038.0,0.0060500000000000016
15763751.5,0.006450000000000001
15767596.0,0.005900000000000002
15771368.5,0.00645
15775143.5,0.006000000000000002
15779759.5,0.005800000000000001
15784388.5,0.006150000000000001
15788270.5,0.006100000000000001
15792166.5,0.006000000000000002
15796100.0,0.0063
15800846.5,0.0060500000000000016
15806110.5,0.0060500000000000016
15811326.5,0.0064
15815753.0,0.00655
15819232.0,0.0063
15823118.5,0.0064
15827049.5,0.00635
15830510.5,0.006450000000000001
15833971.5,0.006250000000000001
15837342.0,0.006500000000000001
15840690.0,0.006450000000000001
15844008.0,0.006600000000000001
15848235.5,0.0064
15852724.5,0.006650000000000001
15857045.5,0.005900000000000001
15861651.5,0.0063
15865980.5,0.00595
15870071.0,0.006100000000000001
15874174.0,0.0067
15878458.0,0.0064
15882507.5,0.0067
15886242.5,0.006250000000000001
15890117.0,0.005800000000000001
15894205.5,0.006200000000000001
15899735.0,0.005950000000000002
15905486.5,0.005900000000000001
15909367.0,0.006200000000000001
15912714.0,0.005850000000000002
15916435.5,0.005900000000000001
15921015.5,0.005850000000000002
15926422.0,0.0063
15932417.0,0.00655
15937486.0,0.006650000000000001
15941877.5,0.0125
15947121.5,0.02065
15952110.0,0.023
15957287.0,0.0091
15962200.0,0.008
15966124.5,0.0073
15970219.5,0.00735
15974498.0,0.006450000000000001
15981150.5,0.007450000000000001
15988007.5,0.00655
15992136.0,0.007200000000000001
15996344.5,0.005950000000000002
16001238.5,0.005800000000000001
16005720.0,0.0064
16009677.0,0.0061
16013478.5,0.005950000000000002
16017089.5,0.0060500000000000016
16020871.5,0.0060500000000000016
16024692.0,0.005900000000000002
16028084.0,0.006000000000000002
16031998.0,0.005850000000000001
16036779.5,0.006
16041060.0,0.005900000000000001
16045264.0,0.005500000000000002
16049842.0,0.005700000000000001
16054119.5,0.005750000000000001
16058234.5,0.005650000000000001
16061972.5,0.005750000000000001
16065551.0,0.005950000000000002
16069306.0,0.006600000000000001
16073590.5,0.005900000000000001
16078336.5,0.006450000000000001
16082793.5,0.006200000000000001
16087419.5,0.006600000000000001
16091661.0,0.006200000000000001
16095144.0,0.006600000000000001
16098425.0,0.006200000000000001
16102572.5,0.005850000000000002
16106827.5,0.00635
16110307.0,0.0064
16114092.5,0.006150000000000001
16117793.0,0.0060500000000000016
16121156.5,0.006400000000000001
16124485.0,0.006200000000000001
16127898.0,0.00555
16131386.5,0.006500000000000002
16134908.0,0.006000000000000002
16138710.5,0.005650000000000001
16142783.5,0.005700000000000001
16146549.0,0.005800000000000001
16150373.0,0.005650000000000001
16154843.0,0.005950000000000002
16159363.0,0.005950000000000002
16164315.5,0.005750000000000001
16169783.0,0.006200000000000001
16174764.0,0.006100000000000001
16179617.0,0.006100000000000001
16183901.0,0.006950000000000001
16187784.0,0.006800000000000001
16192545.0,0.00635
16197688.5,0.006900000000000001
16202083.5,0.0066500000000000005
16206180.5,0.006900000000000001
16211317.5,0.0069500000000000004
16216575.5,0.006750000000000002
16221083.0,0.0069500000000000004
16225015.5,0.005950000000000002
16229407.5,0.006400000000000001
16234376.0,0.006250000000000001
16239066.0,0.006500000000000002
16243536.5,0.006600000000000001
16248435.5,0.0069500000000000004
16253427.5,0.008100000000000001
16257656.0,0.007050000000000001
16262009.5,0.008150000000000001
16266346.5,0.008450000000000001
16270461.0,0.008400000000000001
16274710.5,0.0074
16279083.0,0.007800000000000001
16283609.0,0.006000000000000002
16288191.0,0.006200000000000001
16292430.0,0.00655
16296040.0,0.006750000000000001
16299866.0,0.005750000000000001
16304541.0,0.006100000000000001
16309197.0,0.005800000000000001
16313728.5,0.00645
16317985.5,0.006000000000000002
16322154.5,0.005650000000000001
16326156.0,0.005700000000000001
16329706.0,0.005900000000000002
16334180.5,0.005800000000000001
16338867.5,0.005900000000000001
16343259.5,0.0056
16347394.5,0.005900000000000001
16350737.0,0.005900000000000001
16353885.5,0.005950000000000002
16357070.5,0.006450000000000001
16360316.0,0.00635
16364471.0,0.006150000000000001
16368810.0,0.005650000000000001
16372425.0,0.005700000000000001
16375991.0,0.005800000000000001
16379917.5,0.005900000000000001
16384439.0,0.005850000000000001
16388692.5,0.005650000000000001
16392299.0,0.005950000000000002
16396214.5,0.005850000000000001
16403514.0,0.005650000000000001
16411529.5,0.005500000000000002
16416172.5,0.00555
16420039.5,0.00555
16425336.0,0.005500000000000002
16430834.0,0.006150000000000001
16435771.5,0.005850000000000001
16440553.0,0.005700000000000001
16445377.0,0.00605
16450366.0,0.005800000000000001
16454760.0,0.006500000000000002
16459269.0,0.006450000000000001
16464920.5,0.006200000000000001
16469939.0,0.006750000000000001
16473700.0,0.006750000000000001
16478663.5,0.006500000000000002
16483656.5,0.006500000000000002
16487632.5,0.006450000000000002
16491544.0,0.006250000000000001
16495835.5,0.0068000000000000005
16500797.0,0.0071
16504950.5,0.006650000000000001
16509171.0,0.006200000000000001
16515741.0,0.005750000000000002
16523085.5,0.00655
16528829.0,0.0060500000000000016
16534070.5,0.005700000000000001
16538746.5,0.005700000000000001
16542509.5,0.0060500000000000016
16546405.0,0.005700000000000001
16550418.0,0.005900000000000001
16554415.5,0.006750000000000001
16557836.5,0.005950000000000002
16561286.5,0.005950000000000002
16565245.5,0.0056
16568876.0,0.005650000000000001
16572696.5,0.005650000000000001
16577158.0,0.00555
16581064.0,0.005950000000000002
16584997.5,0.005400000000000001
16589255.5,0.0057
16593087.0,0.0057
16596842.5,0.005450000000000001
16600724.0,0.005650000000000001
16604850.5,0.00555
16608600.5,0.005650000000000001
16612164.5,0.005950000000000002
16615812.5,0.006200000000000001
16619816.5,0.005900000000000001
16623957.5,0.00625
16627858.0,0.006100000000000001
16631790.5,0.005800000000000001
16635448.0,0.005900000000000001
16638855.0,0.006200000000000001
16642282.0,0.005900000000000001
16645876.0,0.0065000000000000014
16649308.5,0.006100000000000001
16652902.0,0.006300000000000002
16656685.5,0.005900000000000001
16660424.5,0.005450000000000001
16664191.5,0.005750000000000002
16667865.5,0.005900000000000001
16671267.5,0.0064
16674907.5,0.006000000000000002
16678924.0,0.005900000000000001
16682973.0,0.006100000000000001
16686688.5,0.00555
16690983.5,0.005750000000000001
16695874.0,0.005650000000000001
16700131.0,0.005650000000000001
16704337.5,0.005850000000000001
16708258.0,0.0056
16711765.0,0.005800000000000001
16715350.5,0.005500000000000002
16719382.0,0.005850000000000001
16723394.5,0.00555
16726975.0,0.0056
16730862.5,0.0056
16734861.0,0.0056
16739186.5,0.005750000000000001
16744171.0,0.005650000000000001
16748329.0,0.005500000000000002
16751583.5,0.005650000000000001
16755044.5,0.005650000000000001
16758709.0,0.005750000000000001
16762600.0,0.005700000000000001
16766641.5,0.005950000000000002
16770597.0,0.006550000000000002
16774316.0,0.005900000000000001
16778519.5,0.005850000000000001
16782639.0,0.006200000000000001
16786173.5,0.00635
16789776.0,0.006600000000000001
16793226.5,0.006150000000000001
16796871.0,0.0063
16802779.0,0.00635
16808888.0,0.00625
16812981.5,0.006050000000000001
16817063.0,0.005850000000000002
16821612.0,0.0064
16825926.0,0.005950000000000002
16829413.5,0.0064
16834886.0,0.005700000000000001
16843411.5,0.005950000000000002
16852898.5,0.0056
16861345.0,0.005650000000000001
16866702.5,0.005900000000000001
16870466.0,0.00555
16874437.5,0.00555
16878245.0,0.005650000000000001
16882089.0,0.005750000000000001
16894271.5,0.0053500000000000015
16910305.0,0.006100000000000001
16917925.0,0.007
16922806.0,0.006550000000000002
16929495.5,0.006150000000000001
16945252.5,0.006000000000000002
16961007.0,0.005850000000000001
16966240.0,0.005700000000000001
16969742.5,0.006000000000000002
16973001.5,0.005850000000000002
16976614.5,0.005800000000000001
16981076.0,0.006450000000000001
16985866.5,0.006500000000000002
16991116.5,0.006750000000000001
16995967.5,0.00635
16999799.0,0.007600000000000001
17006014.5,0.006800000000000001
17012996.0,0.007350000000000001
17017552.0,0.00655
17021322.0,0.0060500000000000016
17026137.5,0.005650000000000001
17032028.5,0.005950000000000002
17037237.0,0.006250000000000001
17041390.0,0.0063
17044742.5,0.007
17047946.0,0.006200000000000001
17051619.0,0.005850000000000001
17056061.0,0.005750000000000001
17060118.0,0.005850000000000002
17064420.0,0.006100000000000001
17069766.5,0.00645
17074217.0,0.006200000000000001
17078373.0,0.005850000000000001
17085155.5,0.005950000000000002
17091602.5,0.00635
17097032.5,0.005800000000000001
17104144.5,0.0056
17113417.0,0.005500000000000002
17120779.5,0.006000000000000002
17124439.5,0.0056
17128054.5,0.005400000000000001
17131728.5,0.005950000000000002
17135470.5,0.005800000000000001
17139360.5,0.006000000000000002
17144815.0,0.006100000000000001
17150807.0,0.005700000000000001
17155190.0,0.0060500000000000016
17159251.0,0.0060500000000000016
17163744.5,0.006200000000000001
17168039.0,0.00645
17171904.0,0.006200000000000001
17175591.0,0.0065
17179032.0,0.00635
17182292.5,0.0065
17186156.0,0.00635
17190197.0,0.00695
17193531.5,0.00685
17196701.0,0.006200000000000001
17199982.0,0.006800000000000001
17203422.5,0.005800000000000001
17206913.5,0.005800000000000001
17210459.0,0.0060500000000000016
17214255.5,0.005900000000000002
17219718.0,0.005850000000000002
17228221.0,0.006250000000000001
17234933.0,0.006050000000000001
17238246.5,0.005900000000000002
17242561.0,0.0060500000000000016
17247057.5,0.006200000000000001
17250688.0,0.005750000000000001
17254331.5,0.005850000000000002
17257823.5,0.006650000000000001
17262611.0,0.0056
17267541.5,0.006100000000000001
17272550.5,0.0056
17278307.0,0.005750000000000001
17282459.0,0.005650000000000001
17286839.0,0.0056
17292537.0,0.006100000000000001
17300038.5,0.006250000000000001
17306374.5,0.0064
17309928.5,0.005850000000000001
17315370.0,0.005750000000000001
17320622.0,0.00555
17323789.0,0.005850000000000002
17327292.5,0.005700000000000001
17330980.0,0.005850000000000002
17334279.0,0.005900000000000002
17337591.5,0.005750000000000001
17342561.0,0.0053500000000000015
17347464.5,0.006500000000000001
17350542.5,0.006450000000000001
17354751.5,0.006000000000000002
17359179.5,0.006000000000000002
17362983.5,0.00595
17366984.5,0.0063
17370491.0,0.00655
17374495.5,0.006950000000000001
17379773.0,0.005800000000000001
17385842.5,0.006150000000000001
17391807.5,0.00595
17397640.0,0.005750000000000001
17402298.5,0.005800000000000001
17408282.5,0.005650000000000001
17414988.0,0.006750000000000001
17419790.5,0.006800000000000001
17425101.0,0.006900000000000001
17430005.0,0.006600000000000001
17433714.0,0.007
17437092.0,0.007600000000000001
17440835.0,0.007450000000000001
17444810.5,0.00725
17448536.5,0.006750000000000001
17453321.5,0.006250000000000001
17457887.5,0.0064
17461095.5,0.006200000000000001
17464703.5,0.00635
17468395.0,0.00655
17472005.5,0.0064
17475527.5,0.006500000000000001
17478723.5,0.0067
17481946.0,0.006450000000000001
17485201.0,0.0064
17488552.5,0.005850000000000001
17491859.0,0.0063
17495031.0,0.00655
17498186.5,0.006500000000000001
17502310.5,0.00635
17506589.5,0.0064
17509935.0,0.00655
17513515.0,0.0066
17517297.5,0.006950000000000001
17520969.5,0.00755
17524554.0,0.00715
17529079.5,0.00725
17533796.5,0.0069500000000000004
17537751.5,0.00655
17541449.0,0.006250000000000001
17545281.5,0.006700000000000001
17549584.0,0.00625
17553790.5,0.005850000000000002
17557681.0,0.006000000000000002
17561352.0,0.005750000000000001
17564856.5,0.005750000000000001
17568414.5,0.0063
17572679.5,0.005850000000000001
17577505.0,0.0060500000000000016
17581856.0,0.006600000000000001
17585742.5,0.00635
17589627.5,0.006150000000000001
17593231.0,0.00605
17596535.5,0.006600000000000001
17600589.0,0.007150000000000001
17604892.0,0.0076500000000000005
17608689.5,0.007150000000000001
17612824.0,0.0073
17617670.5,0.0069500000000000004
17622027.0,0.006450000000000002
17625604.0,0.006150000000000001
17629237.0,0.006850000000000001
17633221.5,0.007100000000000001
17637616.5,0.0069
17641746.0,0.006800000000000001
17646211.5,0.00645
17651680.0,0.006400000000000001
17656462.0,0.006
17660298.0,0.005650000000000001
17664655.5,0.006
17668784.5,0.005900000000000001
17672136.5,0.006000000000000002
17675705.5,0.006150000000000001
17679864.5,0.005900000000000002
17683770.5,0.006900000000000002
17687335.0,0.0073
17691984.0,0.007450000000000001
17696730.0,0.0073
17700693.0,0.00655
17704895.5,0.006000000000000002
17708784.0,0.006650000000000001
17712086.5,0.007100000000000001
17715237.5,0.00655
17718965.5,0.00625
17723750.5,0.005850000000000002
17728280.0,0.006200000000000001
17732085.0,0.00625
17735612.0,0.0060500000000000016
17738777.0,0.006200000000000001
17741904.5,0.005800000000000001
17745062.5,0.006600000000000001
17748174.5,0.006100000000000001
17751408.0,0.00655
17754779.5,0.00635
17758393.5,0.006650000000000001
17761899.0,0.0060500000000000016
17765194.0,0.00625
17768879.0,0.006250000000000001
17772818.5,0.006250000000000001
17776825.5,0.006150000000000001
17780813.0,0.006050000000000001
17784569.5,0.006100000000000001
17788755.0,0.0060500000000000016
17792925.5,0.005850000000000002
17796297.5,0.005900000000000002
17799803.0,0.006000000000000002
17803997.0,0.00595
17807790.0,0.005850000000000002
17810967.5,0.005700000000000001
17814454.5,0.005700000000000001
17818327.5,0.006100000000000001
17822086.5,0.0060500000000000016
17825848.0,0.0060500000000000016
17830145.5,0.00595
17834268.5,0.00625
17838600.5,0.005850000000000002
17842951.0,0.006600000000000001
17848800.5,0.00645
17855550.5,0.006700000000000001
17860481.0,0.006700000000000001
17865279.0,0.0071
17869473.5,0.00655
17872722.0,0.006150000000000001
17876178.0,0.00725
17879598.0,0.007400000000000001
17882876.5,0.0073
17886041.0,0.006750000000000001
17889155.0,0.007050000000000001
17892328.5,0.00595
17895548.5,0.005900000000000001
17899224.5,0.005700000000000001
17902877.5,0.006100000000000001
17906024.5,0.006200000000000001
17909124.0,0.0073
17912935.5,0.005950000000000002
17917501.5,0.005800000000000001
17923303.5,0.00555
17929879.0,0.005500000000000002
17934999.0,0.006250000000000001
17938874.0,0.007
17942412.5,0.007850000000000001
17945874.5,0.0074
17949788.0,0.0069500000000000004
17953596.5,0.0073999999999999995
17957027.0,0.008150000000000001
17960923.0,0.006450000000000001
17964656.5,0.0064
17968071.0,0.006900000000000002
17971778.0,0.006150000000000001
17975523.5,0.0061
17978872.0,0.006050000000000001
17981943.5,0.005850000000000002
17985095.5,0.00595
17988267.0,0.006450000000000001
17991713.0,0.00645
17995109.0,0.006450000000000001
17998216.0,0.00625
18001292.5,0.006800000000000001
18004333.0,0.006200000000000001
18007387.5,0.00655
18010406.5,0.006150000000000001
18013458.0,0.005850000000000002
18016490.5,0.005800000000000001
18019628.5,0.005700000000000001
18022844.5,0.006000000000000002
18025923.0,0.005800000000000001
18029010.5,0.005750000000000001
18032202.5,0.005700000000000001
18035321.5,0.0056
18038413.0,0.005850000000000002
18041652.0,0.005850000000000002
18044873.0,0.006200000000000001
18048202.0,0.006300000000000002
18051574.5,0.006150000000000001
18056172.0,0.005900000000000001
18061117.5,0.005850000000000002
18064778.5,0.005750000000000001
18069156.5,0.006000000000000002
18074591.5,0.005700000000000001
18080238.0,0.005750000000000001
18085859.5,0.00555
18090740.0,0.005750000000000001
18095992.5,0.005750000000000002
18104290.0,0.007500000000000001
18111314.0,0.006900000000000002
18114747.5,0.010100000000000001
18118363.0,0.009749999999999998
18124005.5,0.005750000000000002
18129518.0,0.005500000000000002
18133053.5,0.006700000000000001
18136508.0,0.006200000000000001
18140009.5,0.00595
18143441.0,0.00625
18146647.5,0.007050000000000001
18149659.5,0.007250000000000001
18153038.5,0.0066500000000000005
18156533.0,0.005750000000000001
18159941.0,0.006300000000000002
18163399.0,0.006100000000000001
18167367.5,0.006150000000000001
18171289.0,0.00655
18174642.5,0.00675
18177854.5,0.006450000000000001
18181155.5,0.006100000000000001
18185059.5,0.006100000000000001
18188816.5,0.006150000000000001
18192057.0,0.005850000000000002
18195281.5,0.006200000000000001
18198870.5,0.006000000000000001
18203095.5,0.005700000000000001
18206949.0,0.006000000000000001
18210184.5,0.00635
18213705.5,0.006000000000000002
18218648.0,0.005950000000000002
18223511.5,0.005900000000000001
18226978.5,0.005650000000000001
18230168.5,0.006150000000000001
18233341.5,0.006600000000000001
18236643.5,0.005900000000000001
18240060.0,0.005850000000000002
18243379.0,0.0056
18246571.5,0.0056
18249905.0,0.005850000000000002
18253329.5,0.005800000000000001
18256677.0,0.005900000000000001
18259867.5,0.006000000000000001
18262955.5,0.00595
18266104.0,0.006100000000000001
18269258.5,0.0066500000000000005
18272492.0,0.005950000000000002
18275949.5,0.006200000000000001
18279469.0,0.0074
18283033.0,0.006550000000000002
18286379.5,0.006450000000000002
18289610.5,0.0063500000000000015
18293899.0,0.006200000000000001
18300856.0,0.006200000000000001
18307193.5,0.006500000000000001
18311763.0,0.00635
18316192.5,0.006000000000000001
18319890.5,0.007050000000000001
18324224.5,0.005900000000000002
18328499.0,0.00675
18332282.5,0.006600000000000001
18336170.0,0.00695
18340731.0,0.00655
18345303.5,0.0068
18348764.0,0.007050000000000001
18351943.0,0.006700000000000001
18355162.5,0.007150000000000001
18358543.5,0.008300000000000002
18361952.0,0.0076500000000000005
18365879.5,0.006500000000000001
18369854.5,0.0073
18373484.0,0.006500000000000001
18377015.0,0.006850000000000001
18380885.0,0.0073999999999999995
18385067.0,0.006450000000000001
18388609.0,0.0067
18392270.0,0.0063
18396392.5,0.006500000000000001
18400318.5,0.006450000000000001
18403729.5,0.00595
18406970.0,0.006200000000000001
18410214.5,0.00655
18413472.5,0.006150000000000001
18416745.5,0.006750000000000001
18419909.5,0.006850000000000001
18422999.5,0.0074
18426143.0,0.007000000000000001
18429447.0,0.00655
18432882.0,0.00725
18436454.5,0.007250000000000001
18439846.0,0.007500000000000001
18442819.5,0.007449999999999999
18445875.5,0.007200000000000001
18449271.5,0.007050000000000001
18452848.0,0.007500000000000001
18456246.0,0.007500000000000001
18460145.5,0.007000000000000001
18463990.0,0.007850000000000001
18467130.0,0.0074
18470223.0,0.00765
18473309.0,0.007850000000000001
18476412.0,0.007500000000000001
18479684.5,0.0076
18483217.0,0.00745
18486661.5,0.0085
18490222.5,0.009300000000000001
18493732.5,0.00915
18496993.5,0.009550000000000001
18500425.0,0.011400000000000002
18503888.0,0.013950000000000004
18507156.0,0.024350000000000004
18510479.5,0.013600000000000003
18513832.5,0.0125
18517089.0,0.01115
18520253.5,0.010450000000000001
18523254.5,0.01115
18526390.0,0.00905
18529944.5,0.01185
18533600.5,0.011600000000000001
18537291.0,0.01105
18541249.0,0.010499999999999999
18544877.0,0.011500000000000002
18548362.0,0.0116
18551937.5,0.012650000000000002
18555395.5,0.0119
18558963.5,0.013400000000000002
18562722.5,0.008649999999999998
18566814.5,0.011300000000000001
18570647.5,0.01535
18573987.5,0.013150000000000002
18577361.0,0.012
18580727.5,0.010350000000000002
18584178.0,0.0108
18587905.5,0.0104
18592031.5,0.01425
18596224.5,0.0109
18601172.5,0.011850000000000001
18606632.0,0.0125
18611176.0,0.01255
18615523.5,0.01525
18619631.5,0.0121
18623328.5,0.011
18628085.0,0.0143
18633102.0,0.0126
18637049.5,0.014000000000000002
18640920.0,0.01565
18644773.0,0.019500000000000003
18648829.5,0.0189
18653159.0,0.01845
18657393.5,0.028200000000000006
18662005.5,0.009949999999999999
18798512.0,0.006150000000000001
18934787.5,0.008550000000000002
18939560.0,0.0131
18944431.5,0.023050000000000005
18948791.5,0.021150000000000002
18952954.0,0.01845
18957598.0,0.016900000000000002
18962729.5,0.0168
18967440.5,0.01865
18971509.5,0.014199999999999999
18975452.5,0.0114
18979305.0,0.011899999999999999
18983031.5,0.0115
18987003.0,0.00995
18991101.5,0.010100000000000001
18994728.5,0.01065
18998319.5,0.00915
19002249.5,0.008450000000000001
19007170.0,0.009400000000000002
19011975.5,0.0122
19015934.0,0.01075
19019761.5,0.010599999999999998
19023358.5,0.0126
19027672.0,0.009899999999999999
19031788.0,0.0116
19035521.0,0.010950000000000001
19039657.5,0.00945
19043479.5,0.0072
19047262.5,0.00875
19051254.0,0.0092
19054875.0,0.009249999999999998
19058143.5,0.00905
19061473.0,0.01015
19065332.0,0.0109
19069131.5,0.00855
19072505.0,0.009199999999999998
19075770.5,0.00885
19079191.0,0.0091
19083296.5,0.0076
19088381.5,0.00765
19093292.0,0.00715
19097061.5,0.01
19100625.5,0.0086
19104330.0,0.009000000000000001
19108027.0,0.00915
19112059.5,0.008700000000000001
19116454.0,0.00945
19120449.0,0.0078000000000000005
19123970.5,0.00925
19127319.5,0.00895
19130932.5,0.009999999999999998
19134956.5,0.010499999999999999
19138780.0,0.0102
19142831.5,0.010700000000000001
19146634.0,0.00915
19149716.0,0.011099999999999999
19152769.0,0.008
19156005.0,0.00895
19159650.0,0.00945
19163192.0,0.0092
19166502.0,0.00965
19169699.0,0.010249999999999999
19172793.5,0.010349999999999998
19175859.0,0.0104
19178992.0,0.0103
19182188.0,0.0092
19185250.5,0.014049999999999998
19188884.0,0.0131
19192629.5,0.011300000000000001
19195880.5,0.009649999999999999
19199049.5,0.00905
19202239.0,0.00835
19205467.5,0.00785
19209186.0,0.0085
19213440.0,0.00685
19223447.0,0.00755
19235262.5,0.016100000000000003
19247442.5,0.006750000000000001
19257377.0,0.0071
19264380.0,0.006250000000000001
19272342.0,0.007050000000000001
19277057.0,0.0076
19281513.5,0.008050000000000002
19285696.5,0.0081
19289484.5,0.007350000000000001
19293338.5,0.0079
19297034.5,0.007200000000000001
19300615.5,0.006750000000000001
19304445.0,0.006800000000000001
19308305.0,0.006150000000000001
19311754.5,0.006600000000000001
19315138.5,0.0066500000000000005
19318774.5,0.00635
19322741.0,0.0072
19326473.5,0.0076500000000000005
19329842.0,0.00645
19333160.5,0.006700000000000001
19336259.5,0.00735
19339432.5,0.00645
19342614.0,0.0066500000000000005
19345722.0,0.0069
19348818.0,0.00655
19352119.0,0.00715
19355635.5,0.006200000000000001
19359097.5,0.006000000000000002
19362806.0,0.006650000000000001
19366551.0,0.006850000000000001
19371572.0,0.006500000000000002
19376987.5,0.00645
19380973.5,0.006750000000000001
19384661.0,0.006150000000000001
19388343.0,0.006850000000000001
19391974.5,0.006750000000000001
19395690.0,0.0068000000000000005
19399873.0,0.006200000000000001
19404082.0,0.0064
19407721.5,0.006100000000000001
19412305.5,0.006200000000000001
19416840.0,0.006200000000000001
19419982.0,0.005850000000000001
19423402.5,0.006000000000000002
19427643.5,0.0064
19431709.0,0.0064
19435040.5,0.006450000000000002
19438571.0,0.007050000000000001
19442679.0,0.006450000000000001
19447184.5,0.0063
19451631.0,0.00635
19455818.5,0.00635
19459590.5,0.006250000000000001
19463156.0,0.0066500000000000005
19466622.0,0.006650000000000001
19470281.5,0.006250000000000001
19474702.0,0.005950000000000002
19479291.0,0.006100000000000001
19483189.5,0.005800000000000001
19488338.0,0.00655
19494127.0,0.006200000000000001
19498850.5,0.0064
19504333.5,0.006200000000000001
19509774.5,0.006100000000000001
19513999.5,0.00555
19517930.5,0.005650000000000001
19522184.5,0.0063
19526226.5,0.00555
19530208.5,0.00625
19534334.0,0.00625
19538476.0,0.006150000000000001
19542629.5,0.006250000000000001
19547283.5,0.005650000000000001
19551870.5,0.005950000000000002
19557085.5,0.005900000000000001
19568330.5,0.005500000000000002
19579821.5,0.005800000000000001
19586245.0,0.005850000000000001
19591196.5,0.005950000000000002
19596664.0,0.006000000000000002
19602210.5,0.0056
19607000.0,0.005750000000000001
19612060.5,0.005900000000000001
19617547.5,0.006250000000000001
19623874.5,0.005750000000000001
19629804.0,0.006450000000000002
19634720.5,0.0056
19640421.0,0.005900000000000001
19645698.5,0.0063
19649235.5,0.005950000000000002
19653031.5,0.006500000000000002
19656739.5,0.006100000000000001
19659968.0,0.005900000000000001
19663401.5,0.0060500000000000016
19667023.0,0.0063
19670418.0,0.0063
19674025.0,0.005850000000000001
19677621.5,0.006500000000000002
19680930.0,0.005700000000000001
19684429.5,0.005650000000000001
19688675.5,0.005700000000000001
19693179.0,0.005900000000000002
19697087.0,0.006150000000000001
19700629.5,0.006000000000000002
19704486.0,0.005850000000000002
19708415.5,0.006050000000000001
19711796.5,0.006150000000000001
19715274.5,0.005850000000000002
19718725.0,0.005900000000000001
19722486.5,0.006150000000000001
19726482.0,0.005950000000000002
19729984.0,0.005900000000000001
19733450.5,0.005900000000000001
19736798.0,0.0060500000000000016
19740034.5,0.00595
19743405.0,0.005700000000000001
19747055.5,0.006000000000000002
19750813.5,0.005800000000000001
19754814.5,0.006200000000000001
19761364.5,0.006400000000000001
19767834.5,0.006250000000000001
19771694.5,0.006650000000000001
19775130.5,0.005900000000000002
19778893.5,0.006650000000000001
19782675.5,0.006700000000000001
19786507.0,0.006800000000000001
19790358.5,0.00595
19794213.5,0.0064
19800744.0,0.005900000000000001
19806885.5,0.005800000000000001
19810548.5,0.005950000000000002
19814347.5,0.005800000000000001
19818182.5,0.005850000000000001
19821728.5,0.005900000000000001
19825303.0,0.005900000000000001
19829729.0,0.005800000000000001
19834261.5,0.005700000000000001
19838178.0,0.0064
19841864.0,0.006100000000000001
19845991.5,0.006100000000000001
19850870.0,0.005950000000000002
19855700.0,0.005800000000000001
19860918.5,0.0056
19866008.5,0.0056
19870671.5,0.005850000000000002
19875494.5,0.00655
19880676.5,0.006850000000000001
19885709.5,0.006850000000000002
19889707.0,0.008050000000000002
19893633.0,0.009600000000000001
19897554.5,0.007500000000000001
19901178.0,0.00765
19904638.5,0.006950000000000001
19908219.0,0.006200000000000001
19911679.5,0.00655
19914898.5,0.006500000000000001
19918177.5,0.007050000000000001
19921465.0,0.007300000000000001
19924629.0,0.0071
19927791.5,0.00685
19931094.0,0.006900000000000002
19935094.0,0.00655
19939074.5,0.006600000000000001
19942571.0,0.006150000000000001
19946733.0,0.005850000000000002
19950613.5,0.006600000000000001
19953737.0,0.006600000000000001
19956952.0,0.006850000000000002
19960317.0,0.006600000000000001
19964476.5,0.005900000000000002
19969116.0,0.006000000000000002
19973771.0,0.006250000000000001
19978620.0,0.0064
19982984.5,0.006250000000000001
19986784.0,0.00635
19990462.5,0.00625
19994867.0,0.0060500000000000016
19999721.5,0.00645
20004221.5,0.005750000000000001
20012266.5,0.005750000000000002
20020221.5,0.0060500000000000016
20024407.0,0.005800000000000001
20028960.0,0.006100000000000001
20033892.5,0.006100000000000001
20038682.0,0.005950000000000002
20043695.0,0.005900000000000002
20048129.5,0.006000000000000002
20052093.5,0.00635
20057434.5,0.0064
20062473.0,0.00645
20066791.5,0.006150000000000001
20071566.0,0.00635
20076410.5,0.00885
20080718.0,0.007150000000000001
20084679.5,0.00655
20088990.5,0.006650000000000001
20093327.0,0.006200000000000001
20097845.0,0.006500000000000002
20103411.5,0.006150000000000001
20109070.0,0.006200000000000001
20114055.5,0.007050000000000001
20118780.0,0.007150000000000001
20123400.0,0.006850000000000002
20128090.0,0.007050000000000001
20132628.0,0.0071
20136549.5,0.00645
20139758.5,0.006600000000000001
20143069.0,0.006500000000000001
20146476.5,0.006700000000000001
20150131.5,0.007350000000000001
20153628.5,0.0075000000000000015
20156951.5,0.007250000000000001
20160362.0,0.0073
20163521.5,0.0077
20166641.0,0.006450000000000001
20169825.0,0.007100000000000001
20173155.0,0.0082
20177624.5,0.0069500000000000004
20182454.0,0.006650000000000001
20187028.5,0.006300000000000002
20191235.5,0.00635
20194607.5,0.0064
20198001.0,0.0060500000000000016
20201780.5,0.0069500000000000004
20205560.5,0.007050000000000001
20212624.5,0.00685
20222382.5,0.006750000000000002
20229370.0,0.0067
20233733.5,0.0079
20237278.0,0.007750000000000002
20240695.0,0.007050000000000001
20246031.0,0.007800000000000001
20251383.5,0.00765
20255171.0,0.008050000000000002
20259333.0,0.007600000000000001
20263420.5,0.007050000000000001
20266965.5,0.007050000000000001
20270202.0,0.0082
20273762.5,0.006850000000000001
20277314.5,0.00855
20280868.5,0.00845
20284791.5,0.007350000000000001
20291076.0,0.006700000000000001
20297484.0,0.007150000000000001
20301962.5,0.006900000000000001
20306068.5,0.0066500000000000005
20309373.0,0.0074
20313123.5,0.0071
20317236.0,0.00745
20320685.5,0.006700000000000001
20324248.5,0.0066500000000000005
20328622.0,0.0069500000000000004
20333467.0,0.006700000000000001
20338681.0,0.0064
20343832.0,0.0069500000000000004
20348163.5,0.0066500000000000005
20352463.0,0.007600000000000001
20357296.5,0.0066500000000000005
20363537.0,0.007200000000000001
20369157.5,0.0071
20373264.0,0.006150000000000001
20378436.5,0.006150000000000001
20383150.5,0.00785
20386640.5,0.006950000000000001
20390348.0,0.007
20394539.0,0.007250000000000001
20398732.0,0.007700000000000001
20402912.5,0.0078000000000000005
20407440.5,0.00735
20414460.0,0.0074
20421195.0,0.0073999999999999995
20425977.5,0.0087
20430726.5,0.006950000000000001
20434701.5,0.006700000000000001
20439487.5,0.005700000000000001
20444462.5,0.0053500000000000015
20448754.0,0.006900000000000001
20452588.5,0.007150000000000001
20456974.5,0.00655
20461593.0,0.006800000000000001
20465660.5,0.007100000000000001
20469722.5,0.0071
20473530.5,0.00635
20477334.5,0.006700000000000001
20480975.0,0.007
20485593.5,0.0074
20491992.5,0.008800000000000002
20499105.5,0.00935
20504903.0,0.008550000000000002
20510818.0,0.008700000000000001
20516365.0,0.008550000000000002
20519865.0,0.00835
20523899.0,0.009150000000000002
20529002.5,0.00895
20533517.5,0.0076500000000000005
20536978.0,0.0094
20540829.5,0.008900000000000002
20545353.0,0.00895
20549417.5,0.00915
20553054.5,0.009400000000000002
20556805.0,0.00945
20560977.0,0.007949999999999999
20565222.0,0.010650000000000001
20568912.5,0.009850000000000001
20572903.0,0.010500000000000002
20577428.5,0.010750000000000001
20581483.0,0.01055
20585310.5,0.011450000000000002
20588809.5,0.0104
20592019.0,0.009850000000000001
20595949.0,0.009250000000000001
20599741.0,0.009850000000000001
20603040.5,0.00915
20606507.0,0.00935
20612242.5,0.006800000000000001
20618361.0,0.009050000000000002
20622398.0,0.00955
20626335.0,0.00885
20630973.0,0.009049999999999999
20635944.0,0.009400000000000002
20640228.5,0.008650000000000001
20647593.5,0.0088
20654785.5,0.009600000000000001
20658728.5,0.010050000000000002
20662778.5,0.00965
20666241.0,0.00955
20669663.5,0.008450000000000001
20673224.5,0.0079
20676721.0,0.0064
20680596.5,0.0074
20684923.5,0.008400000000000001
20689127.5,0.00835
20693689.5,0.0085
20697982.0,0.00935
20701294.5,0.00895
20705363.0,0.00885
20710251.0,0.0086
20715941.5,0.0086
20721162.0,0.008350000000000002
20726463.5,0.00995
20731745.0,0.0092
20735807.5,0.0092
20740123.5,0.0097
20744005.5,0.0092
20747472.5,0.0093
20750849.5,0.0085
20754205.5,0.0091
20757466.0,0.010450000000000001
20761791.5,0.009600000000000001
20766686.5,0.010100000000000001
20770649.0,0.0098
20774721.0,0.008450000000000001
20779969.5,0.009300000000000003
20785927.0,0.0088
20791144.5,0.009050000000000002
20795926.0,0.0103
20800263.0,0.010500000000000002
20804021.0,0.010350000000000002
20807503.0,0.010450000000000001
20813218.0,0.01145
20819182.5,0.01145
20822632.5,0.0109
20826048.0,0.0112
20829952.0,0.011250000000000001
20833908.5,0.0119
20837313.5,0.01225
20840507.5,0.012199999999999999
20843920.0,0.012500000000000002
20847715.5,0.01285
20851368.5,0.01345
20854622.5,0.015600000000000003
20857776.0,0.015700000000000002
20860938.5,0.015200000000000002
20864228.0,0.012600000000000004
20867464.5,0.013350000000000002
20870607.5,0.012700000000000001
20874056.5,0.012150000000000001
20877487.5,0.0109
20880535.0,0.0092
20883712.0,0.00915
20886927.0,0.009049999999999999
20890026.0,0.008050000000000002
20893583.0,0.008350000000000002
20897392.0,0.0081
20900888.0,0.00725
20904144.0,0.008450000000000001
20907621.0,0.0089
20911180.0,0.009
20914624.5,0.00855
20918012.0,0.009900000000000003
20921765.5,0.008050000000000002
20926004.0,0.008450000000000001
20930201.5,0.00775
20934004.5,0.006900000000000002
20937830.0,0.0077
20942269.5,0.007150000000000001
20947090.0,0.0086
20951273.0,0.00645
20954740.0,0.0077
20958215.0,0.007
20961417.0,0.007200000000000001
20964617.0,0.007450000000000001
20968784.0,0.0076
20973113.0,0.00865
20976872.0,0.0076
20980778.5,0.007350000000000001
20985699.5,0.00755
20991071.0,0.00825
20995392.0,0.007949999999999999
21003596.0,0.00745
21011582.5,0.007050000000000001
21014780.5,0.00955
21018379.0,0.00815
21023394.0,0.00685
21028686.5,0.006750000000000001
21032821.5,0.0068
21036521.5,0.00715
21040647.0,0.00715
21054073.5,0.0068
21067718.0,0.0078
21072310.5,0.00785
21076597.5,0.006950000000000001
21080822.5,0.008400000000000001
21084473.5,0.00935
21087733.0,0.00865
21091391.5,0.008000000000000002
21095004.5,0.006850000000000001
21098451.5,0.007500000000000001
21102123.0,0.006900000000000001
21106331.5,0.0060500000000000016
21110596.0,0.005900000000000002
21114851.0,0.005900000000000001
21119212.5,0.005700000000000001
21123185.0,0.006600000000000001
21126816.5,0.006100000000000001
21130984.5,0.005750000000000001
21135071.5,0.00595
21138561.5,0.0064
21142985.5,0.00635
21147204.0,0.006000000000000002
21150863.5,0.005750000000000001
21155131.0,0.005850000000000002
21159565.0,0.0063500000000000015
21163302.0,0.0068
21167153.5,0.005750000000000001
21171510.0,0.006450000000000001
21175526.0,0.00655
21179960.5,0.0074
21184075.0,0.005950000000000002
21187430.0,0.0063
21191758.5,0.005750000000000002
21197245.0,0.006150000000000001
21201837.0,0.006000000000000002
21206099.0,0.0060500000000000016
21210849.5,0.006100000000000001
21214777.5,0.006450000000000001
21219103.0,0.0060500000000000016
21223637.5,0.00595
21228106.5,0.006000000000000001
21233030.5,0.0062000000000000015
21237398.0,0.006650000000000001
21241700.0,0.00655
21246008.5,0.0064
21250520.5,0.006200000000000001
21254966.5,0.006650000000000001
21261184.0,0.0064
21267236.0,0.006650000000000001
21270801.0,0.0078000000000000005
21274187.0,0.00775
21277927.0,0.006500000000000001
21282501.5,0.006700000000000001
21286497.0,0.007500000000000001
21290600.5,0.006600000000000001
21294825.5,0.0085
21298938.5,0.008300000000000002
21303607.0,0.0071
21307629.0,0.007300000000000001
21311869.0,0.0072
21316531.5,0.00635
21321108.0,0.006450000000000002
21326834.0,0.006000000000000002
21332383.0,0.00635
21337506.0,0.005800000000000001
21343271.5,0.005900000000000001
21347967.5,0.007000000000000001
21352269.5,0.0068
21357085.0,0.006450000000000001
21361823.0,0.006800000000000001
21366260.0,0.006850000000000001
21370464.5,0.006650000000000001
21375265.0,0.006200000000000001
21379970.0,0.006800000000000001
21385681.5,0.006550000000000002
21391651.0,0.006600000000000001
21396167.5,0.007150000000000001
21401359.5,0.006150000000000001
21406383.5,0.006600000000000001
21410012.0,0.00725
21413386.5,0.0077
21416920.5,0.007750000000000001
21420514.5,0.0073
21424230.0,0.0078
21427722.5,0.0081
21430964.5,0.0069500000000000004
21434607.0,0.008650000000000001
21438745.0,0.007150000000000001
21442752.5,0.0071
21446697.0,0.007200000000000001
21451076.0,0.0074
21455149.5,0.006600000000000001
21458748.5,0.006450000000000001
21462895.5,0.00635
21467388.5,0.006700000000000001
21471921.0,0.006700000000000001
21476519.0,0.0069500000000000004
21481540.0,0.006150000000000001
21486736.5,0.007000000000000001
21491536.0,0.006850000000000001
21497018.5,0.006850000000000001
21502599.5,0.006950000000000001
21507477.5,0.006950000000000001
21513089.0,0.0068000000000000005
21518980.5,0.00695
21524220.5,0.006150000000000001
21529391.5,0.006850000000000002
21534277.5,0.0060500000000000016
21538220.5,0.0069
21541460.0,0.00625
21544806.0,0.00625
21548318.5,0.0064
21551824.5,0.006150000000000001
21555043.5,0.006600000000000001
21558161.0,0.006500000000000001
21561331.5,0.0064
21564555.5,0.006000000000000002
21567949.0,0.006300000000000002
21571305.5,0.0073
21574386.5,0.00765
21577405.5,0.007250000000000001
21580689.0,0.006999999999999999
21584113.0,0.007
21587454.0,0.0073999999999999995
21590728.5,0.006800000000000001
21593942.5,0.007000000000000001
21597138.0,0.006500000000000001
21600244.5,0.0069500000000000004
21603502.0,0.0071
21606948.0,0.0071
21610329.0,0.00665
21613776.5,0.0066500000000000005
21617059.0,0.006750000000000001
21620139.0,0.00765
21623212.5,0.006600000000000001
21626265.5,0.007200000000000001
21629330.0,0.0076
21632450.0,0.0066
21635593.5,0.006750000000000001
21638789.0,0.006600000000000001
21642050.5,0.0066500000000000005
21645305.5,0.006800000000000001
21648573.5,0.0068
21651936.5,0.00675
21655376.5,0.0066500000000000005
21658788.0,0.007000000000000001
21662050.5,0.006600000000000001
21665133.5,0.00745
21668207.5,0.0072000000000000015
21671663.0,0.007799999999999999
21675032.0,0.007200000000000001
21678467.0,0.00725
21682159.5,0.0069500000000000004
21686791.0,0.0076
21691138.5,0.00655
21694163.5,0.00825
21697341.5,0.0073999999999999995
21700513.0,0.00765
21703585.0,0.00695
21706658.5,0.007500000000000001
21709720.0,0.0081
21712788.0,0.00775
21715931.0,0.007350000000000001
21719270.0,0.00755
21722725.5,0.0074
21725935.0,0.0072
21728996.0,0.007899999999999999
21732214.5,0.0076
21735592.0,0.00725
21739030.5,0.00735
21742560.5,0.00735
21745967.5,0.010100000000000001
21749104.0,0.00995
21752251.5,0.0099
21755464.5,0.0081
21758867.0,0.006900000000000002
21762256.0,0.007599999999999999
21765476.0,0.0068
21768907.5,0.0073
21772730.5,0.006800000000000001
21777847.5,0.0063
21783023.0,0.005900000000000002
21787578.0,0.006050000000000001
21791683.5,0.006900000000000002
21795175.0,0.006900000000000002
21798672.0,0.006850000000000002
21805795.5,0.00595
21814597.0,0.008650000000000001
21820231.0,0.008549999999999999
21824900.0,0.01065
21832736.0,0.007549999999999999
21840870.5,0.0069
21845959.0,0.006600000000000001
21850481.0,0.006850000000000001
21854361.5,0.006150000000000001
21858200.0,0.0066
21862722.0,0.006600000000000001
21866908.0,0.0069500000000000004
21870213.0,0.0071
21873985.5,0.007499999999999999
21877870.5,0.006800000000000001
21881839.5,0.006150000000000001
21885847.5,0.006900000000000001
21889693.5,0.00635
21893747.0,0.0060500000000000016
21897748.0,0.0071
21901819.5,0.0069
21905581.5,0.0068
21909459.5,0.006750000000000001
21914058.0,0.0064
21918157.0,0.006900000000000001
21921606.0,0.006450000000000001
21925137.0,0.005900000000000001
21928675.0,0.006900000000000001
21932333.5,0.006500000000000002
21936258.0,0.00655
21939974.5,0.006650000000000001
21943722.0,0.005900000000000001
21947774.5,0.006150000000000001
21951872.0,0.0073
21956309.0,0.0073
21960440.5,0.006900000000000001
21963976.5,0.006750000000000001
21967263.0,0.0073
21970416.0,0.00755
21973665.0,0.00755
21977419.0,0.0073
21981334.0,0.006900000000000001
21985087.0,0.007150000000000001
21988985.0,0.0073
21992758.5,0.007700000000000001
21996451.0,0.007550000000000001
22000052.5,0.006800000000000001
22003435.5,0.006700000000000001
22006820.5,0.0065000000000000014
22010376.0,0.006550000000000002
22014111.5,0.006450000000000002
22017777.5,0.0066500000000000005
22021339.0,0.00655
22024982.0,0.006850000000000001
22028561.5,0.007100000000000001
22031920.5,0.00635
22035133.0,0.006250000000000001
22038355.5,0.007150000000000001
22041677.5,0.0071
22046618.0,0.006600000000000001
22051542.5,0.0073
22055333.5,0.006250000000000001
22059029.5,0.006450000000000002
22062252.5,0.0069500000000000004
22065505.0,0.006200000000000001
22069217.0,0.00655
22073845.0,0.006200000000000001
22078169.0,0.006700000000000001
22081955.5,0.007150000000000001
22086181.0,0.006600000000000001
22090145.0,0.007050000000000001
22094521.5,0.007100000000000001
22099440.5,0.006750000000000001
22103778.0,0.007200000000000001
22108133.0,0.0074
22112721.5,0.007
22116680.5,0.006750000000000001
22120827.5,0.007600000000000001
22125646.0,0.007400000000000001
22130574.0,0.007200000000000001
22135259.0,0.006450000000000002
22139271.5,0.0066500000000000005
22143430.5,0.007000000000000001
22147467.0,0.006250000000000001
22151816.5,0.006700000000000001
22156117.0,0.006750000000000001
22159634.0,0.006800000000000001
22163300.0,0.007350000000000001
22167103.5,0.007
22170757.5,0.006700000000000001
22174205.0,0.007050000000000001
22177702.0,0.008650000000000001
22181320.0,0.008400000000000001
22185219.0,0.008
22188978.0,0.0068000000000000005
22192246.0,0.00835
22195491.0,0.00875
22199104.0,0.0091
22202781.5,0.00755
22206510.0,0.008
22210360.5,0.007850000000000001
22213903.5,0.008100000000000001
22217535.5,0.00825
22220994.5,0.0077
22224300.0,0.007200000000000001
22227730.0,0.0079
22231037.0,0.00845
22234383.5,0.0075
22237681.5,0.007500000000000001
22241086.0,0.006800000000000001
22244722.5,0.0073
22248165.5,0.006600000000000001
22251432.5,0.0076
22255214.5,0.0069500000000000004
22259620.5,0.0074
22263921.5,0.00725
22267602.5,0.008
22271586.0,0.007200000000000001
22275877.5,0.007200000000000001
22279526.0,0.006250000000000001
22282934.0,0.006450000000000002
22286404.0,0.0061
22289792.5,0.006500000000000001
22293718.5,0.00655
22297718.0,0.0064
22301595.0,0.007200000000000001
22305307.0,0.006750000000000002
22308783.0,0.0069500000000000004
22312521.0,0.007350000000000001
22316119.0,0.008200000000000002
22319552.5,0.008350000000000003
22322890.5,0.008200000000000002
22326271.5,0.00685
22330622.0,0.007300000000000001
22335786.5,0.007300000000000001
22340022.5,0.007850000000000001
22343628.0,0.007450000000000001
22348051.5,0.007400000000000001
22352604.5,0.005950000000000002
22356208.5,0.005950000000000002
22359447.0,0.006100000000000001
22363990.0,0.006650000000000001
22368582.5,0.00595
22372708.0,0.006100000000000001
22376873.5,0.006250000000000001
22380234.5,0.006500000000000001
22383498.0,0.006100000000000001
22386640.0,0.006450000000000002
22389730.5,0.006200000000000001
22392897.5,0.006600000000000001
22396146.5,0.006700000000000001
22399422.0,0.007050000000000001
22402656.5,0.00645
22406231.0,0.0069500000000000004
22409882.5,0.005950000000000002
22413622.5,0.007500000000000001
22417295.0,0.0069500000000000004
22420722.5,0.0068000000000000005
22424283.5,0.008
22427611.5,0.0073
22431033.0,0.007800000000000001
22434431.5,0.00805
22437551.0,0.008399999999999998
22440850.0,0.0072
22444169.0,0.007500000000000001
22447413.5,0.00745
22450906.5,0.006800000000000001
22455298.0,0.0079
22461169.5,0.00775
22466228.0,0.0069500000000000004
22469629.0,0.00745
22473400.5,0.008300000000000002
22477450.0,0.0099
22481960.0,0.00835
22486462.5,0.009500000000000001
22491071.0,0.009150000000000002
22495814.0,0.00885
22499649.5,0.009600000000000001
22503266.5,0.009750000000000002
22507684.5,0.008749999999999999
22512162.5,0.008350000000000002
22515863.5,0.0066
22519595.0,0.0079
22524017.5,0.007850000000000001
22528279.5,0.007750000000000002
22531969.0,0.005850000000000001
22536794.0,0.008050000000000002
22541556.0,0.007950000000000002
22545499.0,0.007800000000000001
22549275.5,0.00875
22552645.0,0.0079
22555978.5,0.009049999999999999
22559213.5,0.0098
22562428.0,0.008400000000000001
22565738.5,0.010350000000000002
22568927.0,0.009750000000000002
22572028.5,0.0087
22575251.5,0.00845
22578450.0,0.007850000000000001
22581573.5,0.00835
22584719.5,0.007500000000000001
22587882.5,0.007150000000000001
22591254.5,0.007300000000000001
22594810.5,0.007450000000000002
22598490.5,0.00685
22602355.0,0.007350000000000001
22606110.5,0.0079
22609749.0,0.0076500000000000005
22613852.5,0.006900000000000001
22618762.0,0.00625
22623248.5,0.007700000000000001
22627255.5,0.0066500000000000005
22631399.0,0.007300000000000001
22635126.5,0.00725
22638353.5,0.007050000000000001
22641582.0,0.006950000000000001
22644879.0,0.0073
22648073.0,0.007050000000000001
22651566.0,0.0068000000000000005
22655037.5,0.007300000000000001
22658571.5,0.0075
22662364.0,0.0078000000000000005
22666097.0,0.00765
22669648.5,0.006500000000000001
22673008.5,0.006900000000000002
22677722.5,0.0068000000000000005
22682619.0,0.007200000000000001
22686772.5,0.008450000000000001
22691004.5,0.0085
22694584.0,0.009050000000000002
22697790.0,0.008800000000000002
22701600.5,0.007550000000000001
22705622.5,0.00655
22710133.0,0.008050000000000002
22715100.5,0.007450000000000001
22719517.0,0.00835
22723304.0,0.00775
22726821.0,0.007699999999999999
22730423.0,0.00755
22733881.5,0.0079
22738459.0,0.0069500000000000004
22742919.0,0.007350000000000001
22746339.5,0.007100000000000001
22749772.0,0.0066500000000000005
22753683.5,0.006600000000000001
22757604.0,0.006150000000000001
22760892.5,0.00715
22764897.0,0.00715
22768920.0,0.00715
22772584.5,0.007100000000000001
22776212.5,0.006400000000000001
22780356.5,0.006750000000000001
22785245.5,0.0067
22791520.0,0.006800000000000001
22796981.0,0.0071
22800269.5,0.0064
22804124.0,0.007
22808056.0,0.007
22811818.0,0.008050000000000002
22815418.0,0.00675
22818872.5,0.006500000000000001
22822249.0,0.006600000000000001
22825617.0,0.006500000000000001
22829108.5,0.006450000000000001
22832625.0,0.006750000000000001
22836225.5,0.007300000000000001
22839901.5,0.0071
22843462.5,0.006750000000000002
22846676.0,0.008400000000000001
22849800.5,0.00725
22853013.5,0.007699999999999999
22856597.5,0.007
22860178.5,0.0071
22864080.5,0.007750000000000002
22868290.5,0.007850000000000001
22872110.5,0.007350000000000001
22875583.0,0.008450000000000001
22878716.5,0.010000000000000002
22881814.0,0.007750000000000001
22885037.0,0.00725
22888324.0,0.00835
22891741.0,0.0085
22895075.0,0.00875
22898200.0,0.009450000000000002
22901345.5,0.008950000000000001
22904774.0,0.01105
22909328.0,0.009400000000000002
22914007.0,0.00895
22917815.0,0.0102
22921852.0,0.009550000000000001
22926730.0,0.008400000000000001
22931604.0,0.007250000000000001
22935932.0,0.007950000000000002
22940600.0,0.008650000000000001
22946178.0,0.007300000000000001
22950754.5,0.008450000000000003
22954019.5,0.007950000000000002
22957564.0,0.007750000000000002
22961390.0,0.007450000000000001
22965545.5,0.007949999999999999
22969571.5,0.00785
22973128.0,0.006700000000000001
22976759.0,0.007850000000000001
22980359.0,0.010050000000000003
22983748.0,0.00725
22990403.0,0.00885
22997169.5,0.008950000000000001
23001705.5,0.0076500000000000005
23006304.5,0.00775
23010127.5,0.0078000000000000005
23013802.5,0.0079
23017142.5,0.00735
23020899.5,0.0071
23024727.0,0.006900000000000001
23028123.0,0.00765
23031583.5,0.00745
23035723.5,0.0074
23039738.5,0.007250000000000001
23043006.5,0.006800000000000001
23046469.0,0.007100000000000001
23050442.5,0.007150000000000001
23054248.0,0.0077
23057746.5,0.008000000000000002
23061180.5,0.008000000000000002
23064610.5,0.0069500000000000004
23068043.0,0.007100000000000001
23071541.0,0.006700000000000001
23074944.0,0.009600000000000001
23078489.5,0.007850000000000001
23082332.5,0.007400000000000002
23085984.0,0.006500000000000002
23090029.5,0.007450000000000002
23094427.5,0.008300000000000002
23098781.0,0.0085
23102923.0,0.009150000000000002
23106599.0,0.006400000000000001
23110066.5,0.0063
23113687.5,0.0068000000000000005
23117687.5,0.0063
23121602.5,0.00635
23125318.5,0.00645
23128975.0,0.00765
23132330.5,0.007500000000000001
23135725.0,0.00735
23139085.5,0.006950000000000001
23142232.5,0.0074
23145420.0,0.0073
23149277.0,0.00775
23153294.5,0.008150000000000001
23157338.5,0.007500000000000001
23161476.0,0.0073
23165076.0,0.007449999999999999
23168567.0,0.007699999999999999
23173628.0,0.0086
23179171.5,0.006650000000000001
23183713.5,0.006900000000000002
23187989.5,0.006650000000000001
23192278.0,0.006500000000000001
23196441.5,0.0066
23200308.5,0.0068
23204289.0,0.00685
23208224.5,0.0066500000000000005
23212530.0,0.006750000000000001
23217491.5,0.0064
23222555.5,0.006650000000000001
23227182.5,0.006600000000000001
23231420.0,0.006950000000000001
23235575.5,0.00735
23240646.5,0.006800000000000001
23245714.5,0.006650000000000001
23251140.5,0.006650000000000001
23256591.5,0.007200000000000001
23260453.0,0.005750000000000001
23264568.0,0.006100000000000001
23268673.5,0.006500000000000001
23272348.5,0.006800000000000001
23276440.0,0.006500000000000001
23280495.0,0.0064
23284435.5,0.006750000000000001
23288571.0,0.007200000000000001
23292395.0,0.005750000000000001
23297108.0,0.006150000000000001
23301524.0,0.006250000000000001
23305815.0,0.006100000000000001
23311122.0,0.00635
23315389.5,0.006250000000000001
23318557.5,0.00635
23322617.5,0.006300000000000002
23326733.5,0.006250000000000001
23330747.0,0.006100000000000001
23334666.0,0.0063
23339395.0,0.006700000000000001
23345131.0,0.007
23349388.0,0.006650000000000001
23352875.5,0.006500000000000001
23356261.5,0.00655
23359626.5,0.00635
23363071.0,0.006500000000000001
23366412.5,0.006950000000000001
23370250.0,0.007150000000000001
23373986.5,0.007949999999999999
23377104.5,0.006750000000000001
23380891.5,0.0068
23385079.5,0.00685
23389308.5,0.0068
23393343.0,0.006050000000000001
23397631.5,0.006000000000000001
23402204.0,0.006050000000000001
23406069.5,0.006250000000000001
23409588.5,0.00595
23413253.5,0.00595
23417373.5,0.0064
23421518.5,0.007250000000000001
23425232.5,0.006450000000000001
23430688.0,0.006500000000000001
23436914.0,0.006800000000000001
23441090.5,0.0074
23444841.5,0.0074
23448515.0,0.0072
23451742.0,0.0078
23454985.0,0.0076
23458664.5,0.007500000000000001
23463102.0,0.00775
23467863.5,0.0070999999999999995
23471994.0,0.0063
23475681.0,0.006650000000000001
23479126.0,0.006800000000000001
23482894.5,0.0064
23487272.5,0.007350000000000001
23491367.5,0.007549999999999999
23495450.5,0.006950000000000001
23499859.5,0.0073
23504145.5,0.0069500000000000004
23508055.5,0.006800000000000001
23511735.0,0.006950000000000001
23516043.5,0.007200000000000001
23520353.5,0.006850000000000001
23523869.5,0.0060500000000000016
23528124.5,0.007050000000000001
23533628.0,0.006750000000000001
23539716.5,0.0071
23545384.0,0.006900000000000002
23549630.0,0.0068
23552928.0,0.00655
23556719.5,0.00655
23560754.0,0.006850000000000001
23564276.0,0.00715
23567496.0,0.007000000000000001
23571379.0,0.006300000000000002
23575579.5,0.006700000000000001
23580112.0,0.006950000000000001
23584548.5,0.007100000000000001
23588803.5,0.006750000000000001
23593622.5,0.006200000000000001
23598266.5,0.006600000000000001
23602751.0,0.006150000000000001
23606757.5,0.0063500000000000015
23610711.5,0.0066500000000000005
23614698.5,0.007350000000000001
23648282.0,0.007150000000000001
23690374.5,0.0077
23717918.0,0.0102
23737390.0,0.013649999999999999
23742059.0,0.008300000000000002
23747124.5,0.0077
23751432.0,0.007050000000000002
23755613.5,0.0074
23760284.0,0.007050000000000001
23764223.5,0.008950000000000001
23768063.0,0.00965
23771804.5,0.0073
23775197.0,0.008150000000000001
23781840.0,0.007300000000000001
23788787.5,0.007750000000000001
23792960.5,0.008400000000000001
23797385.0,0.008350000000000002
23801599.5,0.007950000000000002
23805321.5,0.008050000000000002
23809015.0,0.0085
23812725.5,0.007600000000000001
23816537.5,0.007500000000000001
23820601.5,0.007350000000000001
23824408.5,0.007800000000000001
23828018.5,0.007850000000000001
23831613.0,0.007950000000000002
23835005.5,0.007600000000000001
23838402.0,0.007850000000000001
23841912.0,0.008350000000000002
23845310.5,0.0079
23848543.5,0.00825
23852364.0,0.0074
23856251.0,0.006850000000000001
23859618.5,0.00725
23863384.0,0.006900000000000002
23867033.5,0.007
23870523.5,0.006900000000000001
23874169.5,0.006300000000000002
23877839.0,0.00735
23881573.5,0.007
23884955.5,0.007200000000000001
23888513.5,0.008100000000000001
23892222.5,0.007500000000000001
23896014.0,0.0073
23900298.0,0.007500000000000001
23904387.0,0.0076500000000000005
23907766.0,0.00715
23910912.0,0.007050000000000001
23914485.5,0.0098
23918034.0,0.0097
23921354.0,0.0068000000000000005
23924911.5,0.01055
23928519.5,0.010650000000000001
23931952.0,0.01125
23936542.0,0.010400000000000001
23942999.0,0.008
23950519.0,0.006600000000000001
23962646.5,0.007600000000000001
23977453.0,0.007250000000000001
23986516.0,0.0146
23991226.5,0.01125
23995411.0,0.009500000000000001
24001387.0,0.006400000000000001
24008104.5,0.0087
24016344.5,0.005650000000000002
24025549.0,0.008900000000000002
24031318.0,0.00955
24035246.0,0.011250000000000003
24038604.0,0.01275
24043452.0,0.005800000000000001
24048291.5,0.01
24051550.5,0.00995
24055046.5,0.01225
24058668.0,0.011
24063156.0,0.0092
24067446.0,0.011349999999999999
24071043.0,0.011200000000000002
24074784.0,0.011
24078942.0,0.01235
24085456.5,0.011700000000000002
24091265.0,0.011000000000000003
24094620.5,0.012299999999999998
24097851.5,0.009850000000000001
24101591.0,0.013649999999999999
24105421.0,0.01055
24109026.5,0.011600000000000001
24114995.0,0.0098
24120712.0,0.011949999999999999
24124379.5,0.010850000000000002
24128951.0,0.011000000000000003
24133286.0,0.010250000000000002
24136686.0,0.012549999999999999
24140047.5,0.01175
24144104.0,0.012
24148295.5,0.009750000000000002
24151852.5,0.010150000000000001
24155399.0,0.010900000000000002
24158894.0,0.008300000000000002
24162235.0,0.009850000000000001
24165579.0,0.008900000000000002
24169470.5,0.009800000000000001
24173658.0,0.007950000000000002
24177353.0,0.008900000000000002
24181602.0,0.008300000000000002
24186500.5,0.0081
24191061.0,0.009150000000000002
24195936.0,0.00895
24200507.0,0.0085
24204376.0,0.008050000000000002
24208808.0,0.0081
24213231.0,0.0079
24217458.0,0.00885
24221847.0,0.007200000000000001
24227046.0,0.007699999999999999
24231812.5,0.007200000000000001
24235429.0,0.00745
24240156.5,0.007550000000000001
24245422.5,0.008000000000000002
24250598.5,0.008350000000000002
24255016.5,0.0085
24260330.0,0.008000000000000002
24265889.5,0.009000000000000001
24269534.5,0.008400000000000001
24273221.0,0.01015
24278430.0,0.00885
24283566.0,0.008800000000000002
24287684.5,0.008100000000000001
24292458.5,0.008650000000000001
24297060.0,0.007850000000000001
24301701.5,0.007
24308309.5,0.0092
24316372.5,0.0074
24322405.5,0.009049999999999999
24326260.0,0.00765
24330621.0,0.00725
24334788.5,0.006600000000000001
24338235.5,0.0076500000000000005
24342496.5,0.007300000000000001
24347429.5,0.0072
24352339.5,0.0083
24357023.5,0.0084
24361470.5,0.0091
24365723.0,0.00765
24369358.5,0.010100000000000001
24373299.5,0.0098
24378133.5,0.010700000000000001
24382580.5,0.010450000000000001
24386347.0,0.0082
24390724.0,0.008400000000000001
24395367.0,0.0073999999999999995
24399772.5,0.010350000000000002
24403837.5,0.011150000000000002
24407438.0,0.009150000000000002
24411173.0,0.008350000000000002
24414899.0,0.0082
24418390.0,0.008400000000000001
24421702.5,0.008300000000000002
24424909.0,0.009600000000000001
24428098.0,0.0095
24431528.0,0.0079
24435359.5,0.009349999999999999
24438992.5,0.00785
24442437.5,0.00825
24445968.0,0.007000000000000001
24449505.0,0.0082
24452993.5,0.0076500000000000005
24456251.0,0.00755
24460244.5,0.00775
24464726.0,0.006750000000000001
24468598.5,0.006850000000000001
24472257.0,0.0068000000000000005
24476658.5,0.007300000000000001
24480921.5,0.007699999999999999
24484680.5,0.008450000000000001
24488435.0,0.0076
24492701.5,0.00835
24497499.0,0.00765
24501525.0,0.00785
24505842.5,0.007749999999999999
24511171.0,0.0077
24516800.0,0.00835
24521984.0,0.0081
24526427.0,0.0081
24530624.0,0.0082
24534395.5,0.0076
24537610.5,0.00915
24540920.0,0.00805
24544755.5,0.007250000000000001
24548862.5,0.0081
24552808.5,0.007549999999999999
24557266.5,0.007300000000000001
24561479.5,0.008
24565263.0,0.008399999999999998
24568997.0,0.0077
24572593.5,0.008299999999999998
24576297.0,0.0081
24579790.5,0.0081
24583297.0,0.007500000000000001
24586744.5,0.0085
24590166.0,0.008050000000000002
24593504.0,0.0068000000000000005
24596722.0,0.0073
24600057.0,0.007300000000000001
24603412.0,0.008749999999999999
24606643.0,0.007899999999999999
24609928.5,0.00695
24613303.5,0.009850000000000001
24616564.5,0.009049999999999999
24619798.5,0.0093
24623111.0,0.0078000000000000005
24626533.5,0.0078000000000000005
24629876.0,0.007699999999999999
24632958.5,0.008150000000000001
24636074.0,0.00795
24639305.0,0.007899999999999999
24642467.5,0.0072499999999999995
24645661.5,0.0072
24648978.0,0.007050000000000001
24652418.5,0.0069500000000000004
24655909.5,0.007600000000000001
24659259.5,0.0079
24662640.5,0.007549999999999999
24666707.0,0.007350000000000001
24671749.5,0.007250000000000001
24676879.0,0.007250000000000001
24681197.5,0.007350000000000001
24686357.0,0.0069500000000000004
24691749.5,0.007050000000000001
24696590.0,0.0074
24702065.0,0.006800000000000001
24706579.0,0.007000000000000001
24710032.0,0.007200000000000001
24713636.0,0.007699999999999999
24717339.0,0.00725
24721203.0,0.006200000000000001
24725026.0,0.0082
24728959.5,0.0093
24733341.0,0.00775
24737403.0,0.0087
24741184.5,0.0081
24744956.5,0.00745
24748343.5,0.008399999999999998
24751613.5,0.008150000000000001
24756081.5,0.0079
24760600.5,0.008050000000000002
24764186.5,0.0086
24767658.0,0.0091
24770923.5,0.0095
24774325.5,0.010100000000000001
24777971.5,0.009549999999999998
24781696.5,0.00985
24785224.5,0.0082
24788536.5,0.00825
24791776.0,0.008
24795270.0,0.007000000000000001
24799478.0,0.00745
24803534.0,0.007399999999999999
24807174.0,0.0075
24831633.5,0.0069500000000000004
24856172.0,0.00775
24860438.0,0.007949999999999999
24865125.5,0.008299999999999998
24869395.0,0.006900000000000002
24873340.5,0.0072000000000000015
24877030.0,0.00835
24880336.0,0.00925
24884065.5,0.0087
24888420.0,0.007600000000000001
24892860.0,0.007700000000000001
24897303.0,0.007350000000000001
24902106.5,0.008150000000000001
24906281.5,0.0085
24910312.5,0.007300000000000001
24914954.0,0.0071
24919191.5,0.0078
24925570.0,0.008
24932879.5,0.0069
24939103.0,0.0066
24946496.0,0.006700000000000001
24952788.0,0.006950000000000001
24958018.0,0.0066
24963073.0,0.00675
24967067.5,0.00765
24970938.0,0.00715
24974727.5,0.006500000000000001
24978196.5,0.0071
24981474.5,0.007549999999999999
24984814.5,0.008299999999999998
24988110.5,0.008
24991288.5,0.0081
24994690.0,0.0089
24998088.0,0.00835
25001390.5,0.0077
25004766.0,0.0078000000000000005
25007961.5,0.007050000000000001
25011123.0,0.007500000000000001
25014378.5,0.007349999999999999
25017588.5,0.00775
25021055.0,0.006650000000000001
25024527.5,0.008950000000000001
25027818.5,0.0087
25031213.0,0.009
25034673.0,0.00845
25038149.5,0.00955
25042063.0,0.0089
25046031.0,0.010100000000000001
25049477.5,0.00835
25052736.0,0.008849999999999997
25056281.0,0.008849999999999997
25060181.0,0.009099999999999999
25064183.5,0.011199999999999998
25067965.5,0.0076999999999999985
25071371.5,0.00825
25074748.5,0.009
25078198.0,0.00865
25081662.5,0.00885
25085040.0,0.0089
25088422.0,0.009099999999999999
25091873.0,0.0093
25095472.5,0.008199999999999999
25099090.5,0.00955
25102565.5,0.0087
25106099.0,0.0088
25109632.5,0.0161
25113263.0,0.013850000000000001
25118724.0,0.006150000000000001
25123994.5,0.0116
25127792.0,0.00885
25132082.5,0.008549999999999999
25136121.5,0.0078
25139626.5,0.0097
25142986.5,0.009649999999999999
25146411.0,0.008549999999999999
25149821.0,0.008100000000000001
25153170.5,0.008150000000000001
25156617.0,0.008549999999999999
25160217.5,0.00855
25163631.5,0.008549999999999999
25167195.0,0.007549999999999999
25172525.5,0.005750000000000002
25177965.0,0.005500000000000002
25181859.0,0.00795
25185705.0,0.00845
25190981.0,0.006150000000000001
25199477.0,0.005800000000000001
25209640.0,0.005550000000000001
25217314.0,0.005400000000000001
25226933.5,0.005800000000000001
25238989.0,0.00655
25245882.0,0.00825
25250671.0,0.008400000000000001
25255641.5,0.009649999999999999
25262604.5,0.008300000000000002
25271907.5,0.005800000000000001
25280208.5,0.006450000000000002
25295843.0,0.005450000000000001
25310426.5,0.00625
25318107.5,0.0063500000000000015
25325147.0,0.007300000000000001
25329148.0,0.0098
25332407.5,0.008
25335845.0,0.007150000000000001
25339250.0,0.007450000000000001
25342627.5,0.007299999999999999
25345997.5,0.00995
25349247.0,0.0078
25352529.5,0.008100000000000001
25356078.5,0.0082
25359682.0,0.010449999999999997
25363014.0,0.01125
25366275.0,0.00775
25369503.5,0.0085
25372656.0,0.00825
25376087.5,0.008
25379692.5,0.010599999999999998
25382986.0,0.012400000000000003
25386176.5,0.00975
25390579.5,0.009600000000000001
25395570.0,0.0082
25399873.5,0.00775
25404617.0,0.008799999999999999
25409034.5,0.0086
25412776.5,0.0081
25416502.0,0.007850000000000001
25419991.0,0.007600000000000001
25423393.5,0.007899999999999999
25426981.5,0.0072
25430641.5,0.008649999999999998
25434524.5,0.00915
25438507.0,0.0096
25442362.5,0.009600000000000001
25446497.0,0.00895
25450594.0,0.0084
25454315.0,0.0084
25457899.5,0.00935
25461316.0,0.007799999999999998
25464453.5,0.00805
25467633.0,0.008150000000000001
25470932.5,0.007799999999999999
25474493.0,0.008399999999999998
25478080.0,0.008549999999999999
25481510.5,0.00805
25484713.0,0.00785
25488061.0,0.009649999999999999
25491608.5,0.0072499999999999995
25495058.0,0.007649999999999999
25498528.0,0.009600000000000001
25502045.0,0.007999999999999998
25505516.0,0.007899999999999997
25508805.5,0.008100000000000001
25512020.0,0.009899999999999999
25515182.5,0.008499999999999999
25518310.0,0.008099999999999998
25521474.5,0.008199999999999999
25524802.5,0.008099999999999998
25528161.0,0.009850000000000001
25531401.0,0.0101
25534739.5,0.009099999999999999
25538141.5,0.008349999999999998
25542508.5,0.0086
25546963.0,0.007599999999999999
25550440.0,0.007549999999999999
25554281.5,0.007050000000000001
25558234.5,0.0078000000000000005
25561800.5,0.0084
25565091.5,0.007949999999999999
25568726.5,0.00705
25573415.5,0.00785
25578164.5,0.007499999999999998
25582032.5,0.00795
25585401.0,0.008799999999999999
25589244.0,0.0082
25593494.0,0.0088
25597273.5,0.0104
25600695.0,0.00965
25604121.5,0.00965
25607618.0,0.009399999999999999
25611048.0,0.0086
25614407.5,0.0094
25617748.5,0.0093
25621037.0,0.0085
25624353.5,0.00835
25627624.5,0.008199999999999999
25631334.0,0.00805
25635102.0,0.007550000000000001
25638588.0,0.008
25642030.0,0.007699999999999999
25645342.5,0.0073500000000000015
25648878.5,0.0078000000000000005
25652782.5,0.007600000000000002
25656776.5,0.008400000000000001
25661028.0,0.00855
25665166.0,0.00915
25668988.5,0.00825
25673145.0,0.0087
25677096.0,0.00755
25681010.0,0.0078000000000000005
25684768.5,0.007500000000000001
25690383.0,0.007700000000000001
25696093.5,0.00785
25699769.5,0.00795
25703557.0,0.00805
25707463.0,0.00785
25711239.0,0.007549999999999999
25714644.5,0.008
25718443.0,0.007649999999999999
25722222.0,0.00765
25725558.5,0.007450000000000001
25728810.0,0.007400000000000001
25732190.5,0.00695
25735688.0,0.0071
25739306.0,0.00825
25742652.0,0.00785
25745697.5,0.0087
25748906.5,0.0092
25752296.5,0.0096
25755850.5,0.01065
25759581.0,0.0108
25765907.0,0.00945
25774026.0,0.008299999999999998
25779546.5,0.007649999999999999
25783007.0,0.00815
25786846.0,0.0085
25791058.0,0.0079
25794768.5,0.009300000000000001
25798640.5,0.008350000000000002
25802453.5,0.00785
25806264.0,0.01055
25810286.0,0.010350000000000002
25813700.0,0.0137
25817067.5,0.01415
25820491.5,0.013149999999999998
25823815.5,0.010700000000000001
25827208.0,0.011200000000000002
25830587.5,0.0119
25833916.0,0.011950000000000002
25837226.0,0.0108
25840508.0,0.01105
25843839.5,0.011
25847332.0,0.0101
25850833.0,0.009500000000000001
25854029.5,0.00965
25857097.0,0.00825
25860219.5,0.00895
25863291.5,0.00995
25866660.0,0.009600000000000001
25870104.0,0.009250000000000001
25873335.5,0.01
25876717.5,0.01115
25880090.5,0.012400000000000001
25883554.0,0.011700000000000002
25887000.5,0.0114
25890338.5,0.011550000000000001
25894428.5,0.010499999999999999
25899176.0,0.010499999999999999
25903195.5,0.012799999999999999
25906531.5,0.0119
25910389.5,0.011949999999999999
25914237.5,0.00825
25917735.5,0.011200000000000002
25921394.0,0.01135
25924963.0,0.01105
25928328.5,0.0098
25931590.0,0.0112
25934820.5,0.011050000000000003
25938093.0,0.01025
25941378.0,0.0102
25945111.0,0.01065
25949162.0,0.01075
25952797.5,0.009800000000000001
25956864.5,0.009000000000000001
25960931.5,0.0096
25964566.0,0.010950000000000001
25968363.5,0.0086
25971836.5,0.0095
25975775.5,0.0088
25980205.0,0.00995
25984292.5,0.00895
25987862.5,0.01055
25991419.5,0.010350000000000002
25994940.0,0.011200000000000002
25998372.5,0.008150000000000001
26002096.5,0.00845
26005872.0,0.0097
26009398.5,0.00835
26012671.0,0.00775
26015993.0,0.0087
26019301.0,0.008299999999999998
26022674.0,0.00755
26026157.0,0.008650000000000001
26030501.5,0.01005
26034865.0,0.0109
26038555.5,0.01055
26042663.5,0.012949999999999998
26046571.0,0.011949999999999999
26050447.0,0.010450000000000001
26054397.5,0.01145
26057772.5,0.0103
26061243.0,0.010950000000000001
26064877.5,0.011550000000000001
26068627.5,0.009850000000000001
26072348.5,0.010450000000000001
26075733.5,0.010350000000000002
26079264.0,0.0104
26082733.5,0.01115
26086089.5,0.010450000000000001
26089695.0,0.0089
26093340.0,0.00845
26097414.5,0.009049999999999999
26101281.5,0.00845
26105069.0,0.00835
26109394.5,0.00795
26113179.5,0.0079
26116456.5,0.0072
26119706.5,0.0078000000000000005
26123220.5,0.008199999999999999
26126964.5,0.0085
26130531.5,0.00815
26133938.0,0.0079
26137327.5,0.00805
26142057.5,0.008150000000000001
26146850.0,0.00715
26150237.0,0.007799999999999999
26154254.5,0.007549999999999999
26158391.5,0.007400000000000001
26163060.0,0.007750000000000001
26167664.0,0.008
26171005.5,0.00855
26174448.5,0.007850000000000001
26178018.0,0.007500000000000001
26181646.5,0.00805
26186467.5,0.007450000000000001
26191070.0,0.00755
26194372.0,0.008399999999999998
26197703.0,0.007899999999999999
26201007.0,0.010099999999999998
26204249.5,0.0098
26207606.5,0.009049999999999999
26211098.5,0.0091
26214674.5,0.009150000000000002
26218258.5,0.00925
26221937.0,0.0109
26225587.5,0.011450000000000002
26228988.5,0.00975
26232283.5,0.00925
26235667.0,0.0089
26239310.5,0.009699999999999999
26242871.0,0.00805
26246185.0,0.0086
26251780.0,0.00945
26257367.0,0.0092
26260685.0,0.009949999999999999
26264021.0,0.0092
26267294.0,0.0078
26270530.0,0.00885
26273936.5,0.009
26277375.0,0.008649999999999998
26283000.0,0.0086
26288584.5,0.009949999999999999
26292287.0,0.009349999999999999
26296141.0,0.00825
26300266.0,0.008
26304177.0,0.0086
26307410.0,0.008399999999999998
26310709.5,0.0085
26314128.5,0.00795
26317537.5,0.009000000000000001
26321076.0,0.008299999999999998
26324663.0,0.008050000000000002
26328048.0,0.0092
26331407.0,0.0092
26334700.5,0.008
26337968.5,0.00855
26341350.5,0.00825
26345314.0,0.009099999999999999
26349161.0,0.0088
26352365.5,0.008150000000000001
26357139.0,0.008299999999999998
26362109.5,0.008199999999999999
26365710.0,0.0077
26369547.5,0.008150000000000001
26373533.0,0.00755
26377354.0,0.00735
26380778.5,0.0087
26384104.5,0.008199999999999999
26387505.0,0.0074
26390927.0,0.0081
26394349.0,0.008400000000000001
26397616.0,0.0076
26400915.5,0.0073999999999999995
26404291.0,0.008
26407686.0,0.00805
26411128.5,0.0078
26414610.5,0.008299999999999998
26418053.5,0.00765
26421891.5,0.00745
26425786.5,0.008749999999999997
26429591.5,0.0083
26433310.5,0.00885
26436743.0,0.0096
26440351.5,0.0085
26443910.5,0.0089
26447921.0,0.008050000000000002
26452665.5,0.0085
26457668.5,0.00915
26462581.5,0.00895
26468305.0,0.00895
26474900.5,0.007850000000000001
26479828.0,0.007350000000000001
26483386.0,0.007500000000000001
26486890.5,0.007350000000000001
26490508.0,0.007700000000000001
26494086.5,0.00755
26497661.5,0.007599999999999999
26501284.0,0.0077
26504760.5,0.00755
26508737.5,0.008100000000000001
26512588.0,0.008749999999999999
26516083.5,0.010599999999999998
26519790.0,0.00845
26523543.5,0.00795
26527366.0,0.0078000000000000005
26531352.5,0.008899999999999998
26535539.0,0.008299999999999998
26539423.5,0.008499999999999999
26543430.5,0.0091
26547876.0,0.008549999999999999
26551711.0,0.00805
26555401.5,0.00795
26559064.5,0.00865
26562491.0,0.00945
26567345.0,0.007899999999999999
26572014.0,0.0078
26576180.0,0.008150000000000001
26580427.0,0.00845
26583826.5,0.00805
26587537.0,0.010099999999999998
26591223.0,0.00835
26594559.5,0.0087
26598192.5,0.00845
26601976.5,0.0081
26605700.0,0.007400000000000001
26610233.5,0.0075
26614728.0,0.0077
26618444.5,0.00785
26624803.0,0.007500000000000001
26631815.5,0.008150000000000001
26636298.0,0.00895
26642887.5,0.0077
26649310.5,0.00875
26652853.0,0.008799999999999999
26656199.0,0.0084
26660399.0,0.008799999999999999
26664813.0,0.009249999999999998
26668599.5,0.008499999999999999
26672333.0,0.008
26676445.0,0.008
26680477.5,0.00955
26683815.0,0.0114
26690519.5,0.0106
26697329.5,0.008799999999999999
26700781.5,0.009699999999999999
26704350.0,0.010099999999999998
26708491.5,0.013600000000000001
26712549.0,0.0121
26716215.0,0.0086
26719950.0,0.0102
26723778.5,0.0098
26727542.0,0.00815
26731099.5,0.00945
26735078.5,0.0091
26738908.5,0.01085
26742351.5,0.009349999999999997
26746248.5,0.0121
26750149.5,0.012150000000000001
26753917.5,0.0146
26757723.5,0.01035
26761442.0,0.012400000000000001
26764997.0,0.0156
26768616.0,0.0157
26772440.0,0.0138
26776050.0,0.01375
26779953.0,0.011450000000000002
26783772.5,0.0115
26787391.5,0.01175
26791327.0,0.0149
26796031.5,0.013850000000000001
26802711.5,0.011550000000000001
26808331.5,0.0132
26811952.5,0.011200000000000002
26815743.5,0.01105
26819381.0,0.010099999999999998
26823207.0,0.0098
26827035.5,0.01105
26831253.0,0.010000000000000002
26835564.5,0.0108
26839227.0,0.0097
26843923.0,0.01045
26848713.5,0.011300000000000001
26852726.0,0.0126
26856749.0,0.0116
26860371.0,0.011500000000000002
26863878.5,0.01065
26867477.5,0.011850000000000001
26871281.0,0.011300000000000001
26875432.0,0.0103
26880976.5,0.0138
26889626.5,0.012700000000000003
26898159.0,0.01585
26903362.0,0.01475
26907316.0,0.014949999999999998
26911026.0,0.014
26915297.5,0.01405
26919693.5,0.0158
26923222.0,0.014450000000000001
26926750.0,0.012400000000000001
26930411.0,0.013500000000000002
26934019.0,0.01195
26937794.5,0.01175
26941751.0,0.01285
26945473.5,0.01745
26948987.0,0.012650000000000002
26952649.0,0.011949999999999999
26956964.0,0.012299999999999998
26961835.5,0.011349999999999999
26966070.5,0.0108
26969823.5,0.009749999999999998
26973836.5,0.0108
26978897.0,0.012100000000000001
26985271.5,0.0109
26990496.5,0.01385
26995670.0,0.01105
27001501.5,0.011300000000000001
27006051.0,0.012549999999999999
27010043.0,0.010700000000000001
27014631.5,0.011200000000000002
27019550.5,0.0122
27023716.5,0.01405
27027648.5,0.0136
27031928.5,0.01165
27038192.5,0.01235
27043932.5,0.0127
27047343.0,0.012300000000000002
27051005.5,0.012150000000000001
27054695.0,0.01055
27058307.0,0.010700000000000001
27062371.0,0.009300000000000001
27066510.0,0.0108
27070468.5,0.011349999999999999
27074370.5,0.012000000000000002
27078512.0,0.0123
27082646.5,0.0108
27086795.0,0.01035
27090853.0,0.0115
27095069.0,0.012400000000000001
27099369.5,0.012150000000000001
27103010.0,0.010900000000000002
27106705.0,0.011350000000000002
27110439.0,0.0108
27113934.0,0.013400000000000002
27117351.5,0.011800000000000001
27121086.0,0.011250000000000001
27124695.5,0.011250000000000001
27128244.0,0.012700000000000001
27131875.5,0.012200000000000003
27135632.5,0.01335
27139475.5,0.014950000000000001
27143240.0,0.0174
27147097.0,0.01725
27152223.5,0.0143
27158326.0,0.014450000000000003
27163126.5,0.015100000000000002
27166854.5,0.014800000000000002
27170442.0,0.014200000000000003
27173842.5,0.017650000000000002
27177240.0,0.013900000000000003
27181147.5,0.01635
27185487.5,0.015850000000000003
27189955.0,0.01755
27194281.5,0.017
27198977.0,0.01725
27203587.0,0.013650000000000002
27208419.0,0.0148
27212892.5,0.0179
27218937.0,0.0155
27225610.5,0.0148
27229684.5,0.0171
27233284.5,0.017599999999999998
27237266.5,0.01845
27241017.0,0.018500000000000003
27244707.5,0.0167
27248642.5,0.01645
27252422.5,0.015449999999999998
27256278.5,0.017
27260556.0,0.01795
27265212.5,0.01575
27269294.0,0.01595
27273176.0,0.018099999999999998
27277516.5,0.019049999999999997
27282069.0,0.018350000000000005
27286117.5,0.019200000000000002
27289736.5,0.018800000000000004
27293576.0,0.018750000000000003
27297234.5,0.018650000000000003
27300889.5,0.018750000000000003
27304794.0,0.0186
27308646.0,0.0171
27312852.5,0.018550000000000004
27316937.0,0.019050000000000004
27320487.5,0.0194
27324429.0,0.0199
27329060.5,0.0204
27333795.5,0.020750000000000005
27338190.5,0.019850000000000003
27343651.0,0.021699999999999997
27349385.0,0.01685
27353727.0,0.0144
27358030.5,0.01825
27362739.5,0.01975
27367292.0,0.017750000000000002
27371205.0,0.0184
27374830.5,0.018300000000000004
27379553.5,0.0159
27385291.0,0.01675
27391318.5,0.01875
27396465.0,0.019450000000000002
27400178.5,0.02
27403668.0,0.018699999999999998
27407204.5,0.021400000000000002
27410835.0,0.01905
27414626.0,0.0196
27418484.5,0.019450000000000002
27422374.0,0.02105
27426304.5,0.02095
27430704.0,0.0203
27435333.5,0.01785
27439397.0,0.019250000000000003
27442961.5,0.01685
27446579.5,0.01905
27450529.0,0.021200000000000004
27455039.5,0.021300000000000006
27459735.5,0.020199999999999996
27463724.0,0.02015
27467400.5,0.0204
27471589.5,0.022
27475564.0,0.01165
27478964.5,0.0177
27482478.0,0.018500000000000003
27486152.5,0.019200000000000002
27490587.0,0.018050000000000004
27495260.5,0.0165
27499135.5,0.0177
27502581.0,0.00755
27506059.5,0.019700000000000002
27509706.5,0.02015
27513419.5,0.022250000000000006
27517178.0,0.022800000000000004
27520679.5,0.022500000000000006
27523889.5,0.020900000000000002
27531427.5,0.020749999999999998
27539222.5,0.021900000000000003
27542742.5,0.017800000000000003
27546133.5,0.02055
27549496.0,0.021650000000000003
27552817.5,0.019700000000000002
27556249.0,0.02175
27559826.0,0.0182
27563620.0,0.022000000000000006
27567585.0,0.022850000000000002
27571801.5,0.025350000000000004
27575831.5,0.021750000000000002
27579404.5,0.025850000000000005
27583202.0,0.01965
27586906.0,0.025200000000000004
27590339.0,0.02425
27593895.5,0.021949999999999997
27597852.0,0.02255
27602076.0,0.021150000000000002
27605966.5,0.0224
27609482.5,0.0229
27613134.0,0.02155
27616844.0,0.019799999999999998
27620275.0,0.022949999999999998
27623650.0,0.0215
27627081.5,0.02375
27630503.0,0.0233
27633823.0,0.026050000000000004
27637097.5,0.022000000000000006
27640411.0,0.02325
27644027.5,0.024300000000000002
27647713.5,0.02335
27651481.5,0.0229
27655270.0,0.02425
27659346.5,0.0219
27663297.0,0.02475
27666551.0,0.02495
27670051.5,0.0204
27673933.0,0.026100000000000005
27677893.0,0.02705
27682214.5,0.027650000000000004
27686432.5,0.029200000000000004
27690092.0,0.02895
27693796.5,0.029350000000000008
27697624.0,0.02475
27701298.5,0.02375
27704776.0,0.026150000000000007
27708295.5,0.020900000000000002
27712008.5,0.0199
27716194.5,0.020499999999999997
27720496.0,0.022350000000000005
27724466.0,0.019299999999999998
27728369.5,0.020200000000000003
27732263.0,0.01955
27736040.0,0.0164
27739959.0,0.016100000000000003
27743853.5,0.018150000000000006
27747407.0,0.017850000000000005
27751163.5,0.01695
27754874.5,0.016900000000000005
27758669.5,0.018250000000000006
27763057.0,0.018400000000000007
27768496.0,0.0171
27773688.0,0.01745
27777919.5,0.0182
27782001.0,0.01835
27786145.0,0.018050000000000004
27790089.5,0.017750000000000002
27793512.5,0.01835
27796981.0,0.015400000000000002
27800493.0,0.02065
27804005.5,0.0172
27807477.0,0.01625
27810910.0,0.017550000000000003
27814381.0,0.019100000000000006
27817857.5,0.020300000000000006
27821370.0,0.020900000000000002
27824955.0,0.02095000000000001
27828505.0,0.020400000000000005
27831964.0,0.019250000000000003
27835364.0,0.021650000000000003
27838694.0,0.020800000000000003
27842065.5,0.017650000000000002
27845389.0,0.02185000000000001
27848604.5,0.023650000000000004
27851939.5,0.02355000000000001
27855730.5,0.025800000000000007
27859551.0,0.025850000000000005
27863018.5,0.027700000000000002
27866480.0,0.025300000000000003
27869926.0,0.026400000000000007
27873351.5,0.024900000000000005
27876823.0,0.024500000000000008
27880403.5,0.024600000000000004
27884035.5,0.025150000000000006
27887563.0,0.02610000000000001
27891067.0,0.02235000000000001
27894515.5,0.024900000000000005
27897905.5,0.024800000000000006
27901353.5,0.025550000000000003
27905422.0,0.023450000000000006
27909467.5,0.02445
27912892.0,0.024800000000000003
27916403.0,0.02220000000000001
27919915.5,0.026100000000000005
27923706.0,0.0237
27927472.5,0.022449999999999998
27931165.5,0.025800000000000003
27934972.0,0.024000000000000007
27938627.5,0.02025
27942352.5,0.02515
27945853.5,0.027649999999999997
27949836.0,0.0261
27954024.0,0.02375
27957576.5,0.02545
27961383.0,0.02515000000000001
27966221.5,0.02655
27970659.0,0.027750000000000004
27974036.0,0.025050000000000003
27977456.0,0.02945000000000001
27981183.5,0.029700000000000008
27984992.0,0.03010000000000001
27988524.0,0.030250000000000006
27991985.5,0.029300000000000007
27996336.5,0.026100000000000005
28000768.5,0.024200000000000006
28004437.0,0.03495000000000001
28008017.5,0.036500000000000005
28011544.0,0.03450000000000001
28015276.5,0.03380000000000001
28018974.0,0.03420000000000001
28022565.0,0.035800000000000005
28026232.5,0.03665
28029938.0,0.026800000000000004
28033634.5,0.03000000000000001
28037394.5,0.03440000000000001
28041155.5,0.046400000000000004
28044976.5,0.042050000000000004
28048855.0,0.047700000000000006
28053219.0,0.0508
28057687.5,0.049350000000000005
28061581.0,0.05045000000000001
28065228.0,0.05045000000000001
28068764.0,0.05005000000000001
28072266.5,0.0573
28075743.0,0.05339999999999999
28079181.5,0.060200000000000004
28082752.0,0.055349999999999996
28086474.0,0.05324999999999999
28090431.5,0.058399999999999994
28094590.0,0.059699999999999996
28098543.0,0.05210000000000001
28102433.5,0.055499999999999994
28106234.5,0.054549999999999994
28110137.5,0.053050000000000014
28115318.5,0.05145000000000001
28120323.0,0.04705
28124334.0,0.05160000000000001
28128661.5,0.05639999999999999
28132733.0,0.04805
28136357.0,0.05020000000000001
28140124.5,0.05185000000000001
28144539.5,0.04845000000000001
28149092.0,0.05235000000000001
28153198.5,0.051100000000000007
28157833.5,0.03879999999999999
28162710.5,0.0286
28167779.5,0.04955
28172758.0,0.05579999999999999
28177315.5,0.05430000000000001
28189070.5,0.056650000000000006
28200446.5,0.06
28204398.5,0.04815
28208459.5,0.0471
28213036.0,0.03060000000000001
28217401.0,0.058700000000000016
28221276.5,0.056049999999999996
28228665.0,0.0475
28237638.5,0.05765000000000001
28242971.0,0.051000000000000004
28248200.0,0.05185000000000001
28254075.5,0.05635000000000001
28258348.5,0.08505000000000001
28262774.0,0.08030000000000001
28267479.0,0.09165000000000002
28274811.5,0.07830000000000001
28282552.5,0.08465000000000002
28287517.0,0.08925000000000002
28292109.0,0.08620000000000001
28297525.0,0.09025000000000001
28302677.0,0.09290000000000002
28306562.5,0.09445000000000002
28310658.5,0.08640000000000002
28314710.5,0.073
28319275.0,0.1046
28323960.0,0.10125000000000002
28327915.0,0.12619999999999998
28331744.5,0.10295
28335965.5,0.1522
28340309.5,0.16789999999999997
28345780.5,0.1797
28350955.5,0.18389999999999998
28355021.5,0.19194999999999998
28359260.0,0.18819999999999998
28363211.5,0.1803
28367317.5,0.19334999999999997
28371514.5,0.20575000000000002
28375444.5,0.18404999999999996
28380017.5,0.17925
28385596.5,0.18444999999999998
28390530.0,0.18889999999999998
28394800.0,0.1805
28399268.5,0.13254999999999997
28403604.0,0.17174999999999999
28408576.5,0.17569999999999997
28413444.0,0.17234999999999998
28418163.0,0.1921
28424292.5,0.20265
28429683.5,0.2069
28433816.5,0.2074
28437908.0,0.2114
28442028.0,0.243
28446304.0,0.22579999999999997
28450504.5,0.22310000000000002
28454866.5,0.23750000000000002
28459205.5,0.23295000000000002
28463135.5,0.2609
28467036.0,0.24620000000000006
28471184.5,0.23415000000000005
28475612.5,0.23335000000000006
28479825.0,0.24159999999999998
28483753.0,0.2729
28488550.0,0.2516
28494511.5,0.18165000000000003
28500362.5,0.27315
28505074.0,0.26365
28512188.0,0.2728
28519904.0,0.272
28524712.5,0.2723
28528929.0,0.28295000000000003
28533656.0,0.31450000000000006
28542023.0,0.33124999999999993
28550067.5,0.3203500000000001
28554487.5,0.35924999999999996
28558708.0,0.3088
28563194.5,0.3544999999999999
28567705.5,0.34809999999999997
28572233.0,0.21925000000000006
28577355.0,0.34249999999999997
28582623.0,0.33984999999999993
28587614.5,0.32949999999999996
28592611.5,0.34525000000000006
28597230.0,0.14565
28601613.0,0.23305000000000003
28606096.0,0.20745
28610922.5,0.22775
28616059.5,0.18814999999999998
28621356.0,0.19125000000000003
28626482.0,0.17539999999999997
28631061.0,0.1944
28635408.0,0.18914999999999998
28639885.0,0.18999999999999997
28644522.5,0.18525000000000003
28649504.5,0.18255000000000005
28654739.0,0.19220000000000004
28659364.5,0.19085000000000005
28663983.0,0.19570000000000004
28668825.5,0.1757
28673345.0,0.15875
28678670.5,0.14799999999999996
28684893.5,0.15259999999999999
28690266.5,0.1464
28694755.5,0.13835000000000003
28699115.0,0.14190000000000003
28703388.5,0.14150000000000001
28707645.0,0.133
28712717.0,0.13764999999999994
28717894.0,0.1389
28722289.0,0.13949999999999996
28726425.0,0.13590000000000002
28730517.0,0.1158
28734931.5,0.12225
28739958.0,0.11805
28744664.0,0.08995000000000002
28749184.5,0.0998
28753684.5,0.09694999999999998
28757632.5,0.085
28761737.0,0.05545
28765986.5,0.08495
28770255.5,0.084
28774575.5,0.0869
28778818.0,0.08884999999999998
28782708.0,0.06690000000000002
28786645.5,0.06825
28790698.5,0.07425000000000001
28794604.5,0.07130000000000002
28798601.5,0.07355
28802872.5,0.07510000000000001
28807548.5,0.06590000000000001
28812443.0,0.058300000000000005
28817094.0,0.05315
28822153.0,0.06690000000000002
28827629.5,0.06435000000000002
28832619.0,0.053149999999999996
28837422.0,0.060300000000000006
28845902.0,0.01465
28854980.5,0.05305
28861606.5,0.05605
28867838.0,0.04835
28872825.0,0.05895
28877329.0,0.0611
28881684.5,0.051899999999999995
28886504.5,0.04825
28891416.0,0.04990000000000001
28896748.0,0.05205
28901986.5,0.04919999999999999
28907260.5,0.046799999999999994
28912819.0,0.04645000000000001
28917457.0,0.04775
28922266.0,0.04195000000000001
28927117.0,0.04239999999999999
28931358.0,0.044000000000000004
28935967.0,0.0325
28940552.5,0.05345
28944629.0,0.052899999999999996
28948832.5,0.048549999999999996
28952916.5,0.0452
28956760.5,0.0479
28960622.0,0.04869999999999999
28964658.5,0.044300000000000006
28968656.0,0.049899999999999986
28972705.5,0.04705000000000001
28976831.5,0.05009999999999999
28980974.0,0.05124999999999999
28985048.0,0.05434999999999999
28988956.5,0.047049999999999995
28992870.5,0.04295
28996724.0,0.0482
29000958.0,0.05650000000000001
29005438.0,0.0592
29009527.5,0.04935
29013654.0,0.046200000000000005
29017815.0,0.04070000000000001
29021882.5,0.03795
29025956.0,0.03655
29030096.0,0.04665
29034175.0,0.0455
29038393.0,0.04285
29042862.0,0.04665
29046891.0,0.04575
29050968.0,0.0412
29055503.5,0.04225
29059842.5,0.05
29063831.0,0.0396
29067934.5,0.04425
29071995.5,0.04304999999999999
29076195.5,0.04025
29080348.5,0.03885000000000001
29084339.0,0.037250000000000005
29089074.0,0.03720000000000001
29093678.5,0.03875000000000001
29097874.0,0.041800000000000004
29102650.0,0.03505
29107430.5,0.04075
29113133.5,0.0313
29119211.0,0.03075
29133705.5,0.02550000000000001
29148185.0,0.0334
29152647.0,0.03135
29156466.5,0.0352
29160463.0,0.03175
29164718.5,0.026600000000000002
29168850.0,0.03639999999999999
29177336.0,0.0272
29186893.0,0.032100000000000004
29191801.0,0.031799999999999995
29195741.0,0.029649999999999992
29199936.5,0.026900000000000004
29204136.5,0.030849999999999992
29208169.5,0.04005
29212251.0,0.0329
29216211.0,0.0331
29220048.5,0.03095
29224018.5,0.03275
29228026.0,0.0324
29231895.0,0.033549999999999996
29237436.0,0.033549999999999996
29243460.0,0.030249999999999996
29247718.5,0.0347
29252051.0,0.031249999999999997
29256522.5,0.029949999999999997
29260901.0,0.0279
29265253.5,0.032100000000000004
29269085.5,0.028050000000000002
29272692.5,0.030100000000000002
29276621.0,0.03135
29280663.0,0.03325
29285170.5,0.031100000000000006
29290173.0,0.028250000000000004
29294715.0,0.033299999999999996
29300202.0,0.03459999999999999
29305400.5,0.0251
29309157.0,0.02805
29313122.5,0.025550000000000003
29317088.5,0.027950000000000003
29321154.5,0.028699999999999996
29325098.0,0.029399999999999996
29328879.0,0.030299999999999997
29333153.5,0.030649999999999993
29337659.5,0.02715
29342139.0,0.032049999999999995
29346595.0,0.031400000000000004
29351883.5,0.03125
29356794.0,0.026050000000000004
29360678.0,0.028600000000000007
29364705.5,0.022900000000000004
29369010.0,0.02950000000000001
29373127.0,0.028999999999999995
29377546.0,0.029400000000000003
29382413.0,0.02210000000000001
29387630.0,0.027850000000000007
29392662.0,0.025750000000000002
29397419.0,0.02015
29404315.0,0.02665
29410556.5,0.025850000000000005
29417043.5,0.030150000000000003
29424532.5,0.029200000000000007
29429645.0,0.02650000000000001
29433592.0,0.029150000000000002
29437593.5,0.027549999999999998
29443911.5,0.022450000000000005
29461497.0,0.006300000000000002
29488941.0,0.0053500000000000015
29527882.0,0.00605
29566260.5,0.0056000000000000025
29603379.5,0.006750000000000001
29642115.5,0.006300000000000002
29667931.5,0.022000000000000002
29686924.5,0.010149999999999998
29717988.5,0.006
29752034.5,0.006250000000000001
29789801.5,0.00685
29839253.5,0.0091
29891941.5,0.009250000000000001
29937056.5,0.006300000000000002
29959847.0,0.007949999999999999
29968189.5,0.024050000000000002
29972190.5,0.026600000000000006
29976093.0,0.02130000000000001
29981072.5,0.02415000000000001
29985950.5,0.024500000000000008
29989622.0,0.026150000000000003
29993293.0,0.02645
29996959.5,0.025150000000000002
30001244.5,0.023600000000000003
30005747.5,0.02235000000000001
30009585.5,0.024650000000000005
30013141.0,0.025600000000000005
30016784.5,0.021700000000000004
30020827.5,0.023
30025005.5,0.022950000000000005
30029113.5,0.02065
30033133.5,0.02415
30036925.5,0.023250000000000007
30040639.5,0.024950000000000007
30044597.0,0.02370000000000001
30048575.0,0.021900000000000003
30052428.0,0.023600000000000003
30056480.5,0.023100000000000006
30061075.0,0.025150000000000002
30065623.0,0.022600000000000006
30069654.5,0.022750000000000003
30073430.0,0.021650000000000006
30077181.0,0.017750000000000005
30081000.5,0.016450000000000003
30084832.5,0.020800000000000006
30088938.0,0.020100000000000007
30093135.0,0.01845
30097334.0,0.018799999999999997
30101449.5,0.023100000000000002
30105508.5,0.020000000000000007
30109653.5,0.021150000000000006
30113764.5,0.018750000000000006
30117838.5,0.019200000000000002
30121739.5,0.018850000000000002
30125692.0,0.0199
30130754.0,0.021700000000000004
30135539.0,0.020250000000000004
30139244.0,0.018050000000000007
30143000.0,0.019300000000000005
30146741.0,0.020100000000000007
30150475.0,0.02015
30155126.0,0.01915
30159762.5,0.01970000000000001
30163493.0,0.017700000000000007
30167107.0,0.019050000000000004
30172047.0,0.017700000000000004
30177065.0,0.018150000000000003
30181004.0,0.025650000000000006
30185178.0,0.019150000000000007
30189389.5,0.019550000000000012
30193554.5,0.026000000000000002
30197441.0,0.017600000000000005
30201371.5,0.019500000000000003
30205497.0,0.015900000000000004
30209372.5,0.01705000000000001
30212924.0,0.016850000000000007
30216448.5,0.015800000000000005
30220099.5,0.018200000000000004
30223800.5,0.019300000000000005
30227417.0,0.015550000000000001
30231049.5,0.016600000000000007
30234654.0,0.016850000000000007
30238089.0,0.015500000000000007
30243149.0,0.018949999999999998
30248188.0,0.019050000000000004
30251826.0,0.016350000000000003
30256513.5,0.012750000000000008
30260978.0,0.016649999999999998
30264651.0,0.014200000000000004
30268222.5,0.013600000000000008
30272041.0,0.01285
30276390.5,0.015600000000000003
30280415.0,0.012750000000000001
30283866.0,0.013150000000000005
30288021.5,0.012650000000000002
30292459.5,0.012600000000000002
30296352.5,0.0124
30300167.5,0.0109
30304135.0,0.012300000000000002
30308320.5,0.014300000000000007
30312253.5,0.01335
30316055.5,0.01125
30319875.0,0.011049999999999999
30323767.5,0.0109
30327812.5,0.01255
30331658.5,0.012400000000000001
30335256.0,0.012350000000000002
30338905.0,0.012400000000000001
30342442.5,0.0125
30346180.0,0.0119
30350083.0,0.01245
30353923.0,0.011250000000000001
30357687.0,0.012100000000000001
30361280.5,0.012
30364888.5,0.01145
30369546.0,0.011349999999999999
30374208.5,0.01195
30378146.5,0.0119
30382135.5,0.0119
30385821.5,0.0122
30389616.0,0.012550000000000002
30393768.5,0.0121
30397662.0,0.013600000000000001
30401250.0,0.013650000000000002
30404824.5,0.014650000000000007
30408708.5,0.013400000000000002
30412617.0,0.012350000000000002
30416942.5,0.0133
30421335.5,0.012100000000000001
30425483.0,0.013500000000000002
30429734.5,0.014850000000000004
30433381.0,0.014050000000000003
30437078.0,0.0126
30440824.5,0.012400000000000001
30444264.5,0.014850000000000007
30447959.0,0.012750000000000001
30451626.0,0.014250000000000002
30455975.5,0.014500000000000002
30460364.5,0.01335
30463789.5,0.0132
30467335.5,0.013400000000000002
30471100.5,0.0127
30474770.5,0.013250000000000001
30478251.5,0.0158
30481691.5,0.014350000000000002
30485130.5,0.013850000000000001
30488392.0,0.01335
30491876.5,0.014500000000000002
30495504.5,0.01295
30498878.5,0.013600000000000001
30502313.5,0.014350000000000002
30505904.5,0.013300000000000003
30509395.0,0.015200000000000005
30512870.0,0.013650000000000002
30516568.5,0.013650000000000002
30520320.5,0.012300000000000002
30523992.0,0.014250000000000002
30527925.5,0.013900000000000003
30531949.5,0.012549999999999999
30535691.5,0.012950000000000003
30539526.5,0.014450000000000008
30543474.0,0.014100000000000001
30547258.0,0.014400000000000003
30551014.0,0.0125
30555154.5,0.01335
30559318.5,0.014050000000000003
30564042.5,0.013300000000000003
30568813.0,0.014350000000000002
30573049.0,0.013400000000000002
30577542.5,0.0132
30581675.5,0.013800000000000002
30585526.5,0.014500000000000002
30589480.0,0.0148
30593204.0,0.013500000000000002
30597468.0,0.014650000000000002
30601722.0,0.0165
30605491.5,0.01395
30609187.0,0.014800000000000002
30612558.5,0.01515
30616164.0,0.014200000000000004
30619713.0,0.014800000000000002
30623049.5,0.014350000000000002
30626527.0,0.014700000000000003
30630112.5,0.015400000000000002
30633587.5,0.015050000000000004
30636999.0,0.015550000000000008
30640530.5,0.014400000000000003
30644090.0,0.013750000000000002
30647659.5,0.013250000000000001
30651399.0,0.01175
30654947.5,0.014550000000000004
30658280.5,0.012900000000000002
30662085.5,0.013250000000000001
30666177.0,0.013500000000000002
30670015.0,0.011
30673666.0,0.012
30677867.5,0.013550000000000003
30682240.5,0.0112
30687093.5,0.011349999999999999
30691593.5,0.013050000000000003
30694869.5,0.013149999999999998
30698221.5,0.012700000000000003
30701644.5,0.012900000000000002
30705096.5,0.0125
30708589.0,0.012799999999999999
30712015.5,0.012150000000000001
30715258.5,0.0125
30718466.0,0.01245
30721847.5,0.01225
30725265.0,0.0125
30728608.5,0.0127
30732241.5,0.01085
30736103.5,0.011800000000000001
30740491.5,0.011300000000000001
30744735.0,0.01095
30748255.0,0.01165
30751775.5,0.011800000000000001
30755186.0,0.0132
30758474.0,0.012150000000000001
30761760.0,0.01295
30765048.0,0.013750000000000002
30768447.0,0.013000000000000001
30772049.0,0.01295
30775695.5,0.014050000000000002
30779361.0,0.013900000000000003
30783059.5,0.0143
30786575.5,0.013950000000000002
30789878.0,0.01245
30793812.5,0.0137
30798053.5,0.01245
30801887.5,0.0125
30806125.5,0.013600000000000001
30810420.5,0.013150000000000002
30815228.5,0.0115
30820217.0,0.012750000000000001
30824141.0,0.013750000000000002
30827674.0,0.011949999999999999
30831131.5,0.012750000000000001
30834693.0,0.01175
30838702.5,0.013900000000000001
30843059.0,0.0131
30847202.0,0.011950000000000002
30851926.0,0.011949999999999999
30856620.0,0.0125
30860394.0,0.0131
30864460.0,0.014300000000000004
30868551.5,0.0125
30872554.5,0.01285
30876673.0,0.011550000000000001
30880720.5,0.0127
30884596.0,0.013750000000000002
30888367.5,0.0126
30892904.0,0.012800000000000002
30898142.0,0.0126
30903865.5,0.01185
30908942.5,0.0127
30913427.5,0.0119
30917812.5,0.011950000000000002
30921645.0,0.013150000000000002
30925444.5,0.011800000000000001
30929060.0,0.013900000000000003
30932940.0,0.0125
30937306.0,0.01175
30941479.5,0.0131
30945086.0,0.013850000000000001
30948663.5,0.012050000000000002
30952211.5,0.015850000000000003
30955586.5,0.01335
30959061.0,0.012750000000000001
30962593.0,0.0126
30966007.5,0.012200000000000003
30969353.0,0.014100000000000001
30972654.5,0.01255
30976098.5,0.012199999999999999
30979628.0,0.0132
30982987.5,0.012299999999999998
30986351.5,0.012550000000000002
30989762.0,0.012150000000000001
30993311.0,0.012300000000000002
30996803.0,0.0112
31000200.5,0.013650000000000002
31003642.5,0.012350000000000003
31006986.0,0.011300000000000001
31010341.5,0.0121
31013935.5,0.009499999999999998
31017714.0,0.01235
31021497.0,0.012199999999999999
31025095.5,0.011550000000000001
31028405.5,0.015100000000000002
31031971.5,0.01035
31035695.0,0.013950000000000002
31039209.5,0.011800000000000001
31043065.5,0.010450000000000001
31047121.0,0.012900000000000002
31054049.5,0.012300000000000002
31063743.0,0.01355
31070172.5,0.011
31073859.0,0.01175
31077690.5,0.011649999999999999
31081216.0,0.012900000000000002
31088032.0,0.011099999999999999
31102938.0,0.01245
31114395.5,0.018550000000000004
31117841.5,0.01195
31121327.0,0.0144
31124793.5,0.014350000000000002
31132126.5,0.014500000000000002
31149584.5,0.009999999999999998
31164183.0,0.016399999999999998
31168635.5,0.012199999999999999
31172179.5,0.0131
31175845.0,0.0106
31180396.0,0.011800000000000001
31185112.0,0.01245
31189145.0,0.0112
31193505.0,0.0109
31199385.0,0.011200000000000002
31204734.0,0.012650000000000002
31209408.0,0.0105
31214279.0,0.01225
31217973.0,0.012550000000000002
31221512.0,0.010249999999999999
31225117.0,0.01245
31228613.5,0.01165
31233243.0,0.012750000000000003
31238026.5,0.010249999999999999
31241586.0,0.014500000000000002
31245046.5,0.014750000000000001
31248499.5,0.012450000000000003
31252084.5,0.012650000000000002
31256827.5,0.012750000000000003
31261509.5,0.013300000000000003
31265276.5,0.01415
31269144.0,0.013250000000000001
31273383.5,0.01465
31286407.5,0.012350000000000002
31319684.0,0.01185
31343952.5,0.01335
31347384.0,0.014100000000000003
31351114.5,0.0126
31354800.0,0.0125
31358179.0,0.014700000000000001
31361501.0,0.012450000000000001
31367487.5,0.017400000000000002
31373632.0,0.018800000000000004
31377100.0,0.019050000000000004
31380534.5,0.0138
31383879.5,0.01595
31387227.0,0.016550000000000002
31390656.5,0.016800000000000002
31394075.5,0.01705
31397551.5,0.01835
31401552.5,0.016800000000000002
31405579.0,0.017100000000000004
31409068.5,0.0199
31412826.0,0.017600000000000005
31416646.5,0.01865
31420595.5,0.01935
31424511.0,0.019200000000000002
31427975.0,0.0215
31431608.0,0.02045
31436322.5,0.0223
31441346.0,0.016850000000000004
31445904.5,0.017600000000000005
31450748.0,0.019700000000000002
31455599.0,0.0166
31459907.0,0.016550000000000002
31463599.0,0.018000000000000002
31467220.0,0.01645
31470932.5,0.0175
31474481.5,0.017349999999999997
31477897.0,0.0177
31481687.5,0.0196
31485543.5,0.0196
31489121.5,0.016900000000000002
31492948.5,0.01725
31500484.5,0.018050000000000004
31507920.5,0.019549999999999998
31511660.5,0.01885
31515234.0,0.0206
31518907.5,0.0195
31522574.5,0.0211
31526015.5,0.01865
31529600.0,0.0188
31533330.5,0.02145
31536999.5,0.020200000000000003
31540736.0,0.0208
31544555.0,0.0185
31552238.5,0.020900000000000002
31559844.0,0.019799999999999998
31563564.0,0.02
31567556.5,0.019649999999999997
31571475.5,0.01675
31575101.5,0.020999999999999998
31578728.5,0.020749999999999998
31582529.0,0.0183
31586518.5,0.019250000000000003
31590365.0,0.02275
31595384.0,0.01745
31601992.0,0.0213
31609185.0,0.02415
31614598.5,0.023450000000000002
31618149.0,0.0192
31621774.5,0.023000000000000003
31625433.0,0.023150000000000004
31629317.0,0.023250000000000003
31633236.0,0.020700000000000003
31636849.5,0.024650000000000002
31640228.5,0.019000000000000003
31643809.5,0.01795
31647568.0,0.0119
31651562.0,0.01665
31655431.5,0.0235
31658994.5,0.023450000000000002
31662946.0,0.01865
31666900.0,0.0218
31670295.5,0.021400000000000002
31673606.5,0.021200000000000004
31677288.5,0.023350000000000003
31681097.0,0.0218
31690713.0,0.02225
31700831.5,0.020950000000000003
31704869.0,0.0158
31708933.0,0.027900000000000008
31716192.5,0.018099999999999998
31722718.5,0.024950000000000003
31726021.0,0.022
31729325.5,0.022850000000000002
31732648.5,0.020200000000000003
31736127.5,0.024450000000000003
31739872.5,0.0184
31751162.5,0.017300000000000003
31762422.5,0.01965
31766509.0,0.02105
31772027.0,0.020500000000000004
31779778.5,0.024249999999999997
31797964.0,0.0139
31813743.5,0.019500000000000003
31819276.5,0.018600000000000002
31825136.0,0.03415
31829112.5,0.030199999999999998
31832396.0,0.02255
31847310.0,0.015650000000000004
31862292.5,0.02105
31865951.0,0.021400000000000002
31869878.0,0.017400000000000002
31889565.5,0.014249999999999999
31919019.5,0.01485
31932705.0,0.01735
31938475.0,0.0181
31946843.5,0.017100000000000004
31953209.5,0.017300000000000003
31956744.0,0.019549999999999998
31960171.5,0.020899999999999995
31963661.5,0.01715
31967074.0,0.0194
31970363.5,0.0186
31973655.5,0.016849999999999997
31976860.0,0.01665
31980048.5,0.018449999999999998
31983308.0,0.0175
31986677.0,0.01465
31990029.5,0.0144
31993273.5,0.015449999999999998
31996966.5,0.0162
32000669.5,0.01595
32003897.5,0.015550000000000001
32007204.5,0.0162
32010474.5,0.019500000000000003
32013682.5,0.018750000000000003
32016957.5,0.0166
32020268.0,0.0175
32023561.0,0.018600000000000002
32027012.0,0.0182
32030663.0,0.018
32034773.5,0.022850000000000002
32039494.0,0.01765
32043622.0,0.018000000000000002
32047082.0,0.0164
32050558.5,0.01795
32053774.0,0.01645
32057073.0,0.0162
32060958.5,0.01675
32064722.5,0.01645
32068104.0,0.0159
32072126.5,0.012600000000000002
32076221.0,0.0158
32079647.0,0.01615
32083009.0,0.0155
32086710.0,0.0131
32091047.0,0.0155
32095059.5,0.01575
32099201.5,0.015349999999999999
32104528.5,0.0162
32108981.5,0.0204
32112257.0,0.021350000000000004
32115523.5,0.02265
32119255.5,0.0175
32126275.0,0.016600000000000004
32166362.5,0.01545
32210744.0,0.013399999999999999
32222407.0,0.016800000000000002
32226687.5,0.017200000000000003
32230413.5,0.01625
32234159.5,0.0183
32237781.5,0.0187
32241404.5,0.019949999999999996
32245074.0,0.02325
32248767.0,0.0228
32252383.5,0.018900000000000004
32255943.5,0.0154
32259992.5,0.01435
32263952.5,0.018349999999999998
32267329.0,0.01675
32270786.5,0.022850000000000002
32274415.5,0.0155
32277876.5,0.018100000000000005
32281341.0,0.0151
32284834.5,0.016700000000000003
32288484.0,0.01525
32292614.5,0.018299999999999997
32296489.0,0.018050000000000004
32299866.5,0.01635
32303579.0,0.017
32307481.0,0.017600000000000005
32311139.5,0.01495
32315163.5,0.0143
32319138.5,0.017350000000000004
32322663.0,0.01495
32326669.0,0.01495
32331075.5,0.01555
32335315.0,0.0169
32345807.5,0.0101
32356104.5,0.0156
32365264.5,0.013649999999999999
32374351.0,0.013799999999999998
32565822.5,0.007500000000000001
32757256.5,0.01035
32760728.0,0.01025
32764219.5,0.010150000000000001
32767716.5,0.01
32771085.5,0.0109
32774610.0,0.01025
32778081.0,0.01165
32781363.0,0.0107
32788899.5,0.0103
32796532.5,0.011300000000000001
32799884.0,0.011550000000000001
32803120.0,0.01255
32806394.5,0.011800000000000001
32810255.5,0.012799999999999999
32814218.5,0.010549999999999999
32817510.5,0.0116
32820825.0,0.01085
32824217.5,0.0108
32827541.0,0.010700000000000001
32830882.5,0.0105
32834195.5,0.0105
32837933.5,0.011550000000000001
32841631.5,0.011350000000000002
32845343.5,0.00945
32849262.0,0.0114
32852719.0,0.0116
32856052.0,0.01105
32859695.5,0.01005
32863674.5,0.01285
32867781.0,0.011000000000000001
32871397.5,0.01195
32874729.5,0.01185
32878118.0,0.011000000000000001
32881358.0,0.010949999999999998
32884602.0,0.011700000000000002
32887852.0,0.012300000000000002
32891091.0,0.0119
32894297.5,0.013150000000000002
32897853.0,0.013050000000000003
32901669.5,0.0109
32905195.0,0.011300000000000001
32908525.0,0.0114
32911864.0,0.014600000000000002
32915194.0,0.01235
32918516.0,0.011450000000000002
32922607.5,0.011300000000000001
32927131.0,0.012400000000000001
32932094.0,0.0115
32936740.0,0.012050000000000002
32940259.0,0.011800000000000001
32943749.0,0.012100000000000003
32947259.0,0.01115
32950646.5,0.01235
32953895.0,0.012800000000000002
32957173.0,0.01105
32961527.0,0.012
32965801.0,0.01125
32969059.0,0.012150000000000001
32972325.0,0.012350000000000002
32975608.5,0.012950000000000001
32978854.5,0.014199999999999999
32982115.5,0.0133
32985515.5,0.0123
32988870.0,0.013850000000000001
32992096.5,0.011800000000000001
32995292.0,0.012950000000000001
32998897.5,0.013849999999999998
33003661.0,0.01245
33009305.0,0.01125
33014942.0,0.011800000000000001
33021104.0,0.013149999999999998
33027800.5,0.013249999999999998
33033231.5,0.0137
33037163.0,0.01115
33041105.0,0.011950000000000002
33048679.5,0.0126
33056786.5,0.012249999999999999
33061332.0,0.012899999999999998
33066480.0,0.009899999999999999
33073213.5,0.00995
33078573.0,0.0116
33082687.0,0.00995
33087169.5,0.01245
33091589.0,0.009999999999999998
33095434.0,0.012
33098732.5,0.01255
33102179.5,0.012950000000000003
33106511.0,0.012750000000000001
33110717.0,0.011950000000000002
33114710.0,0.012600000000000004
33118970.5,0.012450000000000003
33123102.0,0.0119
33127539.5,0.011800000000000001
33131561.5,0.012900000000000002
33136270.0,0.01235
33141079.0,0.012550000000000002
33144766.0,0.012200000000000003
33150411.5,0.011200000000000002
33156028.5,0.010850000000000002
33159793.0,0.012050000000000002
33163561.5,0.00985
33167560.5,0.012050000000000002
33171551.0,0.01295
33175174.0,0.0115
33178932.0,0.012750000000000003
33182837.0,0.012600000000000002
33186507.5,0.0108
33190025.0,0.012150000000000001
33194221.0,0.014700000000000001
33198839.0,0.0119
33203091.0,0.011300000000000001
33206981.0,0.010950000000000001
33210721.5,0.0103
33214391.0,0.012150000000000001
33217918.5,0.011200000000000002
33223160.0,0.0105
33228509.0,0.01175
33233863.0,0.01065
33239467.0,0.011699999999999999
33243385.0,0.01105
33247037.5,0.01045
33250644.0,0.0109
33254248.5,0.01015
33258508.0,0.00955
33266079.0,0.009749999999999998
33273067.5,0.0104
33276612.5,0.012400000000000001
33280074.0,0.011
33283416.5,0.012400000000000001
33286918.5,0.00985
33290907.0,0.009999999999999998
33294736.5,0.011700000000000002
33298646.5,0.011800000000000001
33302911.0,0.01235
33307419.5,0.012750000000000001
33311579.0,0.011200000000000002
33314990.0,0.012800000000000002
33318868.0,0.012600000000000002
33322809.5,0.01165
33326198.5,0.01185
33338634.5,0.010600000000000002
33351092.5,0.011950000000000002
33355042.5,0.01175
33358978.0,0.01065
33363203.0,0.013150000000000002
33367597.5,0.012200000000000003
33372987.5,0.012350000000000002
33381392.0,0.01055
33387839.5,0.01415
33398927.5,0.011450000000000002
33411302.5,0.009850000000000001
33416139.5,0.011550000000000001
33419898.0,0.01305
33423487.5,0.01235
33427561.5,0.01005
33431969.0,0.0115
33435729.0,0.011
33439044.5,0.01105
33442503.5,0.010599999999999998
33446487.5,0.01075
33450429.0,0.010099999999999998
33454043.5,0.00945
33459288.5,0.0088
33465018.5,0.0093
33469651.5,0.009999999999999998
33474035.5,0.00945
33478348.0,0.00885
33482665.0,0.010249999999999999
33486751.0,0.00995
33490692.5,0.011200000000000002
33494718.5,0.0103
33499009.0,0.0116
33503067.0,0.012150000000000001
33506754.0,0.01055
33510244.0,0.01225
33513583.5,0.0133
33517467.0,0.011449999999999998
33521640.0,0.013149999999999998
33525300.5,0.013150000000000002
33528885.5,0.012549999999999999
33532689.0,0.01245
33536448.5,0.01285
33540324.5,0.012900000000000002
33544154.5,0.012300000000000002
33547839.0,0.0121
33551591.0,0.0138
33555844.5,0.013399999999999999
33559986.0,0.014250000000000002
33563981.0,0.0126
33567888.5,0.012150000000000001
33572420.5,0.012800000000000002
33577491.0,0.01245
33581494.0,0.01195
33584924.0,0.0109
33588372.0,0.0126
33591928.0,0.0121
33595370.0,0.012099999999999998
33598823.5,0.0137
33602473.0,0.011949999999999999
33606314.5,0.0127
33610000.0,0.0126
33614197.5,0.0125
33618653.0,0.0104
33622997.0,0.011200000000000002
33627101.0,0.01175
33631038.0,0.013000000000000001
33634910.5,0.012200000000000003
33638530.0,0.0114
33642258.5,0.011199999999999998
33645905.0,0.011000000000000003
33649466.5,0.01065
33652939.0,0.0125
33656468.5,0.017050000000000003
33659887.5,0.0121
33663314.0,0.01125
33667638.5,0.009649999999999999
33671856.5,0.01185
33675169.0,0.0133
33679005.0,0.010299999999999998
33682950.5,0.0108
33686290.5,0.010150000000000003
33689481.5,0.01235
33692733.5,0.013200000000000002
33696037.0,0.0114
33699293.5,0.010950000000000001
33702906.0,0.01
33706767.5,0.010700000000000001
33710213.5,0.0114
33713465.0,0.01185
33716683.5,0.01185
33719978.0,0.012
33723392.5,0.012400000000000001
33726640.0,0.0103
33729792.0,0.013350000000000002
33733117.0,0.013300000000000003
33736511.0,0.012400000000000001
33739844.5,0.01335
33743194.5,0.015150000000000004
33746628.5,0.01455
33749945.5,0.013000000000000001
33753112.5,0.0119
33756714.0,0.0109
33760402.0,0.009999999999999998
33763870.5,0.012400000000000003
33767287.5,0.01015
33770868.0,0.010199999999999999
33774454.5,0.00985
33777821.0,0.008649999999999998
33781475.0,0.010099999999999998
33785319.5,0.009799999999999998
33789905.0,0.00975
33794462.5,0.008549999999999999
33799135.5,0.009749999999999998
33805385.0,0.010199999999999999
33810600.0,0.01285
33814180.0,0.01125
33818317.5,0.0097
33823031.0,0.01105
33846376.5,0.00955
33869481.5,0.009099999999999997
33873678.0,0.009500000000000001
33877483.5,0.0098
33881552.5,0.0099
33885477.5,0.009800000000000001
33889668.5,0.011650000000000002
33893927.5,0.011000000000000001
33897442.5,0.010950000000000001
33900941.5,0.011300000000000001
33904364.0,0.009399999999999999
33907919.5,0.01025
33911624.0,0.00935
33915207.0,0.0098
33919187.5,0.010299999999999998
33923169.0,0.0097
33927372.5,0.009099999999999997
33936431.0,0.00915
33944758.5,0.0103
33948442.0,0.00995
33952111.5,0.0092
33956474.5,0.009649999999999999
33960731.0,0.012050000000000002
33964129.0,0.010550000000000002
33967557.5,0.01055
33970934.0,0.01045
33974533.5,0.0112
33983528.0,0.01
33995152.5,0.01035
34002983.5,0.01105
34008190.5,0.009550000000000001
34011901.0,0.01285
34015659.0,0.009499999999999998
34019518.0,0.01105
34023316.5,0.011049999999999999
34027181.0,0.0106
34030900.5,0.01045
34034305.0,0.011949999999999999
34037602.5,0.0116
34041263.0,0.013250000000000001
34045551.0,0.0101
34049645.5,0.013900000000000003
34057356.5,0.0086
34066347.5,0.010949999999999998
34072836.0,0.008499999999999999
34077969.5,0.00995
34083039.5,0.008950000000000001
34089454.5,0.009249999999999998
34095109.5,0.009999999999999998
34099624.0,0.009600000000000001
34103901.0,0.012300000000000002
34108086.5,0.010100000000000001
34113837.5,0.0128
34121792.0,0.0133
34127451.0,0.014250000000000002
34141336.0,0.0115
34156020.5,0.01035
34160188.5,0.012650000000000002
34163492.5,0.0123
34166953.0,0.0125
34174074.0,0.011699999999999999
34181332.0,0.0119
34186636.0,0.01105
34192201.0,0.011099999999999999
34196398.5,0.0133
34200076.5,0.012149999999999998
34204170.5,0.013900000000000001
34208253.5,0.01225
34211730.5,0.012300000000000002
34216343.0,0.01035
34221002.5,0.013649999999999999
34225099.0,0.01005
34229353.0,0.01105
34233955.5,0.0114
34241682.5,0.0126
34248718.5,0.0095
34253504.5,0.010049999999999998
34258117.0,0.0108
34261609.0,0.009949999999999999
34264959.0,0.010499999999999999
34268351.0,0.0108
34272716.0,0.00995
34278645.5,0.009949999999999999
34284003.0,0.00955
34287874.5,0.010850000000000002
34292939.0,0.00995
34300564.0,0.0088
34306713.5,0.0092
34311085.5,0.01015
34315849.5,0.0093
34319928.5,0.0093
34323579.5,0.00905
34326953.5,0.009749999999999998
34330320.5,0.009399999999999999
34334254.0,0.00915
34338215.5,0.0093
34342098.5,0.01305
34346990.5,0.010249999999999999
34351712.0,0.01465
34355423.0,0.009699999999999999
34359073.0,0.0104
34362837.0,0.009899999999999999
34366527.0,0.009850000000000001
34373542.0,0.0089
34381825.0,0.0092
34387648.5,0.00925
34392081.5,0.008549999999999999
34395873.0,0.0089
34399788.0,0.00885
34403412.5,0.0088
34406984.5,0.009649999999999999
34410715.5,0.0095
34414993.0,0.008799999999999999
34420323.0,0.0101
34425374.5,0.009149999999999998
34429402.5,0.0085
34433101.5,0.0095
34436644.5,0.010400000000000001
34440182.5,0.01195
34443681.5,0.01125
34448538.0,0.010249999999999999
34453471.0,0.014950000000000001
34457903.0,0.011450000000000002
34462304.5,0.0096
34465919.5,0.010849999999999999
34469424.0,0.00885
34473483.5,0.008999999999999998
34478243.0,0.01165
34482331.0,0.00935
34485696.0,0.009099999999999997
34489129.0,0.00875
34492568.5,0.010499999999999999
34495967.5,0.009850000000000001
34499441.5,0.0085
34503439.0,0.00885
34507635.0,0.011349999999999999
34511826.0,0.01105
34515947.0,0.009750000000000002
34520617.5,0.00995
34525171.0,0.010100000000000001
34528603.5,0.0086
34531984.0,0.00845
34536055.5,0.01115
34540041.5,0.009399999999999999
34543367.5,0.0093
34547063.5,0.00895
34550968.5,0.0086
34554495.5,0.009349999999999997
34557929.5,0.009399999999999999
34561885.5,0.00955
34565740.5,0.009
34569293.5,0.0091
34572935.5,0.010450000000000001
34577512.0,0.011349999999999999
34583793.0,0.0073999999999999995
34588998.0,0.01035
34592512.0,0.0097
34596004.5,0.0095
34599450.0,0.009999999999999998
34603364.5,0.008999999999999998
34608064.0,0.0097
34612418.0,0.0097
34615886.0,0.00965
34619318.0,0.0104
34622808.5,0.010249999999999999
34626230.0,0.00955
34632966.5,0.00725
34639792.0,0.0108
34643365.0,0.009249999999999998
34668858.0,0.00795
34695123.0,0.00885
34700622.5,0.0092
34706190.5,0.009049999999999999
34710772.5,0.0154
34718476.5,0.012549999999999999
34726176.0,0.01075
34729885.5,0.0079
34733626.5,0.009349999999999999
34737343.0,0.00945
34740959.5,0.009300000000000001
34744751.0,0.0103
34749157.5,0.00845
34753420.0,0.00855
34757182.0,0.00915
34760932.0,0.0091
34764594.0,0.0085
34768563.5,0.0095
34772485.5,0.01045
34776184.5,0.01025
34779895.0,0.0103
34783517.5,0.01035
34787062.5,0.01035
34790571.5,0.0104
34794266.0,0.011349999999999999
34802937.5,0.00945
34811427.5,0.010750000000000001
34815009.0,0.0106
34818881.0,0.0085
34822687.0,0.0098
34826174.5,0.00955
34830558.0,0.012
34834940.0,0.01165
34838447.5,0.011349999999999999
34841894.5,0.0108
34845531.5,0.010249999999999999
34849201.0,0.0096
34853049.5,0.009850000000000001
34857070.5,0.00925
34860786.0,0.00925
34864349.5,0.010450000000000001
34868008.5,0.01055
34871638.0,0.0103
34875177.5,0.011099999999999999
34878792.5,0.012600000000000004
34882613.0,0.00955
34886418.5,0.00975
34890329.5,0.009999999999999998
34894534.0,0.010449999999999997
34898829.5,0.008499999999999999
34903089.5,0.009899999999999999
34907415.5,0.009899999999999999
34911888.5,0.010199999999999999
34915769.0,0.009899999999999999
34919296.5,0.0104
34923215.5,0.009999999999999998
34927728.5,0.009699999999999999
34933263.0,0.009749999999999998
34938288.5,0.0098
34942240.0,0.009750000000000002
34946771.5,0.012249999999999999
34951019.0,0.012350000000000003
34954526.5,0.0119
34958546.0,0.01055
34962836.5,0.013000000000000003
34966848.0,0.012950000000000003
34971379.5,0.01125
34975922.0,0.011199999999999998
34983094.0,0.011450000000000002
34990045.0,0.0086
34993827.5,0.0114
34998137.0,0.010700000000000001
35002471.0,0.011699999999999999
35007308.5,0.0109
35012004.0,0.01025
35015742.5,0.0115
35020785.5,0.012950000000000001
35026380.5,0.01035
35030714.0,0.01055
35034464.5,0.01165
35038096.5,0.011199999999999998
35041721.0,0.0103
35045751.5,0.01015
35049870.5,0.010950000000000001
35053836.0,0.011300000000000001
35057509.5,0.0116
35061026.5,0.012050000000000002
35064491.5,0.0125
35067775.5,0.01115
35071322.0,0.01165
35074896.5,0.012300000000000002
35078368.5,0.0121
35081880.5,0.01115
35085526.0,0.01105
35089533.0,0.011800000000000001
35093470.5,0.0132
35097480.5,0.014950000000000001
35102170.0,0.01255
35106381.0,0.013999999999999999
35110103.0,0.0175
35114273.0,0.01225
35118240.0,0.01345
35121693.5,0.015000000000000003
35125275.5,0.013150000000000002
35128943.5,0.015050000000000001
35132617.0,0.0213
35136625.5,0.018350000000000005
35140364.5,0.0229
35144066.0,0.018650000000000003
35147848.0,0.02045
35151482.5,0.01875
35155586.0,0.022000000000000002
35160110.5,0.01785
35164040.0,0.0161
35167341.0,0.021150000000000002
35170645.5,0.01825
35174036.0,0.021150000000000002
35178860.5,0.01895
35183103.5,0.0232
35187278.5,0.0186
35190741.0,0.0133
35196074.5,0.0158
35201420.5,0.01595
35204923.5,0.014849999999999999
35208724.5,0.014099999999999998
35212678.0,0.013250000000000001
35216344.0,0.012199999999999999
35220104.5,0.013600000000000001
35223897.5,0.0138
35227619.0,0.013399999999999999
35231491.5,0.012450000000000001
35235321.5,0.013600000000000001
35239111.0,0.013150000000000002
35242986.5,0.012050000000000002
35246745.0,0.013400000000000002
35250386.0,0.014000000000000002
35254090.0,0.01465
35258391.5,0.013949999999999999
35262634.0,0.0127
35266787.0,0.010700000000000001
35271503.5,0.01015
35276180.5,0.011100000000000002
35280224.0,0.012050000000000002
35283964.5,0.011300000000000001
35288467.5,0.013750000000000002
35293039.5,0.011850000000000001
35296822.5,0.01295
35300624.0,0.0104
35305362.5,0.012750000000000001
35309884.0,0.010600000000000002
35313602.5,0.01165
35317852.5,0.0085
35322120.5,0.0114
35325671.0,0.011700000000000002
35329062.5,0.012900000000000002
35332673.0,0.013049999999999999
35336494.5,0.0118
35340309.0,0.010600000000000002
35344088.0,0.0097
35347964.0,0.01215
35351813.0,0.01115
35355436.5,0.011550000000000001
35359234.5,0.0114
35363112.0,0.011800000000000001
35366851.0,0.01285
35371824.5,0.010100000000000001
35379110.5,0.0079
35385399.5,0.0103
35389146.5,0.011449999999999998
35392560.0,0.0115
35396126.5,0.0116
35406988.5,0.01065
35418027.0,0.0121
35422441.5,0.012950000000000001
35426828.0,0.012050000000000002
35430655.0,0.011300000000000001
35434939.0,0.012200000000000003
35440319.5,0.011
35444960.5,0.011300000000000001
35448921.0,0.011500000000000002
35452909.0,0.01235
35456357.5,0.0125
35459778.0,0.01245
35463166.0,0.0126
35466584.0,0.013050000000000003
35469967.5,0.01175
35473470.5,0.012650000000000002
35477377.5,0.0122
35481128.5,0.013050000000000003
35484746.0,0.0123
35488458.5,0.009999999999999998
35492037.5,0.011099999999999999
35495612.5,0.012400000000000001
35499054.5,0.012700000000000001
35502434.0,0.0126
35505872.0,0.01075
35509269.5,0.013850000000000001
35512654.0,0.012199999999999999
35516061.5,0.011450000000000002
35519903.5,0.015449999999999998
35523809.0,0.013600000000000001
35527299.0,0.013800000000000002
35530874.5,0.014249999999999999
35534538.5,0.014400000000000001
35538126.5,0.012900000000000002
35541518.5,0.0128
35544925.5,0.01245
35548439.0,0.013700000000000002
35551831.0,0.01755
35555127.0,0.015
35558471.5,0.015
35561829.0,0.012950000000000001
35565187.5,0.012750000000000001
35568592.0,0.011550000000000001
35571986.0,0.01285
35575370.5,0.014300000000000004
35578900.5,0.014300000000000002
35582496.0,0.0132
35586177.0,0.012550000000000002
35589838.5,0.01115
35593395.5,0.012150000000000001
35598187.0,0.009899999999999999
35602962.5,0.0109
35606808.5,0.013050000000000003
35610905.0,0.014300000000000002
35615131.5,0.0116
35620072.5,0.012650000000000002
35629489.0,0.009349999999999999
35640795.0,0.00785
35647353.5,0.01235
35651078.0,0.012450000000000001
35655391.0,0.010950000000000001
35659720.5,0.0115
35663798.5,0.01075
35667771.0,0.01065
35671400.5,0.012450000000000001
35674924.5,0.010450000000000001
35682977.0,0.011200000000000002
35691130.5,0.012800000000000002
35694960.0,0.012950000000000001
35699717.5,0.0114
35704117.0,0.012050000000000002
35707558.0,0.0116
35711269.5,0.01185
35715016.0,0.015349999999999999
35718726.5,0.010100000000000001
35722617.0,0.0116
35726385.5,0.012
35732782.0,0.01015
35739133.5,0.012900000000000002
35743099.0,0.0128
35747637.5,0.01345
35756355.0,0.0102
35764384.0,0.0116
35772343.0,0.012050000000000002
35782384.0,0.010599999999999998
35791799.5,0.011349999999999999
35799243.5,0.011300000000000001
35804300.0,0.009949999999999999
35809268.5,0.00975
35816213.0,0.009749999999999998
35823349.5,0.0091
35827001.0,0.0095
35832917.5,0.00875
35841446.5,0.00845
35847783.5,0.00885
35851272.0,0.010450000000000001
35854658.0,0.01165
35862871.0,0.009400000000000002
35871449.5,0.011950000000000002
35875415.0,0.01005
35878979.0,0.0116
35882644.5,0.009399999999999999
35886320.5,0.0106
35890065.5,0.009600000000000001
35894535.5,0.009149999999999998
35898983.0,0.00865
35902590.5,0.00945
35905955.0,0.0092
35909495.0,0.0092
35913956.0,0.0078
35926298.5,0.00835
35937963.0,0.00885
35942814.5,0.009399999999999999
35949919.0,0.009249999999999998
35956551.5,0.008950000000000001
35961020.5,0.00785
35964992.5,0.008749999999999997
35968682.5,0.008899999999999998
35972551.0,0.00885
35977428.5,0.00845
35981891.0,0.0113
35985410.5,0.010950000000000001
35990052.0,0.0079
35997450.0,0.0086
36003795.5,0.0091
36007299.5,0.008899999999999998
36010747.0,0.008749999999999999
36014127.5,0.009399999999999999
36017644.5,0.009249999999999998
36023661.5,0.0086
36029809.5,0.010100000000000001
36033543.0,0.01115
36037142.5,0.011200000000000002
36040838.0,0.010750000000000001
36046131.0,0.00845
36054762.0,0.0101
36062011.0,0.009399999999999999
36065983.5,0.011049999999999999
36069731.0,0.00895
36073444.5,0.0069
36077269.5,0.0103
36080959.0,0.011099999999999999
36084517.0,0.0098
36088624.5,0.008899999999999998
36092638.5,0.0104
36096166.0,0.011550000000000001
36100106.5,0.0099
36104486.0,0.01055
36108772.5,0.012400000000000001
36112898.5,0.0132
36117038.5,0.009899999999999999
36124126.0,0.0082
36131705.5,0.00885
36136073.5,0.00835
36139870.0,0.00845
36143596.5,0.00905
36147369.5,0.00865
36151005.0,0.009699999999999999
36154600.5,0.01295
36158375.0,0.0102
36162030.5,0.01005
36165510.0,0.0101
36168843.5,0.009349999999999997
36172459.0,0.009449999999999998
36178880.5,0.0098
36185230.0,0.009649999999999999
36189603.5,0.011049999999999997
36194249.0,0.00945
36198374.0,0.01
36202328.5,0.01005
36206118.0,0.00935
36209764.0,0.010450000000000001
36214425.5,0.0115
36219173.0,0.0109
36224291.0,0.011700000000000002
36230656.5,0.01245
36235565.5,0.0109
36239145.5,0.014849999999999999
36242671.5,0.015050000000000001
36245959.5,0.013600000000000003
36249432.5,0.0121
36253227.5,0.010700000000000001
36257944.5,0.0109
36262749.0,0.0094
36267461.5,0.0095
36272203.0,0.009
36276421.5,0.0086
36281028.5,0.0091
36286203.5,0.00925
36292989.0,0.01115
36299722.5,0.010499999999999999
36304273.5,0.00905
36309700.0,0.01055
36315137.5,0.01055
36318943.0,0.01115
36322698.5,0.011550000000000001
36326546.0,0.01385
36330502.5,0.01075
36334585.0,0.0124
36338531.5,0.01015
36342186.0,0.009300000000000001
36345962.0,0.0096
36350015.5,0.0105
36354186.0,0.009999999999999998
36358523.0,0.009049999999999999
36362768.0,0.00895
36366826.5,0.00935
36370865.0,0.009849999999999998
36374595.5,0.010350000000000002
36378091.5,0.0101
36381839.0,0.0104
36385640.0,0.01285
36390820.0,0.01505
36396495.5,0.0116
36400689.5,0.011600000000000001
36404472.5,0.0109
36408150.0,0.010499999999999999
36424183.0,0.00875
36442963.5,0.0093
36449268.5,0.01005
36453605.0,0.01
36457965.5,0.01145
36461853.5,0.012050000000000002
36465925.5,0.0109
36469782.0,0.0153
36473364.5,0.014000000000000002
36477008.0,0.011800000000000001
36480832.0,0.01105
36484502.0,0.01125
36488044.5,0.0124
36491557.0,0.0109
36495464.5,0.010849999999999999
36499640.5,0.0106
36504499.0,0.00895
36509223.0,0.008549999999999999
36513019.0,0.01035
36517113.0,0.01005
36532577.0,0.00675
36548672.5,0.01085
36564961.5,0.007
36580177.0,0.01345
36584163.0,0.01125
36588221.5,0.013049999999999999
36591789.0,0.013400000000000002
36595457.5,0.015349999999999999
36599492.0,0.013300000000000003
36603988.0,0.01035
36608604.0,0.0109
36617451.5,0.010049999999999998
36641054.5,0.0096
36674361.5,0.009499999999999998
36692568.0,0.009399999999999999
36696346.0,0.0098
36700116.5,0.009300000000000001
36703739.0,0.01095
36707306.0,0.009999999999999998
36710819.0,0.010150000000000001
36715021.0,0.0087
36719390.5,0.010599999999999998
36726151.0,0.0109
36732993.5,0.01075
36744876.5,0.00975
36756727.0,0.0091
36760412.5,0.010450000000000001
36764185.5,0.01085
36769760.0,0.0085
36775356.0,0.01095
36782713.5,0.0098
36789890.5,0.0132
36793511.0,0.018350000000000005
36798165.5,0.014250000000000002
36802873.5,0.018250000000000002
36806513.5,0.016550000000000002
36810164.5,0.018800000000000004
36813838.5,0.025949999999999997
36818213.5,0.015100000000000002
36822915.5,0.01345
36827577.0,0.015350000000000008
36832252.0,0.013850000000000001
36836313.5,0.013750000000000002
36840709.5,0.012100000000000001
36845304.0,0.01015
36850317.5,0.0109
36855576.0,0.012050000000000002
36861717.5,0.0103
36868130.0,0.01255
36872787.0,0.009649999999999999
36876706.5,0.01065
36880562.5,0.0087
36884653.0,0.0107
36888489.0,0.0112
36892117.5,0.01335
36895705.0,0.01175
36899257.5,0.0117
36902997.0,0.01075
36906733.0,0.009749999999999998
36910314.0,0.010450000000000001
36913796.5,0.0093
36917594.0,0.0093
36921322.0,0.010549999999999999
36924763.5,0.008999999999999998
36928726.0,0.01105
36932712.5,0.008799999999999999
36937580.0,0.009600000000000001
36942801.5,0.01125
36947061.5,0.009249999999999998
36951121.0,0.008899999999999998
36955053.5,0.0095
36962517.0,0.007549999999999999
36969996.5,0.00935
36973973.0,0.0093
36977791.5,0.0084
36981548.0,0.00955
36985285.0,0.007899999999999999
36989129.5,0.0084
36992987.5,0.0085
36997287.5,0.00745
37002112.5,0.01015
37006767.5,0.0102
37010948.0,0.009349999999999999
37017564.5,0.0102
37024286.0,0.00885
37028434.5,0.0095
37032323.5,0.009149999999999998
37037098.0,0.0082
37043169.5,0.008400000000000001
37048206.0,0.0087
37052373.5,0.0077
37056430.0,0.00735
37060285.5,0.00745
37064249.5,0.008150000000000001
37068614.5,0.00785
37073235.0,0.0098
37077182.5,0.007450000000000001
37081463.0,0.0091
37085778.5,0.01015
37089483.5,0.0103
37093327.0,0.00895
37097146.0,0.0095
37100970.0,0.0086
37104750.5,0.009149999999999998
37109862.0,0.00985
37115088.0,0.009749999999999998
37118788.5,0.009049999999999999
37122189.5,0.0101
37125687.0,0.009399999999999999
37129329.5,0.008649999999999998
37132967.0,0.008749999999999997
37136890.0,0.009149999999999998
37141204.5,0.008299999999999998
37145890.0,0.0084
37150902.5,0.008749999999999997
37155305.5,0.00815
37159164.5,0.0082
37163453.5,0.011
37168595.0,0.00925
37173794.5,0.0104
37178429.0,0.011550000000000001
37182656.0,0.01345
37190216.5,0.01265
37198781.5,0.017650000000000002
37204045.5,0.0175
37208894.5,0.0114
37213319.0,0.010450000000000001
37218153.0,0.0109
37223307.0,0.008799999999999999
37227897.0,0.0123
37232113.0,0.0106
37236028.0,0.01055
37240609.0,0.01185
37245737.5,0.00895
37250363.0,0.009949999999999999
37255010.5,0.011099999999999999
37259466.5,0.0096
37263771.0,0.008700000000000001
37270640.0,0.00825
37277278.5,0.009899999999999999
37282805.0,0.01045
37289692.0,0.008749999999999997
37295183.5,0.0096
37299538.5,0.00795
37304053.0,0.0096
37307957.0,0.00805
37311704.0,0.0083
37315942.0,0.0081
37321224.5,0.008450000000000001
37326402.0,0.0087
37331286.0,0.012300000000000002
37336086.5,0.0239
37340318.0,0.009999999999999998
37344404.5,0.0108
37349037.0,0.01025
37353685.0,0.014150000000000003
37358141.0,0.0127
37362526.0,0.01185
37367167.0,0.008299999999999998
37373783.5,0.008
37382650.0,0.007500000000000001
37389914.5,0.00885
37394564.0,0.009800000000000001
37399078.5,0.009949999999999999
37403429.5,0.00845
37412902.5,0.0101
37422474.5,0.009699999999999999
37426847.5,0.008399999999999998
37431003.5,0.010199999999999999
37444719.0,0.008999999999999998
37458687.5,0.012550000000000002
37463305.0,0.01245
37468270.0,0.0096
37472841.0,0.01055
37477276.5,0.008299999999999998
37481799.0,0.009649999999999999
37485778.0,0.008899999999999998
37490452.0,0.008499999999999999
37495031.5,0.009049999999999999
37499115.5,0.008999999999999998
37504095.0,0.008649999999999998
37508904.5,0.008599999999999998
37513642.0,0.00885
37519114.0,0.009300000000000001
37523958.5,0.0095
37528672.5,0.0097
37533636.0,0.0097
37537980.0,0.0103
37542488.5,0.00955
37546765.0,0.008100000000000001
37550328.5,0.0077
37553875.0,0.0074
37557594.5,0.009
37561428.0,0.00835
37565232.5,0.00845
37569469.0,0.009399999999999999
37576743.0,0.00895
37584230.0,0.00945
37594901.5,0.0067
37604888.0,0.013050000000000003
37609739.0,0.0096
37615176.0,0.0089
37619597.5,0.009049999999999999
37623640.0,0.008100000000000001
37627870.0,0.0097
37632138.5,0.01
37636153.5,0.014299999999999998
37640008.0,0.01935
37645650.0,0.011
37651192.0,0.012
37655167.5,0.0097
37659274.5,0.00695
37663166.0,0.007699999999999999
37667768.0,0.00835
37672602.5,0.008
37679327.0,0.00795
37685840.0,0.00845
37690294.5,0.008799999999999999
37694652.0,0.009999999999999998
37698506.0,0.0135
37703634.5,0.010700000000000001
37710105.5,0.007050000000000001
37715962.0,0.010450000000000001
37720610.5,0.0097
37725378.5,0.00895
37730350.0,0.0082
37734712.5,0.008450000000000001
37738811.0,0.0072
37743152.5,0.0086
37747735.0,0.00875
37752110.5,0.0082
37761711.0,0.00835
37771273.5,0.0092
37775392.5,0.009649999999999999
37779312.5,0.01025
37783268.5,0.0084
37787583.0,0.009899999999999999
37791860.0,0.013400000000000002
37795690.0,0.012550000000000002
37799303.5,0.011850000000000001
37803126.5,0.01235
37806906.5,0.0102
37810572.5,0.00935
37814219.5,0.01055
37817910.5,0.010499999999999999
37821549.0,0.01165
37825112.0,0.01115
37828682.0,0.00945
37832458.5,0.0096
37836276.0,0.008749999999999999
37840011.0,0.008749999999999997
37843797.5,0.0109
37847538.5,0.00985
37851269.0,0.008899999999999998
37855011.5,0.009249999999999998
37859223.5,0.00805
37863589.0,0.00865
37867527.5,0.011449999999999998
37871184.0,0.011950000000000002
37874731.0,0.01305
37878298.0,0.01085
37882225.0,0.010199999999999999
37886367.5,0.0092
37890351.0,0.009699999999999999
37895078.0,0.008399999999999998
37899917.5,0.011200000000000002
37908118.5,0.008499999999999999
37916696.5,0.012150000000000001
37921196.5,0.008549999999999999
37925267.0,0.01
37929140.0,0.00945
37932715.5,0.009649999999999999
37936569.0,0.008749999999999999
37940458.5,0.0082
37944081.5,0.00845
37948534.5,0.007549999999999999
37954139.5,0.008199999999999999
37959317.0,0.00855
37964278.5,0.008950000000000001
37969238.5,0.009899999999999999
37973180.0,0.0093
37976777.5,0.007999999999999998
37980529.5,0.009600000000000001
37985192.5,0.00995
37990285.5,0.00785
37995017.5,0.0109
37999285.0,0.0095
38003267.0,0.0086
38007120.0,0.0107
38010636.0,0.009049999999999999
38014482.5,0.00895
38019298.0,0.0097
38027731.5,0.008999999999999998
38036133.5,0.008749999999999999
38040909.5,0.01005
38046235.5,0.00975
38065226.0,0.01015
38084629.0,0.00935
38091144.0,0.019050000000000004
38096611.5,0.02065
38117264.5,0.00995
38137521.5,0.009399999999999999
38142109.0,0.01005
38146741.5,0.011700000000000002
38151538.0,0.0093
38163966.5,0.012300000000000002
38175872.5,0.01015
38179864.5,0.011199999999999998
38183850.5,0.01305
38187717.5,0.0129
38191390.0,0.0121
38195416.5,0.010000000000000002
38199607.5,0.01395
38203395.0,0.009699999999999999
38207043.5,0.008999999999999998
38210661.0,0.0102
38214416.5,0.007949999999999999
38218122.5,0.00775
38221999.0,0.008400000000000001
38225947.5,0.01075
38229615.0,0.010150000000000001
38233394.0,0.00915
38237407.0,0.01115
38241387.5,0.00985
38246071.5,0.0109
38250977.5,0.0078
38255125.5,0.00945
38258894.0,0.008999999999999998
38262543.5,0.0079
38266734.0,0.0095
38271128.0,0.008549999999999999
38275253.5,0.0084
38279646.0,0.013399999999999999
38284072.0,0.014799999999999999
38288621.0,0.011349999999999999
38293203.0,0.012150000000000001
38297379.5,0.017350000000000004
38301704.0,0.014800000000000002
38306076.0,0.01225
38310138.5,0.0125
38314109.0,0.01375
38318238.5,0.01145
38322373.5,0.012050000000000002
38326394.5,0.0091
38330188.5,0.01235
38334315.0,0.0097
38338621.0,0.009999999999999998
38342391.0,0.011600000000000001
38345927.5,0.00895
38349521.0,0.01115
38353148.5,0.0116
38356977.5,0.01105
38360901.5,0.011349999999999999
38364777.0,0.010450000000000001
38368718.5,0.010349999999999998
38372622.5,0.007599999999999999
38376379.5,0.0073
38380065.5,0.00805
38383797.5,0.0076500000000000005
38389929.5,0.010849999999999999
38396887.5,0.0104
38407051.0,0.008549999999999999
38417488.5,0.00825
38422853.0,0.010450000000000001
38427875.5,0.010750000000000001
38432434.0,0.00955
38436725.5,0.01045
38442382.0,0.010350000000000002
38447601.0,0.01055
38451389.5,0.011850000000000001
38455971.5,0.011349999999999999
38460611.0,0.01065
38465596.5,0.01125
38470555.0,0.01175
38475090.5,0.012849999999999999
38479767.0,0.0131
38484331.0,0.01065
38488782.0,0.009049999999999999
38492711.5,0.01175
38496721.5,0.014799999999999999
38500755.0,0.015050000000000001
38504715.0,0.012750000000000001
38508633.5,0.018299999999999997
38512681.0,0.01075
38516892.5,0.0089
38521209.5,0.012649999999999998
38525459.5,0.0115
38530002.0,0.011099999999999999
38535929.0,0.009749999999999998
38542139.5,0.0111
38546917.5,0.01075
38551429.5,0.013650000000000002
38555811.0,0.01015
38559648.5,0.013850000000000001
38563547.5,0.0149
38567360.0,0.010450000000000001
38571279.0,0.010950000000000001
38575374.5,0.010499999999999999
38579760.5,0.01245
38584787.5,0.017599999999999998
38589373.5,0.010750000000000001
38593303.5,0.01075
38597320.5,0.012900000000000002
38601405.5,0.013400000000000002
38605774.5,0.0108
38610042.5,0.0088
38614265.0,0.0114
38618543.5,0.011349999999999999
38622705.0,0.009249999999999998
38627190.0,0.0087
38631778.0,0.0106
38636307.0,0.008499999999999999
38641219.0,0.0093
38646130.0,0.0089
38650461.5,0.0081
38659535.5,0.0093
38668726.5,0.0108
38674178.0,0.00925
38679889.0,0.01015
38684311.5,0.009349999999999999
38688249.5,0.009149999999999998
38692627.0,0.009649999999999999
38696990.0,0.0092
38700980.5,0.0101
38705071.0,0.011099999999999999
38709185.0,0.01065
38713847.5,0.0084
38718563.0,0.0092
38722855.0,0.007799999999999998
38727680.0,0.0131
38732573.0,0.0093
38736751.0,0.01065
38740715.0,0.008899999999999998
38748709.0,0.009999999999999998
38757218.5,0.009649999999999999
38761712.0,0.0089
38766890.0,0.010849999999999999
38772099.5,0.0104
38776069.5,0.00975
38780089.5,0.0097
38783991.0,0.012250000000000002
38787910.0,0.011800000000000001
38792235.5,0.011899999999999999
38796375.5,0.01175
38800214.5,0.011049999999999999
38804156.5,0.0121
38809201.0,0.01095
38814605.0,0.013800000000000002
38820763.5,0.0172
38826620.5,0.0118
38830760.0,0.01295
38834903.0,0.012199999999999999
38838992.5,0.0107
38842999.0,0.0133
38846830.0,0.01055
38850858.5,0.01295
38854968.0,0.013250000000000001
38859218.0,0.012550000000000002
38863455.0,0.012399999999999998
38867457.5,0.0115
38871463.5,0.011099999999999999
38875462.5,0.011150000000000002
38879545.0,0.013650000000000002
38883715.0,0.011550000000000001
38887795.0,0.01055
38891775.5,0.011
38896026.0,0.015350000000000003
38900428.5,0.0104
38904729.0,0.013700000000000007
38909057.0,0.013900000000000006
38913264.5,0.013900000000000006
38917299.0,0.014400000000000003
38921290.5,0.017750000000000002
38925826.5,0.014950000000000001
38930411.5,0.013449999999999998
38934581.5,0.013050000000000003
38938755.0,0.0105
38942734.5,0.011349999999999999
38946740.0,0.0132
38950777.0,0.0132
38954852.0,0.01175
38958892.0,0.011049999999999999
38962732.5,0.010249999999999999
38967349.0,0.009550000000000001
38973340.5,0.011
38979382.0,0.0143
38986242.5,0.0442
38993219.0,0.034
38998189.0,0.04640000000000001
39002364.5,0.018550000000000004
39006937.5,0.02185
39012100.0,0.01165
39017013.0,0.02135
39022435.5,0.012850000000000004
39028313.5,0.018000000000000006
39033056.0,0.013050000000000003
39037370.0,0.013100000000000007
39041847.5,0.016100000000000003
39048416.5,0.01455
39055001.0,0.014800000000000008
39059458.0,0.014150000000000003
39063893.5,0.016400000000000005
39068402.0,0.026000000000000006
39072928.5,0.017350000000000004
39077681.5,0.014600000000000009
39082659.0,0.0171
39087539.5,0.019000000000000003
39092629.5,0.013350000000000006
39097284.0,0.013200000000000007
39102386.0,0.019300000000000005
39107605.0,0.016400000000000005
39112348.5,0.013150000000000002
39118402.5,0.014000000000000005
39123903.0,0.013700000000000007
39128237.0,0.014700000000000005
39132664.0,0.0121
39138392.0,0.012500000000000002
39145414.0,0.013150000000000002
39155205.5,0.009
39163905.0,0.012150000000000001
39170679.0,0.012750000000000001
39177146.5,0.012750000000000001
39182695.5,0.0159
39188475.0,0.018050000000000004
39197224.0,0.018600000000000002
39210468.0,0.01795
39221589.5,0.016000000000000004
39228411.5,0.018850000000000006
39233369.0,0.01285
39238431.0,0.0144
39245649.5,0.01065
39252153.5,0.019050000000000004
39256433.5,0.014050000000000003
39263266.0,0.00645
39273068.0,0.006200000000000001
39283102.0,0.0098
39291081.5,0.00625
39297795.5,0.00555
39312678.5,0.00635
39333360.5,0.008450000000000001
39348680.5,0.019000000000000003
39367194.0,0.0063
39407127.0,0.00655
39448144.5,0.006800000000000001
39467756.5,0.00785
39475848.0,0.01835
39479965.5,0.013150000000000002
39486206.0,0.0072
39509385.5,0.006900000000000001
39578882.5,0.006200000000000001
39640661.0,0.005650000000000001
39678597.0,0.0063
39724326.0,0.006100000000000001
39766711.0,0.006150000000000001
39804152.5,0.00625
39829566.5,0.006150000000000001
39849709.5,0.00605
39873119.0,0.008549999999999999
39893359.0,0.0072
39917721.0,0.00685
39940488.0,0.01515
39952390.0,0.014000000000000002
39962586.5,0.0202
39967572.0,0.0158
39977592.5,0.0175
39988058.5,0.018950000000000005
39994376.0,0.0211
40000544.0,0.015600000000000003
40007097.5,0.022750000000000003
40016800.5,0.019500000000000003
40026357.0,0.015550000000000001
40036812.0,0.0157
40057243.0,0.006500000000000002
40094022.0,0.0165
40121297.0,0.022600000000000006
40138648.5,0.007600000000000001
40162974.5,0.007500000000000001
40177535.5,0.018250000000000002
40183221.0,0.0143
40189447.0,0.028649999999999995
40199821.0,0.019050000000000004
40209961.0,0.018600000000000005
40215899.5,0.015450000000000009
40226958.5,0.00825
40239273.0,0.015700000000000006
40245079.5,0.01590000000000001
40252295.5,0.0069
40259545.0,0.016200000000000006
40266642.5,0.0146
40278892.0,0.0166
40297550.5,0.0081
40315271.0,0.03135000000000001
40334911.0,0.018400000000000007
40355419.0,0.017300000000000003
40366664.5,0.027800000000000005
40373497.5,0.030450000000000012
40379970.5,0.021550000000000007
40390548.5,0.035350000000000006
40402158.0,0.03065000000000001
40409655.0,0.016350000000000003
40415991.5,0.020450000000000006
40421813.5,0.015850000000000003
40430927.5,0.01555
40448889.0,0.011349999999999999
40474846.5,0.015300000000000001
40495114.0,0.0183
40506884.5,0.016350000000000007
40517120.5,0.015550000000000001
40527652.0,0.014849999999999999
40539099.5,0.014650000000000003
40548064.5,0.016650000000000005
40555538.5,0.013950000000000004
40564103.5,0.01875
40572499.5,0.01885
40578369.5,0.0188
40584111.5,0.015700000000000002
40589713.5,0.016399999999999998
40595087.0,0.018750000000000003
40600695.0,0.0335
40606024.5,0.02695000000000001
40613147.5,0.01145
40626264.5,0.017650000000000002
40642840.5,0.024
40653136.5,0.0211
40661212.0,0.011550000000000001
40672153.0,0.01625
40679975.5,0.015950000000000006
40685327.0,0.01895
40690901.0,0.024800000000000003
40696960.0,0.024550000000000002
40705788.0,0.027750000000000004
40718203.5,0.0234
40730759.5,0.023899999999999998
40740228.0,0.019250000000000003
40748253.0,0.02385
40756070.0,0.0187
40763275.0,0.013400000000000002
40771312.5,0.013850000000000001
40778347.5,0.015050000000000008
40784207.5,0.016900000000000002
40789416.5,0.018300000000000004
40794386.0,0.020950000000000003
40801337.0,0.023650000000000004
40809566.5,0.013450000000000002
40816976.0,0.015100000000000006
40824577.5,0.02185
40837644.5,0.011200000000000002
40851537.0,0.017200000000000007
40861359.0,0.022050000000000004
40868624.5,0.025350000000000004
40875876.0,0.01765
40884087.0,0.023150000000000004
40890662.0,0.022250000000000006
40896888.5,0.023000000000000007
40903011.0,0.0222
40911842.0,0.019950000000000006
40924470.0,0.018699999999999998
40936355.5,0.022450000000000005
40946811.0,0.008050000000000002
40955985.0,0.025650000000000003
40962488.0,0.02305
40967493.5,0.0251
40972460.0,0.017100000000000004
40977937.5,0.028250000000000004
40984273.0,0.024399999999999995
40989903.0,0.018800000000000004
40994500.0,0.02665
41000339.0,0.02615
41007116.0,0.017000000000000005
41013126.0,0.014950000000000001
41018248.5,0.024300000000000006
41022716.5,0.01895000000000001
41028486.0,0.017700000000000004
41036063.5,0.024099999999999993
41042407.0,0.017150000000000006
41048635.5,0.0225
41054588.0,0.016600000000000007
41058775.5,0.023350000000000003
41063447.5,0.014250000000000006
41068282.0,0.02040000000000001
41078775.0,0.01365
41090369.5,0.018550000000000004
41096091.0,0.019850000000000007
41100573.5,0.024100000000000007
41105678.5,0.018850000000000006
41123746.0,0.00995
41142837.5,0.02315
41148983.5,0.02125000000000001
41153664.5,0.02290000000000001
41158697.0,0.024300000000000002
41164746.0,0.029450000000000004
41170930.5,0.023600000000000006
41175495.5,0.021800000000000007
41184528.5,0.02495
41193812.5,0.026850000000000006
41197993.0,0.026449999999999998
41202331.0,0.020950000000000003
41206789.5,0.02025
41211895.5,0.023000000000000003
41217014.0,0.019950000000000002
41221353.5,0.02475
41225806.5,0.0274
41230203.5,0.021750000000000002
41234638.5,0.012650000000000002
41240814.0,0.03395000000000001
41250188.5,0.01225
41257812.0,0.0264
41261950.0,0.028
41265901.0,0.0356
41269715.5,0.024650000000000005
41273709.5,0.035250000000000004
41278698.5,0.03250000000000001
41283649.5,0.017750000000000002
41288046.5,0.023300000000000005
41292413.0,0.03175000000000001
41296405.0,0.0187
41300481.0,0.022700000000000005
41304784.0,0.018600000000000005
41308940.0,0.019900000000000008
41313560.5,0.0259
41318206.5,0.0182
41322223.0,0.023500000000000004
41326189.0,0.0349
41330158.0,0.0156
41334156.0,0.02375
41338353.0,0.019550000000000005
41342794.0,0.02335
41348872.5,0.029650000000000003
41354848.5,0.02145
41358951.0,0.026450000000000008
41363029.5,0.01680000000000001
41367370.0,0.020200000000000003
41371831.0,0.024200000000000003
41376379.5,0.020450000000000006
41381030.0,0.017450000000000007
41386770.0,0.027750000000000004
41392395.5,0.0279
41396782.5,0.024499999999999994
41401147.5,0.026200000000000008
41405386.0,0.021200000000000004
41409846.0,0.0187
41415731.5,0.024200000000000006
41421892.5,0.024900000000000002
41426678.0,0.024850000000000007
41430853.5,0.019000000000000003
41434964.0,0.024800000000000003
41439079.5,0.03180000000000001
41443268.5,0.017100000000000004
41447380.5,0.01935
41452408.0,0.033000000000000015
41458281.0,0.025800000000000003
41463319.0,0.023799999999999998
41467662.5,0.01755
41471984.5,0.01905
41476677.5,0.018500000000000006
41481776.5,0.019049999999999997
41486475.5,0.0176
41490681.5,0.016750000000000008
41496077.0,0.0165
41501547.5,0.0201
41508005.5,0.020400000000000005
41515575.0,0.018050000000000004
41521183.5,0.019700000000000002
41526678.0,0.017550000000000003
41531946.0,0.018400000000000003
41536568.5,0.014950000000000001
41541072.0,0.01835000000000001
41545265.5,0.018500000000000003
41549597.0,0.018450000000000008
41553894.0,0.021900000000000003
41558122.0,0.018250000000000002
41562352.0,0.020800000000000003
41566738.0,0.020700000000000003
41571199.5,0.028850000000000004
41575655.0,0.021000000000000008
41580178.5,0.018650000000000003
41584591.0,0.020000000000000007
41588887.0,0.020449999999999996
41593070.5,0.01745
41597275.0,0.016950000000000007
41602156.5,0.022800000000000008
41607301.5,0.02475
41612132.5,0.021100000000000008
41616763.5,0.019350000000000003
41621123.5,0.0223
41625486.5,0.018400000000000003
41629895.5,0.02785
41634198.0,0.03275
41638588.5,0.017850000000000005
41643007.0,0.06034999999999999
41647464.0,0.021350000000000004
41651993.0,0.036250000000000004
41656565.0,0.031050000000000005
41661011.0,0.04435
41665382.0,0.04235
41669879.5,0.02045000000000001
41674379.5,0.029650000000000003
41678920.0,0.018800000000000004
41683522.5,0.0213
41688802.5,0.025450000000000007
41694163.5,0.02825000000000001
41698670.0,0.019799999999999998
41703051.5,0.022449999999999998
41707475.5,0.014949999999999998
41711894.0,0.013900000000000003
41716346.0,0.02055000000000001
41720636.5,0.014300000000000007
41724775.0,0.015800000000000005
41728875.0,0.017599999999999998
41733219.0,0.016400000000000005
41737684.5,0.01535000000000001
41741920.0,0.0196
41746044.5,0.019800000000000005
41750094.0,0.013500000000000002
41754047.5,0.0126
41758333.5,0.0175
41762787.0,0.015250000000000003
41767038.0,0.019350000000000003
41771282.0,0.01605
41775481.5,0.021650000000000003
41779605.0,0.019000000000000003
41783684.5,0.015449999999999998
41790373.5,0.014499999999999999
41799690.0,0.012550000000000002
41806624.5,0.013750000000000002
41811025.5,0.020500000000000004
41815874.0,0.014150000000000003
41820713.5,0.013400000000000002
41826219.5,0.014400000000000007
41839241.0,0.014750000000000003
41851011.5,0.0157
41855652.5,0.017850000000000005
41860518.0,0.016200000000000006
41865208.5,0.0132
41869788.5,0.01895
41874161.5,0.014550000000000007
41878670.0,0.016750000000000004
41883722.0,0.013600000000000001
41888373.0,0.016399999999999998
41892450.0,0.014950000000000001
41896742.0,0.017050000000000003
41901301.0,0.01995000000000001
41905877.0,0.028850000000000008
41910349.5,0.017550000000000003
41914919.5,0.022000000000000006
41919496.5,0.02940000000000001
41924041.5,0.018900000000000007
41928540.0,0.017100000000000004
41932994.5,0.02375
41937367.0,0.022650000000000007
41941654.0,0.025200000000000007
41945842.0,0.02200000000000001
41950075.0,0.028600000000000007
41954253.5,0.021900000000000003
41958422.5,0.023750000000000007
41962671.5,0.02205
41966836.0,0.023200000000000002
41971115.0,0.021750000000000002
41975684.5,0.025450000000000007
41980085.5,0.025
41984220.0,0.0189
41988424.0,0.026450000000000008
41992678.0,0.020250000000000008
41997953.5,0.025450000000000004
42003275.5,0.03250000000000001
42008000.0,0.034100000000000005
42012778.5,0.035800000000000005
42017168.5,0.020950000000000003
42021740.0,0.028950000000000007
42026380.0,0.020900000000000002
42030741.0,0.023450000000000006
42035074.0,0.0319
42039432.5,0.018300000000000004
42043983.0,0.020550000000000006
42048733.0,0.025150000000000002
42053539.0,0.031500000000000014
42058354.0,0.022300000000000007
42063107.0,0.020950000000000003
42067816.0,0.024100000000000003
42072461.0,0.01995000000000001
42076978.0,0.026350000000000005
42081434.5,0.015000000000000006
42085934.0,0.021050000000000006
42091437.0,0.02345
42096800.5,0.02365
42101027.5,0.033100000000000004
42105337.5,0.02285
42110280.0,0.030800000000000008
42115174.5,0.025900000000000006
42119433.0,0.023500000000000007
42123845.5,0.017800000000000003
42128592.0,0.0145
42140319.0,0.007050000000000001
42152354.0,0.014350000000000002
42157188.5,0.016650000000000005
42161525.5,0.018750000000000003
42165940.0,0.027150000000000004
42170242.0,0.021500000000000002
42174811.5,0.020700000000000003
42179618.5,0.025750000000000006
42184294.5,0.023050000000000008
42188913.0,0.031250000000000014
42193521.5,0.027900000000000008
42198170.5,0.018900000000000007
42203143.5,0.02695000000000001
42208092.0,0.027800000000000005
42212659.5,0.016500000000000008
42217250.0,0.0237
42221896.5,0.028000000000000004
42226773.0,0.01920000000000001
42231731.0,0.022400000000000007
42236744.0,0.019350000000000006
42241744.5,0.025
42246473.5,0.021250000000000005
42251313.5,0.018400000000000003
42256061.5,0.026350000000000005
42260739.5,0.029950000000000004
42265456.0,0.02065000000000001
42270007.0,0.016250000000000007
42274496.0,0.01600000000000001
42279126.0,0.02355000000000001
42283769.0,0.02235000000000001
42288382.0,0.020000000000000004
42293307.5,0.02210000000000001
42298326.0,0.024400000000000005
42303013.5,0.02525000000000001
42307514.0,0.0235
42312142.5,0.020250000000000004
42317103.0,0.0357
42322085.5,0.02950000000000001
42326905.0,0.03080000000000001
42331642.0,0.022250000000000006
42336564.0,0.03375
42342022.0,0.022800000000000004
42347949.5,0.0228
42353318.5,0.02410000000000001
42358160.0,0.023650000000000004
42362940.0,0.03645
42368961.5,0.03290000000000001
42375916.5,0.01915
42382341.0,0.019900000000000008
42388092.0,0.03155000000000001
42392924.5,0.017100000000000008
42397639.5,0.027050000000000005
42402609.5,0.028650000000000005
42407931.5,0.028650000000000002
42413112.5,0.030900000000000014
42417907.0,0.018300000000000007
42422659.0,0.023350000000000003
42427259.5,0.04435
42431773.0,0.02695000000000001
42436347.0,0.029000000000000005
42440985.5,0.019950000000000002
42445531.0,0.020300000000000006
42450572.5,0.019350000000000003
42455691.5,0.01655000000000001
42460427.5,0.023950000000000013
42465231.0,0.016950000000000007
42470169.5,0.019650000000000004
42475065.5,0.018750000000000003
42479905.5,0.01680000000000001
42484696.0,0.01870000000000001
42490704.0,0.023750000000000007
42498307.5,0.019100000000000006
42504750.0,0.016200000000000006
42510727.5,0.028150000000000005
42516703.0,0.019100000000000002
42522445.0,0.019150000000000004
42528064.5,0.023450000000000002
42532706.0,0.019300000000000005
42536995.0,0.01610000000000001
42541266.5,0.019000000000000003
42545975.0,0.01570000000000001
42551942.5,0.015500000000000007
42557787.5,0.018250000000000006
42562584.5,0.017700000000000004
42567433.5,0.01690000000000001
42572393.5,0.015850000000000006
42577435.0,0.01680000000000001
42582104.5,0.0187
42586564.0,0.017750000000000002
42591034.5,0.016300000000000002
42595326.0,0.0189
42599836.0,0.015100000000000006
42604237.0,0.017050000000000003
42608467.5,0.01565000000000001
42612968.5,0.01790000000000001
42617392.0,0.016250000000000004
42621746.0,0.01455
42626062.5,0.014800000000000004
42630202.5,0.016300000000000005
42634592.0,0.0143
42639859.0,0.0229
42645329.0,0.021700000000000004
42649932.0,0.0245
42655095.0,0.02255
42660453.5,0.0186
42666911.5,0.026350000000000002
42674194.5,0.0261
42679769.0,0.027749999999999997
42684950.0,0.019800000000000005
42690578.0,0.018250000000000002
42696750.5,0.026799999999999997
42704045.0,0.0247
42710433.0,0.016450000000000006
42715374.5,0.015050000000000008
42720287.5,0.023000000000000007
42724880.5,0.018650000000000007
42729362.0,0.024000000000000004
42734555.5,0.020750000000000005
42739806.5,0.0276
42744575.5,0.015800000000000005
42749547.5,0.02005000000000001
42754386.0,0.020300000000000006
42759188.0,0.01785
42763937.0,0.013550000000000003
42768429.5,0.016000000000000004
42772984.5,0.016750000000000004
42779579.0,0.015800000000000005
42787046.5,0.01675
42792800.0,0.02145000000000001
42797893.5,0.015200000000000005
42803434.5,0.021800000000000003
42808510.5,0.02265000000000001
42816037.0,0.017400000000000006
42824142.5,0.028550000000000006
42829108.0,0.031450000000000006
42833553.0,0.026449999999999998
42838356.5,0.019400000000000004
42843501.5,0.019250000000000007
42848433.5,0.016700000000000007
42853697.0,0.0367
42858925.0,0.024100000000000003
42863798.0,0.0263
42868630.0,0.028300000000000006
42873827.0,0.020350000000000007
42879048.0,0.015750000000000007
42883994.0,0.02515000000000001
42889637.5,0.022250000000000006
42894983.5,0.02235000000000001
42899551.5,0.026400000000000003
42904102.5,0.026300000000000004
42908806.0,0.018750000000000003
42913869.0,0.018250000000000006
42918869.5,0.024000000000000007
42923553.5,0.016350000000000007
42928015.0,0.0184
42932313.5,0.026750000000000003
42936649.0,0.04165000000000001
42941910.0,0.03445
42947272.5,0.0261
42951858.0,0.03185000000000002
42956411.5,0.021100000000000008
42961442.5,0.03235000000000001
42966611.5,0.058
42971512.0,0.02435000000000001
42976326.5,0.02890000000000001
42980975.0,0.031000000000000007
42985737.5,0.025000000000000005
42991302.0,0.024200000000000006
42996771.0,0.048850000000000005
43001191.0,0.027700000000000006
43005800.5,0.029650000000000006
43010719.5,0.02990000000000001
43015382.0,0.04655000000000001
43020459.0,0.02315000000000001
43025784.5,0.03125000000000001
43030343.0,0.025400000000000006
43034804.5,0.017700000000000007
43039433.0,0.023700000000000006
43044361.0,0.023700000000000006
43051643.0,0.017800000000000003
43058740.0,0.017150000000000002
43067241.0,0.020500000000000004
43079780.5,0.020450000000000006
43137584.0,0.012450000000000001
43191698.5,0.017650000000000006
43197864.0,0.019400000000000008
43204044.0,0.020550000000000006
43209435.0,0.0196
43214292.5,0.022300000000000007
43229542.0,0.017950000000000008
43245056.0,0.027900000000000008
43250575.0,0.020550000000000006
43256002.0,0.027400000000000008
43263649.5,0.023000000000000007
43271449.0,0.021400000000000006
43276353.0,0.021050000000000006
43281002.5,0.017850000000000008
43285619.5,0.018950000000000005
43290247.5,0.021350000000000008
43295812.0,0.021600000000000005
43301967.5,0.0158
43307903.0,0.017250000000000005
43313108.5,0.024250000000000008
43318145.0,0.022800000000000008
43323862.0,0.025950000000000004
43329205.0,0.023950000000000006
43333987.5,0.028550000000000006
43339249.0,0.021950000000000004
43344673.0,0.018900000000000007
43353133.0,0.020900000000000005
43361381.0,0.02265000000000001
43366271.0,0.026000000000000002
43371056.5,0.025900000000000003
43375997.5,0.035500000000000004
43382841.5,0.020950000000000003
43390093.5,0.02120000000000001
43396715.0,0.018050000000000007
43403508.5,0.026100000000000005
43409964.5,0.020000000000000004
43415642.5,0.03270000000000001
43420553.5,0.017050000000000006
43425319.5,0.025450000000000004
43430246.0,0.017300000000000006
43435475.0,0.016750000000000008
43442159.5,0.014550000000000004
43448800.5,0.015500000000000007
43454058.0,0.013400000000000006
43459070.5,0.018350000000000005
43464428.5,0.017200000000000003
43469642.0,0.031200000000000002
43474163.5,0.02670000000000001
43478948.0,0.018250000000000006
43486816.5,0.021700000000000004
43494633.5,0.023950000000000006
43499319.0,0.016750000000000004
43504305.0,0.046
43509283.5,0.03765
43513823.0,0.02325
43518411.5,0.038200000000000005
43524108.0,0.0452
43529970.5,0.04465
43534653.0,0.026500000000000006
43539528.0,0.030500000000000003
43544551.0,0.046299999999999994
43549123.5,0.041350000000000005
43555151.5,0.027849999999999996
43561316.5,0.04055
43566306.5,0.053050000000000014
43571336.5,0.05065
43577895.0,0.04975000000000001
43584632.5,0.0528
43589708.0,0.044
43595296.5,0.022750000000000006
43600956.5,0.023200000000000012
43607167.5,0.022000000000000006
43614583.0,0.03975000000000001
43620783.5,0.03545
43625702.0,0.038250000000000006
43630911.0,0.037950000000000005
43635947.0,0.034300000000000004
43640971.5,0.04880000000000001
43646630.0,0.03610000000000001
43651844.0,0.020000000000000007
43656919.5,0.024450000000000006
43661884.0,0.0406
43666745.0,0.03565000000000001
43673295.5,0.027300000000000005
43680531.0,0.032049999999999995
43686541.5,0.05175000000000001
43691760.5,0.04425
43696945.0,0.07515
43702139.5,0.049249999999999995
43706964.0,0.018200000000000004
43711569.5,0.022450000000000005
43717303.5,0.02210000000000001
43723030.5,0.021650000000000003
43727674.0,0.016050000000000005
43732151.5,0.0194
43742515.0,0.014600000000000002
43753073.0,0.016350000000000003
43757749.5,0.016
43762428.5,0.014800000000000006
43767142.0,0.01395
43772179.5,0.028600000000000004
43777137.5,0.018050000000000004
43781624.5,0.018200000000000004
43786013.0,0.016150000000000005
43790427.0,0.01695
43794858.5,0.01725
43799311.0,0.01605000000000001
43803817.0,0.016550000000000002
43808334.5,0.016
43812609.0,0.015550000000000005
43816953.0,0.019700000000000002
43821621.0,0.016250000000000004
43826320.5,0.01415000000000001
43833045.5,0.016800000000000002
43839631.5,0.017550000000000003
43844084.0,0.016600000000000004
43848448.5,0.014800000000000008
43852923.5,0.01685
43857906.5,0.012500000000000002
43868391.5,0.0184
43879428.0,0.016600000000000007
43890908.5,0.014200000000000004
43902269.5,0.024800000000000003
43908152.0,0.0178
43914873.5,0.02070000000000001
43921352.0,0.0229
43927675.0,0.025650000000000003
43934201.0,0.024849999999999997
43940902.5,0.015550000000000007
43948724.5,0.024200000000000006
43959365.5,0.024300000000000006
43968772.0,0.018550000000000007
43976223.0,0.033800000000000004
43983524.5,0.0316
43988598.5,0.050150000000000014
43995029.5,0.016500000000000008
44001348.5,0.014600000000000005
44006265.5,0.02020000000000001
44011303.5,0.020450000000000006
44015856.0,0.02155
44020507.5,0.026350000000000002
44026613.5,0.014550000000000004
44032333.0,0.017050000000000006
44037067.5,0.014350000000000002
44041835.5,0.014200000000000004
44046275.0,0.016200000000000006
44050794.5,0.018050000000000004
44055466.5,0.012900000000000002
44060049.5,0.016150000000000005
44064669.5,0.016399999999999998
44069446.0,0.0171
44074027.5,0.01395
44081963.0,0.014750000000000003
44090036.0,0.013700000000000006
44094556.0,0.01685
44099002.5,0.016350000000000007
44103424.5,0.019750000000000007
44107723.0,0.017850000000000005
44112081.0,0.01335
44116672.5,0.015300000000000005
44121313.0,0.01755
44125652.0,0.013750000000000007
44130683.5,0.018600000000000005
44135822.5,0.0203
44140177.0,0.018750000000000003
44144462.0,0.018800000000000004
44148769.5,0.030150000000000003
44153015.5,0.017700000000000004
44157126.5,0.01635000000000001
44161272.0,0.017900000000000003
44165464.0,0.0171
44169706.5,0.017300000000000006
44174166.0,0.01875
44178852.5,0.017350000000000008
44183400.0,0.015900000000000004
44187830.5,0.014300000000000007
44192241.0,0.015450000000000002
44196721.5,0.014300000000000004
44201321.0,0.013850000000000006
44205677.0,0.013750000000000005
44209950.5,0.014350000000000005
44214340.0,0.016250000000000007
44219357.0,0.015550000000000005
44224318.0,0.014700000000000005
44228768.0,0.016150000000000005
44233214.5,0.016500000000000008
44237493.0,0.019100000000000006
44241890.0,0.014100000000000005
44246311.5,0.019050000000000004
44250714.5,0.014200000000000006
44254986.5,0.015300000000000005
44259144.5,0.017050000000000003
44263496.5,0.019400000000000004
44268001.0,0.01720000000000001
44272333.0,0.0182
44276684.0,0.01835000000000001
44281133.5,0.017750000000000002
44285454.0,0.015900000000000008
44289661.5,0.016850000000000007
44293940.5,0.016650000000000005
44298192.5,0.015100000000000006
44302305.0,0.017750000000000005
44306485.5,0.019500000000000003
44310588.0,0.017700000000000004
44314940.0,0.019200000000000005
44319523.0,0.014750000000000003
44324421.0,0.016900000000000005
44329468.5,0.014600000000000005
44333922.0,0.021149999999999995
44338175.5,0.022800000000000008
44342796.5,0.015100000000000002
44347551.0,0.02345
44352273.0,0.0165
44356946.5,0.017950000000000008
44361346.0,0.017350000000000004
44365664.5,0.014400000000000007
44370458.5,0.024000000000000004
44375383.0,0.014000000000000005
44379880.0,0.0194
44384374.0,0.022700000000000005
44388991.5,0.013800000000000003
44394609.5,0.016600000000000004
44400379.0,0.012550000000000007
44405521.0,0.023750000000000004
44410598.5,0.020800000000000006
44415260.5,0.019500000000000003
44419863.5,0.01425000000000001
44424426.0,0.018250000000000006
44429039.0,0.018250000000000002
44433937.5,0.015000000000000003
44438791.5,0.017600000000000008
44443893.0,0.019300000000000005
44448816.5,0.016700000000000007
44453448.0,0.01665000000000001
44458134.5,0.017200000000000003
44462450.5,0.018600000000000005
44466741.0,0.017950000000000004
44471144.5,0.01450000000000001
44475697.0,0.01355
44480953.5,0.012600000000000002
44485853.0,0.015500000000000007
44490029.5,0.014250000000000002
44494319.0,0.016600000000000007
44498704.0,0.02145000000000001
44503043.5,0.018300000000000004
44507228.5,0.014850000000000002
44511956.5,0.016900000000000005
44516562.0,0.016350000000000003
44521250.5,0.01825000000000001
44528126.5,0.013550000000000006
44534462.0,0.022850000000000002
44538663.5,0.02035000000000001
44542897.0,0.02295
44547127.0,0.019600000000000006
44551260.0,0.017450000000000007
44555560.0,0.018650000000000007
44560396.0,0.01870000000000001
44565701.5,0.021750000000000002
44570482.0,0.021750000000000005
44574703.0,0.019600000000000006
44582152.0,0.014700000000000003
44592509.5,0.023300000000000008
44599763.5,0.02475
44605234.0,0.022500000000000006
44612534.5,0.022350000000000002
44629534.0,0.018750000000000003
44645071.5,0.0284
44650104.5,0.0189
44656351.0,0.017650000000000006
44662449.5,0.019300000000000005
44670824.5,0.019100000000000006
44684848.0,0.026099999999999995
44697022.0,0.031450000000000006
44713467.5,0.0196
44731525.0,0.021400000000000006
44739822.0,0.02090000000000001
44745057.0,0.026050000000000004
44751915.0,0.0315
44758397.0,0.017350000000000004
44764158.5,0.021950000000000004
44770425.5,0.021200000000000007
44776165.0,0.03580000000000001
44781607.5,0.03125
44788699.0,0.03175000000000001
44801918.0,0.025400000000000006
44820718.0,0.017100000000000004
44833913.5,0.03355000000000001
44843257.5,0.027300000000000005
44851779.0,0.026500000000000003
44856633.5,0.0262
44861389.0,0.020450000000000003
44866088.0,0.026800000000000008
44878696.5,0.022400000000000003
44891123.0,0.022700000000000005
44895957.5,0.031950000000000006
44900708.0,0.024200000000000006
44906447.5,0.022650000000000007
44912879.0,0.021950000000000004
44918425.0,0.021900000000000003
44923235.0,0.026150000000000007
44927479.0,0.025400000000000002
44931776.0,0.019950000000000006
44936181.0,0.03115000000000001
44943828.0,0.03245000000000001
44951383.5,0.02485000000000001
44957383.0,0.0345
44971955.0,0.029150000000000006
44986083.0,0.02725
44991903.5,0.01895000000000001
44996697.5,0.025150000000000006
45002076.0,0.02285000000000001
45007324.5,0.022750000000000003
45011925.5,0.025850000000000005
45016337.5,0.0181
45020595.5,0.022900000000000004
45025104.0,0.021400000000000002
45029786.0,0.019750000000000007
45034559.5,0.030250000000000006
45039578.5,0.026750000000000003
45044741.0,0.01605000000000001
45049679.0,0.022250000000000006
45054566.5,0.023850000000000003
45059613.0,0.024850000000000007
45064608.0,0.023050000000000008
45069679.5,0.025800000000000007
45074684.0,0.021700000000000004
45079665.5,0.02355
45084831.0,0.016150000000000005
45089916.5,0.022900000000000004
45094641.5,0.019950000000000006
45099248.5,0.02580000000000001
45104305.5,0.017850000000000005
45111143.0,0.018750000000000006
45121000.0,0.021200000000000004
45129007.5,0.027300000000000005
45133288.5,0.024850000000000004
45140959.5,0.02275
45150903.0,0.021400000000000002
45157433.5,0.020950000000000003
45161897.0,0.026800000000000004
45166261.0,0.02435
45172088.5,0.0182
45178733.5,0.018600000000000002
45184189.0,0.020200000000000003
45191261.0,0.018500000000000006
45197999.0,0.018050000000000004
45202552.0,0.018100000000000005
45207605.0,0.016800000000000006
45212667.0,0.015150000000000007
45217453.5,0.017400000000000002
45222132.0,0.01665000000000001
45227703.0,0.017100000000000004
45233212.0,0.01535000000000001
45237771.0,0.02495
45244567.0,0.017850000000000005
45255138.0,0.00555
45270245.5,0.005500000000000002
45282770.0,0.018400000000000007
45289135.5,0.023100000000000002
45295355.0,0.024350000000000007
45301746.5,0.020850000000000007
45307708.5,0.020450000000000006
45313008.0,0.017700000000000004
45317826.0,0.018250000000000006
45323074.0,0.01895000000000001
45332696.0,0.021350000000000008
45342400.0,0.0216
45347757.0,0.021050000000000003
45352868.5,0.018000000000000006
45358746.0,0.019550000000000005
45364461.5,0.019300000000000008
45369393.5,0.017800000000000007
45375313.0,0.01935000000000001
45381346.0,0.02090000000000001
45386873.0,0.024150000000000005
45392723.0,0.03480000000000001
45405493.5,0.020800000000000006
45418016.5,0.02260000000000001
45423245.0,0.025
45428629.5,0.024900000000000005
45434132.0,0.0274
45439546.0,0.024400000000000005
45444898.5,0.022400000000000007
45462426.5,0.0303
45479836.0,0.027150000000000007
45485002.5,0.029150000000000002
45492547.0,0.02430000000000001
45499940.0,0.0268
45505029.5,0.02675000000000001
45510181.5,0.028750000000000005
45519022.0,0.0239
45527827.5,0.030300000000000007
45532862.5,0.0221
45537987.5,0.0317
45543320.5,0.023050000000000005
45548591.0,0.03465000000000001
45553710.5,0.027900000000000008
45558819.5,0.0468
45564135.5,0.028250000000000004
45569658.5,0.018550000000000004
45575249.5,0.022400000000000007
45580956.5,0.02750000000000001
45586606.0,0.025
45592022.0,0.027350000000000003
45603477.5,0.025500000000000005
45615090.5,0.029250000000000005
45620372.0,0.02525
45625318.5,0.023200000000000005
45630416.0,0.022000000000000006
45635673.5,0.025150000000000006
45640840.0,0.018750000000000003
45647922.5,0.026850000000000006
45655540.0,0.023100000000000002
45661541.5,0.025700000000000008
45667164.5,0.025400000000000006
45672678.5,0.019200000000000005
45678122.5,0.034600000000000006
45683476.0,0.027350000000000006
45690117.5,0.02525000000000001
45697073.0,0.028300000000000002
45703477.5,0.019600000000000003
45711057.0,0.021800000000000007
45718122.0,0.0187
45725177.0,0.023250000000000003
45738790.0,0.022900000000000004
45750824.0,0.030650000000000004
45758465.5,0.022000000000000006
45770354.0,0.059300000000000005
45789912.5,0.0374
45805329.0,0.04455
45810929.5,0.043750000000000004
45816930.0,0.0333
45822507.0,0.030850000000000002
45827603.0,0.03180000000000001
45833252.5,0.029100000000000004
45839263.0,0.038650000000000004
45849474.5,0.024000000000000004
45859353.0,0.03470000000000001
45870982.5,0.024000000000000004
45883894.5,0.03305000000000001
45890627.5,0.03900000000000001
45895867.0,0.035100000000000006
45901029.5,0.0391
45909215.0,0.024200000000000006
45917434.0,0.0403
45927924.0,0.025200000000000004
45938124.0,0.022800000000000004
45947889.0,0.032900000000000006
45957714.0,0.035050000000000005
45991432.5,0.031950000000000006
46032844.0,0.05485
46046130.5,0.038250000000000006
46051933.0,0.021250000000000005
46057152.5,0.02480000000000001
46062276.0,0.029100000000000008
46067619.0,0.03505000000000001
46073167.0,0.025050000000000003
46078814.5,0.04095
46087726.5,0.02065000000000001
46097901.0,0.02140000000000001
46104001.0,0.0325
46112414.0,0.014450000000000008
46122726.5,0.022250000000000006
46130653.0,0.019550000000000005
46136400.0,0.022
46142319.0,0.03175000000000001
46148563.0,0.03635000000000001
46154171.0,0.034600000000000006
46159126.0,0.01810000000000001
46165200.5,0.046450000000000005
46173467.0,0.027600000000000003
46184851.5,0.0295
46194214.0,0.0199
46201284.0,0.0237
46208277.5,0.06025
46213335.0,0.06165000000000001
46218649.5,0.04285000000000001
46223899.5,0.02645
46229033.5,0.0296
46237201.0,0.03270000000000001
46245904.5,0.029650000000000006
46252017.5,0.03135
46257992.0,0.02825
46263561.5,0.021200000000000004
46268564.5,0.024000000000000007
46273859.0,0.028899999999999995
46287756.5,0.02215000000000001
46301797.5,0.022050000000000007
46312388.5,0.0267
46331603.0,0.027450000000000002
46345952.5,0.0294
46351606.5,0.04205
46360835.5,0.035300000000000005
46370892.5,0.024000000000000007
46379401.5,0.03095
46389790.0,0.0346
46397907.0,0.03635000000000001
46403106.0,0.023500000000000004
46410050.0,0.029450000000000004
46417013.0,0.025050000000000003
46422380.5,0.030600000000000002
46427649.5,0.031200000000000006
46433320.0,0.028950000000000004
46439089.5,0.0255
46444358.5,0.025900000000000006
46449533.5,0.01895000000000001
46454719.5,0.03175
46460057.0,0.025550000000000003
46465719.0,0.03245000000000001
46471567.0,0.028100000000000007
46477109.0,0.03545
46482409.5,0.02915000000000001
46489671.0,0.02985
46497120.0,0.02455000000000001
46502539.5,0.019650000000000004
46508916.5,0.021650000000000006
46515336.0,0.0324
46520521.5,0.0247
46528279.5,0.025050000000000006
46536338.5,0.021200000000000004
46544759.0,0.02315
46553551.5,0.030500000000000003
46563715.5,0.020450000000000006
46573260.5,0.024000000000000004
46579022.5,0.024600000000000004
46584733.5,0.03565
46600326.5,0.020900000000000002
46616068.5,0.022650000000000003
46622185.5,0.026200000000000008
46628696.0,0.027700000000000002
46634438.0,0.022500000000000006
46640215.5,0.01955000000000001
46645926.5,0.0291
46651268.5,0.04305
46656627.5,0.03145000000000001
46665030.5,0.0252
46674943.5,0.02425
46682128.5,0.01790000000000001
46687745.5,0.021000000000000008
46692994.0,0.017900000000000006
46698188.5,0.03325000000000001
46703171.5,0.0189
46711089.5,0.026100000000000005
46719127.5,0.019400000000000008
46729444.0,0.027800000000000005
46751226.5,0.05370000000000001
46767870.5,0.023700000000000006
46774167.5,0.013600000000000006
46780681.5,0.03470000000000001
46789254.5,0.020450000000000003
46806345.5,0.03975000000000001
46820992.0,0.04019999999999999
46828922.5,0.030650000000000007
46838321.5,0.030100000000000002
46845930.0,0.036050000000000006
46851466.0,0.0332
46856925.0,0.025150000000000002
46862514.5,0.04015
46870212.0,0.0284
46877741.5,0.039099999999999996
46898405.0,0.013399999999999999
46919005.0,0.03440000000000001
46924924.5,0.01855000000000001
46930853.5,0.02415000000000001
46946842.5,0.03185000000000002
46967743.0,0.009800000000000001
46977661.0,0.021700000000000007
46982602.0,0.021900000000000003
46990745.5,0.024800000000000006
47000871.5,0.035250000000000004
47008840.0,0.027950000000000006
47014523.0,0.031
47019217.0,0.05555000000000001
47024538.5,0.0262
47036492.5,0.01295
47048301.5,0.03635000000000001
47053525.0,0.029400000000000006
47061580.5,0.0347
47070350.5,0.027400000000000004
47075952.5,0.027050000000000005
47080814.5,0.03645
47085687.5,0.024100000000000003
47090936.5,0.025000000000000005
47096052.5,0.03325000000000001
47102986.5,0.03320000000000001
47110094.5,0.04005
47115492.5,0.02985
47121574.0,0.026350000000000005
47127234.5,0.037349999999999994
47132221.0,0.0288
47137269.5,0.026650000000000004
47144694.0,0.021050000000000003
47151990.5,0.024100000000000003
47156933.0,0.03135
47162166.5,0.03260000000000001
47167343.0,0.031200000000000002
47172501.0,0.0354
47178890.5,0.04365
47185244.5,0.03950000000000001
47190615.0,0.0296
47196936.5,0.024950000000000003
47209677.5,0.028050000000000002
47221158.0,0.03985
47225931.5,0.023700000000000006
47230906.0,0.022200000000000004
47236234.0,0.027100000000000006
47241588.5,0.0164
47247861.5,0.019750000000000004
47254821.5,0.02065000000000001
47260678.5,0.028450000000000007
47265549.5,0.03305
47273337.5,0.02090000000000001
47281210.0,0.02145000000000001
47286163.5,0.02695
47291177.5,0.031000000000000007
47297737.0,0.02260000000000001
47304465.0,0.020950000000000003
47310026.5,0.026300000000000004
47316044.5,0.019550000000000005
47322191.0,0.021750000000000005
47328487.5,0.019350000000000006
47335318.0,0.020750000000000005
47344216.0,0.020400000000000005
47351895.5,0.023700000000000006
47356655.5,0.021250000000000005
47364446.5,0.019050000000000004
47372827.0,0.0224
47378834.5,0.023050000000000008
47385412.0,0.020450000000000003
47391572.0,0.02085
47396749.0,0.019100000000000002
47402093.5,0.023550000000000005
47407473.0,0.023600000000000006
47416086.5,0.021050000000000006
47428711.5,0.022600000000000002
47437987.0,0.02105
47443238.0,0.02235
47450149.5,0.0236
47457003.0,0.045849999999999995
47463188.5,0.019200000000000005
47469311.5,0.02715
47474372.0,0.02555
47479735.5,0.024550000000000006
47491541.5,0.017550000000000003
47502929.5,0.023350000000000006
47507615.5,0.02025
47515098.0,0.018150000000000003
47522773.0,0.019150000000000004
47528440.0,0.021750000000000005
47539751.5,0.021250000000000005
47550467.5,0.023200000000000005
47556077.0,0.021050000000000006
47562750.5,0.021050000000000006
47572339.0,0.02375
47582125.5,0.023450000000000006
47588520.0,0.022150000000000006
47593857.5,0.026
47599815.5,0.024200000000000006
47606068.5,0.022050000000000007
47612215.0,0.0238
47633225.0,0.019550000000000005
47653814.0,0.021500000000000002
47680814.5,0.01795
47707844.5,0.024200000000000006
47712917.0,0.0222
47717574.0,0.026400000000000003
47723357.5,0.023150000000000004
47731335.0,0.022300000000000007
47738292.0,0.020150000000000008
47743115.0,0.020650000000000005
47748203.5,0.0222
47758636.5,0.021650000000000003
47769603.5,0.014750000000000006
47775359.5,0.020949999999999996
47780353.5,0.020900000000000002
47785420.5,0.017700000000000007
47790473.5,0.021450000000000004
47795539.5,0.021600000000000008
47800885.5,0.024350000000000004
47806287.0,0.03055
47811533.5,0.020350000000000004
47816795.5,0.026450000000000005
47822164.0,0.03615
47827582.5,0.020700000000000003
47832981.0,0.024350000000000007
47838524.5,0.028250000000000004
47843826.0,0.02805
47848940.0,0.07275000000000002
47854150.0,0.033400000000000006
47859955.5,0.018400000000000007
47871827.5,0.023200000000000005
47883562.5,0.08190000000000001
47902590.5,0.02475
47926234.5,0.021350000000000004
47937457.0,0.069
47944700.5,0.059750000000000004
47951137.0,0.032600000000000004
47963317.5,0.027800000000000002
47975542.5,0.0319
47981028.0,0.026650000000000007
47986700.0,0.020950000000000003
47996652.0,0.025100000000000008
48006343.5,0.026
48011635.5,0.02355
48017024.0,0.016850000000000007
48024129.5,0.035
48035300.5,0.02265000000000001
48044728.5,0.019750000000000007
48049863.0,0.020550000000000002
48056661.5,0.019750000000000007
48063456.0,0.02140000000000001
48071877.5,0.020200000000000003
48080440.5,0.015000000000000006
48085467.5,0.021250000000000005
48095011.5,0.01835
48104598.0,0.02190000000000001
48112474.0,0.019150000000000004
48127808.5,0.024300000000000006
48140441.5,0.03810000000000001
48151866.0,0.019600000000000006
48163873.0,0.030750000000000006
48169777.5,0.028600000000000004
48174981.0,0.019400000000000004
48180474.0,0.022200000000000008
48186057.5,0.023600000000000003
48191266.0,0.030550000000000004
48201376.0,0.016250000000000007
48232565.5,0.014050000000000007
48258755.0,0.024250000000000004
48263993.5,0.018550000000000007
48269568.5,0.021200000000000007
48275204.0,0.017950000000000008
48280532.5,0.0259
48285625.0,0.029750000000000002
48291024.0,0.021000000000000005
48296506.5,0.01680000000000001
48301900.0,0.026300000000000004
48309318.0,0.025599999999999998
48316382.5,0.022050000000000007
48321742.0,0.031100000000000003
48328955.5,0.03495000000000001
48335749.5,0.02185
48340977.0,0.029700000000000008
48347296.0,0.022350000000000002
48356982.0,0.03415
48366016.5,0.012950000000000008
48371479.5,0.022750000000000006
48379292.5,0.024450000000000006
48387161.5,0.05075
48392375.5,0.02985000000000001
48397576.5,0.0286
48402658.0,0.029
48408297.0,0.023650000000000004
48414581.5,0.02465
48420710.5,0.022050000000000004
48426226.5,0.022050000000000007
48431624.5,0.02555
48437207.5,0.02425
48443742.0,0.025750000000000006
48450468.0,0.023200000000000005
48459997.0,0.019049999999999997
48470452.0,0.02715
48479548.0,0.017050000000000003
48487566.5,0.018650000000000003
48492940.0,0.019200000000000002
48500377.5,0.02175000000000001
48509994.5,0.026150000000000007
48517648.5,0.019800000000000005
48523839.0,0.021050000000000006
48531268.0,0.0181
48550569.5,0.019
48568770.5,0.017650000000000006
48574608.0,0.015500000000000007
48596038.0,0.016900000000000005
48617540.0,0.02165000000000001
48623289.0,0.020900000000000002
48631863.0,0.0261
48647752.5,0.0252
48662264.5,0.014100000000000001
48669491.0,0.017750000000000005
48675270.0,0.022150000000000006
48681282.0,0.02385
48687325.0,0.02085
48693675.0,0.018600000000000005
48703101.5,0.01590000000000001
48712494.5,0.017900000000000006
48722977.5,0.028750000000000005
48767756.5,0.01665
48813442.0,0.016600000000000004
48824087.5,0.017550000000000007
48829320.0,0.02185000000000001
48835074.0,0.0189
48840788.0,0.017000000000000008
48846740.5,0.018400000000000007
48852836.0,0.016600000000000004
48858634.0,0.022850000000000002
48864556.5,0.018750000000000006
48870215.5,0.0224
48875834.5,0.029250000000000005
48881350.0,0.02485000000000001
48886939.5,0.021800000000000007
48892584.0,0.026100000000000005
48898210.0,0.019450000000000005
48904227.5,0.029800000000000007
48910483.5,0.0316
48917300.0,0.021200000000000007
48925642.5,0.0181
48933551.0,0.02360000000000001
48940777.5,0.0275
48947501.0,0.018200000000000008
48953152.5,0.02190000000000001
48960035.0,0.018050000000000004
48966860.5,0.03320000000000001
48978645.0,0.030250000000000006
48994070.5,0.017450000000000004
49003286.5,0.020100000000000007
49009042.5,0.024050000000000005
49014775.5,0.023500000000000007
49020416.0,0.022
49030332.5,0.015850000000000006
49040491.5,0.025200000000000004
49047219.0,0.02090000000000001
49059696.0,0.022050000000000007
49088269.5,0.01745000000000001
49110728.5,0.022050000000000007
49122599.0,0.025599999999999998
49134419.0,0.019500000000000007
49141131.5,0.022300000000000007
49148105.0,0.023250000000000003
49154175.5,0.02495
49160245.0,0.018350000000000005
49166225.0,0.024900000000000005
49186319.5,0.017750000000000005
49206289.0,0.0224
49214158.5,0.012799999999999999
49226606.0,0.014950000000000001
49236798.0,0.02885
49250447.0,0.024100000000000003
49266049.0,0.028350000000000004
49273411.5,0.03120000000000001
49281085.0,0.020850000000000007
49291082.0,0.017400000000000006
49301578.0,0.024600000000000007
49310127.5,0.024200000000000006
49319654.0,0.024000000000000007
49328694.0,0.025800000000000007
49339976.0,0.01955000000000001
49352230.5,0.016200000000000003
49363447.0,0.017050000000000003
49373784.0,0.016900000000000005
49379781.5,0.015050000000000004
49386615.0,0.015600000000000006
49393809.0,0.018700000000000005
49405480.0,0.009149999999999998
49415991.5,0.015950000000000002
49421374.5,0.016950000000000007
49427031.5,0.015500000000000007
49432477.5,0.016300000000000005
49441011.5,0.013550000000000003
49450164.5,0.014900000000000007
49456412.5,0.020500000000000004
49463245.0,0.017100000000000008
49470646.0,0.017500000000000005
49477362.0,0.015200000000000009
49483762.5,0.015150000000000004
49495422.5,0.018750000000000003
49506749.0,0.021550000000000007
49512552.0,0.019500000000000003
49517955.0,0.017600000000000005
49527764.0,0.01475
49545215.0,0.01235
49568151.5,0.015600000000000006
49583303.0,0.015850000000000006
49593439.5,0.017800000000000003
49603891.0,0.024500000000000004
49609217.5,0.0213
49614456.5,0.022800000000000008
49619802.0,0.019350000000000003
49625177.5,0.021500000000000005
49630407.5,0.016500000000000008
49635899.0,0.016700000000000007
49641375.0,0.01740000000000001
49646582.5,0.02000000000000001
49656011.0,0.013450000000000005
49666004.5,0.014150000000000003
49671868.0,0.016750000000000008
49679237.5,0.017150000000000002
49694974.0,0.018300000000000004
49708767.0,0.01915
49724143.0,0.02185000000000001
49744243.0,0.015650000000000004
49754212.5,0.024499999999999997
49760211.5,0.020150000000000008
49770937.0,0.012400000000000001
49781166.5,0.016800000000000006
49786709.0,0.01985
49792066.5,0.015050000000000008
49797320.5,0.016550000000000006
49802102.5,0.016700000000000007
49807304.5,0.016450000000000003
49813823.0,0.014950000000000005
49820132.0,0.014250000000000007
49826033.5,0.0236
49831709.0,0.0184
49836344.0,0.01925
49840999.0,0.019300000000000005
49845974.0,0.01630000000000001
49850861.0,0.016850000000000004
49855789.0,0.019400000000000004
49876315.5,0.016150000000000005
49896666.5,0.015150000000000007
49903700.0,0.014800000000000004
49911158.5,0.013600000000000008
49916348.0,0.013700000000000006
49921155.5,0.013700000000000004
49925810.0,0.012850000000000006
49939190.0,0.012350000000000003
49952912.5,0.014900000000000005
49958050.0,0.014100000000000008
49963284.0,0.017150000000000006
49968603.0,0.016800000000000002
49976089.0,0.01620000000000001
49983523.0,0.016400000000000005
49988656.5,0.017800000000000007
49993675.0,0.017850000000000008
49998663.0,0.026800000000000004
50003871.0,0.02215
50009415.0,0.025700000000000004
50014911.5,0.025400000000000006
50020122.5,0.022050000000000007
50025403.5,0.03500000000000001
50030647.0,0.0215
50037833.5,0.017050000000000003
50045174.5,0.019350000000000006
50050733.0,0.02440000000000001
50056171.0,0.022150000000000003
50061491.5,0.02105
50066877.5,0.022600000000000002
50072162.0,0.023700000000000006
50077426.5,0.022550000000000008
50082717.0,0.0429
50088069.0,0.029200000000000004
50093203.5,0.040499999999999994
50098133.5,0.035100000000000006
50103323.5,0.032200000000000006
50109628.0,0.02285000000000001
50115991.0,0.028350000000000007
50122909.5,0.03949999999999999
50129595.5,0.0459
50135072.5,0.035750000000000004
50140685.0,0.017800000000000007
50145861.0,0.022200000000000004
50151073.5,0.03205000000000001
50160090.5,0.025
50171577.5,0.01945000000000001
50179077.5,0.030550000000000008
50184782.0,0.0223
50191126.0,0.025450000000000004
50196836.5,0.02750000000000001
50202803.5,0.024850000000000004
50208663.5,0.015850000000000003
50214065.5,0.02415000000000001
50219485.0,0.024050000000000002
50224609.0,0.025100000000000004
50230008.0,0.015300000000000005
50236592.5,0.019900000000000008
50242914.0,0.017600000000000005
50248489.0,0.021300000000000003
50254013.5,0.023
50259106.0,0.0183
50264179.5,0.017950000000000004
50270016.0,0.0199
50276034.0,0.02105
50283974.5,0.01800000000000001
50292102.5,0.017350000000000008
50299574.5,0.020250000000000004
50308114.0,0.030150000000000003
50325051.5,0.016500000000000008
50347412.0,0.015000000000000006
50359455.5,0.02260000000000001
50364774.5,0.021050000000000006
50369938.5,0.020850000000000007
50374929.0,0.020600000000000007
50379917.0,0.020150000000000008
50385285.0,0.020900000000000005
50394875.0,0.018550000000000007
50404271.0,0.020900000000000002
50411141.5,0.023600000000000003
50418069.5,0.021000000000000005
50423641.0,0.0206
50429171.5,0.017000000000000008
50434245.5,0.016550000000000006
50444673.0,0.0166
50455486.0,0.017
50460786.0,0.026100000000000005
50465890.0,0.021750000000000005
50470916.0,0.020100000000000003
50475985.0,0.019600000000000003
50481185.0,0.020550000000000006
50486462.0,0.023750000000000007
50491905.5,0.027200000000000002
50497381.5,0.02185000000000001
50503019.5,0.027750000000000004
50508561.0,0.034150000000000014
50516219.5,0.035100000000000006
50529475.0,0.029650000000000006
50540269.5,0.024150000000000005
50545483.0,0.022149999999999996
50550767.5,0.018550000000000004
50556830.0,0.023350000000000006
50565913.5,0.026050000000000004
50576847.5,0.018350000000000005
50591253.5,0.03585000000000001
50604775.0,0.028350000000000004
50611888.0,0.03055
50617424.0,0.023349999999999996
50624566.0,0.020600000000000007
50631408.0,0.023900000000000008
50636564.5,0.030300000000000004
50642093.0,0.030750000000000006
50647589.0,0.023449999999999995
50652847.0,0.027850000000000003
50657985.0,0.06094999999999999
50663572.5,0.031400000000000004
50669278.0,0.026250000000000006
50674748.0,0.01980000000000001
50680441.5,0.016900000000000005
50686151.0,0.022000000000000002
50691923.5,0.0276
50697661.5,0.021400000000000002
50703382.0,0.024599999999999993
50711902.0,0.027
50720775.0,0.017200000000000007
50739324.5,0.022400000000000003
50760564.0,0.022199999999999998
50769466.5,0.020300000000000006
50775592.5,0.027750000000000004
50782192.5,0.024300000000000002
50789131.0,0.018350000000000005
50795294.0,0.024050000000000002
50800352.5,0.023950000000000006
50805444.0,0.021650000000000003
50810837.0,0.023550000000000005
50816516.5,0.022300000000000007
50822188.0,0.02355000000000001
50827600.5,0.029800000000000007
50834644.0,0.03150000000000001
50841743.0,0.023250000000000003
50847265.5,0.02445
50852916.5,0.034300000000000004
50875549.5,0.0291
50898761.5,0.027900000000000008
50906067.5,0.030300000000000007
50913009.0,0.025800000000000003
50923022.5,0.03365
50935133.5,0.042300000000000004
50943212.5,0.04185
50948960.0,0.028150000000000005
50954812.0,0.027800000000000002
50960665.0,0.02535
50966441.5,0.027100000000000003
50976024.5,0.039
50989630.5,0.04165
50999660.5,0.02635
51009989.0,0.029199999999999997
51020268.5,0.0416
51026803.0,0.0369
51034268.5,0.030050000000000007
51041781.5,0.030750000000000006
51049564.0,0.021200000000000004
51056879.5,0.03125000000000001
51062959.0,0.0258
51087456.5,0.029000000000000005
51115979.0,0.043500000000000004
51126964.5,0.02595
51136380.0,0.0334
51144748.5,0.030250000000000006
51150456.5,0.028350000000000007
51156242.0,0.0245
51162067.0,0.039099999999999996
51167733.5,0.04805000000000001
51176769.0,0.036699999999999997
51185907.5,0.029300000000000003
51194903.0,0.022450000000000005
51203677.5,0.031650000000000005
51209750.0,0.04145
51215897.5,0.020950000000000003
51221330.0,0.03715
51226704.5,0.0476
51234570.0,0.03610000000000001
51244444.0,0.04045
51251996.0,0.04065
51260077.5,0.024500000000000008
51279598.5,0.027950000000000003
51296964.0,0.023150000000000004
51303109.5,0.0336
51309137.5,0.066
51315069.0,0.04755000000000001
51321112.0,0.03585
51328714.5,0.034100000000000005
51337243.5,0.034100000000000005
51343981.5,0.028300000000000002
51349293.0,0.02710000000000001
51355034.0,0.022450000000000005
51365298.5,0.025000000000000005
51383759.0,0.023249999999999996
51398030.5,0.03660000000000001
51404567.5,0.036250000000000004
51410876.0,0.033299999999999996
51417210.0,0.03115000000000001
51425427.5,0.0259
51433968.0,0.029950000000000004
51441107.5,0.026300000000000004
51447121.0,0.029200000000000004
51453330.0,0.02785
51459713.0,0.036250000000000004
51465693.5,0.0265
51481156.5,0.04075
51502112.0,0.04145
51515289.0,0.023300000000000005
51522777.0,0.03130000000000001
51529279.5,0.022750000000000006
51536348.5,0.0276
51542846.5,0.03945
51548911.5,0.03055
51554525.0,0.030149999999999996
51560792.0,0.03815
51568137.5,0.03135
51574889.5,0.03355
51580692.5,0.04605000000000001
51590213.0,0.0426
51600241.5,0.04490000000000001
51606805.0,0.03320000000000001
51614146.5,0.03815
51622347.0,0.023850000000000003
51629363.0,0.046549999999999994
51636102.5,0.03195
51645787.0,0.0496
51654743.0,0.0276
51660928.0,0.03205
51668318.5,0.03375000000000001
51675306.0,0.03165
51681114.5,0.030600000000000002
51687342.0,0.02670000000000001
51696647.0,0.034
51705837.5,0.030150000000000003
51712153.5,0.027850000000000003
51718653.5,0.03155000000000001
51725616.5,0.030300000000000004
51732468.5,0.014400000000000007
51738594.5,0.022900000000000004
51744496.5,0.03295000000000001
51750403.0,0.01475
51756636.0,0.033150000000000006
51768168.0,0.028500000000000004
51790812.0,0.026400000000000007
51810210.0,0.03200000000000001
51819205.0,0.026200000000000005
51826247.0,0.024749999999999998
51832451.0,0.025450000000000004
51838631.5,0.030600000000000002
51845012.0,0.03130000000000001
51851691.0,0.043750000000000004
51858526.0,0.03845
51870302.5,0.04385
51882907.5,0.06699999999999999
51899343.0,0.04190000000000001
51916209.0,0.04705000000000001
51927279.5,0.043000000000000003
51937197.0,0.03560000000000001
51944195.0,0.033650000000000006
51953057.5,0.061600000000000016
51961726.0,0.03765
51968633.5,0.03665
51979091.0,0.0392
51989349.0,0.029650000000000003
51997447.5,0.11894999999999997
52006022.0,0.0402
52014129.5,0.03485
52026662.5,0.04325
52040282.0,0.0421
52050825.5,0.0249
52073234.0,0.030850000000000006
52094461.0,0.0375
52102063.5,0.034350000000000006
52109397.0,0.04195
52116801.5,0.08535000000000001
52124059.0,0.050650000000000014
52135136.0,0.008400000000000001
52158820.5,0.048100000000000004
52189656.0,0.01865
52207386.0,0.04505000000000001
52214127.5,0.061300000000000014
52221484.0,0.029900000000000003
52229911.5,0.050499999999999996
52239392.0,0.03375
52247978.0,0.019450000000000005
52258536.0,0.009850000000000001
52289485.0,0.038950000000000005
52331545.0,0.028649999999999995
52354757.0,0.04865
52379457.5,0.032850000000000004
52410504.0,0.02525
52431081.0,0.03570000000000001
52448519.5,0.01640000000000001
52461004.5,0.11960000000000001
52474533.0,0.013850000000000001
52489137.0,0.0421
52497735.5,0.025850000000000005
52553882.5,0.0439
52611644.5,0.1424
52637109.0,0.02190000000000001
52672620.5,0.016649999999999998
52713378.0,0.020750000000000005
52742427.5,0.033850000000000005
52751833.5,0.04625
52762380.5,0.0213
52774165.5,0.03165
52785096.5,0.016500000000000004
52798752.0,0.00835
52811676.0,0.0219
52818259.5,0.01285
52833590.5,0.008549999999999999
52849626.5,0.03645000000000001
52859024.5,0.014450000000000001
52876320.0,0.0363
52899560.0,0.09004999999999999
52935503.5,0.0494
52982970.0,0.06035000000000001
53022730.5,0.0096
53042555.0,0.01175
53052443.5,0.0218
53071171.5,0.04465
53088190.0,0.051500000000000004
53123157.0,0.007600000000000001
53159751.5,0.03195
