corner,start,end,center,mds1,mds2
1,3016100,3033869,3024984,-0.5869065685908801,0.06740951545052361
1,3033878,3037514,3035696,-0.5125606945611719,0.061479688443450885
1,3011308,3016095,3013701,-0.42505453566411255,0.04798442267134356
1,32895881,32899825,32897853,-0.3929346943800607,0.005506931331907825
1,21811270,21817924,21814597,-0.37522187750215763,0.0009386561792236793
1,21817926,21822536,21820231,-0.35674605638225315,-0.005542580210167522
1,21822538,21827262,21824900,-0.3424209228421051,0.0006499614472323308
1,32333222,32337408,32335315,-0.32610683325048584,0.03963832260741456
1,32328931,32333220,32331075,-0.3135039754514447,0.03706229665825703
1,21827269,21838203,21832736,-0.3179979674024105,-0.010547215335393757
1,32032525,32037022,32034773,-0.29304302386412395,0.008070172829543936
1,21800323,21811268,21805795,-0.29279722289740717,-0.01676855936209014
1,20988616,20993526,20991071,-0.2805917673262172,0.028638764269416875
1,6374241,6378284,6376262,-0.26433042555280184,-0.007753526387345196
1,13433271,13438897,13436084,-0.25720976144960356,0.03467720180632123
1,23954533,23970760,23962646,-0.2598958767632843,-0.0001995295815450255
1,21838212,21843529,21840870,-0.25740344980475865,-0.011760184119796364
1,7910358,7913869,7912113,-0.25260527991062887,0.001773106536368263
1,13449335,13452822,13451078,-0.24745997194734748,0.026792972196489805
1,3927363,3930816,3929089,-0.2469343767702653,0.031021448953822098
1,15786256,15790285,15788270,-0.24512460154494442,0.029756161996510464
1,2338197,2341568,2339882,-0.24429870338302756,0.028097673352146427
1,5257140,5260774,5258957,-0.24291512599825082,0.03621630295293515
1,15658154,15661595,15659874,-0.24278328899947252,0.02258003643266696
1,6367065,6374237,6370651,-0.2581249246204547,-0.05268591824014367
1,15654437,15658151,15656294,-0.24053131666526986,0.016891667467232828
1,32892715,32895880,32894297,-0.2405491984600365,0.013990939151279313
1,32037023,32041965,32039494,-0.24207850391399166,-0.000856390797781759
1,16255606,16259706,16257656,-0.23363473745060276,0.024157643561468857
1,15099771,15103776,15101773,-0.23279182463687872,0.031547360567135745
1,2344748,2347829,2346288,-0.23253747072999673,0.028797509345065125
1,6363095,6367064,6365079,-0.23352366474275518,0.013364467240576565
1,21790041,21793326,21791683,-0.2310240467437494,0.010627765225821498
1,12700902,12704347,12702624,-0.232909710771089,-0.0027879230699819715
1,3924166,3927356,3925761,-0.227371166142915,0.026650452233979948
1,3962344,3965332,3963838,-0.22400294197644238,0.027357443664087287
1,3008252,3011307,3009779,-0.2225553049740794,0.020667111443097515
1,21848391,21852571,21850481,-0.22412018080932292,-0.0010927738066960713
1,3424853,3429823,3427338,-0.21925466108065803,0.01923882062071075
1,2773108,2776629,2774868,-0.2183031672834654,0.021195576602851773
1,16880031,16884147,16882089,-0.21665272758384704,0.008770744848442324
1,14913239,14917202,14915220,-0.2134850592167236,0.028370442891426255
1,12684305,12687508,12685906,-0.21165110069266402,0.027684935348042318
1,5157277,5160349,5158813,-0.21189968807349746,0.010676934061187904
1,32354207,32358002,32356104,-0.21005770966933465,0.019605550185307723
1,15693719,15696766,15695242,-0.2099852360076721,0.019329097545428605
1,19457864,19461317,19459590,-0.20788452967456753,0.03357208590330462
1,3972480,3975637,3974058,-0.20758713419702998,0.022554971313778562
1,6381888,6385297,6383592,-0.20743553033108494,0.02228220059699269
1,19464998,19468246,19466622,-0.20675691772603152,0.028238656271213552
1,19720308,19724665,19722486,-0.2082400819424771,0.006644561420902758
1,12137154,12142364,12139759,-0.20376691604945055,0.02689544994331031
1,32372534,32376168,32374351,-0.20332198897514153,0.03048227692617854
1,9457432,9460552,9458992,-0.20370551856487504,0.024103840605675438
1,15782523,15786254,15784388,-0.20156180177958438,0.026464771970820162
1,1594091,1597355,1595723,-0.2018550624225512,0.02341915460406657
1,3674375,3677692,3676033,-0.2017618207846873,0.02409654781768902
1,15592780,15596713,15594746,-0.2004840356722771,0.025138207413823607
1,3313554,3316779,3315166,-0.2002694180642475,0.022082867204912503
1,1401720,1404941,1403330,-0.19913451322370285,0.03172310644633685
1,32025222,32028802,32027012,-0.19984253929283186,0.02466586995102379
1,32028803,32032523,32030663,-0.20011254816930718,0.013893790739146199
1,5154085,5157276,5155680,-0.2004642124436514,0.009878668959995068
1,15696774,15699785,15698279,-0.1992956151316749,0.010725053066153201
1,5106442,5109796,5108119,-0.1988269397284086,0.005571431623701667
1,13429806,13433263,13431534,-0.1956724115898791,0.02770234523560521
1,17980386,17983501,17981943,-0.1951181964414928,0.016377839593321498
1,4845457,4848549,4847003,-0.1933783356812278,0.02227172863393664
1,14504382,14513306,14508844,-0.1921422295946083,0.020693769900600442
1,21843531,21848387,21845959,-0.19669547538441481,-0.009943041473461629
1,3047234,3050683,3048958,-0.19184238306974843,0.020271342853677567
1,21852575,21856148,21854361,-0.1909186103560617,0.016019641278203555
1,13461122,13465078,13463100,-0.188599995235259,0.028972715217345783
1,21785119,21790037,21787578,-0.1892919864814291,0.018806964007509024
1,1971753,1975020,1973386,-0.18769670735696908,0.02193850590512301
1,2341571,2344747,2343159,-0.1873204627372473,0.02448314859193406
1,15665432,15668711,15667071,-0.18792142239823711,0.013876059621118637
1,32916830,32920202,32918516,-0.18777885195847577,0.012758653253728533
1,15661597,15665431,15663514,-0.18821435768156194,0.008314570743423918
1,4852279,4856206,4854242,-0.18588963546427498,0.022215631264342537
1,21009925,21013240,21011582,-0.18369946158866066,0.023920293844434788
1,2926939,2930314,2928626,-0.1844339343686785,0.013958855333371097
1,10622105,10627456,10624780,-0.18262394215816505,0.02161343645741062
1,12875340,12878408,12876874,-0.18299546508749587,0.014086296060288064
1,32903516,32906874,32905195,-0.18481424664877213,-0.0019332901886611401
1,5126770,5129844,5128307,-0.18065217733426522,0.0142595045140688
1,13945140,13948691,13946915,-0.18016768692041182,0.017962159351945648
1,17450346,17456297,17453321,-0.17902682167456282,0.0254958578426248
1,24336496,24339975,24338235,-0.18000352920473464,0.015659565318854304
1,2347834,2351021,2349427,-0.17826570601728767,0.022603651443736425
1,3782036,3785233,3783634,-0.17831000354277926,0.017357382258373587
1,9171162,9174512,9172837,-0.178331755908306,0.016184923910182402
1,16662278,16666105,16664191,-0.1786519718087853,0.011617904829627152
1,3943800,3946847,3945323,-0.17695894663556017,0.02384066736214506
1,31243276,31246817,31245046,-0.17689728817678152,0.022418286896259066
1,2334886,2338196,2336541,-0.17632704022090295,0.01595737100191869
1,2776637,2779818,2778227,-0.17525098949445797,0.01957595004587652
1,3937162,3940695,3938928,-0.17347511385835504,0.019398690759777005
1,1144021,1147355,1145688,-0.17387104880939955,0.01068850770844615
1,5163372,5166628,5165000,-0.17165341981303825,0.020155145470147087
1,5887317,5892273,5889795,-0.17160657207656854,0.020296524249098037
1,12764928,12768880,12766904,-0.172068226554518,0.016226118968422257
1,11791684,11795397,11793540,-0.17083156374739633,0.025348233096005233
1,11828719,11839726,11834222,-0.17196167403560259,0.015343739933265299
1,2595889,2599337,2597613,-0.17125805736098482,0.020037606807058357
1,6359897,6363093,6361495,-0.17014935204422835,0.01520426265907133
1,6378285,6381886,6380085,-0.1713689045089861,0.004740173295976368
1,16559391,16563182,16561286,-0.16841463969914713,0.028379090038452088
1,28580119,28585127,28582623,-0.21035279368926,-0.11944035897322945
1,15828776,15832245,15830510,-0.16847746004151049,0.02604743539985838
1,15557550,15561441,15559495,-0.16854546151720573,0.02197718478146731
1,3778783,3782035,3780409,-0.1690220210733282,0.017749233730428787
1,21793330,21797020,21795175,-0.17217477433121375,-0.0044551110617795904
1,10165567,10168998,10167282,-0.16903311242949084,0.012178330142055709
1,28020779,28024351,28022565,-0.1787758627458227,-0.03951603965349147
1,11751493,11754745,11753119,-0.16704128288931802,0.023663155315212354
1,6217840,6223349,6220594,-0.16662023687737243,0.023794845286652214
1,21797022,21800322,21798672,-0.1696883394435778,-0.006138987242734761
1,2588576,2591950,2590263,-0.16564352801462678,0.01981937593095655
1,27607818,27611147,27609482,-0.16575605024501125,0.015017253583348265
1,25896790,25901562,25899176,-0.1642840298096576,0.02353379053320059
1,3930828,3933927,3932377,-0.16425010077561272,0.021768442512517094
1,2093179,2096302,2094740,-0.16436990917925973,0.018484487529118018
1,11839728,11843706,11841717,-0.16347815789436504,0.02116430899439942
1,28595127,28599333,28597230,-0.22438218953854655,-0.1572006363818323
1,6136220,6139315,6137767,-0.1622500831763426,0.020280207672736996
1,9450943,9454057,9452500,-0.16186105266787637,0.02309073577034565
1,19717143,19720307,19718725,-0.16258991007367485,0.01365784912622382
1,28179755,28198386,28189070,-0.17920207270081595,-0.061921053511125236
1,15929275,15935559,15932417,-0.16295434490415853,0.007757731490686051
1,27604117,27607816,27605966,-0.16063254558798687,0.020027698386713474
1,11891361,11896434,11893897,-0.16180160230895366,0.006072905565093092
1,1140425,1144019,1142222,-0.15953938927024358,0.018669474515775053
1,15607080,15610402,15608741,-0.16011987536263492,0.01311963665221263
1,4856207,4860257,4858232,-0.1601329967053321,0.009788493273742548
1,2354707,2358651,2356679,-0.15769658754378943,0.022433514187720844
1,22295999,22299437,22297718,-0.15789569455556435,0.01712928219964805
1,31253990,31259665,31256827,-0.15773377396311114,0.015154337953617161
1,15777012,15782507,15779759,-0.15765297912381251,0.012190899912970671
1,3844527,3847951,3846239,-0.15678372465301685,0.016463457205866453
1,3376448,3379888,3378168,-0.15678578431410964,0.014875390975476875
1,7907027,7910348,7908687,-0.15665016714389327,0.01245469788153258
1,20993527,20997257,20995392,-0.15572016206096792,0.01669555782117037
1,32906876,32910174,32908525,-0.15583280888004475,0.011861694687207321
1,11052469,11064353,11058411,-0.15374807656696804,0.022465790359783855
1,17884484,17887598,17886041,-0.15255657970617742,0.025504909183117343
1,22820683,22823815,22822249,-0.15328566556989914,0.016314213784615377
1,14299308,14303623,14301465,-0.15204086830902463,0.023648866792775374
1,1440711,1443754,1442232,-0.1542000746932558,0.003651859553451772
1,13471659,13475568,13473613,-0.1514780764071605,0.01976404722847663
1,12690606,12694461,12692533,-0.15151434755920248,0.018228629041506562
1,13847207,13850521,13848864,-0.15251210544490035,0.009023056929755576
1,15161818,15165666,15163742,-0.1504155159646092,0.02039815011579434
1,15610406,15614483,15612444,-0.15057858664552762,0.015374826786531282
1,13757866,13761247,13759556,-0.1507255112369105,0.01307766678580469
1,16448054,16452678,16450366,-0.14970146009886798,0.021020623706467505
1,11866308,11870788,11868548,-0.14983691509942612,0.01762755428314951
1,2599338,2602804,2601071,-0.15055452667394872,0.011644120524314863
1,2443622,2446922,2445272,-0.14902735142550433,0.018199038815076212
1,17511582,17515448,17513515,-0.14827748990879402,0.024701767559155683
1,13386874,13390722,13388798,-0.14919654581177344,0.015180883341882149
1,2578786,2582276,2580531,-0.1486183254853839,0.014158439019907994
1,27780083,27783919,27782001,-0.15315869696044387,-0.016448025238246365
1,23155085,23159592,23157338,-0.14747792932745904,0.021531747006719955
1,5635162,5638617,5636889,-0.14685434707397282,0.024917197483481777
1,22036717,22039994,22038355,-0.14803535935900772,0.0119029019307851
1,12286222,12291562,12288892,-0.1474938332736817,0.015072279850513685
1,13340128,13343460,13341794,-0.146425734926347,0.02451779073577046
1,11882789,11891359,11887074,-0.14687499553950314,0.01605786242056192
1,994063,997293,995678,-0.14599178683271297,0.02392646830858983
1,2440329,2443617,2441973,-0.14654087196277008,0.012387302030985056
1,6716218,6719364,6717791,-0.14464005742899103,0.01729664448010784
1,13937230,13940724,13938977,-0.14345234610540553,0.023743546799998183
1,24010706,24021983,24016344,-0.14400989088384172,0.018197808424050048
1,9434691,9437948,9436319,-0.1437151813386829,0.0189593142554069
1,32005537,32008872,32007204,-0.1446830129696782,0.008871346203515422
1,25425048,25428915,25426981,-0.14332645270929165,0.019449500521928453
1,11859598,11866296,11862947,-0.14263683726426124,0.02126648952905919
1,9006361,9019507,9012934,-0.1419103236917184,0.026423009849694756
1,30557376,30561261,30559318,-0.1430720027626174,0.014454241001039729
1,11823791,11828711,11826251,-0.1428714495365783,0.013746185990872324
1,23115558,23119817,23117687,-0.14278351235567208,0.013556337121961519
1,12694466,12697596,12696031,-0.1428276131393445,0.012422000725564113
1,11930424,11938307,11934365,-0.14224938040513468,0.013165540644378422
1,23198289,23202328,23200308,-0.14185949470754414,0.015168032852037773
1,17459476,17462715,17461095,-0.14135753082321265,0.017890076975266955
1,36721255,36731047,36726151,-0.14115066930102774,0.019124669932773213
1,5044276,5047449,5045862,-0.14178674182931092,0.011906460471377063
1,15825324,15828775,15827049,-0.14040500705233885,0.022765625350327497
1,3456192,3459245,3457718,-0.14109113999755782,0.01597629521902053
1,15577973,15582928,15580450,-0.1409715946113029,0.014900570860022572
1,8954712,8957813,8956262,-0.14068431443036328,0.014371600793922065
1,5628196,5631414,5629805,-0.1393820357432709,0.02517514791106958
1,17874434,17877922,17876178,-0.13898608397047335,0.027586727909977942
1,2144214,2147646,2145930,-0.14049783127602383,0.010494006897037852
1,547390,550444,548917,-0.13896617201744324,0.021936571774717997
1,15603764,15607077,15605420,-0.14077751781983647,0.005390000589132864
1,16189891,16195199,16192545,-0.13958712901709439,0.01464063512910215
1,517661,521757,519709,-0.1407596760508848,0.005376563698219932
1,27600040,27604112,27602076,-0.1386411069918066,0.023206319774702205
1,27742069,27745638,27743853,-0.13969967937873595,0.012072142338768226
1,4875017,4878429,4876723,-0.13813066142214372,0.024447619960355122
1,21013243,21016318,21014780,-0.13893960018403229,0.014136944522932208
1,13482752,13485805,13484278,-0.1382807826496294,0.01933287110446944
1,22696222,22699358,22697790,-0.13770688618503327,0.015093301360574836
1,536706,540459,538582,-0.1379935774736353,0.010283359412559617
1,2358654,2362582,2360618,-0.13675096906015627,0.019750253385064937
1,5186935,5190109,5188522,-0.13663090036709521,0.020597087181081233
1,4842032,4845453,4843742,-0.13727478539493407,0.012355226907665528
1,31259667,31263352,31261509,-0.137101755699002,0.013447132350017406
1,2958301,2961703,2960002,-0.13560574808190956,0.025117196440255084
1,3344813,3348394,3346603,-0.13611655590229296,0.01935126496659268
1,2915565,2919415,2917490,-0.13604529262789597,0.014800881903745764
1,15690453,15693718,15692085,-0.13776874244616524,-0.001166640711545575
1,16556283,16559390,16557836,-0.13539766513215062,0.014240947945191894
1,525836,529524,527680,-0.1358258172023507,0.010673909021134822
1,3965334,3969284,3967309,-0.13477465163085237,0.017027235473209397
1,3505293,3508249,3506771,-0.1343257935949942,0.016150217622612515
1,27214538,27223336,27218937,-0.134634412310275,0.013185806994711714
1,11743174,11748088,11745631,-0.1333193043234777,0.01874214708633627
1,2779820,2782916,2781368,-0.13242210668401513,0.02491240187921502
1,6155341,6158813,6157077,-0.13344385552844187,0.015107096814061331
1,25428918,25432365,25430641,-0.13263853954488883,0.02162168315157045
1,15790289,15794044,15792166,-0.13263616120917213,0.0216282348484298
1,17915218,17919785,17917501,-0.13243468155274557,0.019692385072651974
1,17417374,17422207,17419790,-0.13291736167649593,0.0152065538369837
1,11716684,11722200,11719442,-0.1322708063186795,0.019143061444603225
1,13495547,13499158,13497352,-0.13289147821475153,0.012733705033898163
1,529527,533270,531398,-0.13198095137877275,0.014280451804611074
1,14023821,14027078,14025449,-0.1323480156179536,0.009684450869733597
1,2748745,2752019,2750382,-0.1310692811221282,0.01739914821682475
1,31345670,31349098,31347384,-0.13159506528359902,0.010730411848940408
1,2325116,2328379,2326747,-0.13094539727662308,0.01543797448949214
1,19440472,19444886,19442679,-0.13026578984960882,0.021287358651230093
1,6856575,6859971,6858273,-0.13047440646793768,0.015580929333765463
1,2867304,2870654,2868979,-0.13073999839954173,0.011810612700406262
1,2978475,2981913,2980194,-0.13017675651210409,0.009579468041873743
1,23939491,23946507,23942999,-0.1291382219547036,0.01592769624707328
1,8651433,8655536,8653484,-0.12820263291324305,0.022246382590408093
1,27029714,27034143,27031928,-0.12885789275087065,0.013179136555573494
1,13452823,13456946,13454884,-0.12767198262364457,0.021659132422731826
1,1968658,1971751,1970204,-0.12833734338702704,0.01394308893341567
1,5624859,5628195,5626527,-0.1270585161259919,0.023178272852493877
1,33059463,33063201,33061332,-0.1269849434690626,0.023805542810977277
1,2934145,2937665,2935905,-0.12772297389074624,0.014288024791020834
1,4848552,4852270,4850411,-0.12726355469108508,0.018381431841345077
1,23419522,23423515,23421518,-0.12737295155585412,0.01685624497226183
1,17446728,17450345,17448536,-0.12682636133386987,0.020669849221898517
1,13726835,13730862,13728848,-0.1280804846850613,0.008192572200013465
1,21422350,21426110,21424230,-0.12775412995281032,0.009885888989878725
1,5646221,5649523,5647872,-0.12774420731460934,0.008865222544376777
1,17983522,17986669,17985095,-0.12742150785795503,0.010627407635830779
1,9293485,9296711,9295098,-0.12824298893432517,0.0019476978267413526
1,15599972,15603761,15601866,-0.12742985465141837,0.007661661877705605
1,13390724,13400932,13395828,-0.1267367284413866,0.01293715551950257
1,1294173,1297395,1295784,-0.12616960221824408,0.01703652643881577
1,3975638,3979332,3977485,-0.1257031554542326,0.02129735665641983
1,1508315,1511591,1509953,-0.126010772602206,0.017721877153551047
1,22755942,22759266,22757604,-0.12678089636655426,0.010324822278170246
1,2894608,2898262,2896435,-0.12623465481583832,0.013006609547492639
1,12639787,12643279,12641533,-0.12628553938909495,0.011689265886485108
1,6125274,6129297,6127285,-0.12503947739877347,0.02156421108034811
1,31250182,31253987,31252084,-0.12550213002452554,0.01503396697480329
1,1039746,1042887,1041316,-0.12606924674731748,0.008337226478484462
1,32012088,32015277,32013682,-0.12539683421689907,0.013509129225030255
1,3969286,3972478,3970882,-0.12475981869785849,0.01591236852056117
1,22350631,22354578,22352604,-0.12413521511107577,0.020653514545194224
1,7957288,7983371,7970329,-0.1244818150832498,0.01575457399260469
1,5132980,5135882,5134431,-0.12586122179207407,0.0038484903613383884
1,2351023,2354705,2352864,-0.12405982157697397,0.014802693293504613
1,8988361,8991737,8990049,-0.12377216078461664,0.015187195176183185
1,13485813,13490481,13488147,-0.12405532096832365,0.012438442482289211
1,10517278,10520735,10519006,-0.12377968042810783,0.013303197044860656
1,3459250,3462159,3460704,-0.12343800526524974,0.008262020907843089
1,6356865,6359893,6358379,-0.121518795830304,0.025925979232293277
1,5166631,5169958,5168294,-0.122970946194009,0.011879818230449441
1,26416354,26419753,26418053,-0.1214765547076547,0.02530078027988658
1,5303285,5306640,5304962,-0.12152715003321417,0.02029795326101284
1,25885391,25888610,25887000,-0.12230641116412548,0.010694056600318061
1,2981916,2985223,2983569,-0.12129416910420024,0.0194441041732964
1,13734920,13738337,13736628,-0.12206675592235199,0.011783001595840337
1,3373090,3376447,3374768,-0.12205769841692637,0.010081570005299472
1,1423942,1427060,1425501,-0.12168326011113265,0.010076179600245467
1,2732198,2735810,2734004,-0.11996043632236575,0.02113777201215259
1,27547876,27551116,27549496,-0.1209227008771622,0.011898460197116848
1,32015278,32018637,32016957,-0.11985579145936533,0.02128479824540926
1,6670984,6674297,6672640,-0.11963900554578753,0.021024155012392496
1,11523110,11526451,11524780,-0.12088102566339166,0.00821041486178284
1,13768950,13772096,13770523,-0.12030788702908142,0.011555738803679435
1,24499743,24503307,24501525,-0.11973836228888834,0.016068132162657005
1,13465080,13468134,13466607,-0.11945213192503339,0.01807542711399428
1,16552552,16556279,16554415,-0.1207420870131186,0.006840502084164392
1,5475211,5478351,5476781,-0.11876635835932092,0.022244292061652546
1,10768524,10775790,10772157,-0.11848186644989978,0.021259660783668435
1,2571847,2575421,2573634,-0.11858684502631356,0.017088464312390937
1,6622626,6626008,6624317,-0.11896223024003026,0.012221769558714997
1,17926822,17932936,17929879,-0.11857999714617676,0.015512147053102568
1,19710187,19713406,19711796,-0.11832604333229714,0.016723345319971744
1,12677719,12680944,12679331,-0.1183042721890236,0.014220372153554307
1,29366681,29371339,29369010,-0.11727329680678636,0.020409971396278148
1,12768882,12772546,12770714,-0.11870884106097314,0.006966004705889084
1,25552144,25556419,25554281,-0.11790595522797839,0.012994253361255034
1,8994988,8999400,8997194,-0.11727546266626583,0.018528853690515875
1,4529344,4532806,4531075,-0.11820015627562774,0.010160858118795512
1,11990652,11995016,11992834,-0.11661820292093585,0.0203158257516322
1,35142046,35146086,35144066,-0.11952164135054609,-0.0037097310747326987
1,5264324,5267620,5265972,-0.11707871735760512,0.014727603973290046
1,10785583,10788777,10787180,-0.11673268493386746,0.01630981635888452
1,22817069,22820676,22818872,-0.11707372970970649,0.009729504951306252
1,2919422,2923141,2921281,-0.11668227615057307,0.012679214023013363
1,14800092,14805434,14802763,-0.11652797169887415,0.01349958395016338
1,6635381,6638420,6636900,-0.11579887331724323,0.018137243587370434
1,21770695,21774766,21772730,-0.11635768335767821,0.012725455336151057
1,22604272,22607949,22606110,-0.1161685220635116,0.013133622469297352
1,13329701,13333156,13331428,-0.11617813558361528,0.01267849416136265
1,22883384,22886690,22885037,-0.11610880786656892,0.012368532709332641
1,31472762,31476201,31474481,-0.11567302813594176,0.014370753960318988
1,14986839,14991475,14989157,-0.11599469490487313,0.0109868750182549
1,22452728,22457868,22455298,-0.11619460387386138,0.009066961612998997
1,5215415,5218544,5216979,-0.11467391477070529,0.0208001620458363
1,2891197,2894604,2892900,-0.11641321419165368,0.00551850244328059
1,566204,569504,567854,-0.1145763920058215,0.020269373903172194
1,8746804,8750023,8748413,-0.11516174895663246,0.013890720260096773
1,22366922,22370243,22368582,-0.11487654169726168,0.015880641168218412
1,13333160,13336626,13334893,-0.1145101059685751,0.01903555864699213
1,5250618,5253798,5252208,-0.11557444235391637,0.008155009337610871
1,1087174,1090413,1088793,-0.1147804670891158,0.014635373497925153
1,31297136,31342232,31319684,-0.11516395736206415,0.008761095890840176
1,25888611,25892066,25890338,-0.11464923273078835,0.012890248755118182
1,15680632,15683662,15682147,-0.1154717598649347,0.004966509027540419
1,2965203,2968314,2966758,-0.11384097120722102,0.018135992605835764
1,3702232,3705412,3703822,-0.11440685765325295,0.012497158825874391
1,4222946,4226323,4224634,-0.1140413980718127,0.014642783606005006
1,20809025,20817411,20813218,-0.11330483707896506,0.01994825852788851
1,3847954,3851158,3849556,-0.11381693617737135,0.014413023861157984
1,21382023,21389340,21385681,-0.11315387297596724,0.019535556649687497
1,10510751,10513970,10512360,-0.1144311756361743,0.007260043622900999
1,3351619,3354987,3353303,-0.11295304084443128,0.019724036509929807
1,22748116,22751428,22749772,-0.11394156665263529,0.010274773839160738
1,27577662,27581147,27579404,-0.113671828473405,0.012314719341299797
1,14446350,14450229,14448289,-0.11287004063886132,0.019371114879649667
1,27205595,27211243,27208419,-0.11433970951282726,0.006523762950371414
1,15561446,15565447,15563446,-0.11347237615699192,0.012781231030268257
1,18360346,18363558,18361952,-0.11268157679983419,0.019952337479185248
1,8899656,8902755,8901205,-0.11273712711621788,0.017187808713765195
1,2437040,2440327,2438683,-0.11336254891585637,0.011580713400647112
1,22751431,22755936,22753683,-0.11385769668382954,0.007373317828523626
1,27168649,27172235,27170442,-0.11242774340361378,0.01952591191592786
1,22291444,22295993,22293718,-0.11278201232469125,0.015712051255628048
1,2209797,2219802,2214799,-0.11298147354473385,0.013287979536285157
1,15699793,15703142,15701467,-0.11428995025036265,0.00148833656111564
1,22133193,22137325,22135259,-0.11252453959285,0.015284242562343758
1,16713586,16717115,16715350,-0.11194510131838031,0.01711457353057255
1,13236900,13241778,13239339,-0.11222962758504466,0.013095528908171767
1,29362746,29366665,29364705,-0.11178366068912578,0.01416649659447793
1,14500682,14504381,14502531,-0.11157670565506657,0.01174717641607632
1,13784606,13788227,13786416,-0.11208995327007039,0.007209918043400906
1,15051425,15055518,15053471,-0.11098195047415578,0.015303874984760116
1,16185682,16189886,16187784,-0.11109076514632296,0.01301377561209464
1,2884276,2887892,2886084,-0.11165426723028728,0.007215374673084139
1,22175873,22179531,22177702,-0.11060948882930678,0.014436592453063023
1,31236155,31239898,31238026,-0.11223270949584135,0.0014537496673988526
1,15589625,15592779,15591202,-0.11114039280561838,0.009135254987714657
1,13710748,13714180,13712464,-0.11033894825331396,0.015136885622717927
1,6184677,6188275,6186476,-0.11072016603429502,0.011505810854253066
1,32219950,32224864,32222407,-0.11192158339133428,0.0007957824008679377
1,5607666,5610829,5609247,-0.10959440671761472,0.019628308376569707
1,8718548,8721536,8720042,-0.11058300619195527,0.01004058264515646
1,3748158,3751281,3749719,-0.11232184321127033,-0.004012925477100502
1,3005248,3008248,3006748,-0.10944914189670228,0.017901892603850014
1,6661053,6664445,6662749,-0.10983728570473687,0.014146220372793861
1,10168999,10172377,10170688,-0.10923262557117895,0.015074501059652337
1,36163843,36167177,36165510,-0.11076085610165759,0.0018932134891643919
1,16386814,16390571,16388692,-0.10955730159904133,0.0109703727346352
1,12704348,12707983,12706165,-0.11133575594547535,-0.0031428100476598862
1,4631591,4634805,4633198,-0.10938262036178825,0.010528286664028066
1,21856149,21860251,21858200,-0.1091316957863641,0.012548851027161238
1,22222541,22226059,22224300,-0.10865391893610006,0.015005591388282866
1,5183542,5186934,5185238,-0.10873965603705352,0.012461885447755627
1,22303760,22306854,22305307,-0.10922978264252398,0.00799939621656927
1,15031752,15035322,15033537,-0.10864133891886668,0.012937181315039252
1,33038964,33043246,33041105,-0.10878697258204768,0.01084293861545568
1,3429825,3433452,3431638,-0.10922109934184229,0.007191287474582516
1,3088702,3092134,3090418,-0.10767587062310083,0.01771139045917703
1,6060819,6064268,6062543,-0.10726719227831116,0.019675091275647733
1,23415226,23419521,23417373,-0.1083969669614605,0.008802399261996458
1,13850522,13857326,13853924,-0.10754103335907338,0.016243215312398324
1,22880249,22883379,22881814,-0.10738319286212167,0.017648497554997197
1,23159595,23163357,23161476,-0.10799187755774631,0.01031089926120397
1,2930319,2934143,2932231,-0.10749305803169716,0.013005042555706689
1,31174020,31177670,31175845,-0.10714140271823148,0.015004351819129846
1,13241783,13246024,13243903,-0.10782392854471022,0.009061991486073631
1,5309867,5314262,5312064,-0.10705188390905342,0.015557413807776728
1,9029771,9033193,9031482,-0.10605617709416666,0.025117328887979365
1,4623698,4627654,4625676,-0.10664591128283751,0.018461943858936958
1,24524336,24528518,24526427,-0.10694087768822014,0.015396980889989748
1,10520743,10524016,10522379,-0.10708163016093908,0.01390678613880659
1,1943155,1946259,1944707,-0.10765890803646425,0.008901247798041878
1,32920204,32925011,32922607,-0.1079846553513248,0.0055178122731025184
1,3631945,3635469,3633707,-0.10740151525533487,0.009856745079531331
1,25134291,25137952,25136121,-0.10705043677355049,0.012320999563175743
1,30967681,30971025,30969353,-0.10658786715818655,0.016492211589416425
1,1479994,1483560,1481777,-0.10702390038455298,0.012439680397449252
1,3286208,3290104,3288156,-0.10682024801740231,0.013420436033862298
1,474312,478340,476326,-0.10556678189625708,0.023501526668110777
1,17887603,17890707,17889155,-0.10635784758931742,0.01496455538598335
1,2757917,2760985,2759451,-0.10596656174369355,0.018379664038556856
1,17477143,17480304,17478723,-0.10605527798229426,0.017200291023982982
1,26212864,26216485,26214674,-0.1058580339904224,0.018606196031650184
1,3699086,3702229,3700657,-0.10665391033468306,0.011195054801737854
1,22049874,22053211,22051542,-0.10682896282935175,0.009448300449204711
1,6667860,6670983,6669421,-0.10579610871112911,0.016550457462330033
1,20971265,20974961,20973113,-0.10619903945963473,0.012417402663743244
1,17993555,17996663,17995109,-0.10538408550604511,0.019518965103330975
1,6245224,6248443,6246833,-0.10598701803724132,0.012571940625833986
1,15935567,15939405,15937486,-0.10624645857667868,0.00811194335585945
1,8037855,8041072,8039463,-0.10680561344110731,0.00321173865426583
1,16563186,16567305,16565245,-0.10582633376904016,0.010709754497177109
1,23375548,23378661,23377104,-0.10608552458324069,0.008484281598366382
1,13504615,13510186,13507400,-0.104954984420454,0.01836532820146506
1,5109799,5113666,5111732,-0.1055138203974773,0.00976067800690447
1,17685485,17689185,17687335,-0.10457665229461773,0.01687832242183755
1,12636461,12639785,12638123,-0.10487278250136674,0.013292661900773793
1,24333082,24336495,24334788,-0.10452078117897175,0.014462284755522137
1,2083963,2086999,2085481,-0.10492855861979355,0.010525469543363104
1,5093250,5096970,5095110,-0.10488156335341296,0.008747911049673696
1,22299438,22303752,22301595,-0.1059059972393895,0.0001134006117644941
1,26798754,26806669,26802711,-0.10578848950366433,-0.0015158459062377793
1,21393963,21398372,21396167,-0.10354284003908489,0.016174687751834883
1,15630514,15636318,15633416,-0.1036899483890589,0.01130997097611113
1,5631416,5635159,5633287,-0.10329668359287872,0.014330777822693317
1,26651179,26654527,26652853,-0.10513372852247425,-0.0005033857602181138
1,27718495,27722497,27720496,-0.10608382661704062,-0.007564973787823058
1,1511594,1514782,1513188,-0.10294694962587128,0.015888272408326434
1,33226623,33230395,33228509,-0.10243429676520717,0.017108453076579617
1,25874980,25878455,25876717,-0.1033198158527253,0.008806643965718479
1,19468247,19472316,19470281,-0.1021311423380057,0.019435687572187443
1,3120275,3123668,3121971,-0.10265773753451372,0.014214033516406847
1,1427069,1430336,1428702,-0.10357116115710055,0.004182835576620906
1,6248445,6252906,6250675,-0.10194327095134215,0.01788225663103949
1,15574278,15577970,15576124,-0.10282261128195992,0.008237285269681472
1,24930026,24935733,24932879,-0.1015883141336851,0.01871224853486155
1,20696201,20699763,20697982,-0.10239993846762122,0.009761216321451728
1,16725143,16728807,16726975,-0.10163315532569145,0.016473327791497197
1,6027109,6031401,6029255,-0.10218339431739622,0.010794524171007186
1,17269397,17275704,17272550,-0.102667148579576,0.006402152393522199
1,17782767,17786372,17784569,-0.10166373211380875,0.014590969545801564
1,29384653,29390607,29387630,-0.1021298842219705,0.010380325926124116
1,15586503,15589623,15588063,-0.10242316378593401,0.007528416690683069
1,36923007,36926520,36924763,-0.10177404527650086,0.012359173731282662
1,3077774,3081202,3079488,-0.10202820166552758,0.009776093212209055
1,1277981,1281497,1279739,-0.10174559613529942,0.01043348286356499
1,5906909,5910409,5908659,-0.10111044497480991,0.015826347263364758
1,2099492,2102540,2101016,-0.10070845521289411,0.019323426700217448
1,13750547,13754165,13752356,-0.10220984911035742,0.00586080727543269
1,8598524,8601631,8600077,-0.10163194701687304,0.009749604828184478
1,14791160,14796567,14793863,-0.10053905833228571,0.018303477853651433
1,35591557,35595234,35593395,-0.10191280283323145,0.006091427790950326
1,9493858,9497447,9495652,-0.10071327018830727,0.015556048223937883
1,13842794,13847206,13845000,-0.1010326118227536,0.010565735610702238
1,38144451,38149032,38146741,-0.10360881450926865,-0.008488207149601393
1,20879074,20881996,20880535,-0.10056283483051233,0.013535858222488196
1,26670506,26674160,26672333,-0.10096784070887845,0.009216586809924137
1,11345166,11348364,11346765,-0.10046310201418347,0.012480573176808826
1,23744482,23749767,23747124,-0.10005586207596598,0.015668361625490634
1,4838988,4842030,4840509,-0.10072657483879259,0.009495461024644923
1,16587242,16591269,16589255,-0.09960877010497184,0.01955759275953603
1,16232063,16236689,16234376,-0.10199163762541084,-0.0008981417764012019
1,2752020,2754868,2753444,-0.10018853137425647,0.013346733694151503
1,2787244,2790689,2788966,-0.10030774493899162,0.012214059206299005
1,30906981,30910904,30908942,-0.09943728174816487,0.019726837920896047
1,12680946,12684303,12682624,-0.0997523567311434,0.01640393196644846
1,1003201,1006277,1004739,-0.0996111596395014,0.017131880783511928
1,4648186,4651763,4649974,-0.0996392335166898,0.01595149001409072
1,21256906,21265462,21261184,-0.10025037680616186,0.010054678067905639
1,11351628,11355962,11353795,-0.09926167205391542,0.018476682523393198
1,8314616,8318109,8316362,-0.09932338317911557,0.016775000900432047
1,28830262,28834976,28832619,-0.12736251202882312,-0.10355730868022073
1,19397636,19402110,19399873,-0.10028513743531699,0.006665668824235454
1,17515456,17519139,17517297,-0.09943282678407653,0.013505339202062728
1,11447631,11450854,11449242,-0.09980987759322878,0.009204719235281234
1,16251250,16255605,16253427,-0.09947869567299561,0.011256604204639585
1,11787659,11791681,11789670,-0.09903815503455186,0.015207129723737493
1,25539826,25545191,25542508,-0.09976350306926147,0.008270732423257907
1,18024405,18027441,18025923,-0.09864916215236623,0.01716102767476738
1,38976599,38982165,38979382,-0.10419860007099117,-0.02155046118937114
1,2322174,2325115,2323644,-0.09989103844995308,0.005787580770204283
1,32021901,32025221,32023561,-0.09839701732227336,0.018715327504758603
1,2617803,2621531,2619667,-0.09844375022714666,0.0173772195008648
1,16582761,16587234,16584997,-0.09965113776628855,0.006720128666809241
1,14027081,14031558,14029319,-0.09896854845390543,0.012360581955277256
1,11336781,11340256,11338518,-0.09867910855485537,0.012916141868332228
1,23378665,23383118,23380891,-0.0987578342650629,0.011534427811349404
1,13722368,13726834,13724601,-0.09867208029262904,0.011012489911868433
1,4100151,4103238,4101694,-0.098287959735978,0.01356034490783928
1,16610171,16614158,16612164,-0.0982278165825919,0.012925592450724508
1,7093801,7097004,7095402,-0.0980659289567247,0.01267418021718593
1,8101635,8105651,8103643,-0.09780045620322853,0.015091822381442497
1,22467986,22471272,22469629,-0.09798156765899971,0.01265623094849928
1,23372426,23375547,23373986,-0.09769068562122032,0.014760978018893523
1,22877186,22880247,22878716,-0.0977442780107771,0.01326381589622746
1,22246543,22249788,22248165,-0.09818559749137362,0.007982066134825182
1,5880931,5884097,5882514,-0.09837905446731961,0.0063479805892681755
1,4532825,4536185,4534505,-0.09815291854892684,0.0069891851795706355
1,24367659,24371058,24369358,-0.09726651370266189,0.014347614762707132
1,27595666,27600038,27597852,-0.0988449399529044,0.0010660979657896325
1,762425,765707,764066,-0.09684577028179055,0.016158368815417594
1,22345509,22350594,22348051,-0.09651056264609628,0.019259161213347552
1,5604372,5607661,5606016,-0.09651683099677362,0.016801990430087056
1,5146427,5149655,5148041,-0.0962461262404719,0.017612223894769352
1,15137018,15140312,15138665,-0.09712128665167598,0.009455127574685588
1,22236101,22239262,22237681,-0.09635083361922077,0.0163605238892298
1,6007195,6012243,6009719,-0.09776527438424579,0.004047342829551147
1,768894,771986,770440,-0.09661814328377243,0.01323386442510976
1,16717117,16721647,16719382,-0.09742614198676208,0.005801971917938255
1,12123420,12129330,12126375,-0.09646908969965212,0.013888331848806232
1,8057029,8060193,8058611,-0.09610204291834391,0.01610653515862452
1,23442788,23446895,23444841,-0.09625559964028309,0.012455709958308019
1,16709945,16713585,16711765,-0.0959045150610398,0.01557161235657618
1,17877926,17881270,17879598,-0.09561873819502469,0.016182447758718427
1,23189966,23194590,23192278,-0.09740146150351887,0.0012310834030608377
1,23186015,23189964,23187989,-0.09713544626456071,0.002532037643717562
1,17986670,17989864,17988267,-0.09518794578967182,0.015486550858885261
1,11722204,11725841,11724022,-0.09536169359971172,0.01356511804315705
1,22703843,22707402,22705622,-0.09530261373814172,0.01383397298820021
1,17089497,17093708,17091602,-0.0953563147442589,0.013188244206699295
1,17871011,17874433,17872722,-0.09461155021135975,0.020014478001397204
1,26514290,26517877,26516083,-0.09487258138501609,0.017009179359602843
1,21389342,21393960,21391651,-0.09510629972881637,0.013314133524533044
1,13714186,13718114,13716150,-0.09541525020461192,0.008322619543714924
1,25878459,25881722,25880090,-0.09507081032807232,0.010446212318012366
1,16614163,16617462,16615812,-0.09511402755248964,0.00987717930005604
1,2479455,2482534,2480994,-0.09436866683972865,0.016605291100688754
1,13742621,13746649,13744635,-0.09524093572913407,0.008745896112722439
1,24339979,24345014,24342496,-0.09433344664844895,0.015790471188812504
1,31353129,31356471,31354800,-0.09485036398469152,0.010559947230725994
1,13896427,13900197,13898312,-0.09464251144703548,0.011824074872245887
1,26156630,26160153,26158391,-0.0940276046674258,0.017418084565789048
1,13551990,13556869,13554429,-0.0945081382572899,0.012700773490571101
1,30099468,30103431,30101449,-0.09410404371998575,0.01637144177368353
1,13761249,13764851,13763050,-0.09466845931846754,0.01086517262772742
1,3920903,3924165,3922534,-0.09435560588740399,0.013243926869188348
1,14982327,14986836,14984581,-0.0951530659257999,0.006386473761307199
1,2509198,2512396,2510797,-0.0954136693778782,0.0035673751998386827
1,23970768,23984138,23977453,-0.09570960470568923,0.0012206216488066753
1,1198313,1201841,1200077,-0.09446973137495314,0.011086163969357663
2,28411466,28415422,28413444,-0.06086021099056899,-0.5713394800544369
2,28444186,28448422,28446304,-0.04841087705375883,-0.5584579990077626
2,28361262,28365161,28363211,-0.05220734609258868,-0.552761932617885
2,28388481,28392579,28390530,-0.08285127486848076,-0.5582026017311313
2,28365163,28369472,28367317,-0.08210573148350797,-0.5349557886077919
2,28382713,28388480,28385596,-0.1052340620680647,-0.551346144318412
2,28452588,28457145,28454866,-0.04822929834921952,-0.5227742446898619
2,28329744,28333745,28331744,-0.07758099600166123,-0.5184019720565113
2,28465020,28469052,28467036,-0.048454939003854516,-0.5134474552211715
2,28352787,28357256,28355021,-0.09301632924952212,-0.5017613016480228
2,28427690,28431677,28429683,-0.0431348618635901,-0.4954450320402386
2,28373562,28377327,28375444,-0.07633617644352647,-0.49226641062343296
2,28377330,28382705,28380017,-0.08456686635630087,-0.4932201397814001
2,28481741,28485765,28483753,-0.052133605924744746,-0.4898870803940741
2,28457155,28461256,28459205,-0.009377864743470965,-0.5066477315573571
2,28517250,28522558,28519904,-0.0908021646501504,-0.4930824780558606
2,28349126,28352785,28350955,-0.06634827238378702,-0.48757108645454406
2,28491328,28497695,28494511,-0.04223751959656438,-0.4890012874687413
2,28369474,28373555,28371514,-0.028050838014921316,-0.48923131834787675
2,28338186,28342433,28340309,-0.0999706147084957,-0.4835322141588079
2,28473318,28477907,28475612,-0.045100166802201344,-0.47631449950229454
2,28448423,28452586,28450504,-0.0063780582801807005,-0.4905739450395141
2,28485774,28491326,28488550,-0.04061966869856845,-0.4705226204530516
2,28431690,28435943,28433816,-0.02507639832811033,-0.4717750829854357
2,28420898,28427687,28424292,-0.03846796153702156,-0.45939190216658315
2,28435948,28439868,28437908,-0.026000849920427605,-0.4624224492354724
2,28397017,28401520,28399268,-0.04728358257766483,-0.45734239202961785
2,28439872,28444184,28442028,-0.040562586072847774,-0.4541814688961252
2,28469053,28473316,28471184,-0.06481788367980948,-0.4470351989885688
2,28507129,28517247,28512188,-0.02824195217409829,-0.44291136058140446
2,28503025,28507123,28505074,-0.04368596905797638,-0.4391717377578294
2,28477910,28481740,28479825,-0.02171932685943402,-0.43284980762711495
2,28333750,28338181,28335965,-0.10056727230500505,-0.41891451467501684
2,28461258,28465013,28463135,-0.0003783249146901003,-0.4227447572664647
2,28392584,28397016,28394800,-0.016996995989149197,-0.409128215632101
2,28415429,28420897,28418163,-0.07828885075461527,-0.40176428138798614
2,28326091,28329739,28327915,-0.12878103911418734,-0.41336437403479614
2,28536319,28547727,28542023,-0.03388980910453033,-0.40014994052833547
2,28547730,28552405,28550067,-0.04797667298209515,-0.39491721392432566
2,28530995,28536317,28533656,-0.021622647832396865,-0.3963040534519763
2,28405688,28411465,28408576,-0.14833423652112215,-0.41341862400259105
2,28401521,28405687,28403604,-0.10294007428971354,-0.3903638651565301
2,28526865,28530993,28528929,-0.03370126913544976,-0.38660979775207216
2,28522564,28526861,28524712,-0.05739963502918268,-0.37585076478216645
2,28565541,28569870,28567705,-0.0741663023954105,-0.37447940174451466
2,28552407,28556568,28554487,-0.06929247035155232,-0.36585866488298685
2,28342436,28349125,28345780,-0.08187438638369243,-0.36291163279479544
2,28308620,28312697,28310658,-0.02280021056677639,-0.3633376118669057
2,28300838,28304516,28302677,-0.05162846019612428,-0.35936853620367926
2,28316721,28321829,28319275,-0.07136387521062193,-0.34825966179654977
2,28269562,28280061,28274811,-0.1008967357547335,-0.34731968801359203
2,28265402,28269556,28267479,-0.04677879356635461,-0.34374281681185886
2,28497706,28503019,28500362,0.009212739163504461,-0.35358922204571475
2,28321836,28326084,28323960,-0.03413748683331877,-0.3418044360411929
2,28569872,28574594,28572233,-0.10392171930244287,-0.34383525009164645
2,28357259,28361261,28359260,-0.13542255112662752,-0.3418691663113669
2,28285037,28289997,28287517,-0.08158816533626154,-0.32967330485094803
2,28556570,28560846,28558708,-0.11704067330898939,-0.33488617800402104
2,28280069,28285036,28282552,-0.06490771270394831,-0.32257941406131524
2,28260147,28265401,28262774,-0.0024278446020768642,-0.3169730109019159
2,28294223,28300827,28297525,-0.05144725782011205,-0.2958753614337252
2,28312702,28316719,28314710,0.011087073098935989,-0.3029282202417913
2,28290002,28294216,28292109,-0.017935725548300856,-0.2838061982066418
2,28560850,28565539,28563194,-0.11247915155032416,-0.27021007718527523
2,28256551,28260146,28258348,-0.12155088816020239,-0.25421029212588203
2,28198387,28202506,28200446,-0.03791201098716277,-0.23884928683862844
2,28590097,28595126,28592611,-0.06695458501805295,-0.23460983547427985
2,28618580,28624132,28621356,-0.05696044955688582,-0.23138219219791942
2,28603883,28608309,28606096,-0.06602180647672894,-0.22596753179494408
2,28637524,28642246,28639885,-0.038912962073482445,-0.21929754814779015
2,28585134,28590095,28587614,-0.06212828794210845,-0.21274547451613895
2,28251605,28256546,28254075,-0.0627118791601962,-0.2101672207330597
2,28599346,28603880,28601613,-0.037588857792731245,-0.2038240573609439
2,28608310,28613535,28610922,-0.028154405844935605,-0.20287767256898875
2,28574599,28580111,28577355,0.01301498734590318,-0.2004322731227552
2,28215445,28219357,28217401,-0.015979655077735952,-0.19406393393816637
2,28210628,28215444,28213036,0.01755916190322781,-0.19859032765356238
2,28642249,28646796,28644522,-0.004260507528185214,-0.18558700597469308
2,28652215,28657263,28654739,-0.0282540582745022,-0.17964203900449222
2,28613542,28618577,28616059,-0.06804748066260288,-0.17393682187868148
2,28138136,28142113,28140124,0.012308927365693773,-0.17902143772115686
2,28080898,28084606,28082752,-0.008582514391741044,-0.17516615328243762
2,28134580,28138134,28136357,0.03618692218553027,-0.18291796256663717
2,28666503,28671148,28668825,-0.017025946674841745,-0.166628346659756
2,28304522,28308603,28306562,-0.09900969121754473,-0.16308957880164135
2,28155174,28160493,28157833,0.02663614657411296,-0.1661260452874637
2,28219358,28223195,28221276,0.030984409757469973,-0.16609450396362074
2,28687988,28692545,28690266,-0.049781329392134054,-0.15576736860776555
2,28657267,28661462,28659364,-0.01672533230313243,-0.15538191819372563
2,28031772,28035497,28033634,0.01819727109983931,-0.16052880885596932
2,28118416,28122230,28120323,0.02402014821850364,-0.15936643649562343
2,28074022,28077464,28075743,0.014416401763105843,-0.1573004110025605
2,28046932,28050778,28048855,0.008002391418966146,-0.1552381457560989
2,28092532,28096648,28094590,0.03341727804223297,-0.15755915719282743
2,28661466,28666500,28663983,-0.05823952179061168,-0.146407916476085
2,28223197,28234133,28228665,0.02081186573158344,-0.1536046876187731
2,28028111,28031765,28029938,0.0015051240400394987,-0.14969308497479059
2,28077466,28080897,28079181,0.040794123946857774,-0.15719208305721866
2,28104427,28108042,28106234,0.021966540789719928,-0.15283246199190986
2,28160495,28164926,28162710,0.025380470655291913,-0.15350253348494378
2,28675546,28681795,28678670,0.009973330517320786,-0.14972294931571553
2,28671154,28675536,28673345,-0.03276820070014264,-0.14295533696689847
2,28122231,28126437,28124334,0.02925221634358477,-0.151052423650522
2,28624135,28628829,28626482,-0.042055027080348396,-0.14055262390120823
2,28724446,28728404,28726425,-0.03179485093929506,-0.1404708280703759
2,28063442,28067014,28065228,0.01758702446887951,-0.14338173025679543
2,28202507,28206290,28204398,0.00515698785173621,-0.13920987322911302
2,28170635,28174881,28172758,-0.009083365390414593,-0.13700254622435445
2,28130888,28134578,28132733,0.04116873502691143,-0.14333604567770092
2,28112238,28118399,28115318,0.03457987203440692,-0.14151085171770353
2,28709781,28715653,28712717,-0.024863143664495303,-0.1312265395034103
2,28720135,28724443,28722289,-0.05279885663292953,-0.1294584293503396
2,28692547,28696964,28694755,-0.021504008318326703,-0.13107418072209864
2,28696965,28701265,28699115,-0.007087859585717838,-0.1294188672408534
2,28595127,28599333,28597230,-0.22438218953854655,-0.1572006363818323
2,28705513,28709777,28707645,0.004827115477229618,-0.12831568221036938
2,28715654,28720134,28717894,-0.04649327571864504,-0.12287720007098071
2,28742690,28746638,28744664,-0.06654411293111394,-0.1215586488104621
2,28628830,28633292,28631061,0.005592104297262916,-0.12619085151157164
2,28067015,28070513,28068764,0.04390089783882751,-0.13303194405734395
2,28050779,28055659,28053219,0.03000122425866736,-0.12922202332294597
2,28024365,28028100,28026232,-0.11384346496347096,-0.12195301389310619
2,28126441,28130882,28128661,0.0404881597760448,-0.1296644378159676
2,28039291,28043020,28041155,0.02599938178018709,-0.12568612775965124
2,28681804,28687983,28684893,0.010332563460634856,-0.1226039055134148
2,27975740,27979172,27977456,0.024452809272283247,-0.12249176347540722
2,28146959,28151225,28149092,0.03577521886164877,-0.12449195003061918
2,28244796,28251604,28248200,-0.10203398955211598,-0.11585063618402967
2,28088339,28092524,28090431,0.016335049398931517,-0.12053915732279313
2,28002561,28006313,28004437,0.019633855921227638,-0.11953166669049672
2,28108043,28112232,28110137,-0.012583501245632666,-0.11494965773973806
2,27998978,28002559,28000768,0.004897365240485673,-0.11466140584597566
2,28633293,28637523,28635408,0.027804967754570295,-0.1185110954298065
2,28732629,28737234,28734931,-0.0842315702183653,-0.10647774832016231
2,28830262,28834976,28832619,-0.12736251202882312,-0.10355730868022073
2,27993697,27998976,27996336,0.01813990691780207,-0.10453432129495954
2,28142121,28146958,28144539,0.04146543576014254,-0.10829522439147397
2,28580119,28585127,28582623,-0.21035279368926,-0.11944035897322945
2,28096652,28100434,28098543,0.027599221583012215,-0.10339485697575375
2,28234134,28241143,28237638,0.029595650603158052,-0.10269273493126821
2,27990280,27993691,27991985,0.042822901793575445,-0.10511735076456875
2,28701269,28705508,28703388,-0.015100863167434824,-0.0950217897385182
2,28814889,28819299,28817094,-0.019868454694529622,-0.09449836154637202
2,28737235,28742681,28739958,-0.01591577372092367,-0.09408003566529652
2,28055660,28059715,28057687,0.01976079897048771,-0.09621105634479166
2,28646797,28652212,28649504,0.03221515164471289,-0.09612121454428348
2,28825005,28830254,28827629,-0.09108446386049819,-0.08612820881311821
2,28763851,28768122,28765986,-0.013117894671383544,-0.08703175126590197
2,28043022,28046931,28044976,0.043106939454714714,-0.095587714391779
2,28746641,28751728,28749184,-0.029225019056443768,-0.08452818548623584
2,28800647,28805098,28802872,-0.009660748958004063,-0.08582518416966765
2,28100442,28104425,28102433,0.008689566950779833,-0.08794777441378514
2,28819303,28825003,28822153,-0.10783382871152081,-0.0851335140385112
2,28017171,28020777,28018974,-0.01990383245081527,-0.0810422002779544
2,27983212,27986772,27984992,0.03486764527147767,-0.08787906631068651
2,27986774,27990274,27988524,0.011617736651905467,-0.08376521563518025
2,28755643,28759622,28757632,0.01581966660081819,-0.08414413795002458
2,28780871,28784545,28782708,0.007271250828970176,-0.08211952901338865
2,28009706,28013382,28011544,0.030329244310790354,-0.08498627721379899
2,27955854,27959299,27957576,-0.015537257999650101,-0.07810844069631756
2,27918202,27921629,27919915,0.031713143742402694,-0.08351028558889476
2,28151226,28155171,28153198,0.022223175720285464,-0.08164608087836563
2,28035500,28039289,28037394,0.012124619660246706,-0.07871670306348323
2,28728406,28732628,28730517,-0.05374267734767199,-0.07325556194925463
2,28851937,28858024,28854980,-0.029688622391555477,-0.07396304625442959
2,28805100,28809997,28807548,-0.0032323898500346416,-0.07377428826291714
2,27892854,27896177,27894515,0.026460692067248284,-0.07695839992886656
2,28174882,28179749,28177315,-0.0009887059935518477,-0.07089462039770736
2,28759626,28763848,28761737,0.008542313210158806,-0.07190933313934207
2,28776770,28780866,28778818,0.007127618073699422,-0.0666126329490017
2,28784548,28788743,28786645,-0.009931151550680022,-0.06356196706509741
2,27840348,27843783,27842065,-0.00873170636092392,-0.06166057392173301
2,28006331,28009704,28008017,0.03948337630053434,-0.06828546912546493
2,28768128,28772383,28770255,0.006873096956877712,-0.06248655655358691
2,28084610,28088338,28086474,0.007321290138595829,-0.06189192393281949
2,27837041,27840347,27838694,-0.02020618686897279,-0.05887565632049711
2,27944232,27947475,27945853,0.02253900423137985,-0.0634527556461183
2,27963460,27968983,27966221,-0.09138345343816297,-0.05576246998108883
2,28772384,28776767,28774575,0.027093372798631433,-0.0617255616654123
2,28241147,28244795,28242971,0.03680651876279323,-0.06322180761871896
2,27952198,27955850,27954024,-0.009661451745945293,-0.056403573041295764
2,28796561,28800642,28798601,-0.025106745863857863,-0.05169151812175138
2,28810000,28814886,28812443,0.01789032913998119,-0.056043986512654416
2,27914609,27918197,27916403,0.02108584687638064,-0.055814732596126314
2,27979173,27983194,27981183,0.02860988477737,-0.0568230498137996
2,27846995,27850214,27848604,0.03777017868647736,-0.058050785802228735
2,28179755,28198386,28189070,-0.17920207270081595,-0.061921053511125236
2,27929170,27933161,27931165,-0.05107932046182289,-0.04753197213574525
2,27843784,27846994,27845389,0.01249936043939455,-0.052202539439072417
2,27850216,27853663,27851939,0.04338247118386535,-0.05706258625950087
2,27864741,27868219,27866480,0.03797677708763777,-0.055713411013104494
2,28059724,28063438,28061581,0.03592806582105394,-0.054209732101405866
2,27921633,27925779,27923706,0.03577601902547657,-0.05283755065160424
2,27925780,27929165,27927472,0.025311594021140058,-0.05062233367547446
2,27853666,27857795,27855730,0.03910836989827072,-0.05308022017446291
2,28788745,28792652,28790698,0.017079368955143684,-0.048749034049786685
2,27857811,27861291,27859551,0.04280211998616328,-0.05239121512396178
2,28751730,28755639,28753684,0.012844208429743976,-0.04623378515912876
2,27760740,27765374,27763057,-0.0024389076411616864,-0.042230169180578
2,28834978,28839866,28837422,-0.07128947436461072,-0.0390055612445437
2,27972333,27975739,27974036,0.032406759266252416,-0.046883761669567564
2,28013383,28017170,28015276,0.04162114896102956,-0.0485317601988509
2,27885844,27889282,27887563,0.011587664608246786,-0.04231742964370343
2,27765375,27771617,27768496,0.017321237967591586,-0.04283626446655492
2,27871632,27875071,27873351,0.04140404757791815,-0.0459173415531078
2,27936780,27940475,27938627,-0.025422473131282635,-0.03658447279022749
2,27933166,27936778,27934972,-0.027287940257106937,-0.036310898001875536
2,27788371,27791808,27790089,-0.0013270402099961405,-0.03836123571730671
2,38982166,38990319,38986242,-0.06916483186377634,-0.03474960481030584
2,27889283,27892851,27891067,0.04111332164026568,-0.044103126514949416
2,27907770,27911165,27909467,0.042700921739312454,-0.04396804858384042
2,28865188,28870488,28867838,-0.027948509107663194,-0.03385591093713457
2,28792653,28796556,28794604,0.03241224262799778,-0.039727826371874386
2,28206292,28210627,28208459,0.023151890170705895,-0.03738334684510044
2,28070514,28074019,28072266,0.04055672447660748,-0.03936473719272528
2,28020779,28024351,28022565,-0.1787758627458227,-0.03951603965349147
2,28858026,28865187,28861606,0.010509822905108443,-0.03116655820023256
2,28164928,28170631,28167779,0.02274651108137477,-0.03283423497730745
2,49467156,49474136,49470646,-0.008017387288128973,-0.02890013325129614
2,27959307,27963459,27961383,0.030305612272990473,-0.03394977323770556
2,27896179,27899632,27897905,0.028773517880315624,-0.03360491504317685
2,49706100,49711434,49708767,-0.0015871102723965357,-0.02699541937018586
2,27947476,27952196,27949836,0.04463090780861077,-0.0336328490821268
2,27812648,27816114,27814381,0.04056773833841017,-0.032724484353218834
2,27911176,27914608,27912892,0.02213386647439966,-0.02939315612574431
2,28839869,28851935,28845902,-0.07229034829848834,-0.022813781852001586
2,27753153,27756596,27754874,-0.03885092196649467,-0.02288573543161215
2,27968986,27972332,27970659,0.032174218886030545,-0.030171608614065235
2,38970085,38976596,38973340,-0.017704701862244356,-0.02365436915050287
2,27664962,27668140,27666551,-0.012354601338848052,-0.023876672725825828
2,27798754,27802232,27800493,0.019102901149913747,-0.027321303644907403
2,27756601,27760738,27758669,0.017245774378245895,-0.02577277293059804
2,27802234,27805777,27804005,0.03355969438316747,-0.028196928295375245
2,38976599,38982165,38979382,-0.10419860007099117,-0.02155046118937114
2,27875072,27878574,27876823,0.022343976887789645,-0.02569185547370256
2,28998650,29003266,29000958,0.01844199812869536,-0.024214607037936806
2,27816118,27819597,27817857,0.00931283474735258,-0.022516644974601856
2,49453487,49459338,49456412,-0.0019459752238363997,-0.021003387213898404
2,27749176,27753151,27751163,-0.01835328062106391,-0.019447497488108534
2,28933394,28938540,28935967,-0.03763804491124701,-0.017675818386737235
2,27775759,27780080,27777919,0.007631371239818865,-0.021424225455676887
2,27791818,27795207,27793512,0.004390276974495858,-0.020767063485027704
2,27713898,27718491,27716194,-0.015075310832915008,-0.01857738960037044
2,6367065,6374237,6370651,-0.2581249246204547,-0.05268591824014367
2,28879503,28883866,28881684,0.03558416186012711,-0.024748716903431396
2,49683854,49706094,49694974,-0.011022654773220049,-0.01730052118562152
2,27878575,27882232,27880403,0.0010341682500927063,-0.01829565299439039
2,49459341,49467149,49463245,0.008570101017115748,-0.019110682190462164
2,27461952,27465496,27463724,-0.03970077292419904,-0.01508689843564863
2,28942570,28946688,28944629,-0.04896876738290906,-0.014463083961902027
2,27699519,27703078,27701298,0.02429305241566603,-0.02081697207251967
2,27783922,27788368,27786145,-0.03400041283041057,-0.014888587379105958
2,27805778,27809176,27807477,0.038934320729075315,-0.02324893847513161
2,43664134,43669356,43666745,0.013488609376304462,-0.019214833720868053
2,27710125,27713892,27712008,-0.03273565623879389,-0.014361595120447964
2,43669362,43677229,43673295,0.02165706366905815,-0.019783076796664054
2,29023980,29027932,29025956,0.031114766022272766,-0.02066837328708877
2,27940476,27944229,27942352,0.030251617863111643,-0.019791781533298455
2,43689256,43694265,43691760,0.014680208636782684,-0.017351466140106648
2,28870492,28875158,28872825,0.030802525376512176,-0.01914909693991695
2,28910346,28915292,28912819,0.04006165804474059,-0.02057916071294059
2,27861297,27864740,27863018,0.04208873070392045,-0.02087617685032763
2,37286076,37293308,37289692,-0.01841063778525706,-0.012879902239251607
2,28904176,28910345,28907260,0.03440394364958707,-0.019419968360294814
2,27830241,27833687,27831964,0.02176774660181902,-0.017035916818777287
2,23215122,23219861,23217491,-0.04995638378379005,-0.010859134227374632
2,29202104,29206169,29204136,-0.03559209325887383,-0.011290813126065764
2,29318994,29323315,29321154,-0.005641483642991803,-0.013408836008219788
2,27706467,27710124,27708295,-0.05053461253796819,-0.010627891313843413
2,29162520,29166917,29164718,0.017674631487112822,-0.015958335061055384
2,6117531,6121582,6119556,-0.029479456564064078,-0.011311203711035629
2,27823141,27826769,27824955,0.032777097164781624,-0.017924991069822625
2,27771620,27775756,27773688,-0.014142311410074281,-0.011958399208972651
2,27903076,27907768,27905422,0.035211821269753175,-0.018187243186433028
2,38964620,38970078,38967349,0.023119900055826016,-0.016120686106067556
2,27642106,27645949,27644027,-0.002867994842352091,-0.012749993566457478
2,27618567,27621983,27620275,-0.06565306681405898,-0.00971857024756713
2,27635483,27638712,27637097,0.005502097040726808,-0.013604183772038791
2,36145396,36149343,36147369,-0.01700784360228156,-0.011374783323343957
2,29303544,29307257,29305400,-0.028694799660715455,-0.01053382463672965
2,27592126,27595665,27593895,-0.03528191999219915,-0.01016650060355152
2,29027933,29032259,29030096,-0.0035432750611640207,-0.011831855992453334
2,26695631,26699028,26697329,-0.008051690929578753,-0.011354639864450332
2,29045020,29048762,29046891,0.0015494165634478932,-0.012321669789226034
2,27780083,27783919,27782001,-0.15315869696044387,-0.016448025238246365
2,27668144,27671959,27670051,0.025327402471739393,-0.015282131487910813
2,43683833,43689250,43686541,0.01619173236421437,-0.013890436521502292
2,43587210,43592206,43589708,0.02051093718095448,-0.013973839296635053
2,27628844,27632162,27630503,-0.017153993926587396,-0.009334210801588723
2,43073231,43086330,43079780,-0.038100636625726436,-0.00804449605719301
2,28950976,28954857,28952916,0.03049363716002479,-0.014854032146482518
2,28875160,28879498,28877329,0.02363450935478615,-0.013744772540127946
2,28899800,28904173,28901986,-0.017227161559908156,-0.009018846816714894
2,27899635,27903072,27901353,0.026841180105851393,-0.014136679027149808
2,26678737,26682218,26680477,-0.024678100553441887,-0.008428314954957536
2,33895632,33899253,33897442,-0.06021312938917099,-0.007169531159344805
2,49751622,49756803,49754212,0.0013155817715013052,-0.01045398685426834
2,38144451,38149032,38146741,-0.10360881450926865,-0.008488207149601393
2,38093971,38099252,38096611,-0.0665007001321606,-0.0068688270598706086
2,27691864,27695729,27693796,-0.03221147719389113,-0.0074514164609750366
2,27480684,27484272,27482478,-0.028763385135022856,-0.007618542447230023
2,29065809,29070060,29067934,0.027845028485124657,-0.013676959707642026
2,28966743,28970569,28968656,0.019961055441119382,-0.012452655747492762
2,36270129,36274277,36272203,-0.052363641560342934,-0.006670191278230541
2,27262961,27267464,27265212,-0.08357080399841901,-0.0069520544830801384
2,27730298,27734228,27732263,0.038944851179746304,-0.0152245840118348
2,27355742,27360319,27358030,-0.03307453458289529,-0.007008104887992982
2,6388588,6392008,6390298,-0.016159269107175786,-0.008057543042305238
2,297340,301550,299445,0.01296501612441051,-0.011098018473361004
2,34344240,34349741,34346990,-0.010999480950261459,-0.00844438239480041
2,27351713,27355741,27353727,-0.016157156479134824,-0.007925338767979311
2,49435166,49446857,49441011,0.0038677535585060117,-0.00979936640286584
2,27625321,27628842,27627081,0.037726914090027416,-0.014608360421007922
2,27722500,27726432,27724466,-0.03833241055020922,-0.0063614018666315565
2,29166918,29170782,29168850,0.017568583846980238,-0.011360730294220382
2,1493796,1498056,1495926,-0.022587995722477324,-0.007164583294812762
2,25915956,25919515,25917735,-0.01488684567967141,-0.007710381758083143
2,28889138,28893694,28891416,0.01275452056058332,-0.01058101897808668
2,27718495,27722497,27720496,-0.10608382661704062,-0.007564973787823058
2,38848727,38852990,38850858,-0.013935339201911662,-0.007578823188161557
2,301555,305551,303553,-0.000995979578012071,-0.008794424528170017
2,29193715,29197767,29195741,-0.01741024640606424,-0.007247308551167569
2,28970572,28974839,28972705,0.017859662150755497,-0.011018164710880594
2,27826772,27830238,27828505,-0.0011837460122540277,-0.008568258697836525
2,27684545,27688320,27686432,0.013541989636169491,-0.010287643767122635
2,29210167,29214335,29212251,0.03492215085216076,-0.01344408469692324
2,27187718,27192192,27189955,0.017197167442518486,-0.010658935083984387
2,8041073,8044166,8042619,-0.0034381551527758996,-0.007938854799201351
2,38852991,38856945,38854968,0.001133968984252407,-0.008328136362464855
2,38881608,38885822,38883715,-0.006980326473671468,-0.007493534018164467
2,16208375,16214260,16211317,-0.004788409571838964,-0.0076826946649209875
2,30730289,30734194,30732241,-0.022675334513093937,-0.006169510683711929
2,43558955,43563678,43561316,-0.012644467829454647,-0.0068932298283548524
2,42983314,42988161,42985737,-0.006914954882565113,-0.0073502605377394545
2,29048764,29053172,29050968,-0.055831308541235275,-0.004769737057608302
2,28893700,28899796,28896748,0.01586985568638797,-0.009736877127415035
2,43694272,43699618,43696945,0.027662612596357238,-0.011411957333666447
2,7216928,7220074,7218501,-0.010601008783989641,-0.006671678318569108
2,38936732,38940778,38938755,0.025563607534079092,-0.011060152293954302
2,36320833,36324564,36322698,-0.015905282254636794,-0.006188316826675574
2,27833689,27837039,27835364,-0.036460468560281505,-0.004907736009229966
2,43918742,43923962,43921352,0.015380003400449468,-0.009489035636569686
2,8068118,8075305,8071711,0.030029667859702465,-0.011486759542732454
2,27347058,27351712,27349385,-0.007735836948814085,-0.006634196391769008
2,27544392,27547875,27546133,-0.012909829019209501,-0.006170931535831106
2,29121805,29145606,29133705,-0.014513952147534526,-0.006023697252171959
2,30321759,30325776,30323767,-0.04222634633234197,-0.004391922086799008
2,23219867,23225244,23222555,-0.0128333580359346,-0.006111621227387807
2,29015847,29019783,29017815,-0.014545150904913767,-0.005951027191958848
2,6392011,6395287,6393649,-0.020601276024352924,-0.005379471830964937
2,32317358,32320919,32319138,-0.01317848195679855,-0.005910823251763383
2,27295605,27298864,27297234,-0.019030721425043393,-0.005447018248038153
2,3262588,3265731,3264159,-0.03964050043913099,-0.004222197207875355
2,43563679,43568934,43566306,0.003299274700429816,-0.0073983606914229125
2,5674389,5677466,5675927,-0.029134568692368676,-0.004610841868389762
2,27569608,27573995,27571801,-0.05073267991425606,-0.0037923652101336386
2,43677232,43683830,43680531,0.040230118479962926,-0.012746120299785882
2,44514575,44518549,44516562,0.024994817616994264,-0.010172784741094452
2,42969018,42974006,42971512,0.005191193783735939,-0.007490563022653026
2,27525508,27537347,27531427,0.011319219735673793,-0.008181328690539912
2,24950522,24955054,24952788,-0.04542790212183844,-0.0034857951293067705
2,26912757,26917838,26915297,-0.027900130930192266,-0.004207519609766216
2,27448500,27452558,27450529,0.025572607857597886,-0.009838759516302142
2,26917840,26921547,26919693,0.01690046440178249,-0.008476911192210524
2,45447520,45477333,45462426,-0.003236499322143196,-0.006055911157237796
2,43304957,43310849,43307903,-0.046715620628175754,-0.0032975918013695015
2,29057835,29061850,29059842,-0.058157962974234,-0.0029590631606466683
2,33892225,33895630,33893927,-0.009987708252983106,-0.005222223950091837
2,36297079,36302366,36299722,-0.00022862480947172576,-0.006166297851752576
2,4548700,4551884,4550292,-0.01612016659603413,-0.004640814703563277
2,29170788,29183884,29177336,0.007681697112315222,-0.007007726249162107
2,36260707,36264791,36262749,-0.03446117174015481,-0.003436092858517366
2,42964206,42969017,42966611,0.006284627521888464,-0.006767366488043694
2,26077405,26081123,26079264,-0.014525446837601003,-0.004643172500630975
2,29100085,29105215,29102650,0.006515429924457701,-0.006756080332482534
2,27588555,27592123,27590339,0.031329241484557464,-0.010270693090632145
2,42687676,42693480,42690578,0.0027316276109026413,-0.006305879793408907
2,26616650,26620239,26618444,-0.0060756321936574435,-0.005346158669215068
2,38099254,38135275,38117264,-0.03201151528842072,-0.0033447444012707195
2,42988164,42994440,42991302,-0.003212149099696897,-0.005521657802121049
2,38468670,38472440,38470555,0.021345487818602387,-0.00855976730284327
2,38932438,38936725,38934581,0.0171486361228811,-0.007961664803378078
2,16672920,16676895,16674907,-0.041165208335413886,-0.002890746765174547
2,30525802,30530049,30527925,-0.030736604097057266,-0.0032584929646181362
2,12711859,12715600,12713729,-0.06207081795610778,-0.0024600404498967654
2,49371071,49376497,49373784,-0.003460158280053192,-0.005222034677101652
2,26634265,26638331,26636298,-0.024126569548406245,-0.003486039434508317
2,38510636,38514726,38512681,0.012901474977925638,-0.007099322881000803
2,28883873,28889136,28886504,0.039779124530506776,-0.011256861439073505
2,26145108,26148592,26146850,-0.03625686592767573,-0.0028080988720564897
2,25919518,25923270,25921394,-0.005860903222779473,-0.00489867841725113
2,49397457,49413503,49405480,0.011133572562565268,-0.006790736140201507
2,28919625,28924907,28922266,0.016829840379533677,-0.007483217890599585
2,49486955,49503890,49495422,0.012190224063338875,-0.0068302395169956235
2,36264795,36270128,36267461,-0.02384447038732376,-0.0033139361828487027
2,29197770,29202103,29199936,-0.012664333591099277,-0.004117894291470933
2,36149344,36152666,36151005,-0.03630379603174569,-0.0025872671356216874
2,38898266,38902591,38900428,0.01620973734625362,-0.007253936922287053
2,3401768,3405399,3403583,-0.02803762392664439,-0.0029393745412371686
2,27557978,27561674,27559826,-0.012943207906683183,-0.003958078187611746
2,27231481,27235088,27233284,-0.03008524149086057,-0.002763464643020116
2,36283501,36288906,36286203,0.011669388983894769,-0.006558128224641412
2,36882559,36886747,36884653,-0.023348794610360896,-0.0031288586969406692
2,6106227,6112800,6109513,0.002416554166099286,-0.005404657163863835
2,26710817,26714281,26712549,-0.011326946994807728,-0.004032779586088521
2,35130672,35134562,35132617,-0.03586546586248504,-0.0024152183751098627
2,24107090,24110963,24109026,-0.013215587937252119,-0.003849705133506796
2,43476473,43481423,43478948,0.0036668409660517614,-0.005512683427735798
2,27401899,27405437,27403668,0.00913873784611728,-0.006133761344162653
2,26517881,26521699,26519790,0.0008390041467994383,-0.005163444498433371
2,25933174,25936467,25934820,-0.014784620612357267,-0.003673237862534817
2,36815670,36820757,36818213,-0.004252946492550672,-0.004568661461163106
2,38990322,38996116,38993219,0.010813153346089517,-0.006259662177120949
2,14621057,14624270,14622663,-0.017464120283911876,-0.0033635813077241743
2,3748158,3751281,3749719,-0.11232184321127033,-0.004012925477100502
2,5234715,5237834,5236274,-0.007554868745745972,-0.004142294291544208
2,27734230,27737850,27736040,-0.07580303140538361,-0.0017551060419473677
2,49799846,49804359,49802102,-0.011900745446173736,-0.0036351331978055268
2,1487341,1493795,1490568,-0.00920263578739606,-0.0038724635974654673
2,41564496,41568980,41566738,0.003882180349275684,-0.005192123102785651
2,1498057,1501541,1499799,-0.0509550192321694,-0.0015304224390187773
2,5140290,5143354,5141822,-0.047784672393790494,-0.0015633306365245687
2,23456611,23460718,23458664,-0.042491798468681105,-0.0017056138268269475
2,37318300,37324149,37321224,-0.012468762380378367,-0.003456753972191458
2,32889479,32892703,32891091,-0.030574425826435252,-0.0021951768559779735
2,3433453,3436729,3435091,-0.06080744892050235,-0.001381291053697698
2,43546915,43551332,43549123,0.012103249879125302,-0.006059995175097386
2,37630034,37634243,37632138,-0.014209536992503527,-0.0032161909767922233
2,16200185,16203982,16202083,-0.02509633714792629,-0.002415326635903072
2,49711437,49736849,49724143,0.013905351265176787,-0.006168123439837326
2,30148624,30152326,30150475,-0.028581057610594183,-0.0021479117081832206
2,30862273,30866647,30864460,-0.03282238987062523,-0.0018899719362642843
2,28962581,28966736,28964658,0.02841109021010897,-0.008213116702881763
2,43573736,43582054,43577895,-0.004794911088692635,-0.0039366389673839595
2,48867379,48873052,48870215,0.009572295349479202,-0.005470574950200665
2,39887537,39899181,39893359,0.03301114228408996,-0.008857609682166725
2,37279535,37286075,37282805,0.001233686891043883,-0.004420473843020797
2,30038797,30042482,30040639,-0.06538090419264586,-0.001036025872364622
2,31907294,31930745,31919019,-0.0343250053981352,-0.0015997699205801857
2,27809177,27812643,27810910,-0.012460263423616879,-0.0030208183431266705
2,27537349,27541096,27539222,0.006390399450304132,-0.004919666429765157
2,37161148,37165759,37163453,-0.00695535085592893,-0.0034734222920066336
2,12704348,12707983,12706165,-0.11133575594547535,-0.0031428100476598862
2,43923964,43931386,43927675,0.01627761396972645,-0.006138719260943118
2,1443760,1447001,1445380,-0.07281448423528179,-0.001024313482135974
2,190103,196046,193074,0.0001851924989538286,-0.004147565259960414
2,37215220,37221086,37218153,-0.021179152118937748,-0.002237197080725935
2,24005504,24010705,24008104,-0.008433518146588388,-0.0032635169229071957
2,3605254,3608313,3606783,-0.06836981022153453,-0.000874516391194788
2,30638732,30642329,30640530,-0.011074204671023982,-0.0030010069630921556
2,33879270,33883835,33881552,-0.023968058018134425,-0.0020089970424571417
2,17677687,17682042,17679864,-0.030099108436373763,-0.0016282237192749632
2,6112804,6117528,6115166,-0.013012805396752791,-0.0027653248836764866
2,38911258,38915271,38913264,0.031710319048720126,-0.00831407451407604
2,36134217,36137930,36136073,-0.021070947661301537,-0.0021370019427758764
2,28924910,28929324,28927117,0.03963000043353856,-0.009658430741959314
2,28986975,28990938,28988956,0.038740417951088374,-0.009475680656051241
2,38173891,38177854,38175872,-0.065238844300697,-0.0007226214323999676
2,35142046,35146086,35144066,-0.11952164135054609,-0.0037097310747326987
2,3436730,3439944,3438337,-0.016001561307135134,-0.0024422961983562854
2,3897145,3900238,3898691,-0.05812662579620783,-0.0006706400830203872
2,27661638,27664956,27663297,0.03665201815659486,-0.009055766973892114
2,26666694,26670505,26668599,0.0166109204895841,-0.005858819761386072
2,30628321,30631904,30630112,0.02115349170142857,-0.006465170087213651
2,3821178,3824695,3822936,-0.01588686127862113,-0.002299053384519102
2,7220075,7223256,7221665,-0.004440766901252215,-0.00331071848809794
2,5096971,5099990,5098480,-0.002367183511479888,-0.0034923190499786226
2,5237835,5240995,5239415,-0.020726815797945053,-0.0018876005078342479
2,27444662,27448497,27446579,-0.0049511289082146475,-0.0032143284629179278
2,36187110,36192097,36189603,0.014965006329770056,-0.0055138610834953115
2,27703087,27706465,27704776,-0.05838436255205838,-0.00039443124268847006
2,27611148,27615120,27613134,-0.07497442033128744,-0.0005622979811220042
2,5086665,5089986,5088325,-0.07358178351981129,-0.0005103026738964207
2,4777200,4780399,4778799,-0.015680403068721135,-0.002089310878955483
2,22707405,22712861,22710133,-0.0075639581217638524,-0.002787775796092636
2,36336672,36340391,36338531,-0.0667549250945801,-0.0003175657869131258
2,23822666,23826151,23824408,-0.0009447554267859132,-0.0033960793288714828
2,42790287,42795313,42792800,0.015925139435537996,-0.005419236608669436
2,27657061,27661632,27659346,0.007899092478457334,-0.004384025815170742
2,5241001,5244287,5242644,-0.06356355522807837,-0.00023523037198747387
2,43037215,43041651,43039433,0.029641291198321373,-0.007426980355566042
2,27326667,27331454,27329060,0.013726880291550933,-0.0051008271383345466
2,4673888,4677077,4675482,-0.0191495213361577,-0.0017197805282499648
2,27306674,27310618,27308646,0.01766788353790862,-0.005608551625410198
2,27223341,27227880,27225610,-0.06100731109157351,-0.0001826906051705491
2,9833749,9837982,9835865,-0.04393657453346869,-0.0004286081106290751
2,49446859,49453470,49450164,0.003193053460095068,-0.0037618883743521466
2,10627457,10631614,10629535,-0.04825581568718577,-0.00024935795243988425
2,51358227,51372370,51365298,0.011294306054791543,-0.004670313515000704
2,4664226,4667521,4665873,0.01561455221085451,-0.005226692820613
2,29245817,29249620,29247718,0.03563520441398974,-0.008270220341249964
2,27340252,27347050,27343651,0.029216841804033084,-0.007197769047112603
2,27465497,27469304,27467400,-0.006590401403792335,-0.002616731704348942
2,29145610,29150760,29148185,0.003060941263973122,-0.003619416200746512
2,33783423,33787216,33785319,-0.016771057799035996,-0.0017339848837127248
2,3297171,3300234,3298702,-0.035489186051174675,-0.0005918714613133046
2,43061258,43073224,43067241,-0.005021870609592838,-0.0027312248913926016
2,29036092,29040694,29038393,0.023454240835904572,-0.006247920568027603
2,27376691,27382416,27379553,-0.028643027828466845,-0.0008845643996282346
2,38042970,38049501,38046235,-0.06816263391562334,-1.4882942917128987e-05
2,4567541,4570591,4569066,0.004713297117373112,-0.0037315114073398796
2,33962384,33965874,33964129,-0.02375933206551387,-0.0011496908607855172
2,26854895,26858603,26856749,-0.0634053772269375,6.515056460179399e-05
2,8923749,8926826,8925287,-0.0069047090474480075,-0.0024539123528658957
2,23181414,23186013,23183713,-0.07001507659858085,3.949778201257525e-05
2,30664175,30668179,30666177,-0.05057520055349498,2.3467350425391955e-05
2,27511570,27515269,27513419,0.005557053966660872,-0.0037470189201394793
2,16876460,16880030,16878245,-0.017660308180169976,-0.0015094683037139365
2,31520838,31524311,31522574,-0.06854171509707857,9.46970337740581e-05
2,27561678,27565562,27563620,-0.07560842962097031,-3.5944984771777206e-05
2,43292646,43298978,43295812,0.028149729628345686,-0.006816381377172103
2,31811753,31815734,31813743,-0.0020820186278371023,-0.0028722082429550352
2,6087008,6090166,6088587,-0.025881545503124503,-0.0008799205397189515
2,24188885,24193237,24191061,0.004102604296015763,-0.003507635817158607
2,27653488,27657052,27655270,0.025345845652115822,-0.006337918947756653
2,38532447,38539411,38535929,0.00219329613234063,-0.0032656162933375594
2,30329846,30333471,30331658,-0.031382249864643,-0.0005338335255024294
2,34069394,34076278,34072836,-0.006182920192712204,-0.002391991276753061
2,26545733,26550019,26547876,-0.031356207240569596,-0.0005196066618960864
2,43659637,43664131,43661884,0.03233082875290396,-0.007396142156014065
2,26798754,26806669,26802711,-0.10578848950366433,-0.0015158459062377793
2,44509339,44514574,44511956,0.03183451745052705,-0.007306249970790033
2,36364763,36368890,36366826,-0.019021565451102812,-0.0012652461673228548
2,36795304,36801027,36798165,-0.04868193724838339,0.00014688393234160447
2,25808466,25812106,25810286,-0.0274417749357536,-0.0006926813665206562
2,1368301,1371315,1369808,-0.02902695547449764,-0.0005980462634751261
2,5740376,5743697,5742036,-0.062161855539653546,0.0002966542992449496
2,33883844,33887111,33885477,-0.010998677294815046,-0.0018755141025365448
2,30175273,30178857,30177065,-0.05816931562403652,0.00029824220089420264
2,29109646,29116621,29113133,0.021552160826925584,-0.005653433728519922
2,29677530,29696319,29686924,0.022633988832907275,-0.005799585763357017
2,10611338,10614762,10613050,-0.04090638225487697,-7.2954440499010445e-06
2,36160219,36163842,36162030,0.0035830483258800527,-0.0032989614706118373
2,38201555,38205235,38203395,0.00468012059217649,-0.0033877437346418312
2,30054413,30058548,30056480,0.01513176250981958,-0.004665455924587451
2,31834026,31860594,31847310,-0.03919822110714661,9.812542861451131e-06
2,16536999,16540494,16538746,-0.047423938465597046,0.00028633029970802186
2,38865432,38869483,38867457,0.020963702661669963,-0.005436201141831993
2,36302368,36306179,36304273,-0.026396575387007085,-0.000589579432658602
2,28929325,28933391,28931358,0.036165176951125845,-0.007840287117359563
2,26620243,26629363,26624803,0.008614755297101174,-0.0037803373655869695
2,1450150,1453196,1451673,-0.06496900292446191,0.00044648193100263564
2,9705909,9709017,9707463,0.008681966790272617,-0.0037642256226126836
2,46452115,46457324,46454719,0.02765720488028767,-0.006412349215980618
2,556558,559914,558236,0.0031057024423256797,-0.003094818455524045
2,42131039,42149599,42140319,0.008162520317978754,-0.003683701849362698
3,51583533,51596893,51590213,0.04952163734739433,0.003137922220705914
3,47159443,47164890,47162166,0.04964883997333123,0.0024338105595300545
3,47164901,47169785,47167343,0.049096846599560415,0.002465610434518903
3,47169791,47175211,47172501,0.048610982644518,0.002535427350217795
3,51218645,51224015,51221330,0.048928051500069854,0.0021118372927972457
3,51610020,51618273,51614146,0.0500750586325717,0.002000203949476158
3,51577861,51583524,51580692,0.048314112308738555,0.0026889234445039456
3,47182570,47187919,47185244,0.04842055084028925,0.0021120315576536965
3,51213152,51218643,51215897,0.04792462394697246,0.0030397563569389227
3,47187928,47193302,47190615,0.04807883670967738,0.002425891251980224
3,51603591,51610019,51606805,0.04884668866278341,0.0016005492656280612
3,46254945,46261039,46257992,0.04804234400756115,0.0022901863086355846
3,46261043,46266080,46263561,0.048034348730206046,0.00203896348877245
3,51170555,51182983,51176769,0.04905679476609517,0.0013316315593364524
3,46795043,46817648,46806345,0.04812727123286658,0.0017618137883928721
3,51206379,51213121,51209750,0.04754341610245971,0.0025503441081263884
3,46474495,46479723,46477109,0.04755583385248614,0.002374154672380034
3,41263963,41267839,41265901,0.04766917929537433,0.0020830481567844965
3,51596894,51603589,51600241,0.04738276047855075,0.003511583146397287
3,50996593,51002728,50999660,0.047417042356721645,0.0025039673202939005
3,47175222,47182559,47178890,0.04730635804676232,0.0027541002917201574
3,52234587,52244197,52239392,0.04844862751831935,0.0011545414107799288
3,52251748,52265324,52258536,0.0484204777118925,0.0011176890531292489
3,51855073,51861979,51858526,0.04745554708607018,0.001949208436951867
3,46354472,46367199,46360835,0.0474294718491643,0.0018939597041900502
3,47228315,47233497,47230906,0.04724563885225316,0.002126407210777903
3,51224018,51229391,51226704,0.04760755571236711,0.001476257698958377
3,46462799,46468639,46465719,0.04738187759113649,0.0017715023845576686
3,46249102,46254933,46252017,0.04797506448537605,0.001036580091035033
3,51130919,51141841,51136380,0.04686695479111793,0.0028422020563062768
3,42065485,42070147,42067816,0.04709619045088218,0.0019943384362301544
3,46343167,46348738,46345952,0.04701451337237392,0.002153372362106817
3,46298859,46304736,46301797,0.04693856334664485,0.0022832111713073284
3,46320040,46343166,46331603,0.04731078256266958,0.0014071731616955752
3,50830281,50839007,50834644,0.04696866369433436,0.001675455022959295
3,44013807,44017905,44015856,0.04668322753784835,0.00233295626545092
3,51684214,51690470,51687342,0.046843670490933194,0.0018365651905984939
3,47500577,47505282,47502929,0.046591362667190384,0.0025447578086699742
3,51947673,51958442,51953057,0.046636297870966334,0.002343364005217466
3,51153267,51159217,51156242,0.04696957807921175,0.0015556724413553792
3,51182989,51188826,51185907,0.04687109766131825,0.0016487498326838068
3,51525561,51532998,51529279,0.046411563872547766,0.0028570164504132843
3,47012243,47016803,47014523,0.0466498362129664,0.001862658852409592
3,50582098,50600409,50591253,0.046685078649152695,0.0017491554584216152
3,51123013,51130916,51126964,0.0463522142058801,0.0030780903006494306
3,44030122,44034544,44032333,0.04691018273708629,0.0013281936843312363
3,51933676,51940718,51937197,0.04662649105427307,0.0017764351801561437
3,51690517,51702777,51696647,0.04631328469040011,0.002926951386676824
3,42876658,42881438,42879048,0.046874121955048656,0.0013009812390191423
3,50006527,50012303,50009415,0.046451184335226485,0.0020913512299884935
3,47399300,47404887,47402093,0.04678729625880655,0.0013811761766929853
3,44767511,44773340,44770425,0.046349504337637924,0.002417115641310759
3,46468640,46474494,46471567,0.0467744543923454,0.0013739732898521014
3,45572421,45578078,45575249,0.046283936137364,0.002646306294373519
3,47223555,47228308,47225931,0.04631786270129935,0.00245901815935064
3,51147649,51153264,51150456,0.04660042616506904,0.0014895005869410833
3,42314553,42319653,42317103,0.046685107952647305,0.0013404096031180153
3,47154424,47159442,47156933,0.046170136511731616,0.002854489385017109
3,45694052,45700094,45697073,0.04634421035813925,0.0020013244199137475
3,46384222,46395358,46389790,0.048610764538908106,-0.00014509324507463181
3,44167594,44171819,44169706,0.04640224514305834,0.001763705008514604
3,47388946,47394198,47391572,0.046372996813138015,0.0018062310566374562
3,46499997,46505082,46502539,0.04632250556556795,0.0018770002795857035
3,45627784,45633048,45630416,0.046230062648403826,0.0020905209446121674
3,47338906,47349526,47344216,0.0461995858826398,0.002169937741060059
3,45836275,45842251,45839263,0.046968178999003365,0.0007632930532437934
3,86626,92179,89402,0.04605263811221675,0.0027232801065298147
3,46348742,46354471,46351606,0.0476633568729997,0.0001579747760234554
3,45664465,45669864,45667164,0.04618215399152532,0.0020487996586424123
3,48400172,48405144,48402658,0.046647875722770876,0.0011109529225115274
3,47394199,47399299,47396749,0.04656133939073297,0.001199103346083059
3,43980958,43986091,43983524,0.04757698373224084,0.00018017009919713402
3,41236937,41244691,41240814,0.04599554951154644,0.002696374284845786
3,42094682,42098919,42096800,0.046579669294828166,0.001087333742659109
3,44023110,44030117,44026613,0.04788894243914724,-5.7528059952550725e-05
3,82138,86625,84381,0.045975154167263756,0.0037321446665017034
3,46215870,46221429,46218649,0.046108885805225194,0.0019782331383772626
3,50600433,50609117,50604775,0.04616683057510154,0.0017065682507584649
3,48338235,48343719,48340977,0.0458814057842167,0.0028061084054235566
3,41964776,41968896,41966836,0.04589287943037065,0.0026482776283112243
3,77543,82128,79835,0.045883340159273873,0.00256727210152051
3,48453366,48466628,48459997,0.04590258975304367,0.002347814023808155
3,51520001,51525553,51522777,0.04697262431059844,0.000403718758834874
3,50494685,50500078,50497381,0.04598216014620151,0.0018313136585259378
3,51188827,51200979,51194903,0.04628781276692206,0.0011810399099724856
3,42200536,42205751,42203143,0.04624743273402812,0.0012300683151550194
3,44155050,44159203,44157126,0.04581840198966808,0.0023073033309421067
3,47134709,47139830,47137269,0.04597837320703546,0.0017598376708670477
3,51651670,51657816,51654743,0.04576638539503486,0.0024829059054782463
3,52313661,52349429,52331545,0.04594630497894141,0.0018074622941589198
3,50802794,50808094,50805444,0.04585902394917205,0.002061912261022305
3,41228071,41232336,41230203,0.04609332881477401,0.001437083536223325
3,47301827,47307103,47304465,0.04728098994473436,2.976165964973635e-05
3,45808053,45813806,45810929,0.04589407024099059,0.0018897747702984581
3,50929982,50940285,50935133,0.0461581060068997,0.0012539312994090772
3,41232341,41236936,41234638,0.04578828111657463,0.0021510077170759524
3,45935653,45940595,45938124,0.04577152717000268,0.002180605095535923
3,46505089,46512744,46508916,0.04627973340143011,0.0009873194251045245
3,48060955,48065957,48063456,0.04680369853205953,0.0003085874038441226
3,51229393,51239747,51234570,0.04611655726281847,0.001124189401243308
3,50406968,50415315,50411141,0.04579626992801352,0.0017135639552971517
3,42652031,42658159,42655095,0.04581519510515513,0.001658899899729157
3,47978265,47983791,47981028,0.04575413554847989,0.0018185937097680558
3,42024175,42028585,42026380,0.046188574456548434,0.0009164971369350192
3,47735836,47740748,47738292,0.04573381164980942,0.0018310999721696786
3,45082217,45087445,45084831,0.04585780005967765,0.001502932385899281
3,44190057,44194425,44192241,0.04608342881610357,0.0010607172164436903
3,44742279,44747835,44745057,0.045610887289443146,0.0022000510371482738
3,42074774,42079182,42076978,0.04591356344780392,0.0013272148350912394
3,50940292,50946133,50943212,0.04548287110037196,0.0030388036902098438
3,47830284,47835678,47832981,0.045538387715114335,0.0022849858582878616
3,44159209,44163335,44161272,0.04583640367121597,0.001384767420207404
3,44773341,44778989,44776165,0.0455227189451021,0.00219445399325727
3,42925847,42930183,42928015,0.045518805007239455,0.002135834508918237
3,44203624,44207730,44205677,0.04572052234473215,0.0015273250078659257
3,51108946,51123012,51115979,0.04548438349090923,0.004017506591347084
3,46400451,46405761,46403106,0.05076674365411688,-0.000845241471431047
3,45420697,45425793,45423245,0.045527064733698545,0.0019066589423861787
3,44496438,44500970,44498704,0.04547970542478554,0.0020561534966220475
3,96592,100876,98734,0.045470004685937856,0.004204255762985573
3,43971489,43980957,43976223,0.04922393416749523,-0.0010421718385930801
3,51708898,51715409,51712153,0.04560167497316014,0.0016275484094585141
3,42727147,42731577,42729362,0.04547987826697111,0.001991589799182988
3,51715411,51721896,51718653,0.045341070909214486,0.002663270047672442
3,42113026,42117323,42115174,0.045561244076996056,0.0016745992877364201
3,51444260,51449982,51447121,0.04530724764235105,0.0028773719177684026
3,45286304,45291967,45289135,0.04541162795978034,0.0021347662797546584
3,42494448,42502167,42498307,0.045426350680320096,0.002072602344728772
3,43628086,43633736,43630911,0.04548523634103548,0.0017629318308622504
3,42472748,42477383,42475065,0.04547175197136691,0.0018021185290532174
3,47129734,47134708,47132221,0.0453058642498659,0.002484385020182989
3,47505283,47509948,47507615,0.04571529116828376,0.0011951895068749155
3,43882591,43899226,43890908,0.045549495545039266,0.0015380193003387732
3,42615302,42619482,42617392,0.04537424290289287,0.0020610565401963563
3,46242717,46249092,46245904,0.045220059528896114,0.0028467309271641597
3,51741591,51747402,51744496,0.04529321678734946,0.0022756777744535345
3,50808098,50813576,50810837,0.04529541998759916,0.002215301616959673
3,41040110,41044704,41042407,0.04531610194590685,0.002017295884822215
3,43497065,43501573,43499319,0.045215655616843625,0.00235156483967034
3,47238969,47244208,47241588,0.04539093245592708,0.0016870909493693395
3,44929562,44933990,44931776,0.04633478163014621,0.00013042490653371644
3,50969385,50982664,50976024,0.04516169700613252,0.003599279953632182
3,44450998,44455898,44453448,0.0452440310348428,0.002170341899539065
3,44725682,44737368,44731525,0.04523912321412454,0.002154330362506274
3,51848310,51855072,51851691,0.045954891263899525,0.0005500282488376925
3,49580988,49585618,49583303,0.04524109731829326,0.002073665831263903
3,42177234,42182003,42179618,0.04545454236568816,0.001381143337960437
3,44784227,44793171,44788699,0.045541179133890775,0.001171918046434741
3,46430223,46436417,46433320,0.04605459699035163,0.0003406601328819004
3,41328167,41332149,41330158,0.045198036265972394,0.002056761224017181
3,50452752,50458220,50455486,0.04511577270044486,0.002333542489341544
3,48107025,48117923,48112474,0.045682129386071406,0.0008143641936295948
3,42172393,42177230,42174811,0.045189713714594716,0.001964668578613873
3,44176514,44181191,44178852,0.04513404691386584,0.0021221588129052373
3,42295922,42300730,42298326,0.045038236162269506,0.002566688363522127
3,47349527,47354264,47351895,0.04522669781926746,0.0017219404553667336
3,44137984,44142370,44140177,0.04536737438318625,0.001345640877421146
3,51626423,51632303,51629363,0.045290743486113824,0.0015319940649064388
3,46685197,46690294,46687745,0.045158922544027875,0.0019331362608344398
3,41032021,41040106,41036063,0.045089626269660975,0.002167831688632142
3,50012306,50017517,50014911,0.045557873178290145,0.0009168672188999389
3,52457070,52464939,52461004,0.04501171328503333,0.0025067804002994847
3,52120426,52127692,52124059,0.045063881928486385,0.0021863078860991808
3,48955982,48964088,48960035,0.04539671924922997,0.0011876448545904202
3,49157283,49163207,49160245,0.047110868398140465,-0.000743973703053557
3,44982632,44989534,44986083,0.04505919800544044,0.0020629207072726113
3,42530534,42534878,42532706,0.04510817854582401,0.0018532398109664114
3,44185605,44190056,44187830,0.045042719757445095,0.0020170792559510782
3,39030979,39035133,39033056,0.04524124093862243,0.0014037059333452497
3,47381880,47388944,47385412,0.04520168704183906,0.0014773245425788355
3,42519290,42525600,42522445,0.04520728185266879,0.0014499995281655753
3,46395367,46400447,46397907,0.04711336990111502,-0.000826942689891622
3,51023295,51030311,51026803,0.04560384849993109,0.0006362755817895907
3,48374024,48384561,48379292,0.04624719049109262,-0.00016702038090155214
3,41886403,41890343,41888373,0.04510015306078256,0.0016480562627898695
3,39052756,39057246,39055001,0.04536700658322819,0.0009808243138427156
3,42835726,42840987,42838356,0.045210477515751864,0.0012888332863743546
3,45622857,45627780,45625318,0.04532756397408569,0.0009999543430378533
3,51533007,51539690,51536348,0.04727191395133842,-0.0010007535392179926
3,47798126,47803645,47800885,0.045539151577873416,0.0006113049275975348
3,50382398,50388172,50385285,0.044987721731828766,0.0018095056007901653
3,42195807,42200534,42198170,0.04530221497628984,0.0010079187779990862
3,42856540,42861310,42858925,0.045103909961853976,0.0014422481937852456
3,39025651,39030976,39028313,0.045134608025323375,0.001352907518062273
3,47288711,47293644,47291177,0.0449381947558804,0.0019274952840114476
3,46414344,46419682,46417013,0.0492429737187137,-0.0016032278351076836
3,50754571,50766557,50760564,0.04527677851744075,0.0009996503843652366
3,42671076,42677313,42674194,0.04518360003947446,0.0011915124220064782
3,43823992,43828649,43826320,0.04550114357170595,0.000596799174201704
3,47307104,47312949,47310026,0.04559494846402475,0.00044631985033022917
3,52225242,52234581,52229911,0.046523548101142065,-0.0005638659539024536
3,51747406,51753400,51750403,0.045135904426670065,0.0012747955250489872
3,42395209,42400070,42397639,0.04501604655799345,0.0015841833878677497
3,44737369,44742275,44739822,0.04496733227058484,0.0017260359978738386
3,50792682,50797906,50795294,0.04591889749057626,8.310826484813195e-06
3,47124736,47129733,47127234,0.04476182500111709,0.0027710519773207483
3,44760807,44767510,44764158,0.04502855475690376,0.0015090970099972787
3,51564356,51571919,51568137,0.04474048180553555,0.0031080356585658983
3,52244214,52251742,52247978,0.04486875488923181,0.0020280247892111108
3,44308610,44312566,44310588,0.044818953425469404,0.002227595230642224
3,51059955,51065963,51062959,0.04508096908823448,0.0013199998203609687
3,42309736,42314549,42312142,0.0450353558739165,0.0014027769207262137
3,45914679,45920189,45917434,0.04556346123576176,0.00039406709644152426
3,44261231,44265762,44263496,0.04492747213207843,0.001628197625577646
3,41310944,41316177,41313560,0.04480910334747738,0.0019805244759522637
3,45126725,45131290,45129007,0.0460757361027187,-0.00028839860505308667
3,51618278,51626416,51622347,0.04465719452214905,0.0033207506695332022
3,41872032,41876291,41874161,0.044771600519404424,0.0020214332314609815
3,52439987,52457052,52448519,0.04519771556644826,0.0008524498678391488
3,50468439,50473393,50470916,0.045042013410267506,0.0011544100441323365
3,44146558,44150981,44148769,0.04469084292259117,0.0022552943871974765
3,45018455,45022736,45020595,0.044839934995593675,0.0016273073446038924
3,44142373,44146551,44144462,0.04582139515043248,-0.0001041797294328993
3,45181720,45186658,45184189,0.04482859609823073,0.0016097554482212423
3,39035138,39039602,39037370,0.044707199787226225,0.001981781250780752
3,47466839,47471784,47469311,0.04486601677241591,0.0014004168997762256
3,45279238,45286302,45282770,0.044743089210223436,0.0017604041630182807
3,42405143,42410720,42407931,0.044669747589032846,0.002021292301691538
3,44194426,44199017,44196721,0.04486928701118988,0.0013526818484796996
3,46700671,46705672,46703171,0.04522751185888924,0.0006081574172658818
3,50844471,50850060,50847265,0.04517001635726927,0.0006989735107890075
3,51449989,51456671,51453330,0.044568874180815066,0.00248454333685163
3,51239772,51249116,51244444,0.04524408967057685,0.0005202934243810696
3,46367201,46374584,46370892,0.047572408608887236,-0.001485947812099258
3,42831391,42835715,42833553,0.0446417109263644,0.001968285252596361
3,47149560,47154421,47151990,0.04463687619047286,0.001985140905610741
3,51017243,51023294,51020268,0.0445646788862096,0.003934731732880287
3,49163209,49169241,49166225,0.046116003830842155,-0.0005509863564118239
3,50537682,50542857,50540269,0.044843883232105204,0.0012666134501765364
3,50273312,50278756,50276034,0.044769107067470004,0.0014325209385217484
3,45813807,45820053,45816930,0.044517105506088596,0.0024584379388694713
3,50415317,50420822,50418069,0.044479853690092455,0.0025753254072277115
3,42810618,42821456,42816037,0.045100574851288384,0.0006490700656942473
3,45763493,45777215,45770354,0.044484213879237545,0.002498136376419684
3,47603035,47609102,47606068,0.04457959679521877,0.0019318368090644447
3,44257059,44261230,44259144,0.044622035855389264,0.0017609130820989886
3,47233500,47238968,47236234,0.04445313817348273,0.0026596885060340037
3,51940725,51947665,51944195,0.04571024242672582,-0.00023936373448365055
3,45720983,45729371,45725177,0.044887462826011824,0.0009603638756345513
3,48417727,48423694,48420710,0.044708311735295846,0.001380099948205721
3,43841820,43846348,43844084,0.04472174778082153,0.0013369419978979489
3,42305299,42309729,42307514,0.0447440091312209,0.0012751766060685077
3,44123609,44127695,44125652,0.044579325744641546,0.0017553277857663351
3,42514124,42519282,42516703,0.04482533936874398,0.0010603343110453275
3,41968897,41973333,41971115,0.04440830885077837,0.002613652252648498
3,43456697,43461444,43459070,0.04455456420366301,0.0017862916109755347
3,45507600,45512763,45510181,0.045205787745086434,0.00032895761662610874
3,50982670,50996591,50989630,0.04468272552283021,0.0013709106255308113
3,44436441,44441142,44438791,0.04489610540273223,0.000844835439447872
3,44608488,44616581,44612534,0.044657882775901665,0.0013684132137582721
3,92181,96586,94383,0.04443509094780879,0.004185330887619252
3,41876302,41881038,41878670,0.044587725162566226,0.0014934651646909504
3,51958447,51965005,51961726,0.044580329348582144,0.0015153796161843146
3,44949281,44953486,44951383,0.044494078434094975,0.0017952763767744954
3,50797918,50802787,50800352,0.044385776002466626,0.00229060279864829
3,50609119,50614657,50611888,0.04456295112186726,0.0015269832572011729
3,41403354,41407418,41405386,0.044580233181658005,0.001420219156214091
3,42281482,42286056,42283769,0.044304314723505954,0.0027157593832126156
3,50017520,50022725,50020122,0.04453448368268358,0.0015435936792787773
3,50295014,50304135,50299574,0.044358804924393244,0.0022300335980636487
3,42447756,42453389,42450572,0.04433104504712609,0.0023930585362144535
3,45096896,45101601,45099248,0.044592153642281265,0.001336871845961555
3,45092388,45096895,45094641,0.04432753124648763,0.002328465642374262
3,42555363,42560212,42557787,0.04514567283389939,0.00015009740986712692
3,43819262,43823980,43821621,0.045284483167573074,-4.641533243034268e-05
3,52788963,52808541,52798752,0.044412516241020966,0.001706406178866933
3,43713870,43720737,43717303,0.04448240067639675,0.0014761635675403391
3,43516115,43520708,43518411,0.04447527291909382,0.001479775267973523
3,42244100,42248847,42246473,0.04443352705328375,0.0016023355723400554
3,50766560,50772373,50769466,0.04541816605504326,-0.0002453653252675628
3,38295282,38299477,38297379,0.04448744248073294,0.0014155291675091255
3,46059634,46064918,46062276,0.04422853727919225,0.0025495807177564273
3,50694895,50700428,50697661,0.04442185275217995,0.0015578332594599488
3,47766345,47772862,47769603,0.04424504732393798,0.002285897485426164
3,46587296,46613357,46600326,0.04469179298933933,0.0008296252198045157
3,40655609,40666815,40661212,0.04428742011099055,0.0020131738619610044
3,52056082,52090386,52073234,0.044508497410250585,0.0012404048736294727
3,41935204,41939530,41937367,0.04415986452121927,0.0031380733842639864
3,44239664,44244116,44241890,0.044540722694276065,0.0011491041837061232
3,44455904,44460365,44458134,0.04478953647511807,0.000600187215059548
3,47596610,47603021,47599815,0.04421220554723551,0.002282563873522786
3,49991241,49996109,49993675,0.04471083959424302,0.0007283300318163306
3,46817655,46824329,46820992,0.04433901148991482,0.0016739834788832406
3,40521261,40534043,40527652,0.044243525327158945,0.002007186735741643
3,50166437,50176718,50171577,0.04457477328894251,0.0009478677413630522
3,42121546,42126145,42123845,0.04411672930931527,0.002902179203202335
3,40043630,40070856,40057243,0.044347831118344616,0.0015175521695990181
3,49960579,49965989,49963284,0.04459996546678905,0.0008281273909050108
3,52494150,52501321,52497735,0.044084503192464757,0.0029911504821884343
3,46127702,46133604,46130653,0.04408583182396481,0.0029464967534535693
3,49923537,49928083,49925810,0.04433010000000728,0.0015003370553245108
3,42636895,42642823,42639859,0.04426461708644275,0.0017079615667502399
3,47520254,47525292,47522773,0.044272681069957166,0.001671673038749843
3,51333271,51341216,51337243,0.04411520885234464,0.002398423599316089
3,42826827,42831389,42829108,0.04466229277144035,0.0006397005239851941
3,42677314,42682224,42679769,0.04451565828142243,0.0009471574319664597
3,39057247,39061669,39059458,0.0443721431950223,0.00129760814569872
3,44863603,44868573,44866088,0.04415969373802759,0.002054231142280317
3,40682453,40688201,40685327,0.044338674025042886,0.00136562345834206
3,52175062,52204250,52189656,0.044334620733900314,0.00132766256533585
3,44909967,44915791,44912879,0.04406736284815227,0.0024261849974728275
3,47953815,47972820,47963317,0.044112181011319085,0.002110468665233195
3,44460367,44464534,44462450,0.04463254296210727,0.0006041232212237027
3,45802618,45808040,45805329,0.04440037341465644,0.0011104135098055075
3,44793181,44810655,44801918,0.04438323620938366,0.0011451132894349863
3,47331731,47338905,47335318,0.04403951669174795,0.002447242239528374
3,50356818,50362093,50359455,0.04411564863131913,0.0019622853435510494
3,40700313,40711263,40705788,0.04411455488371504,0.0019665291427875377
3,52464940,52484126,52474533,0.044121981308469865,0.001911688932851372
3,39019226,39025645,39022435,0.04434988734076636,0.0011275727799662486
3,42486966,42494442,42490704,0.04409848286149772,0.0018304330140854694
3,50176722,50181433,50179077,0.04447195681521789,0.000750674000932046
3,49606521,49611914,49609217,0.045127091733892254,-0.0003187401807727228
3,41623220,41627753,41625486,0.04423066029488961,0.0013295709787788724
3,41619028,41623219,41621123,0.04424449722111483,0.0012695298970660134
3,51141849,51147648,51144748,0.04428702693369217,0.0011519814897681434
3,44270244,44274422,44272333,0.04407034174164858,0.0018276412091296867
3,42234099,42239389,42236744,0.04436796000513766,0.0009186619534556495
3,50053567,50058775,50056171,0.04419833048363116,0.0013137332473186593
3,45920198,45935650,45927924,0.044124411329110214,0.001533009099288329
3,50042450,50047899,50045174,0.04481090734914804,3.313367853252932e-05
3,45903754,45914676,45909215,0.04424086038418763,0.0011404293351549735
3,47482507,47500576,47491541,0.04481017792341985,7.356641294562577e-06
3,43792629,43797088,43794858,0.044405439477733774,0.0007159455691361276
3,42272233,42276759,42274496,0.043913297643853315,0.0023045511314225735
3,52398833,52422175,52410504,0.04405078337126309,0.0016441545924555006
3,46854201,46859649,46856925,0.043940571325467616,0.002088669700720156
3,42921262,42925845,42923553,0.04431635955068601,0.000852561234515482
3,47476965,47482506,47479735,0.0438390622117829,0.0028963836499082845
3,45856698,45862008,45859353,0.04405886283620787,0.0015434103755813146
3,41374066,41378693,41376379,0.04390704353246085,0.0021216886142574162
3,47989616,48003688,47996652,0.04446544262081092,0.00046538654006239897
3,49804361,49810248,49807304,0.044044875626168045,0.001458333057759961
3,45009625,45014226,45011925,0.04421538722180219,0.0009739143847026402
3,51759871,51776465,51768168,0.04510266319637811,-0.000514841319841977
3,41010218,41016034,41013126,0.04458133245045922,0.00021123166479782823
3,41990537,41994819,41992678,0.04377987272319614,0.0028270992113677024
3,50620200,50628932,50624566,0.043967392340443466,0.0016199974811767803
3,46304739,46320038,46312388,0.04451857983851995,0.0002502931937303267
3,44171822,44176510,44174166,0.04402052598565253,0.0013661373606649475
3,50289194,50295011,50292102,0.04392629241798784,0.0016731343476009027
3,47750932,47766341,47758636,0.04389789052154158,0.0017748251231449773
3,52484127,52494147,52489137,0.04384101386882414,0.0020192983085218813
3,46196816,46205752,46201284,0.04383506323377749,0.0020264736496844126
3,42290705,42295910,42293307,0.043766285435580414,0.0024395351753246698
3,41016037,41020460,41018248,0.04384200741739378,0.0019630032975319826
3,52422176,52439986,52431081,0.04386506364404506,0.0018563963284552916
3,51493655,51510569,51502112,0.044094129724283546,0.0010845323800301356
3,46777899,46783464,46780681,0.04390431250675085,0.0016602375869106914
3,46266083,46271046,46268564,0.04402183856226186,0.0012371695633732896
3,39482097,39490315,39486206,0.04425086016179379,0.0006569556177358395
3,45643381,45652464,45647922,0.04384261070416536,0.0018281657390655569
3,41419195,41424590,41421892,0.04415826154598142,0.0008411341315284515
3,44994270,44999125,44996697,0.04384542627674636,0.00178642570232163
3,49986073,49991240,49988656,0.04410395022842677,0.0009678491429687137
3,39818415,39840718,39829566,0.04397794507775119,0.001289166393888079
3,50560225,50571602,50565913,0.044055560792972105,0.0010577502543796739
3,46405763,46414337,46410050,0.04689245981916704,-0.0020878267477109974
3,46494253,46499987,46497120,0.043761664862104255,0.0021121913328324706
3,41917211,41921782,41919496,0.043692078574436966,0.0026409299603439734
3,51510586,51519992,51515289,0.04550033573612725,-0.0011314184178633977
3,41428760,41432947,41430853,0.04372898107149536,0.0022186359485680644
3,44003739,44008792,44006265,0.04445380662900644,0.00016077232901253447
3,44446646,44450987,44448816,0.044486565596427,9.823689773924973e-05
3,42344931,42350968,42347949,0.04384078309715427,0.001590884310137908
3,38332019,38336611,38334315,0.04382580825026342,0.001629744122744362
3,50628933,50633883,50631408,0.043997852879753434,0.0010169535502723977
3,42210432,42214887,42212659,0.043657038932469514,0.0023368498089957725
3,47258134,47263223,47260678,0.043600970143344506,0.003045817888649601
3,46168830,46178104,46173467,0.04400838364820131,0.000970954262797971
3,45210265,45215069,45212667,0.04363559578505584,0.002456872744783792
3,43846349,43850548,43848448,0.04464516165489695,-0.0002445299078987106
3,42276772,42281480,42279126,0.04367314604949457,0.0020606260330707114
3,42098922,42103133,42101027,0.04374227383747735,0.0017296413297094822
3,41912630,41917209,41914919,0.043659462206857055,0.002076967751461237
3,42159263,42163788,42161525,0.045511993021415245,-0.0012708570447028179
3,45135287,45146632,45140959,0.044017542238130695,0.0008221982365436077
3,43905306,43910998,43908152,0.04398070466476291,0.000909481911511122
3,40964874,40970113,40967493,0.04367721591090358,0.00190453856838876
3,53005685,53039776,53022730,0.043600063381975036,0.0022916151868879976
3,38919335,38923246,38921290,0.04404945195313387,0.0007219530363827054
3,48987627,49000514,48994070,0.04595922176368003,-0.0016685088995270797
3,49950301,49955524,49952912,0.043563543071200465,0.002570393621139601
3,39075168,39080195,39077681,0.044337312244494026,0.0001203040984618679
3,43709271,43713868,43711569,0.04372562554718525,0.0015735307988390846
3,41952238,41956269,41954253,0.04352044243199317,0.0028812861509593143
3,44008803,44013804,44011303,0.04354791541831036,0.0023275425533994796
3,46419684,46425077,46422380,0.04746458411212642,-0.0025300600117741296
3,48850136,48855536,48852836,0.04350256727133878,0.0027014720427216993
3,31669,36288,33978,0.04350027400539306,0.002727102188121166
3,42019307,42024173,42021740,0.04349415828587374,0.002787304451693385
3,52265326,52313644,52289485,0.04359976741341944,0.001940806022086923
3,47705118,47710571,47707844,0.04400229102552941,0.0006633037196951915
3,44938383,44949273,44943828,0.04355264525563285,0.002123592492551037
3,42186590,42191236,42188913,0.043697133430372716,0.0014522032045526123
3,39061674,39066113,39063893,0.043674652210370014,0.0015263100205047677
3,46575881,46582164,46579022,0.0437335586124748,0.0012572746795264569
3,48411452,48417711,48414581,0.043629893722225005,0.00160363619589412
3,47325251,47331724,47328487,0.043667468792586456,0.0014306624686267182
3,38264445,38269023,38266734,0.04361771389743704,0.001567267201242929
3,20436602,20442373,20439487,0.0436360549779776,0.0014969879766796033
3,44336028,44340323,44338175,0.0436462693433624,0.001446997259058829
3,51571920,51577859,51574889,0.04341058376588546,0.0033346304691375906
3,48143188,48160544,48151866,0.043754147474989846,0.0011076275308572001
3,47772867,47777852,47775359,0.043590690222583314,0.0016437269228876876
3,43998959,44003738,44001348,0.043469709100219765,0.002217480564254943
3,44642488,44647655,44645071,0.043802855659233524,0.0009471889280043929
3,46117767,46127686,46122726,0.04350065070262453,0.0019938655129491767
3,41424598,41428758,41426678,0.0442478601042788,1.5539658592905202e-05
3,45617891,45622853,45620372,0.04340946460776389,0.0026226305184143123
3,38754676,38759761,38757218,0.04366783866790931,0.0012984849825204508
3,44231106,44235323,44233214,0.043452326706136336,0.0020741594458972964
3,47218781,47223535,47221158,0.043672527381636725,0.0011759747524755745
3,41244696,41255681,41250188,0.043386776170585714,0.0024132696599241557
3,47719886,47726829,47723357,0.04335674666914874,0.002625765304361773
3,44888820,44893426,44891123,0.04356845933132592,0.0014553296713872123
3,41108604,41138888,41123746,0.04349295396122452,0.0017338699062681253
3,42219614,42224179,42221896,0.044545653927082395,-0.0005555492870166753
3,41412286,41419177,41415731,0.04378218629770325,0.0008003187820003399
3,418948,424106,421527,0.04344216446533637,0.001861427672309931
3,50085366,50090772,50088069,0.046121531967785775,-0.002063499510440703
3,50521269,50537681,50529475,0.04346557742007052,0.0016904913633159946
3,40941756,40951866,40946811,0.0435765727602608,0.0012843122376465167
3,49376499,49383064,49379781,0.04333837092118173,0.0023751571614576963
3,42253777,42258346,42256061,0.04347361630501769,0.0016077715368657969
3,47375799,47381870,47378834,0.04332988701895427,0.0023288231441969906
3,45042151,45047331,45044741,0.04330491601305713,0.002453144856254251
3,40003300,40010895,40007097,0.04391417033643784,0.00034887461276010854
3,47787983,47792964,47790473,0.04329770141801389,0.002301415843661655
3,43911012,43918735,43914873,0.045614543255117976,-0.0017791745646625096
3,25175872,25180058,25177965,0.04337020399681137,0.0018578068263813779
3,50902189,50909946,50906067,0.04348715547586138,0.0013503795006689703
3,42525602,42530527,42528064,0.044268221745900664,-0.0003294527999668389
3,53152728,53166775,53159751,0.043392768922265366,0.0016933914815111108
3,50143327,50148395,50145861,0.04339243086172522,0.001680589326293471
3,50500090,50505949,50503019,0.04433370473861949,-0.0004660779114445207
3,48333265,48338234,48335749,0.04323059508075945,0.0025426113657354655
3,50677540,50683343,50680441,0.04335852091053731,0.0017342094901726174
3,46690295,46695693,46692994,0.043720600961491295,0.0005978790135319681
3,43966077,43971467,43968772,0.04536071779526038,-0.001639830510404895
3,45535359,45540616,45537987,0.04418380401256935,-0.0002856172343760142
3,42079192,42083677,42081434,0.043482663025020726,0.0011346955740437728
3,38425244,38430507,38427875,0.0436538740518113,0.0006726773425682623
3,40247468,40257123,40252295,0.043286325291125846,0.0018090786331624196
3,43501583,43507027,43504305,0.043490731734471516,0.0010652155475931132
3,51200980,51206375,51203677,0.04320442781732187,0.0022169447987841363
3,49480571,49486954,49483762,0.04390002049445511,0.00010960404723598746
3,42642826,42647832,42645329,0.04359042533875186,0.000756053818604737
3,25276120,25284297,25280208,0.04324036165299098,0.0019052005272576088
3,50717471,50724079,50720775,0.0454442069081832,-0.001806973413142348
3,41926302,41930778,41928540,0.04329302101328862,0.001619274873825067
3,39840722,39858697,39849709,0.04330082457904699,0.0015741946775076727
3,52098533,52105594,52102063,0.04404431316943135,-0.00020326237757675364
3,50362096,50367453,50364774,0.04388613891956129,3.311086170671056e-05
3,40960103,40964873,40962488,0.043378022368628026,0.0012151712083954384
3,44478054,44483853,44480953,0.043611359258400165,0.0005703153834835889
3,52034996,52045568,52040282,0.04410133017056063,-0.00034932023086599773
3,53039778,53045332,53042555,0.043153039631842464,0.002108677336545616
3,48405156,48411438,48408297,0.04307822839774616,0.00281432194427941
3,39970023,39985162,39977592,0.04310953413228422,0.0023627961812442656
3,52210525,52217730,52214127,0.04308074724408253,0.002550837421647978
3,42944979,42949566,42947272,0.04318165370003642,0.001825482166093051
3,44199019,44203623,44201321,0.043367080190506814,0.0011062323468463626
3,40598120,40603270,40600695,0.04332575433039443,0.0012356365436893952
3,45320306,45325842,45323074,0.04309781345785372,0.0022754364334570585
3,47016805,47021629,47019217,0.043117399324639066,0.0021192338620305467
3,42400083,42405136,42402609,0.04306909777184726,0.002409177892593684
3,33281806,33285027,33283416,0.04309061420129872,0.002231456060110778
3,52349434,52360080,52354757,0.04310289827558696,0.002126191285252756
3,37781140,37785397,37783268,0.043200577047648715,0.0015971793456347773
3,45638300,45643380,45640840,0.0431947797204111,0.0016002970007190055
3,41956273,41960572,41958422,0.04332654664165221,0.0011251407214491692
3,40736376,40744080,40740228,0.043027264256911654,0.002566862010109934
3,48266608,48272529,48269568,0.04312230289756659,0.0018715745493163207
3,49000515,49006058,49003286,0.043136607920635464,0.0017786897500105946
3,43386980,43393207,43390093,0.04309163440308078,0.0019908686227474415
3,42267791,42272223,42270007,0.04306781379558666,0.0021018483064971344
3,38282026,38286118,38284072,0.04312013056962455,0.0017624068901697237
3,41060940,41065955,41063447,0.04339479014083522,0.0008026319981663788
3,43643784,43649476,43646630,0.043065768892440265,0.00198944823896711
3,51065969,51108944,51087456,0.04339313349714136,0.0007514562329104263
3,36071556,36075333,36073444,0.04322340221358021,0.0012404442969901328
3,48434505,48439910,48437207,0.043983545155596694,-0.0004174047039813513
3,25204744,25214536,25209640,0.04307651281121561,0.0017546190933883184
3,42564960,42569907,42567433,0.04414852549210544,-0.0006811354271659294
3,49898996,49908404,49903700,0.043093368846523025,0.0016681871283721404
3,34621107,34624510,34622808,0.043085022765678334,0.0016933186807008705
3,50688956,50694891,50691923,0.045054418848328524,-0.0017168149460692875
3,38080944,38088314,38084629,0.04303895322298468,0.0018428585519189556
3,38291125,38295281,38293203,0.04308463211459186,0.001584781373829564
3,42821460,42826825,42824142,0.04308935804325918,0.0014967764237143444
3,52217731,52225237,52221484,0.04355543767706433,0.0002229204561227526
3,47410074,47422099,47416086,0.04323046182474199,0.0009986732144773235
3,50113249,50118733,50115991,0.04432241293875147,-0.0010017970166410171
3,41004016,41010216,41007116,0.042908191586277254,0.0024259007968488204
3,19132926,19136987,19134956,0.04298772856476757,0.0018728586069760116
3,45551166,45556255,45553710,0.043568809012806575,0.0001337215484384011
3,42632290,42636894,42634592,0.04285744721031125,0.002774056405867613
3,50824926,50830275,50827600,0.04286825342744563,0.0025998194562792815
3,42334014,42339114,42336564,0.0432623911039802,0.000806586676831935
3,42410721,42415504,42413112,0.04294336244443277,0.0019645798223821525
3,41604843,41609760,41607301,0.042871803520596156,0.0023396767424696168
3,36106760,36110785,36108772,0.04318626191506245,0.0009481169386162552
3,41214864,41219164,41217014,0.04300316164797025,0.0015747210300297593
3,47803649,47808925,47806287,0.04500440514826431,-0.001834816063768707
3,49918778,49923533,49921155,0.042860404332280895,0.002260073072387626
3,45700099,45706856,45703477,0.042800241701894545,0.0032724477302100248
3,40235856,40242690,40239273,0.04285809632973476,0.0022437198775953652
3,18350308,18353578,18351943,0.04290218294373016,0.0019340309566181874
3,46479727,46485092,46482409,0.04297176987311702,0.001594372845647903
3,29739673,29764396,29752034,0.0429984739782841,0.001418358234539527
3,34697706,34703539,34700622,0.042892311625631195,0.0018679826098292097
3,51557235,51564349,51560792,0.042764506990334135,0.003102083380851359
3,41890345,41894555,41892450,0.04294405780212258,0.0015755931270132226
3,46765299,46770442,46767870,0.043173589594318815,0.0008101275201856839
3,47093755,47098350,47096052,0.04275644571078096,0.003200062239325549
3,50338007,50356817,50347412,0.042863575414481804,0.0019287448733040333
3,44044085,44048465,44046275,0.043091163598021114,0.0010298370365807007
3,38414522,38420455,38417488,0.0428694507529217,0.0018940875968849113
3,25115171,25122277,25118724,0.043212889245289,0.0006770305745214415
3,45101603,45107008,45104305,0.0434710444704832,8.659918809558742e-05
3,42534887,42539103,42536995,0.0433575703068931,0.00030955599248497646
3,19074237,19077304,19075770,0.04278863866719561,0.0022613992329593947
3,42700019,42708071,42704045,0.042792337145290446,0.0022312737393934204
3,34614255,34617517,34615886,0.0429076315697771,0.0015881430522455024
3,36406355,36409945,36408150,0.042888862319807486,0.0016636953066100817
3,38624843,38629537,38627190,0.04302198756928726,0.0011557100937719929
3,38612019,38616511,38614265,0.04294062030558506,0.0014097754199967455
3,42662748,42671075,42666911,0.04321731388999693,0.0005625121392820469
3,45168429,45175748,45172088,0.04329522322123899,0.00037756352674630237
3,34843573,34847490,34845531,0.04279546967628326,0.0020613718458596395
3,46833515,46843128,46838321,0.042732826364533946,0.002428260419031121
3,45037008,45042149,45039578,0.04296680230170387,0.001229874976233955
3,37004505,37009030,37006767,0.04281766206888708,0.0018372304102496641
3,48177607,48183341,48180474,0.04353160562407944,-0.0001456658944974963
3,37555668,37559521,37557594,0.043144328678141275,0.0006857417678949163
3,44105589,44109857,44107723,0.0435881301547113,-0.00025152573481947366
3,43944795,43952654,43948724,0.04287892822275692,0.0015302008468426355
3,39009404,39014796,39012100,0.04316801121152617,0.0006007722354363995
3,40512982,40521259,40517120,0.04283335588983416,0.0016949746155776192
3,17763470,17766918,17765194,0.04277824781847474,0.0018899134687218612
3,14240991,14245396,14243193,0.0428592482313224,0.0015085561133127913
3,1851827,1857782,1854804,0.04294092209234761,0.0011770638609980082
3,14941739,14946584,14944161,0.04280619531758707,0.0017010588063742463
3,22967802,22971341,22969571,0.04272389098587677,0.0021593813333606734
3,45748210,45753438,45750824,0.042646754413524085,0.003009187239541657
