start,end,center,mds1,mds2,regime
185,13733,6959,0.04022145768474069,0.0008333944312251394,baseline
13737,18280,16008,0.025661511490855316,0.0028923131964676803,baseline
18281,22609,20445,0.040373714102549585,0.002141942749089495,baseline
22612,27230,24921,0.04082958694734685,0.00236346538507958,baseline
27231,31665,29448,0.03471229456827487,0.0014607540891286022,baseline
31669,36288,33978,0.04350027400539306,0.002727102188121166,baseline
36291,41263,38777,0.0323469867868976,0.005212120017518639,baseline
41269,45548,43408,0.03645600424471957,0.0028521489963419557,baseline
45552,50842,48197,-0.0024275675400923136,0.008631121556555007,baseline
50846,55284,53065,0.010432827132263957,-0.00027038721189472645,baseline
55286,59429,57357,0.026955570609523343,0.000271383563394411,baseline
59431,64035,61733,0.02895966050643285,0.004296731619449179,baseline
64037,69041,66539,0.012576130716621062,0.0054685293925654825,baseline
69043,73540,71291,0.038139011039749766,0.0018300681562464368,baseline
73541,77541,75541,0.04076016483393053,0.0041565167746538505,baseline
77543,82128,79835,0.045883340159273873,0.00256727210152051,baseline
82138,86625,84381,0.045975154167263756,0.0037321446665017034,baseline
86626,92179,89402,0.04605263811221675,0.0027232801065298147,baseline
92181,96586,94383,0.04443509094780879,0.004185330887619252,baseline
96592,100876,98734,0.045470004685937856,0.004204255762985573,baseline
100879,106025,103452,0.032954038030936404,0.006981562332970067,baseline
106031,110332,108181,0.03480276439733005,0.005070798293260792,baseline
110334,115124,112729,0.0260587699810173,0.0049894607285487415,baseline
115128,120750,117939,0.025499894179440312,0.004569490979128951,baseline
120753,125051,122902,0.013720402358191724,0.007965458334366035,baseline
125059,129642,127350,0.004474829666457146,0.007712719787742284,baseline
129646,136339,132992,0.03485427708888605,0.006119953154401091,baseline
136353,140761,138557,0.026620415418379305,0.0026480104826341797,baseline
140764,145570,143167,0.03925361043486362,0.0025860895835954907,baseline
145573,150405,147989,-0.008374223416116492,0.009602536073717407,intermediate
150424,156990,153707,0.01396514577253896,-0.0016438196877841997,baseline
156992,161416,159204,0.0006312917206894343,0.0010313566810833043,baseline
161419,165936,163677,0.020954798133611643,0.005785554006904485,baseline
165937,170646,168291,0.03384356922360529,0.00543615127443696,baseline
170649,176128,173388,0.01891618802970442,0.006380932620219453,baseline
176132,180775,178453,0.019393321562873093,0.007781010636113695,baseline
180780,185347,183063,0.025338344017621414,0.00734083906451438,baseline
185348,190102,187725,0.02292806032876322,0.0014910435622717247,baseline
190103,196046,193074,0.0001851924989538286,-0.004147565259960414,baseline
196047,200466,198256,0.03923708846064602,-0.004020804669435142,baseline
200470,204839,202654,0.03232919221650268,0.0018153714639707645,baseline
204844,209133,206988,0.016498132171012432,-0.0014029317161180972,baseline
209134,213768,211451,0.005416432960684882,0.004263118112002226,baseline
213773,218149,215961,-0.01517752513637905,0.00454926028995361,intermediate
218155,222515,220335,-0.01713167563178541,-0.0007829550149733642,intermediate
222528,226955,224741,-0.06458216441890093,0.005364958308593586,intermediate
226956,231292,229124,0.017088968763276674,-0.0011714189063066647,baseline
231294,235310,233302,0.008175362076284385,-7.516422649472611e-06,baseline
235317,239542,237429,-0.06966751496849807,0.0027964320303190894,intermediate
239543,243796,241669,0.013208407261814149,0.0031970499711069973,baseline
243802,247906,245854,0.004814564462991913,0.004927787254348638,baseline
247913,252173,250043,0.031902128907308945,0.0027799220335634595,baseline
252174,256474,254324,0.007794288977841954,0.007542605682545369,baseline
256477,261069,258773,0.013765320232851189,0.007202613655460356,baseline
261072,265353,263212,0.0339650641686779,0.0037786723034923418,baseline
265360,270378,267869,0.02324924069911435,0.0037486197796113667,baseline
270380,274833,272606,0.014738499464691898,0.0028892592272430706,baseline
274840,279494,277167,-0.02120417103308124,0.008718902623864357,intermediate
279498,283646,281572,0.03106215517100789,0.0025818699665906314,baseline
283647,289338,286492,0.022468084224448286,-0.003413182113423498,baseline
289341,293356,291348,0.037611375907819475,-0.003711900903286808,baseline
293359,297336,295347,0.03016383453991096,-0.004906476331030125,baseline
297340,301550,299445,0.01296501612441051,-0.011098018473361004,baseline
301555,305551,303553,-0.000995979578012071,-0.008794424528170017,baseline
305553,309326,307439,-0.007167732769204002,0.0021022681206750997,intermediate
309327,313329,311328,0.027897023800598702,0.004703493831307754,baseline
313334,317872,315603,0.03421766210781309,0.002582209291769022,baseline
317873,322468,320170,0.017659853772661167,0.004362702500627521,baseline
322469,327701,325085,-0.035398796617393494,0.005451452193024493,intermediate
327706,331952,329829,0.014947324713209057,0.0004900105883140863,baseline
331962,336253,334107,0.040196956955586095,0.0010648226721372519,baseline
336255,339972,338113,0.03245306640723638,-0.00023158318821051864,baseline
339975,344016,341995,-0.0013375292602469285,0.009988304308255033,baseline
344025,347971,345998,0.011234317412175588,0.00839213436954829,baseline
347973,351707,349840,0.02671846899404661,0.006174206067924415,baseline
351711,355716,353713,0.001215879050345487,0.01213756254563085,baseline
355717,359858,357787,0.00743574181238194,0.01154097879600559,baseline
359859,370424,365141,0.011591076251679102,0.010431735071116145,baseline
370427,374577,372502,-0.019343013509510662,0.009990188378910962,intermediate
374580,378426,376503,0.012479538385197378,0.006553020098850288,baseline
378429,382328,380378,0.010571386083751253,0.007208230302676108,baseline
382333,386139,384236,0.026357281037569256,0.0029195282658345096,baseline
386141,390025,388083,0.03242500029814163,4.0296158863301185e-05,baseline
390032,394095,392063,0.03512129596761377,0.0007480812436718315,baseline
394097,397908,396002,0.024001548270662483,0.0018031017334898215,baseline
397917,401864,399890,0.007045330576875431,0.006480418642890368,baseline
401868,405848,403858,0.0044003822213263405,0.007868340519790209,baseline
405857,409759,407808,0.01661306935100499,0.003860243154644958,baseline
409767,413820,411793,0.035846391371871136,0.0014734105215145675,baseline
413821,418945,416383,-0.002460862878539364,0.0002191679817734405,baseline
418948,424106,421527,0.04344216446533637,0.001861427672309931,baseline
424108,429071,426589,0.03164997236816939,0.0028011220360803293,baseline
429075,432840,430957,0.003655905518979976,0.0006418451299534618,baseline
432841,436764,434802,0.04027760335214286,0.0028827895004918027,baseline
436769,440462,438615,0.006102149549094941,0.004693041250906102,baseline
440464,444218,442341,0.03206629762113357,0.004818366123442383,baseline
444226,448730,446478,0.01346446123885902,0.004377334925453435,baseline
448732,452788,450760,0.00893447101703386,0.005129917037074704,baseline
452795,456692,454743,0.03847142388165843,0.0033071524304847323,baseline
456693,460530,458611,0.020921849026898635,0.0003698066987664849,baseline
460535,465264,462899,-0.0011260562492311354,0.00910196498079444,baseline
465265,469692,467478,-0.01591351733674219,0.004163315787940938,intermediate
469696,474303,471999,-0.06986233180589393,0.017912992586899715,intermediate
474312,478340,476326,-0.10556678189625708,0.023501526668110777,outlier
478341,482146,480243,0.03162788296964381,0.004398914921460293,baseline
482147,486808,484477,-0.04608018020099543,0.011000336902820098,intermediate
486812,490792,488802,-0.04698188499944794,0.013258178398624539,intermediate
490798,494542,492670,-0.013645972523005204,0.00919112519530922,intermediate
494545,498252,496398,-0.04401577107838408,0.0016837296445550137,intermediate
498253,502172,500212,-0.05477808048399468,0.005104216546895676,intermediate
502177,506168,504172,-0.07081885281600275,0.00994925180926489,intermediate
506169,510109,508139,-0.033921610695772916,0.008144910889276552,intermediate
510113,513722,511917,0.02594951278398889,0.003319346725944787,baseline
513728,517644,515686,-0.06737399116813834,0.003392121085735851,intermediate
517661,521757,519709,-0.1407596760508848,0.005376563698219932,outlier
521759,525835,523797,-0.019876323818626997,0.011469405927910277,intermediate
525836,529524,527680,-0.1358258172023507,0.010673909021134822,outlier
529527,533270,531398,-0.13198095137877275,0.014280451804611074,outlier
533272,536704,534988,-0.04760706103467448,0.009445747410588972,intermediate
536706,540459,538582,-0.1379935774736353,0.010283359412559617,outlier
540467,543979,542223,-0.016095267562465317,0.004214954762139443,intermediate
543981,547386,545683,-0.06803097899821617,0.0071852591159897025,intermediate
547390,550444,548917,-0.13896617201744324,0.021936571774717997,outlier
550450,553643,552046,0.015189664986531947,0.0031214088642367954,baseline
553645,556556,555100,0.026677614445068498,0.0032211846159204425,baseline
556558,559914,558236,0.0031057024423256797,-0.003094818455524045,baseline
559927,563096,561511,0.023004137054070683,0.0031336473592411735,baseline
563098,566201,564649,-0.006543927820916954,0.0036994931115532704,intermediate
566204,569504,567854,-0.1145763920058215,0.020269373903172194,outlier
569509,572833,571171,0.004324890572683003,-8.655214046196822e-05,baseline
572834,575863,574348,0.04005797443246837,0.0022952237390636457,baseline
575867,578982,577424,0.02951981331171643,0.0032251787652888314,baseline
578983,582330,580656,0.042224627621775736,0.0022607516754189405,baseline
582332,585631,583981,0.020715119511917294,0.006168926315570736,baseline
585639,588908,587273,0.01896362005521313,0.0024441714400060665,baseline
588914,591957,590435,0.03838183570037461,0.0024008513736964872,baseline
591962,595172,593567,0.02927009440149042,0.0003888129929162723,baseline
595177,598366,596771,0.03514426794241923,0.0029704037527138387,baseline
598369,601381,599875,0.030026179505168525,0.0030286900393358077,baseline
601384,604421,602902,-0.023586269627571824,0.006780277241766199,intermediate
604423,607503,605963,-0.009803549889238088,0.0014830536040136369,intermediate
607509,612473,609991,0.0010648287844931335,0.0028157187374915024,baseline
612477,616209,614343,0.00601025472981404,0.002952532245980734,baseline
616216,620112,618164,-0.04768026092525702,0.008656347172574954,intermediate
620116,623449,621782,-0.0465831110275205,0.0062111502273279415,intermediate
623451,626347,624899,-0.035091658450414544,0.008544300891826317,intermediate
626352,629432,627892,0.012084276799167758,0.005679700331593622,baseline
629435,632601,631018,-0.05237512133739093,0.0008294199440426293,intermediate
632604,635743,634173,-0.042355145320840094,0.0025784598580542582,intermediate
635745,638879,637312,-0.02719927352951705,0.00485586394778253,intermediate
638881,642006,640443,-0.012942841225349798,0.004142239212343732,intermediate
642012,646272,644142,0.03129064099917328,0.001517170391415878,baseline
646277,649485,647881,0.023047856779912418,0.00406977148939893,baseline
649487,652675,651081,0.04004973431901431,0.0015013480613203212,baseline
652677,655909,654293,0.022844191700637572,-0.0031930129547681923,baseline
655918,659228,657573,0.016291007394536726,-0.002213139164299511,baseline
659230,664129,661679,-0.015198996039151026,0.00025898829867733496,intermediate
664130,667288,665709,0.017139338405438596,-0.0002581080070591077,baseline
667289,670610,668949,0.029495907999280185,-0.002164586249398851,baseline
670612,673707,672159,0.04098623235186694,0.00015918430327272227,baseline
673714,676730,675222,0.0419767666924362,0.001505471944791083,baseline
676734,679751,678242,0.013601820335570954,-0.0006326016202847646,baseline
679762,682989,681375,0.019607622883114788,-0.0008952138056934092,baseline
682991,685947,684469,0.009778574053919792,0.004728612307798138,baseline
685951,688997,687474,0.024987555234651584,0.005343899136923316,baseline
689001,692301,690651,-0.02028118368068297,0.004883866938251857,intermediate
692302,695480,693891,-0.031191473897444217,0.006172986598468406,intermediate
695483,698640,697061,0.03661933875783982,0.0026677178632960956,baseline
698642,701813,700227,-0.05520513190025953,0.013014382168163223,intermediate
701815,704874,703344,0.03899314766497644,0.0007901113356516592,baseline
704877,707820,706348,0.026021663591958052,0.004094779822042734,baseline
707822,710852,709337,0.03461384380975173,0.0032656176023400396,baseline
710853,713852,712352,0.0049316154709132965,0.007225364418031853,baseline
713854,716919,715386,0.030688515197819403,0.0021304571018675995,baseline
716920,720028,718474,0.03063883068886183,-0.00033703612470586616,baseline
720031,723050,721540,0.036587318141718755,0.0012411938630843729,baseline
723056,726051,724553,0.036692515315995815,0.0028711828674676735,baseline
726057,729393,727725,0.01680697365540399,0.0040630499052259,baseline
729395,732517,730956,0.0041383544224743345,0.004378701903578705,baseline
732518,735735,734126,0.03344076029456167,0.004831152684058826,baseline
735741,738837,737289,0.025748758110362674,0.004368727075862596,baseline
738852,742309,740580,-0.006624071166036159,0.006525790782810364,intermediate
742315,745269,743792,0.025675597693488504,0.005535635220635648,baseline
745271,748980,747125,0.041415365587632764,0.002711164538920273,baseline
748993,752490,750741,0.011113372018710172,0.007041422267405791,baseline
752494,755878,754186,-0.0075081225606094095,0.0023500274264010323,intermediate
755880,759133,757506,0.03064644326061649,0.0004364018364314004,baseline
759135,762417,760776,-0.05556689265903343,0.013392148183171209,intermediate
762425,765707,764066,-0.09684577028179055,0.016158368815417594,outlier
765712,768890,767301,-0.025825614547421927,0.006694027250651514,intermediate
768894,771986,770440,-0.09661814328377243,0.01323386442510976,outlier
771990,774926,773458,-0.010475496306077614,0.009932615632456562,intermediate
774927,778015,776471,-0.07662643255921064,0.012548353027075356,intermediate
778016,780965,779490,0.03854863370475903,0.0019463575303594652,baseline
780972,784246,782609,0.01990959777033904,0.005265624150573444,baseline
784247,787733,785990,0.038390297006541306,0.0017044387738288543,baseline
787735,790847,789291,0.02728761482336965,0.00210897151803883,baseline
790851,794340,792595,-0.005929528135026556,0.006939899704153925,intermediate
794345,797419,795882,0.011128114852666083,0.005303267960825334,baseline
797421,800496,798958,-0.07713953720093511,0.014051463802143685,intermediate
800497,803779,802138,0.035477533510558434,0.0030012102520638006,baseline
803780,806882,805331,0.025269135591882562,0.003307342879358036,baseline
806897,809892,808394,0.02492949844163146,0.0027595432438442505,baseline
809893,812854,811373,0.029933257603407724,0.0041785869468032,baseline
812859,815958,814408,0.013656851194282284,0.005188305971099337,baseline
815959,818972,817465,0.011127707546099177,0.0025438352784159434,baseline
818973,822205,820589,0.03782307149582778,0.0018260497790172664,baseline
822213,825203,823708,-0.011683571686224225,0.007456820501766973,intermediate
825204,828232,826718,0.02256042666533631,0.00304323225222996,baseline
828237,831398,829817,0.03865798290201393,0.0007256459872074899,baseline
831399,834620,833009,0.009356318333650977,0.0051686060527026375,baseline
834621,838175,836398,-0.02821826747399865,0.004392099317557066,intermediate
838184,841485,839834,-0.0272781567936731,0.01012506988418139,intermediate
841490,845125,843307,-0.014761529124672984,0.00638770607299998,intermediate
845126,848080,846603,0.03268478266413543,0.0006909166864681378,baseline
848083,851240,849661,-0.030697394260098498,0.008299624220539642,intermediate
851241,854209,852725,0.013083678995047724,0.0028819000471577063,baseline
854217,857381,855799,0.02422424388326178,0.004533174763155283,baseline
857387,860445,858916,-0.03306065719539269,0.010430481317354042,intermediate
860446,863474,861960,0.021160429814129363,0.006048597263122485,baseline
863476,866691,865083,0.03237826835331414,0.006095801041899798,baseline
866692,869914,868303,0.0006901493309704987,0.004342910891357777,baseline
869919,873256,871587,-0.0453941403097535,0.0003588998231114549,intermediate
873259,876385,874822,0.027038398140911083,0.002866913734668578,baseline
876389,879524,877956,0.03063759137757106,0.0027687278247881066,baseline
879526,883720,881623,0.039927930536775444,0.0015570002496787332,baseline
883722,886756,885239,0.032397073075074806,0.0030105518501333107,baseline
886757,889884,888320,0.02742796270647194,-0.0004092673960722435,baseline
889887,892922,891404,0.03564136607353685,0.0016295495469369494,baseline
892923,896049,894486,0.02659044273984829,0.0027814419720140465,baseline
896058,898963,897510,0.004099217530002935,-0.0016638178295398452,baseline
898967,907975,903471,0.03242045744325526,0.0008942817110206364,baseline
907977,910988,909482,0.02522882494573488,-0.0003467067226468094,baseline
910994,914109,912551,-0.06250030805888734,0.006552398658790769,intermediate
914114,917277,915695,-0.026994980131210326,0.0032828731195784625,intermediate
917283,920210,918746,0.0422864878059689,0.0023743715848463004,baseline
920211,923593,921902,0.02019812362525151,0.003726998418634747,baseline
923596,926707,925151,0.0012156779557187852,0.003600955372301023,baseline
926714,929963,928338,0.032702283373411745,0.002882265268468893,baseline
929964,933090,931527,-0.001446525419279062,0.00642572539923243,baseline
933091,936151,934621,0.04055797240962041,0.001848982942195076,baseline
936154,939237,937695,0.018730942349925953,0.0027320423516520465,baseline
939242,942605,940923,-0.03329286634212964,0.006964570933308043,intermediate
942607,945644,944125,0.030996791099359818,0.0021562523245891876,baseline
945646,948806,947226,-0.04329292545783262,0.0038680913538197497,intermediate
948809,951934,950371,0.026119823317301,0.0031800095735030997,baseline
951940,955048,953494,0.021060990859292476,0.005099396962423418,baseline
955049,958427,956738,0.007662037057868933,0.006001663031030684,baseline
958434,966338,962386,0.015861939576270405,0.002573972196574053,baseline
966339,969459,967899,0.038228725182639714,0.0019707819448774445,baseline
969461,972617,971039,0.03242364247568997,0.002176112792028167,baseline
972618,976288,974453,-0.027073389943449242,0.008942019887771532,intermediate
976291,979191,977741,0.019108217791401816,0.007023900750743665,baseline
979195,982167,980681,0.03150131375698118,0.002502676260167414,baseline
982168,985116,983642,0.02829844156452724,0.004610220186552065,baseline
985120,988070,986595,-0.08264849574860476,0.017882746982951635,outlier
988073,990981,989527,-0.03767103354523212,0.011698134587923334,intermediate
990988,994062,992525,-0.0402560797301791,0.014253254335966586,intermediate
994063,997293,995678,-0.14599178683271297,0.02392646830858983,outlier
997297,1000183,998740,-0.0473365299019358,0.00884533475016338,intermediate
1000184,1003199,1001691,-0.01000807477827276,0.008617244460153002,intermediate
1003201,1006277,1004739,-0.0996111596395014,0.017131880783511928,outlier
1006279,1009371,1007825,-0.07692263688570891,0.01600292659457119,intermediate
1009379,1012311,1010845,0.04277091582903471,0.0014453304076950486,baseline
1012317,1015428,1013872,0.01719424527498117,0.0043372549569630665,baseline
1015431,1018536,1016983,0.03564180682961106,0.003566610646735666,baseline
1018537,1021503,1020020,0.007530901114073915,0.0015542925505812473,baseline
1021504,1024553,1023028,-0.016503632900602305,0.0056992205400729894,intermediate
1024557,1027621,1026089,0.02622386657437086,0.00254099399473537,baseline
1027624,1030830,1029227,0.010367053428912391,0.00609288255090259,baseline
1030835,1033722,1032278,-0.08801058127092329,0.010980337973500584,outlier
1033726,1036612,1035169,-0.010094404914673975,0.0006811392810439452,intermediate
1036619,1039739,1038179,-0.0361140992877034,0.008399804987503477,intermediate
1039746,1042887,1041316,-0.12606924674731748,0.008337226478484462,outlier
1042888,1045976,1044432,-0.04301517993592472,0.011178554921070222,intermediate
1045984,1048935,1047459,0.015598555233651322,0.0022753388465542525,baseline
1048937,1051999,1050468,0.019920892609060867,0.0063150810123411465,baseline
1052000,1055080,1053540,0.011137012889209395,0.0070042028500863504,baseline
1055082,1058158,1056620,0.022647819615030367,0.0024365535952852093,baseline
1058159,1061503,1059831,-0.02483959082860009,0.005545200033649496,intermediate
1061506,1064679,1063092,-0.04786040896595329,0.006165952163432844,intermediate
1064686,1067731,1066208,0.0028606538592241483,0.0056647510652923765,baseline
1067733,1070529,1069131,0.022171869019858882,0.001217037995259148,baseline
1070531,1074365,1072448,0.02775447015179735,0.0007071205654031745,baseline
1074367,1077323,1075845,0.03507737786007901,0.0013394001592104082,baseline
1077328,1080328,1078828,-0.009219209833339136,0.004987244393038664,intermediate
1080330,1083828,1082079,0.028957580917038747,0.0024342309228007598,baseline
1083832,1087173,1085502,-0.041304074427847365,0.011747655378463331,intermediate
1087174,1090413,1088793,-0.1147804670891158,0.014635373497925153,outlier
1090414,1093432,1091923,-0.04894107241572412,0.012384918339095828,intermediate
1093433,1097159,1095296,-0.02015315314931192,0.002820801058847351,intermediate
1097161,1101166,1099163,0.02314963946940271,0.0063465258040673175,baseline
1101170,1104223,1102696,0.00026762706940747753,0.007244931665481199,baseline
1104239,1107403,1105821,-0.04807738712906514,0.01070874533007696,intermediate
1107404,1110631,1109017,-0.00607829815168539,0.005369109540061367,intermediate
1110640,1113718,1112179,-0.02079781374532673,0.00516596927240122,intermediate
1113719,1116991,1115355,0.04055600327086153,0.0023448736326946917,baseline
1116992,1120208,1118600,-0.026913208892117044,0.003544673208468169,intermediate
1120211,1123662,1121936,-0.009914666303929563,0.0075762042135411765,intermediate
1123667,1127080,1125373,-0.03994234109109995,0.012935316632492946,intermediate
1127083,1130710,1128896,0.004151117778905971,0.003945568261298189,baseline
1130711,1133950,1132330,0.0016863683261127817,0.008408508482474677,baseline
1133957,1137103,1135530,0.03043812026680725,0.004372774140812224,baseline
1137107,1140424,1138765,0.007043975013524034,0.006285555938749098,baseline
1140425,1144019,1142222,-0.15953938927024358,0.018669474515775053,outlier
1144021,1147355,1145688,-0.17387104880939955,0.01068850770844615,outlier
1147357,1150788,1149072,-0.06636210245492137,0.0055945400390725155,intermediate
1150789,1154511,1152650,-0.06750290916831099,0.008424674104018315,intermediate
1154514,1157717,1156115,-0.037073113123897425,0.008065046311089197,intermediate
1157721,1161037,1159379,-0.052166719497118735,0.005147079618790557,intermediate
1161041,1164138,1162589,-0.0678283818635479,0.00923128742944383,intermediate
1164141,1167449,1165795,-0.02808351731501852,0.010979144533769535,intermediate
1167450,1170902,1169176,-0.050452653445389,0.007844806993668107,intermediate
1170903,1173979,1172441,-0.019488192388481897,0.008176972127734595,intermediate
1173980,1177253,1175616,0.0007742946558201994,0.007057905329603149,baseline
1177254,1180477,1178865,-0.08731703770907594,0.019216185498038052,outlier
1180480,1183836,1182158,-0.09316175307309994,0.015281637461362886,outlier
1183837,1187213,1185525,-0.034429561467033694,0.008485661399841377,intermediate
1187222,1191254,1189238,0.01337015224795229,0.0043689037061802275,baseline
1191261,1194539,1192900,0.02878058504731586,0.0016063500985132586,baseline
1194540,1198312,1196426,0.026344503838685532,0.003592606477176091,baseline
1198313,1201841,1200077,-0.09446973137495314,0.011086163969357663,outlier
1201843,1205007,1203425,-0.03713852572096667,0.009500439067863107,intermediate
1205010,1208153,1206581,-0.0004188157155759966,0.0053376423988346295,baseline
1208157,1211137,1209647,-0.03553726344908075,0.01001967051519155,intermediate
1211139,1214381,1212760,0.005971306844986318,0.006353373556294677,baseline
1214382,1217826,1216104,0.014050119403341058,0.0037840486954802753,baseline
1217828,1220808,1219318,0.03588880393518976,0.0016569868980351005,baseline
1220813,1224003,1222408,-0.04293983661085847,0.0037811252705707804,intermediate
1224004,1227059,1225531,0.0140201615424326,0.004234530152424856,baseline
1227062,1230583,1228822,-0.009484547669298104,0.005332323004807563,intermediate
1230584,1233894,1232239,0.003667554589436268,0.003686816514164342,baseline
1233899,1237287,1235593,0.01927825377283523,0.003012465219480942,baseline
1237290,1240658,1238974,-0.09034173365769754,0.013304622323498206,outlier
1240659,1243985,1242322,-0.06013105367557828,0.009246041118494593,intermediate
1243989,1247341,1245665,-0.0350883511590477,0.005760885825537209,intermediate
1247342,1250762,1249052,0.008284372045758527,0.0046480901028361395,baseline
1250764,1254315,1252539,-0.002853338110481266,0.005234175486329365,baseline
1254316,1257972,1256144,-0.028816208922931894,0.012938583481020258,intermediate
1257977,1261317,1259647,0.024703785410755488,0.004268353100486874,baseline
1261319,1264964,1263141,0.011158475393040464,0.0017366549333776452,baseline
1264971,1268059,1266515,0.023416632296938467,0.0020797372595441604,baseline
1268061,1271105,1269583,0.038816743692593976,0.0018080435662725946,baseline
1271107,1274186,1272646,-0.03686244351819516,0.005077191013767168,intermediate
1274188,1277980,1276084,-0.018725145748597637,0.005561498315248167,intermediate
1277981,1281497,1279739,-0.10174559613529942,0.01043348286356499,outlier
1281500,1291056,1286278,0.04243372991976823,0.0013658663651759252,baseline
1291059,1294171,1292615,-0.014761580849041953,0.0038349191808902208,intermediate
1294173,1297395,1295784,-0.12616960221824408,0.01703652643881577,outlier
1297396,1300446,1298921,-0.022416218894915914,0.00425649538352161,intermediate
1300448,1303966,1302207,0.011345375639617926,0.003652911873282359,baseline
1303973,1307821,1305897,-0.06147542930485103,0.011689800765428452,intermediate
1307824,1311168,1309496,0.01043001604297722,0.005330428646597009,baseline
1311171,1314297,1312734,-0.003647358506199494,0.006927517624956564,intermediate
1314303,1317977,1316140,0.03453880029086323,0.002879920319497928,baseline
1317983,1322503,1320243,0.02392666397558999,0.001447579023507358,baseline
1322504,1326122,1324313,-0.038611523548845846,0.010729429915021342,intermediate
1326127,1329736,1327931,-0.0008230441533136588,0.002208065585263317,baseline
1329738,1333026,1331382,0.018118220751642936,0.0037970854410932556,baseline
1333028,1335939,1334483,0.018496532691273333,0.003343109634355367,baseline
1335943,1338985,1337464,-0.016526971816756567,0.00907565590482918,intermediate
1338986,1342531,1340758,-0.04184939719091839,0.01776802863020493,intermediate
1342533,1345517,1344025,-0.020364381224386503,0.012054474724314907,intermediate
1345519,1348558,1347038,0.041537255994772176,-0.00028725946098506045,baseline
1348559,1351604,1350081,0.00023775594210059705,0.008963167791864042,baseline
1351607,1354718,1353162,0.02288380834896957,0.0030799903085449343,baseline
1354720,1357774,1356247,0.005303120316837515,0.0033687987955686805,baseline
1357779,1361588,1359683,-0.008040944948226198,0.00966105113609618,intermediate
1361591,1364790,1363190,0.03490676097610329,0.0031134154383504835,baseline
1364794,1368300,1366547,0.0399503125563652,0.0022183019302642786,baseline
1368301,1371315,1369808,-0.02902695547449764,-0.0005980462634751261,intermediate
1371316,1374557,1372936,0.024621748084547167,0.00399563970709452,baseline
1374558,1377931,1376244,-0.03464303043839396,0.008006476348679134,intermediate
1377933,1388505,1383219,-0.036934296532105684,0.01223286689795355,intermediate
1388509,1391998,1390253,0.0034160314051912663,0.005284585714314568,baseline
1392002,1395416,1393709,-0.025950860185560594,0.012002896072529943,intermediate
1395421,1398580,1397000,-0.013718231591574368,0.00803591799532619,intermediate
1398585,1401719,1400152,-0.04430459091936971,0.014706270700559347,intermediate
1401720,1404941,1403330,-0.19913451322370285,0.03172310644633685,outlier
1404942,1408041,1406491,-0.07309244320624689,0.01247901915338255,intermediate
1408045,1411142,1409593,-0.09394515585882524,0.008218070147425914,outlier
1411147,1414292,1412719,0.005126048810424856,0.005144906567030689,baseline
1414298,1417323,1415810,-0.08010777835245281,0.004350870579176637,outlier
1417331,1420617,1418974,-0.02498653234933891,0.011860368658371062,intermediate
1420621,1423941,1422281,0.036766477004819643,0.0034390506164931845,baseline
1423942,1427060,1425501,-0.12168326011113265,0.010076179600245467,outlier
1427069,1430336,1428702,-0.10357116115710055,0.004182835576620906,outlier
1430337,1433742,1432039,-0.06062496239431807,0.003906853620429833,intermediate
1433745,1436875,1435310,-0.06505610388701016,0.0008974368342028403,intermediate
1436876,1440699,1438787,-0.048767106828094924,0.005949366064337759,intermediate
1440711,1443754,1442232,-0.1542000746932558,0.003651859553451772,outlier
1443760,1447001,1445380,-0.07281448423528179,-0.001024313482135974,intermediate
1447006,1450148,1448577,0.007713836480371697,-0.0005870424948903279,baseline
1450150,1453196,1451673,-0.06496900292446191,0.00044648193100263564,intermediate
1453199,1462430,1457814,0.0008393753531030778,-0.0014501664132255713,baseline
1462434,1465672,1464053,-0.0095438909624526,0.00047963766062898147,intermediate
1465676,1468770,1467223,0.013472789027709473,0.008005740959578912,baseline
1468774,1472213,1470493,-0.007688711939869188,0.011875655508706782,intermediate
1472214,1476221,1474217,0.01989670314506568,0.003428871079187117,baseline
1476225,1479992,1478108,0.04231051501135314,0.0020077029289841206,baseline
1479994,1483560,1481777,-0.10702390038455298,0.012439680397449252,outlier
1483562,1487338,1485450,0.027038553814724496,0.003513160137751934,baseline
1487341,1493795,1490568,-0.00920263578739606,-0.0038724635974654673,intermediate
1493796,1498056,1495926,-0.022587995722477324,-0.007164583294812762,intermediate
1498057,1501541,1499799,-0.0509550192321694,-0.0015304224390187773,intermediate
1501543,1504970,1503256,0.03722328416636224,0.00043601018933744185,baseline
1504974,1508314,1506644,-0.043856251858521836,0.010374157120358097,intermediate
1508315,1511591,1509953,-0.126010772602206,0.017721877153551047,outlier
1511594,1514782,1513188,-0.10294694962587128,0.015888272408326434,outlier
1514787,1518204,1516495,0.019573748433894225,0.006032639063873759,baseline
1518206,1521747,1519976,-0.06168375582604236,0.005116834750809002,intermediate
1521748,1524882,1523315,0.025712610311824174,0.003922200176063549,baseline
1524899,1527842,1526370,0.006376846575791626,0.005426272753927879,baseline
1527843,1531171,1529507,0.014689977027289717,0.006437066038338399,baseline
1531175,1534546,1532860,-0.016288596648994094,0.002058912212099886,intermediate
1534556,1538073,1536314,-0.07924472355991383,0.011095796443208164,intermediate
1538076,1541218,1539647,0.023514347349804,0.0028114734387792648,baseline
1541219,1544526,1542872,0.019787252936696576,0.005444044099040498,baseline
1544532,1548016,1546274,-0.0752408996083537,0.011984387673444806,intermediate
1548019,1551369,1549694,0.01542946804659871,0.00450405877500514,baseline
1551372,1555272,1553322,-0.056100113865959596,0.010542294371854487,intermediate
1555273,1558446,1556859,-0.0698785782124575,0.012853683275040792,intermediate
1558447,1561687,1560067,0.0017908738368990356,0.0029842481041365064,baseline
1561689,1564754,1563221,0.013772019180312168,0.005067722433424174,baseline
1564760,1567940,1566350,-0.07325292311008022,0.014870866339034165,intermediate
1567941,1571206,1569573,-0.027511396720115676,0.0033849749828963552,intermediate
1571208,1574731,1572969,-0.00036597602918094266,0.007333391246921392,baseline
1574733,1578084,1576408,-0.0105498768892574,0.008974593103486297,intermediate
1578086,1581210,1579648,-0.06526093236623826,0.006103274923907397,intermediate
1581211,1584623,1582917,-0.01181379132521027,0.006838396978495552,intermediate
1584624,1587844,1586234,-0.026355327349779925,0.0018536891423772922,intermediate
1587847,1590948,1589397,0.038222561556559724,0.002392526249454148,baseline
1590950,1594080,1592515,0.02045957716696456,0.006414268698263373,baseline
1594091,1597355,1595723,-0.2018550624225512,0.02341915460406657,outlier
1597361,1600613,1598987,-0.08605190641565626,0.007655136088673789,outlier
1600616,1603587,1602101,-0.008296597141521374,0.008311801807569625,intermediate
1603590,1606738,1605164,-0.001552264606645083,0.0028866504728819672,baseline
1606740,1610080,1608410,-0.057885219149799716,0.00962840627767481,intermediate
1610083,1613465,1611774,-0.044578360122476346,0.011077315208276454,intermediate
1613467,1616813,1615140,-0.023853090431254675,0.005347541869652554,intermediate
1616816,1620233,1618524,-0.05091841692324606,0.008727297754934459,intermediate
1620239,1623585,1621912,-0.020670459378884752,0.010821615836318143,intermediate
1623588,1626943,1625265,0.007220730076112294,0.003926319467230302,baseline
1626949,1630214,1628581,0.032315034054992864,0.001917551538232475,baseline
1630215,1633177,1631696,-1.2692948417171946e-05,0.002971762148517073,baseline
1633180,1636291,1634735,-0.0208951596304369,0.0031672916955272266,intermediate
1636292,1639417,1637854,0.023692148286983374,0.003368141260098167,baseline
1639421,1642650,1641035,0.03991910440018105,0.0009993402179473152,baseline
1642652,1645745,1644198,-0.005913250037454636,0.005364981954269969,intermediate
1645748,1648957,1647352,0.010304148923478947,0.005622192117587043,baseline
1648958,1652084,1650521,-0.04628872774801499,0.011676279723392555,intermediate
1652086,1655415,1653750,0.0075924671591531545,0.005316113501640335,baseline
1655418,1658494,1656956,0.014817577580198086,0.004414426598375847,baseline
1658495,1661702,1660098,0.0400220014909152,0.0024567519946247364,baseline
1661714,1664744,1663229,-0.012470286728007117,0.00866090632292292,intermediate
1664751,1667942,1666346,0.04107748364754944,0.002578222222453936,baseline
1667944,1671026,1669485,-0.00980395490604427,0.00781701809261217,intermediate
1671027,1674197,1672612,-0.020255230083836864,0.010639106450061723,intermediate
1674198,1677739,1675968,-0.023335180633382954,0.006794841315536977,intermediate
1677741,1681369,1679555,0.03254714947766284,0.0021372553702280685,baseline
1681371,1684701,1683036,-0.01693245434075571,0.011222096488431595,intermediate
1684705,1687896,1686300,-0.04822619363334611,0.011456311762382486,intermediate
1687898,1691208,1689553,0.027448075790643216,0.005153763878275838,baseline
1691209,1694172,1692690,0.0024455392087908722,0.008840331579084875,baseline
1694175,1697542,1695858,0.011014630825122327,0.0033568322465045144,baseline
1697543,1700920,1699231,-0.013494572754584367,0.0047661169242578525,intermediate
1700925,1704313,1702619,0.01563437027650116,0.004469336954882225,baseline
1704316,1707607,1705961,0.0053908680155132305,0.005497057206850126,baseline
1707610,1710692,1709151,-0.025734463426825106,0.005465879212235222,intermediate
1710694,1714152,1712423,-0.0820276983578514,0.011081082372936825,outlier
1714156,1717606,1715881,-0.0474786271734925,0.011919401406078802,intermediate
1717607,1721040,1719323,-0.08523941367519074,0.004969127474505812,outlier
1721042,1724646,1722844,-0.0246738432995922,0.005073508174003438,intermediate
1724647,1728045,1726346,-0.08170287376787236,0.008635380321427742,outlier
1728050,1731394,1729722,-0.020901638246817983,0.005445013320805752,intermediate
1731399,1734780,1733089,-0.08449487808657631,0.007322715453268952,outlier
1734784,1737859,1736321,-0.05802773085837892,0.013011858669778015,intermediate
1737861,1741002,1739431,-0.01664978956767312,0.006794693574168221,intermediate
1741004,1744227,1742615,-0.021407146344493543,0.005606486217915058,intermediate
1744229,1747737,1745983,-0.005748429369259301,0.007283018163388055,intermediate
1747738,1751121,1749429,-0.06295623562583723,0.009864607696241387,intermediate
1751144,1754657,1752900,-0.016456351870511497,0.003494206404158395,intermediate
1754659,1758406,1756532,-0.059531952508637,0.010518034762115453,intermediate
1758407,1761521,1759964,-0.061799447215748454,0.010380600948128585,intermediate
1761522,1764944,1763233,0.03952724608175843,0.002697178371937062,baseline
1764946,1768383,1766664,0.012177300231495549,0.003152601275130533,baseline
1768388,1771582,1769985,-0.018329795186192266,0.006814933246313979,intermediate
1771585,1774738,1773161,0.035242455757440116,0.003260749534457313,baseline
1774739,1777938,1776338,0.034313730234368414,0.0017392836034083967,baseline
1777947,1781248,1779597,0.04107215176680837,0.0022342587866378215,baseline
1781249,1784310,1782779,0.008624672994945922,0.0018995543352044626,baseline
1784312,1787841,1786076,0.023321169877508183,0.0036123147205684575,baseline
1787842,1791865,1789853,-0.06575498144781242,0.01607181857994211,intermediate
1791869,1795117,1793493,-0.016549516262421016,0.007966699684709947,intermediate
1795121,1798643,1796882,-0.03789512117471219,0.0065155277985366545,intermediate
1798644,1801787,1800215,-0.07812739391563361,0.008564949719314324,intermediate
1801793,1805436,1803614,-0.07476216967222504,0.016869830967580848,intermediate
1805438,1808789,1807113,-0.0125442201805725,0.008829092951227099,intermediate
1808790,1813632,1811211,0.029439659631915614,0.002054172774411785,baseline
1813636,1816953,1815294,0.027516393864629927,0.0012396467960655794,baseline
1816954,1820292,1818623,-0.03283919353093802,0.010860493218567361,intermediate
1820293,1824095,1822194,0.015747481101366468,0.005884225062984488,baseline
1824097,1827499,1825798,-0.01555705335229707,0.011219341487575763,intermediate
1827500,1830861,1829180,0.025088897322128774,0.0039475794355712445,baseline
1830863,1835149,1833006,0.038106648486366544,0.0004390332236660749,baseline
1835157,1839242,1837199,0.037522400875829094,0.0016101442645245904,baseline
1839244,1842798,1841021,0.007260217309477303,0.00421301427338283,baseline
1842806,1847946,1845376,-0.02310597825485905,0.008672427673663857,intermediate
1847949,1851825,1849887,-0.03692792135978069,0.006105619065792806,intermediate
1851827,1857782,1854804,0.04294092209234761,0.0011770638609980082,baseline
1857797,1862317,1860057,-0.011526271759425121,0.00732722493243698,intermediate
1862321,1865717,1864019,-0.004134931622226016,0.008004930581941357,intermediate
1865720,1869232,1867476,-0.034351359038236454,0.005103564762621218,intermediate
1869233,1872650,1870941,0.001143372126185966,0.003814009143348858,baseline
1872651,1875934,1874292,0.02247846822241667,0.004239925271862394,baseline
1875935,1878962,1877448,0.03483956765799409,0.0034265052245562293,baseline
1878964,1881957,1880460,0.0053706586742935155,0.005808972800167096,baseline
1881958,1884960,1883459,0.029466946024754647,0.00258859551982735,baseline
1884961,1888105,1886533,-0.02601881478829476,0.012380647092377944,intermediate
1888108,1891131,1889619,0.03606637033379258,0.002747327343018231,baseline
1891134,1894106,1892620,0.0029311666259935827,0.0006270532244518836,baseline
1894108,1897179,1895643,-0.06290900581215655,0.013649180490334291,intermediate
1897180,1900212,1898696,-0.02840724484001007,0.009201649835543604,intermediate
1900216,1903168,1901692,0.01614516545625311,0.006405975034936125,baseline
1903170,1906264,1904717,0.02839297845071115,0.004070311503038405,baseline
1906265,1909345,1907805,-0.005309888957111595,0.004533769300756607,intermediate
1909347,1912620,1910983,0.03928517843187817,0.0018567527965200781,baseline
1912622,1915645,1914133,-0.03401922658074185,0.0015832842621991486,intermediate
1915646,1918713,1917179,-0.06508100146321101,0.007155013971599033,intermediate
1918717,1921706,1920211,-0.04431848800419227,0.00625400951062396,intermediate
1921711,1924805,1923258,-0.05949490735887054,0.0065133412306219675,intermediate
1924808,1927725,1926266,0.0005610028051448094,0.0062273267484704315,baseline
1927726,1930596,1929161,0.0392822176989092,0.0023358607606397044,baseline
1930598,1933738,1932168,0.019643013048721694,0.0036172565860060728,baseline
1933739,1936813,1935276,-0.008609893523030106,0.005511372729588417,intermediate
1936815,1940048,1938431,0.02938632133518984,0.002810676371927789,baseline
1940054,1943151,1941602,-0.06072513868087559,0.005168084434575909,intermediate
1943155,1946259,1944707,-0.10765890803646425,0.008901247798041878,outlier
1946260,1949398,1947829,-0.0028474740563835146,0.004380116078138064,baseline
1949401,1952598,1950999,-0.062941538454237,0.009632710365219146,intermediate
1952600,1955805,1954202,-0.09366029678752262,0.007686328379791558,outlier
1955808,1958884,1957346,0.014803126477616325,0.006063878849170479,baseline
1958886,1962171,1960528,-0.009874561338307598,0.005281006024536165,intermediate
1962172,1965170,1963671,-0.05725070152372141,0.008718597260945163,intermediate
1965174,1968647,1966910,0.007388362842575667,0.00849138165750214,baseline
1968658,1971751,1970204,-0.12833734338702704,0.01394308893341567,outlier
1971753,1975020,1973386,-0.18769670735696908,0.02193850590512301,outlier
1975024,1978410,1976717,-0.07675288692687746,0.015646878441635537,intermediate
1978415,1982027,1980221,-0.07664059912204844,0.003763695233918166,intermediate
1982031,1985237,1983634,-0.008921276160197222,-0.0011404617530553357,intermediate
1985240,1988441,1986840,-0.03915696011974807,0.007409652280963027,intermediate
1988444,1991498,1989971,-0.00835840475815778,0.003175255459113711,intermediate
1991502,1994642,1993072,-0.016170406058775223,0.003174990848370382,intermediate
1994648,1997755,1996201,0.036827947426792025,0.001663836928932158,baseline
1997759,2000570,1999164,0.02261951790966256,0.00030371048789433057,baseline
2000572,2003660,2002116,0.014878815756124611,0.005338016331929329,baseline
2003661,2006775,2005218,0.0073429167921065025,0.005928000331411918,baseline
2006776,2009821,2008298,-0.01918148271738755,0.010156450840233918,intermediate
2009822,2013741,2011781,-0.022296864292259765,0.004970866619914638,intermediate
2013742,2016975,2015358,0.013265208852383607,0.005594823128507733,baseline
2016980,2020267,2018623,-0.010323254344849937,0.004115074732181306,intermediate
2020270,2023640,2021955,-0.023570978035666743,0.009871487473384342,intermediate
2023643,2027112,2025377,-0.09360466405843347,0.01450993686178185,outlier
2027116,2030368,2028742,-0.035777874673368217,0.012224984131719827,intermediate
2030369,2033929,2032149,-0.025077977195899014,0.009557276047972879,intermediate
2033931,2037541,2035736,-0.012611695329790468,0.0046922401813157735,intermediate
2037542,2041381,2039461,-0.016380802449227926,0.006523906110241721,intermediate
2041383,2044966,2043174,-0.003940030835652805,0.006670846664820633,intermediate
2044969,2049001,2046985,0.02142539158438879,0.002960610844200264,baseline
2049002,2052154,2050578,-0.036322381581080386,0.006689042104046612,intermediate
2052166,2055350,2053758,0.00203773008803867,0.00552748665603349,baseline
2055352,2058488,2056920,0.012202613453718814,0.0024373493248701374,baseline
2058489,2061662,2060075,0.037634251167611016,0.0009282096415374211,baseline
2061663,2064840,2063251,0.02585236187832414,0.0051468820579653705,baseline
2064845,2068012,2066428,-0.013495837078618185,0.004911652154842594,intermediate
2068014,2071127,2069570,0.0397861014223855,0.002447006317898962,baseline
2071128,2074367,2072747,-0.06636972747157448,0.016004607806552672,intermediate
2074369,2077484,2075926,0.010913199421169579,0.0012792191693684865,baseline
2077486,2080730,2079108,-0.02846032512848741,0.005833698474584799,intermediate
2080732,2083962,2082347,0.005739228733284863,0.0017082619100326857,baseline
2083963,2086999,2085481,-0.10492855861979355,0.010525469543363104,outlier
2087001,2090074,2088537,-0.046533932339779996,0.006329277312584984,intermediate
2090078,2093176,2091627,-0.08543764216370511,0.014657573298655266,outlier
2093179,2096302,2094740,-0.16436990917925973,0.018484487529118018,outlier
2096303,2099489,2097896,-0.07651660058107154,0.01417569285429454,intermediate
2099492,2102540,2101016,-0.10070845521289411,0.019323426700217448,outlier
2102544,2105755,2104149,-0.0541811062605012,0.018181340839158452,intermediate
2105756,2108687,2107221,-0.06321314346553665,0.005114940386846167,intermediate
2108688,2111832,2110260,-0.020612216705873904,0.009637187974183977,intermediate
2111834,2115053,2113443,0.0208522814525495,0.0009288409196006699,baseline
2115054,2118541,2116797,-0.02172268553116686,0.007000069602208117,intermediate
2118542,2121638,2120090,-0.06937914130965031,0.009915478268153385,intermediate
2121640,2125456,2123548,-0.08349488658706741,0.01541875094638697,outlier
2125457,2128871,2127164,-0.04983310661152461,0.01234019939468515,intermediate
2128873,2132277,2130575,-0.08233687849992498,0.01584580969586163,outlier
2132280,2137728,2135004,-0.06250612105186239,0.011917125253733918,intermediate
2137732,2141081,2139406,0.006614008258161855,0.002466506563340403,baseline
2141082,2144210,2142646,-0.04732519778150164,0.00527875289037698,intermediate
2144214,2147646,2145930,-0.14049783127602383,0.010494006897037852,outlier
2147654,2154256,2150955,0.01918491973696951,0.002828387766494942,baseline
2154259,2157782,2156020,0.014490088891059716,0.0027134223506101096,baseline
2157784,2161314,2159549,0.04262558612715188,0.0013071093506764914,baseline
2161315,2164345,2162830,-0.092296540711502,0.009820859029763917,outlier
2164348,2174657,2169502,0.02613350119610074,0.0016916642694137934,baseline
2174677,2182904,2178790,0.030469637351669816,0.004646025493078937,baseline
2182905,2187661,2185283,0.014641146373452797,0.004990260676842444,baseline
2187662,2192693,2190177,0.036296840384551825,0.0021566992708714873,baseline
2192694,2195895,2194294,-0.010888129076874965,0.005970974080716687,intermediate
2195896,2199122,2197509,0.009790817850038762,0.005808008432332409,baseline
2199123,2202388,2200755,-0.06760795877324284,0.01429020765163058,intermediate
2202392,2206834,2204613,0.018456528046890214,0.004810196143609946,baseline
2206835,2209793,2208314,-0.03798638441218413,0.007965999102461941,intermediate
2209797,2219802,2214799,-0.11298147354473385,0.013287979536285157,outlier
2219806,2222851,2221328,-0.06145335719770466,0.011138746669720662,intermediate
2222856,2225794,2224325,-0.006848534925621025,0.0063273028631526,intermediate
2225795,2228819,2227307,0.013641795917899978,0.005418624089585217,baseline
2228820,2235595,2232207,0.03338516392102557,0.0036016310756285313,baseline
2235601,2240275,2237938,0.015826499739517913,0.0030360049268081716,baseline
2240276,2243277,2241776,0.028572484438255066,0.0028368713406150903,baseline
2243279,2246404,2244841,0.036004012045288344,0.003102168543361461,baseline
2246405,2249773,2248089,0.03678149430913695,0.0018873590850195159,baseline
2249774,2252973,2251373,0.03827456280669146,0.00318901575328281,baseline
2252974,2261482,2257228,0.017402890544959807,0.004003732732569161,baseline
2261496,2264597,2263046,0.027958580485108533,0.0024654939374140544,baseline
2264598,2268612,2266605,-0.011788153498431524,0.007662371336197495,intermediate
2268617,2273137,2270877,0.02418778531351083,0.002685741828189769,baseline
2273140,2276449,2274794,0.023263474127048794,0.0020991618703543108,baseline
2276457,2280403,2278430,0.01237579457430454,0.004865989926602844,baseline
2280405,2283534,2281969,-0.0901169042570047,0.01438483129486203,outlier
2283537,2286599,2285068,0.03918395277128108,0.001240487718688685,baseline
2286601,2289475,2288038,0.02078335092280456,0.005271979726892842,baseline
2289485,2296873,2293179,0.005913648079296449,0.008641061432297897,baseline
2296876,2303879,2300377,0.03315216298221767,0.002916259088500736,baseline
2303892,2314551,2309221,0.038002120102830446,0.0021353981201651996,baseline
2314555,2318985,2316770,0.025549023651459116,0.001334046801805382,baseline
2318988,2322169,2320578,-0.04526922488768358,0.010623583835381563,intermediate
2322174,2325115,2323644,-0.09989103844995308,0.005787580770204283,outlier
2325116,2328379,2326747,-0.13094539727662308,0.01543797448949214,outlier
2328382,2331720,2330051,-0.08352763313590106,0.006724158008664773,outlier
2331722,2334884,2333303,-0.0663109225879426,0.0024794124549197263,intermediate
2334886,2338196,2336541,-0.17632704022090295,0.01595737100191869,outlier
2338197,2341568,2339882,-0.24429870338302756,0.028097673352146427,outlier
2341571,2344747,2343159,-0.1873204627372473,0.02448314859193406,outlier
2344748,2347829,2346288,-0.23253747072999673,0.028797509345065125,outlier
2347834,2351021,2349427,-0.17826570601728767,0.022603651443736425,outlier
2351023,2354705,2352864,-0.12405982157697397,0.014802693293504613,outlier
2354707,2358651,2356679,-0.15769658754378943,0.022433514187720844,outlier
2358654,2362582,2360618,-0.13675096906015627,0.019750253385064937,outlier
2362585,2366307,2364446,-0.09240981349240705,0.01290955744469168,outlier
2366318,2369674,2367996,0.001737215343262027,0.006840320111355263,baseline
2369675,2373106,2371390,-0.04480821799711952,0.010556572829997559,intermediate
2373109,2376281,2374695,0.02809177962059912,0.004994587748351884,baseline
2376282,2380274,2378278,0.03849394254561731,0.0022935562097668415,baseline
2380275,2383887,2382081,-0.03402421573757795,0.007757184360170896,intermediate
2383890,2387284,2385587,0.017133334751066313,0.0023713507027039124,baseline
2387286,2390732,2389009,0.02228996224983623,0.0016372454740917284,baseline
2390734,2394191,2392462,0.009451808509523634,0.0022912960936933503,baseline
2394194,2398197,2396195,-0.009889462095954916,0.006216588122223053,intermediate
2398199,2401715,2399957,0.021813893182905327,0.00033795036696859267,baseline
2401721,2405571,2403646,-0.054913668842828,0.007374686975365085,intermediate
2405573,2409770,2407671,-0.08889189216932354,0.008694997668553016,outlier
2409771,2413964,2411867,-0.02720874558681264,0.008593175110293817,intermediate
2413966,2417318,2415642,0.002408217603259368,0.002640908815364648,baseline
2417323,2420850,2419086,-0.016173659526492714,0.0040298985130985425,intermediate
2420852,2423914,2422383,0.03378615821884477,0.0024654003392534,baseline
2423922,2427290,2425606,-0.020641280845766316,0.003453499452000053,intermediate
2427296,2430637,2428966,-0.06113738307918556,0.009692027450305977,intermediate
2430641,2433816,2432228,-0.04914262903771512,0.007451067952710675,intermediate
2433818,2437039,2435428,-0.0038493341417079143,0.008003649254654903,intermediate
2437040,2440327,2438683,-0.11336254891585637,0.011580713400647112,outlier
2440329,2443617,2441973,-0.14654087196277008,0.012387302030985056,outlier
2443622,2446922,2445272,-0.14902735142550433,0.018199038815076212,outlier
2446924,2450346,2448635,-0.03654266668525029,0.013958233849904878,intermediate
2450352,2453523,2451937,0.004017725742015168,0.007319632236734915,baseline
2453526,2456707,2455116,-0.028579385152823947,0.006694988839982171,intermediate
2456708,2460038,2458373,-0.07866830281959239,0.013171204185839789,intermediate
2460042,2463210,2461626,-0.0015479003865072778,0.007314369761909311,baseline
2463214,2466560,2464887,-0.06187114824754563,0.011244298118079504,intermediate
2466561,2470039,2468300,1.707252477161489e-05,0.0057374360396561875,baseline
2470040,2473338,2471689,-0.04627771480342107,0.012025021251473466,intermediate
2473341,2476417,2474879,0.018189994684179932,0.004331348556098472,baseline
2476419,2479452,2477935,0.019031130559278863,0.004624300741489339,baseline
2479455,2482534,2480994,-0.09436866683972865,0.016605291100688754,outlier
2482536,2488706,2485621,-0.018103232482848973,0.008449766282885834,intermediate
2488709,2491712,2490210,-0.001750615633149302,0.0030101012074207575,baseline
2491715,2495130,2493422,-0.02977428819402424,0.007409498587356805,intermediate
2495134,2498211,2496672,-0.03691544112586803,0.00802937207701191,intermediate
2498216,2502824,2500520,-0.031035296090378844,0.006344508464903089,intermediate
2502826,2505973,2504399,0.002091370654117603,0.006767141448338556,baseline
2505978,2509191,2507584,-0.021520919980952173,0.004580688007964874,intermediate
2509198,2512396,2510797,-0.0954136693778782,0.0035673751998386827,outlier
2512399,2515690,2514044,0.0077950898245813536,0.003477064813023296,baseline
2515692,2518958,2517325,0.04167976870067235,0.0020905229491441062,baseline
2518959,2522359,2520659,0.02963675118132299,0.0018465675468085643,baseline
2522360,2526685,2524522,0.03010159115858972,0.004411031177923537,baseline
2526686,2530623,2528654,0.01915445558920738,0.0033392452537239514,baseline
2530625,2534487,2532556,0.011905367947492227,0.005629187664710785,baseline
2534488,2537941,2536214,0.015554071543010166,0.003905096446089548,baseline
2537947,2540957,2539452,-0.016866724200022675,0.0072747946729898065,intermediate
2540961,2543972,2542466,0.036287443680716416,0.0019929471698823913,baseline
2543988,2547750,2545869,0.0012263281371985815,0.005422025816939797,baseline
2547757,2551524,2549640,0.0205068518379452,0.0002540255369485572,baseline
2551533,2554492,2553012,0.0028590362600035024,0.0027744339207712533,baseline
2554493,2557852,2556172,-0.0763638716512985,0.014786083166315715,intermediate
2557853,2561330,2559591,-0.08327990119837597,0.015958245484437673,outlier
2561335,2564937,2563136,0.008033198635502423,0.005472616531298749,baseline
2564941,2568234,2566587,-0.06109745017437821,0.008408619882898986,intermediate
2568235,2571843,2570039,-0.06355809072431783,0.006942628965869881,intermediate
2571847,2575421,2573634,-0.11858684502631356,0.017088464312390937,outlier
2575423,2578785,2577104,-0.04929114318397775,0.005819693735151022,intermediate
2578786,2582276,2580531,-0.1486183254853839,0.014158439019907994,outlier
2582278,2585289,2583783,-0.007211819505905802,0.00358752661986897,intermediate
2585291,2588575,2586933,0.021102264184685218,0.003469620968796716,baseline
2588576,2591950,2590263,-0.16564352801462678,0.01981937593095655,outlier
2591953,2595887,2593920,0.01317417411405239,0.005457556781517386,baseline
2595889,2599337,2597613,-0.17125805736098482,0.020037606807058357,outlier
2599338,2602804,2601071,-0.15055452667394872,0.011644120524314863,outlier
2602805,2606556,2604680,0.005304616784398419,0.002346904823612278,baseline
2606557,2610187,2608372,-0.04656488169669361,0.010456890899688322,intermediate
2610189,2614071,2612130,0.00136039980160819,0.004600826725252038,baseline
2614075,2617799,2615937,-0.05750755906232168,0.011652326539057829,intermediate
2617803,2621531,2619667,-0.09844375022714666,0.0173772195008648,outlier
2621535,2625143,2623339,0.03803375047391289,0.0017280665752104029,baseline
2625145,2628400,2626772,0.010531513825359546,0.003335832559660671,baseline
2628410,2632140,2630275,0.025445618657175054,0.003711813107090446,baseline
2632143,2635783,2633963,-0.024446468484502288,0.006538719749514798,intermediate
2635786,2638978,2637382,0.027462849114279056,0.00489285222710696,baseline
2638980,2642094,2640537,0.01110955182610607,0.001451473629813084,baseline
2642101,2645143,2643622,0.0346983783795882,0.0037656689878988966,baseline
2645155,2648306,2646730,-0.06763093419321323,0.008817179966364712,intermediate
2648307,2651426,2649866,-0.07646711523225962,0.01824360972634378,intermediate
2651439,2654430,2652934,-0.07795782450164564,0.017274212843731016,intermediate
2654434,2657429,2655931,-0.03079394486015641,0.005562379351469318,intermediate
2657431,2660624,2659027,0.010145387545002355,0.0025787930150031114,baseline
2660625,2663959,2662292,0.0006434915917677171,0.007617465201126891,baseline
2663965,2667233,2665599,-0.002047794209353988,0.003318540731961328,baseline
2667234,2671327,2669280,-0.06599277974193093,0.009696034489305306,intermediate
2671328,2674815,2673071,-0.04882688519382096,0.00789902665098405,intermediate
2674819,2678189,2676504,0.03558084545539447,0.0036287827276998974,baseline
2678203,2681538,2679870,-0.011850205832548767,0.0037595268528123663,intermediate
2681540,2684607,2683073,-0.00573137697119177,0.0025026946605593466,intermediate
2684610,2687786,2686198,0.04056003738381662,0.00290644933802961,baseline
2687791,2691347,2689569,0.01762178720074151,0.004374900177598618,baseline
2691349,2694485,2692917,-0.012827135733747374,0.004814460604193071,intermediate
2694489,2697663,2696076,0.04269013151552872,0.0013073572758388052,baseline
2697666,2701027,2699346,0.016963950188011022,0.005947667494186588,baseline
2701028,2704299,2702663,-0.04904651981819478,0.008225871725424324,intermediate
2704301,2708418,2706359,0.028076019498318575,-0.0005550559187967597,baseline
2708422,2712388,2710405,0.023086338743234486,0.002872122861413218,baseline
2712389,2715842,2714115,0.022930727951381263,-0.000193339428554466,baseline
2715846,2719267,2717556,-0.017524331092048526,0.003688886584444065,intermediate
2719268,2722613,2720940,-0.023184730806099844,0.002663400637178511,intermediate
2722616,2725673,2724144,0.040521165629936184,0.002403772279399295,baseline
2725675,2728706,2727190,-0.03635080873801109,0.009616537418867213,intermediate
2728709,2732197,2730453,0.018556355857410146,0.003898978316284347,baseline
2732198,2735810,2734004,-0.11996043632236575,0.02113777201215259,outlier
2735811,2739063,2737437,0.018037218158756026,0.007396075924413872,baseline
2739065,2742209,2740637,-0.007557189001062025,0.004172950856226327,intermediate
2742211,2745541,2743876,0.04148635112192158,0.00254807792410342,baseline
2745542,2748744,2747143,0.015335211105775971,0.003524001553533884,baseline
2748745,2752019,2750382,-0.1310692811221282,0.01739914821682475,outlier
2752020,2754868,2753444,-0.10018853137425647,0.013346733694151503,outlier
2754879,2757915,2756397,-0.07305957677120054,0.012463707059773399,intermediate
2757917,2760985,2759451,-0.10596656174369355,0.018379664038556856,outlier
2760986,2763948,2762467,0.003195205588353328,0.006366978232754677,baseline
2763949,2767070,2765509,-0.03788345978478954,0.004376213647360688,intermediate
2767072,2769940,2768506,0.002850552137884413,0.003975194788283015,baseline
2769943,2773103,2771523,-0.049408454395930265,0.0077124985175392015,intermediate
2773108,2776629,2774868,-0.2183031672834654,0.021195576602851773,outlier
2776637,2779818,2778227,-0.17525098949445797,0.01957595004587652,outlier
2779820,2782916,2781368,-0.13242210668401513,0.02491240187921502,outlier
2782917,2787243,2785080,-0.062066718084199966,0.007489412705409447,intermediate
2787244,2790689,2788966,-0.10030774493899162,0.012214059206299005,outlier
2790690,2795479,2793084,-0.026974555925826472,0.0012871565186692358,intermediate
2795481,2801074,2798277,-0.02804592564414447,0.0035144379241600888,intermediate
2801075,2805992,2803533,-0.06355193540528098,0.010028167311942015,intermediate
2805993,2809354,2807673,0.0016957275595583657,0.008443230021564609,baseline
2809356,2812658,2811007,-0.010977383630037566,0.0038212776579532952,intermediate
2812664,2817131,2814897,0.0030956570511668354,0.005628999301094924,baseline
2817133,2820650,2818891,0.04034167866480203,0.0026122200759131444,baseline
2820659,2824454,2822556,-0.04655934213822099,0.01221393308613001,intermediate
2824464,2827706,2826085,0.03214716291801766,0.0016102549623886878,baseline
2827707,2830936,2829321,-0.09168627183219717,0.006091432096635512,outlier
2830950,2834628,2832789,-0.01089097635984987,0.0033475847521215285,intermediate
2834638,2838022,2836330,-0.01712700757393307,0.010199731497575325,intermediate
2838023,2841661,2839842,-0.07791547506561988,0.013626801881427841,intermediate
2841665,2845257,2843461,-0.07078919377710897,0.013510842368948268,intermediate
2845258,2849194,2847226,-0.04106566907995188,0.013225160731741337,intermediate
2849198,2852399,2850798,-0.04507360027639537,0.0062929797923918975,intermediate
2852401,2855798,2854099,-0.006628255760964634,0.005898118715139731,intermediate
2855800,2859731,2857765,-0.02129195221758965,0.005472474670395751,intermediate
2859733,2863588,2861660,-0.06990780965749938,0.009605235665554619,intermediate
2863589,2867301,2865445,-0.05364409573886683,0.008886861281893307,intermediate
2867304,2870654,2868979,-0.13073999839954173,0.011810612700406262,outlier
2870658,2874647,2872652,-0.07874959583858879,0.011427893763897197,intermediate
2874649,2877998,2876323,-0.003779157533830549,0.003363190886484828,intermediate
2878000,2881134,2879567,-0.07474870969927999,0.0072937599389891125,intermediate
2881135,2884266,2882700,-0.02458331993525653,0.0038441259401574687,intermediate
2884276,2887892,2886084,-0.11165426723028728,0.007215374673084139,outlier
2887897,2891196,2889546,-0.03885430286206035,0.006476931264629533,intermediate
2891197,2894604,2892900,-0.11641321419165368,0.00551850244328059,outlier
2894608,2898262,2896435,-0.12623465481583832,0.013006609547492639,outlier
2898270,2901911,2900090,0.04055318347903389,0.0003814922336915307,baseline
2901913,2905086,2903499,-0.05457864255972264,0.008117738289096904,intermediate
2905093,2908541,2906817,-0.07179528493766286,0.012638392795017968,intermediate
2908546,2912167,2910356,-0.021320165611072493,0.009352222718596917,intermediate
2912168,2915564,2913866,-0.06872225523888553,0.015130038800884399,intermediate
2915565,2919415,2917490,-0.13604529262789597,0.014800881903745764,outlier
2919422,2923141,2921281,-0.11668227615057307,0.012679214023013363,outlier
2923144,2926937,2925040,-0.0894839070624846,0.015090924493007777,outlier
2926939,2930314,2928626,-0.1844339343686785,0.013958855333371097,outlier
2930319,2934143,2932231,-0.10749305803169716,0.013005042555706689,outlier
2934145,2937665,2935905,-0.12772297389074624,0.014288024791020834,outlier
2937668,2941153,2939410,-0.0019405477017976622,0.009407491904989055,baseline
2941155,2944492,2942823,0.021769438566358205,0.005135007995801124,baseline
2944494,2948532,2946513,0.0009417626948465897,0.005792923327367873,baseline
2948535,2952017,2950276,-0.08503048629551477,0.01227144266402434,outlier
2952019,2955341,2953680,-0.0357828310006973,0.009376979286849852,intermediate
2955343,2958297,2956820,-0.04967176082420304,0.01192574351659292,intermediate
2958301,2961703,2960002,-0.13560574808190956,0.025117196440255084,outlier
2961710,2965201,2963455,-0.006260971745599966,0.005088583039506737,intermediate
2965203,2968314,2966758,-0.11384097120722102,0.018135992605835764,outlier
2968317,2971836,2970076,0.004924228460345936,0.006128669481235156,baseline
2971843,2975027,2973435,-0.081768604172459,0.011849472030178575,outlier
2975028,2978474,2976751,0.012474423427204026,0.0032935236916031676,baseline
2978475,2981913,2980194,-0.13017675651210409,0.009579468041873743,outlier
2981916,2985223,2983569,-0.12129416910420024,0.0194441041732964,outlier
2985224,2988748,2986986,-0.023754952318464945,0.008041871526151422,intermediate
2988750,2992316,2990533,0.0252790425541191,0.0027680311689170173,baseline
2992317,2995588,2993952,0.037002362178252125,0.0013144144544415788,baseline
2995589,2998798,2997193,0.006635409908161513,0.006333715527657384,baseline
2998804,3002049,3000426,-0.036953704089377724,0.010681563116470685,intermediate
3002053,3005246,3003649,-0.08357670847895096,0.014756448563615356,outlier
3005248,3008248,3006748,-0.10944914189670228,0.017901892603850014,outlier
3008252,3011307,3009779,-0.2225553049740794,0.020667111443097515,outlier
3011308,3016095,3013701,-0.42505453566411255,0.04798442267134356,outlier
3016100,3033869,3024984,-0.5869065685908801,0.06740951545052361,outlier
3033878,3037514,3035696,-0.5125606945611719,0.061479688443450885,outlier
3037516,3040684,3039100,-0.06498682878668498,0.011861307632327938,intermediate
3040686,3047233,3043959,-0.05639894996907671,0.012825329917485445,intermediate
3047234,3050683,3048958,-0.19184238306974843,0.020271342853677567,outlier
3050684,3055001,3052842,-0.08515782393769983,0.011584023526202664,outlier
3055005,3058139,3056572,0.026393747311324593,0.003322171768153077,baseline
3058140,3061584,3059862,-0.006774104885282486,0.006927261816309057,intermediate
3061587,3066284,3063935,-0.007578553767943419,0.0028984386082028914,intermediate
3066288,3070359,3068323,0.007541002579338025,0.0051039416493427175,baseline
3070361,3074634,3072497,-0.028320231065292144,0.004407683609678365,intermediate
3074636,3077771,3076203,-0.03089861373802556,0.004226969732171246,intermediate
3077774,3081202,3079488,-0.10202820166552758,0.009776093212209055,outlier
3081203,3085183,3083193,0.028527223436088548,0.0024301154448407845,baseline
3085187,3088701,3086944,0.017117254915754235,0.004331073295732796,baseline
3088702,3092134,3090418,-0.10767587062310083,0.01771139045917703,outlier
3092135,3099083,3095609,0.0020969284245814747,0.003410208885749167,baseline
3099097,3102404,3100750,-0.07562468432473018,0.008630664672906478,intermediate
3102408,3105706,3104057,-0.06419461292476551,0.016957404229429717,intermediate
3105707,3109238,3107472,0.012511360591242181,0.006382186237134545,baseline
3109243,3112613,3110928,0.01464552833015463,0.0016037125004562084,baseline
3112616,3116918,3114767,-0.08906947693169144,0.012147994186129156,outlier
3116924,3120273,3118598,-0.024582958964621586,0.00889555495400729,intermediate
3120275,3123668,3121971,-0.10265773753451372,0.014214033516406847,outlier
3123672,3127249,3125460,-0.0622369929832132,0.013586624714171684,intermediate
3127250,3130792,3129021,0.03333940280271743,0.003453218581062187,baseline
3130799,3133996,3132397,-0.033924773459587505,0.0071052063207555265,intermediate
3133997,3137172,3135584,-0.05593383126751411,0.012151296333332843,intermediate
3137176,3140415,3138795,-0.03060416421487396,0.006195018245330682,intermediate
3140423,3144050,3142236,0.036837753097858576,0.0029759866427923314,baseline
3144053,3148761,3146407,0.0364168944634298,0.0010613257701219338,baseline
3148765,3152519,3150642,0.033084231765118016,-0.0018051363752249092,baseline
3152522,3156185,3154353,0.037240083046788,0.002895558716598562,baseline
3156188,3159810,3157999,0.031088365677009608,0.0028271364134875147,baseline
3159819,3164625,3162222,0.041388760640753794,0.0027405028005285277,baseline
3164630,3168389,3166509,-0.025250230797476732,0.010448220200474272,intermediate
3168392,3171929,3170160,-0.0012056344111017745,0.006438223542420198,baseline
3171930,3175111,3173520,0.03251124466658953,0.0002856493673703742,baseline
3175116,3178377,3176746,0.024202138137496842,0.0037330921477056133,baseline
3178378,3181718,3180048,0.034846761577851916,-0.001431904786310092,baseline
3181720,3185504,3183612,0.031077484534308232,0.0019491355213545017,baseline
3185509,3188920,3187214,0.0031167319141230383,0.004531439343560591,baseline
3188923,3192117,3190520,0.023678353668102104,0.003948505984466575,baseline
3192127,3195563,3193845,0.040190562693405006,0.003041373733397258,baseline
3195564,3199620,3197592,0.020120936936814555,0.0053040934072962785,baseline
3199622,3203144,3201383,-0.003157625686902532,0.006871808760172498,baseline
3203150,3206393,3204771,0.032581560529962,0.002157412971624812,baseline
3206395,3209883,3208139,0.0026850308867438894,0.0027875005182707744,baseline
3209884,3213215,3211549,0.02873258831779581,0.002799340114700858,baseline
3213217,3216907,3215062,0.016121770932842474,0.004015693665545692,baseline
3216911,3220905,3218908,0.01669063335124951,0.003953113732926649,baseline
3220910,3224727,3222818,0.03303172606706301,0.003321994618882639,baseline
3224730,3228212,3226471,0.017681629440117037,0.0047183107181044785,baseline
3228213,3232066,3230139,0.018929233437791616,0.005822170844172263,baseline
3232069,3236350,3234209,0.0035308287531436826,0.0023526968834174924,baseline
3236427,3240545,3238486,-0.07840830248101455,0.018628728712042037,intermediate
3240546,3244199,3242372,-0.030328398652793458,0.006587790086480946,intermediate
3244203,3247891,3246047,0.02604075989735126,0.003708677773891465,baseline
3247894,3251410,3249652,-0.06716797590648076,0.00874907654391144,intermediate
3251412,3255319,3253365,-0.0003533662962620701,0.0030374566444601445,baseline
3255322,3259208,3257265,0.011370626135410976,0.0022445565687063715,baseline
3259212,3262587,3260899,0.013374874795873317,0.004777633316519297,baseline
3262588,3265731,3264159,-0.03964050043913099,-0.004222197207875355,intermediate
3265738,3269328,3267533,-0.01580883755868851,0.008660686123388031,intermediate
3269335,3275006,3272170,-0.008127685416435439,0.008159035622428918,intermediate
3275011,3278398,3276704,0.013320534818440212,0.001855808677978158,baseline
3278399,3286206,3282302,0.012609452820515517,0.005374121740253494,baseline
3286208,3290104,3288156,-0.10682024801740231,0.013420436033862298,outlier
3290114,3293695,3291904,-0.04878250197744289,0.01191962932528239,intermediate
3293697,3297160,3295428,0.027371409938468566,0.002622654644313674,baseline
3297171,3300234,3298702,-0.035489186051174675,-0.0005918714613133046,intermediate
3300235,3303557,3301896,-0.07719447413696717,0.009524534894144052,intermediate
3303559,3307038,3305298,-0.06717877983638149,0.01299362861446909,intermediate
3307043,3310219,3308631,-0.04752387774754888,0.013228279599722462,intermediate
3310220,3313550,3311885,-0.05439277050436517,0.010870351432480751,intermediate
3313554,3316779,3315166,-0.2002694180642475,0.022082867204912503,outlier
3316780,3319758,3318269,-0.061856699313221915,0.014326203452618924,intermediate
3319768,3323198,3321483,-0.055979084716220005,0.013021026857040189,intermediate
3323199,3326928,3325063,0.006161832798175809,0.005367796376566088,baseline
3326931,3330782,3328856,-0.010124164193040597,0.0040328560580248935,intermediate
3330785,3334307,3332546,0.012759048417538828,0.00470359510662941,baseline
3334311,3337755,3336033,0.006499472971799995,0.003901235161252326,baseline
3337759,3341088,3339423,-0.05907316459477076,0.008302431790195073,intermediate
3341096,3344810,3342953,-0.052394834274469074,0.010419578136233194,intermediate
3344813,3348394,3346603,-0.13611655590229296,0.01935126496659268,outlier
3348396,3351616,3350006,-0.07955269287059877,0.016804640397732846,outlier
3351619,3354987,3353303,-0.11295304084443128,0.019724036509929807,outlier
3354992,3358305,3356648,0.010926592793786718,0.004193044482687031,baseline
3358307,3361899,3360103,-0.03067960104690457,0.01237478153908453,intermediate
3361902,3367828,3364865,0.017507841483871123,0.005929790727598495,baseline
3367831,3373089,3370460,-0.0004148658787720409,0.005787303585054343,baseline
3373090,3376447,3374768,-0.12205769841692637,0.010081570005299472,outlier
3376448,3379888,3378168,-0.15678578431410964,0.014875390975476875,outlier
3379889,3383098,3381493,-0.08217363674277378,0.01038034594515726,outlier
3383099,3386071,3384585,-0.01874946311302744,0.006682536125252054,intermediate
3386073,3389826,3387949,-0.04487216145653577,0.009998338138398023,intermediate
3389830,3393271,3391550,-0.01694619623089084,0.009353639980756345,intermediate
3393272,3398500,3395886,0.03134659234205036,0.0029298038487756937,baseline
3398501,3401767,3400134,0.010152588500368993,0.004525645470568919,baseline
3401768,3405399,3403583,-0.02803762392664439,-0.0029393745412371686,intermediate
3405400,3424850,3415125,0.002917633260567561,0.0016629725986985506,baseline
3424853,3429823,3427338,-0.21925466108065803,0.01923882062071075,outlier
3429825,3433452,3431638,-0.10922109934184229,0.007191287474582516,outlier
3433453,3436729,3435091,-0.06080744892050235,-0.001381291053697698,intermediate
3436730,3439944,3438337,-0.016001561307135134,-0.0024422961983562854,intermediate
3439948,3443235,3441591,-0.011814542508678775,0.003239816708556398,intermediate
3443241,3446643,3444942,-0.02919353644617983,0.0021782985797450705,intermediate
3446645,3449932,3448288,-0.007381345584858317,0.003223702012098294,intermediate
3449933,3453163,3451548,0.0068796836562262705,0.0032369939548930198,baseline
3453164,3456189,3454676,-0.0894357548067985,0.00538230781171327,outlier
3456192,3459245,3457718,-0.14109113999755782,0.01597629521902053,outlier
3459250,3462159,3460704,-0.12343800526524974,0.008262020907843089,outlier
3462160,3465203,3463681,-0.02451934035584887,0.0066171719833505015,intermediate
3465204,3468298,3466751,-0.026330290300499715,0.00119383977369195,intermediate
3468299,3473930,3471114,-0.025916607123205457,0.0022819698668162104,intermediate
3473932,3477018,3475475,0.038821236441676406,0.0010455559092653905,baseline
3477026,3484488,3480757,-0.0291221268196382,0.00223280687091352,intermediate
3484490,3488762,3486626,0.0063383658478795984,0.0070123270382115134,baseline
3488764,3491786,3490275,0.02862263944959877,0.002519446255539421,baseline
3491788,3494813,3493300,-0.024986047535749845,0.0053999876490256294,intermediate
3494822,3497791,3496306,-0.05298244152687347,0.007604477033670128,intermediate
3497793,3502148,3499970,-0.008203568874351076,0.007315266493963854,intermediate
3502149,3505290,3503719,-0.06515887271698115,0.010898281852832266,intermediate
3505293,3508249,3506771,-0.1343257935949942,0.016150217622612515,outlier
3508256,3511342,3509799,0.01669514146941443,0.006363772014936812,baseline
3511345,3514341,3512843,0.037405068927902275,0.0023850226621654155,baseline
3514344,3517432,3515888,-0.027860309741469632,0.005276322850667274,intermediate
3517438,3520815,3519126,-0.019487053721983366,0.002268563367613146,intermediate
3520817,3524123,3522470,0.030833275519880316,0.0026897091794260116,baseline
3524124,3527180,3525652,0.03594969470543091,0.0030421028383382158,baseline
3527187,3530054,3528620,0.02922077587222533,0.005068968733670611,baseline
3530056,3533220,3531638,0.008831039626859464,0.004425853498253262,baseline
3533221,3536233,3534727,0.0012497082105628339,0.00499193648196295,baseline
3536235,3539334,3537784,-0.08055252661054563,0.01086453500712428,outlier
3539336,3542341,3540838,-0.017098813876067237,0.008701517936765274,intermediate
3542342,3545887,3544114,-0.006050372363564525,0.0022893842883274732,intermediate
3545890,3549055,3547472,0.028511446361570172,0.0031449638379731143,baseline
3549059,3552230,3550644,0.016247207542083544,0.0023055176310231087,baseline
3552232,3555173,3553702,-0.03518772270276754,0.006910736514579031,intermediate
3555179,3558401,3556790,-0.05725861615305907,0.009440377236910252,intermediate
3558402,3561610,3560006,-0.023054919545037213,0.010700541244407927,intermediate
3561618,3564702,3563160,0.03365617357992926,-0.00016806938207420403,baseline
3564706,3567857,3566281,-0.054221153607590125,0.014262223921317048,intermediate
3567858,3570913,3569385,0.018732722910606573,0.005407574920314109,baseline
3570918,3573956,3572437,-0.07681561830973364,0.015680813898311795,intermediate
3573957,3577067,3575512,-0.051211361964327226,0.011841387630044773,intermediate
3577070,3580117,3578593,-0.020741974718855454,0.00566989371369761,intermediate
3580121,3583288,3581704,-0.06311439210989266,0.00952493333253244,intermediate
3583289,3586157,3584723,0.005520853476801687,0.008640655205492048,baseline
3586160,3589169,3587664,-0.037316731928715145,0.007677857935000949,intermediate
3589172,3592400,3590786,-0.035616337320704426,0.01022220887178955,intermediate
3592405,3595823,3594114,-0.006779550997167838,0.006008570161356403,intermediate
3595826,3598963,3597394,0.032464825907617297,0.003099858655080804,baseline
3598965,3602081,3600523,-0.03855463836346967,0.007713176190067184,intermediate
3602082,3605252,3603667,0.023871855475146423,0.0055459746969398205,baseline
3605254,3608313,3606783,-0.06836981022153453,-0.000874516391194788,intermediate
3608317,3611420,3609868,-0.06772810611737316,0.008168234894872633,intermediate
3611421,3614587,3613004,-0.027985285046476963,0.008701801757203469,intermediate
3614588,3617701,3616144,0.03929434351851034,0.001785545343516499,baseline
3617707,3621127,3619417,-0.04273632805891135,0.01106117062968137,intermediate
3621128,3624507,3622817,-0.051242451801276505,0.011590773363547286,intermediate
3624509,3628114,3626311,-0.03025315461186613,0.0039535404604426365,intermediate
3628116,3631942,3630029,0.005858828176723959,0.004197356122179587,baseline
3631945,3635469,3633707,-0.10740151525533487,0.009856745079531331,outlier
3635471,3638800,3637135,-0.04231770404937045,0.002293940829565001,intermediate
3638802,3641956,3640379,0.0325083367683541,0.004477476477550599,baseline
3641960,3644831,3643395,0.03448734539774596,0.003323352949647397,baseline
3644836,3648028,3646432,0.034614851604587965,0.0026073962217236664,baseline
3648031,3652424,3650227,0.01019242439354276,0.004744861162829094,baseline
3652426,3655697,3654061,0.016790853542897853,0.004281452164800017,baseline
3655700,3659018,3657359,-0.059666923473148,0.003905230950439578,intermediate
3659023,3662266,3660644,0.02064945530547919,0.0008608212299927345,baseline
3662271,3665815,3664043,-0.04748946319735422,0.005406905430848329,intermediate
3665817,3671093,3668455,0.02919611717467517,0.0018980040240984455,baseline
3671094,3674367,3672730,0.030675194722871776,0.0031889718313610517,baseline
3674375,3677692,3676033,-0.2017618207846873,0.02409654781768902,outlier
3677697,3680642,3679169,-0.06457519329025967,0.011645446953947803,intermediate
3680650,3683720,3682185,-0.007565211427521365,0.0036480663215530625,intermediate
3683724,3686860,3685292,0.0007494724110176292,0.003990805428751456,baseline
3686863,3689880,3688371,-0.08031684627627542,0.013879094914623772,outlier
3689881,3692920,3691400,-0.08212306728961803,0.009680589997944217,outlier
3692930,3696180,3694555,0.028909127198607578,0.002745816281241715,baseline
3696181,3699085,3697633,0.02547521370336352,0.0019723777283677853,baseline
3699086,3702229,3700657,-0.10665391033468306,0.011195054801737854,outlier
3702232,3705412,3703822,-0.11440685765325295,0.012497158825874391,outlier
3705414,3708618,3707016,-0.023772471460799745,0.007445393030842854,intermediate
3708620,3711478,3710049,0.0040609301440538694,0.004536795328450888,baseline
3711479,3714372,3712925,0.016201488879551366,0.003911677844100086,baseline
3714373,3717638,3716005,0.00401080333511251,0.0049215020198293494,baseline
3717639,3720664,3719151,0.026175202226436087,7.51323289416926e-05,baseline
3720666,3723644,3722155,-0.0020686089814270867,0.0071953640634705674,baseline
3723649,3726679,3725164,0.033266021029191725,0.003300501301749122,baseline
3726680,3729752,3728216,-0.026730078187138195,0.00843282332052211,intermediate
3729753,3732695,3731224,-0.0761016601258511,0.010203029043380569,intermediate
3732699,3735694,3734196,-0.07639936773514579,0.0007154432807403397,intermediate
3735695,3739007,3737351,0.024885660594669,0.004348269555711319,baseline
3739011,3741985,3740498,-0.034490878507687735,0.006997309015979656,intermediate
3741997,3745135,3743566,-0.041250953295228765,0.0069483146879812255,intermediate
3745137,3748151,3746644,-0.07016651067392782,0.008909685703844001,intermediate
3748158,3751281,3749719,-0.11232184321127033,-0.004012925477100502,outlier
3751283,3754640,3752961,0.0009051408919683642,0.005575725867664043,baseline
3754642,3757888,3756265,-0.07732345356630738,0.00904049334795332,intermediate
3757889,3761107,3759498,0.03302465408886249,0.004019656014305945,baseline
3761111,3765520,3763315,0.034890591903669624,-0.0010408443572437556,baseline
3765523,3769075,3767299,0.003619515949213572,0.006584920580552189,baseline
3769078,3772535,3770806,-0.012356640898180503,0.007446371910778517,intermediate
3772538,3775547,3774042,-0.08743482763003146,0.01537819370961193,outlier
3775552,3778782,3777167,-0.053179024312891336,0.005281122496383757,intermediate
3778783,3782035,3780409,-0.1690220210733282,0.017749233730428787,outlier
3782036,3785233,3783634,-0.17831000354277926,0.017357382258373587,outlier
3785235,3788286,3786760,-0.023696239420843767,0.0047092516193259,intermediate
3788291,3791687,3789989,0.041147196478619176,0.0021452410876499507,baseline
3791689,3795082,3793385,0.039787166980863174,0.002976731004605488,baseline
3795083,3798442,3796762,-0.016794991813377833,0.0016606602240296466,intermediate
3798451,3801673,3800062,-0.03885800420145864,0.006891992937828887,intermediate
3801675,3804707,3803191,0.0041128492831914,0.003346472632894276,baseline
3804714,3807989,3806351,0.038951347155612596,0.0021609472063321396,baseline
3807992,3811284,3809638,-0.005674390230662876,0.0057280820998418976,intermediate
3811291,3814445,3812868,0.03492686376719913,0.0011715751227946267,baseline
3814446,3817598,3816022,-0.07395996418302285,0.003421305771863229,intermediate
3817601,3821171,3819386,0.020505771385793126,0.003729621760908149,baseline
3821178,3824695,3822936,-0.01588686127862113,-0.002299053384519102,intermediate
3824699,3828335,3826517,0.02345448814251336,0.0027747207931569234,baseline
3828337,3831659,3829998,0.011235177143185391,0.003886659497714858,baseline
3831662,3834818,3833240,0.010758788158120428,-0.0014491616132007862,baseline
3834819,3838500,3836659,0.03684140529202703,0.0024939463357150386,baseline
3838504,3841677,3840090,0.03874912237220539,0.001959042631834548,baseline
3841678,3844526,3843102,-0.06677444992397236,0.011958159307828441,intermediate
3844527,3847951,3846239,-0.15678372465301685,0.016463457205866453,outlier
3847954,3851158,3849556,-0.11381693617737135,0.014413023861157984,outlier
3851159,3854502,3852830,-0.005927301111101013,0.0006301448275681139,intermediate
3854504,3857534,3856019,0.0015709015205393035,0.0074108857600313155,baseline
3857535,3860527,3859031,0.021117743770606358,0.004643512389539352,baseline
3860530,3863683,3862106,0.03317946098274203,0.0031914211861319166,baseline
3863692,3866703,3865197,0.025228284577806584,0.0035564295980699268,baseline
3866705,3869891,3868298,0.018289111588585042,0.00582715439892874,baseline
3869893,3872830,3871361,0.033271214474805855,0.0010509219261938601,baseline
3872833,3876411,3874622,-0.013797053907985647,0.006104757915791985,intermediate
3876415,3879612,3878013,0.02370156984568095,0.005480472460515738,baseline
3879613,3883899,3881756,-0.06751454671115087,0.008512681668115493,intermediate
3883903,3887014,3885458,-0.05239603114334374,0.004502954749982023,intermediate
3887015,3890511,3888763,0.006333683136112857,0.0059090730420550625,baseline
3890514,3894002,3892258,0.015201967328826465,-0.002502331368912351,baseline
3894008,3897143,3895575,-0.08197309014078392,0.007262808965966848,outlier
3897145,3900238,3898691,-0.05812662579620783,-0.0006706400830203872,intermediate
3900245,3903766,3902005,0.029666869263144918,0.0037171344785937237,baseline
3903768,3906984,3905376,-0.04869892267496836,0.006032853919371925,intermediate
3906989,3910216,3908602,0.0020319527436527727,-0.0010109348107508935,baseline
3910217,3914109,3912163,-0.001261834530123028,0.007392290000539224,baseline
3914111,3917455,3915783,0.022465524587497444,0.004067541640191708,baseline
3917459,3920902,3919180,-0.03910211594160085,0.009759165904212986,intermediate
3920903,3924165,3922534,-0.09435560588740399,0.013243926869188348,outlier
3924166,3927356,3925761,-0.227371166142915,0.026650452233979948,outlier
3927363,3930816,3929089,-0.2469343767702653,0.031021448953822098,outlier
3930828,3933927,3932377,-0.16425010077561272,0.021768442512517094,outlier
3933931,3937150,3935540,-0.08214722928086027,0.00958615400184619,outlier
3937162,3940695,3938928,-0.17347511385835504,0.019398690759777005,outlier
3940698,3943799,3942248,0.032803378717193216,0.0036466542539981116,baseline
3943800,3946847,3945323,-0.17695894663556017,0.02384066736214506,outlier
3946853,3950130,3948491,-0.07124936291085936,0.009302223676359132,intermediate
3950132,3953108,3951620,0.012168681712446023,0.007677513928727249,baseline
3953111,3956239,3954675,-0.0015198689731433443,0.007159867815110155,baseline
3956240,3959215,3957727,0.029414557785807007,0.002635798601257537,baseline
3959216,3962342,3960779,0.002644393740245341,0.004933677188364128,baseline
3962344,3965332,3963838,-0.22400294197644238,0.027357443664087287,outlier
3965334,3969284,3967309,-0.13477465163085237,0.017027235473209397,outlier
3969286,3972478,3970882,-0.12475981869785849,0.01591236852056117,outlier
3972480,3975637,3974058,-0.20758713419702998,0.022554971313778562,outlier
3975638,3979332,3977485,-0.1257031554542326,0.02129735665641983,outlier
3979333,3982890,3981111,0.021495491606371434,0.004074632452294883,baseline
3982893,3986728,3984810,-0.001109121295907937,0.006016543623384141,baseline
3986737,3990190,3988463,0.027944227520874436,0.004922055987913204,baseline
3990191,3993863,3992027,0.023063007871686744,0.002079071133169123,baseline
3993865,3997779,3995822,0.026327453434670897,-0.0007654635792632645,baseline
3997781,4001295,3999538,-0.07103538017324111,0.007346340391960059,intermediate
4001304,4004898,4003101,-0.011790351699123914,0.0037848618963078444,intermediate
4004900,4008121,4006510,-0.06024071136492121,0.009043270040442787,intermediate
4008132,4011647,4009889,-0.03487278243882573,0.008878980824659995,intermediate
4011652,4015449,4013550,0.02303991022045232,0.00385481186915945,baseline
4015458,4019375,4017416,-0.006163579120402132,0.002686519260975693,intermediate
4019377,4022572,4020974,-0.024208742301258107,0.004417818964268051,intermediate
4022574,4026015,4024294,0.04020608688861046,0.0017513359859722898,baseline
4026018,4029390,4027704,0.0373746761700787,0.0009158268279723308,baseline
4029393,4032631,4031012,0.04113085277193958,0.001926518785405237,baseline
4032640,4035896,4034268,0.02504300843842097,0.0038232793743922357,baseline
4035911,4038986,4037448,0.006738411761373784,0.005229678378976682,baseline
4038988,4042223,4040605,0.04039153805028397,0.002327369362766097,baseline
4042227,4045471,4043849,-0.020328195355998967,0.007047526748367345,intermediate
4045472,4048551,4047011,-0.06157029419523607,0.002658962526160592,intermediate
4048552,4051911,4050231,0.03613003205699997,0.0031982570236158505,baseline
4051913,4054854,4053383,0.035886064354000276,0.0024834686178860604,baseline
4054858,4057822,4056340,-0.0026173655984431414,0.0027954779267691248,baseline
4057824,4060819,4059321,0.03295401976056095,0.0017968880108835052,baseline
4060832,4064102,4062467,0.010088521457706473,0.005783139449312653,baseline
4064107,4067060,4065583,0.022258105437235696,0.0028749655414944167,baseline
4067064,4069835,4068449,-0.011231348304112926,0.004615924671395481,intermediate
4069840,4072954,4071397,-0.08278663822948829,0.015040925016660206,outlier
4072958,4075890,4074424,0.022172179470313434,0.0034023723700118465,baseline
4075891,4078901,4077396,0.02833807998319107,0.003067514590574671,baseline
4078902,4081864,4080383,0.02982612665142573,0.002205141571889021,baseline
4081869,4085033,4083451,0.0018422428208968724,0.00490765830594601,baseline
4085034,4088169,4086601,0.01286783837791595,0.004401978577987826,baseline
4088171,4091151,4089661,0.002660143313918536,0.004714984357493503,baseline
4091154,4094160,4092657,0.000333493148985636,0.003651871108906874,baseline
4094162,4097106,4095634,0.019846843269766722,0.002867066961064388,baseline
4097108,4100150,4098629,0.0056658851445584605,0.006418130034234343,baseline
4100151,4103238,4101694,-0.098287959735978,0.01356034490783928,outlier
4103264,4106296,4104780,0.04029160194016707,0.0013394363209621764,baseline
4106299,4109383,4107841,0.011384848262999623,0.004796905304193889,baseline
4109385,4113108,4111246,-0.025184166269837285,0.013570038574280279,intermediate
4113110,4116163,4114636,-0.014475201340377584,0.007093665615219459,intermediate
4116164,4119165,4117664,-0.011259745075072849,0.010682929053839321,intermediate
4119168,4122267,4120717,0.03210592224580423,0.004195476928578939,baseline
4122273,4125445,4123859,0.015990648322033344,0.004221598182537374,baseline
4125447,4128642,4127044,-0.023216555994942187,0.009219118206944394,intermediate
4128650,4131713,4130181,-0.028977154845106618,0.007483879265940809,intermediate
4131714,4134588,4133151,0.01695364845466096,0.006562273690706028,baseline
4134589,4137570,4136079,0.03650349477037044,0.0026857453271237285,baseline
4137576,4140751,4139163,0.02020079184278555,0.002652898996714663,baseline
4140768,4143781,4142274,-0.03207572052013021,0.004657718089695402,intermediate
4143785,4146878,4145331,-0.0010870084861589974,0.004006959608225712,baseline
4146881,4150233,4148557,-0.060526947046243264,0.007861859712611406,intermediate
4150241,4153366,4151803,0.02855889757797833,0.0017141523487789493,baseline
4153368,4156359,4154863,-0.012775718246435726,0.002420725211012046,intermediate
4156368,4160253,4158310,-0.06051061037939101,0.012909484709584541,intermediate
4160258,4163365,4161811,0.032474740366772975,0.002611270954406322,baseline
4163366,4166505,4164935,-0.05815245058100672,0.014226854121082348,intermediate
4166506,4169526,4168016,0.04172549651378942,0.0021990979511167775,baseline
4169528,4172623,4171075,0.04155200850705348,0.002132951239931057,baseline
4172625,4175978,4174301,0.009906617668079131,0.006394978309178132,baseline
4175989,4179551,4177770,0.028735773062816442,0.005420814779636636,baseline
4179556,4182826,4181191,0.011270978083669454,0.00037040110387493726,baseline
4182829,4185930,4184379,0.021171352106453337,0.001721499616418028,baseline
4185931,4189127,4187529,0.036358911559234194,-0.0007733173334994484,baseline
4189130,4192512,4190821,0.02180673122971109,0.001105397997818132,baseline
4192513,4195681,4194097,0.028287799844090956,-0.00019717114357726135,baseline
4195684,4199135,4197409,0.025233768738789752,0.000808913006507411,baseline
4199138,4202157,4200647,-0.02389220361392137,0.011849558820935378,intermediate
4202160,4205435,4203797,-0.007355997782172557,0.0019633196180805345,intermediate
4205436,4209751,4207593,0.024898033581514847,0.0033671140345030623,baseline
4209752,4213148,4211450,0.0403448417908507,0.0026902793118747633,baseline
4213156,4216314,4214735,-0.054058592287194444,0.015057191667447161,intermediate
4216315,4219660,4217987,0.03212930149185469,-6.6464806812005e-05,baseline
4219662,4222943,4221302,0.00608303733187093,0.008659890817554385,baseline
4222946,4226323,4224634,-0.1140413980718127,0.014642783606005006,outlier
4226324,4229958,4228141,0.028521377869767415,0.0014739383667621052,baseline
4229959,4233732,4231845,0.025697156210323223,0.0023534256005480303,baseline
4233734,4237738,4235736,0.042407586166991404,0.0014919711166818755,baseline
4237740,4241144,4239442,-0.036160056015460185,0.007981812673296776,intermediate
4241145,4244732,4242938,0.0005579842031272972,0.006345155470218465,baseline
4244733,4248419,4246576,0.03050706020058022,0.0035675502513085678,baseline
4248435,4251890,4250162,0.03600923690878257,0.00235904923894086,baseline
4251891,4255766,4253828,-0.046009179857351486,0.011522152350051912,intermediate
4255767,4259060,4257413,0.020448824594963947,0.0016859950075113156,baseline
4259062,4262612,4260837,0.020159487392294024,0.002600432765937016,baseline
4262614,4266460,4264537,-0.01238613813980448,0.003668521702347268,intermediate
4266465,4270169,4268317,0.041648615269814046,0.0012010081601844178,baseline
4270170,4273607,4271888,-0.012717124157685228,0.0033802236995354924,intermediate
4273609,4276698,4275153,-0.07495908276817188,0.009927326824285663,intermediate
4276706,4279840,4278273,0.03526036193903541,0.00043907493621050546,baseline
4279844,4283029,4281436,0.012920572614922674,0.00043045118184906547,baseline
4283033,4286202,4284617,0.00690182121099542,0.002469222467281998,baseline
4286203,4289455,4287829,0.016454305165885065,0.004496021840848668,baseline
4289457,4292504,4290980,0.038511913793294356,0.0022599200087845624,baseline
4292506,4297036,4294771,0.002772157878692075,0.004223725837018928,baseline
4297039,4300253,4298646,-0.02960603958182188,0.007259719172130154,intermediate
4300254,4303389,4301821,-0.0066155065196178055,0.005192302714936461,intermediate
4303393,4306722,4305057,0.017324061964785593,0.0012914527891616197,baseline
4306726,4309913,4308319,-0.04529815110745776,0.01121023150593914,intermediate
4309915,4313111,4311513,0.021143209926094628,0.005403031587810926,baseline
4313114,4316537,4314825,0.02582464741526197,0.0016506033702225,baseline
4316538,4319962,4318250,0.005334464947239587,0.002315791575781351,baseline
4319966,4323530,4321748,0.00023148643978885893,0.0041818378854387534,baseline
4323536,4328659,4326097,0.01963034622825017,0.005306330166541401,baseline
4328663,4331659,4330161,0.027142867866607395,0.0025690949037820055,baseline
4331661,4335098,4333379,0.004768750431244277,0.0053088768517754415,baseline
4335100,4338373,4336736,0.03254037816393404,0.003765835027403041,baseline
4338379,4342270,4340324,-0.05910521829112486,0.012381239398489237,intermediate
4342273,4345468,4343870,-0.0743277470053125,0.01184886917633509,intermediate
4345473,4348772,4347122,-0.013410291845823794,0.006039454314111897,intermediate
4348774,4351910,4350342,0.029261762844065724,0.0026732958963503113,baseline
4351911,4356532,4354221,-0.029363425716601953,0.00841912108670435,intermediate
4356533,4359717,4358125,-0.07081768749665904,0.007861680148426954,intermediate
4359721,4363001,4361361,-0.051038645418501075,0.01021790575759533,intermediate
4363012,4366314,4364663,-0.0177598596367666,0.0029712737903861055,intermediate
4366317,4370447,4368382,0.022776808171757302,0.0007671859743111406,baseline
4370449,4373433,4371941,0.022975702718998264,0.0029546181393213995,baseline
4373441,4376533,4374987,0.0168825197197743,-0.0033449161174984665,baseline
4376534,4379749,4378141,0.029945623153295763,0.002201597735374144,baseline
4379753,4382867,4381310,0.02508005306163824,0.000646491500151526,baseline
4382870,4386154,4384512,-0.0641855348525346,0.011845390386324331,intermediate
4386158,4389246,4387702,-0.028227155253592214,0.005467062445512498,intermediate
4389250,4392437,4390843,-0.039965956141668105,0.0065188220985593764,intermediate
4392443,4395529,4393986,0.025965665787486318,0.004219606660663784,baseline
4395530,4402293,4398911,0.027413568536676272,0.0014349305685234495,baseline
4402294,4409609,4405951,0.012414585351867867,4.700491746583519e-06,baseline
4409611,4414324,4411967,0.005247318687936068,0.0036173876390351517,baseline
4414325,4417505,4415915,-0.021671227193489403,0.009926414047028934,intermediate
4417516,4420804,4419160,-0.01808192321938945,0.0012593661350610659,intermediate
4420805,4423908,4422356,0.03963989110645165,0.0012031958467854996,baseline
4423913,4427053,4425483,-0.019114927165818228,0.009210099017040918,intermediate
4427055,4430377,4428716,0.02980752455151263,0.002024744658296477,baseline
4430378,4433387,4431882,0.03936923853464547,0.0007727311291422974,baseline
4433388,4436476,4434932,-0.03465114704511412,0.005930194441326523,intermediate
4436477,4439448,4437962,0.03466104370129659,0.0012021418613831168,baseline
4439451,4442442,4440946,0.026298771143440022,0.0011365615533469077,baseline
4442443,4445444,4443943,0.02490756745142626,0.0041608889747095125,baseline
4445449,4450196,4447822,0.004998494562665286,0.002962867132762808,baseline
4450197,4453265,4451731,0.02221299038259969,0.0012572353647139513,baseline
4453270,4456489,4454879,0.04013245204652331,0.00011607174585743971,baseline
4456491,4461420,4458955,0.01935149972890503,-0.0010566584026876363,baseline
4461423,4464389,4462906,-0.009478664656240468,0.008782444537649937,intermediate
4464393,4467618,4466005,0.034643488539712004,0.0023206578521479597,baseline
4467619,4470764,4469191,0.0004851083734077236,0.006907037362775614,baseline
4470766,4474064,4472415,0.02338007506746071,0.0026152145092943565,baseline
4474066,4477313,4475689,-0.008698667491582565,0.00020015100461702118,intermediate
4477317,4480642,4478979,0.03770971195133729,0.0006283058432351871,baseline
4480643,4483807,4482225,0.025950468682139044,0.0011002780126497125,baseline
4483809,4487268,4485538,-0.0033116270350149572,0.0027150144882189193,baseline
4487277,4490490,4488883,0.04190099530366718,0.001932522727021298,baseline
4490491,4493790,4492140,0.0017964664473482926,0.003556281174894271,baseline
4493791,4497065,4495428,0.031977916630775996,0.002578564404472817,baseline
4497066,4500582,4498824,0.04058318502780857,0.0005699771853871472,baseline
4500584,4504176,4502380,-0.042944026418841735,0.011703269383882501,intermediate
4504181,4507720,4505950,0.025987262325762154,0.005455350329902144,baseline
4507724,4511886,4509805,0.00864236007518677,0.004271688168405908,baseline
4511887,4515332,4513609,0.016044100429790847,0.0028923129868604937,baseline
4515336,4518754,4517045,0.009304829426307778,0.006901113155750847,baseline
4518761,4522085,4520423,-0.011743761316023166,0.00389955152210684,intermediate
4522090,4525649,4523869,-0.007133202213527235,0.002532814813711379,intermediate
4525653,4529338,4527495,-0.04145275086924055,0.006175888005470998,intermediate
4529344,4532806,4531075,-0.11820015627562774,0.010160858118795512,outlier
4532825,4536185,4534505,-0.09815291854892684,0.0069891851795706355,outlier
4536189,4539215,4537702,-0.012062260273484863,0.005975907027646767,intermediate
4539216,4542433,4540824,-0.025921500151615495,0.005175323913960183,intermediate
4542435,4545576,4544005,0.007665362315412351,-0.0004944269484400243,baseline
4545577,4548699,4547138,-0.09469028204104497,0.0014098661321959147,outlier
4548700,4551884,4550292,-0.01612016659603413,-0.004640814703563277,intermediate
4551886,4555113,4553499,0.025290481119724987,-0.001491342682110544,baseline
4555120,4558417,4556768,-0.01678274175171206,0.004167854766284745,intermediate
4558418,4561385,4559901,0.02919353323664593,0.0023234414798462937,baseline
4561392,4564443,4562917,0.029991523929638036,-0.001859633404383649,baseline
4564444,4567538,4565991,-0.0003928562642222767,0.0016366627032036655,baseline
4567541,4570591,4569066,0.004713297117373112,-0.0037315114073398796,baseline
4570596,4573772,4572184,-0.0032316065998001433,0.005113306096534913,baseline
4573775,4577011,4575393,0.016905093977309306,0.0015750521853488198,baseline
4577013,4580042,4578527,-0.02220334726476813,0.0027116298985348417,intermediate
4580046,4583312,4581679,0.026038100993854032,0.005556281012205377,baseline
4583313,4586324,4584818,0.0050727822837311025,0.004786679468453036,baseline
4586325,4589294,4587809,-0.028604681942642315,0.005473950394092314,intermediate
4589295,4592215,4590755,-0.004550723850185831,0.0019496461865726859,intermediate
4592216,4595248,4593732,0.03756097754798998,0.000578923581848646,baseline
4595249,4598327,4596788,-0.07881484337434952,0.00667231902623895,intermediate
4598328,4601627,4599977,0.021308085239940003,0.004912143754489077,baseline
4601629,4604723,4603176,-0.022464520776579934,0.005161646931925846,intermediate
4604724,4607790,4606257,0.03540354162026657,0.0032692631438368687,baseline
4607796,4610891,4609343,0.02750608849974528,0.0029377358432071516,baseline
4610892,4614087,4612489,-0.0401529073115085,0.00887357775802558,intermediate
4614091,4617205,4615648,-0.058870383733368316,0.002981478399376199,intermediate
4617207,4620276,4618741,0.00796175412274841,0.0030177713591017052,baseline
4620277,4623697,4621987,-0.05592886788915477,0.005117274807075433,intermediate
4623698,4627654,4625676,-0.10664591128283751,0.018461943858936958,outlier
4627656,4631587,4629621,-0.05950334754643767,0.005567901514732556,intermediate
4631591,4634805,4633198,-0.10938262036178825,0.010528286664028066,outlier
4634811,4638220,4636515,-0.030129534205233434,0.0068010657643052,intermediate
4638223,4641457,4639840,0.020117499368058924,0.0033883197057976828,baseline
4641458,4644790,4643124,-0.06058882730524262,0.004791906242112748,intermediate
4644792,4648184,4646488,-0.025764526092703858,0.004192426335672588,intermediate
4648186,4651763,4649974,-0.0996392335166898,0.01595149001409072,outlier
4651764,4654804,4653284,0.0019770589246681613,0.0011717654405179446,baseline
4654808,4657877,4656342,-0.029759952630229347,0.005871142362336188,intermediate
4657878,4661098,4659488,-0.05106675477102538,0.007804310395676503,intermediate
4661100,4664224,4662662,-0.013510578920618783,0.00017758165223033426,intermediate
4664226,4667521,4665873,0.01561455221085451,-0.005226692820613,baseline
4667522,4670658,4669090,0.03005457449260537,0.0002573233950500535,baseline
4670660,4673887,4672273,0.03896796341240371,-0.000662408313059391,baseline
4673888,4677077,4675482,-0.0191495213361577,-0.0017197805282499648,intermediate
4677078,4680323,4678700,0.004677762947278576,0.0060565356162442085,baseline
4680327,4683666,4681996,-0.07133550937896903,0.016989102567632662,intermediate
4683675,4686923,4685299,-0.039553760077411376,0.006131785914773823,intermediate
4686925,4690094,4688509,0.027376803541694764,0.0029065413804618533,baseline
4690102,4693491,4691796,0.036372975758879385,-0.0005649885032953311,baseline
4693497,4696719,4695108,-0.016056938084853922,0.00991828859384446,intermediate
4696722,4699927,4698324,0.026824002411217573,-0.0007514798835651888,baseline
4699930,4703034,4701482,-0.010622732358878659,0.0048814415792724905,intermediate
4703036,4706141,4704588,-0.03427320078436731,0.006177278637000508,intermediate
4706148,4709666,4707907,0.029946605769011578,-0.0003028064422430037,baseline
4709671,4712764,4711217,0.036347861756683864,0.0037117335020138945,baseline
4712765,4716035,4714400,0.023767053906590153,0.0030328426458464466,baseline
4716036,4719179,4717607,-0.009399859519265058,0.0004202775040403542,intermediate
4719182,4722745,4720963,-0.006311269143622519,0.0076050037249052686,intermediate
4722749,4726139,4724444,0.04242836179342994,0.002347332194885768,baseline
4726141,4729483,4727812,-0.019409042367579413,-0.000370879600278096,intermediate
4729485,4732563,4731024,0.017617282321228903,0.006209425621071999,baseline
4732567,4735720,4734143,-0.012462033552269812,0.009476507449884502,intermediate
4735722,4739075,4737398,0.0421991327288339,0.001561472414450279,baseline
4739076,4742395,4740735,0.03753452138134514,0.003214685883005016,baseline
4742396,4745489,4743942,0.025644341279098728,0.004889659317259025,baseline
4745490,4748970,4747230,0.03070247533134956,0.003495642513247738,baseline
4748972,4752134,4750553,0.03822832027268397,0.0018163817080675939,baseline
4752136,4755536,4753836,-0.060808860967488824,0.011562916600971945,intermediate
4755539,4758549,4757044,0.03986459812543603,0.0014061843031324362,baseline
4758553,4762245,4760399,0.020948955797538533,-0.0020121114569096776,baseline
4762248,4766071,4764159,0.020662026075571074,0.0033889165840643733,baseline
4766073,4770292,4768182,0.03724240449549304,0.002448164870157309,baseline
4770295,4773697,4771996,0.039352724264044216,0.0021036246553503305,baseline
4773698,4777198,4775448,-0.019561372141109517,0.008895558002397455,intermediate
4777200,4780399,4778799,-0.015680403068721135,-0.002089310878955483,intermediate
4780401,4783851,4782126,0.0066619257161344755,0.005527257661776677,baseline
4783852,4787078,4785465,-0.01396011924214441,0.006058404055623264,intermediate
4787082,4790311,4788696,-0.012095313286554736,0.005924209683753645,intermediate
4790313,4800085,4795199,0.006123823995934792,0.0024424567595069395,baseline
4800091,4803354,4801722,0.002232729118173481,0.007996285085455539,baseline
4803357,4806614,4804985,-0.06813634923858154,0.01350939509863407,intermediate
4806617,4810273,4808445,0.039074628256919514,0.0026733880206130105,baseline
4810274,4813741,4812007,-0.009561836393210513,0.005976161600089923,intermediate
4813743,4816965,4815354,0.030738710993438383,-0.003335313897987863,baseline
4816968,4820305,4818636,-0.011182111747662715,0.006595421672789014,intermediate
4820306,4823370,4821838,-0.03917831581569465,0.012737601584752664,intermediate
4823371,4826676,4825023,0.023288318702235144,0.0004183869939504051,baseline
4826680,4830130,4828405,0.0350951033501856,0.00040542321865184215,baseline
4830131,4833094,4831612,0.0024323933573702516,0.002764549064220524,baseline
4833095,4836051,4834573,0.02217702439316434,0.002592307067579859,baseline
4836054,4838987,4837520,0.01704935124392259,0.007738020143113082,baseline
4838988,4842030,4840509,-0.10072657483879259,0.009495461024644923,outlier
4842032,4845453,4843742,-0.13727478539493407,0.012355226907665528,outlier
4845457,4848549,4847003,-0.1933783356812278,0.02227172863393664,outlier
4848552,4852270,4850411,-0.12726355469108508,0.018381431841345077,outlier
4852279,4856206,4854242,-0.18588963546427498,0.022215631264342537,outlier
4856207,4860257,4858232,-0.1601329967053321,0.009788493273742548,outlier
4860258,4863879,4862068,-0.09389840993445309,0.007872925193156199,outlier
4863884,4867392,4865638,-0.05404962487392364,0.009030001156911863,intermediate
4867394,4870655,4869024,0.007186314820088373,0.0029885809092150685,baseline
4870656,4875016,4872836,-0.0401188600844429,0.0075356627666410035,intermediate
4875017,4878429,4876723,-0.13813066142214372,0.024447619960355122,outlier
4878432,4881741,4880086,0.010883018030339083,0.00787163019620979,baseline
4881760,4886460,4884110,-0.014042366329134453,0.007462515277538951,intermediate
4886462,4889625,4888043,0.018692064364617504,0.0018907762634471452,baseline
4889626,4892556,4891091,-0.06339884873196894,0.006854725923512535,intermediate
4892558,4895776,4894167,0.035975373570952394,0.0019602975540307893,baseline
4895783,4899066,4897424,0.04004009801056596,0.002677820290984343,baseline
4899067,4902100,4900583,-0.016835939914700487,0.0023064987580100507,intermediate
4902104,4905032,4903568,0.040377617727250084,0.002772860823382807,baseline
4905033,4908114,4906573,-0.041209724553923716,0.004587944305292347,intermediate
4908119,4912284,4910201,-0.003751735283099826,0.0010725797535515095,intermediate
4912288,4915563,4913925,0.011322658196593198,0.0008093939559630657,baseline
4915568,4918591,4917079,0.020695851946196546,0.005420379191045841,baseline
4918594,4921991,4920292,0.03567584553752276,0.0018475382907176929,baseline
4921994,4925138,4923566,-0.006474757194039344,0.006375263558894144,intermediate
4925142,4928314,4926728,0.002675470138316539,-0.0027498610139530697,baseline
4928315,4932253,4930284,0.015910935094113864,0.004043190961782764,baseline
4932254,4935361,4933807,-0.005787945591288639,0.006675619199430646,intermediate
4935367,4938835,4937101,-0.022306254135577644,0.010577547784363832,intermediate
4938839,4942177,4940508,-0.0007664757055275774,0.00464537240155064,baseline
4942184,4951611,4946897,0.03253256775856626,-0.0006680350587586907,baseline
4951615,4954924,4953269,0.027174301051669382,0.0043095439804760145,baseline
4954931,4958127,4956529,0.010524832681640313,0.00048726300467244184,baseline
4958129,4961225,4959677,0.01154970671773946,0.005233512546733325,baseline
4961226,4964728,4962977,0.020593919900139118,0.003042991061959575,baseline
4964731,4967905,4966318,-0.08149896417554132,0.01049129943259771,outlier
4967906,4971169,4969537,0.01593188281189717,0.002011506458354932,baseline
4971170,4974204,4972687,0.03328643268824124,-0.0004830727112919908,baseline
4974206,4977550,4975878,0.023633593340809278,0.004763670336954542,baseline
4977553,4980840,4979196,0.027311525640576505,0.0010286154236219128,baseline
4980841,4984181,4982511,0.002164711782539474,0.006714358464308248,baseline
4984183,4987322,4985752,0.03129563253945869,0.0008341253730786018,baseline
4987324,4990497,4988910,0.004578221520438766,0.006418044297369003,baseline
4990498,4993578,4992038,-0.004493430836864609,0.0024135425786415243,intermediate
4993584,4998525,4996054,0.03249504507876687,0.0038865054709325995,baseline
4998533,5001523,5000028,0.03329219794373112,0.001841517110486949,baseline
5001524,5004849,5003186,0.019253905141902745,0.0023865777502668395,baseline
5004852,5007994,5006423,0.005483195967311874,0.0035680849113244313,baseline
5007996,5011162,5009579,0.021347070657029517,-2.7027680023839255e-05,baseline
5011163,5014369,5012766,0.03723123170767772,0.0024917304439814754,baseline
5014370,5019462,5016916,0.008090112657326025,0.0042548603547224164,baseline
5019465,5022505,5020985,0.02339420877062887,0.004593106710872831,baseline
5022508,5025811,5024159,0.034869424164201024,0.003514746628484386,baseline
5025813,5028969,5027391,2.760880626979693e-05,0.007313669437747197,baseline
5028970,5032159,5030564,0.03775466432460276,0.001938002623980572,baseline
5032163,5035240,5033701,0.03589927795478661,0.004071547983763241,baseline
5035241,5038164,5036702,0.04126080976677494,0.002818572961305527,baseline
5038165,5041212,5039688,0.04219732039837799,0.002158890300485515,baseline
5041215,5044265,5042740,-0.03508895543034329,0.004508004847677251,intermediate
5044276,5047449,5045862,-0.14178674182931092,0.011906460471377063,outlier
5047456,5051578,5049517,-0.01508277490564447,0.007024212563345639,intermediate
5051579,5055988,5053783,0.017516618312123127,0.002691325689535678,baseline
5055991,5060218,5058104,0.03112112692139912,0.00036663970049022825,baseline
5060222,5063582,5061902,0.013576953856429059,0.004021685300192952,baseline
5063583,5066611,5065097,-0.012964256829475978,0.0046710907326719215,intermediate
5066614,5069632,5068123,-0.0034879198949702406,0.003189474251754896,baseline
5069633,5072665,5071149,-0.03869955559225822,0.0037336482651500946,intermediate
5072668,5075829,5074248,-0.023583423834778714,0.0008051469306508184,intermediate
5075832,5079928,5077880,0.01924245619067381,0.0034435708680969407,baseline
5079931,5083189,5081560,-0.014463180091129913,0.005600043332755126,intermediate
5083190,5086664,5084927,0.0337860816774917,0.004125137480101688,baseline
5086665,5089986,5088325,-0.07358178351981129,-0.0005103026738964207,intermediate
5089990,5093249,5091619,0.015331370868862283,-0.0004524026214770253,baseline
5093250,5096970,5095110,-0.10488156335341296,0.008747911049673696,outlier
5096971,5099990,5098480,-0.002367183511479888,-0.0034923190499786226,baseline
5099994,5103193,5101593,-0.0026900501529000236,0.0018940401862550505,baseline
5103196,5106439,5104817,-0.013360108314726083,0.00041747063670735814,intermediate
5106442,5109796,5108119,-0.1988269397284086,0.005571431623701667,outlier
5109799,5113666,5111732,-0.1055138203974773,0.00976067800690447,outlier
5113667,5116987,5115327,0.0027860050618037893,0.004302341678382539,baseline
5116988,5120518,5118753,-0.050016304584468166,0.005733924662492424,intermediate
5120519,5123669,5122094,-0.05841858973070107,0.0025465109040724047,intermediate
5123671,5126769,5125220,0.02231481170797548,-0.0012036143923593394,baseline
5126770,5129844,5128307,-0.18065217733426522,0.0142595045140688,outlier
5129868,5132978,5131423,-0.08551061151242671,0.008943736349739318,outlier
5132980,5135882,5134431,-0.12586122179207407,0.0038484903613383884,outlier
5135883,5140288,5138085,-0.09120933942538852,0.005702863698142402,outlier
5140290,5143354,5141822,-0.047784672393790494,-0.0015633306365245687,intermediate
5143355,5146423,5144889,-0.018922577065509302,0.003233789628002674,intermediate
5146427,5149655,5148041,-0.0962461262404719,0.017612223894769352,outlier
5149658,5154078,5151868,-0.05586777792534989,0.010769850391602935,intermediate
5154085,5157276,5155680,-0.2004642124436514,0.009878668959995068,outlier
5157277,5160349,5158813,-0.21189968807349746,0.010676934061187904,outlier
5160350,5163367,5161858,0.026143650760938306,0.001296848377607223,baseline
5163372,5166628,5165000,-0.17165341981303825,0.020155145470147087,outlier
5166631,5169958,5168294,-0.122970946194009,0.011879818230449441,outlier
5169960,5173126,5171543,-0.016166566605665053,0.006491779633105248,intermediate
5173135,5176086,5174610,0.008330435908729705,0.0004236300839973931,baseline
5176093,5180219,5178156,-0.05032908752861631,0.011576378431091558,intermediate
5180220,5183540,5181880,0.008518027013963996,-0.0004712916250158026,baseline
5183542,5186934,5185238,-0.10873965603705352,0.012461885447755627,outlier
5186935,5190109,5188522,-0.13663090036709521,0.020597087181081233,outlier
5190110,5194238,5192174,-0.06869571341280935,0.012806985080433477,intermediate
5194243,5197293,5195768,-0.09024017554990711,0.015269154475809944,outlier
5197298,5201531,5199414,-0.061878884037967014,0.0029459571438079893,intermediate
5201533,5205161,5203347,0.013744598770434205,0.005468647432093604,baseline
5205163,5209152,5207157,0.019606031344532846,0.00512290763463959,baseline
5209160,5212255,5210707,0.03508479810515685,-0.0011132191835241123,baseline
5212258,5215409,5213833,0.013638234779800239,0.009542889715974667,baseline
5215415,5218544,5216979,-0.11467391477070529,0.0208001620458363,outlier
5218546,5221584,5220065,-0.08271601255505892,0.019682430552313383,outlier
5221588,5224462,5223025,-0.04039572157191279,0.012384866274093657,intermediate
5224463,5227755,5226109,0.017946284477765015,0.004685750919351529,baseline
5227756,5231219,5229487,0.008582800751089229,0.0039002782117771033,baseline
5231220,5234709,5232964,0.01525335336194379,0.002222421181418408,baseline
5234715,5237834,5236274,-0.007554868745745972,-0.004142294291544208,intermediate
5237835,5240995,5239415,-0.020726815797945053,-0.0018876005078342479,intermediate
5241001,5244287,5242644,-0.06356355522807837,-0.00023523037198747387,intermediate
5244293,5247536,5245914,-0.03617014016706029,0.009160832806939431,intermediate
5247537,5250616,5249076,0.03553666274707969,-0.0005451202981613973,baseline
5250618,5253798,5252208,-0.11557444235391637,0.008155009337610871,outlier
5253799,5257136,5255467,0.030516684025291865,-0.003170198136160617,baseline
5257140,5260774,5258957,-0.24291512599825082,0.03621630295293515,outlier
5260776,5264321,5262548,-0.05460140443641613,0.014240653484395611,intermediate
5264324,5267620,5265972,-0.11707871735760512,0.014727603973290046,outlier
5267622,5271012,5269317,-0.09052571608116826,0.013935925894712474,outlier
5271013,5274217,5272615,0.024636792947118936,0.0031321797516229554,baseline
5274220,5277219,5275719,0.017435375273233022,0.004783529458330391,baseline
5277223,5280474,5278848,0.02609092941611259,0.005979820757135278,baseline
5280477,5283960,5282218,-0.024693759559998914,0.007815729424067748,intermediate
5283961,5287755,5285858,0.03747785485294151,0.0038119684723248795,baseline
5287758,5291606,5289682,-0.015139607691970439,0.00438292503931671,intermediate
5291610,5295889,5293749,0.03028468817024126,0.001939544504436389,baseline
5295890,5299435,5297662,0.017149823047782967,0.007611200736994711,baseline
5299437,5303281,5301359,0.03507980515065949,0.002855489193310692,baseline
5303285,5306640,5304962,-0.12152715003321417,0.02029795326101284,outlier
5306641,5309865,5308253,-0.05122881736609241,0.009556817333356967,intermediate
5309867,5314262,5312064,-0.10705188390905342,0.015557413807776728,outlier
5314273,5318012,5316142,-0.03656473700747756,0.007194877267927218,intermediate
5318014,5322210,5320112,0.02712299894143612,0.002780878141136548,baseline
5322211,5326672,5324441,-0.08104605182028674,0.014394330105776145,outlier
5326684,5329992,5328338,0.01254655184176194,0.005953584140541999,baseline
5329994,5333175,5331584,-0.005619199434360414,0.00712692108300167,intermediate
5333185,5336325,5334755,-0.015585405250166637,0.008321918374909712,intermediate
5336337,5339405,5337871,0.039636615767501375,-0.0013935428415323245,baseline
5339410,5342636,5341023,-0.05489681275892435,0.0019394607522962794,intermediate
5342637,5345780,5344208,-0.046086146604739135,0.002738132647397603,intermediate
5345784,5348833,5347308,-0.013204979352826409,0.0026490911229429225,intermediate
5348834,5351859,5350346,0.0004559709887621088,0.0061762336885853855,baseline
5351860,5354898,5353379,0.009879475748349294,0.004595519852391666,baseline
5354899,5357944,5356421,0.031991324676229435,0.0030785091489395886,baseline
5357945,5360889,5359417,0.01347933263864,-0.0013890996825466878,baseline
5360895,5363956,5362425,0.025335819746024692,0.003452682444005951,baseline
5363957,5366990,5365473,0.026729873828996626,0.0013774914254494892,baseline
5367010,5369961,5368485,0.03209475179394651,0.002784458229268679,baseline
5369962,5372972,5371467,0.015537468835570284,0.005356328590822816,baseline
5372974,5376225,5374599,0.018621398848755116,0.003553110560723724,baseline
5376227,5379190,5377708,0.014681944004629511,0.003835025533392704,baseline
5379191,5382762,5380976,0.014897395303984208,0.0038302076395574825,baseline
5382768,5387155,5384961,-0.05369406581027419,0.011676264603102697,intermediate
5387156,5390286,5388721,0.024910520131161542,0.002039479299187152,baseline
5390287,5393365,5391826,-0.03365050311588531,0.006053632825755009,intermediate
5393369,5396462,5394915,0.005631690469409299,0.007240417106869936,baseline
5396469,5399712,5398090,-0.02079447726377,0.0044338565827349305,intermediate
5399717,5403227,5401472,-0.041797265970625296,0.006237395257994805,intermediate
5403229,5406654,5404941,0.029416160856199563,0.0018681006415193517,baseline
5406655,5410060,5408357,0.004260440721941794,0.0042761965913041934,baseline
5410068,5413192,5411630,0.025678171091822376,0.005052638989330968,baseline
5413194,5416329,5414761,-0.08540109954594087,0.008141952219062961,outlier
5416330,5419599,5417964,0.001473619484767647,0.004255053092684957,baseline
5419600,5422821,5421210,-0.014194133125421306,0.005722873414423375,intermediate
5422824,5425898,5424361,0.022513328657483293,0.0043264996174333294,baseline
5425900,5430076,5427988,0.010676881106573277,0.005264351317805096,baseline
5430080,5433847,5431963,0.011701840601792432,0.00350472731983305,baseline
5433849,5437255,5435552,0.0015522145358266891,0.0024768593831426635,baseline
5437257,5440417,5438837,-0.07054828324736516,0.0121658407382645,intermediate
5440418,5443538,5441978,0.015777599853736182,0.0071515039299827445,baseline
5443539,5446761,5445150,0.01257318439509744,0.005689331849687789,baseline
5446763,5449816,5448289,-0.047654238725295596,0.008291935833526828,intermediate
5449817,5452858,5451337,0.027219522665026304,0.001994728874235438,baseline
5452859,5456031,5454445,0.042729559198867166,0.001442155389348558,baseline
5456040,5459166,5457603,0.01137496581387049,0.0039338505728052225,baseline
5459170,5462596,5460883,0.012962315981504303,0.003764329880860984,baseline
5462599,5465783,5464191,-0.03544097853371883,0.007182379402759334,intermediate
5465787,5468958,5467372,-0.03560926919090494,0.006072896315892473,intermediate
5468960,5472091,5470525,0.010157432676404626,0.00605447920712337,baseline
5472092,5475210,5473651,-0.022900144110911156,0.010758313814227417,intermediate
5475211,5478351,5476781,-0.11876635835932092,0.022244292061652546,outlier
5478353,5481688,5480020,-0.047579418965379025,0.013681825310131032,intermediate
5481694,5484857,5483275,0.015490401925837612,0.004123236120796704,baseline
5484858,5488010,5486434,0.00198186740467713,0.004548602769017736,baseline
5488012,5491102,5489557,-0.00827395998775904,0.0053402808057520365,intermediate
5491104,5494322,5492713,-0.08030364323542687,0.012963066602342723,outlier
5494324,5497701,5496012,0.041842743306509694,0.0018992087510829375,baseline
5497707,5500811,5499259,0.04220697663141361,0.002215894292151819,baseline
5500813,5503975,5502394,0.00603509696624645,0.006482960899307152,baseline
5503980,5507173,5505576,-0.05918634963273243,0.010091384437053177,intermediate
5507178,5510352,5508765,-0.017365246035521895,0.007041559902808356,intermediate
5510355,5513657,5512006,-0.08153893988209325,0.013370991208479873,outlier
5513660,5517038,5515349,0.01153150255973311,0.006806212659265792,baseline
5517041,5520383,5518712,-0.0736050375695614,0.00569616567118978,intermediate
5520385,5523374,5521879,-0.009026603757552772,0.009652475685192414,intermediate
5523376,5526554,5524965,-0.07681132844556347,0.007237521015099308,intermediate
5526555,5529895,5528225,-0.009649456862341655,0.0045546417682225,intermediate
5529899,5533259,5531579,0.02490194098102883,0.0018908726500641427,baseline
5533261,5536807,5535034,0.019647760928043677,0.0014333093049020247,baseline
5536808,5539902,5538355,0.03304797572740428,0.00125584301752632,baseline
5539903,5543030,5541466,-0.005226499215212661,0.00823444058867252,intermediate
5543035,5546231,5544633,0.010300727724897658,0.0014395300830344904,baseline
5546233,5549364,5547798,0.04247203144160686,0.0018494009908408228,baseline
5549365,5552530,5550947,-0.07476129531363705,0.010189184386570627,intermediate
5552536,5555900,5554218,-0.00155108890216577,-0.0009475549208966209,baseline
5555901,5559315,5557608,0.032371155069401136,0.0021218652778261125,baseline
5559316,5562533,5560924,-0.03381247129579555,0.008460591044015303,intermediate
5562534,5565684,5564109,-0.02902423975680641,0.0037052615032051477,intermediate
5565690,5568768,5567229,0.02884315331127359,0.004089471500341364,baseline
5568775,5571778,5570276,-0.07903345452583584,0.012339257912684663,intermediate
5571787,5575121,5573454,-0.021095377119483564,0.007599139553232137,intermediate
5575131,5578564,5576847,0.02944786318579801,-6.437003335596756e-05,baseline
5578568,5581706,5580137,-0.022380933458478743,0.009363545715421438,intermediate
5581710,5584958,5583334,-0.005242643166518675,0.0018161350701275099,intermediate
5584962,5588025,5586493,-0.0009757300650778346,0.007313867187295642,baseline
5588031,5591617,5589824,-0.003495832790220381,0.0026533208848099525,baseline
5591618,5594741,5593179,-0.06976835313247733,0.013174236101159613,intermediate
5594744,5597963,5596353,0.03107276675013951,0.003367530317306264,baseline
5597965,5601168,5599566,0.01573650631670208,0.00361229900823407,baseline
5601171,5604371,5602771,-0.011005969090716567,0.007127891109630706,intermediate
5604372,5607661,5606016,-0.09651683099677362,0.016801990430087056,outlier
5607666,5610829,5609247,-0.10959440671761472,0.019628308376569707,outlier
5610832,5613958,5612395,0.0030296408456854398,0.0007805179787624694,baseline
5613959,5617293,5615626,-0.02777460205349961,0.0026637931555935695,intermediate
5617294,5621530,5619412,0.02347100762950066,0.005991563426717204,baseline
5621534,5624855,5623194,-0.07754941052157828,0.017159799896929045,intermediate
5624859,5628195,5626527,-0.1270585161259919,0.023178272852493877,outlier
5628196,5631414,5629805,-0.1393820357432709,0.02517514791106958,outlier
5631416,5635159,5633287,-0.10329668359287872,0.014330777822693317,outlier
5635162,5638617,5636889,-0.14685434707397282,0.024917197483481777,outlier
5638621,5642327,5640474,-0.0606336203191748,0.01378272931979538,intermediate
5642328,5646218,5644273,-0.060424986539721316,0.016420530322928364,intermediate
5646221,5649523,5647872,-0.12774420731460934,0.008865222544376777,outlier
5649525,5653571,5651548,-0.018608958073506793,0.007462744928293431,intermediate
5653577,5657058,5655317,-0.09086825653474846,0.01881257252801415,outlier
5657060,5660549,5658804,0.032930004770265295,0.000727003203263877,baseline
5660550,5664542,5662546,-0.08861053995503551,0.019462400488412097,outlier
5664545,5668018,5666281,-0.0391344874708984,0.004759894335965651,intermediate
5668021,5671339,5669680,-0.07590690920726925,0.009224192255181422,intermediate
5671341,5674388,5672864,-0.07845604337765824,0.005094684662011397,intermediate
5674389,5677466,5675927,-0.029134568692368676,-0.004610841868389762,intermediate
5677467,5682476,5679971,-0.001187193167286456,0.004450762592401103,baseline
5682478,5685491,5683984,0.005628727698097499,0.0008356660257746828,baseline
5685492,5688516,5687004,-0.015379057055142708,0.008271585776884062,intermediate
5688521,5691628,5690074,0.00046536433082771777,0.0031196758853845406,baseline
5691634,5694809,5693221,0.014890807474128472,0.0029858674424691947,baseline
5694810,5697805,5696307,0.02520252960665256,0.0012809496930721947,baseline
5697807,5700822,5699314,0.04099278316260494,0.0018075468187930283,baseline
5700823,5703985,5702404,0.034724185660674006,0.001470356158108377,baseline
5703986,5707084,5705535,-0.004002081504271754,0.004632733911649732,intermediate
5707085,5710045,5708565,-0.04191028182580244,0.006611881895290069,intermediate
5710046,5713248,5711647,-0.06265147087915557,0.007192680919608597,intermediate
5713251,5716218,5714734,0.006100100250800788,0.004794339777297216,baseline
5716220,5719196,5717708,0.03458480371512491,0.0025441602516391546,baseline
5719200,5722209,5720704,-0.04209231889441958,0.008595572533733572,intermediate
5722210,5725180,5723695,-0.018357171921423127,0.010049114645587276,intermediate
5725182,5728320,5726751,-0.04881267750299895,0.012524480262481534,intermediate
5728321,5731307,5729814,-0.011229997518682634,0.002284667994642786,intermediate
5731318,5734309,5732813,-0.00782107242252998,0.0009595183253209637,intermediate
5734310,5737377,5735843,0.019752703570751776,0.002415305548198805,baseline
5737379,5740374,5738876,0.03631453010420949,0.0003700223237627024,baseline
5740376,5743697,5742036,-0.062161855539653546,0.0002966542992449496,intermediate
5743698,5746716,5745207,0.020904523683478695,0.00522817811559689,baseline
5746722,5749771,5748246,0.037439485995426694,0.0025280892382354577,baseline
5749775,5752835,5751305,-0.00546381590148509,0.003788194645993165,intermediate
5752836,5755806,5754321,-0.06264499924597415,0.003184749498210624,intermediate
5755808,5758728,5757268,0.02344867461496489,0.00043425734269436655,baseline
5758730,5761678,5760204,0.007990438806255903,0.0011913111748582687,baseline
5761683,5764765,5763224,-0.0008097996221622272,0.0036204794723009204,baseline
5764772,5767919,5766345,0.00824219048293612,0.006110039083708059,baseline
5767920,5771007,5769463,0.023960879799155232,0.005236316140839935,baseline
5771010,5774000,5772505,0.03014271449235997,0.0017744605995417115,baseline
5774002,5776990,5775496,0.03885422052264314,0.0023893628122997126,baseline
5776991,5780099,5778545,0.039756146990628106,0.0027871443154452494,baseline
5780104,5783344,5781724,0.014579820689854046,0.002774566538764996,baseline
5783348,5786479,5784913,0.005072465530326435,0.005346997980186719,baseline
5786480,5789604,5788042,0.00556858076944379,0.0030541277640462675,baseline
5789607,5792960,5791283,0.03879533509343108,0.0023429988026974994,baseline
5792962,5796442,5794702,0.001816227832634737,0.005680087654015861,baseline
5796444,5799481,5797962,0.00239428547190006,0.003199448564710031,baseline
5799483,5806040,5802761,-0.02266214295498536,0.006738439602360423,intermediate
5806049,5809608,5807828,-0.010881236847594225,0.00578282777186541,intermediate
5809609,5813247,5811428,0.03987353130196035,0.002412687703924203,baseline
5813249,5816469,5814859,0.0295851734610023,-0.0004145183310417962,baseline
5816470,5820888,5818679,-0.04546218096858973,0.008273067831915162,intermediate
5820897,5829754,5825325,0.03610349600892186,0.002460954935870559,baseline
5829764,5833173,5831468,0.026359773246862214,0.0032999374701828126,baseline
5833177,5836622,5834899,0.014735406101766421,0.0029013417866961214,baseline
5836627,5840212,5838419,0.004884949868096208,0.007292985910345164,baseline
5840217,5844573,5842395,0.01632371521802182,0.0041089312426329,baseline
5844576,5848958,5846767,0.002115334413604925,0.004564208187284575,baseline
5848960,5860939,5854949,-0.08521056861408821,0.01545567204174588,outlier
5860940,5864317,5862628,0.034414146356793046,0.004487370116604796,baseline
5864320,5867622,5865971,0.026246748857252505,0.00551612467578918,baseline
5867626,5870976,5869301,0.019607779063356735,0.0011341762485655152,baseline
5870977,5874166,5872571,-0.0016375336708487713,0.004879055134694913,baseline
5874172,5877808,5875990,-0.03953812551473757,0.003346361639580237,intermediate
5877810,5880927,5879368,-0.025152882256410998,0.0032116960417579625,intermediate
5880931,5884097,5882514,-0.09837905446731961,0.0063479805892681755,outlier
5884098,5887316,5885707,-0.08000633285050007,0.013779257075454944,outlier
5887317,5892273,5889795,-0.17160657207656854,0.020296524249098037,outlier
5892278,5895819,5894048,-0.02261425158007993,0.00857963516943713,intermediate
5895821,5898743,5897282,-0.09014100517961456,0.01295561518046132,outlier
5898745,5902083,5900414,0.029905471962185206,0.0010733443551383367,baseline
5902084,5906908,5904496,-0.05187581391611227,0.010526080885340666,intermediate
5906909,5910409,5908659,-0.10111044497480991,0.015826347263364758,outlier
5910410,5913694,5912052,-0.00019791303901211429,0.007624289994874719,baseline
5913696,5917071,5915383,-0.024609073997844857,0.007841851060596945,intermediate
5917077,5920441,5918759,-0.07492558963626463,0.009809614542280907,intermediate
5920445,5926311,5923378,0.03683355566086773,0.002245055899558345,baseline
5926312,5930063,5928187,0.032248941764889426,0.001938377834744033,baseline
5930065,5945973,5938019,-0.08479224247288027,0.010944675344246839,outlier
5945974,5949118,5947546,0.004179009888363576,0.00037212149967373376,baseline
5949121,5952715,5950918,-0.08206137403003669,0.0015015504041771604,outlier
5952717,5958085,5955401,0.040418982641154656,0.001997991759067386,baseline
5958087,5961065,5959576,0.025376000221318133,0.005037855106226031,baseline
5961067,5964066,5962566,0.021769320589990492,0.0033327519136358377,baseline
5964067,5968472,5966269,0.03392332529371806,0.0041567115852823005,baseline
5968474,5971427,5969950,0.03854860953744604,0.0018945031507794175,baseline
5971429,5975092,5973260,0.023356657682483028,0.0035066372592183026,baseline
5975096,5978467,5976781,-0.03901399027254988,0.006523026085098393,intermediate
5978468,5982081,5980274,-0.07179312338075608,0.006950907457791153,intermediate
5982083,5985452,5983767,-0.030278061879626565,0.006246477954268754,intermediate
5985457,5988728,5987092,0.030093550616817965,0.002984619295519535,baseline
5988734,5992108,5990421,-0.00612901457541527,0.004241854195989524,intermediate
5992110,5995609,5993859,0.002117846772237531,0.007164697556525154,baseline
5995611,6000354,5997982,-0.02047668135346206,0.0051294810982072826,intermediate
6000356,6003768,6002062,-0.039506842802536676,0.004281775436708962,intermediate
6003769,6007194,6005481,0.007454258263440624,0.007321240384853989,baseline
6007195,6012243,6009719,-0.09776527438424579,0.004047342829551147,outlier
6012244,6015586,6013915,-0.04903590002748761,0.0011593532308055085,intermediate
6015587,6019303,6017445,-0.08554410886352823,0.0060600337044443954,outlier
6019304,6023821,6021562,-0.02757113074198166,0.005003671775639089,intermediate
6023824,6027108,6025466,-0.027048624206559832,0.004147828751755881,intermediate
6027109,6031401,6029255,-0.10218339431739622,0.010794524171007186,outlier
6031404,6036057,6033730,-0.03464089539909834,0.0010830597500857777,intermediate
6036063,6040378,6038220,-0.0006503497277315718,0.008064539123591336,baseline
6040381,6045016,6042698,-0.05189598029295714,0.007694172352133139,intermediate
6045019,6048850,6046934,-0.008238617993872214,0.006487521319376913,intermediate
6048854,6054115,6051484,-0.07411777521990423,0.0026780027869309497,intermediate
6054119,6057455,6055787,0.0008410626721943882,0.006912056004810355,baseline
6057456,6060817,6059136,-0.077120376872734,0.017327853342433832,intermediate
6060819,6064268,6062543,-0.10726719227831116,0.019675091275647733,outlier
6064269,6067358,6065813,-0.0028333131693659887,0.003537422243935387,baseline
6067359,6070632,6068995,0.04081717728892122,0.002315742014504847,baseline
6070641,6074014,6072327,0.010739958903482479,0.003270492640956582,baseline
6074025,6077086,6075555,0.03332949394028452,0.0025981599410712466,baseline
6077087,6080615,6078851,0.03125875443928625,0.0020850954020026286,baseline
6080625,6083962,6082293,0.02724666978308858,0.006572153488116907,baseline
6083964,6086995,6085479,-0.00410766680504334,0.002332767781369094,intermediate
6087008,6090166,6088587,-0.025881545503124503,-0.0008799205397189515,intermediate
6090170,6093442,6091806,0.031118156117740856,0.0034589910712965587,baseline
6093445,6096997,6095221,-0.029179626595099976,0.015591370875174709,intermediate
6096999,6100742,6098870,0.03268749694316377,0.0019544202235257553,baseline
6100745,6106226,6103485,0.027080986503268328,-0.001193706740058762,baseline
6106227,6112800,6109513,0.002416554166099286,-0.005404657163863835,baseline
6112804,6117528,6115166,-0.013012805396752791,-0.0027653248836764866,intermediate
6117531,6121582,6119556,-0.029479456564064078,-0.011311203711035629,intermediate
6121584,6125271,6123427,0.03339619696488112,-0.006944083171094693,baseline
6125274,6129297,6127285,-0.12503947739877347,0.02156421108034811,outlier
6129298,6132931,6131114,-0.08292960014779559,0.012957970787694393,outlier
6132935,6136215,6134575,-0.029394510325740635,0.009926691466330798,intermediate
6136220,6139315,6137767,-0.1622500831763426,0.020280207672736996,outlier
6139318,6142778,6141048,-0.009917952411271452,0.006244609682753182,intermediate
6142780,6146068,6144424,-0.014208126986034617,0.009010928480615795,intermediate
6146071,6149302,6147686,-0.0001394418969377514,0.005109424004014664,baseline
6149305,6155339,6152322,-0.04133178771788449,0.001882782770488187,intermediate
6155341,6158813,6157077,-0.13344385552844187,0.015107096814061331,outlier
6158815,6161999,6160407,-0.002714833604460928,0.0011586073617588135,baseline
6162000,6165089,6163544,-0.012353053201193473,0.003946820677873493,intermediate
6165090,6168214,6166652,0.0033881880699025797,0.0052994833452022,baseline
6168218,6171470,6169844,0.01607503278821837,0.004764282779439542,baseline
6171471,6174737,6173104,0.0005726865271016564,0.010502875848417382,baseline
6174741,6178114,6176427,0.023098549362419885,0.004137516479365085,baseline
6178117,6181514,6179815,0.004447610492367761,0.0018249261136300669,baseline
6181519,6184675,6183097,0.017696833281146157,0.0047093406617743,baseline
6184677,6188275,6186476,-0.11072016603429502,0.011505810854253066,outlier
6188282,6191795,6190038,0.006355761012785685,0.005491708071994174,baseline
6191796,6196969,6194382,0.03559672173564237,0.001691738984996172,baseline
6196972,6200423,6198697,-0.0265840727311983,0.004754575329639949,intermediate
6200425,6203588,6202006,0.029171415351371598,0.0016956442863469386,baseline
6203589,6207161,6205375,0.016651023222032962,0.005191108470250655,baseline
6207165,6210488,6208826,-0.037809258215376715,0.013084506301135284,intermediate
6210497,6213936,6212216,-0.06096913354007099,0.009798261161904217,intermediate
6213948,6217839,6215893,0.0023186893087898766,0.007343304500917854,baseline
6217840,6223349,6220594,-0.16662023687737243,0.023794845286652214,outlier
6223350,6226811,6225080,-0.045125510160912014,0.008646173954917907,intermediate
6226813,6230444,6228628,0.021640379674166564,0.005062296232952317,baseline
6230448,6235116,6232782,0.020703865558588084,0.00350504428984839,baseline
6235124,6238309,6236716,-0.05096324658758802,0.007714202797540571,intermediate
6238310,6241916,6240113,0.036815134331029106,0.001641310081382953,baseline
6241917,6245223,6243570,0.01694959460252697,0.000981492114961461,baseline
6245224,6248443,6246833,-0.10598701803724132,0.012571940625833986,outlier
6248445,6252906,6250675,-0.10194327095134215,0.01788225663103949,outlier
6252908,6256465,6254686,-0.08396441249658619,0.019428755394277714,outlier
6256466,6259402,6257934,0.0020582390001599757,0.0072076191365789705,baseline
6259403,6262813,6261108,0.0028540925618693834,0.006348399545386382,baseline
6262817,6266549,6264683,0.023697547715316403,0.004666320044708437,baseline
6266550,6270056,6268303,0.03919020238206911,0.0032106027670224077,baseline
6270066,6273605,6271835,-0.05154067325112055,0.0130081396479065,intermediate
6273610,6277197,6275403,0.03660371825032958,0.0018943415934130619,baseline
6277200,6280737,6278968,0.016579237094322918,0.001215738722187875,baseline
6280740,6284472,6282606,-0.015752985687910243,0.006708381130817629,intermediate
6284475,6287647,6286061,0.025544504729377006,0.005412838004826666,baseline
6287652,6290841,6289246,0.007209523401196562,0.008043017941191043,baseline
6290843,6294135,6292489,-0.06610818993340402,0.016571288217199585,intermediate
6294138,6297653,6295895,-0.02330612815073071,0.008635671025672354,intermediate
6297656,6301739,6299697,-0.03185656047848177,0.0076187860160255826,intermediate
6301742,6304880,6303311,-0.08803528685581072,0.009895100796437205,outlier
6304884,6308949,6306916,0.01450381599762705,0.0013360310801746951,baseline
6308954,6312098,6310526,-0.06309988799066474,0.008898572559939961,intermediate
6312100,6323924,6318012,0.02342983492108635,0.00402127508868058,baseline
6323927,6327195,6325561,-0.0046335274143449725,0.008364225969922224,intermediate
6327205,6330399,6328802,0.0418318725326723,0.001136631029195291,baseline
6330403,6333744,6332073,0.005459487273813724,0.0016116489450430562,baseline
6333756,6336790,6335273,0.00472552928870543,0.003232212232285109,baseline
6336792,6339773,6338282,0.022788990227873205,0.0029768389136796305,baseline
6339775,6342921,6341348,0.0343618336323959,0.003865491856602011,baseline
6342923,6346185,6344554,-0.06316174058649206,0.004752886815963751,intermediate
6346186,6349338,6347762,0.03068805199184902,0.0004774451939609045,baseline
6349344,6353706,6351525,0.030830165415997788,0.0033065397539384657,baseline
6353707,6356862,6355284,-0.06824110467434263,0.019390938661392493,intermediate
6356865,6359893,6358379,-0.121518795830304,0.025925979232293277,outlier
6359897,6363093,6361495,-0.17014935204422835,0.01520426265907133,outlier
6363095,6367064,6365079,-0.23352366474275518,0.013364467240576565,outlier
6367065,6374237,6370651,-0.2581249246204547,-0.05268591824014367,outlier
6374241,6378284,6376262,-0.26433042555280184,-0.007753526387345196,outlier
6378285,6381886,6380085,-0.1713689045089861,0.004740173295976368,outlier
6381888,6385297,6383592,-0.20743553033108494,0.02228220059699269,outlier
6385306,6388580,6386943,-0.0716889000599691,0.004054306604180201,intermediate
6388588,6392008,6390298,-0.016159269107175786,-0.008057543042305238,intermediate
6392011,6395287,6393649,-0.020601276024352924,-0.005379471830964937,intermediate
6395288,6398988,6397138,-0.018732552917593397,0.006694636453013821,intermediate
6398989,6402599,6400794,-0.023337019999114108,0.005802613975505832,intermediate
6402610,6405889,6404249,0.038754526882631736,0.0016701156420395678,baseline
6405894,6410560,6408227,-0.020757292267513702,0.004570867455671417,intermediate
6410562,6414674,6412618,-0.027877073748136767,0.005098511103634599,intermediate
6414683,6419784,6417233,-0.04017491447878854,0.005291443395107885,intermediate
6419787,6423286,6421536,0.00452485012356092,-0.0009158715839310638,baseline
6423289,6426614,6424951,-0.046683031924378816,0.0018311857083278603,intermediate
6426615,6432249,6429432,0.026769146366192167,0.0020747397652446983,baseline
6432266,6436056,6434161,-0.0029494769190019465,0.005284853482489687,baseline
6436059,6439285,6437672,0.03516522673359889,0.002865287848688861,baseline
6439286,6443587,6441436,-0.02208336932624205,0.012045688482908202,intermediate
6443588,6448261,6445924,-0.03254896331797981,0.009556684373582303,intermediate
6448271,6452326,6450298,-0.055158550618538256,0.008576308363846218,intermediate
6452327,6456412,6454369,-0.0064404802717569105,0.008586187785827641,intermediate
6456413,6460117,6458265,-0.019482295592438983,0.009017490165845203,intermediate
6460118,6463569,6461843,-0.08977460363295801,0.009658305941559314,outlier
6463575,6466763,6465169,-0.028469967435612125,0.009535354826331733,intermediate
6466765,6470454,6468609,-0.03625123628863175,0.011639780639843972,intermediate
6470455,6475518,6472986,0.02903346462094175,0.00508963717529897,baseline
6475526,6480527,6478026,0.017780748609755936,0.0071674086167627426,baseline
6480529,6486505,6483517,0.0119145984814822,0.006245196622501342,baseline
6486512,6496059,6491285,-0.05864408627825253,0.009511395788523851,intermediate
6496060,6499859,6497959,0.011159543124038511,0.0034759821706602917,baseline
6499860,6503704,6501782,-0.0016759826455904575,0.007135418322016926,baseline
6503707,6508371,6506039,0.005360593426560938,0.007636989274809731,baseline
6508373,6512791,6510582,0.01703829537385581,0.0023452596510123176,baseline
6512792,6516112,6514452,0.006783383352437798,0.006284865861413631,baseline
6516120,6519462,6517791,0.029781974024828843,0.001990748132620876,baseline
6519469,6526119,6522794,0.04161687610192624,0.0025872062690452916,baseline
6526120,6530756,6528438,-0.038159966111102596,0.011673591218150831,intermediate
6530758,6534855,6532806,-0.07626759075092929,0.01388730293642983,intermediate
6534856,6538102,6536479,-0.07246113052332422,0.012986557150230388,intermediate
6538104,6541690,6539897,-0.02367000041327046,0.007000170862375805,intermediate
6541694,6545086,6543390,0.029494947189119807,0.005519768291208944,baseline
6545087,6548377,6546732,-0.07223982642442993,0.00815325516984241,intermediate
6548382,6552182,6550282,0.03335677938939927,0.004199667876055041,baseline
6552187,6556091,6554139,0.004068157932979715,0.0047525424368572615,baseline
6556097,6559662,6557879,0.006879219665165749,0.008396091002447904,baseline
6559668,6563174,6561421,-0.012934571568342821,0.0011844347633024341,intermediate
6563175,6566527,6564851,0.01125785027518943,-0.0023097831752185013,baseline
6566533,6570002,6568267,0.03906320235670799,0.002618391544583064,baseline
6570023,6573401,6571712,0.04181354283450503,0.0014390816093546549,baseline
6573403,6576956,6575179,0.03515638902294438,0.002161374169913757,baseline
6576959,6580574,6578766,-0.02694920881048591,0.005108109019024677,intermediate
6580577,6584232,6582404,-0.03582668819554654,0.003152611111594159,intermediate
6584234,6587480,6585857,-0.013136455959836774,0.0048101706025322054,intermediate
6587483,6590876,6589179,0.018111205822991357,0.00626489783394638,baseline
6590880,6594078,6592479,-0.005698130327485216,0.005878964272931413,intermediate
6594080,6597391,6595735,-0.04977438613433376,0.009939913341567424,intermediate
6597402,6600602,6599002,-0.05496404284105667,0.009651845130833033,intermediate
6600604,6603640,6602122,-0.02460984758929517,0.008274676386376861,intermediate
6603641,6606809,6605225,0.026859598045391602,0.003344328337276404,baseline
6606815,6609946,6608380,0.013882597251464766,0.0030055682102270603,baseline
6609950,6613164,6611557,-0.07373228310893028,0.010476159787166513,intermediate
6613165,6616459,6614812,0.03308360052078721,0.0036772825393315634,baseline
6616464,6619476,6617970,-0.03802691073529652,0.010035912342315963,intermediate
6619480,6622625,6621052,0.031695952178877905,0.00258002855982175,baseline
6622626,6626008,6624317,-0.11896223024003026,0.012221769558714997,outlier
6626009,6629124,6627566,-0.014937814325633068,0.0027991124430091574,intermediate
6629126,6632296,6630711,-0.028343203102369603,0.01192534824242202,intermediate
6632297,6635380,6633838,-0.004997196125654776,0.008914062003595808,intermediate
6635381,6638420,6636900,-0.11579887331724323,0.018137243587370434,outlier
6638424,6641368,6639896,-0.054619078251836393,0.009248080490522809,intermediate
6641370,6644597,6642983,0.007049157598724745,0.005856023899146055,baseline
6644598,6647758,6646178,-0.06680690968904092,0.009488536818424749,intermediate
6647763,6650906,6649334,0.04083958852012641,0.0007909342782659308,baseline
6650908,6654327,6652617,0.0002130443267675184,0.0032953106545766868,baseline
6654328,6657530,6655929,0.017130711476027686,0.004568809606411176,baseline
6657533,6661046,6659289,-0.03672479964916294,0.009650733375046643,intermediate
6661053,6664445,6662749,-0.10983728570473687,0.014146220372793861,outlier
6664449,6667849,6666149,-0.05431421103261455,0.011037425167722489,intermediate
6667860,6670983,6669421,-0.10579610871112911,0.016550457462330033,outlier
6670984,6674297,6672640,-0.11963900554578753,0.021024155012392496,outlier
6674301,6677633,6675967,-0.04458502171211259,0.011639333759393465,intermediate
6677635,6680803,6679219,-0.05978865103049986,0.008185531968458167,intermediate
6680804,6690263,6685533,-0.02754161773011807,0.003961218104518967,intermediate
6690266,6693530,6691898,-0.01777526841859035,0.002634104691001804,intermediate
6693532,6696611,6695071,-0.01583104720395152,0.007340960251266223,intermediate
6696612,6699850,6698231,-0.03605544682381667,0.006814853271835127,intermediate
6699864,6703124,6701494,-0.03622706906102352,0.009851799901421505,intermediate
6703130,6706339,6704734,-0.043739823976199854,0.009169669223890103,intermediate
6706340,6709534,6707937,-0.0584520036426084,0.01052034922522947,intermediate
6709542,6712903,6711222,0.009464619181130975,0.006516117917449984,baseline
6712906,6716216,6714561,-0.09321449572848975,0.008169917400433676,outlier
6716218,6719364,6717791,-0.14464005742899103,0.01729664448010784,outlier
6719369,6722775,6721072,-0.024528492958848583,0.012671591873697735,intermediate
6722776,6726061,6724418,0.018149073803253063,0.005175820204445662,baseline
6726062,6729283,6727672,0.036832004848351495,0.0020206180856095217,baseline
6729290,6732564,6730927,0.027408964864916435,0.004222368884552668,baseline
6732567,6736032,6734299,-0.036414638816033074,0.0027833910214201413,intermediate
6736034,6739374,6737704,0.01298278339984806,0.005419210067648145,baseline
6739378,6742500,6740939,0.04181188515728779,0.0020545974228795387,baseline
6742502,6745845,6744173,-0.017336067186914675,0.0033045367861287795,intermediate
6745848,6749164,6747506,-0.009721146950425117,0.002955521875227712,intermediate
6749170,6752808,6750989,-0.07854495041926944,0.01629133956971073,intermediate
6752809,6756363,6754586,0.02921629871145731,0.004790754588722543,baseline
6756364,6759723,6758043,0.010967818719786027,0.001324177730639411,baseline
6759724,6763439,6761581,0.008472298797120973,0.0034688253919703074,baseline
6763440,6766862,6765151,0.002080090990410582,0.003990854442251078,baseline
6766864,6770126,6768495,-0.03478303361920834,0.007769869117894034,intermediate
6770129,6773332,6771730,-0.028427109961217976,0.010126115939543217,intermediate
6773337,6776791,6775064,-0.052358999549754114,0.013701234070922639,intermediate
6776797,6780174,6778485,0.029277676907909923,0.0027025295149105664,baseline
6780177,6783900,6782038,-0.0648099852122649,0.013989782698818466,intermediate
6783909,6787295,6785602,0.023457473642076846,0.0027677468137949886,baseline
6787296,6790490,6788893,0.008030389989527882,0.004730666101172529,baseline
6790497,6793868,6792182,0.03225998197191881,0.0034122029478404706,baseline
6793872,6797322,6795597,0.023028542841087005,0.005084757329579707,baseline
6797325,6800679,6799002,-0.03409531940657827,0.005266959387391902,intermediate
6800683,6803943,6802313,0.01364257635672529,0.0034991471589666595,baseline
6803948,6807063,6805505,0.03301930091707987,0.0018699066170282824,baseline
6807065,6810140,6808602,-0.01994234282982342,0.006760017672714693,intermediate
6810145,6813456,6811800,0.03454180127704331,0.0021534784931053785,baseline
6813458,6816581,6815019,0.028370539518613506,0.0019227709770699845,baseline
6816583,6820140,6818361,-0.006025184862906534,0.00640464582939312,intermediate
6820141,6823709,6821925,-0.023855680367857155,0.008838761673522991,intermediate
6823710,6826946,6825328,-0.026463423555526652,0.005609695691490407,intermediate
6826949,6830683,6828816,0.02619935525935534,0.005455397361210665,baseline
6830687,6834198,6832442,-0.0008427951905777721,0.005628285274929618,baseline
6834200,6837964,6836082,0.04025579877106494,0.002686397731944465,baseline
6837969,6842320,6840144,-0.01449640099111605,0.011235103373472548,intermediate
6842324,6845822,6844073,0.039556752840959254,0.0031542996414189667,baseline
6845824,6849132,6847478,0.013319411459058328,0.004394189522554867,baseline
6849137,6853314,6851225,0.01772435563022469,0.004667459613792954,baseline
6853316,6856573,6854944,-0.006363873455877645,0.009902339263039031,intermediate
6856575,6859971,6858273,-0.13047440646793768,0.015580929333765463,outlier
6859975,6863310,6861642,0.03368270425742197,-0.00021557959593091928,baseline
6863312,6866888,6865100,0.007897795818398409,0.0052403673894916205,baseline
6866892,6870407,6868649,-0.04385562250811155,0.012847362676820472,intermediate
6870408,6873891,6872149,-0.023888604161487487,0.009018298891127256,intermediate
6873897,6877237,6875567,0.02296099307462001,0.0003735306314300618,baseline
6877239,6880415,6878827,0.04192215274089789,0.0005915364235309331,baseline
6880419,6883802,6882110,0.02871594352518004,0.002597346142498298,baseline
6883803,6886826,6885314,-0.031277036056980095,0.008132605144871997,intermediate
6886828,6890057,6888442,0.029443669136351738,0.0026164489847390433,baseline
6890058,6893501,6891779,0.024927713925324047,0.0036187091750736824,baseline
6893502,6896703,6895102,-0.013904362546983743,0.0065766790327378396,intermediate
6896704,6899908,6898306,-0.036823038313297564,0.006394631963395419,intermediate
6899909,6907520,6903714,-0.011438276566627667,-0.00031621344604945494,intermediate
6907524,6910908,6909216,0.032981696909583344,0.002395193407951409,baseline
6910909,6914643,6912776,-0.02291694617320837,0.010864162105468598,intermediate
6914646,6918263,6916454,-0.044116966508231596,0.0007909518300193236,intermediate
6918265,6930251,6924258,0.02210607197433452,-0.0004457310986993653,baseline
6930257,6934449,6932353,-0.004181967180173812,0.0017033059773609008,intermediate
6934451,6938089,6936270,-0.011978366145967676,0.0052078107269292245,intermediate
6938092,6941907,6939999,0.022569791390411372,-0.0016110802708830508,baseline
6941913,6945367,6943640,0.03568536773764315,0.0005396556643058382,baseline
6945369,6949118,6947243,0.013996241633633432,0.001155371298959515,baseline
6949126,6952557,6950841,0.03922742079102579,0.002956162922551235,baseline
6952559,6956827,6954693,-0.0020935336506942453,0.0009721839151982291,baseline
6956835,6960464,6958649,0.018393500671976655,0.0057990959212978,baseline
6960470,6964349,6962409,0.01262123778654552,-0.0005757713643597521,baseline
6964351,6967735,6966043,0.01789319247018061,0.005497483047123051,baseline
6967736,6970815,6969275,0.011289184872686769,0.0029228138720220555,baseline
6970819,6975727,6973273,0.022574627004851938,0.003418924940072667,baseline
6975734,6979394,6977564,0.033521636236078504,-0.0008344289064615251,baseline
6979395,6983027,6981211,-0.00931634745544637,0.009701335177023492,intermediate
6983028,6986789,6984908,0.02540307992567149,0.003199793321102079,baseline
6986794,6989939,6988366,-0.007889678158159268,0.004525872579901516,intermediate
6989940,6993191,6991565,-0.011112633108620134,0.0075102558058774355,intermediate
6993192,6996350,6994771,0.031094922470767235,0.0036711528555000363,baseline
6996351,6999641,6997996,-0.013754714272471375,0.009001001106198645,intermediate
6999643,7002982,7001312,-0.08997321629424303,0.006846123823173268,outlier
7002988,7006927,7004957,0.012994354431978881,0.003244654785953844,baseline
7006933,7010158,7008545,0.007835942327721173,0.0033888637721505724,baseline
7010160,7013735,7011947,0.013456513609815092,0.0039106524222764115,baseline
7013736,7017021,7015378,0.005415216545571715,0.0038675590526025976,baseline
7017023,7020304,7018663,0.014368424309483402,0.005130502843925192,baseline
7020305,7023237,7021771,0.020614393559685966,0.005869782537143105,baseline
7023239,7026466,7024852,-0.059099506475751774,0.012067079399494552,intermediate
7026468,7029900,7028184,-0.01430146980570403,0.00609297395104869,intermediate
7029902,7032955,7031428,0.00020737109169732324,0.00573732589141591,baseline
7032956,7036388,7034672,-0.0017342240162828437,0.009830691516481567,baseline
7036390,7039730,7038060,0.015051902810112382,-0.0009104191441800045,baseline
7039736,7043098,7041417,0.023882571678876748,-0.0012154280485353294,baseline
7043100,7077958,7060529,-0.059718688123632464,0.009489236078919761,intermediate
7077960,7082438,7080199,-0.01795111233369838,0.0043113291247844346,intermediate
7082439,7085730,7084084,-0.05018127781719826,0.006278395574980769,intermediate
7085732,7090479,7088105,-0.013366001478835522,0.002681287262420608,intermediate
7090481,7093795,7092138,0.03331021549154088,0.002063804808775303,baseline
7093801,7097004,7095402,-0.0980659289567247,0.01267418021718593,outlier
7097006,7100100,7098553,-0.033075384831583524,0.004401063733924897,intermediate
7100102,7103201,7101651,-0.0016537009526864253,0.0019449686090331265,baseline
7103203,7106149,7104676,-0.029063045136004394,0.0004954379743252367,intermediate
7106150,7109366,7107758,-0.07455136420651502,0.009949207183291344,intermediate
7109368,7112496,7110932,0.03801900558104696,0.0027067026101969404,baseline
7112498,7115798,7114148,0.021159424668196904,0.005647926500500639,baseline
7115801,7119041,7117421,0.030142347432872904,0.002971334047796645,baseline
7119044,7122205,7120624,0.01910279186742598,0.00681263562182382,baseline
7122208,7125337,7123772,0.03348703379160452,0.003042278936722933,baseline
7125339,7129069,7127204,0.014344592929161421,0.005027268721178935,baseline
7129074,7132110,7130592,-0.033189134601547,0.005813705520889163,intermediate
7132111,7135192,7133651,0.025184429479736762,0.0027843149277493777,baseline
7135193,7138253,7136723,-0.019269464010645044,0.0059835576319913954,intermediate
7138255,7142854,7140554,-0.05853105728426956,0.005626776937749956,intermediate
7142856,7146636,7144746,0.030329991777521804,0.00279862361203787,baseline
7146637,7150033,7148335,0.015171820891475594,-0.0024265259285738586,baseline
7150034,7153168,7151601,-0.0494213151046773,0.005463452925694239,intermediate
7153173,7156333,7154753,-0.04125126179663871,0.0015175310474039266,intermediate
7156340,7159956,7158148,0.010008077623767897,0.0005766141493326418,baseline
7159957,7163698,7161827,0.011575987119183149,0.00227131357942526,baseline
7163699,7167114,7165406,0.02971612039565694,0.004219062518634659,baseline
7167115,7171043,7169079,0.03880717396127859,0.0021540100972283795,baseline
7171045,7174147,7172596,0.02620788143509207,0.0013048373653266805,baseline
7174148,7177376,7175762,0.033284021467064426,0.0021628053049129806,baseline
7177378,7180723,7179050,0.038477250872572914,0.0016652675813131452,baseline
7180724,7183924,7182324,0.025973726411592325,0.002540854137939757,baseline
7183929,7189440,7186684,0.016446117465435804,0.002043158910679894,baseline
7189443,7192777,7191110,0.025688477350448102,0.001180977483865642,baseline
7192778,7196077,7194427,-0.05515548243734929,0.00962047996962528,intermediate
7196082,7200234,7198158,-0.019848786226430062,0.006335024100622997,intermediate
7200237,7203740,7201988,-0.0021017491459253,0.004584554361821982,baseline
7203746,7207015,7205380,-0.02961313607928386,0.004061601675990011,intermediate
7207017,7210453,7208735,0.016844068734780344,0.003919248689671091,baseline
7210468,7213834,7212151,0.025042311480906167,0.0026663198090145545,baseline
7213839,7216926,7215382,0.02881120032245067,-0.0014886527846975112,baseline
7216928,7220074,7218501,-0.010601008783989641,-0.006671678318569108,intermediate
7220075,7223256,7221665,-0.004440766901252215,-0.00331071848809794,intermediate
7223259,7226369,7224814,0.021466016698532136,0.0011119159286594432,baseline
7226373,7229614,7227993,-0.005131232378604342,0.006062325984512382,intermediate
7229620,7232727,7231173,-0.01290141287251298,0.004598549164606847,intermediate
7232728,7235958,7234343,0.011465706251364387,0.005753982355510046,baseline
7235965,7239472,7237718,0.03024548525092838,0.0013842968782830855,baseline
7239482,7242780,7241131,0.02348356709415043,-0.0006114936329066568,baseline
7242784,7246150,7244467,0.003652017543436236,0.0006535206249236196,baseline
7246152,7249425,7247788,-0.08546385300391747,0.003771759859712905,outlier
7249429,7252881,7251155,-0.00598051594550442,0.008091383145128873,intermediate
7252882,7256273,7254577,-0.059344853705553945,0.005803497564168006,intermediate
7256277,7259470,7257873,0.03551687889384592,-0.001060515383784585,baseline
7259472,7262762,7261117,0.03863998835913506,0.0008505773868971889,baseline
7262763,7265929,7264346,0.027465647067780725,0.0016265249309744853,baseline
7265930,7269098,7267514,0.03128794437505248,0.00048736431706708597,baseline
7269099,7272324,7270711,0.006788101371847767,0.003395986376214464,baseline
7272327,7276576,7274451,-0.05063633177591446,0.0008947306980442224,intermediate
7276580,7281113,7278846,0.0018057018043764951,0.007719816689081586,baseline
7281114,7284318,7282716,0.02675215453688696,0.0008381164784461463,baseline
7284319,7287475,7285897,-0.017973921352525356,0.007990531313986785,intermediate
7287486,7290802,7289144,-0.017650503253174913,0.00851751906938087,intermediate
7290807,7294054,7292430,0.03938976860076166,0.002345920917454831,baseline
7294055,7297121,7295588,-0.037198806282629684,0.012608737797555825,intermediate
7297126,7300323,7298724,-0.06526638971128434,0.0069107096293338595,intermediate
7300326,7303659,7301992,-0.08470919026755687,0.011099933603344339,outlier
7303660,7307073,7305366,0.013958094946016531,0.0016226300989353349,baseline
7307077,7310421,7308749,-0.030524203697783657,0.005927473059712403,intermediate
7310423,7313574,7311998,-0.04046986245495214,0.006881400150074281,intermediate
7313579,7317040,7315309,-0.01497766665373022,0.0005481075793525433,intermediate
7317041,7320580,7318810,-0.04411420279664299,0.00954984422027235,intermediate
7320582,7323666,7322124,-0.02793864558268761,0.00479127664766242,intermediate
7323668,7327024,7325346,-0.0372895309375763,0.009819618240988214,intermediate
7327025,7330206,7328615,8.001698484605234e-05,0.007232337720639419,baseline
7330208,7333408,7331808,0.01692814486203352,0.0069773624556463045,baseline
7333409,7336723,7335066,0.007955865119221176,0.006773409476842704,baseline
7336724,7340093,7338408,0.04034459798314069,0.0023273317464271937,baseline
7340095,7343285,7341690,0.02446512044449969,0.0031997415854789425,baseline
7343286,7346750,7345018,-0.016283810916573303,0.00604986610262423,intermediate
7346753,7349952,7348352,0.0036664914802035597,0.00486850842881162,baseline
7349955,7353092,7351523,0.023084898069753605,0.006208485475955122,baseline
7353093,7356258,7354675,0.02451446073791063,0.0006607122786762945,baseline
7356264,7359317,7357790,0.02006442801292803,0.003943834304543454,baseline
7359318,7362526,7360922,0.037088777005753096,0.003678925250465754,baseline
7362529,7365710,7364119,0.04100601275115964,0.0024735987157864007,baseline
7365713,7368789,7367251,-0.05564304194986259,0.007332413727107012,intermediate
7368799,7372014,7370406,-0.060700554286336424,0.011484115440179745,intermediate
7372017,7375328,7373672,0.002240803820994719,0.006510975813169846,baseline
7375329,7378683,7377006,0.04009442737128756,0.0016751166079077354,baseline
7378691,7381976,7380333,0.033126633088014716,0.0028868843781477108,baseline
7381978,7385188,7383583,0.03329708210537371,0.002340224969739688,baseline
7385190,7388529,7386859,0.04075362527967926,0.0015434940435741264,baseline
7388531,7391677,7390104,0.039417451453164234,0.0027363473169798183,baseline
7391682,7394718,7393200,0.00018410166918702317,0.0041450368020422524,baseline
7394719,7398015,7396367,-0.025332703517114037,0.005046877055917884,intermediate
7398016,7401193,7399604,-0.04700743893136089,0.00968380813028206,intermediate
7401194,7404286,7402740,0.007830601005703805,0.0045272275969167695,baseline
7404287,7408812,7406549,-0.022787071367784604,0.006037309832068423,intermediate
7408813,7412329,7410571,0.039876292248608836,0.0011674114513304888,baseline
7412331,7415744,7414037,0.027063947794126658,0.004154646208223705,baseline
7415746,7433086,7424416,-0.022791952571376513,0.006958717953330654,intermediate
7433088,7436189,7434638,-0.036221208616089004,0.010919973761034527,intermediate
7436197,7443192,7439694,0.041111030746658374,0.0026789456076712387,baseline
7443194,7446379,7444786,0.031149747778106755,0.00336897042221661,baseline
7446380,7449599,7447989,-0.0059329185341822225,0.0014008904508819636,intermediate
7449608,7452721,7451164,0.038232329755322446,0.0027791904686172153,baseline
7452724,7455894,7454309,0.03871581063563237,0.002552522067305399,baseline
7455896,7458983,7457439,0.03586797074285243,0.0024413416490476725,baseline
7459005,7462272,7460638,0.007887541946183966,0.0034960898777764357,baseline
7462276,7466703,7464489,0.03481077209532458,0.0034967584458390232,baseline
7466704,7469499,7468101,0.0362507234153979,0.002370311765566001,baseline
7469500,7472527,7471013,0.037663708975712605,0.0022674973074708338,baseline
7472534,7475511,7474022,0.012060167612653326,0.003513450481666421,baseline
7475517,7478581,7477049,0.0031728964646422137,0.0061211012298729136,baseline
7478583,7481539,7480061,0.0361913867754203,0.00223603632609536,baseline
7481546,7484599,7483072,0.017696306120546363,0.0008166066167817577,baseline
7484600,7487831,7486215,0.03708635472580971,0.002115137901613021,baseline
7487833,7490883,7489358,0.01619606638718689,0.006505907228246163,baseline
7490884,7494006,7492445,0.0020888897482510063,0.0030955244919894653,baseline
7494009,7497039,7495524,0.03421962769926354,0.0018063246076346815,baseline
7497044,7503362,7500203,0.012812292027242727,0.001030341661768869,baseline
7503363,7506434,7504898,0.026058961331649165,0.0024406871106430438,baseline
7506436,7509658,7508047,0.0416449572132388,-1.6714911715004324e-05,baseline
7509659,7512683,7511171,0.04283070572265426,0.0004973110283407839,baseline
7512686,7515855,7514270,0.03282964931496345,0.0033718521743584654,baseline
7515861,7518843,7517352,-0.037337289264928936,0.005327668655956254,intermediate
7518848,7522805,7520826,0.04230487450756517,0.0018792272539343343,baseline
7522809,7525939,7524374,0.03862832322267408,0.002525773506180907,baseline
7525941,7529084,7527512,-0.010340533438564921,0.008299171556676891,intermediate
7529085,7532272,7530678,0.0193005206751241,0.00011428939150285013,baseline
7532274,7535844,7534059,0.00688676141440374,0.0017371202448052427,baseline
7535847,7539040,7537443,0.034753207872907484,0.0019542781356353834,baseline
7539042,7544147,7541594,0.03833224172231575,0.002695161877834109,baseline
7544154,7547762,7545958,-0.008782727131147479,0.005482394570693585,intermediate
7547764,7551132,7549448,0.037412971484054355,0.00253717184548658,baseline
7551133,7554853,7552993,-0.017173332644870604,0.00717511380171942,intermediate
7554856,7560674,7557765,0.027013936504891124,0.003909377470399693,baseline
7560675,7563841,7562258,0.038287338689135954,0.0029817397670696627,baseline
7563842,7567112,7565477,0.009265203432609065,0.006224944573744423,baseline
7567114,7573242,7570178,-0.010684438411066392,0.001994031705440479,intermediate
7573243,7576698,7574970,0.03797840690371904,0.0027932051323643747,baseline
7576700,7580235,7578467,0.03324125507183491,0.0017048212761419223,baseline
7580239,7584033,7582136,0.04137734367977179,0.0023352607171757563,baseline
7584039,7587488,7585763,-0.015158449191788747,0.00988919656409008,intermediate
7587492,7591256,7589374,-0.03816094625195527,0.010573787672390353,intermediate
7591257,7594914,7593085,0.023128232710431077,0.005090915432865711,baseline
7594916,7598126,7596521,0.04271191274246099,0.0018431731499712759,baseline
7598127,7606394,7602260,0.0362186162725474,0.0016304318140303786,baseline
7606399,7610832,7608615,0.028565596391387584,0.0029798139406615964,baseline
7610835,7614126,7612480,0.03913575819616881,0.0022894748279993684,baseline
7614130,7617819,7615974,0.02006204468520859,0.001324210416803858,baseline
7617820,7621206,7619513,0.04260271441602239,0.0019431558815166837,baseline
7621207,7624530,7622868,0.03847008579563728,0.0013554690849946949,baseline
7624537,7627644,7626090,-0.0898665843825846,0.009487787552663843,outlier
7627646,7630926,7629286,0.03601404017919069,0.001582461371581211,baseline
7630929,7633979,7632454,0.018486735923145682,0.004379852964420537,baseline
7633980,7637062,7635521,0.03446231864543197,0.003993992626995467,baseline
7637065,7640240,7638652,0.032540537523150406,0.004151112078836744,baseline
7640241,7643307,7641774,0.0403164477985583,0.002702516132182926,baseline
7643310,7646330,7644820,0.041225674031567884,0.002504591213559432,baseline
7646338,7649509,7647923,0.023974549469983994,0.002609462899736295,baseline
7649511,7652805,7651158,0.005444578071762966,0.0061885787864153965,baseline
7652808,7655871,7654339,0.028935159581566276,0.0046880885547427005,baseline
7655874,7659032,7657453,0.016066193374146567,0.0031122728140079484,baseline
7659034,7662167,7660600,0.018230750133167117,0.0038044503063358157,baseline
7662173,7665257,7663715,0.03085611537603976,0.002852744522357653,baseline
7665258,7668207,7666732,0.03539416788396914,0.002842794588771089,baseline
7668211,7671173,7669692,0.015234465480444116,0.005907053807053129,baseline
7671178,7674332,7672755,0.031501175860192576,0.002338424778134314,baseline
7674334,7677497,7675915,-0.009692394194932464,0.006128811650561276,intermediate
7677498,7682024,7679761,0.041862361192009916,0.0023212896680583073,baseline
7682025,7684951,7683488,-0.007814631331008478,0.006197923226861699,intermediate
7684957,7688078,7686517,0.030191175961637128,0.0010937451834389725,baseline
7688080,7691171,7689625,-0.018293689617381294,0.006311504737991783,intermediate
7691173,7694271,7692722,-0.06156197624601815,0.002801242449149066,intermediate
7694272,7697309,7695790,-0.027423972555537992,0.006387551733332325,intermediate
7697311,7700383,7698847,0.016207886176999604,0.005625445074197841,baseline
7700387,7703564,7701975,-0.00986940112860556,-0.0005214907279955732,intermediate
7703565,7706454,7705009,0.038438568381984874,0.0028198971088116984,baseline
7706459,7709806,7708132,-0.08012328861713232,0.007330991495430678,outlier
7709808,7713159,7711483,-0.06122659121066566,0.007727997459476899,intermediate
7713160,7716252,7714706,-0.08813206756956232,0.009661303434860232,outlier
7716255,7719335,7717795,0.04141894517933541,0.0024191898300807853,baseline
7719338,7722345,7720841,0.018737334262248953,0.0022480168839585954,baseline
7722348,7725356,7723852,0.04062649194497336,0.00270830677112958,baseline
7725360,7728426,7726893,0.012939098774479135,0.0025534578002388607,baseline
7728427,7732993,7730710,0.04233333053347984,0.002149298844714023,baseline
7732996,7736097,7734546,0.016051319595670945,0.005563221085123186,baseline
7736100,7739241,7737670,0.00028274955060929953,0.007121307927181697,baseline
7739242,7742388,7740815,-0.02822943323848372,0.009322880021621908,intermediate
7742390,7745602,7743996,-0.01678423691769987,0.005780503042295052,intermediate
7745604,7748426,7747015,-0.052960635289997594,0.01260035563591078,intermediate
7748429,7751527,7749978,-0.005476326799236299,0.006714042936039573,intermediate
7751529,7754484,7753006,0.009512011203448235,0.0017705819886936773,baseline
7754488,7757543,7756015,-0.06490428779337318,0.011252767738328236,intermediate
7757544,7760658,7759101,-0.03197787379566492,0.010315878919331884,intermediate
7760660,7763676,7762168,0.042146517059827276,0.000850763627166161,baseline
7763677,7766630,7765153,0.03398548210714852,0.001343413690112302,baseline
7766633,7787310,7776971,0.01677535837776761,0.004695409925881366,baseline
7787313,7817152,7802232,0.03249570361364067,0.004440520855883588,baseline
7817153,7834800,7825976,0.01379610922107451,0.006664716710788006,baseline
7834807,7838889,7836848,0.03849169280324504,0.0008996291513423228,baseline
7838890,7884677,7861783,-0.03836072164642634,0.00850437040423825,intermediate
7884679,7893304,7888991,0.018435141004785476,0.003789870101518214,baseline
7893305,7896819,7895062,-0.050206478444584264,0.01072943185610332,intermediate
7896826,7900244,7898535,0.03867752554670754,0.00308845333978902,baseline
7900248,7903647,7901947,0.005015979812829707,0.007266108175960297,baseline
7903649,7907026,7905337,-0.05780555814561081,0.004856285135862967,intermediate
7907027,7910348,7908687,-0.15665016714389327,0.01245469788153258,outlier
7910358,7913869,7912113,-0.25260527991062887,0.001773106536368263,outlier
7913870,7917449,7915659,-0.020052045151000078,0.0050461391720643374,intermediate
7917457,7920594,7919025,-0.006827821515577127,0.006059865268697321,intermediate
7920596,7923846,7922221,0.025590464053960753,0.0015081875723426017,baseline
7923851,7926916,7925383,0.013839059345338774,0.004593380290336574,baseline
7926920,7929989,7928454,-0.03822385798257515,0.006373687651720177,intermediate
7929991,7933928,7931959,0.025123672654686666,0.004422722788215026,baseline
7933929,7937058,7935493,-0.05666332691965366,0.005589097550107111,intermediate
7937066,7940431,7938748,0.028809880894284292,0.0026478873936841597,baseline
7940434,7943774,7942104,0.03420521365552853,0.0017812131541675603,baseline
7943778,7947076,7945427,0.017000583024926196,0.004130950521407977,baseline
7947080,7950280,7948680,-0.02333718304980012,0.010119571807444697,intermediate
7950282,7953764,7952023,-0.02209883101741002,0.0075925759285977714,intermediate
7953765,7957286,7955525,-0.04007201551825218,0.009755113457979083,intermediate
7957288,7983371,7970329,-0.1244818150832498,0.01575457399260469,outlier
7983374,7986552,7984963,-0.05917937752520532,0.013623715669434123,intermediate
7986553,8015919,8001236,-0.06740920597178734,0.010897817451580829,intermediate
8015926,8018988,8017457,0.025191219573158116,0.0018359220314551471,baseline
8018991,8022219,8020605,-0.05138192030185702,0.009306964149418699,intermediate
8022221,8025234,8023727,0.02306367192094241,0.005419838453858884,baseline
8025236,8028451,8026843,-0.0073982345807240574,0.0037270224905750133,intermediate
8028452,8031522,8029987,0.001556385848552208,0.0028181831394928462,baseline
8031523,8034578,8033050,-0.015172433718550813,0.005836981006368237,intermediate
8034579,8037854,8036216,-0.01991799963901023,0.008231743528706032,intermediate
8037855,8041072,8039463,-0.10680561344110731,0.00321173865426583,outlier
8041073,8044166,8042619,-0.0034381551527758996,-0.007938854799201351,baseline
8044167,8047329,8045748,0.03384563368172184,0.0031203035512302564,baseline
8047331,8050540,8048935,0.035320398069806726,-0.0016983595594746038,baseline
8050541,8053727,8052134,0.010701682703233118,0.004134521295043099,baseline
8053729,8057025,8055377,0.03704642169229998,0.0020476354548538494,baseline
8057029,8060193,8058611,-0.09610204291834391,0.01610653515862452,outlier
8060196,8063680,8061938,0.03773164069041189,0.003245453852942511,baseline
8063685,8068116,8065900,0.0322187535927679,-0.003610639273620363,baseline
8068118,8075305,8071711,0.030029667859702465,-0.011486759542732454,baseline
8075307,8078999,8077153,-0.03150164252390028,0.010295793251936868,intermediate
8079004,8082865,8080934,-0.020498630555566406,0.008727808847148752,intermediate
8082867,8087360,8085113,-0.009730321923593323,0.0037990076248768205,intermediate
8087367,8090968,8089167,-0.020145790190292383,0.007741353206437779,intermediate
8090969,8094555,8092762,0.0042638897356410245,0.009727397309231814,baseline
8094556,8097893,8096224,0.037479246806119325,0.0034838736536945848,baseline
8097901,8101634,8099767,0.012665758715613193,0.007141925466192296,baseline
8101635,8105651,8103643,-0.09780045620322853,0.015091822381442497,outlier
8105652,8109008,8107330,-0.014677438366773883,0.006932481454318359,intermediate
8109012,8112384,8110698,0.03916702502497891,0.0028449603048683837,baseline
8112396,8115925,8114160,0.02013105994071182,0.003806429852945851,baseline
8115928,8119281,8117604,-0.0032706986178131234,0.0019318955045397534,baseline
8119288,8122996,8121142,-0.07057060103284346,0.007556031347182561,intermediate
8122998,8126035,8124516,0.03597459254618811,0.0013425653533623676,baseline
8126038,8129929,8127983,0.008514509509730383,0.007804518468775033,baseline
8129933,8133553,8131743,0.04097094450289311,0.001894244387047479,baseline
8133556,8136474,8135015,0.03841029925885926,0.002242278770325268,baseline
8136480,8139519,8137999,0.03607025069778201,0.0028113609344082224,baseline
8139530,8142789,8141159,0.031174986757693892,-0.0015496398704920166,baseline
8142790,8145944,8144367,0.0178779744168669,0.000407834876500781,baseline
8145949,8149021,8147485,-0.08540483762372184,0.0043128557756703335,outlier
8149030,8152269,8150649,-0.05169540341405495,0.008179680250741046,intermediate
8152271,8155695,8153983,-0.05642282728175038,0.004486129465685248,intermediate
8155697,8158742,8157219,-0.024067083431543703,0.004801020286918027,intermediate
8158743,8161886,8160314,0.03606217486464978,0.0030410878535928445,baseline
8161889,8164883,8163386,0.021779307873046782,0.0017805536628728844,baseline
8164888,8168115,8166501,0.0015864829079344444,0.006963018433401847,baseline
8168116,8171116,8169616,0.01507347291075257,0.00450277754813451,baseline
8171119,8174215,8172667,0.022384781079785136,-0.0005523471436120963,baseline
8174217,8177276,8175746,0.04012448154889014,0.0024316905003363616,baseline
8177278,8180484,8178881,-0.04331689662764133,0.009261407434765018,intermediate
8180485,8183501,8181993,-0.0007551448066178098,0.00834195572766338,baseline
8183502,8186541,8185021,-0.07172429517122537,0.01195431459069469,intermediate
8186544,8189731,8188137,0.03302932560550899,0.002877932340667598,baseline
8189732,8192843,8191287,-0.008175211631833917,0.004222621164388845,intermediate
8192845,8195973,8194409,0.006538854536707301,-0.0012519020890624706,baseline
8195977,8199198,8197587,-0.01498381590068563,0.0017092061685262197,intermediate
8199203,8202327,8200765,0.0327262853378843,0.0022817599165795475,baseline
8202334,8205429,8203881,0.003553232502249936,0.0024840934494016523,baseline
8205433,8208801,8207117,0.03867018453677901,0.0019063069625076842,baseline
8208802,8211909,8210355,0.032678884912017,0.0009711022064748784,baseline
8211915,8215222,8213568,0.02673988191398794,0.004166262308069013,baseline
8215223,8218351,8216787,0.033779710278760276,0.001977010693359481,baseline
8218353,8221574,8219963,-0.00210499894886806,0.002592968867743644,baseline
8221575,8224767,8223171,0.007404434511241987,0.002320934115655512,baseline
8224769,8227912,8226340,0.001016191271638714,0.0063614142261042995,baseline
8227913,8230994,8229453,-0.025055573103849572,0.0031111394854759365,intermediate
8231002,8234246,8232624,0.020392812041318636,0.0025169069957495,baseline
8234247,8237296,8235771,0.009428257960207853,0.004700893231798434,baseline
8237298,8240311,8238804,0.026505438791908448,0.0035658028159724553,baseline
8240312,8243747,8242029,0.02248628353308427,0.001109221143912688,baseline
8243753,8247041,8245397,0.040815044048390224,0.0026047509741433487,baseline
8247042,8250229,8248635,0.02811040021359793,0.005547891305906219,baseline
8250230,8253250,8251740,0.03389482446622615,0.003405835887212077,baseline
8253256,8256191,8254723,0.011651216772330325,0.0037815304134523635,baseline
8256193,8259514,8257853,0.037391992854828436,0.0023883008842655444,baseline
8259518,8262584,8261051,0.03920830707749113,0.0018967998637996737,baseline
8262587,8265658,8264122,0.04056962317047751,0.001443958221484404,baseline
8265660,8268777,8267218,0.03993273356723311,0.002700954829022914,baseline
8268784,8271797,8270290,0.03047050853253457,8.222139546076361e-05,baseline
8271799,8274930,8273364,-0.0056064654361616525,0.0071007368144942636,intermediate
8274931,8278069,8276500,0.0386673574569143,0.0032203884374472783,baseline
8278070,8281122,8279596,0.03210083025103302,0.0027698875286466485,baseline
8281136,8284375,8282755,0.019737447584501584,0.003318861037827828,baseline
8284379,8287809,8286094,0.04029150938438256,0.0016657505483032551,baseline
8287820,8290964,8289392,0.03749608484677682,0.0030942194777901894,baseline
8290966,8294244,8292605,-0.015472113734258783,0.004757084273916857,intermediate
8294245,8297443,8295844,0.0221421091231044,0.004275893479884061,baseline
8297449,8300512,8298980,-0.0048306300009459124,0.0035566412409191407,intermediate
8300513,8303622,8302067,0.014928616724900801,0.00423130206445274,baseline
8303629,8308132,8305880,0.026814081758855784,0.002138088755875087,baseline
8308133,8311390,8309761,-0.015893415051114607,0.002362051190829441,intermediate
8311394,8314608,8313001,-0.0034294740578028164,0.0062251372449471975,baseline
8314616,8318109,8316362,-0.09932338317911557,0.016775000900432047,outlier
8318128,8321472,8319800,0.02796232761394561,0.004815755814542029,baseline
8321474,8324720,8323097,-0.08598006124321007,0.011728002984335639,outlier
8324721,8327803,8326262,-0.0025672794196522917,0.007151989451549405,baseline
8327808,8330786,8329297,-0.03028297981738271,0.011879557813986887,intermediate
8330787,8334084,8332435,0.005402123838711364,0.001079690630416616,baseline
8334089,8337427,8335758,0.03848954675404502,0.0022516979287926535,baseline
8337428,8340930,8339179,-0.01810647855659817,0.004575421938619297,intermediate
8340932,8343929,8342430,0.042093116489026694,0.00033422352633286176,baseline
8343930,8348607,8346268,-0.02484446618549679,0.008060886958376956,intermediate
8348610,8351662,8350136,0.019848876179160563,0.005486441466472917,baseline
8351667,8354851,8353259,0.03532228628793512,0.002946840344606628,baseline
8354853,8358639,8356746,0.0029284079462997934,0.00715342767639295,baseline
8358643,8361759,8360201,0.0225463056357942,0.002302492900011571,baseline
8361769,8364861,8363315,0.016170361049124605,0.0008884809763211221,baseline
8364862,8368009,8366435,0.03862153176207568,0.0011404092477801644,baseline
8368014,8372418,8370216,0.02700737192571449,0.002133916119785844,baseline
8372419,8376284,8374351,0.042555085094228735,0.0021227286134883777,baseline
8376289,8379565,8377927,0.01714745133619889,0.004633642617969148,baseline
8379570,8382628,8381099,0.004347535742256405,0.005155851173730572,baseline
8382629,8385918,8384273,0.02473853525937993,0.0013608714206625684,baseline
8385919,8391604,8388761,0.03912634284578631,0.0027821394831859777,baseline
8391606,8394776,8393191,0.02405328611824719,0.00248971150524432,baseline
8394778,8398051,8396414,0.020457152981413533,0.0002416063392270646,baseline
8398056,8401823,8399939,0.020338820730973838,0.0028539148318652056,baseline
8401824,8405199,8403511,0.020786767175709608,0.0029195615684202004,baseline
8405201,8409851,8407526,0.019102073474418228,0.0018137917145032482,baseline
8409852,8412962,8411407,-0.02482684998457148,0.0065106361254527395,intermediate
8412968,8416147,8414557,0.04153603499785438,0.002177632428172857,baseline
8416150,8419285,8417717,0.0035714696480643893,0.003806929885341432,baseline
8419286,8422407,8420846,0.03257506065784157,0.004369056015718998,baseline
8422409,8425446,8423927,-0.031110950523935643,0.004594524529472115,intermediate
8425449,8428769,8427109,-0.042062994856848994,0.012598458504529765,intermediate
8428774,8432253,8430513,-0.03186027054208891,0.0036447539735573924,intermediate
8432255,8436970,8434612,-0.03365033400247562,0.007704373116342636,intermediate
8436971,8440339,8438655,0.0072272720457017365,0.004324573943058623,baseline
8440341,8444308,8442324,0.016758309382588796,0.001704909385559998,baseline
8444309,8453400,8448854,0.010805632198366362,0.0030149535197415396,baseline
8453402,8456519,8454960,0.017590180548828247,0.0030839492372615263,baseline
8456522,8459638,8458080,0.026877800049213307,0.0017450171177102096,baseline
8459639,8463303,8461471,0.026046335290225056,0.00035713407610745085,baseline
8463308,8466472,8464890,0.03722630634350681,0.002902636970423582,baseline
8466473,8469689,8468081,0.03693896292991386,0.0009263118935507552,baseline
8469690,8473159,8471424,0.011948960517676625,0.0038607879361235637,baseline
8473160,8476692,8474926,0.028969765701914143,8.516321287190734e-05,baseline
8476693,8479875,8478284,0.019464163350214524,0.0028940324248993544,baseline
8479883,8483279,8481581,0.017699606606284994,0.002948267008699756,baseline
8483280,8486515,8484897,0.023049143456211167,0.000965178519507615,baseline
8486519,8489668,8488093,0.030352562381332843,-0.0005459676705161686,baseline
8489671,8492736,8491203,0.034185062942051835,0.0032822334718141505,baseline
8492738,8495664,8494201,0.0318685220650395,0.002738704552585044,baseline
8495671,8498888,8497279,6.569430280822031e-05,0.0008415333857986758,baseline
8498895,8502016,8500455,0.036983028082657306,0.0028882293906755587,baseline
8502019,8506230,8504124,0.0026737411811718287,0.0016466612451701448,baseline
8506235,8509261,8507748,0.003790384365699232,0.002074411312176397,baseline
8509266,8512636,8510951,-0.0034495258344081413,0.001170906601532363,baseline
8512641,8515840,8514240,-0.0528221882524788,0.00412488138257659,intermediate
8515844,8519092,8517468,0.025760333869641473,0.0045285403645747005,baseline
8519094,8522203,8520648,-0.0072950339402281395,0.0016758247194714187,intermediate
8522207,8525280,8523743,-0.016883037470577143,0.004412849656249761,intermediate
8525292,8528531,8526911,-0.015879912186495027,0.0054437091423978155,intermediate
8528535,8531639,8530087,-0.03448278303880266,0.006063322534539226,intermediate
8531640,8534785,8533212,0.030388198920174657,0.004691121444464149,baseline
8534787,8538792,8536789,0.022849907140326232,0.002058182350137946,baseline
8538794,8541941,8540367,0.038793556007500875,0.002859718901462409,baseline
8541942,8545046,8543494,0.014029659569449092,0.006651494498872124,baseline
8545049,8548202,8546625,0.0009945108535030233,0.00533059505691822,baseline
8548204,8551320,8549762,0.00738359486098067,0.0006064363850931613,baseline
8551322,8554416,8552869,0.026748673853372384,0.004662891061864298,baseline
8554418,8557438,8555928,0.031597154708980196,0.004822308078894251,baseline
8557445,8560987,8559216,0.04053162926776362,0.0021171184526252297,baseline
8560988,8564176,8562582,-0.006209233211579726,0.004847443437787123,intermediate
8564177,8567304,8565740,-0.015691459008381984,0.002671644104279842,intermediate
8567308,8570833,8569070,-0.03639902421110031,0.006003624787446082,intermediate
8570834,8573973,8572403,0.0012563495999158277,0.0048118809682726775,baseline
8573981,8577614,8575797,0.03251373771729236,-0.0014280497929610974,baseline
8577623,8581307,8579465,0.001776015379519135,0.007476033694328613,baseline
8581309,8584478,8582893,-0.005069756240553944,0.008517941026893914,intermediate
8584479,8587822,8586150,0.036078120922478,0.003157957996676069,baseline
8587826,8590978,8589402,-0.02630815209090897,0.00020029245962045132,intermediate
8590979,8594581,8592780,0.0008987070027447219,0.003371682443242468,baseline
8594583,8598522,8596552,0.012625585147947075,0.003917664343251314,baseline
8598524,8601631,8600077,-0.10163194701687304,0.009749604828184478,outlier
8601636,8604705,8603170,0.020203875316564708,0.0008188616355944296,baseline
8604706,8608104,8606405,0.027069719943899846,0.003565623290168717,baseline
8608108,8611278,8609693,-0.05028888022475833,0.01326140651508842,intermediate
8611279,8614491,8612885,-0.08243284824540596,0.015059208088094266,outlier
8614494,8617641,8616067,0.010045398831443153,0.008660613699049047,baseline
8617642,8620943,8619292,-0.042075908302749356,0.012592791391436122,intermediate
8620954,8624320,8622637,0.03683507448542255,0.002177881650376875,baseline
8624326,8629180,8626753,-0.052069612715148164,0.016572509027960317,intermediate
8629184,8633651,8631417,0.002954258784257558,0.006797756020595252,baseline
8633653,8637878,8635765,-0.08685936743272898,0.014228439111067026,outlier
8637879,8641575,8639727,-0.02268766383262686,0.004962268967249501,intermediate
8641576,8644848,8643212,0.03741004691821495,0.0024410759654064636,baseline
8644853,8648099,8646476,-0.0030439432998837722,0.000659083622445428,baseline
8648100,8651430,8649765,0.007419054104032394,0.0016567815752364615,baseline
8651433,8655536,8653484,-0.12820263291324305,0.022246382590408093,outlier
8655537,8658857,8657197,-0.05367942811814336,0.003856355965529018,intermediate
8658858,8661943,8660400,-0.03138797653148017,0.011033743170680597,intermediate
8661944,8666729,8664336,-0.04784878789030001,0.006467959270226921,intermediate
8666733,8669784,8668258,0.006934462008811989,0.0047446542307527295,baseline
8669785,8673022,8671403,-0.07536375113814242,0.015630825922453333,intermediate
8673024,8676328,8674676,0.01999020833793422,0.003393982001444674,baseline
8676332,8679375,8677853,0.011353070002663657,0.002662621484241876,baseline
8679377,8682581,8680979,0.0005637802686400462,0.004712575991223897,baseline
8682582,8685785,8684183,-0.035354969780546336,0.0059145668974927715,intermediate
8685786,8688947,8687366,0.016358338050067398,0.0013930674291001881,baseline
8688949,8692003,8690476,-0.047425813190591116,0.009960619685692567,intermediate
8692004,8695068,8693536,-0.01731072015656821,0.007236467741648633,intermediate
8695070,8698124,8696597,0.03616540587445609,0.0036836279198834685,baseline
8698128,8701283,8699705,-0.06996078366891986,0.009186906006251919,intermediate
8701288,8704781,8703034,-0.01147493236445793,0.0037556605337913307,intermediate
8704784,8707870,8706327,0.011023579750740461,0.006237250541477125,baseline
8707876,8710976,8709426,0.040079427889179016,0.0013842995069914491,baseline
8710988,8715570,8713279,-0.0796627067707936,0.015463005099320686,outlier
8715572,8718543,8717057,0.012527125216701728,0.0057950754417865884,baseline
8718548,8721536,8720042,-0.11058300619195527,0.01004058264515646,outlier
8721537,8724790,8723163,0.035171504346157595,0.0039128348072446735,baseline
8724793,8729284,8727038,0.015478818605042082,0.004233390332591286,baseline
8729285,8732460,8730872,0.03475285893833745,0.0033789150680159238,baseline
8732464,8735681,8734072,0.04153731311023876,0.0014653014916317802,baseline
8735688,8738768,8737228,-0.038361632576967654,0.005271691452068887,intermediate
8738773,8743448,8741110,0.04003005717464522,0.0018800756241088878,baseline
8743463,8746803,8745133,0.0001712381038591581,0.005858575216732477,baseline
8746804,8750023,8748413,-0.11516174895663246,0.013890720260096773,outlier
8750024,8753717,8751870,-0.02014241443916254,0.005075578103199534,intermediate
8753722,8759832,8756777,-0.08929934054830065,0.012117319234434772,outlier
8759839,8763595,8761717,-0.04658178751326048,0.013402346646447022,intermediate
8763597,8771841,8767719,-0.017818037481263777,0.004236869903139009,intermediate
8771845,8774793,8773319,-0.04314659451629499,0.006724220594045315,intermediate
8774794,8778106,8776450,0.017706990685988307,0.004616510427066864,baseline
8778108,8782351,8780229,0.0316811467621908,0.003521222897133338,baseline
8782353,8785823,8784088,-0.01989392925618969,0.0034041704464450977,intermediate
8785824,8789141,8787482,-0.031830432637419324,0.0031949355183568946,intermediate
8789143,8792385,8790764,-0.048355387691049814,0.010980299887651526,intermediate
8792390,8796030,8794210,-0.0704499213867644,0.015061525229515326,intermediate
8796034,8799103,8797568,-0.044981305563787606,0.008357629197800505,intermediate
8799110,8802477,8800793,-0.08214748713224831,0.01162515415219482,outlier
8802480,8805784,8804132,-0.02409478717300019,0.005498345262563499,intermediate
8805787,8808997,8807392,-0.06389541056497561,0.011299677945249881,intermediate
8808999,8812439,8810719,0.025187174268376734,0.003936917709746109,baseline
8812443,8815543,8813993,-0.012992104033086017,0.005951977522283165,intermediate
8815551,8818590,8817070,0.004983606551545763,0.006205819079794664,baseline
8818593,8821714,8820153,-0.014658141755015947,0.005351349263204417,intermediate
8821719,8824689,8823204,-0.006353766075213242,0.006479429376589775,intermediate
8824694,8828064,8826379,0.026846426925136994,0.0028777784467610644,baseline
8828076,8831269,8829672,0.02482672722244218,0.002823377506097849,baseline
8831273,8834485,8832879,0.041150355792345994,0.0024631033433361407,baseline
8834492,8838491,8836491,0.03550903391497585,0.0022656954341728048,baseline
8838492,8841503,8839997,0.016660593345814746,0.0025805342220120995,baseline
8841508,8844945,8843226,0.04015821268075905,0.0019150666329083978,baseline
8844950,8849614,8847282,-0.03670694366328167,0.009197236012163025,intermediate
8849619,8852900,8851259,-0.017524923616203593,0.0026167367351031877,intermediate
8852902,8856778,8854840,0.005251892557434393,0.006961615472868252,baseline
8856779,8860232,8858505,-0.0021024253819550516,0.005235518025411998,baseline
8860233,8863944,8862088,0.0416170868698004,0.0016829402851078665,baseline
8863945,8867367,8865656,0.02314002403622916,0.0028057553658883223,baseline
8867369,8870864,8869116,-0.0012738950727193149,0.0041341036077667745,baseline
8870872,8874175,8872523,0.008270514187354359,0.0038537209476814543,baseline
8874178,8877506,8875842,-0.0879773793252522,0.01153773374786278,outlier
8877509,8880726,8879117,-0.08745324968526652,0.018178635305025812,outlier
8880728,8884403,8882565,-0.02274518087007551,0.008331989052470441,intermediate
8884408,8887483,8885945,-0.01899493602885388,0.006851775082782706,intermediate
8887484,8890643,8889063,-0.008859300082759812,0.008227842908295884,intermediate
8890646,8893715,8892180,-0.03559781164900298,0.011246774654101226,intermediate
8893717,8896739,8895228,0.003686296710167008,0.0029213060514834176,baseline
8896742,8899652,8898197,0.0015175533657979944,0.004326174361965007,baseline
8899656,8902755,8901205,-0.11273712711621788,0.017187808713765195,outlier
8902757,8905825,8904291,-0.05691378253484849,0.01226177320935277,intermediate
8905826,8908939,8907382,-0.039434573441605225,0.008155641045551392,intermediate
8908942,8912496,8910719,0.04142940789594906,0.0023939029902419594,baseline
8912502,8917317,8914909,0.027556383982103198,0.004155427543572794,baseline
8917321,8920315,8918818,0.005730490219379166,0.005804235283427894,baseline
8920317,8923748,8922032,0.030071981542528256,0.0009292238137851151,baseline
8923749,8926826,8925287,-0.0069047090474480075,-0.0024539123528658957,intermediate
8926827,8929945,8928386,-0.07250837479592026,0.005737900803420184,intermediate
8929958,8933121,8931539,0.039493113593685604,0.0027976338052740123,baseline
8933124,8936231,8934677,-0.001188499719034597,0.005299651563388963,baseline
8936236,8939505,8937870,-0.0025904276168793854,0.0005546647768390748,baseline
8939506,8943323,8941414,-0.030022753641391918,0.004900865010435929,intermediate
8943341,8946370,8944855,0.0012491480354465429,0.006380844722180544,baseline
8946371,8951563,8948967,0.002611334873833777,0.002535503315758441,baseline
8951566,8954707,8953136,-0.01085993738927454,0.004434398509117349,intermediate
8954712,8957813,8956262,-0.14068431443036328,0.014371600793922065,outlier
8957814,8961133,8959473,-0.08250423547145108,0.015118082017083544,outlier
8961134,8964657,8962895,-0.0015910237979512348,0.006110438166240192,baseline
8964661,8969373,8967017,-0.0686658503058642,0.009096973176382181,intermediate
8969379,8973743,8971561,-0.02974332019631463,0.0029262226392249477,intermediate
8973748,8976977,8975362,0.02287882109756319,0.002769046092842899,baseline
8976979,8980361,8978670,0.020635583788852527,0.0027718044352250696,baseline
8980363,8985004,8982683,-0.08866035546562998,0.006997136741725662,outlier
8985005,8988358,8986681,-0.08344408776793165,0.01606072269699989,outlier
8988361,8991737,8990049,-0.12377216078461664,0.015187195176183185,outlier
8991739,8994965,8993352,-0.04746756742737378,0.011196754703787141,intermediate
8994988,8999400,8997194,-0.11727546266626583,0.018528853690515875,outlier
8999405,9003092,9001248,0.034193012137211314,0.0015035891286573917,baseline
9003093,9006360,9004726,-0.06209869857497076,0.016393411063128322,intermediate
9006361,9019507,9012934,-0.1419103236917184,0.026423009849694756,outlier
9019509,9022833,9021171,0.011544665281520665,0.008617197143983726,baseline
9022835,9029768,9026301,-0.04955473775492598,0.015189157450815841,intermediate
9029771,9033193,9031482,-0.10605617709416666,0.025117328887979365,outlier
9033197,9036485,9034841,0.027303939514255856,0.005770195881632735,baseline
9036490,9039670,9038080,0.03442920615378057,0.003273194272847385,baseline
9039674,9042965,9041319,0.00878299755548371,-0.0002321516448857196,baseline
9042968,9047697,9045332,0.026090946717905635,0.0024816109529588884,baseline
9047699,9051098,9049398,0.033054726898893626,0.0014675089532489324,baseline
9051099,9054194,9052646,0.03816960086990032,0.002148427837252596,baseline
9054195,9057510,9055852,0.025322151432352186,0.0027345008535092593,baseline
9057514,9060441,9058977,-0.015179234442436728,0.00610415082355908,intermediate
9060442,9064713,9062577,0.037262415045868406,0.0021806727169142166,baseline
9064717,9069049,9066883,0.022502958661844263,0.004611705868519595,baseline
9069053,9072228,9070640,0.039244155703988266,0.003031046124865336,baseline
9072229,9075323,9073776,0.033501493566717354,0.00310148348391827,baseline
9075324,9078594,9076959,0.0333791876478899,0.0037574177766496416,baseline
9078599,9081885,9080242,0.03305797628115943,0.0026151405318296603,baseline
9081893,9085126,9083509,0.04241772601248571,0.0020162731794971275,baseline
9085129,9088884,9087006,0.0317928223013928,0.003690571905956921,baseline
9088886,9094542,9091714,0.03995743462664811,0.002365971970778329,baseline
9094543,9097687,9096115,0.03396403841440981,0.0037430260829221513,baseline
9097688,9100830,9099259,0.03244330749636235,0.001405193560823497,baseline
9100833,9103891,9102362,0.011934389851233806,-0.0006750461295060826,baseline
9103893,9107401,9105647,0.03463299281450319,0.0021923008600339584,baseline
9107402,9110418,9108910,0.03303089406527134,0.00323515100501857,baseline
9110423,9113601,9112012,0.011788348535889743,0.0015039453409740342,baseline
9113603,9116896,9115249,0.030037170809808906,0.0035006758637129405,baseline
9116901,9120006,9118453,0.01009289984582294,0.0036462047854888373,baseline
9120007,9122987,9121497,0.005113118089813243,0.00574924132192242,baseline
9122989,9128542,9125765,0.020726441198995752,0.003885346520901016,baseline
9128543,9131566,9130054,0.02365389159702243,0.0021510821393890653,baseline
9131567,9136052,9133809,0.006642407438162009,0.005909324344982734,baseline
9136056,9139406,9137731,0.03485192551227798,0.0023178858280758284,baseline
9139409,9143216,9141312,0.03649048212531242,0.0033701000010494695,baseline
9143219,9147465,9145342,0.028290516319926677,0.004341799853470708,baseline
9147467,9150720,9149093,0.0009977104422515925,0.009639556049852055,baseline
9150721,9153964,9152342,-0.043115149851626046,0.009699488392492555,intermediate
9153966,9159933,9156949,0.017346425706058585,0.0043677529697251855,baseline
9159935,9167674,9163804,0.017371489572963507,0.0066800411887331925,baseline
9167681,9171157,9169419,0.002540115786233435,0.004224134921297667,baseline
9171162,9174512,9172837,-0.178331755908306,0.016184923910182402,outlier
9174513,9177998,9176255,-0.025873406832842546,0.005843888076428959,intermediate
9177999,9182335,9180167,-0.01652276455093702,0.006781042753740237,intermediate
9182343,9198610,9190476,0.02832693772249505,0.0027103999431262525,baseline
9198611,9208172,9203391,0.04029926585672167,0.0016517893393580049,baseline
9208174,9211364,9209769,-0.06465849089291413,0.016320710208667835,intermediate
9211366,9216642,9214004,0.03767916965576874,0.0014757786749050894,baseline
9216645,9219848,9218246,0.0118053021248314,0.005196019580284744,baseline
9219855,9222906,9221380,0.02330837472728055,-1.9297289042168537e-06,baseline
9222917,9225903,9224410,0.03632865372652177,0.002363771034509813,baseline
9225905,9228788,9227346,0.035304642011114266,0.00044807918969912966,baseline
9228793,9231862,9230327,0.0329718958392111,0.002955549513290747,baseline
9231865,9234990,9233427,0.030970136472878156,0.002602323115265122,baseline
9234993,9238372,9236682,0.011509714792114953,0.004320269351698566,baseline
9238375,9241456,9239915,0.03535406014336651,0.0033493755617575722,baseline
9241459,9244606,9243032,0.027345431530278633,0.002504263196430267,baseline
9244607,9247693,9246150,-0.01077367070335704,0.004027930471132994,intermediate
9247707,9250812,9249259,0.02863113939565819,0.0007855410450874464,baseline
9250818,9255118,9252968,0.0265943251888452,0.0002452040913233559,baseline
9255119,9258414,9256766,0.03450339179315532,0.0004690563049162126,baseline
9258416,9261600,9260008,-0.012600094535164093,0.0016018174551774415,intermediate
9261607,9264834,9263220,-0.03465304418284319,0.007566778389152826,intermediate
9264835,9267892,9266363,0.040351336565993615,0.002069935443944048,baseline
9267895,9270773,9269334,0.016529799185668576,0.0066110896602915425,baseline
9270774,9275011,9272892,-0.018162720754422053,0.0057983750169489645,intermediate
9275012,9278008,9276510,0.03216814498767731,0.003022823458073558,baseline
9278018,9281041,9279529,-0.06323958706873459,0.009148793497445998,intermediate
9281042,9284058,9282550,0.03873418717145796,0.0017217197614016755,baseline
9284061,9287141,9285601,0.0352386143303087,0.0024709942097947786,baseline
9287142,9290168,9288655,-0.006423141122946225,0.0017822994151865364,intermediate
9290169,9293484,9291826,-0.05413850155448575,0.0035337274265133754,intermediate
9293485,9296711,9295098,-0.12824298893432517,0.0019476978267413526,outlier
9296715,9299877,9298296,-0.020369142954649613,0.004169425254024407,intermediate
9299878,9303188,9301533,0.013146078662341711,0.0015692919363374776,baseline
9303191,9306390,9304790,-0.001979524344186161,0.0005564314323074086,baseline
9306392,9309830,9308111,-0.09337854528653322,0.010389507634174065,outlier
9309831,9313319,9311575,-0.024893552770895284,0.0058523856155899626,intermediate
9313322,9316425,9314873,0.03167398528105142,0.004004759955110836,baseline
9316426,9319573,9317999,0.013876271234493191,0.005473358782676156,baseline
9319575,9323302,9321438,0.005775154468339402,0.004880997917290036,baseline
9323305,9326189,9324747,0.03272993132606684,0.0026276326225085273,baseline
9326190,9329317,9327753,0.037970967797146954,0.0018244968209489292,baseline
9329319,9332458,9330888,0.002256729499108793,0.0036725684234283594,baseline
9332460,9335472,9333966,0.024346630278454205,0.0024382428063520734,baseline
9335473,9338652,9337062,0.040964833207848154,0.002480055658394562,baseline
9338655,9342385,9340520,0.020164523048168976,0.002041193946249363,baseline
9342387,9345526,9343956,0.03180776047811355,0.002272888841663409,baseline
9345529,9348824,9347176,-0.029323307102548015,0.006916303915213598,intermediate
9348825,9351976,9350400,0.03035970346400602,0.005796393228291678,baseline
9351982,9355606,9353794,0.03253206186658219,0.0040770217652593066,baseline
9355610,9358618,9357114,0.014871630475680039,0.00452824308525948,baseline
9358624,9361935,9360279,0.03369108496144929,0.0017609514440221836,baseline
9361939,9365182,9363560,0.022408849509565835,0.00616764815530096,baseline
9365184,9368533,9366858,-0.045750142481224186,0.0102096804531557,intermediate
9368537,9371555,9370046,0.005144497067236169,0.0026087725159183828,baseline
9371559,9374759,9373159,0.01612920321765059,0.0042255516945603035,baseline
9374761,9377851,9376306,0.03000423199889289,0.0018165835577807815,baseline
9377853,9380929,9379391,0.042696070709175055,0.0020667831826780554,baseline
9380931,9384059,9382495,0.0072180020421809266,0.004286330100244084,baseline
9384061,9387196,9385628,0.0024278997924305013,0.006643682175585032,baseline
9387198,9390335,9388766,0.014586948869882132,0.0040565529938810015,baseline
9390337,9393316,9391826,0.029799508732137832,0.0016732955984920298,baseline
9393317,9396689,9395003,0.04086001584231869,0.0023856677322980305,baseline
9396690,9400090,9398390,0.016208815666136866,0.005664018818771589,baseline
9400092,9403601,9401846,0.04043909641081388,0.0028443592636671093,baseline
9403602,9407270,9405436,-0.028751984628827318,0.009365209067340325,intermediate
9407278,9410682,9408980,0.04203154531467669,0.00226274684258778,baseline
9410686,9414096,9412391,0.031104982023094394,0.0030211821113853995,baseline
9414099,9417693,9415896,-0.01480949326751798,0.009200655719547217,intermediate
9417694,9421048,9419371,-0.05414351993765841,0.01061115482052054,intermediate
9421055,9424658,9422856,-0.01205158496990249,0.003933871559387505,intermediate
9424667,9428249,9426458,0.03614052016599133,0.0040448724180366736,baseline
9428251,9431370,9429810,0.023896977565563825,0.0037540385685858697,baseline
9431371,9434690,9433030,-0.08916560363244819,0.0064646672013703044,outlier
9434691,9437948,9436319,-0.1437151813386829,0.0189593142554069,outlier
9437951,9441008,9439479,-0.07759481789140314,0.004157987524805311,intermediate
9441010,9444252,9442631,-0.017242432433240883,0.009825138665570296,intermediate
9444253,9447819,9446036,-0.0740364878363344,0.010837027990684131,intermediate
9447820,9450942,9449381,-0.018042096203972614,0.003980411080593151,intermediate
9450943,9454057,9452500,-0.16186105266787637,0.02309073577034565,outlier
9454077,9457429,9455753,-0.08198176229118004,0.015481607014294943,outlier
9457432,9460552,9458992,-0.20370551856487504,0.024103840605675438,outlier
9460553,9463782,9462167,-0.06944579544871313,0.011943672448211673,intermediate
9463783,9466970,9465376,-0.025516507304960606,0.0060550675974825096,intermediate
9466972,9470043,9468507,-0.017315868908814987,0.006595788987237072,intermediate
9470045,9473159,9471602,-0.017386147367196333,0.008712016674209015,intermediate
9473161,9476400,9474780,0.040161123969849354,0.0026382411894406606,baseline
9476402,9479713,9478057,-0.009975780485614621,0.009112809244125204,intermediate
9479715,9482846,9481280,0.036464008418813226,0.0019053111004537415,baseline
9482848,9486108,9484478,-0.02993866313095313,0.011200950821074555,intermediate
9486112,9489483,9487797,-0.016364492548355817,0.005966879401978155,intermediate
9489491,9493851,9491671,-0.049527190065695295,0.014233139289572153,intermediate
9493858,9497447,9495652,-0.10071327018830727,0.015556048223937883,outlier
9497452,9500511,9498981,0.005864766288525436,0.004286250803232409,baseline
9500515,9503691,9502103,-0.017495207943949202,0.005827419248503291,intermediate
9503692,9506915,9505303,-0.06611296045472341,0.011749485001083495,intermediate
9506916,9511490,9509203,0.005229068375301286,0.003029456402357571,baseline
9511494,9514628,9513061,0.03259284101371314,0.005023478573961359,baseline
9514629,9518441,9516535,0.042660936572046136,0.0021479360950923563,baseline
9518450,9521810,9520130,0.027828252713908194,0.003225325508808925,baseline
9521811,9525042,9523426,0.02015229463232177,0.0029238826969171104,baseline
9525047,9528022,9526534,-0.007857391758752136,0.00812254915362057,intermediate
9528024,9532552,9530288,0.040919174848713435,-6.798193526000265e-05,baseline
9532554,9535418,9533986,0.02433232142982181,0.00032923122092802455,baseline
9535421,9538605,9537013,0.017706325781024292,0.003441648291625947,baseline
9538611,9541665,9540138,0.027629299106645595,0.0022516283361439823,baseline
9541668,9545203,9543435,0.021993759818746964,0.0028138163967313416,baseline
9545204,9548304,9546754,0.03783645027485945,0.0026893408448202213,baseline
9548306,9551456,9549881,-0.0026798420322923402,0.006146505003946151,baseline
9551457,9554538,9552997,0.006714977775845415,0.007068296865608624,baseline
9554539,9557780,9556159,-0.03177480782494057,0.005813898889549636,intermediate
9557781,9561005,9559393,-0.009050391159941676,0.00762081060009832,intermediate
9561006,9564292,9562649,0.027348739086100506,0.0009126908225625691,baseline
9564293,9567545,9565919,0.02534381697776391,0.003836982410593217,baseline
9567547,9570922,9569234,0.04145740157308648,0.0014555244536831847,baseline
9570924,9574303,9572613,0.007484345331322187,0.0006435056970516126,baseline
9574308,9577506,9575907,-0.00976626114008164,0.008117853736758022,intermediate
9577507,9580637,9579072,0.02607747863501072,0.0031758078698805583,baseline
9580638,9583810,9582224,0.024753476696327045,-0.0003400597289738154,baseline
9583815,9587235,9585525,0.032502959328664274,0.003815542815827884,baseline
9587239,9590660,9588949,0.007077604596105322,0.004893561932806252,baseline
9590664,9593875,9592269,-0.026686198186799175,0.009359933718368813,intermediate
9593878,9597279,9595578,-0.01248448680144627,0.010824613934661702,intermediate
9597280,9601695,9599487,-0.09243019894666162,0.009616010270012026,outlier
9601697,9604979,9603338,-0.008169802089161592,0.002520797737493835,intermediate
9604982,9609727,9607354,0.0041263946210616615,0.003601117315762816,baseline
9609731,9613439,9611585,-0.005986856215788165,0.004092624843955227,intermediate
9613445,9616826,9615135,-0.04006728565760271,0.013271393441773888,intermediate
9616827,9620021,9618424,0.04211478556540143,0.002460389372451586,baseline
9620029,9623307,9621668,-0.06720336376090179,0.009201054440031067,intermediate
9623308,9626777,9625042,-0.08663140155084076,0.014888050791464472,outlier
9626778,9629966,9628372,0.007266547687498081,0.008158993111747342,baseline
9629968,9633094,9631531,0.003400083652988807,0.006306500402103595,baseline
9633101,9636393,9634747,0.03828486161298296,0.0020892810046000895,baseline
9636394,9639555,9637974,-0.010446882478931517,0.008044792666490105,intermediate
9639557,9643095,9641326,-0.06329763428189818,0.009725134285120377,intermediate
9643096,9646241,9644668,-0.005700049193471519,-0.0007356914189128608,intermediate
9646247,9649747,9647997,-0.008533147287085494,0.007417899528606542,intermediate
9649748,9653084,9651416,-0.05595785510065397,0.007616192648198672,intermediate
9653091,9656325,9654708,0.017406033390007274,0.000965566986514262,baseline
9656328,9659453,9657890,-0.02623400461653195,0.012049318167632866,intermediate
9659455,9662739,9661097,0.01716770287909826,0.0020773775025433516,baseline
9662740,9666572,9664656,0.014908645488364103,0.006897593094320275,baseline
9666573,9670132,9668352,0.01395851923950065,0.006749049281903643,baseline
9670135,9675170,9672652,-0.009283299343023306,0.006273882520930812,intermediate
9675171,9678778,9676974,0.016390824586971227,0.003476283527508738,baseline
9678787,9688099,9683443,0.015366636156998723,0.004172549903158225,baseline
9688101,9691320,9689710,0.038766565920620055,0.0007488352670358608,baseline
9691324,9695711,9693517,-0.03950435498305132,0.00410946350850584,intermediate
9695727,9698810,9697268,-0.0185811833067985,0.0022889458833097783,intermediate
9698811,9702631,9700721,0.024497330748505065,-0.002475827715614976,baseline
9702637,9705907,9704272,0.039136007116906034,-0.00015837121884670107,baseline
9705909,9709017,9707463,0.008681966790272617,-0.0037642256226126836,baseline
9709018,9712043,9710530,0.013227241038776597,0.00012556329203778618,baseline
9712046,9715284,9713665,0.0382278195243263,-0.0003212999004861045,baseline
9715285,9718970,9717127,0.015379508831360272,-0.0014446422780931153,baseline
9718971,9722494,9720732,0.03982265936070003,0.0020023270070825033,baseline
9722496,9725998,9724247,0.0325651613160573,-0.000932925694704522,baseline
9725999,9729688,9727843,0.01083235147366299,6.511843443818616e-05,baseline
9729697,9733335,9731516,0.0379786411365221,0.0026648310616581923,baseline
9733337,9736962,9735149,0.0316575532521789,0.003101196352106124,baseline
9736967,9745899,9741433,0.04175637692869874,0.00248865750185543,baseline
9745950,9749369,9747659,0.03263350337531637,-0.0009656237178376989,baseline
9749370,9752952,9751161,-0.001536136502799909,0.002060541075978435,baseline
9752953,9756679,9754816,-0.049405033936447296,0.012585769977772384,intermediate
9756686,9762476,9759581,0.03722743626327875,0.00097031191479475,baseline
9762478,9766599,9764538,-0.023050756385685715,0.00941731547770645,intermediate
9766600,9775375,9770987,-0.051713562533773245,0.0022141729334571305,intermediate
9775379,9781019,9778199,-0.04122683515372031,0.0043751614518417,intermediate
9781020,9790058,9785539,0.011094941434810898,-0.000982291348464395,baseline
9790059,9818886,9804472,-0.0026872882906711086,0.0036143578843023595,baseline
9818897,9822377,9820637,-0.01685191450599979,0.00646507300942702,intermediate
9822378,9826387,9824382,-0.06327300347880531,0.003661343567402137,intermediate
9826390,9833748,9830069,0.020028280020210027,0.0008110283270646681,baseline
9833749,9837982,9835865,-0.04393657453346869,-0.0004286081106290751,intermediate
9837987,9861229,9849608,-0.046171426226864154,0.003272216088805096,intermediate
9861231,9864576,9862903,0.03739272783565212,0.00322432252536287,baseline
9864577,9867845,9866211,0.0403017395577074,0.0025627169569770094,baseline
9867846,9871169,9869507,0.0007073454734433314,-7.681908333556069e-05,baseline
9871172,9875676,9873424,-0.016689080842309755,0.003704350757801166,intermediate
9875678,9878896,9877287,0.008125457773408104,0.005047384233584802,baseline
9878899,9884955,9881927,0.039939362943469926,0.0015596836496102498,baseline
9884957,9889434,9887195,0.0067234119365608205,0.004278778795204651,baseline
9889436,9899408,9894422,0.019020532642372093,0.0029215610058590073,baseline
9899409,9902329,9900869,0.016902130517173767,0.005396000619494005,baseline
9902335,9905498,9903916,0.032055996634235986,0.0018767729530226682,baseline
9905505,9908517,9907011,0.039235071226074905,0.0009458108661246381,baseline
9908524,9911616,9910070,0.019987326219849996,-0.0004552628195404425,baseline
9911617,9914803,9913210,0.015952845491151696,0.0006910673693909167,baseline
9914805,9918126,9916465,0.03184784550189215,0.002191651401299853,baseline
9918130,9921149,9919639,0.031652208951413574,0.0018903477310360187,baseline
9921153,9924317,9922735,0.022074217662150123,0.0010356994925818392,baseline
9924318,9927484,9925901,0.010603998713138196,0.004387556040833977,baseline
9927485,9930841,9929163,0.02563667864680485,0.004066975886901484,baseline
9930848,9933990,9932419,0.026972689906911675,0.0018608889625650502,baseline
9933991,9937149,9935570,0.026024828730570635,0.0038549654563618794,baseline
9937152,9940460,9938806,-0.0450490972190586,0.007439752068636986,intermediate
9940461,9943572,9942016,-0.021328541069803825,0.008931700937415646,intermediate
9943574,9946646,9945110,-0.08810888188903336,0.01775582081701757,outlier
9946650,9949871,9948260,-0.054909765626742796,0.006995133692182889,intermediate
9949873,9966945,9958409,0.02767193191401593,0.0011206008903288816,baseline
9966946,9970128,9968537,0.034847019323867544,0.002793195225997619,baseline
9970129,9973241,9971685,0.02938473473286493,0.004030284722759016,baseline
9973243,9976349,9974796,0.007720055718039724,0.0076949093554413645,baseline
9976352,9979562,9977957,0.009818860041324816,0.007010157881112145,baseline
9979563,9983581,9981572,0.04012224127085671,0.0024893087712418273,baseline
9983582,9986672,9985127,-0.06667809900446368,0.012423328933982252,intermediate
9986673,9990004,9988338,0.023341039516459324,0.0031626293974559446,baseline
9990006,9993183,9991594,-0.010891532276832304,0.005051502556641616,intermediate
9993185,9996007,9994596,0.025524994055310713,0.002514009659739853,baseline
9996013,10000472,9998242,0.0008628744621248717,0.005077545991238611,baseline
10000477,10003807,10002142,0.02514217499474332,0.0024714189155388253,baseline
10003808,10010653,10007230,0.015607453391996312,0.007025306517604133,baseline
10010655,10013816,10012235,-0.01633363668030235,0.006250968191968128,intermediate
10013818,10017100,10015459,0.004321162143340103,0.0045202746801508865,baseline
10017102,10020332,10018717,0.030522423770100747,0.0013443892863450695,baseline
10020334,10023580,10021957,-0.05062475606533762,0.011367961825930483,intermediate
10023582,10027086,10025334,0.037732863894522545,0.0028254619453361826,baseline
10027090,10032069,10029579,-0.04317905242764064,0.005153774569188692,intermediate
10032070,10035382,10033726,0.00322035236649183,0.004131554591504286,baseline
10035385,10038739,10037062,0.005865660030443632,-0.0003617600712800467,baseline
10038743,10042018,10040380,0.013097921334872012,0.002153457439151999,baseline
10042019,10045418,10043718,-0.03226101611313495,0.010288832612082072,intermediate
10045425,10048716,10047070,-0.04808941725378918,0.012249623550591771,intermediate
10048717,10052342,10050529,0.0020110762102872877,0.0036862403174091393,baseline
10052344,10056392,10054368,0.014958031043364777,0.00014085690107643793,baseline
10056393,10059758,10058075,0.03908101313791899,-0.0008707438862218747,baseline
10059759,10063046,10061402,-0.016979337968493324,0.004792088119944368,intermediate
10063060,10066241,10064650,0.011514409053494514,0.004337165412816582,baseline
10066243,10069156,10067699,-0.039937608337478316,0.004424301157748245,intermediate
10069167,10072576,10070871,0.033171505769960696,0.0020852033640287055,baseline
10072577,10075706,10074141,0.030300444372314765,0.002380701350623338,baseline
10075707,10078868,10077287,0.01403372081406632,0.006921864415045802,baseline
10078870,10082436,10080653,-0.0025296775129047444,0.0056825240924986125,baseline
10082437,10085537,10083987,0.04143455526638919,0.0021569111385978763,baseline
10085538,10088898,10087218,0.0383107718150923,0.0026444070554204465,baseline
10088899,10092440,10090669,0.019194344627737406,0.0037062470846942297,baseline
10092441,10095693,10094067,0.04251740433085732,0.0024978678171624076,baseline
10095695,10099313,10097504,0.023986866821290285,0.003909532265870273,baseline
10099317,10102856,10101086,-0.002079604928125556,0.004952715548964817,baseline
10102857,10106167,10104512,0.003508749186741293,0.0052214955375722545,baseline
10106169,10110845,10108507,-0.013136474768202578,0.005214730239492102,intermediate
10110847,10114461,10112654,-0.004082864187228553,0.0009657009590895777,intermediate
10114462,10118237,10116349,-0.019863821118699398,0.009548679078120426,intermediate
10118242,10121740,10119991,-0.0004858977871059141,0.005402168359949098,baseline
10122570,10125800,10124185,-0.04758153355411724,0.010696300183934684,intermediate
10125804,10129029,10127416,0.016032167430637078,0.004019125300530258,baseline
10129031,10133963,10131497,0.01136660790906154,0.006304228698047133,baseline
10133964,10137291,10135627,0.026635712805505612,0.004185862446872676,baseline
10137293,10140912,10139102,0.04256456603684053,0.002346167333280768,baseline
10140914,10144129,10142521,0.039834084758060044,0.00177846445597883,baseline
10144131,10147733,10145932,0.030786182267419884,0.0036486437249464354,baseline
10147734,10150804,10149269,0.017696664012632667,0.004875356406881728,baseline
10150806,10154576,10152691,-0.039941314534560124,0.007400493867778809,intermediate
10154581,10158290,10156435,0.015502427423671772,0.0023331313616852165,baseline
10158292,10161743,10160017,0.014815381071628423,0.0027639516556064005,baseline
10161746,10165566,10163656,-0.05172974248358779,0.004803147249142118,intermediate
10165567,10168998,10167282,-0.16903311242949084,0.012178330142055709,outlier
10168999,10172377,10170688,-0.10923262557117895,0.015074501059652337,outlier
10172378,10175443,10173910,-0.03056464987843006,0.0072171431171715985,intermediate
10175447,10178422,10176934,-0.042016987591915966,0.008029269828346995,intermediate
10178423,10181507,10179965,-0.013977326123287994,0.004345234353932038,intermediate
10181511,10184700,10183105,-0.05048739758653585,0.007491432699033948,intermediate
10184702,10187877,10186289,0.030715324933854756,0.003044978343701936,baseline
10187880,10190979,10189429,-0.03753302794384626,0.01176213486249288,intermediate
10190980,10193976,10192478,-0.03636455861041314,0.009295734235198074,intermediate
10193977,10196875,10195426,0.03989927134379769,0.002273101100388272,baseline
10196876,10202969,10199922,0.022097871979304892,0.0029850845171509057,baseline
10202971,10206062,10204516,0.03783460883140855,0.0017785678440357519,baseline
10206063,10209168,10207615,0.04075126484381623,0.0024694404259366256,baseline
10209171,10212200,10210685,0.03154689591390007,0.002023782588312152,baseline
10212205,10215169,10213687,0.029812960812053514,0.0007924196755625337,baseline
10215173,10218273,10216723,0.006960443365534963,0.007049853012019922,baseline
10218275,10221381,10219828,0.036705817191806524,0.0033503887955906395,baseline
10221382,10224517,10222949,0.040173870660414814,0.0027295641804222616,baseline
10224518,10227404,10225961,0.03662174447563409,0.0028767411350628515,baseline
10227413,10230501,10228957,0.04177347825868809,0.0015271463711765225,baseline
10230504,10233552,10232028,0.038991030370549955,0.0027661495310759674,baseline
10233558,10237095,10235326,0.030028456527772023,0.00548004950401589,baseline
10237098,10240239,10238668,0.034677064157871494,0.0027862854135235725,baseline
10240241,10243683,10241962,0.036225563232835156,0.0028699686806170368,baseline
10243685,10246966,10245325,-0.009703795137221461,0.0036658945585575317,intermediate
10246969,10252458,10249713,0.019476321527524213,0.00517444998635006,baseline
10252468,10255975,10254221,-0.020432962893910517,0.006860827879763564,intermediate
10255976,10259080,10257528,0.024431859656604007,0.0005893673854949663,baseline
10259083,10262444,10260763,0.015512586156804967,0.006322938577937204,baseline
10262455,10265799,10264127,0.009461631675392759,0.005587257855801009,baseline
10265803,10269350,10267576,0.02031043648366314,0.000535692530287424,baseline
10269351,10273067,10271209,0.03891816534135677,-3.883823369587998e-05,baseline
10273068,10276205,10274636,-0.018882902072267782,0.004358087531273343,intermediate
10276209,10279425,10277817,0.010653832258593166,0.004705628301960718,baseline
10279426,10282666,10281046,-0.020443201699403023,0.008654562986631139,intermediate
10282669,10286044,10284356,0.04251650557639015,0.0009858828528383514,baseline
10286047,10289610,10287828,-0.007809267028717167,0.0074787056096210155,intermediate
10289620,10292752,10291186,0.0417438662379136,0.002151238291167702,baseline
10292755,10296061,10294408,-0.09304159385765828,0.011480224184811197,outlier
10296062,10298925,10297493,0.003525318197140134,0.004580962290078867,baseline
10298928,10302026,10300477,-0.023123185271012592,0.004964180819613019,intermediate
10302027,10305354,10303690,0.016344821587622918,0.0030333761838989867,baseline
10305355,10308780,10307067,0.03118497784140321,0.0031495480855306835,baseline
10308781,10313404,10311092,0.011707650171905861,0.005975738392443194,baseline
10313417,10316828,10315122,0.02220479013638048,-0.00010306041580673052,baseline
10316829,10320499,10318664,0.023207790359598118,0.0029481916590920958,baseline
10320507,10323615,10322061,0.008476339432797157,0.0027068552400846364,baseline
10323617,10327721,10325669,0.03076152890399996,0.0006271589495958753,baseline
10327722,10331116,10329419,0.01052567208698834,0.0043111544140832505,baseline
10331119,10334775,10332947,-0.0013042605728052555,0.007905316068801276,baseline
10334780,10338448,10336614,-0.00226534712514781,0.0017046861022851673,baseline
10338449,10341933,10340191,-0.05311038660802654,0.008250034058614157,intermediate
10341937,10345195,10343566,0.03697687165028986,0.003192217425841278,baseline
10345196,10348422,10346809,-0.012710811029068816,0.008248066388742816,intermediate
10348428,10351629,10350028,0.0006490173317105649,0.0029826690464895356,baseline
10351631,10355350,10353490,0.0173439288606659,0.004480553077695492,baseline
10355351,10358963,10357157,0.021913230754484522,0.0026192880814664213,baseline
10358964,10362528,10360746,-0.047518961614339696,0.007949157100660175,intermediate
10362532,10366174,10364353,0.005485727520038584,0.008183143400166364,baseline
10366176,10370907,10368541,-0.004059942924912848,0.007750797100239974,intermediate
10370912,10374838,10372875,0.03825541140883793,0.0034645867868621817,baseline
10374843,10378040,10376441,-0.025621825469665967,0.008163252818252816,intermediate
10378041,10381307,10379674,0.02266025575906896,0.005529716577999774,baseline
10381308,10384563,10382935,-0.026827333918424116,0.008928428034657938,intermediate
10384564,10387790,10386177,0.034306330961348476,0.004038634863937352,baseline
10387793,10392334,10390063,0.010388986446177929,0.004807147178331077,baseline
10392335,10395895,10394115,-0.011395431964348782,0.006017231698811709,intermediate
10395897,10399231,10397564,-0.025899985860279317,0.00399475900091624,intermediate
10399239,10402591,10400915,-0.057476497052286725,0.005297280677566778,intermediate
10402592,10405900,10404246,-0.056347795883799616,0.011512055289247449,intermediate
10405906,10409359,10407632,0.005745462695052094,0.007568097422274138,baseline
10409362,10412688,10411025,-0.042425638853557095,0.0022563195727593904,intermediate
10412690,10415898,10414294,-0.02115381621641056,0.008457141353938871,intermediate
10415900,10419146,10417523,0.034040015190244195,0.004334309152253207,baseline
10419147,10422957,10421052,-0.020498178776354712,0.008517871017016964,intermediate
10422960,10427027,10424993,-0.00896694160923135,0.0045767276124021655,intermediate
10427028,10430498,10428763,0.007255864539093366,0.002703646993497285,baseline
10430499,10433644,10432071,-0.04619287236336885,0.0055890535908340675,intermediate
10433645,10437142,10435393,0.019040465320452366,0.003491912547455963,baseline
10437148,10440241,10438694,0.022708988631944246,0.005756728814758105,baseline
10440243,10443594,10441918,0.022650660198215967,0.0023511257370365402,baseline
10443598,10446885,10445241,0.036471216560904816,0.004197026152188849,baseline
10446886,10450216,10448551,0.03384976567127897,0.003520818683018378,baseline
10450217,10453290,10451753,0.04060822024453121,0.0030964484554244324,baseline
10453291,10465456,10459373,0.014360432547788494,0.005330061798020876,baseline
10465460,10468668,10467064,0.041503772763931995,0.0013391850915707622,baseline
10468675,10471912,10470293,-0.019661173803916368,0.009643209840054684,intermediate
10471913,10475054,10473483,0.016867286674952412,0.004147528102601265,baseline
10475055,10478439,10476747,0.0056507455892563846,0.0024782410006743737,baseline
10478440,10483114,10480777,0.036346076576565745,0.0031580975876673192,baseline
10483115,10486657,10484886,-0.079324748407622,0.010083537416759642,intermediate
10486662,10490118,10488390,0.023311249336825494,0.005210297355012813,baseline
10490123,10493350,10491736,0.03915547761077335,0.003236251267982228,baseline
10493351,10496635,10494993,-0.037325601728251064,0.011823511921704928,intermediate
10496636,10500914,10498775,0.021675636905016706,0.004222802589882901,baseline
10500915,10504224,10502569,-0.032235291354853896,0.005771994615991594,intermediate
10504227,10507500,10505863,-0.02229457850395918,0.006960400133847707,intermediate
10507502,10510750,10509126,-0.0008696508971686459,0.006181636120793237,baseline
10510751,10513970,10512360,-0.1144311756361743,0.007260043622900999,outlier
10513973,10517277,10515625,-0.08596055180750234,0.013778177945441393,outlier
10517278,10520735,10519006,-0.12377968042810783,0.013303197044860656,outlier
10520743,10524016,10522379,-0.10708163016093908,0.01390678613880659,outlier
10524017,10527355,10525686,-0.025799754674702594,0.007476175935202558,intermediate
10527357,10530721,10529039,0.015395921068534556,0.006471986680177514,baseline
10530726,10533987,10532356,-0.03666763837164429,0.01024363162064276,intermediate
10533989,10537344,10535666,-0.0650463350325233,0.007362398452468124,intermediate
10537351,10540523,10538937,0.03486326633277348,0.0020671326164042334,baseline
10540526,10543730,10542128,0.01935557829701951,0.0034790091013592954,baseline
10543734,10546885,10545309,0.021491944373609538,0.004924782901705835,baseline
10546889,10550128,10548508,0.01843127558457778,0.004035112579027725,baseline
10550133,10553635,10551884,0.01719763064760393,0.005422955015118369,baseline
10553637,10557227,10555432,-0.028053247805071506,0.003611483062409238,intermediate
10557228,10560666,10558947,0.016563216317220117,0.002621096829587353,baseline
10560685,10563937,10562311,-0.060309813038238166,0.007494570820503163,intermediate
10563942,10567366,10565654,0.03790625901570968,0.0027874889611347047,baseline
10567369,10570714,10569041,0.04034069930748003,0.001513466617073898,baseline
10570715,10574222,10572468,0.003532335110602889,0.0022172093648861633,baseline
10574227,10577624,10575925,-0.07429724994446728,0.009109166598601545,intermediate
10577626,10581170,10579398,0.03234747533846676,0.003032086145306548,baseline
10581177,10584706,10582941,-0.005855749911219558,-0.0017896127409239243,intermediate
10584709,10588666,10586687,0.0028223579077996095,0.0021762323930214823,baseline
10588667,10592509,10590588,0.0091175850944464,0.005635169875476111,baseline
10592511,10596368,10594439,0.015587997198899979,0.005347711916114166,baseline
10596370,10600020,10598195,0.028727136506861428,0.004485978683177036,baseline
10600025,10604210,10602117,-0.020244906157500082,0.00907943623656533,intermediate
10604220,10611336,10607778,-0.013313808007919124,0.007756808086286159,intermediate
10611338,10614762,10613050,-0.04090638225487697,-7.2954440499010445e-06,intermediate
10614767,10618295,10616531,0.04096509125268322,0.0016578717027692748,baseline
10618298,10622100,10620199,0.020927251144787377,0.004692812377864556,baseline
10622105,10627456,10624780,-0.18262394215816505,0.02161343645741062,outlier
10627457,10631614,10629535,-0.04825581568718577,-0.00024935795243988425,intermediate
10631620,10634814,10633217,-0.08953119793435478,0.011258710795186533,outlier
10634824,10641715,10638269,-0.04852090677676186,0.00834623619450288,intermediate
10641716,10645395,10643555,-0.05204895500648591,0.007475473652388143,intermediate
10645401,10649913,10647657,0.024577945915629607,0.002660654593552337,baseline
10649922,10653643,10651782,-0.08690756284556256,0.012194515391616395,outlier
10653646,10657258,10655452,-0.06253517446744848,0.012115247163001637,intermediate
10657260,10662246,10659753,-0.014436381331925178,0.010117259598374053,intermediate
10662247,10667581,10664914,0.013302908847704284,0.0023214572131690005,baseline
10667583,10670621,10669102,-0.04923879108307976,0.014719700680909333,intermediate
10670622,10673785,10672203,0.0400417207291515,0.002265768388895477,baseline
10673788,10676763,10675275,0.039330411947472665,0.002321541918353127,baseline
10676764,10679838,10678301,0.005174311292373615,0.008216759404163866,baseline
10679843,10682831,10681337,-0.006003305313549419,0.0025051626978855246,intermediate
10682833,10686809,10684821,0.012160391956939048,0.005656806440373843,baseline
10686818,10690133,10688475,-0.03666136848840653,0.011408612595027016,intermediate
10690142,10693259,10691700,0.03281492804810532,0.004154729729573439,baseline
10693266,10696352,10694809,-0.028798228631610436,0.008296220245006307,intermediate
10696354,10699479,10697916,-0.03278714599914412,0.007466923376651167,intermediate
10699482,10702590,10701036,-0.007903843707865985,0.004622828266331044,intermediate
10702591,10705902,10704246,-0.056969512838930716,0.006969532942983202,intermediate
10705906,10709042,10707474,-0.054390794213628815,0.007639236945881042,intermediate
10709047,10712355,10710701,-0.06237572546267533,0.009437237781091758,intermediate
10712357,10716135,10714246,0.012975121726426384,0.003958729911877336,baseline
10716138,10719345,10717741,0.02007160852031995,0.006610002836945708,baseline
10719356,10722662,10721009,0.019315496329487147,0.0045663989455253465,baseline
10722665,10726115,10724390,-0.028744947839088375,0.00894419135399421,intermediate
10726118,10730064,10728091,0.04138732157626428,0.0018467110614990587,baseline
10730065,10736884,10733474,0.03288423994016916,-0.001478052018534126,baseline
10736886,10740955,10738920,0.009063102001874606,0.0032769557546045076,baseline
10740968,10750085,10745526,-0.010998907618831252,0.0076255466936012255,intermediate
10750087,10753665,10751876,0.00517962081163692,0.007538163296298344,baseline
10753667,10757260,10755463,0.04088435741205361,0.0023127650982176376,baseline
10757262,10761076,10759169,-0.02592096378098112,0.009790490136100291,intermediate
10761077,10763977,10762527,0.018383810580986523,0.003843107848633353,baseline
10763979,10768522,10766250,-0.06531875057975985,0.01152349776584709,intermediate
10768524,10775790,10772157,-0.11848186644989978,0.021259660783668435,outlier
10775793,10779057,10777425,-0.005679745725950395,0.007254611985036893,intermediate
10779061,10782288,10780674,-0.003078220753281859,0.010148116611679626,baseline
10782290,10785581,10783935,-0.006430761823293874,0.004495973346581208,intermediate
10785583,10788777,10787180,-0.11673268493386746,0.01630981635888452,outlier
10788778,10810270,10799524,0.03113946185713573,0.003308068042820702,baseline
10810272,10813622,10811947,-0.04277127298757976,0.014613872044213183,intermediate
10813627,10816642,10815134,-0.035136383553035555,0.005415116699591765,intermediate
10816645,10819574,10818109,0.027241714993188452,0.0030011478725465693,baseline
10819577,10822935,10821256,0.0063108558629385554,0.003504631592782681,baseline
10822946,10826160,10824553,0.016724796913506475,0.0037441784280382103,baseline
10826161,10829432,10827796,0.012866712669001463,0.001518786305755466,baseline
10829433,10833586,10831509,-0.04663684839122866,0.01442455159113746,intermediate
10833587,10837362,10835474,0.013697307549764373,0.003982989029792952,baseline
10837363,10840537,10838950,0.01605332646610125,0.005189139668295877,baseline
10840541,10843725,10842133,-0.06813061354259627,0.008449848934333749,intermediate
10843732,10849666,10846699,0.03134721143942202,0.004041934737133052,baseline
10849668,10854856,10852262,0.022291975457250698,0.004108148953220414,baseline
10854857,10858224,10856540,-0.05840901242717425,0.01282763776099601,intermediate
10858226,10861315,10859770,-0.023408151376874076,0.0015000635617964475,intermediate
10861319,10864361,10862840,0.04151309937804436,0.002385662906442347,baseline
10864362,10867386,10865874,-0.009347385276070956,0.008596497465053718,intermediate
10867388,10871020,10869204,-0.03755975461281316,0.009449966708653784,intermediate
10871023,10874227,10872625,0.0022708978668366663,0.00729008942667407,baseline
10875424,10879566,10877495,0.01994491446008809,0.0033017151376573805,baseline
10879571,10883067,10881319,0.035658264631059367,0.0023454656848503745,baseline
10883070,10895902,10889486,-0.016062354317548398,0.01049513953324624,intermediate
10895903,10899416,10897659,-0.011742074476456393,0.010389597534475046,intermediate
10899419,10905900,10902659,0.04079574483830431,0.0011849690779394014,baseline
10905903,10916212,10911057,-0.00979929518657982,0.005777721615976325,intermediate
10916219,10920323,10918271,-0.05119411291880324,0.013871969282860002,intermediate
10920326,10926424,10923375,0.017835227345490912,0.005214256928689566,baseline
10926428,10932209,10929318,-0.02005311611407398,0.006701191407179885,intermediate
10932210,10936092,10934151,-0.0768137328326612,0.0031432137604359934,intermediate
10936094,10939575,10937834,-0.07080871916605416,0.010343319127531935,intermediate
10939579,10942924,10941251,-0.022408575292281806,0.006664782029352858,intermediate
10942927,10946281,10944604,-0.004946469899799663,0.0062026634070249465,intermediate
10946282,10949642,10947962,-0.00497706969408202,0.0058257340082452005,intermediate
10949645,10953005,10951325,0.03830815540166772,0.0014638507756587007,baseline
10953010,10956667,10954838,-0.01734178652995734,0.005554497121809617,intermediate
10956674,10959922,10958298,0.024849367975304314,0.002334410760832862,baseline
10959925,10963216,10961570,0.0347044385872592,0.003435357689860443,baseline
10963217,10966451,10964834,-0.015074874241667813,0.006968821295209706,intermediate
10966453,10970236,10968344,0.02670676612366877,0.005106034957705571,baseline
10970249,10973818,10972033,-0.043136750484278286,0.013476306472929224,intermediate
10973822,10977209,10975515,-0.029455213074967377,0.008994442538914254,intermediate
10977213,10980565,10978889,0.017544849124703474,0.0033027857508420204,baseline
10980569,10983556,10982062,0.008618274097274182,0.00562274587196999,baseline
10983557,10986811,10985184,-0.048714829056193676,0.010686989335603294,intermediate
10986812,10991361,10989086,0.002777142722878755,0.003235212999019329,baseline
10991362,10994631,10992996,0.021556638928169832,0.003868492332979509,baseline
10994632,10997790,10996211,-0.028340142018102716,0.005033393310760213,intermediate
10997791,11000922,10999356,-0.04768747012442608,0.0055994151045339734,intermediate
11000924,11004126,11002525,-0.010301956323198207,0.006716079413651799,intermediate
11004128,11008198,11006163,-0.011727766145555821,0.004247662210061012,intermediate
11008201,11011830,11010015,0.04052926072887637,0.002054596157254128,baseline
11011833,11016920,11014376,0.0022045335932132865,0.005939249015519928,baseline
11016921,11052456,11034688,0.02668038793657553,0.0058103697878976145,baseline
11052469,11064353,11058411,-0.15374807656696804,0.022465790359783855,outlier
11064372,11093802,11079087,-0.04714373807550876,0.009307558521842554,intermediate
11093805,11109743,11101774,0.012059382498123728,0.005763122792978214,baseline
11109747,11113490,11111618,-0.09181919433393228,0.013097900933620031,outlier
11113491,11117507,11115499,0.01730356440716243,0.00800692876895429,baseline
11117508,11120868,11119188,0.036390896686070526,0.0021548630947952094,baseline
11120870,11124227,11122548,0.01744547160334252,0.0031548234942741257,baseline
11124231,11127434,11125832,0.02828120369113403,0.0013836698769433982,baseline
11127436,11131828,11129632,-0.009820128269873309,0.0020708578203728523,intermediate
11131834,11135311,11133572,-0.09073507367764364,0.010128242999075143,outlier
11135315,11139943,11137629,-0.04298516928695521,0.006551474834540295,intermediate
11139944,11144344,11142144,0.03994242856154401,0.0015211128132466068,baseline
11144345,11148088,11146216,0.013003761789792345,0.005649026519034365,baseline
11148089,11151677,11149883,-0.0024182109079096134,0.0035504283778528705,baseline
11151683,11155082,11153382,0.037552473493032895,0.0024121368176255593,baseline
11155084,11158483,11156783,0.0325155533417439,0.0013118744774523689,baseline
11158485,11161611,11160048,0.03796993075379617,0.0024778382554298973,baseline
11161612,11164879,11163245,0.00025592518870642294,0.004097984228353539,baseline
11164881,11168324,11166602,0.025877988194378712,0.005307752782062987,baseline
11168325,11171423,11169874,-0.02380412414390889,0.008506897773902775,intermediate
11171430,11174631,11173030,-0.010087311977451042,0.00896263679712405,intermediate
11174632,11177854,11176243,-0.08717635591603189,0.015818489391697565,outlier
11177855,11182566,11180210,0.02266066871796629,0.006046783518158408,baseline
11182570,11185562,11184066,-0.021553103433312105,0.004513739931075393,intermediate
11185566,11188744,11187155,0.029722951812455656,0.0035942220437229187,baseline
11188746,11191874,11190310,-0.039826036176545246,0.005096828046508553,intermediate
11191877,11195097,11193487,-0.011946025675182255,-0.00025020469563324693,intermediate
11195103,11198476,11196789,-0.0015961814391277462,0.002000725514314202,baseline
11198477,11202373,11200425,-0.0029108549239864547,0.0023872063280520207,baseline
11202376,11205683,11204029,-0.06242745053400372,0.009691196265846925,intermediate
11205685,11209213,11207449,-0.04112365166312449,0.004397037777701115,intermediate
11209214,11212335,11210774,-0.05899346088373665,0.014510586590126455,intermediate
11212337,11215904,11214120,0.01943268328004888,0.0031488786048304504,baseline
11215907,11219671,11217789,0.0013088243937141228,0.0025125178169621318,baseline
11219672,11223065,11221368,-0.04638827548783115,0.00688961657564929,intermediate
11223067,11226166,11224616,0.029876149248082788,0.0031070000789421427,baseline
11226170,11230033,11228101,0.030119734107756556,0.004116125496276503,baseline
11230034,11233327,11231680,0.02757825535122861,0.0019897806638997356,baseline
11233330,11236288,11234809,-0.024419093731657487,0.008427841804859384,intermediate
11236289,11239281,11237785,0.026330303397830858,0.00362421013530653,baseline
11239282,11242313,11240797,0.0304383256078074,0.003075958156005242,baseline
11242317,11245450,11243883,0.02802974539882569,0.004973019100863857,baseline
11245458,11248554,11247006,-0.005005008460942351,0.00663426938165465,intermediate
11248560,11251657,11250108,0.011008106900094562,0.0033655066330763395,baseline
11251660,11254958,11253309,0.011926574318377075,0.005126041249857047,baseline
11254962,11258101,11256531,0.037848518236628645,0.0021527632360926674,baseline
11258102,11261029,11259565,-0.016128197134196456,0.006634693771229364,intermediate
11261036,11264306,11262671,0.02816077691506527,0.00451183371247849,baseline
11264307,11267534,11265920,0.02483406110517364,0.004630195520580063,baseline
11267539,11270925,11269232,0.034936984626649466,0.002675963539485167,baseline
11270930,11274070,11272500,0.007076946968358283,0.004864965822716867,baseline
11274072,11277270,11275671,-0.010514397346805537,0.002764519786643711,intermediate
11277274,11280375,11278824,0.01439865611162566,0.0066285117372638655,baseline
11280382,11284100,11282241,0.03945500202725918,0.0027382241830719105,baseline
11284107,11287274,11285690,-0.003854801804260727,0.004845932498768936,intermediate
11287275,11290470,11288872,0.022239482081945986,0.0029194873419865486,baseline
11290471,11293755,11292113,0.029366141695252455,0.003267543543424547,baseline
11293756,11297054,11295405,-0.04750146079715883,0.014772562463406778,intermediate
11297056,11300420,11298738,0.01352302230065183,0.007123692042083882,baseline
11300426,11304721,11302573,0.02155847730756052,0.004812968061401641,baseline
11304736,11308149,11306442,0.0013704195837594708,0.0044830541131327326,baseline
11308150,11312060,11310105,-0.022191835383798788,0.010185409882065647,intermediate
11312061,11315209,11313635,0.010447010053903413,0.005848274232064572,baseline
11315218,11318444,11316831,-0.050388891167561865,0.008835343277627594,intermediate
11318449,11321674,11320061,-0.05936234482402431,0.013214350834927769,intermediate
11321675,11326085,11323880,0.013485937056247153,0.005503536217581441,baseline
11326087,11329573,11327830,0.0037094601642007593,0.0007285732666321634,baseline
11329575,11332996,11331285,0.030496712506378778,0.0023436693479909464,baseline
11332999,11336779,11334889,0.004540415237894532,0.0054843064879669425,baseline
11336781,11340256,11338518,-0.09867910855485537,0.012916141868332228,outlier
11340257,11345163,11342710,0.03924039537127226,0.0027110432998753552,baseline
11345166,11348364,11346765,-0.10046310201418347,0.012480573176808826,outlier
11348371,11351627,11349999,-0.028951623255327703,0.006143064162138235,intermediate
11351628,11355962,11353795,-0.09926167205391542,0.018476682523393198,outlier
11355965,11360815,11358390,-0.03671130155044751,0.011479928231786464,intermediate
11360817,11364080,11362448,0.013957157940794336,0.0060479332865627945,baseline
11364083,11367669,11365876,-0.02828323443573197,0.009073995437874387,intermediate
11367670,11370975,11369322,-0.0029085760099739253,0.006333226759773051,baseline
11370977,11374013,11372495,0.01566016350322949,0.006294656317602908,baseline
11374014,11378459,11376236,0.029408109629555753,0.0034617089067120817,baseline
11378463,11381839,11380151,-0.00195940705812363,0.004307930578012797,baseline
11381845,11385791,11383818,0.0273339926331968,0.005624847387432483,baseline
11385797,11389505,11387651,-0.0390976637495632,0.013762733652280425,intermediate
11389509,11393014,11391261,-0.0546455864862425,0.009231011097770102,intermediate
11393016,11396890,11394953,0.017444544989701882,0.0030656179987508542,baseline
11396892,11401138,11399015,0.02437043411707673,0.0037736826825331975,baseline
11401143,11404825,11402984,0.007329163379046061,0.0013130946633230502,baseline
11404827,11408421,11406624,0.015891963035184795,0.006835521924725076,baseline
11408427,11412054,11410240,0.02712753679424673,0.002566757217686882,baseline
11412057,11415515,11413786,0.003831375780026439,0.007930436557710887,baseline
11415521,11418895,11417208,0.01847323160486993,0.0028310985169467174,baseline
11418897,11422696,11420796,0.02912889897384552,0.0020983288875943283,baseline
11422699,11426716,11424707,0.022650821302489063,-0.00013567861092287568,baseline
11426717,11430230,11428473,0.042324147265019645,0.002019854942816827,baseline
11430240,11433651,11431945,0.0248693834111102,0.003798883153840002,baseline
11433653,11437136,11435394,-0.014190272504891908,0.005942198597544603,intermediate
11437149,11444275,11440712,0.0191507244858736,0.006277506132506484,baseline
11444278,11447629,11445953,0.012612990268035735,0.0062795686232739,baseline
11447631,11450854,11449242,-0.09980987759322878,0.009204719235281234,outlier
11450858,11454690,11452774,-0.029283573522281822,0.004373565657716285,intermediate
11454695,11468403,11461549,-0.02442470852654635,0.006765217636400541,intermediate
11468409,11476096,11472252,-0.044548429797672956,0.009406418495869436,intermediate
11476097,11479556,11477826,-0.04551680037180393,0.01139818637499343,intermediate
11479558,11482791,11481174,-0.0005846992348960787,0.005078356425975561,baseline
11482793,11485851,11484322,0.030338700879328603,0.002205924191516623,baseline
11485855,11509906,11497880,-0.027856882747268708,0.013042348303214763,intermediate
11509909,11519610,11514759,-0.04976501692577664,0.012759586411077807,intermediate
11519613,11523109,11521361,-0.05412729855078949,0.00941083824323099,intermediate
11523110,11526451,11524780,-0.12088102566339166,0.00821041486178284,outlier
11526452,11529939,11528195,0.008435865329550032,0.002737542516578607,baseline
11529941,11533162,11531551,0.013292253110716135,0.0036050198026916737,baseline
11533165,11536850,11535007,0.02880994627421881,0.0032179259261317554,baseline
11536852,11540731,11538791,-0.022046411775545324,0.006796816801803223,intermediate
11540734,11544193,11542463,-0.020631308966821974,0.005016174952969434,intermediate
11544197,11547864,11546030,0.029581199322932992,0.0005127468358630255,baseline
11547865,11552179,11550022,-0.06111259465868582,0.007796330441312996,intermediate
11552182,11555575,11553878,-0.0636629270899486,0.011519509592639542,intermediate
11555578,11559187,11557382,-0.0761680300536189,0.01241146055214899,intermediate
11559188,11562684,11560936,-0.05781761077325181,0.009030328545007222,intermediate
11562689,11566624,11564656,-0.037885032457626706,0.010200906951280566,intermediate
11566626,11569923,11568274,-0.053186440760694224,0.011473785199995468,intermediate
11569926,11574232,11572079,-0.026912913927080482,0.0067138525020088696,intermediate
11574233,11577360,11575796,0.03807932355354548,0.0020421311495966033,baseline
11577362,11580549,11578955,0.035801634866282926,0.0026698756937636567,baseline
11580553,11583755,11582154,0.04047853988383577,0.0008010050429819329,baseline
11583756,11586904,11585330,0.03652025284954733,0.002967501501390108,baseline
11586907,11590673,11588790,0.014728681622435963,-0.0034677982495604515,baseline
11590678,11594012,11592345,0.03803757271045758,0.0018152077671926665,baseline
11594016,11597290,11595653,0.0311176347248042,0.003219705175710281,baseline
11597291,11600341,11598816,-0.040037038252463054,0.009947838122925863,intermediate
11600343,11604573,11602458,0.03437265725659782,0.0027961127168430605,baseline
11604574,11607754,11606164,0.008891998411374651,0.0032980872947573794,baseline
11607755,11611140,11609447,0.011090082439771132,0.00812567239050912,baseline
11611143,11614809,11612976,-0.013043572337166956,0.008946232903550084,intermediate
11614813,11618391,11616602,-0.018980786549016818,0.008194362881388459,intermediate
11618395,11622217,11620306,0.012226790312311706,0.0017225561999487154,baseline
11622220,11625795,11624007,0.025562357135993613,0.004109740947252752,baseline
11625796,11630561,11628178,0.019231084784218273,0.005985663134619761,baseline
11630565,11635381,11632973,0.01773926831910893,0.002996615177448016,baseline
11635383,11639999,11637691,0.013734315652391551,0.0036255102029688797,baseline
11640013,11644293,11642153,-0.02712773787246507,0.009021324657019335,intermediate
11644294,11648132,11646213,0.008987580670255471,0.004385973186608573,baseline
11648133,11651278,11649705,0.03450829807990242,0.0004936603827019334,baseline
11651281,11658073,11654677,0.03874384220422577,0.002437297117598303,baseline
11658079,11662482,11660280,-0.043496387777069705,0.005919097307620677,intermediate
11662484,11668669,11665576,0.0035020715157316174,0.0065234424410762,baseline
11668671,11672268,11670469,0.03878219588622622,0.0024184184737084426,baseline
11672270,11679067,11675668,0.03659366402732781,0.001478074478950125,baseline
11679068,11683175,11681121,0.02965604487415842,0.0019254184397477843,baseline
11683176,11686876,11685026,0.01462056153422345,0.006121573446616252,baseline
11686877,11691082,11688979,-0.03502790945921388,0.0073724160423123625,intermediate
11691085,11696266,11693675,0.0005678747759501652,0.00558713962122893,baseline
11696267,11699627,11697947,0.036841685908515436,0.0016923827005918466,baseline
11699632,11702791,11701211,-0.07015321802165031,0.013204545544485278,intermediate
11702795,11707014,11704904,-0.009215249330492644,0.005134635972229662,intermediate
11707027,11711443,11709235,-0.048871969608919805,0.011668667392011965,intermediate
11711447,11716678,11714062,-0.013915574437937332,0.003780547419276097,intermediate
11716684,11722200,11719442,-0.1322708063186795,0.019143061444603225,outlier
11722204,11725841,11724022,-0.09536169359971172,0.01356511804315705,outlier
11725844,11730052,11727948,-0.05943158104545369,0.012148734329679207,intermediate
11730062,11734563,11732312,-0.004448405400818156,0.007880752677929375,intermediate
11734564,11739386,11736975,-0.0005658480980155702,0.0069134147762817235,baseline
11739388,11743173,11741280,-0.002752494020827699,0.008163904862556037,baseline
11743174,11748088,11745631,-0.1333193043234777,0.01874214708633627,outlier
11748112,11751491,11749801,-0.06188630170073689,0.015306778502238291,intermediate
11751493,11754745,11753119,-0.16704128288931802,0.023663155315212354,outlier
11754748,11759242,11756995,-0.03147483382788765,0.005677314768772164,intermediate
11759246,11764889,11762067,0.00029270557797908385,0.006046504065542915,baseline
11764890,11768706,11766798,0.021265406273040684,0.003992469941191687,baseline
11768710,11774113,11771411,0.04097369230308939,0.0025609297809647716,baseline
11774115,11787658,11780886,-0.07928082891231215,0.011921030089151062,intermediate
11787659,11791681,11789670,-0.09903815503455186,0.015207129723737493,outlier
11791684,11795397,11793540,-0.17083156374739633,0.025348233096005233,outlier
11795399,11798928,11797163,-0.04980291437436178,0.01144141155553266,intermediate
11798931,11802525,11800728,0.03533787818881496,0.004403909365533025,baseline
11802526,11808669,11805597,-0.06527522579786413,0.011534361484232643,intermediate
11808673,11811848,11810260,-0.0052657969532938975,0.00579682640841026,intermediate
11811853,11816658,11814255,0.029859917184903797,0.0033403754609675805,baseline
11816660,11820222,11818441,0.035136155318131496,0.0025102759934922704,baseline
11820225,11823789,11822007,0.03426593439746762,0.0020551424895217385,baseline
11823791,11828711,11826251,-0.1428714495365783,0.013746185990872324,outlier
11828719,11839726,11834222,-0.17196167403560259,0.015343739933265299,outlier
11839728,11843706,11841717,-0.16347815789436504,0.02116430899439942,outlier
11843712,11847238,11845475,-0.07118797000733397,0.010905779553297485,intermediate
11847242,11853252,11850247,-0.04942874645233089,0.015109470185629482,intermediate
11853253,11859589,11856421,-0.013296340104592014,0.004465185647421255,intermediate
11859598,11866296,11862947,-0.14263683726426124,0.02126648952905919,outlier
11866308,11870788,11868548,-0.14983691509942612,0.01762755428314951,outlier
11870793,11877737,11874265,-0.025979804321530457,0.004762123577227243,intermediate
11877738,11882788,11880263,0.005321862315325631,0.004819427306583419,baseline
11882789,11891359,11887074,-0.14687499553950314,0.01605786242056192,outlier
11891361,11896434,11893897,-0.16180160230895366,0.006072905565093092,outlier
11896436,11900348,11898392,0.007748101612416633,0.004017098154809485,baseline
11900349,11903949,11902149,0.017427526287266466,0.0014843677770190976,baseline
11903950,11908559,11906254,-0.03276004851486052,0.0077875131031182945,intermediate
11908562,11914018,11911290,-0.03948123169645702,0.0016419171768127384,intermediate
11914019,11918175,11916097,-0.06182863583801017,0.008274332175028272,intermediate
11918176,11921862,11920019,-0.018655493946515476,0.0035621244712100418,intermediate
11921863,11925554,11923708,0.04053746530675479,-0.0003289871402306471,baseline
11925560,11930422,11927991,0.009344872375217429,0.0038168206824478967,baseline
11930424,11938307,11934365,-0.14224938040513468,0.013165540644378422,outlier
11938309,11942581,11940445,-0.0237231607853836,0.010356332233188693,intermediate
11942582,11946490,11944536,-0.048450797138950584,0.008737220362501498,intermediate
11946491,11950090,11948290,-0.02843228562838876,0.014372227981923419,intermediate
11950092,11954510,11952301,0.004661619000297891,0.008390828308626586,baseline
11954511,11957605,11956058,-0.05593209019334508,0.014162475292617547,intermediate
11957606,11961218,11959412,0.0029613329733109246,0.004536420257475587,baseline
11961219,11966087,11963653,-0.08714614708326973,0.012825444372672733,outlier
11966088,11971350,11968719,0.0340462160504422,0.0028789562191025566,baseline
11971351,11977058,11974204,0.04179772234247404,0.001860778614536352,baseline
11977065,11981877,11979471,0.03682892231090257,0.0029571219359174968,baseline
11981880,11985751,11983815,-0.07243869210253263,0.013535548319856006,intermediate
11985753,11990651,11988202,-0.008038811053450104,0.010941062143222663,intermediate
11990652,11995016,11992834,-0.11661820292093585,0.0203158257516322,outlier
11995023,12000315,11997669,-0.05571458204867407,0.011490782163406356,intermediate
12000318,12004849,12002583,-0.0038664451832924906,0.005025461199108906,intermediate
12004852,12010523,12007687,-0.053102967524976855,0.00551672596931541,intermediate
12010526,12014354,12012440,-0.06290261804148538,0.0074450780808033735,intermediate
12014355,12018018,12016186,0.030739576713132728,0.004087803377011203,baseline
12018021,12021485,12019753,0.03160546041018151,0.004530898006471086,baseline
12021487,12025170,12023328,0.004715279067891372,0.00361907005634484,baseline
12025171,12029932,12027551,-0.01575893899420932,0.009217018805812247,intermediate
12029933,12037171,12033552,-0.011959421808031334,0.007592887093654914,intermediate
12037172,12045745,12041458,-0.07049142520014798,0.008995736819657138,intermediate
12045747,12050227,12047987,0.032814918412829894,0.001768734660192878,baseline
12050229,12055274,12052751,0.024709785907412657,0.0031130892816907,baseline
12055277,12059206,12057241,-0.06577609011731235,0.00889929423922851,intermediate
12059211,12062759,12060985,0.03984697268807926,0.0004538861297705176,baseline
12062761,12065752,12064256,0.037956082614115656,0.002359586089704551,baseline
12065765,12069521,12067643,0.026036317611804295,0.00037829364025340756,baseline
12069522,12076782,12073152,0.0045832115704832616,0.004566856708174513,baseline
12076792,12080193,12078492,0.04194201082355575,0.0019096280165663232,baseline
12080196,12083709,12081952,0.028458524107529973,-0.00032728560825342145,baseline
12083710,12093062,12088386,0.02918423607601852,0.003802213248317129,baseline
12093067,12097599,12095333,0.013659169267715657,0.0028544554558800196,baseline
12097600,12101260,12099430,0.036663307621566735,0.003415076242438614,baseline
12101261,12104800,12103030,-0.03883932635923248,0.006178360969889766,intermediate
12104802,12109154,12106978,0.024894596717759326,0.0049101144838125796,baseline
12109155,12112643,12110899,0.036231012979092,0.00165469626896505,baseline
12112644,12116195,12114419,-0.05754943030943104,0.010143434886020724,intermediate
12116196,12123409,12119802,-0.04748305756175039,0.008812958403617965,intermediate
12123420,12129330,12126375,-0.09646908969965212,0.013888331848806232,outlier
12129335,12133727,12131531,-0.08442921338772527,0.01258307245895313,outlier
12133737,12137152,12135444,-0.06096230873428866,0.011412483231098083,intermediate
12137154,12142364,12139759,-0.20376691604945055,0.02689544994331031,outlier
12142366,12148630,12145498,-0.046895504102918,0.009965709952718794,intermediate
12148633,12152724,12150678,-0.09227693501924374,0.011656724049087061,outlier
12152725,12158874,12155799,-0.020701889844157384,0.0075298960336222355,intermediate
12158875,12163228,12161051,-0.0577398241673101,0.011737116142060607,intermediate
12163232,12168266,12165749,0.0020302134751947506,0.0008692148635814838,baseline
12168272,12174385,12171328,-0.0010649928270111907,0.0006288508518387947,baseline
12174386,12199849,12187117,0.040734728165087865,-0.0008226644073937582,baseline
12199851,12216825,12208338,-0.022198073190406564,0.0024075137175456457,intermediate
12216828,12229146,12222987,-0.08719217404884044,0.010103303507435053,outlier
12229148,12238781,12233964,-0.07432241933438523,0.013973352185690378,intermediate
12238800,12242661,12240730,-0.05649058255406395,0.012332681560235205,intermediate
12242663,12247637,12245150,0.036614252630754414,0.0018968098463163921,baseline
12247644,12252032,12249838,0.023903721257627835,0.0034286436681752975,baseline
12252036,12255377,12253706,-0.035237804820534076,0.007833757646435732,intermediate
12255379,12260087,12257733,-0.04985685893012356,0.00989537460188666,intermediate
12260093,12263630,12261861,0.018274468249872344,0.00489050191005,baseline
12263632,12272928,12268280,-0.011725882414618322,0.004211234778323971,intermediate
12272931,12282547,12277739,-0.04683769337950697,0.004124561728595473,intermediate
12282550,12286219,12284384,-0.06311346975909703,0.010341232871718557,intermediate
12286222,12291562,12288892,-0.1474938332736817,0.015072279850513685,outlier
12291563,12296606,12294084,-0.049972138226403805,0.006683086451229183,intermediate
12296607,12300338,12298472,-0.07619545596943725,0.008998209297090068,intermediate
12300340,12309326,12304833,-0.039355306178911774,0.004940592150597027,intermediate
12309329,12316465,12312897,-0.012000237947537028,0.0046440059702458686,intermediate
12316466,12320216,12318341,-0.05296898944615022,0.008551960455817253,intermediate
12320222,12326772,12323497,0.011689667958015747,0.004917511565763957,baseline
12326774,12330080,12328427,0.005083197607744367,0.005203916237878996,baseline
12330081,12334552,12332316,0.020110047766576142,0.005414908839796007,baseline
12334560,12337860,12336210,0.03354778188065886,0.0033731469863307263,baseline
12337861,12341133,12339497,0.04012905167711406,0.0023510824042617877,baseline
12341138,12344658,12342898,-0.017626907164261213,0.008914918604479839,intermediate
12344659,12350971,12347815,-0.012978986215403086,0.0033446368967611556,intermediate
12350972,12358059,12354515,0.027973362380899546,0.003355197377106112,baseline
12358064,12361861,12359962,0.009013226487530277,0.0015381522327609033,baseline
12361865,12365939,12363902,-0.015193158587916169,0.007448393123012913,intermediate
12365942,12369187,12367564,-0.024039650072104145,0.007468713135090428,intermediate
12369192,12375131,12372161,0.005505721636343443,0.006261827607630565,baseline
12375133,12378362,12376747,-0.06708503318986594,0.005555070193169022,intermediate
12378369,12383003,12380686,-0.06012486620688101,0.0017609526165952908,intermediate
12383006,12386902,12384954,-0.008765174434241805,0.000243324851626665,intermediate
12386907,12390460,12388683,0.007392060423015944,0.0041415712191629275,baseline
12390461,12394008,12392234,-0.014431377845459536,0.007888941125170088,intermediate
12394011,12397361,12395686,-0.07704202640051207,0.014484461169093894,intermediate
12397363,12401813,12399588,0.036458526487480394,0.004218862099302624,baseline
12401814,12405425,12403619,0.03688967698674811,0.0020249976802970793,baseline
12405426,12414511,12409968,0.0057624883814590445,0.00019752813173519375,baseline
12414513,12426554,12420533,0.03844900672299753,0.0013433987935613269,baseline
12426557,12432316,12429436,0.014437288499336492,0.0059547885051113554,baseline
12432320,12461992,12447156,-0.0178842858111127,0.0090560269205085,intermediate
12461994,12466842,12464418,0.03425087107948353,0.0015886436686390155,baseline
12466846,12471509,12469177,0.025318090972756137,0.000948065573077822,baseline
12471513,12478887,12475200,0.00582416288691515,0.005823650056831672,baseline
12478891,12491037,12484964,-0.014719488183168076,0.0011703266203681004,intermediate
12491039,12498239,12494639,0.017352784815496333,0.005661820890597896,baseline
12498242,12504202,12501222,0.016138893380627836,0.001312249294946678,baseline
12504209,12508718,12506463,-0.07229259898304292,0.011538916247568117,intermediate
12508720,12513778,12511249,0.014797552030583463,0.003974683861392381,baseline
12513780,12517105,12515442,-0.05755152199626586,0.013032984363383402,intermediate
12517107,12521256,12519181,-0.05697036675329336,0.009998629090365188,intermediate
12521261,12526516,12523888,-0.00836665892466439,0.006375124820036717,intermediate
12526523,12536530,12531526,0.013890804936847531,0.0032112037120365093,baseline
12536531,12540583,12538557,0.03931846965515385,0.002388181250581986,baseline
12540586,12545486,12543036,0.04049419830116208,0.0023051044121594443,baseline
12545488,12549046,12547267,-0.05863653104259438,0.009929238990321101,intermediate
12549047,12552631,12550839,-0.006967088901207207,0.0067844652895282815,intermediate
12552634,12557556,12555095,0.011864182993953934,0.004291647989769629,baseline
12557557,12561030,12559293,0.02865723881673151,0.00285340493061046,baseline
12561033,12564374,12562703,0.029926833270320967,0.003390823330674337,baseline
12564376,12568921,12566648,0.011848422960836422,0.004280460605017006,baseline
12568924,12572069,12570496,-0.041210697724543596,0.008417444233267079,intermediate
12572075,12577701,12574888,-0.00795072712491689,0.002807843892971749,intermediate
12577705,12581017,12579361,-0.021438410834424555,0.007093807197964969,intermediate
12581020,12585306,12583163,-0.014940101912432892,0.00874021551302037,intermediate
12585309,12589875,12587592,0.020464058598482406,0.0027901310313214966,baseline
12589884,12593701,12591792,-0.004655665526834768,0.0023534587901613536,intermediate
12593702,12598207,12595954,0.03924741418436903,0.0017706433826782904,baseline
12598209,12602437,12600323,0.028879165848334314,-0.0009481603122153835,baseline
12602438,12609406,12605922,0.042611008747701004,0.0021420024765554757,baseline
12609407,12614383,12611895,-0.015927393181828852,0.005889777731674131,intermediate
12614384,12617826,12616105,0.013172820722700462,0.003154234047006499,baseline
12617828,12621085,12619456,0.03953313380165177,0.002817300126944628,baseline
12621086,12625418,12623252,0.006654161969111016,0.0035804964438025913,baseline
12625419,12628684,12627051,0.014550728737755701,0.003809584315643992,baseline
12628686,12633020,12630853,-0.008807195957754506,0.0014136591873652126,intermediate
12633021,12636454,12634737,-0.04995389233971574,0.007073392822252012,intermediate
12636461,12639785,12638123,-0.10487278250136674,0.013292661900773793,outlier
12639787,12643279,12641533,-0.12628553938909495,0.011689265886485108,outlier
12643280,12646473,12644876,-0.010636845326829254,0.0036984490491759,intermediate
12646474,12651103,12648788,-0.05878403493257371,0.006511057813412721,intermediate
12651110,12654425,12652767,-0.07090839453966424,0.008073829555218764,intermediate
12654427,12657635,12656031,0.016789553957903842,0.002721223382433444,baseline
12657639,12661402,12659520,-0.01812115761976727,0.005388624557269713,intermediate
12661403,12666129,12663766,-0.07650125507966539,0.009329475640672333,intermediate
12666131,12669521,12667826,-0.06630280853468691,0.003735310396725279,intermediate
12669523,12673153,12671338,0.012959084999598917,0.005058748836859637,baseline
12673155,12677718,12675436,-0.011960280225556981,0.006745157879026831,intermediate
12677719,12680944,12679331,-0.1183042721890236,0.014220372153554307,outlier
12680946,12684303,12682624,-0.0997523567311434,0.01640393196644846,outlier
12684305,12687508,12685906,-0.21165110069266402,0.027684935348042318,outlier
12687510,12690605,12689057,-0.08588962426915486,0.017079202832450555,outlier
12690606,12694461,12692533,-0.15151434755920248,0.018228629041506562,outlier
12694466,12697596,12696031,-0.1428276131393445,0.012422000725564113,outlier
12697600,12700895,12699247,-0.09286265043942273,0.004627427942199324,outlier
12700902,12704347,12702624,-0.232909710771089,-0.0027879230699819715,outlier
12704348,12707983,12706165,-0.11133575594547535,-0.0031428100476598862,outlier
12707984,12711857,12709920,-0.042687634091865,0.0015272309383278428,intermediate
12711859,12715600,12713729,-0.06207081795610778,-0.0024600404498967654,intermediate
12715606,12718831,12717218,-0.017426437992922848,-0.0009282975810219491,intermediate
12718835,12725220,12722027,-0.017190784010814055,0.0005987193667019602,intermediate
12725223,12729945,12727584,-0.038922315509614634,0.0018811581120368357,intermediate
12729962,12734423,12732192,0.0014592043264155163,0.0006780197781834135,baseline
12734424,12739738,12737081,0.03586596699240065,0.002691566266501834,baseline
12739744,12744174,12741959,0.01987663158114901,0.0035406882350976503,baseline
12744175,12747994,12746084,-0.027073195555748115,0.0017673326593811588,intermediate
12747995,12752905,12750450,-0.04526220291349165,0.0038385695541436173,intermediate
12752908,12756875,12754891,-0.008895158251774926,0.006044286858485264,intermediate
12756878,12760708,12758793,0.008067045387541792,0.004413344934346083,baseline
12760710,12764922,12762816,-0.0633273579899603,0.0036514098614373954,intermediate
12764928,12768880,12766904,-0.172068226554518,0.016226118968422257,outlier
12768882,12772546,12770714,-0.11870884106097314,0.006966004705889084,outlier
12772548,12775765,12774156,0.012203101923328227,0.007459326025195147,baseline
12775772,12779125,12777448,-0.0006238658156164743,0.006017670265893232,baseline
12779126,12783955,12781540,-0.0782953778299791,0.012398725601650068,intermediate
12783957,12788082,12786019,0.022182992431325394,0.00283288748347467,baseline
12788095,12792433,12790264,-0.01765927061131592,0.009430861473958375,intermediate
12792435,12795900,12794167,0.03249630010189223,0.0038701331879933336,baseline
12795909,12799969,12797939,0.040084696945028676,0.002289868303788314,baseline
12799971,12803644,12801807,-0.010430026794746026,0.008873051724898783,intermediate
12803646,12807308,12805477,0.0032580752559758573,0.00283005216807911,baseline
12807310,12816367,12811838,0.039129365270420435,0.0026791408016312,baseline
12816379,12819695,12818037,-0.07399726476201163,0.011332932990105737,intermediate
12819700,12826465,12823082,-0.0027363508640766694,0.003123400235562156,baseline
12826469,12830719,12828594,-0.05882879309642625,0.010601745240352376,intermediate
12830722,12833860,12832291,-0.023774202066007367,0.00910536743520813,intermediate
12833862,12838809,12836335,0.04197290651940793,0.0021944552128104204,baseline
12838810,12842419,12840614,-0.001799422481092824,0.0033841344357644428,baseline
12842420,12846410,12844415,-0.008156521695082694,0.00547216238395358,intermediate
12846415,12850764,12848589,0.031428711944682934,0.0037389825306132765,baseline
12850765,12854583,12852674,0.02290731831634049,0.00556453221732243,baseline
12854585,12858417,12856501,-0.007934821069237595,0.004043612661548151,intermediate
12858420,12862936,12860678,0.03973632094301402,0.002974686130012991,baseline
12862938,12867049,12864993,0.0042812007113840825,0.004282333792692261,baseline
12867050,12870774,12868912,-0.05147567466914306,0.009317182306439187,intermediate
12870783,12875339,12873061,-0.07854978646674099,0.009160802746744906,intermediate
12875340,12878408,12876874,-0.18299546508749587,0.014086296060288064,outlier
12878411,12881788,12880099,-0.06523431700295343,0.014954443207714725,intermediate
12881791,12885248,12883519,-0.010201711063848418,0.0003988559019688839,intermediate
12885259,12889441,12887350,0.023918834126696566,0.0055035255420499175,baseline
12889442,12893568,12891505,-0.055399167688087045,0.005138963783805556,intermediate
12893569,12898221,12895895,0.009452072090600673,0.006480849519300715,baseline
12898222,12902791,12900506,-0.01602946692209548,0.00808723453603525,intermediate
12902801,12906790,12904795,-0.06474538106245449,0.008696827944050717,intermediate
12906792,12911518,12909155,0.03775727811728071,0.003148304615237826,baseline
12911519,12915431,12913475,0.02538269095180714,0.0028620639174709046,baseline
12915435,12919460,12917447,-0.010137038336469145,0.0027453650449679096,intermediate
12919462,12922832,12921147,0.02864619149593704,0.0016912338642475512,baseline
12922834,12926342,12924588,0.028486263940405453,0.005325054953250644,baseline
12926344,12929992,12928168,-0.04165295930660402,0.011795043904438633,intermediate
12929994,12933511,12931752,0.009270226285402293,0.005259539855779038,baseline
12933512,12937114,12935313,0.02910990941619453,0.004124953105513734,baseline
12937122,12941115,12939118,0.023311484205688175,0.0005952756197067114,baseline
12941117,12944362,12942739,-0.02642316374223291,0.0053240635424535235,intermediate
12944371,12948444,12946407,-0.008950293810911253,0.005887984170056722,intermediate
12948446,12952580,12950513,0.03353396063516533,0.00283198967035604,baseline
12952582,12955685,12954133,0.01674133719569304,0.006953835181627063,baseline
12955687,12960044,12957865,-0.02459087501746334,0.010077248153210509,intermediate
12960046,12963621,12961833,0.031522838720231636,0.0032481620764246853,baseline
12963623,12967525,12965574,0.040157788761971694,0.0024429888483089067,baseline
12967526,12971277,12969401,0.039373770591494585,-0.0005185177236558005,baseline
12971278,12975181,12973229,0.038780387059160745,0.0028021802078711387,baseline
12975183,12978957,12977070,-0.0014412886878631302,0.0077788451761774575,baseline
12978959,12982724,12980841,0.02542274271043504,0.0049304462596072305,baseline
12982728,12986497,12984612,0.03320011715805193,0.0029219690352805553,baseline
12986499,12990958,12988728,0.034649157934036716,0.0018753854237506765,baseline
12990966,12995098,12993032,-0.005621514598271124,0.005340546355356073,intermediate
12995100,12999148,12997124,-0.0915785529178002,0.019219752276285397,outlier
12999149,13002478,13000813,-0.03246501284131063,0.005610563057317727,intermediate
13002479,13006020,13004249,0.0420706288561033,0.0023757427845356067,baseline
13006021,13010375,13008198,-0.07806806076509079,0.01403146039793182,intermediate
13010380,13014020,13012200,0.013021486000653028,0.004836438797361868,baseline
13014022,13017848,13015935,0.02053224939726782,0.004995007062476227,baseline
13017850,13021024,13019437,-0.0243783166847342,0.007004575337604878,intermediate
13021026,13024486,13022756,0.015586449441823781,0.003010754201092123,baseline
13024488,13028585,13026536,-0.03930226171836133,0.006352058637976812,intermediate
13028590,13032683,13030636,0.038900449667234584,0.0032209750295243023,baseline
13032689,13037439,13035064,-0.007943689340362917,0.0027768251564739103,intermediate
13037440,13040833,13039136,0.02763308678795561,0.0036627340266922517,baseline
13040834,13044957,13042895,-0.0208351960453396,0.007333276917501212,intermediate
13044965,13049423,13047194,-0.05083661540638774,0.008024529808252762,intermediate
13049440,13053031,13051235,0.02407183363231414,0.003873823372502821,baseline
13053033,13057744,13055388,-0.042731872281215506,0.007662035671539799,intermediate
13057745,13062318,13060031,0.01613626874502138,0.001688936108004656,baseline
13062319,13066990,13064654,0.0005962518512065115,0.002977495742749734,baseline
13067001,13070327,13068664,0.007495365364027322,0.0018645859850730927,baseline
13070329,13075198,13072763,0.020020471688425343,0.0026611149882814935,baseline
13075206,13079236,13077221,0.018908249449325492,-9.70556222515566e-05,baseline
13079239,13085895,13082567,-0.0011419851267155906,0.005876115888100159,baseline
13085899,13089477,13087688,-0.04325932361685798,0.005440195096557079,intermediate
13089480,13093749,13091614,-0.04603762585743766,0.011744957414555357,intermediate
13093750,13097169,13095459,-0.04617053708734711,0.013174322971537363,intermediate
13097172,13100284,13098728,-0.0006667405853564771,0.004185580883903585,baseline
13100286,13104353,13102319,0.017689420218376214,0.004023989126882791,baseline
13104356,13108468,13106412,-0.014753966077513137,0.004652362918494452,intermediate
13108469,13112708,13110588,0.02076736367146461,0.002926301861403825,baseline
13112716,13116235,13114475,0.021263706475963543,0.0032765979184328237,baseline
13116236,13119868,13118052,0.027154376234741217,0.0017244923315316678,baseline
13119870,13123344,13121607,0.03196797882192939,0.000113704673532458,baseline
13123346,13128167,13125756,0.020700485582707186,0.0006461199319531283,baseline
13128168,13132663,13130415,-0.005702908878742604,0.00430109926615315,intermediate
13132664,13136484,13134574,0.0034513505442031094,0.0030366499794603624,baseline
13136486,13142348,13139417,0.039628717686285515,0.0029526961100274315,baseline
13142350,13146759,13144554,0.03420148528945736,0.002847735359694105,baseline
13146761,13150735,13148748,0.027436005601973262,0.005777327477796945,baseline
13150736,13153893,13152314,-0.016459301299137793,0.00860362445721403,intermediate
13153895,13157967,13155931,-0.03564181856336878,0.01200455741375693,intermediate
13157969,13161222,13159595,-0.07768104387076283,0.012322025685775373,intermediate
13161226,13165807,13163516,-0.08391208656879477,0.008900332153988277,outlier
13165808,13172770,13169289,0.011659073399559685,0.0032285607690329438,baseline
13172778,13177325,13175051,0.016022072003171444,0.003909515610122897,baseline
13177326,13181645,13179485,0.019352929649600382,0.003275311776418506,baseline
13181647,13187007,13184327,-0.022636949977814715,0.001082069959655091,intermediate
13187009,13190375,13188692,0.024599259966000108,0.004069232762464199,baseline
13190377,13194966,13192671,-0.01620529988256579,0.006745488958777443,intermediate
13194969,13199650,13197309,0.024455441490118125,0.0024647118395142004,baseline
13199652,13203797,13201724,-0.015577522382189924,0.00932532911465363,intermediate
13203798,13208652,13206225,-0.009684256886715032,0.007177151993818105,intermediate
13208653,13213689,13211171,0.0025477289262430813,0.005386098435841832,baseline
13213698,13218242,13215970,0.023260590036287783,-0.0012374320009363097,baseline
13218243,13223302,13220772,0.021585257521335773,0.005603307085451057,baseline
13223303,13227837,13225570,-0.025672247957284008,0.008623072658672978,intermediate
13227842,13233387,13230614,0.027531816416672482,0.0043252745077407,baseline
13233391,13236899,13235145,-0.03272701336184765,0.006182267045299352,intermediate
13236900,13241778,13239339,-0.11222962758504466,0.013095528908171767,outlier
13241783,13246024,13243903,-0.10782392854471022,0.009061991486073631,outlier
13246028,13249700,13247864,0.021818489093660326,0.002910685830517749,baseline
13249706,13255151,13252428,-0.011074271863600393,0.006184265355376946,intermediate
13255154,13259003,13257078,-0.025001022050167954,0.0021463376738853554,intermediate
13259007,13262645,13260826,0.002440596477258455,0.006300215333880581,baseline
13262650,13266495,13264572,0.00024143883050129985,0.0006474568185652245,baseline
13266507,13272386,13269446,0.03117933990711159,0.0028935895834689917,baseline
13272392,13281873,13277132,0.03201921731406451,0.0011388857656355672,baseline
13281874,13286173,13284023,0.027790170071310412,0.0012751497464328228,baseline
13286177,13291044,13288610,-0.000536226234287473,0.004649810015531266,baseline
13291046,13294917,13292981,-0.010576244415010096,0.005720796778176126,intermediate
13294919,13298495,13296707,0.012610535081261318,0.0050234654676899575,baseline
13298503,13302207,13300355,0.026723563119105603,0.0016608134966597295,baseline
13302210,13305859,13304034,0.0350388736216213,0.004260485851416229,baseline
13305860,13310020,13307940,0.026259939143352652,0.0012771084579377497,baseline
13310026,13313104,13311565,-0.019932577735394027,0.009657023244239591,intermediate
13313106,13316728,13314917,0.015856086834821998,0.0003422578389576259,baseline
13316738,13319931,13318334,-0.02330817796966223,0.0010126318408929015,intermediate
13319933,13323042,13321487,-0.09201571597206935,0.01935631458051349,outlier
13323044,13326535,13324789,-0.0036107474100250366,0.0020374406025515882,intermediate
13326536,13329700,13328118,0.019595697294073417,0.006107587843058914,baseline
13329701,13333156,13331428,-0.11617813558361528,0.01267849416136265,outlier
13333160,13336626,13334893,-0.1145101059685751,0.01903555864699213,outlier
13336629,13340125,13338377,-0.012601209719994594,0.004128536481265743,intermediate
13340128,13343460,13341794,-0.146425734926347,0.02451779073577046,outlier
13343463,13346672,13345067,-0.0636586864891041,0.010521119248549746,intermediate
13346676,13350046,13348361,-0.02255355113430869,0.00842890452735422,intermediate
13350047,13353270,13351658,-0.06441274067291361,0.012815797346188098,intermediate
13353273,13356925,13355099,-0.019172368283763758,0.00588399255165465,intermediate
13356926,13360630,13358778,-0.06360569412259223,0.012469530938015498,intermediate
13360634,13364637,13362635,-0.005119582988491377,0.006883076333871907,intermediate
13364638,13369041,13366839,0.0007778435531547693,0.00596083481412959,baseline
13369043,13372858,13370950,-0.06470890100505977,0.009346182531938902,intermediate
13372862,13377586,13375224,-0.07920927914266564,0.011038100031745707,intermediate
13377588,13382516,13380052,-0.004562528504810966,0.008425944396063869,intermediate
13382517,13386873,13384695,-0.060466531070417315,0.011642724805147607,intermediate
13386874,13390722,13388798,-0.14919654581177344,0.015180883341882149,outlier
13390724,13400932,13395828,-0.1267367284413866,0.01293715551950257,outlier
13400933,13404642,13402787,-0.051297333775562934,0.005102156057101442,intermediate
13404651,13408678,13406664,0.03155190637894161,0.004587245597201721,baseline
13408679,13412051,13410365,0.040208008482131886,0.0025654784233791346,baseline
13412053,13416294,13414173,-0.0395355781151086,0.005381987038066173,intermediate
13416295,13419701,13417998,-0.07575918900609725,0.011062834158640279,intermediate
13419705,13424548,13422126,-0.06333888013633046,0.008909932443690436,intermediate
13424553,13429801,13427177,-0.064497638541553,0.011221492226934653,intermediate
13429806,13433263,13431534,-0.1956724115898791,0.02770234523560521,outlier
13433271,13438897,13436084,-0.25720976144960356,0.03467720180632123,outlier
13438898,13443651,13441274,0.0013844995258276856,0.007542679429713911,baseline
13443652,13449334,13446493,-0.07245420819077829,0.014423275899130032,intermediate
13449335,13452822,13451078,-0.24745997194734748,0.026792972196489805,outlier
13452823,13456946,13454884,-0.12767198262364457,0.021659132422731826,outlier
13456949,13461121,13459035,-0.07232117905523369,0.015505964276050554,intermediate
13461122,13465078,13463100,-0.188599995235259,0.028972715217345783,outlier
13465080,13468134,13466607,-0.11945213192503339,0.01807542711399428,outlier
13468137,13471657,13469897,-0.00962301968620779,0.0065388384764834325,intermediate
13471659,13475568,13473613,-0.1514780764071605,0.01976404722847663,outlier
13475570,13479481,13477525,-0.061197675426047635,0.010029433745208595,intermediate
13479483,13482751,13481117,-0.06447423841804217,0.01565814088249589,intermediate
13482752,13485805,13484278,-0.1382807826496294,0.01933287110446944,outlier
13485813,13490481,13488147,-0.12405532096832365,0.012438442482289211,outlier
13490483,13495542,13493012,-0.012932415196513808,0.00844313323564234,intermediate
13495547,13499158,13497352,-0.13289147821475153,0.012733705033898163,outlier
13499163,13504608,13501885,-0.0833827783821351,0.009999511029398328,outlier
13504615,13510186,13507400,-0.104954984420454,0.01836532820146506,outlier
13510188,13515066,13512627,0.008131760320930728,0.004946108494864745,baseline
13515068,13518819,13516943,-0.06488281283954236,0.011000148286830594,intermediate
13518820,13523110,13520965,0.02788257520960464,0.004582376899730306,baseline
13523116,13526389,13524752,0.00875617195845386,0.007020238069167484,baseline
13526391,13529567,13527979,-0.03046347630723164,0.007786803574238817,intermediate
13529569,13532784,13531176,0.03989224067855871,0.0022452380434013933,baseline
13532785,13535847,13534316,0.027364300690555267,0.003857842022083513,baseline
13535849,13539947,13537898,-0.04240537876599312,0.0015207620162673025,intermediate
13539954,13543359,13541656,0.004744682214107617,0.0023078100864750237,baseline
13543368,13546816,13545092,-0.04923887822204081,0.010494318248014915,intermediate
13546817,13551986,13549401,-0.047755839384896956,0.010375261944995079,intermediate
13551990,13556869,13554429,-0.0945081382572899,0.012700773490571101,outlier
13556873,13560776,13558824,-0.013860314812807462,0.00747718717035585,intermediate
13560777,13564719,13562748,-0.011232379905295903,0.006859762554127871,intermediate
13564720,13569216,13566968,-0.006232581165187338,0.004695484793016305,intermediate
13569221,13574150,13571685,0.042490994817034396,0.00201911555316287,baseline
13574155,13577811,13575983,-0.08059510167534605,0.010528254820013658,outlier
13577823,13581837,13579830,-0.08194253291484785,0.016199057911335808,outlier
13581838,13586256,13584047,0.009881383766443687,0.003912663973802988,baseline
13586260,13590007,13588133,0.007207916149899245,0.0064369254331690835,baseline
13590011,13593981,13591996,0.03573587825623498,0.0036063673353918775,baseline
13593991,13597035,13595513,-0.08456331766791068,0.011720509108138622,outlier
13597040,13600291,13598665,-0.06860067496304216,0.008347734803338527,intermediate
13600298,13604101,13602199,0.03141981921580772,0.0021694618033635104,baseline
13604102,13607377,13605739,-0.020423182463102513,-0.0005603102515525165,intermediate
13607402,13611104,13609253,-0.029882845026588965,0.0008307732862439312,intermediate
13611109,13617085,13614097,0.020299447936411405,-0.0020577420702402437,baseline
13617087,13620792,13618939,0.010018525766513435,0.00607384282702714,baseline
13620793,13624870,13622831,-0.0319977690654822,0.0024372469210722403,intermediate
13624873,13628162,13626517,0.04030630049126683,0.0016644257457088414,baseline
13628163,13632104,13630133,0.010096828436317906,-0.001356430757691203,baseline
13632106,13635492,13633799,0.025972805554516816,0.0008257044115653899,baseline
13635495,13638613,13637054,0.03183610248862274,0.0021520448826672584,baseline
13638617,13642355,13640486,-0.07511294464320958,0.004516047671723218,intermediate
13642356,13645586,13643971,0.0028780024296148404,0.006634456379872349,baseline
13645587,13648779,13647183,-0.05905748365208754,0.015580554540892069,intermediate
13648780,13652464,13650622,-0.04930124201674186,0.008998404119404911,intermediate
13652465,13655649,13654057,-0.028400903611238537,0.00604446943149501,intermediate
13655656,13660221,13657938,-0.060176861424526266,0.010164686687938415,intermediate
13660222,13663432,13661827,0.029555535475778553,0.0014500959567723723,baseline
13663434,13667119,13665276,0.03235180826098558,0.003456928496688892,baseline
13667120,13670395,13668757,0.04030474130155422,0.002827546436177133,baseline
13670396,13673751,13672073,0.03641824539876143,0.0016056431338647987,baseline
13673752,13682256,13678004,0.003518181575245416,0.005174735975212053,baseline
13682257,13685598,13683927,-0.03893484189565015,0.009635733791512786,intermediate
13685599,13688789,13687194,-0.026255421337724395,0.0005478190378714535,intermediate
13688791,13692313,13690552,0.026016665231479056,0.0028724652690385864,baseline
13692324,13695406,13693865,-0.06179628841716705,0.008150796628610174,intermediate
13695407,13698949,13697178,-0.07483583390750134,0.006562642222763928,intermediate
13698951,13702320,13700635,0.022506086260616343,0.0029728349526428606,baseline
13702321,13705856,13704088,0.04010866834535533,0.000745719674054052,baseline
13705859,13710744,13708301,-0.03480588623883008,0.00902828253544077,intermediate
13710748,13714180,13712464,-0.11033894825331396,0.015136885622717927,outlier
13714186,13718114,13716150,-0.09541525020461192,0.008322619543714924,outlier
13718118,13722364,13720241,-0.00012935926493082755,0.006021379160574095,baseline
13722368,13726834,13724601,-0.09867208029262904,0.011012489911868433,outlier
13726835,13730862,13728848,-0.1280804846850613,0.008192572200013465,outlier
13730892,13734911,13732901,-0.09008825818186418,0.012347694782588825,outlier
13734920,13738337,13736628,-0.12206675592235199,0.011783001595840337,outlier
13738339,13742619,13740479,-0.05674917823758039,0.008192501037250659,intermediate
13742621,13746649,13744635,-0.09524093572913407,0.008745896112722439,outlier
13746652,13750543,13748597,-0.0327520358946406,0.0026595486513931407,intermediate
13750547,13754165,13752356,-0.10220984911035742,0.00586080727543269,outlier
13754166,13757863,13756014,-0.030198578061637612,0.009453691351668365,intermediate
13757866,13761247,13759556,-0.1507255112369105,0.01307766678580469,outlier
13761249,13764851,13763050,-0.09466845931846754,0.01086517262772742,outlier
13764854,13768949,13766901,-0.08960932440819278,0.01182341194307274,outlier
13768950,13772096,13770523,-0.12030788702908142,0.011555738803679435,outlier
13772098,13776535,13774316,-0.07009021778184682,0.012591881544021242,intermediate
13776537,13780132,13778334,-0.03942168667993572,0.0009349448919161091,intermediate
13780135,13784603,13782369,0.005680075315791938,0.005182805972352868,baseline
13784606,13788227,13786416,-0.11208995327007039,0.007209918043400906,outlier
13788228,13792773,13790500,-0.06202567524889739,0.010422144944468855,intermediate
13792776,13796968,13794872,-0.05213585960594336,0.00830123265364805,intermediate
13796969,13800314,13798641,-0.07588748642868434,0.011370420763858033,intermediate
13800315,13803877,13802096,-0.011442597037717299,0.009579782114999692,intermediate
13803878,13807659,13805768,-0.05831500809678694,0.006679312450516798,intermediate
13807666,13812589,13810127,-0.059451535711422476,0.007841060433180955,intermediate
13812595,13816861,13814728,-0.06612648093061128,0.00942188673490497,intermediate
13816869,13820412,13818640,-0.05851357667004235,0.005875042128819054,intermediate
13820415,13824664,13822539,-0.027586566075837215,0.003893462100598202,intermediate
13824665,13827924,13826294,0.012054004849264,0.002944708285836419,baseline
13827925,13831198,13829561,-0.04870468260537383,0.00524175603867498,intermediate
13831199,13834793,13832996,-0.04605097276651817,0.012434449191709968,intermediate
13834796,13838838,13836817,-0.01258665433423245,0.006450851276358465,intermediate
13838841,13842790,13840815,0.024615045853155645,0.0027031395719785242,baseline
13842794,13847206,13845000,-0.1010326118227536,0.010565735610702238,outlier
13847207,13850521,13848864,-0.15251210544490035,0.009023056929755576,outlier
13850522,13857326,13853924,-0.10754103335907338,0.016243215312398324,outlier
13857327,13862504,13859915,-0.026272542294930423,0.008981573290172703,intermediate
13862511,13868030,13865270,-0.046245428313495415,0.0113981984306909,intermediate
13868032,13873494,13870763,-0.022769285932692136,0.0061889342895122355,intermediate
13873495,13878611,13876053,0.013752153094319607,0.002161628453713312,baseline
13878618,13883319,13880968,0.019256254105951585,0.002622660389135342,baseline
13883323,13887085,13885204,0.028662620120250108,-0.0004792917900971903,baseline
13887087,13892921,13890004,-0.01538448320327958,0.005239842830697873,intermediate
13892922,13896426,13894674,-0.03323852985400555,0.006607153262691663,intermediate
13896427,13900197,13898312,-0.09464251144703548,0.011824074872245887,outlier
13900199,13903424,13901811,0.04201477796123157,0.0018769075352486845,baseline
13903425,13907021,13905223,0.01244688666201715,0.0027744481982027317,baseline
13907025,13911007,13909016,-0.04364276832322915,0.005664910754272772,intermediate
13911008,13915810,13913409,-0.024667539069729603,0.003964895448025904,intermediate
13915812,13920457,13918134,0.015370474995083622,0.0021049675822567317,baseline
13920460,13924610,13922535,0.008813514775833127,0.002906905766386921,baseline
13924619,13927894,13926256,0.02000364701175834,0.005988241584979186,baseline
13927897,13932179,13930038,-0.032304751545432324,0.003367583984007218,intermediate
13932180,13937228,13934704,-0.020916989113475615,0.007294111023283635,intermediate
13937230,13940724,13938977,-0.14345234610540553,0.023743546799998183,outlier
13940730,13945139,13942934,-0.053166959049239695,0.012951945965708995,intermediate
13945140,13948691,13946915,-0.18016768692041182,0.017962159351945648,outlier
13948693,13954235,13951464,-0.03842319770724019,0.01051972795437295,intermediate
13954236,13958634,13956435,-0.050025097483250736,0.010808198094289224,intermediate
13958635,13962776,13960705,-0.04428790101658159,0.0058259295389029705,intermediate
13962784,13966678,13964731,-0.012243381118689254,0.00657640137936927,intermediate
13966679,13970126,13968402,0.016514306519523427,0.0053536286852858715,baseline
13970129,13974315,13972222,0.0388227434780552,0.001336580626304041,baseline
13974317,13977322,13975819,0.033302953593411885,0.003210413718628449,baseline
13977324,13981689,13979506,0.04221578433938681,0.0016550665905359235,baseline
13981691,13985973,13983832,0.032106259134596415,0.004001125119546836,baseline
13985975,13989123,13987549,-0.005204104604952172,0.008180958536007728,intermediate
13989128,13993953,13991540,0.010760363372619071,0.005160294427651375,baseline
13993956,13997903,13995929,0.04050596336796562,0.0018519793015583288,baseline
13997904,14002705,14000304,-0.043320467495094044,0.0146063088906078,intermediate
14002708,14006522,14004615,-0.06485306156775208,0.01616837405111651,intermediate
14006523,14010720,14008621,-0.007048287991326086,0.008055811073944428,intermediate
14010721,14013980,14012350,-0.08670714896462942,0.01027989888062748,outlier
14013983,14019197,14016590,0.020939991426639534,0.0029028072480534557,baseline
14019198,14023817,14021507,-0.0924806526822096,0.009340901671523426,outlier
14023821,14027078,14025449,-0.1323480156179536,0.009684450869733597,outlier
14027081,14031558,14029319,-0.09896854845390543,0.012360581955277256,outlier
14031559,14035581,14033570,0.019781689762810455,0.002357514297091881,baseline
14035586,14039227,14037406,0.030283197528652075,0.004202970681132822,baseline
14039236,14043796,14041516,0.041560827018691716,0.0011997581394036997,baseline
14043798,14049144,14046471,-0.04780300273425519,0.010592591411218915,intermediate
14049147,14062491,14055819,0.007161645839037972,0.008505505473240992,baseline
14062494,14066897,14064695,0.026872691183602818,0.005318448343091777,baseline
14066898,14070820,14068859,-0.019746900325259255,0.004506254670585438,intermediate
14070821,14075213,14073017,0.035922216986495385,0.0037512355546197515,baseline
14075378,14080472,14077925,0.021911735416128734,0.004663163099276702,baseline
14080473,14085796,14083134,0.0053564088486488005,0.0062074200499173705,baseline
14085801,14089745,14087773,0.021485004183706594,0.0027032806275460865,baseline
14089755,14093923,14091839,0.024603170144042237,0.003979863179576814,baseline
14093928,14100134,14097031,0.001146286993885886,0.004185396057261982,baseline
14100137,14105662,14102899,-0.03126469801917367,0.006044107938199212,intermediate
14105663,14110061,14107862,-0.060267450639266404,0.010066253838976922,intermediate
14110064,14114223,14112143,0.006042019265533703,0.0039711256149626,baseline
14114224,14117891,14116057,0.04097527392818975,0.0025569209203047697,baseline
14117892,14121935,14119913,-0.015714106790885876,0.004059751347564147,intermediate
14121937,14126299,14124118,0.020208047238254978,0.004740360507180876,baseline
14126301,14129651,14127976,0.035390945853679724,0.001479205647289581,baseline
14129653,14134285,14131969,-0.012258305919415425,0.005501380480566416,intermediate
14134292,14138458,14136375,0.03855252343390414,0.0004305777220814836,baseline
14138462,14141955,14140208,0.015085706538371685,0.0065096418795171215,baseline
14141957,14147184,14144570,-0.05264402913881361,0.007317677966702902,intermediate
14147185,14151059,14149122,0.04153096840231677,0.0028129615554608077,baseline
14151064,14154879,14152971,-0.057032979801102904,0.009509594805801332,intermediate
14154880,14159130,14157005,0.001710811401330141,0.00679687463008113,baseline
14159132,14166043,14162587,-0.08572966230107239,0.008566696780813756,outlier
14166044,14171655,14168849,-0.013066705999906482,0.001365001552218682,intermediate
14171656,14176682,14174169,0.01692073742016974,0.002475327968811577,baseline
14176685,14181796,14179240,0.001445978232450881,0.006017008071559985,baseline
14181797,14185665,14183731,-0.006262383355420772,0.008203598268203221,intermediate
14185667,14190588,14188127,0.004229055622733793,0.005935493017128319,baseline
14190591,14194415,14192503,-0.009184345752696763,0.007306927586088855,intermediate
14194420,14198727,14196573,0.028474830471006508,0.003889931547921251,baseline
14198728,14203498,14201113,0.020701429850109237,0.0025436611461358153,baseline
14203500,14207418,14205459,0.016947336290575953,0.00023761697936260768,baseline
14207419,14211104,14209261,0.034339648164357514,0.0022519386425479166,baseline
14211108,14216882,14213995,-0.006591057398572151,0.003900120883700662,intermediate
14216883,14229622,14223252,0.03290324896369633,0.003294875622366926,baseline
14229623,14235687,14232655,0.034067344136907894,0.0021952088510665724,baseline
14235693,14240989,14238341,0.026868233870162146,0.003463712233731,baseline
14240991,14245396,14243193,0.0428592482313224,0.0015085561133127913,baseline
14245401,14252652,14249026,-0.08657388124747067,0.016753652601583284,outlier
14252653,14259381,14256017,0.03911433870957397,0.0015930651237185066,baseline
14259399,14264816,14262107,-0.01753183068362648,0.006415047642770223,intermediate
14264819,14270407,14267613,-0.016686565736449412,0.002656802273140111,intermediate
14270412,14274332,14272372,0.030718521796250464,0.003473724073327121,baseline
14274335,14277811,14276073,0.014538268591157618,-0.0005302355400924443,baseline
14277815,14281231,14279523,-0.011004198899254329,0.002821511303008867,intermediate
14281232,14285677,14283454,-0.010731621365625362,0.005229519123519579,intermediate
14285678,14290036,14287857,-0.029335371347159613,0.006998997477316698,intermediate
14290044,14293291,14291667,0.031024365340908314,0.001581096460438528,baseline
14293294,14299307,14296300,0.011377522975306992,0.00727104763673377,baseline
14299308,14303623,14301465,-0.15204086830902463,0.023648866792775374,outlier
14303624,14308123,14305873,-0.058469968199652854,0.013792505872867846,intermediate
14308149,14311989,14310069,-0.0024865087462504426,0.002340211806415975,baseline
14311992,14315972,14313982,0.03849746170941196,0.0008358223715095195,baseline
14315977,14321098,14318537,-0.006177399434422999,0.0035288028063232123,intermediate
14321099,14324687,14322893,0.014938498750542706,0.005598700057104201,baseline
14324691,14327850,14326270,0.024675892983148148,0.003639964450222223,baseline
14327852,14331055,14329453,0.007877565012248795,0.0045266432458608095,baseline
14331059,14334969,14333014,-0.01788465033104187,0.012975619911063356,intermediate
14334970,14347079,14341024,0.02846651088246446,-0.00031005898759814475,baseline
14347080,14351381,14349230,0.03351049044855342,0.0008426913443135081,baseline
14351385,14355809,14353597,0.030153396736613578,0.004316716669042445,baseline
14355813,14361909,14358861,-0.04865266398541151,0.007944921490233361,intermediate
14361917,14366975,14364446,0.019133249332014234,0.00309889847972324,baseline
14366977,14372219,14369598,-0.046491781718391426,0.009060005312153402,intermediate
14372220,14377288,14374754,0.022880341823305634,0.0014093518367576598,baseline
14377290,14381655,14379472,-0.07148670834696157,0.014016987332470619,intermediate
14381662,14385053,14383357,-0.01648646824256093,0.005986561599599464,intermediate
14385054,14390924,14387989,-0.07948057988277848,0.004600951025596149,outlier
14390927,14396311,14393619,-0.02616239837381748,0.004842600560452872,intermediate
14396312,14400659,14398485,-0.07019524467483418,0.01582240862553738,intermediate
14400661,14404567,14402614,-0.04154059451773083,0.01043456218724472,intermediate
14404571,14408163,14406367,0.005884482765091884,0.0006288028796503544,baseline
14408168,14412502,14410335,0.03687355147009098,0.0029645722953754237,baseline
14412506,14416143,14414324,-0.03728505621297991,0.009893368377792495,intermediate
14416145,14419309,14417727,-0.05393044233946546,0.010916961932018748,intermediate
14419310,14424976,14422143,-0.08118507428237853,0.015251182323648098,outlier
14424977,14430664,14427820,0.022953822370740392,0.004450626189345347,baseline
14430665,14435811,14433238,-0.011864506907095488,0.010478878733165737,intermediate
14435814,14439479,14437646,0.02791084342324756,0.003867692203336981,baseline
14439480,14446345,14442912,-0.0527012046046924,0.013872085215626561,intermediate
14446350,14450229,14448289,-0.11287004063886132,0.019371114879649667,outlier
14450242,14458644,14454443,0.038842488465462045,0.0028664279064036886,baseline
14458648,14462429,14460538,0.027665763103806997,0.0048054468658006695,baseline
14462434,14465520,14463977,0.026772904886237257,-0.0007908427378935341,baseline
14465523,14469685,14467604,0.03356134130152224,0.003232048393783458,baseline
14469688,14473683,14471685,-0.04966090443000283,0.009868453036229269,intermediate
14473686,14478458,14476072,-0.012013929770856913,0.005600070288007137,intermediate
14478462,14482796,14480629,-0.06344884207000345,0.01250086594714397,intermediate
14482797,14487228,14485012,-0.014400780986654366,0.00630985174482837,intermediate
14487231,14492155,14489693,-0.03582014810887476,0.011004577755228692,intermediate
14492156,14496907,14494531,-0.03719334872682998,0.007412529495313017,intermediate
14496909,14500680,14498794,-0.01784648949494042,0.01100147825581681,intermediate
14500682,14504381,14502531,-0.11157670565506657,0.01174717641607632,outlier
14504382,14513306,14508844,-0.1921422295946083,0.020693769900600442,outlier
14513311,14518370,14515840,-0.05071156559317055,0.004222039529018134,intermediate
14518376,14523234,14520805,0.027020607446232466,0.0032067446605762028,baseline
14523236,14527312,14525274,0.02275994351832743,0.004221913094129911,baseline
14527326,14532082,14529704,0.004835410452704659,0.007045254274109944,baseline
14532085,14538534,14535309,-0.07166321145601486,0.015342134741649662,intermediate
14538537,14543801,14541169,-0.06799569105111704,0.013172785441917197,intermediate
14543802,14550161,14546981,0.018958383424444235,0.004460811384654119,baseline
14550162,14554351,14552256,0.006159274308926064,0.003656092950037069,baseline
14554354,14560420,14557387,-0.053918166859329264,0.008242750704620808,intermediate
14560423,14565169,14562796,-0.03797519885185471,0.00078775581030846,intermediate
14565170,14568510,14566840,-0.015096717254582302,0.0024594260686459078,intermediate
14568513,14573316,14570914,-0.050186346239545446,0.005006480073614248,intermediate
14573317,14576692,14575004,0.006949732115281232,0.0051826739643369415,baseline
14576693,14581136,14578914,0.03607877340607312,0.002938265728221767,baseline
14581140,14584590,14582865,0.006484366156245355,0.0029175343891900455,baseline
14584591,14588347,14586469,0.029137735357527752,0.004349237250688653,baseline
14588348,14593189,14590768,0.02803272335180786,0.0034813029856386214,baseline
14593190,14596650,14594920,0.03611574199283418,0.0017112684627740124,baseline
14596651,14600848,14598749,0.02482481776467962,0.003685226457910873,baseline
14600851,14604126,14602488,0.00608273091227038,0.003810072647854303,baseline
14604127,14607532,14605829,-0.03362344081352244,0.008804314306590613,intermediate
14607533,14611027,14609280,0.033856285739465856,0.0029410288694272434,baseline
14611029,14614218,14612623,0.020934629824460958,0.00425147076855586,baseline
14614219,14617310,14615764,-0.06411503599298567,0.010699702238686697,intermediate
14617311,14621055,14619183,-0.04806811363263403,0.004476955780196028,intermediate
14621057,14624270,14622663,-0.017464120283911876,-0.0033635813077241743,intermediate
14624277,14627714,14625995,-0.003259702607266852,0.0026661241086979415,baseline
14627716,14631554,14629635,-0.016978751891118245,0.006550671493294872,intermediate
14631557,14637903,14634730,0.0313605330347509,0.0010577054901840023,baseline
14637908,14642520,14640214,-0.034341450373061785,0.006703650381090509,intermediate
14642525,14646922,14644723,0.04264359022715873,0.0020943878031711755,baseline
14646925,14652289,14649607,0.018852884128844234,0.003798887504888984,baseline
14652291,14658746,14655518,0.030693793830112906,9.697117749756935e-05,baseline
14658748,14664200,14661474,-0.018853652404305442,0.005659692058435649,intermediate
14664202,14671428,14667815,-0.027092070266703235,0.004688699765115286,intermediate
14671430,14675938,14673684,0.005201581328816607,0.002842393792169594,baseline
14675942,14680598,14678270,-0.007387830352345779,0.0026107949051982606,intermediate
14680602,14684318,14682460,0.022866432994838835,0.001312234959905085,baseline
14684321,14690192,14687256,-0.054909187202009976,0.004616040249092729,intermediate
14690200,14696100,14693150,0.006341401342304471,0.003316629843835276,baseline
14696101,14699656,14697878,-0.007551200540630796,0.006661521800778839,intermediate
14699664,14703474,14701569,-0.012975290624626297,0.004868857926820005,intermediate
14703475,14706658,14705066,-0.05973137191935725,0.008109819815283883,intermediate
14706659,14710451,14708555,-0.048389193173026784,0.00605289712745939,intermediate
14710455,14714136,14712295,-0.04439285596600595,0.005544990440240028,intermediate
14714140,14717627,14715883,0.02740938813567679,0.0026238157495915453,baseline
14717628,14721180,14719404,-0.020904994768059706,0.0011968158378051418,intermediate
14721188,14725491,14723339,-0.05211463597465894,0.006229959582942013,intermediate
14725493,14731259,14728376,0.040011042460834034,0.0013675740830312864,baseline
14731264,14735673,14733468,0.021956236121883993,0.0035698154984839738,baseline
14735675,14740599,14738137,0.016321060021541076,0.007239555703667218,baseline
14740600,14744043,14742321,0.04127037753291424,0.0021175906943943722,baseline
14744045,14748686,14746365,0.0004081109235630341,0.0004219983183260368,baseline
14748688,14753643,14751165,0.027213823658396412,0.004254601976574064,baseline
14753644,14759014,14756329,0.03759797408880904,0.0025905187495215165,baseline
14759015,14763135,14761075,0.042523053265241244,0.0013497515877615588,baseline
14763136,14766645,14764890,-0.07216480114015632,0.013584072582329403,intermediate
14766651,14772718,14769684,-0.03681084916978334,0.010586079270613516,intermediate
14772720,14777971,14775345,-0.0739156654443969,0.014825606503298082,intermediate
14777973,14783121,14780547,0.03334605141906571,0.00417728878151081,baseline
14783131,14786856,14784993,-0.01573933560321113,0.005556898887601072,intermediate
14786861,14791156,14789008,-0.05580263614812985,0.00570412233511408,intermediate
14791160,14796567,14793863,-0.10053905833228571,0.018303477853651433,outlier
14796573,14800087,14798330,-0.016077556153716352,0.005830722005364836,intermediate
14800092,14805434,14802763,-0.11652797169887415,0.01349958395016338,outlier
14805438,14809152,14807295,0.03997148918623164,0.0016702499025586035,baseline
14809162,14814651,14811906,0.00832500046213166,0.004498126592393976,baseline
14814654,14819287,14816970,0.012275235509333685,0.005691923677623122,baseline
14819294,14823151,14821222,-0.01268525270897632,0.008569064138111196,intermediate
14823161,14827594,14825377,-0.03695965916442452,0.008719565116554381,intermediate
14827595,14831858,14829726,-0.005296111753415392,0.00354649994586973,intermediate
14831861,14835732,14833796,0.030665001001177517,0.0031703998036586366,baseline
14835736,14840111,14837923,0.0018675646539987264,0.005263118472999408,baseline
14840112,14843370,14841741,0.009835272158085996,0.0025637026973115806,baseline
14843374,14847853,14845613,0.008569692987499189,0.00711176719528022,baseline
14847854,14852445,14850149,-0.005447002437653277,0.0072065885515933395,intermediate
14852446,14856341,14854393,-0.03670416967043217,0.009641267169704933,intermediate
14856343,14859522,14857932,0.0278456898407883,0.002298223537425163,baseline
14859525,14863626,14861575,-0.036798067966522206,0.005923594345253738,intermediate
14863637,14868079,14865858,-0.0434053365130734,0.010160278853071605,intermediate
14868081,14873462,14870771,-0.07702674127414608,0.019087608012469615,intermediate
14873463,14877137,14875300,-0.03915715250200476,0.0030731248289476054,intermediate
14877158,14880749,14878953,0.042152241330460145,0.0016984755262501013,baseline
14880750,14886039,14883394,-0.00320291763222479,0.005222477048032967,baseline
14886048,14890662,14888355,-0.05332559786718553,0.010161415152790575,intermediate
14890664,14895361,14893012,-0.002652194738329128,0.008112348108243921,baseline
14895364,14899897,14897630,-0.060740057644305304,0.013348597430833676,intermediate
14899900,14903494,14901697,-0.0827472269595012,0.015328967951239595,outlier
14903496,14907852,14905674,-0.0708666537382166,0.014280774544427484,intermediate
14907855,14913234,14910544,-0.06011242476637144,0.011816571466551243,intermediate
14913239,14917202,14915220,-0.2134850592167236,0.028370442891426255,outlier
14917207,14921784,14919495,-0.077548893379036,0.01265640359953403,intermediate
14921796,14926789,14924292,-0.028660849067023875,0.00715880079297164,intermediate
14926792,14932867,14929829,-0.05033379316982179,0.011435456500908747,intermediate
14932870,14937443,14935156,0.014699271678022529,0.0013168423583248734,baseline
14937444,14941736,14939590,-0.03139864338459628,0.003336743112957869,intermediate
14941739,14946584,14944161,0.04280619531758707,0.0017010588063742463,baseline
14946586,14950754,14948670,0.012876933265908367,0.006483782038316269,baseline
14950755,14954928,14952841,0.00482611106404559,0.004804504624279791,baseline
14954931,14960513,14957722,-0.016821570821526147,0.005676663667482239,intermediate
14960515,14964231,14962373,0.00579537719356122,0.006414786651743395,baseline
14964233,14968084,14966158,0.041591218390286566,0.001795286636971563,baseline
14968087,14973737,14970912,-0.015586883885409325,0.00704244687401417,intermediate
14973740,14977571,14975655,-0.0866264748851101,0.011487024993462207,outlier
14977576,14982323,14979949,-0.027272913185377518,0.005443932371218779,intermediate
14982327,14986836,14984581,-0.0951530659257999,0.006386473761307199,outlier
14986839,14991475,14989157,-0.11599469490487313,0.0109868750182549,outlier
14991477,14994506,14992991,-0.044833782424900076,0.00941956007381914,intermediate
14994507,14999618,14997062,0.012192973532118649,0.0038024296035638243,baseline
14999623,15005082,15002352,0.030927616808832204,0.003028269740254739,baseline
15005084,15008902,15006993,-0.0015084722217275938,0.003368067764348451,baseline
15008905,15012936,15010920,0.015402571585467937,0.0015148331860500735,baseline
15012940,15016953,15014946,0.021886503798889186,0.0040157065091972624,baseline
15016956,15023803,15020379,0.022667257069109915,0.004568721924780538,baseline
15023804,15027445,15025624,0.03257899552869269,0.0025288869546378706,baseline
15027446,15031750,15029598,-0.010756630044274164,0.003138813255396213,intermediate
15031752,15035322,15033537,-0.10864133891886668,0.012937181315039252,outlier
15035324,15040420,15037872,-0.06430246096466016,0.006476440413906013,intermediate
15040427,15043720,15042073,9.532978144234509e-05,0.005503388755108731,baseline
15043721,15047978,15045849,-0.01889370912786626,0.002703122071927262,intermediate
15047979,15051422,15049700,-0.08256084145123954,0.012564788897324078,outlier
15051425,15055518,15053471,-0.11098195047415578,0.015303874984760116,outlier
15055527,15060525,15058026,0.0022196018742758686,0.003459925228473805,baseline
15060527,15063775,15062151,-0.04469232582753682,0.0009675975885375304,intermediate
15063780,15068233,15066006,0.00028778616344897175,0.003837879502349616,baseline
15068234,15073933,15071083,-0.08716418050407808,0.01203414349656065,outlier
15073942,15078152,15076047,-0.06717020022302833,0.007474517372204652,intermediate
15078160,15082171,15080165,-0.08000010089555243,0.010446569157388794,outlier
15082176,15086561,15084368,-0.06620525582269977,0.00977532826916514,intermediate
15086563,15092044,15089303,-0.08707850776544238,0.015390362623807018,outlier
15092049,15095653,15093851,-0.04381839803540771,0.014022046341151385,intermediate
15095654,15099770,15097712,-0.02781113786812527,0.007019793803887964,intermediate
15099771,15103776,15101773,-0.23279182463687872,0.031547360567135745,outlier
15103784,15108810,15106297,-0.0921956155080347,0.018062887513654417,outlier
15108812,15112339,15110575,0.0020369134188320385,0.007882395851503876,baseline
15112344,15116355,15114349,0.041442457355855104,0.0017896505284900083,baseline
15116356,15119685,15118020,0.004750511695917509,0.009075531697433248,baseline
15119688,15123000,15121344,0.010018122686284924,0.005336801742145302,baseline
15123004,15126229,15124616,0.02178034317064538,0.00438910758298772,baseline
15126242,15129677,15127959,0.0016591491228078992,0.0038870766816133115,baseline
15129680,15133618,15131649,-0.029318065596581074,0.006632198602212656,intermediate
15133620,15137016,15135318,0.010077670555358164,0.003280789792719956,baseline
15137018,15140312,15138665,-0.09712128665167598,0.009455127574685588,outlier
15140313,15143673,15141993,-0.03642570415451763,0.009809971208484846,intermediate
15143676,15147027,15145351,0.012642640757725171,0.005403354651277658,baseline
15147030,15150754,15148892,0.009047874512835462,0.002687504451304296,baseline
15150755,15154429,15152592,-0.011429139987836191,0.013726623532977506,intermediate
15154430,15157945,15156187,-0.021946897849065502,0.007561292802022458,intermediate
15157955,15161816,15159885,0.021009683972323057,0.0034752700935633137,baseline
15161818,15165666,15163742,-0.1504155159646092,0.02039815011579434,outlier
15165668,15170867,15168267,0.021429162432355653,0.0037517249023793515,baseline
15170871,15175813,15173342,-0.04434317315421429,0.008733046050689294,intermediate
15175819,15180745,15178282,-0.07618116533715724,0.011538897999120614,intermediate
15180747,15184788,15182767,-0.06408567446667258,0.012789513787088024,intermediate
15184790,15189194,15186992,-0.0074204435557407656,0.0057185831803851245,intermediate
15189201,15194244,15191722,0.002048941595745404,0.007659960673839306,baseline
15194247,15199283,15196765,0.012316450934910324,0.00518981014739362,baseline
15199284,15203855,15201569,-0.001138660209787453,0.002672590046904,baseline
15203857,15207859,15205858,0.02297867712964517,0.004442371548151768,baseline
15207861,15211473,15209667,0.030211446996195487,0.003137581447267317,baseline
15211474,15215551,15213512,-0.030118117462704947,0.00613107167874882,intermediate
15215555,15220219,15217887,0.02367888060796206,0.0050500244425536085,baseline
15220225,15224136,15222180,0.006573457765644185,-0.0013454692812864602,baseline
15224138,15227906,15226022,0.03981979247897081,0.0012346357766975793,baseline
15227907,15232677,15230292,-0.04705136940350098,0.005946587746286564,intermediate
15232678,15236249,15234463,0.015443219616343061,0.006552833378483159,baseline
15236251,15240359,15238305,0.03974532377413368,0.0009151130065839593,baseline
15240360,15244167,15242263,0.03926041213023339,0.0023961286794774803,baseline
15244171,15254109,15249140,0.03377988726603013,0.0016377177024433423,baseline
15254112,15258028,15256070,0.037209850382884664,0.0015673732337523688,baseline
15258030,15261781,15259905,-0.034495366540429326,0.009577561361432884,intermediate
15261795,15265319,15263557,0.025410181605030925,0.003364627088726081,baseline
15265324,15269282,15267303,0.009094441339995069,0.0019566281643201345,baseline
15269283,15273692,15271487,0.011650157204527781,0.004072670904147221,baseline
15273696,15297687,15285691,0.014804924935701872,0.004044691827630668,baseline
15297691,15302357,15300024,0.034569110582291666,0.0012424038058622626,baseline
15302361,15305930,15304145,0.02486419926041871,-4.204141375569082e-05,baseline
15305932,15310150,15308041,0.032714011022900176,0.0035120561706434056,baseline
15310151,15313887,15312019,0.029329504038613428,0.004262687135848024,baseline
15313889,15318885,15316387,0.010107172853161435,0.0019371348085639023,baseline
15318888,15323389,15321138,0.04114862844498762,0.0021959074744947564,baseline
15323390,15327485,15325437,0.02168822471963204,0.0001215592114568161,baseline
15327488,15330844,15329166,0.00838937764934906,0.0021938609739044577,baseline
15330850,15335705,15333277,0.03691189342738875,0.001114366928497162,baseline
15335708,15339388,15337548,0.03022781734751494,0.0026895943413923064,baseline
15339390,15342726,15341058,0.0091476482634047,-0.0015502316914437785,baseline
15342728,15346059,15344393,-0.026200467598984215,0.0041776100344021305,intermediate
15346061,15349084,15347572,-0.013074654053888872,0.004134658574613896,intermediate
15349087,15352938,15351012,0.03678786239610652,0.00221988731796737,baseline
15352940,15356665,15354802,0.032074718087359275,0.0022830449942260653,baseline
15356666,15360073,15358369,0.041407117504166334,0.0022161818751368725,baseline
15360074,15364334,15362204,0.02610927310501059,0.003253048974889758,baseline
15364337,15370126,15367231,0.02148602269793491,0.0038328992237523685,baseline
15370130,15373892,15372011,0.031212462857636757,0.0033281206189047876,baseline
15373895,15380215,15377055,0.03189910046363661,0.0032271119534774753,baseline
15380216,15385103,15382659,0.03756387425296349,0.0018206202589855977,baseline
15385111,15389505,15387308,0.01963191830660401,0.0036491494291630722,baseline
15389506,15398833,15394169,0.016724201015494065,0.0027099207985174004,baseline
15398835,15402487,15400661,0.018443504266020736,0.003960218712962965,baseline
15402490,15406163,15404326,-0.024239856123263213,0.004581730036907129,intermediate
15406166,15413391,15409778,0.023939246439794407,0.0031635133782652765,baseline
15413392,15416805,15415098,-0.0028047718305746054,0.00549842001035607,baseline
15416821,15422456,15419638,-0.0030331058010158933,0.0037767761108441046,baseline
15422459,15426380,15424419,0.0048021165769021115,0.0008176374300023807,baseline
15426384,15430032,15428208,0.03663247885199611,0.0029548160609626853,baseline
15430034,15433560,15431797,0.023384176377393356,-0.0006875840791529446,baseline
15433562,15436599,15435080,0.011109214802980747,0.001960922742006294,baseline
15436601,15439887,15438244,0.008560632732324054,0.0028324344266143385,baseline
15439888,15443451,15441669,0.009257615061803694,0.003953337251514113,baseline
15443453,15447505,15445479,0.037288890389136554,0.00046349126692739367,baseline
15447508,15450656,15449082,0.005149322238102914,0.0008967895044923751,baseline
15450657,15454112,15452384,0.03132019045087316,0.002868600535226577,baseline
15454116,15457526,15455821,-0.0023171203734323425,0.006351739028552048,baseline
15457529,15461445,15459487,0.02910199729366148,-0.0008240160315180719,baseline
15461446,15465361,15463403,0.031526098924986076,0.0022396476426542163,baseline
15465363,15469208,15467285,0.041447842042887886,0.002329047584132045,baseline
15469210,15473389,15471299,0.039595300889777,6.625096431303182e-05,baseline
15473393,15476838,15475115,0.03604792954890489,0.00172868077797319,baseline
15476839,15479960,15478399,0.017290856456394898,0.006537763923752242,baseline
15479961,15482953,15481457,0.02295323592596883,0.0021661967636410345,baseline
15482954,15486669,15484811,0.030871281450053648,0.00209912590899018,baseline
15486670,15490201,15488435,0.042384939370027255,0.001248872114702313,baseline
15490205,15493501,15491853,0.0006542523079203026,0.002915783976994819,baseline
15493505,15496791,15495148,0.02211775068764495,0.005000969016439038,baseline
15496795,15500740,15498767,0.03072868702766578,0.0032522717066722925,baseline
15500750,15504289,15502519,0.0029598818928966712,0.0023309714691443664,baseline
15504290,15507376,15505833,0.023817441272974287,0.003510870231719194,baseline
15507377,15511527,15509452,0.00826722839598293,0.004564625466103701,baseline
15511533,15515058,15513295,0.03646990038406766,0.001583880991373504,baseline
15515059,15518577,15516818,0.026848556012127295,0.003264556354196094,baseline
15518580,15521871,15520225,-0.011646442983212246,0.005805797745994869,intermediate
15521875,15526050,15523962,0.02361981365175054,0.0006436814568028686,baseline
15526051,15532688,15529369,-0.06651134703326202,0.005885786171408053,intermediate
15532692,15549486,15541089,-0.08148339461708302,0.005610066377875296,outlier
15549491,15553408,15551449,-0.0039729408583542335,0.0027500334355016797,intermediate
15553409,15557543,15555476,-0.0587030007364762,0.00692192457860086,intermediate
15557550,15561441,15559495,-0.16854546151720573,0.02197718478146731,outlier
15561446,15565447,15563446,-0.11347237615699192,0.012781231030268257,outlier
15565448,15570181,15567814,-0.023916349187081742,0.0045855320383030125,intermediate
15570182,15574277,15572229,-0.08617557095934865,0.01312207550296467,outlier
15574278,15577970,15576124,-0.10282261128195992,0.008237285269681472,outlier
15577973,15582928,15580450,-0.1409715946113029,0.014900570860022572,outlier
15582930,15586502,15584716,-0.0686468830071705,0.0030971508358174048,intermediate
15586503,15589623,15588063,-0.10242316378593401,0.007528416690683069,outlier
15589625,15592779,15591202,-0.11114039280561838,0.009135254987714657,outlier
15592780,15596713,15594746,-0.2004840356722771,0.025138207413823607,outlier
15596717,15599971,15598344,-0.04543766461889467,0.007696955095036228,intermediate
15599972,15603761,15601866,-0.12742985465141837,0.007661661877705605,outlier
15603764,15607077,15605420,-0.14077751781983647,0.005390000589132864,outlier
15607080,15610402,15608741,-0.16011987536263492,0.01311963665221263,outlier
15610406,15614483,15612444,-0.15057858664552762,0.015374826786531282,outlier
15614486,15617865,15616175,0.02663394007143834,0.0031666153442426372,baseline
15617866,15622707,15620286,-0.035019703220715764,0.008768842223643936,intermediate
15622715,15626566,15624640,-0.09437780050373373,0.007609452719778346,outlier
15626567,15630509,15628538,0.015262068218125088,0.0033448827744267285,baseline
15630514,15636318,15633416,-0.1036899483890589,0.01130997097611113,outlier
15636319,15639734,15638026,-0.08346679972733943,0.0038070389291757563,outlier
15639735,15642930,15641332,-0.09131374554335185,0.00737548467748283,outlier
15642931,15646655,15644793,0.0008055561157141838,0.006102121773946879,baseline
15646657,15650178,15648417,0.02620258790595867,0.0028797333656343346,baseline
15650179,15654432,15652305,0.027025958228904277,0.0014554052874770217,baseline
15654437,15658151,15656294,-0.24053131666526986,0.016891667467232828,outlier
15658154,15661595,15659874,-0.24278328899947252,0.02258003643266696,outlier
15661597,15665431,15663514,-0.18821435768156194,0.008314570743423918,outlier
15665432,15668711,15667071,-0.18792142239823711,0.013876059621118637,outlier
15668717,15672388,15670552,-0.03331187902985917,0.009649639153744198,intermediate
15672396,15677041,15674718,0.01643597368306275,0.001777039858665062,baseline
15677043,15680628,15678835,-0.04600529551633332,0.005289234243882038,intermediate
15680632,15683662,15682147,-0.1154717598649347,0.004966509027540419,outlier
15683666,15687257,15685461,-0.046220088429317845,0.00852174208947729,intermediate
15687258,15690451,15688854,-0.004202454223289738,-0.001795063987483367,intermediate
15690453,15693718,15692085,-0.13776874244616524,-0.001166640711545575,outlier
15693719,15696766,15695242,-0.2099852360076721,0.019329097545428605,outlier
15696774,15699785,15698279,-0.1992956151316749,0.010725053066153201,outlier
15699793,15703142,15701467,-0.11428995025036265,0.00148833656111564,outlier
15703143,15706393,15704768,-0.026303891879170007,0.00018679079314379795,intermediate
15706394,15709678,15708036,-0.012415592926474225,0.007271239138932756,intermediate
15709679,15713509,15711594,-0.08047718747390155,0.010838094029762595,outlier
15713512,15717270,15715391,0.04083681879357834,0.002001976183815977,baseline
15717271,15721917,15719594,0.038557546017150904,0.002673972512344454,baseline
15721919,15725860,15723889,0.022494204372994125,0.0066833094204463645,baseline
15725866,15729847,15727856,-0.0783207766893055,0.003854425236839278,intermediate
15729851,15733860,15731855,0.029359514029089318,0.004577669406513858,baseline
15733863,15738360,15736111,-0.08783041239654975,0.012897917645505326,outlier
15738361,15742142,15740251,-0.009506210739186016,0.00755317212632283,intermediate
15742144,15746386,15744265,-0.03891328587616571,0.007596335664763906,intermediate
15746388,15750542,15748465,0.028531367400219772,0.0023120703131097103,baseline
15750543,15755081,15752812,0.025863340720059882,0.003886756269749531,baseline
15755112,15758317,15756714,-0.03340974024165583,0.007509665911841449,intermediate
15758318,15761758,15760038,0.006417980940383062,0.0051728250749289734,baseline
15761763,15765740,15763751,-0.05360014116439961,0.004482271711584866,intermediate
15765741,15769451,15767596,0.028587730438737552,0.0020745782600710915,baseline
15769460,15773277,15771368,-0.01965750370678189,0.004225757234252678,intermediate
15773278,15777009,15775143,-0.053228584004011,0.006513559044081742,intermediate
15777012,15782507,15779759,-0.15765297912381251,0.012190899912970671,outlier
15782523,15786254,15784388,-0.20156180177958438,0.026464771970820162,outlier
15786256,15790285,15788270,-0.24512460154494442,0.029756161996510464,outlier
15790289,15794044,15792166,-0.13263616120917213,0.0216282348484298,outlier
15794046,15798154,15796100,-0.01701959577917825,0.00584915723554957,intermediate
15798162,15803531,15800846,-0.005109866976051961,-7.868458602334239e-06,intermediate
15803535,15808686,15806110,-0.005764529268292934,0.007281541114905008,intermediate
15808694,15813959,15811326,-0.07639467050477963,0.015651576838446722,intermediate
15813960,15817546,15815753,-0.057243772951551926,0.007017256087682747,intermediate
15817547,15820917,15819232,-0.06092584768577574,0.004709320283086892,intermediate
15820918,15825319,15823118,-0.037789176819393186,0.00011927579463871587,intermediate
15825324,15828775,15827049,-0.14040500705233885,0.022765625350327497,outlier
15828776,15832245,15830510,-0.16847746004151049,0.02604743539985838,outlier
15832248,15835695,15833971,-0.02416432170322877,0.009275032122322628,intermediate
15835696,15838988,15837342,0.015800630613717278,0.004736520881466074,baseline
15838989,15842391,15840690,-0.0066981946981082546,0.006748713913129473,intermediate
15842394,15845622,15844008,-0.0002620011125531349,0.005168302025568252,baseline
15845624,15850847,15848235,-0.029221389175864927,0.01100807830823347,intermediate
15850849,15854600,15852724,0.0052950702081469144,0.0028268868204992916,baseline
15854604,15859487,15857045,-0.01080899190975149,0.006530291388101251,intermediate
15859491,15863812,15861651,0.018689160930178816,0.0008772315809821004,baseline
15863816,15868145,15865980,0.003298669397121198,0.006293503859910019,baseline
15868151,15871991,15870071,-0.018879211896192336,0.006714361246457063,intermediate
15871999,15876349,15874174,0.019491078909966056,0.004304434846010064,baseline
15876356,15880560,15878458,0.0002704939264215779,0.009636325034997473,baseline
15880570,15884445,15882507,0.04090974641816071,0.0017035487592940454,baseline
15884447,15888038,15886242,-0.027650788379970474,0.009487883913277892,intermediate
15888041,15892193,15890117,-0.00611131709808119,0.007847387006927848,intermediate
15892194,15896217,15894205,-0.03743381123524286,0.009948178595775486,intermediate
15896222,15903248,15899735,-0.036282611584478104,0.004238979625747072,intermediate
15903250,15907723,15905486,0.003660940227211945,4.2765717585337554e-05,baseline
15907728,15911006,15909367,-0.033746839657581525,0.009795263021374415,intermediate
15911008,15914420,15912714,-0.005098298754075883,0.0033282702083134506,intermediate
15914423,15918448,15916435,-0.02140498604479135,0.007734626077358301,intermediate
15918455,15923576,15921015,0.03540882255912882,0.0011720596299740886,baseline
15923577,15929267,15926422,-0.09307885470989025,0.01109497998695382,outlier
15929275,15935559,15932417,-0.16295434490415853,0.007757731490686051,outlier
15935567,15939405,15937486,-0.10624645857667868,0.00811194335585945,outlier
15939407,15944348,15941877,0.020679446708227384,0.002926937895126554,baseline
15944351,15949892,15947121,0.02522054042126942,0.0020410173887471196,baseline
15949893,15954327,15952110,0.021736851648156103,0.0036505010970095384,baseline
15954368,15960206,15957287,0.03910887034360056,0.003170570483086824,baseline
15960213,15964187,15962200,-0.07402812746992084,0.015498680616162755,intermediate
15964189,15968060,15966124,-0.05743085623024631,0.011072166675265836,intermediate
15968061,15972378,15970219,0.0016826941158245901,0.0027861025521942915,baseline
15972382,15976614,15974498,0.024091064555879272,0.0036609536231563145,baseline
15976628,15985673,15981150,-0.007622156849114903,0.007249090489238775,intermediate
15985675,15990340,15988007,0.003046714309601447,0.008422199649861399,baseline
15990341,15993931,15992136,-0.018068605435886054,0.008893837863646475,intermediate
15993945,15998744,15996344,0.020552656325516214,0.007092122226926995,baseline
15998746,16003731,16001238,0.04159794811560322,0.0015068825487199282,baseline
16003736,16007704,16005720,-0.09071037119757351,0.010658515139439181,outlier
16007706,16011648,16009677,-0.09054322270345216,0.014117489258585742,outlier
16011650,16015307,16013478,-0.024789854945309157,0.006046825101738604,intermediate
16015320,16018859,16017089,-0.01957611874513527,0.002453077571663097,intermediate
16018866,16022877,16020871,-0.08065909898162087,0.008635155697770484,outlier
16022880,16026504,16024692,-0.01635160161710203,0.0026611698747114484,intermediate
16026505,16029663,16028084,-0.05370057877313124,0.003010783931596656,intermediate
16029668,16034328,16031998,-0.08886369857410627,0.01225527069090194,outlier
16034329,16039230,16036779,0.019253910645759303,0.003413981761735265,baseline
16039235,16042885,16041060,-0.0302940491618109,0.011425377073176876,intermediate
16042887,16047641,16045264,-0.0560507674908319,0.012628693288236533,intermediate
16047645,16052039,16049842,0.026903006799880336,0.004516383843161762,baseline
16052046,16056193,16054119,0.023350213019030296,-0.001805167076047168,baseline
16056195,16060274,16058234,0.03247602859540744,0.004528656731051962,baseline
16060298,16063647,16061972,0.035001154472533796,0.0004006347896001973,baseline
16063653,16067449,16065551,0.018145726417301583,0.005102715522670213,baseline
16067450,16071162,16069306,0.01784487014735004,0.0032863942501568273,baseline
16071165,16076016,16073590,-0.0019560315451512874,0.008876661842173774,baseline
16076021,16080652,16078336,-0.06308936613082929,0.01398097924158087,intermediate
16080667,16084920,16082793,-0.011207432205252511,0.008484408994521766,intermediate
16084923,16089916,16087419,-0.050481134930896364,0.0059130112412139465,intermediate
16089919,16093403,16091661,-0.01843366696742598,0.008211264799342461,intermediate
16093406,16096882,16095144,-0.05474659410007752,0.008991165178684177,intermediate
16096886,16099964,16098425,0.002955221908145366,0.004369276191101584,baseline
16099969,16105176,16102572,-0.055199940141903873,0.008545716928537003,intermediate
16105177,16108478,16106827,0.00043126463506400594,0.007780482756220387,baseline
16108479,16112135,16110307,-0.0508599047009707,0.011027236252287749,intermediate
16112136,16116049,16114092,0.020641500839357188,0.0036637250194179825,baseline
16116070,16119516,16117793,0.011376849785811232,0.0017380234015790803,baseline
16119518,16122795,16121156,0.006295440215311066,0.0069786043250528364,baseline
16122806,16126164,16124485,-0.034738923415059554,0.0064983913471373805,intermediate
16126165,16129631,16127898,-0.08006198157844104,0.014538022785318646,outlier
16129632,16133141,16131386,0.039794737244520706,0.0018478886934083125,baseline
16133154,16136662,16134908,-0.023942803954730814,0.006710393474713108,intermediate
16136665,16140756,16138710,-0.025281434371227395,0.008134572840967696,intermediate
16140758,16144809,16142783,-0.06447384485457788,0.01632740512166324,intermediate
16144812,16148286,16146549,-0.07974311210736294,0.018317008368991947,outlier
16148287,16152459,16150373,-0.01237513984216233,0.007202486875768254,intermediate
16152462,16157224,16154843,-0.006957307531387721,0.005668256187924555,intermediate
16157242,16161484,16159363,-0.06471162249233418,0.004058168608015499,intermediate
16161485,16167146,16164315,0.00995742139031595,0.004826988623173652,baseline
16167147,16172419,16169783,-0.029075161770804412,0.005318999723150882,intermediate
16172421,16177107,16174764,0.004708105502454614,-0.0004339971711539748,baseline
16177112,16182122,16179617,0.017679266228139798,0.0054222219208686605,baseline
16182124,16185678,16183901,-0.02789391051380072,0.0057802654970003035,intermediate
16185682,16189886,16187784,-0.11109076514632296,0.01301377561209464,outlier
16189891,16195199,16192545,-0.13958712901709439,0.01464063512910215,outlier
16195200,16200177,16197688,-0.026786227731628077,0.0018203298764761858,intermediate
16200185,16203982,16202083,-0.02509633714792629,-0.002415326635903072,intermediate
16203988,16208373,16206180,-0.004468825302845913,0.0016005965856627686,intermediate
16208375,16214260,16211317,-0.004788409571838964,-0.0076826946649209875,intermediate
16214263,16218888,16216575,-0.009148487078808297,0.003172070096743397,intermediate
16218890,16223276,16221083,0.0006552349978239983,0.0053126046253603775,baseline
16223279,16226752,16225015,0.023039267543154003,0.0009847250938124386,baseline
16226756,16232059,16229407,-0.07287413749771449,0.0003950738354574166,intermediate
16232063,16236689,16234376,-0.10199163762541084,-0.0008981417764012019,outlier
16236696,16241436,16239066,-0.018351896201340506,0.0038071542245447345,intermediate
16241437,16245636,16243536,-0.07311465910383357,0.011848267930251654,intermediate
16245637,16251234,16248435,0.029382466125640584,0.0034512959393758085,baseline
16251250,16255605,16253427,-0.09947869567299561,0.011256604204639585,outlier
16255606,16259706,16257656,-0.23363473745060276,0.024157643561468857,outlier
16259708,16264311,16262009,-0.062064261678345195,0.006708935004146574,intermediate
16264313,16268380,16266346,-0.05877642545629278,0.006111530994533033,intermediate
16268390,16272532,16270461,0.016041604013362725,0.004590677097226602,baseline
16272535,16276886,16274710,-0.008008651353565654,0.0013552958129076373,intermediate
16276888,16281278,16279083,-0.015555454206478674,0.006416342335461843,intermediate
16281279,16285939,16283609,0.03053192185833868,0.0021711666806153848,baseline
16285944,16290438,16288191,0.020018998417550112,0.00037313770688054537,baseline
16290445,16294415,16292430,0.036374277608111516,-0.0007302586426651075,baseline
16294416,16297664,16296040,0.010853334062434968,0.009445066323919166,baseline
16297669,16302063,16299866,-0.016130386279125507,0.010083904403962745,intermediate
16302064,16307018,16304541,-0.012062795245300325,0.007211856883945421,intermediate
16307022,16311372,16309197,0.01574483989511391,0.005847604022505798,baseline
16311374,16316083,16313728,0.004803042063104378,0.00015489175645385793,baseline
16316084,16319887,16317985,0.03904175838599851,0.0026684158918350194,baseline
16319889,16324420,16322154,-0.019229100696974602,0.0019599019993156914,intermediate
16324421,16327891,16326156,-0.013932262572877137,0.003966426272306751,intermediate
16327892,16331520,16329706,0.03519031528714482,0.0012092821647803251,baseline
16331521,16336840,16334180,-0.05097618170266322,0.006247362787225733,intermediate
16336843,16340892,16338867,0.032239249788251365,0.003380451500578096,baseline
16340899,16345620,16343259,0.026146592424610104,0.0021861668678059966,baseline
16345623,16349166,16347394,-0.028890458648828853,0.009290975760715914,intermediate
16349169,16352305,16350737,0.02005334177398181,0.004665012123918529,baseline
16352311,16355460,16353885,0.035208106721309404,0.002915378097696307,baseline
16355461,16358680,16357070,0.0011086528192129608,0.0017695651837723147,baseline
16358682,16361950,16360316,-0.026307963932084275,0.005611049218929955,intermediate
16361955,16366987,16364471,0.03443070239684693,0.0013026778185678586,baseline
16366990,16370630,16368810,0.01723412457261687,0.0031813647010054185,baseline
16370641,16374209,16372425,-0.08442268289240543,0.012117848128022284,outlier
16374210,16377772,16375991,0.0006423524061791124,0.004537646220676316,baseline
16377775,16382060,16379917,-0.04447119223811028,0.010034398282173628,intermediate
16382065,16386813,16384439,0.03682355618686582,0.0026229409114356854,baseline
16386814,16390571,16388692,-0.10955730159904133,0.0109703727346352,outlier
16390573,16394025,16392299,-0.08112353762262255,0.0053174097729357574,outlier
16394026,16398403,16396214,0.031021441013351813,0.00309203326109081,baseline
16398405,16408623,16403514,-0.05342935344483185,0.011831472422609044,intermediate
16408642,16414417,16411529,-0.025232995751199985,0.010342731662343238,intermediate
16414418,16417927,16416172,0.015323187059222323,0.005829333849137273,baseline
16417928,16422151,16420039,-0.0034791983810597846,0.00428261893925948,baseline
16422152,16428520,16425336,0.03817249081999991,0.0019243351542029869,baseline
16428522,16433146,16430834,0.0021402001024952402,0.004821267036701334,baseline
16433148,16438395,16435771,-0.011516631998962738,0.009231038473533187,intermediate
16438396,16442710,16440553,0.02419859373783733,0.004535819532932267,baseline
16442717,16448037,16445377,-0.09215975252238695,0.008852265219723375,outlier
16448054,16452678,16450366,-0.14970146009886798,0.021020623706467505,outlier
16452685,16456835,16454760,0.03590873919270792,0.0031421727261695133,baseline
16456836,16461702,16459269,-0.02217011178679782,0.005977688985331008,intermediate
16461704,16468137,16464920,-0.028591051674144333,0.009985162199757513,intermediate
16468139,16471739,16469939,-0.05034182181550829,0.007038985462602191,intermediate
16471741,16475659,16473700,0.03717614040073963,0.0034358916543188937,baseline
16475662,16481665,16478663,0.03880862413804588,0.0025520269353125524,baseline
16481668,16485645,16483656,-0.0401472126312803,0.00620255839672374,intermediate
16485646,16489619,16487632,0.0061667073413459545,0.00889942511841526,baseline
16489622,16493466,16491544,0.011747639502017675,0.005516280517541293,baseline
16493472,16498199,16495835,-0.006271050691615641,0.007069399818554177,intermediate
16498200,16503394,16500797,0.020354702805472247,0.0026901734133616315,baseline
16503395,16506506,16504950,-0.0018437717689251487,0.005636893497842765,baseline
16506508,16511834,16509171,-0.005047295571622106,0.00013789158891555154,intermediate
16511836,16519646,16515741,-0.0023120823637669,-0.0016937284834434745,baseline
16519647,16526524,16523085,0.028651942999156892,0.002196130615436834,baseline
16526525,16531133,16528829,0.03357946446335219,0.0036097237119207736,baseline
16531144,16536997,16534070,0.022537633746589836,0.0028420618544920864,baseline
16536999,16540494,16538746,-0.047423938465597046,0.00028633029970802186,intermediate
16540497,16544522,16542509,0.041029486752640405,0.0020540344637643366,baseline
16544525,16548285,16546405,0.007277286778927763,0.005141720354928738,baseline
16548288,16552548,16550418,-0.04108137102779451,0.0013970156532007727,intermediate
16552552,16556279,16554415,-0.1207420870131186,0.006840502084164392,outlier
16556283,16559390,16557836,-0.13539766513215062,0.014240947945191894,outlier
16559391,16563182,16561286,-0.16841463969914713,0.028379090038452088,outlier
16563186,16567305,16565245,-0.10582633376904016,0.010709754497177109,outlier
16567309,16570443,16568876,-0.03758164161533875,0.005184349568458541,intermediate
16570445,16574948,16572696,0.03169136388165524,0.002890999483755863,baseline
16574949,16579367,16577158,0.02262006895553296,0.0029857586861712533,baseline
16579368,16582760,16581064,0.01649810852791369,0.006582025163005572,baseline
16582761,16587234,16584997,-0.09965113776628855,0.006720128666809241,outlier
16587242,16591269,16589255,-0.09960877010497184,0.01955759275953603,outlier
16591276,16594898,16593087,-0.07198355975841933,0.008417447251168319,intermediate
16594899,16598786,16596842,-0.08123975950139806,0.010534699752336693,outlier
16598787,16602661,16600724,-0.08064545274876156,0.008220295725365647,outlier
16602665,16607036,16604850,0.003913426168996156,0.004559166673906671,baseline
16607037,16610164,16608600,-0.07764677281701166,0.014530147749575686,intermediate
16610171,16614158,16612164,-0.0982278165825919,0.012925592450724508,outlier
16614163,16617462,16615812,-0.09511402755248964,0.00987717930005604,outlier
16617463,16622170,16619816,-0.061888164035825595,0.005564691782850824,intermediate
16622177,16625738,16623957,-0.021067334128356235,0.005985239786215672,intermediate
16625739,16629977,16627858,-0.0296903840727434,0.002878419870771836,intermediate
16629982,16633599,16631790,0.027807314722836644,-3.890143698653726e-05,baseline
16633601,16637295,16635448,-0.024356086159974595,0.008409706480204128,intermediate
16637297,16640413,16638855,0.009395977889209614,0.0011118586619296637,baseline
16640414,16644150,16642282,0.019940070742431003,0.004721682792707714,baseline
16644151,16647601,16645876,0.028018032451407535,0.0058785731519426865,baseline
16647606,16651011,16649308,-0.005027574515737614,0.005568207493438095,intermediate
16651014,16654790,16652902,0.03394972276211542,0.0011075362545729702,baseline
16654800,16658571,16656685,-0.08744475796330631,0.005759076678874851,outlier
16658572,16662277,16660424,-0.037624232847356096,0.002208344094495916,intermediate
16662278,16666105,16664191,-0.1786519718087853,0.011617904829627152,outlier
16666113,16669618,16667865,-0.04145583817055443,0.00017077539410176177,intermediate
16669620,16672915,16671267,-0.05096025174307794,0.0016176107812833857,intermediate
16672920,16676895,16674907,-0.041165208335413886,-0.002890746765174547,intermediate
16676897,16680951,16678924,-0.013813809523029118,-0.0008090783241760298,intermediate
16680952,16684994,16682973,-0.03388013424662031,0.0030215567094472665,intermediate
16684997,16688380,16686688,-0.006043580597858428,0.0052142124966922465,intermediate
16688381,16693586,16690983,-0.06870321597405459,0.005889510011270816,intermediate
16693589,16698159,16695874,0.004787164929921391,0.006352397605180284,baseline
16698160,16702102,16700131,0.04043979398639138,0.0013886811535649786,baseline
16702109,16706566,16704337,0.013810470509378612,0.0006352346998841803,baseline
16706572,16709944,16708258,-0.04725386120632229,0.012685535319086946,intermediate
16709945,16713585,16711765,-0.0959045150610398,0.01557161235657618,outlier
16713586,16717115,16715350,-0.11194510131838031,0.01711457353057255,outlier
16717117,16721647,16719382,-0.09742614198676208,0.005801971917938255,outlier
16721648,16725141,16723394,-0.08843992327530673,0.01173687763683715,outlier
16725143,16728807,16726975,-0.10163315532569145,0.016473327791497197,outlier
16728809,16732916,16730862,0.02740657121843887,0.004253806589496493,baseline
16732917,16736805,16734861,-0.010195497278366487,0.0048653584394308036,intermediate
16736806,16741567,16739186,-0.013546073955670035,0.007868043675964276,intermediate
16741569,16746773,16744171,0.02014675979561899,0.0032137870458682203,baseline
16746774,16749884,16748329,-0.01882922454971308,0.006673551581126672,intermediate
16749886,16753281,16751583,-0.05853158861757879,0.0014756798275231842,intermediate
16753286,16756803,16755044,0.03804036406422131,0.0027973322525653966,baseline
16756804,16760614,16758709,-0.08264368857944365,0.010796890220303876,outlier
16760618,16764582,16762600,-0.008615414224084947,0.0016635764109657325,intermediate
16764584,16768699,16766641,-0.037499882431047904,0.004915951521311635,intermediate
16768700,16772494,16770597,0.0021012364302019915,-0.0011527636098259885,baseline
16772495,16776137,16774316,-0.02323464919903843,0.00021289459422313645,intermediate
16776138,16780901,16778519,-0.03620993916412408,0.005027851493459849,intermediate
16780902,16784376,16782639,0.010494072177526724,0.0037364234051199935,baseline
16784381,16787966,16786173,-0.04381119831338823,0.009545379927794523,intermediate
16787968,16791584,16789776,-0.02901384585647096,0.008377203244421223,intermediate
16791587,16794866,16793226,0.023391531512397742,0.005010337626848683,baseline
16794869,16798873,16796871,-0.029420152870369292,0.009688261811121934,intermediate
16798874,16806684,16802779,0.03735843777890458,-0.0004781898180325793,baseline
16806688,16811088,16808888,0.013880567179489264,0.0027372733204172033,baseline
16811090,16814873,16812981,-0.006198280157924385,0.0003599764816573363,intermediate
16814874,16819252,16817063,-0.0524578526378425,0.014696159040978669,intermediate
16819253,16823971,16821612,-0.02133298707030623,0.009275153172519236,intermediate
16823977,16827875,16825926,-0.004222125911673335,0.007502760415618696,intermediate
16827876,16830951,16829413,-0.02443917806145241,0.008334035413037375,intermediate
16830952,16838820,16834886,-0.018738801033023608,0.0068845041687046644,intermediate
16838821,16848002,16843411,-0.07904620129759325,0.004674810031733692,intermediate
16848003,16857794,16852898,0.017497680508028655,0.006868258476035655,baseline
16857795,16864895,16861345,-0.010094659916773987,0.004617358024907609,intermediate
16864900,16868505,16866702,0.005436968615497244,0.00374234938250182,baseline
16868509,16872423,16870466,0.03844517329765634,0.003490966196120001,baseline
16872426,16876449,16874437,0.0273572539299594,0.004009808912125691,baseline
16876460,16880030,16878245,-0.017660308180169976,-0.0015094683037139365,intermediate
16880031,16884147,16882089,-0.21665272758384704,0.008770744848442324,outlier
16884149,16904394,16894271,0.03253996636122214,0.0006928064601968607,baseline
16904397,16916213,16910305,0.014271512231707239,0.0018764739350953712,baseline
16916217,16919633,16917925,0.014442769221289519,0.002825194357651213,baseline
16919635,16925977,16922806,-0.0536286539123413,0.007122746986623959,intermediate
16925978,16933013,16929495,-0.03161592570661551,0.007024690577608825,intermediate
16933015,16957490,16945252,0.0022895856448313344,0.003985944143706964,baseline
16957494,16964520,16961007,0.02617302559846879,0.00446413001103309,baseline
16964536,16967944,16966240,-0.023323983830965983,0.007482370094524495,intermediate
16967946,16971539,16969742,-0.0030517265601027704,0.004388792513091587,baseline
16971544,16974459,16973001,-0.029815794348279395,0.010144425540389537,intermediate
16974460,16978769,16976614,-0.017990415547826946,0.004381763161633258,intermediate
16978770,16983382,16981076,0.02856316655011294,0.0010778944393947793,baseline
16983386,16988347,16985866,0.03263472666546936,0.002025941674941996,baseline
16988349,16993884,16991116,0.007974454377359679,-0.0027545056793137884,baseline
16993885,16998050,16995967,-0.032808377588344664,0.003130088727704869,intermediate
16998054,17001544,16999799,0.0002033877185068402,0.0012557975373517095,baseline
17001546,17010483,17006014,-0.07718962328843167,0.014348231387273624,intermediate
17010487,17015505,17012996,0.014668636018516553,0.003570978298567148,baseline
17015516,17019588,17017552,-0.009007462963891492,0.004029030283384255,intermediate
17019589,17023055,17021322,0.022133310147878008,0.0037679565436106823,baseline
17023057,17029218,17026137,-0.008296678416026534,0.004557508471990046,intermediate
17029219,17034838,17032028,-0.005894452589119313,0.006400355208016277,intermediate
17034840,17039634,17037237,-0.06362852107738748,0.001517791530460071,intermediate
17039635,17043145,17041390,0.025079054043814858,0.003699097441482889,baseline
17043147,17046338,17044742,0.036102156069042976,0.001671797209719649,baseline
17046347,17049545,17047946,-0.0324880200227803,0.004142484138968178,intermediate
17049546,17053692,17051619,-0.004844751457334148,0.006727063557779855,intermediate
17053693,17058429,17056061,0.0075125626158463995,0.0018565967271040884,baseline
17058433,17061803,17060118,0.0191214141994073,0.003319380594435236,baseline
17061804,17067036,17064420,0.004478339027694628,0.001990850388726897,baseline
17067038,17072495,17069766,0.010104775879037929,0.002421395096262803,baseline
17072503,17075931,17074217,-0.029436953268847762,0.008307734927714508,intermediate
17075935,17080811,17078373,-0.07940049327535714,0.011596853545659383,intermediate
17080818,17089493,17085155,-0.07456636111157137,0.007094099227443707,intermediate
17089497,17093708,17091602,-0.0953563147442589,0.013188244206699295,outlier
17093711,17100354,17097032,0.013158815673397472,0.002412558352664527,baseline
17100355,17107934,17104144,-0.004048327005988834,0.0023378050967179536,intermediate
17107939,17118895,17113417,0.011468313843297103,0.005985586679834507,baseline
17118898,17122661,17120779,0.04185949448695659,0.0027335228559740546,baseline
17122662,17126217,17124439,0.019352667833615875,0.0031709126461844863,baseline
17126219,17129890,17128054,-0.08511819462118057,0.009900784840336248,outlier
17129893,17133564,17131728,-0.028957468513386524,0.010038255812180649,intermediate
17133569,17137372,17135470,-0.0885770995229984,0.012985284885694255,outlier
17137375,17141346,17139360,0.015258643052500331,0.0038435337602954673,baseline
17141349,17148281,17144815,0.0018458149414042923,0.00525578967938041,baseline
17148286,17153328,17150807,-0.009502264489333402,0.000354215442514397,intermediate
17153330,17157050,17155190,0.035548145737220635,0.0028246059933135503,baseline
17157055,17161447,17159251,-0.04072616567937161,0.0028653609247713736,intermediate
17161450,17166039,17163744,-0.039498054856346235,0.009021574572539132,intermediate
17166042,17170036,17168039,-0.03455325033816467,0.009165224134923461,intermediate
17170038,17173770,17171904,-0.008190366017842144,0.0021763165553984466,intermediate
17173780,17177402,17175591,0.019163980509790488,0.002038299768110964,baseline
17177403,17180661,17179032,0.014633497438412392,0.005445476250610721,baseline
17180662,17183923,17182292,-0.028169579507687524,0.004738518967618792,intermediate
17183931,17188381,17186156,0.013696812141229836,0.00604856662273258,baseline
17188383,17192011,17190197,-0.015440650021503332,0.007379493081978864,intermediate
17192012,17195051,17193531,0.00263314712486266,0.0033992705055932693,baseline
17195059,17198343,17196701,0.01253861761382683,-0.0005980444890565235,baseline
17198344,17201620,17199982,0.027628683817593522,0.005096564257367487,baseline
17201622,17205223,17203422,0.029912229773932545,0.0036948856322263934,baseline
17205236,17208591,17206913,0.023799505782846387,0.0053670369448984775,baseline
17208610,17212308,17210459,-0.050497665573737346,0.006490359865777744,intermediate
17212311,17216200,17214255,0.0026511408085425764,0.0023690097296521807,baseline
17216203,17223233,17219718,-0.001484327071242694,0.006052046117529298,baseline
17223236,17233206,17228221,-0.05192873551850484,0.011623674132411686,intermediate
17233207,17236659,17234933,-0.06773418690900329,0.014776265654035978,intermediate
17236660,17239833,17238246,-0.0424110880368171,0.010151687532825804,intermediate
17239835,17245287,17242561,0.02188350369310633,0.004808538749202507,baseline
17245289,17248826,17247057,0.00013056406592513287,0.008354575640337399,baseline
17248827,17252549,17250688,-0.012675622685826216,0.009469719660821873,intermediate
17252551,17256112,17254331,-0.035749005334953385,0.00789892881417358,intermediate
17256116,17259531,17257823,0.02734064415782811,0.00033915307678709965,baseline
17259532,17265690,17262611,0.005759762506880002,0.0036082645695976793,baseline
17265692,17269391,17267541,-0.02898793657102516,0.004702146028276974,intermediate
17269397,17275704,17272550,-0.102667148579576,0.006402152393522199,outlier
17275711,17280903,17278307,-0.016149817546655475,0.005075176743880134,intermediate
17280905,17284013,17282459,-0.046769650525769015,0.012161966893757242,intermediate
17284014,17289664,17286839,0.007390979023168956,0.005625790026265015,baseline
17289668,17295406,17292537,-0.06267681318071805,0.007645795541777489,intermediate
17295410,17304667,17300038,-0.07971886697825958,0.01204660765871746,outlier
17304668,17308081,17306374,0.011942647702066767,0.0043956711095540345,baseline
17308082,17311775,17309928,-0.03892223604959966,0.008760906902593136,intermediate
17311785,17318955,17315370,0.0364993005725285,0.0010749915524710346,baseline
17318958,17322286,17320622,0.033682944622705185,0.0033581654380566307,baseline
17322289,17325289,17323789,0.03332169322128378,0.00147453710610046,baseline
17325290,17329295,17327292,0.02451533069598463,0.004661602618472088,baseline
17329298,17332662,17330980,-0.039668188104411736,0.006553184848858821,intermediate
17332670,17335888,17334279,0.004448245138428806,0.004085325370836379,baseline
17335889,17339294,17337591,-0.020552326255619,0.00797852055139342,intermediate
17339303,17345819,17342561,0.017614059342492258,0.0015940149844637915,baseline
17345820,17349109,17347464,-0.006325969900130758,0.009098900797777587,intermediate
17349110,17351975,17350542,-0.04873840997452665,0.01366529474245641,intermediate
17351977,17357526,17354751,0.01897191916408995,0.0048319935419840485,baseline
17357527,17360832,17359179,0.013537468745979471,0.006836302068706554,baseline
17360833,17365134,17362983,0.04185352063606596,0.0008425591823950726,baseline
17365139,17368830,17366984,0.009745693767185416,0.006301151159579006,baseline
17368833,17372149,17370491,-0.04030261660052856,0.011018385016578716,intermediate
17372152,17376839,17374495,-0.04350201133779074,0.0074118134641234555,intermediate
17376844,17382702,17379773,0.0178236179822478,0.001572890617906364,baseline
17382708,17388977,17385842,-0.049838223029800115,0.010455305636153989,intermediate
17388978,17394637,17391807,0.005541429163194761,0.008713477867151894,baseline
17394644,17400636,17397640,-0.048369104764987875,0.0067409665331188,intermediate
17400638,17403959,17402298,-0.03610473233408299,0.009622010520676166,intermediate
17403963,17412602,17408282,0.008222079058640221,0.0057340131100017564,baseline
17412603,17417373,17414988,-0.05798319599183806,0.007598231145989546,intermediate
17417374,17422207,17419790,-0.13291736167649593,0.0152065538369837,outlier
17422213,17427989,17425101,0.003009949792663305,0.006341712690886516,baseline
17427990,17432020,17430005,-0.0012181058485162858,0.004181494115228219,baseline
17432021,17435407,17433714,0.02809780511713181,0.00548680480340824,baseline
17435410,17438774,17437092,0.021621388731410687,0.0023796918789757903,baseline
17438777,17442893,17440835,0.010387144350598258,0.008669073737845607,baseline
17442896,17446725,17444810,0.0013955497139381489,0.004546763871874197,baseline
17446728,17450345,17448536,-0.12682636133386987,0.020669849221898517,outlier
17450346,17456297,17453321,-0.17902682167456282,0.0254958578426248,outlier
17456300,17459475,17457887,0.03593464618265567,0.005352643417092332,baseline
17459476,17462715,17461095,-0.14135753082321265,0.017890076975266955,outlier
17462718,17466689,17464703,-0.05047726097581032,0.007580335895712753,intermediate
17466690,17470100,17468395,0.004658073597776187,0.006681238975256802,baseline
17470103,17473908,17472005,0.03843860100714689,0.0030190135136445332,baseline
17473913,17477142,17475527,-0.07860014654837484,0.006709189748017573,intermediate
17477143,17480304,17478723,-0.10605527798229426,0.017200291023982982,outlier
17480306,17483586,17481946,0.03367747854118653,0.0041274558722089755,baseline
17483589,17486813,17485201,0.02024068642588938,0.0028436557482881134,baseline
17486817,17490288,17488552,0.015561481908994595,0.005242225050972017,baseline
17490300,17493418,17491859,0.011946215862714745,0.007814142389408375,baseline
17493421,17496641,17495031,0.02415141308042066,0.003756426645604896,baseline
17496643,17499730,17498186,0.015852433722586216,0.003697473538331008,baseline
17499733,17504888,17502310,0.04065211496958237,0.002679363498244276,baseline
17504891,17508288,17506589,-0.018407241939250186,0.007750922380285264,intermediate
17508289,17511581,17509935,-0.03392015882193547,0.013008028426664783,intermediate
17511582,17515448,17513515,-0.14827748990879402,0.024701767559155683,outlier
17515456,17519139,17517297,-0.09943282678407653,0.013505339202062728,outlier
17519140,17522799,17520969,-0.05805910526942001,0.01144661634780777,intermediate
17522809,17526299,17524554,0.03779291024966008,0.002191096610857098,baseline
17526302,17531857,17529079,-0.06306682043249162,0.016511579677813346,intermediate
17531858,17535735,17533796,0.024143513543928928,0.004057819469913104,baseline
17535744,17539759,17537751,0.02634352609009378,0.005220325962380639,baseline
17539764,17543134,17541449,-0.05214340931933458,0.008763416012033318,intermediate
17543142,17547421,17545281,0.029839920975004118,0.0016430697233796403,baseline
17547422,17551746,17549584,0.03780519884340018,0.0018476490514558693,baseline
17551750,17555831,17553790,0.008762226530451209,0.006308098480917218,baseline
17555835,17559527,17557681,0.001045659390755714,0.0048065921318486355,baseline
17559528,17563176,17561352,-0.042035724210526385,0.012060890877869154,intermediate
17563179,17566534,17564856,0.03565927212170129,0.0034703161012365714,baseline
17566537,17570292,17568414,-0.017192934250101797,0.0067168530988793865,intermediate
17570293,17575066,17572679,0.013185056930523485,0.005765107396349582,baseline
17575087,17579923,17577505,0.031883166520528756,0.0019078564641815405,baseline
17579924,17583788,17581856,0.02785722728686135,0.0059043504292293405,baseline
17583792,17587693,17585742,-0.005395485112947024,0.005187541299282536,intermediate
17587700,17591555,17589627,0.0016462023597042384,0.0035504805353667396,baseline
17591557,17594905,17593231,-0.04955363069441919,0.012427833279121137,intermediate
17594906,17598165,17596535,-0.012277220557762097,0.0074260675158872745,intermediate
17598166,17603012,17600589,0.030970265202489442,0.0002438357959617184,baseline
17603018,17606766,17604892,0.0414019113564148,0.002344357395392104,baseline
17606775,17610604,17608689,0.0075161791294215,0.006192311908446542,baseline
17610605,17615043,17612824,-0.03436297328821546,0.011339187109478469,intermediate
17615044,17620297,17617670,0.0033000316473222155,0.0058800454533975335,baseline
17620302,17623752,17622027,-0.029326787665556846,0.013577265647958069,intermediate
17623753,17627455,17625604,0.025048764561961014,0.006308257769294254,baseline
17627456,17631018,17629237,0.014374443943313482,0.0056401185472107025,baseline
17631023,17635420,17633221,-0.06627650411585295,0.01960827962971338,intermediate
17635423,17639810,17637616,-0.022674680579880903,0.010272932338725213,intermediate
17639814,17643678,17641746,-0.015973021598282768,0.005367487318042482,intermediate
17643681,17648742,17646211,-0.01878486277757484,0.010213998516626977,intermediate
17648745,17654615,17651680,0.02309985401176881,0.004129598055787375,baseline
17654617,17658307,17656462,-0.006165244520277324,-0.000508797575282151,intermediate
17658308,17662288,17660298,-0.0389514357085133,0.003188200883910919,intermediate
17662289,17667022,17664655,-0.05849502959715033,0.0074788447280652575,intermediate
17667023,17670546,17668784,0.027766229014347613,0.0035288877724395148,baseline
17670547,17673726,17672136,-0.045287110992084094,0.011795896895359644,intermediate
17673730,17677681,17675705,-0.08861806379658523,0.012130891986914643,outlier
17677687,17682042,17679864,-0.030099108436373763,-0.0016282237192749632,intermediate
17682060,17685481,17683770,0.024165482994009425,0.004390509584160626,baseline
17685485,17689185,17687335,-0.10457665229461773,0.01687832242183755,outlier
17689187,17694781,17691984,-0.01821114794004246,0.005510441403886933,intermediate
17694782,17698678,17696730,0.035104769325444735,0.00264001203758783,baseline
17698679,17702707,17700693,0.04074296674189518,0.0007725511930840308,baseline
17702716,17707075,17704895,0.01601411592868607,0.0008884199631038611,baseline
17707076,17710492,17708784,-0.022893398099692996,0.007912934850184296,intermediate
17710496,17713677,17712086,0.031724196213774786,0.0031336826268683945,baseline
17713681,17716794,17715237,-0.06240746287725203,0.006490781188037516,intermediate
17716799,17721132,17718965,0.01122313037640481,0.0030900129341514923,baseline
17721133,17726368,17723750,0.017053448954728663,-0.004708551302683856,baseline
17726369,17730191,17728280,0.02286545213553699,0.001354798989287584,baseline
17730193,17733977,17732085,0.020405972922990206,0.002335635830216255,baseline
17733980,17737244,17735612,0.032320027799793975,0.0042507153544203684,baseline
17737248,17740306,17738777,0.01774985037752425,0.0023793829732365957,baseline
17740309,17743500,17741904,-0.03304875063488552,0.004988366293427592,intermediate
17743501,17746624,17745062,0.007764640352126854,0.003080764276097724,baseline
17746625,17749724,17748174,-0.039112770395544096,0.0076088314539921485,intermediate
17749725,17753091,17751408,0.032489557341555696,0.0015003429572295298,baseline
17753102,17756457,17754779,0.01697856216353157,0.005428202105362339,baseline
17756458,17760329,17758393,0.038992431355543436,0.00322907615410378,baseline
17760330,17763468,17761899,0.016384224073002027,0.0026648286347389,baseline
17763470,17766918,17765194,0.04277824781847474,0.0018899134687218612,baseline
17766920,17770838,17768879,0.033305813377113136,0.0009257510890842663,baseline
17770849,17774788,17772818,0.03902739173068784,0.0011611505856924296,baseline
17774792,17778859,17776825,-0.022770047029392098,0.004376783288902211,intermediate
17778860,17782766,17780813,-0.06997088023563174,0.00646532727595095,intermediate
17782767,17786372,17784569,-0.10166373211380875,0.014590969545801564,outlier
17786376,17791134,17788755,-0.05994222404698986,0.011704667524803225,intermediate
17791135,17794716,17792925,0.03492527077330201,0.0002111911452956094,baseline
17794718,17797877,17796297,0.038851757575477264,0.0018304493186598499,baseline
17797880,17801726,17799803,-0.0073515736540570665,0.007618465883684207,intermediate
17801728,17806266,17803997,0.03918143079116006,0.00038213046763167476,baseline
17806267,17809313,17807790,0.03523024121418518,0.0019954067445230026,baseline
17809315,17812620,17810967,0.03503233842298084,0.0036495721390980423,baseline
17812624,17816285,17814454,-0.026008948064292527,0.006893674009840382,intermediate
17816287,17820368,17818327,-0.02079559952427226,0.002130519095456717,intermediate
17820369,17823804,17822086,0.004595112909133258,0.005072272330907719,baseline
17823805,17827891,17825848,-0.044460392908891026,0.012833720306603113,intermediate
17827892,17832399,17830145,-0.031236076509439718,0.00978926865032393,intermediate
17832400,17836137,17834268,-0.03132722078233569,0.011212501212035531,intermediate
17836138,17841063,17838600,-0.03261850937559263,0.005007325251638862,intermediate
17841064,17844838,17842951,-0.04858532349596573,0.015861745933185612,intermediate
17844842,17852759,17848800,0.009725350096688921,0.004925285297405029,baseline
17852762,17858339,17855550,-0.0491954477431694,0.004695822125658989,intermediate
17858340,17862622,17860481,-0.08045635758608463,0.016472253615655654,outlier
17862626,17867932,17865279,0.004968066286391,0.0070536293109039324,baseline
17867937,17871010,17869473,-0.03324846928015107,0.011153779986596515,intermediate
17871011,17874433,17872722,-0.09461155021135975,0.020014478001397204,outlier
17874434,17877922,17876178,-0.13898608397047335,0.027586727909977942,outlier
17877926,17881270,17879598,-0.09561873819502469,0.016182447758718427,outlier
17881271,17884482,17882876,-0.023542342477358535,0.011124951847415503,intermediate
17884484,17887598,17886041,-0.15255657970617742,0.025504909183117343,outlier
17887603,17890707,17889155,-0.10635784758931742,0.01496455538598335,outlier
17890709,17893948,17892328,-0.0036290675127593265,0.0083289380544488,intermediate
17893951,17897146,17895548,0.04187949088364004,0.0008754425310098818,baseline
17897152,17901297,17899224,0.017666909347794052,0.0032824585849517253,baseline
17901300,17904455,17902877,-0.061034002411354725,0.01575814491152803,intermediate
17904456,17907593,17906024,0.024939204396761554,0.00461396744668025,baseline
17907597,17910651,17909124,0.01066819981590307,0.005514405181699731,baseline
17910654,17915217,17912935,-0.08072697164347563,0.008958455503489098,outlier
17915218,17919785,17917501,-0.13243468155274557,0.019692385072651974,outlier
17919788,17926819,17923303,-0.08513135168750553,0.016608709460252006,outlier
17926822,17932936,17929879,-0.11857999714617676,0.015512147053102568,outlier
17932937,17937061,17934999,-0.04755872187262917,0.016676017407913257,intermediate
17937063,17940685,17938874,0.028268204024250575,0.0038976986811476363,baseline
17940700,17944125,17942412,-0.02888038778124701,0.01311909527946384,intermediate
17944126,17947623,17945874,0.014887453936442776,0.007392588306695061,baseline
17947627,17951949,17949788,0.006239508449404651,0.005118678697821907,baseline
17951950,17955243,17953596,-0.02818503720838542,0.003487152464011006,intermediate
17955249,17958805,17957027,0.03787682072364893,0.0020676673431437244,baseline
17958806,17963040,17960923,-0.022229653990011058,0.002072341982437778,intermediate
17963042,17966271,17964656,-0.08767749626089427,0.008764401059255852,outlier
17966275,17969867,17968071,0.0194575228047782,-0.0010560078997812064,baseline
17969868,17973688,17971778,-0.09053664440574333,0.010857533493946359,outlier
17973692,17977355,17975523,-0.05325929720908411,0.006419541779202705,intermediate
17977359,17980385,17978872,-0.06883641229615478,0.005148155951359719,intermediate
17980386,17983501,17981943,-0.1951181964414928,0.016377839593321498,outlier
17983522,17986669,17985095,-0.12742150785795503,0.010627407635830779,outlier
17986670,17989864,17988267,-0.09518794578967182,0.015486550858885261,outlier
17989872,17993554,17991713,0.02262434751657243,0.006084911712570693,baseline
17993555,17996663,17995109,-0.10538408550604511,0.019518965103330975,outlier
17996667,17999765,17998216,0.00741224046317256,0.005050726444203961,baseline
17999780,18002805,18001292,0.0072984990075690296,0.006071076276038668,baseline
18002806,18005860,18004333,0.024742315401533467,0.0005997184666044488,baseline
18005864,18008911,18007387,-0.04135013635273792,0.012941260577378792,intermediate
18008912,18011901,18010406,0.017137669802620256,0.004461181387024847,baseline
18011907,18015009,18013458,0.014615475010179003,0.005532278776099446,baseline
18015010,18017971,18016490,-0.032201015585789396,0.011132506658071004,intermediate
18017974,18021283,18019628,0.02372756786289622,0.004468363903628926,baseline
18021285,18024404,18022844,-0.09308462620553075,0.01044357152695562,outlier
18024405,18027441,18025923,-0.09864916215236623,0.01716102767476738,outlier
18027442,18030579,18029010,0.023444000602716036,0.005201054239031541,baseline
18030585,18033820,18032202,-0.04225744916607597,0.011191039579752758,intermediate
18033822,18036821,18035321,-0.03689358941723655,0.009463048358089095,intermediate
18036832,18039994,18038413,-0.023896780611861432,0.005343872127154505,intermediate
18040000,18043304,18041652,0.018455240105614758,0.004830169480969957,baseline
18043306,18046440,18044873,-0.05515929441621223,0.006938806153911743,intermediate
18046442,18049962,18048202,0.03798303215523851,0.0025501302401775812,baseline
18049965,18053184,18051574,0.03857988655647753,0.002332667693017797,baseline
18053186,18059158,18056172,-0.0018619622814439706,0.008630643052592674,baseline
18059164,18063071,18061117,0.01061343966639571,0.007904127116424948,baseline
18063072,18066485,18064778,0.03586879744666125,0.0018715591794012732,baseline
18066489,18071824,18069156,0.027979251306255355,0.005212790368273301,baseline
18071825,18077358,18074591,0.033575992147939625,0.004365928295748712,baseline
18077360,18083116,18080238,0.03718897488128379,0.0025520768218306863,baseline
18083118,18088601,18085859,0.02213723852525613,0.0005572643679090018,baseline
18088604,18092876,18090740,0.023036361458298706,0.004170365205750832,baseline
18092879,18099106,18095992,0.04238711176135732,0.002205027447927148,baseline
18099107,18109473,18104290,0.010993875010788889,0.005905010490809238,baseline
18109481,18113147,18111314,0.03492865309416866,0.002929255628361342,baseline
18113148,18116347,18114747,0.04023119559928049,0.0003814133881522584,baseline
18116349,18120377,18118363,0.02451509039075879,0.002370489985118953,baseline
18120378,18127633,18124005,0.03416161530079391,-0.0006487230275485331,baseline
18127638,18131398,18129518,0.019057063165195915,0.0037986870938128614,baseline
18131399,18134708,18133053,-0.01727611052869879,0.010440582027394561,intermediate
18134715,18138301,18136508,0.03223731680281437,0.0030583472389625497,baseline
18138311,18141708,18140009,0.015858374695262956,0.004433530174270073,baseline
18141709,18145173,18143441,0.04133448601262621,0.002151854161746082,baseline
18145174,18148121,18146647,0.0030284834099405292,0.0019932751170717417,baseline
18148124,18151195,18149659,0.00349402974483346,0.004096106245841405,baseline
18151200,18154877,18153038,-0.04645144698163811,0.007499664587900879,intermediate
18154878,18158188,18156533,-0.00959028921732225,0.008592859391842556,intermediate
18158196,18161686,18159941,0.039429792450969794,0.0009638024514068829,baseline
18161690,18165108,18163399,0.017638280809401923,0.006365584610174549,baseline
18165109,18169626,18167367,0.03531877365346438,0.0021060493770468825,baseline
18169629,18172949,18171289,0.014450482435952977,0.005703826899590054,baseline
18172950,18176335,18174642,0.03838794525499677,0.0021884824658587065,baseline
18176340,18179369,18177854,0.03747823911955696,0.0022269085378447346,baseline
18179370,18182941,18181155,0.00019676264739821252,0.004821833940601892,baseline
18182952,18187167,18185059,0.03981788689468817,0.002691516941595712,baseline
18187178,18190455,18188816,0.0349475808705735,0.0019563027322075247,baseline
18190460,18193654,18192057,0.03782472002366987,0.00284014092403936,baseline
18193659,18196904,18195281,-0.025138329048479374,0.007620299815444496,intermediate
18196905,18200836,18198870,0.022537459798033867,0.00419195920504664,baseline
18200837,18205354,18203095,-0.00017709597177524802,0.008619754034568737,baseline
18205356,18208542,18206949,-0.07285747434533009,0.014590221249914308,intermediate
18208544,18211825,18210184,0.006263084542560761,0.0034871735204650024,baseline
18211826,18215585,18213705,0.0012106346930221435,0.004317164811655481,baseline
18215592,18221704,18218648,0.03181321295142261,0.00433660490332897,baseline
18221705,18225318,18223511,0.0415856575202858,0.0009996099708762661,baseline
18225322,18228635,18226978,0.021729906906975842,0.0006208652083975139,baseline
18228639,18231698,18230168,0.02245794384614475,0.0046032637310991775,baseline
18231700,18234983,18233341,0.03032475356452516,0.0027706376042351444,baseline
18234984,18238303,18236643,-0.040598890494649396,0.009551089584106326,intermediate
18238306,18241814,18240060,0.02609482493029922,0.002289781298605485,baseline
18241819,18244939,18243379,-0.0043816351159159245,0.0035327029425012944,intermediate
18244941,18248202,18246571,0.016904095032035483,0.0071465156662269885,baseline
18248203,18251607,18249905,-0.02932009485119974,0.007303196113438853,intermediate
18251608,18255051,18253329,0.016480568153220375,0.006073969094239579,baseline
18255054,18258300,18256677,-0.05071803390893237,0.00933022172947355,intermediate
18258301,18261434,18259867,-0.06502938613892176,0.015814602597330186,intermediate
18261435,18264476,18262955,-0.04756066691006869,0.010324374940206306,intermediate
18264479,18267729,18266104,0.02453433337222962,0.004466311273306953,baseline
18267735,18270782,18269258,0.021119178774726823,0.004173564098369725,baseline
18270784,18274200,18272492,0.03480249659666853,0.003392666729172741,baseline
18274202,18277697,18275949,0.03383291368713682,0.0025977000423076557,baseline
18277698,18281240,18279469,-0.005255184579776262,0.006368933135829541,intermediate
18281242,18284824,18283033,0.003731366917109327,0.0020808835500987625,baseline
18284830,18287929,18286379,0.03427969063970508,0.0029185045065251063,baseline
18287930,18291291,18289610,-0.002032561517563863,0.004032815865757082,baseline
18291292,18296506,18293899,0.019003628916609457,0.004135541991281533,baseline
18296512,18305200,18300856,0.01641073305057292,0.0016692630968734015,baseline
18305202,18309185,18307193,0.02827152816540479,0.001620500939529945,baseline
18309187,18314339,18311763,0.026290408030466922,0.0024871263849402998,baseline
18314351,18318034,18316192,0.00673292723118222,0.004981075579954925,baseline
18318039,18321742,18319890,-0.0012048435540378234,0.004770675504107172,baseline
18321747,18326702,18324224,0.02838143672915467,0.0029279423441251995,baseline
18326705,18330293,18328499,0.02296817428655257,0.0036441596845692083,baseline
18330295,18334270,18332282,0.028369160267129205,0.0030117392493935863,baseline
18334271,18338069,18336170,0.03466057698801658,0.0030808229685221214,baseline
18338077,18343385,18340731,0.03745429713687425,0.002051663165679762,baseline
18343387,18347220,18345303,0.028923482664460157,0.003436274472010585,baseline
18347221,18350307,18348764,0.042050789952465306,0.001605543150493566,baseline
18350308,18353578,18351943,0.04290218294373016,0.0019340309566181874,baseline
18353580,18356745,18355162,0.017506376832556663,0.006446781206830796,baseline
18356748,18360339,18358543,-0.0060461026267448,0.008615911433854836,intermediate
18360346,18363558,18361952,-0.11268157679983419,0.019952337479185248,outlier
18363562,18368197,18365879,0.01780966510178887,0.0035211560217524762,baseline
18368199,18371510,18369854,0.007496971965587653,0.004018409839886113,baseline
18371511,18375457,18373484,0.04103054741749159,0.0020673498246200376,baseline
18375458,18378572,18377015,0.02448267832815562,0.002301732683738793,baseline
18378574,18383196,18380885,0.027403631460650734,0.0005979628890073287,baseline
18383202,18386932,18385067,0.004081720864193831,0.0073136082950442565,baseline
18386934,18390284,18388609,-0.07533787926457261,0.015860277899897805,intermediate
18390287,18394253,18392270,0.015770789850729106,0.0060189136862902025,baseline
18394255,18398530,18396392,0.024371752960220063,0.0037254456541907332,baseline
18398531,18402106,18400318,0.02090003062723967,0.000342313978726905,baseline
18402108,18405351,18403729,-0.014121376758244812,0.000711133597607598,intermediate
18405352,18408588,18406970,0.037978265971112604,0.0010409984479170353,baseline
18408592,18411837,18410214,0.03606636830090778,0.002046405432283896,baseline
18411843,18415102,18413472,0.015705985831357544,0.007325067310885911,baseline
18415105,18418386,18416745,0.03301913682666763,0.003039343991202631,baseline
18418395,18421424,18419909,0.01977457360954866,0.0023615311341171905,baseline
18421425,18424574,18422999,0.004789047940558419,0.006255395000306994,baseline
18424576,18427710,18426143,0.00923487957095274,0.005519656505378394,baseline
18427714,18431180,18429447,0.0338057299664184,0.0023784977667602124,baseline
18431191,18434573,18432882,0.027752411155217385,0.003952592874871438,baseline
18434575,18438334,18436454,0.04022775650133498,0.0018995968153581494,baseline
18438336,18441356,18439846,0.018186656385433257,0.003954097155204396,baseline
18441358,18444281,18442819,0.03805842105865972,0.0029451914564368868,baseline
18444282,18447469,18445875,0.04157461788136998,0.002144598560843337,baseline
18447472,18451071,18449271,0.03741728078040245,0.0015749854804953372,baseline
18451074,18454622,18452848,0.03299895735926111,0.002141875037213062,baseline
18454628,18457864,18456246,0.039634381155586394,7.256378647412819e-05,baseline
18457865,18462426,18460145,0.03989156923131848,0.002752017356514048,baseline
18462427,18465553,18463990,0.039030500042848394,0.0019076805115237495,baseline
18465556,18468704,18467130,0.03303915093584589,0.0024685723591510163,baseline
18468710,18471736,18470223,0.038578131932615584,0.002184529744215212,baseline
18471740,18474878,18473309,0.03774551623369158,0.003470109022404511,baseline
18474880,18477944,18476412,0.040383970662488194,0.0020943959308051693,baseline
18477947,18481422,18479684,0.04165518449133206,0.003033639445076472,baseline
18481424,18485010,18483217,0.027667806410147173,0.0034712819585328457,baseline
18485012,18488311,18486661,-0.03011568143721593,0.011388640699882073,intermediate
18488314,18492131,18490222,0.0196654440005888,0.0036913726986275404,baseline
18492132,18495333,18493732,0.01661881401937717,0.004837047660759551,baseline
18495336,18498651,18496993,0.005027374672568108,-0.00013418930681331512,baseline
18498653,18502197,18500425,0.031321306427118424,0.003128368561181147,baseline
18502206,18505570,18503888,0.01666458556608673,0.0026642363450432587,baseline
18505571,18508741,18507156,0.036835755675318244,0.0028202440570974444,baseline
18508744,18512215,18510479,0.029696789183001983,-0.0022846810407439765,baseline
18512217,18515448,18513832,0.012734216684750404,0.0062719134595699095,baseline
18515449,18518729,18517089,0.0356968395169219,0.0031511427314828,baseline
18518730,18521777,18520253,0.030235497414288527,0.004608564471026428,baseline
18521778,18524731,18523254,0.039457936002089626,0.0022298857902933902,baseline
18524732,18528048,18526390,0.036262838347278316,0.00033347203473155863,baseline
18528051,18531838,18529944,0.009107940897376222,0.00470834374455063,baseline
18531842,18535359,18533600,0.010329812562686192,-0.0017303931033778254,baseline
18535362,18539220,18537291,0.012514992813072213,0.002541629823357616,baseline
18539222,18543276,18541249,0.02784414810373248,0.00265337375792205,baseline
18543282,18546472,18544877,0.035503127806284694,0.003840694960845758,baseline
18546474,18550250,18548362,0.027576456044277903,0.006369357704339208,baseline
18550253,18553622,18551937,0.04238970422177488,0.0018496129247529654,baseline
18553629,18557162,18555395,0.036049585982362034,0.002665383396886944,baseline
18557164,18560763,18558963,0.04222572170661194,0.0017402730490176969,baseline
18560770,18564675,18562722,0.03160795919681344,0.002969998306127354,baseline
18564678,18568951,18566814,0.024481128149602564,0.004420114158432022,baseline
18568952,18572343,18570647,0.042499044797999555,0.0019706552305713094,baseline
18572344,18575631,18573987,0.037737377423522143,0.003198367365493524,baseline
18575632,18579090,18577361,0.04080954899210857,0.00042936819759800373,baseline
18579091,18582364,18580727,0.03945727690801417,-0.00025804126702720425,baseline
18582365,18585991,18584178,0.03993896637616189,0.00147535591394132,baseline
18585995,18589816,18587905,0.033193248392608135,0.003944160426236581,baseline
18589817,18594246,18592031,0.039017949445907155,-0.0010535875144772923,baseline
18594248,18598201,18596224,0.036928098123313345,0.0003711073345370602,baseline
18598206,18604139,18601172,0.03518084738972984,0.002910890981411549,baseline
18604140,18609124,18606632,0.032453940360821325,0.0017090655954060659,baseline
18609126,18613226,18611176,0.03867100886427299,0.0017174278627275948,baseline
18613245,18617802,18615523,0.03048555073494928,0.0011493894931369844,baseline
18617804,18621459,18619631,0.03191949656801077,-0.001962421753006597,baseline
18621463,18625194,18623328,0.039577927241447305,0.002451783148015278,baseline
18625199,18630971,18628085,0.042173354774842686,0.0016060630042862957,baseline
18630976,18635228,18633102,0.03747412486567762,0.003056485936418679,baseline
18635229,18638870,18637049,0.03851560635046809,0.002566622347353245,baseline
18638875,18642965,18640920,0.03410322810470666,-0.0005007726276460951,baseline
18642967,18646579,18644773,0.03546673212655067,0.001877410254437703,baseline
18646585,18651074,18648829,0.03998506284762818,0.0026371910150904034,baseline
18651075,18655243,18653159,0.02406751255489777,0.00497486128072944,baseline
18655244,18659543,18657393,0.041497979791459215,0.0013548012334283872,baseline
18659552,18664459,18662005,0.040143969579093164,0.0022794509850420515,baseline
18664463,18932561,18798512,0.034739341881325166,0.00151224689166506,baseline
18932565,18937010,18934787,0.04140520155268321,0.0014201296101457115,baseline
18937011,18942109,18939560,0.03540334005280359,0.0007716824954940508,baseline
18942113,18946750,18944431,0.04070654199676429,-0.0002969735479736397,baseline
18946751,18950832,18948791,0.042388165483204884,1.4425254507327241e-05,baseline
18950836,18955072,18952954,0.042031362171309546,0.0018175627138580358,baseline
18955075,18960121,18957598,0.04037448106103437,0.0009675167282638575,baseline
18960123,18965336,18962729,0.029083035033180212,0.0004266262808196648,baseline
18965338,18969543,18967440,0.04004919448291673,0.0018566753650782416,baseline
18969545,18973474,18971509,0.03270936328433966,0.003764382914576943,baseline
18973477,18977428,18975452,0.033760127454376086,-0.00011287525070564076,baseline
18977434,18981176,18979305,0.032873315680643375,0.0025117185373028394,baseline
18981185,18984878,18983031,0.036987479201250846,0.0027255007080612672,baseline
18984885,18989121,18987003,0.0365148235010296,0.0020368926062953627,baseline
18989127,18993076,18991101,0.04093799007900198,0.001612389431030719,baseline
18993078,18996379,18994728,0.035915225629375575,0.003506501844863051,baseline
18996382,19000257,18998319,0.03900879148196967,0.0015397403661954626,baseline
19000258,19004241,19002249,0.035487857980283304,0.003946308619036727,baseline
19004243,19010097,19007170,-0.018570372021842772,0.009060143043865734,intermediate
19010098,19013853,19011975,0.029246824375894216,0.0029079255152162104,baseline
19013855,19018013,19015934,0.04107320779732745,0.002029051311796829,baseline
19018017,19021506,19019761,0.03272799242098961,0.0025028587661597304,baseline
19021514,19025203,19023358,0.014754891933669015,0.004768040217219925,baseline
19025206,19030138,19027672,0.04283916812270273,0.0011144000837003333,baseline
19030142,19033434,19031788,0.039790445968996904,0.0007283957618251704,baseline
19033437,19037605,19035521,0.04185767570977644,0.0012350391080016372,baseline
19037606,19041709,19039657,0.039215087228804804,0.0033616759972040053,baseline
19041711,19045248,19043479,0.039345788585135134,0.0018455012251398766,baseline
19045257,19049268,19047262,0.03825305753076287,0.0021518157779796326,baseline
19049272,19053236,19051254,0.033893631400636136,0.0027787514567141174,baseline
19053240,19056510,19054875,0.04015522487653541,0.0023895943078419864,baseline
19056515,19059772,19058143,0.0390824486451706,0.002594414202766947,baseline
19059773,19063173,19061473,0.034287471904098574,0.002609190603915225,baseline
19063179,19067485,19065332,0.03684451599038452,-0.0006152249730868521,baseline
19067488,19070775,19069131,0.04087447066554495,-0.0001492801673130909,baseline
19070777,19074233,19072505,0.04258420911352124,0.0012763182523486888,baseline
19074237,19077304,19075770,0.04278863866719561,0.0022613992329593947,baseline
19077305,19081077,19079191,0.037039547393407146,0.00012136060674790984,baseline
19081078,19085515,19083296,0.030113104034813886,0.003822935960159496,baseline
19085519,19091244,19088381,0.02367767218459831,0.001310245925939101,baseline
19091246,19095338,19093292,0.031431762876575425,0.0031269042192987842,baseline
19095343,19098780,19097061,0.03528220691043759,0.002392730686643473,baseline
19098785,19102466,19100625,0.03880343499120115,-0.000498878060979814,baseline
19102470,19106190,19104330,0.03963059451875046,0.0020496933892963478,baseline
19106192,19109862,19108027,0.040561781307614855,0.0015211167169318933,baseline
19109868,19114251,19112059,0.03942486194329438,0.0020638696374283695,baseline
19114257,19118651,19116454,0.029257216735019253,0.004056236013592729,baseline
19118654,19122244,19120449,0.03966250540309212,0.002480858759752876,baseline
19122247,19125694,19123970,0.04277474754121418,0.0012797293537172144,baseline
19125700,19128939,19127319,0.039454622609088004,0.0016070300894629522,baseline
19128940,19132925,19130932,0.02260039673841875,0.00275829373824409,baseline
19132926,19136987,19134956,0.04298772856476757,0.0018728586069760116,baseline
19136991,19140569,19138780,0.04192828702454266,0.002490167103603864,baseline
19140571,19145092,19142831,0.04224326786655683,0.0015829095509056678,baseline
19145093,19148175,19146634,0.04077450786090533,0.002258974456056221,baseline
19148179,19151253,19149716,0.04262057675854101,0.0010531090199439876,baseline
19151258,19154280,19152769,0.03670547391264063,0.002758685873860987,baseline
19154282,19157728,19156005,0.02576477193643103,0.0007801744710527573,baseline
19157730,19161570,19159650,0.03750308187022991,0.002216885022752613,baseline
19161571,19164813,19163192,0.041401523199749525,0.00012844740709398419,baseline
19164818,19168186,19166502,0.004270811530078641,0.0050305378659392715,baseline
19168188,19171210,19169699,0.027837889674604096,0.0014456187162120143,baseline
19171211,19174376,19172793,0.022300769646052144,0.002719714298037559,baseline
19174381,19177337,19175859,0.021441592460443134,0.00251770677661039,baseline
19177338,19180646,19178992,0.015420909135950945,0.003681065112651962,baseline
19180652,19183724,19182188,0.02103791078149473,0.004591772860349155,baseline
19183725,19186776,19185250,0.033910803439915885,0.004369678056439993,baseline
19186777,19190991,19188884,0.027977174317370703,-0.00011276973129648188,baseline
19190994,19194265,19192629,0.019560097170718865,0.0034496107836381254,baseline
19194266,19197495,19195880,-0.01625324648786024,0.0038371914812888883,intermediate
19197500,19200599,19199049,0.008826084720363744,0.005788197219329993,baseline
19200600,19203878,19202239,0.02886579161121618,0.002724289912091473,baseline
19203880,19207055,19205467,0.03235519744108947,0.0020207092515833504,baseline
19207063,19211309,19209186,0.03556637466421595,0.0009597384617631874,baseline
19211310,19215570,19213440,0.030044027674872593,0.002708619865427309,baseline
19215573,19231321,19223447,0.017965683990296927,0.0026932753174173305,baseline
19231340,19239185,19235262,0.042542371601892864,0.0004735624567587707,baseline
19239186,19255699,19247442,0.041724426089939634,0.0012460293563083538,baseline
19255700,19259054,19257377,0.033692447634183484,0.002956678294911587,baseline
19259055,19269705,19264380,0.027459603749266294,0.0009726736550426656,baseline
19269707,19274977,19272342,0.016855620418369993,0.006005726179423989,baseline
19274979,19279135,19277057,0.0028962836776231225,0.0027100997854465937,baseline
19279139,19283888,19281513,0.03367637927286804,0.001916996893179741,baseline
19283891,19287502,19285696,0.03096995009764705,0.003821486831591431,baseline
19287505,19291464,19289484,-0.009605694098884057,0.005047921045915687,intermediate
19291473,19295204,19293338,-0.034295280166470314,0.005801807725048633,intermediate
19295278,19298791,19297034,0.03679637104433433,0.001580089896174813,baseline
19298793,19302438,19300615,-0.015703154234546275,0.006382625844277203,intermediate
19302439,19306451,19304445,-0.006889504570072286,0.006262588603763041,intermediate
19306452,19310158,19308305,-0.009046738784162485,0.003900114542622236,intermediate
19310159,19313350,19311754,0.0327552767270799,0.00311493577825412,baseline
19313353,19316924,19315138,0.033423146422786404,0.0013851764685838194,baseline
19316925,19320624,19318774,0.040655982473819706,0.0017752184813088678,baseline
19320625,19324857,19322741,0.02216695402083527,0.0012957853670170231,baseline
19324866,19328081,19326473,0.038546076277731246,0.002362358343518438,baseline
19328085,19331599,19329842,0.036478229615858525,0.0008513426028790392,baseline
19331601,19334720,19333160,0.005407681326951992,0.008523030520042392,baseline
19334721,19337798,19336259,0.02022696903879213,0.006788692050264782,baseline
19337801,19341064,19339432,-0.02414767740037129,0.009718552987032085,intermediate
19341066,19344162,19342614,-0.020565479567940477,0.0043043302535272455,intermediate
19344163,19347281,19345722,-0.05839580000355285,0.010227121191158114,intermediate
19347282,19350354,19348818,0.005471229173508309,0.004383917905215461,baseline
19350357,19353881,19352119,0.01879479118286534,0.005225957041904446,baseline
19353884,19357387,19355635,0.019054752476851435,0.005002432265415466,baseline
19357396,19360799,19359097,0.002307560852911737,0.003164486055394873,baseline
19360801,19364811,19362806,0.030360612271733926,-0.00023965462803915598,baseline
19364813,19368289,19366551,-0.0020153775188732903,0.004869375736386709,baseline
19368291,19374853,19371572,0.02520816171758054,0.0019867263478401767,baseline
19374863,19379112,19376987,0.03851914630810327,0.001074853919163386,baseline
19379114,19382833,19380973,-0.0141103396331326,0.004587503880102547,intermediate
19382834,19386488,19384661,0.037922052954553094,0.0030990740681876537,baseline
19386489,19390197,19388343,-0.00034885444465195843,0.0015483669153525952,baseline
19390202,19393747,19391974,-0.02668205007175261,0.005560454054603287,intermediate
19393750,19397630,19395690,-0.06927706034771977,0.006716146737870055,intermediate
19397636,19402110,19399873,-0.10028513743531699,0.006665668824235454,outlier
19402128,19406036,19404082,-0.0232261979639536,0.005506878522174769,intermediate
19406041,19409402,19407721,-0.03859631190142333,0.005685270184062607,intermediate
19409404,19415207,19412305,-0.0842866679872688,0.014861413370783625,outlier
19415210,19418470,19416840,-0.013898585750608854,0.004665132386000247,intermediate
19418474,19421490,19419982,0.015248928855936367,0.005495300462546593,baseline
19421493,19425312,19423402,-0.06691312651674286,0.010447473425467492,intermediate
19425314,19429973,19427643,0.006818366798698341,0.006891677776644731,baseline
19429975,19433443,19431709,0.014164810994710517,0.0001758852567283089,baseline
19433448,19436633,19435040,-0.05015132134879054,0.011727784444365908,intermediate
19436680,19440462,19438571,-0.05409906104944708,0.0107443382811302,intermediate
19440472,19444886,19442679,-0.13026578984960882,0.021287358651230093,outlier
19444887,19449482,19447184,-0.02460329768460007,0.007582551225657262,intermediate
19449485,19453777,19451631,-0.01973102180883892,0.006403534248656887,intermediate
19453779,19457858,19455818,-0.08885284886238207,0.01852286153481987,outlier
19457864,19461317,19459590,-0.20788452967456753,0.03357208590330462,outlier
19461318,19464994,19463156,0.0024072297249557346,0.005159640093679274,baseline
19464998,19468246,19466622,-0.20675691772603152,0.028238656271213552,outlier
19468247,19472316,19470281,-0.1021311423380057,0.019435687572187443,outlier
19472317,19477087,19474702,0.04100363495257056,0.0019797300919864665,baseline
19477094,19481488,19479291,-0.042034375570536686,0.009490499330055092,intermediate
19481500,19484879,19483189,-0.08664508329694898,0.015190713828699673,outlier
19484882,19491794,19488338,0.010736692913769878,0.005665733567545816,baseline
19491796,19496458,19494127,-0.0004382957371878075,0.0030249187928494486,baseline
19496460,19501241,19498850,-0.08391146116094887,0.011173925546111043,outlier
19501243,19507424,19504333,0.009557316171875966,0.007851814054208137,baseline
19507429,19512120,19509774,-0.026094406949067266,0.007766786369213834,intermediate
19512124,19515875,19513999,0.03775910500492885,0.0025469646654127567,baseline
19515877,19519984,19517930,-0.0892010472630209,0.012838062473436865,outlier
19519988,19524381,19522184,-0.03919937150629255,0.006979745666053387,intermediate
19524382,19528071,19526226,-0.062493059716439994,0.0059525854611302675,intermediate
19528073,19532344,19530208,-0.005819714100966897,0.005943539965686959,intermediate
19532346,19536322,19534334,-0.008496493291050435,0.008509293667048355,intermediate
19536324,19540628,19538476,-0.003749229432067702,0.005615047532162698,intermediate
19540633,19544626,19542629,-0.01411002500706038,0.008462717013816585,intermediate
19544633,19549934,19547283,0.036874577431135536,0.0027922394962109696,baseline
19549935,19553806,19551870,0.012862667624495727,0.002421204803349495,baseline
19553811,19560360,19557085,0.012078351199755658,0.007531656118018427,baseline
19560362,19576299,19568330,0.003482596017916817,0.003918420176442329,baseline
19576314,19583329,19579821,0.03563201685864696,0.0029110741893987845,baseline
19583337,19589153,19586245,0.035162737769194645,0.004035805436389129,baseline
19589154,19593239,19591196,0.013563296082550073,0.0022607527805849183,baseline
19593240,19600088,19596664,0.03883275516244909,0.001967146257637721,baseline
19600089,19604332,19602210,0.016720806207063125,0.002630460469265248,baseline
19604333,19609667,19607000,0.03188218337518021,0.003251929877216139,baseline
19609670,19614451,19612060,-0.013652173000105839,0.005761933533120954,intermediate
19614454,19620641,19617547,0.017459017694863313,0.0040917683773431576,baseline
19620644,19627105,19623874,-0.039953098387753315,0.013315781089323391,intermediate
19627106,19632502,19629804,0.03298185470716265,0.0038578300482986706,baseline
19632503,19636938,19634720,0.03300398125722317,0.0010251305794677249,baseline
19636944,19643898,19640421,-0.014162135705130917,0.0039021174096270867,intermediate
19643899,19647498,19645698,0.011632749177340716,0.0031436258052748,baseline
19647501,19650970,19649235,-0.03805467843646422,0.007198626978035948,intermediate
19650972,19655091,19653031,-0.0486375879475559,0.00483323648962893,intermediate
19655096,19658383,19656739,0.020049685851796457,0.0037061126124768914,baseline
19658386,19661550,19659968,0.00393628704543319,0.005826106645282381,baseline
19661551,19665252,19663401,-0.08067938896484945,0.016527024340120936,outlier
19665258,19668788,19667023,0.041272573614389366,0.001511680968807679,baseline
19668789,19672047,19670418,0.020652731572857606,0.006456549404160996,baseline
19672051,19675999,19674025,-0.053480041514978226,0.015584788996036799,intermediate
19676000,19679243,19677621,0.03980404422947444,0.0033538235044679146,baseline
19679244,19682616,19680930,0.03944097403584377,0.0011265232307448693,baseline
19682617,19686242,19684429,0.040067281431195735,0.0021996172446260695,baseline
19686245,19691106,19688675,0.013109494021511056,0.007431716110831673,baseline
19691108,19695250,19693179,0.018064716846143136,0.004918150487426476,baseline
19695253,19698921,19697087,0.018046691393394026,0.0018065694200955493,baseline
19698932,19702327,19700629,-0.009881430351715015,0.007124671384080185,intermediate
19702329,19706643,19704486,-0.06875734815236319,0.009303606183158612,intermediate
19706645,19710186,19708415,0.0011082022683801054,0.006861299694008481,baseline
19710187,19713406,19711796,-0.11832604333229714,0.016723345319971744,outlier
19713407,19717142,19715274,-0.01838062719887265,0.0022885590440546912,intermediate
19717143,19720307,19718725,-0.16258991007367485,0.01365784912622382,outlier
19720308,19724665,19722486,-0.2082400819424771,0.006644561420902758,outlier
19724676,19728288,19726482,0.006612168567503358,0.002768929344575543,baseline
19728290,19731678,19729984,-0.005190537366672553,0.0045340274893874155,intermediate
19731680,19735221,19733450,0.036165897917905164,0.0006412288958283137,baseline
19735228,19738368,19736798,-0.03078903723800926,0.010610450723844393,intermediate
19738369,19741700,19740034,-0.07498056193575335,0.013284819898802867,intermediate
19741701,19745109,19743405,0.028399944309074124,0.002136236145401077,baseline
19745112,19748999,19747055,-0.06072788062205633,0.0010220232858987584,intermediate
19749005,19752622,19750813,0.038855868892927435,0.0019199999178202897,baseline
19752626,19757003,19754814,-0.01573205493974549,0.010313140906960934,intermediate
19757006,19765723,19761364,-0.0037849282038095,0.006617929390158637,intermediate
19765726,19769943,19767834,0.020953529977863258,0.004866492664022746,baseline
19769944,19773445,19771694,-0.06701710754649824,0.010077424130255995,intermediate
19773447,19776814,19775130,0.0021217519947590523,0.005340184145183969,baseline
19776817,19780970,19778893,-0.009879309247050569,0.0025758389846994058,intermediate
19780975,19784376,19782675,0.00101279682974531,0.002821046286905535,baseline
19784377,19788637,19786507,0.03084782348956134,0.0032123076688223857,baseline
19788640,19792077,19790358,0.03719065404696075,0.0018887380706855306,baseline
19792080,19796347,19794213,0.04194309316116913,0.0018851511702735234,baseline
19796351,19805137,19800744,-0.012261579753635904,0.009762867741781148,intermediate
19805141,19808630,19806885,-0.016780705001256117,0.008522931296642763,intermediate
19808633,19812464,19810548,0.02918657869104701,0.004802760597264957,baseline
19812465,19816230,19814347,0.02572638489660833,0.005056533197643716,baseline
19816234,19820131,19818182,0.007377217895316753,0.008817985987054827,baseline
19820132,19823325,19821728,0.03358920356812696,0.0018155904438922018,baseline
19823326,19827280,19825303,-0.0144589901020797,0.008676159960584228,intermediate
19827290,19832168,19829729,-0.004379239363928963,0.007432497908685013,intermediate
19832170,19836353,19834261,-0.007918336267576197,0.0049759906496077465,intermediate
19836355,19840001,19838178,0.030847419967246725,0.002056574854411815,baseline
19840005,19843723,19841864,-0.017899416820389723,0.005854131101945361,intermediate
19843726,19848257,19845991,0.007403324604003621,0.006035689208458036,baseline
19848261,19853479,19850870,-0.040507510591464645,0.005492986230263951,intermediate
19853481,19857919,19855700,0.03726655016721791,0.002713637003910484,baseline
19857921,19863916,19860918,0.030423735013427544,0.00034354577142910295,baseline
19863919,19868098,19866008,0.011422012228180714,0.0042254562760436955,baseline
19868101,19873242,19870671,-0.002031813548522792,0.011151161342754071,baseline
19873245,19877744,19875494,0.011998532362516799,0.005839458748928076,baseline
19877747,19883606,19880676,-0.03762334787174071,0.009541273171504668,intermediate
19883607,19887812,19885709,0.011423145328307058,0.0027651313416537995,baseline
19887817,19891597,19889707,0.018759824677755818,-0.0007152143583515326,baseline
19891605,19895661,19893633,-0.03683818872679999,0.007276655422797559,intermediate
19895662,19899447,19897554,-0.03607221096748413,0.002466763528515163,intermediate
19899448,19902908,19901178,-0.0015857788082618066,0.0033008582358914967,baseline
19902909,19906368,19904638,0.011868091219070134,0.0006612904530877228,baseline
19906386,19910052,19908219,-0.004321773333722721,0.005700533470209871,intermediate
19910053,19913306,19911679,0.04270781362370809,0.0014456969956062116,baseline
19913312,19916485,19914898,0.02158473674559994,0.004612581365549501,baseline
19916486,19919869,19918177,-0.025633244963912834,0.010249577166453314,intermediate
19919874,19923056,19921465,-0.003319329118586735,0.005594060967998299,baseline
19923061,19926197,19924629,0.021502858216293556,0.006526491858094885,baseline
19926198,19929385,19927791,0.03531207063502819,0.0031120125274871,baseline
19929386,19932802,19931094,0.030600445184856585,0.00294701122723124,baseline
19932803,19937385,19935094,0.00955906062938653,0.006286760397774562,baseline
19937386,19940763,19939074,0.02180519295658444,0.005841501544785318,baseline
19940767,19944375,19942571,0.019325313070823923,0.006280244549118451,baseline
19944376,19949090,19946733,-0.006110578418398073,0.007179048456167939,intermediate
19949093,19952134,19950613,0.036401969040040144,0.0031467741423811236,baseline
19952136,19955338,19953737,0.011887913880568583,0.004189776953806429,baseline
19955345,19958559,19956952,0.0010446671828548328,-0.00034374963194845664,baseline
19958560,19962074,19960317,0.02798538906465279,0.004346757824243902,baseline
19962078,19966875,19964476,0.03660586504533479,0.0036818247272488508,baseline
19966877,19971355,19969116,-0.010738359335343292,0.0072904280713531845,intermediate
19971357,19976185,19973771,0.023450015163815327,0.002292540759114409,baseline
19976187,19981053,19978620,0.007740383195099715,0.0032262990866164442,baseline
19981063,19984906,19982984,0.02446910604948906,0.0020031943248842218,baseline
19984914,19988654,19986784,0.03065752174415242,0.002969548570116194,baseline
19988655,19992270,19990462,0.02125365399149053,0.005186606202216014,baseline
19992272,19997462,19994867,0.00783025351932065,0.008207607910951348,baseline
19997466,20001977,19999721,-0.02045598873066581,0.0062202120591977415,intermediate
20001981,20006462,20004221,-0.0030783323638083992,0.005925400575410789,baseline
20006463,20018070,20012266,0.005712549495159503,0.004115962169156888,baseline
20018073,20022370,20020221,0.03590895938248371,0.002369110836073001,baseline
20022371,20026443,20024407,0.035796335339329105,0.0018400381246087834,baseline
20026445,20031475,20028960,-0.0508626658462697,0.010139086793676895,intermediate
20031486,20036299,20033892,-0.01551098187393555,0.007386014618984765,intermediate
20036300,20041064,20038682,-0.008929526357003155,0.0049291462860566555,intermediate
20041065,20046325,20043695,-0.06525503963825884,0.009993509447629553,intermediate
20046328,20049931,20048129,0.010299463470637472,0.002460063617804855,baseline
20049932,20054255,20052093,0.01502128678025095,0.006712124949631984,baseline
20054256,20060613,20057434,0.002236764737510634,0.009602828468636174,baseline
20060621,20064325,20062473,-0.03160846349566647,0.009433803034550733,intermediate
20064329,20069254,20066791,0.04205440193165004,0.0020992996166794443,baseline
20069261,20073871,20071566,0.035079510345875205,0.0032883577687297626,baseline
20073874,20078947,20076410,0.04008275793362766,0.0015693330564440088,baseline
20078951,20082485,20080718,0.030902234006129774,0.0008291565181765064,baseline
20082487,20086872,20084679,0.032597654180011586,0.0003314791199070401,baseline
20086874,20091107,20088990,0.02132001025631851,0.003743129105945817,baseline
20091108,20095546,20093327,0.0389171600837789,0.002330715364122371,baseline
20095550,20100140,20097845,-0.015296322164635633,0.00939845782636412,intermediate
20100141,20106682,20103411,0.02711172309866396,0.0018977754483620497,baseline
20106686,20111454,20109070,0.008180042854935968,0.00601836253830025,baseline
20111467,20116644,20114055,0.035984465998589225,0.0033145216201000507,baseline
20116647,20120913,20118780,-0.014686681446149001,0.006261579482965808,intermediate
20120914,20125886,20123400,-0.0426980247354943,0.006277660331226046,intermediate
20125887,20130293,20128090,0.029681196989152617,0.004585719882327885,baseline
20130296,20134960,20132628,0.0347300672862069,0.003508794277815901,baseline
20134964,20138135,20136549,-0.0004348886516809799,0.005886756340472571,baseline
20138138,20141379,20139758,-0.02344970627164215,0.0029186818316399325,intermediate
20141387,20144751,20143069,-0.015081017138161484,0.005575788323720119,intermediate
20144752,20148201,20146476,0.0266691227436552,0.004173101069537937,baseline
20148205,20152058,20150131,0.031475436472324266,-0.000257589296303493,baseline
20152060,20155197,20153628,0.035169731792962955,0.00319970349340774,baseline
20155198,20158705,20156951,0.036535657128581533,0.0031847392278705955,baseline
20158708,20162016,20160362,0.037108420622620694,0.0024855955509473404,baseline
20162020,20165023,20163521,0.019489437178122505,0.0032281685407992296,baseline
20165026,20168256,20166641,-0.00654895167184217,0.0007265836406058364,intermediate
20168257,20171393,20169825,0.04227812105383406,0.0024799486602718754,baseline
20171399,20174911,20173155,0.007870265070157152,0.006830152314619939,baseline
20174915,20180334,20177624,-0.017743327713950426,0.005372230189003905,intermediate
20180336,20184572,20182454,-0.07036195184809368,0.009742427573753017,intermediate
20184575,20189482,20187028,0.014945893389611761,0.006671136418139919,baseline
20189484,20192987,20191235,0.02239305508949022,0.0046692461909193265,baseline
20192988,20196227,20194607,0.02207317015170574,0.0023881577969168608,baseline
20196229,20199773,20198001,0.019707988032490006,0.006706080089012083,baseline
20199783,20203778,20201780,0.0342914409805387,0.0019333679224546347,baseline
20203781,20207340,20205560,0.03169378094698037,0.0007796461101916532,baseline
20207344,20217905,20212624,0.0022774532623385294,0.0035944767370112156,baseline
20217907,20226858,20222382,0.03865837915964359,0.002306157554492079,baseline
20226859,20231881,20229370,0.04020986096915847,0.002514891633311058,baseline
20231883,20235584,20233733,0.04112238482760254,0.002716749018481716,baseline
20235587,20238969,20237278,0.025680836398565637,0.004622336801414123,baseline
20238973,20242417,20240695,-0.01642919752736162,0.0044210548757458645,intermediate
20242418,20249644,20246031,0.00016321781721785565,0.0049041932312932,baseline
20249648,20253119,20251383,0.037580836724610184,0.0031242060428336915,baseline
20253120,20257222,20255171,0.03404261003005876,0.003990201673882005,baseline
20257224,20261442,20259333,0.023692649113051432,-0.00015624409236800925,baseline
20261444,20265397,20263420,0.03532791878344294,0.0027817373617992987,baseline
20265402,20268529,20266965,0.030766983850813688,0.005642561833361207,baseline
20268530,20271874,20270202,-0.016683075868349162,0.008235955866522742,intermediate
20271875,20275650,20273762,0.03230565891456388,0.002252478669823475,baseline
20275658,20278971,20277314,0.022136480431710112,0.0018076543352721624,baseline
20278973,20282764,20280868,-0.0027307694436777327,0.010802917812638011,baseline
20282766,20286817,20284791,0.03977029260769098,0.0006666923821983978,baseline
20286823,20295329,20291076,0.011166866030379632,0.0023335109667350713,baseline
20295334,20299634,20297484,-0.005862624934881248,0.009836632386884614,intermediate
20299635,20304290,20301962,0.015265643535247373,0.001847733149034538,baseline
20304293,20307844,20306068,0.0023092968840020653,0.0027575951300877156,baseline
20307845,20310901,20309373,0.00678934617616483,0.006705470681551904,baseline
20310911,20315336,20313123,0.035891968424327125,0.0013852299694530749,baseline
20315337,20319135,20317236,0.015630897093726254,0.0024838818550615626,baseline
20319138,20322233,20320685,0.03300814535297426,0.0034688630895337567,baseline
20322236,20326261,20324248,0.004457861080219289,0.006191672711431657,baseline
20326266,20330978,20328622,-0.000786811112125438,0.0071939666098145925,baseline
20330987,20335947,20333467,0.038617035179575744,0.0031678006034374082,baseline
20335952,20341410,20338681,0.01294192093970107,0.004425678361778158,baseline
20341416,20346248,20343832,-0.015456696292029172,0.010557624346714665,intermediate
20346250,20350077,20348163,0.025921506311801925,0.0029815005946555455,baseline
20350079,20354847,20352463,0.015683565982151267,0.00621061857827005,baseline
20354849,20359744,20357296,-0.018682565778421846,0.010524598322613356,intermediate
20359747,20367327,20363537,0.0175877991182986,0.003593223392337871,baseline
20367330,20370985,20369157,0.02494208254790395,0.0016444882837964277,baseline
20370987,20375541,20373264,-0.017072341304920746,0.0038544293089158256,intermediate
20375549,20381324,20378436,-0.04161728281894032,0.011161296664825245,intermediate
20381325,20384976,20383150,0.03417750793042767,0.0016224587890285385,baseline
20384979,20388302,20386640,-0.004716744518632253,0.004102798396291593,intermediate
20388303,20392393,20390348,0.03804922784631678,0.0030644280962756148,baseline
20392395,20396683,20394539,0.00018503799640918485,0.008603070376952106,baseline
20396684,20400780,20398732,-0.0007115201951247148,0.008174799860786805,baseline
20400783,20405042,20402912,0.03472468084922669,0.003586062017950092,baseline
20405044,20409837,20407440,-0.01801858621937393,0.010453170393381027,intermediate
20409839,20419081,20414460,0.012558230237194958,0.005450319767488777,baseline
20419085,20423305,20421195,0.03851934582511146,0.0030539053420714675,baseline
20423308,20428647,20425977,-0.01916002168341326,0.006508218300538406,intermediate
20428649,20432804,20430726,0.037766026871055514,0.003195063296532962,baseline
20432805,20436598,20434701,0.03237111976520546,0.004186032618445048,baseline
20436602,20442373,20439487,0.0436360549779776,0.0014969879766796033,baseline
20442374,20446551,20444462,0.04247803664225737,0.002123299797913181,baseline
20446553,20450955,20448754,0.020487941117227015,0.0035190526654612455,baseline
20450966,20454211,20452588,0.011972224783280755,0.005438953970520677,baseline
20454212,20459737,20456974,0.006605533745721337,0.002641883898588785,baseline
20459739,20463447,20461593,0.015745992122869135,0.00406049563494667,baseline
20463449,20467872,20465660,0.019607929030700213,0.005151895688967604,baseline
20467878,20471567,20469722,0.04039937304846832,0.00207037178164961,baseline
20471569,20475492,20473530,0.026672552842963968,0.00038394920040225286,baseline
20475493,20479176,20477334,-0.04513407432671276,0.008671587672666167,intermediate
20479183,20482767,20480975,0.010505128671738842,0.0060679258456867195,baseline
20482770,20488417,20485593,0.026764141300709934,0.00031925201501218617,baseline
20488423,20495562,20491992,-0.007732413470191052,0.005818644986244649,intermediate
20495564,20502647,20499105,0.00026470829649723144,0.0004945204244686711,baseline
20502648,20507158,20504903,0.005475137697274155,0.00681605418903888,baseline
20507161,20514475,20510818,0.02011209302711071,0.0016153351582046563,baseline
20514477,20518253,20516365,-0.016855119145917922,0.008918600674976856,intermediate
20518256,20521474,20519865,0.022033222795967304,0.005159889205538274,baseline
20521477,20526321,20523899,0.024602737185466576,0.003540497405635867,baseline
20526322,20531683,20529002,-0.09108950799298225,0.01575602975718126,outlier
20531685,20535350,20533517,-0.05542285361530452,0.008330956548899801,intermediate
20535352,20538604,20536978,0.010889314060460679,0.005170355766073262,baseline
20538606,20543053,20540829,-0.041069923593026886,0.0064935000166711524,intermediate
20543060,20547646,20545353,-0.009755451639284408,0.00983831021902673,intermediate
20547651,20551184,20549417,0.04123947833319406,0.0025702247547607967,baseline
20551185,20554924,20553054,0.012488452981199596,0.0032112403952871695,baseline
20554925,20558685,20556805,0.001661292941424425,0.0011637881031761523,baseline
20558686,20563268,20560977,0.01431386470800254,0.004797653054138328,baseline
20563272,20567172,20565222,-0.08440164667038026,0.016384852447486095,outlier
20567173,20570652,20568912,0.007566566509368101,0.007298861883954864,baseline
20570654,20575152,20572903,0.036545953742467996,0.003286837618552349,baseline
20575156,20579701,20577428,0.013990151714260846,0.002161455372139217,baseline
20579704,20583262,20581483,0.041497159144133676,-0.0005115480265261567,baseline
20583263,20587358,20585310,0.01330665897384038,0.0040257435188310224,baseline
20587366,20590253,20588809,0.04037629208910048,0.001043542358485371,baseline
20590260,20593778,20592019,0.011667919927661852,0.006146596653024153,baseline
20593786,20598112,20595949,0.04232687821129852,0.0022061584802843606,baseline
20598117,20601365,20599741,-0.024833974991556127,0.011198381397849707,intermediate
20601370,20604711,20603040,0.023871175367064502,0.006069732046043094,baseline
20604713,20608301,20606507,0.0427036076248411,0.0009623856308629573,baseline
20608310,20616175,20612242,0.03905347610324592,0.0016022560975044893,baseline
20616176,20620546,20618361,0.007992136599612445,0.0013524859873390456,baseline
20620549,20624247,20622398,-0.029760144016433645,0.009096419342024799,intermediate
20624249,20628421,20626335,-0.04015095831667537,0.009460749022388632,intermediate
20628425,20633521,20630973,-0.02643383693149625,0.004018774687258187,intermediate
20633522,20638366,20635944,0.020976880180705818,0.0040894381052180425,baseline
20638367,20642090,20640228,0.011943001129620219,0.006133164535249708,baseline
20642098,20653089,20647593,0.013343039023157819,0.00477317048566496,baseline
20653091,20656480,20654785,-0.04583276189062891,0.016406392130252825,intermediate
20656482,20660975,20658728,0.01771663953244712,0.005377441051596866,baseline
20660979,20664578,20662778,-0.00018987015676142987,0.0038665801789190164,baseline
20664579,20667903,20666241,0.033602036217409564,0.0016431001733037936,baseline
20667904,20671423,20669663,-0.019746477217225066,0.006348686612656512,intermediate
20671429,20675020,20673224,-0.04825618928530844,0.011373672088944839,intermediate
20675021,20678421,20676721,0.0398697116668686,0.001350664984213569,baseline
20678423,20682770,20680596,0.020735499848328287,0.006000605769924413,baseline
20682771,20687076,20684923,0.02656519497146664,0.003752592182413507,baseline
20687077,20691178,20689127,0.012022709684242783,0.005438831343301443,baseline
20691182,20696197,20693689,-0.0030346992408494013,0.006558467479106537,baseline
20696201,20699763,20697982,-0.10239993846762122,0.009761216321451728,outlier
20699767,20702822,20701294,-0.00866646195619216,0.0035664719411254093,intermediate
20702825,20707901,20705363,0.04010464296795263,0.0025672020829058053,baseline
20707914,20712588,20710251,-0.032408517653832736,0.009093844966713248,intermediate
20712589,20719294,20715941,0.03570501503043797,0.0037469384934613595,baseline
20719297,20723027,20721162,-0.05259936443042992,0.010906671914378633,intermediate
20723028,20729899,20726463,0.025746078476999845,0.004672975001959475,baseline
20729907,20733583,20731745,0.012546173061493636,0.0081093753109524,baseline
20733587,20738028,20735807,0.0407258130211717,0.003005787586325962,baseline
20738029,20742218,20740123,0.03184813669568077,0.00291709791430793,baseline
20742220,20745791,20744005,0.03358847864440299,0.003695759515782508,baseline
20745800,20749145,20747472,0.021570392896189845,0.003630909333650102,baseline
20749146,20752553,20750849,-0.07051150390785654,0.013548390199297872,intermediate
20752558,20755853,20754205,-0.08216961438039813,0.009242579077341542,outlier
20755858,20759074,20757466,0.02363627320889672,0.005333545385261982,baseline
20759075,20764508,20761791,0.02260154560683783,0.005049596107924464,baseline
20764510,20768863,20766686,0.029992334695190224,0.0037656760612378875,baseline
20768865,20772433,20770649,-0.008608546893373514,0.006981367049050731,intermediate
20772441,20777001,20774721,0.025419427209481708,0.0016332697312527638,baseline
20777002,20782937,20779969,0.017305912295057013,0.005685871149997823,baseline
20782942,20788912,20785927,0.012322005757567202,0.004706531186683586,baseline
20788913,20793376,20791144,0.023589485158995668,0.003209391960295733,baseline
20793380,20798472,20795926,0.011774013417465541,0.00637397725728227,baseline
20798477,20802049,20800263,0.005104891566738767,0.005382245433870983,baseline
20802057,20805985,20804021,-0.01734221628219748,0.007520143458052739,intermediate
20805986,20809020,20807503,0.0016305950564252808,0.008182051033935756,baseline
20809025,20817411,20813218,-0.11330483707896506,0.01994825852788851,outlier
20817415,20820950,20819182,0.017382998767166993,0.0028576921161736673,baseline
20820953,20824312,20822632,-0.04614037385092241,0.010254894987705513,intermediate
20824313,20827783,20826048,0.035665582616418806,0.0021042830270485043,baseline
20827800,20832104,20829952,-0.026925033381744935,0.002659025537134125,intermediate
20832112,20835705,20833908,0.04089744918155589,0.0025979291850516677,baseline
20835706,20838921,20837313,0.01365705841413453,0.003522029729752066,baseline
20838923,20842092,20840507,0.02315739223011032,0.005208909850547873,baseline
20842099,20845741,20843920,-0.035288796396464685,0.009560044103483729,intermediate
20845744,20849687,20847715,0.03291925855577805,0.0013201294803443576,baseline
20849694,20853043,20851368,-0.01743539277368439,0.0034529494049982913,intermediate
20853045,20856200,20854622,0.025317382185859206,0.001495824124692425,baseline
20856201,20859351,20857776,0.04248116021230946,0.001961360370978559,baseline
20859352,20862525,20860938,-0.010413138174898062,0.005803173720788039,intermediate
20862536,20865920,20864228,0.011162275847178658,0.0029506240581760584,baseline
20865922,20869007,20867464,-0.008666017727561688,0.005946126531765274,intermediate
20869009,20872206,20870607,-0.0007428504405114234,0.007539457362418722,baseline
20872207,20875906,20874056,-0.06318260292610618,0.011318370893431772,intermediate
20875907,20879068,20877487,-0.016980220210535298,0.007720279165149584,intermediate
20879074,20881996,20880535,-0.10056283483051233,0.013535858222488196,outlier
20882000,20885424,20883712,0.03750389531206618,0.0032201075450611445,baseline
20885425,20888429,20886927,-0.07894483377720436,0.01619354345647249,intermediate
20888436,20891616,20890026,0.011839445352061717,0.004523802501360266,baseline
20891619,20895547,20893583,0.006572519410573518,0.0026846003710008963,baseline
20895549,20899235,20897392,0.03582379836187369,0.002579871397861384,baseline
20899237,20902539,20900888,0.006752811043037537,0.00937348586286928,baseline
20902542,20905746,20904144,0.022764606442929627,0.0044838732343008645,baseline
20905748,20909494,20907621,0.024060772728999865,0.0016182233591353424,baseline
20909499,20912861,20911180,-0.059725227065153416,0.005886729697570234,intermediate
20912864,20916385,20914624,-0.04018399818975792,0.00924781465898221,intermediate
20916389,20919635,20918012,-0.005606170999357679,0.006344732065807706,intermediate
20919638,20923893,20921765,-0.05155767522535601,0.004181484933780258,intermediate
20923895,20928113,20926004,0.01870683406980457,0.001421535019954482,baseline
20928114,20932289,20930201,-0.043144803291000726,0.00663198735007658,intermediate
20932291,20935718,20934004,0.028204527049122075,0.0036545345770766296,baseline
20935719,20939941,20937830,0.017651591963097353,-0.0003179089142630433,baseline
20939946,20944593,20942269,0.013284639719266002,0.00473393304171587,baseline
20944594,20949586,20947090,-0.0076512554544581725,0.00823723404163386,intermediate
20949589,20952957,20951273,-0.014301162623912506,0.005799624946080408,intermediate
20952960,20956520,20954740,-0.0010691235875241955,0.0011937768865510243,baseline
20956528,20959902,20958215,-0.03734430004499683,0.007184823034409098,intermediate
20959906,20962928,20961417,0.030973771335129727,0.0011516689010944868,baseline
20962929,20966305,20964617,0.024062712358308865,0.001439200588241022,baseline
20966307,20971261,20968784,0.011974909970396479,0.0022604299316073898,baseline
20971265,20974961,20973113,-0.10619903945963473,0.012417402663743244,outlier
20974968,20978776,20976872,0.012133979256252009,-0.0009587852105274006,baseline
20978778,20982779,20980778,-0.04349682036050885,0.006552326886879433,intermediate
20982784,20988615,20985699,-0.023199341082446607,0.007001970845719198,intermediate
20988616,20993526,20991071,-0.2805917673262172,0.028638764269416875,outlier
20993527,20997257,20995392,-0.15572016206096792,0.01669555782117037,outlier
20997269,21009923,21003596,-0.047063933101400855,0.013495592537813076,intermediate
21009925,21013240,21011582,-0.18369946158866066,0.023920293844434788,outlier
21013243,21016318,21014780,-0.13893960018403229,0.014136944522932208,outlier
21016321,21020437,21018379,0.022159928777471825,-5.493812437874127e-05,baseline
21020438,21026350,21023394,-0.00034854430935206805,0.0062090031958043305,baseline
21026352,21031021,21028686,0.016921879245716313,0.004763444062435703,baseline
21031025,21034618,21032821,0.037401463759020814,0.0013164290184096085,baseline
21034619,21038424,21036521,0.01281606652796567,0.0015711472963896556,baseline
21038425,21042869,21040647,0.0066672606691632495,0.002035574095788154,baseline
21042870,21065277,21054073,-0.00825026788550197,0.006025108489404846,intermediate
21065281,21070155,21067718,-0.07667363983806152,0.008657956688824247,intermediate
21070160,21074461,21072310,-0.03244920219239544,0.008100170307367522,intermediate
21074469,21078726,21076597,0.004260763412542302,0.0046564645142409475,baseline
21078729,21082916,21080822,-0.009271167142890956,0.00997280492268787,intermediate
21082920,21086027,21084473,-0.0036915296154353965,0.007444730757928726,intermediate
21086029,21089437,21087733,0.003020922482591858,0.006421223582569253,baseline
21089438,21093345,21091391,-0.07617567541382411,0.007894742205731414,intermediate
21093347,21096662,21095004,0.0233580934618134,0.004095806113028389,baseline
21096663,21100240,21098451,0.028521649249357493,0.0034343732078717538,baseline
21100243,21104003,21102123,0.026784379948761705,0.0031842977511062514,baseline
21104008,21108655,21106331,0.03305626303748449,0.003845578064251432,baseline
21108661,21112531,21110596,0.010769634623237448,0.008226125399029904,baseline
21112535,21117167,21114851,0.023043391349695318,0.0047806206863502945,baseline
21117168,21121257,21119212,-0.02037479010389076,0.007627380985369217,intermediate
21121259,21125111,21123185,-0.013737129483741407,0.0057571422002112875,intermediate
21125113,21128520,21126816,0.03261117475960893,0.0014347158493009614,baseline
21128522,21133447,21130984,0.0363886435728498,0.0015450537064648343,baseline
21133452,21136691,21135071,0.03814213302076111,0.0032635182138564247,baseline
21136692,21140431,21138561,-0.05298889020111149,0.008914374373353995,intermediate
21140437,21145534,21142985,-0.05980850165075791,0.004434302263635437,intermediate
21145537,21148871,21147204,-0.08767310292867052,0.011603041988107566,outlier
21148874,21152853,21150863,-0.028633662678944603,0.004553548144496038,intermediate
21152856,21157406,21155131,0.03444424024426969,0.0017280417088982377,baseline
21157407,21161723,21159565,0.019054805194821754,0.005250961754503218,baseline
21161727,21164877,21163302,-0.002711995123896214,0.007481019368149386,baseline
21164880,21169427,21167153,0.022966491895336172,0.0008452158079227884,baseline
21169431,21173589,21171510,0.009414907475967665,0.0040594141960824896,baseline
21173591,21177461,21175526,0.04026282186932461,0.00233397506326474,baseline
21177465,21182456,21179960,0.03717745700605716,0.0029549677218828193,baseline
21182457,21185693,21184075,-0.004367184150211545,0.00901600551833138,intermediate
21185697,21189163,21187430,-0.014769727039831346,0.0066373009580804505,intermediate
21189165,21194352,21191758,0.029942617451779088,0.002861983162049401,baseline
21194356,21200134,21197245,0.02094071659532896,0.0015762483308292214,baseline
21200143,21203531,21201837,0.04006030875258652,0.0026605276037615986,baseline
21203532,21208666,21206099,0.01548510603078932,0.0037748617543163464,baseline
21208671,21213028,21210849,0.03756383275973862,0.002444679956079232,baseline
21213087,21216468,21214777,0.019330178727946058,0.005116881950395082,baseline
21216479,21221727,21219103,-0.024868840005304357,0.007412660218115541,intermediate
21221730,21225545,21223637,-0.06611369866523369,0.008364638903481712,intermediate
21225553,21230660,21228106,-0.04011465816339743,0.0037004965081237377,intermediate
21230664,21235397,21233030,-0.02824419100816553,0.005142762175569953,intermediate
21235399,21239397,21237398,-0.049520516965299605,0.010478928632163152,intermediate
21239398,21244002,21241700,-0.060417320266392405,0.01589954408712502,intermediate
21244003,21248014,21246008,-0.03309006264058771,0.008040515074404472,intermediate
21248015,21253026,21250520,0.03844980647950558,0.0031063657514100174,baseline
21253028,21256905,21254966,-0.004605486367698753,0.004412095015417474,intermediate
21256906,21265462,21261184,-0.10025037680616186,0.010054678067905639,outlier
21265466,21269006,21267236,-0.04046049162671162,0.013060624755002954,intermediate
21269007,21272595,21270801,-0.06645224499868185,0.00825730971273944,intermediate
21272596,21275778,21274187,0.022601355302742432,0.0027879495744061473,baseline
21275781,21280073,21277927,0.025268729916070574,0.00504666858356258,baseline
21280077,21284926,21282501,0.007188297689105485,0.005939929914741666,baseline
21284927,21288067,21286497,0.017807740574826075,0.0016926163333810345,baseline
21288070,21293131,21290600,0.03166820647793457,0.0026290447403432104,baseline
21293135,21296516,21294825,0.039075454520941307,-0.001025276835961525,baseline
21296526,21301351,21298938,0.004224094332525022,0.006984715829557643,baseline
21301353,21305861,21303607,0.03477330954323574,0.0032180161627318117,baseline
21305869,21309389,21307629,-0.05169528456703626,0.00986475580593085,intermediate
21309400,21314338,21311869,0.03364840703912925,0.0009314747336142739,baseline
21314340,21318723,21316531,0.03292522626315407,0.002766164636054913,baseline
21318732,21323484,21321108,-0.034100603346325135,0.006830479942401957,intermediate
21323488,21330180,21326834,0.015561696305788499,0.005403236977328515,baseline
21330181,21334585,21332383,-0.013572570309548395,0.006265644955187878,intermediate
21334586,21340426,21337506,-0.024860368494658926,0.0050519294696786884,intermediate
21340427,21346116,21343271,-0.004996423225675815,0.002788881552864744,intermediate
21346125,21349810,21347967,-0.0066036500704537565,0.006104265434079379,intermediate
21349811,21354728,21352269,0.040308347813123965,0.002159195246346102,baseline
21354732,21359438,21357085,-0.027977147268380034,0.012808465144439113,intermediate
21359446,21364200,21361823,0.001516689908004445,0.0021341454989998445,baseline
21364202,21368318,21366260,0.025045122599126314,0.0008684561601868245,baseline
21368326,21372603,21370464,-0.0027607494415527937,0.0022249436054384173,baseline
21372604,21377926,21375265,-0.07409660471455819,0.013150226939890387,intermediate
21377930,21382010,21379970,0.014751664852221394,0.0023061571474929446,baseline
21382023,21389340,21385681,-0.11315387297596724,0.019535556649687497,outlier
21389342,21393960,21391651,-0.09510629972881637,0.013314133524533044,outlier
21393963,21398372,21396167,-0.10354284003908489,0.016174687751834883,outlier
21398378,21404341,21401359,-0.07692228723212581,0.012683172988721098,intermediate
21404343,21408424,21406383,-0.0007576492123678872,0.0032594186351418974,baseline
21408426,21411598,21410012,-0.032948733637005276,0.013796956118632115,intermediate
21411604,21415169,21413386,0.012353697438075401,0.00498681881006974,baseline
21415170,21418671,21416920,-0.038205632534663136,0.006896677189526684,intermediate
21418680,21422349,21420514,0.024256174769282383,0.0012486761940788728,baseline
21422350,21426110,21424230,-0.12775412995281032,0.009885888989878725,outlier
21426113,21429332,21427722,0.025500406849861587,0.002724027722244444,baseline
21429333,21432596,21430964,-0.04097360397776731,0.010544279320946419,intermediate
21432699,21436515,21434607,0.001377098741483788,0.0079313812393764,baseline
21436527,21440963,21438745,0.02038280759153297,0.0031065537817652885,baseline
21440964,21444541,21442752,-0.017529019610870986,0.007649137210542538,intermediate
21444546,21448848,21446697,0.029722467943470627,0.004387572679754983,baseline
21448852,21453300,21451076,-0.08312909828771811,0.010425341050125271,outlier
21453304,21456995,21455149,0.020953663734213288,-9.557071787200794e-06,baseline
21456996,21460501,21458748,0.02814745583800158,0.00408080388405163,baseline
21460507,21465284,21462895,-0.06463659119977487,0.010280025021729923,intermediate
21465285,21469492,21467388,-0.05230079075092349,0.01137076179162365,intermediate
21469500,21474342,21471921,-0.004200176856796424,0.009215982132431482,intermediate
21474344,21478694,21476519,0.0412991362789725,0.002232529199457086,baseline
21478698,21484382,21481540,0.04002289197996765,-0.0003946872598136139,baseline
21484387,21489086,21486736,-0.0019157349999311443,0.003791046979450149,baseline
21489099,21493973,21491536,0.027073273647217132,0.001243391305169649,baseline
21493978,21500059,21497018,8.082846487112843e-05,0.001205669637285407,baseline
21500064,21505135,21502599,0.014239262749688654,0.005142698924862775,baseline
21505138,21509817,21507477,0.007045440300608866,0.007198109359099886,baseline
21509818,21516360,21513089,0.01757178330187865,0.006132030386623892,baseline
21516361,21521600,21518980,0.02786574282922853,0.003693200790922302,baseline
21521601,21526840,21524220,0.021876352100874075,0.003842493626970507,baseline
21526841,21531942,21529391,0.01783757529917497,0.002501511217818238,baseline
21531943,21536612,21534277,-0.023414346403544457,0.011794177890043165,intermediate
21536613,21539828,21538220,-0.023572512780930508,0.00518705959837507,intermediate
21539829,21543091,21541460,-0.036091381458029224,0.00559557207726,intermediate
21543099,21546513,21544806,0.032334306251524975,0.004666202937010291,baseline
21546515,21550122,21548318,-0.026673609098437842,0.006945069606541429,intermediate
21550123,21553526,21551824,0.037280567934634384,0.0013761665165526362,baseline
21553528,21556559,21555043,0.03587682402962246,0.004423290830744474,baseline
21556560,21559762,21558161,-0.0014086439655194402,-0.00034196387384705367,baseline
21559764,21562899,21561331,-0.02622802155038404,0.0033733719582795807,intermediate
21562904,21566207,21564555,-0.004783176295626285,0.0029774797342763957,intermediate
21566208,21569690,21567949,0.028805374544341456,0.00075453244559507,baseline
21569692,21572919,21571305,0.03490477498589098,0.00045395424833275135,baseline
21572922,21575851,21574386,0.026373209254357242,0.0036902120188591877,baseline
21575859,21578952,21577405,0.042152083220697675,0.001994296770377257,baseline
21578954,21582424,21580689,0.02924261386033199,3.885864850048229e-05,baseline
21582426,21585800,21584113,-0.008958835968824606,0.004986975449039011,intermediate
21585810,21589098,21587454,0.020314653197239487,-0.0004979399942390926,baseline
21589100,21592357,21590728,0.029377418092135406,0.0034950815798827093,baseline
21592358,21595527,21593942,0.036048273294145665,0.0013702094932999012,baseline
21595530,21598746,21597138,0.014912050451562566,0.0022164461741690815,baseline
21598747,21601742,21600244,0.035058955635297984,0.002318926167552677,baseline
21601744,21605260,21603502,0.029546988460809154,0.0033502717567045026,baseline
21605261,21608635,21606948,-0.0522786467499477,0.004133116057684877,intermediate
21608637,21612021,21610329,0.017609700987817688,0.00427002650545181,baseline
21612023,21615530,21613776,0.018717611787679708,0.0046314321404339375,baseline
21615531,21618587,21617059,0.011083715411051508,0.004464781958461044,baseline
21618588,21621690,21620139,-0.03716039802960243,0.006759644102170628,intermediate
21621691,21624734,21623212,-0.02373770251146213,0.00437417208014004,intermediate
21624736,21627795,21626265,0.037743639191138635,0.003138272582156317,baseline
21627797,21630863,21629330,0.00519998905458616,0.0047564346328044065,baseline
21630867,21634033,21632450,0.033869243472591376,0.0031193436074505184,baseline
21634038,21637149,21635593,0.0023095676409543944,0.004446192620079851,baseline
21637150,21640428,21638789,-0.027921672785749845,0.003167874094903397,intermediate
21640429,21643672,21642050,0.015033155630148119,0.007328850272798662,baseline
21643674,21646937,21645305,0.032813824593746925,0.003779474789132356,baseline
21646938,21650209,21648573,0.040028718407273685,0.0010287665036949538,baseline
21650214,21653659,21651936,-0.035391672752569825,0.005472768005137236,intermediate
21653661,21657092,21655376,0.01027039402932509,0.004336992137988196,baseline
21657102,21660474,21658788,0.004904066188447085,0.0061312639732133195,baseline
21660475,21663626,21662050,0.004066591676689795,0.00451392800995045,baseline
21663631,21666636,21665133,0.03367798917022413,0.0038373414679817386,baseline
21666638,21669777,21668207,0.019341422064452045,0.0035154333064190244,baseline
21669779,21673547,21671663,-0.023691092588098595,0.004899644126006428,intermediate
21673548,21676516,21675032,0.015402028197826682,0.0020363199585027355,baseline
21676523,21680411,21678467,-0.006601790057801923,-0.0001117445365078158,intermediate
21680414,21683905,21682159,0.0380500115718432,0.002519303670743316,baseline
21683917,21689665,21686791,-0.03476877442347896,0.008103146477126132,intermediate
21689667,21692610,21691138,0.041523778413581534,0.0026288459869002554,baseline
21692612,21695715,21694163,0.03360745321238472,0.00354562439836695,baseline
21695717,21698966,21697341,0.015227026502727548,0.0032239364518723596,baseline
21698970,21702056,21700513,0.01833665610316793,0.0017759340686671996,baseline
21702057,21705113,21703585,-0.0024453397331949647,0.004479544242294955,baseline
21705117,21708200,21706658,-0.024464157127565014,0.0021265286352249594,intermediate
21708203,21711237,21709720,-0.058505378411395435,0.010892372188410195,intermediate
21711238,21714338,21712788,0.03868483368907635,0.0012322076805951088,baseline
21714343,21717519,21715931,0.009782684700465148,0.007478492555862554,baseline
21717520,21721020,21719270,-0.001854307029532969,0.007993195445826707,baseline
21721021,21724430,21722725,-0.08620444322893608,0.011133706363606204,outlier
21724433,21727437,21725935,-0.025328813382508933,0.0054687722590494444,intermediate
21727438,21730554,21728996,-0.03431237131402562,0.006388412723541295,intermediate
21730557,21733872,21732214,0.02993435030438034,0.004629292998347911,baseline
21733875,21737309,21735592,0.041024491873082256,0.002541358169172991,baseline
21737313,21740748,21739030,0.024426821344494778,0.001954649910527554,baseline
21740752,21744369,21742560,0.025035458817311812,-0.0012352679577438506,baseline
21744370,21747565,21745967,0.041949605400841194,0.0020876027176416558,baseline
21747566,21750642,21749104,-0.003431346352987467,0.007177800889899093,baseline
21750643,21753860,21752251,0.020094032485160052,0.0030899996719570113,baseline
21753862,21757067,21755464,0.015606283675087842,0.005251353374497061,baseline
21757068,21760666,21758867,-0.06287002281673078,0.012765911022500727,intermediate
21760680,21763832,21762256,0.026820547386695048,0.0034034053281557617,baseline
21763833,21767119,21765476,0.03440227558251402,0.0005881586024948887,baseline
21767122,21770693,21768907,0.006768907865079758,0.008220263105347715,baseline
21770695,21774766,21772730,-0.11635768335767821,0.012725455336151057,outlier
21774767,21780928,21777847,0.01963284715288266,-0.0027252938277791804,baseline
21780931,21785115,21783023,-0.08340374151932661,0.007805150324511295,outlier
21785119,21790037,21787578,-0.1892919864814291,0.018806964007509024,outlier
21790041,21793326,21791683,-0.2310240467437494,0.010627765225821498,outlier
21793330,21797020,21795175,-0.17217477433121375,-0.0044551110617795904,outlier
21797022,21800322,21798672,-0.1696883394435778,-0.006138987242734761,outlier
21800323,21811268,21805795,-0.29279722289740717,-0.01676855936209014,outlier
21811270,21817924,21814597,-0.37522187750215763,0.0009386561792236793,outlier
21817926,21822536,21820231,-0.35674605638225315,-0.005542580210167522,outlier
21822538,21827262,21824900,-0.3424209228421051,0.0006499614472323308,outlier
21827269,21838203,21832736,-0.3179979674024105,-0.010547215335393757,outlier
21838212,21843529,21840870,-0.25740344980475865,-0.011760184119796364,outlier
21843531,21848387,21845959,-0.19669547538441481,-0.009943041473461629,outlier
21848391,21852571,21850481,-0.22412018080932292,-0.0010927738066960713,outlier
21852575,21856148,21854361,-0.1909186103560617,0.016019641278203555,outlier
21856149,21860251,21858200,-0.1091316957863641,0.012548851027161238,outlier
21860254,21865190,21862722,0.0071762016059437155,-0.0015982201041740886,baseline
21865191,21868625,21866908,0.03980273534617695,0.001977472782455485,baseline
21868631,21871795,21870213,-0.055578374531916865,0.0035758262137800404,intermediate
21871800,21876171,21873985,-0.0227960879762341,0.008634200226773206,intermediate
21876172,21879569,21877870,-0.07226587002560608,0.016765119109260276,intermediate
21879576,21884103,21881839,0.019724892082766822,-0.0005206110685459344,baseline
21884104,21887591,21885847,-0.016838698030217807,0.008241632008432294,intermediate
21887593,21891794,21889693,-0.030483089029373092,0.006240672383559758,intermediate
21891803,21895691,21893747,0.008159724488187947,0.0089360296453019,baseline
21895699,21899797,21897748,0.031541153527378823,0.0023138751482615592,baseline
21899801,21903838,21901819,-0.04593378801653696,0.008774558117874795,intermediate
21903840,21907323,21905581,0.036943219974899175,0.0021740065321592477,baseline
21907326,21911593,21909459,-0.029745068889979423,0.004085681775887962,intermediate
21911595,21916521,21914058,-0.006582582364385005,0.006874875212636627,intermediate
21916523,21919791,21918157,0.00027483223860322905,0.006409845259470583,baseline
21919794,21923418,21921606,0.04032725402982435,0.002215791524742774,baseline
21923419,21926855,21925137,-0.025535311662428808,0.010771727296224868,intermediate
21926863,21930487,21928675,0.00631596097920839,0.00555112449620851,baseline
21930490,21934177,21932333,0.02537689341155972,0.003928568795647219,baseline
21934208,21938308,21936258,0.01752492178453658,0.0026308197201997618,baseline
21938310,21941639,21939974,0.04128066157996938,0.0012618289935573679,baseline
21941644,21945800,21943722,0.029892449856827295,0.003228476511291705,baseline
21945801,21949748,21947774,-0.03871394350066722,0.013670088991598682,intermediate
21949750,21953994,21951872,-0.007466396015668431,0.006767217706696174,intermediate
21953995,21958623,21956309,-0.05381067920632179,0.010103196430583201,intermediate
21958627,21962254,21960440,-0.07758760721230945,0.013791962884128553,intermediate
21962255,21965698,21963976,-0.01577762985821622,0.0068257081024326455,intermediate
21965700,21968826,21967263,0.02405434501500656,0.0041072659968269245,baseline
21968827,21972005,21970416,-0.01965479587567801,0.005921313889948933,intermediate
21972006,21975324,21973665,-0.008236680472525095,0.006109805950047941,intermediate
21975325,21979513,21977419,-0.031840920421460424,0.008835170576382879,intermediate
21979514,21983154,21981334,0.015496583653174838,0.0033762024327470145,baseline
21983155,21987019,21985087,0.0011854697152743074,0.0033219297972779966,baseline
21987024,21990946,21988985,0.015000216863516483,0.00010235340340501858,baseline
21990955,21994562,21992758,0.03267680075932552,0.0034375088070269975,baseline
21994565,21998337,21996451,0.027202154303946433,0.0021375822334379377,baseline
21998338,22001767,22000052,-0.01332846333948906,0.006537872137246047,intermediate
22001775,22005096,22003435,0.021428576104521244,0.003510834761722437,baseline
22005100,22008541,22006820,0.010385620894654859,0.00799684362404446,baseline
22008543,22012209,22010376,-0.0297548643723728,0.010466389061008642,intermediate
22012210,22016013,22014111,0.014362866330494608,0.0063037876660248715,baseline
22016016,22019539,22017777,-0.06084739127053098,0.014254408386041683,intermediate
22019544,22023134,22021339,0.014367995424733751,0.0054283002645792704,baseline
22023136,22026828,22024982,0.014787548278273383,0.0041639695363258475,baseline
22026838,22030285,22028561,0.03181160446350916,0.00029789944773773536,baseline
22030290,22033551,22031920,0.037712713347265996,0.001787727867142262,baseline
22033552,22036714,22035133,-0.03858233426099747,0.009211002669606458,intermediate
22036717,22039994,22038355,-0.14803535935900772,0.0119029019307851,outlier
22039995,22043360,22041677,0.024283706196413065,0.0012481040039802997,baseline
22043365,22049871,22046618,0.010692103808561167,0.004246266414102172,baseline
22049874,22053211,22051542,-0.10682896282935175,0.009448300449204711,outlier
22053219,22057448,22055333,-0.06363372258638345,0.007973221560672645,intermediate
22057449,22060610,22059029,-0.08453033337031952,0.01001898662267096,outlier
22060616,22063889,22062252,-0.05973728226058221,0.012108625026262027,intermediate
22063890,22067120,22065505,0.016334283408805737,0.0015578634032143409,baseline
22067123,22071311,22069217,-0.021876774430990002,0.004868485729633627,intermediate
22071312,22076378,22073845,0.005427165588543539,0.0016516029759799434,baseline
22076379,22079959,22078169,0.039576383356434104,0.001809037431388417,baseline
22079962,22083949,22081955,-0.04267636096439223,0.009932322100972314,intermediate
22083950,22088412,22086181,0.017977929922996228,0.002621235503059198,baseline
22088425,22091865,22090145,-0.027143529412135842,0.008009715008922374,intermediate
22091869,22097174,22094521,-0.014187109622872146,0.006551756692782785,intermediate
22097175,22101706,22099440,0.04242497529567159,0.0011592615114872213,baseline
22101707,22105849,22103778,-0.0705541172435521,0.010498472347864775,intermediate
22105853,22110413,22108133,-0.04502092962974192,0.015143538685155953,intermediate
22110414,22115029,22112721,0.032314475471884783,0.0033940477187015612,baseline
22115033,22118328,22116680,-0.015740062921847948,0.009711776554334922,intermediate
22118329,22123326,22120827,0.035967015358217586,0.0034331994932695425,baseline
22123330,22127962,22125646,-0.0016888964493221692,0.007437691777059105,baseline
22127963,22133185,22130574,0.008477050121452364,0.0013689040343676745,baseline
22133193,22137325,22135259,-0.11252453959285,0.015284242562343758,outlier
22137326,22141217,22139271,0.023060861032834497,0.0041857271107821154,baseline
22141222,22145639,22143430,-0.04587643735325047,0.013153450066387554,intermediate
22145640,22149294,22147467,0.030121440854973997,0.0031949428630894516,baseline
22149296,22154337,22151816,-0.014125510868527345,0.011881875188584265,intermediate
22154338,22157896,22156117,0.01315050625846898,0.00576387890882173,baseline
22157907,22161361,22159634,-0.025876130478434622,0.009911069028963155,intermediate
22161367,22165233,22163300,0.014998408003319615,0.006290679308467957,baseline
22165239,22168968,22167103,0.025115319390594328,0.0038812205334471973,baseline
22168975,22172540,22170757,-0.01981034182563263,0.004077980231450402,intermediate
22172541,22175869,22174205,-0.0753641993329167,0.010104094061518727,intermediate
22175873,22179531,22177702,-0.11060948882930678,0.014436592453063023,outlier
22179536,22183104,22181320,-0.01667197163464439,0.004439238396294053,intermediate
22183112,22187326,22185219,-0.0790451868639859,0.008708177744752155,intermediate
22187328,22190628,22188978,0.03618413067240437,0.0004138972194945507,baseline
22190634,22193858,22192246,-0.04595357263057857,0.006493489732517192,intermediate
22193859,22197123,22195491,0.012077105033058231,0.0045406112922125085,baseline
22197134,22201074,22199104,-0.055715707731612336,0.010570630234120608,intermediate
22201076,22204487,22202781,-0.003074306249044,0.005377840834219203,baseline
22204491,22208529,22206510,0.0029480488769670727,0.0037049286859520587,baseline
22208533,22212188,22210360,0.022754949957996554,0.0041506854315138,baseline
22212189,22215618,22213903,0.029378172900575573,0.004656541284579159,baseline
22215620,22219451,22217535,-0.046934832042396596,0.009614714941640394,intermediate
22219454,22222535,22220994,-0.018174213214576858,0.01127378444698953,intermediate
22222541,22226059,22224300,-0.10865391893610006,0.015005591388282866,outlier
22226061,22229399,22227730,-0.04129098797693661,0.007287110870621748,intermediate
22229404,22232670,22231037,-0.00550067911503383,0.008089972091904854,intermediate
22232673,22236094,22234383,-0.05126289019225647,0.00737873345332772,intermediate
22236101,22239262,22237681,-0.09635083361922077,0.0163605238892298,outlier
22239263,22242909,22241086,0.01267558030616318,0.005390936164764663,baseline
22242913,22246532,22244722,-0.006156016112211711,0.0014658126703615902,intermediate
22246543,22249788,22248165,-0.09818559749137362,0.007982066134825182,outlier
22249791,22253074,22251432,0.005642656226681037,0.004734180083585739,baseline
22253077,22257352,22255214,-0.041675424551550905,0.004624645873829106,intermediate
22257355,22261886,22259620,-0.007165375454793001,0.0024530072086739064,intermediate
22261888,22265955,22263921,-0.0211243411563474,0.007564451225650947,intermediate
22265956,22269249,22267602,0.028988108216060515,0.0027063162594883707,baseline
22269252,22273920,22271586,0.018974086377759644,0.003616550249525506,baseline
22273921,22277834,22275877,-0.004603417170248762,0.004218741180339547,intermediate
22277836,22281216,22279526,-0.016615143450929317,0.00850724110548261,intermediate
22281219,22284649,22282934,-0.0022882415088662732,0.004206887150808184,baseline
22284678,22288130,22286404,0.031082267042735538,0.0024136917688073324,baseline
22288142,22291443,22289792,-0.02115981191774666,0.008743719988926452,intermediate
22291444,22295993,22293718,-0.11278201232469125,0.015712051255628048,outlier
22295999,22299437,22297718,-0.15789569455556435,0.01712928219964805,outlier
22299438,22303752,22301595,-0.1059059972393895,0.0001134006117644941,outlier
22303760,22306854,22305307,-0.10922978264252398,0.00799939621656927,outlier
22306860,22310706,22308783,-0.051556799564855336,0.006375843989108457,intermediate
22310707,22314335,22312521,-0.030810742943317166,0.008806360610151335,intermediate
22314338,22317900,22316119,0.012975361714820091,0.0055294442541715845,baseline
22317902,22321203,22319552,-0.04173932612130332,0.004245629158490386,intermediate
22321209,22324572,22322890,-0.049558673073070214,0.009325660429857961,intermediate
22324578,22327965,22326271,-0.0887595863166202,0.01519937795712532,outlier
22327966,22333278,22330622,-0.02071497161729149,0.004323710092021083,intermediate
22333279,22338294,22335786,-0.09343496651982375,0.010859449819851028,outlier
22338298,22341747,22340022,-0.08744436130320032,0.014934186591997054,outlier
22341748,22345508,22343628,-0.058289625020930345,0.007181478110284841,intermediate
22345509,22350594,22348051,-0.09651056264609628,0.019259161213347552,outlier
22350631,22354578,22352604,-0.12413521511107577,0.020653514545194224,outlier
22354579,22357838,22356208,-0.06920920173280841,0.011873993669044016,intermediate
22357840,22361054,22359447,-0.06852457235352863,0.009042516782438855,intermediate
22361059,22366921,22363990,-0.03060239354631874,0.009806551605889707,intermediate
22366922,22370243,22368582,-0.11487654169726168,0.015880641168218412,outlier
22370252,22375164,22372708,0.027124702294313238,0.0032594535424614345,baseline
22375167,22378580,22376873,-0.02236709169324049,0.008238317586215658,intermediate
22378585,22381884,22380234,0.014317723889580882,0.0001758427291749888,baseline
22381887,22385109,22383498,0.04130249107376331,0.0014907198312382665,baseline
22385111,22388169,22386640,0.03532772275041594,0.0035337057126654877,baseline
22388174,22391287,22389730,0.04045131219090226,0.0027562141262655283,baseline
22391292,22394503,22392897,0.02739896164608424,0.003471914094304247,baseline
22394505,22397788,22396146,-0.031015150583698612,0.0034195633082700233,intermediate
22397792,22401052,22399422,0.017167182416611235,0.0069998832340587,baseline
22401053,22404260,22402656,-0.04474643688479255,0.013400095371008424,intermediate
22404261,22408201,22406231,-0.014612086087888932,0.01389271671622461,intermediate
22408202,22411563,22409882,-0.015572120119317377,0.011812537715240202,intermediate
22411566,22415679,22413622,0.03929007074863488,0.0025193191904831877,baseline
22415682,22418908,22417295,0.009268947220792382,0.0035842820758580653,baseline
22418909,22422536,22420722,-0.037684960489186334,0.013940394179168066,intermediate
22422537,22426030,22424283,-0.0036883563201749333,0.004675078745421894,intermediate
22426032,22429191,22427611,-0.04494452782301339,0.018449568711359773,intermediate
22429203,22432863,22431033,0.018489912473267586,-0.00031340175734581707,baseline
22432864,22435999,22434431,0.03452583470853695,0.0034149302277626248,baseline
22436001,22439101,22437551,0.0019218223343397077,0.0026604297749061585,baseline
22439103,22442597,22440850,0.018001036766871887,0.0040448722551570315,baseline
22442598,22445740,22444169,-0.006286483315308211,0.00568931651964106,intermediate
22445742,22449085,22447413,0.033074368556713286,0.004504945384835301,baseline
22449088,22452725,22450906,-0.0014742978249722171,0.008102952337113745,baseline
22452728,22457868,22455298,-0.11619460387386138,0.009066961612998997,outlier
22457870,22464469,22461169,0.007933155870317106,0.007630596574142904,baseline
22464472,22467984,22466228,0.018265274155190463,0.0071109970579449205,baseline
22467986,22471272,22469629,-0.09798156765899971,0.01265623094849928,outlier
22471273,22475528,22473400,-0.018900590567705957,0.0009581145902430818,intermediate
22475529,22479371,22477450,-0.027627274838792137,0.013125923707264437,intermediate
22479374,22484546,22481960,0.039964365898249664,0.002525951790200384,baseline
22484553,22488372,22486462,0.027227713701232295,0.002983390919032304,baseline
22488374,22493768,22491071,0.0033437098563959934,0.007158425678679758,baseline
22493770,22497858,22495814,-0.07304847798464939,0.01778953500888263,intermediate
22497866,22501433,22499649,0.015723181707643297,0.006627924317463944,baseline
22501436,22505097,22503266,0.00850165251213288,0.005058834382884251,baseline
22505101,22510268,22507684,-0.011907585127418274,0.011923457608015707,intermediate
22510277,22514048,22512162,0.03429260064896045,0.002795667704357653,baseline
22514055,22517672,22515863,-0.03956733761406486,0.015170254241753462,intermediate
22517687,22521503,22519595,-0.09145040571392027,0.014941639093328437,outlier
22521505,22526530,22524017,0.02888261550164231,-0.00190215490376885,baseline
22526531,22530028,22528279,0.00822546599533791,0.007545334857136133,baseline
22530030,22533908,22531969,0.0354729090884941,0.0032719271492135855,baseline
22533924,22539664,22536794,0.03405069793623586,0.0005386007905845537,baseline
22539667,22543445,22541556,0.019271501922051557,0.004560255134021836,baseline
22543447,22547551,22545499,0.012595033196372382,0.0062152581502229595,baseline
22547554,22550997,22549275,-0.0005182126349173828,0.0004218120748423424,baseline
22550998,22554292,22552645,0.011724501506187602,0.00670780867473645,baseline
22554293,22557664,22555978,0.035105332717033345,0.004039744844906717,baseline
22557665,22560762,22559213,0.02235756789958153,1.2563984790227121e-05,baseline
22560765,22564091,22562428,-0.0010755713010802224,0.009799653640143414,baseline
22564100,22567377,22565738,0.03606379271915041,0.0033032440438829813,baseline
22567388,22570466,22568927,0.04133866836352788,0.0027809345432241624,baseline
22570471,22573586,22572028,0.028475510720865432,0.0035823347365627582,baseline
22573591,22576912,22575251,-0.010601231730993262,0.012149049253245219,intermediate
22576913,22579987,22578450,-0.03492791334321864,0.010126811836716341,intermediate
22579989,22583158,22581573,0.032295139245228234,0.003184918656770018,baseline
22583161,22586278,22584719,0.005954431025187867,0.008972427158911741,baseline
22586279,22589486,22587882,0.020520972677277823,0.0022582267361112556,baseline
22589488,22593021,22591254,-0.049139003086899044,0.006886896885287092,intermediate
22593083,22596538,22594810,0.0051986539923028485,-0.0010593334602975472,baseline
22596541,22600440,22598490,-0.06091682227502707,0.002270841718346479,intermediate
22600443,22604267,22602355,-0.025398259989891547,0.0024271325663061676,intermediate
22604272,22607949,22606110,-0.1161685220635116,0.013133622469297352,outlier
22607955,22611543,22609749,0.03493756745152658,0.0031068362856245097,baseline
22611559,22616146,22613852,-0.05074907535404835,0.008586251117424067,intermediate
22616147,22621377,22618762,0.029993555716320012,0.0021369927815465322,baseline
22621380,22625117,22623248,-0.029732025994885836,0.008174741631417291,intermediate
22625119,22629392,22627255,-0.07152632615026544,0.018493625950915256,intermediate
22629393,22633405,22631399,0.02821233134194559,0.0048818832692934695,baseline
22633412,22636841,22635126,-0.012926728357686445,0.01009764276867784,intermediate
22636842,22639865,22638353,-0.019855074835787575,0.007574423196236459,intermediate
22639868,22643296,22641582,0.02226190253066588,0.002348771523886172,baseline
22643297,22646461,22644879,0.029258452326965775,0.00416699646061357,baseline
22646463,22649683,22648073,0.0031131805699333858,0.008166945903596632,baseline
22649684,22653448,22651566,0.03220429005575092,0.0047226682638696615,baseline
22653449,22656626,22655037,-0.007481922672131442,0.008613617505824692,intermediate
22656627,22660516,22658571,0.006285711958250134,0.007689824938190818,baseline
22660517,22664211,22662364,0.002214944133339137,0.005441749626944249,baseline
22664216,22667978,22666097,-0.002986488778915171,0.006458788361653412,baseline
22667980,22671317,22669648,-0.0383334850733686,0.012816694602809408,intermediate
22671328,22674689,22673008,0.02791427049604052,0.0026802554409400313,baseline
22674690,22680755,22677722,0.007166816858248726,0.001220955812921099,baseline
22680758,22684480,22682619,0.011376646321956535,0.006278287232739734,baseline
22684481,22689064,22686772,0.029136756574970335,0.0044174196067902575,baseline
22689065,22692944,22691004,0.009983775107579603,0.004535548560751411,baseline
22692948,22696220,22694584,-0.005700428522956448,0.00807672418154364,intermediate
22696222,22699358,22697790,-0.13770688618503327,0.015093301360574836,outlier
22699363,22703838,22701600,-0.09093843714725189,0.012739476490761728,outlier
22703843,22707402,22705622,-0.09530261373814172,0.01383397298820021,outlier
22707405,22712861,22710133,-0.0075639581217638524,-0.002787775796092636,intermediate
22712863,22717338,22715100,-0.06767769226198851,0.00869477676214862,intermediate
22717341,22721693,22719517,-0.018109053866748524,0.0008947004365418107,intermediate
22721696,22724912,22723304,0.0073576157781485435,0.005258079117579946,baseline
22724917,22728725,22726821,-0.020924473714716695,0.010351354962257036,intermediate
22728727,22732119,22730423,0.020946092824789903,0.006388104028474939,baseline
22732122,22735641,22733881,-0.04647093139066948,0.008369708965529216,intermediate
22735645,22741273,22738459,0.03772890757566479,0.001901997752698141,baseline
22741275,22744563,22742919,-0.02515152192991063,0.00613483769841059,intermediate
22744567,22748112,22746339,-0.06796385468407284,0.011990136615633543,intermediate
22748116,22751428,22749772,-0.11394156665263529,0.010274773839160738,outlier
22751431,22755936,22753683,-0.11385769668382954,0.007373317828523626,outlier
22755942,22759266,22757604,-0.12678089636655426,0.010324822278170246,outlier
22759268,22762517,22760892,0.025065935569932793,0.005599218717166186,baseline
22762518,22767276,22764897,0.0011465768850427009,0.005555235242152446,baseline
22767277,22770563,22768920,0.02436930060565034,0.005780003280706318,baseline
22770571,22774598,22772584,0.031962316486673754,0.0016488404801680442,baseline
22774601,22777824,22776212,-0.03606373066947512,0.007678834987468077,intermediate
22777826,22782887,22780356,-0.04397675522786553,0.013596019852591986,intermediate
22782893,22787598,22785245,0.004859682826768238,0.0041450250268459995,baseline
22787606,22795434,22791520,-0.0060641195194438054,0.00419082450556038,intermediate
22795435,22798527,22796981,-0.012059467200533983,0.0016311484462888403,intermediate
22798532,22802007,22800269,0.0221594428333431,0.0067301269155261405,baseline
22802008,22806240,22804124,-0.051209322390924024,0.013178755799868843,intermediate
22806244,22809868,22808056,-0.016223510245506875,0.007825595461198497,intermediate
22809869,22813767,22811818,-0.016903790771772037,0.007707359625036715,intermediate
22813768,22817068,22815418,0.012648721698433344,0.007068490685701858,baseline
22817069,22820676,22818872,-0.11707372970970649,0.009729504951306252,outlier
22820683,22823815,22822249,-0.15328566556989914,0.016314213784615377,outlier
22823816,22827418,22825617,0.009476548161423029,0.004827134125208155,baseline
22827420,22830797,22829108,0.02549263126162985,0.0024882917279325273,baseline
22830806,22834444,22832625,0.008547003732698195,0.0051905729020902715,baseline
22834447,22838004,22836225,0.003214205229585726,0.005868550900780256,baseline
22838008,22841795,22839901,0.03353363979285,0.0028035788954382406,baseline
22841796,22845129,22843462,0.04263659994805496,0.0013223795604919385,baseline
22845132,22848220,22846676,0.034754647634247474,0.003148375948661156,baseline
22848232,22851369,22849800,0.010783281999629418,0.0021716115943191264,baseline
22851370,22854657,22853013,-0.03518080351128429,0.0068600321866602,intermediate
22854659,22858536,22856597,-0.043669986482638326,0.012057324718274094,intermediate
22858538,22861819,22860178,-0.0038244334805214277,0.003831266820353795,intermediate
22861827,22866334,22864080,-0.034184045642748295,0.001626353522698502,intermediate
22866343,22870238,22868290,-0.03797618335638164,0.004440713663511037,intermediate
22870243,22873978,22872110,-0.016958164183559967,0.005113496682643879,intermediate
22873981,22877185,22875583,-0.07067712559906275,0.008660577314610104,intermediate
22877186,22880247,22878716,-0.0977442780107771,0.01326381589622746,outlier
22880249,22883379,22881814,-0.10738319286212167,0.017648497554997197,outlier
22883384,22886690,22885037,-0.11610880786656892,0.012368532709332641,outlier
22886691,22889957,22888324,-0.05001864239995793,0.010421638506429375,intermediate
22889962,22893520,22891741,-0.02687152144676536,0.005248537819572499,intermediate
22893522,22896628,22895075,-0.03750393747903233,0.014299847899524836,intermediate
22896629,22899771,22898200,-0.0017025146280845427,0.005688931829217669,baseline
22899773,22902918,22901345,0.037614221551779466,0.001774318838499096,baseline
22902919,22906629,22904774,0.04210193271102762,0.0016347134160610206,baseline
22906635,22912021,22909328,0.023710254911691424,0.003270298175745957,baseline
22912022,22915992,22914007,0.02023440336043737,0.004318773098735186,baseline
22916081,22919549,22917815,0.011440387899572134,0.004658972433555564,baseline
22919556,22924148,22921852,0.03382941058875661,0.0017393633311481242,baseline
22924168,22929292,22926730,0.039402809086179734,0.0030126943465321816,baseline
22929294,22933914,22931604,-0.04966515488299764,0.005070359452960791,intermediate
22933915,22937949,22935932,0.007329804384863073,0.007058101718787826,baseline
22937951,22943249,22940600,0.022038868373711586,0.004320438262533156,baseline
22943250,22949106,22946178,0.008521615175245655,0.002050301653534015,baseline
22949109,22952400,22950754,0.0346353025014306,0.0004042863538640684,baseline
22952401,22955638,22954019,0.01665414642955325,0.006162759087728093,baseline
22955640,22959488,22957564,-0.006375029303464803,0.00938375834587338,intermediate
22959491,22963289,22961390,-0.08963892403641122,0.004504075845458003,outlier
22963290,22967801,22965545,0.025063554201381757,0.0030575026910160895,baseline
22967802,22971341,22969571,0.04272389098587677,0.0021593813333606734,baseline
22971344,22974912,22973128,0.03241768875241449,-0.0010921369132382282,baseline
22974914,22978604,22976759,0.033103710024045614,0.0033169698671647397,baseline
22978606,22982112,22980359,0.03975222702164886,0.002754884027399933,baseline
22982116,22985380,22983748,0.01390203770773372,0.005548890370639375,baseline
22985381,22995425,22990403,0.011265681802519904,0.0025238540765792003,baseline
22995432,22998907,22997169,0.0278703851364923,0.003440072600222877,baseline
22998908,23004503,23001705,0.017098640714712024,0.0065126078251071485,baseline
23004509,23008100,23006304,0.02264777916183341,0.00024014454511438483,baseline
23008101,23012154,23010127,0.025160666195101454,0.00444709985892896,baseline
23012156,23015449,23013802,-0.00022410858300916836,0.001543820666446981,baseline
23015451,23018834,23017142,0.016425278985535793,0.0048423036407791295,baseline
23018836,23022963,23020899,0.040555805624762124,0.0018980631298802669,baseline
23022964,23026490,23024727,0.03086159348961056,0.0023571204867259255,baseline
23026491,23029755,23028123,0.018743703366526716,0.0019252912706179109,baseline
23029757,23033410,23031583,0.004169193562451192,0.00533660247955065,baseline
23033414,23038033,23035723,0.012369433984434443,0.00518124680760523,baseline
23038035,23041442,23039738,0.027726651665507814,0.0017553721994181461,baseline
23041446,23044567,23043006,0.009663907789719386,0.006801997200075392,baseline
23044570,23048368,23046469,0.03613606049796997,0.002619292724541024,baseline
23048379,23052506,23050442,0.026321566963621743,0.004479533340220148,baseline
23052508,23055988,23054248,0.036278184132937444,0.002399431583948674,baseline
23055990,23059503,23057746,0.034311939288467166,0.0042590706216992695,baseline
23059504,23062857,23061180,-0.02980452148328572,0.005977005607575488,intermediate
23062860,23066361,23064610,0.02952690470461069,0.002253011801209213,baseline
23066363,23069723,23068043,0.01592732113430692,-0.002017192590100433,baseline
23069725,23073357,23071541,0.030953710189644695,0.004486355671257706,baseline
23073368,23076520,23074944,0.03036852657920729,0.004729259886935298,baseline
23076522,23080457,23078489,0.005678908118570866,0.0044214789058472275,baseline
23080459,23084206,23082332,0.035128498298261014,0.002875121107562259,baseline
23084208,23087760,23085984,0.0301117830045946,0.004722154849960286,baseline
23087807,23092252,23090029,-0.01884017630419404,0.011917524010523197,intermediate
23092256,23096599,23094427,0.001371762047622234,-0.0007796638953126947,baseline
23096600,23100962,23098781,0.02774002193789542,0.005409885792620452,baseline
23100965,23104881,23102923,0.030479863089700583,0.0009846114455659839,baseline
23104882,23108316,23106599,0.03257414815978995,0.0015838858207027492,baseline
23108318,23111815,23110066,0.04190883279347261,0.002050131491576626,baseline
23111820,23115555,23113687,-0.01598865029359745,0.006307454932594092,intermediate
23115558,23119817,23117687,-0.14278351235567208,0.013556337121961519,outlier
23119820,23123385,23121602,-0.02714546980403318,0.003559583397796561,intermediate
23123387,23127250,23125318,-0.05112099748404513,0.00766769369931802,intermediate
23127251,23130699,23128975,-0.052535746767316004,0.0137667995158724,intermediate
23130701,23133960,23132330,-0.007351739256589129,0.0063338347229543075,intermediate
23133962,23137488,23135725,0.016939039716202437,-0.0019020233365032852,baseline
23137490,23140681,23139085,0.01835529083138674,0.005482183326799174,baseline
23140682,23143783,23142232,-0.007196994296266761,0.008175105349387335,intermediate
23143785,23147055,23145420,-0.046803571641999546,0.00856264158055724,intermediate
23147057,23151497,23149277,-0.027556145558399112,0.013171313981215923,intermediate
23151508,23155081,23153294,-0.06342793636354821,0.01393081440380528,intermediate
23155085,23159592,23157338,-0.14747792932745904,0.021531747006719955,outlier
23159595,23163357,23161476,-0.10799187755774631,0.01031089926120397,outlier
23163358,23166794,23165076,0.014557626936945633,0.00789832655078217,baseline
23166799,23170335,23168567,0.026802071801678328,0.006297069609392487,baseline
23170336,23176920,23173628,0.018629583077370074,0.002688216099766639,baseline
23176930,23181413,23179171,-0.026509322284301237,0.0008693331150760724,intermediate
23181414,23186013,23183713,-0.07001507659858085,3.949778201257525e-05,intermediate
23186015,23189964,23187989,-0.09713544626456071,0.002532037643717562,outlier
23189966,23194590,23192278,-0.09740146150351887,0.0012310834030608377,outlier
23194595,23198288,23196441,-0.03551347693600086,0.007170749648399537,intermediate
23198289,23202328,23200308,-0.14185949470754414,0.015168032852037773,outlier
23202329,23206249,23204289,-0.03583391913867306,0.006444697156788255,intermediate
23206505,23209944,23208224,-0.09141746952174536,0.0017635020848645723,outlier
23209948,23215112,23212530,-0.01956155015750584,0.0019457671380010203,intermediate
23215122,23219861,23217491,-0.04995638378379005,-0.010859134227374632,intermediate
23219867,23225244,23222555,-0.0128333580359346,-0.006111621227387807,intermediate
23225245,23229120,23227182,-0.02257374196302977,0.00036138695878189806,intermediate
23229121,23233719,23231420,0.0005813407958493461,-0.0011297669540613383,baseline
23233720,23237431,23235575,-0.029512370370495075,0.002161952610394072,intermediate
23237432,23243861,23240646,0.03966705961849831,0.0024050337217152136,baseline
23243862,23247567,23245714,0.019309219038243123,0.000464750574667284,baseline
23247570,23254711,23251140,0.021593458828536184,0.0012963761200994487,baseline
23254720,23258463,23256591,-0.01478042479015494,0.010166914197885473,intermediate
23258474,23262432,23260453,-0.021816440812827593,0.006847529958854425,intermediate
23262433,23266703,23264568,0.016965012694009424,-0.003942913701704036,baseline
23266704,23270643,23268673,-0.023988515234627132,0.008751390532853206,intermediate
23270644,23274053,23272348,0.037723959235486035,0.0023820351884393846,baseline
23274055,23278825,23276440,-0.011015510940736713,-0.0010488267859263866,intermediate
23278827,23282163,23280495,-0.005704818268891126,0.00259087166575066,intermediate
23282164,23286707,23284435,0.017920058283275683,0.0031396990776010607,baseline
23286712,23290430,23288571,0.03289558498801309,0.003612629007662293,baseline
23290431,23294359,23292395,0.02687188337512131,0.0027353487490185094,baseline
23294360,23299856,23297108,0.03214441344908093,-0.0008680655159772222,baseline
23299857,23303191,23301524,-0.022093664585801028,0.002372662917343345,intermediate
23303192,23308438,23305815,0.03407637213505024,0.0032967662258920464,baseline
23308444,23313800,23311122,-0.03353095609214243,0.009429051410551347,intermediate
23313804,23316975,23315389,-0.0537537581217804,0.010764581494906252,intermediate
23316976,23320139,23318557,-0.05553197487099859,0.010243497214230348,intermediate
23320141,23325094,23322617,-0.03143747150354022,0.008251126807090971,intermediate
23325095,23328372,23326733,0.004258493468854293,0.005113383419027817,baseline
23328373,23333121,23330747,0.003015271068384412,0.00034282900084821636,baseline
23333122,23336210,23334666,0.023790321140607834,0.004745201813200445,baseline
23336212,23342578,23339395,0.0006193646319823806,0.0033921793594528507,baseline
23342580,23347682,23345131,0.016263246168584086,0.006513248753221218,baseline
23347686,23351090,23349388,-0.008020597757783268,0.005662440627174861,intermediate
23351099,23354652,23352875,-0.057827661709557034,0.010209429255173336,intermediate
23354656,23357867,23356261,-0.06479471007966335,0.010250137998248629,intermediate
23357868,23361385,23359626,-0.07536690161626361,0.012847631132691474,intermediate
23361394,23364748,23363071,-0.0734014140757383,0.010549600848482752,intermediate
23364751,23368074,23366412,-0.002521156583131772,0.008281709780699463,baseline
23368076,23372424,23370250,-0.08341108586891922,0.011170616741312001,outlier
23372426,23375547,23373986,-0.09769068562122032,0.014760978018893523,outlier
23375548,23378661,23377104,-0.10608552458324069,0.008484281598366382,outlier
23378665,23383118,23380891,-0.0987578342650629,0.011534427811349404,outlier
23383120,23387039,23385079,-0.04058262854777575,0.008735672514716403,intermediate
23387040,23391577,23389308,0.013320754423794535,0.0036732729148827165,baseline
23391578,23395108,23393343,-0.02771637773327507,0.006150985968801471,intermediate
23395112,23400151,23397631,-0.08772237252590842,0.017295061978417296,outlier
23400158,23404250,23402204,0.019355636314089413,-0.0005575924387215023,baseline
23404251,23407888,23406069,-0.060200369584677886,0.0015549841770989478,intermediate
23407895,23411282,23409588,0.008495424207631002,0.005664915241023552,baseline
23411283,23415224,23413253,0.01311823821291765,0.0003706668629857557,baseline
23415226,23419521,23417373,-0.1083969669614605,0.008802399261996458,outlier
23419522,23423515,23421518,-0.12737295155585412,0.01685624497226183,outlier
23423521,23426944,23425232,-0.05776807942853075,0.011331375132108258,intermediate
23426949,23434427,23430688,-0.04324385666889007,0.00807003436508976,intermediate
23434428,23439400,23436914,-0.05232303785712572,0.004045400767856156,intermediate
23439401,23442780,23441090,-0.009453942974089555,0.0028849198428341763,intermediate
23442788,23446895,23444841,-0.09625559964028309,0.012455709958308019,outlier
23446905,23450125,23448515,-0.07231903707271002,0.007559583063622503,intermediate
23450128,23453356,23451742,-0.01985519561400127,0.0025343844458996126,intermediate
23453362,23456608,23454985,-0.0016293712624760334,0.0032718706597853705,baseline
23456611,23460718,23458664,-0.042491798468681105,-0.0017056138268269475,intermediate
23460721,23465483,23463102,-0.004427934473051617,0.0012577463693473482,intermediate
23465484,23470243,23467863,0.01725040576073391,0.005595444649344678,baseline
23470249,23473739,23471994,0.007390719817635242,0.0018879203399394526,baseline
23473764,23477598,23475681,-0.021716445870263057,0.0058740942339662395,intermediate
23477599,23480653,23479126,0.025754987373644244,0.004158691971975668,baseline
23480654,23485135,23482894,-0.03000433215706822,0.009510495185362842,intermediate
23485148,23489397,23487272,0.037417339053517656,0.001786857805007694,baseline
23489398,23493337,23491367,0.040801553542124315,0.001833563870779223,baseline
23493346,23497555,23495450,0.011689460264141284,0.006175590345144477,baseline
23497559,23502160,23499859,-0.031466801884969746,0.004666880797046637,intermediate
23502161,23506130,23504145,0.0017251215465470913,0.0012850671132590467,baseline
23506132,23509979,23508055,0.0186310039906551,0.004743134974968777,baseline
23509980,23513490,23511735,0.004374014528940528,0.00509468514070628,baseline
23513491,23518596,23516043,-0.07248818436100252,0.011568310963575754,intermediate
23518597,23522110,23520353,-0.07010107428592906,0.015229423964448758,intermediate
23522114,23525625,23523869,0.0014703628087393734,0.0020648661540343394,baseline
23525645,23530604,23528124,0.0011871415884762975,0.0023933552736366158,baseline
23530605,23536651,23533628,0.019629911425539,0.0035137779006096446,baseline
23536653,23542780,23539716,-0.063934225268325,0.003038008470836648,intermediate
23542783,23547985,23545384,-0.05694471681985936,0.003916229440598896,intermediate
23547986,23551274,23549630,0.037558729291157486,0.0015021179796644764,baseline
23551277,23554579,23552928,-0.08727785176800422,0.004379133574741285,outlier
23554580,23558859,23556719,-0.050367625241900825,0.007405998869450953,intermediate
23558864,23562644,23560754,-0.05792811044720157,0.010634105958914649,intermediate
23562645,23565907,23564276,0.03257376663441566,0.0032591481890312055,baseline
23565914,23569078,23567496,0.04233226748826407,0.0024090246437986607,baseline
23569086,23573672,23571379,0.03340666522834015,0.0027991291008264596,baseline
23573675,23577484,23575579,0.006641174927074169,0.006364014804595431,baseline
23577495,23582729,23580112,0.02085707532714175,0.0034789229790379633,baseline
23582730,23586367,23584548,0.03984718396276521,0.002119812243186118,baseline
23586368,23591239,23588803,0.019888112827607718,0.002563903885357995,baseline
23591242,23596003,23593622,0.024556023264093556,0.0025291261587505813,baseline
23596005,23600528,23598266,0.020564364860530784,0.0032319558030864666,baseline
23600530,23604972,23602751,-0.007495236162467669,0.0075010157024106225,intermediate
23604977,23608538,23606757,0.02345101489096394,0.0031858092606365006,baseline
23608539,23612884,23610711,-0.014891975080603073,0.00474063679441731,intermediate
23612886,23616511,23614698,-0.08200659374959933,0.012466237220432422,outlier
23616513,23680051,23648282,-0.011055508381524755,0.00567689998013428,intermediate
23680054,23700695,23690374,0.040507691362330775,0.0013960928548744573,baseline
23700697,23735139,23717918,0.023432198246325923,1.7572201137865116e-05,baseline
23735141,23739639,23737390,0.032456496918772365,0.003406843590870608,baseline
23739640,23744478,23742059,0.020392230291707957,0.004416894960611253,baseline
23744482,23749767,23747124,-0.10005586207596598,0.015668361625490634,outlier
23749769,23753095,23751432,-0.04549854944511439,0.012406393437376621,intermediate
23753097,23758130,23755613,0.016917443015656657,0.006005124355074289,baseline
23758141,23762427,23760284,-0.07686565839808604,0.012271596821908818,intermediate
23762434,23766013,23764223,0.0212750525308548,0.004976473187135752,baseline
23766019,23770107,23768063,0.0009374731148406011,0.007025766610652161,baseline
23770108,23773501,23771804,-0.006463447212581909,0.006566673963405925,intermediate
23773506,23776888,23775197,0.0346038911088262,0.0019189175083628015,baseline
23776932,23786748,23781840,0.04223657203601211,0.0013569512937495157,baseline
23786750,23790825,23788787,0.019960304328505853,0.006156477505340503,baseline
23790826,23795095,23792960,0.03932234691931583,0.002215855957369251,baseline
23795103,23799667,23797385,0.04123550648038066,0.0023906777357090843,baseline
23799668,23803531,23801599,0.01683382683827659,0.004332694456855806,baseline
23803532,23807111,23805321,0.029863745969711693,0.0027060801817058765,baseline
23807113,23810917,23809015,0.0157481116980345,0.00499171954090717,baseline
23810918,23814533,23812725,0.041241946021753934,0.0019768870052769847,baseline
23814538,23818537,23816537,0.01819404734951417,0.005323054152811722,baseline
23818538,23822665,23820601,0.005789309336501109,0.003451704671060633,baseline
23822666,23826151,23824408,-0.0009447554267859132,-0.0033960793288714828,baseline
23826154,23829883,23828018,-0.0005525262719516626,0.0030153617912124816,baseline
23829887,23833339,23831613,0.03574103899308655,0.0029463011194467976,baseline
23833343,23836668,23835005,0.040501868069402376,0.002208231537778846,baseline
23836670,23840134,23838402,0.007176543550752577,0.003149945088680965,baseline
23840135,23843689,23841912,-0.019994516485874175,0.005569466301887113,intermediate
23843695,23846926,23845310,0.009712181882561132,0.0007422139894450936,baseline
23846930,23850157,23848543,-0.04747025327778151,0.008073146420625687,intermediate
23850165,23854563,23852364,-0.0035152781144656494,0.0028857550866827203,baseline
23854564,23857938,23856251,0.0007005452431200585,0.004722218220757427,baseline
23857940,23861297,23859618,0.005352692655314468,0.007897160485589545,baseline
23861298,23865470,23863384,0.014170286881197555,0.005859717994119011,baseline
23865478,23868589,23867033,-0.03344304584740948,0.007736780318780787,intermediate
23868592,23872455,23870523,-0.012603629540709448,0.008752568703254686,intermediate
23872465,23875874,23874169,0.04187495886694228,-0.00017989786239143706,baseline
23875875,23879803,23877839,0.020033032660879167,0.002800588853332075,baseline
23879806,23883341,23881573,0.04094816793777924,0.0022890502444545134,baseline
23883344,23886567,23884955,0.037908167936731955,0.00291658299233991,baseline
23886569,23890458,23888513,0.02437592760118103,0.001989627355368632,baseline
23890466,23893979,23892222,0.010636883173918919,0.0011393765236694371,baseline
23893980,23898048,23896014,-0.006295037112806473,0.0033520300415215256,intermediate
23898050,23902546,23900298,0.03639615628658042,0.0029840662452046162,baseline
23902549,23906225,23904387,-0.010912805807349603,0.009324013767983471,intermediate
23906229,23909303,23907766,0.023172401758187494,0.005208047729121061,baseline
23909304,23912520,23910912,0.012115555189966546,0.005647602356179902,baseline
23912524,23916447,23914485,0.04182335977462979,0.0025752451980260455,baseline
23916453,23919615,23918034,0.03181844182393251,0.0012988666527496426,baseline
23919617,23923091,23921354,-0.05392280601614527,0.0027186713673064814,intermediate
23923093,23926730,23924911,0.015426273336646616,0.004801398359654637,baseline
23926731,23930308,23928519,0.003031290422680306,0.006052998172941882,baseline
23930309,23933595,23931952,-0.02815973990013942,0.008811385759306962,intermediate
23933600,23939484,23936542,-0.035036449984883644,0.009966281956194655,intermediate
23939491,23946507,23942999,-0.1291382219547036,0.01592769624707328,outlier
23946514,23954524,23950519,-0.05809789611707718,0.013198158919173327,intermediate
23954533,23970760,23962646,-0.2598958767632843,-0.0001995295815450255,outlier
23970768,23984138,23977453,-0.09570960470568923,0.0012206216488066753,outlier
23984142,23988890,23986516,-0.06734486404806689,0.002952540655660225,intermediate
23988898,23993555,23991226,-0.05758278930089843,0.008047674541377833,intermediate
23993557,23997265,23995411,0.028233594216569527,0.0037174957332737316,baseline
23997272,24005502,24001387,-0.0007827575150383702,0.004498330552546633,baseline
24005504,24010705,24008104,-0.008433518146588388,-0.0032635169229071957,intermediate
24010706,24021983,24016344,-0.14400989088384172,0.018197808424050048,outlier
24021988,24029110,24025549,0.040927089492482006,0.002749034855587892,baseline
24029112,24033524,24031318,0.014232338777525807,0.0022373549360573267,baseline
24033532,24036960,24035246,0.036524997516975834,-0.0021883586906739695,baseline
24036967,24040241,24038604,0.024368910987600655,0.0005120929798410218,baseline
24040242,24046662,24043452,0.036851355718585554,0.002599658925392598,baseline
24046672,24049911,24048291,0.038713314991075914,0.0018568350747584488,baseline
24049914,24053187,24051550,0.040508527642615,0.0008553799466566058,baseline
24053191,24056902,24055046,0.009719058251562425,-0.0019837131862485142,baseline
24056905,24060431,24058668,0.035666171491198106,0.0008529856661183632,baseline
24060435,24065877,24063156,0.0125018780454663,0.0044952108699264645,baseline
24065883,24069009,24067446,0.0371895519446576,0.002778842409416094,baseline
24069012,24073074,24071043,0.03164697451435808,0.0033423009379173435,baseline
24073077,24076491,24074784,0.017501219875106045,0.0020618017394202592,baseline
24076494,24081390,24078942,-0.0296482238101269,0.007313429130223573,intermediate
24081392,24089521,24085456,0.009458528113519191,0.00017867888453852311,baseline
24089531,24092999,24091265,-0.044552616823165185,0.007528068678139086,intermediate
24093000,24096241,24094620,-0.06588050699807399,0.0015127582328094632,intermediate
24096260,24099443,24097851,0.03878055904245502,0.0019196630150643088,baseline
24099444,24103738,24101591,0.03887923495547878,0.0021982751878183563,baseline
24103755,24107087,24105421,0.04265852899107805,0.0009533670474539717,baseline
24107090,24110963,24109026,-0.013215587937252119,-0.003849705133506796,intermediate
24110967,24119023,24114995,0.015767665598033144,-0.0022971612383052907,baseline
24119024,24122400,24120712,-0.013760622756949574,0.0042994213329874105,intermediate
24122401,24126358,24124379,0.03538404963893639,0.0029797696084136096,baseline
24126363,24131539,24128951,0.02786234179251051,2.790447693527976e-06,baseline
24131542,24135030,24133286,0.008782503544663868,-0.0004757239885791461,baseline
24135034,24138338,24136686,0.041930586636986435,0.0020993020339435836,baseline
24138339,24141756,24140047,0.0031810245162650344,0.0046344851813905205,baseline
24141762,24146446,24144104,-0.05699640419407798,0.00917291363809331,intermediate
24146454,24150137,24148295,-0.035217834118333666,0.00972321702328621,intermediate
24150140,24153565,24151852,-0.023791645114440808,0.005494420864514275,intermediate
24153566,24157232,24155399,0.03128303744124637,-0.0007420120917483114,baseline
24157235,24160553,24158894,-0.017400410885758773,0.004731868916545383,intermediate
24160554,24163916,24162235,0.04133029043617252,0.002343011940018606,baseline
24163917,24167241,24165579,0.034375333852549816,-0.0014977149921957386,baseline
24167245,24171696,24169470,0.041716091485703016,-1.2320553211524064e-05,baseline
24171699,24175617,24173658,0.01437901908567298,0.0029907975448424428,baseline
24175618,24179088,24177353,0.020482184804024473,0.0030954786085258834,baseline
24179089,24184115,24181602,-0.012149999842446376,0.007808868250720879,intermediate
24184117,24188884,24186500,0.040348388271926335,0.001989338346344685,baseline
24188885,24193237,24191061,0.004102604296015763,-0.003507635817158607,baseline
24193239,24198633,24195936,0.03221051238917615,-0.0007161129650658728,baseline
24198635,24202379,24200507,-0.02484136192583494,0.0057563001784682365,intermediate
24202380,24206372,24204376,-0.043508065051933595,0.008544648239510417,intermediate
24206373,24211243,24208808,-0.0006655949120919497,0.007671800718167596,baseline
24211245,24215217,24213231,0.008985794527420028,0.006410566255453896,baseline
24215219,24219697,24217458,0.017254666674420754,0.0038619156421608805,baseline
24219706,24223988,24221847,0.019058223280589728,0.003459050386642348,baseline
24223991,24230101,24227046,0.02406131494464345,-0.003292424884348228,baseline
24230102,24233523,24231812,0.027438756023033285,0.0019977871860430902,baseline
24233524,24237334,24235429,0.041331466735878224,-0.000299316241236425,baseline
24237335,24242978,24240156,0.01695679711950838,0.0026496633714736895,baseline
24242981,24247864,24245422,0.017693489430982586,0.005442189884482855,baseline
24247866,24253331,24250598,0.0018785950967090566,0.0070473280271245355,baseline
24253332,24256701,24255016,-0.052924361662830065,0.0028284670950245627,intermediate
24256704,24263956,24260330,0.012875248910867823,0.0007668552832523617,baseline
24263960,24267819,24265889,0.03480024267904993,0.0035305627670476707,baseline
24267820,24271249,24269534,0.02151715320057189,0.004848787925381493,baseline
24271250,24275192,24273221,0.04147600529228428,0.001115041389797584,baseline
24275194,24281666,24278430,0.04029237072857753,0.0018967189869959645,baseline
24281667,24285465,24283566,0.00695054292564958,0.0009798550205795506,baseline
24285483,24289886,24287684,0.04031823192869129,0.0022228074129891314,baseline
24289889,24295028,24292458,-0.00611476314775078,-0.000977624909648018,intermediate
24295035,24299085,24297060,0.018567515839030248,0.0035778511100655586,baseline
24299086,24304317,24301701,0.02727833573874298,-6.296393430438017e-05,baseline
24304319,24312300,24308309,-0.08014285516946372,0.01756646895501912,outlier
24312302,24320443,24316372,0.040813600098354434,0.0024291207084155262,baseline
24320447,24324364,24322405,-0.0042560777837459315,0.010126029397581358,intermediate
24324372,24328148,24326260,-0.04759241564710191,0.009090704355517612,intermediate
24328164,24333078,24330621,-0.050435766642903876,0.00865805417854047,intermediate
24333082,24336495,24334788,-0.10452078117897175,0.014462284755522137,outlier
24336496,24339975,24338235,-0.18000352920473464,0.015659565318854304,outlier
24339979,24345014,24342496,-0.09433344664844895,0.015790471188812504,outlier
24345015,24349844,24347429,-0.043212246231780584,0.00238403343452306,intermediate
24349846,24354833,24352339,-0.005640263930449152,-0.0013993021113680852,intermediate
24354894,24359153,24357023,0.02114019661861345,0.006448080492065425,baseline
24359154,24363787,24361470,-0.01953429926406577,0.00420344001170813,intermediate
24363790,24367656,24365723,-0.03711322216406695,0.01209485497374,intermediate
24367659,24371058,24369358,-0.09726651370266189,0.014347614762707132,outlier
24371060,24375539,24373299,-0.02482262945010455,0.011959191289200134,intermediate
24375541,24380726,24378133,-0.02672781012952115,0.01076854814277527,intermediate
24380727,24384434,24382580,-0.027938826604883223,0.007990476508633963,intermediate
24384448,24388246,24386347,-0.05428528997085899,0.0023021800722497687,intermediate
24388249,24393199,24390724,-0.02354819568470618,0.007130197542957721,intermediate
24393201,24397533,24395367,-0.007147787487355968,0.0023819316407472186,intermediate
24397534,24402011,24399772,0.02122820990135517,0.002520991928055594,baseline
24402016,24405659,24403837,0.03907374441548114,0.000977537166459726,baseline
24405669,24409207,24407438,0.029619023494786074,0.005542591970956785,baseline
24409210,24413136,24411173,-0.007891129769308449,0.007709396057474975,intermediate
24413138,24416660,24414899,-0.0435428470633064,0.010678581650415487,intermediate
24416661,24420119,24418390,-0.0755254728127841,0.010593461467655932,intermediate
24420121,24423284,24421702,-0.08211089622445525,0.01847179023610634,outlier
24423285,24426533,24424909,-0.018751873267125043,0.005986556737343729,intermediate
24426534,24429662,24428098,0.029556074377145344,0.005394692525274016,baseline
24429663,24433393,24431528,0.024372962327186148,-0.0005237674166076906,baseline
24433394,24437325,24435359,-0.058025764637690797,0.011839923554807782,intermediate
24437326,24440659,24438992,-0.048974759372000645,0.017441287633146053,intermediate
24440660,24444215,24442437,0.008154634011271334,0.005617431213831394,baseline
24444219,24447717,24445968,0.02799252748740256,0.004922455579763781,baseline
24447719,24451291,24449505,-0.05603434253312593,0.01213253221227845,intermediate
24451298,24454689,24452993,-0.07440349162319689,0.009711960261769398,intermediate
24454694,24457808,24456251,0.034247146539907874,-0.00014421283789506017,baseline
24457811,24462678,24460244,-0.07838569545289224,0.017303699830086894,intermediate
24462681,24466771,24464726,-0.034846328424946324,0.008162405283220925,intermediate
24466779,24470418,24468598,-0.03606764237813577,0.01334760857988218,intermediate
24470434,24474080,24472257,-0.06916645597850858,0.009533090494381394,intermediate
24474089,24479228,24476658,-0.027575082698686994,0.006976020972188606,intermediate
24479229,24482614,24480921,0.029826583419794495,0.004746301031025784,baseline
24482619,24486742,24484680,0.005228878435611155,-0.0016341303593865627,baseline
24486743,24490127,24488435,0.02623747436770806,-0.0016989241712491929,baseline
24490148,24495255,24492701,0.03843398533306633,0.0029907776468818675,baseline
24495257,24499741,24497499,-0.016707544833186972,0.00974534505762088,intermediate
24499743,24503307,24501525,-0.11973836228888834,0.016068132162657005,outlier
24503310,24508375,24505842,-0.04007132041739558,0.0014372032302324175,intermediate
24508379,24513963,24511171,0.00792541702038422,0.008945098234455473,baseline
24513971,24519629,24516800,-0.006180915502483712,0.008358747933953203,intermediate
24519633,24524335,24521984,-0.05148918090699698,0.011738008929695043,intermediate
24524336,24528518,24526427,-0.10694087768822014,0.015396980889989748,outlier
24528520,24532728,24530624,0.03157634722070616,0.003847600667103141,baseline
24532736,24536055,24534395,0.02029564132484249,0.0013361994920078855,baseline
24536056,24539165,24537610,0.009453739454374346,0.006831241373609237,baseline
24539166,24542674,24540920,0.012297312563794177,0.00386197821017454,baseline
24542676,24546835,24544755,0.04266106775110452,0.001748882666066282,baseline
24546836,24550889,24548862,0.03869918723064383,0.002643406595220064,baseline
24550893,24554724,24552808,-0.0028968232582448493,0.005318641149163101,baseline
24554736,24559797,24557266,0.01986969345794173,0.0046812371822905164,baseline
24559798,24563161,24561479,0.03297603909694413,0.001378553098612,baseline
24563163,24567363,24565263,0.040215657760172,0.0023453364067179366,baseline
24567364,24570630,24568997,0.022549472379506576,0.0018946194628967647,baseline
24570632,24574555,24572593,0.031706751068965366,0.003927270547727468,baseline
24574564,24578030,24576297,0.03822350199446029,0.0005689786350224252,baseline
24578035,24581546,24579790,0.025065023863738014,0.003370650735341636,baseline
24581547,24585047,24583297,0.03759297284603091,0.0021984444155379165,baseline
24585050,24588439,24586744,0.029192310281404916,0.001091240977914259,baseline
24588440,24591892,24590166,0.033170104046497846,-0.0001559734046955884,baseline
24591897,24595111,24593504,-0.007543191469999732,0.0017310229031438837,intermediate
24595113,24598331,24596722,0.032147039234072805,0.0016500444811980144,baseline
24598337,24601777,24600057,0.02576158014545703,0.002187574144781953,baseline
24601779,24605045,24603412,0.035776786605784795,0.0020612448511525827,baseline
24605048,24608238,24606643,0.0001637410137737128,0.002924924275832655,baseline
24608242,24611615,24609928,-0.028170309080172533,0.005312740973383894,intermediate
24611616,24614991,24613303,0.037945864437920675,0.0016889740920169236,baseline
24614992,24618137,24616564,0.036620644728438415,0.0016173926845257432,baseline
24618140,24621457,24619798,0.04077336164236748,0.0008008663538996669,baseline
24621458,24624764,24623111,-0.006319664016600679,0.007789715687514606,intermediate
24624783,24628284,24626533,-0.0023400483828239565,0.0035556923292151352,baseline
24628285,24631467,24629876,0.02237335033506239,0.001345941280918724,baseline
24631468,24634449,24632958,0.006096252659465391,0.007880255663408399,baseline
24634453,24637695,24636074,0.03130097395653412,0.002888834650119916,baseline
24637697,24640913,24639305,0.030710609163072368,0.0031859581418453645,baseline
24640914,24644021,24642467,0.00179864907546208,0.004275816221247263,baseline
24644022,24647301,24645661,-0.045437657007838375,0.006595455543932839,intermediate
24647305,24650651,24648978,-0.035873263802064244,0.0023861577623282442,intermediate
24650652,24654185,24652418,-0.020223469461054668,0.00888033631067923,intermediate
24654187,24657632,24655909,0.03941295501170623,0.003014435276313674,baseline
24657636,24660883,24659259,0.010624713723876631,0.004439914960714645,baseline
24660886,24664395,24662640,0.03943676836462041,0.0025713305196150174,baseline
24664397,24669017,24666707,0.01991534150995184,0.0030453012929460037,baseline
24669018,24674481,24671749,0.0032509335188901276,0.006700619270371061,baseline
24674504,24679254,24676879,-0.04171768940951286,0.006066005292259106,intermediate
24679257,24683138,24681197,-0.06952133120302269,0.010653439159805309,intermediate
24683140,24689574,24686357,0.011996906881803817,0.005934444635356697,baseline
24689586,24693913,24691749,0.0027471292031877627,0.004509346676501238,baseline
24693914,24699266,24696590,0.01771346939647612,0.005505282401890745,baseline
24699272,24704858,24702065,0.02322158174529029,0.0034191343808630194,baseline
24704860,24708298,24706579,0.019560780479694062,0.004776336561411911,baseline
24708301,24711763,24710032,-0.026002441314123072,0.00765246931194025,intermediate
24711764,24715508,24713636,-0.08445461268666113,0.010660552891484409,outlier
24715509,24719169,24717339,-0.057338173708530074,0.008978055600801938,intermediate
24719171,24723235,24721203,0.03261108509295853,-0.000107702351114981,baseline
24723241,24726811,24725026,0.03142699180157444,0.004147154652414761,baseline
24726815,24731104,24728959,-0.01603169349792382,0.00580309806943182,intermediate
24731109,24735573,24733341,0.02725456636799519,0.003716085505870329,baseline
24735576,24739230,24737403,0.00400058917503008,0.005714041629437267,baseline
24739231,24743138,24741184,0.011406189134553185,0.003388210595952438,baseline
24743139,24746774,24744956,0.008298002948172229,0.006112933694984539,baseline
24746775,24749912,24748343,0.024305555548641763,0.005331642472023149,baseline
24749914,24753313,24751613,0.02115539723297825,0.005719503833309281,baseline
24753315,24758848,24756081,0.03327870506253395,0.003926155478076744,baseline
24758850,24762351,24760600,0.030213107776662515,0.0030675145294608163,baseline
24762357,24766016,24764186,0.03807298927140819,0.0029232595771915607,baseline
24766019,24769297,24767658,0.015639995761429923,0.003020164663793536,baseline
24769298,24772549,24770923,0.02600816010472489,0.003198591697817193,baseline
24772553,24776098,24774325,0.0221988782424802,0.0026965698136323856,baseline
24776099,24779844,24777971,0.03486391391835858,0.0039680052919344325,baseline
24779847,24783546,24781696,-0.0012219467077716085,0.008653508553547878,baseline
24783553,24786896,24785224,0.04261153996898375,0.002041913793200773,baseline
24786898,24790175,24788536,-0.05915366829966489,0.008314961108791112,intermediate
24790176,24793376,24791776,-0.0057867630745991475,0.005751620365143223,intermediate
24793380,24797160,24795270,-0.0007432094142516727,-0.0003516137692849832,baseline
24797163,24801793,24799478,0.01893273392693463,0.0013886039749658157,baseline
24801796,24805272,24803534,-0.04259754659348934,0.011404068947560287,intermediate
24805278,24809070,24807174,0.016885681902140823,0.004493771702638631,baseline
24809072,24854195,24831633,0.004805429292643882,0.003489380829966839,baseline
24854196,24858148,24856172,-0.021455281072557415,0.010606115816531241,intermediate
24858149,24862727,24860438,0.021805846483258798,0.004559923071145174,baseline
24862730,24867521,24865125,-0.004369142072635186,0.004598158640385036,intermediate
24867523,24871267,24869395,0.01771068935021979,0.0010875945752425733,baseline
24871270,24875411,24873340,0.03420668543595084,0.001411904439930654,baseline
24875414,24878646,24877030,0.006360363623145534,0.006509943311780828,baseline
24878647,24882025,24880336,0.019787704173249755,-0.0021748621268728196,baseline
24882034,24886097,24884065,0.04025891725661574,0.0008783254757516213,baseline
24886101,24890739,24888420,-0.016962150382957068,0.007174773813340737,intermediate
24890741,24894979,24892860,0.023735627817208463,0.0020420868689073456,baseline
24894980,24899626,24897303,0.00963260459135599,0.0020352338499482767,baseline
24899632,24904581,24902106,-0.02531703767523821,0.006345817873243478,intermediate
24904586,24907977,24906281,-0.008189471033307642,0.0020776034016532986,intermediate
24907979,24912646,24910312,0.04072628350060081,0.0013571237806451369,baseline
24912647,24917261,24914954,0.016933843191838292,0.004166409372470252,baseline
24917271,24921112,24919191,0.02380218017195337,0.00048820254583614286,baseline
24921115,24930025,24925570,-0.009911010972253753,0.013541291852530432,intermediate
24930026,24935733,24932879,-0.1015883141336851,0.01871224853486155,outlier
24935736,24942470,24939103,-0.01057574287416579,0.0061035766481116124,intermediate
24942471,24950521,24946496,0.029407664417855483,0.0030243917566697516,baseline
24950522,24955054,24952788,-0.04542790212183844,-0.0034857951293067705,intermediate
24955058,24960978,24958018,-0.0651079622948582,0.008822738508602657,intermediate
24960979,24965167,24963073,-0.014723306278917532,0.007659530804326184,intermediate
24965168,24968967,24967067,-0.04328957737121281,0.004152736887969637,intermediate
24968968,24972908,24970938,-0.07487724953945868,0.010305125710524091,intermediate
24972909,24976546,24974727,0.03306142115993895,0.0010880567445603622,baseline
24976549,24979844,24978196,0.03804818841493016,0.0025361212190115182,baseline
24979846,24983103,24981474,0.04154513186462492,0.0019044893955124317,baseline
24983108,24986521,24984814,0.02624411939187041,0.004653916984936923,baseline
24986523,24989698,24988110,0.03233449980595345,0.0029234962950268483,baseline
24989700,24992877,24991288,0.010461154569882279,0.006729464723667292,baseline
24992881,24996499,24994690,0.030574826374006284,0.003364214076401769,baseline
24996503,24999673,24998088,0.04066623008570332,0.002202142240995879,baseline
24999675,25003106,25001390,0.04273687444953715,0.0017826479007049313,baseline
25003109,25006423,25004766,-0.004665389323199298,0.008094659238171873,intermediate
25006424,25009499,25007961,0.04180206042489445,0.0023117416567199523,baseline
25009501,25012745,25011123,0.02588294587338791,0.003422007530329803,baseline
25012748,25016009,25014378,0.021234811269999303,0.005097093864876173,baseline
25016017,25019160,25017588,0.03467160499878697,0.002461604584207819,baseline
25019168,25022942,25021055,0.038525813943990316,0.0025719885228462666,baseline
25022948,25026107,25024527,0.020770483818272546,0.0008317884160315266,baseline
25026108,25029529,25027818,0.03858927795770586,0.003309931063638893,baseline
25029534,25032892,25031213,0.035225852532829054,-0.00012778220210151,baseline
25032896,25036450,25034673,0.029786901634816305,0.00045090914521933036,baseline
25036452,25039847,25038149,0.019626662754488617,-0.0005209645144183135,baseline
25039848,25044278,25042063,0.030580587019719607,-0.0012976176090833123,baseline
25044279,25047783,25046031,0.03196961508935398,-0.0031022871485163203,baseline
25047786,25051169,25049477,0.01706405028824846,0.003673680698643753,baseline
25051174,25054298,25052736,0.02887018607483493,0.0012466036130991062,baseline
25054301,25058261,25056281,0.027669893083539315,0.0039388594852478856,baseline
25058262,25062100,25060181,0.037247619649506195,0.003305239779780777,baseline
25062105,25066262,25064183,0.038099968265352994,0.002528163452147031,baseline
25066265,25069666,25067965,0.035898693216275396,0.00020319696440297685,baseline
25069668,25073075,25071371,-0.003263265275225051,-0.0008676970796506245,baseline
25073077,25076420,25074748,0.01667053143991739,-0.0014922220524311123,baseline
25076431,25079965,25078198,-0.0178113427954138,0.0004553699594586399,intermediate
25079968,25083357,25081662,-0.022848151273189003,0.003740772429209904,intermediate
25083358,25086722,25085040,-0.0021170406119489895,0.002528809241062499,baseline
25086724,25090120,25088422,0.039554093007893074,0.002438101423355824,baseline
25090139,25093607,25091873,-0.001362565677928339,0.005693613097856082,baseline
25093608,25097337,25095472,0.0034143241533605598,0.005152075128834677,baseline
25097338,25100843,25099090,0.0037732143167824106,0.008166633823592074,baseline
25100845,25104286,25102565,0.0289386420749347,0.003927948716614542,baseline
25104289,25107909,25106099,0.013776209921176622,0.0025741885892587636,baseline
25107910,25111355,25109632,0.015403683776774858,0.00033755792106876503,baseline
25111356,25115170,25113263,0.03247699013441818,0.001490446998786755,baseline
25115171,25122277,25118724,0.043212889245289,0.0006770305745214415,baseline
25122280,25125709,25123994,0.03695578761972585,0.0019305864776517575,baseline
25125711,25129873,25127792,0.03742524990530809,0.0033840519475798916,baseline
25129875,25134290,25132082,-0.07430788683659663,0.013191619129679704,intermediate
25134291,25137952,25136121,-0.10705043677355049,0.012320999563175743,outlier
25137955,25141298,25139626,0.006531020375122419,0.009183156999436191,baseline
25141304,25144669,25142986,-0.032212390731448666,0.007634808921419443,intermediate
25144672,25148150,25146411,0.010952727355074013,0.005178539717170353,baseline
25148151,25151491,25149821,0.0028313137660703814,0.007526413051447307,baseline
25151492,25154849,25153170,0.04084931800404954,0.002586891955767421,baseline
25154856,25158378,25156617,0.006421628656584006,0.0007713180925431804,baseline
25158379,25162056,25160217,0.00593384031960622,0.0020783682309655923,baseline
25162059,25165204,25163631,0.01403427016786662,0.004729632460893855,baseline
25165208,25169182,25167195,-0.07167278282873524,0.00906145670869691,intermediate
25169183,25175868,25172525,0.022401478092176772,0.003782808274663082,baseline
25175872,25180058,25177965,0.04337020399681137,0.0018578068263813779,baseline
25180060,25183658,25181859,-0.03404948066970549,0.009416786701090554,intermediate
25183660,25187750,25185705,-0.024390422697955643,0.012985903801096274,intermediate
25187751,25194211,25190981,0.019741166965963727,0.003344876727658902,baseline
25194213,25204741,25199477,0.032076335299961345,0.00314359781463158,baseline
25204744,25214536,25209640,0.04307651281121561,0.0017546190933883184,baseline
25214538,25220090,25217314,0.004190591482601524,0.006544841365848922,baseline
25220092,25233775,25226933,0.04093260813426708,0.002413635298809441,baseline
25233782,25244196,25238989,0.042577187845998773,0.0018748673294699484,baseline
25244197,25247567,25245882,0.04004385441259784,0.002272690015893315,baseline
25247571,25253771,25250671,0.009778999451224814,0.0037316039901935556,baseline
25253772,25257511,25255641,0.008311514849330971,0.0024657180986030307,baseline
25257515,25267694,25262604,0.04033432380919174,0.0017806086183049094,baseline
25267696,25276119,25271907,0.035577488221894445,0.00209695685178665,baseline
25276120,25284297,25280208,0.04324036165299098,0.0019052005272576088,baseline
25284298,25307388,25295843,0.04078839771469837,0.0017460884896018055,baseline
25307394,25313459,25310426,0.041349570471922135,0.0021132072858095824,baseline
25313461,25322754,25318107,0.03901772842053531,0.002382358268455689,baseline
25322755,25327539,25325147,0.01778833482794627,0.005312595043527112,baseline
25327541,25330755,25329148,-0.043255233152450195,0.004987809933571793,intermediate
25330759,25334056,25332407,0.02379192797514901,0.0036034713762742882,baseline
25334058,25337632,25335845,0.0267699398514317,0.005208500369345441,baseline
25337634,25340866,25339250,0.0008743219664011583,0.0007748310508380373,baseline
25340873,25344382,25342627,-0.043360030694554484,0.005627391925010184,intermediate
25344391,25347604,25345997,0.02666813156106957,0.004150694188168164,baseline
25347610,25350884,25349247,-0.006502866636873434,0.008063335369783377,intermediate
25350886,25354173,25352529,0.007920640182816439,0.007069611991127818,baseline
25354183,25357974,25356078,0.040589407568334374,0.0028183049844944887,baseline
25357975,25361389,25359682,0.03751751785882097,0.0017672393495954397,baseline
25361390,25364638,25363014,0.019831804154369397,0.004153546048067661,baseline
25364643,25367907,25366275,0.04095304256598818,0.001141598408848018,baseline
25367910,25371097,25369503,-0.030976161022649655,0.008389719371606168,intermediate
25371104,25374208,25372656,-0.07028696236518803,0.016246535258825252,intermediate
25374209,25377966,25376087,0.030254718144402087,-0.0001421733608739141,baseline
25377969,25381416,25379692,-0.005496257006638646,0.0110609408031727,intermediate
25381417,25384555,25382986,0.038249606087012764,0.0031010278529666675,baseline
25384557,25387796,25386176,-0.05432340870083518,0.008694043315539881,intermediate
25387798,25393361,25390579,-0.05321685410646459,0.003414012162849635,intermediate
25393363,25397777,25395570,-0.08047586458473288,0.00846039452580279,outlier
25397779,25401968,25399873,0.04098568145044609,0.0021638920461299013,baseline
25401973,25407261,25404617,0.018698459573059698,0.002585374554570304,baseline
25407277,25410792,25409034,0.03955526537609859,0.0031657397354326487,baseline
25410793,25414760,25412776,0.042318887689436896,0.0016747480369270352,baseline
25414762,25418242,25416502,0.01655715200276379,0.0050189623220770075,baseline
25418243,25421739,25419991,-0.015290120207210673,0.006682102020398503,intermediate
25421740,25425047,25423393,0.006140677512943304,0.006322783522496828,baseline
25425048,25428915,25426981,-0.14332645270929165,0.019449500521928453,outlier
25428918,25432365,25430641,-0.13263853954488883,0.02162168315157045,outlier
25432369,25436680,25434524,-0.012542168789244449,0.009667334563540566,intermediate
25436687,25440327,25438507,0.021217345955154465,0.002807080260639648,baseline
25440331,25444394,25442362,0.019177936780415156,0.002996061176908399,baseline
25444395,25448599,25446497,0.016833669426597572,0.003861365924269612,baseline
25448601,25452587,25450594,0.042392113232022965,0.002239526151583467,baseline
25452592,25456038,25454315,0.036546826216461714,0.002197399389525606,baseline
25456039,25459760,25457899,0.026467685615988525,0.0018201092312308195,baseline
25459762,25462870,25461316,-0.00012378998736366022,0.0005368110557727474,baseline
25462872,25466035,25464453,0.024665916282727483,0.0042258437349943405,baseline
25466036,25469230,25467633,0.03999097625057127,0.001946807621133433,baseline
25469232,25472633,25470932,0.03126644457315433,0.0035953111867364066,baseline
25472634,25476352,25474493,0.038477969282325775,0.0030337795377349997,baseline
25476354,25479806,25478080,0.01667733855173632,0.0004034805659846414,baseline
25479810,25483211,25481510,-0.02303851328710029,0.006296126921544561,intermediate
25483214,25486212,25484713,0.016466503817935234,0.0020876400799527796,baseline
25486214,25489908,25488061,0.03564794614294238,0.003317370673706624,baseline
25489910,25493307,25491608,0.028861734986223853,0.0027265797636764136,baseline
25493319,25496797,25495058,-0.026151505725479206,0.007284000484013878,intermediate
25496798,25500258,25498528,0.03458906585617538,0.0028063651780852977,baseline
25500263,25503827,25502045,-0.018822228169132683,0.008895329710983587,intermediate
25503830,25507202,25505516,-0.029931017579234342,0.008865168466762378,intermediate
25507207,25510404,25508805,-0.013923799226484828,0.004114377448621625,intermediate
25510405,25513635,25512020,0.01415440955729541,0.004245700798094178,baseline
25513637,25516728,25515182,-0.06930148849883969,0.009594761781460414,intermediate
25516730,25519890,25518310,-0.05091286603736649,0.009459502617527845,intermediate
25519891,25523058,25521474,0.022516076502602886,0.0009331693100088878,baseline
25523062,25526543,25524802,-0.039771894449856085,0.0022918761867240308,intermediate
25526546,25529776,25528161,0.024501404596931387,0.003429244353597398,baseline
25529781,25533021,25531401,0.020132727051037646,0.0010564776049521028,baseline
25533023,25536456,25534739,-0.017792363069999182,0.00839206765950821,intermediate
25536458,25539825,25538141,-0.058581985486736175,0.009174426574312939,intermediate
25539826,25545191,25542508,-0.09976350306926147,0.008270732423257907,outlier
25545196,25548730,25546963,-0.07175777932949678,0.011282023495659384,intermediate
25548739,25552141,25550440,-0.008514485699723354,0.008033216676873274,intermediate
25552144,25556419,25554281,-0.11790595522797839,0.012994253361255034,outlier
25556422,25560047,25558234,-0.06939618832175498,0.014019800714195951,intermediate
25560049,25563552,25561800,-0.06501746428054023,0.006049356113526107,intermediate
25563555,25566628,25565091,-0.0629683831720721,0.012737434708624828,intermediate
25566630,25570823,25568726,-0.04931261388668816,0.004167006272137789,intermediate
25570833,25575998,25573415,0.01058740427164162,-0.0008792483332746342,baseline
25576002,25580327,25578164,-0.08312094351640162,0.0022871596352375613,outlier
25580329,25583736,25582032,-0.06950572610235951,0.0015207878425034607,intermediate
25583737,25587065,25585401,-0.05848807243645053,0.011039324299323956,intermediate
25587067,25591421,25589244,-0.02303939292460271,0.003711503764752659,intermediate
25591423,25595565,25593494,-0.028342190375817655,0.0035842546173431022,intermediate
25595566,25598981,25597273,0.024284445928760036,0.005173124344126827,baseline
25598982,25602408,25600695,-0.007410715281564405,0.005303557370863266,intermediate
25602416,25605827,25604121,0.03094956864783688,0.0007048903836938679,baseline
25605830,25609406,25607618,0.01960832251105736,0.004475394760669287,baseline
25609414,25612682,25611048,0.019643367923541648,0.003979912259990329,baseline
25612684,25616131,25614407,0.0009827940180124784,0.002583441299054076,baseline
25616132,25619365,25617748,0.040977351876264584,0.002145390626268368,baseline
25619371,25622703,25621037,-0.02908079790426652,0.00855576620213911,intermediate
25622707,25626000,25624353,-0.02904867736571434,0.005565066621877698,intermediate
25626002,25629247,25627624,0.004911140036634571,0.005375775747860019,baseline
25629255,25633413,25631334,0.0110198072018524,0.0014450219976422558,baseline
25633416,25636788,25635102,0.02911243618029957,0.0009211656886520712,baseline
25636789,25640387,25638588,0.03881324641804117,0.002419243155705517,baseline
25640390,25643670,25642030,0.028233611128675284,0.0007009677143981391,baseline
25643674,25647011,25645342,0.009023255937484372,0.0046531300687816125,baseline
25647016,25650741,25648878,0.017210751127170448,-0.0007938893362099909,baseline
25650743,25654822,25652782,0.011278811632461522,0.0064239969881350716,baseline
25654823,25658730,25656776,0.017960410462941334,0.00510858940847292,baseline
25658733,25663323,25661028,0.027212346053437513,0.0037295738332294858,baseline
25663325,25667007,25665166,0.014003317740117151,0.0012716507706635393,baseline
25667009,25670968,25668988,0.016485306523444307,0.006394058796821695,baseline
25670970,25675320,25673145,0.03713158269859333,0.0032306464883720587,baseline
25675322,25678870,25677096,0.02907732664062576,0.0023676265412724933,baseline
25678873,25683147,25681010,-0.023711502263065183,0.010320913017033893,intermediate
25683151,25686386,25684768,-0.0605996057463946,0.010241125779786808,intermediate
25686389,25694377,25690383,0.03958739715497773,0.0019113448340865547,baseline
25694380,25697807,25696093,-0.00380382220568086,0.006327001027396989,intermediate
25697808,25701731,25699769,0.021828936537537598,0.0017571476205317127,baseline
25701734,25705380,25703557,0.001642200515301504,0.003981781507710907,baseline
25705382,25709544,25707463,0.025523283201062282,0.0035177699647971315,baseline
25709548,25712930,25711239,0.04255001605357789,0.0020566535175737454,baseline
25712932,25716357,25714644,0.03535533833758177,0.003837682603717797,baseline
25716358,25720528,25718443,0.03714693312868174,0.001369704901163329,baseline
25720529,25723915,25722222,0.010863126392250583,0.004174422371598336,baseline
25723916,25727201,25725558,0.040169671188996066,0.002588827132873116,baseline
25727202,25730418,25728810,0.034128929440614596,0.003590433353580035,baseline
25730426,25733955,25732190,0.025362220673414114,0.0027440999969052487,baseline
25733956,25737420,25735688,0.028813931800042273,0.005362574141386801,baseline
25737422,25741190,25739306,0.012002949183438178,0.00452135642795093,baseline
25741191,25744113,25742652,0.0047816507859358886,0.004286578132883103,baseline
25744114,25747281,25745697,-0.030461661294680472,0.01018471081232177,intermediate
25747283,25750530,25748906,-0.023111011016361024,0.013725366899543966,intermediate
25750533,25754060,25752296,0.024296376166347056,0.0017559935778401392,baseline
25754063,25757638,25755850,0.001487488707159392,0.0012669363252624701,baseline
25757640,25761522,25759581,0.03527429316260759,0.001177361278173668,baseline
25761524,25770290,25765907,0.032065083914670486,0.004342440435741083,baseline
25770298,25777754,25774026,0.008795162483516781,0.007127638290475685,baseline
25777760,25781333,25779546,-0.04500918413608893,0.008970273336973887,intermediate
25781336,25784678,25783007,0.010877140823971895,0.0030568160364786066,baseline
25784681,25789011,25786846,0.04017471568184253,0.0024281473750587227,baseline
25789012,25793104,25791058,-0.02722653450887726,0.016852387127951906,intermediate
25793105,25796432,25794768,0.04145878695310276,0.0021702178597152707,baseline
25796436,25800845,25798640,0.033381967558069124,0.0034418534633093496,baseline
25800846,25804061,25802453,0.0405027136196406,0.0012223341113547159,baseline
25804063,25808465,25806264,0.025006515424667947,0.0011497991830332853,baseline
25808466,25812106,25810286,-0.0274417749357536,-0.0006926813665206562,intermediate
25812109,25815291,25813700,0.010836970630734357,-0.0011705490495542046,baseline
25815296,25818839,25817067,0.009789557091333933,0.0029803466165536116,baseline
25818840,25822143,25820491,0.01290045515357522,0.003029316846687225,baseline
25822144,25825487,25823815,0.026080718009400743,0.0026709940721490228,baseline
25825488,25828928,25827208,0.03994694768066114,0.0022227813476794716,baseline
25828929,25832246,25830587,0.003812219401592084,0.0049803993471056705,baseline
25832248,25835584,25833916,-0.036881897790592956,0.007923095904946838,intermediate
25835591,25838861,25837226,0.029548572771751325,0.004650018798072326,baseline
25838862,25842154,25840508,0.037668004987845095,0.002367654213062512,baseline
25842157,25845522,25843839,-0.04358533486237936,0.009553735150988802,intermediate
25845524,25849140,25847332,-0.038353574210718805,0.0035785601148914624,intermediate
25849141,25852525,25850833,0.030115606945073266,0.0003866806846441929,baseline
25852527,25855532,25854029,-0.027053006934928063,0.0036256153517553193,intermediate
25855533,25858661,25857097,0.002449229053912142,0.006510325372875452,baseline
25858662,25861777,25860219,-0.03073724854162662,0.011356088660670276,intermediate
25861780,25864803,25863291,-0.004641933099466912,0.004651785054212612,intermediate
25864805,25868515,25866660,-0.013910113759667159,0.006122048236736694,intermediate
25868516,25871692,25870104,0.03104941942190328,0.003114505392622285,baseline
25871693,25874978,25873335,0.015360477847889551,0.0054113972557793925,baseline
25874980,25878455,25876717,-0.1033198158527253,0.008806643965718479,outlier
25878459,25881722,25880090,-0.09507081032807232,0.010446212318012366,outlier
25881726,25885382,25883554,-0.057626420230660017,0.0095885773512382,intermediate
25885391,25888610,25887000,-0.12230641116412548,0.010694056600318061,outlier
25888611,25892066,25890338,-0.11464923273078835,0.012890248755118182,outlier
25892071,25896786,25894428,-0.07397999335737508,0.012311478690315,intermediate
25896790,25901562,25899176,-0.1642840298096576,0.02353379053320059,outlier
25901582,25904809,25903195,-0.0050083817811838235,0.0023882663920453866,intermediate
25904811,25908252,25906531,0.013218598119014201,-0.002126262926836735,baseline
25908260,25912519,25910389,0.023911877189735163,0.0036877270154870535,baseline
25912521,25915954,25914237,-0.013080318220783203,0.0038159324213403218,intermediate
25915956,25919515,25917735,-0.01488684567967141,-0.007710381758083143,intermediate
25919518,25923270,25921394,-0.005860903222779473,-0.00489867841725113,intermediate
25923272,25926654,25924963,0.03491966557484451,-0.002184747974945408,baseline
25926658,25929999,25928328,0.028098408055886252,0.0037262746817511203,baseline
25930007,25933173,25931590,0.032827259477717474,0.0004457865488134443,baseline
25933174,25936467,25934820,-0.014784620612357267,-0.003673237862534817,intermediate
25936469,25939717,25938093,-0.010024280485243597,-0.0015990299332583411,intermediate
25939719,25943037,25941378,-0.049493198391754256,0.006002372369778669,intermediate
25943045,25947177,25945111,-0.019500809105049255,0.007891818736729339,intermediate
25947178,25951146,25949162,0.008005813692873792,-0.00014349897651844975,baseline
25951147,25954448,25952797,-0.022661199108044188,0.005680860498637241,intermediate
25954450,25959279,25956864,-0.011642020905948732,0.0021600276198567156,intermediate
25959282,25962581,25960931,0.03542364504922542,0.0021750189128695255,baseline
25962588,25966544,25964566,0.011569342924589611,0.0028094937550553153,baseline
25966545,25970182,25968363,-0.05289475576242189,0.007608033032064378,intermediate
25970184,25973489,25971836,0.018728852147199198,-0.002672552536639302,baseline
25973492,25978059,25975775,-0.0161667088474515,0.009558143227912413,intermediate
25978065,25982345,25980205,-0.03885082514411427,0.009711002131382285,intermediate
25982347,25986238,25984292,-0.05443269425459455,0.008873705362273398,intermediate
25986239,25989486,25987862,0.04033809336151851,0.0009825057198133385,baseline
25989489,25993350,25991419,0.03043780135868585,0.0007383928794125793,baseline
25993356,25996524,25994940,-0.00939902201117894,0.007085482161517402,intermediate
25996531,26000214,25998372,0.039525463901784394,0.002655839644287565,baseline
26000216,26003977,26002096,0.01072846417599049,0.002381904027209028,baseline
26003978,26007766,26005872,-0.004092372956290441,0.0013255387128995589,intermediate
26007771,26011026,26009398,0.03547057635561556,0.0031239702615131278,baseline
26011028,26014314,26012671,-0.08827538959497451,0.015479441868162726,outlier
26014315,26017671,26015993,0.014770309151769714,0.004499450049249364,baseline
26017675,26020927,26019301,-0.023986579345222577,0.011762743796839177,intermediate
26020933,26024415,26022674,-0.028128390636905944,0.003331690712971151,intermediate
26024419,26027895,26026157,0.04206976120557637,0.002165676017571444,baseline
26027896,26033107,26030501,0.038341940761183524,0.00255340744665886,baseline
26033112,26036618,26034865,-0.023924823020239096,0.009749980266408676,intermediate
26036622,26040489,26038555,0.04178187303985077,-0.0007903424442108071,baseline
26040490,26044837,26042663,-0.06898760723532177,0.005682925392069826,intermediate
26044838,26048304,26046571,-0.01948730376518788,0.0025387905524489472,intermediate
26048307,26052587,26050447,-0.04695367739919009,0.008777453291537443,intermediate
26052593,26056202,26054397,0.017236407766843362,-0.002723898434063905,baseline
26056204,26059341,26057772,0.013904902175840145,-0.0016891500128774018,baseline
26059343,26063143,26061243,0.007084758679431129,-9.987991698240302e-05,baseline
26063144,26066611,26064877,0.012303168377907224,-0.0010789767654198357,baseline
26066621,26070634,26068627,0.021583985415079252,0.002149877959049943,baseline
26070635,26074062,26072348,0.023618404568051133,0.0041547250271578495,baseline
26074064,26077403,26075733,-0.015279369479103714,0.007778106648217691,intermediate
26077405,26081123,26079264,-0.014525446837601003,-0.004643172500630975,intermediate
26081128,26084339,26082733,0.024959179090066435,0.0009486189786980863,baseline
26084341,26087838,26086089,0.017262476396936774,0.003017354862579341,baseline
26087842,26091548,26089695,0.012915775440189906,0.0042632111140869094,baseline
26091556,26095124,26093340,0.030943464681853352,0.0012359999802698718,baseline
26095129,26099700,26097414,0.0339612325812699,0.004030062613903084,baseline
26099701,26102862,26101281,0.015878171852498974,0.005920016699688287,baseline
26102868,26107270,26105069,-0.004210523637331213,0.008542292274054923,intermediate
26107276,26111513,26109394,0.03954437628030705,0.003464761557377298,baseline
26111515,26114844,26113179,0.014548342586120058,0.009579382715331331,baseline
26114847,26118066,26116456,-0.02497661172027133,0.008994809223415372,intermediate
26118070,26121343,26119706,-0.0018562947168069223,0.005424503061160102,baseline
26121344,26125097,26123220,0.031216694550772184,0.00216340417338386,baseline
26125104,26128825,26126964,0.0394693388359783,0.0014935628557825422,baseline
26128830,26132233,26130531,0.033339241436575934,0.002868721205808115,baseline
26132236,26135640,26133938,0.03160899773923069,-0.001434511911690823,baseline
26135649,26139006,26137327,0.03961101782669663,0.0016981427839265263,baseline
26139009,26145106,26142057,0.040403836590762056,0.0004898607252335256,baseline
26145108,26148592,26146850,-0.03625686592767573,-0.0028080988720564897,intermediate
26148593,26151881,26150237,0.019730128641247707,0.0033616646842743263,baseline
26151884,26156625,26154254,-0.04329060046108467,0.012742022208830974,intermediate
26156630,26160153,26158391,-0.0940276046674258,0.017418084565789048,outlier
26160154,26165966,26163060,-0.0020284927195125782,0.006081669758391379,baseline
26165968,26169360,26167664,0.010443525201572417,0.000592090406403278,baseline
26169363,26172648,26171005,0.017622334601371005,0.005454169055089545,baseline
26172653,26176244,26174448,0.03983894433109726,0.002480531417568656,baseline
26176254,26179782,26178018,0.02982195350691133,0.004987033328918862,baseline
26179787,26183506,26181646,0.020982878056074076,0.005102050573603716,baseline
26183512,26189423,26186467,0.04132536614121408,0.001698332211921233,baseline
26189424,26192716,26191070,0.04246565628066557,0.0019053941476745498,baseline
26192718,26196026,26194372,0.027444654398815486,0.0035539878971549577,baseline
26196030,26199376,26197703,0.0419913640813652,0.0018323617646746587,baseline
26199394,26202620,26201007,0.03943040620315676,0.000988172372012105,baseline
26202621,26205878,26204249,-0.012279527643212981,0.0029389364315990057,intermediate
26205879,26209334,26207606,0.036081383131327714,0.0024212912326381877,baseline
26209335,26212862,26211098,-0.007774816790245113,0.004986526040981473,intermediate
26212864,26216485,26214674,-0.1058580339904224,0.018606196031650184,outlier
26216487,26220030,26218258,-0.04796724535754784,0.009725177842669025,intermediate
26220032,26223842,26221937,-0.03613891337293775,0.007767718099709058,intermediate
26223843,26227332,26225587,-0.0014299225663028717,0.007023096424345805,baseline
26227337,26230640,26228988,0.03762804357630595,0.0025841437657242424,baseline
26230642,26233925,26232283,0.007199055849983993,0.008054446999729537,baseline
26233926,26237408,26235667,-0.027212492176914283,0.011052777013045632,intermediate
26237409,26241212,26239310,-0.0023838061741413507,0.004646903712187757,baseline
26241216,26244526,26242871,-0.01126736326115032,0.002959714225653089,intermediate
26244527,26247843,26246185,0.03164246928348536,0.0021175367359632397,baseline
26247845,26255715,26251780,0.03831485823625412,0.0021382408540472015,baseline
26255720,26259014,26257367,0.022416189009477686,0.005540448674039131,baseline
26259016,26262354,26260685,-0.017359525443882164,0.010947994154459548,intermediate
26262359,26265683,26264021,0.017360431184929373,0.0070331769029408344,baseline
26265687,26268901,26267294,0.0232874649370177,0.0032828775685091248,baseline
26268905,26272155,26270530,0.03643393750069822,-0.0010101888396615896,baseline
26272160,26275713,26273936,0.027027919334239734,0.001760476703885028,baseline
26275715,26279035,26277375,0.028454655187387684,0.0022577366207740175,baseline
26279037,26286963,26283000,-0.01228423269375616,0.007504007816618108,intermediate
26286965,26290204,26288584,0.02903336652601564,0.0032980617214320492,baseline
26290205,26294369,26292287,0.03847923130091925,0.0019227416375387158,baseline
26294370,26297912,26296141,-0.041790689398787925,0.01016341695205937,intermediate
26297918,26302614,26300266,0.04217823273765097,0.002514716677097782,baseline
26302616,26305738,26304177,0.029149603823446356,0.0006989001205746255,baseline
26305742,26309078,26307410,0.026717879987470102,0.003835973834477079,baseline
26309079,26312340,26310709,0.04168205048560622,0.0013432780920622825,baseline
26312341,26315916,26314128,0.03118337728435159,-0.0006901428071642509,baseline
26315923,26319152,26317537,0.036120841353353195,0.002819722611057426,baseline
26319162,26322990,26321076,0.034181905140263855,0.0031299709116292766,baseline
26322993,26326333,26324663,0.03956799714827166,0.002774659736183496,baseline
26326339,26329757,26328048,-0.003468091883519318,0.007400971195555233,baseline
26329760,26333054,26331407,0.03200330645673046,0.00252007290370443,baseline
26333085,26336316,26334700,-0.021260134138898067,0.008768677656285091,intermediate
26336317,26339620,26337968,-0.039782669790558396,0.015259699561970205,intermediate
26339621,26343080,26341350,-0.006582097653792733,0.008511704895531706,intermediate
26343089,26347539,26345314,0.02494071553229406,0.0032430429151914988,baseline
26347540,26350782,26349161,0.041458344349611743,0.0012741571248280914,baseline
26350783,26353948,26352365,0.03975814214540472,0.0011531753585874885,baseline
26353949,26360329,26357139,0.037671329485182835,0.0004640717271248108,baseline
26360331,26363888,26362109,0.006366034710692924,0.004704931009307839,baseline
26363889,26367531,26365710,0.031062656184978433,0.004464844504868056,baseline
26367532,26371563,26369547,-0.025176444567572186,0.008890968828957083,intermediate
26371566,26375500,26373533,0.03576559291106105,0.002602247538001679,baseline
26375504,26379204,26377354,0.009798155012372202,0.00710925573505044,baseline
26379206,26382351,26380778,0.001551492454895853,0.008283303790744958,baseline
26382353,26385856,26384104,-0.0505618991857893,0.006580018662775121,intermediate
26385857,26389153,26387505,-0.0826980558654676,0.010887354826776507,outlier
26389156,26392698,26390927,0.032846744203594715,0.004225596078235857,baseline
26392702,26395996,26394349,0.039298819005325794,0.003038071126050246,baseline
26395998,26399234,26397616,0.02391838115309743,0.0015475373469714777,baseline
26399237,26402594,26400915,0.016732832999600943,-0.004701231343579701,baseline
26402597,26405985,26404291,0.02791632593393889,0.005930273854028969,baseline
26405989,26409383,26407686,0.004969817345282785,0.006306243381896789,baseline
26409389,26412868,26411128,-0.08597326635120589,0.015878662180937805,outlier
26412869,26416352,26414610,0.0038601690260726827,0.0017117304844540754,baseline
26416354,26419753,26418053,-0.1214765547076547,0.02530078027988658,outlier
26419754,26424029,26421891,0.013233503797951445,0.003411456540543113,baseline
26424033,26427540,26425786,-0.07015033595797134,0.008587000658739179,intermediate
26427543,26431640,26429591,-0.01432105512119837,0.001533528351969098,intermediate
26431656,26434965,26433310,0.03337802574339095,0.0031319679674604224,baseline
26434968,26438518,26436743,-0.043430106958198635,0.008120562053859783,intermediate
26438520,26442183,26440351,-0.009109951198735425,0.0019152960843424815,intermediate
26442207,26445614,26443910,0.028897768957994723,0.004632108036292576,baseline
26445618,26450224,26447921,-0.05972284976762383,0.004737154875391846,intermediate
26450225,26455106,26452665,0.033292988261050885,0.004081315398836894,baseline
26455113,26460224,26457668,-0.01911644745190715,0.00969821825922624,intermediate
26460225,26464938,26462581,0.03971009816299312,0.003338492407474054,baseline
26464942,26471668,26468305,0.036609099613049874,0.004023204438941547,baseline
26471672,26478129,26474900,0.04180911646306271,0.0025481844557121774,baseline
26478131,26481525,26479828,0.04152695734239541,-0.0009245360240307356,baseline
26481529,26485243,26483386,-0.007849327360553618,0.0006228919273012602,intermediate
26485248,26488533,26486890,0.01287747067557839,0.00549171670910443,baseline
26488534,26492482,26490508,0.014537714355887216,0.002786721230652932,baseline
26492483,26495690,26494086,0.023034001648769883,0.0060693309307409665,baseline
26495696,26499627,26497661,-0.04120054332340494,0.008463763674669039,intermediate
26499632,26502936,26501284,0.030276047963390545,0.0015903883211787467,baseline
26502938,26506583,26504760,0.019236685431223054,-0.0042698624491505415,baseline
26506590,26510885,26508737,0.027531604018225624,-0.0008709978548332412,baseline
26510887,26514289,26512588,-0.009820880842871147,0.0035605853043170475,intermediate
26514290,26517877,26516083,-0.09487258138501609,0.017009179359602843,outlier
26517881,26521699,26519790,0.0008390041467994383,-0.005163444498433371,baseline
26521702,26525385,26523543,-0.04554632539618876,0.013659728450158464,intermediate
26525388,26529344,26527366,0.036156727252730836,0.002317946537081651,baseline
26529347,26533358,26531352,0.012350488830557858,0.004043943454258519,baseline
26533361,26537717,26535539,-0.04089853072591206,0.005764189221752084,intermediate
26537719,26541128,26539423,-0.0165976224613639,0.00866453540582536,intermediate
26541129,26545732,26543430,-0.004758807489126309,0.00673727629042761,intermediate
26545733,26550019,26547876,-0.031356207240569596,-0.0005196066618960864,intermediate
26550020,26553402,26551711,0.04023134282915419,0.0007071745887163143,baseline
26553406,26557397,26555401,0.031749605176385864,0.0007621382395006694,baseline
26557403,26560726,26559064,0.0036462980187663826,0.009128893014367086,baseline
26560728,26564254,26562491,0.01918263761079976,0.007303372114955546,baseline
26564259,26570431,26567345,0.00811708984464086,0.0064070022711082515,baseline
26570432,26573596,26572014,0.0206423972294088,0.0012281809872136684,baseline
26573598,26578762,26576180,0.001137081653431667,-0.0013320082009169259,baseline
26578765,26582089,26580427,-0.016802974218240542,-0.0008129399112504028,intermediate
26582090,26585563,26583826,-0.008457573194739531,-0.0018923985499875496,intermediate
26585568,26589506,26587537,0.036727362408805427,0.0017533250944769686,baseline
26589515,26592931,26591223,0.011113425314262087,0.007400858732096307,baseline
26592940,26596179,26594559,0.028579094280193333,0.004516448531826769,baseline
26596185,26600200,26598192,-0.02550892589706542,0.008197816888017935,intermediate
26600201,26603752,26601976,-0.0029662420016591897,0.003976067466455106,baseline
26603753,26607647,26605700,-0.005165428741261789,0.005501639616188153,intermediate
26607657,26612810,26610233,0.01647404404518207,0.008394791527965231,baseline
26612812,26616644,26614728,0.02333316648490153,0.0016636074796862505,baseline
26616650,26620239,26618444,-0.0060756321936574435,-0.005346158669215068,intermediate
26620243,26629363,26624803,0.008614755297101174,-0.0037803373655869695,baseline
26629369,26634262,26631815,0.03392844728046271,0.002544953746023887,baseline
26634265,26638331,26636298,-0.024126569548406245,-0.003486039434508317,intermediate
26638332,26647443,26642887,0.026452552658332056,0.0032702406960017426,baseline
26647444,26651177,26649310,0.030119442747475952,0.0053011071891924865,baseline
26651179,26654527,26652853,-0.10513372852247425,-0.0005033857602181138,outlier
26654532,26657866,26656199,0.009830748753901362,0.0015341823219784188,baseline
26657867,26662931,26660399,0.02800432409443677,0.00024676096510910787,baseline
26662934,26666692,26664813,0.005082391467992001,0.0029463290880799822,baseline
26666694,26670505,26668599,0.0166109204895841,-0.005858819761386072,baseline
26670506,26674160,26672333,-0.10096784070887845,0.009216586809924137,outlier
26674162,26678728,26676445,-0.08813351537729258,0.0036699636675929146,outlier
26678737,26682218,26680477,-0.024678100553441887,-0.008428314954957536,intermediate
26682220,26685410,26683815,-0.04292106073306818,0.0018402977794626362,intermediate
26685411,26695628,26690519,0.021999973508009283,0.0027138275203615974,baseline
26695631,26699028,26697329,-0.008051690929578753,-0.011354639864450332,intermediate
26699034,26702529,26700781,0.01816595822793095,-0.0015313549626881956,baseline
26702540,26706160,26704350,0.014613213275475427,-0.0030422029637192046,baseline
26706167,26710816,26708491,0.0251262286591574,-0.00549069074328178,baseline
26710817,26714281,26712549,-0.011326946994807728,-0.004032779586088521,intermediate
26714282,26718148,26716215,0.013403362856118251,-0.002178234793114695,baseline
26718156,26721744,26719950,0.03604212189309102,0.0005017432413245772,baseline
26721749,26725808,26723778,0.0024858246194706074,0.010464947652449761,baseline
26725809,26729275,26727542,0.020673375446833567,0.000687495701437602,baseline
26729276,26732923,26731099,0.00374381042496692,0.007139206570219134,baseline
26732926,26737231,26735078,-0.013726147606459321,0.010423190581265167,intermediate
26737233,26740584,26738908,0.029774576086596196,0.004212398157497859,baseline
26740585,26744118,26742351,0.005559247062960192,0.0056635305391939585,baseline
26744119,26748378,26746248,0.024832903558538122,0.005449314751809126,baseline
26748379,26751920,26750149,0.041002772434331314,-0.0005510697717970768,baseline
26751921,26755914,26753917,-0.07100190374641412,0.012433320843875285,intermediate
26755916,26759531,26757723,-0.009940658506374862,0.005997999936456665,intermediate
26759532,26763352,26761442,-0.043940618870741785,0.005851899435357025,intermediate
26763355,26766639,26764997,0.017464403753333184,0.0033052813878181116,baseline
26766644,26770588,26768616,-0.0021675783109900504,0.0024707724663439934,baseline
26770589,26774291,26772440,-0.05084012615583962,0.007074612362004,intermediate
26774293,26777807,26776050,0.011231660418990682,0.005498057732281844,baseline
26777809,26782097,26779953,0.010312123980558667,0.004024124835800834,baseline
26782101,26785444,26783772,0.04067551763364747,-0.00044720155587890296,baseline
26785446,26789337,26787391,0.009428757180093993,0.00032924360566078265,baseline
26789341,26793313,26791327,0.03532669225971125,0.0025726684454139503,baseline
26793316,26798747,26796031,-0.009047091420335714,0.006101078673526686,intermediate
26798754,26806669,26802711,-0.10578848950366433,-0.0015158459062377793,outlier
26806672,26809991,26808331,-0.06088982295926735,0.0074256030112278175,intermediate
26809992,26813913,26811952,-0.04585729102729434,0.0032462982639917923,intermediate
26813916,26817571,26815743,0.02449764683694724,0.0019468832485937835,baseline
26817572,26821190,26819381,-0.011657496721881176,0.011490500009128598,intermediate
26821204,26825210,26823207,-0.058806431097353104,0.00941977935103298,intermediate
26825213,26828858,26827035,0.006803189346859145,0.0041825773408633304,baseline
26828859,26833647,26831253,-0.08850550301285684,0.015481501688105626,outlier
26833651,26837478,26835564,0.027345125052953972,-0.002727961880901017,baseline
26837481,26840973,26839227,-0.059575414922090036,0.006832302249996564,intermediate
26840978,26846868,26843923,-0.08310462466231368,0.010750528613833972,outlier
26846870,26850557,26848713,-0.07309111764852573,0.005038947059601062,intermediate
26850559,26854893,26852726,-0.022022581629158152,0.006107281110129389,intermediate
26854895,26858603,26856749,-0.0634053772269375,6.515056460179399e-05,intermediate
26858606,26862136,26860371,-0.03562389778578147,0.002347645530918569,intermediate
26862138,26865619,26863878,-0.02164448152842197,0.005751985231435684,intermediate
26865625,26869330,26867477,-0.03363044418113328,0.0032611711049853353,intermediate
26869331,26873231,26871281,0.04056094212862254,0.0012343145443128574,baseline
26873232,26877632,26875432,-0.0761713471129997,0.012745705840560886,intermediate
26877633,26884320,26880976,0.02216435619796456,0.002046397834403922,baseline
26884322,26894931,26889626,0.020350951445227982,0.0023241170267307757,baseline
26894933,26901385,26898159,0.025365905541204752,-0.00044959883527202684,baseline
26901392,26905332,26903362,0.04012072985323036,0.0012982282517375362,baseline
26905334,26909298,26907316,-0.0469710673366024,0.000765399383172478,intermediate
26909300,26912752,26911026,0.01595324658680422,0.002109456135153365,baseline
26912757,26917838,26915297,-0.027900130930192266,-0.004207519609766216,intermediate
26917840,26921547,26919693,0.01690046440178249,-0.008476911192210524,baseline
26921548,26924896,26923222,-0.0022118598799081264,-0.001629200959753829,baseline
26924900,26928600,26926750,0.015625030248610533,0.0018771694842097983,baseline
26928601,26932221,26930411,-0.009570082434007072,-0.0009122051559067942,intermediate
26932223,26935815,26934019,0.03272077852094881,0.0036507166509437083,baseline
26935817,26939772,26937794,0.005753414859477738,-0.0022237082621381185,baseline
26939775,26943727,26941751,0.014011330429702406,0.005651409751525535,baseline
26943732,26947215,26945473,0.02115268296792953,0.006011267482218272,baseline
26947216,26950758,26948987,0.040110798029505235,0.0018143301735969188,baseline
26950759,26954539,26952649,0.03434328282759148,0.0006551344984768966,baseline
26954544,26959384,26956964,0.013066357911730643,0.007837019475002,baseline
26959407,26964264,26961835,-0.07413655494669869,0.02067587969469213,intermediate
26964270,26967871,26966070,0.037358504987548107,0.002113948230976439,baseline
26967873,26971774,26969823,0.032272981043932183,0.0023125575814758694,baseline
26971777,26975896,26973836,0.005893402788747153,0.005145579163206149,baseline
26975897,26981897,26978897,0.012454989461842769,0.0020776958226790252,baseline
26981901,26988642,26985271,-0.08809804363801639,0.01500896880815823,outlier
26988646,26992347,26990496,0.028872992234365295,0.0004897951434179298,baseline
26992361,26998979,26995670,0.019040550043825374,0.0025526718880856136,baseline
26998982,27004021,27001501,0.02440084746581647,0.0012680406645863588,baseline
27004024,27008078,27006051,-0.03812502025467436,0.010000521662434451,intermediate
27008080,27012006,27010043,0.04086055050709974,-0.0004884172488703402,baseline
27012013,27017250,27014631,0.022311334745059495,0.004071458370358851,baseline
27017251,27021850,27019550,-0.0036993015513329436,0.006480080133324859,intermediate
27021851,27025582,27023716,0.015950238753671596,0.006202749590524711,baseline
27025584,27029713,27027648,0.03731182011314111,0.0006925910129946956,baseline
27029714,27034143,27031928,-0.12885789275087065,0.013179136555573494,outlier
27034144,27042241,27038192,-0.050727385891744844,0.009148824929624958,intermediate
27042244,27045621,27043932,-0.06674793189675662,0.008530023294094503,intermediate
27045622,27049064,27047343,0.03649545733749213,0.0010845675320190597,baseline
27049066,27052945,27051005,-0.03715594279443417,0.009325481903048053,intermediate
27052948,27056442,27054695,-0.035870013631170254,0.009786035760954355,intermediate
27056446,27060168,27058307,-0.044531972893874366,0.010640540878489414,intermediate
27060174,27064568,27062371,-0.0010216221012992672,0.009643653333267558,baseline
27064570,27068450,27066510,-0.07366183109683785,0.0148964881190207,intermediate
27068456,27072481,27070468,-0.0907929249257227,0.017985490049422997,outlier
27072483,27076258,27074370,-0.012441575472106382,0.007422499426887906,intermediate
27076262,27080762,27078512,0.019412538244816344,0.0008393377094434112,baseline
27080764,27084529,27082646,0.0046731434667707395,0.0035535129519434216,baseline
27084532,27089058,27086795,0.03317815228336905,0.0005490164105494169,baseline
27089061,27092645,27090853,0.029650253957134203,0.003175321963848551,baseline
27092646,27097492,27095069,0.03894642774992561,0.0004159426806862324,baseline
27097493,27101246,27099369,0.023044087791581975,0.006182617328093972,baseline
27101247,27104773,27103010,0.02054537749646782,0.006193084080694037,baseline
27104781,27108629,27106705,0.01288510236877895,-0.00018258838552982616,baseline
27108636,27112242,27110439,-0.07212297395106251,0.015058772209869793,intermediate
27112250,27115618,27113934,0.011463094913085928,0.005039620934313802,baseline
27115622,27119081,27117351,-0.0382839649996112,0.010541401788430067,intermediate
27119084,27123088,27121086,-0.02918795767080812,0.0035436627595552285,intermediate
27123092,27126299,27124695,-0.0437920169674044,0.014959862618226563,intermediate
27126302,27130186,27128244,0.0020958615851499026,0.002091288236837292,baseline
27130189,27133562,27131875,-0.009054445589401995,0.005622152410953768,intermediate
27133570,27137695,27135632,0.02263236493267063,0.005280926770910351,baseline
27137697,27141254,27139475,0.028799722267212932,0.0011409680134867681,baseline
27141258,27145222,27143240,0.029662131361670806,0.0010657341314528417,baseline
27145224,27148970,27147097,-0.0216886956255832,0.009440014460123767,intermediate
27148972,27155475,27152223,0.0283094998088678,0.0027786188004815552,baseline
27155482,27161170,27158326,0.030293709479566635,0.002655046379876688,baseline
27161190,27165063,27163126,-0.02519357433478263,-0.0003194732385172535,intermediate
27165064,27168645,27166854,-0.03279358759442059,0.012761869756407687,intermediate
27168649,27172235,27170442,-0.11242774340361378,0.01952591191592786,outlier
27172236,27175449,27173842,-0.07907290662008343,0.005718461422726566,intermediate
27175452,27179028,27177240,-0.004008887348649783,-0.0006579484035766823,intermediate
27179031,27183264,27181147,0.040569157288345675,0.0022599113062044093,baseline
27183272,27187703,27185487,0.03615606097286634,-0.0031173515641218902,baseline
27187718,27192192,27189955,0.017197167442518486,-0.010658935083984387,baseline
27192193,27196370,27194281,0.03739802241277375,-0.00017778682042059022,baseline
27196374,27201580,27198977,-0.05066475024468329,0.0031477827244218203,intermediate
27201584,27205590,27203587,0.00867685878367507,0.001550400088109279,baseline
27205595,27211243,27208419,-0.11433970951282726,0.006523762950371414,outlier
27211248,27214537,27212892,-0.027293136771955783,0.0038720496418212483,intermediate
27214538,27223336,27218937,-0.134634412310275,0.013185806994711714,outlier
27223341,27227880,27225610,-0.06100731109157351,-0.0001826906051705491,intermediate
27227890,27231479,27229684,-0.06424735187963866,0.011882237670585251,intermediate
27231481,27235088,27233284,-0.03008524149086057,-0.002763464643020116,intermediate
27235090,27239443,27237266,0.02373642058501501,0.0023783429810779484,baseline
27239446,27242588,27241017,0.041297579514627564,0.001912588887695292,baseline
27242589,27246826,27244707,0.016871738271435514,0.0009667549396879135,baseline
27246833,27250452,27248642,0.023288097386035697,0.0018707704302559855,baseline
27250455,27254390,27252422,0.026821234394406646,0.0039011152211014563,baseline
27254394,27258163,27256278,0.008203488024739622,0.0059781381053405375,baseline
27258164,27262948,27260556,0.0014461902823332587,-0.0006221688583478862,baseline
27262961,27267464,27265212,-0.08357080399841901,-0.0069520544830801384,outlier
27267466,27271122,27269294,0.01392153970624036,0.0028877314315108762,baseline
27271127,27275225,27273176,0.039473554841196794,-0.00393108449206882,baseline
27275229,27279804,27277516,0.016664599726053584,-0.003798665274290796,baseline
27279810,27284328,27282069,0.03272573326900753,0.0020383447968743084,baseline
27284333,27287902,27286117,-0.001047130695028903,0.009227375888977776,baseline
27287910,27291563,27289736,0.03984067263492815,-0.003049256915120325,baseline
27291565,27295587,27293576,0.03802816435293523,0.0006156291526063546,baseline
27295605,27298864,27297234,-0.019030721425043393,-0.005447018248038153,intermediate
27298865,27302914,27300889,0.019793725398049928,-0.002086400280479816,baseline
27302915,27306673,27304794,0.026467090939940874,0.002973642909336311,baseline
27306674,27310618,27308646,0.01766788353790862,-0.005608551625410198,baseline
27310619,27315086,27312852,0.02089590415848268,-0.001639577140616304,baseline
27315093,27318781,27316937,0.008619529639843733,-0.002273528427133005,baseline
27318783,27322192,27320487,0.019047653126278822,-0.0026460495447913524,baseline
27322194,27326664,27324429,0.016489295843748034,-0.0003690978352689858,baseline
27326667,27331454,27329060,0.013726880291550933,-0.0051008271383345466,baseline
27331462,27336129,27333795,0.030905867321674666,-0.005402032089217213,baseline
27336130,27340251,27338190,0.013982177704321835,0.005158776245976535,baseline
27340252,27347050,27343651,0.029216841804033084,-0.007197769047112603,baseline
27347058,27351712,27349385,-0.007735836948814085,-0.006634196391769008,intermediate
27351713,27355741,27353727,-0.016157156479134824,-0.007925338767979311,intermediate
27355742,27360319,27358030,-0.03307453458289529,-0.007008104887992982,intermediate
27360320,27365159,27362739,0.03361236401411443,0.003820624741600032,baseline
27365160,27369424,27367292,0.03964211986975611,0.00230572673832564,baseline
27369426,27372984,27371205,0.003247156230696728,0.0015529482736224328,baseline
27372985,27376676,27374830,0.024811061864056044,-0.0028392454055919704,baseline
27376691,27382416,27379553,-0.028643027828466845,-0.0008845643996282346,intermediate
27382417,27388165,27385291,-0.030528847421948443,0.00765160007791205,intermediate
27388166,27394471,27391318,0.019345130355077938,0.0039047620750255296,baseline
27394474,27398456,27396465,0.010210894575934822,0.002939263781276434,baseline
27398459,27401898,27400178,0.02507348264861318,-0.005794916899978947,baseline
27401899,27405437,27403668,0.00913873784611728,-0.006133761344162653,baseline
27405438,27408971,27407204,0.009980132156177164,0.005524128963173449,baseline
27408972,27412698,27410835,-0.00809749163382524,0.0036820820960368605,intermediate
27412699,27416553,27414626,0.039862320044836766,0.0019150261960910121,baseline
27416554,27420415,27418484,-0.07693920883372214,0.005097213974025613,intermediate
27420423,27424325,27422374,0.0253692907277706,0.0036294505055787,baseline
27424326,27428283,27426304,-0.05092164104805143,0.00730106794533413,intermediate
27428286,27433122,27430704,0.03679553607298726,-0.005380831857762002,baseline
27433129,27437538,27435333,0.026967486614480528,-0.0009233446843289884,baseline
27437540,27441254,27439397,0.017269914507370324,0.0036786868619785792,baseline
27441262,27444661,27442961,0.02399295223223398,-0.004529684883181562,baseline
27444662,27448497,27446579,-0.0049511289082146475,-0.0032143284629179278,intermediate
27448500,27452558,27450529,0.025572607857597886,-0.009838759516302142,baseline
27452561,27457518,27455039,0.03472513977375998,0.0001381498460454851,baseline
27457520,27461951,27459735,0.009693314833172753,-0.002029413142476881,baseline
27461952,27465496,27463724,-0.03970077292419904,-0.01508689843564863,intermediate
27465497,27469304,27467400,-0.006590401403792335,-0.002616731704348942,intermediate
27469310,27473869,27471589,0.012193718316207823,0.004842518274335084,baseline
27473882,27477246,27475564,-0.01831095842141208,0.004115840836569563,intermediate
27477248,27480681,27478964,-0.03622382816223778,0.010743073164375443,intermediate
27480684,27484272,27482478,-0.028763385135022856,-0.007618542447230023,intermediate
27484274,27488031,27486152,-0.03235140009314852,0.004312146840992818,intermediate
27488034,27493140,27490587,-0.0282467779601418,0.008563636366492714,intermediate
27493141,27497380,27495260,-0.002306411872079956,0.0018937323946925106,baseline
27497382,27500889,27499135,0.015364320879662273,0.0020582079828310893,baseline
27500894,27504268,27502581,0.04054581086179827,0.0012724548718855964,baseline
27504274,27507845,27506059,0.025811744354697103,0.0035366899126680414,baseline
27507849,27511564,27509706,0.04164202361845003,-0.0004393503262980453,baseline
27511570,27515269,27513419,0.005557053966660872,-0.0037470189201394793,baseline
27515278,27519078,27517178,0.018556838899653923,0.004983525191105998,baseline
27519080,27522279,27520679,-0.01685178449762574,0.0038542711897392445,intermediate
27522283,27525496,27523889,0.04164748119395087,-0.003444684813334073,baseline
27525508,27537347,27531427,0.011319219735673793,-0.008181328690539912,baseline
27537349,27541096,27539222,0.006390399450304132,-0.004919666429765157,baseline
27541097,27544388,27542742,0.03254000275690672,-0.0013955993911872197,baseline
27544392,27547875,27546133,-0.012909829019209501,-0.006170931535831106,intermediate
27547876,27551116,27549496,-0.1209227008771622,0.011898460197116848,outlier
27551117,27554518,27552817,0.01964393632430108,0.006125446964211779,baseline
27554521,27557977,27556249,-0.04178008234597814,0.003870007081465014,intermediate
27557978,27561674,27559826,-0.012943207906683183,-0.003958078187611746,intermediate
27561678,27565562,27563620,-0.07560842962097031,-3.5944984771777206e-05,intermediate
27565566,27569604,27567585,-0.03701739340240158,0.004700313619741204,intermediate
27569608,27573995,27571801,-0.05073267991425606,-0.0037923652101336386,intermediate
27574003,27577660,27575831,-0.06510511028805292,0.0015364970844015742,intermediate
27577662,27581147,27579404,-0.113671828473405,0.012314719341299797,outlier
27581150,27585254,27583202,-0.02743049749318213,0.01018932570302077,intermediate
27585258,27588554,27586906,-0.004265341841376706,0.004389220852461582,intermediate
27588555,27592123,27590339,0.031329241484557464,-0.010270693090632145,baseline
27592126,27595665,27593895,-0.03528191999219915,-0.01016650060355152,intermediate
27595666,27600038,27597852,-0.0988449399529044,0.0010660979657896325,outlier
27600040,27604112,27602076,-0.1386411069918066,0.023206319774702205,outlier
27604117,27607816,27605966,-0.16063254558798687,0.020027698386713474,outlier
27607818,27611147,27609482,-0.16575605024501125,0.015017253583348265,outlier
27611148,27615120,27613134,-0.07497442033128744,-0.0005622979811220042,intermediate
27615126,27618562,27616844,-0.061690762415917914,0.011180205570379824,intermediate
27618567,27621983,27620275,-0.06565306681405898,-0.00971857024756713,intermediate
27621984,27625316,27623650,-0.0931442291736384,0.014378821312683827,outlier
27625321,27628842,27627081,0.037726914090027416,-0.014608360421007922,baseline
27628844,27632162,27630503,-0.017153993926587396,-0.009334210801588723,intermediate
27632165,27635481,27633823,0.02028401536534164,0.0003212595308310107,baseline
27635483,27638712,27637097,0.005502097040726808,-0.013604183772038791,baseline
27638717,27642105,27640411,0.0014818429968431015,0.0006913105923283375,baseline
27642106,27645949,27644027,-0.002867994842352091,-0.012749993566457478,baseline
27645953,27649474,27647713,0.01617652937084621,8.206760544213429e-05,baseline
27649476,27653487,27651481,0.03505750887815424,0.00046919372184627895,baseline
27653488,27657052,27655270,0.025345845652115822,-0.006337918947756653,baseline
27657061,27661632,27659346,0.007899092478457334,-0.004384025815170742,baseline
27661638,27664956,27663297,0.03665201815659486,-0.009055766973892114,baseline
27664962,27668140,27666551,-0.012354601338848052,-0.023876672725825828,intermediate
27668144,27671959,27670051,0.025327402471739393,-0.015282131487910813,baseline
27671967,27675899,27673933,0.027419846131839037,-0.0017561017655386396,baseline
27675903,27679883,27677893,-0.03428893454279525,0.010699961486202338,intermediate
27679885,27684544,27682214,-0.021593433169462387,0.009752042515697864,intermediate
27684545,27688320,27686432,0.013541989636169491,-0.010287643767122635,baseline
27688321,27691863,27690092,-0.010600239649500675,0.009515082309039778,intermediate
27691864,27695729,27693796,-0.03221147719389113,-0.0074514164609750366,intermediate
27695733,27699515,27697624,-0.019350486644712957,-0.0006781915064582217,intermediate
27699519,27703078,27701298,0.02429305241566603,-0.02081697207251967,baseline
27703087,27706465,27704776,-0.05838436255205838,-0.00039443124268847006,intermediate
27706467,27710124,27708295,-0.05053461253796819,-0.010627891313843413,intermediate
27710125,27713892,27712008,-0.03273565623879389,-0.014361595120447964,intermediate
27713898,27718491,27716194,-0.015075310832915008,-0.01857738960037044,intermediate
27718495,27722497,27720496,-0.10608382661704062,-0.007564973787823058,outlier
27722500,27726432,27724466,-0.03833241055020922,-0.0063614018666315565,intermediate
27726443,27730296,27728369,-0.08207674252500133,0.001336814249319991,outlier
27730298,27734228,27732263,0.038944851179746304,-0.0152245840118348,baseline
27734230,27737850,27736040,-0.07580303140538361,-0.0017551060419473677,intermediate
27737851,27742067,27739959,0.015001083465447753,-0.00010594790879394274,baseline
27742069,27745638,27743853,-0.13969967937873595,0.012072142338768226,outlier
27745640,27749174,27747407,0.031058963357921816,-0.003724574797097115,baseline
27749176,27753151,27751163,-0.01835328062106391,-0.019447497488108534,intermediate
27753153,27756596,27754874,-0.03885092196649467,-0.02288573543161215,intermediate
27756601,27760738,27758669,0.017245774378245895,-0.02577277293059804,baseline
27760740,27765374,27763057,-0.0024389076411616864,-0.042230169180578,baseline
27765375,27771617,27768496,0.017321237967591586,-0.04283626446655492,baseline
27771620,27775756,27773688,-0.014142311410074281,-0.011958399208972651,intermediate
27775759,27780080,27777919,0.007631371239818865,-0.021424225455676887,baseline
27780083,27783919,27782001,-0.15315869696044387,-0.016448025238246365,outlier
27783922,27788368,27786145,-0.03400041283041057,-0.014888587379105958,intermediate
27788371,27791808,27790089,-0.0013270402099961405,-0.03836123571730671,baseline
27791818,27795207,27793512,0.004390276974495858,-0.020767063485027704,baseline
27795209,27798753,27796981,-0.042663029463674305,0.001345223335072106,intermediate
27798754,27802232,27800493,0.019102901149913747,-0.027321303644907403,baseline
27802234,27805777,27804005,0.03355969438316747,-0.028196928295375245,baseline
27805778,27809176,27807477,0.038934320729075315,-0.02324893847513161,baseline
27809177,27812643,27810910,-0.012460263423616879,-0.0030208183431266705,intermediate
27812648,27816114,27814381,0.04056773833841017,-0.032724484353218834,baseline
27816118,27819597,27817857,0.00931283474735258,-0.022516644974601856,baseline
27819600,27823140,27821370,0.038401788672019536,-0.001637085822453994,baseline
27823141,27826769,27824955,0.032777097164781624,-0.017924991069822625,baseline
27826772,27830238,27828505,-0.0011837460122540277,-0.008568258697836525,baseline
27830241,27833687,27831964,0.02176774660181902,-0.017035916818777287,baseline
27833689,27837039,27835364,-0.036460468560281505,-0.004907736009229966,intermediate
27837041,27840347,27838694,-0.02020618686897279,-0.05887565632049711,intermediate
27840348,27843783,27842065,-0.00873170636092392,-0.06166057392173301,intermediate
27843784,27846994,27845389,0.01249936043939455,-0.052202539439072417,baseline
27846995,27850214,27848604,0.03777017868647736,-0.058050785802228735,baseline
27850216,27853663,27851939,0.04338247118386535,-0.05706258625950087,baseline
27853666,27857795,27855730,0.03910836989827072,-0.05308022017446291,baseline
27857811,27861291,27859551,0.04280211998616328,-0.05239121512396178,baseline
27861297,27864740,27863018,0.04208873070392045,-0.02087617685032763,baseline
27864741,27868219,27866480,0.03797677708763777,-0.055713411013104494,baseline
27868223,27871629,27869926,0.012593108865051487,-0.0030161917707753286,baseline
27871632,27875071,27873351,0.04140404757791815,-0.0459173415531078,baseline
27875072,27878574,27876823,0.022343976887789645,-0.02569185547370256,baseline
27878575,27882232,27880403,0.0010341682500927063,-0.01829565299439039,baseline
27882233,27885838,27884035,0.030523244744501268,-0.005976579887493693,baseline
27885844,27889282,27887563,0.011587664608246786,-0.04231742964370343,baseline
27889283,27892851,27891067,0.04111332164026568,-0.044103126514949416,baseline
27892854,27896177,27894515,0.026460692067248284,-0.07695839992886656,baseline
27896179,27899632,27897905,0.028773517880315624,-0.03360491504317685,baseline
27899635,27903072,27901353,0.026841180105851393,-0.014136679027149808,baseline
27903076,27907768,27905422,0.035211821269753175,-0.018187243186433028,baseline
27907770,27911165,27909467,0.042700921739312454,-0.04396804858384042,baseline
27911176,27914608,27912892,0.02213386647439966,-0.02939315612574431,baseline
27914609,27918197,27916403,0.02108584687638064,-0.055814732596126314,baseline
27918202,27921629,27919915,0.031713143742402694,-0.08351028558889476,baseline
27921633,27925779,27923706,0.03577601902547657,-0.05283755065160424,baseline
27925780,27929165,27927472,0.025311594021140058,-0.05062233367547446,baseline
27929170,27933161,27931165,-0.05107932046182289,-0.04753197213574525,intermediate
27933166,27936778,27934972,-0.027287940257106937,-0.036310898001875536,intermediate
27936780,27940475,27938627,-0.025422473131282635,-0.03658447279022749,intermediate
27940476,27944229,27942352,0.030251617863111643,-0.019791781533298455,baseline
27944232,27947475,27945853,0.02253900423137985,-0.0634527556461183,baseline
27947476,27952196,27949836,0.04463090780861077,-0.0336328490821268,baseline
27952198,27955850,27954024,-0.009661451745945293,-0.056403573041295764,intermediate
27955854,27959299,27957576,-0.015537257999650101,-0.07810844069631756,intermediate
27959307,27963459,27961383,0.030305612272990473,-0.03394977323770556,baseline
27963460,27968983,27966221,-0.09138345343816297,-0.05576246998108883,outlier
27968986,27972332,27970659,0.032174218886030545,-0.030171608614065235,baseline
27972333,27975739,27974036,0.032406759266252416,-0.046883761669567564,baseline
27975740,27979172,27977456,0.024452809272283247,-0.12249176347540722,baseline
27979173,27983194,27981183,0.02860988477737,-0.0568230498137996,baseline
27983212,27986772,27984992,0.03486764527147767,-0.08787906631068651,baseline
27986774,27990274,27988524,0.011617736651905467,-0.08376521563518025,baseline
27990280,27993691,27991985,0.042822901793575445,-0.10511735076456875,baseline
27993697,27998976,27996336,0.01813990691780207,-0.10453432129495954,baseline
27998978,28002559,28000768,0.004897365240485673,-0.11466140584597566,baseline
28002561,28006313,28004437,0.019633855921227638,-0.11953166669049672,baseline
28006331,28009704,28008017,0.03948337630053434,-0.06828546912546493,baseline
28009706,28013382,28011544,0.030329244310790354,-0.08498627721379899,baseline
28013383,28017170,28015276,0.04162114896102956,-0.0485317601988509,baseline
28017171,28020777,28018974,-0.01990383245081527,-0.0810422002779544,intermediate
28020779,28024351,28022565,-0.1787758627458227,-0.03951603965349147,outlier
28024365,28028100,28026232,-0.11384346496347096,-0.12195301389310619,outlier
28028111,28031765,28029938,0.0015051240400394987,-0.14969308497479059,baseline
28031772,28035497,28033634,0.01819727109983931,-0.16052880885596932,baseline
28035500,28039289,28037394,0.012124619660246706,-0.07871670306348323,baseline
28039291,28043020,28041155,0.02599938178018709,-0.12568612775965124,baseline
28043022,28046931,28044976,0.043106939454714714,-0.095587714391779,baseline
28046932,28050778,28048855,0.008002391418966146,-0.1552381457560989,baseline
28050779,28055659,28053219,0.03000122425866736,-0.12922202332294597,baseline
28055660,28059715,28057687,0.01976079897048771,-0.09621105634479166,baseline
28059724,28063438,28061581,0.03592806582105394,-0.054209732101405866,baseline
28063442,28067014,28065228,0.01758702446887951,-0.14338173025679543,baseline
28067015,28070513,28068764,0.04390089783882751,-0.13303194405734395,baseline
28070514,28074019,28072266,0.04055672447660748,-0.03936473719272528,baseline
28074022,28077464,28075743,0.014416401763105843,-0.1573004110025605,baseline
28077466,28080897,28079181,0.040794123946857774,-0.15719208305721866,baseline
28080898,28084606,28082752,-0.008582514391741044,-0.17516615328243762,intermediate
28084610,28088338,28086474,0.007321290138595829,-0.06189192393281949,baseline
28088339,28092524,28090431,0.016335049398931517,-0.12053915732279313,baseline
28092532,28096648,28094590,0.03341727804223297,-0.15755915719282743,baseline
28096652,28100434,28098543,0.027599221583012215,-0.10339485697575375,baseline
28100442,28104425,28102433,0.008689566950779833,-0.08794777441378514,baseline
28104427,28108042,28106234,0.021966540789719928,-0.15283246199190986,baseline
28108043,28112232,28110137,-0.012583501245632666,-0.11494965773973806,intermediate
28112238,28118399,28115318,0.03457987203440692,-0.14151085171770353,baseline
28118416,28122230,28120323,0.02402014821850364,-0.15936643649562343,baseline
28122231,28126437,28124334,0.02925221634358477,-0.151052423650522,baseline
28126441,28130882,28128661,0.0404881597760448,-0.1296644378159676,baseline
28130888,28134578,28132733,0.04116873502691143,-0.14333604567770092,baseline
28134580,28138134,28136357,0.03618692218553027,-0.18291796256663717,baseline
28138136,28142113,28140124,0.012308927365693773,-0.17902143772115686,baseline
28142121,28146958,28144539,0.04146543576014254,-0.10829522439147397,baseline
28146959,28151225,28149092,0.03577521886164877,-0.12449195003061918,baseline
28151226,28155171,28153198,0.022223175720285464,-0.08164608087836563,baseline
28155174,28160493,28157833,0.02663614657411296,-0.1661260452874637,baseline
28160495,28164926,28162710,0.025380470655291913,-0.15350253348494378,baseline
28164928,28170631,28167779,0.02274651108137477,-0.03283423497730745,baseline
28170635,28174881,28172758,-0.009083365390414593,-0.13700254622435445,intermediate
28174882,28179749,28177315,-0.0009887059935518477,-0.07089462039770736,baseline
28179755,28198386,28189070,-0.17920207270081595,-0.061921053511125236,outlier
28198387,28202506,28200446,-0.03791201098716277,-0.23884928683862844,intermediate
28202507,28206290,28204398,0.00515698785173621,-0.13920987322911302,baseline
28206292,28210627,28208459,0.023151890170705895,-0.03738334684510044,baseline
28210628,28215444,28213036,0.01755916190322781,-0.19859032765356238,baseline
28215445,28219357,28217401,-0.015979655077735952,-0.19406393393816637,intermediate
28219358,28223195,28221276,0.030984409757469973,-0.16609450396362074,baseline
28223197,28234133,28228665,0.02081186573158344,-0.1536046876187731,baseline
28234134,28241143,28237638,0.029595650603158052,-0.10269273493126821,baseline
28241147,28244795,28242971,0.03680651876279323,-0.06322180761871896,baseline
28244796,28251604,28248200,-0.10203398955211598,-0.11585063618402967,outlier
28251605,28256546,28254075,-0.0627118791601962,-0.2101672207330597,intermediate
28256551,28260146,28258348,-0.12155088816020239,-0.25421029212588203,outlier
28260147,28265401,28262774,-0.0024278446020768642,-0.3169730109019159,baseline
28265402,28269556,28267479,-0.04677879356635461,-0.34374281681185886,intermediate
28269562,28280061,28274811,-0.1008967357547335,-0.34731968801359203,outlier
28280069,28285036,28282552,-0.06490771270394831,-0.32257941406131524,intermediate
28285037,28289997,28287517,-0.08158816533626154,-0.32967330485094803,outlier
28290002,28294216,28292109,-0.017935725548300856,-0.2838061982066418,intermediate
28294223,28300827,28297525,-0.05144725782011205,-0.2958753614337252,intermediate
28300838,28304516,28302677,-0.05162846019612428,-0.35936853620367926,intermediate
28304522,28308603,28306562,-0.09900969121754473,-0.16308957880164135,outlier
28308620,28312697,28310658,-0.02280021056677639,-0.3633376118669057,intermediate
28312702,28316719,28314710,0.011087073098935989,-0.3029282202417913,baseline
28316721,28321829,28319275,-0.07136387521062193,-0.34825966179654977,intermediate
28321836,28326084,28323960,-0.03413748683331877,-0.3418044360411929,intermediate
28326091,28329739,28327915,-0.12878103911418734,-0.41336437403479614,outlier
28329744,28333745,28331744,-0.07758099600166123,-0.5184019720565113,intermediate
28333750,28338181,28335965,-0.10056727230500505,-0.41891451467501684,outlier
28338186,28342433,28340309,-0.0999706147084957,-0.4835322141588079,outlier
28342436,28349125,28345780,-0.08187438638369243,-0.36291163279479544,outlier
28349126,28352785,28350955,-0.06634827238378702,-0.48757108645454406,intermediate
28352787,28357256,28355021,-0.09301632924952212,-0.5017613016480228,outlier
28357259,28361261,28359260,-0.13542255112662752,-0.3418691663113669,outlier
28361262,28365161,28363211,-0.05220734609258868,-0.552761932617885,intermediate
28365163,28369472,28367317,-0.08210573148350797,-0.5349557886077919,outlier
28369474,28373555,28371514,-0.028050838014921316,-0.48923131834787675,intermediate
28373562,28377327,28375444,-0.07633617644352647,-0.49226641062343296,intermediate
28377330,28382705,28380017,-0.08456686635630087,-0.4932201397814001,outlier
28382713,28388480,28385596,-0.1052340620680647,-0.551346144318412,outlier
28388481,28392579,28390530,-0.08285127486848076,-0.5582026017311313,outlier
28392584,28397016,28394800,-0.016996995989149197,-0.409128215632101,intermediate
28397017,28401520,28399268,-0.04728358257766483,-0.45734239202961785,intermediate
28401521,28405687,28403604,-0.10294007428971354,-0.3903638651565301,outlier
28405688,28411465,28408576,-0.14833423652112215,-0.41341862400259105,outlier
28411466,28415422,28413444,-0.06086021099056899,-0.5713394800544369,intermediate
28415429,28420897,28418163,-0.07828885075461527,-0.40176428138798614,intermediate
28420898,28427687,28424292,-0.03846796153702156,-0.45939190216658315,intermediate
28427690,28431677,28429683,-0.0431348618635901,-0.4954450320402386,intermediate
28431690,28435943,28433816,-0.02507639832811033,-0.4717750829854357,intermediate
28435948,28439868,28437908,-0.026000849920427605,-0.4624224492354724,intermediate
28439872,28444184,28442028,-0.040562586072847774,-0.4541814688961252,intermediate
28444186,28448422,28446304,-0.04841087705375883,-0.5584579990077626,intermediate
28448423,28452586,28450504,-0.0063780582801807005,-0.4905739450395141,intermediate
28452588,28457145,28454866,-0.04822929834921952,-0.5227742446898619,intermediate
28457155,28461256,28459205,-0.009377864743470965,-0.5066477315573571,intermediate
28461258,28465013,28463135,-0.0003783249146901003,-0.4227447572664647,baseline
28465020,28469052,28467036,-0.048454939003854516,-0.5134474552211715,intermediate
28469053,28473316,28471184,-0.06481788367980948,-0.4470351989885688,intermediate
28473318,28477907,28475612,-0.045100166802201344,-0.47631449950229454,intermediate
28477910,28481740,28479825,-0.02171932685943402,-0.43284980762711495,intermediate
28481741,28485765,28483753,-0.052133605924744746,-0.4898870803940741,intermediate
28485774,28491326,28488550,-0.04061966869856845,-0.4705226204530516,intermediate
28491328,28497695,28494511,-0.04223751959656438,-0.4890012874687413,intermediate
28497706,28503019,28500362,0.009212739163504461,-0.35358922204571475,baseline
28503025,28507123,28505074,-0.04368596905797638,-0.4391717377578294,intermediate
28507129,28517247,28512188,-0.02824195217409829,-0.44291136058140446,intermediate
28517250,28522558,28519904,-0.0908021646501504,-0.4930824780558606,outlier
28522564,28526861,28524712,-0.05739963502918268,-0.37585076478216645,intermediate
28526865,28530993,28528929,-0.03370126913544976,-0.38660979775207216,intermediate
28530995,28536317,28533656,-0.021622647832396865,-0.3963040534519763,intermediate
28536319,28547727,28542023,-0.03388980910453033,-0.40014994052833547,intermediate
28547730,28552405,28550067,-0.04797667298209515,-0.39491721392432566,intermediate
28552407,28556568,28554487,-0.06929247035155232,-0.36585866488298685,intermediate
28556570,28560846,28558708,-0.11704067330898939,-0.33488617800402104,outlier
28560850,28565539,28563194,-0.11247915155032416,-0.27021007718527523,outlier
28565541,28569870,28567705,-0.0741663023954105,-0.37447940174451466,intermediate
28569872,28574594,28572233,-0.10392171930244287,-0.34383525009164645,outlier
28574599,28580111,28577355,0.01301498734590318,-0.2004322731227552,baseline
28580119,28585127,28582623,-0.21035279368926,-0.11944035897322945,outlier
28585134,28590095,28587614,-0.06212828794210845,-0.21274547451613895,intermediate
28590097,28595126,28592611,-0.06695458501805295,-0.23460983547427985,intermediate
28595127,28599333,28597230,-0.22438218953854655,-0.1572006363818323,outlier
28599346,28603880,28601613,-0.037588857792731245,-0.2038240573609439,intermediate
28603883,28608309,28606096,-0.06602180647672894,-0.22596753179494408,intermediate
28608310,28613535,28610922,-0.028154405844935605,-0.20287767256898875,intermediate
28613542,28618577,28616059,-0.06804748066260288,-0.17393682187868148,intermediate
28618580,28624132,28621356,-0.05696044955688582,-0.23138219219791942,intermediate
28624135,28628829,28626482,-0.042055027080348396,-0.14055262390120823,intermediate
28628830,28633292,28631061,0.005592104297262916,-0.12619085151157164,baseline
28633293,28637523,28635408,0.027804967754570295,-0.1185110954298065,baseline
28637524,28642246,28639885,-0.038912962073482445,-0.21929754814779015,intermediate
28642249,28646796,28644522,-0.004260507528185214,-0.18558700597469308,intermediate
28646797,28652212,28649504,0.03221515164471289,-0.09612121454428348,baseline
28652215,28657263,28654739,-0.0282540582745022,-0.17964203900449222,intermediate
28657267,28661462,28659364,-0.01672533230313243,-0.15538191819372563,intermediate
28661466,28666500,28663983,-0.05823952179061168,-0.146407916476085,intermediate
28666503,28671148,28668825,-0.017025946674841745,-0.166628346659756,intermediate
28671154,28675536,28673345,-0.03276820070014264,-0.14295533696689847,intermediate
28675546,28681795,28678670,0.009973330517320786,-0.14972294931571553,baseline
28681804,28687983,28684893,0.010332563460634856,-0.1226039055134148,baseline
28687988,28692545,28690266,-0.049781329392134054,-0.15576736860776555,intermediate
28692547,28696964,28694755,-0.021504008318326703,-0.13107418072209864,intermediate
28696965,28701265,28699115,-0.007087859585717838,-0.1294188672408534,intermediate
28701269,28705508,28703388,-0.015100863167434824,-0.0950217897385182,intermediate
28705513,28709777,28707645,0.004827115477229618,-0.12831568221036938,baseline
28709781,28715653,28712717,-0.024863143664495303,-0.1312265395034103,intermediate
28715654,28720134,28717894,-0.04649327571864504,-0.12287720007098071,intermediate
28720135,28724443,28722289,-0.05279885663292953,-0.1294584293503396,intermediate
28724446,28728404,28726425,-0.03179485093929506,-0.1404708280703759,intermediate
28728406,28732628,28730517,-0.05374267734767199,-0.07325556194925463,intermediate
28732629,28737234,28734931,-0.0842315702183653,-0.10647774832016231,outlier
28737235,28742681,28739958,-0.01591577372092367,-0.09408003566529652,intermediate
28742690,28746638,28744664,-0.06654411293111394,-0.1215586488104621,intermediate
28746641,28751728,28749184,-0.029225019056443768,-0.08452818548623584,intermediate
28751730,28755639,28753684,0.012844208429743976,-0.04623378515912876,baseline
28755643,28759622,28757632,0.01581966660081819,-0.08414413795002458,baseline
28759626,28763848,28761737,0.008542313210158806,-0.07190933313934207,baseline
28763851,28768122,28765986,-0.013117894671383544,-0.08703175126590197,intermediate
28768128,28772383,28770255,0.006873096956877712,-0.06248655655358691,baseline
28772384,28776767,28774575,0.027093372798631433,-0.0617255616654123,baseline
28776770,28780866,28778818,0.007127618073699422,-0.0666126329490017,baseline
28780871,28784545,28782708,0.007271250828970176,-0.08211952901338865,baseline
28784548,28788743,28786645,-0.009931151550680022,-0.06356196706509741,intermediate
28788745,28792652,28790698,0.017079368955143684,-0.048749034049786685,baseline
28792653,28796556,28794604,0.03241224262799778,-0.039727826371874386,baseline
28796561,28800642,28798601,-0.025106745863857863,-0.05169151812175138,intermediate
28800647,28805098,28802872,-0.009660748958004063,-0.08582518416966765,intermediate
28805100,28809997,28807548,-0.0032323898500346416,-0.07377428826291714,baseline
28810000,28814886,28812443,0.01789032913998119,-0.056043986512654416,baseline
28814889,28819299,28817094,-0.019868454694529622,-0.09449836154637202,intermediate
28819303,28825003,28822153,-0.10783382871152081,-0.0851335140385112,outlier
28825005,28830254,28827629,-0.09108446386049819,-0.08612820881311821,outlier
28830262,28834976,28832619,-0.12736251202882312,-0.10355730868022073,outlier
28834978,28839866,28837422,-0.07128947436461072,-0.0390055612445437,intermediate
28839869,28851935,28845902,-0.07229034829848834,-0.022813781852001586,intermediate
28851937,28858024,28854980,-0.029688622391555477,-0.07396304625442959,intermediate
28858026,28865187,28861606,0.010509822905108443,-0.03116655820023256,baseline
28865188,28870488,28867838,-0.027948509107663194,-0.03385591093713457,intermediate
28870492,28875158,28872825,0.030802525376512176,-0.01914909693991695,baseline
28875160,28879498,28877329,0.02363450935478615,-0.013744772540127946,baseline
28879503,28883866,28881684,0.03558416186012711,-0.024748716903431396,baseline
28883873,28889136,28886504,0.039779124530506776,-0.011256861439073505,baseline
28889138,28893694,28891416,0.01275452056058332,-0.01058101897808668,baseline
28893700,28899796,28896748,0.01586985568638797,-0.009736877127415035,baseline
28899800,28904173,28901986,-0.017227161559908156,-0.009018846816714894,intermediate
28904176,28910345,28907260,0.03440394364958707,-0.019419968360294814,baseline
28910346,28915292,28912819,0.04006165804474059,-0.02057916071294059,baseline
28915296,28919618,28917457,0.04141645016237074,-0.003562528142663802,baseline
28919625,28924907,28922266,0.016829840379533677,-0.007483217890599585,baseline
28924910,28929324,28927117,0.03963000043353856,-0.009658430741959314,baseline
28929325,28933391,28931358,0.036165176951125845,-0.007840287117359563,baseline
28933394,28938540,28935967,-0.03763804491124701,-0.017675818386737235,intermediate
28938548,28942557,28940552,-0.03486688767451056,0.002284398766597292,intermediate
28942570,28946688,28944629,-0.04896876738290906,-0.014463083961902027,intermediate
28946691,28950974,28948832,0.03828973201918267,-0.005798405823840131,baseline
28950976,28954857,28952916,0.03049363716002479,-0.014854032146482518,baseline
28954859,28958662,28956760,0.02793017859317375,-0.0006489168934628217,baseline
28958664,28962580,28960622,-0.0026327696634704184,0.005995272065726057,baseline
28962581,28966736,28964658,0.02841109021010897,-0.008213116702881763,baseline
28966743,28970569,28968656,0.019961055441119382,-0.012452655747492762,baseline
28970572,28974839,28972705,0.017859662150755497,-0.011018164710880594,baseline
28974841,28978822,28976831,0.02849061982193249,-0.005581050088399856,baseline
28978823,28983125,28980974,0.04375272072061846,-0.0072142166825734915,baseline
28983127,28986969,28985048,0.027911752877902846,0.002054856951275801,baseline
28986975,28990938,28988956,0.038740417951088374,-0.009475680656051241,baseline
28990941,28994800,28992870,0.031649527862133084,-0.0012648031142845795,baseline
28994801,28998647,28996724,0.024944379962156926,-0.004773440448343255,baseline
28998650,29003266,29000958,0.01844199812869536,-0.024214607037936806,baseline
29003282,29007594,29005438,0.03498465822080868,-0.0029807913608117264,baseline
29007603,29011452,29009527,0.023507298883370945,-0.002674806533097281,baseline
29011462,29015846,29013654,0.0317941033787087,-0.003971238479395834,baseline
29015847,29019783,29017815,-0.014545150904913767,-0.005951027191958848,intermediate
29019786,29023979,29021882,-0.01675278911210867,0.002842528109377117,intermediate
29023980,29027932,29025956,0.031114766022272766,-0.02066837328708877,baseline
29027933,29032259,29030096,-0.0035432750611640207,-0.011831855992453334,intermediate
29032262,29036088,29034175,-0.0005149120900101978,0.0003780726615171398,baseline
29036092,29040694,29038393,0.023454240835904572,-0.006247920568027603,baseline
29040707,29045017,29042862,0.032752166545898874,-0.00045444075347982917,baseline
29045020,29048762,29046891,0.0015494165634478932,-0.012321669789226034,baseline
29048764,29053172,29050968,-0.055831308541235275,-0.004769737057608302,intermediate
29053173,29057834,29055503,0.030683108732089754,-0.0012652673018586223,baseline
29057835,29061850,29059842,-0.058157962974234,-0.0029590631606466683,intermediate
29061856,29065806,29063831,0.032820237750336684,-0.00528120118891619,baseline
29065809,29070060,29067934,0.027845028485124657,-0.013676959707642026,baseline
29070083,29073908,29071995,-0.01708692922690315,-0.0004941175070131331,intermediate
29073909,29078482,29076195,0.03787587463940037,-0.0037032576141253267,baseline
29078484,29082213,29080348,0.024698799871279858,0.001729321840398014,baseline
29082215,29086463,29084339,0.03858709511783517,-0.007105947835937496,baseline
29086466,29091682,29089074,0.030385858336115217,-0.0018336922794900635,baseline
29091683,29095674,29093678,0.039101932849905194,-0.0057195022860807325,baseline
29095680,29100068,29097874,0.005924699975083274,-0.0007833183760136107,baseline
29100085,29105215,29102650,0.006515429924457701,-0.006756080332482534,baseline
29105218,29109643,29107430,0.025347551014850696,-0.001422682293362648,baseline
29109646,29116621,29113133,0.021552160826925584,-0.005653433728519922,baseline
29116626,29121796,29119211,0.022435526910407025,-0.0028182363696980005,baseline
29121805,29145606,29133705,-0.014513952147534526,-0.006023697252171959,intermediate
29145610,29150760,29148185,0.003060941263973122,-0.003619416200746512,baseline
29150762,29154532,29152647,0.04152610734174069,0.0013348850248850227,baseline
29154533,29158400,29156466,0.02061264674774679,0.004184480271078212,baseline
29158414,29162512,29160463,0.024589195853349028,-0.005689185724684476,baseline
29162520,29166917,29164718,0.017674631487112822,-0.015958335061055384,baseline
29166918,29170782,29168850,0.017568583846980238,-0.011360730294220382,baseline
29170788,29183884,29177336,0.007681697112315222,-0.007007726249162107,baseline
29183885,29189901,29186893,0.037489307476147725,-0.0017053748278213316,baseline
29189902,29193700,29191801,0.010931853559160898,-0.003135432056969284,baseline
29193715,29197767,29195741,-0.01741024640606424,-0.007247308551167569,intermediate
29197770,29202103,29199936,-0.012664333591099277,-0.004117894291470933,intermediate
29202104,29206169,29204136,-0.03559209325887383,-0.011290813126065764,intermediate
29206178,29210161,29208169,-0.08936263195568143,0.00104863877075825,outlier
29210167,29214335,29212251,0.03492215085216076,-0.01344408469692324,baseline
29214341,29218081,29216211,0.03182756753062065,-0.00018566846289202365,baseline
29218085,29222012,29220048,0.03671841313030887,-0.0030536570652391873,baseline
29222014,29226023,29224018,-0.008382104932990889,0.004301930934014835,intermediate
29226025,29230027,29228026,-0.0013820925802524604,-0.002061584773090492,baseline
29230028,29233762,29231895,0.03132136929517279,-0.0002910886642200093,baseline
29233768,29241104,29237436,0.030056025849082225,-0.001328094542080144,baseline
29241106,29245814,29243460,0.01931889146659219,0.0013455126308743776,baseline
29245817,29249620,29247718,0.03563520441398974,-0.008270220341249964,baseline
29249624,29254478,29252051,0.026124862913192833,0.0003487986506156122,baseline
29254479,29258566,29256522,0.031200665641746315,-0.0013061116438446447,baseline
29258570,29263232,29260901,0.0370760308996695,-0.0031403448262150254,baseline
29263233,29267274,29265253,0.03609168298212533,-0.0037857233417266114,baseline
29267277,29270894,29269085,0.03382684835500674,0.0003776952141558449,baseline
29270903,29274482,29272692,0.021132295135386718,0.0009201220397033164,baseline
29274483,29278759,29276621,0.017320161128177837,-0.0046561720311589375,baseline
29278760,29282566,29280663,0.03293688759525541,0.003371291589546737,baseline
29282567,29287774,29285170,-0.016174205181380165,0.0019030954240742452,intermediate
29287784,29292562,29290173,-0.023618400625732956,0.004776256996281332,intermediate
29292570,29296860,29294715,0.016785792566782438,-0.003559786071970359,baseline
29296865,29303539,29300202,0.022274963720802784,0.003838404467454439,baseline
29303544,29307257,29305400,-0.028694799660715455,-0.01053382463672965,intermediate
29307261,29311053,29309157,0.03717706339544991,0.0012102363921201447,baseline
29311059,29315186,29313122,-0.0042021408729417155,0.00019358589862207473,intermediate
29315188,29318989,29317088,0.03947423161426133,-0.0003287052991123563,baseline
29318994,29323315,29321154,-0.005641483642991803,-0.013408836008219788,intermediate
29323316,29326880,29325098,0.03970818750194795,-0.00026420638329534567,baseline
29326881,29330877,29328879,0.036554413007807166,0.002650062969952084,baseline
29330892,29335415,29333153,0.03528708380210951,0.0024062659884778103,baseline
29335416,29339903,29337659,-0.04080779927998932,0.0010007224894344666,intermediate
29339905,29344373,29342139,0.039659917293059475,-0.0010518816387743313,baseline
29344392,29348798,29346595,-0.032982213796289093,0.011704308991393578,intermediate
29348801,29354966,29351883,-0.0061018130072498485,0.008109168028725942,intermediate
29354980,29358608,29356794,-0.008439738312768822,0.011967065675493894,intermediate
29358611,29362745,29360678,-0.03390957522494299,0.012146451847991553,intermediate
29362746,29366665,29364705,-0.11178366068912578,0.01416649659447793,outlier
29366681,29371339,29369010,-0.11727329680678636,0.020409971396278148,outlier
29371340,29374914,29373127,0.012231563893091773,-0.001872927385601763,baseline
29374918,29380174,29377546,-0.009571041201649956,0.0016570700186052875,intermediate
29380178,29384648,29382413,-0.06231641433158265,0.008368118636822587,intermediate
29384653,29390607,29387630,-0.1021298842219705,0.010380325926124116,outlier
29390608,29394716,29392662,-0.03860763794324313,0.006530327064505582,intermediate
29394721,29400117,29397419,-0.0725038398999729,0.009782322975059559,intermediate
29400118,29408512,29404315,0.026436140786222126,-0.00027289601326021233,baseline
29408515,29412598,29410556,-0.0072915319571653925,0.006475527220802768,intermediate
29412605,29421482,29417043,0.02137193582343587,0.002397274984708949,baseline
29421489,29427576,29424532,-0.009703233668150223,-0.001596799000918971,intermediate
29427582,29431708,29429645,0.042532296967060075,0.0016049972106162386,baseline
29431713,29435471,29433592,0.04253947238316592,-0.0013793297381906912,baseline
29435474,29439713,29437593,0.02130052137340532,0.0009026758510163936,baseline
29439715,29448108,29443911,0.02381175295949266,-0.0014013584552455207,baseline
29448146,29474848,29461497,0.03908082565498175,-0.0006643765711565582,baseline
29474870,29503012,29488941,0.03768619534782303,0.0025938493133122495,baseline
29504079,29551685,29527882,0.031024366999070983,0.0035962613296407764,baseline
29551687,29580834,29566260,0.04148200872123914,0.0008608088897990351,baseline
29580862,29625897,29603379,0.041621033685242496,0.0004140898367119672,baseline
29625898,29658333,29642115,0.040984992320025566,-0.0006881234767857694,baseline
29658336,29677527,29667931,0.025112097626143106,-0.005407625943751688,baseline
29677530,29696319,29686924,0.022633988832907275,-0.005799585763357017,baseline
29696320,29739657,29717988,0.03941015799876669,0.0017162633176003089,baseline
29739673,29764396,29752034,0.0429984739782841,0.001418358234539527,baseline
29764410,29815193,29789801,0.04276029820296155,0.0017357961842981104,baseline
29815198,29863309,29839253,0.04217680247750435,-0.0030885898541600783,baseline
29863324,29920559,29891941,0.019958949445367816,-0.00023668618373569878,baseline
29920572,29953541,29937056,0.040568823573667305,0.00018142071559948628,baseline
29953547,29966147,29959847,-0.0015415631013901492,0.001626940573859917,baseline
29966149,29970230,29968189,0.008183614682433173,-5.8019987595756654e-05,baseline
29970233,29974148,29972190,0.03471500997824836,0.002322501401148524,baseline
29974149,29978037,29976093,0.015695037106793052,0.00342135406185579,baseline
29978038,29984107,29981072,0.021944381664102765,-0.000926659475772351,baseline
29984108,29987793,29985950,0.04080211836891026,0.001443562707286596,baseline
29987797,29991447,29989622,-0.0014999223083469986,0.0024373064340784322,baseline
29991450,29995136,29993293,0.01870720609457807,0.0030381866706422644,baseline
29995141,29998778,29996959,0.03644968003143716,0.0011567000143576983,baseline
29998793,30003696,30001244,0.03978845322453924,0.002106380030362003,baseline
30003699,30007796,30005747,-0.03814993406892907,0.004788968681943224,intermediate
30007798,30011373,30009585,-0.021799466098127034,0.011153148189596044,intermediate
30011377,30014905,30013141,-0.06335691417236633,0.005126825755066122,intermediate
30014909,30018660,30016784,-0.025474378259583548,0.003537601929626995,intermediate
30018665,30022990,30020827,0.01051264802290181,0.00010552543085045272,baseline
30022997,30027014,30025005,0.04224007377695671,0.0005141888565810885,baseline
30027018,30031209,30029113,0.007969354427891331,0.0018783957534488564,baseline
30031213,30035054,30033133,0.009022537045979558,0.0008978837531743518,baseline
30035055,30038796,30036925,0.033104172965138255,-0.0007625513782382957,baseline
30038797,30042482,30040639,-0.06538090419264586,-0.001036025872364622,intermediate
30042488,30046706,30044597,0.029976961655902624,-0.0007839213691589937,baseline
30046707,30050443,30048575,0.019330416166783302,-0.0038090905010723275,baseline
30050445,30054411,30052428,-0.0005419324430661828,-0.0015466651105980585,baseline
30054413,30058548,30056480,0.01513176250981958,-0.004665455924587451,baseline
30058553,30063597,30061075,0.030619094520378802,0.003454987756677655,baseline
30063601,30067645,30065623,-0.010883272334381286,0.0073077227308721415,intermediate
30067646,30071663,30069654,0.03986800608221111,0.002755184172898396,baseline
30071664,30075196,30073430,0.031878468621755106,0.003482487661581467,baseline
30075200,30079162,30077181,-0.08956009426783805,0.010355678979713547,outlier
30079163,30082838,30081000,0.015905101772360545,0.003250513477617399,baseline
30082861,30086804,30084832,-0.01311101138336289,0.0037860124549392413,intermediate
30086806,30091070,30088938,-0.009626480788059612,0.006190250801235674,intermediate
30091071,30095199,30093135,0.011332112040792567,0.0052465777527132985,baseline
30095204,30099464,30097334,0.004971950334917374,0.00308061656972791,baseline
30099468,30103431,30101449,-0.09410404371998575,0.01637144177368353,outlier
30103433,30107584,30105508,-0.017882352212873473,0.003487573101119178,intermediate
30107585,30111722,30109653,-0.06821322593146673,0.014765059355303058,intermediate
30111724,30115805,30113764,0.005764032391631535,0.0019578331543403937,baseline
30115807,30119870,30117838,0.022986847606426997,0.005380212491885804,baseline
30119874,30123605,30121739,-0.07156158567065458,0.009151592618314011,intermediate
30123606,30127778,30125692,0.03144371684284386,0.0014040504449936014,baseline
30127779,30133729,30130754,0.03201215517830864,0.0036736271725141077,baseline
30133730,30137348,30135539,0.01093106859942462,-0.0016656251458424904,baseline
30137350,30141138,30139244,0.02378470061913373,0.0019033312858836133,baseline
30141144,30144856,30143000,-0.009788277054328883,0.005446076485446176,intermediate
30144859,30148623,30146741,0.01853448498256865,0.0022629312792823626,baseline
30148624,30152326,30150475,-0.028581057610594183,-0.0021479117081832206,intermediate
30152327,30157925,30155126,-0.06850962626038938,0.011662126885389576,intermediate
30157927,30161598,30159762,0.0023639016826104866,0.0010379704978998995,baseline
30161600,30165386,30163493,-0.06372546356567217,0.010082587237213095,intermediate
30165393,30168821,30167107,-0.0475473384200776,0.014448174719013662,intermediate
30168822,30175272,30172047,-0.017571322965959008,0.01088237867482074,intermediate
30175273,30178857,30177065,-0.05816931562403652,0.00029824220089420264,intermediate
30178858,30183150,30181004,0.02326828573766735,0.0015837381174467929,baseline
30183157,30187199,30185178,0.005981487045994286,0.005937673247264133,baseline
30187200,30191579,30189389,0.020624756047303114,0.00507832624178593,baseline
30191584,30195525,30193554,0.04161751487262143,0.0014445609542389503,baseline
30195530,30199352,30197441,0.030950345972939792,-0.0024453270342813674,baseline
30199359,30203384,30201371,0.03201705033041652,-0.0028263962569237463,baseline
30203388,30207606,30205497,0.016294856518103997,0.001651674789047508,baseline
30207609,30211136,30209372,0.036860375925085995,0.0027713295787568436,baseline
30211141,30214707,30212924,0.02179838189507765,-0.00012062444319130276,baseline
30214711,30218186,30216448,0.011321457885116192,0.005694905004836315,baseline
30218188,30222011,30220099,0.04076029559581252,0.0017914652630633323,baseline
30222012,30225589,30223800,0.0024630755001400256,0.005132904291502496,baseline
30225593,30229241,30227417,0.03142109103398626,-0.0019130281461726963,baseline
30229242,30232857,30231049,0.03877364129511625,0.0008615747891973117,baseline
30232861,30236447,30234654,-0.049633231591621266,0.017128413222803073,intermediate
30236448,30239730,30238089,-0.007216758993044116,0.0050738207672161055,intermediate
30239732,30246566,30243149,-0.061146988121771946,0.01612922546502664,intermediate
30246568,30249808,30248188,0.038388537877138425,0.002742609574626352,baseline
30249810,30253842,30251826,0.016013713618715415,-0.0028371406235863793,baseline
30253854,30259173,30256513,0.04268700465215415,0.0006284085681879512,baseline
30259179,30262777,30260978,0.030526195629199993,0.004005554677617473,baseline
30262778,30266524,30264651,0.039405431342070335,0.001842070618934315,baseline
30266525,30269920,30268222,-0.007394582756408757,-0.0011618530244760527,intermediate
30269922,30274160,30272041,0.025659861039506567,0.004122719655674334,baseline
30274161,30278620,30276390,0.019486477944321578,0.0019559470946208793,baseline
30278622,30282208,30280415,0.030936342748235642,0.004502833019989885,baseline
30282218,30285514,30283866,0.00800033577172072,-0.001396842776917283,baseline
30285516,30290527,30288021,0.007051918715475791,0.00497953824274517,baseline
30290528,30294391,30292459,0.01780740436579566,0.0016525231697051643,baseline
30294393,30298312,30296352,0.0052653866245706525,0.007979653447198955,baseline
30298318,30302017,30300167,0.0247314097648262,0.004186737034577403,baseline
30302019,30306251,30304135,-0.0053055238998145965,0.00993769473906787,intermediate
30306256,30310385,30308320,0.0002930946120711414,0.003011174504139289,baseline
30310388,30314119,30312253,0.02336302568307075,0.0013081603073245493,baseline
30314120,30317991,30316055,0.020158811506358783,0.004760306904776034,baseline
30317993,30321757,30319875,-0.07894632290522069,0.007000876623586041,intermediate
30321759,30325776,30323767,-0.04222634633234197,-0.004391922086799008,intermediate
30325784,30329841,30327812,0.012579573144144044,-0.00020805099172758234,baseline
30329846,30333471,30331658,-0.031382249864643,-0.0005338335255024294,intermediate
30333474,30337038,30335256,-0.01714156636593056,0.003176439774014009,intermediate
30337043,30340767,30338905,0.03372321357946182,0.0019100835287018092,baseline
30340769,30344116,30342442,0.023558874790856593,-0.0030669000224423644,baseline
30344128,30348232,30346180,-0.011837547948311882,0.00918693644554915,intermediate
30348235,30351931,30350083,-0.01293594807828377,0.003337670731958774,intermediate
30351981,30355865,30353923,0.03190841943308324,0.0019284236794781839,baseline
30355868,30359506,30357687,0.03071471904128967,0.0031412254984025936,baseline
30359525,30363036,30361280,0.019701699570723007,0.0057335350798661715,baseline
30363039,30366738,30364888,0.009366177303186667,-0.0029749605594805045,baseline
30366743,30372349,30369546,0.03465177371536983,-0.0007021665330874207,baseline
30372350,30376067,30374208,-3.745322740461531e-05,0.0029140252674158596,baseline
30376072,30380221,30378146,0.03924600912809474,0.0008177371398941115,baseline
30380222,30384049,30382135,0.03607064039696372,0.003063817049168454,baseline
30384059,30387584,30385821,0.03722473524577635,0.0021717379309630527,baseline
30387587,30391645,30389616,-0.004400623586196634,0.005287318835853036,intermediate
30391651,30395886,30393768,-0.005430529587955633,0.009302209242540792,intermediate
30395892,30399432,30397662,0.007519848781662375,0.003130503025931232,baseline
30399441,30403059,30401250,0.034914588129948895,0.0035658927018772405,baseline
30403063,30406586,30404824,0.026056786703871848,0.00412407233396147,baseline
30406589,30410828,30408708,0.015563563155594502,0.0052081525641633365,baseline
30410832,30414402,30412617,0.010398955677979462,-0.0017914237115565174,baseline
30414407,30419478,30416942,-0.07930302313806444,0.014135389816165553,intermediate
30419479,30423192,30421335,-0.08137312079496663,0.017362446779466408,outlier
30423219,30427747,30425483,-0.035020387009034475,0.007442722389150553,intermediate
30427750,30431719,30429734,-0.01018142949462228,0.0066244995335329945,intermediate
30431721,30435041,30433381,0.0011205223618011952,-0.0012826186610329676,baseline
30435045,30439111,30437078,0.03171687641916498,0.0029628777125499796,baseline
30439119,30442530,30440824,0.040257487535416005,0.0019849970626183177,baseline
30442531,30445998,30444264,0.027770078487362147,0.003270704232890294,baseline
30445999,30449919,30447959,0.04278422231347956,0.0008331285875244884,baseline
30449922,30453330,30451626,0.03355779858458544,0.004779195873333685,baseline
30453333,30458618,30455975,0.007151004439622535,0.003302634074227696,baseline
30458622,30462107,30460364,0.03796094072025175,0.0006694397507134409,baseline
30462113,30465466,30463789,0.0395221305770297,0.002380461935614078,baseline
30465468,30469203,30467335,0.01724279292444321,0.003416774205109802,baseline
30469204,30472997,30471100,-0.03800709532313531,0.007454739086063301,intermediate
30472998,30476543,30474770,-0.012245437255914048,0.010369761916133738,intermediate
30476546,30479957,30478251,-0.020776512817446066,0.010984070930064423,intermediate
30479960,30483423,30481691,-0.08072443776917423,0.0139655643179028,outlier
30483425,30486836,30485130,-0.042814287870734366,0.0061372079279955975,intermediate
30486840,30489944,30488392,-0.07075829736360159,0.012891228013769634,intermediate
30489946,30493807,30491876,-0.03989325837935756,0.012134463950077232,intermediate
30493809,30497200,30495504,0.011377154973906001,0.006304348996079189,baseline
30497202,30500555,30498878,0.01794535388448074,-0.00031394714831935194,baseline
30500556,30504071,30502313,0.023362212926256235,-0.0027010509441643495,baseline
30504072,30507737,30505904,0.039787076030889296,-0.0018315654972150526,baseline
30507738,30511052,30509395,0.0341750842360171,-0.0009171677595952054,baseline
30511055,30514685,30512870,0.02604135630578393,0.003067005198581847,baseline
30514690,30518447,30516568,0.014449638249681391,0.00663540029235713,baseline
30518452,30522189,30520320,0.016264703988528403,0.0031279470667818017,baseline
30522191,30525793,30523992,-0.04730390949871059,0.014748136875267888,intermediate
30525802,30530049,30527925,-0.030736604097057266,-0.0032584929646181362,intermediate
30530052,30533847,30531949,0.01306580212951438,0.002652234837058742,baseline
30533848,30537535,30535691,0.03382206085082102,0.0023446714941523584,baseline
30537537,30541516,30539526,-0.014747491124939309,0.0076423194480174485,intermediate
30541523,30545425,30543474,-0.008602504236197494,0.008322503413852024,intermediate
30545426,30549090,30547258,-0.03865980728912877,0.008867519129476567,intermediate
30549094,30552934,30551014,-0.05737301209687799,0.008949808456821919,intermediate
30552935,30557374,30555154,-0.08469969287655554,0.006064249396800008,outlier
30557376,30561261,30559318,-0.1430720027626174,0.014454241001039729,outlier
30561271,30566814,30564042,-0.07910197997879855,0.008795426869449157,intermediate
30566815,30570811,30568813,-0.017286770742480702,0.0036805931117919613,intermediate
30570812,30575286,30573049,-0.056814725123573606,0.00619756314990979,intermediate
30575289,30579796,30577542,-0.010074555272355344,0.01084349686672696,intermediate
30579802,30583549,30581675,-0.07756875254726243,0.004584630075978053,intermediate
30583551,30587502,30585526,-0.013793274151469245,0.00536224144921402,intermediate
30587504,30591456,30589480,-7.259080809466266e-05,0.006955781418184796,baseline
30591459,30594949,30593204,0.030292318341789127,0.004182451543945739,baseline
30594950,30599986,30597468,-0.012507102975738418,0.006980479420427704,intermediate
30599990,30603454,30601722,0.03205774650602833,0.002004323626139487,baseline
30603457,30607526,30605491,0.027815216562660207,0.006374421680834402,baseline
30607532,30610842,30609187,0.03730375866966789,0.0025608501380110097,baseline
30610845,30614272,30612558,-0.003419062984015952,0.011507304234372507,baseline
30614276,30618052,30616164,0.0169086714028551,0.0044565865931967315,baseline
30618057,30621369,30619713,0.024204335434044072,0.004187103964390954,baseline
30621371,30624728,30623049,0.01801300983532215,0.00309375937309448,baseline
30624734,30628320,30626527,-0.002279136524119899,0.001406031887997171,baseline
30628321,30631904,30630112,0.02115349170142857,-0.006465170087213651,baseline
30631905,30635270,30633587,-0.015906672793875993,0.0013423691690399877,intermediate
30635272,30638726,30636999,-0.02951608347184905,0.006269453911293958,intermediate
30638732,30642329,30640530,-0.011074204671023982,-0.0030010069630921556,intermediate
30642330,30645850,30644090,0.03159185678383686,0.004349246018290544,baseline
30645858,30649461,30647659,0.015203990016097764,-0.0034906689342558235,baseline
30649466,30653332,30651399,0.02029395296070314,0.0016821341299065242,baseline
30653336,30656559,30654947,0.036794270708091305,-0.00172823260850818,baseline
30656564,30659997,30658280,-0.011988323958201711,0.0003587133730917659,intermediate
30659999,30664172,30662085,-0.004027359669406266,0.00044813781090005173,intermediate
30664175,30668179,30666177,-0.05057520055349498,2.3467350425391955e-05,intermediate
30668182,30671848,30670015,0.0273949451368828,0.002252929612182314,baseline
30671851,30675481,30673666,-0.020936944651120632,0.008142923063370378,intermediate
30675483,30680252,30677867,-0.04942456264365237,0.009202316729709703,intermediate
30680262,30684219,30682240,-0.02371601151606442,0.001147063694614215,intermediate
30684223,30689964,30687093,0.040160097980013174,0.0006961802993879936,baseline
30689965,30693222,30691593,0.032992705413254504,0.0038445436277952305,baseline
30693224,30696515,30694869,0.03992044592157361,0.0017490210152878633,baseline
30696516,30699927,30698221,0.02491745130190445,0.002991927626049023,baseline
30699928,30703361,30701644,0.02246873785112623,0.0005168558736876483,baseline
30703363,30706830,30705096,0.033861036011555504,0.0025830573657823377,baseline
30706833,30710345,30708589,0.041396517056672605,0.001750897784440569,baseline
30710352,30713679,30712015,0.04097837477465448,0.001494771203384262,baseline
30713682,30716835,30715258,0.03267622800782438,-0.0005340305351162653,baseline
30716836,30720096,30718466,0.03585723178139063,0.0025861944017497307,baseline
30720097,30723598,30721847,0.038609192750518335,-0.0005943032263261122,baseline
30723601,30726929,30725265,0.019365366778845004,0.006168596378397815,baseline
30726933,30730284,30728608,-0.007175534548911812,0.0016104644987732645,intermediate
30730289,30734194,30732241,-0.022675334513093937,-0.006169510683711929,intermediate
30734198,30738009,30736103,0.041938368956030675,0.0015654884133130226,baseline
30738011,30742972,30740491,0.003387327863744377,0.0010980475787437432,baseline
30742973,30746497,30744735,0.013885452200818956,0.00813272333239361,baseline
30746501,30750009,30748255,-0.01517325284393091,0.008965942103100123,intermediate
30750013,30753538,30751775,0.026594811080257564,-0.0033699267044481557,baseline
30753541,30756831,30755186,0.007204135383880293,0.0017435447607026134,baseline
30756832,30760116,30758474,0.038768643823906115,0.0009293885472280324,baseline
30760119,30763401,30761760,0.025857081908558493,-0.000721811330351721,baseline
30763412,30766684,30765048,-0.007752237625665677,0.004821234888568607,intermediate
30766685,30770209,30768447,0.04226202167735301,0.000654857694534809,baseline
30770212,30773886,30772049,0.0009457290715998462,0.002227616615557105,baseline
30773887,30777504,30775695,0.03235631797974897,0.002414223698806309,baseline
30777510,30781212,30779361,0.04113084698709175,0.001916584096225324,baseline
30781216,30784903,30783059,0.006489871034541839,0.004964930353926408,baseline
30784905,30788246,30786575,0.01957320661196328,0.005499263029641018,baseline
30788251,30791505,30789878,0.026153723239054613,0.0031948800795034574,baseline
30791509,30796116,30793812,0.034649134108633454,0.000988292082740165,baseline
30796117,30799990,30798053,0.01381254062612679,0.0036806159648990547,baseline
30799991,30803784,30801887,-0.04294369726347036,0.009452552499121566,intermediate
30803818,30808433,30806125,0.03505843021234957,0.003731493695610242,baseline
30808434,30812407,30810420,0.026932237915342862,0.0013147398830913191,baseline
30812416,30818041,30815228,0.035686130483592836,0.0033254947408351693,baseline
30818042,30822392,30820217,-0.0031226425963649875,-0.0003050581360301063,baseline
30822393,30825889,30824141,0.039312760957962226,0.002806805405761731,baseline
30825896,30829452,30827674,0.031307017835820364,-0.0008263275151232436,baseline
30829453,30832810,30831131,0.03537850803210529,0.003306430172656812,baseline
30832815,30836571,30834693,0.013233505190689172,0.003375819378847351,baseline
30836573,30840832,30838702,0.035546465020429255,0.0005028490972410509,baseline
30840845,30845273,30843059,-0.05219759629510593,0.005140729708961089,intermediate
30845275,30849129,30847202,-0.017351533598015542,0.006654944752216847,intermediate
30849131,30854721,30851926,-0.030443820320758534,0.009779837731778807,intermediate
30854722,30858518,30856620,0.012478612044198851,-0.0011738067683993133,baseline
30858519,30862269,30860394,-0.008525414812238275,0.002189843237422232,intermediate
30862273,30866647,30864460,-0.03282238987062523,-0.0018899719362642843,intermediate
30866648,30870455,30868551,0.038388430521268245,0.002336745312078135,baseline
30870461,30874648,30872554,0.040176124983787156,0.0020225277933866494,baseline
30874650,30878696,30876673,0.042469133277189326,0.0021066422844892717,baseline
30878698,30882743,30880720,0.019731629955465062,0.004687820730494348,baseline
30882744,30886448,30884596,0.008946545312449868,0.0037452279342604033,baseline
30886449,30890286,30888367,0.010226663397411878,0.004514738328081895,baseline
30890288,30895520,30892904,-0.03200809832751216,0.009683139712631897,intermediate
30895526,30900758,30898142,-0.08829777014142319,0.008971641376460915,outlier
30900759,30906972,30903865,-0.08235939234426631,0.013789606978998,outlier
30906981,30910904,30908942,-0.09943728174816487,0.019726837920896047,outlier
30910906,30915949,30913427,-0.040606245380104954,0.004199666051386445,intermediate
30915958,30919667,30917812,-0.04010251347586223,0.0020176608646224024,intermediate
30919670,30923620,30921645,-0.08540250561260782,0.01052930210406261,outlier
30923622,30927267,30925444,-0.07560397555276172,0.001740118063342845,intermediate
30927268,30930852,30929060,0.023934889185144723,0.0031554479359716834,baseline
30930856,30935024,30932940,0.024867148044311067,0.004660113779454848,baseline
30935026,30939586,30937306,-0.034828643353042234,0.006631955512443423,intermediate
30939587,30943372,30941479,0.03767024403150752,0.0021985808002140334,baseline
30943376,30946796,30945086,0.032023576515505525,0.0029933271837684333,baseline
30946800,30950527,30948663,0.04214469105340275,-0.0013434404059226937,baseline
30950529,30953894,30952211,0.020480786172409397,-0.0013807924478709392,baseline
30953895,30957278,30955586,0.0020083521965903704,0.002351735922437515,baseline
30957279,30960843,30959061,0.038053676756263755,0.0017144819765471915,baseline
30960846,30964340,30962593,-0.039855764556446904,0.004762533116142882,intermediate
30964342,30967673,30966007,0.013235127802813038,0.005962523354954221,baseline
30967681,30971025,30969353,-0.10658786715818655,0.016492211589416425,outlier
30971028,30974281,30972654,-0.027376292059988015,0.006407608543288801,intermediate
30974287,30977910,30976098,0.0225256137732788,0.0008995834552023052,baseline
30977911,30981345,30979628,-0.04502793476299159,0.01217047673839501,intermediate
30981350,30984625,30982987,0.028161682043115716,-0.0003334556781300495,baseline
30984629,30988074,30986351,0.0381610210439212,0.0019124684822458345,baseline
30988076,30991448,30989762,0.04268208295361253,0.001218725555411511,baseline
30991449,30995173,30993311,0.02553753731307281,0.005176037527666059,baseline
30995176,30998430,30996803,0.01904108868229685,0.004095310860534489,baseline
30998431,31001970,31000200,0.03719907294536891,0.002264799467121193,baseline
31001976,31005309,31003642,0.02060286470247653,0.0022204955902236207,baseline
31005311,31008661,31006986,0.02080049838507318,0.004897295886535159,baseline
31008664,31012019,31010341,-0.04466859667521285,0.0016758363479890768,intermediate
31012024,31015847,31013935,0.03954739711405468,0.0012824195283877668,baseline
31015849,31019579,31017714,0.0387594539350084,0.002967372624316516,baseline
31019580,31023414,31021497,0.021605918800006115,0.0009449409825557629,baseline
31023419,31026772,31025095,0.039241290342536594,-0.0006383913630078302,baseline
31026773,31030038,31028405,0.041738829326991564,0.0024268247987470517,baseline
31030039,31033904,31031971,-0.022585168872461453,0.0048268697134298605,intermediate
31033905,31037485,31035695,0.0252200853938145,0.003375613456024482,baseline
31037486,31040933,31039209,0.002150556657998259,0.0035514758007221744,baseline
31040935,31045196,31043065,0.011678168478654037,0.005262897727918063,baseline
31045198,31049044,31047121,0.03895316665488306,0.0023964291495927074,baseline
31049051,31059048,31054049,0.00045570894303458725,0.007270853417699642,baseline
31059049,31068437,31063743,0.03530903158772758,0.0025016677714437244,baseline
31068439,31071906,31070172,0.029130126904082277,0.002424203413533918,baseline
31071907,31075811,31073859,0.029826718063414165,0.0006333375237856506,baseline
31075858,31079523,31077690,0.04105867385262127,0.002018237041945136,baseline
31079525,31082907,31081216,0.0355707210220979,0.0015029312499144146,baseline
31082908,31093156,31088032,0.023484073580980064,0.002478511466323181,baseline
31093157,31112719,31102938,0.016691385300891388,0.0033738986273180705,baseline
31112720,31116071,31114395,0.029648554717598093,0.0006722769573138161,baseline
31116081,31119602,31117841,0.024549694296412475,-0.0013665087825748502,baseline
31119604,31123050,31121327,-0.00920306104800581,0.004241144234049127,intermediate
31123053,31126534,31124793,-0.007499579227494382,0.0008591900622733503,intermediate
31126537,31137716,31132126,0.03397124066112017,0.003041108796138456,baseline
31137719,31161450,31149584,0.025299101999035612,0.003225724916188168,baseline
31161454,31166912,31164183,-0.0012325090764421225,-0.00030061196900402714,baseline
31166914,31170357,31168635,-0.024885216294386742,0.005168372258292575,intermediate
31170359,31174000,31172179,-0.05801822124357143,0.006027588157634116,intermediate
31174020,31177670,31175845,-0.10714140271823148,0.015004351819129846,outlier
31177673,31183119,31180396,0.039764749614917404,0.0011378872665231427,baseline
31183120,31187104,31185112,-0.04892074280780863,0.01169357235670871,intermediate
31187105,31191185,31189145,0.023545276482440283,0.005577882423630144,baseline
31191189,31195821,31193505,-0.015810158333837,0.007648648118777637,intermediate
31195822,31202948,31199385,0.03977322263024711,0.002180331327491567,baseline
31202953,31206515,31204734,-0.04209024356822394,0.006335024724792836,intermediate
31206517,31212299,31209408,-0.022591266382531727,0.006856039864752107,intermediate
31212300,31216258,31214279,-0.0012795549099481357,-0.0013757387686746518,baseline
31216263,31219683,31217973,-0.02946623837452313,0.008595689112889902,intermediate
31219689,31223335,31221512,0.03199960752096342,0.0010668658718745395,baseline
31223339,31226895,31225117,-0.0436964896547959,0.005652563954002716,intermediate
31226900,31230327,31228613,0.004813358475245934,-0.0008333597899828413,baseline
31230333,31236153,31233243,-0.0809653219562832,0.006735978867085436,outlier
31236155,31239898,31238026,-0.11223270949584135,0.0014537496673988526,outlier
31239899,31243273,31241586,0.023643810132902388,0.0028781939432706506,baseline
31243276,31246817,31245046,-0.17689728817678152,0.022418286896259066,outlier
31246819,31250180,31248499,-0.07535965734454007,0.012106430965213324,intermediate
31250182,31253987,31252084,-0.12550213002452554,0.01503396697480329,outlier
31253990,31259665,31256827,-0.15773377396311114,0.015154337953617161,outlier
31259667,31263352,31261509,-0.137101755699002,0.013447132350017406,outlier
31263359,31267194,31265276,0.017924450325406724,0.00048703740292420567,baseline
31267201,31271087,31269144,-0.06467607966554355,0.003361146337157508,intermediate
31271090,31275677,31273383,-0.010183958364523203,0.004970278623636687,intermediate
31275680,31297135,31286407,0.040674876783105204,0.002233572444899127,baseline
31297136,31342232,31319684,-0.11516395736206415,0.008761095890840176,outlier
31342237,31345668,31343952,0.005081230548515864,0.006162421732659772,baseline
31345670,31349098,31347384,-0.13159506528359902,0.010730411848940408,outlier
31349103,31353126,31351114,-0.02076760401849,0.0016646980119383913,intermediate
31353129,31356471,31354800,-0.09485036398469152,0.010559947230725994,outlier
31356473,31359885,31358179,-0.01808155039401232,0.0038583115117717666,intermediate
31359886,31363116,31361501,-0.009252813747363383,-0.00027421184157599493,intermediate
31363117,31371858,31367487,0.04087319587420912,0.0019741542083925954,baseline
31371871,31375393,31373632,-0.00934006718038204,0.0009483036905282885,intermediate
31375395,31378805,31377100,0.027690194126435752,0.003645185675364694,baseline
31378812,31382257,31380534,0.019621511217427084,0.00251333922603964,baseline
31382258,31385501,31383879,0.02435500104177679,0.001850162757351912,baseline
31385502,31388952,31387227,0.026397376650667822,7.81117381864015e-05,baseline
31388954,31392359,31390656,0.003307956612072818,0.0032762412942113324,baseline
31392361,31395790,31394075,-0.04244704463743432,0.004640733434251593,intermediate
31395794,31399309,31397551,-0.01783712646984522,0.006599102293953515,intermediate
31399310,31403795,31401552,0.008304505212804717,0.0037345031604935023,baseline
31403796,31407362,31405579,0.015596474402895102,-0.001133700865622684,baseline
31407370,31410767,31409068,0.005632353534757799,0.00203810293623675,baseline
31410770,31414882,31412826,-0.008359793157956773,0.006238745824841168,intermediate
31414884,31418409,31416646,-0.04784011744681718,0.009372204799448256,intermediate
31418410,31422781,31420595,-0.04618704353563239,0.009075406516134666,intermediate
31422782,31426240,31424511,-0.0058045613863748876,0.007086920168326633,intermediate
31426241,31429709,31427975,0.04199685226791884,0.0020012782795583344,baseline
31429710,31433506,31431608,-0.05361567826221649,0.014425809958975615,intermediate
31433518,31439127,31436322,0.034245494882513924,0.0033703121728629703,baseline
31439130,31443562,31441346,0.014350428790713677,0.0041731291070266335,baseline
31443564,31448245,31445904,0.04011598337002988,0.0023146241556871935,baseline
31448247,31453249,31450748,0.03719060183188039,0.0004727099325330699,baseline
31453250,31457948,31455599,0.03318736177091887,0.0012816585794342068,baseline
31457952,31461862,31459907,-0.0628249394753194,0.011410857500115376,intermediate
31461863,31465335,31463599,0.014161227081347061,0.0030174087709941722,baseline
31465338,31469102,31467220,-0.01915434130177178,0.005007692845825059,intermediate
31469104,31472761,31470932,-0.021477542369427415,0.006980763815392028,intermediate
31472762,31476201,31474481,-0.11567302813594176,0.014370753960318988,outlier
31476204,31479590,31477897,0.005402436461693158,0.006348420787308061,baseline
31479596,31483779,31481687,-0.0592967289970853,0.001742965218961473,intermediate
31483783,31487304,31485543,-0.05467329175125103,0.010223777893934574,intermediate
31487306,31490937,31489121,-0.0019781927234677346,-0.000604055722486095,baseline
31490941,31494956,31492948,0.04170856819477665,0.0012354444338205505,baseline
31494960,31506009,31500484,0.029213995318661392,0.0013683213790321664,baseline
31506011,31509830,31507920,0.03155570732867725,0.0029720449443587675,baseline
31509834,31513487,31511660,0.03938759281439558,0.0025392403417294645,baseline
31513491,31516977,31515234,0.03624963014750231,0.002993307337666855,baseline
31516979,31520836,31518907,-0.003720681892058704,0.005075360455105875,intermediate
31520838,31524311,31522574,-0.06854171509707857,9.46970337740581e-05,intermediate
31524315,31527716,31526015,-0.012287786998264319,0.0026854433564384287,intermediate
31527721,31531479,31529600,-0.06719060459977261,0.011192449284508509,intermediate
31531484,31535177,31533330,0.00012434093155682256,0.0076246213287400446,baseline
31535179,31538820,31536999,-0.0667823770469302,0.01252840332257662,intermediate
31538824,31542648,31540736,-0.04521440068137018,0.008282394370082722,intermediate
31542649,31546461,31544555,0.03138332222609715,0.004361654155504792,baseline
31546463,31558014,31552238,0.022832972516228765,0.0018515550205897061,baseline
31558015,31561673,31559844,0.02343190607356895,0.0041975860679973505,baseline
31561674,31565454,31563564,0.0022906904641545075,0.0022411273644179,baseline
31565456,31569657,31567556,-0.008908095930213246,0.0005699800200042149,intermediate
31569660,31573291,31571475,0.01929207245970168,0.0010126964288229314,baseline
31573292,31576911,31575101,0.011010375250039988,0.0064626940532812845,baseline
31576915,31580542,31578728,0.003345951969262953,0.00529468588032559,baseline
31580545,31584513,31582529,0.024099477411309096,0.004349759834737192,baseline
31584519,31588518,31586518,0.004164285868679708,0.002639216390820245,baseline
31588519,31592211,31590365,0.015737796983145015,0.0034903562265866488,baseline
31592219,31598549,31595384,-0.014836814305966377,0.007992042854057796,intermediate
31598553,31605431,31601992,-0.018182629270353367,0.008149173909864405,intermediate
31605433,31612937,31609185,0.0193320894757228,0.005615827483065137,baseline
31612939,31616258,31614598,0.024035481982385143,0.0048572118623008455,baseline
31616261,31620037,31618149,0.016050950958158297,0.0010163399054159469,baseline
31620045,31623504,31621774,0.033660645680689646,0.002525146007998782,baseline
31623512,31627354,31625433,-0.06971852406883247,0.014980338978339057,intermediate
31627355,31631279,31629317,-0.004816210702036453,0.003966669269847443,intermediate
31631285,31635187,31633236,0.0084144597772275,0.006246394308202468,baseline
31635195,31638504,31636849,0.0404256143731038,0.002520022920879641,baseline
31638506,31641951,31640228,0.031001499062039712,-0.0015118232673368645,baseline
31641952,31645667,31643809,0.024340118415737716,0.00101503065192471,baseline
31645669,31649467,31647568,0.03451212198590767,0.0038751271053051686,baseline
31649474,31653650,31651562,0.0354233926034747,-0.0013773249822649218,baseline
31653654,31657209,31655431,0.017449355493080323,0.007190904705385486,baseline
31657212,31660777,31658994,0.036255914196370025,0.0031167367952634854,baseline
31660778,31665114,31662946,0.014827206025766265,-0.003057516471261461,baseline
31665115,31668685,31666900,0.03191623351398666,0.0034330292411133114,baseline
31668686,31671905,31670295,0.03249710895344854,0.003434519768568415,baseline
31671907,31675306,31673606,0.03584966495044058,0.0017060266602506751,baseline
31675308,31679269,31677288,0.042758460085668706,0.0015843621573889215,baseline
31679271,31682923,31681097,0.03690316444824851,0.0035059072825109373,baseline
31682924,31698502,31690713,0.032171063671707995,0.004058118953662142,baseline
31698508,31703155,31700831,0.020173271135171377,0.005151682276941187,baseline
31703170,31706568,31704869,0.026762840130120733,0.000915674152543716,baseline
31706573,31711293,31708933,0.04117858703289052,0.002138645831357102,baseline
31711299,31721086,31716192,0.04239562930113788,-0.0003595375760016907,baseline
31721088,31724349,31722718,0.011289963068236512,0.005198060053946229,baseline
31724352,31727690,31726021,-0.05978647200163391,0.009670460648252213,intermediate
31727691,31730960,31729325,-0.06557188317929559,0.008899647387964537,intermediate
31730961,31734336,31732648,-0.08061569828510906,0.015537004380842767,outlier
31734342,31737913,31736127,-0.009058008401142941,0.00812510421457477,intermediate
31737914,31741831,31739872,-0.013835343436204926,0.008488893017298667,intermediate
31741833,31760492,31751162,0.016632598229176593,0.0038752657743721204,baseline
31760500,31764345,31762422,-0.03240709582067402,0.0025726695604975694,intermediate
31764349,31768669,31766509,0.03300728683025723,-0.0013317401968077494,baseline
31768670,31775384,31772027,0.03440184766100425,0.0026244831597211013,baseline
31775386,31784171,31779778,0.012488026984344947,0.00040173858555307,baseline
31784176,31811752,31797964,-0.034915112718339206,0.009311123398600676,intermediate
31811753,31815734,31813743,-0.0020820186278371023,-0.0028722082429550352,baseline
31815738,31822815,31819276,0.00845345198069577,0.0054008202309026015,baseline
31822819,31827453,31825136,0.00892109200791671,0.004615326197395969,baseline
31827461,31830764,31829112,0.03446842948162204,0.00268307759219954,baseline
31830770,31834022,31832396,0.01755854930948847,0.001477864588637168,baseline
31834026,31860594,31847310,-0.03919822110714661,9.812542861451131e-06,intermediate
31860603,31863982,31862292,-0.06681039225749351,0.012846148623844077,intermediate
31863984,31867918,31865951,-0.057087950183178804,0.012941132721260799,intermediate
31867919,31871837,31869878,-0.009750108919508671,-0.00032929334476489006,intermediate
31871839,31907292,31889565,-0.018097470606035313,-0.0005830944074943255,intermediate
31907294,31930745,31919019,-0.0343250053981352,-0.0015997699205801857,intermediate
31930746,31934664,31932705,-0.053906019308729035,0.00048182248989257596,intermediate
31934667,31942283,31938475,-0.04628955479762366,0.010745483397826466,intermediate
31942284,31951403,31946843,0.03255230143077805,0.0031937928252812426,baseline
31951404,31955015,31953209,-0.049765154354430706,0.003955880527400906,intermediate
31955018,31958470,31956744,0.03649007978321907,0.0032869555049305304,baseline
31958475,31961868,31960171,-0.03766899661919281,0.008463979609932247,intermediate
31961870,31965453,31963661,0.03493003558752178,0.0015119745849576467,baseline
31965456,31968692,31967074,0.015395425102327626,0.0006101852673167265,baseline
31968696,31972031,31970363,0.033097044573755445,0.00048673614691536245,baseline
31972035,31975276,31973655,0.03960069217074454,0.0020202966314796234,baseline
31975277,31978443,31976860,0.013412620835216538,0.006107955138871844,baseline
31978451,31981646,31980048,0.04149554873269556,0.001375147226881668,baseline
31981650,31984966,31983308,0.03193997534676986,0.0018316270050417528,baseline
31984967,31988387,31986677,0.004835534270684111,0.005248874200747558,baseline
31988388,31991671,31990029,-0.0030290078785014814,0.004026185885125249,baseline
31991674,31994873,31993273,0.04037895704553248,0.0011290831682363048,baseline
31994874,31999059,31996966,-0.0010142608154236547,0.0060583083802787175,baseline
31999080,32002259,32000669,-0.03499383644735019,0.007193990935651076,intermediate
32002262,32005533,32003897,-0.06830844454726927,0.010878529617726396,intermediate
32005537,32008872,32007204,-0.1446830129696782,0.008871346203515422,outlier
32008874,32012075,32010474,-0.02498258050141852,0.0027799472690900546,intermediate
32012088,32015277,32013682,-0.12539683421689907,0.013509129225030255,outlier
32015278,32018637,32016957,-0.11985579145936533,0.02128479824540926,outlier
32018640,32021896,32020268,-0.07271611433529657,0.014555029641637168,intermediate
32021901,32025221,32023561,-0.09839701732227336,0.018715327504758603,outlier
32025222,32028802,32027012,-0.19984253929283186,0.02466586995102379,outlier
32028803,32032523,32030663,-0.20011254816930718,0.013893790739146199,outlier
32032525,32037022,32034773,-0.29304302386412395,0.008070172829543936,outlier
32037023,32041965,32039494,-0.24207850391399166,-0.000856390797781759,outlier
32041972,32045272,32043622,-0.09234642214546077,0.003217829119771308,outlier
32045280,32048884,32047082,-0.030503696231849536,0.0014447456656255435,intermediate
32048885,32052232,32050558,0.005278978529917102,0.001988452322716755,baseline
32052235,32055313,32053774,-0.059210761891002765,0.005905510887615338,intermediate
32055314,32058832,32057073,-0.008945031380392423,0.003764699663504476,intermediate
32058836,32063081,32060958,0.011983330664655314,0.0007530520134328109,baseline
32063083,32066362,32064722,0.03706998726289312,0.0033857667397485963,baseline
32066369,32069839,32068104,0.03715747166722179,0.0027013533394734837,baseline
32069844,32074409,32072126,0.01188856297395961,0.00764960181602358,baseline
32074424,32078018,32076221,0.022176036029179634,0.0032068496073507633,baseline
32078021,32081273,32079647,0.014408998923377374,0.006305907632527173,baseline
32081278,32084740,32083009,0.03845877123732431,0.0017889202829329308,baseline
32084743,32088677,32086710,-0.0028972588621057212,0.004610897983778073,baseline
32088681,32093413,32091047,0.027294033556137583,0.003347056093528538,baseline
32093418,32096701,32095059,0.03601384422556582,0.003522470513741138,baseline
32096702,32101701,32099201,0.027919600812960955,0.0028247244258335033,baseline
32101707,32107350,32104528,0.034559288421808616,0.002737702007363887,baseline
32107352,32110611,32108981,0.02159894430547971,0.003630425211500844,baseline
32110615,32113899,32112257,0.01995774294471511,0.001506748247272294,baseline
32113903,32117144,32115523,-0.033022388841222806,0.004754511227247136,intermediate
32117147,32121364,32119255,0.017585334902006842,-0.0023238399237556473,baseline
32121368,32131182,32126275,0.021830018067032334,0.001749525291828484,baseline
32131193,32201532,32166362,0.013529180723795988,0.004273380652302963,baseline
32201539,32219949,32210744,-0.0262335030894978,0.008836134902612454,intermediate
32219950,32224864,32222407,-0.11192158339133428,0.0007957824008679377,outlier
32224865,32228510,32226687,0.03216025767676014,0.0024424010604612596,baseline
32228513,32232314,32230413,0.023668874007715446,-0.0006617793131699991,baseline
32232316,32236003,32234159,0.021689108851696413,0.0051044468733206245,baseline
32236006,32239557,32237781,0.001659644014662607,0.001693355863311499,baseline
32239560,32243249,32241404,0.039034310992255135,0.0006520796227662111,baseline
32243250,32246898,32245074,0.03729741738295806,0.0033678899341697097,baseline
32246899,32250635,32248767,0.01190805832003244,0.008062781361430594,baseline
32250638,32254129,32252383,-0.010667202964539671,0.0035955319993845273,intermediate
32254132,32257755,32255943,0.0018829073767672034,0.000850348848074529,baseline
32257756,32262229,32259992,0.04170092979094561,0.0024659328635007966,baseline
32262238,32265667,32263952,-0.003592370123217911,0.004272445075406794,intermediate
32265686,32268972,32267329,0.026729721107345478,0.0031988495708946303,baseline
32268974,32272599,32270786,0.03718770860824967,0.0028714894103162216,baseline
32272601,32276230,32274415,0.010421893495024506,0.0033895465578819392,baseline
32276231,32279522,32277876,0.0266866393816759,-0.00016021374494141867,baseline
32279525,32283157,32281341,0.02656039496082289,0.0016844537770137067,baseline
32283160,32286509,32284834,0.00227508426621758,0.006866229318379235,baseline
32286511,32290457,32288484,0.01792352461973544,0.005956503922033167,baseline
32290462,32294767,32292614,-0.00026433338975484245,0.003517780689030641,baseline
32294774,32298204,32296489,0.00465757162880012,0.005595290561649754,baseline
32298206,32301527,32299866,0.012331949190964302,0.005594885151216925,baseline
32301530,32305628,32303579,-0.042531504031703415,0.002314910116680103,intermediate
32305652,32309310,32307481,0.03554739467069297,0.0037584478780633844,baseline
32309312,32312967,32311139,-0.04088109452099922,0.007236532988535679,intermediate
32312974,32317353,32315163,0.03414475633390064,-0.0021051943901707116,baseline
32317358,32320919,32319138,-0.01317848195679855,-0.005910823251763383,intermediate
32320920,32324406,32322663,-0.0683306102352047,0.015979488263096028,intermediate
32324410,32328928,32326669,0.03305626270148071,0.0032348448851379987,baseline
32328931,32333220,32331075,-0.3135039754514447,0.03706229665825703,outlier
32333222,32337408,32335315,-0.32610683325048584,0.03963832260741456,outlier
32337411,32354204,32345807,-0.06486710512325373,0.012179231353820982,intermediate
32354207,32358002,32356104,-0.21005770966933465,0.019605550185307723,outlier
32358004,32372525,32365264,-0.038143405196592345,0.006863677227684121,intermediate
32372534,32376168,32374351,-0.20332198897514153,0.03048227692617854,outlier
32376170,32755475,32565822,0.009441367471398888,0.0033993095660887042,baseline
32755477,32759036,32757256,0.039711272632563396,0.0019124395983865054,baseline
32759037,32762419,32760728,-0.07520751040453318,0.0073360456918283665,intermediate
32762420,32766019,32764219,0.019383851009383227,0.0038331099324406285,baseline
32766022,32769411,32767716,0.034582712597607874,0.0023084841190430705,baseline
32769415,32772756,32771085,0.028954843070070554,0.0030094342724057642,baseline
32772766,32776454,32774610,0.015461462648440552,0.0037292872163789885,baseline
32776456,32779706,32778081,0.03154593319058573,0.0009894541388777499,baseline
32779707,32783019,32781363,0.007579477303718632,0.005596413275078542,baseline
32783020,32794779,32788899,0.00122758715465918,0.00022147725961554294,baseline
32794780,32798285,32796532,0.022998564417658695,0.0036180132005723315,baseline
32798287,32801481,32799884,0.040532555332463506,0.0023368062135467322,baseline
32801485,32804755,32803120,0.03903242326746421,0.0018459493155431972,baseline
32804757,32808032,32806394,0.03059988027068152,0.0017452715977023473,baseline
32808036,32812475,32810255,0.004368227027711862,0.0077326898318016484,baseline
32812483,32815954,32814218,0.01066351314244568,0.0024092612935782214,baseline
32815956,32819065,32817510,0.03965483220987833,0.0011390689302732643,baseline
32819067,32822583,32820825,0.004090862077465819,7.063092818565946e-05,baseline
32822587,32825848,32824217,0.016187556171138283,0.005597549503764021,baseline
32825854,32829228,32827541,0.024081992901041856,0.0038809119476858407,baseline
32829231,32832534,32830882,0.028473479268673156,0.004002277920058255,baseline
32832537,32835854,32834195,0.022039385722395232,0.005001285897058929,baseline
32835855,32840012,32837933,0.037696294150948294,0.002609399006423149,baseline
32840013,32843250,32841631,0.026823926682908325,0.0003079342159817118,baseline
32843255,32847432,32845343,0.03438562591390153,0.0023606725852650624,baseline
32847433,32851091,32849262,0.021212871774114225,-0.0007323799167626314,baseline
32851092,32854346,32852719,0.039333911765281546,0.0017003971881462202,baseline
32854349,32857755,32856052,-0.003290085241069074,0.0045779752331381795,baseline
32857768,32861623,32859695,0.0298931361149972,6.805188734608453e-05,baseline
32861629,32865720,32863674,0.02462472522029351,0.0031007684693567824,baseline
32865723,32869839,32867781,-0.029264057491096392,0.008972477153610157,intermediate
32869840,32872955,32871397,0.019122816591094362,-0.0003367208260055538,baseline
32872957,32876502,32874729,-0.07363677395516013,0.003083608296229857,intermediate
32876506,32879730,32878118,-0.024666083823575182,0.0039062008191776375,intermediate
32879739,32882977,32881358,0.009940067925951679,0.002867572477030229,baseline
32882981,32886223,32884602,0.021351112254302442,0.0007996813165010236,baseline
32886226,32889478,32887852,-0.056141493268394536,0.003401511943645327,intermediate
32889479,32892703,32891091,-0.030574425826435252,-0.0021951768559779735,intermediate
32892715,32895880,32894297,-0.2405491984600365,0.013990939151279313,outlier
32895881,32899825,32897853,-0.3929346943800607,0.005506931331907825,outlier
32899827,32903512,32901669,-0.050190885929862726,0.0011012969047662676,intermediate
32903516,32906874,32905195,-0.18481424664877213,-0.0019332901886611401,outlier
32906876,32910174,32908525,-0.15583280888004475,0.011861694687207321,outlier
32910177,32913551,32911864,-0.09095797319191325,0.005081498142243051,outlier
32913559,32916829,32915194,-0.08819031304795961,0.007643801849507317,outlier
32916830,32920202,32918516,-0.18777885195847577,0.012758653253728533,outlier
32920204,32925011,32922607,-0.1079846553513248,0.0055178122731025184,outlier
32925015,32929247,32927131,0.03151924002908689,4.6390163872312646e-05,baseline
32929248,32934940,32932094,-0.011074844200653007,0.0010791732302876222,intermediate
32934943,32938537,32936740,-0.005965916609015604,0.0030174436189768896,intermediate
32938538,32941980,32940259,-0.0101641063909999,0.004481187723364789,intermediate
32941982,32945516,32943749,-0.03344090117443711,0.0032414102081891063,intermediate
32945519,32948999,32947259,-0.06788213511137732,0.00808269743028513,intermediate
32949000,32952293,32950646,0.027279645996405803,0.003946784900762781,baseline
32952296,32955494,32953895,0.036282178238765936,0.0016266153980709895,baseline
32955495,32958851,32957173,-0.01675219502516225,0.0066027912805385735,intermediate
32958855,32964199,32961527,0.03180426891799257,0.001298393749987335,baseline
32964201,32967401,32965801,-0.0046801377592106405,0.008202042496582128,intermediate
32967408,32970710,32969059,-0.0031232205330852005,0.007485665885114968,baseline
32970713,32973937,32972325,0.03160414003963927,0.003151380683220856,baseline
32973939,32977278,32975608,-0.018045628009785042,0.00460572387221656,intermediate
32977279,32980430,32978854,0.0335201971336391,0.003338223570251838,baseline
32980432,32983799,32982115,0.030399748737993032,0.0038044496244352085,baseline
32983801,32987230,32985515,-0.06251607231124816,0.013956772520744032,intermediate
32987236,32990504,32988870,0.04195989499004906,0.001465500121682761,baseline
32990505,32993688,32992096,0.02797537032389123,0.0028333492189629586,baseline
32993690,32996894,32995292,0.005395572938879676,0.0011197789453255154,baseline
32996906,33000889,32998897,0.03023489267495734,0.0022807220033993483,baseline
33000890,33006432,33003661,0.018096100939403035,0.0029228304800901043,baseline
33006434,33012176,33009305,-0.010809765252376705,0.0007689315520879584,intermediate
33012177,33017707,33014942,0.018233392657525663,0.004043413149211438,baseline
33017708,33024500,33021104,0.028979936419591765,0.004104348119934232,baseline
33024507,33031094,33027800,-0.009456797729389019,0.00820520812073254,intermediate
33031101,33035362,33033231,-4.0827719091277694e-05,0.009821074868644497,baseline
33035365,33038961,33037163,-0.05654981867846302,0.008316154744295867,intermediate
33038964,33043246,33041105,-0.10878697258204768,0.01084293861545568,outlier
33043247,33054112,33048679,-0.06020657122119434,0.00979780822282274,intermediate
33054114,33059459,33056786,-0.04989073713684644,0.013190915961992825,intermediate
33059463,33063201,33061332,-0.1269849434690626,0.023805542810977277,outlier
33063208,33069752,33066480,0.024843270846043413,0.005804698309377795,baseline
33069753,33076674,33073213,0.003081423597269193,0.005314459243617082,baseline
33076675,33080471,33078573,-0.07085215321585137,0.010954555522601528,intermediate
33080476,33084898,33082687,0.007258987293945455,0.0006467069167006992,baseline
33084899,33089440,33087169,0.03952348125990029,0.0015701193746028963,baseline
33089444,33093734,33091589,-0.006003330783134724,0.005390870173000109,intermediate
33093736,33097132,33095434,0.003805520960667548,-0.0005887331946245491,baseline
33097141,33100324,33098732,-0.027899029944958263,0.001398945140149273,intermediate
33100330,33104029,33102179,0.037186217076477096,0.0028029571828020816,baseline
33104035,33108987,33106511,0.03952973093724788,0.001257380040664163,baseline
33108988,33112446,33110717,-0.015522235000521804,0.005342706864611462,intermediate
33112447,33116973,33114710,0.033378716851512946,-9.859438178751955e-05,baseline
33116974,33120967,33118970,0.03451782858241068,0.004599384964490652,baseline
33120968,33125236,33123102,0.03875992231008673,0.000380948617917596,baseline
33125237,33129842,33127539,-0.00612276167178381,0.0016412099422179987,intermediate
33129846,33133277,33131561,0.0007792841033689251,0.00030171425805672423,baseline
33133278,33139262,33136270,0.024152185922341918,0.0048805435174961356,baseline
33139263,33142895,33141079,0.021974296575834686,0.004513237370245957,baseline
33142896,33146636,33144766,0.020200056834907092,0.005977283401666813,baseline
33146645,33154178,33150411,-0.0609827321090869,0.012223403254167176,intermediate
33154180,33157877,33156028,0.003690557318204007,0.007086631945758797,baseline
33157879,33161707,33159793,0.020879497786486984,0.0016652645254853751,baseline
33161711,33165412,33163561,0.005031348585750263,0.00531755630243347,baseline
33165429,33169692,33167560,0.024975615841032306,0.005148496894738352,baseline
33169693,33173409,33171551,-0.0012314394318517713,0.003626852079535748,baseline
33173415,33176933,33175174,0.005571539871632784,0.007725292969508192,baseline
33176934,33180930,33178932,0.01485285080631188,-2.63340091249075e-05,baseline
33180932,33184742,33182837,0.039028025272712576,0.001521348091419422,baseline
33184743,33188272,33186507,0.02559908121137467,0.003500008806616822,baseline
33188275,33191775,33190025,0.03462815589713753,0.0021928481757435086,baseline
33191780,33196662,33194221,0.041818780188788804,0.0017488587905849075,baseline
33196666,33201012,33198839,0.022717509925496166,-0.00024215208845454304,baseline
33201013,33205169,33203091,0.032674195739607864,-0.0014721490231139893,baseline
33205171,33208791,33206981,0.03507507450826381,0.002791943849426005,baseline
33208795,33212648,33210721,-0.0035891519964253325,0.0005292433908116393,intermediate
33212649,33216133,33214391,0.030952901532323666,0.0032919365554145144,baseline
33216134,33219703,33217918,-0.0008959371425171155,0.002044286309327164,baseline
33219705,33226615,33223160,0.026387503254712428,-0.0003038652769028546,baseline
33226623,33230395,33228509,-0.10243429676520717,0.017108453076579617,outlier
33230406,33237320,33233863,0.02801452693925747,0.00464508755478129,baseline
33237328,33241606,33239467,0.03160945541515109,0.003743948103029215,baseline
33241608,33245162,33243385,-0.002293738856447344,-7.303760633954437e-05,baseline
33245164,33248911,33247037,0.02330610614316868,0.002554214371839981,baseline
33248912,33252376,33250644,-0.008305278890741095,0.00807241716807199,intermediate
33252387,33256110,33254248,0.017712902686586932,0.0012253910446520385,baseline
33256115,33260901,33258508,0.012882839907511412,0.005311456354182513,baseline
33260906,33271252,33266079,0.035089704563010894,0.002651644050629822,baseline
33271255,33274880,33273067,0.024856075599779884,0.006437045784642503,baseline
33274883,33278342,33276612,0.0329724327137279,0.002527182535167434,baseline
33278343,33281805,33280074,0.01781408038765913,0.0046980380282109074,baseline
33281806,33285027,33283416,0.04309061420129872,0.002231456060110778,baseline
33285028,33288809,33286918,0.041991999384569094,0.000530726285227895,baseline
33288810,33293004,33290907,0.039226115617232125,0.0032714381765062014,baseline
33293006,33296467,33294736,0.0017044140191384103,0.00986742311691279,baseline
33296472,33300821,33298646,0.04036546987920821,0.0018189800252079128,baseline
33300824,33304998,33302911,0.03865374475436867,-0.001512978185957608,baseline
33304999,33309840,33307419,0.0423569641366313,0.002397450991039179,baseline
33309841,33313317,33311579,0.024388923461101986,0.0021814477064680824,baseline
33313319,33316661,33314990,0.03884491487124613,0.001832092180064245,baseline
33316663,33321073,33318868,0.030874936042823643,0.001833376695780742,baseline
33321078,33324541,33322809,0.030696762500588188,0.00042858411604527834,baseline
33324542,33327855,33326198,0.04221243390363987,0.001905020332221158,baseline
33327858,33349411,33338634,0.027685837455648295,0.004580741486174983,baseline
33349417,33352768,33351092,0.026843839592153963,0.002794264665885738,baseline
33352777,33357308,33355042,0.03572380850699528,0.0027774447613977257,baseline
33357310,33360646,33358978,0.008811930458016308,0.005838370420724698,baseline
33360649,33365757,33363203,0.03867507863742226,0.000627520941415099,baseline
33365758,33369437,33367597,0.0030196904117432985,0.004404388152665542,baseline
33369439,33376536,33372987,0.022658414334037993,0.0005138453182190184,baseline
33376537,33386247,33381392,0.011072484762617052,0.0032295674350747696,baseline
33386250,33389429,33387839,0.033212512035218654,0.004691519483251994,baseline
33389435,33408420,33398927,0.02844695517785197,0.0022765767435886544,baseline
33408428,33414177,33411302,0.002595731216768291,0.002221520443175295,baseline
33414179,33418100,33416139,-0.03362840052364902,0.010082186746966551,intermediate
33418104,33421692,33419898,0.007084536359099875,0.0014204490076930188,baseline
33421700,33425275,33423487,-0.008218543387421314,0.007162063767975671,intermediate
33425276,33429847,33427561,-0.04431830626209126,0.008279094286797677,intermediate
33429849,33434089,33431969,0.013435209446027831,0.004848260101787531,baseline
33434092,33437366,33435729,0.03381321212150232,-0.0014329577526110138,baseline
33437370,33440719,33439044,0.004275941573868809,0.005077795975664263,baseline
33440727,33444280,33442503,-0.026794173184292978,0.00293685895530956,intermediate
33444286,33448689,33446487,0.0315429026919953,5.890466133488243e-05,baseline
33448693,33452165,33450429,0.004142441902971378,0.00751388949457839,baseline
33452171,33455916,33454043,-0.02647936830233427,0.007082491268052195,intermediate
33455917,33462660,33459288,-0.026106377430555675,0.008116229032269391,intermediate
33462665,33467372,33465018,-0.023429185776476184,0.009140949301882254,intermediate
33467376,33471927,33469651,-0.03867321116101541,0.005981733541822875,intermediate
33471931,33476140,33474035,-0.00041967889848002,0.003057377156658466,baseline
33476142,33480554,33478348,0.02390105085040275,0.004507460455867291,baseline
33480556,33484774,33482665,0.023692864154045284,0.0005216762655008125,baseline
33484775,33488727,33486751,-0.046108492688793246,0.0009469311088358926,intermediate
33488730,33492655,33490692,0.031177318728992407,-1.545037852312246e-05,baseline
33492661,33496776,33494718,0.03278508106245452,0.003946223737061708,baseline
33496777,33501241,33499009,0.04100705682016747,0.0007059968071780433,baseline
33501249,33504885,33503067,0.02227803002981825,0.0011661235910630043,baseline
33504887,33508621,33506754,0.02197152096604303,0.005299675589496317,baseline
33508625,33511863,33510244,0.038474643484798364,0.0004513902564819003,baseline
33511867,33515300,33513583,0.03720514516568867,0.0012797911735278208,baseline
33515302,33519632,33517467,0.012780455452852087,0.00443223658872214,baseline
33519635,33523645,33521640,0.030505331149642215,0.004649796607730873,baseline
33523649,33526952,33525300,0.024373159339069327,0.0029875772743406053,baseline
33526963,33530808,33528885,0.04151500719255235,0.002595040464566097,baseline
33530809,33534569,33532689,0.04177244139604277,0.0026290168310092966,baseline
33534576,33538321,33536448,0.021289148163659424,0.0018216198375926775,baseline
33538328,33542321,33540324,-0.02063925228713585,0.0074186467697092,intermediate
33542324,33545985,33544154,0.013077894513567664,0.003790708779657759,baseline
33545986,33549692,33547839,0.014605078644385821,0.0018462908542111439,baseline
33549701,33553481,33551591,0.03442593720947385,0.002682830976517801,baseline
33553486,33558203,33555844,0.016099080798528842,0.0014186083228524438,baseline
33558208,33561764,33559986,0.011755449008111544,0.0026789780395468313,baseline
33561766,33566196,33563981,0.030498672530530468,0.004952742899779548,baseline
33566199,33569578,33567888,0.015543869743809094,0.0029696556870153806,baseline
33569582,33575259,33572420,0.024841932979475664,0.004995258650028282,baseline
33575260,33579722,33577491,0.03340142469891005,0.0013235585271687436,baseline
33579725,33583263,33581494,0.03644165543435289,0.0014847374881543272,baseline
33583281,33586567,33584924,0.04047261481715267,0.00228653329296341,baseline
33586570,33590174,33588372,0.0027220054230488082,0.005592576695631383,baseline
33590182,33593674,33591928,0.03202996721564275,0.0003248549522977941,baseline
33593676,33597064,33595370,0.021928241816039817,0.004564889809953413,baseline
33597066,33600581,33598823,0.02727002236771331,0.004493423623085275,baseline
33600586,33604360,33602473,-0.01122424131587446,0.005926718889296431,intermediate
33604369,33608260,33606314,0.010230630502072088,0.0025786696423128206,baseline
33608266,33611734,33610000,0.03931440295051402,0.0005295076594167147,baseline
33611736,33616659,33614197,0.031839325472839866,0.004001168475123329,baseline
33616660,33620646,33618653,-0.0035254798227657373,0.006420617044050161,baseline
33620649,33625345,33622997,-0.023988745594486372,0.00032603180586133286,intermediate
33625347,33628855,33627101,-0.012974575664859272,0.010108756058352115,intermediate
33628858,33633218,33631038,-0.02555327544817964,0.002046309776019106,intermediate
33633220,33636601,33634910,0.001350729661404821,0.0076521379791036175,baseline
33636608,33640452,33638530,0.019495548461825662,0.006695015701173985,baseline
33640457,33644060,33642258,0.03345500316422929,0.001609510501157869,baseline
33644063,33647747,33645905,0.040026898236530356,0.002703476986446504,baseline
33647749,33651184,33649466,-0.0002532817211470632,0.0042343349861724425,baseline
33651186,33654692,33652939,0.004726817536452605,0.001728850109609927,baseline
33654698,33658239,33656468,0.022256640333531762,0.0030091355557652195,baseline
33658241,33661534,33659887,-0.0020953453179235726,0.006433157245754456,baseline
33661537,33665091,33663314,0.028608449348829487,0.0017763937192902784,baseline
33665097,33670180,33667638,0.013763126171610022,0.0032673743950176093,baseline
33670182,33673531,33671856,0.03200850347113814,0.002430358845981611,baseline
33673535,33676803,33675169,-0.016521893837265145,0.00894698846877246,intermediate
33676808,33681202,33679005,0.006061744799553537,0.006662792335362167,baseline
33681204,33684697,33682950,0.04073556856735997,0.0017962966576598903,baseline
33684702,33687879,33686290,-0.009731609862916933,0.007437833766814953,intermediate
33687880,33691083,33689481,0.01869352219647059,0.004857018947286652,baseline
33691086,33694381,33692733,0.03200906202909129,0.0024336376448402535,baseline
33694383,33697691,33696037,0.041564419491468545,0.0027246672967133822,baseline
33697695,33700892,33699293,0.025552721997030944,0.004190585919290326,baseline
33700895,33704917,33702906,-0.008695097202986012,0.0032495522956634292,intermediate
33704918,33708617,33706767,-0.0011093616911149126,0.007118890089336688,baseline
33708618,33711809,33710213,-0.010223898207042387,0.004306063035755939,intermediate
33711810,33715120,33713465,0.006534628360200361,0.004296818448567089,baseline
33715129,33718238,33716683,0.030822671792326374,0.0025569271345360096,baseline
33718241,33721715,33719978,-0.01190458320992866,0.005660429818262558,intermediate
33721722,33725063,33723392,-0.031112303535601803,0.007872964518674476,intermediate
33725073,33728207,33726640,0.0033084654352405337,0.009577021297999139,baseline
33728209,33731375,33729792,-0.0075694906142540095,0.009871745103768518,intermediate
33731376,33734858,33733117,0.017297726572685003,0.0022202776191055378,baseline
33734860,33738162,33736511,0.04101207009739612,0.002273570099520564,baseline
33738163,33741526,33739844,0.029467445035085044,0.0035646730562220318,baseline
33741532,33744857,33743194,0.0342515421502297,0.003504289846903943,baseline
33744859,33748398,33746628,0.03313608659499136,0.0037743157263130083,baseline
33748399,33751492,33749945,-0.024096726520001867,0.0039540552941074525,intermediate
33751493,33754732,33753112,-0.03583130455017727,0.0037115242808717372,intermediate
33754733,33758695,33756714,-0.005903390820402536,0.007864169792996348,intermediate
33758702,33762102,33760402,0.023538301748798767,0.0012296293568045808,baseline
33762104,33765637,33763870,0.023538680917577715,0.004434994055753797,baseline
33765639,33768936,33767287,0.009516699753849145,0.004519126325723087,baseline
33768938,33772798,33770868,0.0010006668682577783,0.007219522897500458,baseline
33772799,33776110,33774454,0.03751663460738056,-0.0002777028773492665,baseline
33776113,33779529,33777821,0.041517001565550736,0.0007366754837925208,baseline
33779531,33783419,33781475,0.030971871243088245,0.004261653472235687,baseline
33783423,33787216,33785319,-0.016771057799035996,-0.0017339848837127248,intermediate
33787221,33792589,33789905,0.036955743887128994,0.003968366992982742,baseline
33792593,33796332,33794462,-0.024893761790075467,0.0033181923674571712,intermediate
33796334,33801937,33799135,-0.00946552425327697,0.006671016195555302,intermediate
33801938,33808832,33805385,0.018421062638710694,-0.002179594399196786,baseline
33808835,33812365,33810600,0.021802430371953844,0.0047625088195848405,baseline
33812371,33815989,33814180,0.02546589468753153,0.0018201066142228652,baseline
33815993,33820642,33818317,-0.05412078745314692,0.008571983629529129,intermediate
33820643,33825419,33823031,-0.043445835161490615,0.00849920595426384,intermediate
33825421,33867332,33846376,0.0019681386458428366,0.0025179155337770177,baseline
33867333,33871630,33869481,0.004762662048763222,0.0030880031423839624,baseline
33871657,33875699,33873678,-0.009008090419208437,0.008987400116758762,intermediate
33875701,33879266,33877483,0.030182018834379973,0.00029283145380346097,baseline
33879270,33883835,33881552,-0.023968058018134425,-0.0020089970424571417,intermediate
33883844,33887111,33885477,-0.010998677294815046,-0.0018755141025365448,intermediate
33887113,33892224,33889668,0.00036003522226834243,-0.0015632670255921657,baseline
33892225,33895630,33893927,-0.009987708252983106,-0.005222223950091837,intermediate
33895632,33899253,33897442,-0.06021312938917099,-0.007169531159344805,intermediate
33899256,33902627,33900941,0.0010176114624568914,0.000843339016395035,baseline
33902628,33906100,33904364,-0.004398726447231933,0.0021078900618983192,intermediate
33906102,33909737,33907919,-0.001848422857379702,0.004456393138310616,baseline
33909739,33913509,33911624,-0.05611841535211412,0.00364364979837771,intermediate
33913511,33916903,33915207,-0.009551183965554145,0.001944051594568148,intermediate
33916905,33921470,33919187,0.03425129614815736,0.0004964744436682249,baseline
33921478,33924860,33923169,-0.054623925904085296,0.006993512550563866,intermediate
33924872,33929873,33927372,-0.0004587197412471751,0.005377735024910523,baseline
33929875,33942987,33936431,-0.03198124677326604,0.003621840411637055,intermediate
33942989,33946528,33944758,0.0322641629726764,0.0036265904802745435,baseline
33946532,33950352,33948442,0.03164665678172722,-0.0006964513180758656,baseline
33950353,33953870,33952111,0.03394887370378491,3.6988070020085405e-05,baseline
33953873,33959076,33956474,0.024701564092745598,0.0020745055348595862,baseline
33959080,33962382,33960731,-0.0014206104221796305,0.003931694646297326,baseline
33962384,33965874,33964129,-0.02375933206551387,-0.0011496908607855172,intermediate
33965882,33969233,33967557,0.04076114302033152,0.0014292473480515318,baseline
33969237,33972631,33970934,0.02622013834433568,-0.000692449912469272,baseline
33972635,33976432,33974533,0.03888347514614502,-1.292598550094455e-05,baseline
33976437,33990619,33983528,0.03534256710207576,0.0026850600284417906,baseline
33990621,33999684,33995152,0.028094180202053703,0.004687704500004042,baseline
33999687,34006280,34002983,-0.009332120479730125,0.002164067258284584,intermediate
34006283,34010098,34008190,0.03408431505153778,0.0037002737680869183,baseline
34010099,34013703,34011901,0.02153923765209637,0.0041094504731522185,baseline
34013710,34017608,34015659,0.04020514873326216,0.0021150181038271268,baseline
34017609,34021427,34019518,0.013465233924033222,0.004864361416967724,baseline
34021438,34025195,34023316,0.03539342588710009,0.00334690275663125,baseline
34025197,34029165,34027181,0.03673569676353208,0.0008983033602245169,baseline
34029173,34032628,34030900,0.037455523268948805,0.002765572586201146,baseline
34032710,34035900,34034305,-0.017281154816691794,0.004312407179647793,intermediate
34035903,34039302,34037602,0.011057172967984658,-0.0007511491144561557,baseline
34039304,34043222,34041263,0.0011429683459676448,0.0023999031010263575,baseline
34043225,34047877,34045551,0.02054467261684084,0.0009800539021347953,baseline
34047883,34051408,34049645,0.0021972870613109867,0.0014659405090797343,baseline
34051414,34063299,34057356,0.02030222895109936,0.002329693911263043,baseline
34063304,34069391,34066347,-0.054804422417341125,0.0042301693781962675,intermediate
34069394,34076278,34072836,-0.006182920192712204,-0.002391991276753061,intermediate
34076281,34079658,34077969,0.015756156916758586,0.004904550616517009,baseline
34079663,34086416,34083039,-0.0007902189824976701,0.0029522762157256762,baseline
34086419,34092490,34089454,0.0326185369389526,0.0016647953409877634,baseline
34092491,34097728,34095109,0.03837861443699311,0.0018064587079312162,baseline
34097729,34101519,34099624,0.04217273948510957,0.0012487815716810736,baseline
34101521,34106281,34103901,0.026151301665724356,0.0032113218979302593,baseline
34106282,34109891,34108086,0.04153913600939927,0.001743874018338709,baseline
34109892,34117783,34113837,0.040661357888378685,0.002424382906908161,baseline
34117792,34125792,34121792,0.03021417501230778,0.00359917233619396,baseline
34125794,34129108,34127451,0.026156804693242507,0.0024301635689465344,baseline
34129115,34153557,34141336,0.01330840348239396,0.002060573968676182,baseline
34153559,34158482,34156020,0.04100593521343879,0.002616190296542192,baseline
34158483,34161894,34160188,0.024177426495339736,0.0033709213189999218,baseline
34161895,34165090,34163492,0.03485512405440849,0.0021883390382949745,baseline
34165096,34168810,34166953,-0.023885769314705294,0.009105792771213293,intermediate
34168815,34179333,34174074,0.010284899993908626,0.005776997766406563,baseline
34179338,34183326,34181332,0.035391680564091775,0.0016483962278179836,baseline
34183327,34189945,34186636,-0.00021385327989612907,0.0020950760558934817,baseline
34189946,34194456,34192201,0.014987752761636079,0.003499100576226034,baseline
34194459,34198338,34196398,0.01836987337905423,-4.3033894048016426e-05,baseline
34198339,34201814,34200076,0.0063788330093494956,0.0019627931482670744,baseline
34201815,34206526,34204170,0.033013532788137706,0.004038525952835201,baseline
34206528,34209979,34208253,-0.06382903043061858,0.011782640942774763,intermediate
34209980,34213481,34211730,0.015476170194659944,0.0037835757758774204,baseline
34213485,34219201,34216343,-0.01999877861666175,-0.0009302780757369229,intermediate
34219202,34222803,34221002,-0.08507651765837942,0.00742475073574578,outlier
34222806,34227392,34225099,-0.04583745383737257,0.004738585739052677,intermediate
34227396,34231310,34229353,0.0019278562035779311,0.009326775271184464,baseline
34231311,34236600,34233955,0.03225128667424101,0.0029028231503945246,baseline
34236603,34246762,34241682,-0.029593245118763937,0.007589632529015693,intermediate
34246767,34250670,34248718,0.004981636343906868,0.0015414522696598858,baseline
34250671,34256338,34253504,-0.057578286122546785,0.006821267728488781,intermediate
34256343,34259891,34258117,-0.020363036213537144,0.008869665984863365,intermediate
34259893,34263325,34261609,-0.08770069465385717,0.008008285105227957,outlier
34263326,34266592,34264959,-0.06926559131396896,0.00825721619730808,intermediate
34266593,34270109,34268351,-0.0015686472906430735,0.005307319856068105,baseline
34270116,34275316,34272716,-0.011629739957884883,0.005187105012902559,intermediate
34275319,34281972,34278645,0.019825057992007823,-0.0011866121726416148,baseline
34281973,34286033,34284003,0.030696122050271838,0.0046812020440009814,baseline
34286035,34289714,34287874,0.04104682131567466,0.002635206122944072,baseline
34289715,34296163,34292939,0.03978205009241773,0.0018640381411352102,baseline
34296174,34304954,34300564,-0.017529581634686524,0.008245349118526382,intermediate
34304955,34308472,34306713,-0.019848401755501226,0.0018434664230000258,intermediate
34308473,34313698,34311085,0.02338346328005897,0.001309641844017012,baseline
34313700,34317999,34315849,0.020367034961051984,0.0011104897939557736,baseline
34318000,34321857,34319928,0.015906648856595408,0.00661821482268818,baseline
34321866,34325293,34323579,0.030278500864497414,0.0019266691978053205,baseline
34325300,34328607,34326953,0.02334114184053878,0.0013108209399691594,baseline
34328611,34332030,34330320,0.02663431171832174,0.0023927677236058385,baseline
34332032,34336476,34334254,0.039413152574670124,0.001212627947448227,baseline
34336478,34339953,34338215,0.04241930473203513,0.00229482248188628,baseline
34339958,34344239,34342098,0.021186047787424438,-0.0016528300336617742,baseline
34344240,34349741,34346990,-0.010999480950261459,-0.00844438239480041,intermediate
34349742,34353682,34351712,0.03239390752331218,-0.001730456849719319,baseline
34353687,34357159,34355423,-0.001304505565258828,0.0015916283560829944,baseline
34357164,34360982,34359073,0.03643985962411858,-0.002441491563108564,baseline
34360984,34364690,34362837,0.04024911340693117,0.002213866297176956,baseline
34364694,34368360,34366527,0.03272472798002932,0.0004924134233864523,baseline
34368361,34378723,34373542,0.02969260929028158,0.001859391881040862,baseline
34378728,34384922,34381825,0.027852937788676955,0.001869255941320571,baseline
34384924,34390373,34387648,0.01757984480521022,0.0032817591058846535,baseline
34390376,34393787,34392081,0.03552379863750347,0.0001379248725423703,baseline
34393790,34397956,34395873,0.026076975307991,0.0038392135012678074,baseline
34397958,34401618,34399788,0.042518702038961374,0.0014740630942888307,baseline
34401623,34405202,34403412,0.04084677094301747,0.002659295724596198,baseline
34405204,34408765,34406984,0.033095851926347404,0.0036742777483761402,baseline
34408767,34412664,34410715,0.03449255299580278,0.0026194657576407653,baseline
34412665,34417321,34414993,0.01734750419914949,0.0016270877304024461,baseline
34417324,34423322,34420323,0.026967373677915324,0.0013273190388826794,baseline
34423324,34427425,34425374,0.03339145522498038,0.0003257806478560942,baseline
34427428,34431377,34429402,0.042607061691409424,0.0014035362297584548,baseline
34431378,34434825,34433101,0.006064231785095887,0.007268388595230215,baseline
34434828,34438461,34436644,0.018871780012832164,0.0017021223648716122,baseline
34438464,34441901,34440182,0.03823598733137795,0.00030764637283899054,baseline
34441902,34445461,34443681,0.015233708481680918,0.00026524871339342874,baseline
34445467,34451609,34448538,-0.049125065156971494,0.007591385763437637,intermediate
34451610,34455332,34453471,-0.007312983858459241,0.005632863487902439,intermediate
34455333,34460473,34457903,-0.0027291643253753097,0.00024594703981108005,baseline
34460477,34464132,34462304,0.0013880010358580759,0.001524173317965881,baseline
34464134,34467705,34465919,0.000687126951710847,0.00018839321497944684,baseline
34467717,34471131,34469424,0.01260446945365951,-0.0004837070142259662,baseline
34471132,34475835,34473483,0.03748970402652808,0.0017950065001902508,baseline
34475839,34480647,34478243,0.020956770437760387,0.001357484346204344,baseline
34480653,34484009,34482331,0.02752910737914111,0.003355462814909713,baseline
34484010,34487382,34485696,0.03384486354812983,0.0038327003449060973,baseline
34487387,34490871,34489129,0.041274339917514995,0.0015400666422769875,baseline
34490872,34494265,34492568,0.0018730959800043402,0.0008417746159874388,baseline
34494267,34497668,34495967,0.026133815089925395,0.0035823938854241044,baseline
34497674,34501209,34499441,0.009815079557079201,0.005098620998551795,baseline
34501212,34505666,34503439,0.03982050633104964,0.0013364684729114656,baseline
34505668,34509602,34507635,0.0351255400196992,0.0016529233024322719,baseline
34509603,34514049,34511826,0.04024917224057,0.0005032096951693474,baseline
34514051,34517843,34515947,0.016909041969601694,0.002598957785136278,baseline
34517854,34523381,34520617,0.03498247858006379,0.0007024625933172456,baseline
34523382,34526960,34525171,0.013608306451692314,0.004218868102333884,baseline
34526966,34530241,34528603,0.03121661314018795,0.0014031378166743345,baseline
34530242,34533726,34531984,0.004070363403913542,-0.0021446471835999334,baseline
34533728,34538383,34536055,0.04020527627050947,0.002381333026557217,baseline
34538388,34541695,34540041,0.035770603704782716,0.0006329352153664361,baseline
34541699,34545036,34543367,0.040901761115299855,0.002714516014853192,baseline
34545044,34549083,34547063,0.02573101494096565,0.0037377737790598798,baseline
34549093,34552844,34550968,0.028967985945746108,0.001783431066705019,baseline
34552849,34556142,34554495,0.030539179628525426,0.0014272008003742736,baseline
34556148,34559711,34557929,0.03702942330632821,0.0034512735620471483,baseline
34559714,34564057,34561885,0.031138956020014524,-0.00019503222684758982,baseline
34564060,34567421,34565740,0.01014652781160544,0.0050459974651431965,baseline
34567426,34571161,34569293,0.0012582819423073634,0.00503641658138382,baseline
34571166,34574705,34572935,0.04052753297486674,0.0015913049025912172,baseline
34574707,34580317,34577512,0.03921560225106292,-0.000324613762551761,baseline
34580318,34587268,34583793,0.037369371819487136,0.0013010232567158447,baseline
34587271,34590725,34588998,0.03979689751577035,0.0025383458760567528,baseline
34590728,34594296,34592512,0.007208263812491836,0.006517730971384738,baseline
34594297,34597712,34596004,0.02400428824503107,-0.0035023118097421238,baseline
34597713,34601187,34599450,0.03091760464561596,0.0014193902950955933,baseline
34601189,34605540,34603364,0.004218019122351108,0.006750383025950243,baseline
34605545,34610583,34608064,0.036978663590773904,0.0018118020905206293,baseline
34610585,34614251,34612418,0.01727678649457375,0.0027497528958938477,baseline
34614255,34617517,34615886,0.0429076315697771,0.0015881430522455024,baseline
34617530,34621106,34619318,0.04114157241854859,0.0018268503821638968,baseline
34621107,34624510,34622808,0.043085022765678334,0.0016933186807008705,baseline
34624513,34627947,34626230,0.02006349626784294,0.00035528967006248326,baseline
34627954,34637979,34632966,0.02146716392152219,0.004242405035113723,baseline
34637982,34641602,34639792,0.031209936796898548,0.0019098737330143828,baseline
34641603,34645127,34643365,0.02717510185407998,0.0012047495623397273,baseline
34645130,34692586,34668858,0.014594596822633326,0.004324109411648194,baseline
34692587,34697659,34695123,0.0422729465396462,0.0008363319510772408,baseline
34697706,34703539,34700622,0.042892311625631195,0.0018679826098292097,baseline
34703542,34708839,34706190,0.04161949111836446,0.0012237311196371759,baseline
34708857,34712688,34710772,0.02081770629525139,0.002512916278261337,baseline
34712691,34724262,34718476,0.01183388364449903,0.003101710163881891,baseline
34724265,34728087,34726176,-0.015647924039622892,0.007731231943368966,intermediate
34728088,34731683,34729885,-0.004663855634107713,0.0076048576322806545,intermediate
34731685,34735568,34733626,0.02618733437160347,0.003155489017822899,baseline
34735569,34739117,34737343,0.04112595569140284,0.0013168070694072912,baseline
34739118,34742801,34740959,0.03893348435282294,0.003154433050897154,baseline
34742802,34746700,34744751,0.007780478960634986,0.004298190902352888,baseline
34746703,34751612,34749157,0.030120136168852698,0.0012723997372500251,baseline
34751619,34755221,34753420,0.016911936150956975,0.004658071956598462,baseline
34755224,34759140,34757182,0.03065535472834204,0.0021104286682182387,baseline
34759143,34762721,34760932,-0.0032740467787897797,0.0073695076464035635,baseline
34762723,34766465,34764594,0.0422490932596092,0.002518761760358447,baseline
34766467,34770660,34768563,0.016816996590776,0.004442136157530025,baseline
34770667,34774304,34772485,-0.0478840285190934,0.009375647826952131,intermediate
34774307,34778062,34776184,0.029277223267504465,0.0035230859861435657,baseline
34778069,34781721,34779895,0.02629137016080471,-0.0006839709227093349,baseline
34781727,34785308,34783517,0.03717783335608356,0.0006308926508283283,baseline
34785309,34788816,34787062,0.0337652203686258,0.0012854607817627069,baseline
34788817,34792326,34790571,0.027986897906255966,-0.0038086491983799534,baseline
34792327,34796205,34794266,0.03576798615698983,0.0007194201737463896,baseline
34796213,34809662,34802937,0.023121607850290982,0.0051572883533084,baseline
34809664,34813191,34811427,0.02925177912021332,0.002544875642834413,baseline
34813193,34816825,34815009,0.04196624825730384,0.0020737350256700574,baseline
34816826,34820936,34818881,0.017497869203960018,0.0013818860138513393,baseline
34820937,34824437,34822687,0.029079888145384442,0.001970599916283583,baseline
34824440,34827909,34826174,0.009612733015548785,0.004994643542118081,baseline
34827913,34833203,34830558,0.008699751864165061,0.0010337411871655998,baseline
34833205,34836675,34834940,0.03939826518459004,0.0015350260571568705,baseline
34836679,34840216,34838447,0.028302164120490976,0.004620437887672838,baseline
34840217,34843572,34841894,0.03561717864619633,0.0030077767763968008,baseline
34843573,34847490,34845531,0.04279546967628326,0.0020613718458596395,baseline
34847491,34850911,34849201,0.035188002182868265,-0.0010952521314592555,baseline
34850914,34855185,34853049,-0.001141487747104775,0.004058230255135135,baseline
34855186,34858955,34857070,0.027310535254281117,0.00023588205949363848,baseline
34858956,34862616,34860786,0.03911708625891934,0.002415259803631962,baseline
34862620,34866079,34864349,0.042657482140903,0.001655101479815908,baseline
34866080,34869937,34868008,-0.0037252614048409174,-0.0007161078392711268,intermediate
34869938,34873338,34871638,0.01300278395277579,0.0018443241677025008,baseline
34873339,34877016,34875177,0.03375856134058152,0.0014761345663304947,baseline
34877019,34880566,34878792,0.030708986243952185,0.0004444114814595154,baseline
34880567,34884659,34882613,0.03882770576268018,0.002339640595184525,baseline
34884672,34888165,34886418,0.01954701712911611,0.0010193176974331085,baseline
34888166,34892493,34890329,0.015596796747050293,0.0023267486127198913,baseline
34892494,34896574,34894534,0.0170461448992668,-0.0018370724221598055,baseline
34896577,34901082,34898829,0.029086667752646258,0.00026804612288578437,baseline
34901084,34905095,34903089,0.02242290369242522,0.0029197265997012627,baseline
34905096,34909735,34907415,0.03313579332375368,0.0032701459722705036,baseline
34909761,34914016,34911888,0.03176683346878312,0.0023238289334947273,baseline
34914019,34917519,34915769,0.013934429870052096,0.007374294758661672,baseline
34917520,34921073,34919296,0.007542920301884065,0.0013924453991791211,baseline
34921076,34925355,34923215,0.0414780981096828,0.001319491607388789,baseline
34925358,34930099,34927728,-0.023428215247059223,0.005907369383416047,intermediate
34930100,34936426,34933263,-0.013782413104342977,-0.00018240094348298593,intermediate
34936429,34940148,34938288,-0.027491038034757432,0.0001294271260677476,intermediate
34940149,34944331,34942240,0.04010852140193244,0.0011544275443833162,baseline
34944334,34949209,34946771,0.04014604588853431,0.0016771465154181537,baseline
34949212,34952826,34951019,0.019169941959067894,0.005904315431451371,baseline
34952829,34956224,34954526,0.03762377975943772,0.0011691412760023064,baseline
34956225,34960867,34958546,0.034325166209184764,0.002084546387245599,baseline
34960868,34964805,34962836,0.005700171242288454,0.002963426691347114,baseline
34964808,34968888,34966848,-0.003165421777804333,0.005750627388205041,baseline
34968889,34973870,34971379,0.017579002781355282,0.0038999702876728617,baseline
34973873,34977971,34975922,0.03424001245391048,0.0022381865437558347,baseline
34977972,34988216,34983094,0.0110294608613309,0.005383792516680481,baseline
34988217,34991873,34990045,-0.004376601317645447,-0.0018140545406694299,intermediate
34991880,34995775,34993827,-0.01703046136979525,0.009830389886590242,intermediate
34995777,35000497,34998137,0.04206142000876627,0.0014618832790652524,baseline
35000503,35004439,35002471,0.03288912612253347,0.002615668719379925,baseline
35004441,35010176,35007308,-0.07140350447877754,0.017300459587926094,intermediate
35010179,35013829,35012004,-0.02039056112645291,-8.593772529585842e-05,intermediate
35013833,35017652,35015742,0.012028481661513709,0.0057288253204360136,baseline
35017654,35023917,35020785,-0.028364320165438925,0.001863354037133463,intermediate
35023923,35028838,35026380,-0.04950423428281193,0.012523463206936208,intermediate
35028839,35032589,35030714,0.02320677373595895,0.003899798343483382,baseline
35032594,35036335,35034464,0.0275453595422487,0.004633151786143147,baseline
35036336,35039857,35038096,0.03711316106949915,0.0027960201523163845,baseline
35039860,35043582,35041721,0.02113041202840016,0.001997723823228252,baseline
35043602,35047901,35045751,-0.004816904186296123,0.0007225601418733809,intermediate
35047906,35051835,35049870,0.0285408613913107,0.004990631467708983,baseline
35051836,35055836,35053836,-0.011966195709193897,0.006791541631541538,intermediate
35055841,35059178,35057509,-0.009928049569352875,0.0032642784182315768,intermediate
35059179,35062874,35061026,0.017878797562390383,-0.0019818616536537255,baseline
35062880,35066103,35064491,0.015228408122902765,0.006247777705921843,baseline
35066104,35069447,35067775,0.012319460678612447,0.00933775263715761,baseline
35069449,35073195,35071322,0.04265180947367762,0.0008914820252303032,baseline
35073202,35076591,35074896,0.01316276188519406,0.004375694060154073,baseline
35076594,35080143,35078368,-0.00011829108572763095,0.007077773144384752,baseline
35080148,35083613,35081880,0.034276895879622994,0.0017400206149337115,baseline
35083616,35087436,35085526,0.03141883701127012,0.0016597063882695946,baseline
35087437,35091629,35089533,0.031429541226280715,0.0024891183010065997,baseline
35091635,35095306,35093470,0.016935214867222135,0.0037319326257807773,baseline
35095309,35099652,35097480,0.006855378240963067,0.00277025528306879,baseline
35099658,35104682,35102170,0.030810812477743525,0.0030976342275287057,baseline
35104684,35108078,35106381,0.026102407649587236,0.0046219057822027634,baseline
35108081,35112125,35110103,0.0009009302419551043,0.00982730629327048,baseline
35112128,35116418,35114273,-0.03163702626260548,0.008133516523165383,intermediate
35116421,35120059,35118240,-0.025093048165054564,0.011316266012418037,intermediate
35120060,35123327,35121693,0.03319867035347978,0.0032161667997706363,baseline
35123335,35127216,35125275,0.017353684504263254,0.005134665677854577,baseline
35127218,35130669,35128943,-0.003962304881714668,0.0012510649185380712,intermediate
35130672,35134562,35132617,-0.03586546586248504,-0.0024152183751098627,intermediate
35134564,35138687,35136625,-0.014075944515734158,0.0008346191658740721,intermediate
35138689,35142040,35140364,-0.048782252822111925,0.0034014316473989486,intermediate
35142046,35146086,35144066,-0.11952164135054609,-0.0037097310747326987,outlier
35146090,35149606,35147848,-0.03733951127957751,0.006184981008146168,intermediate
35149624,35153341,35151482,-0.03955063600087277,0.0011459972438609951,intermediate
35153342,35157830,35155586,0.04249072355917866,0.0019889402202223068,baseline
35157832,35162389,35160110,0.0025944973957803064,0.006946070329745789,baseline
35162390,35165690,35164040,0.03750744085886226,0.0003403481631624272,baseline
35165694,35168988,35167341,-0.032151953262784284,0.007947417456596276,intermediate
35168994,35172297,35170645,0.035858899159340124,0.001959316885677819,baseline
35172299,35175773,35174036,-0.02069542718075055,7.241283769634005e-05,intermediate
35177136,35180585,35178860,-0.04606286484334238,0.01123619675106738,intermediate
35180587,35185620,35183103,-0.0042035114658603625,0.006277721542047362,intermediate
35185625,35188932,35187278,0.03246682508343919,0.002216346315480039,baseline
35188944,35192538,35190741,-0.006314850255698494,0.001452956423206362,intermediate
35192548,35199601,35196074,0.028099993812144182,0.002060474424957441,baseline
35199604,35203237,35201420,0.011156184103632972,0.001188039176352059,baseline
35203239,35206608,35204923,-0.07118644972067635,0.014948507809556696,intermediate
35206609,35210840,35208724,0.03727676990342116,0.003326184962836328,baseline
35210844,35214512,35212678,-0.0225641283453056,0.00980951826251851,intermediate
35214513,35218175,35216344,-0.01658654306864225,0.008541993473316916,intermediate
35218177,35222032,35220104,0.011504799434401993,0.00209611087121441,baseline
35222040,35225755,35223897,0.018880309763047172,0.0013701857405289993,baseline
35225756,35229482,35227619,0.03583276846017109,0.001157921846127126,baseline
35229485,35233498,35231491,-0.007574708167634946,0.003355862668871753,intermediate
35233500,35237143,35235321,0.012649413213799943,0.0041623587941602225,baseline
35237145,35241077,35239111,-0.0013280904256374208,0.005239334257563249,baseline
35241080,35244893,35242986,0.01240262130513476,0.007744009886511824,baseline
35244896,35248594,35246745,0.0388498863187784,0.0023796390979811694,baseline
35248602,35252170,35250386,0.03310162204893099,0.0036024975862351647,baseline
35252176,35256004,35254090,-0.0036217959826803092,0.0078851723563866,intermediate
35256006,35260777,35258391,0.00044143760057641546,0.0007561326095901098,baseline
35260781,35264487,35262634,0.04112869786769842,0.0017749996276621538,baseline
35264491,35269083,35266787,0.04066141056429803,0.002343333873778466,baseline
35269086,35273921,35271503,0.022757093860774114,0.0010720088296914349,baseline
35273922,35278439,35276180,0.030611321678769572,0.004224993610901373,baseline
35278442,35282006,35280224,0.03894754124319629,0.001871828144922719,baseline
35282009,35285920,35283964,0.021629785064104276,0.002817642915051248,baseline
35285922,35291013,35288467,0.027048035354037964,0.002406505912789029,baseline
35291021,35295058,35293039,0.03242628593291627,0.0031916325258441337,baseline
35295059,35298586,35296822,-0.02462966468969322,0.005313266402557671,intermediate
35298589,35302659,35300624,0.024533237758205297,0.0028582148342079948,baseline
35302673,35308052,35305362,0.04153052432967692,0.002198981733744428,baseline
35308055,35311713,35309884,0.03295298001641123,0.0018316403101256954,baseline
35311715,35315490,35313602,0.031101005380690327,0.004007224010273631,baseline
35315493,35320212,35317852,0.0409187908537302,0.0026824837480878285,baseline
35320219,35324022,35322120,0.0052607650130709355,0.0029473964408762727,baseline
35324024,35327318,35325671,0.01270580424921363,0.005020953143887063,baseline
35327330,35330795,35329062,0.03173700810883278,0.0028911314809260636,baseline
35330797,35334549,35332673,0.026478408914180566,0.003255601257389186,baseline
35334550,35338439,35336494,0.017296405809882134,0.0036081067573999165,baseline
35338440,35342178,35340309,0.02310610476379733,0.002360348602646141,baseline
35342183,35345993,35344088,0.031291549769639986,0.0003265708762284544,baseline
35345995,35349933,35347964,0.030458301970086577,0.0029253600435896923,baseline
35349934,35353692,35351813,0.031120005803254944,0.0023011839593264872,baseline
35353694,35357179,35355436,0.03060942662981307,-0.001532556250636187,baseline
35357183,35361286,35359234,0.03852412846896317,0.0029259648200758133,baseline
35361290,35364934,35363112,0.03688777652775349,0.0013844668126840043,baseline
35364936,35368766,35366851,0.021393329332785153,0.00017312128709308193,baseline
35368768,35374881,35371824,-0.004654705786143844,0.005602063381739928,intermediate
35374887,35383334,35379110,0.03883592606723616,0.0025835039105352154,baseline
35383335,35387464,35385399,0.026352518761590383,-5.4648291399000256e-05,baseline
35387467,35390826,35389146,0.015351868824392058,0.002251281152573121,baseline
35390828,35394292,35392560,0.021288283026730505,0.0031477258520379854,baseline
35394293,35397960,35396126,0.012651461933983406,0.0025839840847319976,baseline
35397967,35416010,35406988,0.032029884324109026,-0.0013678087687415685,baseline
35416016,35420038,35418027,0.0201856664481391,0.004625142759536893,baseline
35420039,35424844,35422441,0.027462989510550154,0.0027975746732822283,baseline
35424845,35428811,35426828,0.02775375807785188,0.0044915076260339006,baseline
35428813,35432497,35430655,0.04246936608773957,0.0017315454119418902,baseline
35432501,35437377,35434939,0.034259351261013954,0.0031680591933040633,baseline
35437378,35443261,35440319,0.027256652227056314,0.005537459505125397,baseline
35443263,35446658,35444960,0.018535950384410735,0.005026424341149628,baseline
35446659,35451183,35448921,-0.009591620394974056,0.0002519640085418013,intermediate
35451185,35454633,35452909,-0.004571336520626528,0.00409401480690243,intermediate
35454634,35458081,35456357,0.03078927679377766,0.0009285655091243891,baseline
35458084,35461472,35459778,0.020122260008876874,0.0050445128161610096,baseline
35461473,35464859,35463166,0.020022527220490843,0.0037270997240573677,baseline
35464862,35468306,35466584,-0.007583551587719998,0.002872997072043378,intermediate
35468309,35471626,35469967,0.01973471826385901,-0.0005218289197777712,baseline
35471634,35475307,35473470,0.011501415541623504,0.005870741933486749,baseline
35475310,35479445,35477377,0.008463780598135004,0.0029566285304598425,baseline
35479454,35482803,35481128,0.0129547664995126,0.0016837511280024028,baseline
35482805,35486687,35484746,0.019419498227449095,0.0033545133716577536,baseline
35486688,35490229,35488458,0.01715158639815779,0.006334309639830439,baseline
35490237,35493838,35492037,0.042082858558818124,-0.002106983655484788,baseline
35493839,35497386,35495612,0.037196821809806956,0.002553298691141873,baseline
35497387,35500722,35499054,0.03301379684780003,0.00034157981808772934,baseline
35500724,35504144,35502434,0.030899045398503716,0.000104869369614282,baseline
35504147,35507597,35505872,0.02425734715306579,0.00012948013343115107,baseline
35507599,35510940,35509269,0.03279028999806542,-0.006466375932515747,baseline
35510945,35514363,35512654,0.037204564820115,0.0003678946981137435,baseline
35514364,35517759,35516061,0.03335139258004191,0.002843393279583929,baseline
35517763,35522044,35519903,0.03576225209203292,-0.0006745459850794601,baseline
35522050,35525568,35523809,0.033900023297924194,0.0029170448320816568,baseline
35525569,35529029,35527299,0.03367509532111196,0.0014478625397762056,baseline
35529030,35532719,35530874,0.01176813909534419,0.005708758406701581,baseline
35532721,35536356,35534538,0.03799227674505544,0.001957674123650147,baseline
35536357,35539896,35538126,0.03899040149529387,0.0013916684026102487,baseline
35539898,35543139,35541518,0.015170274404654934,0.0048200950966297415,baseline
35543145,35546706,35544925,0.028813109044226813,0.004196899552799205,baseline
35546707,35550171,35548439,0.03740953938334168,0.003388035867586658,baseline
35550172,35553490,35551831,0.007732135208108724,0.0032371068498294555,baseline
35553492,35556762,35555127,0.04182059742355446,0.0023669544803516275,baseline
35556767,35560176,35558471,0.007732347799716242,0.0016554405651606327,baseline
35560178,35563480,35561829,0.0008565518025082735,0.0004789699120130263,baseline
35563483,35566892,35565187,0.009461350836612223,0.005102618405382569,baseline
35566896,35570288,35568592,0.0008890806370576264,0.003276984480846873,baseline
35570289,35573683,35571986,-0.026961762902873353,0.0006663745435119672,intermediate
35573693,35577048,35575370,0.04244443650167737,0.0020344643166341405,baseline
35577049,35580752,35578900,0.022167245358276355,0.004354308684012936,baseline
35580755,35584237,35582496,0.035363116203655474,0.002989606095759569,baseline
35584239,35588115,35586177,0.0167199422244542,0.004190424182670697,baseline
35588122,35591555,35589838,-0.006701193758212619,0.009850565946274687,intermediate
35591557,35595234,35593395,-0.10191280283323145,0.006091427790950326,outlier
35595241,35601133,35598187,-0.008805894175026953,0.008849404732745666,intermediate
35601139,35604786,35602962,-0.06488760726000217,0.010131405068571625,intermediate
35604791,35608826,35606808,-0.016752769634088893,0.008390381790749813,intermediate
35608827,35612983,35610905,0.008844540990600374,0.0058839801983149986,baseline
35612985,35617278,35615131,-0.04857635377510402,0.008077358599827325,intermediate
35617286,35622859,35620072,-0.001056902933535352,0.0034941131469580465,baseline
35622863,35636115,35629489,0.03176077964131956,0.002812203509315093,baseline
35636118,35645472,35640795,0.030666400692129024,0.0015764738211673096,baseline
35645476,35649231,35647353,0.03186366063333619,-0.0023141586595176733,baseline
35649233,35652923,35651078,-0.008525913527151601,0.008145561503533457,intermediate
35652926,35657856,35655391,0.032265796978721825,0.0027647436301951782,baseline
35657865,35661576,35659720,0.006141995070548466,0.0032611758779104577,baseline
35661581,35666016,35663798,0.03495276328216087,0.0009009439704420793,baseline
35666018,35669524,35667771,0.019628817212482868,-0.0013992764573534523,baseline
35669526,35673275,35671400,0.02577054188711184,0.003127707189418442,baseline
35673276,35676573,35674924,0.024754103852351668,0.00278409090074107,baseline
35676574,35689380,35682977,0.04099420370726919,0.0025374808312026336,baseline
35689386,35692875,35691130,0.030402997567361895,0.002699897172542506,baseline
35692877,35697043,35694960,0.030307301154364294,0.0016361935235768602,baseline
35697045,35702390,35699717,0.007117280692298304,0.002747241309654167,baseline
35702394,35705840,35704117,0.037385585141821824,0.0032121263574808106,baseline
35705841,35709275,35707558,0.02123523273665072,0.0037176073724051917,baseline
35709276,35713263,35711269,0.03908443347251249,0.001397462145145061,baseline
35713266,35716766,35715016,0.024278017688937926,0.0020991828856722333,baseline
35716770,35720683,35718726,0.03355534107196821,0.003076079954793908,baseline
35720685,35724549,35722617,0.03173394750116996,0.004414453927569961,baseline
35724555,35728216,35726385,0.03819012554467327,0.00011718589024521734,baseline
35728229,35737335,35732782,0.04176445629939797,0.001464447032266488,baseline
35737339,35740928,35739133,0.033068687380619056,0.0034476773096586595,baseline
35740929,35745269,35743099,0.017788339748473665,-0.0022095522658576133,baseline
35745272,35750003,35747637,0.036183072567522845,0.0028679856961550594,baseline
35750005,35762705,35756355,0.030941973652264004,0.0028758517980626446,baseline
35762707,35766061,35764384,0.03684930035069618,0.002401781143451438,baseline
35766063,35778623,35772343,0.025637850196364532,0.0037227712694569066,baseline
35778637,35786131,35782384,0.01601420397005778,0.006356811409184379,baseline
35786134,35797465,35791799,0.03230084193734516,0.002426741812763945,baseline
35797475,35801012,35799243,0.021318071335589977,0.004632313915741277,baseline
35801013,35807587,35804300,0.04263508266392885,0.0012515563566152844,baseline
35807588,35810949,35809268,0.041821804302359315,0.0018343311983818906,baseline
35810950,35821476,35816213,0.00832464755679249,0.007728977872881818,baseline
35821477,35825222,35823349,0.026540763923936707,0.0027108115084592457,baseline
35825227,35828775,35827001,0.033281108684563715,-0.0005952188766633143,baseline
35828777,35837058,35832917,0.0360347383323137,0.0013659404734449082,baseline
35837063,35845830,35841446,0.04114809985772359,0.001986364156519614,baseline
35845841,35849726,35847783,-0.053686740700182325,0.006498951351728145,intermediate
35849727,35852817,35851272,-0.009358602462244854,0.003639899181006858,intermediate
35852821,35856495,35854658,0.020361218859486406,0.002243497203286122,baseline
35856499,35869243,35862871,-0.020767144990760305,0.002131213703938853,intermediate
35869250,35873649,35871449,-0.007070173404481382,0.003428672260447294,intermediate
35873651,35877179,35875415,0.03398669186428577,0.0033204113602431887,baseline
35877182,35880776,35878979,0.020280871525876033,0.002559857764972292,baseline
35880780,35884509,35882644,0.019447302986668417,0.003434209688703501,baseline
35884514,35888127,35886320,-0.02532021201405926,-6.059522055872685e-05,intermediate
35888129,35892002,35890065,0.005308492523548601,0.004625272208866566,baseline
35892003,35897068,35894535,0.03897312725563304,0.0028716328825617488,baseline
35897076,35900890,35898983,0.024019005900190196,0.0030430741018172545,baseline
35900891,35904290,35902590,-0.02008592476872745,0.005372060616941425,intermediate
35904291,35907619,35905955,0.0038375109285958154,0.006344342770239497,baseline
35907625,35911365,35909495,-0.04289369567803192,0.0028384776661601933,intermediate
35911375,35916537,35913956,-0.018512701988563567,0.006266206860260588,intermediate
35916604,35935993,35926298,-0.02239340098530782,0.010048582295669194,intermediate
35935994,35939932,35937963,-0.04460385839540168,0.005856339042062384,intermediate
35939937,35945692,35942814,-0.059982202838716546,0.0028199971163159238,intermediate
35945694,35954144,35949919,0.03473394859498459,0.0009125468119506914,baseline
35954145,35958958,35956551,0.012210242160073114,0.0014672499031514574,baseline
35958959,35963082,35961020,0.01273435098016995,0.0011715861805350956,baseline
35963084,35966901,35964992,0.040321296129206825,0.002948090063598544,baseline
35966902,35970463,35968682,-0.013127371860932175,0.009421428989086393,intermediate
35970465,35974637,35972551,0.03963261923760111,-0.0006041450842591325,baseline
35974638,35980219,35977428,0.03686886335472123,-0.0025817444892765923,baseline
35980223,35983559,35981891,0.039588455265306154,-0.004095393701302418,baseline
35983568,35987253,35985410,0.04053409781136651,-0.001943561546523028,baseline
35987257,35992847,35990052,0.03036696833528252,-0.0015166175916339515,baseline
35992858,36002042,35997450,-0.03506714025221048,0.004447207023209993,intermediate
36002047,36005544,36003795,-0.07402192082082547,0.014602437615276695,intermediate
36005545,36009054,36007299,-0.05305494886676249,0.004212037371000355,intermediate
36009055,36012439,36010747,-0.01956089188595781,0.005692417461880458,intermediate
36012444,36015811,36014127,-0.07303415430825354,0.0018432349868768424,intermediate
36015815,36019474,36017644,0.0402263795738163,0.0010166801689371061,baseline
36019475,36027848,36023661,0.009757006672700172,0.005034459085395695,baseline
36027849,36031770,36029809,0.02682490903020295,0.004932688799301357,baseline
36031781,36035305,36033543,-0.006772884986287447,0.006760674992924136,intermediate
36035306,36038979,36037142,0.03174707508014169,0.003761043658221333,baseline
36038982,36042694,36040838,0.022724755493069924,0.0014959865129307972,baseline
36042700,36049562,36046131,0.015861509918018133,0.006534656238920368,baseline
36049565,36059959,36054762,-0.019714836954101898,0.011099769808383519,intermediate
36059965,36064057,36062011,0.028042667762436083,0.0018757882599238706,baseline
36064058,36067909,36065983,0.015013712541681608,0.004240392809536003,baseline
36067910,36071552,36069731,0.03906147608191237,0.0013068864690366114,baseline
36071556,36075333,36073444,0.04322340221358021,0.0012404442969901328,baseline
36075339,36079200,36077269,0.04233633553235069,0.0012255503821170905,baseline
36079203,36082715,36080959,0.03654654606653243,0.001564983616455653,baseline
36082723,36086311,36084517,-0.05625906776128627,0.008082333959703156,intermediate
36086312,36090937,36088624,-0.01140902828652582,0.005216742856375106,intermediate
36090939,36094338,36092638,-0.03410626835809926,0.0067079221997766005,intermediate
36094339,36097993,36096166,-0.004754957075846611,0.0046493847243280805,intermediate
36098002,36102211,36100106,0.03824264889277167,0.00270156678949696,baseline
36102221,36106751,36104486,0.03824615407972253,0.002857515850744711,baseline
36106760,36110785,36108772,0.04318626191506245,0.0009481169386162552,baseline
36110786,36115011,36112898,0.02180856146137936,0.0017761613290653584,baseline
36115012,36119065,36117038,-0.004703409303888899,0.005045301158930668,intermediate
36119067,36129185,36124126,-0.011310268675749269,0.0028921329614962064,intermediate
36129199,36134212,36131705,0.009946050730591575,0.004495923179894631,baseline
36134217,36137930,36136073,-0.021070947661301537,-0.0021370019427758764,intermediate
36137935,36141805,36139870,-0.001247722482937534,0.0006356710400280268,baseline
36141807,36145386,36143596,0.00558163711837042,0.0011204273094109732,baseline
36145396,36149343,36147369,-0.01700784360228156,-0.011374783323343957,intermediate
36149344,36152666,36151005,-0.03630379603174569,-0.0025872671356216874,intermediate
36152671,36156530,36154600,0.038156558602345216,-0.001025457644182088,baseline
36156532,36160218,36158375,-0.00842912300470017,0.009666633526391695,intermediate
36160219,36163842,36162030,0.0035830483258800527,-0.0032989614706118373,baseline
36163843,36167177,36165510,-0.11076085610165759,0.0018932134891643919,outlier
36167180,36170507,36168843,-0.0029269931979403166,0.0025236236147613716,baseline
36170515,36174403,36172459,-0.035369739243046455,0.003662196918327618,intermediate
36174413,36183348,36178880,-0.05882395738379095,0.0022306467716964903,intermediate
36183353,36187107,36185230,0.03371835705153413,-0.0008699619486917064,baseline
36187110,36192097,36189603,0.014965006329770056,-0.0055138610834953115,baseline
36192101,36196397,36194249,-0.03579405191642067,0.00290940657440988,intermediate
36196399,36200349,36198374,0.039349749927361274,0.0023160833686384935,baseline
36200351,36204306,36202328,0.024665273146279327,0.0010917228023306995,baseline
36204309,36207927,36206118,0.018627342112574156,-0.0026170448624136013,baseline
36207937,36211591,36209764,-0.019190135547957465,0.0019062576006332558,intermediate
36211593,36217258,36214425,-0.03134744298812995,0.006015187497172656,intermediate
36217259,36221087,36219173,-0.03973247318454507,0.005342147164068013,intermediate
36221089,36227493,36224291,-0.04871424532803904,0.008774220075037469,intermediate
36227497,36233816,36230656,0.01130437073879732,-0.003393598232717641,baseline
36233817,36237314,36235565,-0.019965256648068714,3.9361595958994886e-05,intermediate
36237318,36240973,36239145,-0.031278728891901884,0.0028408379627803118,intermediate
36240980,36244363,36242671,-0.0007646587121146238,2.074887271765485e-06,baseline
36244366,36247553,36245959,0.03289402465860111,0.0021365658343334318,baseline
36247561,36251304,36249432,0.03045811865871036,0.0019605517243719054,baseline
36251306,36255149,36253227,-0.04090342341152804,0.00138703773446972,intermediate
36255184,36260705,36257944,0.010054792184425265,0.0004265270032550682,baseline
36260707,36264791,36262749,-0.03446117174015481,-0.003436092858517366,intermediate
36264795,36270128,36267461,-0.02384447038732376,-0.0033139361828487027,intermediate
36270129,36274277,36272203,-0.052363641560342934,-0.006670191278230541,intermediate
36274293,36278550,36276421,-0.04066270442433322,0.0018480500783224637,intermediate
36278557,36283500,36281028,0.009624856488039558,-0.0023358324286140136,baseline
36283501,36288906,36286203,0.011669388983894769,-0.006558128224641412,baseline
36288907,36297071,36292989,0.027095262836012556,-0.005059622980521771,baseline
36297079,36302366,36299722,-0.00022862480947172576,-0.006166297851752576,baseline
36302368,36306179,36304273,-0.026396575387007085,-0.000589579432658602,intermediate
36306180,36313220,36309700,0.037563902010296565,0.0028105681250040937,baseline
36313222,36317053,36315137,0.0178806096975394,-0.0038963799576827796,baseline
36317057,36320829,36318943,-0.02290287127959988,0.0031397938437963883,intermediate
36320833,36324564,36322698,-0.015905282254636794,-0.006188316826675574,intermediate
36324575,36328517,36326546,-0.08714655041602025,0.007361224078610761,outlier
36328519,36332486,36330502,-0.07018794351410397,0.006792767601112765,intermediate
36332499,36336671,36334585,-0.05942945672130884,0.002337842409640566,intermediate
36336672,36340391,36338531,-0.0667549250945801,-0.0003175657869131258,intermediate
36340392,36343980,36342186,-0.08286761871769727,0.003978947277522381,outlier
36343989,36347935,36345962,0.0020540184887388934,0.002082472148479197,baseline
36347938,36352093,36350015,-0.04714863352156446,0.0012135523074748673,intermediate
36352096,36356276,36354186,-0.055663669299486136,0.0018517025439151419,intermediate
36356279,36360767,36358523,-0.00802227599211438,0.0021195385606330485,intermediate
36360774,36364762,36362768,0.01142059024135595,0.0056426959913184315,baseline
36364763,36368890,36366826,-0.019021565451102812,-0.0012652461673228548,intermediate
36368891,36372839,36370865,0.0330914287750324,-0.002318658560055786,baseline
36372842,36376349,36374595,0.012974047430663941,6.297028796552968e-05,baseline
36376350,36379833,36378091,0.027992872784748813,0.0017139384808754433,baseline
36379835,36383843,36381839,0.027507246232604914,0.0022049570661063535,baseline
36383847,36387433,36385640,0.03824633098885421,0.002700180801223125,baseline
36387437,36394203,36390820,0.035968958780216435,0.003792343482281175,baseline
36394205,36398786,36396495,0.029680787274072667,0.003534815885778003,baseline
36398791,36402588,36400689,0.02726236043423717,0.003994520700193718,baseline
36402595,36406350,36404472,0.03785544767677938,0.0021139795098978047,baseline
36406355,36409945,36408150,0.042888862319807486,0.0016636953066100817,baseline
36409950,36438416,36424183,-0.013947646487265578,0.00910391609375426,intermediate
36438423,36447504,36442963,0.031763049637322426,0.0034803893926663235,baseline
36447505,36451032,36449268,-0.00300277850921592,0.007794300740752704,baseline
36451033,36456177,36453605,0.011839493124763715,0.0026153653786531107,baseline
36456182,36459749,36457965,0.02095423890671524,0.004115308805190871,baseline
36459755,36463952,36461853,0.03591811396619211,0.001362678976572753,baseline
36463959,36467892,36465925,0.03712020658665086,0.0029915704752352767,baseline
36467896,36471668,36469782,0.03890817225302081,0.0013736085717695101,baseline
36471679,36475050,36473364,0.039981090263386296,0.0024743401728117317,baseline
36475053,36478963,36477008,0.03488494956031511,-0.000289411554873154,baseline
36478966,36482698,36480832,0.025507907270056536,0.002893493142370737,baseline
36482700,36486304,36484502,0.027400191913805078,0.003458509598516297,baseline
36486314,36489775,36488044,0.03243284485192805,-0.0014974236877624105,baseline
36489782,36493332,36491557,0.01930605583260856,-0.0013459038875098688,baseline
36493333,36497596,36495464,0.030332405845719352,-9.159880565153999e-05,baseline
36497598,36501683,36499640,0.004731524220167951,0.005911706051029866,baseline
36501685,36507313,36504499,0.016234910966025022,0.00220217726001804,baseline
36507320,36511126,36509223,0.03590568061314165,0.003695262719724759,baseline
36511127,36514911,36513019,0.042255751642966646,0.0012370390728878053,baseline
36514916,36519310,36517113,0.02049549695260487,-0.00024069154356035316,baseline
36519312,36545842,36532577,0.025745002074527616,0.0042346904278491495,baseline
36545847,36551498,36548672,0.036507325176710057,0.002847288114969742,baseline
36551503,36578420,36564961,0.041652917504781124,0.0020276390550154066,baseline
36578428,36581926,36580177,0.03981238159220773,-0.0007133746761199848,baseline
36581934,36586392,36584163,0.03690336648209817,0.002600380288752982,baseline
36586393,36590050,36588221,0.032254795466938435,0.0021981583928377202,baseline
36590056,36593522,36591789,0.03662203441982814,0.0011050269238296333,baseline
36593526,36597389,36595457,0.03978831764660362,0.0016787129853601751,baseline
36597391,36601593,36599492,0.04164915687405449,0.002436118896561766,baseline
36601594,36606382,36603988,0.035625309275914376,-0.0007586389037353029,baseline
36606389,36610819,36608604,-0.014760442884992368,0.009584437026698466,intermediate
36610820,36624083,36617451,0.030220746464148584,0.002109439908029808,baseline
36624087,36658022,36641054,-0.030131174976698934,0.009262727585321604,intermediate
36658023,36690700,36674361,0.02707073839088066,0.0005962610446753266,baseline
36690701,36694435,36692568,0.01544674831685778,-0.0011621944973397597,baseline
36694446,36698246,36696346,0.03231932454972772,0.0038246445739877183,baseline
36698247,36701986,36700116,-0.006030401873576603,0.006387579765326738,intermediate
36701991,36705487,36703739,-0.01948983208345279,0.0020567948803198945,intermediate
36705491,36709121,36707306,-0.032741373334987035,0.005087427651787718,intermediate
36709125,36712513,36710819,-0.007792678914526982,0.00044309974896033057,intermediate
36712516,36717526,36715021,0.019568869472536356,0.001675481800929558,baseline
36717527,36721254,36719390,-0.07661171238197322,0.006957035529823118,intermediate
36721255,36731047,36726151,-0.14115066930102774,0.019124669932773213,outlier
36731048,36734939,36732993,-0.06675085862013029,0.01567991533764091,intermediate
36734940,36754813,36744876,-0.035835534137309076,0.0034220517560234103,intermediate
36754823,36758631,36756727,0.02158920922102121,0.0035867787715770307,baseline
36758634,36762191,36760412,0.002749152849182427,0.0035033826558725223,baseline
36762199,36766172,36764185,-0.013703021087991771,0.006958079174371894,intermediate
36766173,36773347,36769760,0.0022402180277681758,0.002142635411403175,baseline
36773350,36777362,36775356,-0.04455453957583224,0.006306988668923867,intermediate
36777365,36788062,36782713,-0.06510049417425955,0.009329715472059723,intermediate
36788067,36791714,36789890,-0.012630415235060017,0.005888758043321214,intermediate
36791725,36795297,36793511,0.02336026923685803,0.0006840183238257108,baseline
36795304,36801027,36798165,-0.04868193724838339,0.00014688393234160447,intermediate
36801030,36804717,36802873,0.006940546511694903,-0.002401555974057913,baseline
36804718,36808309,36806513,0.03202965540999744,-0.0030291640140949947,baseline
36808319,36812010,36810164,0.029046960970614648,0.0030009285547186806,baseline
36812011,36815666,36813838,0.0364329903486267,0.0023742236218437145,baseline
36815670,36820757,36818213,-0.004252946492550672,-0.004568661461163106,intermediate
36820759,36825072,36822915,0.02353712230562971,0.00426523093489388,baseline
36825076,36830078,36827577,0.01365376944339838,0.003287820777558564,baseline
36830084,36834420,36832252,0.030165343564891024,0.0001849362088355855,baseline
36834421,36838206,36836313,0.025683048007679992,0.0022738968422888854,baseline
36838212,36843207,36840709,0.02878207318488775,0.004207867966559489,baseline
36843214,36847394,36845304,-0.0030692305652297042,0.0037312406572373156,baseline
36847395,36853240,36850317,-0.009085454835365941,0.0046723259940504,intermediate
36853244,36857908,36855576,0.024493505502859905,-0.0011558731778978485,baseline
36857910,36865525,36861717,-0.07103419186815359,0.010368503660475085,intermediate
36865529,36870731,36868130,0.014598555544731374,0.0014480868480330814,baseline
36870732,36874842,36872787,0.04138266528026355,-0.00024125697537978009,baseline
36874844,36878569,36876706,0.03584408506230598,-0.0019298932946300864,baseline
36878570,36882555,36880562,0.04183645934305665,0.002600837612588517,baseline
36882559,36886747,36884653,-0.023348794610360896,-0.0031288586969406692,intermediate
36886765,36890213,36888489,0.03620167912548828,0.003068493094847633,baseline
36890214,36894021,36892117,0.002539313675413972,0.010115471675057941,baseline
36894022,36897388,36895705,0.029391240403222614,0.0033242533266129018,baseline
36897391,36901124,36899257,0.015506488202762504,-0.0014317026264379076,baseline
36901131,36904863,36902997,0.029866571585331785,0.0016766931929265943,baseline
36904872,36908594,36906733,0.034299469616210915,0.0019066699656877441,baseline
36908595,36912033,36910314,-0.07188115851875711,0.016482281129751114,intermediate
36912044,36915549,36913796,-0.08475339652139931,0.008988059081606742,outlier
36915553,36919635,36917594,-0.07881033807657166,0.00981805451690316,intermediate
36919638,36923006,36921322,-0.04850375343902882,0.006346859919063588,intermediate
36923007,36926520,36924763,-0.10177404527650086,0.012359173731282662,outlier
36926527,36930925,36928726,-0.07759218454522085,0.007867567758550268,intermediate
36930930,36934495,36932712,-0.03131609019492247,0.006862627580457125,intermediate
36934496,36940664,36937580,0.041309590825542,0.001722929720438146,baseline
36940670,36944933,36942801,0.008527887263824455,0.0008613819385082634,baseline
36944935,36949188,36947061,0.01823706769736176,0.00386408956035197,baseline
36949191,36953051,36951121,-0.004311168248437687,0.0012943578094793313,intermediate
36953052,36957055,36955053,0.021000390212594183,0.0015379831631281162,baseline
36957069,36967965,36962517,0.022877561282496458,0.005240456548998924,baseline
36967971,36972022,36969996,0.003691611270229888,0.003489987063454888,baseline
36972031,36975915,36973973,0.017660943039081705,-0.004278155443275047,baseline
36975919,36979664,36977791,-0.030247876481140988,0.012796779277330753,intermediate
36979667,36983429,36981548,-0.0023162516851056147,0.004300066511594357,baseline
36983431,36987139,36985285,0.012411574934748378,0.006188895541250342,baseline
36987146,36991113,36989129,-0.06857725643212324,0.011856201314020808,intermediate
36991117,36994858,36992987,0.040856945264996954,0.002370695637710469,baseline
36994860,36999715,36997287,-0.027131785876253773,0.007611732861270116,intermediate
36999723,37004502,37002112,0.03223001088742891,0.0026849786103153987,baseline
37004505,37009030,37006767,0.04281766206888708,0.0018372304102496641,baseline
37009040,37012856,37010948,0.04085993712755164,0.0002472443978824328,baseline
37012867,37022262,37017564,0.008668289762348206,0.006890316361489691,baseline
37022269,37026303,37024286,0.01915582781259681,0.005069050438941959,baseline
37026312,37030557,37028434,0.014962232140889936,0.008614766185533288,baseline
37030562,37034085,37032323,0.03722638624812699,0.0020628606914161497,baseline
37034087,37040109,37037098,0.016549093272445196,0.004490416624533604,baseline
37040110,37046229,37043169,0.016350073722316172,0.00365848605991687,baseline
37046233,37050179,37048206,0.03185249839095024,0.0018951761844448565,baseline
37050182,37054565,37052373,0.012863432798984914,0.004822021922899859,baseline
37054575,37058285,37056430,-0.025933388678150752,0.004791908874443104,intermediate
37058296,37062275,37060285,0.015237307944267,0.006931617263686043,baseline
37062278,37066221,37064249,0.029992666110153637,-0.000663730004860979,baseline
37066225,37071004,37068614,0.014271080572532171,0.005582187383053304,baseline
37071010,37075460,37073235,0.007736878587818915,0.0004646308469309251,baseline
37075463,37078902,37077182,-0.024686426679275248,0.005547064489434734,intermediate
37078903,37084023,37081463,0.033144877961006784,0.003956665731992208,baseline
37084026,37087531,37085778,0.014362327732948755,0.0029375848519317322,baseline
37087534,37091433,37089483,0.023719118915031118,-0.0019813588631934645,baseline
37091435,37095219,37093327,0.040683953204426346,0.001082003732422079,baseline
37095233,37099059,37097146,-0.0038122923298316274,0.009494949587046447,intermediate
37099060,37102880,37100970,0.023815490902324835,0.00553944051740079,baseline
37102881,37106620,37104750,0.02446649718828867,-0.0013180066586794114,baseline
37106622,37113102,37109862,0.02968301670070289,0.0039022641001358136,baseline
37113103,37117073,37115088,-0.025295031470255414,0.012617096736606506,intermediate
37117074,37120503,37118788,0.03529946932854103,0.002200967639811039,baseline
37120504,37123875,37122189,0.020369206741897045,0.004071332537283809,baseline
37123877,37127497,37125687,0.04026939665494558,-0.0020017358086972204,baseline
37127500,37131159,37129329,0.036908523748232815,0.003795074929741969,baseline
37131165,37134769,37132967,0.029117922651653687,0.0021530981343543688,baseline
37134771,37139009,37136890,0.025599630722036224,-0.004247193854067878,baseline
37139012,37143397,37141204,0.03928751524295804,-0.004185002731201556,baseline
37143399,37148381,37145890,0.02956830116715505,-0.0033121258155216324,baseline
37148383,37153422,37150902,0.025428617280102987,-0.0038079225605733677,baseline
37153426,37157185,37155305,0.040691419796382626,-0.00010872501960138105,baseline
37157186,37161143,37159164,0.022312638780465483,0.003959477268587034,baseline
37161148,37165759,37163453,-0.00695535085592893,-0.0034734222920066336,intermediate
37165766,37171424,37168595,0.04350052588395905,-0.0014717330953354616,baseline
37171425,37176164,37173794,0.03638721096993528,-0.0006211092638432787,baseline
37176166,37180692,37178429,0.038729111015555644,-0.0005151178014405226,baseline
37180704,37184608,37182656,0.041744719970259296,0.0024029753520497235,baseline
37184609,37195824,37190216,0.01660055269249876,-0.001452468187220408,baseline
37195840,37201723,37198781,0.03851781102873869,0.0024857425035686924,baseline
37201724,37206367,37204045,0.0408602603559933,-0.0015541848499975304,baseline
37206368,37211421,37208894,0.03889647581352932,-0.0031049374160088427,baseline
37211422,37215216,37213319,0.02923030187699434,0.0009350670932579533,baseline
37215220,37221086,37218153,-0.021179152118937748,-0.002237197080725935,intermediate
37221098,37225516,37223307,0.03661927780299191,0.001026083955686833,baseline
37225518,37230276,37227897,0.0276840926074257,0.0034443963758983565,baseline
37230277,37233949,37232113,0.023508738464356364,0.003997065655632897,baseline
37233954,37238102,37236028,0.040499790849862355,-0.00014213297962704488,baseline
37238103,37243115,37240609,0.03895302699619198,-0.001433238936102635,baseline
37243118,37248357,37245737,0.03354114443811326,0.0012278570422724839,baseline
37248358,37252368,37250363,0.03274135730679287,0.004067663686518567,baseline
37252374,37257647,37255010,0.026292389217677282,-0.0012131258838841486,baseline
37257648,37261285,37259466,0.02649219922136142,-0.006066208922709027,baseline
37261286,37266256,37263771,0.007934546162874973,-0.002004831243240258,baseline
37266257,37275023,37270640,0.04197251904201766,-0.0015329258197809134,baseline
37275026,37279531,37277278,0.023156075575535815,-0.00320906780677103,baseline
37279535,37286075,37282805,0.001233686891043883,-0.004420473843020797,baseline
37286076,37293308,37289692,-0.01841063778525706,-0.012879902239251607,intermediate
37293311,37297056,37295183,0.03388193313372198,-0.0013503207137259665,baseline
37297058,37302019,37299538,0.021074983914418307,0.0071403198000968586,baseline
37302027,37306079,37304053,0.011991321061312793,0.0021621647850092874,baseline
37306091,37309823,37307957,0.02058484849656133,0.001530448614020299,baseline
37309824,37313584,37311704,0.03732894548574006,0.0017963335360635787,baseline
37313585,37318299,37315942,0.03293189402182389,0.0017895665181105773,baseline
37318300,37324149,37321224,-0.012468762380378367,-0.003456753972191458,intermediate
37324150,37328654,37326402,0.029042319900770608,0.00013026601502729763,baseline
37328659,37333913,37331286,0.011058421914962833,2.111588616828768e-05,baseline
37333919,37338254,37336086,0.04094447966181379,0.0009386397643571918,baseline
37338261,37342375,37340318,0.025401113442471278,0.00431740504187658,baseline
37342377,37346432,37344404,0.03848938013989312,0.00141466656037962,baseline
37346436,37351638,37349037,0.03651149153281595,0.002241697344941889,baseline
37351647,37355723,37353685,0.010714357943534602,0.005033549874302999,baseline
37355724,37360558,37358141,0.0097061952950721,0.0037510512114127385,baseline
37360559,37364493,37362526,0.034304898573924866,0.004073935127941619,baseline
37364495,37369839,37367167,0.020515601772348322,0.0024471651081747784,baseline
37369841,37377726,37373783,-0.03782737172507885,0.008729070335718375,intermediate
37377727,37387573,37382650,0.03809952040430908,0.0020679264440420413,baseline
37387575,37392254,37389914,0.035353473565567,0.0023667232226475547,baseline
37392255,37396873,37394564,0.03802464039303484,0.0027802474797862737,baseline
37396874,37401283,37399078,0.03630021493521706,0.0026141974941171976,baseline
37401285,37405574,37403429,0.03316294409931146,0.0015768108568013476,baseline
37405579,37420226,37412902,0.03664920918422027,0.0024568216820319206,baseline
37420231,37424718,37422474,0.03531884856636552,0.0027094625918802867,baseline
37424719,37428976,37426847,0.03838864378315023,0.0027398071623050578,baseline
37428978,37433029,37431003,0.0391664190344205,0.0027668303642983134,baseline
37433031,37456407,37444719,0.03882305496457601,0.0028425740962455055,baseline
37456408,37460967,37458687,0.03874501131901123,0.0019519138575706996,baseline
37460971,37465639,37463305,0.04222687025549638,0.002388312591232767,baseline
37465640,37470900,37468270,0.04272743119594879,0.0011795126632989448,baseline
37470903,37474779,37472841,0.01989874981531242,0.0009610645719550099,baseline
37474783,37479770,37477276,0.041407391750232725,0.0013770532817007188,baseline
37479774,37483824,37481799,0.04240639548717719,0.0020072696209982237,baseline
37483826,37487730,37485778,0.038324046039159905,0.0032583171034849855,baseline
37487731,37493173,37490452,0.04037744231178513,0.0009948529052671577,baseline
37493175,37496888,37495031,0.04281875549932027,0.0013157049207976849,baseline
37496889,37501342,37499115,0.041921380520581634,0.0014284389493155645,baseline
37501347,37506843,37504095,0.031841309185938374,0.0005713386547850072,baseline
37506845,37510964,37508904,0.02010986189441829,0.005552676034238663,baseline
37510966,37516318,37513642,0.01568014459826208,0.006946039426927203,baseline
37516327,37521901,37519114,0.021645150256663793,0.006642454527109694,baseline
37521907,37526010,37523958,0.014358005145974777,0.003897379589702223,baseline
37526012,37531333,37528672,0.04126943985627036,0.002165322803177684,baseline
37531338,37535934,37533636,0.04139758867453897,0.002037678795615903,baseline
37535937,37540023,37537980,0.021962147206420073,-6.711437226367069e-05,baseline
37540027,37544950,37542488,0.033579847221105186,0.0026212469409532804,baseline
37544953,37548577,37546765,0.03808822884441435,0.0022708401850798417,baseline
37548578,37552079,37550328,0.03176977160596515,0.003954058896762139,baseline
37552085,37555665,37553875,0.019790259283767535,0.005370026762245813,baseline
37555668,37559521,37557594,0.043144328678141275,0.0006857417678949163,baseline
37559523,37563333,37561428,0.02798955414328571,0.002941831448901278,baseline
37563335,37567130,37565232,0.021223725074597823,0.005770695098334102,baseline
37567131,37571807,37569469,0.02751133486875229,0.0031392133382044276,baseline
37571814,37581672,37576743,0.03476924152817362,0.0027683921972779155,baseline
37581685,37586775,37584230,0.007232745001771704,0.0052214060332596,baseline
37586777,37603026,37594901,0.0004577712411224063,0.005364210396146766,baseline
37603036,37606740,37604888,0.029774318276800837,0.003415313479725673,baseline
37606749,37612729,37609739,-0.02270030154409729,0.010719860124442173,intermediate
37612730,37617622,37615176,-0.027296501998723813,0.00932575484137576,intermediate
37617624,37621571,37619597,-0.04052604965978769,0.006965862052399134,intermediate
37621574,37625706,37623640,-0.02241025292768288,0.0006127038431859303,intermediate
37625709,37630031,37627870,-0.015665546323063013,-0.0002884964036228753,intermediate
37630034,37634243,37632138,-0.014209536992503527,-0.0032161909767922233,intermediate
37634246,37638061,37636153,0.04215156860287631,-0.001448441673836589,baseline
37638064,37641952,37640008,0.007739849960920035,-0.0009384351739849456,baseline
37641970,37649330,37645650,-0.002320295387254739,-0.00039897186348316336,baseline
37649333,37653051,37651192,0.008803826944289977,-0.0027371277273902897,baseline
37653052,37657283,37655167,0.04269710248353981,-0.000858024226931953,baseline
37657284,37661265,37659274,0.01784244743094857,-0.004843738862861924,baseline
37661269,37665063,37663166,0.03348316196528229,0.002541617496516192,baseline
37665068,37670468,37667768,0.03313791504679232,-0.0001908875580854131,baseline
37670470,37674735,37672602,0.039986853677519904,0.0028308354146254905,baseline
37674739,37683915,37679327,0.041327274412069466,0.0020428533435940615,baseline
37683916,37687764,37685840,0.024575913687408,-0.0001794204486660544,baseline
37687766,37692823,37690294,0.04043720856441809,-0.0015743326020662585,baseline
37692826,37696478,37694652,0.03892828905773969,-0.000768684404498092,baseline
37696480,37700532,37698506,0.032069589722303816,0.002968991200274688,baseline
37700540,37706729,37703634,0.037767477864386605,0.0016365115115475524,baseline
37706732,37713479,37710105,0.03477962813987065,0.0037968637784573274,baseline
37713480,37718444,37715962,0.02249868329867898,0.002175033340904193,baseline
37718472,37722749,37720610,0.03604241973221776,-5.7241853779197734e-05,baseline
37722756,37728001,37725378,0.042511877473098716,-0.0009706771471608516,baseline
37728004,37732696,37730350,0.041413957592582255,0.0015445021236198948,baseline
37732698,37736727,37734712,0.03319690762473441,-0.001006493840378576,baseline
37736733,37740889,37738811,0.041690871826582945,0.0016479818792285964,baseline
37740891,37745414,37743152,0.040462378588749966,0.0025719568628427532,baseline
37745417,37750053,37747735,0.03864948330172537,0.0030679816976586782,baseline
37750054,37754167,37752110,0.04034893727485736,-0.0012294826948917445,baseline
37754169,37769253,37761711,0.033022312850494076,-0.0005815517794469034,baseline
37769256,37773291,37771273,0.04315673233537227,-0.001530899258715177,baseline
37773300,37777485,37775392,0.028445417172421262,0.0027628642742558713,baseline
37777486,37781139,37779312,0.030866839496261858,0.004435704321880859,baseline
37781140,37785397,37783268,0.043200577047648715,0.0015971793456347773,baseline
37785399,37789767,37787583,0.03508472258526572,0.0006681935427335212,baseline
37789773,37793947,37791860,0.031835796226446195,0.0030103654677646583,baseline
37793953,37797427,37795690,0.041505160245692244,0.0012209327696247583,baseline
37797428,37801179,37799303,0.03965654600716974,0.0023518547622690066,baseline
37801180,37805073,37803126,0.03296918837289656,-0.0017322808140199436,baseline
37805075,37808738,37806906,0.027890874204362294,0.0011444090426740497,baseline
37808740,37812405,37810572,0.04097021003040738,0.0023131470891136546,baseline
37812406,37816033,37814219,0.0392990132191264,0.002958112555050999,baseline
37816035,37819786,37817910,0.014719876708079024,0.003839137309980646,baseline
37819801,37823297,37821549,0.040629853567920704,0.0023984036853908048,baseline
37823298,37826926,37825112,0.04131563617538322,0.0006272985179959069,baseline
37826927,37830437,37828682,0.027853250496080208,-0.002027516144077419,baseline
37830440,37834477,37832458,0.02447693988037735,0.003574737345504995,baseline
37834481,37838071,37836276,0.03562925630882031,0.002387271287636804,baseline
37838075,37841947,37840011,0.04184218045969927,0.0021167316329538492,baseline
37841952,37845643,37843797,0.011297890577066287,-0.0035727584453081134,baseline
37845647,37849430,37847538,0.03459155724812642,-0.001424427295958027,baseline
37849431,37853107,37851269,0.023838061329161334,-0.001545149203463637,baseline
37853133,37856890,37855011,0.03439649389135733,-0.0019212301447315747,baseline
37856900,37861547,37859223,0.042665892834432714,0.0014694804648048366,baseline
37861557,37865621,37863589,0.03714022491667236,0.001346407335096865,baseline
37865627,37869428,37867527,0.023923219393737944,0.0032157422390126727,baseline
37869429,37872939,37871184,0.03872438085245986,-0.003207304668260773,baseline
37872940,37876522,37874731,0.0321766485522823,-0.0035157559501701125,baseline
37876523,37880073,37878298,0.026148742903249325,-0.00036154027386464763,baseline
37880074,37884376,37882225,0.035114793555510046,0.0005512360574885829,baseline
37884379,37888356,37886367,0.04261039774471729,0.0010184886127652302,baseline
37888374,37892328,37890351,0.02177249624127098,0.004143450737188845,baseline
37892330,37897826,37895078,0.023083463564708213,0.0007210831674991162,baseline
37897827,37902008,37899917,0.029014819480979743,-0.0003595833358777179,baseline
37902009,37914228,37908118,0.03267633900483265,5.6103099808980506e-05,baseline
37914230,37919163,37916696,0.03697445994196978,-0.0005886789808033552,baseline
37919165,37923228,37921196,0.024341168301450146,0.004813282222713197,baseline
37923229,37927305,37925267,0.04206307240976795,0.002461007887636243,baseline
37927310,37930970,37929140,0.03560842886423961,0.0037230456993602953,baseline
37930972,37934459,37932715,0.03353860049533822,0.003510237659885721,baseline
37934465,37938673,37936569,0.036539409413207234,-0.0004669008574592999,baseline
37938677,37942240,37940458,0.03791733707970794,0.0018051358863462228,baseline
37942241,37945922,37944081,0.04247115644245375,0.0019069114059746236,baseline
37945923,37951146,37948534,0.03111124223096147,-0.0024654708267788134,baseline
37951154,37957125,37954139,0.021592603239172378,-0.004218310339235356,baseline
37957126,37961508,37959317,0.042473435109879304,0.00043846452485191877,baseline
37961513,37967044,37964278,0.03552583824980328,0.0017399509680960828,baseline
37967053,37971424,37969238,0.03825040085969108,0.0017731929903892331,baseline
37971427,37974933,37973180,0.030015593864042497,0.004460198659644021,baseline
37974936,37978619,37976777,-0.014161301939703932,0.005812045992939822,intermediate
37978620,37982439,37980529,0.02138471278115521,-0.002300078781424518,baseline
37982441,37987944,37985192,0.039057507387097415,0.0014999876792765065,baseline
37987947,37992624,37990285,0.030060935154392537,0.004691656088611838,baseline
37992625,37997410,37995017,0.02636957973647797,0.0021450902502629546,baseline
37997418,38001152,37999285,0.030685592231578587,0.0010428045279965202,baseline
38001156,38005378,38003267,0.03548519063310573,-0.00031125228109559947,baseline
38005384,38008856,38007120,0.028951026996023164,-0.001860394871653221,baseline
38008857,38012415,38010636,0.031292698485059556,0.0020593167902390173,baseline
38012417,38016548,38014482,0.016090953009907732,0.0019853600420182507,baseline
38016555,38022041,38019298,0.027855331303729892,0.001323726740533672,baseline
38022044,38033419,38027731,0.022993058490618397,0.005173847191779305,baseline
38033420,38038847,38036133,-0.001986958133316043,1.0235716902962092e-05,baseline
38038850,38042969,38040909,0.030975100351478095,0.002926812705997084,baseline
38042970,38049501,38046235,-0.06816263391562334,-1.4882942917128987e-05,intermediate
38049509,38080943,38065226,-0.03737734544433917,0.002340772502225728,intermediate
38080944,38088314,38084629,0.04303895322298468,0.0018428585519189556,baseline
38088318,38093970,38091144,0.006037575669400953,-0.002562676514400218,baseline
38093971,38099252,38096611,-0.0665007001321606,-0.0068688270598706086,intermediate
38099254,38135275,38117264,-0.03201151528842072,-0.0033447444012707195,intermediate
38135280,38139763,38137521,0.020627402470682173,0.004341989661310224,baseline
38139768,38144450,38142109,0.033433049433217794,-0.00028319777069777167,baseline
38144451,38149032,38146741,-0.10360881450926865,-0.008488207149601393,outlier
38149040,38154036,38151538,0.03741604103003462,0.0012136623894658293,baseline
38154044,38173889,38163966,0.0068090426650335815,0.0001784412842409408,baseline
38173891,38177854,38175872,-0.065238844300697,-0.0007226214323999676,intermediate
38177858,38181871,38179864,-0.03182979972910417,0.0014952161488453058,intermediate
38181880,38185821,38183850,0.027929457316929678,-0.002826849478801366,baseline
38185828,38189607,38187717,0.02781769070510596,0.0019336277192480646,baseline
38189608,38193172,38191390,0.03161914646213722,-0.0026206620929472456,baseline
38193175,38197658,38195416,0.03582296487948241,0.0012353076162493933,baseline
38197662,38201553,38199607,0.03752671658816604,0.0006661460298578083,baseline
38201555,38205235,38203395,0.00468012059217649,-0.0033877437346418312,baseline
38205245,38208842,38207043,0.03628395408015872,0.0019593798770917124,baseline
38208847,38212475,38210661,0.035226244907900404,0.003081486043529287,baseline
38212478,38216355,38214416,0.00493509841820121,0.0005646333724075181,baseline
38216357,38219888,38218122,-0.003364724120196179,0.005729842249081904,baseline
38219889,38224109,38221999,0.03872831813367116,0.0024493518223984738,baseline
38224111,38227784,38225947,0.039400005606127164,0.0008640497587050766,baseline
38227785,38231445,38229615,0.012449981606286716,-0.0016471630460874328,baseline
38231449,38235339,38233394,0.026642659994287186,0.002030771125491274,baseline
38235341,38239473,38237407,0.030683822776748432,0.003961525079107145,baseline
38239481,38243294,38241387,0.037934599350420345,0.000911338226839939,baseline
38243307,38248836,38246071,0.003433278948010481,0.00796216087806179,baseline
38248838,38253117,38250977,0.03819044298295371,-0.0008987925957786824,baseline
38253119,38257132,38255125,0.023870460966107447,0.004565331934146242,baseline
38257140,38260648,38258894,0.031188568816479148,0.0032195881476723945,baseline
38260650,38264437,38262543,0.035771436256810354,0.002667282502414715,baseline
38264445,38269023,38266734,0.04361771389743704,0.001567267201242929,baseline
38269026,38273230,38271128,0.0428791509470065,0.0009545988625050148,baseline
38273237,38277270,38275253,0.04020729557560102,0.002314213664839915,baseline
38277271,38282021,38279646,0.03790937413302592,0.0017032650833940664,baseline
38282026,38286118,38284072,0.04312013056962455,0.0017624068901697237,baseline
38286119,38291123,38288621,0.04359403054864974,-0.0003939717282312907,baseline
38291125,38295281,38293203,0.04308463211459186,0.001584781373829564,baseline
38295282,38299477,38297379,0.04448744248073294,0.0014155291675091255,baseline
38299482,38303926,38301704,0.03524178462448977,0.0012057293941082584,baseline
38303928,38308224,38306076,0.012308807960545398,0.0030371551963010836,baseline
38308226,38312051,38310138,0.03810015457526367,0.0019655225519032535,baseline
38312052,38316166,38314109,0.037245366237182546,0.002742989044242246,baseline
38316167,38320310,38318238,0.041689361604671155,0.0021681831363084612,baseline
38320317,38324430,38322373,0.02000773396797883,0.0009521241217651505,baseline
38324431,38328358,38326394,0.037952947504171955,-0.0003307042645850922,baseline
38328359,38332018,38330188,0.037461714915888865,0.0012898061926689749,baseline
38332019,38336611,38334315,0.04382580825026342,0.001629744122744362,baseline
38336617,38340625,38338621,0.024676441750721628,-0.003993241013917708,baseline
38340626,38344156,38342391,0.041596941763279584,0.0004988117015062807,baseline
38344163,38347692,38345927,0.04180406738884591,0.001090515916375263,baseline
38347695,38351347,38349521,0.012239999396555516,0.0044425046326237606,baseline
38351348,38354949,38353148,0.03026976254270478,0.0015831537254304316,baseline
38354963,38358992,38356977,0.016086368515803598,-0.0011015767817016814,baseline
38358994,38362809,38360901,0.023696682679083505,0.0033316399403097944,baseline
38362813,38366741,38364777,0.027946401985916025,-0.0008912187668505734,baseline
38366742,38370695,38368718,0.029594791985188686,0.002960580347932253,baseline
38370697,38374548,38372622,0.02264588818708024,0.0008705252464467404,baseline
38374550,38378209,38376379,0.03937617892637655,0.00014707308835475578,baseline
38378210,38381921,38380065,0.040148083552437985,0.0019080271244997528,baseline
38381928,38385667,38383797,0.040093340058027865,0.002374632972213758,baseline
38385668,38394191,38389929,0.038123089485028495,0.0009193636581302701,baseline
38394192,38399583,38396887,0.04024216509291403,0.0007374349171615504,baseline
38399587,38414515,38407051,0.02278557713837143,0.003788647748277951,baseline
38414522,38420455,38417488,0.0428694507529217,0.0018940875968849113,baseline
38420463,38425243,38422853,0.02499940738384917,-0.003118149441778121,baseline
38425244,38430507,38427875,0.0436538740518113,0.0006726773425682623,baseline
38430509,38434359,38432434,0.04062117803395857,0.0010739227414710054,baseline
38434362,38439089,38436725,0.026648051494918754,0.005439914295524942,baseline
38439095,38445669,38442382,0.033226347870425665,-0.0007634347933581346,baseline
38445672,38449530,38447601,0.04085431125967172,0.0022354186039921903,baseline
38449531,38453248,38451389,0.036367950067285985,-0.0020554869059207503,baseline
38453249,38458694,38455971,0.028416545725087256,-0.00039999110138915335,baseline
38458695,38462527,38460611,0.021741321323116153,-0.00195834568962863,baseline
38462528,38468665,38465596,0.03379063975435994,0.003134558564556349,baseline
38468670,38472440,38470555,0.021345487818602387,-0.00855976730284327,baseline
38472443,38477738,38475090,0.0251264570353825,-0.004614370124262578,baseline
38477743,38481791,38479767,0.021854499084931936,0.0006271325193674581,baseline
38481793,38486869,38484331,0.03832443991543093,-0.003472597263367215,baseline
38486870,38490694,38488782,0.04134065459788699,0.00227497320033059,baseline
38490701,38494722,38492711,0.027877994563397658,0.002637202014118762,baseline
38494723,38498720,38496721,0.036056257690261294,0.0008610868627808698,baseline
38498721,38502789,38500755,0.0286261438164962,0.0005176859746872494,baseline
38502793,38506637,38504715,0.03166288525199846,0.0008416738983339433,baseline
38506638,38510629,38508633,0.03504756685646845,-0.0020337960708786272,baseline
38510636,38514726,38512681,0.012901474977925638,-0.007099322881000803,baseline
38514732,38519053,38516892,0.0313494571031287,-0.0011281349801732007,baseline
38519058,38523361,38521209,0.03719741904002128,-0.00012504694678886437,baseline
38523364,38527555,38525459,0.02863822707836144,-0.0020858071046063985,baseline
38527558,38532446,38530002,0.04117386362227886,-0.001768627074020019,baseline
38532447,38539411,38535929,0.00219329613234063,-0.0032656162933375594,baseline
38539412,38544867,38542139,0.01785483943963961,0.0010465909675146017,baseline
38544871,38548964,38546917,0.03345984560143532,0.0018725514644866712,baseline
38548965,38553894,38551429,0.042150906217696245,0.0006629034883209,baseline
38553898,38557724,38555811,0.03336294497549317,0.001870570531685095,baseline
38557728,38561569,38559648,0.024958738918118086,-0.00014513735240222257,baseline
38561576,38565519,38563547,0.007018548095877217,0.004270646672875039,baseline
38565521,38569199,38567360,0.026453862615942205,0.0006929866216378804,baseline
38569204,38573354,38571279,0.040978256569545075,-0.0006046877754459914,baseline
38573370,38577379,38575374,0.040331881685402644,0.0018001335666316663,baseline
38577387,38582134,38579760,0.03721016031698755,0.0027352125553185107,baseline
38582140,38587435,38584787,0.0401923746379823,0.002033527265394573,baseline
38587441,38591306,38589373,0.03826732608591282,0.0024106807048284665,baseline
38591307,38595300,38593303,0.0341371291757703,0.003742408048115159,baseline
38595303,38599338,38597320,0.02160564859089324,0.0001205089113642374,baseline
38599340,38603471,38601405,0.036756028410912314,0.001204101860555741,baseline
38603474,38608075,38605774,0.0378913570209388,1.554319839345321e-05,baseline
38608078,38612007,38610042,0.03424041367711373,0.0021184410643490855,baseline
38612019,38616511,38614265,0.04294062030558506,0.0014097754199967455,baseline
38616516,38620571,38618543,0.029652432397983285,0.003375877915121745,baseline
38620574,38624836,38622705,0.0327768535670598,0.003439570558650353,baseline
38624843,38629537,38627190,0.04302198756928726,0.0011557100937719929,baseline
38629539,38634017,38631778,-0.003394860141029324,0.005558501515980366,baseline
38634019,38638595,38636307,0.03605200757655226,0.0030571722600516425,baseline
38638596,38643842,38641219,0.034497975097868144,0.0009512964454576741,baseline
38643850,38648410,38646130,0.033570749906704035,0.00043378271793479415,baseline
38648416,38652507,38650461,0.0018160426280983118,-0.0014617927164663604,baseline
38652513,38666558,38659535,0.030273239018492198,0.0013862318363495945,baseline
38666562,38670891,38668726,0.04078395831499084,-0.003123949869407862,baseline
38670893,38677463,38674178,0.0387414157590628,-0.0012690694659681257,baseline
38677466,38682312,38679889,0.014429153806161589,0.00297896883163665,baseline
38682316,38686307,38684311,0.03589877716863457,-0.0019334604688792693,baseline
38686311,38690188,38688249,0.039202121720760166,0.0017485895493022392,baseline
38690196,38695058,38692627,0.04060229995713187,0.002108087802871355,baseline
38695061,38698919,38696990,0.02775436897888225,-0.00316219770337493,baseline
38698921,38703040,38700980,0.02494947339207634,-0.0038861842933393116,baseline
38703042,38707100,38705071,0.0325236754265981,0.00429379135036545,baseline
38707106,38711264,38709185,0.03670785146166369,0.0005279286606604643,baseline
38711265,38716430,38713847,0.03839626876797989,-0.0010683510491681521,baseline
38716438,38720688,38718563,0.016608233219129617,0.004079326281264391,baseline
38720694,38725016,38722855,0.02220349388390481,0.002260558610511783,baseline
38725022,38730338,38727680,0.03536422236576155,0.0002947322801481967,baseline
38730343,38734803,38732573,0.032381918863276016,0.001997334531005605,baseline
38734815,38738687,38736751,0.034395420392909694,0.0007192073016014098,baseline
38738690,38742740,38740715,0.03272301635713788,0.0022208185095545898,baseline
38742744,38754674,38748709,0.04208268904104819,0.0008737321227443427,baseline
38754676,38759761,38757218,0.04366783866790931,0.0012984849825204508,baseline
38759764,38763660,38761712,0.03437507227529379,0.0021939077951087555,baseline
38763662,38770118,38766890,0.031891104878319324,0.0024036517031580467,baseline
38770123,38774076,38772099,0.04001575266217096,0.0010408375722895423,baseline
38774082,38778057,38776069,0.03952102375942096,0.001007350596321431,baseline
38778060,38782119,38780089,0.039785958765316015,-0.0005955444708020405,baseline
38782121,38785861,38783991,0.027509123009720197,0.0006392453405486098,baseline
38785864,38789956,38787910,0.04218094381593002,0.002503827363768812,baseline
38789959,38794512,38792235,0.0362277550601239,-0.0025538883227283976,baseline
38794514,38798237,38796375,0.02996407655241089,-0.003708758947324977,baseline
38798241,38802188,38800214,0.03839279707678607,0.0012410546121048485,baseline
38802200,38806113,38804156,0.02686038920583327,-0.0020696023245753044,baseline
38806121,38812281,38809201,0.02987732965811229,-0.0005369575491503601,baseline
38812283,38816927,38814605,0.03572171266586687,0.0026565062254556063,baseline
38816930,38824597,38820763,0.005826075103314998,-0.0003272203079066249,baseline
38824600,38828641,38826620,0.033321406427818334,0.0028849580008392245,baseline
38828644,38832876,38830760,0.04015753320233589,-0.0007507446891315219,baseline
38832877,38836929,38834903,0.042714399564879275,0.001261015750300037,baseline
38836934,38841051,38838992,0.03797541902551618,-0.003000578768248743,baseline
38841062,38844936,38842999,0.03837474386963341,0.0002728727020192114,baseline
38844937,38848723,38846830,0.040933201905606405,0.0024623988913708953,baseline
38848727,38852990,38850858,-0.013935339201911662,-0.007578823188161557,intermediate
38852991,38856945,38854968,0.001133968984252407,-0.008328136362464855,baseline
38856951,38861485,38859218,0.039262559651098955,0.0009505815614470155,baseline
38861487,38865423,38863455,0.027297739091460736,-2.0495739733227573e-05,baseline
38865432,38869483,38867457,0.020963702661669963,-0.005436201141831993,baseline
38869487,38873440,38871463,0.035580809681917173,0.00023684548014757086,baseline
38873442,38877483,38875462,0.026724831810932197,-9.552994549615663e-05,baseline
38877484,38881606,38879545,0.03210178698097802,-0.005546348223011081,baseline
38881608,38885822,38883715,-0.006980326473671468,-0.007493534018164467,intermediate
38885824,38889766,38887795,0.036089884163859706,5.940377641855417e-05,baseline
38889771,38893780,38891775,0.01841142213282783,0.0030425394237899453,baseline
38893790,38898262,38896026,0.017562683153982555,-0.0023693281086512932,baseline
38898266,38902591,38900428,0.01620973734625362,-0.007253936922287053,baseline
38902598,38906860,38904729,0.03454591904046191,-0.004060103774032587,baseline
38906861,38911253,38909057,0.038148964543594024,-0.005984838323739863,baseline
38911258,38915271,38913264,0.031710319048720126,-0.00831407451407604,baseline
38915273,38919325,38917299,0.03720409897030562,0.0017312468892539154,baseline
38919335,38923246,38921290,0.04404945195313387,0.0007219530363827054,baseline
38923270,38928383,38925826,0.0410305004114271,0.0005573256557361585,baseline
38928389,38932434,38930411,0.027703891350704512,-0.0034006314390243393,baseline
38932438,38936725,38934581,0.0171486361228811,-0.007961664803378078,baseline
38936732,38940778,38938755,0.025563607534079092,-0.011060152293954302,baseline
38940784,38944685,38942734,0.035074696398382725,0.0008150523266884826,baseline
38944691,38948789,38946740,0.03448363168287477,-0.00420847934093808,baseline
38948791,38952763,38950777,0.031432753940061224,-0.004632137215682,baseline
38952766,38956938,38954852,0.03883938043098306,-0.00023898389285434047,baseline
38956940,38960844,38958892,0.018031398591934557,0.0015854375117810035,baseline
38960846,38964619,38962732,0.022048512182780994,-0.005228188141203013,baseline
38964620,38970078,38967349,0.023119900055826016,-0.016120686106067556,baseline
38970085,38976596,38973340,-0.017704701862244356,-0.02365436915050287,intermediate
38976599,38982165,38979382,-0.10419860007099117,-0.02155046118937114,outlier
38982166,38990319,38986242,-0.06916483186377634,-0.03474960481030584,intermediate
38990322,38996116,38993219,0.010813153346089517,-0.006259662177120949,baseline
38996117,39000261,38998189,0.035557641314105784,-0.005392125294327953,baseline
39000265,39004464,39002364,0.029249615981407264,-0.00522030036598592,baseline
39004472,39009403,39006937,0.030302939519906636,-0.0018369175066123204,baseline
39009404,39014796,39012100,0.04316801121152617,0.0006007722354363995,baseline
39014801,39019225,39017013,0.04073716697030247,0.0021293965450992548,baseline
39019226,39025645,39022435,0.04434988734076636,0.0011275727799662486,baseline
39025651,39030976,39028313,0.045134608025323375,0.001352907518062273,baseline
39030979,39035133,39033056,0.04524124093862243,0.0014037059333452497,baseline
39035138,39039602,39037370,0.044707199787226225,0.001981781250780752,baseline
39039612,39044083,39041847,0.042021045045777305,0.001585955145127575,baseline
39044084,39052749,39048416,0.03786820654347147,0.0030016536470343753,baseline
39052756,39057246,39055001,0.04536700658322819,0.0009808243138427156,baseline
39057247,39061669,39059458,0.0443721431950223,0.00129760814569872,baseline
39061674,39066113,39063893,0.043674652210370014,0.0015263100205047677,baseline
39066114,39070690,39068402,0.0432254755657439,0.0002590354935762527,baseline
39070692,39075165,39072928,0.04130922719638236,0.0020004856495937145,baseline
39075168,39080195,39077681,0.044337312244494026,0.0001203040984618679,baseline
39080199,39085119,39082659,0.042776759513851334,0.0011035144714359464,baseline
39085120,39089959,39087539,0.02914678214908965,-0.0006883755782740895,baseline
39089960,39095299,39092629,0.029995184657414072,0.001272430606198594,baseline
39095303,39099265,39097284,0.04241761618128974,0.0014908713352965578,baseline
39099268,39105504,39102386,0.03996213072877099,-0.006206001266041191,baseline
39105506,39109704,39107605,0.03562731741148748,-0.00231883240488994,baseline
39109707,39114990,39112348,0.020700635357347147,-0.002981306695620844,baseline
39114992,39121813,39118402,0.031901680141214514,-0.004354423136665824,baseline
39121814,39125992,39123903,0.041579087227007205,0.0014774518739795533,baseline
39126000,39130474,39128237,0.03992169301628231,0.0016560678142810586,baseline
39130475,39134853,39132664,0.041452347663000474,0.0017893612093111539,baseline
39134858,39141926,39138392,0.0303979209917479,0.0030924599123624175,baseline
39141931,39148897,39145414,0.039905563124431234,-0.005314350197267062,baseline
39148903,39161508,39155205,0.02891696545300633,0.0004245684818764505,baseline
39161510,39166300,39163905,0.03983919076850962,-0.0005368517847263918,baseline
39166302,39175056,39170679,0.02373323896702803,-0.0025018137286486417,baseline
39175058,39179235,39177146,0.04019109853236275,0.0029142671684939995,baseline
39179237,39186154,39182695,0.03882022623035671,0.0005148055355651323,baseline
39186157,39190793,39188475,0.04255450270720809,0.0016095926715921026,baseline
39190795,39203653,39197224,0.04225470201107745,0.002236580986640281,baseline
39203654,39217282,39210468,0.02825803518739344,0.0012213796944580719,baseline
39217288,39225891,39221589,0.03439749270876199,-0.00049245103002898,baseline
39225894,39230929,39228411,0.04172011310414551,0.002592634823041958,baseline
39230934,39235804,39233369,0.039433440807094565,0.0023324546594819476,baseline
39235805,39241057,39238431,0.02699089550405308,0.0019445159053288552,baseline
39241059,39250240,39245649,0.038679704304353836,-0.0010207823192731383,baseline
39250242,39254065,39252153,0.03976741671094675,-0.0003151251358499685,baseline
39254071,39258796,39256433,0.03944969393156578,-0.00018218997811793157,baseline
39258798,39267734,39263266,0.03901262670078322,0.001253554258861439,baseline
39267737,39278399,39273068,0.03766366392645582,0.0010441096270787343,baseline
39278401,39287803,39283102,0.040866715064604896,-0.004022164686572237,baseline
39287805,39294358,39291081,0.042164543837701185,0.0013927906226205756,baseline
39294362,39301229,39297795,0.04194166238078656,0.00201268920272039,baseline
39301230,39324127,39312678,0.03415716322335468,0.003250258922706861,baseline
39324128,39342593,39333360,0.03250706066696657,-0.00010685198363071376,baseline
39342596,39354765,39348680,0.02589856304984791,0.002544231587518251,baseline
39354778,39379610,39367194,0.040187254191342066,0.0023442523712368197,baseline
39379620,39434634,39407127,0.04077356531452397,0.0006361955478161585,baseline
39434643,39461646,39448144,0.040288935682931466,0.0025844125397166467,baseline
39461650,39473863,39467756,0.04222731874215222,-0.003207274861404235,baseline
39473864,39477832,39475848,0.03697320104739421,-0.0011976477795655198,baseline
39477837,39482094,39479965,0.03916071772596623,-0.0006810432779769185,baseline
39482097,39490315,39486206,0.04425086016179379,0.0006569556177358395,baseline
39490319,39528452,39509385,0.042665784969148905,0.001752907822659843,baseline
39528459,39629306,39578882,0.04074991718132082,0.0021403342483997546,baseline
39629391,39651931,39640661,0.03729948930957218,-6.582146445262201e-05,baseline
39652062,39705132,39678597,0.041181219886006475,0.0011077746719371855,baseline
39705137,39743515,39724326,0.040023169379774834,-0.0012318280463807815,baseline
39743531,39789891,39766711,0.04150076674318432,0.00018759010046429,baseline
39789892,39818413,39804152,0.03850200291125908,-0.002594285093666177,baseline
39818415,39840718,39829566,0.04397794507775119,0.001289166393888079,baseline
39840722,39858697,39849709,0.04330082457904699,0.0015741946775076727,baseline
39858702,39887536,39873119,0.04039770970067003,-0.003956663326210382,baseline
39887537,39899181,39893359,0.03301114228408996,-0.008857609682166725,baseline
39899196,39936246,39917721,0.041994349473526656,0.000376724518407265,baseline
39936250,39944726,39940488,0.04214344583929671,0.002246038247751317,baseline
39944735,39960045,39952390,0.03846716251931333,-0.0008023209032439799,baseline
39960048,39965125,39962586,0.0353713415402516,-0.0010909443542478751,baseline
39965131,39970013,39967572,0.041855546800269844,-0.006232523320929978,baseline
39970023,39985162,39977592,0.04310953413228422,0.0023627961812442656,baseline
39985163,39990954,39988058,0.03487489410590909,2.9154315506199385e-05,baseline
39990956,39997796,39994376,0.0395285565814296,0.0010938184697211204,baseline
39997797,40003291,40000544,0.03323368069606849,-0.0011384747123518227,baseline
40003300,40010895,40007097,0.04391417033643784,0.00034887461276010854,baseline
40010904,40022697,40016800,0.03912602865915569,0.0013763396857375465,baseline
40022703,40030011,40026357,0.038068606272460365,0.0014352618111528272,baseline
40030012,40043612,40036812,0.03759920890496044,-0.0018377679903865685,baseline
40043630,40070856,40057243,0.044347831118344616,0.0015175521695990181,baseline
40070866,40117178,40094022,0.025497000518387214,0.0007702113870396594,baseline
40117185,40125409,40121297,0.0134045191354541,-0.002149578919805913,baseline
40125412,40151885,40138648,0.03265057048715971,0.001389729688883444,baseline
40151887,40174062,40162974,0.03857937978992719,-0.003983272058500464,baseline
40174072,40180999,40177535,0.04186156741316767,-0.000832392632627097,baseline
40181001,40185441,40183221,0.02561344966243155,-0.0011300271389543064,baseline
40185443,40193451,40189447,0.03212194589869708,0.0030862093057113116,baseline
40193458,40206184,40199821,0.03442125858390562,0.001200379753369021,baseline
40206185,40213737,40209961,0.026538949624995884,0.0027492797879776205,baseline
40213740,40218059,40215899,0.038426627465528,-0.0003193377657358009,baseline
40218066,40235851,40226958,0.033705539653656975,0.0008912953432176142,baseline
40235856,40242690,40239273,0.04285809632973476,0.0022437198775953652,baseline
40242695,40247464,40245079,0.04293097719474494,0.0010355664791146051,baseline
40247468,40257123,40252295,0.043286325291125846,0.0018090786331624196,baseline
40257128,40261962,40259545,0.04103443808233466,-0.0016529993266404131,baseline
40261969,40271316,40266642,0.022658555432508932,0.0010974765811745265,baseline
40271320,40286464,40278892,0.042969787552913564,0.0009319963673302163,baseline
40286469,40308632,40297550,0.024525122825892386,-0.0016377249306042262,baseline
40308667,40321875,40315271,0.03216124394785448,0.0020687849493424785,baseline
40321877,40347945,40334911,0.030547531339405555,0.001406318158777929,baseline
40347947,40362891,40355419,0.03055304065361622,0.0015333716812536934,baseline
40362893,40370436,40366664,0.03701870725649975,0.0015794835148986637,baseline
40370437,40376558,40373497,0.02333123681793566,0.0022088837470505547,baseline
40376564,40383377,40379970,0.03704534635550259,0.001893555608715538,baseline
40383383,40397714,40390548,0.03506371686330875,0.0024091792396694323,baseline
40397717,40406599,40402158,0.01231495890218405,0.00205652608335138,baseline
40406607,40412703,40409655,0.03761920448172082,0.0030630994223749233,baseline
40412704,40419279,40415991,0.040601792752522445,0.0014519100550607427,baseline
40419282,40424345,40421813,0.04183023020598275,0.001194415914233711,baseline
40424346,40437509,40430927,0.04065708743704007,0.0017568714650647384,baseline
40437517,40460261,40448889,0.019065415812702897,0.004687043194613058,baseline
40460264,40489429,40474846,0.03386225943356697,-0.0014552139099178506,baseline
40489431,40500797,40495114,0.012797434241963043,-0.0017221386026173894,baseline
40500812,40512957,40506884,0.02401491051568198,0.002049442737790905,baseline
40512982,40521259,40517120,0.04283335588983416,0.0016949746155776192,baseline
40521261,40534043,40527652,0.044243525327158945,0.002007186735741643,baseline
40534044,40544155,40539099,0.012342078317638075,0.005421995246645663,baseline
40544164,40551965,40548064,0.035442161014295044,0.0015787111696305878,baseline
40551979,40559098,40555538,0.04228780970650202,0.001854613368419598,baseline
40559102,40569105,40564103,0.007845030530378539,0.0007180159575701205,baseline
40569119,40575880,40572499,0.02309389511292687,0.0036252370508116204,baseline
40575888,40580851,40578369,0.04161790413075451,0.001783599037439216,baseline
40580853,40587370,40584111,0.014634790372676622,0.0036624496047323453,baseline
40587371,40592056,40589713,0.038308490386808815,0.0021950208201039424,baseline
40592058,40598116,40595087,0.019226309096171942,0.004966812469973772,baseline
40598120,40603270,40600695,0.04332575433039443,0.0012356365436893952,baseline
40603272,40608777,40606024,0.0407142282989627,0.0030361217110752257,baseline
40608785,40617510,40613147,0.02471449393845107,0.003529491944983364,baseline
40617514,40635015,40626264,0.03911981639768844,0.0015975712256350901,baseline
40635019,40650662,40642840,0.03935012271961565,0.002697641195062535,baseline
40650666,40655607,40653136,0.04096507505547383,0.0009621663533062201,baseline
40655609,40666815,40661212,0.04428742011099055,0.0020131738619610044,baseline
40666816,40677490,40672153,0.0339554555898111,0.0023555660788009084,baseline
40677500,40682451,40679975,0.028112607946526404,0.0018158694090794501,baseline
40682453,40688201,40685327,0.044338674025042886,0.00136562345834206,baseline
40688203,40693599,40690901,0.019898284315744624,0.004143667951014705,baseline
40693608,40700312,40696960,0.010074341834602348,0.006551225651108541,baseline
40700313,40711263,40705788,0.04411455488371504,0.0019665291427875377,baseline
40711272,40725135,40718203,0.017538322593290034,0.004069365034997364,baseline
40725146,40736373,40730759,0.03909949298403547,0.002685384866718788,baseline
40736376,40744080,40740228,0.043027264256911654,0.002566862010109934,baseline
40744081,40752425,40748253,0.042529249628598234,0.002013957514453791,baseline
40752428,40759712,40756070,0.04090613134243769,0.0019218205975582749,baseline
40759715,40766835,40763275,0.03153255389109606,0.0014582425030059388,baseline
40766836,40775789,40771312,0.038745818940803714,0.0017896593944676383,baseline
40775795,40780900,40778347,0.0022621893399845825,2.2506891472757936e-05,baseline
40780912,40787503,40784207,0.040421372265006146,-0.00011301973015410896,baseline
40787505,40791328,40789416,0.03012762520519026,-0.0023772770490065468,baseline
40791333,40797439,40794386,0.04000027666697888,0.00047912277332600226,baseline
40797441,40805233,40801337,0.038819329058009416,0.002789656534443131,baseline
40805242,40813891,40809566,0.03849401119817432,0.00229147567389961,baseline
40813925,40820027,40816976,0.037240574091556615,0.003295729052633124,baseline
40820030,40829125,40824577,0.0376218824322288,0.0015691974496562363,baseline
40829126,40846163,40837644,0.042759694945084505,0.001681186272248361,baseline
40846164,40856910,40851537,0.035520256235148824,0.0005915574600253836,baseline
40856913,40865805,40861359,0.011004954407265864,0.006117607283227283,baseline
40865810,40871439,40868624,0.03717211853353231,0.0014046765845541005,baseline
40871444,40880308,40875876,0.02216682998854726,-0.0016141534345695129,baseline
40880309,40887865,40884087,0.029200510434159634,-0.004640209860863511,baseline
40887866,40893458,40890662,0.022011949560943635,-0.0016792091836740494,baseline
40893459,40900318,40896888,0.03237821165151889,-0.0005243100495345861,baseline
40900321,40905701,40903011,0.03327481614834823,0.00250619857457148,baseline
40905702,40917982,40911842,0.03986813252643172,-0.00046289698929557734,baseline
40917985,40930955,40924470,0.032453691531253145,0.0008334783714532635,baseline
40930956,40941755,40936355,0.02369960203363483,0.0003120476272507984,baseline
40941756,40951866,40946811,0.0435765727602608,0.0012843122376465167,baseline
40951868,40960102,40955985,0.02253167397212534,0.0016891376158755852,baseline
40960103,40964873,40962488,0.043378022368628026,0.0012151712083954384,baseline
40964874,40970113,40967493,0.04367721591090358,0.00190453856838876,baseline
40970116,40974804,40972460,0.03405316729721686,-0.0033393109482519885,baseline
40974815,40981060,40977937,0.03500922665344106,-0.0007102441799189771,baseline
40981061,40987485,40984273,0.04233245962475495,0.0003762306004663542,baseline
40987487,40992319,40989903,0.03866835390905071,0.001980737564428273,baseline
40992321,40996679,40994500,0.03276355730394804,0.001562066142550174,baseline
40996689,41003989,41000339,0.03649053410494102,0.0022461226112133444,baseline
41004016,41010216,41007116,0.042908191586277254,0.0024259007968488204,baseline
41010218,41016034,41013126,0.04458133245045922,0.00021123166479782823,baseline
41016037,41020460,41018248,0.04384200741739378,0.0019630032975319826,baseline
41020465,41024968,41022716,0.042529256382428826,0.001057544698293964,baseline
41024972,41032000,41028486,0.04237761099229456,0.0019596859690231483,baseline
41032021,41040106,41036063,0.045089626269660975,0.002167831688632142,baseline
41040110,41044704,41042407,0.04531610194590685,0.002017295884822215,baseline
41044709,41052562,41048635,0.03239566551595313,0.004439674787376465,baseline
41052564,41056612,41054588,0.03590255137044756,0.0022388043108643087,baseline
41056615,41060936,41058775,0.042866109478222676,-0.0004477415984632353,baseline
41060940,41065955,41063447,0.04339479014083522,0.0008026319981663788,baseline
41065959,41070605,41068282,0.0361047167634238,-0.0010583395860264098,baseline
41070606,41086944,41078775,0.04175657825472932,0.002663768536717919,baseline
41086948,41093791,41090369,0.02553673029137573,0.004215019968846226,baseline
41093797,41098385,41096091,0.02882266590518632,0.001075858674709302,baseline
41098393,41102754,41100573,0.03518631750319642,0.003649938663286609,baseline
41102755,41108602,41105678,0.029336011459039763,7.522728942168078e-05,baseline
41108604,41138888,41123746,0.04349295396122452,0.0017338699062681253,baseline
41138897,41146778,41142837,0.0429911567297173,-0.0005179368554509142,baseline
41146780,41151187,41148983,0.03681377210718104,0.0034875698725041473,baseline
41151189,41156140,41153664,0.01505911960445997,-0.0004808842208865785,baseline
41156141,41161253,41158697,0.028649429633416205,0.002050265789853772,baseline
41161255,41168237,41164746,0.015875017835553732,0.0037627458144926544,baseline
41168260,41173601,41170930,0.0351236601360606,0.0031904089997847832,baseline
41173604,41177387,41175495,0.022019584095540858,0.004081068603275584,baseline
41177388,41191669,41184528,0.028992818738799313,0.0024156507704665474,baseline
41191670,41195955,41193812,0.01891475148809943,0.0031194967513742786,baseline
41195963,41200023,41197993,0.041272566878087495,0.0009005750028860994,baseline
41200027,41204635,41202331,0.041982122518947076,0.002141720568929083,baseline
41204639,41208940,41206789,0.040113986255384704,0.0025990705745804485,baseline
41208942,41214849,41211895,0.03413737700457512,0.0025362616100567856,baseline
41214864,41219164,41217014,0.04300316164797025,0.0015747210300297593,baseline
41219165,41223542,41221353,0.039730079207745336,0.0016219377180817414,baseline
41223543,41228070,41225806,0.03848410976433656,0.0033594864191768244,baseline
41228071,41232336,41230203,0.04609332881477401,0.001437083536223325,baseline
41232341,41236936,41234638,0.04578828111657463,0.0021510077170759524,baseline
41236937,41244691,41240814,0.04599554951154644,0.002696374284845786,baseline
41244696,41255681,41250188,0.043386776170585714,0.0024132696599241557,baseline
41255683,41259941,41257812,0.03344679173966481,0.0034146752954852537,baseline
41259945,41263955,41261950,0.03895708055782092,0.0039010592452645683,baseline
41263963,41267839,41265901,0.04766917929537433,0.0020830481567844965,baseline
41267850,41271581,41269715,0.021245276839076534,0.005082738797617677,baseline
41271585,41275834,41273709,0.04178142974199831,0.003907456500718317,baseline
41275839,41281558,41278698,0.0376227834745373,0.004434569371933634,baseline
41281560,41285739,41283649,0.04222592684366009,0.0029107069890308627,baseline
41285750,41290343,41288046,0.038656878742084164,0.0009872607928495855,baseline
41290345,41294481,41292413,0.04141547790089149,0.0008767006881579459,baseline
41294482,41298328,41296405,0.038614996689827964,8.198413817164826e-05,baseline
41298329,41302633,41300481,0.040137818050729475,-0.0009396336795259839,baseline
41302636,41306932,41304784,0.03435642525767286,-0.001262833108945576,baseline
41306938,41310942,41308940,0.036940428990690014,0.0025486418401672547,baseline
41310944,41316177,41313560,0.04480910334747738,0.0019805244759522637,baseline
41316192,41320221,41318206,0.03997188407233817,0.0024856786134074354,baseline
41320236,41324210,41322223,0.03855362335609578,-0.0004108167434554157,baseline
41324213,41328165,41326189,0.00844813843645664,0.003959608869632338,baseline
41328167,41332149,41330158,0.045198036265972394,0.002056761224017181,baseline
41332151,41336161,41334156,0.042502841046010154,0.0024326798821484763,baseline
41336163,41340543,41338353,0.03629947520912419,0.002869110798112875,baseline
41340544,41345044,41342794,0.03392716454199115,0.0013973357378237624,baseline
41345045,41352700,41348872,0.032259241282057545,0.0014172591498588733,baseline
41352709,41356988,41354848,0.040410147095227465,-0.000587072338051911,baseline
41356990,41360912,41358951,0.03365973637633626,0.0006221740407956648,baseline
41360916,41365143,41363029,0.03864794271603981,0.0025966918415907454,baseline
41365150,41369590,41367370,0.03197141915121802,0.0024160008362114327,baseline
41369597,41374065,41371831,0.0398623658931663,-0.0015347867884436329,baseline
41374066,41378693,41376379,0.04390704353246085,0.0021216886142574162,baseline
41378697,41383363,41381030,0.04264600570183311,0.0023382179321691215,baseline
41383372,41390168,41386770,0.04113703152236529,0.00022910573739062784,baseline
41390170,41394621,41392395,0.026365877002713287,4.978482199250491e-05,baseline
41394622,41398943,41396782,0.03253189885621609,0.002571391864809894,baseline
41398946,41403349,41401147,0.03957971318118777,0.00273462988339405,baseline
41403354,41407418,41405386,0.044580233181658005,0.001420219156214091,baseline
41407419,41412273,41409846,0.04216859453359706,0.0021751877075832076,baseline
41412286,41419177,41415731,0.04378218629770325,0.0008003187820003399,baseline
41419195,41424590,41421892,0.04415826154598142,0.0008411341315284515,baseline
41424598,41428758,41426678,0.0442478601042788,1.5539658592905202e-05,baseline
41428760,41432947,41430853,0.04372898107149536,0.0022186359485680644,baseline
41432950,41436978,41434964,0.04242893414194993,0.001227212613363147,baseline
41436980,41441179,41439079,0.039409760339735866,-0.002069804338866542,baseline
41441181,41445356,41443268,0.036080118736231896,0.003555609088668592,baseline
41445357,41449404,41447380,0.03561114342601594,0.004063355745562004,baseline
41449405,41455411,41452408,0.0404493314851486,0.001036717930728808,baseline
41455418,41461144,41458281,0.04113023757966962,0.000656000791038916,baseline
41461148,41465490,41463319,0.042290367789951815,3.0319606110661243e-05,baseline
41465494,41469831,41467662,0.0156547611075359,0.002201957585982039,baseline
41469834,41474135,41471984,0.02977121987170633,-0.0008105959291543744,baseline
41474139,41479216,41476677,0.041174186046573635,0.002338415069654669,baseline
41479217,41484336,41481776,0.029424456922471066,0.0029431822084202276,baseline
41484343,41488608,41486475,0.034734874455131334,-0.002265403430857394,baseline
41488609,41492754,41490681,0.035440160982358485,0.0011326668886583186,baseline
41492755,41499399,41496077,0.04208710065339832,0.001393183504334703,baseline
41499404,41503691,41501547,0.039893395155960756,0.0007132912400846116,baseline
41503692,41512319,41508005,0.03971104073596817,0.0017229753464857002,baseline
41512328,41518822,41515575,-0.038259028237198164,0.008596475718598463,intermediate
41518828,41523539,41521183,0.014754227927135703,0.004662514944477782,baseline
41523544,41529812,41526678,0.040234232425030735,0.002211892038316743,baseline
41529818,41534074,41531946,0.02788193525031045,0.004608401560690322,baseline
41534076,41539061,41536568,0.0004912396835070052,0.0009088803460886393,baseline
41539064,41543080,41541072,0.03460038155106531,-0.0016482702701232153,baseline
41543086,41547445,41545265,0.023483851242207827,0.0026535569643382005,baseline
41547447,41551747,41549597,0.01414518484763318,0.003032271332454595,baseline
41551748,41556040,41553894,0.03294920442008613,0.0025516896247960307,baseline
41556043,41560201,41558122,0.02048187474517895,0.0028211526848333284,baseline
41560209,41564495,41562352,0.042652211332072656,0.00013272181808273036,baseline
41564496,41568980,41566738,0.003882180349275684,-0.005192123102785651,baseline
41568985,41573414,41571199,0.0373044581295664,0.002060548402085664,baseline
41573421,41577889,41575655,0.03935932188897523,0.0018806374747251952,baseline
41577893,41582464,41580178,0.036528469758369854,0.0019094837901743587,baseline
41582466,41586716,41584591,0.03042980044580115,0.0002760736173771572,baseline
41586719,41591055,41588887,0.03042626713392283,-0.0014468023548144442,baseline
41591058,41595083,41593070,0.025709947022174308,0.00023672880879498594,baseline
41595084,41599466,41597275,0.04144382961893488,0.0019404998696275733,baseline
41599479,41604834,41602156,0.03776624773682314,0.00046191935820649087,baseline
41604843,41609760,41607301,0.042871803520596156,0.0023396767424696168,baseline
41609761,41614504,41612132,0.03765488622314951,0.003221755777690679,baseline
41614507,41619020,41616763,0.041983764094934414,0.002130050995384185,baseline
41619028,41623219,41621123,0.04424449722111483,0.0012695298970660134,baseline
41623220,41627753,41625486,0.04423066029488961,0.0013295709787788724,baseline
41627756,41632035,41629895,0.030033207937305503,0.003469569976992003,baseline
41632038,41636358,41634198,0.03477136081503393,0.0020257937710681188,baseline
41636375,41640802,41638588,0.025956078990767253,0.002606786495830836,baseline
41640808,41645206,41643007,0.0391268048632937,0.002454562327991923,baseline
41645207,41649721,41647464,0.013143276478401413,0.004840331983320349,baseline
41649722,41654264,41651993,0.026436028604851943,0.0028277987272799982,baseline
41654267,41658863,41656565,0.012805373800033111,0.005403009353802775,baseline
41658868,41663154,41661011,0.006360107012934323,0.00461569750264519,baseline
41663155,41667609,41665382,0.03632751935249583,0.003362621190740588,baseline
41667611,41672148,41669879,0.0366170949188382,0.0030047070976978573,baseline
41672150,41676609,41674379,0.0366373011051852,0.0029556365987681845,baseline
41676610,41681230,41678920,0.032709297534579955,-0.0031656443851095927,baseline
41681233,41685812,41683522,0.02636691672930781,-0.001410143039356421,baseline
41685813,41691792,41688802,0.03499876372685579,0.0037459398371850272,baseline
41691798,41696529,41694163,0.026463727000875913,0.005017974159625373,baseline
41696532,41700808,41698670,0.04190999860343418,0.0021001877042634283,baseline
41700814,41705289,41703051,0.038657792694695714,0.00023420773188847165,baseline
41705293,41709658,41707475,0.03386024087925944,0.0032280416559594062,baseline
41709670,41714118,41711894,0.041933785503729885,0.0017741082005341218,baseline
41714124,41718568,41716346,0.023151043785250503,0.0021407896421050637,baseline
41718575,41722698,41720636,0.034905631154965235,0.0031643469594944016,baseline
41722705,41726845,41724775,0.03687842070161334,0.0009343066067219471,baseline
41726847,41730903,41728875,0.036306817733096484,0.0028411513760745665,baseline
41730909,41735529,41733219,0.04105542717178975,0.0017068082310514085,baseline
41735535,41739834,41737684,0.032575690604715976,0.0020146302232791373,baseline
41739835,41744005,41741920,0.0249586193503197,0.004509691043728497,baseline
41744006,41748083,41746044,0.02152011877866207,0.0034094366534007437,baseline
41748084,41752104,41750094,0.030481279397287116,0.0014491058703154011,baseline
41752109,41755986,41754047,0.02969851866174366,0.0031394993575637803,baseline
41755992,41760675,41758333,0.03706684390177685,0.0004117560237995677,baseline
41760680,41764894,41762787,0.035395799919093696,-0.0029393814550540917,baseline
41764895,41769181,41767038,0.03990212845152178,-0.003392165228096849,baseline
41769182,41773382,41771282,0.03516189217541075,-0.006500818133864791,baseline
41773387,41777576,41775481,0.029482046902158738,-0.0008720106869257562,baseline
41777580,41781630,41779605,0.025218734884638303,-0.00042555464535714926,baseline
41781631,41785738,41783684,0.04026013240059585,0.002202747147763702,baseline
41785739,41795008,41790373,0.04118175443778697,0.002420481813888118,baseline
41795012,41804368,41799690,0.03195025925254332,-0.005840125504515853,baseline
41804369,41808880,41806624,0.024739080944750056,0.0006913728074371653,baseline
41808883,41813168,41811025,0.041562689171534044,0.0018553683860289484,baseline
41813169,41818579,41815874,0.030591911689858222,0.002214062251932993,baseline
41818581,41822846,41820713,0.040437309780164625,0.0022038561859640433,baseline
41822849,41829590,41826219,0.03813972908345525,0.0003417766278275794,baseline
41829592,41848890,41839241,0.03541121812754527,-0.0015568042433062733,baseline
41848891,41853132,41851011,0.03991131067770771,-0.003264909371742015,baseline
41853135,41858170,41855652,0.03903974432666466,0.0005690293408099142,baseline
41858176,41862860,41860518,0.03710970790371201,0.0015599897481992692,baseline
41862873,41867544,41865208,0.03951930624434891,0.000935973449954545,baseline
41867547,41872030,41869788,0.0293533106188131,0.00021544614870629622,baseline
41872032,41876291,41874161,0.044771600519404424,0.0020214332314609815,baseline
41876302,41881038,41878670,0.044587725162566226,0.0014934651646909504,baseline
41881042,41886402,41883722,0.029188284531466557,0.0004150817825910433,baseline
41886403,41890343,41888373,0.04510015306078256,0.0016480562627898695,baseline
41890345,41894555,41892450,0.04294405780212258,0.0015755931270132226,baseline
41894560,41898924,41896742,0.036846488807576204,0.0004070769451976853,baseline
41898925,41903677,41901301,0.04106265397692621,0.0007280257758963887,baseline
41903678,41908076,41905877,0.03012868290188546,0.003511650734527445,baseline
41908077,41912622,41910349,0.03310423580748121,0.0021831204939803312,baseline
41912630,41917209,41914919,0.043659462206857055,0.002076967751461237,baseline
41917211,41921782,41919496,0.043692078574436966,0.0026409299603439734,baseline
41921785,41926298,41924041,0.040879017303364844,0.0025835546581708777,baseline
41926302,41930778,41928540,0.04329302101328862,0.001619274873825067,baseline
41930786,41935203,41932994,0.04198666698816175,0.0030238609789653183,baseline
41935204,41939530,41937367,0.04415986452121927,0.0031380733842639864,baseline
41939532,41943776,41941654,0.025217278817901024,-0.0024321591979358744,baseline
41943777,41947907,41945842,0.030449839169186886,0.002821841743644662,baseline
41947913,41952237,41950075,0.03345143231709361,0.0019891487022956544,baseline
41952238,41956269,41954253,0.04352044243199317,0.0028812861509593143,baseline
41956273,41960572,41958422,0.04332654664165221,0.0011251407214491692,baseline
41960575,41964768,41962671,0.03596859379924068,0.003215857186569167,baseline
41964776,41968896,41966836,0.04589287943037065,0.0026482776283112243,baseline
41968897,41973333,41971115,0.04440830885077837,0.002613652252648498,baseline
41973335,41978034,41975684,0.04232426224054986,0.0031776404509601024,baseline
41978041,41982130,41980085,0.031238851410910276,0.003958016826008452,baseline
41982131,41986309,41984220,0.041899782013620185,-0.0008303196343257097,baseline
41986314,41990534,41988424,0.0343276895034679,0.0024925396179524164,baseline
41990537,41994819,41992678,0.04377987272319614,0.0028270992113677024,baseline
41994822,42001085,41997953,0.035142325577947955,0.0031558915454719433,baseline
42001087,42005464,42003275,0.0346402038128108,0.002235377084485982,baseline
42005475,42010525,42008000,0.023340212395223946,0.0032593259239143005,baseline
42010526,42015031,42012778,0.040659266185142706,0.0023586237165929605,baseline
42015032,42019305,42017168,0.04056740947803504,0.0022424887104335947,baseline
42019307,42024173,42021740,0.04349415828587374,0.002787304451693385,baseline
42024175,42028585,42026380,0.046188574456548434,0.0009164971369350192,baseline
42028590,42032892,42030741,0.03988138518452721,-0.003679689171788606,baseline
42032904,42037244,42035074,0.02712300626875386,0.00027001916153750384,baseline
42037248,42041617,42039432,0.04270177483489795,0.0018857989924370901,baseline
42041622,42046344,42043983,0.036513022250050396,-0.0004479716383335369,baseline
42046359,42051107,42048733,0.03771613379224595,4.483794458034829e-05,baseline
42051108,42055970,42053539,0.027884838389630393,3.922999993409574e-05,baseline
42055979,42060729,42058354,0.007755972984374348,0.006110057179009581,baseline
42060730,42065484,42063107,0.041017512075804355,0.002891179774731976,baseline
42065485,42070147,42067816,0.04709619045088218,0.0019943384362301544,baseline
42070156,42074766,42072461,0.03356034959736135,0.0014194849529425874,baseline
42074774,42079182,42076978,0.04591356344780392,0.0013272148350912394,baseline
42079192,42083677,42081434,0.043482663025020726,0.0011346955740437728,baseline
42083678,42088190,42085934,0.036595921017402215,0.0038636519077722056,baseline
42088195,42094679,42091437,0.03378677547584022,0.0021817049468344217,baseline
42094682,42098919,42096800,0.046579669294828166,0.001087333742659109,baseline
42098922,42103133,42101027,0.04374227383747735,0.0017296413297094822,baseline
42103144,42107531,42105337,0.03391845518315327,-0.0002812202067857062,baseline
42107536,42113024,42110280,0.03531792973218921,0.0021925506283694434,baseline
42113026,42117323,42115174,0.045561244076996056,0.0016745992877364201,baseline
42117326,42121540,42119433,0.03915121270499655,0.0016586846148908569,baseline
42121546,42126145,42123845,0.04411672930931527,0.002902179203202335,baseline
42126146,42131038,42128592,0.04022888417819539,0.0007842643089132321,baseline
42131039,42149599,42140319,0.008162520317978754,-0.003683701849362698,baseline
42149600,42155108,42152354,0.02520929126417727,-0.0010215380440723866,baseline
42155117,42159260,42157188,0.036769899172735515,0.0005574677737279997,baseline
42159263,42163788,42161525,0.045511993021415245,-0.0012708570447028179,baseline
42163789,42168091,42165940,0.03912275095114583,0.0016404123472746012,baseline
42168095,42172389,42170242,0.028208848992343393,0.004897703276271609,baseline
42172393,42177230,42174811,0.045189713714594716,0.001964668578613873,baseline
42177234,42182003,42179618,0.04545454236568816,0.001381143337960437,baseline
42182004,42186585,42184294,0.04212802829333394,0.0028616735993504112,baseline
42186590,42191236,42188913,0.043697133430372716,0.0014522032045526123,baseline
42191237,42195806,42193521,0.04178216525172988,0.0009944810923066044,baseline
42195807,42200534,42198170,0.04530221497628984,0.0010079187779990862,baseline
42200536,42205751,42203143,0.04624743273402812,0.0012300683151550194,baseline
42205756,42210428,42208092,0.04138812846386077,0.0017739616110317828,baseline
42210432,42214887,42212659,0.043657038932469514,0.0023368498089957725,baseline
42214888,42219612,42217250,0.04055777332883378,0.0021636192181574373,baseline
42219614,42224179,42221896,0.044545653927082395,-0.0005555492870166753,baseline
42224180,42229366,42226773,0.03781888894696466,-0.0030978957718328457,baseline
42229369,42234093,42231731,0.042650153676215136,0.001831869706653111,baseline
42234099,42239389,42236744,0.04436796000513766,0.0009186619534556495,baseline
42239390,42244099,42241744,0.04207633873080091,0.002657124636889921,baseline
42244100,42248847,42246473,0.04443352705328375,0.0016023355723400554,baseline
42248853,42253774,42251313,0.04187825827301715,-2.7714534867603146e-05,baseline
42253777,42258346,42256061,0.04347361630501769,0.0016077715368657969,baseline
42258347,42263132,42260739,0.04344509919179373,-0.0003925244286394404,baseline
42263138,42267774,42265456,0.04153517274224759,0.0021058022856496,baseline
42267791,42272223,42270007,0.04306781379558666,0.0021018483064971344,baseline
42272233,42276759,42274496,0.043913297643853315,0.0023045511314225735,baseline
42276772,42281480,42279126,0.04367314604949457,0.0020606260330707114,baseline
42281482,42286056,42283769,0.044304314723505954,0.0027157593832126156,baseline
42286062,42290702,42288382,0.040034208839047784,0.002309645010305841,baseline
42290705,42295910,42293307,0.043766285435580414,0.0024395351753246698,baseline
42295922,42300730,42298326,0.045038236162269506,0.002566688363522127,baseline
42300732,42305295,42303013,0.04012581021416655,0.002592046977115482,baseline
42305299,42309729,42307514,0.0447440091312209,0.0012751766060685077,baseline
42309736,42314549,42312142,0.0450353558739165,0.0014027769207262137,baseline
42314553,42319653,42317103,0.046685107952647305,0.0013404096031180153,baseline
42319656,42324515,42322085,0.034008933541072144,0.002580279561033421,baseline
42324529,42329281,42326905,0.034862325090263574,-0.0008318773546131162,baseline
42329285,42333999,42331642,0.016936460587432006,-0.002682240960623077,baseline
42334014,42339114,42336564,0.0432623911039802,0.000806586676831935,baseline
42339115,42344929,42342022,0.03681288193039607,0.0030981497309235722,baseline
42344931,42350968,42347949,0.04384078309715427,0.001590884310137908,baseline
42350973,42355664,42353318,0.032318577545572956,0.0038898108825408313,baseline
42355680,42360640,42358160,0.029415806958885658,0.003253468634719669,baseline
42360642,42365238,42362940,0.0360658739868895,0.0032493000506139237,baseline
42365248,42372675,42368961,0.0395071689321209,0.0033092140059156564,baseline
42372697,42379136,42375916,0.03548009633418103,0.0037705915920677588,baseline
42379139,42385543,42382341,0.03907067248467443,0.0023354741357721072,baseline
42385544,42390640,42388092,0.03947599440687556,0.0021543627701157766,baseline
42390642,42395207,42392924,0.03278992291848149,0.0031093117255705576,baseline
42395209,42400070,42397639,0.04501604655799345,0.0015841833878677497,baseline
42400083,42405136,42402609,0.04306909777184726,0.002409177892593684,baseline
42405143,42410720,42407931,0.044669747589032846,0.002021292301691538,baseline
42410721,42415504,42413112,0.04294336244443277,0.0019645798223821525,baseline
42415506,42420308,42417907,0.04233415858117066,0.000861539174008357,baseline
42420313,42425005,42422659,0.04061227395873203,0.001453835326427561,baseline
42425007,42429512,42427259,0.029865480496887937,0.0029308032765057177,baseline
42429518,42434028,42431773,0.041633612217409174,0.0007998561094766997,baseline
42434032,42438662,42436347,0.04102107417300212,0.0030271836216826573,baseline
42438664,42443307,42440985,0.040429965922599065,0.00025410720315842145,baseline
42443308,42447754,42445531,0.032921872965038027,-0.00048028585476997545,baseline
42447756,42453389,42450572,0.04433104504712609,0.0023930585362144535,baseline
42453403,42457980,42455691,0.040258403632872496,0.0019661130662583315,baseline
42457982,42462873,42460427,0.030579755520339126,0.003896182637746598,baseline
42462874,42467588,42465231,0.02679551048711801,0.002858106533702368,baseline
42467592,42472747,42470169,0.040300554796803896,0.002528649941980669,baseline
42472748,42477383,42475065,0.04547175197136691,0.0018021185290532174,baseline
42477387,42482424,42479905,0.04435342597974147,-0.0016235567408159964,baseline
42482429,42486963,42484696,0.028938157545085306,0.00488596353210902,baseline
42486966,42494442,42490704,0.04409848286149772,0.0018304330140854694,baseline
42494448,42502167,42498307,0.045426350680320096,0.002072602344728772,baseline
42502170,42507330,42504750,0.03539415344897277,0.000746978643622113,baseline
42507333,42514122,42510727,0.03671937103149412,-0.0003327217902014991,baseline
42514124,42519282,42516703,0.04482533936874398,0.0010603343110453275,baseline
42519290,42525600,42522445,0.04520728185266879,0.0014499995281655753,baseline
42525602,42530527,42528064,0.044268221745900664,-0.0003294527999668389,baseline
42530534,42534878,42532706,0.04510817854582401,0.0018532398109664114,baseline
42534887,42539103,42536995,0.0433575703068931,0.00030955599248497646,baseline
42539104,42543429,42541266,0.03846794221302269,0.00048270806318488656,baseline
42543431,42548519,42545975,0.04302061167168695,-0.0017457957123296316,baseline
42548532,42555353,42551942,0.03282062838848599,-0.0019138456541053328,baseline
42555363,42560212,42557787,0.04514567283389939,0.00015009740986712692,baseline
42560217,42564952,42562584,0.037938009805066335,-0.003432449733724968,baseline
42564960,42569907,42567433,0.04414852549210544,-0.0006811354271659294,baseline
42569911,42574876,42572393,0.03175050479726971,-0.0001250780295843114,baseline
42574880,42579990,42577435,0.02668660698016609,-0.0009486198012489239,baseline
42579993,42584216,42582104,0.028152816108383275,0.002988288962261919,baseline
42584220,42588908,42586564,0.04016840872190451,-0.0011354984177988309,baseline
42588914,42593155,42591034,0.03148857355479837,0.003257380428448465,baseline
42593159,42597493,42595326,0.03438964910003885,0.0035442123411193686,baseline
42597502,42602170,42599836,0.03621204250417176,-0.0008629097128795194,baseline
42602180,42606294,42604237,0.030595441567349228,-0.0004005322943456502,baseline
42606296,42610639,42608467,0.0345000936271834,0.0031501595201664286,baseline
42610641,42615296,42612968,0.03581836047741029,0.0035695551452194618,baseline
42615302,42619482,42617392,0.04537424290289287,0.0020610565401963563,baseline
42619490,42624002,42621746,0.039883093560188314,0.002706402875401768,baseline
42624004,42628121,42626062,0.0380810826520333,0.0029816903970839065,baseline
42628122,42632283,42630202,0.042168251598543476,0.0011140487776643373,baseline
42632290,42636894,42634592,0.04285744721031125,0.002774056405867613,baseline
42636895,42642823,42639859,0.04426461708644275,0.0017079615667502399,baseline
42642826,42647832,42645329,0.04359042533875186,0.000756053818604737,baseline
42647834,42652030,42649932,0.041724650201317104,-5.1731082809712785e-05,baseline
42652031,42658159,42655095,0.04581519510515513,0.001658899899729157,baseline
42658162,42662745,42660453,0.04262942365638638,-0.0008549664246121554,baseline
42662748,42671075,42666911,0.04321731388999693,0.0005625121392820469,baseline
42671076,42677313,42674194,0.04518360003947446,0.0011915124220064782,baseline
42677314,42682224,42679769,0.04451565828142243,0.0009471574319664597,baseline
42682225,42687675,42684950,0.015829503708567134,0.000930604400927834,baseline
42687676,42693480,42690578,0.0027316276109026413,-0.006305879793408907,baseline
42693483,42700018,42696750,0.035518336031732704,0.0002412084535009401,baseline
42700019,42708071,42704045,0.042792337145290446,0.0022312737393934204,baseline
42708072,42712794,42710433,0.03586170758035495,0.003869990086559256,baseline
42712795,42717954,42715374,0.027799461219626048,0.0053310604104590915,baseline
42717958,42722617,42720287,0.029117021170443087,0.005145434972873907,baseline
42722618,42727143,42724880,0.027828685993599264,0.0033171232505259966,baseline
42727147,42731577,42729362,0.04547987826697111,0.001991589799182988,baseline
42731578,42737533,42734555,0.038078451448511075,0.0015975301302615587,baseline
42737536,42742077,42739806,0.03851423590617493,0.00042449244673792286,baseline
42742078,42747073,42744575,0.02567519021835962,-0.002313851379506874,baseline
42747074,42752021,42749547,0.0331744449599921,0.000708416895170987,baseline
42752027,42756745,42754386,0.041774323993450914,0.0009903734819414285,baseline
42756748,42761628,42759188,0.03406175941378969,0.0014078184484619556,baseline
42761637,42766237,42763937,0.04235260017169795,0.0025648907127757722,baseline
42766242,42770617,42768429,0.04074449332089588,0.0026587616475527874,baseline
42770620,42775349,42772984,0.03796274650220877,0.002432334290501492,baseline
42775351,42783807,42779579,0.024758302252521337,0.0030660507642126036,baseline
42783808,42790285,42787046,0.03592668275484901,0.0018658965783584676,baseline
42790287,42795313,42792800,0.015925139435537996,-0.005419236608669436,baseline
42795322,42800465,42797893,0.02134448857726335,0.002037499486287243,baseline
42800469,42806400,42803434,0.03691163011282454,-0.001891025606484569,baseline
42806405,42810616,42808510,0.028191655703773737,0.0029943207930380814,baseline
42810618,42821456,42816037,0.045100574851288384,0.0006490700656942473,baseline
42821460,42826825,42824142,0.04308935804325918,0.0014967764237143444,baseline
42826827,42831389,42829108,0.04466229277144035,0.0006397005239851941,baseline
42831391,42835715,42833553,0.0446417109263644,0.001968285252596361,baseline
42835726,42840987,42838356,0.045210477515751864,0.0012888332863743546,baseline
42841006,42845997,42843501,0.031063313109645208,-7.048348008201934e-05,baseline
42845998,42850869,42848433,0.023138268617917356,-0.0021390650469032928,baseline
42850873,42856521,42853697,0.035052624709394825,-0.0006418863297169505,baseline
42856540,42861310,42858925,0.045103909961853976,0.0014422481937852456,baseline
42861317,42866279,42863798,0.023461763798121555,-0.002641863586329884,baseline
42866282,42870978,42868630,0.04053771851969313,0.0003333288906185149,baseline
42870999,42876655,42873827,0.029933808981880982,-0.0028811028574330273,baseline
42876658,42881438,42879048,0.046874121955048656,0.0013009812390191423,baseline
42881439,42886549,42883994,0.030443935844578295,-0.003008740997341527,baseline
42886562,42892713,42889637,0.03204954297728509,-0.0010482500182511076,baseline
42892717,42897250,42894983,0.04104985501485449,0.00029432143662306263,baseline
42897251,42901852,42899551,0.038262689114107476,-0.001640177726708357,baseline
42901853,42906352,42904102,0.04242217295858561,0.0002588112637947136,baseline
42906360,42911252,42908806,0.03716829892126092,-0.0012427583550762514,baseline
42911253,42916485,42913869,0.04084921253122739,0.0008194141218766551,baseline
42916486,42921253,42918869,0.04245354898030877,0.0018201010453049189,baseline
42921262,42925845,42923553,0.04431635955068601,0.000852561234515482,baseline
42925847,42930183,42928015,0.045518805007239455,0.002135834508918237,baseline
42930186,42934441,42932313,0.04088275915020224,0.0013941599189960523,baseline
42934445,42938853,42936649,0.04255861152733335,0.00018398031352027358,baseline
42938855,42944965,42941910,0.04198087298829216,6.161114260216324e-05,baseline
42944979,42949566,42947272,0.04318165370003642,0.001825482166093051,baseline
42949574,42954142,42951858,0.03836353833559101,-0.0007044817161548831,baseline
42954143,42958680,42956411,0.03334852370180712,-0.0015123383893496823,baseline
42958682,42964203,42961442,0.028748985194975596,-0.00019328021269236602,baseline
42964206,42969017,42966611,0.006284627521888464,-0.006767366488043694,baseline
42969018,42974006,42971512,0.005191193783735939,-0.007490563022653026,baseline
42974017,42978636,42976326,0.02494914331559175,0.002606870513742291,baseline
42978640,42983310,42980975,0.019115006176248724,-0.001333434406230202,baseline
42983314,42988161,42985737,-0.006914954882565113,-0.0073502605377394545,intermediate
42988164,42994440,42991302,-0.003212149099696897,-0.005521657802121049,baseline
42994445,42999097,42996771,0.000887077410478828,-0.0016947749019341025,baseline
42999098,43003284,43001191,0.008526434048920426,-0.0015330234454447105,baseline
43003286,43008315,43005800,0.03221442823705776,0.0032159395524038706,baseline
43008316,43013123,43010719,0.03809195436030029,0.0007483996056329885,baseline
43013129,43017635,43015382,0.036391320544863257,0.0011148673505778433,baseline
43017642,43023276,43020459,0.028052164301161697,0.00037878864124243813,baseline
43023280,43028289,43025784,0.03523904760524825,0.003164953631782489,baseline
43028292,43032394,43030343,0.02477945531936324,0.004254582985719931,baseline
43032397,43037212,43034804,0.03755205781596261,0.001988750817665686,baseline
43037215,43041651,43039433,0.029641291198321373,-0.007426980355566042,baseline
43041653,43047069,43044361,0.02656236415813532,-0.00242602616304834,baseline
43047071,43056215,43051643,0.030114806508991083,0.0010970419099029763,baseline
43056223,43061257,43058740,-0.0072870803181126,0.006657472343838915,intermediate
43061258,43073224,43067241,-0.005021870609592838,-0.0027312248913926016,intermediate
43073231,43086330,43079780,-0.038100636625726436,-0.00804449605719301,intermediate
43086331,43188837,43137584,0.03362176579376774,0.001663582447292118,baseline
43188843,43194554,43191698,0.03346416300431948,0.002949295819048217,baseline
43194557,43201171,43197864,0.015306474567979438,-0.0028787712272577643,baseline
43201176,43206912,43204044,0.028569426817778014,0.0012778359942174679,baseline
43206913,43211957,43209435,-0.012245947401208152,-0.0004033417272865279,intermediate
43211958,43216627,43214292,0.02433785521366584,0.00232189556988151,baseline
43216630,43242454,43229542,0.028271777995826988,0.00030488181632976687,baseline
43242470,43247642,43245056,0.0346737816608176,0.00045271132830173786,baseline
43247645,43253505,43250575,0.015066688064974264,0.0002771223703516267,baseline
43253511,43258493,43256002,0.04239197968333211,0.0023078020198319072,baseline
43258495,43268804,43263649,0.004822048206124319,0.0005823238856726385,baseline
43268810,43274088,43271449,0.03582575923358652,-0.002634827228032833,baseline
43274089,43278617,43276353,0.03711974238747587,-0.006176277412429966,baseline
43278619,43283386,43281002,-0.012212665984798886,0.0053733471569053955,intermediate
43283391,43287848,43285619,0.031751196125610635,-0.0026421025177006743,baseline
43287852,43292643,43290247,0.034722232370863526,-0.0031034982609830773,baseline
43292646,43298978,43295812,0.028149729628345686,-0.006816381377172103,baseline
43298982,43304953,43301967,0.0429113958349771,-0.002906653222757331,baseline
43304957,43310849,43307903,-0.046715620628175754,-0.0032975918013695015,intermediate
43310850,43315367,43313108,0.03950595181274797,0.0006215463445060325,baseline
43315372,43320918,43318145,0.03258295019973261,0.00415818103465648,baseline
43320921,43326803,43323862,0.015311434940526648,0.003629837570433886,baseline
43326808,43331602,43329205,0.037986860309160264,0.0023945732404189813,baseline
43331604,43336371,43333987,0.04105568031982507,0.002726145630654839,baseline
43336373,43342125,43339249,0.040345760990123325,0.0011196480797342663,baseline
43342127,43347219,43344673,0.03946139209511906,-0.0018123970301407277,baseline
43347223,43359043,43353133,-0.008523631583982883,0.008648597657011278,intermediate
43359047,43363715,43361381,0.01480711759918226,0.0022016952898232297,baseline
43363719,43368823,43366271,0.03471171039320322,0.0032579703333257422,baseline
43368825,43373288,43371056,0.017546404077309855,-0.0002900373913518519,baseline
43373291,43378704,43375997,0.030522711218668473,0.002868186270217864,baseline
43378707,43386976,43382841,0.040084380885847745,0.0022048088602309866,baseline
43386980,43393207,43390093,0.04309163440308078,0.0019908686227474415,baseline
43393216,43400214,43396715,0.04286756568641455,-0.0004737431508765925,baseline
43400228,43406789,43403508,0.04071089247225354,0.0008440735625379452,baseline
43406792,43413137,43409964,0.009650790249630618,0.0017527648826914412,baseline
43413140,43418145,43415642,0.023573279725348582,-0.000659418837036528,baseline
43418146,43422961,43420553,0.022346556829042612,0.0038623519958927103,baseline
43422962,43427677,43425319,0.02643091582899043,0.0022219345030078646,baseline
43427679,43432813,43430246,0.042437031530802936,-0.0005066928704962346,baseline
43432815,43438135,43435475,-0.009919283340459504,0.0015250944524685644,intermediate
43438136,43446183,43442159,0.028622980419656757,0.0021374971425502263,baseline
43446184,43451417,43448800,0.011264394321272882,0.0006789483277805882,baseline
43451420,43456696,43454058,-0.0024856558857759875,0.005925179921724456,baseline
43456697,43461444,43459070,0.04455456420366301,0.0017862916109755347,baseline
43461445,43467412,43464428,0.023608598815320136,0.0038848134372985806,baseline
43467413,43471871,43469642,0.020114870262696687,0.0022798051859621955,baseline
43471873,43476454,43474163,0.009456133371531275,0.00014636099808710716,baseline
43476473,43481423,43478948,0.0036668409660517614,-0.005512683427735798,baseline
43481430,43492203,43486816,0.03568110217604236,0.0009899505224196055,baseline
43492204,43497063,43494633,0.03931845584775281,0.0003763722093235987,baseline
43497065,43501573,43499319,0.045215655616843625,0.00235156483967034,baseline
43501583,43507027,43504305,0.043490731734471516,0.0010652155475931132,baseline
43507029,43511538,43509283,-0.016789411838889826,0.005184297771207778,intermediate
43511540,43516106,43513823,0.02817351796562009,-0.003872857534934022,baseline
43516115,43520708,43518411,0.04447527291909382,0.001479775267973523,baseline
43520709,43527507,43524108,0.03518451156923297,0.0002530231508529636,baseline
43527516,43532425,43529970,0.030244800847433636,0.0006151524236323522,baseline
43532445,43536861,43534653,0.03951634369384634,-0.002863621333016723,baseline
43536867,43542189,43539528,0.037374382329788305,-0.0010950155552153797,baseline
43542192,43546910,43544551,0.03473651388865393,-0.0007091976776441153,baseline
43546915,43551332,43549123,0.012103249879125302,-0.006059995175097386,baseline
43551351,43558952,43555151,0.023195415433764247,-0.004605177209331498,baseline
43558955,43563678,43561316,-0.012644467829454647,-0.0068932298283548524,intermediate
43563679,43568934,43566306,0.003299274700429816,-0.0073983606914229125,baseline
43568940,43573733,43571336,0.009766941497728726,-0.00047496005626060356,baseline
43573736,43582054,43577895,-0.004794911088692635,-0.0039366389673839595,intermediate
43582064,43587201,43584632,0.036077899867435176,-0.007052902258577986,baseline
43587210,43592206,43589708,0.02051093718095448,-0.013973839296635053,baseline
43592221,43598372,43595296,0.029808940445661004,0.0016885746277026843,baseline
43598373,43603540,43600956,0.02586902838950471,0.0014154665679290857,baseline
43603541,43610794,43607167,0.042179186218724546,-0.001570957495047228,baseline
43610915,43618251,43614583,0.04052201403970106,0.0018054949989053971,baseline
43618252,43623315,43620783,0.04257465481738479,0.0005896207683577077,baseline
43623320,43628084,43625702,0.03231484072757623,0.0021585621112814144,baseline
43628086,43633736,43630911,0.04548523634103548,0.0017629318308622504,baseline
43633738,43638156,43635947,0.021211392630502205,0.0013450930275896535,baseline
43638160,43643783,43640971,0.04195910202373656,0.0010200965910932792,baseline
43643784,43649476,43646630,0.043065768892440265,0.00198944823896711,baseline
43649480,43654208,43651844,0.038601117148511846,0.0019439075593362233,baseline
43654209,43659630,43656919,0.03247172559442326,-0.0014996418481841441,baseline
43659637,43664131,43661884,0.03233082875290396,-0.007396142156014065,baseline
43664134,43669356,43666745,0.013488609376304462,-0.019214833720868053,baseline
43669362,43677229,43673295,0.02165706366905815,-0.019783076796664054,baseline
43677232,43683830,43680531,0.040230118479962926,-0.012746120299785882,baseline
43683833,43689250,43686541,0.01619173236421437,-0.013890436521502292,baseline
43689256,43694265,43691760,0.014680208636782684,-0.017351466140106648,baseline
43694272,43699618,43696945,0.027662612596357238,-0.011411957333666447,baseline
43699623,43704656,43702139,0.020937880147809215,-0.0028564060436394364,baseline
43704660,43709268,43706964,0.01894677898319496,0.004571739284882666,baseline
43709271,43713868,43711569,0.04372562554718525,0.0015735307988390846,baseline
43713870,43720737,43717303,0.04448240067639675,0.0014761635675403391,baseline
43720739,43725322,43723030,0.04007650003402057,-0.0004622273763667517,baseline
43725323,43730025,43727674,0.03472934653083222,0.002973924531834924,baseline
43730034,43734269,43732151,0.04238994771858738,0.0005193320392642572,baseline
43734279,43750751,43742515,0.0349038514505116,-0.0005419023746495176,baseline
43750752,43755394,43753073,0.03380785141736931,-0.0023221932777839744,baseline
43755399,43760100,43757749,0.0387362557024396,-0.005311941019053511,baseline
43760115,43764742,43762428,0.039563581006123026,0.0020121188118094957,baseline
43764751,43769533,43767142,0.04220953924288828,0.0014769045027584345,baseline
43769539,43774820,43772179,0.03592154951558795,-0.007162544502941516,baseline
43774828,43779447,43777137,0.03764016873254517,-0.0014852262845384077,baseline
43779451,43783798,43781624,0.029629187783525156,-0.004572853017619603,baseline
43783799,43788227,43786013,0.013714606388372259,0.003250469249023454,baseline
43788229,43792625,43790427,0.03834378622443233,0.0026912586778813177,baseline
43792629,43797088,43794858,0.044405439477733774,0.0007159455691361276,baseline
43797090,43801532,43799311,0.040547298889745655,0.0017770290573580548,baseline
43801540,43806094,43803817,0.036297432176218496,0.0027694032028676412,baseline
43806097,43810572,43808334,0.03439793796946151,0.0028397942030181905,baseline
43810576,43814642,43812609,0.0290392443645033,0.0007353746732022389,baseline
43814645,43819261,43816953,0.035718747981894776,6.813434535343386e-05,baseline
43819262,43823980,43821621,0.045284483167573074,-4.641533243034268e-05,baseline
43823992,43828649,43826320,0.04550114357170595,0.000596799174201704,baseline
43828651,43837440,43833045,0.040600972196723796,0.0027389941714074688,baseline
43837446,43841817,43839631,0.038292721154922486,-0.0012556686363082855,baseline
43841820,43846348,43844084,0.04472174778082153,0.0013369419978979489,baseline
43846349,43850548,43848448,0.04464516165489695,-0.0002445299078987106,baseline
43850550,43855297,43852923,0.04146923880558255,0.0030407537771739695,baseline
43855298,43860515,43857906,0.03695909922135806,-0.0035571318085382596,baseline
43860518,43876265,43868391,0.034824266282195745,0.002200712371300108,baseline
43876268,43882588,43879428,0.03916334500270744,0.0013484940092092737,baseline
43882591,43899226,43890908,0.045549495545039266,0.0015380193003387732,baseline
43899235,43905304,43902269,0.04179938740565867,-0.0012011428406678208,baseline
43905306,43910998,43908152,0.04398070466476291,0.000909481911511122,baseline
43911012,43918735,43914873,0.045614543255117976,-0.0017791745646625096,baseline
43918742,43923962,43921352,0.015380003400449468,-0.009489035636569686,baseline
43923964,43931386,43927675,0.01627761396972645,-0.006138719260943118,baseline
43931388,43937014,43934201,0.03917620196966412,0.0029683747743010826,baseline
43937015,43944790,43940902,0.04255625423225868,-0.00047872327745632345,baseline
43944795,43952654,43948724,0.04287892822275692,0.0015302008468426355,baseline
43952655,43966076,43959365,0.043499543265652016,-0.006144797126302156,baseline
43966077,43971467,43968772,0.04536071779526038,-0.001639830510404895,baseline
43971489,43980957,43976223,0.04922393416749523,-0.0010421718385930801,baseline
43980958,43986091,43983524,0.04757698373224084,0.00018017009919713402,baseline
43986100,43991097,43988598,0.022659954211867762,0.006137301721606144,baseline
43991102,43998957,43995029,0.03478127890603917,0.0029237803551291435,baseline
43998959,44003738,44001348,0.043469709100219765,0.002217480564254943,baseline
44003739,44008792,44006265,0.04445380662900644,0.00016077232901253447,baseline
44008803,44013804,44011303,0.04354791541831036,0.0023275425533994796,baseline
44013807,44017905,44015856,0.04668322753784835,0.00233295626545092,baseline
44017909,44023106,44020507,0.04138742953200206,-2.749112212986539e-05,baseline
44023110,44030117,44026613,0.04788894243914724,-5.7528059952550725e-05,baseline
44030122,44034544,44032333,0.04691018273708629,0.0013281936843312363,baseline
44034548,44039587,44037067,0.041434525929308096,0.003114236056806387,baseline
44039593,44044078,44041835,0.04220114589077095,0.00015937514688025214,baseline
44044085,44048465,44046275,0.043091163598021114,0.0010298370365807007,baseline
44048467,44053122,44050794,0.03246947375207491,0.00010487023219678317,baseline
44053128,44057805,44055466,0.04299941736108082,0.0007586710763253439,baseline
44057818,44062281,44060049,0.039455260680739936,0.0008258945982003794,baseline
44062282,44067057,44064669,0.02354793781733537,0.0035167467329831406,baseline
44067058,44071834,44069446,0.02547821348226143,0.00234191152479781,baseline
44071835,44076220,44074027,0.036710865718576714,0.00047376046057217495,baseline
44076224,44087702,44081963,0.035766333169775066,0.00048066885733269064,baseline
44087705,44092367,44090036,0.03160902768149277,-0.0014436367118148084,baseline
44092369,44096743,44094556,0.024907405567643533,-0.002032790801033114,baseline
44096744,44101261,44099002,0.030144991038064325,-0.0017308713672444685,baseline
44101263,44105586,44103424,0.043038987306653065,-0.001508242072868611,baseline
44105589,44109857,44107723,0.0435881301547113,-0.00025152573481947366,baseline
44109860,44114302,44112081,0.024542761007906495,0.00047364272292005073,baseline
44114330,44119015,44116672,0.035448017834116635,-0.0015257562900740965,baseline
44119018,44123608,44121313,0.03199307636721897,0.00033422284895217837,baseline
44123609,44127695,44125652,0.044579325744641546,0.0017553277857663351,baseline
44127705,44133662,44130683,0.03933154453371403,0.0016333603089105388,baseline
44133663,44137982,44135822,0.039838364962780294,0.0005925924714983991,baseline
44137984,44142370,44140177,0.04536737438318625,0.001345640877421146,baseline
44142373,44146551,44144462,0.04582139515043248,-0.0001041797294328993,baseline
44146558,44150981,44148769,0.04469084292259117,0.0022552943871974765,baseline
44150987,44155044,44153015,0.02863494308116659,0.0008333794283467753,baseline
44155050,44159203,44157126,0.04581840198966808,0.0023073033309421067,baseline
44159209,44163335,44161272,0.04583640367121597,0.001384767420207404,baseline
44163337,44167591,44165464,0.0422373531836079,0.0012995453335843932,baseline
44167594,44171819,44169706,0.04640224514305834,0.001763705008514604,baseline
44171822,44176510,44174166,0.04402052598565253,0.0013661373606649475,baseline
44176514,44181191,44178852,0.04513404691386584,0.0021221588129052373,baseline
44181198,44185602,44183400,0.04409145592992452,-0.002734429511048587,baseline
44185605,44190056,44187830,0.045042719757445095,0.0020170792559510782,baseline
44190057,44194425,44192241,0.04608342881610357,0.0010607172164436903,baseline
44194426,44199017,44196721,0.04486928701118988,0.0013526818484796996,baseline
44199019,44203623,44201321,0.043367080190506814,0.0011062323468463626,baseline
44203624,44207730,44205677,0.04572052234473215,0.0015273250078659257,baseline
44207732,44212169,44209950,0.034884409313505955,-0.00019900816954213576,baseline
44212172,44216508,44214340,0.026967846102383213,0.0019062913929352937,baseline
44216512,44222202,44219357,0.03871490234413546,-0.002365675300527725,baseline
44222203,44226433,44224318,0.033678934469961765,0.0017050944488691767,baseline
44226434,44231102,44228768,0.04078810459144246,0.0010375678381459327,baseline
44231106,44235323,44233214,0.043452326706136336,0.0020741594458972964,baseline
44235324,44239662,44237493,0.03687237133854707,-0.0006023946645181615,baseline
44239664,44244116,44241890,0.044540722694276065,0.0011491041837061232,baseline
44244117,44248506,44246311,0.03579207117640089,0.0040356430751576,baseline
44248516,44252913,44250714,0.03990646898189299,-0.0010308803183489712,baseline
44252916,44257057,44254986,0.03980941188277527,0.0014206266203424152,baseline
44257059,44261230,44259144,0.044622035855389264,0.0017609130820989886,baseline
44261231,44265762,44263496,0.04492747213207843,0.001628197625577646,baseline
44265764,44270238,44268001,0.042392538463560246,-0.0001689866688558763,baseline
44270244,44274422,44272333,0.04407034174164858,0.0018276412091296867,baseline
44274424,44278944,44276684,0.040872593605754015,0.002602660549409129,baseline
44278955,44283312,44281133,0.04281540147332572,2.019874111431956e-05,baseline
44283324,44287584,44285454,0.03986574192595265,0.0025199185054614326,baseline
44287585,44291738,44289661,0.039532620625908656,0.0031285266203613534,baseline
44291744,44296137,44293940,0.0370033233967495,0.003585426930856813,baseline
44296138,44300247,44298192,0.039816287074175276,0.002542311518618263,baseline
44300248,44304362,44302305,0.03037373116162263,0.001421118063236863,baseline
44304363,44308608,44306485,0.039233839412658525,0.0024297667139451117,baseline
44308610,44312566,44310588,0.044818953425469404,0.002227595230642224,baseline
44312572,44317308,44314940,0.035637973055964466,0.002386219241809131,baseline
44317318,44321728,44319523,0.04102209180618807,-0.00030868615963405496,baseline
44321729,44327113,44324421,0.0374543648205484,-0.0015414679049616199,baseline
44327119,44331818,44329468,0.03828648923139917,0.003269827577870459,baseline
44331828,44336016,44333922,0.038512668423660606,0.0010112893123410901,baseline
44336028,44340323,44338175,0.0436462693433624,0.001446997259058829,baseline
44340328,44345265,44342796,0.041299957311337836,0.001719950814656322,baseline
44345270,44349832,44347551,0.018660468297293616,0.00611813997626964,baseline
44349837,44354709,44352273,0.0362911760857691,0.0017718048732181008,baseline
44354714,44359179,44356946,0.03750228017021971,0.003454283524173725,baseline
44359187,44363505,44361346,0.028885485713534848,-0.003546579280425731,baseline
44363507,44367822,44365664,0.028781304364151068,-0.0013777956234140535,baseline
44367826,44373091,44370458,0.015449020167694264,-0.00240339543183678,baseline
44373094,44377672,44375383,0.025620502714861826,-0.0008047875642057648,baseline
44377673,44382087,44379880,0.03446288091794095,0.0013739953291801513,baseline
44382090,44386658,44384374,0.017826567337655846,0.0027901202042874937,baseline
44386663,44391320,44388991,0.03160192047456341,0.003738860362701315,baseline
44391324,44397895,44394609,0.02362113307170336,0.004041166390808656,baseline
44397897,44402861,44400379,0.035432125745815106,0.0021779792693872035,baseline
44402863,44408179,44405521,0.02858646152201373,0.0032951278433381082,baseline
44408182,44413015,44410598,0.03462940242261064,0.0016179952583836232,baseline
44413017,44417504,44415260,0.03573510691231176,0.0027738467033372074,baseline
44417506,44422221,44419863,0.03637511782095476,0.0027062232638788205,baseline
44422222,44426630,44424426,0.038525205147745,-0.0016847050116257218,baseline
44426637,44431441,44429039,0.03778972710941845,-0.0003309518627603795,baseline
44431442,44436433,44433937,0.038372975733891986,-6.963020670067834e-05,baseline
44436441,44441142,44438791,0.04489610540273223,0.000844835439447872,baseline
44441143,44446643,44443893,0.0418055087060294,0.0025474235212287833,baseline
44446646,44450987,44448816,0.044486565596427,9.823689773924973e-05,baseline
44450998,44455898,44453448,0.0452440310348428,0.002170341899539065,baseline
44455904,44460365,44458134,0.04478953647511807,0.000600187215059548,baseline
44460367,44464534,44462450,0.04463254296210727,0.0006041232212237027,baseline
44464540,44468942,44466741,0.018994165524911122,-0.003968610486535031,baseline
44468954,44473335,44471144,0.042109668182338265,0.002560798288480636,baseline
44473343,44478051,44475697,0.029986551095298308,-0.0019831848220027547,baseline
44478054,44483853,44480953,0.043611359258400165,0.0005703153834835889,baseline
44483857,44487849,44485853,0.03684960909759353,0.003332775332729615,baseline
44487853,44492206,44490029,0.0390767235786728,0.0030801333557667287,baseline
44492207,44496431,44494319,0.035879353616226434,-0.0033821578507731848,baseline
44496438,44500970,44498704,0.04547970542478554,0.0020561534966220475,baseline
44500973,44505114,44503043,0.02970275836420433,-0.0002479284143122216,baseline
44505123,44509334,44507228,0.04425804164611254,-0.005120377241425424,baseline
44509339,44514574,44511956,0.03183451745052705,-0.007306249970790033,baseline
44514575,44518549,44516562,0.024994817616994264,-0.010172784741094452,baseline
44518553,44523948,44521250,0.013615254390422823,-0.0023396053991092897,baseline
44523950,44532303,44528126,0.028743388406607284,0.0016996015848469784,baseline
44532317,44536607,44534462,0.042778891034690764,0.0005395170566907274,baseline
44536611,44540716,44538663,0.034146226450554075,-1.746325252573676e-06,baseline
44540722,44545072,44542897,0.040672898829949074,0.0008103962864563927,baseline
44545073,44549181,44547127,0.04224536301456451,0.0022959550905424426,baseline
44549183,44553337,44551260,0.036981314567259053,-0.0012228209159642657,baseline
44553339,44557781,44555560,0.03842301084800903,0.0029958528627393077,baseline
44557786,44563006,44560396,0.022089732773380222,-0.002166303023565888,baseline
44563010,44568393,44565701,0.04112376455271971,0.001207963044361099,baseline
44568396,44572568,44570482,0.04209030381690357,0.0026106901754989944,baseline
44572574,44576832,44574703,0.04040999831582031,-0.002253252448148981,baseline
44576833,44587471,44582152,0.037305965776636356,-0.0012934949356483878,baseline
44587473,44597546,44592509,0.03975597544986654,4.3371445656085164e-05,baseline
44597548,44601979,44599763,0.03764305751890297,0.0008566979694136645,baseline
44601985,44608483,44605234,0.03251773378466518,-0.0007036957044031763,baseline
44608488,44616581,44612534,0.044657882775901665,0.0013684132137582721,baseline
44616586,44642482,44629534,0.04063071223739494,0.0022280674339649016,baseline
44642488,44647655,44645071,0.043802855659233524,0.0009471889280043929,baseline
44647656,44652553,44650104,0.027976983699387472,-0.003286437765074766,baseline
44652555,44660147,44656351,0.038194108504067265,0.0031210147894392393,baseline
44660150,44664749,44662449,0.04009231263206331,0.0015889509437738026,baseline
44664750,44676899,44670824,0.036486023997347135,0.0013633533589136229,baseline
44676908,44692788,44684848,0.042213465663579024,0.0019039852390829524,baseline
44692790,44701254,44697022,0.032821026260939266,0.002105043070655266,baseline
44701255,44725680,44713467,0.033090461079761074,0.00354035042277357,baseline
44725682,44737368,44731525,0.04523912321412454,0.002154330362506274,baseline
44737369,44742275,44739822,0.04496733227058484,0.0017260359978738386,baseline
44742279,44747835,44745057,0.045610887289443146,0.0022000510371482738,baseline
44747849,44755981,44751915,0.04259127113061622,0.002593058792404594,baseline
44755990,44760804,44758397,0.04046698602228584,0.00162693219435077,baseline
44760807,44767510,44764158,0.04502855475690376,0.0015090970099972787,baseline
44767511,44773340,44770425,0.046349504337637924,0.002417115641310759,baseline
44773341,44778989,44776165,0.0455227189451021,0.00219445399325727,baseline
44778994,44784221,44781607,0.04163818332512206,0.0020558641333358924,baseline
44784227,44793171,44788699,0.045541179133890775,0.001171918046434741,baseline
44793181,44810655,44801918,0.04438323620938366,0.0011451132894349863,baseline
44810656,44830780,44820718,0.036433160962630204,-0.0036132930852422343,baseline
44830792,44837035,44833913,0.04072567473682779,0.00021423078265351498,baseline
44837049,44849466,44843257,0.04041534233079285,-0.0008402557269813944,baseline
44849468,44854090,44851779,0.0408380376407713,0.0029981659768538865,baseline
44854092,44859175,44856633,0.040808159556376955,0.0006410735207925335,baseline
44859184,44863594,44861389,0.040715742478222045,-0.000457846798710384,baseline
44863603,44868573,44866088,0.04415969373802759,0.002054231142280317,baseline
44868575,44888818,44878696,0.031554708484280714,0.0008977507420231274,baseline
44888820,44893426,44891123,0.04356845933132592,0.0014553296713872123,baseline
44893427,44898488,44895957,0.036341926034973056,-0.0021298686226489828,baseline
44898490,44902926,44900708,0.040832455847607654,-0.0015081116557045808,baseline
44902929,44909966,44906447,0.041298534554242365,0.0016186031928833093,baseline
44909967,44915791,44912879,0.04406736284815227,0.0024261849974728275,baseline
44915792,44921058,44918425,0.03804000055933642,0.0024153308833900684,baseline
44921074,44925396,44923235,0.04062574385856654,0.002978626381353121,baseline
44925402,44929556,44927479,0.042120822435686614,-0.0010974115873464447,baseline
44929562,44933990,44931776,0.04633478163014621,0.00013042490653371644,baseline
44933997,44938365,44936181,0.03993435202395953,-0.00010211883118647181,baseline
44938383,44949273,44943828,0.04355264525563285,0.002123592492551037,baseline
44949281,44953486,44951383,0.044494078434094975,0.0017952763767744954,baseline
44953491,44961275,44957383,0.03188100128469985,0.0031476146612233503,baseline
44961279,44982631,44971955,0.034216835230561925,0.0024868098616293464,baseline
44982632,44989534,44986083,0.04505919800544044,0.0020629207072726113,baseline
44989538,44994269,44991903,0.03320417592802102,-0.002624556906529535,baseline
44994270,44999125,44996697,0.04384542627674636,0.00178642570232163,baseline
44999127,45005025,45002076,0.033177902012879616,0.0019012684011405659,baseline
45005027,45009622,45007324,0.04212178972682232,0.0011714288785840926,baseline
45009625,45014226,45011925,0.04421538722180219,0.0009739143847026402,baseline
45014232,45018443,45016337,0.037490219748207,0.0015489645361673634,baseline
45018455,45022736,45020595,0.044839934995593675,0.0016273073446038924,baseline
45022742,45027466,45025104,0.039879772654339896,0.0028498617685049615,baseline
45027467,45032105,45029786,0.04159856220642777,0.002174668203325069,baseline
45032112,45037007,45034559,0.04185610827083488,0.003020524964608582,baseline
45037008,45042149,45039578,0.04296680230170387,0.001229874976233955,baseline
45042151,45047331,45044741,0.04330491601305713,0.002453144856254251,baseline
45047332,45052026,45049679,0.033179574850923925,2.4845850359639205e-06,baseline
45052027,45057106,45054566,0.027324797954183463,-0.002473040541531942,baseline
45057114,45062112,45059613,0.040678571916043696,0.0018455608732657017,baseline
45062114,45067102,45064608,0.0390332218013354,0.002206561430095429,baseline
45067107,45072252,45069679,0.03853315968514099,0.0013628474324477414,baseline
45072254,45077114,45074684,0.04189763861024848,0.001465879926286564,baseline
45077115,45082216,45079665,0.03921732796620163,0.0019747115189662546,baseline
45082217,45087445,45084831,0.04585780005967765,0.001502932385899281,baseline
45087446,45092387,45089916,0.03045872775475148,0.0011889620719592476,baseline
45092388,45096895,45094641,0.04432753124648763,0.002328465642374262,baseline
45096896,45101601,45099248,0.044592153642281265,0.001336871845961555,baseline
45101603,45107008,45104305,0.0434710444704832,8.659918809558742e-05,baseline
45107013,45115273,45111143,0.03822612539564225,-0.0006544008951260194,baseline
45115278,45126722,45121000,0.041589705241528975,-0.00186337950957786,baseline
45126725,45131290,45129007,0.0460757361027187,-0.00028839860505308667,baseline
45131291,45135286,45133288,0.04220539900715742,-0.00040838341964728714,baseline
45135287,45146632,45140959,0.044017542238130695,0.0008221982365436077,baseline
45146634,45155172,45150903,0.03431405766324726,-0.003171265967321908,baseline
45155176,45159691,45157433,0.02433062478102301,-0.001587805407334124,baseline
45159697,45164097,45161897,0.03999933452989175,-0.0031032587941385533,baseline
45164099,45168423,45166261,0.03957241796125156,-0.0019173924496938182,baseline
45168429,45175748,45172088,0.04329522322123899,0.00037756352674630237,baseline
45175750,45181717,45178733,0.040158767948328004,0.0013831297113980916,baseline
45181720,45186658,45184189,0.04482859609823073,0.0016097554482212423,baseline
45186682,45195840,45191261,0.0384260240203454,0.0031765904337697653,baseline
45195841,45200157,45197999,0.02771938616702887,-0.0020669763031150425,baseline
45200162,45204942,45202552,0.03528855553173399,0.0023489089207461024,baseline
45204947,45210263,45207605,0.030205237164380942,0.0010461094811625297,baseline
45210265,45215069,45212667,0.04363559578505584,0.002456872744783792,baseline
45215071,45219836,45217453,0.03403925427589162,0.0016717052269479406,baseline
45219842,45224422,45222132,0.034020236525308306,0.0036827023950019733,baseline
45224424,45230982,45227703,0.04003029522149212,-0.0023869769635002616,baseline
45230984,45235440,45233212,0.030187650855217806,0.0033392497759007047,baseline
45235443,45240099,45237771,0.03514446704827321,0.0020539390264635764,baseline
45240108,45249026,45244567,0.03639699845056105,-0.00010722737322029879,baseline
45249027,45261249,45255138,0.04079080833737931,-7.520001294472225e-05,baseline
45261260,45279231,45270245,0.04086645826565883,0.0006565977331518627,baseline
45279238,45286302,45282770,0.044743089210223436,0.0017604041630182807,baseline
45286304,45291967,45289135,0.04541162795978034,0.0021347662797546584,baseline
45291979,45298731,45295355,0.03542237652539583,0.0019283428031133978,baseline
45298734,45304759,45301746,0.04207823397478971,-0.00032610991496324004,baseline
45304760,45310657,45307708,0.0390758005880803,0.002427644370266127,baseline
45310674,45315342,45313008,0.019875831283507783,0.002645851686725745,baseline
45315347,45320305,45317826,0.03114161395801927,0.0032917319938433943,baseline
45320306,45325842,45323074,0.04309781345785372,0.0022754364334570585,baseline
45325849,45339543,45332696,0.03214684065786376,0.0003142549579726428,baseline
45339559,45345241,45342400,0.03174035715337496,0.0030911410073135217,baseline
45345242,45350272,45347757,0.02263148450810312,0.003627271955503033,baseline
45350273,45355464,45352868,0.01851579640930434,-0.0011564919904534527,baseline
45355465,45362027,45358746,0.03751683090455501,0.001590784624597595,baseline
45362028,45366895,45364461,0.02624590642744815,0.0010517332337410077,baseline
45366899,45371888,45369393,0.03101440306840789,0.0022134473690587036,baseline
45371890,45378736,45375313,0.011816291236758597,0.0009544957446308964,baseline
45378747,45383945,45381346,0.012107280436322055,0.0005788135842371693,baseline
45383959,45389787,45386873,0.03739594573008257,-0.0001231072407929449,baseline
45389789,45395657,45392723,0.015359184528684419,0.0022128228371545468,baseline
45395658,45415329,45405493,0.034654196575533966,-0.002932013192203399,baseline
45415337,45420696,45418016,0.0369931745095381,-0.0005715807784413575,baseline
45420697,45425793,45423245,0.045527064733698545,0.0019066589423861787,baseline
45425801,45431458,45428629,0.039105070239471275,0.0025832172688224062,baseline
45431464,45436800,45434132,0.03921282750409433,0.0010411101164880057,baseline
45436814,45442278,45439546,0.03743661403061163,-0.004451713389918992,baseline
45442282,45447515,45444898,0.03620949290092151,-0.0024968655161841905,baseline
45447520,45477333,45462426,-0.003236499322143196,-0.006055911157237796,baseline
45477343,45482329,45479836,0.04152010423008357,0.0027878009440511532,baseline
45482337,45487668,45485002,0.043630421448709066,-0.005520956919532178,baseline
45487678,45497416,45492547,0.019102116110899677,-0.0008961681205717937,baseline
45497424,45502456,45499940,0.028565337563619994,-0.0006405325618728814,baseline
45502460,45507599,45505029,0.021749151399236385,-0.002967158964915384,baseline
45507600,45512763,45510181,0.045205787745086434,0.00032895761662610874,baseline
45512772,45525272,45519022,0.03958574155749793,0.0024900670128119654,baseline
45525296,45530359,45527827,0.03677341410802281,0.004111375104596608,baseline
45530368,45535357,45532862,0.03969904554374895,0.0013750583186880228,baseline
45535359,45540616,45537987,0.04418380401256935,-0.0002856172343760142,baseline
45540623,45546018,45543320,0.04265943226698785,-0.0014747101063064324,baseline
45546022,45551160,45548591,0.0375245210733035,0.003101300474116816,baseline
45551166,45556255,45553710,0.043568809012806575,0.0001337215484384011,baseline
45556260,45561379,45558819,0.028335683499274452,0.0052250694515297595,baseline
45561383,45566888,45564135,0.02621058785718695,0.004539333078382366,baseline
45566900,45572417,45569658,0.0076914650475201655,0.005219891502070228,baseline
45572421,45578078,45575249,0.046283936137364,0.002646306294373519,baseline
45578081,45583832,45580956,0.033047456467676053,0.004955166899889024,baseline
45583838,45589374,45586606,0.03890391140706653,0.003964849350477417,baseline
45589377,45594667,45592022,0.038907299586713684,0.0036743663107188756,baseline
45594671,45612284,45603477,0.03679650850346223,0.0019959847966805047,baseline
45612294,45617887,45615090,0.02480449117572714,-0.005226829956172426,baseline
45617891,45622853,45620372,0.04340946460776389,0.0026226305184143123,baseline
45622857,45627780,45625318,0.04532756397408569,0.0009999543430378533,baseline
45627784,45633048,45630416,0.046230062648403826,0.0020905209446121674,baseline
45633049,45638298,45635673,0.04137543644926161,0.0018973814331103194,baseline
45638300,45643380,45640840,0.0431947797204111,0.0016002970007190055,baseline
45643381,45652464,45647922,0.04384261070416536,0.0018281657390655569,baseline
45652470,45658610,45655540,0.03973141094521871,0.0004048912995231788,baseline
45658622,45664461,45661541,0.03960409190909517,-0.0009774741677091886,baseline
45664465,45669864,45667164,0.04618215399152532,0.0020487996586424123,baseline
45669871,45675486,45672678,0.03771999097244483,0.003264094135361441,baseline
45675492,45680753,45678122,0.0390261357148743,0.0024244965902054092,baseline
45680765,45686187,45683476,0.03601291963617894,0.0014685378457470638,baseline
45686190,45694045,45690117,0.0349694507698283,0.0016892993562188424,baseline
45694052,45700094,45697073,0.04634421035813925,0.0020013244199137475,baseline
45700099,45706856,45703477,0.042800241701894545,0.0032724477302100248,baseline
45706860,45715254,45711057,0.03414740062034043,0.0029073788460977864,baseline
45715263,45720981,45718122,0.03798726326376096,0.002753412586013263,baseline
45720983,45729371,45725177,0.044887462826011824,0.0009603638756345513,baseline
45729374,45748206,45738790,0.03724066005286567,-0.0034480486901725033,baseline
45748210,45753438,45750824,0.042646754413524085,0.003009187239541657,baseline
45753439,45763492,45758465,0.028241306690265713,0.001385046626123241,baseline
45763493,45777215,45770354,0.044484213879237545,0.002498136376419684,baseline
45777216,45802609,45789912,0.0409181250535633,-0.0010984146990151648,baseline
45802618,45808040,45805329,0.04440037341465644,0.0011104135098055075,baseline
45808053,45813806,45810929,0.04589407024099059,0.0018897747702984581,baseline
45813807,45820053,45816930,0.044517105506088596,0.0024584379388694713,baseline
45820054,45824960,45822507,0.04149293168207629,-0.0006979065504023412,baseline
45824970,45830236,45827603,0.04030916105027698,0.0013546260621181663,baseline
45830237,45836268,45833252,0.03979410911673538,0.0017902764835620295,baseline
45836275,45842251,45839263,0.046968178999003365,0.0007632930532437934,baseline
45842254,45856695,45849474,0.044855119729569376,-0.003505159031515829,baseline
45856698,45862008,45859353,0.04405886283620787,0.0015434103755813146,baseline
45862009,45879956,45870982,0.04241549392646872,0.002848161797006631,baseline
45879958,45887831,45883894,0.04096094631154932,-0.0037573390105107764,baseline
45887841,45893414,45890627,0.033493999503577516,-0.002446209148335523,baseline
45893425,45898309,45895867,0.04084180041315241,-0.002294758806902463,baseline
45898310,45903749,45901029,0.04008399909668085,-0.0020680171451033665,baseline
45903754,45914676,45909215,0.04424086038418763,0.0011404293351549735,baseline
45914679,45920189,45917434,0.04556346123576176,0.00039406709644152426,baseline
45920198,45935650,45927924,0.044124411329110214,0.001533009099288329,baseline
45935653,45940595,45938124,0.04577152717000268,0.002180605095535923,baseline
45940599,45955179,45947889,0.03802696141094998,0.0027935909856156202,baseline
45955180,45960248,45957714,0.043754950430894037,-0.0009006676293344656,baseline
45960252,46022613,45991432,0.037836763894195206,0.003173230632788457,baseline
46022628,46043060,46032844,0.04010700557885124,-0.0013015961356019532,baseline
46043061,46049200,46046130,0.04215355610959033,0.0021540374319298315,baseline
46049201,46054665,46051933,0.0397767195711083,-0.0005926646493014412,baseline
46054674,46059631,46057152,0.038262229793023635,0.002492558448907375,baseline
46059634,46064918,46062276,0.04422853727919225,0.0025495807177564273,baseline
46064920,46070318,46067619,0.036055510896564495,-0.00028048390587846007,baseline
46070319,46076015,46073167,0.038579852925749676,-0.0005549774853621283,baseline
46076016,46081613,46078814,0.03970997008342952,-0.00251447942038648,baseline
46081617,46093836,46087726,0.03474542985330551,0.00038893007645305315,baseline
46094867,46100935,46097901,0.04158841591788247,-0.0026012027092177648,baseline
46100938,46107064,46104001,0.03086388136119817,-0.0045810157174914126,baseline
46107065,46117763,46112414,0.03830138645755472,0.002616611221384132,baseline
46117767,46127686,46122726,0.04350065070262453,0.0019938655129491767,baseline
46127702,46133604,46130653,0.04408583182396481,0.0029464967534535693,baseline
46133605,46139195,46136400,0.039534752359634856,0.0033361493684829118,baseline
46139196,46145442,46142319,0.03580937676774645,0.0034360941487445364,baseline
46145445,46151681,46148563,0.0374700155996545,0.0030786070326753283,baseline
46151683,46156659,46154171,-0.005256205352777452,0.005233168438300013,intermediate
46156681,46161571,46159126,0.02345507297008184,0.0026949652537550796,baseline
46161572,46168829,46165200,0.03401105565522065,0.0006930829777549793,baseline
46168830,46178104,46173467,0.04400838364820131,0.000970954262797971,baseline
46178106,46191597,46184851,0.03710502002573688,0.0004074023334108808,baseline
46191614,46196814,46194214,0.016632214022474934,0.004590492262650987,baseline
46196816,46205752,46201284,0.04383506323377749,0.0020264736496844126,baseline
46205758,46210797,46208277,0.03901173194918348,0.002455213310467976,baseline
46210802,46215868,46213335,0.041018961327550986,-0.0019063362415788756,baseline
46215870,46221429,46218649,0.046108885805225194,0.0019782331383772626,baseline
46221434,46226365,46223899,0.03769819685576476,0.0014517499685454754,baseline
46226380,46231687,46229033,0.02605821706253366,0.00046601135482857246,baseline
46231688,46242714,46237201,0.026702812286556115,0.003435801481874777,baseline
46242717,46249092,46245904,0.045220059528896114,0.0028467309271641597,baseline
46249102,46254933,46252017,0.04797506448537605,0.001036580091035033,baseline
46254945,46261039,46257992,0.04804234400756115,0.0022901863086355846,baseline
46261043,46266080,46263561,0.048034348730206046,0.00203896348877245,baseline
46266083,46271046,46268564,0.04402183856226186,0.0012371695633732896,baseline
46271047,46276671,46273859,0.04063050604519525,0.0022919267455888993,baseline
46276672,46298841,46287756,0.0410866071255633,0.003621633006438556,baseline
46298859,46304736,46301797,0.04693856334664485,0.0022832111713073284,baseline
46304739,46320038,46312388,0.04451857983851995,0.0002502931937303267,baseline
46320040,46343166,46331603,0.04731078256266958,0.0014071731616955752,baseline
46343167,46348738,46345952,0.04701451337237392,0.002153372362106817,baseline
46348742,46354471,46351606,0.0476633568729997,0.0001579747760234554,baseline
46354472,46367199,46360835,0.0474294718491643,0.0018939597041900502,baseline
46367201,46374584,46370892,0.047572408608887236,-0.001485947812099258,baseline
46374585,46384218,46379401,0.04518170734213955,-0.0031362890333798106,baseline
46384222,46395358,46389790,0.048610764538908106,-0.00014509324507463181,baseline
46395367,46400447,46397907,0.04711336990111502,-0.000826942689891622,baseline
46400451,46405761,46403106,0.05076674365411688,-0.000845241471431047,baseline
46405763,46414337,46410050,0.04689245981916704,-0.0020878267477109974,baseline
46414344,46419682,46417013,0.0492429737187137,-0.0016032278351076836,baseline
46419684,46425077,46422380,0.04746458411212642,-0.0025300600117741296,baseline
46425081,46430218,46427649,0.044911874464833,-0.0036170469570161695,baseline
46430223,46436417,46433320,0.04605459699035163,0.0003406601328819004,baseline
46436420,46441759,46439089,0.0298452651034895,-0.004469385304609803,baseline
46441763,46446954,46444358,0.029866096359523437,-0.00403492596325042,baseline
46446959,46452108,46449533,0.0396212878076739,-0.0008144239991668021,baseline
46452115,46457324,46454719,0.02765720488028767,-0.006412349215980618,baseline
46457328,46462786,46460057,0.040524251161127574,0.0008359241303494741,baseline
46462799,46468639,46465719,0.04738187759113649,0.0017715023845576686,baseline
46468640,46474494,46471567,0.0467744543923454,0.0013739732898521014,baseline
46474495,46479723,46477109,0.04755583385248614,0.002374154672380034,baseline
46479727,46485092,46482409,0.04297176987311702,0.001594372845647903,baseline
46485093,46494249,46489671,0.038140221825686986,0.0009428564958509999,baseline
46494253,46499987,46497120,0.043761664862104255,0.0021121913328324706,baseline
46499997,46505082,46502539,0.04632250556556795,0.0018770002795857035,baseline
46505089,46512744,46508916,0.04627973340143011,0.0009873194251045245,baseline
46512746,46517926,46515336,0.04231278114929795,-0.0025882490486900996,baseline
46517928,46523115,46520521,0.03815712275250234,0.002577766865917214,baseline
46523116,46533443,46528279,0.041879774239923846,0.0030382151500210793,baseline
46533444,46539233,46536338,0.03996624452368244,0.0019100387092899557,baseline
46539239,46550279,46544759,0.041428955442521134,0.002731672799222757,baseline
46550290,46556813,46553551,0.04198899267626782,0.0010142614255899407,baseline
46556815,46570616,46563715,0.04096901359648611,0.0014578997460274385,baseline
46570641,46575880,46573260,0.04141638053636194,-0.00035148977685238073,baseline
46575881,46582164,46579022,0.0437335586124748,0.0012572746795264569,baseline
46582175,46587292,46584733,0.03963417587851974,0.00016262742374756748,baseline
46587296,46613357,46600326,0.04469179298933933,0.0008296252198045157,baseline
46613364,46618773,46616068,0.03513506473124611,-0.0005893610265616736,baseline
46618774,46625597,46622185,0.03133653827039139,0.0016837496022689895,baseline
46625599,46631793,46628696,0.03158238659443414,0.0008482568169945305,baseline
46631795,46637081,46634438,0.04250226326383405,0.0013608959382807968,baseline
46637088,46643343,46640215,0.03735482547427226,0.0018626473620388714,baseline
46643348,46648505,46645926,0.030614408713473203,-0.00047272002274593034,baseline
46648515,46654022,46651268,0.03806651579409782,0.002991995779884044,baseline
46654025,46659230,46656627,0.037640404851914146,0.0030734811511044856,baseline
46659235,46670826,46665030,0.03676478609388087,0.0007979201721129147,baseline
46670828,46679059,46674943,0.002148510055319225,0.0019478055231371785,baseline
46679061,46685196,46682128,0.032963933442379786,0.0008118979869142053,baseline
46685197,46690294,46687745,0.045158922544027875,0.0019331362608344398,baseline
46690295,46695693,46692994,0.043720600961491295,0.0005978790135319681,baseline
46695707,46700670,46698188,0.03642943801593123,0.0014331823086654294,baseline
46700671,46705672,46703171,0.04522751185888924,0.0006081574172658818,baseline
46705673,46716506,46711089,0.03319453160864266,0.0014106167830294268,baseline
46716516,46721739,46719127,0.042576440371609486,-0.002953983336810935,baseline
46721741,46737147,46729444,0.038044920693224855,-0.0008155587347646614,baseline
46737155,46765298,46751226,0.04172227581176377,0.00037344759047285844,baseline
46765299,46770442,46767870,0.043173589594318815,0.0008101275201856839,baseline
46770445,46777890,46774167,0.031117272477485376,0.00038005154629692725,baseline
46777899,46783464,46780681,0.04390431250675085,0.0016602375869106914,baseline
46783470,46795039,46789254,0.01902114779484821,-0.00013467067491539021,baseline
46795043,46817648,46806345,0.04812727123286658,0.0017618137883928721,baseline
46817655,46824329,46820992,0.04433901148991482,0.0016739834788832406,baseline
46824331,46833514,46828922,0.041347421322594724,0.002419395017664288,baseline
46833515,46843128,46838321,0.042732826364533946,0.002428260419031121,baseline
46843132,46848728,46845930,0.028926601789187677,0.000149461139751067,baseline
46848733,46854199,46851466,0.03991592212568003,-0.001093136238724905,baseline
46854201,46859649,46856925,0.043940571325467616,0.002088669700720156,baseline
46859650,46865379,46862514,0.03488696626303502,0.00352749213958046,baseline
46865389,46875035,46870212,0.035716896990989,-0.001971706634061539,baseline
46875049,46880434,46877741,0.0406857728529934,0.002298385951005852,baseline
46880438,46916372,46898405,0.02062132395104312,0.0025358595571811993,baseline
46916376,46921634,46919005,0.017122659312486743,0.006196622056148543,baseline
46921638,46928211,46924924,0.03855631945689559,0.0026683403748053967,baseline
46928214,46933493,46930853,0.041306896317086825,0.0005812380883353875,baseline
46933505,46960180,46946842,0.03499644436590038,0.003713084674586525,baseline
46960189,46975297,46967743,0.03877026875337028,0.002728541322681064,baseline
46975302,46980020,46977661,0.037011552312098135,0.002354854274425582,baseline
46980021,46985183,46982602,0.030943510004658975,0.0008968549600777422,baseline
46985191,46996300,46990745,0.026466267656860987,0.0012800592954238985,baseline
46996305,47005438,47000871,0.030703056185103654,0.000695024264691907,baseline
47005439,47012241,47008840,0.03397096001219002,-0.0012770221322978667,baseline
47012243,47016803,47014523,0.0466498362129664,0.001862658852409592,baseline
47016805,47021629,47019217,0.043117399324639066,0.0021192338620305467,baseline
47021641,47027436,47024538,0.02640654989178765,-0.0029091789450451295,baseline
47027438,47045547,47036492,0.026868135505837675,0.000728829537283941,baseline
47045550,47051053,47048301,0.029541417465488003,0.00014648056502981929,baseline
47051055,47055995,47053525,-0.0010521493707094068,0.0028541759826180794,baseline
47055996,47067165,47061580,0.025087198241952626,0.003103901489734378,baseline
47067168,47073533,47070350,0.02815628025915574,0.004616076190511287,baseline
47073536,47078369,47075952,0.03300819832921551,0.0052575438138293875,baseline
47078370,47083259,47080814,0.028417648748007777,0.005148760366507346,baseline
47083262,47088113,47085687,0.03704806383799318,0.0034680812095402675,baseline
47088125,47093748,47090936,0.039771645053627444,0.0037310099345591037,baseline
47093755,47098350,47096052,0.04275644571078096,0.003200062239325549,baseline
47098356,47107617,47102986,0.03837489262857728,0.0031510816449575895,baseline
47107620,47112569,47110094,0.034906024083484616,0.0042536228164342495,baseline
47112573,47118412,47115492,0.037198803198450404,0.004198181397782968,baseline
47118414,47124734,47121574,0.04065798985042459,0.004214942978983605,baseline
47124736,47129733,47127234,0.04476182500111709,0.0027710519773207483,baseline
47129734,47134708,47132221,0.0453058642498659,0.002484385020182989,baseline
47134709,47139830,47137269,0.04597837320703546,0.0017598376708670477,baseline
47139831,47149557,47144694,0.03554864681868025,0.003996445997252153,baseline
47149560,47154421,47151990,0.04463687619047286,0.001985140905610741,baseline
47154424,47159442,47156933,0.046170136511731616,0.002854489385017109,baseline
47159443,47164890,47162166,0.04964883997333123,0.0024338105595300545,baseline
47164901,47169785,47167343,0.049096846599560415,0.002465610434518903,baseline
47169791,47175211,47172501,0.048610982644518,0.002535427350217795,baseline
47175222,47182559,47178890,0.04730635804676232,0.0027541002917201574,baseline
47182570,47187919,47185244,0.04842055084028925,0.0021120315576536965,baseline
47187928,47193302,47190615,0.04807883670967738,0.002425891251980224,baseline
47193306,47200567,47196936,0.04277889109988836,0.001679321072497005,baseline
47200577,47218778,47209677,0.03612384652353034,0.001632552569901318,baseline
47218781,47223535,47221158,0.043672527381636725,0.0011759747524755745,baseline
47223555,47228308,47225931,0.04631786270129935,0.00245901815935064,baseline
47228315,47233497,47230906,0.04724563885225316,0.002126407210777903,baseline
47233500,47238968,47236234,0.04445313817348273,0.0026596885060340037,baseline
47238969,47244208,47241588,0.04539093245592708,0.0016870909493693395,baseline
47244211,47251512,47247861,0.03263168072151681,0.0025102404861026936,baseline
47251514,47258129,47254821,0.0398911146547123,-0.0027757105274561836,baseline
47258134,47263223,47260678,0.043600970143344506,0.003045817888649601,baseline
47263228,47267871,47265549,0.03976362202438779,0.0007388543793610524,baseline
47267874,47278801,47273337,0.042046072398175684,0.0032379495120741252,baseline
47278804,47283616,47281210,0.04128040600700914,-0.0009720603391776137,baseline
47283620,47288707,47286163,0.04292908111184844,-0.0012869858637879043,baseline
47288711,47293644,47291177,0.0449381947558804,0.0019274952840114476,baseline
47293650,47301824,47297737,0.04236922726495208,0.003148856577845185,baseline
47301827,47307103,47304465,0.04728098994473436,2.976165964973635e-05,baseline
47307104,47312949,47310026,0.04559494846402475,0.00044631985033022917,baseline
47312956,47319133,47316044,0.04303559176120331,-0.001066770862613374,baseline
47319139,47325243,47322191,0.042038865822055994,-0.0008256952358894864,baseline
47325251,47331724,47328487,0.043667468792586456,0.0014306624686267182,baseline
47331731,47338905,47335318,0.04403951669174795,0.002447242239528374,baseline
47338906,47349526,47344216,0.0461995858826398,0.002169937741060059,baseline
47349527,47354264,47351895,0.04522669781926746,0.0017219404553667336,baseline
47354268,47359043,47356655,0.03903077123216646,0.000994398752944958,baseline
47359045,47369848,47364446,0.04118614763851282,0.00303431736660825,baseline
47369860,47375794,47372827,0.030693006683423087,0.00507451306297318,baseline
47375799,47381870,47378834,0.04332988701895427,0.0023288231441969906,baseline
47381880,47388944,47385412,0.04520168704183906,0.0014773245425788355,baseline
47388946,47394198,47391572,0.046372996813138015,0.0018062310566374562,baseline
47394199,47399299,47396749,0.04656133939073297,0.001199103346083059,baseline
47399300,47404887,47402093,0.04678729625880655,0.0013811761766929853,baseline
47404890,47410056,47407473,0.041891199875855406,0.001643855270775375,baseline
47410074,47422099,47416086,0.04323046182474199,0.0009986732144773235,baseline
47422101,47435322,47428711,0.038509171727230826,0.0030516354170742207,baseline
47435325,47440649,47437987,0.03796943093710485,0.00047074403679252453,baseline
47440651,47445825,47443238,0.039710010703566063,-0.0027088428521370796,baseline
47445833,47454466,47450149,0.0370857594287306,0.0033174934419441192,baseline
47454468,47459538,47457003,0.039062395437179265,0.0028173309432359076,baseline
47459539,47466838,47463188,0.03898749748394965,0.0034111963553653583,baseline
47466839,47471784,47469311,0.04486601677241591,0.0014004168997762256,baseline
47471785,47476959,47474372,0.03427015426401354,0.0017621686729573161,baseline
47476965,47482506,47479735,0.0438390622117829,0.0028963836499082845,baseline
47482507,47500576,47491541,0.04481017792341985,7.356641294562577e-06,baseline
47500577,47505282,47502929,0.046591362667190384,0.0025447578086699742,baseline
47505283,47509948,47507615,0.04571529116828376,0.0011951895068749155,baseline
47509949,47520247,47515098,0.0429211494248887,-0.00043311975836043807,baseline
47520254,47525292,47522773,0.044272681069957166,0.001671673038749843,baseline
47525303,47531577,47528440,0.03767773566920759,0.002622667000663359,baseline
47531584,47547919,47539751,0.03810755309920876,-2.4517691746586972e-05,baseline
47547926,47553009,47550467,0.036609209397721464,0.0005995549909359973,baseline
47553013,47559141,47556077,0.011652052654121633,-0.0006335247460165929,baseline
47559143,47566358,47562750,0.032430925907989606,0.00037584127438072774,baseline
47566359,47578319,47572339,0.02979153633372917,0.0014424996708980497,baseline
47578321,47585930,47582125,0.02388648161026142,0.0024208863098938637,baseline
47585933,47591107,47588520,0.03323900539054917,0.0034707583952053155,baseline
47591110,47596605,47593857,0.042414763014097454,0.0020598595125249576,baseline
47596610,47603021,47599815,0.04421220554723551,0.002282563873522786,baseline
47603035,47609102,47606068,0.04457959679521877,0.0019318368090644447,baseline
47609104,47615326,47612215,0.04047608260628219,0.0021550640081553244,baseline
47615330,47651120,47633225,0.038382285045221225,-0.00076623601493346,baseline
47651122,47656506,47653814,0.025101952414915092,0.0024458654746330466,baseline
47656514,47705115,47680814,0.041803463439709934,0.0012907841661429478,baseline
47705118,47710571,47707844,0.04400229102552941,0.0006633037196951915,baseline
47710576,47715258,47712917,0.029928157356795184,0.004758185746763195,baseline
47715264,47719884,47717574,0.02054756355637163,-1.030645904176736e-06,baseline
47719886,47726829,47723357,0.04335674666914874,0.002625765304361773,baseline
47726836,47735834,47731335,0.04241013580983656,-0.005284394756787686,baseline
47735836,47740748,47738292,0.04573381164980942,0.0018310999721696786,baseline
47740759,47745471,47743115,0.038604608081272,0.0024365441742216316,baseline
47745476,47750931,47748203,0.04200578284281292,0.0020748586890953404,baseline
47750932,47766341,47758636,0.04389789052154158,0.0017748251231449773,baseline
47766345,47772862,47769603,0.04424504732393798,0.002285897485426164,baseline
47772867,47777852,47775359,0.043590690222583314,0.0016437269228876876,baseline
47777853,47782854,47780353,0.01633745533690331,0.0066703845482245375,baseline
47782860,47787981,47785420,0.013894469332248964,0.005189082705717511,baseline
47787983,47792964,47790473,0.04329770141801389,0.002301415843661655,baseline
47792965,47798114,47795539,0.03851978151546442,0.0040465342151344815,baseline
47798126,47803645,47800885,0.045539151577873416,0.0006113049275975348,baseline
47803649,47808925,47806287,0.04500440514826431,-0.001834816063768707,baseline
47808929,47814138,47811533,0.031198051046099046,-0.0038279151589750418,baseline
47814154,47819437,47816795,0.0336830741085795,-0.0021941429335929044,baseline
47819442,47824886,47822164,0.03126119563299031,0.0027957352100647518,baseline
47824890,47830275,47827582,0.0394900674638577,0.0009131117835557384,baseline
47830284,47835678,47832981,0.045538387715114335,0.0022849858582878616,baseline
47835684,47841365,47838524,0.02843570377655941,-0.0008757785218026647,baseline
47841368,47846284,47843826,0.037158577094921395,0.00045573397549820234,baseline
47846287,47851593,47848940,0.037108236342355834,-0.0007404186276809076,baseline
47851612,47856688,47854150,0.03497546864477463,-0.00512630296182648,baseline
47856699,47863212,47859955,0.039108953983483075,0.0010281247672919438,baseline
47863218,47880437,47871827,0.034793845903258416,0.002982986229229592,baseline
47880446,47886679,47883562,0.04012168540730862,0.002114908686849791,baseline
47886691,47918490,47902590,0.03647844907550402,0.0011799962227644707,baseline
47918495,47933974,47926234,0.03076736687320534,0.000753430293505785,baseline
47933978,47940936,47937457,0.03610050547123661,0.001114864594379188,baseline
47940943,47948458,47944700,0.016545075549886126,0.0011023110708182071,baseline
47948460,47953814,47951137,0.04164978398786247,0.001247598623503477,baseline
47953815,47972820,47963317,0.044112181011319085,0.002110468665233195,baseline
47972822,47978263,47975542,0.04169571122260668,0.0017902313522729929,baseline
47978265,47983791,47981028,0.04575413554847989,0.0018185937097680558,baseline
47983794,47989606,47986700,0.042515854065395195,-0.0016533452263346154,baseline
47989616,48003688,47996652,0.04446544262081092,0.00046538654006239897,baseline
48003690,48008997,48006343,0.039110396026612634,8.631548807244783e-05,baseline
48008998,48014273,48011635,0.040753192379702596,0.001860829010683639,baseline
48014278,48019770,48017024,0.022163188519959773,-0.0031345735380432214,baseline
48019771,48028488,48024129,0.030349552607610113,-0.002547433711043399,baseline
48028492,48042109,48035300,0.04094380540108049,1.4757917241956237e-05,baseline
48042113,48047344,48044728,0.03194452190039474,-0.004470168852542057,baseline
48047350,48052376,48049863,0.0399435058380389,0.0007760810920358767,baseline
48052378,48060945,48056661,0.03889220595570997,-0.0033348684102586248,baseline
48060955,48065957,48063456,0.04680369853205953,0.0003085874038441226,baseline
48065959,48077796,48071877,0.03269617256249524,-0.002590665612966762,baseline
48077800,48083081,48080440,0.027090036128493172,0.0021484029671507993,baseline
48083087,48087848,48085467,0.04045595640592998,0.0014213827086188827,baseline
48087850,48102173,48095011,0.03948922648113843,0.0029985563546775372,baseline
48102174,48107022,48104598,0.0427290003250998,-0.0003010041254008857,baseline
48107025,48117923,48112474,0.045682129386071406,0.0008143641936295948,baseline
48117926,48137691,48127808,0.04028334587904472,0.002008581026299602,baseline
48137699,48143184,48140441,0.03829791782355567,0.0016990534056697747,baseline
48143188,48160544,48151866,0.043754147474989846,0.0011076275308572001,baseline
48160546,48167200,48163873,0.03034879923362075,-0.001628229879257401,baseline
48167201,48172354,48169777,0.04130509825852661,0.0015433146064215127,baseline
48172357,48177605,48174981,0.028112228662920312,0.0005645790398906067,baseline
48177607,48183341,48180474,0.04353160562407944,-0.0001456658944974963,baseline
48183343,48188772,48186057,0.0305578673311869,-0.002582882067421646,baseline
48188775,48193757,48191266,0.04057685865590367,-0.0005423987975122052,baseline
48193766,48208986,48201376,0.019160980906331684,0.0013021577781511776,baseline
48209000,48256131,48232565,0.02135702368867522,0.0032486505855953357,baseline
48256132,48261378,48258755,0.04216919424910187,0.0018895196195406248,baseline
48261385,48266602,48263993,0.03555211561623079,-0.00030913619520989133,baseline
48266608,48272529,48269568,0.04312230289756659,0.0018715745493163207,baseline
48272530,48277878,48275204,0.040754626732435434,0.0018882657453869532,baseline
48277880,48283185,48280532,0.036703088807832136,0.0005865941842390467,baseline
48283187,48288063,48285625,0.03268913978201608,0.0005425449648219574,baseline
48288064,48293984,48291024,0.01980765888754504,-0.0027669933601712575,baseline
48293989,48299024,48296506,0.02819492325617552,0.0005887212655546245,baseline
48299031,48304769,48301900,0.013284553015799465,0.0014731810101056367,baseline
48304773,48313863,48309318,0.036057165664637764,0.002724858275481902,baseline
48313889,48318876,48316382,0.04151744959361978,-0.00017513990224408892,baseline
48318880,48324604,48321742,0.039561665470134115,0.0010886230620521316,baseline
48324652,48333259,48328955,0.041441921355472436,0.00010410042722368623,baseline
48333265,48338234,48335749,0.04323059508075945,0.0025426113657354655,baseline
48338235,48343719,48340977,0.0458814057842167,0.0028061084054235566,baseline
48343720,48350872,48347296,0.04110877959144633,0.003067844860113212,baseline
48350874,48363090,48356982,0.03941790127890141,-0.00017502288375378813,baseline
48363091,48368942,48366016,0.04154640345972457,0.0002767782668054808,baseline
48368944,48374015,48371479,0.039330281800827406,0.0021776674202176995,baseline
48374024,48384561,48379292,0.04624719049109262,-0.00016702038090155214,baseline
48384562,48389761,48387161,0.037607221926157695,0.0025583072114750147,baseline
48389766,48394985,48392375,0.041528488360009476,0.0011243152279086816,baseline
48394987,48400166,48397576,0.03965033101820401,0.0017270343986259967,baseline
48400172,48405144,48402658,0.046647875722770876,0.0011109529225115274,baseline
48405156,48411438,48408297,0.04307822839774616,0.00281432194427941,baseline
48411452,48417711,48414581,0.043629893722225005,0.00160363619589412,baseline
48417727,48423694,48420710,0.044708311735295846,0.001380099948205721,baseline
48423695,48428758,48426226,0.03155283986463817,-0.0003761497629063684,baseline
48428761,48434488,48431624,0.031135025509676596,0.001043640260719048,baseline
48434505,48439910,48437207,0.043983545155596694,-0.0004174047039813513,baseline
48439915,48447569,48443742,0.04123994891554232,-0.007097193373269208,baseline
48447572,48453364,48450468,0.022153455129137245,0.004554414913304769,baseline
48453366,48466628,48459997,0.04590258975304367,0.002347814023808155,baseline
48466631,48474273,48470452,0.02566641511042034,0.005135771901652009,baseline
48474275,48484821,48479548,0.004627066475449513,0.003062806941730512,baseline
48484823,48490310,48487566,0.006419079618878519,0.006264708945078481,baseline
48490315,48495565,48492940,0.012694832239640852,-0.0029291918508212843,baseline
48495567,48505188,48500377,0.03063077950235111,0.001807487568589485,baseline
48505200,48514789,48509994,0.030556447065331747,0.002849032197978804,baseline
48514791,48520506,48517648,0.041939448508929236,0.0015522258092737196,baseline
48520511,48527167,48523839,0.03710040089547883,0.0024989534957969247,baseline
48527170,48535366,48531268,0.023844925989867982,-5.843493859946045e-05,baseline
48535380,48565759,48550569,0.034606660055596,0.0024416502131965113,baseline
48565761,48571780,48568770,0.02593149234900961,0.002347412257995992,baseline
48571788,48577428,48574608,0.0403016635948653,0.002552950341009202,baseline
48577433,48614643,48596038,0.011970216314690505,0.001096431460997379,baseline
48614651,48620429,48617540,0.0033010599438062817,0.009965457050424863,baseline
48620443,48626135,48623289,0.04210431733755438,0.002515631388489529,baseline
48626142,48637584,48631863,0.04219431121812719,0.0017097901492462708,baseline
48637610,48657895,48647752,0.02459824003683852,0.0015959302875691243,baseline
48657910,48666619,48662264,0.041193732840916895,0.0027739306016596136,baseline
48666621,48672361,48669491,0.03478849097595274,-0.0006271065407851313,baseline
48672372,48678168,48675270,0.030122564979678145,0.0015387347812663742,baseline
48678174,48684390,48681282,0.03764075674004042,0.0016053674085516872,baseline
48684391,48690259,48687325,0.03252150183692923,0.0026983983443214393,baseline
48690273,48697077,48693675,0.03835566612758619,0.0033596623348583956,baseline
48697078,48709125,48703101,0.034587500241392725,0.0036290304072221693,baseline
48709131,48715858,48712494,0.04224161414973562,0.00013965875179852038,baseline
48715883,48730072,48722977,0.03894560938410593,-0.002680967651977944,baseline
48730081,48805432,48767756,0.027752351754556096,-0.00019069181641014985,baseline
48805434,48821450,48813442,0.03235828136445682,0.002895796612634886,baseline
48821451,48826724,48824087,0.03199613490714884,0.0005291132010773764,baseline
48826735,48831905,48829320,0.023786909373181824,-0.004776027631886599,baseline
48831918,48838230,48835074,0.019396569211712643,0.0005241996166019728,baseline
48838233,48843343,48840788,0.03973652671688768,0.002202362970458471,baseline
48843346,48850135,48846740,0.04130129380700208,0.00010542716925757671,baseline
48850136,48855536,48852836,0.04350256727133878,0.0027014720427216993,baseline
48855549,48861719,48858634,0.028273680180307115,0.0001815340304933096,baseline
48861735,48867378,48864556,0.02893386015370459,0.0008608010569416183,baseline
48867379,48873052,48870215,0.009572295349479202,-0.005470574950200665,baseline
48873056,48878613,48875834,-0.006782397476651465,0.003931878235625527,intermediate
48878622,48884078,48881350,0.001112814546038225,0.007222179375346488,baseline
48884084,48889795,48886939,0.026601124164982056,0.003843662767804554,baseline
48889797,48895371,48892584,0.03999807726645553,0.0035335708970308842,baseline
48895376,48901044,48898210,0.042395798606633985,0.00017202260889007223,baseline
48901047,48907408,48904227,0.03618879209256799,0.003173161799131338,baseline
48907419,48913548,48910483,0.03383554918864937,0.0005400340508276981,baseline
48913553,48921047,48917300,0.03344168212143895,-0.0021875484824346635,baseline
48921051,48930234,48925642,0.03314256533474894,0.002883004099793416,baseline
48930235,48936867,48933551,0.028363365404083293,0.0019635863112573175,baseline
48936872,48944683,48940777,0.03434282579604397,0.002813320377475921,baseline
48944689,48950313,48947501,0.042366838766463785,0.002869793788110638,baseline
48950329,48955976,48953152,0.04305219894527188,0.0006388500616109945,baseline
48955982,48964088,48960035,0.04539671924922997,0.0011876448545904202,baseline
48964092,48969629,48966860,0.04133910169982547,0.000681761014821005,baseline
48969666,48987624,48978645,0.04081471767696397,0.003106653406285058,baseline
48987627,49000514,48994070,0.04595922176368003,-0.0016685088995270797,baseline
49000515,49006058,49003286,0.043136607920635464,0.0017786897500105946,baseline
49006068,49012017,49009042,0.02378776993827368,-0.005443425518133169,baseline
49012019,49017532,49014775,0.01735895627369818,-6.888628696830127e-05,baseline
49017533,49023299,49020416,0.017179054956078528,0.0017716719231145896,baseline
49023301,49037364,49030332,0.03377455181573712,9.530443766350435e-05,baseline
49037365,49043618,49040491,0.02298074661569848,0.006377119634679755,baseline
49043629,49050809,49047219,0.040272233683529196,-0.000479395375996227,baseline
49050814,49068578,49059696,-0.026842967092718033,0.0053135361115808424,intermediate
49068581,49107958,49088269,0.020841439404268775,0.003172233162392015,baseline
49107963,49113494,49110728,0.025416510619598192,0.004405552140202243,baseline
49113500,49131698,49122599,-0.013592013046732427,0.002955641071467547,intermediate
49131711,49137127,49134419,0.03486925080007413,0.001742118149254346,baseline
49137131,49145132,49141131,0.022929797435401716,0.004127447494497299,baseline
49145135,49151075,49148105,0.025553348838726574,0.003941200222214592,baseline
49151076,49157275,49154175,0.03641099449553687,0.0020542058973112044,baseline
49157283,49163207,49160245,0.047110868398140465,-0.000743973703053557,baseline
49163209,49169241,49166225,0.046116003830842155,-0.0005509863564118239,baseline
49169257,49203382,49186319,0.03788009785646417,-0.0019804975998286792,baseline
49203384,49209194,49206289,0.039660422575694874,-0.0002844055770620714,baseline
49209196,49219121,49214158,0.03985098434861798,-0.00020375594997777227,baseline
49219137,49234075,49226606,0.0391525925192112,-0.0030469935046576013,baseline
49234084,49239512,49236798,0.04074825899276563,0.0006435814670758434,baseline
49239516,49261378,49250447,0.034026657421364306,-0.0013563374761294458,baseline
49261383,49270715,49266049,0.035447144969984794,1.4998633140895358e-05,baseline
49270718,49276105,49273411,0.026317943729116933,-0.0006329879175085835,baseline
49276117,49286053,49281085,0.03368918635303919,0.0015607117933007298,baseline
49286056,49296108,49291082,0.017971324612197453,0.0006139420596715344,baseline
49296114,49307042,49301578,0.036293911578962015,0.0034687722749704333,baseline
49307051,49313204,49310127,0.017370432439292243,0.0051870891733580594,baseline
49313207,49326101,49319654,0.0023488353593977434,0.0015757557011489211,baseline
49326104,49331284,49328694,0.015208403912904974,0.0013387042938798333,baseline
49331318,49348634,49339976,0.009035541156782031,0.004734291347128699,baseline
49348641,49355820,49352230,0.005057570652305045,0.0008733233572125468,baseline
49355825,49371069,49363447,0.04031966380305699,-0.0017670795904886178,baseline
49371071,49376497,49373784,-0.003460158280053192,-0.005222034677101652,baseline
49376499,49383064,49379781,0.04333837092118173,0.0023751571614576963,baseline
49383068,49390162,49386615,0.037584051295779464,0.0015646530901943997,baseline
49390164,49397454,49393809,0.03147974581448733,-0.0023814486550859,baseline
49397457,49413503,49405480,0.011133572562565268,-0.006790736140201507,baseline
49413506,49418477,49415991,0.03547771279739138,-0.001040151739713431,baseline
49418478,49424271,49421374,0.01728259655370394,-0.002015879620793976,baseline
49424272,49429791,49427031,0.03726228475706814,0.0008638236352298493,baseline
49429795,49435160,49432477,0.03253325551265579,-0.002447976022703671,baseline
49435166,49446857,49441011,0.0038677535585060117,-0.00979936640286584,baseline
49446859,49453470,49450164,0.003193053460095068,-0.0037618883743521466,baseline
49453487,49459338,49456412,-0.0019459752238363997,-0.021003387213898404,baseline
49459341,49467149,49463245,0.008570101017115748,-0.019110682190462164,baseline
49467156,49474136,49470646,-0.008017387288128973,-0.02890013325129614,intermediate
49474155,49480569,49477362,0.03151055718738499,-0.0020186512220440604,baseline
49480571,49486954,49483762,0.04390002049445511,0.00010960404723598746,baseline
49486955,49503890,49495422,0.012190224063338875,-0.0068302395169956235,baseline
49503891,49509607,49506749,0.03555905795214554,0.0002647425648067055,baseline
49509611,49515493,49512552,0.03329692196108784,-0.0010084044661711146,baseline
49515496,49520414,49517955,0.007311017391988352,0.0015340309996735048,baseline
49520420,49535108,49527764,0.019887359483096487,-0.0003971987829833085,baseline
49535111,49555319,49545215,0.02910407458245167,-0.004673099405371137,baseline
49555320,49580983,49568151,0.030415290999799435,-0.0030266494621821838,baseline
49580988,49585618,49583303,0.04524109731829326,0.002073665831263903,baseline
49585620,49601259,49593439,0.03951585765250438,-0.0014391169428287927,baseline
49601262,49606520,49603891,0.03604019680516902,-0.0023400726783384383,baseline
49606521,49611914,49609217,0.045127091733892254,-0.0003187401807727228,baseline
49611919,49616994,49614456,0.03242963688748887,0.0021037943787682164,baseline
49616998,49622606,49619802,0.041381608184442344,0.0009655525542297534,baseline
49622622,49627733,49625177,0.024740549671095402,-0.0012064376685932308,baseline
49627734,49633081,49630407,0.038070001283607,-0.0011898322426003162,baseline
49633082,49638716,49635899,0.03976106601856819,-0.000834157382833329,baseline
49638719,49644031,49641375,0.041177143639596486,-0.0010280788440775836,baseline
49644034,49649131,49646582,0.037646976064671024,0.003179471670024061,baseline
49649141,49662881,49656011,0.033034723669204305,0.004088423060425612,baseline
49662883,49669126,49666004,0.02972936761967769,0.0014429374533439802,baseline
49669130,49674606,49671868,0.03737352117362573,5.4994765869650226e-05,baseline
49674624,49683851,49679237,0.025337647169345535,-0.000755400214990878,baseline
49683854,49706094,49694974,-0.011022654773220049,-0.01730052118562152,intermediate
49706100,49711434,49708767,-0.0015871102723965357,-0.02699541937018586,baseline
49711437,49736849,49724143,0.013905351265176787,-0.006168123439837326,baseline
49736873,49751613,49744243,0.03462062875195696,0.0019431660417664036,baseline
49751622,49756803,49754212,0.0013155817715013052,-0.01045398685426834,baseline
49756804,49763619,49760211,-0.025462773345017058,0.003049662285424098,intermediate
49763620,49778254,49770937,-0.012274932765571237,0.0071069638565576495,intermediate
49778260,49784073,49781166,0.0026901684706472887,-0.0007113735272291778,baseline
49784077,49789341,49786709,-0.0015744682890496877,-0.002513703600780156,baseline
49789346,49794787,49792066,0.01785902609948042,0.005344295336609549,baseline
49794796,49799845,49797320,0.03414863679055233,0.0002786014157846534,baseline
49799846,49804359,49802102,-0.011900745446173736,-0.0036351331978055268,intermediate
49804361,49810248,49807304,0.044044875626168045,0.001458333057759961,baseline
49810250,49817396,49813823,0.035833923239974995,0.0011777540688266475,baseline
49817400,49822864,49820132,0.03218866570448409,0.0002633997744493032,baseline
49822865,49829202,49826033,0.04140738156799855,0.0011918806380702212,baseline
49829204,49834214,49831709,0.03457237169542828,-0.002047911812814259,baseline
49834217,49838471,49836344,0.025513925915202795,-0.004830408324052479,baseline
49838474,49843524,49840999,0.03988176685483964,0.0020305324641504215,baseline
49843530,49848418,49845974,0.041126580936557654,0.0012194886857839005,baseline
49848426,49853296,49850861,0.033169821404311184,0.0005458785830213381,baseline
49853299,49858279,49855789,0.041730000320432704,0.0007983389902542817,baseline
49858283,49894348,49876315,0.026602855511390976,0.0007991020877432156,baseline
49894349,49898984,49896666,0.004268008322259387,-0.0012161218605477155,baseline
49898996,49908404,49903700,0.043093368846523025,0.0016681871283721404,baseline
49908405,49913912,49911158,0.008976143193389517,-0.0007530972148106842,baseline
49913923,49918773,49916348,0.03852211693770769,0.0018688070468162355,baseline
49918778,49923533,49921155,0.042860404332280895,0.002260073072387626,baseline
49923537,49928083,49925810,0.04433010000000728,0.0015003370553245108,baseline
49928084,49950296,49939190,0.0418027966763269,-0.0013576053935639523,baseline
49950301,49955524,49952912,0.043563543071200465,0.002570393621139601,baseline
49955525,49960575,49958050,0.04097311533914486,0.0008320889741306909,baseline
49960579,49965989,49963284,0.04459996546678905,0.0008281273909050108,baseline
49965997,49971209,49968603,0.03632474671404412,-0.0006203425401464008,baseline
49971216,49980962,49976089,0.03837121902378603,0.0034710190472052936,baseline
49980974,49986072,49983523,0.04028346382982755,0.001586238112457783,baseline
49986073,49991240,49988656,0.04410395022842677,0.0009678491429687137,baseline
49991241,49996109,49993675,0.04471083959424302,0.0007283300318163306,baseline
49996114,50001212,49998663,0.030572830486563687,0.0016049173941330866,baseline
50001218,50006524,50003871,0.042853270917022096,0.00016385201057256447,baseline
50006527,50012303,50009415,0.046451184335226485,0.0020913512299884935,baseline
50012306,50017517,50014911,0.045557873178290145,0.0009168672188999389,baseline
50017520,50022725,50020122,0.04453448368268358,0.0015435936792787773,baseline
50022742,50028065,50025403,0.04131562739064446,0.001770197977804304,baseline
50028068,50033226,50030647,0.028150392053045994,0.0012128643315977483,baseline
50033231,50042436,50037833,0.03914205615081443,0.0013542410195491281,baseline
50042450,50047899,50045174,0.04481090734914804,3.313367853252932e-05,baseline
50047902,50053564,50050733,0.03419698028016066,-0.0022315513427052804,baseline
50053567,50058775,50056171,0.04419833048363116,0.0013137332473186593,baseline
50058779,50064204,50061491,0.04265372816357516,0.001169763169366071,baseline
50064213,50069542,50066877,0.041844007595997865,-0.0034044085297487243,baseline
50069543,50074781,50072162,0.04300113596482909,-0.0012893643584001102,baseline
50074782,50080071,50077426,0.020458016937138796,0.0059312603824648764,baseline
50080073,50085361,50082717,0.04014892749753586,0.0019124239926920751,baseline
50085366,50090772,50088069,0.046121531967785775,-0.002063499510440703,baseline
50090778,50095629,50093203,0.038810250942691034,0.0003335462029184757,baseline
50095630,50100637,50098133,0.04229701490644923,0.0010124111296527971,baseline
50100643,50106004,50103323,0.04076847499988963,-0.003826998723228025,baseline
50106011,50113245,50109628,0.031925748469209744,-0.004023911071673417,baseline
50113249,50118733,50115991,0.04432241293875147,-0.0010017970166410171,baseline
50118736,50127083,50122909,0.03201551784195441,-0.006510307155264952,baseline
50127088,50132103,50129595,0.04306090601570494,-0.002446322284098806,baseline
50132105,50138040,50135072,0.03486095221014673,-0.004434206180910425,baseline
50138044,50143326,50140685,0.041388911194315176,-0.0012241973358972213,baseline
50143327,50148395,50145861,0.04339243086172522,0.001680589326293471,baseline
50148399,50153748,50151073,0.04060505928821098,0.0015094023460922154,baseline
50153751,50166430,50160090,0.03218859670420768,0.0009129590588906102,baseline
50166437,50176718,50171577,0.04457477328894251,0.0009478677413630522,baseline
50176722,50181433,50179077,0.04447195681521789,0.000750674000932046,baseline
50181436,50188128,50184782,0.04244764840396251,0.0021643345367694422,baseline
50188129,50194123,50191126,0.026509137565334673,0.0005855943059600664,baseline
50194138,50199535,50196836,0.032199428885730186,0.0025572657128582845,baseline
50199537,50206070,50202803,0.04264909502279229,0.0011307913941410257,baseline
50206071,50211256,50208663,0.04170615215587719,0.002120315030314645,baseline
50211258,50216873,50214065,0.03540393764671957,0.002589260300625625,baseline
50216893,50222077,50219485,0.03119245197952785,-0.00023192092706516253,baseline
50222092,50227126,50224609,0.03633987502944731,0.0013229850563140245,baseline
50227142,50232874,50230008,-0.0181662932970628,0.00557040140821245,intermediate
50232902,50240283,50236592,0.02185504285871947,0.0014196857058943462,baseline
50240284,50245544,50242914,0.0059765184651250315,0.0004887517127545783,baseline
50245545,50251433,50248489,0.00956543886752685,0.0004168467760563051,baseline
50251444,50256583,50254013,0.04266335985435842,0.0007264268383768881,baseline
50256589,50261623,50259106,0.04156852234124564,0.0014279039514678814,baseline
50261641,50266718,50264179,0.03647563307227226,0.0021674335886984783,baseline
50266721,50273311,50270016,0.041401116850592244,0.0018759600084919505,baseline
50273312,50278756,50276034,0.044769107067470004,0.0014325209385217484,baseline
50278759,50289190,50283974,0.04202062239575113,0.00032239566969088007,baseline
50289194,50295011,50292102,0.04392629241798784,0.0016731343476009027,baseline
50295014,50304135,50299574,0.044358804924393244,0.0022300335980636487,baseline
50304136,50312092,50308114,0.04289522986820129,0.0009288447248116083,baseline
50312097,50338006,50325051,0.042885826122120864,-0.0007580797492329721,baseline
50338007,50356817,50347412,0.042863575414481804,0.0019287448733040333,baseline
50356818,50362093,50359455,0.04411564863131913,0.0019622853435510494,baseline
50362096,50367453,50364774,0.04388613891956129,3.311086170671056e-05,baseline
50367454,50372423,50369938,0.03851211222761762,-0.002755886883548133,baseline
50372424,50377434,50374929,0.04268142336944245,-0.0016579417246086034,baseline
50377437,50382397,50379917,0.03637657229501308,0.0020609733517223615,baseline
50382398,50388172,50385285,0.044987721731828766,0.0018095056007901653,baseline
50388175,50401575,50394875,0.04148439581830103,0.002867467523508291,baseline
50401577,50406965,50404271,0.04014614737477368,0.0024075367417212192,baseline
50406968,50415315,50411141,0.04579626992801352,0.0017135639552971517,baseline
50415317,50420822,50418069,0.044479853690092455,0.0025753254072277115,baseline
50420828,50426454,50423641,0.04170921712156776,0.002398516226362615,baseline
50426458,50431885,50429171,0.042105401951463235,-0.0021622281578080834,baseline
50431890,50436601,50434245,0.034490072515270885,-0.001526881529567568,baseline
50436602,50452744,50444673,0.041861322204324966,-0.00026956672757494967,baseline
50452752,50458220,50455486,0.04511577270044486,0.002333542489341544,baseline
50458234,50463338,50460786,0.020821221930734605,0.0018131915985604083,baseline
50463342,50468438,50465890,0.03677258819703107,-0.0007005147404743124,baseline
50468439,50473393,50470916,0.045042013410267506,0.0011544100441323365,baseline
50473396,50478574,50475985,0.03277628951397847,0.002225972438639929,baseline
50478575,50483795,50481185,0.03790681282637617,0.001155261751135309,baseline
50483799,50489125,50486462,0.04315496480331596,0.0002892390620903014,baseline
50489128,50494683,50491905,0.0406225752812249,-0.002583124300417169,baseline
50494685,50500078,50497381,0.04598216014620151,0.0018313136585259378,baseline
50500090,50505949,50503019,0.04433370473861949,-0.0004660779114445207,baseline
50505951,50511171,50508561,0.024905370122384984,-0.00505699292779912,baseline
50511172,50521267,50516219,0.03128685129661897,-0.001487045257662745,baseline
50521269,50537681,50529475,0.04346557742007052,0.0016904913633159946,baseline
50537682,50542857,50540269,0.044843883232105204,0.0012666134501765364,baseline
50542864,50548102,50545483,0.04042921644171283,-0.002973130710388386,baseline
50548103,50553432,50550767,0.03992017712444971,-0.0029236382116598443,baseline
50553437,50560223,50556830,0.03000876925879714,-0.00021734229075367074,baseline
50560225,50571602,50565913,0.044055560792972105,0.0010577502543796739,baseline
50571603,50582092,50576847,0.029711595723409236,-0.0031151791706894197,baseline
50582098,50600409,50591253,0.046685078649152695,0.0017491554584216152,baseline
50600433,50609117,50604775,0.04616683057510154,0.0017065682507584649,baseline
50609119,50614657,50611888,0.04456295112186726,0.0015269832572011729,baseline
50614658,50620190,50617424,0.041763638651302684,0.0015542645635421677,baseline
50620200,50628932,50624566,0.043967392340443466,0.0016199974811767803,baseline
50628933,50633883,50631408,0.043997852879753434,0.0010169535502723977,baseline
50633884,50639245,50636564,0.040972016267762784,7.758056790195299e-05,baseline
50639262,50644924,50642093,0.035751104064483105,-0.001214428846260216,baseline
50644926,50650252,50647589,0.031527583082407246,-0.0013358350682923584,baseline
50650253,50655441,50652847,-0.01150111014637958,0.000955657586232114,intermediate
50655442,50660528,50657985,0.01586026758622461,-0.0010868975562177796,baseline
50660538,50666607,50663572,0.04233647753615186,0.001527572179655942,baseline
50666612,50671944,50669278,0.03707546472154091,0.002582961426206061,baseline
50671960,50677536,50674748,0.039380214091437236,0.0016154298372312588,baseline
50677540,50683343,50680441,0.04335852091053731,0.0017342094901726174,baseline
50683349,50688953,50686151,0.04303847063687551,-0.0005056337929422368,baseline
50688956,50694891,50691923,0.045054418848328524,-0.0017168149460692875,baseline
50694895,50700428,50697661,0.04442185275217995,0.0015578332594599488,baseline
50700431,50706333,50703382,0.03844082242639138,0.00280539397237648,baseline
50706334,50717470,50711902,0.031089206448708964,0.005036422349086129,baseline
50717471,50724079,50720775,0.0454442069081832,-0.001806973413142348,baseline
50724082,50754567,50739324,0.04289758655661972,0.001012704020504168,baseline
50754571,50766557,50760564,0.04527677851744075,0.0009996503843652366,baseline
50766560,50772373,50769466,0.04541816605504326,-0.0002453653252675628,baseline
50772387,50778798,50775592,0.04044130165762853,0.0023905673275549278,baseline
50778802,50785583,50782192,0.0395528758542997,0.0011306241753085548,baseline
50785586,50792676,50789131,0.04041811538408815,0.0019238519475626283,baseline
50792682,50797906,50795294,0.04591889749057626,8.310826484813195e-06,baseline
50797918,50802787,50800352,0.044385776002466626,0.00229060279864829,baseline
50802794,50808094,50805444,0.04585902394917205,0.002061912261022305,baseline
50808098,50813576,50810837,0.04529541998759916,0.002215301616959673,baseline
50813580,50819453,50816516,0.04258867496522489,0.0020037134721097023,baseline
50819459,50824917,50822188,0.03754695072034275,0.004091520601763981,baseline
50824926,50830275,50827600,0.04286825342744563,0.0025998194562792815,baseline
50830281,50839007,50834644,0.04696866369433436,0.001675455022959295,baseline
50839017,50844469,50841743,0.04462654641720264,-0.0024731065387062837,baseline
50844471,50850060,50847265,0.04517001635726927,0.0006989735107890075,baseline
50850064,50855769,50852916,0.04003447874982301,0.0019324466573847024,baseline
50855770,50895329,50875549,0.041987561861993185,0.0017539925047060615,baseline
50895336,50902187,50898761,0.03918682535657918,0.0006754959183412866,baseline
50902189,50909946,50906067,0.04348715547586138,0.0013503795006689703,baseline
50909954,50916064,50913009,0.035645553151140215,0.002711144254205956,baseline
50916070,50929975,50923022,0.041427379135853315,0.0010668681245044923,baseline
50929982,50940285,50935133,0.0461581060068997,0.0012539312994090772,baseline
50940292,50946133,50943212,0.04548287110037196,0.0030388036902098438,baseline
50946134,50951786,50948960,0.041814739729124424,0.002702435062520932,baseline
50951792,50957832,50954812,0.04097711705046099,0.003421776371039781,baseline
50957833,50963497,50960665,0.03714965133353977,0.003784167001255195,baseline
50963499,50969384,50966441,0.038686247668357134,0.002974059480776489,baseline
50969385,50982664,50976024,0.04516169700613252,0.003599279953632182,baseline
50982670,50996591,50989630,0.04468272552283021,0.0013709106255308113,baseline
50996593,51002728,50999660,0.047417042356721645,0.0025039673202939005,baseline
51002740,51017238,51009989,0.04249019326829299,0.002235152877071639,baseline
51017243,51023294,51020268,0.0445646788862096,0.003934731732880287,baseline
51023295,51030311,51026803,0.04560384849993109,0.0006362755817895907,baseline
51030314,51038223,51034268,0.04023976061928035,0.004546052698904667,baseline
51038238,51045325,51041781,0.03918808173564529,0.004017447008352716,baseline
51045326,51053802,51049564,0.04260851462918467,0.003935286167156615,baseline
51053808,51059951,51056879,0.04123997612977591,0.003143122102493739,baseline
51059955,51065963,51062959,0.04508096908823448,0.0013199998203609687,baseline
51065969,51108944,51087456,0.04339313349714136,0.0007514562329104263,baseline
51108946,51123012,51115979,0.04548438349090923,0.004017506591347084,baseline
51123013,51130916,51126964,0.0463522142058801,0.0030780903006494306,baseline
51130919,51141841,51136380,0.04686695479111793,0.0028422020563062768,baseline
51141849,51147648,51144748,0.04428702693369217,0.0011519814897681434,baseline
51147649,51153264,51150456,0.04660042616506904,0.0014895005869410833,baseline
51153267,51159217,51156242,0.04696957807921175,0.0015556724413553792,baseline
51159222,51164912,51162067,0.03896806811534565,0.0008156155278679459,baseline
51164913,51170554,51167733,0.03540472877397933,0.0018051046286678054,baseline
51170555,51182983,51176769,0.04905679476609517,0.0013316315593364524,baseline
51182989,51188826,51185907,0.04687109766131825,0.0016487498326838068,baseline
51188827,51200979,51194903,0.04628781276692206,0.0011810399099724856,baseline
51200980,51206375,51203677,0.04320442781732187,0.0022169447987841363,baseline
51206379,51213121,51209750,0.04754341610245971,0.0025503441081263884,baseline
51213152,51218643,51215897,0.04792462394697246,0.0030397563569389227,baseline
51218645,51224015,51221330,0.048928051500069854,0.0021118372927972457,baseline
51224018,51229391,51226704,0.04760755571236711,0.001476257698958377,baseline
51229393,51239747,51234570,0.04611655726281847,0.001124189401243308,baseline
51239772,51249116,51244444,0.04524408967057685,0.0005202934243810696,baseline
51249121,51254871,51251996,0.040181399740897704,-0.0005064565536508819,baseline
51254882,51265273,51260077,0.03147250617568883,0.0024940957574437223,baseline
51265274,51293923,51279598,0.030818189930627148,0.003966590871712434,baseline
51293925,51300003,51296964,0.04086118073513888,0.0019691148067359984,baseline
51300009,51306210,51303109,0.0413747337702407,0.001440548022708824,baseline
51306219,51312056,51309137,0.03689958723641204,-0.00040798732810690916,baseline
51312057,51318081,51315069,0.039480419329909484,0.0007594830177058072,baseline
51318083,51324141,51321112,0.030886169083614485,0.0008607907523191247,baseline
51324160,51333269,51328714,0.0376049276798085,0.0005685890326891768,baseline
51333271,51341216,51337243,0.04411520885234464,0.002398423599316089,baseline
51341223,51346740,51343981,0.037981775386570674,0.0004894049525226118,baseline
51346744,51351842,51349293,0.035331091243848534,0.0017880776023500653,baseline
51351843,51358225,51355034,0.03319705448841768,0.001313160828972467,baseline
51358227,51372370,51365298,0.011294306054791543,-0.004670313515000704,baseline
51372374,51395144,51383759,0.03860035323525905,0.0008108471051849599,baseline
51395150,51400911,51398030,0.016210764101665418,0.000717540660408854,baseline
51400915,51408220,51404567,0.031199365388852075,0.0025169189807325697,baseline
51408221,51413531,51410876,0.03718631023891073,0.0028145297858603595,baseline
51413533,51420887,51417210,0.032282892296917345,0.0017624115459530354,baseline
51420888,51429967,51425427,0.04146461732577271,0.002029117296004742,baseline
51429972,51437964,51433968,0.039075870027317994,0.003873952796735369,baseline
51437966,51444249,51441107,0.03533071268772093,0.0021759370673808853,baseline
51444260,51449982,51447121,0.04530724764235105,0.0028773719177684026,baseline
51449989,51456671,51453330,0.044568874180815066,0.00248454333685163,baseline
51456678,51462748,51459713,0.03989268843848951,0.0014170272045623685,baseline
51462749,51468638,51465693,0.024086459417681977,0.0032989176036033545,baseline
51468662,51493651,51481156,0.011884290173645343,0.004402388527409189,baseline
51493655,51510569,51502112,0.044094129724283546,0.0010845323800301356,baseline
51510586,51519992,51515289,0.04550033573612725,-0.0011314184178633977,baseline
51520001,51525553,51522777,0.04697262431059844,0.000403718758834874,baseline
51525561,51532998,51529279,0.046411563872547766,0.0028570164504132843,baseline
51533007,51539690,51536348,0.04727191395133842,-0.0010007535392179926,baseline
51539698,51545995,51542846,0.040322715356259545,0.0012416797866286148,baseline
51546022,51551801,51548911,0.03360756566017926,0.0018024540567360412,baseline
51551817,51557233,51554525,0.029490908993716012,0.004219549852811989,baseline
51557235,51564349,51560792,0.042764506990334135,0.003102083380851359,baseline
51564356,51571919,51568137,0.04474048180553555,0.0031080356585658983,baseline
51571920,51577859,51574889,0.04341058376588546,0.0033346304691375906,baseline
51577861,51583524,51580692,0.048314112308738555,0.0026889234445039456,baseline
51583533,51596893,51590213,0.04952163734739433,0.003137922220705914,baseline
51596894,51603589,51600241,0.04738276047855075,0.003511583146397287,baseline
51603591,51610019,51606805,0.04884668866278341,0.0016005492656280612,baseline
51610020,51618273,51614146,0.0500750586325717,0.002000203949476158,baseline
51618278,51626416,51622347,0.04465719452214905,0.0033207506695332022,baseline
51626423,51632303,51629363,0.045290743486113824,0.0015319940649064388,baseline
51632304,51639901,51636102,0.03645126429689219,0.0006193138223622599,baseline
51639905,51651669,51645787,0.042805524096193516,-0.0020993515116760333,baseline
51651670,51657816,51654743,0.04576638539503486,0.0024829059054782463,baseline
51657819,51664037,51660928,0.04177456952083727,0.0016535958988806872,baseline
51664041,51672596,51668318,0.037718319047869465,0.004173913330393497,baseline
51672603,51678009,51675306,0.03835215782162334,0.0031828622760196436,baseline
51678016,51684213,51681114,0.04200306827764125,0.003059888516512937,baseline
51684214,51690470,51687342,0.046843670490933194,0.0018365651905984939,baseline
51690517,51702777,51696647,0.04631328469040011,0.002926951386676824,baseline
51702785,51708890,51705837,0.03693770380818907,0.00039748839886919005,baseline
51708898,51715409,51712153,0.04560167497316014,0.0016275484094585141,baseline
51715411,51721896,51718653,0.045341070909214486,0.002663270047672442,baseline
51721901,51729332,51725616,0.03892070228934387,0.0022906390024152365,baseline
51729337,51735600,51732468,0.03852656025232044,-1.695799031632086e-05,baseline
51735602,51741587,51738594,0.042629622225457714,0.002309296718176229,baseline
51741591,51747402,51744496,0.04529321678734946,0.0022756777744535345,baseline
51747406,51753400,51750403,0.045135904426670065,0.0012747955250489872,baseline
51753403,51759869,51756636,0.042825375577463715,-0.002264507578776914,baseline
51759871,51776465,51768168,0.04510266319637811,-0.000514841319841977,baseline
51776468,51805156,51790812,0.04314214519945881,-0.0021268674829791937,baseline
51805160,51815260,51810210,0.04213231891770198,0.001302067052145734,baseline
51815261,51823149,51819205,0.03726559080751379,0.001340326119653256,baseline
51823155,51829339,51826247,0.04070526126021951,0.003592056324192692,baseline
51829345,51835557,51832451,0.041794490000626135,0.0019397099363292081,baseline
51835560,51841703,51838631,0.042962529247233386,0.0008264113338557106,baseline
51841721,51848303,51845012,0.04367760041159558,-0.0020334832224964544,baseline
51848310,51855072,51851691,0.045954891263899525,0.0005500282488376925,baseline
51855073,51861979,51858526,0.04745554708607018,0.001949208436951867,baseline
51861984,51878621,51870302,0.03153458779094908,0.0032465298266756534,baseline
51878623,51887192,51882907,0.030264417429637105,0.003328907229316431,baseline
51887193,51911493,51899343,0.029015147226850585,0.004009030290133785,baseline
51911531,51920887,51916209,0.03427146699594201,0.0041430283697090585,baseline
51920888,51933671,51927279,0.04218537515870356,0.00231613408926931,baseline
51933676,51940718,51937197,0.04662649105427307,0.0017764351801561437,baseline
51940725,51947665,51944195,0.04571024242672582,-0.00023936373448365055,baseline
51947673,51958442,51953057,0.046636297870966334,0.002343364005217466,baseline
51958447,51965005,51961726,0.044580329348582144,0.0015153796161843146,baseline
51965011,51972256,51968633,0.04196691507498301,0.0015246237168726525,baseline
51972257,51985925,51979091,0.03836866457161382,-0.001944307849311842,baseline
51985929,51992769,51989349,0.03903025651720589,-0.000737395440674485,baseline
51992771,52002124,51997447,0.04226906957269619,0.00012422664238097866,baseline
52002126,52009918,52006022,0.042601803459166775,-0.0011913271329536742,baseline
52009926,52018333,52014129,0.04265274972182116,-0.002905303086940665,baseline
52018336,52034989,52026662,0.03921732402570651,0.0021565047263501854,baseline
52034996,52045568,52040282,0.04410133017056063,-0.00034932023086599773,baseline
52045575,52056076,52050825,0.02971188462784755,0.003377979205369271,baseline
52056082,52090386,52073234,0.044508497410250585,0.0012404048736294727,baseline
52090390,52098532,52094461,0.020736357832827026,-0.0001326385092689149,baseline
52098533,52105594,52102063,0.04404431316943135,-0.00020326237757675364,baseline
52105612,52113182,52109397,0.04113717176976935,0.0008310724977158812,baseline
52113186,52120417,52116801,0.03797634071279441,0.0016235991681606394,baseline
52120426,52127692,52124059,0.045063881928486385,0.0021863078860991808,baseline
52127694,52142578,52135136,0.03998142886778424,0.0034029650870183196,baseline
52142580,52175061,52158820,0.03874038572961632,0.0024682799235397042,baseline
52175062,52204250,52189656,0.044334620733900314,0.00132766256533585,baseline
52204253,52210519,52207386,0.041654132380714116,0.0019700361106976417,baseline
52210525,52217730,52214127,0.04308074724408253,0.002550837421647978,baseline
52217731,52225237,52221484,0.04355543767706433,0.0002229204561227526,baseline
52225242,52234581,52229911,0.046523548101142065,-0.0005638659539024536,baseline
52234587,52244197,52239392,0.04844862751831935,0.0011545414107799288,baseline
52244214,52251742,52247978,0.04486875488923181,0.0020280247892111108,baseline
52251748,52265324,52258536,0.0484204777118925,0.0011176890531292489,baseline
52265326,52313644,52289485,0.04359976741341944,0.001940806022086923,baseline
52313661,52349429,52331545,0.04594630497894141,0.0018074622941589198,baseline
52349434,52360080,52354757,0.04310289827558696,0.002126191285252756,baseline
52360084,52398831,52379457,0.03664619536530775,0.004354693222218626,baseline
52398833,52422175,52410504,0.04405078337126309,0.0016441545924555006,baseline
52422176,52439986,52431081,0.04386506364404506,0.0018563963284552916,baseline
52439987,52457052,52448519,0.04519771556644826,0.0008524498678391488,baseline
52457070,52464939,52461004,0.04501171328503333,0.0025067804002994847,baseline
52464940,52484126,52474533,0.044121981308469865,0.001911688932851372,baseline
52484127,52494147,52489137,0.04384101386882414,0.0020192983085218813,baseline
52494150,52501321,52497735,0.044084503192464757,0.0029911504821884343,baseline
52501323,52606442,52553882,0.025314495591934865,0.0010002846429320916,baseline
52606443,52616846,52611644,0.03114982193747693,0.0020903886662763478,baseline
52616858,52657360,52637109,0.037921509788934944,0.002205552097678322,baseline
52657363,52687878,52672620,0.039799779125682645,0.0035941981725774986,baseline
52687879,52738877,52713378,0.0372282418635856,0.0033623886682922037,baseline
52738882,52745973,52742427,0.03872977867588396,0.003639397600948933,baseline
52745978,52757689,52751833,0.03909219262742949,0.003324946944183608,baseline
52757691,52767070,52762380,0.02296413285808631,0.005228721029880655,baseline
52767097,52781234,52774165,0.02211871064269951,0.005872592549313087,baseline
52781235,52788958,52785096,0.036274028495595446,0.0038073833817993006,baseline
52788963,52808541,52798752,0.044412516241020966,0.001706406178866933,baseline
52808549,52814803,52811676,0.038108236076016586,0.0020444299644925717,baseline
52814805,52821714,52818259,0.04157532436048749,0.001915279563664334,baseline
52821721,52845460,52833590,0.03657142722638128,0.0013714118300916808,baseline
52845463,52853790,52849626,0.0012902878799205143,0.0023193881052887043,baseline
52853798,52864251,52859024,0.015615540343765546,0.0007399053364410583,baseline
52864260,52888380,52876320,0.03450091774116729,0.0013813813318158898,baseline
52888381,52910739,52899560,0.04102944618886548,0.0022392687274229695,baseline
52910744,52960263,52935503,0.012967324909103139,0.00026905830004881595,baseline
52960266,53005674,52982970,0.004300730041863208,0.0010694524456897408,baseline
53005685,53039776,53022730,0.043600063381975036,0.0022916151868879976,baseline
53039778,53045332,53042555,0.043153039631842464,0.002108677336545616,baseline
53045336,53059551,53052443,0.03137278817515822,0.0012254184628077659,baseline
53059557,53082786,53071171,0.0334721466567161,0.000362557259887584,baseline
53082787,53093593,53088190,0.028417873701889515,-0.0017158550031428617,baseline
53093596,53152718,53123157,0.042946413637638334,0.0010018637390684397,baseline
53152728,53166775,53159751,0.043392768922265366,0.0016933914815111108,baseline
