window_start,window_stop,n_variants,fst,fst_wc,dxy,da
185.0,100185.0,970,0.017059339580035353,0.017059339580035332,0.0003321666036001946,5.666542887962716e-06
10185.0,110185.0,781,0.02198998710197119,0.021989987101971167,0.0003892059748427673,8.558634366802574e-06
20185.0,120185.0,735,0.022637946575470167,0.02263794657547015,0.0003874305733572589,8.770632621365446e-06
30185.0,130185.0,814,0.02129044674756758,0.021290446747567558,0.00038766615644888423,8.253585659709118e-06
40185.0,140185.0,843,0.0207166872969371,0.02071668729693708,0.000321100052042675,6.652129369198327e-06
50185.0,150185.0,809,0.01905602221741589,0.019056022217415865,0.00033033300478738385,6.294833078374155e-06
60185.0,160185.0,815,0.019677036869741985,0.019677036869741968,0.0002936460884134553,5.778084908367039e-06
70185.0,170185.0,720,0.020563666568919052,0.020563666568919035,0.000280395115446698,5.765951661599491e-06
80185.0,180185.0,688,0.014165492968624906,0.014165492968624885,0.0002441732998184611,3.4588351617043445e-06
90185.0,190185.0,643,0.015421061331188892,0.015421061331188883,0.00023000650459386942,3.5469444139144203e-06
100185.0,200185.0,589,0.008317574795484515,0.00831757479548452,0.0001747890457195459,1.4538209612036958e-06
110185.0,210185.0,585,0.004156305234758634,0.00415630523475865,0.0001793471074380165,7.454213214834252e-07
120185.0,220185.0,524,0.005572258090774837,0.005572258090774844,0.00020185766349463453,1.1248029985929007e-06
130185.0,230185.0,430,0.014183953841679994,0.014183953841680008,0.0002572342793544797,3.648599144861779e-06
140185.0,240185.0,419,0.01545251368811175,0.015452513688111754,0.00042918050941306764,6.631917696376249e-06
150185.0,250185.0,459,0.013972327890363455,0.01397232789036345,0.0005239160948222084,7.320327463894594e-06
160185.0,260185.0,465,0.013889232018737464,0.013889232018737457,0.0006445583887657059,8.95242101119042e-06
170185.0,270185.0,463,0.013921266096177658,0.01392126609617765,0.0006535186553380125,9.097807099776683e-06
180185.0,280185.0,446,0.013675635301672399,0.013675635301672392,0.0007196837860780985,9.842132990930805e-06
190185.0,290185.0,449,0.012890795632080416,0.012890795632080405,0.0005104152823920266,6.579659092806306e-06
200185.0,300185.0,484,0.013240172963632519,0.013240172963632503,0.000749183803264787,9.919323136777814e-06
210185.0,310185.0,474,0.020525487509304614,0.020525487509304597,0.0008368003431267425,1.7175734990629818e-05
220185.0,320185.0,505,0.02438333841550257,0.024383338415502553,0.000855363389040031,2.0856614983194162e-05
230185.0,330185.0,555,0.019184352256598515,0.0191843522565985,0.000659977460555973,1.2661240084721136e-05
240185.0,340185.0,540,0.018379126967959063,0.01837912696795905,0.0006988624052004333,1.2844480878312035e-05
250185.0,350185.0,504,0.0200371067783041,0.020037106778304094,0.0006227229223161588,1.2477565687746453e-05
260185.0,360185.0,486,0.02107536262732743,0.021075362627327423,0.0006747439126784216,1.4220472640279508e-05
270185.0,370185.0,483,0.02143653264975284,0.021436532649752826,0.0003344247497127851,7.168907066103483e-06
280185.0,380185.0,504,0.019398321696657683,0.019398321696657676,0.0003811767578125,7.394189371335792e-06
290185.0,390185.0,496,0.021736010533183185,0.021736010533183196,0.00048524515184778633,1.0547293731739602e-05
300185.0,400185.0,462,0.022837702383797686,0.022837702383797693,0.00045315567379139524,1.03490344115772e-05
310185.0,410185.0,468,0.017736691319037236,0.01773669131903724,0.0005250091324200913,9.311924921410628e-06
320185.0,420185.0,464,0.01717753593664299,0.017177535936643,0.0004206161320172733,7.225148723258505e-06
330185.0,430185.0,454,0.023292407349105718,0.02329240734910572,0.0004275189350470507,9.957945184571808e-06
340185.0,440185.0,459,0.02232871388544415,0.022328713885444145,0.0004236402471584407,9.459341869159689e-06
350185.0,450185.0,477,0.022719641783486812,0.02271964178348681,0.00043126826833963074,9.798260569261121e-06
360185.0,460185.0,476,0.021807547755172813,0.021807547755172813,0.00045680633955709943,9.961826064757102e-06
370185.0,470185.0,504,0.019614334688869497,0.019614334688869504,0.0008736361361361362,1.7135791570465175e-05
380185.0,480185.0,468,0.020641132198702703,0.020641132198702703,0.0008264562483962022,1.7058992679589938e-05
390185.0,490185.0,452,0.018805089748764544,0.018805089748764544,0.0007634590034273663,1.4356915078954083e-05
400185.0,500185.0,444,0.018099294075146065,0.018099294075146058,0.0007983194965184788,1.4449019333410544e-05
410185.0,510185.0,438,0.0275968267884902,0.02759682678849019,0.0007551614215952252,2.0840058949113356e-05
420185.0,520185.0,458,0.02351246119888603,0.023512461198886017,0.001187654200117486,2.792467329795648e-05
430185.0,530185.0,444,0.02071824332852424,0.02071824332852424,0.0016375441456126052,3.3927038070002136e-05
440185.0,540185.0,512,0.022475473195348514,0.02247547319534853,0.0016870720612880055,3.7917742892099626e-05
450185.0,550185.0,628,0.029950477117861293,0.0299504771178613,0.002496988265971317,7.478598992354217e-05
460185.0,560185.0,657,0.03047304448630964,0.03047304448630964,0.0026919897959183678,8.203312480771195e-05
470185.0,570185.0,674,0.03148895383733896,0.03148895383733895,0.002851035544360481,8.977612664497972e-05
480185.0,580185.0,731,0.028829838330261388,0.02882983833026138,0.003006709435979685,8.668294694536572e-05
490185.0,590185.0,786,0.028374747173474102,0.028374747173474088,0.002886347954657467,8.189939346807932e-05
500185.0,600185.0,850,0.026789410860597856,0.026789410860597853,0.0029481425586254935,7.897900227863253e-05
510185.0,610185.0,894,0.021508458451081056,0.021508458451081056,0.002812685630621209,6.0496532022169014e-05
520185.0,620185.0,998,0.022488125671666265,0.022488125671666262,0.0020774747474747476,4.671851320092536e-05
530185.0,630185.0,1036,0.02934341328834634,0.02934341328834634,0.002261146861146861,6.634976685227986e-05
540185.0,640185.0,1019,0.027369317080293862,0.02736931708029386,0.0024322026232473995,6.656772479918047e-05
550185.0,650185.0,908,0.022424287186333703,0.022424287186333703,0.001834453896816685,4.113632101230636e-05
560185.0,660185.0,907,0.021437247728924577,0.021437247728924577,0.0017374253483742534,3.724561760361204e-05
570185.0,670185.0,903,0.021292096973011404,0.02129209697301141,0.0014656983536909187,3.1207791479970174e-05
580185.0,680185.0,900,0.02286502665446564,0.022865026654465652,0.0014354462582149674,3.282151695513835e-05
590185.0,690185.0,893,0.026123966763776724,0.026123966763776738,0.0014537794101990846,3.7978484993903987e-05
600185.0,700185.0,903,0.02800936521151492,0.028009365211514935,0.0014657175877285146,4.105381921162872e-05
610185.0,710185.0,887,0.02847950373884582,0.028479503738845828,0.0015197203418044613,4.3280881156420343e-05
620185.0,720185.0,779,0.028809430163476698,0.02880943016347671,0.0020195298897272202,5.818150532115001e-05
630185.0,730185.0,790,0.02050019729654776,0.02050019729654776,0.001958464912280702,4.014891710012075e-05
640185.0,740185.0,773,0.02226692110317643,0.02226692110317643,0.0018916347851677456,4.2120882517353924e-05
650185.0,750185.0,800,0.020285287824917606,0.020285287824917612,0.002338718367346939,4.7441575223054e-05
660185.0,760185.0,843,0.01902415869923204,0.019024158699232043,0.002329061488673139,4.430843538078733e-05
670185.0,770185.0,889,0.020055052017878786,0.02005505201787878,0.0032015046546871617,6.420634238523184e-05
680185.0,780185.0,919,0.019420549416421743,0.019420549416421743,0.0031713640184951658,6.158963163864732e-05
690185.0,790185.0,923,0.015976316860007406,0.015976316860007403,0.0031551324163416133,5.0407395218754256e-05
700185.0,800185.0,924,0.013552005926213799,0.013552005926213797,0.0028668485418626532,3.885154842887996e-05
710185.0,810185.0,956,0.01749216575424005,0.017492165754240053,0.002845513619369771,4.977419588596386e-05
720185.0,820185.0,961,0.015206467836034274,0.015206467836034278,0.002756429994566202,4.191556405465133e-05
730185.0,830185.0,928,0.014553285910069826,0.014553285910069831,0.002788750680951516,4.0585485991789094e-05
740185.0,840185.0,959,0.013269389298661985,0.013269389298661992,0.002675150816181689,3.549761761254834e-05
750185.0,850185.0,956,0.014413360327202663,0.01441336032720266,0.0028465614103060826,4.102851530025156e-05
760185.0,860185.0,930,0.014563758682417376,0.014563758682417374,0.003216601802539943,4.6845812429620583e-05
770185.0,870185.0,948,0.013484225633589239,0.013484225633589239,0.0029722266009852218,4.007817412184039e-05
780185.0,880185.0,925,0.013120464995078776,0.013120464995078776,0.002914458804523425,3.823905472434833e-05
790185.0,890185.0,911,0.01311361084274327,0.013113610842743269,0.0024680133000831257,3.236456597200477e-05
800185.0,900185.0,886,0.01400588386885784,0.014005883868857844,0.002679874792855828,3.7534015131818375e-05
810185.0,910185.0,838,0.00891581894426099,0.008915818944260983,0.0012555409090909092,1.1194175422567328e-05
820185.0,920185.0,843,0.008938285623651992,0.008938285623651985,0.0012717350327618707,1.1367130960429988e-05
830185.0,930185.0,823,0.00844249190030771,0.008442491900307703,0.0011520953237410072,9.726555439065874e-06
840185.0,940185.0,828,0.00931163162432453,0.009311631624324525,0.001359090500584165,1.265535008555867e-05
850185.0,950185.0,845,0.009262321967536406,0.0092623219675364,0.0012317075239630163,1.1408471656782463e-05
860185.0,960185.0,836,0.009309129216651217,0.009309129216651215,0.0010761657395287956,1.001816592780649e-05
870185.0,970185.0,757,0.009297853510720683,0.00929785351072068,0.0007709015406836784,7.167729596465654e-06
880185.0,980185.0,760,0.009393467391559137,0.00939346739155913,0.0007377258602831166,6.9298038124793495e-06
890185.0,990185.0,780,0.00902766162210362,0.009027661622103613,0.000792165984369185,7.151406455425624e-06
900185.0,1000185.0,793,0.011530201722023485,0.01153020172202348,0.0008320981534266947,9.594259561533012e-06
910185.0,1010185.0,842,0.011294373036860306,0.011294373036860308,0.0012921760391198043,1.4594318215111504e-05
920185.0,1020185.0,837,0.012073007756265942,0.012073007756265948,0.001244334117647059,1.5022855453739394e-05
930185.0,1030185.0,886,0.012764213156392198,0.012764213156392203,0.0013036523813893732,1.664009687789215e-05
940185.0,1040185.0,839,0.013437349368696781,0.013437349368696788,0.0010228808069590969,1.3744806765643895e-05
950185.0,1050185.0,850,0.01346386317973734,0.013463863179737348,0.0011089897919876733,1.4931286827047304e-05
960185.0,1060185.0,851,0.01583418140769964,0.015834181407699655,0.0011568386322735452,1.8317592762854447e-05
970185.0,1070185.0,905,0.014663736293353534,0.014663736293353545,0.0023421033412452073,3.434398576780191e-05
980185.0,1080185.0,892,0.015256267532971258,0.015256267532971261,0.002816737109044801,4.297289490563532e-05
990185.0,1090185.0,924,0.01792558496878126,0.017925584968781272,0.002730301886792453,4.89422584621218e-05
1000185.0,1100185.0,943,0.015757068451420726,0.015757068451420733,0.0021802672227371023,3.4354619871057536e-05
1010185.0,1110185.0,929,0.016661770456788516,0.01666177045678852,0.0022420436316971447,3.735641634544222e-05
1020185.0,1120185.0,1003,0.01583492432630856,0.015834924326308557,0.0021319571639586412,3.375938035821688e-05
1030185.0,1130185.0,1081,0.017916739714636493,0.017916739714636493,0.002123206604689885,3.804094009662603e-05
1040185.0,1140185.0,1172,0.017386884454394177,0.017386884454394177,0.002242157490396927,3.898413321408557e-05
1050185.0,1150185.0,1231,0.02120517980951669,0.02120517980951669,0.0021783390607101947,4.619207146845342e-05
1060185.0,1160185.0,1295,0.020103166331881084,0.020103166331881084,0.0021813097866078,4.385123346153663e-05
1070185.0,1170185.0,1368,0.019985547707262793,0.019985547707262786,0.0021740280016116034,4.344914034313379e-05
1080185.0,1180185.0,1415,0.019438500392490076,0.01943850039249007,0.0022054838097046816,4.287129790057496e-05
1090185.0,1190185.0,1439,0.01894093541984338,0.01894093541984338,0.0019468687829772512,3.687551588928131e-05
1100185.0,1200185.0,1480,0.01991077049968876,0.019910770499688753,0.002014689438280772,4.011401903375508e-05
1110185.0,1210185.0,1519,0.019230083024437544,0.019230083024437544,0.0019699501773349096,3.78823054641558e-05
1120185.0,1220185.0,1439,0.019902587550906802,0.019902587550906795,0.0019055213937996412,3.792480637022336e-05
1130185.0,1230185.0,1341,0.017588944460301213,0.017588944460301206,0.0019742014519056263,3.47241196910141e-05
1140185.0,1240185.0,1365,0.021162713964334258,0.02116271396433425,0.001883722496632241,3.986468038440991e-05
1150185.0,1250185.0,1375,0.017440579709374442,0.01744057970937443,0.001858031451839371,3.240514563832932e-05
1160185.0,1260185.0,1360,0.015715844523035833,0.015715844523035812,0.0019256650393543887,3.0263452361939202e-05
1170185.0,1270185.0,1301,0.01556689847826281,0.015566898478262802,0.001848382884692648,2.877358871496932e-05
1180185.0,1280185.0,1306,0.015727741111045662,0.01572774111104566,0.0017977758372714197,2.8274952944298335e-05
1190185.0,1290185.0,1207,0.01490185707267425,0.014901857072674243,0.0011347873615910856,1.6910439070307492e-05
1200185.0,1300185.0,1156,0.014319798275897343,0.01431979827589734,0.001184061433447099,1.6955520873232376e-05
1210185.0,1310185.0,1164,0.016326719862689743,0.016326719862689736,0.0011269650822950314,1.8399643193663933e-05
1220185.0,1320185.0,1190,0.0174518669188774,0.017451866918877394,0.0011662392147550067,2.0353051571480664e-05
1230185.0,1330185.0,1244,0.018058941317601464,0.018058941317601468,0.0011466661557326793,2.0707576817256245e-05
1240185.0,1340185.0,1206,0.01416684843309623,0.014166848433096223,0.0011959329582747304,1.6942600956022522e-05
1250185.0,1350185.0,1120,0.015516823335291653,0.015516823335291653,0.00122063816409934,1.894042674864435e-05
1260185.0,1360185.0,1090,0.017048348140345577,0.01704834814034558,0.001173966519962276,2.0014189937426625e-05
1270185.0,1370185.0,1025,0.017560347093448364,0.017560347093448364,0.0012121822561887358,2.1286341159193705e-05
1280185.0,1380185.0,980,0.016822930687917993,0.016822930687917986,0.0010819928018151945,1.8202289909763272e-05
1290185.0,1390185.0,1004,0.018268744823335268,0.01826874482333526,0.0011532180934462216,2.1067847074822283e-05
1300185.0,1400185.0,1060,0.015416129360438093,0.01541612936043807,0.0011662236445783131,1.797865456802069e-05
1310185.0,1410185.0,1050,0.013117521190833977,0.013117521190833965,0.0013108469372472668,1.7195062477280884e-05
1320185.0,1420185.0,1089,0.012081649791881841,0.012081649791881824,0.001348859259259259,1.629644518890724e-05
1330185.0,1430185.0,1054,0.013321894339473941,0.013321894339473925,0.0013111033416752537,1.7466380185928656e-05
1340185.0,1440185.0,1011,0.011595571329687948,0.011595571329687934,0.0012958139360264302,1.5025702925198101e-05
1350185.0,1450185.0,1011,0.011529149600761358,0.011529149600761339,0.001294179609411041,1.4920790327154728e-05
1360185.0,1460185.0,954,0.011385682513661236,0.011385682513661208,0.0008607380054194783,9.800089657148196e-06
1370185.0,1470185.0,1008,0.012311205962572245,0.012311205962572224,0.0009460285399506845,1.1646752201804206e-05
1380185.0,1480185.0,1055,0.013077191627032407,0.013077191627032391,0.000998804542737597,1.3061558403329932e-05
1390185.0,1490185.0,1101,0.01321199837461816,0.013211998374618146,0.001451191479580109,1.9173139469472298e-05
1400185.0,1500185.0,1066,0.019831299586875604,0.019831299586875593,0.0012270228083588175,2.4333456912493127e-05
1410185.0,1510185.0,1096,0.021542056211325468,0.021542056211325464,0.0012607873371514886,2.7159951687444818e-05
1420185.0,1520185.0,1070,0.02123489859860222,0.021234898598602208,0.0013930588529301512,2.9581463483856902e-05
1430185.0,1530185.0,1060,0.020365335068573173,0.020365335068573166,0.0013994151295070377,2.8499558012441378e-05
1440185.0,1540185.0,1047,0.021952353271000796,0.021952353271000792,0.001403780724450194,3.081629037815181e-05
1450185.0,1550185.0,1083,0.019819434282667848,0.019819434282667848,0.001471188276521185,2.915811936394301e-05
1460185.0,1560185.0,1151,0.018909956894788162,0.018909956894788162,0.0023852070141256697,4.51041618222629e-05
1470185.0,1570185.0,1163,0.0187287225364756,0.018728722536475596,0.0022734844138458596,4.2579458777921035e-05
1480185.0,1580185.0,1187,0.018402944400380847,0.018402944400380844,0.0022956218448829738,4.224620117568086e-05
1490185.0,1590185.0,1243,0.016892695125619688,0.01689269512561968,0.0023076870375445327,3.8983053570584305e-05
1500185.0,1600185.0,1236,0.01344072141834616,0.01344072141834616,0.002983362326043738,4.0098541914342876e-05
1510185.0,1610185.0,1196,0.012465076952302761,0.012465076952302758,0.002924440488301119,3.645337572910363e-05
1520185.0,1620185.0,1248,0.011533719276601075,0.011533719276601073,0.0026166728716803173,3.017997034065828e-05
1530185.0,1630185.0,1298,0.011618100697586157,0.011618100697586151,0.0026863135298213045,3.120986109475238e-05
1540185.0,1640185.0,1329,0.010616160528392147,0.010616160528392139,0.002796191079866313,2.9684813371918865e-05
1550185.0,1650185.0,1326,0.01148085461547064,0.011480854615470635,0.002772565125557381,3.183141711844859e-05
1560185.0,1660185.0,1340,0.011191587993336664,0.011191587993336664,0.0028200252343186733,3.156056055330714e-05
1570185.0,1670185.0,1320,0.011483016177270029,0.011483016177270032,0.002744002703699152,3.150942743705028e-05
1580185.0,1680185.0,1307,0.011195457059948673,0.01119545705994867,0.0027103086342621513,3.0343143934089532e-05
1590185.0,1690185.0,1274,0.011469228959436228,0.011469228959436223,0.002818520900321543,3.2326261532743814e-05
1600185.0,1700185.0,1279,0.011438322436479388,0.011438322436479385,0.0029150817332641416,3.334364479376625e-05
1610185.0,1710185.0,1313,0.011465218308465232,0.01146521830846523,0.002706313225927314,3.102847194634328e-05
1620185.0,1720185.0,1299,0.011889698230341392,0.011889698230341387,0.0025416125541125544,3.0219006286845637e-05
1630185.0,1730185.0,1275,0.011668043995630938,0.011668043995630935,0.002359928904143172,2.7535754280103142e-05
1640185.0,1740185.0,1288,0.015738199234559946,0.01573819923455994,0.002193962105768078,3.452901273365288e-05
1650185.0,1750185.0,1310,0.016449969459592772,0.01644996945959276,0.002106599218211083,3.46534928031743e-05
1660185.0,1760185.0,1392,0.015909366582842224,0.015909366582842213,0.002062334118150685,3.281042950196171e-05
1670185.0,1770185.0,1438,0.01601897411294459,0.016018974112944583,0.0021554625731594616,3.4528299160862145e-05
1680185.0,1780185.0,1436,0.017454724460878337,0.017454724460878326,0.002276986418564859,3.97441705372119e-05
1690185.0,1790185.0,1484,0.01695334918690764,0.016953349186907635,0.0021189391684032946,3.592311562775675e-05
1700185.0,1800185.0,1522,0.016067499152159794,0.016067499152159784,0.0020023498817966904,3.217275502809535e-05
1710185.0,1810185.0,1523,0.016037946219322828,0.016037946219322828,0.0018321759452466408,2.9384339274202637e-05
1720185.0,1820185.0,1560,0.016871145179106425,0.01687114517910642,0.0019449671052631577,3.281382240148079e-05
1730185.0,1830185.0,1591,0.017813745556648324,0.017813745556648324,0.002004011725965786,3.569895497889453e-05
1740185.0,1840185.0,1609,0.015237656283817739,0.01523765628381774,0.0018517134951042998,2.821577377450602e-05
1750185.0,1850185.0,1614,0.014472176064712081,0.014472176064712078,0.0016371345029239767,2.3692898767930617e-05
1760185.0,1860185.0,1544,0.016982739025967742,0.016982739025967742,0.0013315763356674202,2.261381340179439e-05
1770185.0,1870185.0,1532,0.01730051177907081,0.01730051177907081,0.001288517879024173,2.229201874360118e-05
1780185.0,1880185.0,1501,0.01632896093903866,0.016328960939038663,0.0012682572379931149,2.0709322899842736e-05
1790185.0,1890185.0,1409,0.01632801421352353,0.01632801421352353,0.0012992163665729497,2.1213623299845553e-05
1800185.0,1900185.0,1356,0.017132964008399115,0.01713296400839912,0.001339958747421714,2.295746499231589e-05
1810185.0,1910185.0,1302,0.01723346050941348,0.017233460509413476,0.0013913450045700624,2.3977689191227926e-05
1820185.0,1920185.0,1216,0.0169139670168948,0.0169139670168948,0.0013503502033438768,2.283977880061562e-05
1830185.0,1930185.0,1125,0.01782418072144121,0.0178241807214412,0.0013964513556618818,2.489060133201867e-05
1840185.0,1940185.0,1114,0.02013031261881416,0.020130312618814154,0.0015331104460862247,3.0861992558885574e-05
1850185.0,1950185.0,1087,0.020019728019427523,0.02001972801942752,0.0018388966318234612,3.681421042494725e-05
1860185.0,1960185.0,1072,0.019604482329310783,0.01960448232931078,0.0031028529357629304,6.08298255496146e-05
1870185.0,1970185.0,1080,0.02029505624858666,0.020295056248586664,0.0030957944779667216,6.282932306439918e-05
1880185.0,1980185.0,1092,0.021933780354954618,0.021933780354954614,0.002949266913972796,6.468857269921421e-05
1890185.0,1990185.0,1106,0.021934569227233296,0.021934569227233296,0.0030559563907108667,6.703108700745336e-05
1900185.0,2000185.0,1081,0.022848293266431924,0.022848293266431927,0.002978532028469751,6.80543732899374e-05
1910185.0,2010185.0,1077,0.022906155547362427,0.02290615554736243,0.0032481402664692825,7.440240618339678e-05
1920185.0,2020185.0,1074,0.021216446379126425,0.021216446379126428,0.002829232846251588,6.002626697655971e-05
1930185.0,2030185.0,1152,0.018318237533000617,0.018318237533000624,0.002403454974330512,4.402705911965841e-05
1940185.0,2040185.0,1102,0.01601207083888124,0.01601207083888125,0.0023595280075952804,3.778092960394008e-05
1950185.0,2050185.0,1098,0.016867455467010996,0.016867455467010996,0.00219443407960199,3.701451911297748e-05
1960185.0,2060185.0,1084,0.0156869667319625,0.015686966731962494,0.0020132352941176473,3.158155508243642e-05
1970185.0,2070185.0,1053,0.012671028715906548,0.012671028715906535,0.001995459190190318,2.5284520700321155e-05
1980185.0,2080185.0,1048,0.01074069918971447,0.01074069918971446,0.0019841707569103594,2.1311381241002234e-05
1990185.0,2090185.0,1048,0.01115402510841557,0.011154025108415557,0.0019092173017507723,2.1295457721149247e-05
2000185.0,2100185.0,1057,0.011402718467338278,0.011402718467338268,0.00204229381443299,2.3287701393566036e-05
2010185.0,2110185.0,1065,0.014218001925906398,0.014218001925906385,0.0019834255881242924,2.8200348831843393e-05
2020185.0,2120185.0,1060,0.013979917964287745,0.013979917964287736,0.0023079008467631794,3.2264264507459767e-05
2030185.0,2130185.0,1050,0.015329099747438419,0.015329099747438416,0.002456031416716064,3.764875056968276e-05
2040185.0,2140185.0,1116,0.01698481496407296,0.016984814964072958,0.0019880694143167028,3.376699113790176e-05
2050185.0,2150185.0,1159,0.015052474408617053,0.015052474408617055,0.002327630133977597,3.50365930244237e-05
2060185.0,2160185.0,1158,0.013812555826817023,0.01381255582681703,0.0017534685598377283,2.4219882373326762e-05
2070185.0,2170185.0,1232,0.014736533599063663,0.01473653359906367,0.0014000287154616808,2.063157020505498e-05
2080185.0,2180185.0,1299,0.014167122738533138,0.014167122738533149,0.0010136446015132981,1.4360427482890482e-05
2090185.0,2190185.0,1389,0.014509900380683997,0.01450990038068401,0.0008915561415246566,1.2936390797309851e-05
2100185.0,2200185.0,1451,0.013953083774831197,0.013953083774831213,0.0008726941838649156,1.217677505727512e-05
2110185.0,2210185.0,1496,0.013602378557426516,0.013602378557426523,0.0008279466244649857,1.1262043411316034e-05
2120185.0,2220185.0,1496,0.01397780057580727,0.013977800575807279,0.0006458635469571089,9.027751858550047e-06
2130185.0,2230185.0,1458,0.014644116476782824,0.014644116476782829,0.0006642712073938894,9.727664933249292e-06
2140185.0,2240185.0,1470,0.012550516035606472,0.012550516035606479,0.0005850185593480506,7.342284810225134e-06
2150185.0,2250185.0,1426,0.013174377076215826,0.013174377076215828,0.0005229478560533304,6.889512246845251e-06
2160185.0,2260185.0,1484,0.014512846271322542,0.01451284627132254,0.0005316218796889919,7.715346614397818e-06
2170185.0,2270185.0,1455,0.015365950937213409,0.015365950937213406,0.0005753718297352795,8.841135306366994e-06
2180185.0,2280185.0,1452,0.014677401047613536,0.01467740104761353,0.0007215733229075033,1.0590821045572527e-05
2190185.0,2290185.0,1353,0.013812293076188155,0.01381229307618815,0.0007822677575845341,1.0804911531810124e-05
2200185.0,2300185.0,1360,0.01274357131693842,0.01274357131693841,0.0006524581622987055,8.314647122572183e-06
2210185.0,2310185.0,1431,0.011839630461751315,0.011839630461751304,0.0006017592188522802,7.124606778163074e-06
2220185.0,2320185.0,1540,0.012502783147677245,0.012502783147677242,0.0007212806714824671,9.018015824156287e-06
2230185.0,2330185.0,1582,0.016017197988626736,0.016017197988626733,0.0007739392185238785,1.2396337694260108e-05
2240185.0,2340185.0,1556,0.018442594224610132,0.018442594224610125,0.0008800903496137227,1.6231149198921227e-05
2250185.0,2350185.0,1587,0.019411982530856763,0.019411982530856756,0.0008724824775876121,1.693661461340939e-05
2260185.0,2360185.0,1583,0.02050466786075084,0.020504667860750843,0.00098773180642778,2.0253112626301217e-05
2270185.0,2370185.0,1512,0.021581164782053595,0.021581164782053592,0.0010275809988827742,2.2176394863796326e-05
2280185.0,2380185.0,1545,0.02386424628957999,0.02386424628957999,0.0010194997684113015,2.4329593565537145e-05
2290185.0,2390185.0,1632,0.024076764766869527,0.024076764766869527,0.001047026549399967,2.5209011934570132e-05
2300185.0,2400185.0,1591,0.02468967038743766,0.02468967038743766,0.0013407061645978931,3.310159329032771e-05
2310185.0,2410185.0,1578,0.025660409479507585,0.025660409479507592,0.0017984178131788561,4.614813750141051e-05
2320185.0,2420185.0,1487,0.0262085207681586,0.026208520768158595,0.002273332325675131,5.958067747038277e-05
2330185.0,2430185.0,1428,0.023654558153621736,0.023654558153621733,0.0021450032306698256,5.0739103659586154e-05
2340185.0,2440185.0,1407,0.02122347733536509,0.021223477335365084,0.0021547078651685393,4.573039354073743e-05
2350185.0,2450185.0,1411,0.023099011162648776,0.023099011162648776,0.002145092592592593,4.954951774121134e-05
2360185.0,2460185.0,1387,0.022189657891059887,0.022189657891059884,0.002185286564725108,4.849076126518003e-05
2370185.0,2470185.0,1404,0.02004884210146732,0.02004884210146732,0.0021491174079665545,4.308731556983652e-05
2380185.0,2480185.0,1295,0.018142370898662878,0.018142370898662875,0.002261288490661282,4.1025134506454485e-05
2390185.0,2490185.0,1171,0.01823654621422053,0.018236546214220516,0.0016874384483971459,3.0773049247846745e-05
2400185.0,2500185.0,1190,0.017493071651886623,0.01749307165188662,0.0014421950789311226,2.5228421851740527e-05
2410185.0,2510185.0,1128,0.015295119649289762,0.015295119649289755,0.0013750770206596593,2.1031967557978442e-05
2420185.0,2520185.0,1108,0.01649444142467093,0.01649444142467092,0.0014258633494244337,2.351881949666637e-05
2430185.0,2530185.0,1243,0.01301556240159967,0.013015562401599663,0.0013144622444050877,1.710846536660122e-05
2440185.0,2540185.0,1264,0.012584151303611135,0.01258415130361113,0.0012615931218592966,1.587607872907249e-05
2450185.0,2550185.0,1229,0.010970552511088019,0.01097055251108802,0.0012909325364336007,1.4162243179216783e-05
2460185.0,2560185.0,1243,0.009776390819021064,0.009776390819021064,0.0012478226804123712,1.2199202196549927e-05
2470185.0,2570185.0,1283,0.012115500402040123,0.012115500402040128,0.0012861396969451424,1.5582226015418608e-05
2480185.0,2580185.0,1295,0.015270894541557351,0.015270894541557363,0.0013036528580603727,1.990794531424002e-05
2490185.0,2590185.0,1352,0.017490217115642456,0.017490217115642463,0.0017405982022936255,3.0443440469212932e-05
2500185.0,2600185.0,1359,0.020960974560693315,0.020960974560693322,0.0020130328798185944,4.2195130983716866e-05
2510185.0,2610185.0,1360,0.02703368987958541,0.027033689879585418,0.00237125928546162,6.41038881472565e-05
2520185.0,2620185.0,1464,0.028607388815034447,0.02860738881503446,0.00221356943250215,6.332444142466435e-05
2530185.0,2630185.0,1432,0.029691178191256343,0.02969117819125635,0.002472018779342723,7.33971500695969e-05
2540185.0,2640185.0,1456,0.029877911618115816,0.029877911618115826,0.0023822875521950122,7.117777693342019e-05
2550185.0,2650185.0,1438,0.03061293467060371,0.030612934670603713,0.0023267991775188486,7.123015121299907e-05
2560185.0,2660185.0,1406,0.029571693021863677,0.02957169302186368,0.0024727288878360772,7.31227795973828e-05
2570185.0,2670185.0,1405,0.028866639897390356,0.02886663989739036,0.0022269909552172958,6.42857459590031e-05
2580185.0,2680185.0,1498,0.026192708717032616,0.026192708717032616,0.0021964433153382028,5.753079997212672e-05
2590185.0,2690185.0,1540,0.023203002974704748,0.023203002974704744,0.0021551466065204013,5.0005873122017266e-05
2600185.0,2700185.0,1533,0.022903008729835944,0.022903008729835944,0.002274827146048293,5.210038598481183e-05
2610185.0,2710185.0,1567,0.017090581646670225,0.017090581646670225,0.0018448713149274685,3.1529923835367935e-05
2620185.0,2720185.0,1566,0.014665790855608407,0.014665790855608407,0.0017376536364476479,2.548406481162855e-05
2630185.0,2730185.0,1483,0.015238582665956632,0.01523858266595663,0.0017299950347567032,2.636267234883458e-05
2640185.0,2740185.0,1496,0.01645774142966126,0.01645774142966126,0.0019075076107237553,3.139326703240268e-05
2650185.0,2750185.0,1533,0.015399810412343343,0.015399810412343336,0.001880776569356993,2.8963602596075286e-05
2660185.0,2760185.0,1525,0.020652322896807813,0.020652322896807802,0.0019441786877617496,4.015180602874783e-05
2670185.0,2770185.0,1508,0.02226194476391023,0.022261944763910232,0.002131095931095931,4.744233990465188e-05
2680185.0,2780185.0,1401,0.023711335220507213,0.023711335220507203,0.00205791679765273,4.879595504505683e-05
2690185.0,2790185.0,1315,0.025631809586230868,0.025631809586230868,0.001855105299930133,4.754970581021707e-05
2700185.0,2800185.0,1247,0.023950466386527737,0.02395046638652774,0.0012548914693381907,3.005523595512462e-05
2710185.0,2810185.0,1190,0.021967543416182986,0.021967543416182986,0.0013515789473684213,2.9690869206714792e-05
2720185.0,2820185.0,1098,0.02244158943940779,0.022441589439407786,0.0013543770789234955,3.0394374351345184e-05
2730185.0,2830185.0,1115,0.021200673516909747,0.02120067351690974,0.001394089291011569,2.955563191215628e-05
2740185.0,2840185.0,1047,0.022431760456614814,0.022431760456614814,0.0014101757347862788,3.1632724284456485e-05
2750185.0,2850185.0,1048,0.02524587708942987,0.02524587708942987,0.0013344914251921937,3.369040649729992e-05
2760185.0,2860185.0,1056,0.021160872509304113,0.021160872509304113,0.001275693132885095,2.699477974597615e-05
2770185.0,2870185.0,1078,0.020605515290035986,0.020605515290035986,0.0012104574922646239,2.4942100364797527e-05
2780185.0,2880185.0,1137,0.020625284196921067,0.02062528419692106,0.0012209237424126143,2.5181899170028783e-05
2790185.0,2890185.0,1243,0.019230089354958967,0.019230089354958967,0.0012802964440960594,2.4620215020803335e-05
2800185.0,2900185.0,1333,0.022250377060641348,0.022250377060641337,0.0017726754265900172,3.9442696647760915e-05
2810185.0,2910185.0,1363,0.02409508025545358,0.02409508025545358,0.0017644107351225207,4.251361826636129e-05
2820185.0,2920185.0,1339,0.026433733006616705,0.026433733006616708,0.002031120783460283,5.3690104494179805e-05
2830185.0,2930185.0,1350,0.032814070909591646,0.03281407090959164,0.0018344975053456879,6.0197331223882306e-05
2840185.0,2940185.0,1374,0.03323967275222528,0.03323967275222527,0.001756402953586498,5.838225939825702e-05
2850185.0,2950185.0,1432,0.029575090844930645,0.029575090844930638,0.001622700078462142,4.799150223459379e-05
2860185.0,2960185.0,1470,0.028150067007383907,0.028150067007383903,0.001648687317027104,4.641065844853723e-05
2870185.0,2970185.0,1513,0.025733467911659164,0.025733467911659154,0.0015956197662648386,4.106083005438519e-05
2880185.0,2980185.0,1562,0.02475574608906936,0.02475574608906936,0.00161606102003643,4.000679627646446e-05
2890185.0,2990185.0,1555,0.026784453423194146,0.026784453423194143,0.0016364687216681776,4.3831920254035065e-05
2900185.0,3000185.0,1553,0.024318933688211256,0.02431893368821126,0.001579415979935507,3.8409712482153026e-05
2910185.0,3010185.0,1507,0.024277818011676198,0.024277818011676205,0.0016421421845574389,3.986762910598198e-05
2920185.0,3020185.0,1593,0.04657804493323352,0.04657804493323352,0.0014245561465278296,6.635304020288694e-05
2930185.0,3030185.0,1511,0.05123594571445898,0.05123594571445898,0.0008462719501997585,4.335954370010424e-05
2940185.0,3040185.0,1498,0.059393128643278476,0.05939312864327849,0.0007716532918113946,4.5830903228563394e-05
2950185.0,3050185.0,1395,0.06068777774921671,0.060687777749216715,0.0007006623381469458,4.2521640254708214e-05
2960185.0,3060185.0,1396,0.06357103393640948,0.06357103393640946,0.0006441986181219346,4.095237221441752e-05
2970185.0,3070185.0,1382,0.06330094225611434,0.06330094225611436,0.0006160195648507337,3.8994618903252974e-05
2980185.0,3080185.0,1341,0.06501555527963411,0.06501555527963412,0.000627846828432019,4.0819810181064974e-05
2990185.0,3090185.0,1320,0.0665871574850812,0.0665871574850812,0.0005849236703075875,3.894840455152299e-05
3000185.0,3100185.0,1266,0.06795863400145885,0.06795863400145886,0.0005083742972360404,3.454842280161286e-05
3010185.0,3110185.0,1304,0.07194092226707949,0.07194092226707952,0.0004924699317682432,3.542874108021306e-05
3020185.0,3120185.0,1283,0.05107152961845494,0.05107152961845495,0.0004377754161178302,2.2357860130493224e-05
3030185.0,3130185.0,1394,0.03993629048437518,0.03993629048437519,0.0006123965447971074,2.445684630464495e-05
3040185.0,3140185.0,1442,0.02471306074889315,0.02471306074889315,0.0007033073130649136,1.738087635291402e-05
3050185.0,3150185.0,1461,0.024076294575130216,0.024076294575130212,0.0007876455368693402,1.896358596645284e-05
3060185.0,3160185.0,1465,0.02208912391357901,0.02208912391357901,0.0008257451021258859,1.8239985881889716e-05
3070185.0,3170185.0,1405,0.022046778484404755,0.022046778484404752,0.0008702271734381827,1.9185705723901366e-05
3080185.0,3180185.0,1342,0.019272327184919787,0.01927232718491978,0.0008685996588837264,1.6739936818716833e-05
3090185.0,3190185.0,1333,0.01906763329918187,0.019067633299181867,0.0009244018697336859,1.7626155873159947e-05
3100185.0,3200185.0,1381,0.018314505837607405,0.018314505837607402,0.0011725151537281824,2.1474035627637957e-05
3110185.0,3210185.0,1405,0.015051657732578548,0.015051657732578544,0.0011978240540929362,1.802923768605647e-05
3120185.0,3220185.0,1336,0.011653233357377757,0.011653233357377753,0.001404229890683635,1.636381860354125e-05
3130185.0,3230185.0,1263,0.011603011330838603,0.011603011330838596,0.0014280100050873326,1.6569216269579126e-05
3140185.0,3240185.0,1178,0.012038855577669767,0.012038855577669766,0.00131133444026916,1.5786965940424693e-05
3150185.0,3250185.0,1179,0.02090884114101158,0.02090884114101158,0.0015232722211556923,3.1849856886660504e-05
3160185.0,3260185.0,1071,0.022490345505650405,0.02249034550565041,0.0014861212121212123,3.342337952388221e-05
3170185.0,3270185.0,1029,0.024531265921969175,0.02453126592196918,0.0017121696883517007,4.200168992849081e-05
3180185.0,3280185.0,994,0.023274936368837474,0.023274936368837477,0.0013990988343618375,3.25639363434865e-05
3190185.0,3290185.0,901,0.02424323962503638,0.024243239625036384,0.0009606598447424135,2.3289506814240474e-05
3200185.0,3300185.0,848,0.024488338673830965,0.024488338673830965,0.0010650775633749526,2.6081980085824472e-05
3210185.0,3310185.0,829,0.023914888458841762,0.023914888458841755,0.0011550094073377235,2.7621921145394593e-05
3220185.0,3320185.0,886,0.02508432711820101,0.025084327118201008,0.001161466821885914,2.9134613697123748e-05
3230185.0,3330185.0,903,0.026432060339344882,0.026432060339344882,0.0012116240660637043,3.202572042279838e-05
3240185.0,3340185.0,897,0.02470870094497345,0.024708700944973447,0.0013644154136882756,3.37129324215359e-05
3250185.0,3350185.0,860,0.017566883849146956,0.017566883849146953,0.0013541482444733419,2.3788164925189418e-05
3260185.0,3360185.0,931,0.016304622170929678,0.016304622170929678,0.0013765524625267667,2.24441677999618e-05
3270185.0,3370185.0,973,0.014312769115744407,0.0143127691157444,0.0011449005228491888,1.6386696844035788e-05
3280185.0,3380185.0,995,0.0139069147695543,0.013906914769554288,0.0010862191294856052,1.5105956854815805e-05
3290185.0,3390185.0,1036,0.013537504905929951,0.01353750490592994,0.0015491871530531325,2.0972128684660616e-05
3300185.0,3400185.0,1029,0.012996892407272441,0.012996892407272429,0.0011911395561466213,1.5481112653283836e-05
3310185.0,3410185.0,1044,0.014655461130248319,0.01465546113024831,0.0008965696804009634,1.313964210167547e-05
3320185.0,3420185.0,926,0.013826855174857851,0.013826855174857839,0.00046697635818962024,6.45681447477038e-06
3330185.0,3430185.0,958,0.011676185690141902,0.011676185690141892,0.0004150712520732492,4.846449013847002e-06
3340185.0,3440185.0,994,0.01167118980753347,0.01167118980753345,0.0003823511645076851,4.462493014100608e-06
3350185.0,3450185.0,1047,0.011209317779561401,0.011209317779561379,0.0004176588153678438,4.681670384893225e-06
3360185.0,3460185.0,1003,0.016113724275540097,0.016113724275540076,0.0004218777454889505,6.798021668795448e-06
3370185.0,3470185.0,979,0.018657055324382905,0.018657055324382894,0.000468149401448168,8.734289282895222e-06
3380185.0,3480185.0,961,0.02112661441672516,0.021126614416725156,0.00042083569169302484,8.890833391194416e-06
3390185.0,3490185.0,918,0.020510595422519595,0.020510595422519592,0.00040760584030789907,8.360238482411395e-06
3400185.0,3500185.0,911,0.020024379181375177,0.02002437918137517,0.00044951500702178387,9.001258948322702e-06
3410185.0,3510185.0,868,0.021395238306129334,0.021395238306129324,0.0005145595651085441,1.1009124518195572e-05
3420185.0,3520185.0,950,0.020156507661472558,0.020156507661472547,0.0008480184727741381,1.7093090843542064e-05
3430185.0,3530185.0,909,0.01908344604222289,0.019083446042222882,0.0010652377521613832,2.03284071655105e-05
3440185.0,3540185.0,916,0.019706086776844958,0.019706086776844954,0.0010331015891032918,2.0358389564165883e-05
3450185.0,3550185.0,932,0.019961327577994546,0.019961327577994542,0.0009605668821481848,1.9174190195132674e-05
3460185.0,3560185.0,960,0.027636537714452014,0.027636537714452018,0.0010077264023828098,2.785006872530175e-05
3470185.0,3570185.0,963,0.028730509969664562,0.02873050996966455,0.0010972145779100037,3.1523534369504574e-05
3480185.0,3580185.0,1015,0.028631406271978476,0.028631406271978462,0.001789858171994597,5.124615649159797e-05
3490185.0,3590185.0,1052,0.029679616078596954,0.029679616078596944,0.002507228630115342,7.441358316308982e-05
3500185.0,3600185.0,1081,0.030451949810213663,0.03045194981021366,0.0022738141699189434,6.924207498012444e-05
3510185.0,3610185.0,1067,0.027902204972490394,0.027902204972490387,0.002545196821957386,7.101660342158627e-05
3520185.0,3620185.0,1084,0.027853355150665966,0.02785335515066596,0.0026401346860241387,7.353660905542211e-05
3530185.0,3630185.0,1090,0.027970195628154847,0.027970195628154833,0.0025573470802287297,7.152949812308793e-05
3540185.0,3640185.0,1083,0.0266366777102786,0.026636677710278587,0.0028797843665768195,7.670788804760549e-05
3550185.0,3650185.0,1103,0.02749754565706171,0.027497545657061705,0.002998678295270635,8.245629333504416e-05
3560185.0,3660185.0,1133,0.017642349852499444,0.017642349852499437,0.0024690255567179796,4.355941266638095e-05
3570185.0,3670185.0,1118,0.015706447524103252,0.015706447524103245,0.0019547382330732444,3.0701993481123136e-05
3580185.0,3680185.0,1085,0.01399936456171566,0.01399936456171565,0.0018943559342966532,2.6519779333868677e-05
3590185.0,3690185.0,1080,0.015444028217157853,0.015444028217157842,0.0019466679169792447,3.0064394239263162e-05
3600185.0,3700185.0,1050,0.015848830927092297,0.01584883092709229,0.0019419565498512868,3.077774102635255e-05
3610185.0,3710185.0,1046,0.015527168316007891,0.015527168316007884,0.00193503932014206,3.0045681221939103e-05
3620185.0,3720185.0,989,0.014985994759275806,0.014985994759275797,0.001799426528133855,2.6966196520315933e-05
3630185.0,3730185.0,959,0.01612295309717105,0.016122953097171044,0.0018964235917456778,3.057594862208449e-05
3640185.0,3740185.0,962,0.02270558573095383,0.02270558573095383,0.001896427049296775,4.3059486950307444e-05
3650185.0,3750185.0,896,0.021782404973535945,0.02178240497353594,0.0018112235850450717,3.9452805627071355e-05
3660185.0,3760185.0,870,0.022120395335487274,0.02212039533548728,0.001956625365685768,4.328132661241147e-05
3670185.0,3770185.0,958,0.02307323479391402,0.023073234793914023,0.002115975589366327,4.882240159164021e-05
3680185.0,3780185.0,1005,0.030985629993708994,0.030985629993708998,0.0020221993344953257,6.265912035219683e-05
3690185.0,3790185.0,1041,0.029089592134690288,0.029089592134690298,0.0018183901115465784,5.289622668664428e-05
3700185.0,3800185.0,1077,0.028168049190106587,0.028168049190106608,0.001865264576535679,5.254086434442053e-05
3710185.0,3810185.0,1119,0.02996534974248841,0.029965349742488417,0.0018391344911726712,5.511030825146268e-05
3720185.0,3820185.0,1233,0.02892542884465013,0.02892542884465013,0.0018477492171189978,5.344693850253319e-05
3730185.0,3830185.0,1338,0.03027173309103745,0.03027173309103745,0.0018008357857563274,5.4514420247204325e-05
3740185.0,3840185.0,1285,0.029044856448996063,0.029044856448996063,0.0017963610246588462,5.2175048091787654e-05
3750185.0,3850185.0,1257,0.029423990079087043,0.029423990079087047,0.0018012652863542804,5.3000411915492446e-05
3760185.0,3860185.0,1228,0.03022202552049234,0.030222025520492333,0.0018931741043368953,5.721555609600502e-05
3770185.0,3870185.0,1152,0.029272684280349598,0.0292726842803496,0.0021702428527513064,6.352883384027452e-05
3780185.0,3880185.0,1110,0.022973778598183336,0.022973778598183323,0.002181274191051246,5.0112110327142635e-05
3790185.0,3890185.0,1133,0.02168642643373831,0.021686426433738304,0.0019630819366852886,4.257223200332598e-05
3800185.0,3900185.0,1163,0.0216606529629913,0.021660652962991283,0.0018864643095396932,4.0862048736008484e-05
3810185.0,3910185.0,1194,0.020772445434323893,0.020772445434323883,0.0017931835443037974,3.724880732777795e-05
3820185.0,3920185.0,1223,0.02084136613624931,0.020841366136249293,0.0016078040032396158,3.350883190684413e-05
3830185.0,3930185.0,1181,0.03069796477109811,0.030697964771098096,0.0015776959340011785,4.8432054201472784e-05
3840185.0,3940185.0,1271,0.02623811119462068,0.02623811119462067,0.0014631025228126677,3.838904668268876e-05
3850185.0,3950185.0,1296,0.03090725455889089,0.03090725455889088,0.0015592790599195429,4.819303483328145e-05
3860185.0,3960185.0,1316,0.031613490124891445,0.03161349012489143,0.0015537890748342279,4.9120695573435923e-05
3870185.0,3970185.0,1313,0.03097380972585542,0.03097380972585541,0.0015021773347324238,4.6528154940494665e-05
3880185.0,3980185.0,1342,0.03734047589660834,0.03734047589660833,0.0015581991683548352,5.818389848806894e-05
3890185.0,3990185.0,1311,0.0377360825057201,0.03773608250572008,0.0018418164038626085,6.950293577654788e-05
3900185.0,4000185.0,1228,0.03701163308222695,0.037011633082226936,0.002012978422810172,7.450361878749019e-05
3910185.0,4010185.0,1156,0.0385271235446667,0.03852712354466668,0.0020430621693121693,7.871330860652467e-05
3920185.0,4020185.0,1038,0.04429760664768729,0.04429760664768728,0.002247153729071537,9.95435319672947e-05
3930185.0,4030185.0,1025,0.0327800636942611,0.032780063694261084,0.002395297705023271,7.85180113373804e-05
3940185.0,4040185.0,1015,0.03422139901213087,0.03422139901213085,0.0024305239742956008,8.31759307329201e-05
3950185.0,4050185.0,1048,0.029447135688787714,0.0294471356887877,0.0023276886035313,6.854376214943126e-05
3960185.0,4060185.0,1018,0.028582612931062654,0.02858261293106264,0.0023155794197788106,6.618531026667249e-05
3970185.0,4070185.0,989,0.030044762474173876,0.03004476247417386,0.0021665710643722115,6.509411301248126e-05
3980185.0,4080185.0,965,0.02224812943052086,0.022248129430520847,0.002175433188937021,4.839931915492168e-05
3990185.0,4090185.0,953,0.021250760950608752,0.021250760950608745,0.0022578174802885425,4.798033954371771e-05
4000185.0,4100185.0,950,0.03166219126350571,0.03166219126350571,0.0025575616485600965,8.097800608491673e-05
4010185.0,4110185.0,949,0.030148853632297964,0.03014885363229796,0.0029118451429586216,8.778879301497708e-05
4020185.0,4120185.0,941,0.025104875553436424,0.025104875553436417,0.003052135634588563,7.662348527855442e-05
4030185.0,4130185.0,921,0.025438323731670702,0.025438323731670695,0.0028833273574757974,7.33470147438517e-05
4040185.0,4140185.0,875,0.02356663073771619,0.02356663073771619,0.003327885771543086,7.84270551152556e-05
4050185.0,4150185.0,869,0.027204564928369042,0.02720456492836904,0.0035708022021234765,9.714212035403121e-05
4060185.0,4160185.0,923,0.02741587453451064,0.02741587453451064,0.0030930025856496447,8.479737082308835e-05
4070185.0,4170185.0,969,0.02657253010431836,0.026572530104318353,0.003251848326193876,8.640983754246387e-05
4080185.0,4180185.0,994,0.026291198526765484,0.026291198526765477,0.003242063020214031,8.523772250073212e-05
4090185.0,4190185.0,1015,0.0261930242976974,0.0261930242976974,0.0031937259259259263,8.365334077796431e-05
4100185.0,4200185.0,1060,0.018319660016572745,0.018319660016572738,0.0028551762114537448,5.2305857481238895e-05
4110185.0,4210185.0,1109,0.01778566452948813,0.017785664529488123,0.0023661613778459363,4.208375248899939e-05
4120185.0,4220185.0,1209,0.01696992141864546,0.01696992141864546,0.002374920634920635,4.030221655012279e-05
4130185.0,4230185.0,1276,0.017805041687990433,0.017805041687990433,0.0024356540084388184,4.336692115777413e-05
4140185.0,4240185.0,1437,0.017927159870371738,0.01792715987037173,0.002000792699787999,3.5868530596572175e-05
4150185.0,4250185.0,1547,0.013083403345240515,0.013083403345240514,0.0018106105638586959,2.3688948308116784e-05
4160185.0,4260185.0,1609,0.011427749072328873,0.011427749072328878,0.0019300240467193402,2.2055830509469246e-05
4170185.0,4270185.0,1612,0.013359710713533346,0.013359710713533347,0.00195586937716263,2.6129849072351446e-05
4180185.0,4280185.0,1575,0.011584567978821004,0.011584567978821004,0.00196832749798007,2.2802223704932575e-05
4190185.0,4290185.0,1578,0.011704387953024104,0.011704387953024106,0.0019131034784894418,2.2391705306520635e-05
4200185.0,4300185.0,1573,0.012293619157073611,0.012293619157073617,0.0017419767907162866,2.1415199245527518e-05
4210185.0,4310185.0,1559,0.012635695218098188,0.012635695218098193,0.0017940058479532165,2.266851111422243e-05
4220185.0,4320185.0,1529,0.01577026742185585,0.015770267421855843,0.0017864052953156825,2.817208923094792e-05
4230185.0,4330185.0,1429,0.014598688891004921,0.014598688891004916,0.0014779948626138398,2.15767871818029e-05
4240185.0,4340185.0,1332,0.013503461863968074,0.013503461863968077,0.0017023908179332064,2.298816948753068e-05
4250185.0,4350185.0,1240,0.014722698900411292,0.014722698900411288,0.0017796144344450326,2.6200727477160004e-05
4260185.0,4360185.0,1157,0.01959334407003065,0.019593344070030636,0.001594422700587084,3.124007256566991e-05
4270185.0,4370185.0,1182,0.018522333265154706,0.018522333265154692,0.001424275640042925,2.6380908066316376e-05
4280185.0,4380185.0,1192,0.019432240100299782,0.019432240100299775,0.0013096103995120464,2.544866372116771e-05
4290185.0,4390185.0,1217,0.023359357145074058,0.02335935714507405,0.0013460003100534844,3.1441701959919715e-05
4300185.0,4400185.0,1214,0.022579215189237587,0.022579215189237587,0.0013693872079662964,3.09196884460602e-05
4310185.0,4410185.0,1162,0.022286757629921418,0.022286757629921414,0.0009468883366646859,2.1103070861845354e-05
4320185.0,4420185.0,1122,0.02337385565243362,0.02337385565243362,0.0008603307254623045,2.0109246190309492e-05
4330185.0,4430185.0,1144,0.024190361871328923,0.02419036187132892,0.0010050603762987924,2.431277420520163e-05
4340185.0,4440185.0,1068,0.026770317147855615,0.026770317147855608,0.0009576337679192968,2.56361596786955e-05
4350185.0,4450185.0,1020,0.02853727710618738,0.028537277106187395,0.000848151349542717,2.4203930089887413e-05
4360185.0,4460185.0,1001,0.024951094529773805,0.024951094529773805,0.0007509802859618717,1.873778010503116e-05
4370185.0,4470185.0,961,0.02480808511605682,0.024808085116056824,0.0008000809482509396,1.984847626394472e-05
4380185.0,4480185.0,1011,0.02492097276551679,0.024920972765516792,0.0008316526769509982,2.0725593712664958e-05
4390185.0,4490185.0,989,0.018183795523743215,0.018183795523743208,0.0009286939387211367,1.688718068584488e-05
4400185.0,4500185.0,1045,0.017723864278803028,0.017723864278803018,0.000946445426847482,1.6774670292738732e-05
4410185.0,4510185.0,1103,0.018200392663582983,0.018200392663582976,0.0015800415708473378,2.875737701420631e-05
4420185.0,4520185.0,1150,0.015139615472888513,0.015139615472888503,0.00173471807132895,2.6262964553790985e-05
4430185.0,4530185.0,1225,0.013629282532343188,0.01362928253234318,0.0016832749976350393,2.2941830522397243e-05
4440185.0,4540185.0,1278,0.018198648720877366,0.018198648720877352,0.0017471840029352412,3.1796387920154514e-05
4450185.0,4550185.0,1322,0.017327641834147693,0.01732764183414768,0.0020239479261277625,3.5070244754907464e-05
4460185.0,4560185.0,1357,0.018298646463982965,0.018298646463982948,0.002652540332289911,4.853789777202852e-05
4470185.0,4570185.0,1331,0.017831979981191192,0.01783197998119118,0.002616518023039762,4.665769700727114e-05
4480185.0,4580185.0,1290,0.018423875828674684,0.01842387582867467,0.0028192282791661273,5.1941111748044835e-05
4490185.0,4590185.0,1263,0.021603156898936958,0.02160315689893695,0.0026669423766197964,5.76143746025416e-05
4500185.0,4600185.0,1176,0.022941942866633435,0.022941942866633414,0.002777053990610329,6.371101399013866e-05
4510185.0,4610185.0,1122,0.022642955496498914,0.022642955496498904,0.002778936540591866,6.29233364162164e-05
4520185.0,4620185.0,1059,0.027947760904350038,0.02794776090435003,0.0028933034230641413,8.086135229153458e-05
4530185.0,4630185.0,1062,0.030146706410387178,0.03014670641038717,0.0025048361711260555,7.551256065705627e-05
4540185.0,4640185.0,1068,0.02542916838662636,0.025429168386626337,0.0023759928541981583,6.041952237482539e-05
4550185.0,4650185.0,1062,0.02559059505437891,0.025590595054378898,0.0024724288244108435,6.32709248462722e-05
4560185.0,4660185.0,1056,0.025502677477125646,0.025502677477125646,0.002232502320647129,5.693478665039828e-05
4570185.0,4670185.0,1113,0.025035631730777705,0.025035631730777694,0.002302702356557377,5.7649608184364676e-05
4580185.0,4680185.0,1115,0.024569402990906954,0.024569402990906944,0.002207238588949298,5.4230534388976206e-05
4590185.0,4690185.0,1146,0.024344347456008202,0.024344347456008192,0.0023533644400785857,5.729112161988696e-05
4600185.0,4700185.0,1193,0.02389354605660014,0.023893546056600132,0.002328323630747297,5.5631907905930974e-05
4610185.0,4710185.0,1231,0.023724101775372767,0.02372410177537277,0.0022883218185870296,5.4288379718965444e-05
4620185.0,4720185.0,1291,0.019838014605755672,0.019838014605755665,0.002332983309384326,4.628175696655053e-05
4630185.0,4730185.0,1313,0.018069856425597025,0.018069856425597015,0.0025423109497882635,4.593919385189703e-05
4640185.0,4740185.0,1311,0.019251447262177524,0.019251447262177517,0.0025486578849260593,4.906535286098644e-05
4650185.0,4750185.0,1295,0.016527887866805622,0.016527887866805622,0.0026111511254019296,4.315681300392702e-05
4660185.0,4760185.0,1288,0.017064128323475213,0.01706412832347521,0.002886927205174075,4.926289628962207e-05
4670185.0,4770185.0,1249,0.017020287948598903,0.0170202879485989,0.0024588969696969693,4.1851134460179566e-05
4680185.0,4780185.0,1259,0.01590516053679283,0.015905160536792827,0.002399893579283434,3.817069264972129e-05
4690185.0,4790185.0,1256,0.01491497141744329,0.014914971417443287,0.0021757601149150103,3.245139992517007e-05
4700185.0,4800185.0,1177,0.015207350536978395,0.015207350536978392,0.0012453237661883096,1.8938075044455913e-05
4710185.0,4810185.0,1141,0.017991764193048036,0.017991764193048022,0.0012390877346137056,2.2293374335667496e-05
4720185.0,4820185.0,1101,0.016492197294790383,0.01649219729479038,0.0012470188624701887,2.0566081110183605e-05
4730185.0,4830185.0,1046,0.017171029987925388,0.017171029987925385,0.0012860845236342215,2.2083395922329554e-05
4740185.0,4840185.0,1010,0.016131418740458075,0.016131418740458075,0.0013504460604243198,2.17846108871066e-05
4750185.0,4850185.0,975,0.019938178284865122,0.019938178284865122,0.0012783774426834897,2.5488517367573537e-05
4760185.0,4860185.0,1012,0.02773574733332555,0.027735747333325556,0.0012757839721254357,3.53848219027777e-05
4770185.0,4870185.0,1070,0.029005599679348532,0.029005599679348525,0.0014041279069767442,4.072757196836923e-05
4780185.0,4880185.0,1043,0.0309873783980829,0.030987378398082906,0.0013178622565864833,4.0837096421396775e-05
4790185.0,4890185.0,988,0.029935468620309994,0.029935468620309998,0.0012191226464435146,3.649500772691923e-05
4800185.0,4900185.0,1049,0.03004768625105273,0.030047686251052738,0.0020295690468700852,6.0983853945200836e-05
4810185.0,4910185.0,1047,0.02723766775174667,0.02723766775174667,0.0020052182615325964,5.4617468777359916e-05
4820185.0,4920185.0,1087,0.027690501960625533,0.027690501960625533,0.0020200850616457996,5.593716936013338e-05
4830185.0,4930185.0,1085,0.028678898856482338,0.028678898856482338,0.00183406301520425,5.259890770945804e-05
4840185.0,4940185.0,1072,0.02753103298283818,0.02753103298283818,0.0018574237777376872,5.113679528800401e-05
4850185.0,4950185.0,1070,0.026481172849653407,0.0264811728496534,0.0011713039377505303,3.101750203505138e-05
4860185.0,4960185.0,1061,0.018327967314197773,0.018327967314197773,0.00111404052936311,2.0418098408858607e-05
4870185.0,4970185.0,1050,0.01714452664905159,0.01714452664905159,0.0010881056887092116,1.8655056977059755e-05
4880185.0,4980185.0,1055,0.016022769800928822,0.016022769800928812,0.001157012442943788,1.8538544030098658e-05
4890185.0,4990185.0,1107,0.016540680205218095,0.016540680205218077,0.0012772619611558502,2.1126781637768494e-05
4900185.0,5000185.0,1144,0.015754358295151295,0.01575435829515127,0.0012033275659642836,1.8957653620633456e-05
4910185.0,5010185.0,1197,0.018516341649728162,0.01851634164972815,0.0012352002563281001,2.2871389952002938e-05
4920185.0,5020185.0,1165,0.019110757199092953,0.01911075719909294,0.0010942778581765557,2.0912478455955555e-05
4930185.0,5030185.0,1161,0.019193851699137524,0.019193851699137503,0.0011574026363091673,2.221501455750924e-05
4940185.0,5040185.0,1185,0.020551173233033872,0.020551173233033865,0.0010848182423032723,2.2294287623930007e-05
4950185.0,5050185.0,1220,0.02115857002386784,0.021158570023867833,0.0016126642400568182,3.412166924823003e-05
4960185.0,5060185.0,1318,0.021129498456699234,0.021129498456699224,0.0013952121954956336,2.948013393149299e-05
4970185.0,5070185.0,1277,0.020110333475516055,0.020110333475516055,0.0014121394328430975,2.839859490840078e-05
4980185.0,5080185.0,1301,0.01999770214393728,0.01999770214393728,0.0013004975313330802,2.6006962270524478e-05
4990185.0,5090185.0,1288,0.021437614795493155,0.021437614795493158,0.001342107309486781,2.8771579514993515e-05
5000185.0,5100185.0,1271,0.02236272753550264,0.02236272753550264,0.001405092429577465,3.142169916483841e-05
5010185.0,5110185.0,1269,0.019303057540470275,0.01930305754047027,0.0012985618279569894,2.506621368491221e-05
5020185.0,5120185.0,1295,0.018361104605699556,0.01836110460569955,0.0014905419435215946,2.7367996544182716e-05
5030185.0,5130185.0,1300,0.02440202233172612,0.02440202233172611,0.0015432202521266784,3.765769505516735e-05
5040185.0,5140185.0,1286,0.036007115512308695,0.03600711551230869,0.00136952636282395,4.9312693943353963e-05
5050185.0,5150185.0,1334,0.03717339618478656,0.037173396184786545,0.0014422811791383221,5.361448968197001e-05
5060185.0,5160185.0,1209,0.04573398007567039,0.04573398007567037,0.0015747140977633843,7.201794317198777e-05
5070185.0,5170185.0,1219,0.04878335984857286,0.048783359848572856,0.0016572818857589985,8.084777860350253e-05
5080185.0,5180185.0,1222,0.05059896950949442,0.050598969509494406,0.0017118918918918918,8.661996564138858e-05
5090185.0,5190185.0,1284,0.05206734108842745,0.052067341088427435,0.001689475316848356,8.796648758282247e-05
5100185.0,5200185.0,1285,0.05187270522415509,0.05187270522415507,0.0015116168800379326,7.841165683006486e-05
5110185.0,5210185.0,1334,0.049217921278705244,0.04921792127870522,0.0014363362732745346,7.069348562777516e-05
5120185.0,5220185.0,1311,0.04865731997462907,0.048657319974629035,0.0016128847530422334,7.847864951097643e-05
5130185.0,5230185.0,1281,0.043825747051532395,0.04382574705153239,0.00168730387803434,7.394735295780278e-05
5140185.0,5240185.0,1252,0.03652499150240067,0.036524991502400656,0.0018203025477707007,6.648653508912298e-05
5150185.0,5250185.0,1254,0.03530411018612009,0.03530411018612008,0.0018414481279894442,6.501068761256365e-05
5160185.0,5260185.0,1305,0.029701264062288735,0.029701264062288724,0.002018746185369256,5.9959313526390146e-05
5170185.0,5270185.0,1363,0.028120683061675013,0.028120683061675006,0.0019117169179229479,5.375878555255294e-05
5180185.0,5280185.0,1357,0.027123340441538774,0.027123340441538774,0.002048976406866795,5.557508464012874e-05
5190185.0,5290185.0,1388,0.02417117011933554,0.024171170119335537,0.0021163195976352245,5.1153921021324856e-05
5200185.0,5300185.0,1415,0.024530500742416538,0.024530500742416538,0.0023688974085217898,5.8110239638452004e-05
5210185.0,5310185.0,1326,0.02556841823607224,0.02556841823607224,0.002559169708029197,6.543392143197692e-05
5220185.0,5320185.0,1439,0.0244679965064055,0.02446799650640551,0.0018539360620899938,4.5362101090317185e-05
5230185.0,5330185.0,1545,0.025756388148991508,0.025756388148991522,0.0017426619730114825,4.488467818937111e-05
5240185.0,5340185.0,1590,0.025294414460369126,0.025294414460369133,0.0017886891478634597,4.524384464682278e-05
5250185.0,5350185.0,1551,0.02449166094199471,0.024491660941994724,0.0017462910434932098,4.276956814327827e-05
5260185.0,5360185.0,1449,0.02448906528202553,0.02448906528202554,0.001709995337995338,4.1876187464127206e-05
5270185.0,5370185.0,1354,0.022084880153276996,0.022084880153276996,0.0018819127346524607,4.156181720372534e-05
5280185.0,5380185.0,1325,0.019084152661719624,0.01908415266171962,0.0020233811818943835,3.861451536812292e-05
5290185.0,5390185.0,1279,0.0190157647365585,0.019015764736558496,0.00163941098945661,3.1174653682035635e-05
5300185.0,5400185.0,1249,0.018587919411160767,0.018587919411160756,0.0016489754098360657,3.0651022029018544e-05
5310185.0,5410185.0,1306,0.018735222017440007,0.01873522201744,0.001808302714839763,3.387895283726247e-05
5320185.0,5420185.0,1193,0.018611103547423603,0.01861110354742359,0.0023717464683085387,4.41408191099266e-05
5330185.0,5430185.0,1110,0.01625425962553321,0.016254259625533198,0.0020736542507115456,3.370571456465607e-05
5340185.0,5440185.0,1132,0.018280530467706047,0.018280530467706033,0.0020182859815269494,3.689533837784704e-05
5350185.0,5450185.0,1117,0.020825771685588853,0.020825771685588836,0.00217340350877193,4.5262805254341724e-05
5360185.0,5460185.0,1167,0.021011288376518288,0.02101128837651827,0.0020905157050568057,4.3924428334588726e-05
5370185.0,5470185.0,1225,0.021780975330350803,0.02178097533035079,0.0019833586791223115,4.319948646120065e-05
5380185.0,5480185.0,1271,0.026281524707045426,0.026281524707045426,0.0018439197594857975,4.84610227167355e-05
5390185.0,5490185.0,1231,0.02502464215415411,0.02502464215415411,0.0021263164265827384,5.3210307681732543e-05
5400185.0,5500185.0,1241,0.02389993395204908,0.02389993395204909,0.0022322222222222222,5.334996367740766e-05
5410185.0,5510185.0,1198,0.025065689155701613,0.02506568915570163,0.0021737161064600777,5.4485692237270446e-05
5420185.0,5520185.0,1264,0.02682949856791331,0.026829498567913314,0.0019531365541040177,5.2401674381272846e-05
5430185.0,5530185.0,1263,0.029024095804268176,0.029024095804268187,0.0022198541552008806,6.442925967205318e-05
5440185.0,5540185.0,1258,0.026970551187868008,0.026970551187868015,0.0022546372106154716,6.080880829897641e-05
5450185.0,5550185.0,1291,0.025044869510311867,0.025044869510311877,0.002263235698569857,5.668244274176147e-05
5460185.0,5560185.0,1316,0.025064246394635156,0.02506424639463516,0.0023983663704716333,6.011324565410755e-05
5470185.0,5570185.0,1315,0.023331064583724716,0.023331064583724727,0.0024518204385601985,5.7203580999744295e-05
5480185.0,5580185.0,1308,0.020747990322324297,0.020747990322324297,0.002362881824464409,4.902504922678338e-05
5490185.0,5590185.0,1325,0.021061771678150838,0.021061771678150834,0.00235252029327049,4.954824528507957e-05
5500185.0,5600185.0,1352,0.022754892522936998,0.022754892522937005,0.0023781802809573365,5.411523669335208e-05
5510185.0,5610185.0,1384,0.020239482540673395,0.020239482540673395,0.002328459778879146,4.7126821041284564e-05
5520185.0,5620185.0,1348,0.01878406455031358,0.01878406455031358,0.0021808368249534448,4.0964979693626086e-05
5530185.0,5630185.0,1360,0.01640898289220239,0.016408982892202387,0.002130578087512853,3.496061938849968e-05
5540185.0,5640185.0,1330,0.017603412888691758,0.017603412888691754,0.0021897985326656574,3.8547927713564805e-05
5550185.0,5650185.0,1339,0.01809344820096358,0.018093448200963584,0.00198471975088968,3.5910424006151865e-05
5560185.0,5660185.0,1383,0.018293659558541394,0.01829365955854139,0.001997949087910955,3.654980042954079e-05
5570185.0,5670185.0,1430,0.0190226540883587,0.019022654088358702,0.001990907381288199,3.787234243620517e-05
5580185.0,5680185.0,1393,0.020127755838660215,0.02012775583866022,0.0019146767466110533,3.853814606574775e-05
5590185.0,5690185.0,1370,0.01933704108456231,0.019337041084562315,0.0018154246622493764,3.510494127984404e-05
5600185.0,5700185.0,1306,0.01894963385735284,0.01894963385735284,0.0017775177304964539,3.368331016786022e-05
5610185.0,5710185.0,1281,0.01808414478985127,0.018084144789851268,0.0019111490739075706,3.456149656753456e-05
5620185.0,5720185.0,1225,0.017322229713124443,0.01732222971312444,0.0022004167513722302,3.81161244318767e-05
5630185.0,5730185.0,1165,0.01858884565633757,0.018588845656337574,0.0022947623144762316,4.265698248177865e-05
5640185.0,5740185.0,1121,0.017548668712320283,0.017548668712320283,0.002248597765363128,3.9459897251621454e-05
5650185.0,5750185.0,1038,0.016214058802474226,0.01621405880247423,0.0022426024011299437,3.636168720249132e-05
5660185.0,5760185.0,938,0.01746997739928884,0.017469977399288836,0.002400163154316791,4.1930796060520075e-05
5670185.0,5770185.0,895,0.017403155426206157,0.01740315542620615,0.002578283059110299,4.4870260810451126e-05
5680185.0,5780185.0,900,0.01426135055772612,0.014261350557726118,0.002838417200365965,4.0479662723498234e-05
5690185.0,5790185.0,893,0.014570627668335698,0.014570627668335702,0.003282120911793856,4.7822561768207274e-05
5700185.0,5800185.0,933,0.01390454290208363,0.013904542902083622,0.0033081778370144706,4.59987006624899e-05
5710185.0,5810185.0,939,0.016182255475510436,0.016182255475510436,0.0018962769193332522,3.0686037560964576e-05
5720185.0,5820185.0,988,0.017214861754187873,0.017214861754187866,0.0016507082152974505,2.841671372284782e-05
5730185.0,5830185.0,983,0.016391351024254392,0.016391351024254385,0.001112740481635948,1.823931983339293e-05
5740185.0,5840185.0,1017,0.0195025140113532,0.019502514011353188,0.001137520290890202,2.2184505411284645e-05
5750185.0,5850185.0,1071,0.018861203179308342,0.018861203179308336,0.0009859062938572818,1.8595378924201184e-05
5760185.0,5860185.0,1040,0.017252454947346257,0.017252454947346244,0.0006437384615384616,1.1106068805566347e-05
5770185.0,5870185.0,1075,0.017026226797281937,0.017026226797281926,0.0006368895425576046,1.0843825796403067e-05
5780185.0,5880185.0,1134,0.017867275953020234,0.01786727595302022,0.0007180527796283959,1.2829647162453628e-05
5790185.0,5890185.0,1144,0.022339066726956614,0.0223390667269566,0.0006894704060931773,1.540212540797738e-05
5800185.0,5900185.0,1197,0.021914822991968976,0.021914822991968973,0.0006912885535645674,1.5149466287741742e-05
5810185.0,5910185.0,1235,0.021146746602255146,0.021146746602255136,0.0007402230068760453,1.5653308355567175e-05
5820185.0,5920185.0,1251,0.02122504162080997,0.021225041620809976,0.0007922138047138048,1.6814770977630833e-05
5830185.0,5930185.0,1303,0.020710830356796762,0.02071083035679676,0.0008634206355826174,1.7882158310109084e-05
5840185.0,5940185.0,1229,0.01880699706990824,0.018806997069908248,0.0005848890258939581,1.1000006196209132e-05
5850185.0,5950185.0,1214,0.020335958616285704,0.02033595861628571,0.0006132784814027303,1.2471605818064385e-05
5860185.0,5960185.0,1253,0.02039980608756262,0.02039980608756262,0.000811170894183961,1.654772894522752e-05
5870185.0,5970185.0,1189,0.020721482077463084,0.020721482077463094,0.0007126702753082879,1.4767584336941294e-05
5880185.0,5980185.0,1171,0.019882792799973358,0.019882792799973365,0.000704533172153879,1.400808708264355e-05
5890185.0,5990185.0,1202,0.019781384923759516,0.019781384923759526,0.0007585725794638933,1.5005616186984388e-05
5900185.0,6000185.0,1190,0.02088835614221162,0.020888356142211628,0.0007429617117117118,1.5519248834261378e-05
5910185.0,6010185.0,1166,0.021642437205698035,0.021642437205698042,0.0007668855368234251,1.659727207465914e-05
5920185.0,6020185.0,1174,0.020933422284382653,0.02093342228438265,0.000724141171556855,1.5158752937707194e-05
5930185.0,6030185.0,1224,0.02394880906996666,0.02394880906996666,0.0007620601860037484,1.8250433894427064e-05
5940185.0,6040185.0,1345,0.022668326649469984,0.022668326649469987,0.0010597424057223054,2.402258701720834e-05
5950185.0,6050185.0,1413,0.021484310001996736,0.02148431000199674,0.0010828011204481794,2.3263234942218235e-05
5960185.0,6060185.0,1487,0.02234661182276959,0.02234661182276959,0.0011059921414538312,2.471517706410245e-05
5970185.0,6070185.0,1559,0.02347634820983081,0.023476348209830817,0.0012683334178113439,2.9775836962704064e-05
5980185.0,6080185.0,1548,0.025022681187461888,0.025022681187461895,0.0011951230986357222,2.9905184276933332e-05
5990185.0,6090185.0,1510,0.022104847547514246,0.022104847547514246,0.0011277957903688743,2.4929754010832143e-05
6000185.0,6100185.0,1432,0.020376132109517758,0.020376132109517765,0.0011678885115353086,2.37970506002316e-05
6010185.0,6110185.0,1482,0.025749769053616794,0.025749769053616804,0.0010745328418573696,2.766897251835369e-05
6020185.0,6120185.0,1559,0.03382272070197098,0.033822720701971,0.0010678842808752175,3.611875177406778e-05
6030185.0,6130185.0,1574,0.03580105625780992,0.035801056257809924,0.001108668820211176,3.969151480366025e-05
6040185.0,6140185.0,1587,0.036943210803612375,0.036943210803612375,0.0012243281703245578,4.523061368910106e-05
6050185.0,6150185.0,1577,0.039078793643579746,0.03907879364357975,0.0013544334975369458,5.292962715419824e-05
6060185.0,6160185.0,1530,0.03756093759230899,0.037560937592308996,0.0013260655645524067,4.9808265913463003e-05
6070185.0,6170185.0,1504,0.03651737612029232,0.03651737612029232,0.001283698331708995,4.6877294804009016e-05
6080185.0,6180185.0,1533,0.03301916976848004,0.03301916976848004,0.0013676450855417644,4.515850526253093e-05
6090185.0,6190185.0,1587,0.03283266135828314,0.03283266135828314,0.0013629823129251701,4.47503367176017e-05
6100185.0,6200185.0,1651,0.03286137127605956,0.03286137127605956,0.0012387205387205387,4.0706055530176065e-05
6110185.0,6210185.0,1616,0.027624768209260207,0.027624768209260197,0.001435896160149848,3.966629859670642e-05
6120185.0,6220185.0,1506,0.025903545126345788,0.025903545126345785,0.0015739158163265308,4.076999937328376e-05
6130185.0,6230185.0,1431,0.021919429671317152,0.02191942967131715,0.0014139238809970517,3.0992405070110386e-05
6140185.0,6240185.0,1416,0.02026205031191913,0.020262050311919126,0.001452065150583897,2.9421817137315513e-05
6150185.0,6250185.0,1389,0.019537101718591205,0.019537101718591198,0.001523729535633863,2.976925892930066e-05
6160185.0,6260185.0,1465,0.017598425019590518,0.017598425019590514,0.0016347166325790066,2.876843808671921e-05
6170185.0,6270185.0,1426,0.02026975870147822,0.02026975870147821,0.0017108081210191082,3.467766779758658e-05
6180185.0,6280185.0,1421,0.0221629864767802,0.02216298647678019,0.0016775619918016262,3.717978373825972e-05
6190185.0,6290185.0,1367,0.020353944036037946,0.020353944036037932,0.0017695675934148508,3.6017679764352145e-05
6200185.0,6300185.0,1363,0.021134237564229,0.021134237564228987,0.0020215129851181794,4.272313566666131e-05
6210185.0,6310185.0,1328,0.02119464442175101,0.021194644421751004,0.0020012190825170885,4.2415126863972553e-05
6220185.0,6320185.0,1238,0.01614560051551691,0.0161456005155169,0.0013336527180289402,2.1532624011728425e-05
6230185.0,6330185.0,1259,0.016425049228476388,0.01642504922847638,0.0014184465056296812,2.329805368292797e-05
6240185.0,6340185.0,1208,0.01818709439591916,0.01818709439591915,0.0013784295883958679,2.5069629042283557e-05
6250185.0,6350185.0,1181,0.016845935182770708,0.016845935182770704,0.0013618629027785482,2.2941854188027496e-05
6260185.0,6360185.0,1105,0.017852050358518,0.017852050358517987,0.0013305533641383975,2.3753105661294253e-05
6270185.0,6370185.0,1147,0.07328310108828673,0.07328310108828673,0.0014150864607313026,0.00010370192415043783
6280185.0,6380185.0,1132,0.10484641085687625,0.10484641085687625,0.0012362295226351948,0.00012961422844360974
6290185.0,6390185.0,1193,0.11448088438393471,0.11448088438393471,0.001207837038997706,0.00013827425241613026
6300185.0,6400185.0,1126,0.12189173110948617,0.12189173110948617,0.0011671690905743742,0.0001422682609475951
6310185.0,6410185.0,1140,0.12641345148556532,0.12641345148556538,0.001121805642914907,0.00014181132321685713
6320185.0,6420185.0,1297,0.12426604417782305,0.12426604417782308,0.0014290420665030129,0.0001775814045680311
6330185.0,6430185.0,1315,0.1287236133751856,0.1287236133751856,0.0014451189381751322,0.00018602093147881456
6340185.0,6440185.0,1379,0.12336821244251181,0.12336821244251181,0.0014465673677033616,0.0001784604303312334
6350185.0,6450185.0,1404,0.1247303021010802,0.12473030210108021,0.0013173550301615099,0.00016431409088642261
6360185.0,6460185.0,1514,0.12220555426957011,0.12220555426957012,0.0013387789422373874,0.00016360622268054876
6370185.0,6470185.0,1539,0.07471841469634012,0.07471841469634012,0.0012572539124228986,9.394001920701036e-05
6380185.0,6480185.0,1635,0.03525482332851459,0.035254823328514574,0.0012224919441460795,4.30987375114024e-05
6390185.0,6490185.0,1644,0.027526654640907373,0.027526654640907373,0.000946145225408103,2.6044212859952463e-05
6400185.0,6500185.0,1707,0.027445683257579345,0.027445683257579335,0.0008886028880866426,2.4388313408196267e-05
6410185.0,6510185.0,1787,0.024244219807915714,0.02424421980791571,0.0008745986731291466,2.120396247505456e-05
6420185.0,6520185.0,1803,0.022554243880115638,0.022554243880115645,0.0009912582021585573,2.235707923964917e-05
6430185.0,6530185.0,1793,0.02074474938796547,0.02074474938796547,0.0008723783192953128,1.809726960527572e-05
6440185.0,6540185.0,1754,0.016409485173131188,0.01640948517313119,0.000896613027075752,1.471295817383576e-05
6450185.0,6550185.0,1744,0.016913116254627478,0.016913116254627478,0.0009259682396588189,1.566100848544238e-05
6460185.0,6560185.0,1696,0.01824983063413437,0.018249830634134368,0.0009179613976249958,1.675264003532942e-05
6470185.0,6570185.0,1674,0.015933165645202467,0.015933165645202464,0.0008435516519710433,1.3440448201138726e-05
6480185.0,6580185.0,1610,0.01757555778243595,0.017575557782435955,0.000928194387045873,1.631353408285761e-05
6490185.0,6590185.0,1599,0.017613551840378577,0.017613551840378577,0.0011765607886089816,2.072341444352111e-05
6500185.0,6600185.0,1567,0.016519748769020404,0.016519748769020404,0.0012762406809836428,2.1083175418653247e-05
6510185.0,6610185.0,1473,0.015807525614789233,0.01580752561478924,0.001421280856092437,2.2466933538490605e-05
6520185.0,6620185.0,1382,0.01751000013595948,0.017510000135959478,0.0013880834264952489,2.4305340986654825e-05
6530185.0,6630185.0,1380,0.016007621671032448,0.016007621671032445,0.0020200571485863247,3.233631058843453e-05
6540185.0,6640185.0,1387,0.014194729427370417,0.014194729427370415,0.0019315671330131549,2.7418072823923142e-05
6550185.0,6650185.0,1391,0.014271429930458006,0.014271429930458006,0.002035310290652003,2.904678819977991e-05
6560185.0,6660185.0,1389,0.014669958560603066,0.014669958560603064,0.0022572779404587606,3.311417384629327e-05
6570185.0,6670185.0,1393,0.01933318434388062,0.01933318434388062,0.002569795384249346,4.968232788974617e-05
6580185.0,6680185.0,1376,0.01819519848827683,0.01819519848827683,0.002660650051387462,4.841105579283935e-05
6590185.0,6690185.0,1288,0.018566090391714387,0.01856609039171438,0.0014426196551457515,2.678380691829982e-05
6600185.0,6700185.0,1268,0.018276395508288912,0.018276395508288894,0.0015093427230046948,2.758534456319145e-05
6610185.0,6710185.0,1263,0.021419207027362382,0.021419207027362375,0.001541081779727401,3.300874968607776e-05
6620185.0,6720185.0,1283,0.020798546401740035,0.02079854640174003,0.0016071313672922252,3.3425996316319166e-05
6630185.0,6730185.0,1254,0.02111678341719412,0.021116783417194123,0.0016155070663146456,3.411431282831327e-05
6640185.0,6740185.0,1249,0.020676696830271547,0.02067669683027154,0.0016429860792412422,3.397152505682768e-05
6650185.0,6750185.0,1245,0.022485810851451706,0.022485810851451703,0.0017432825331064584,3.9199121300071335e-05
6660185.0,6760185.0,1197,0.02111590090595346,0.021115900905953455,0.0016910532483703216,3.570811281927842e-05
6670185.0,6770185.0,1127,0.017745012725790335,0.017745012725790328,0.0014352840495265838,2.5469133723972877e-05
6680185.0,6780185.0,1077,0.017581420697860704,0.017581420697860707,0.0014346703174720643,2.522354241421004e-05
6690185.0,6790185.0,1125,0.016250209210024725,0.01625020921002472,0.002616169399580816,4.251330007205307e-05
6700185.0,6800185.0,1135,0.016491032626181824,0.01649103262618182,0.002430548041867576,4.008224705794041e-05
6710185.0,6810185.0,1117,0.013732321601120853,0.013732321601120853,0.002364551138374425,3.2470776674453916e-05
6720185.0,6820185.0,1093,0.01523384258386036,0.015233842583860357,0.0024078233741300697,3.668040225123678e-05
6730185.0,6830185.0,1105,0.02304604055724887,0.023046040557248872,0.002395111443014706,5.519783545484816e-05
6740185.0,6840185.0,1099,0.02331279348305157,0.02331279348305157,0.002160112475492725,5.035825604132503e-05
6750185.0,6850185.0,1109,0.019362109559285304,0.019362109559285308,0.0020195392326971275,3.910253988275722e-05
6760185.0,6860185.0,1114,0.021055197272610977,0.021055197272610973,0.0020630537138464494,4.343800292902954e-05
6770185.0,6870185.0,1155,0.02171500286693515,0.02171500286693515,0.0022509639483323696,4.8879688591405274e-05
6780185.0,6880185.0,1159,0.022684207871817526,0.022684207871817533,0.002322926713947991,5.269375245019445e-05
6790185.0,6890185.0,1161,0.023024775253312927,0.023024775253312934,0.002320908401289589,5.343839432321884e-05
6800185.0,6900185.0,1184,0.023199549130657342,0.023199549130657353,0.0023930623357116035,5.551796723006704e-05
6810185.0,6910185.0,1189,0.023171545305742912,0.023171545305742912,0.0017276584097440809,4.003251511423277e-05
6820185.0,6920185.0,1283,0.023090152747275675,0.023090152747275675,0.0014572439412701222,3.36479851939691e-05
6830185.0,6930185.0,1217,0.017104738146108894,0.017104738146108897,0.001027634905413652,1.7577425966902035e-05
6840185.0,6940185.0,1197,0.018529691336829083,0.018529691336829083,0.0010090286888830577,1.8696990155008378e-05
6850185.0,6950185.0,1175,0.020727273675484697,0.020727273675484697,0.0009775308050681412,2.0261548522864203e-05
6860185.0,6960185.0,1166,0.02024027509512747,0.020240275095127474,0.0008891086211221675,1.7995803080962228e-05
6870185.0,6970185.0,1170,0.020729883449170115,0.020729883449170105,0.0008602504809069701,1.7832892206294032e-05
6880185.0,6980185.0,1222,0.01912330257682622,0.01912330257682622,0.0008201328220737639,1.5683648109703114e-05
6890185.0,6990185.0,1237,0.020581164783108844,0.02058116478310883,0.0007889361784077342,1.6237225491165705e-05
6900185.0,7000185.0,1219,0.020850210957886944,0.020850210957886924,0.0007841998280040653,1.63507318470234e-05
6910185.0,7010185.0,1269,0.020670987644365278,0.020670987644365264,0.00093220847977933,1.926966996749106e-05
6920185.0,7020185.0,1157,0.02005943008533901,0.020059430085338992,0.0009476539151225343,1.900939745549811e-05
6930185.0,7030185.0,1202,0.019991610337858998,0.019991610337858994,0.0013805375718338548,2.759916919287646e-05
6940185.0,7040185.0,1240,0.018364243363694497,0.018364243363694483,0.0014959117022113795,2.7471286550008302e-05
6950185.0,7050185.0,1238,0.01863919289324926,0.018639192893249255,0.0011370555308186502,2.1193797369264822e-05
6960185.0,7060185.0,1171,0.018513987469892364,0.018513987469892357,0.0007087496752965624,1.3121782607730828e-05
6970185.0,7070185.0,1052,0.01840965940444267,0.018409659404442662,0.0004521706823499652,8.324308254737267e-06
6980185.0,7080185.0,951,0.019750200972997557,0.019750200972997557,0.0003218874214642903,6.357341264599668e-06
6990185.0,7090185.0,921,0.01968300966055478,0.019683009660554782,0.00029043540960380505,5.716642972998818e-06
7000185.0,7100185.0,937,0.019708746137572532,0.019708746137572532,0.00029410523389522097,5.796445392572273e-06
7010185.0,7110185.0,873,0.030994717262110564,0.030994717262110554,0.00028976530082987554,8.981193571592387e-06
7020185.0,7120185.0,885,0.030171355731904482,0.030171355731904465,0.0002982542862346176,8.998736168549856e-06
7030185.0,7130185.0,909,0.028936873839732827,0.028936873839732827,0.0003019660745636683,8.737954203528228e-06
7040185.0,7140185.0,890,0.028894333192493987,0.028894333192493987,0.0002853178416101952,8.244068781248188e-06
7050185.0,7150185.0,928,0.02684380703270889,0.026843807032708885,0.0003291794371691279,8.836429290503852e-06
7060185.0,7160185.0,994,0.026246265200537834,0.02624626520053783,0.0005214020663562281,1.3684856909693991e-05
7070185.0,7170185.0,1104,0.023629020338920823,0.02362902033892083,0.0009179699207878399,2.1690729928813404e-05
7080185.0,7180185.0,1142,0.02405373341210025,0.02405373341210025,0.0018257227138643068,4.3915447443708016e-05
7090185.0,7190185.0,1152,0.026398944909673865,0.02639894490967387,0.0017332773185575437,4.575669244578771e-05
7100185.0,7200185.0,1166,0.02643739798644876,0.02643739798644877,0.0015534726767015708,4.1069775415033265e-05
7110185.0,7210185.0,1168,0.01977771542756978,0.019777715427569783,0.0014910135798429317,2.948884228077552e-05
7120185.0,7220185.0,1174,0.019705565763326525,0.01970556576332653,0.001531084297792005,3.0170882319337005e-05
7130185.0,7230185.0,1196,0.019437811363506884,0.019437811363506884,0.001519509738079248,2.9535943653796377e-05
7140185.0,7240185.0,1230,0.02172106500836766,0.02172106500836766,0.0015982993197278912,3.47167634266391e-05
7150185.0,7250185.0,1235,0.022479194740766796,0.0224791947407668,0.0015393131495707183,3.460252005622324e-05
7160185.0,7260185.0,1269,0.022214074540164462,0.022214074540164462,0.0016017732801039829,3.558191104067379e-05
7170185.0,7270185.0,1272,0.022540103985410332,0.02254010398541032,0.001588543291731669,3.580593098095764e-05
7180185.0,7280185.0,1289,0.021928181953646878,0.021928181953646868,0.001278282223287015,2.8030405180349976e-05
7190185.0,7290185.0,1313,0.01983926489419597,0.019839264894195956,0.0015525940212150434,3.08023240600301e-05
7200185.0,7300185.0,1274,0.019440611388447524,0.01944061138844751,0.0017414516664821173,3.3854885099843466e-05
7210185.0,7310185.0,1317,0.02165690553174606,0.02165690553174605,0.001808710085361998,3.917106345300119e-05
7220185.0,7320185.0,1334,0.020737779888707803,0.020737779888707793,0.0017290434075429501,3.5856521603647024e-05
7230185.0,7330185.0,1306,0.02132802383782739,0.021328023837827385,0.0017905112433195525,3.818806647941751e-05
7240185.0,7340185.0,1279,0.018989363389934698,0.018989363389934677,0.0018476490647928077,3.5085679508423725e-05
7250185.0,7350185.0,1235,0.01862961838788312,0.01862961838788311,0.0019440396670434696,3.621671712792755e-05
7260185.0,7360185.0,1161,0.017798482662252653,0.017798482662252642,0.0018213332621690862,3.241696848890043e-05
7270185.0,7370185.0,1141,0.01738996472678118,0.017389964726781178,0.0018304597079502438,3.183162975504934e-05
7280185.0,7380185.0,1162,0.016938873447460482,0.01693887344746048,0.002583764870538838,4.376606616005114e-05
7290185.0,7390185.0,1139,0.014218203276162284,0.014218203276162278,0.0027393102481424367,3.894806994456349e-05
7300185.0,7400185.0,1114,0.013390022919737881,0.013390022919737874,0.0026410292662236673,3.536344240643305e-05
7310185.0,7410185.0,1071,0.013748287729913747,0.013748287729913749,0.0021573751891074133,2.9660214841226102e-05
7320185.0,7420185.0,1018,0.014036919546991912,0.014036919546991908,0.0014377222549928374,2.0181191624254315e-05
7330185.0,7430185.0,924,0.013949047585081918,0.01394904758508192,0.0007675465304719345,1.0706543077317616e-05
7340185.0,7440185.0,914,0.016738853753140503,0.016738853753140503,0.000699367031377159,1.1706602457990394e-05
7350185.0,7450185.0,894,0.01612826100746576,0.01612826100746575,0.0006020033112582781,9.70926653133216e-06
7360185.0,7460185.0,945,0.0175523845643311,0.01755238456433109,0.0006259585810949354,1.0987065736721346e-05
7370185.0,7470185.0,922,0.016480239413106886,0.01648023941310688,0.0005434555076440612,8.956276876345707e-06
7380185.0,7480185.0,867,0.017283496796566024,0.01728349679656601,0.0005484209060896544,9.478630973570377e-06
7390185.0,7490185.0,821,0.02342475925067734,0.023424759250677326,0.0005146192441531116,1.2054831900052173e-05
7400185.0,7500185.0,794,0.02299788502902351,0.022997885029023495,0.000540533664414231,1.2431131068515297e-05
7410185.0,7510185.0,757,0.020810977306327635,0.02081097730632762,0.0005296011861764818,1.1021518266922904e-05
7420185.0,7520185.0,752,0.0228551035193338,0.022855103519333782,0.0006654810668123065,1.5209638672151936e-05
7430185.0,7530185.0,812,0.020612347961561143,0.020612347961561136,0.0011958831680280047,2.4649959980767395e-05
7440185.0,7540185.0,844,0.017674565020195203,0.017674565020195203,0.0013918427090750852,2.4600214459432443e-05
7450185.0,7550185.0,853,0.018262429454467145,0.018262429454467138,0.0014762369515403549,2.6959673185583294e-05
7460185.0,7560185.0,815,0.01760459554374791,0.0176045955437479,0.0011900928566206037,2.0951103400309087e-05
7470185.0,7570185.0,827,0.017307227166042268,0.01730722716604226,0.0013596555573273802,2.3531867598236935e-05
7480185.0,7580185.0,908,0.015455845149612162,0.015455845149612154,0.0009599481832937945,1.4836810472640418e-05
7490185.0,7590185.0,1045,0.010494163231802913,0.010494163231802904,0.0009538868013151715,1.0010243797663798e-05
7500185.0,7600185.0,1146,0.009887558009917263,0.009887558009917252,0.0009501932340091857,9.395090721896852e-06
7510185.0,7610185.0,1175,0.009166838832610926,0.009166838832610918,0.0007664144720888502,7.025597944619118e-06
7520185.0,7620185.0,1258,0.0068493941339097504,0.0068493941339097435,0.0007241136236739253,4.959739606276422e-06
7530185.0,7630185.0,1273,0.007787442560451162,0.007787442560451153,0.0006844944774851316,5.33046142636144e-06
7540185.0,7640185.0,1244,0.006894054447070472,0.006894054447070462,0.0007107424071991002,4.899896853072569e-06
7550185.0,7650185.0,1238,0.00757261494797016,0.007572614947970155,0.0008292795910760875,6.279815027429288e-06
7560185.0,7660185.0,1270,0.006917080381797269,0.006917080381797262,0.0009387339244817665,6.4932980127604e-06
7570185.0,7670185.0,1243,0.008520809111074642,0.008520809111074638,0.0009724576523031203,8.286126023878666e-06
7580185.0,7680185.0,1167,0.01178128500582805,0.011781285005828045,0.0011349710212510825,1.3371417074714828e-05
7590185.0,7690185.0,1040,0.013478021763390326,0.013478021763390328,0.0010449334661638086,1.408363599825098e-05
7600185.0,7700185.0,978,0.014486392902555585,0.014486392902555585,0.0010311576168929109,1.4937754382773529e-05
7610185.0,7710185.0,994,0.013214190367508915,0.013214190367508915,0.0019871112600536194,2.6258066471769022e-05
7620185.0,7720185.0,966,0.016374581973047864,0.016374581973047864,0.0021663392857142858,3.547290021536272e-05
7630185.0,7730185.0,934,0.01622769242191923,0.016227692421919227,0.001886683417085427,3.06165181899978e-05
7640185.0,7740185.0,909,0.019294695864407126,0.019294695864407126,0.0017699338186631369,3.415033473123357e-05
7650185.0,7750185.0,887,0.02113226986601553,0.02113226986601553,0.001641093687173301,3.468003467276037e-05
7660185.0,7760185.0,830,0.022646606820510316,0.02264660682051032,0.0017509260588657574,3.965253402691846e-05
7670185.0,7770185.0,837,0.022326736051103177,0.022326736051103184,0.001226068419971235,2.7374105993291186e-05
7680185.0,7780185.0,799,0.020282109329952756,0.02028210932995276,0.0006145740851829633,1.2464858787036531e-05
7690185.0,7790185.0,749,0.019993193843796997,0.019993193843797007,0.000416352073882048,8.324207720390685e-06
7700185.0,7800185.0,702,0.020919028999442386,0.020919028999442393,0.0002901079847908745,6.06877734681015e-06
7710185.0,7810185.0,631,0.023783748432294683,0.02378374843229469,0.00019261461912095724,4.581097645555136e-06
7720185.0,7820185.0,564,0.018422748693756257,0.018422748693756263,0.00014673495908546364,2.703261275820087e-06
7730185.0,7830185.0,564,0.01866216482818417,0.018662164828184176,0.00012323084561235525,2.299754352734277e-06
7740185.0,7840185.0,560,0.014467319574430676,0.01446731957443068,0.00010311778663782666,1.4918379730973913e-06
7750185.0,7850185.0,548,0.012817907745009105,0.012817907745009105,8.438533490412048e-05,1.0816434378327063e-06
7760185.0,7860185.0,494,0.010706690042865745,0.01070669004286574,6.145390159667652e-05,6.579678763203976e-07
7770185.0,7870185.0,471,0.007043981173974803,0.007043981173974807,4.58212955550141e-05,3.2276434325664764e-07
7780185.0,7880185.0,450,0.007287880185631026,0.00728788018563103,4.510725476018317e-05,3.28736268194947e-07
7790185.0,7890185.0,466,0.007903650334859276,0.007903650334859274,4.3359254388472746e-05,3.4269638546669586e-07
7800185.0,7900185.0,528,0.009593439498106725,0.009593439498106726,6.374609379863299e-05,6.115442940978286e-07
7810185.0,7910185.0,623,0.008172215119910788,0.008172215119910784,8.662928602506702e-05,7.079531610811225e-07
7820185.0,7920185.0,708,0.06421967719735627,0.06421967719735627,0.00011981238680515782,7.694312804872021e-06
7830185.0,7930185.0,761,0.05951291195000234,0.05951291195000235,0.0001539539504026679,9.16224789466899e-06
7840185.0,7940185.0,799,0.06017953028821789,0.060179530288217875,0.00016744703923163314,1.0076884169112443e-05
7850185.0,7950185.0,902,0.046063473053464594,0.04606347305346458,0.00025646142281145353,1.1813503838928534e-05
7860185.0,7960185.0,984,0.04395133319760391,0.04395133319760389,0.00037746335560872316,1.659001771224463e-05
7870185.0,7970185.0,972,0.04391231597538306,0.04391231597538303,0.00037426982869320514,1.6435054977628513e-05
7880185.0,7980185.0,989,0.04351114257595494,0.043511142575954925,0.00038340027144558627,1.6682183874528722e-05
7890185.0,7990185.0,1022,0.04275748443254488,0.04275748443254486,0.00043683630721489525,1.8678021605311276e-05
7900185.0,8000185.0,937,0.04573899102088639,0.04573899102088636,0.0003151974106834017,1.4416811537054766e-05
7910185.0,8010185.0,889,0.048450004258224294,0.04845000425822427,0.00024353654058024233,1.1799346428145898e-05
7920185.0,8020185.0,784,0.013980556053147066,0.013980556053147044,0.00020121199632841915,2.8130555932350664e-06
7930185.0,8030185.0,758,0.011331888488643067,0.011331888488643041,0.00022080958452077397,2.5021895890130187e-06
7940185.0,8040185.0,747,0.011899751669069524,0.011899751669069498,0.00023245780931905097,2.766190204432624e-06
7950185.0,8050185.0,693,0.014261999608696592,0.014261999608696573,0.00020788696752425137,2.9648838494840094e-06
7960185.0,8060185.0,716,0.015398262658310227,0.015398262658310216,0.00021825158820976207,3.360695280847284e-06
7970185.0,8070185.0,858,0.019232020389288007,0.019232020389288,0.00029665665755389237,5.705306886694473e-06
7980185.0,8080185.0,947,0.019316349982473148,0.019316349982473145,0.00037299796560014793,7.204959246282907e-06
7990185.0,8090185.0,1016,0.018260824369612925,0.018260824369612922,0.00046830908829036447,8.551710011963956e-06
8000185.0,8100185.0,1134,0.02081269270525455,0.020812692705254543,0.0007135040991493785,1.484994155953558e-05
8010185.0,8110185.0,1219,0.026337670177423188,0.026337670177423188,0.0011032493074792243,2.905701638385843e-05
8020185.0,8120185.0,1340,0.025277264444275027,0.025277264444275027,0.001457690642810764,3.684643185627287e-05
8030185.0,8130185.0,1364,0.02721061763185121,0.02721061763185121,0.0013294726603209895,3.6175772211994624e-05
8040185.0,8140185.0,1382,0.028801511443958563,0.028801511443958573,0.0013457163402273663,3.875866457338075e-05
8050185.0,8150185.0,1368,0.03042574142015987,0.030425741420159882,0.0013647334545963342,4.152302719698951e-05
8060185.0,8160185.0,1362,0.028324109885531776,0.02832410988553178,0.0012839488835837665,3.6366709266032486e-05
8070185.0,8170185.0,1263,0.027430323820331042,0.02743032382033105,0.0015174931736104992,4.162532914727761e-05
8080185.0,8180185.0,1252,0.02707785604180446,0.02707785604180447,0.001997751971020669,5.4094840278529084e-05
8090185.0,8190185.0,1183,0.02813918034901908,0.028139180349019077,0.002163757162013897,6.08863530133903e-05
8100185.0,8200185.0,1183,0.025191439711904788,0.025191439711904788,0.002336066088704611,5.884886803662742e-05
8110185.0,8210185.0,1123,0.01818942136387106,0.018189421363871056,0.0025016763245033114,4.55040447824109e-05
8120185.0,8220185.0,1050,0.02047581802510831,0.020475818025108315,0.00294400708673548,6.028095337262524e-05
8130185.0,8230185.0,1043,0.020498887571006645,0.02049888757100664,0.0031093636961525813,6.373849682480111e-05
8140185.0,8240185.0,1022,0.0193575582894762,0.019357558289476193,0.0032090391022268983,6.211916147456537e-05
8150185.0,8250185.0,1065,0.019948326384580318,0.019948326384580318,0.0029879091197966318,5.960378632916772e-05
8160185.0,8260185.0,1055,0.019435039180036223,0.019435039180036213,0.003089771787663304,6.0049835750607094e-05
8170185.0,8270185.0,1087,0.01764641821532228,0.017646418215322274,0.0031128566547069876,5.493077037330839e-05
8180185.0,8280185.0,1073,0.018568371825103014,0.018568371825103007,0.0029898278560250395,5.551623532372354e-05
8190185.0,8290185.0,1100,0.01853217344518289,0.018532173445182893,0.0027252081632653056,5.050403035586001e-05
8200185.0,8300185.0,1041,0.01858130771408472,0.018581307714084713,0.0027427542445549644,5.0963960602187204e-05
8210185.0,8310185.0,1039,0.018401617690898063,0.018401617690898056,0.002442786359661906,4.4951220691039015e-05
8220185.0,8320185.0,1070,0.016118242697352767,0.016118242697352753,0.0023530970357941833,3.792778911335208e-05
8230185.0,8330185.0,1065,0.016307251869599932,0.016307251869599925,0.002450889202540579,3.996726753031252e-05
8240185.0,8340185.0,1092,0.014067612477297813,0.014067612477297802,0.0024748638958969594,3.4815426221533976e-05
8250185.0,8350185.0,1036,0.011595743589573193,0.011595743589573179,0.002077469836339744,2.4089807537268313e-05
8260185.0,8360185.0,1033,0.011568187241352853,0.011568187241352838,0.0018274170744970093,2.1139902885826758e-05
8270185.0,8370185.0,1031,0.013640412273737473,0.01364041227373746,0.0018189189189189191,2.481080394655518e-05
8280185.0,8380185.0,1109,0.011028618630706727,0.011028618630706716,0.001651200107874865,1.8210456272733853e-05
8290185.0,8390185.0,1077,0.011147573002322652,0.01114757300232264,0.00135216208043544,1.5073325502626661e-05
8300185.0,8400185.0,1106,0.009913350113005119,0.009913350113005114,0.0012167644077613672,1.2062211579182072e-05
8310185.0,8410185.0,1124,0.010677303196465244,0.010677303196465242,0.0011608867581187011,1.2395139893195256e-05
8320185.0,8420185.0,1095,0.010275875063899811,0.010275875063899813,0.0010897168192219682,1.1197793889355388e-05
8330185.0,8430185.0,1107,0.009578338927857515,0.00957833892785751,0.0010626700558499212,1.0178613963415823e-05
8340185.0,8440185.0,1150,0.011521786776959824,0.011521786776959822,0.0009242814765985498,1.0649374095262117e-05
8350185.0,8450185.0,1147,0.011781986911148649,0.011781986911148649,0.0007560011571030349,8.90719573780116e-06
8360185.0,8460185.0,1146,0.01137914164928793,0.011379141649287924,0.0008034792223822259,9.142903883747075e-06
8370185.0,8470185.0,1196,0.010336575139868428,0.010336575139868425,0.0007608086929265489,7.86415622150032e-06
8380185.0,8480185.0,1170,0.011395792102295427,0.011395792102295424,0.0008676577958838156,9.887647857827859e-06
8390185.0,8490185.0,1174,0.011149010046986539,0.01114901004698654,0.0010502335031538088,1.1709063878343767e-05
8400185.0,8500185.0,1146,0.013189900515406867,0.013189900515406874,0.0011141429112008071,1.4695434158684212e-05
8410185.0,8510185.0,1147,0.014407085781793642,0.014407085781793649,0.0011505327895810038,1.6575824594259878e-05
8420185.0,8520185.0,1181,0.013580747184992898,0.013580747184992905,0.0011607742597102935,1.5764181759972704e-05
8430185.0,8530185.0,1164,0.014192896644859967,0.014192896644859976,0.0011859900894523455,1.683263476142538e-05
8440185.0,8540185.0,1126,0.01309049896511852,0.013090498965118524,0.0012497965135996746,1.6360459967885316e-05
8450185.0,8550185.0,1153,0.01472213717672666,0.01472213717672666,0.0019757029560201872,2.9086569938993192e-05
8460185.0,8560185.0,1146,0.01512836496670697,0.015128364966706973,0.002084553842560149,3.1535891323000794e-05
8470185.0,8570185.0,1086,0.015941568494911112,0.01594156849491113,0.002277981651376147,3.631460052556424e-05
8480185.0,8580185.0,1079,0.01591036472548253,0.015910364725482545,0.00213438090439602,3.395877865204639e-05
8490185.0,8590185.0,1129,0.01709855973218751,0.017098559732187515,0.002075859598853868,3.549420934663763e-05
8500185.0,8600185.0,1144,0.015725359599244933,0.015725359599244936,0.001889940078359069,2.9719987353221726e-05
8510185.0,8610185.0,1158,0.01437944657921754,0.014379446579217546,0.0019398309298856292,2.7893695229004465e-05
8520185.0,8620185.0,1180,0.017309370749828037,0.01730937074982803,0.0020628397666625294,3.5706458318650494e-05
8530185.0,8630185.0,1253,0.017015274317272386,0.017015274317272393,0.0016780738916256158,2.8552887590662986e-05
8540185.0,8640185.0,1325,0.019645363614861782,0.019645363614861782,0.0018557045412072508,3.645599047376667e-05
8550185.0,8650185.0,1363,0.018147891139354475,0.01814789113935448,0.0018503063837570879,3.357915882687642e-05
8560185.0,8660185.0,1432,0.020954780410167382,0.02095478041016739,0.0017636795933426255,3.695751859238813e-05
8570185.0,8670185.0,1455,0.019859373162047354,0.019859373162047354,0.0014837161060897912,2.9465671817376947e-05
8580185.0,8680185.0,1413,0.024009901484493522,0.02400990148449352,0.0015533660641225918,3.729616616893898e-05
8590185.0,8690185.0,1366,0.024141568799100507,0.0241415687991005,0.0015555461146300016,3.755332354651371e-05
8600185.0,8700185.0,1379,0.02537118227126471,0.02537118227126471,0.0017134636264929427,4.347259798293478e-05
8610185.0,8710185.0,1365,0.024722246733602488,0.024722246733602495,0.001913730407523511,4.731171531639404e-05
8620185.0,8720185.0,1330,0.023503153924329077,0.02350315392432908,0.001676624548736462,3.9405964842261675e-05
8630185.0,8730185.0,1316,0.023532023299348098,0.02353202329934809,0.001817249381188119,4.276355477884509e-05
8640185.0,8740185.0,1245,0.021485249528106997,0.021485249528106997,0.0017008860035930102,3.6543960206060624e-05
8650185.0,8750185.0,1225,0.02095097458784377,0.02095097458784377,0.0015909127333920987,3.33311722487749e-05
8660185.0,8760185.0,1191,0.01786350236064957,0.017863502360649562,0.0013166063502902015,2.3519200646455373e-05
8670185.0,8770185.0,1153,0.02015003380998562,0.020150033809985618,0.0010712765367773406,2.1586258435907897e-05
8680185.0,8780185.0,1169,0.015393261724405798,0.015393261724405789,0.0010353148911124192,1.5936873086067983e-05
8690185.0,8790185.0,1215,0.014030507934718205,0.014030507934718205,0.0010397611801722805,1.4588377488619085e-05
8700185.0,8800185.0,1223,0.015948542829802927,0.01594854282980292,0.0010112340575691887,1.61277096780975e-05
8710185.0,8810185.0,1208,0.015736987315670824,0.015736987315670824,0.0009523811933802318,1.498761075990825e-05
8720185.0,8820185.0,1201,0.016795630660869705,0.01679563066086971,0.0010166433189655174,1.707516569918571e-05
8730185.0,8830185.0,1165,0.01951129629531705,0.01951129629531705,0.0011135748655533542,2.1727289148829416e-05
8740185.0,8840185.0,1142,0.021593983234884484,0.021593983234884477,0.0011047481164961207,2.3855912306387615e-05
8750185.0,8850185.0,1135,0.021537054999416955,0.021537054999416955,0.0010994664510913502,2.3679269427168267e-05
8760185.0,8860185.0,1115,0.021524311856642143,0.021524311856642147,0.0013137585174807362,2.827774803457532e-05
8770185.0,8870185.0,1111,0.019448408374856237,0.019448408374856237,0.0018694526490677498,3.635787855652634e-05
8780185.0,8880185.0,1084,0.021439408649897324,0.021439408649897327,0.0019491103739445114,4.1787773810750616e-05
8790185.0,8890185.0,1093,0.022173731797965075,0.022173731797965075,0.001972392418032787,4.373530047779868e-05
8800185.0,8900185.0,1054,0.019034756168751273,0.019034756168751266,0.0019434995644599304,3.6994040323569135e-05
8810185.0,8910185.0,1094,0.018327975177196646,0.018327975177196636,0.0018319771171941828,3.3576431129126924e-05
8820185.0,8920185.0,1090,0.018460013414156123,0.018460013414156116,0.0014484109419263458,2.6737685417171084e-05
8830185.0,8930185.0,1141,0.018588509882193262,0.018588509882193256,0.001355946729957806,2.5205029189548277e-05
8840185.0,8940185.0,1145,0.018521751116765028,0.01852175111676502,0.0013779807157426292,2.5522615860686772e-05
8850185.0,8950185.0,1100,0.01991797808566099,0.019917978085660995,0.0011876516581288757,2.365561970000991e-05
8860185.0,8960185.0,1153,0.01971472330259491,0.019714723302594907,0.001177241126966703,2.3208983078583408e-05
8870185.0,8970185.0,1182,0.020010665277541285,0.02001066527754128,0.0010701670741646292,2.1414755112154136e-05
8880185.0,8980185.0,1223,0.018888255854712186,0.018888255854712183,0.0010669578357658854,2.015297258813598e-05
8890185.0,8990185.0,1210,0.018812078385605936,0.018812078385605925,0.0009791151378877058,1.8419190722476787e-05
8900185.0,9000185.0,1244,0.018010763367376746,0.018010763367376732,0.0009347577307036766,1.6835700293529797e-05
8910185.0,9010185.0,1207,0.018983685461763974,0.018983685461763954,0.0008456532258064517,1.605361484843566e-05
8920185.0,9020185.0,1138,0.0186076694534541,0.018607669453454084,0.0006377129158430416,1.1866351144205665e-05
8930185.0,9030185.0,1145,0.014221463492293616,0.014221463492293598,0.0005457038798870225,7.760707805416297e-06
8940185.0,9040185.0,1141,0.013942822035453436,0.013942822035453417,0.0005842536925703259,8.146145259064635e-06
8950185.0,9050185.0,1184,0.01361593006300812,0.0136159300630081,0.0006211413287445758,8.457416891430188e-06
8960185.0,9060185.0,1113,0.014374122022005241,0.014374122022005225,0.0006706625023660799,9.640184644593492e-06
8970185.0,9070185.0,1163,0.014075129251512228,0.014075129251512216,0.0006644661013838417,9.352446260225853e-06
8980185.0,9080185.0,1115,0.012375510185615177,0.012375510185615168,0.0006514624734709629,8.062180475985988e-06
8990185.0,9090185.0,1085,0.012250092606575235,0.012250092606575226,0.0006221689096937781,7.621626760680789e-06
9000185.0,9100185.0,1071,0.011472199302886125,0.011472199302886123,0.0006322004164096238,7.252729176418766e-06
9010185.0,9110185.0,1047,0.010718615856504674,0.010718615856504675,0.00068057653736184,7.294838464931613e-06
9020185.0,9120185.0,1116,0.010375297738575758,0.010375297738575762,0.0010573869969040246,1.0970704917777709e-05
9030185.0,9130185.0,1055,0.010362587429453765,0.010362587429453765,0.0011200127234982924,1.160622976935168e-05
9040185.0,9140185.0,1083,0.011632595139354628,0.011632595139354631,0.0010360482220516756,1.2051929511975296e-05
9050185.0,9150185.0,1078,0.012110943131249195,0.012110943131249198,0.0011312624452409397,1.370065514083069e-05
9060185.0,9160185.0,1079,0.011236932992922296,0.011236932992922298,0.0008859534492428492,9.955399543990256e-06
9070185.0,9170185.0,1005,0.011802820709835805,0.011802820709835805,0.0007651854871585813,9.03134711470102e-06
9080185.0,9180185.0,1066,0.01449476800902675,0.014494768009026753,0.0007522475570032573,1.0903653824119215e-05
9090185.0,9190185.0,1049,0.015107442253209003,0.015107442253209008,0.0006134475037319622,9.267622738005842e-06
9100185.0,9200185.0,990,0.015620543900816939,0.015620543900816955,0.00042585803952991454,6.652134201992858e-06
9110185.0,9210185.0,990,0.01852726012438086,0.018527260124380874,0.0003779435091136775,7.002257705670402e-06
9120185.0,9220185.0,989,0.019034500359128875,0.019034500359128882,0.00037951840466619375,7.223943209914705e-06
9130185.0,9230185.0,952,0.01983646169442023,0.019836461694420247,0.0004029570796212249,7.993242674401891e-06
9140185.0,9240185.0,882,0.017005711517845037,0.01700571151784505,0.00040127173259244404,6.82391132473292e-06
9150185.0,9250185.0,883,0.01684386657321097,0.016843866573210988,0.00037333040935672517,6.288327602926942e-06
9160185.0,9260185.0,898,0.01615321002734829,0.016153210027348302,0.000423329968801615,6.838137896923352e-06
9170185.0,9270185.0,882,0.017333998298298462,0.017333998298298466,0.0005100431739841928,8.841087509900765e-06
9180185.0,9280185.0,836,0.01848063801981893,0.018480638019818935,0.0005175155765891526,9.564018040562073e-06
9190185.0,9290185.0,840,0.019635383663183955,0.01963538366318396,0.0006533014026684912,1.2827823689092044e-05
9200185.0,9300185.0,909,0.023479633350467925,0.02347963335046793,0.0010248283752860412,2.406259449887207e-05
9210185.0,9310185.0,944,0.021458575450542614,0.02145857545054262,0.0014898957345971563,3.197104003429463e-05
9220185.0,9320185.0,968,0.02218710626697763,0.022187106266977633,0.0018325713635846698,4.065945558567342e-05
9230185.0,9330185.0,949,0.022349818647154157,0.022349818647154154,0.0016872182006204758,3.7709020802045444e-05
9240185.0,9340185.0,958,0.022170711847877885,0.02217071184787788,0.0016512695510867358,3.660982140031878e-05
9250185.0,9350185.0,957,0.022831447680717237,0.022831447680717227,0.0015911999212520917,3.632939775162845e-05
9260185.0,9360185.0,954,0.02400789195505483,0.024007891955054823,0.0016644905660377358,3.99609096696421e-05
9270185.0,9370185.0,1035,0.02294461577645211,0.022944615776452112,0.0016519481195957913,3.790331488675821e-05
9280185.0,9380185.0,1009,0.020710671278797083,0.020710671278797076,0.0017188401513360133,3.5598333355117944e-05
9290185.0,9390185.0,1022,0.01994384971986519,0.019943849719865184,0.0018477006786800844,3.685026466288881e-05
9300185.0,9400185.0,1066,0.014268235051389907,0.0142682350513899,0.0019328817153628655,2.75788106413313e-05
9310185.0,9410185.0,1091,0.013559335699346673,0.013559335699346668,0.002175779334500876,2.9502122404198376e-05
9320185.0,9420185.0,1066,0.01229778388706486,0.012297783887064853,0.002260715596330275,2.780179183378643e-05
9330185.0,9430185.0,1133,0.011141480127293477,0.011141480127293471,0.0021550385333956095,2.4010318993378955e-05
9340185.0,9440185.0,1160,0.011073348722688251,0.011073348722688251,0.0021285587399336807,2.357027320401115e-05
9350185.0,9450185.0,1177,0.013580247853416461,0.013580247853416456,0.0024319047034262555,3.3025868628417624e-05
9360185.0,9460185.0,1212,0.014543061821211206,0.014543061821211206,0.0024980120030007507,3.63287429897676e-05
9370185.0,9470185.0,1209,0.012977765092008372,0.012977765092008377,0.0025803435114503817,3.348709194829143e-05
9380185.0,9480185.0,1280,0.013358266418727036,0.013358266418727038,0.0025609154929577462,3.420939143077529e-05
9390185.0,9490185.0,1302,0.01194391861798179,0.011943918617981794,0.002549713215498069,3.045356714510175e-05
9400185.0,9500185.0,1239,0.014114330823444326,0.014114330823444326,0.002178679128369307,3.075059797593756e-05
9410185.0,9510185.0,1204,0.018632780232084614,0.018632780232084614,0.001994594076488067,3.7164833079420104e-05
9420185.0,9520185.0,1284,0.01887770147691143,0.018877701476911427,0.0018646350266173421,3.520002339587524e-05
9430185.0,9530185.0,1288,0.019275379551865722,0.01927537955186572,0.00208686494392979,4.0225113867729626e-05
9440185.0,9540185.0,1257,0.020081607565128043,0.02008160756512804,0.0019330549664192294,3.881885123745255e-05
9450185.0,9550185.0,1251,0.01677543886798766,0.01677543886798766,0.0018298452308494917,3.0696456807994784e-05
9460185.0,9560185.0,1235,0.015831094908132594,0.015831094908132587,0.0018676791481190538,2.9567405851812627e-05
9470185.0,9570185.0,1260,0.0159950164662799,0.015995016466279887,0.001955795276957805,3.128297765961271e-05
9480185.0,9580185.0,1267,0.015721540753715457,0.01572154075371544,0.0019238222222222223,3.0245449469569822e-05
9490185.0,9590185.0,1288,0.01655955525905447,0.01655955525905446,0.0018360018968787725,3.0403374867093083e-05
9500185.0,9600185.0,1311,0.014755768200798373,0.01475576820079836,0.001817263404883984,2.6815117562261968e-05
9510185.0,9610185.0,1335,0.010536239206563838,0.01053623920656383,0.0015699271208647232,1.6541127682302922e-05
9520185.0,9620185.0,1268,0.010119977015675116,0.010119977015675106,0.001577611683848797,1.596539398021015e-05
9530185.0,9630185.0,1288,0.009381571346063227,0.009381571346063216,0.0014752662672657681,1.384031574079431e-05
9540185.0,9640185.0,1329,0.008509750527811312,0.0085097505278113,0.001690603001111523,1.4386609781028196e-05
9550185.0,9650185.0,1360,0.011305192715281487,0.011305192715281473,0.0016872470006410844,1.9074652500527877e-05
9560185.0,9660185.0,1369,0.010861424703960449,0.010861424703960435,0.0016046451554427629,1.742873253241657e-05
9570185.0,9670185.0,1374,0.012513147049547802,0.012513147049547792,0.0015014651707970532,1.878805447195808e-05
9580185.0,9680185.0,1356,0.012424244727972154,0.012424244727972138,0.0012153985022733352,1.5100408434254941e-05
9590185.0,9690185.0,1306,0.014052992723730534,0.01405299272373053,0.0009037865969338052,1.2700906470516028e-05
9600185.0,9700185.0,1381,0.01405454230047133,0.014054542300471325,0.0008969890780281413,1.2606770940207212e-05
9610185.0,9710185.0,1400,0.013628220656290244,0.013628220656290237,0.0009678151752007231,1.3189598762141446e-05
9620185.0,9720185.0,1424,0.01395763226128334,0.013957632261283331,0.0009150917147568014,1.2772513639922706e-05
9630185.0,9730185.0,1412,0.01554495185823771,0.015544951858237703,0.0009209759386019498,1.431652662816268e-05
9640185.0,9740185.0,1432,0.015885554018376102,0.0158855540183761,0.0009106629554655871,1.4466385571582603e-05
9650185.0,9750185.0,1382,0.014512591245175658,0.014512591245175652,0.000705012363695326,1.0231556257105354e-05
9660185.0,9760185.0,1350,0.015825261619574177,0.01582526161957417,0.0006856692036383887,1.0850894532062443e-05
9670185.0,9770185.0,1332,0.014115750358209878,0.014115750358209873,0.0006119731599916124,8.638460352366381e-06
9680185.0,9780185.0,1297,0.014827735526243445,0.014827735526243445,0.0005604760065656077,8.310589994159883e-06
9690185.0,9790185.0,1293,0.01229226881809304,0.012292268818093035,0.0005691256916498994,6.995845993043699e-06
9700185.0,9800185.0,1135,0.012616069498601484,0.01261606949860148,0.0004472885416383089,5.643023327237055e-06
9710185.0,9810185.0,994,0.013606189360478247,0.013606189360478239,0.0003286521871732311,4.471703892414365e-06
9720185.0,9820185.0,870,0.01371566552338936,0.013715665523389358,0.0002675473795260164,3.6695903692382095e-06
9730185.0,9830185.0,862,0.014322990385864638,0.014322990385864631,0.00029369133939416246,4.206538230554347e-06
9740185.0,9840185.0,857,0.026060488816492144,0.026060488816492144,0.0002701195285913062,7.039446953969907e-06
9750185.0,9850185.0,840,0.027037954811404686,0.02703795481140469,0.0002456897245609234,6.642947670304759e-06
9760185.0,9860185.0,775,0.027951655574322512,0.027951655574322512,0.0001917013207602425,5.35836929103302e-06
9770185.0,9870185.0,722,0.03339506051069168,0.03339506051069168,0.00019141834881982272,6.392427341694686e-06
9780185.0,9880185.0,747,0.031845942556814034,0.031845942556814014,0.00022218169923951262,7.075585631156872e-06
9790185.0,9890185.0,773,0.034422096599729196,0.034422096599729175,0.0002113531187122737,7.275217468967962e-06
9800185.0,9900185.0,783,0.03423437003172959,0.03423437003172957,0.00021751605814739693,7.446525222461232e-06
9810185.0,9910185.0,858,0.03151485955687072,0.031514859556870695,0.0002949984920076405,9.29683604510943e-06
9820185.0,9920185.0,957,0.029400716308228266,0.029400716308228252,0.0003780904510613912,1.1116130090506028e-05
9830185.0,9930185.0,913,0.030138299631544203,0.030138299631544182,0.00036860826923555625,1.1109226464886118e-05
9840185.0,9940185.0,906,0.016422411320397377,0.01642241132039735,0.0004035092013938888,6.626594076855518e-06
9850185.0,9950185.0,942,0.01929409474549872,0.0192940947454987,0.0006115357565886883,1.1799028827882449e-05
9860185.0,9960185.0,937,0.019311658215246413,0.019311658215246386,0.0006076248513674197,1.1734243452697558e-05
9870185.0,9970185.0,903,0.01767977315913899,0.017679773159138972,0.0004808805635606788,8.50185928039166e-06
9880185.0,9980185.0,904,0.01535964215213387,0.015359642152133863,0.0004953775115024328,7.6088213068919595e-06
9890185.0,9990185.0,934,0.020573258945261574,0.020573258945261567,0.0005771176100861462,1.1873190034172675e-05
9900185.0,10000185.0,986,0.019267074874746503,0.019267074874746503,0.0007766106056428636,1.4963014687443226e-05
9910185.0,10010185.0,998,0.018492740506916332,0.018492740506916332,0.0006627439500390321,1.2255951890600626e-05
9920185.0,10020185.0,979,0.018947536251496155,0.018947536251496155,0.0007055693936327548,1.3368801663802828e-05
9930185.0,10030185.0,994,0.017894801533214735,0.01789480153321474,0.0006578135331716993,1.1771442621970327e-05
9940185.0,10040185.0,995,0.018954605414718703,0.01895460541471871,0.0006217351193770988,1.1784743860265916e-05
9950185.0,10050185.0,1032,0.015154260356955987,0.015154260356955995,0.000598147269275701,9.064479450406384e-06
9960185.0,10060185.0,1159,0.014834796096263968,0.01483479609626398,0.0009348423458521636,1.38681955828701e-05
9970185.0,10070185.0,1180,0.017980698152255285,0.017980698152255295,0.0013017428296967204,2.340624489263966e-05
9980185.0,10080185.0,1115,0.018358717013844793,0.018358717013844804,0.001272728212194282,2.336565708321155e-05
9990185.0,10090185.0,1075,0.014932070580462944,0.014932070580462952,0.0013571951490053981,2.0265733756410358e-05
10000185.0,10100185.0,1051,0.014910987920374881,0.014910987920374888,0.0015224479208236891,2.2701202556801998e-05
10010185.0,10110185.0,1037,0.016689780552546878,0.01668978055254688,0.0018793615441722348,3.1366131751130125e-05
10020185.0,10120185.0,1058,0.016940283477048932,0.016940283477048932,0.0017722860125260963,3.0023027454601076e-05
10030185.0,10130185.0,1068,0.016818104098903563,0.01681810409890356,0.00183475602916433,3.0857117894577055e-05
10040185.0,10140185.0,1038,0.01710863762790211,0.01710863762790211,0.0016731299999999997,2.862497487437139e-05
10050185.0,10150185.0,1033,0.017464681667154675,0.017464681667154675,0.0015421157306563123,2.6932560329824205e-05
10060185.0,10160185.0,1022,0.018474973473088758,0.01847497347308876,0.0015657915245981494,2.8927956881338335e-05
10070185.0,10170185.0,1106,0.02102848718624498,0.021028487186244976,0.0015239746135912273,3.2046880634065905e-05
10080185.0,10180185.0,1157,0.02713483225344012,0.02713483225344012,0.0016256843381843382,4.4112671813676894e-05
10090185.0,10190185.0,1167,0.027072716850331687,0.02707271685033168,0.001756399717139574,4.7550512218122264e-05
10100185.0,10200185.0,1191,0.02812433646991592,0.02812433646991592,0.0014769877915166692,4.153930161057281e-05
10110185.0,10210185.0,1225,0.026995311420993925,0.026995311420993925,0.0015200918079096046,4.1035351743021505e-05
10120185.0,10220185.0,1216,0.026286304463985166,0.02628630446398516,0.0015691710261569415,4.124770734962518e-05
10130185.0,10230185.0,1192,0.025231372384038078,0.025231372384038078,0.0017335904811715483,4.3740866991863086e-05
10140185.0,10240185.0,1210,0.02434653346196659,0.024346533461966587,0.0019981593617839294,4.8648253764014284e-05
10150185.0,10250185.0,1216,0.02253891547087312,0.022538915470873108,0.0023752150199286763,5.353477055932035e-05
10160185.0,10260185.0,1174,0.020905234097118655,0.02090523409711865,0.0021067974328843895,4.404309352965699e-05
10170185.0,10270185.0,1150,0.015321418995883308,0.015321418995883306,0.002167812470610364,3.3213963166722426e-05
10180185.0,10280185.0,1183,0.01219291735919548,0.012192917359195476,0.002013077683869808,2.454528983706574e-05
10190185.0,10290185.0,1237,0.01030722008490812,0.010307220084908116,0.0017115906028965981,1.764174103931576e-05
10200185.0,10300185.0,1277,0.011794788682054335,0.011794788682054334,0.00201782287468816,2.3799794404762364e-05
10210185.0,10310185.0,1372,0.011982597126734048,0.011982597126734046,0.002212067018072289,2.6506307894896428e-05
10220185.0,10320185.0,1471,0.013130632660260632,0.01313063266026063,0.0020352657004830917,2.672432627907164e-05
10230185.0,10330185.0,1525,0.012966523842523963,0.012966523842523964,0.0018469333535752238,2.3948305364685664e-05
10240185.0,10340185.0,1503,0.01429667953088009,0.014296679530880091,0.00189789424059087,2.7133585741230824e-05
10250185.0,10350185.0,1512,0.016825632486710655,0.016825632486710658,0.0017274579340526674,2.906557233462299e-05
10260185.0,10360185.0,1533,0.018494344873474407,0.018494344873474403,0.0018761312313591817,3.469781802065269e-05
10270185.0,10370185.0,1538,0.018648907332331825,0.01864890733233181,0.0017322587319980136,3.2304732568653547e-05
10280185.0,10380185.0,1522,0.01654658202934899,0.016546582029348986,0.0017660757386600084,2.9222517079780963e-05
10290185.0,10390185.0,1517,0.01708198559620131,0.017081985596201305,0.001837791021056814,3.1393119750520815e-05
10300185.0,10400185.0,1568,0.018644413343183792,0.018644413343183782,0.0017497728105533162,3.262348753662046e-05
10310185.0,10410185.0,1529,0.019145255281798633,0.019145255281798623,0.0016580225007550588,3.1743264039921625e-05
10320185.0,10420185.0,1495,0.01807204859955659,0.018072048599556575,0.0017771182971756036,3.2116168233718584e-05
10330185.0,10430185.0,1556,0.018751191655347083,0.01875119165534707,0.0017513566199872693,3.2840023638242396e-05
10340185.0,10440185.0,1574,0.01810300247732722,0.01810300247732721,0.0017329024090839342,3.137073660461287e-05
10350185.0,10450185.0,1553,0.015999591342312373,0.015999591342312363,0.0018025397320037394,2.883989909034088e-05
10360185.0,10460185.0,1452,0.015395684554772344,0.01539568455477234,0.0012043247965925845,1.8541404669829897e-05
10370185.0,10470185.0,1379,0.016805923854859708,0.0168059238548597,0.0010530898455077245,1.769814775592852e-05
10380185.0,10480185.0,1391,0.017538450138543802,0.017538450138543795,0.000999303892215569,1.7526241486875494e-05
10390185.0,10490185.0,1357,0.016991087295514913,0.01699108729551491,0.0008835571805203205,1.5012597184799917e-05
10400185.0,10500185.0,1301,0.01236388534504383,0.01236388534504382,0.0008659772492244054,1.0706843420827195e-05
10410185.0,10510185.0,1338,0.013941216891451941,0.013941216891451932,0.0009070935960591134,1.2645988563507238e-05
10420185.0,10520185.0,1308,0.01573084360928889,0.015730843609288878,0.0009213461033849383,1.4493551462376077e-05
10430185.0,10530185.0,1235,0.015685083147885533,0.015685083147885526,0.0009959054405610226,1.5620859642631242e-05
10440185.0,10540185.0,1262,0.014561894914544049,0.014561894914544037,0.0010060467737390815,1.4649947398304415e-05
10450185.0,10550185.0,1247,0.015476411309612234,0.015476411309612227,0.0010307249283667624,1.5951922938474764e-05
10460185.0,10560185.0,1334,0.01885664799593156,0.01885664799593155,0.0018717008161139087,3.5294003443157825e-05
10470185.0,10570185.0,1364,0.01804836671362849,0.01804836671362848,0.0025401995238635076,4.5846452532472914e-05
10480185.0,10580185.0,1349,0.01827256283593894,0.01827256283593893,0.002635177752293578,4.8151451062652825e-05
10490185.0,10590185.0,1396,0.018693988307409887,0.01869398830740988,0.0028838990319813747,5.3911574783610355e-05
10500185.0,10600185.0,1359,0.01879642956229804,0.018796429562298038,0.00286026312507794,5.376273436016603e-05
10510185.0,10610185.0,1360,0.01856841710737314,0.018568417107373135,0.002135631251689646,3.9655291868914934e-05
10520185.0,10620185.0,1359,0.017682548782381947,0.017682548782381943,0.002086729899831575,3.689870324942655e-05
10530185.0,10630185.0,1340,0.02042128242787965,0.02042128242787964,0.0017876948899664305,3.65070222428817e-05
10540185.0,10640185.0,1303,0.020647415452836455,0.020647415452836448,0.0013727008797653959,2.834272535699031e-05
10550185.0,10650185.0,1324,0.02042852140211926,0.02042852140211926,0.0012105707288505565,2.473017004310297e-05
10560185.0,10660185.0,1348,0.017370205585860093,0.01737020558586009,0.0009434607129525942,1.638810654616864e-05
10570185.0,10670185.0,1365,0.017309587645149022,0.017309587645149022,0.0008284216057166877,1.4339636391288092e-05
10580185.0,10680185.0,1353,0.01742292791896615,0.017422927918966144,0.0008486529622063329,1.4786019388737916e-05
10590185.0,10690185.0,1304,0.0162683087326135,0.01626830873261349,0.0008555488389544336,1.3918332647939748e-05
10600185.0,10700185.0,1357,0.01773242127625045,0.017732421276250448,0.0009452111613876319,1.6760882508739418e-05
10610185.0,10710185.0,1273,0.018130624723033853,0.018130624723033846,0.0010927528852681604,1.9812292477809596e-05
10620185.0,10720185.0,1240,0.018823904431806763,0.01882390443180676,0.0011015387650424148,2.073526044108885e-05
10630185.0,10730185.0,1187,0.01627905564415463,0.01627905564415463,0.0011198560471320585,1.8230198904705725e-05
10640185.0,10740185.0,1207,0.016959426047293273,0.016959426047293266,0.001158803724089472,1.9652646062023552e-05
10650185.0,10750185.0,1137,0.017428389085013166,0.017428389085013173,0.0008816260654662836,1.5365322096435738e-05
10660185.0,10760185.0,1188,0.01697932818302371,0.016979328183023702,0.0009841689488097746,1.6710527569382577e-05
10670185.0,10770185.0,1187,0.016592602138071826,0.016592602138071826,0.0010384416331224843,1.7230448862011114e-05
10680185.0,10780185.0,1216,0.018716600864232564,0.01871660086423256,0.0009053591973859819,1.694524673623537e-05
10690185.0,10790185.0,1221,0.020206315815421247,0.02020631581542125,0.0009417771634728015,1.9029846792883155e-05
10700185.0,10800185.0,1082,0.020154497095790532,0.020154497095790532,0.0005529017053451606,1.114345581463668e-05
10710185.0,10810185.0,1047,0.01853184250911357,0.018531842509113564,0.00038968334355092365,7.221550351110561e-06
10720185.0,10820185.0,1039,0.018245064880696008,0.018245064880696008,0.0003721360746868101,6.789646827108339e-06
10730185.0,10830185.0,1126,0.01620000452395263,0.016200004523952632,0.0004789688475973021,7.759297497908669e-06
10740185.0,10840185.0,1154,0.015627260957999607,0.015627260957999604,0.0005007733581537956,7.825715948683223e-06
10750185.0,10850185.0,1165,0.015985327091259653,0.015985327091259653,0.0005682701202590195,9.083983748529936e-06
10760185.0,10860185.0,1096,0.01659363411723053,0.016593634117230527,0.0005731084480370821,9.509951896221109e-06
10770185.0,10870185.0,1076,0.016546576452798337,0.016546576452798337,0.0006113280894099067,1.0115386969164193e-05
10780185.0,10880185.0,1092,0.014963340531696775,0.01496334053169677,0.000648468509984639,9.703255138982136e-06
10790185.0,10890185.0,1072,0.014383184972625581,0.014383184972625578,0.0005318775194212339,7.650092744616865e-06
10800185.0,10900185.0,1159,0.015528109643138431,0.015528109643138428,0.000686710459828196,1.066331531330222e-05
10810185.0,10910185.0,1167,0.015534786477373306,0.015534786477373308,0.0006981132677818925,1.0845040552013018e-05
10820185.0,10920185.0,1270,0.015404202574410842,0.015404202574410842,0.0006856870449555069,1.0562462143143996e-05
10830185.0,10930185.0,1285,0.016456666740789716,0.01645666674078971,0.000534624375302273,8.798135175852348e-06
10840185.0,10940185.0,1282,0.017773855855065485,0.01777385585506548,0.0005536574951295668,9.840628511509499e-06
10850185.0,10950185.0,1404,0.016017424942862193,0.016017424942862173,0.0006459588733658755,1.0346597770313682e-05
10860185.0,10960185.0,1461,0.01699288075475638,0.01699288075475637,0.0006576533011934859,1.1175424125152859e-05
10870185.0,10970185.0,1516,0.017779077736400334,0.017779077736400316,0.0006285781922525106,1.1175540543463372e-05
10880185.0,10980185.0,1494,0.017170048728666606,0.017170048728666593,0.0006268635131063574,1.0763277066259318e-05
10890185.0,10990185.0,1493,0.017271155224070973,0.017271155224070963,0.0007860232048564963,1.357552878079828e-05
10900185.0,11000185.0,1527,0.01589135263896157,0.015891352638961555,0.0008461208957602805,1.3446005529720732e-05
10910185.0,11010185.0,1588,0.016030657852153872,0.016030657852153858,0.0011180956562161044,1.7923808910779862e-05
10920185.0,11020185.0,1534,0.015035348310178361,0.015035348310178342,0.0009942630857490988,1.4949091806190368e-05
10930185.0,11030185.0,1384,0.01540872812662232,0.0154087281266223,0.0007311310211946051,1.12657991305273e-05
10940185.0,11040185.0,1268,0.01420630395006655,0.01420630395006654,0.0004972619509719029,7.064254418309928e-06
10950185.0,11050185.0,1091,0.01682358086117878,0.01682358086117878,0.00031828870496592023,5.354755765194047e-06
10960185.0,11060185.0,1006,0.01439584983629398,0.014395849836293972,0.0002506992930940729,3.609029377447318e-06
10970185.0,11070185.0,883,0.013435533162197836,0.013435533162197828,0.0001841561263720956,2.4742357428941994e-06
10980185.0,11080185.0,776,0.012729516394678751,0.012729516394678746,0.00012788793726800892,1.6279515941347745e-06
10990185.0,11090185.0,729,0.009394102715643176,0.009394102715643157,8.727029831019143e-05,8.198261463507546e-07
11000185.0,11100185.0,645,0.009918533001313996,0.009918533001313989,7.234710658189494e-05,7.175771641821019e-07
11010185.0,11110185.0,570,0.00794925856502571,0.007949258565025695,5.775314530455308e-05,4.590946849693834e-07
11020185.0,11120185.0,503,0.020071120672641114,0.020071120672641125,5.402547510561449e-05,1.0843518302415566e-06
11030185.0,11130185.0,603,0.016800924530784057,0.01680092453078407,8.83575988676084e-05,1.484489350295991e-06
11040185.0,11140185.0,731,0.01773415566580078,0.0177341556658008,0.00013111859047494867,2.3252774941631245e-06
11050185.0,11150185.0,899,0.014568704040259894,0.014568704040259903,0.00018058943089430894,2.6309539714981315e-06
11060185.0,11160185.0,955,0.016800870971813455,0.016800870971813466,0.00021399167811262827,3.5952465730121166e-06
11070185.0,11170185.0,1064,0.015750717619436205,0.01575071761943621,0.00032671740922092404,5.146033653992585e-06
11080185.0,11180185.0,1172,0.015034746902377244,0.015034746902377253,0.00048824132443846014,7.340584740213761e-06
11090185.0,11190185.0,1217,0.01527142117369896,0.01527142117369897,0.0006515067250424013,9.949433595619754e-06
11100185.0,11200185.0,1318,0.01758479439126664,0.017584794391266645,0.0010330256977065487,1.81655444950643e-05
11110185.0,11210185.0,1401,0.017305050871830065,0.017305050871830076,0.0015869661150512218,2.7462529352832014e-05
11120185.0,11220185.0,1466,0.015231332410888466,0.015231332410888476,0.0014796855123674912,2.2537581902445325e-05
11130185.0,11230185.0,1479,0.015390705434537275,0.015390705434537284,0.0013889353558264816,2.1376694929139898e-05
11140185.0,11240185.0,1440,0.014227504932400811,0.014227504932400811,0.0015598493259318,2.2192763978496778e-05
11150185.0,11250185.0,1321,0.014542485561217228,0.014542485561217223,0.0017290101593811168,2.5144105277997818e-05
11160185.0,11260185.0,1298,0.012756374629625044,0.012756374629625039,0.0017510508474576274,2.2337060605692184e-05
11170185.0,11270185.0,1309,0.011932621749052554,0.011932621749052554,0.0017548717209570485,2.0940220464289788e-05
11180185.0,11280185.0,1295,0.013213798458226227,0.013213798458226223,0.0018156287545054068,2.399135243699516e-05
11190185.0,11290185.0,1302,0.01271585504062203,0.012715855040622026,0.002063101461645151,2.6234099120374922e-05
11200185.0,11300185.0,1314,0.009873369832476452,0.009873369832476454,0.0019827110644992135,1.9576039610743932e-05
11210185.0,11310185.0,1256,0.01023365000183399,0.010233650001833986,0.00182308928392086,1.8656857653740378e-05
11220185.0,11320185.0,1195,0.009722313251294296,0.00972231325129429,0.001960858183473708,1.9064077501094717e-05
11230185.0,11330185.0,1203,0.011555975893749971,0.011555975893749968,0.001907992813141684,2.2048718954113626e-05
11240185.0,11340185.0,1205,0.013686100257282204,0.013686100257282204,0.001994690132370638,2.7299529133836286e-05
11250185.0,11350185.0,1218,0.015351065244751588,0.015351065244751584,0.0016954557168628124,2.6027051329148102e-05
11260185.0,11360185.0,1188,0.01750328325517318,0.01750328325517318,0.001542938454759107,2.7006488818948174e-05
11270185.0,11370185.0,1236,0.019292314970627392,0.019292314970627382,0.0014302830188679244,2.7593470497139938e-05
11280185.0,11380185.0,1221,0.018386162340237877,0.018386162340237863,0.0012630791505791506,2.3223178311118066e-05
11290185.0,11390185.0,1323,0.01823187634265496,0.018231876342654954,0.0011955223880597016,2.179661634398021e-05
11300185.0,11400185.0,1359,0.017780713898019728,0.01778071389801972,0.0011287401126728505,2.006980500865457e-05
11310185.0,11410185.0,1489,0.01704325016863566,0.01704325016863565,0.0012345284732867767,2.1040377610530408e-05
11320185.0,11420185.0,1578,0.016624695953313718,0.016624695953313704,0.0012430044339975426,2.0664570783829873e-05
11330185.0,11430185.0,1642,0.015557039645613115,0.0155570396456131,0.0012707002874314084,1.976833474926243e-05
11340185.0,11440185.0,1682,0.01327732778402445,0.013277327784024436,0.001165394698514419,1.547332740994049e-05
11350185.0,11450185.0,1696,0.013353394650005573,0.01335339465000556,0.00112555887431745,1.5030031850577077e-05
11360185.0,11460185.0,1734,0.011354268987131115,0.011354268987131103,0.0009565616963871676,1.0861058803566478e-05
11370185.0,11470185.0,1622,0.013707502371317426,0.013707502371317416,0.0007680128499311611,1.0527537961633595e-05
11380185.0,11480185.0,1580,0.013577406900068454,0.013577406900068449,0.0006772989623865111,9.195963605315877e-06
11390185.0,11490185.0,1461,0.01414374384437761,0.014143743844377598,0.0005890035685719561,8.330715597306046e-06
11400185.0,11500185.0,1266,0.015110498216568789,0.015110498216568789,0.00041268680880741265,6.235903288485939e-06
11410185.0,11510185.0,1120,0.015167354318981576,0.01516735431898157,0.0003064966082840753,4.648742655410667e-06
11420185.0,11520185.0,1026,0.01566006893056009,0.015660068930560083,0.0002504249764447236,3.921672393058222e-06
11430185.0,11530185.0,970,0.014677020548336233,0.01467702054833623,0.00023779792279522125,3.490164999217154e-06
11440185.0,11540185.0,940,0.019253414482937107,0.019253414482937107,0.00019766482399804892,3.8057227851312357e-06
11450185.0,11550185.0,988,0.01582647409550604,0.015826474095506034,0.00022469625044438404,3.556149387015358e-06
11460185.0,11560185.0,1013,0.015228856080595331,0.015228856080595325,0.00027246131857162307,4.14927420805649e-06
11470185.0,11570185.0,1064,0.010881980155909963,0.010881980155909951,0.0003293064160991346,3.5835058852046234e-06
11480185.0,11580185.0,1097,0.011884007472493192,0.011884007472493182,0.0003661628836978406,4.351482446014806e-06
11490185.0,11590185.0,1108,0.011858542660519791,0.011858542660519783,0.0004168859649122807,4.943659999484276e-06
11500185.0,11600185.0,1236,0.011515721492071208,0.0115157214920712,0.0006142238521465274,7.073230815106534e-06
11510185.0,11610185.0,1272,0.01277890418621045,0.012778904186210445,0.0008839230684569669,1.1295568199792824e-05
11520185.0,11620185.0,1342,0.012295249739270722,0.012295249739270715,0.00131387171561051,1.615438086879509e-05
11530185.0,11630185.0,1346,0.012298870860562824,0.012298870860562814,0.0012663219042221591,1.5574329567930282e-05
11540185.0,11640185.0,1316,0.010576335410640016,0.010576335410640009,0.0011339976185999873,1.1993539169180535e-05
11550185.0,11650185.0,1303,0.011882156286444045,0.011882156286444038,0.0011107556721151502,1.3198172492126746e-05
11560185.0,11660185.0,1286,0.013959394585850616,0.013959394585850616,0.0009645758381563169,1.3464894732801595e-05
11570185.0,11670185.0,1243,0.012341859093141203,0.012341859093141202,0.0007864018248340034,9.705660512690467e-06
11580185.0,11680185.0,1303,0.012329312975560492,0.012329312975560497,0.0007270051944864821,8.96347457768212e-06
11590185.0,11690185.0,1406,0.012119684588474013,0.012119684588474008,0.0007215696929705392,8.74519708740505e-06
11600185.0,11700185.0,1377,0.011919820356962292,0.01191982035696229,0.0006871667387231589,8.19090408085967e-06
11610185.0,11710185.0,1393,0.012785257669835586,0.012785257669835582,0.0006704665109305813,8.572087101243144e-06
11620185.0,11720185.0,1437,0.015633271428509017,0.01563327142850901,0.0006585113226968604,1.0294686246466513e-05
11630185.0,11730185.0,1487,0.019036976623852026,0.019036976623852026,0.0006737306244817248,1.282579414903182e-05
11640185.0,11740185.0,1541,0.01875590354694746,0.018755903546947464,0.0006993062390855692,1.3116120370067593e-05
11650185.0,11750185.0,1576,0.02037921718218743,0.02037921718218743,0.0006957357885805863,1.4178550736904171e-05
11660185.0,11760185.0,1621,0.024005685058519362,0.02400568505851936,0.0007567810158201499,1.816704672404479e-05
11670185.0,11770185.0,1654,0.025404412151476156,0.025404412151476152,0.0007986067572274468,2.0288135207559693e-05
11680185.0,11780185.0,1581,0.02583135171774996,0.025831351717749963,0.0007131411378904136,1.842139955724382e-05
11690185.0,11790185.0,1438,0.026662589322763202,0.026662589322763205,0.0006056458030348765,1.6148085321374076e-05
11700185.0,11800185.0,1507,0.033211599971609974,0.033211599971609974,0.0006821194290379798,2.2654277610072368e-05
11710185.0,11810185.0,1541,0.03188423786082968,0.031884237860829674,0.0006657884735456199,2.122815805552724e-05
11720185.0,11820185.0,1547,0.030316493631147235,0.030316493631147235,0.0006791431824651295,2.058923996584111e-05
11730185.0,11830185.0,1498,0.03282641403906608,0.03282641403906608,0.0006270961897752365,2.0585319167882712e-05
11740185.0,11840185.0,1385,0.03465199765418477,0.034651997654184766,0.0005201595677848976,1.8024568122684065e-05
11750185.0,11850185.0,1332,0.03806728315260972,0.03806728315260972,0.00051596051161058,1.9641214891045344e-05
11760185.0,11860185.0,1293,0.034105394026328305,0.03410539402632831,0.0004678501191550404,1.5956212659047382e-05
11770185.0,11870185.0,1292,0.03919834281492373,0.03919834281492374,0.00047383990590532833,1.8573739071068315e-05
11780185.0,11880185.0,1299,0.038583096023647324,0.03858309602364733,0.0005054510134344428,1.9501864986591016e-05
11790185.0,11890185.0,1374,0.042476681216538595,0.0424766812165386,0.0005577842100247761,2.3692822076841285e-05
11800185.0,11900185.0,1396,0.038189733899523466,0.03818973389952348,0.0005133416169263999,1.9604379749970348e-05
11810185.0,11910185.0,1424,0.03821905332378569,0.0382190533237857,0.0005151755258669699,1.968952089421905e-05
11820185.0,11920185.0,1412,0.03873225426477302,0.03873225426477302,0.0005099402770031605,1.9751136468735256e-05
11830185.0,11930185.0,1471,0.030654054667850063,0.03065405466785008,0.0005825482910618264,1.7857467160871973e-05
11840185.0,11940185.0,1563,0.031387729492315525,0.03138772949231554,0.00065392517141025,2.052522638844089e-05
11850185.0,11950185.0,1618,0.02712196912101281,0.027121969121012814,0.0006533014769765422,1.771882248526986e-05
11860185.0,11960185.0,1627,0.026058545195843396,0.026058545195843403,0.0006977694066998521,1.818285562076492e-05
11870185.0,11970185.0,1655,0.02060210096096714,0.02060210096096714,0.000712260673415493,1.4674066304232474e-05
11880185.0,11980185.0,1725,0.020481512478704576,0.020481512478704583,0.0007690046309057831,1.575037794407839e-05
11890185.0,11990185.0,1733,0.015653607971408235,0.015653607971408242,0.0008403028230319613,1.3153770969010032e-05
11900185.0,12000185.0,1735,0.015815479010230487,0.015815479010230487,0.0008641231512224569,1.3666521560413013e-05
11910185.0,12010185.0,1665,0.016468159466734907,0.01646815946673491,0.0008257420124541699,1.359845113947793e-05
11920185.0,12020185.0,1649,0.01562527682819866,0.015625276828198652,0.0008549157560588486,1.3358295353208311e-05
11930185.0,12030185.0,1561,0.01819026871770259,0.018190268717702594,0.0007667469653360031,1.3947333337944963e-05
11940185.0,12040185.0,1551,0.01608732043824178,0.016087320438241775,0.0007190677329164538,1.1567873036226994e-05
11950185.0,12050185.0,1548,0.01499474219546007,0.014994742195460065,0.0006686908584581285,1.0026847031040499e-05
11960185.0,12060185.0,1529,0.01542662483825976,0.015426624838259753,0.000650435191069603,1.0034019674232642e-05
11970185.0,12070185.0,1515,0.01607850951149074,0.016078509511490736,0.0006896129588861784,1.1087948518698715e-05
11980185.0,12080185.0,1458,0.014790344028336832,0.014790344028336826,0.0006539326670793904,9.671889117471972e-06
11990185.0,12090185.0,1453,0.014324534964483828,0.014324534964483823,0.000577862334681386,8.27760921780166e-06
12000185.0,12100185.0,1379,0.010774362813797837,0.010774362813797836,0.0005221980176451366,5.626350902754727e-06
12010185.0,12110185.0,1433,0.00934571921261658,0.009345719212616585,0.0005949901569104278,5.560610940755405e-06
12020185.0,12120185.0,1396,0.010028297037683945,0.010028297037683948,0.0005509020440815426,5.52460933671696e-06
12030185.0,12130185.0,1395,0.009685433829372111,0.009685433829372113,0.0005228731199382955,5.064253004319744e-06
12040185.0,12140185.0,1411,0.010143994102178044,0.010143994102178047,0.0005794306819458488,5.877741420279674e-06
12050185.0,12150185.0,1408,0.012559730395059917,0.012559730395059922,0.0005844996887203578,7.341158506324293e-06
12060185.0,12160185.0,1438,0.013802693704466197,0.013802693704466198,0.0005948652046375191,8.210742215056264e-06
12070185.0,12170185.0,1465,0.012646100134042977,0.012646100134042982,0.0005263491005996002,6.656263431646011e-06
12080185.0,12180185.0,1467,0.014102756372580683,0.014102756372580695,0.00048650265304117125,6.861028390453754e-06
12090185.0,12190185.0,1336,0.014408902185959922,0.01440890218595993,0.0004015663154189673,5.786129760048146e-06
12100185.0,12200185.0,1260,0.015237764899901673,0.015237764899901677,0.0003399012405154764,5.179335192159823e-06
12110185.0,12210185.0,1112,0.017809018843282627,0.017809018843282624,0.00025127274003122643,4.474920962019362e-06
12120185.0,12220185.0,1074,0.0171635902425362,0.017163590242536195,0.00022598146217501792,3.8786532191812155e-06
12130185.0,12230185.0,1049,0.017289299748723588,0.017289299748723577,0.0001954080593882633,3.3784685120800718e-06
12140185.0,12240185.0,1010,0.017700401624200068,0.01770040162420006,0.00019410365322846936,3.4357126188683725e-06
12150185.0,12250185.0,999,0.014739049434612572,0.014739049434612565,0.00020885750767640532,3.078361130432504e-06
12160185.0,12260185.0,1017,0.01585564026655831,0.015855640266558304,0.00021693538433054587,3.4396494150326826e-06
12170185.0,12270185.0,1022,0.015070602635066202,0.015070602635066191,0.00021826436325933155,3.2893754880771344e-06
12180185.0,12280185.0,996,0.014494909758340875,0.014494909758340854,0.00020346653107615,2.9492290067914587e-06
12190185.0,12290185.0,1137,0.013609157540391952,0.013609157540391935,0.0002674099286070064,3.6392238462776868e-06
12200185.0,12300185.0,1293,0.016604649372918306,0.0166046493729183,0.0003401316029309905,5.647766007317758e-06
12210185.0,12310185.0,1337,0.015928190268947613,0.015928190268947606,0.00038028200363875663,6.057204109814635e-06
12220185.0,12320185.0,1369,0.017180061933018603,0.017180061933018603,0.0004428852975955853,7.608796841915438e-06
12230185.0,12330185.0,1412,0.017855494541421595,0.017855494541421598,0.0005133609000649948,9.166312748889813e-06
12240185.0,12340185.0,1474,0.016722281527187285,0.016722281527187282,0.0005952969631819403,9.954723410608079e-06
12250185.0,12350185.0,1444,0.01651651721117428,0.01651651721117428,0.0005941759257008097,9.813716903302863e-06
12260185.0,12360185.0,1368,0.015252661944888293,0.015252661944888286,0.0005410435630689208,8.252354564948123e-06
12270185.0,12370185.0,1350,0.014927059754146705,0.014927059754146701,0.0005711582568807339,8.525713429532972e-06
12280185.0,12380185.0,1416,0.01418268262637769,0.014182682626377695,0.000680117749795769,9.64589419391961e-06
12290185.0,12390185.0,1434,0.01396226684718348,0.01396226684718348,0.0006595339585109407,9.20858912350909e-06
12300185.0,12400185.0,1380,0.012626179847160888,0.012626179847160888,0.0006670790849864152,8.422660499318076e-06
12310185.0,12410185.0,1423,0.012434625860276802,0.012434625860276802,0.0006644568146152252,8.262271890051526e-06
12320185.0,12420185.0,1501,0.010676090607099243,0.010676090607099243,0.0006015939432953624,6.422671447303442e-06
12330185.0,12430185.0,1478,0.008872258279682205,0.0088722582796822,0.0005387328256470337,4.779776772883465e-06
12340185.0,12440185.0,1366,0.009187522250509625,0.009187522250509622,0.0003835317099763765,3.5237061191839574e-06
12350185.0,12450185.0,1231,0.009121622824828896,0.009121622824828897,0.0002807116698010492,2.5605459744531156e-06
12360185.0,12460185.0,1167,0.008189052005826982,0.008189052005826985,0.00022169403240632267,1.815463960756842e-06
12370185.0,12470185.0,1166,0.012111293939653552,0.012111293939653553,0.00023054078093035665,2.7921471629247835e-06
12380185.0,12480185.0,1115,0.012767082219975058,0.01276708221997506,0.00020189214431491924,2.577573606035635e-06
12390185.0,12490185.0,1035,0.014487671444800924,0.014487671444800926,0.00016574883955919038,2.401314729890588e-06
12400185.0,12500185.0,1022,0.015655424151132864,0.015655424151132864,0.00015040672129200806,2.354681017007616e-06
12410185.0,12510185.0,1110,0.015662096188873535,0.015662096188873532,0.00017176966936211194,2.69027308388041e-06
12420185.0,12520185.0,1048,0.01948042068365308,0.01948042068365308,0.00018571902457968577,3.617884727769997e-06
12430185.0,12530185.0,1039,0.018102332471361865,0.018102332471361858,0.00019051509655050643,3.448767618570864e-06
12440185.0,12540185.0,1148,0.019770203601594608,0.0197702036015946,0.00022758716104039845,4.499444510877589e-06
12450185.0,12550185.0,1330,0.0197728875157696,0.019772887515769593,0.0002943814106372025,5.820770519262943e-06
12460185.0,12560185.0,1431,0.018689315876546736,0.018689315876546733,0.0003741810464150595,6.9931877714678045e-06
12470185.0,12570185.0,1423,0.017867806017618323,0.01786780601761831,0.00038825207100591714,6.937212690672318e-06
12480185.0,12580185.0,1438,0.017746293673675535,0.017746293673675525,0.00042766307304287617,7.5894344876054346e-06
12490185.0,12590185.0,1511,0.016030855796846422,0.01603085579684641,0.0005598742932583302,8.975264059585602e-06
12500185.0,12600185.0,1588,0.015782268754760964,0.015782268754760957,0.0006692899408284024,1.0562913721011993e-05
12510185.0,12610185.0,1632,0.016200483247642648,0.01620048324764264,0.0006534930600437017,1.0586903371688647e-05
12520185.0,12620185.0,1737,0.01489646881323975,0.01489646881323974,0.000691455302747731,1.030024235313083e-05
12530185.0,12630185.0,1826,0.01497043036941228,0.014970430369412266,0.00081203084034773,1.215645115324094e-05
12540185.0,12640185.0,1786,0.013307027237019707,0.013307027237019702,0.0009085830006588892,1.2090538736860998e-05
12550185.0,12650185.0,1726,0.01290615978690483,0.01290615978690482,0.0009504540523164705,1.226671186930765e-05
12560185.0,12660185.0,1726,0.015352174978353176,0.015352174978353169,0.0010368485825836022,1.5917880865880932e-05
12570185.0,12670185.0,1724,0.014425444936289155,0.01442544493628915,0.0010286302175191065,1.4838448562624832e-05
12580185.0,12680185.0,1742,0.015095950752836138,0.015095950752836134,0.001027644548751867,1.5513271499378635e-05
12590185.0,12690185.0,1684,0.01703091773874261,0.017030917738742605,0.0011224830329978938,1.911691619812154e-05
12600185.0,12700185.0,1599,0.016329516003295304,0.016329516003295297,0.0011089665728534045,1.810888739852912e-05
12610185.0,12710185.0,1480,0.021027137940912946,0.021027137940912936,0.0013224245169082124,2.7806802733474057e-05
12620185.0,12720185.0,1381,0.021109628483792584,0.021109628483792584,0.0012399981466609008,2.6175900196602874e-05
12630185.0,12730185.0,1302,0.029402310248797702,0.02940231024879769,0.0011617532104969293,3.415822832756753e-05
12640185.0,12740185.0,1336,0.02986562614509444,0.02986562614509443,0.0010924136055767044,3.262561633996853e-05
12650185.0,12750185.0,1395,0.029511409072611135,0.029511409072611124,0.0010750586152447484,3.172649457152243e-05
12660185.0,12760185.0,1388,0.027446792518705115,0.0274467925187051,0.0009961432633220216,2.7340937467305393e-05
12670185.0,12770185.0,1354,0.03376271023155196,0.033762710231551946,0.0009954122839969947,3.3607816505517744e-05
12680185.0,12780185.0,1366,0.03127973913731831,0.03127973913731829,0.0011690977632570997,3.656907306070452e-05
12690185.0,12790185.0,1423,0.02987646323233286,0.029876463232332836,0.0010022002901481513,2.994220012004445e-05
12700185.0,12800185.0,1479,0.029529722692396423,0.029529722692396395,0.0009908438800277392,2.9259345008677123e-05
12710185.0,12810185.0,1451,0.02531221519456173,0.02531221519456171,0.0009348246969820225,2.3662483899199974e-05
12720185.0,12820185.0,1393,0.025819390077625872,0.025819390077625844,0.0008362904422677352,2.159250914710085e-05
12730185.0,12830185.0,1367,0.018296147545527615,0.0182961475455276,0.0007899401687167864,1.4452861878981412e-05
12740185.0,12840185.0,1301,0.01750668471499854,0.017506684714998524,0.0007904250430786904,1.3837722020017787e-05
12750185.0,12850185.0,1269,0.016772531472714177,0.01677253147271417,0.0008210469633447441,1.377103603327622e-05
12760185.0,12860185.0,1239,0.01669341132656437,0.01669341132656436,0.0008432652354570637,1.4076973432876918e-05
12770185.0,12870185.0,1270,0.00999595402221977,0.009995954022219762,0.000868237099128092,8.678858123269887e-06
12780185.0,12880185.0,1268,0.01636685143499001,0.016366851434990004,0.0008017331895001798,1.3121848003049974e-05
12790185.0,12890185.0,1236,0.01706893259966818,0.017068932599668178,0.0008346360716635064,1.4246346852476086e-05
12800185.0,12900185.0,1190,0.016583289194451206,0.016583289194451206,0.0007642248033522017,1.2673360923562208e-05
12810185.0,12910185.0,1231,0.016432907096607472,0.01643290709660747,0.0007526155298217593,1.2367661081024993e-05
12820185.0,12920185.0,1275,0.01626906813918682,0.016269068139186816,0.0008308351009505854,1.3516912869793306e-05
12830185.0,12930185.0,1305,0.01716487496122843,0.01716487496122842,0.0009369242533285355,1.6082187656526626e-05
12840185.0,12940185.0,1356,0.017567285782209015,0.017567285782209015,0.00096864837161627,1.7016522766654534e-05
12850185.0,12950185.0,1358,0.018422630819527018,0.018422630819527008,0.0008859743141791397,1.6321977705705986e-05
12860185.0,12960185.0,1369,0.018767281495460714,0.018767281495460704,0.0008401700647865855,1.5767708109909325e-05
12870185.0,12970185.0,1338,0.022252452607010663,0.022252452607010653,0.000800164752870694,1.7805628241055498e-05
12880185.0,12980185.0,1354,0.013530060271414544,0.01353006027141453,0.0007857088356477949,1.0630687902097594e-05
12890185.0,12990185.0,1369,0.01250017773519762,0.012500177735197602,0.0007989865523289808,9.987473912145125e-06
12900185.0,13000185.0,1381,0.01451964347882587,0.014519643478825846,0.000923485605757697,1.340868175342924e-05
12910185.0,13010185.0,1350,0.014875808897771419,0.01487580889777141,0.0009947367035281728,1.4797513105284277e-05
12920185.0,13020185.0,1339,0.015271444490139091,0.015271444490139077,0.001043673491496046,1.5938401791211747e-05
12930185.0,13030185.0,1391,0.016108945943323495,0.01610894594332348,0.0010575648108797282,1.703625437002285e-05
12940185.0,13040185.0,1367,0.015509222493020699,0.015509222493020681,0.0009529617329235649,1.477969554324604e-05
12950185.0,13050185.0,1341,0.014952630150802108,0.014952630150802096,0.00099769728951787,1.4918198572618408e-05
12960185.0,13060185.0,1374,0.01701718139290368,0.017017181392903664,0.0009841198103593424,1.6746945325234818e-05
12970185.0,13070185.0,1388,0.01616463853462848,0.016164638534628472,0.0010117257703940736,1.6354181374588752e-05
12980185.0,13080185.0,1428,0.014810681896955466,0.014810681896955455,0.0010175187907821921,1.5070147134449826e-05
12990185.0,13090185.0,1399,0.019639571886928428,0.019639571886928428,0.0009409614411890588,1.8480079867060298e-05
13000185.0,13100185.0,1367,0.019274490385481072,0.01927449038548107,0.0008849212378058531,1.7056405889996873e-05
13010185.0,13110185.0,1376,0.019253613763146927,0.019253613763146927,0.0008577140902352807,1.6514095812599016e-05
13020185.0,13120185.0,1399,0.02047955609500465,0.02047955609500465,0.000848916561940668,1.7385434350242344e-05
13030185.0,13130185.0,1365,0.019373184065793494,0.0193731840657935,0.0007408295012380615,1.4352226288854983e-05
13040185.0,13140185.0,1413,0.020582230908305896,0.020582230908305896,0.0008541520659950358,1.7580355053116283e-05
13050185.0,13150185.0,1389,0.020436346727465762,0.020436346727465762,0.0007898723197557422,1.6142104596956163e-05
13060185.0,13160185.0,1400,0.020193816877857484,0.020193816877857488,0.000872039717891611,1.760981037332172e-05
13070185.0,13170185.0,1394,0.020481640545815208,0.02048164054581521,0.0008207669842152842,1.681065434257038e-05
13080185.0,13180185.0,1289,0.022862823406175268,0.022862823406175268,0.0006934471383803398,1.585415946630728e-05
13090185.0,13190185.0,1279,0.019251410316009833,0.019251410316009826,0.0007267213901360661,1.3990411666930455e-05
13100185.0,13200185.0,1284,0.019532478355648933,0.01953247835564893,0.0006738482296712942,1.3161925961046911e-05
13110185.0,13210185.0,1269,0.01979363283096434,0.019793632830964338,0.0006347398076487161,1.256380669579568e-05
13120185.0,13220185.0,1258,0.01924382404696145,0.01924382404696144,0.0006225563794582669,1.198036542560825e-05
13130185.0,13230185.0,1271,0.019392777644057325,0.019392777644057318,0.0006334944476735294,1.2285216962477669e-05
13140185.0,13240185.0,1260,0.01944073561014877,0.019440735610148765,0.0005599688336126548,1.0886206044187082e-05
13150185.0,13250185.0,1294,0.019399299564917576,0.019399299564917576,0.0005856000245158127,1.1360230300805327e-05
13160185.0,13260185.0,1321,0.017097446531081296,0.01709744653108129,0.0005172971296952516,8.844460015646388e-06
13170185.0,13270185.0,1389,0.019838493670450666,0.019838493670450666,0.0004909460026369413,9.739629165846014e-06
13180185.0,13280185.0,1446,0.019800858488498895,0.019800858488498895,0.00048406668910202475,9.584936009905314e-06
13190185.0,13290185.0,1517,0.017446846828434292,0.017446846828434292,0.0005087925582971035,8.876825832056755e-06
13200185.0,13300185.0,1554,0.016671778402502967,0.016671778402502967,0.0005571773058143367,9.289136573440401e-06
13210185.0,13310185.0,1610,0.01727910246346425,0.017279102463464258,0.0006019464003225906,1.0401093528687468e-05
13220185.0,13320185.0,1609,0.016698608341983893,0.016698608341983896,0.0006187811027801738,1.0332783284747043e-05
13230185.0,13330185.0,1588,0.019214088844495686,0.019214088844495693,0.000708657548311393,1.3616209093577616e-05
13240185.0,13340185.0,1534,0.02028897755226229,0.020288977552262305,0.0007948116473223377,1.612591567079974e-05
13250185.0,13350185.0,1482,0.02125358935220058,0.02125358935220058,0.0008623073142397569,1.8327125552250683e-05
13260185.0,13360185.0,1487,0.02343980591523784,0.02343980591523784,0.0009883423977299598,2.3166553980591114e-05
13270185.0,13370185.0,1433,0.020900578486617846,0.02090057848661785,0.0010064747847478475,2.1035905233424164e-05
13280185.0,13380185.0,1417,0.022431570258723502,0.022431570258723506,0.0012283030122278557,2.7552765317790806e-05
13290185.0,13390185.0,1410,0.023716858268500157,0.023716858268500157,0.001170900188768287,2.7770073823577558e-05
13300185.0,13400185.0,1294,0.02714505724902491,0.02714505724902491,0.0008134707994046055,2.2081711420247996e-05
13310185.0,13410185.0,1290,0.02833349074628413,0.02833349074628413,0.0008622055104485559,2.4429291851689472e-05
13320185.0,13420185.0,1292,0.02976208875859577,0.02976208875859577,0.0008392368533561351,2.4977441719069994e-05
13330185.0,13430185.0,1308,0.028787368281345073,0.02878736828134507,0.0007204772266826743,2.0740643262836272e-05
13340185.0,13440185.0,1350,0.028184637695001992,0.02818463769500198,0.0006514743788019383,1.836156933410897e-05
13350185.0,13450185.0,1405,0.028865779486836895,0.028865779486836888,0.0005479135573086412,1.5815951923119547e-05
13360185.0,13460185.0,1335,0.02612412885199735,0.026124128851997344,0.0005020997138123211,1.311691762018397e-05
13370185.0,13470185.0,1367,0.03194069347154759,0.0319406934715476,0.0005863178613933901,1.872739908765968e-05
13380185.0,13480185.0,1370,0.03164549651327292,0.031645496513272926,0.0006270860423075703,1.9844449165366235e-05
13390185.0,13490185.0,1317,0.031550336412133985,0.031550336412133985,0.0006554753737622159,2.06804685520671e-05
13400185.0,13500185.0,1424,0.034784278900141505,0.03478427890014152,0.0008323768191851548,2.895362742854916e-05
13410185.0,13510185.0,1362,0.034483448425561815,0.03448344842556183,0.0007058415492957748,2.4339850661759544e-05
13420185.0,13520185.0,1342,0.034292369929053414,0.034292369929053414,0.0007026815719086482,2.409661640622011e-05
13430185.0,13530185.0,1311,0.035848375537644375,0.035848375537644375,0.000795816342232823,2.8528723095356672e-05
13440185.0,13540185.0,1283,0.035806164731641624,0.03580616473164163,0.0008368628100542466,2.9964847634586994e-05
13450185.0,13550185.0,1299,0.036509291691200936,0.036509291691200936,0.0010650610520451275,3.8884624618053e-05
13460185.0,13560185.0,1300,0.03938996781906914,0.03938996781906914,0.0009934300522537066,3.9131177788769704e-05
13470185.0,13570185.0,1277,0.03454636602122781,0.034546366021227806,0.0009691643960036331,3.3481107959083744e-05
13480185.0,13580185.0,1277,0.03429677538292676,0.03429677538292675,0.0009571908928860801,3.282856105189702e-05
13490185.0,13590185.0,1315,0.03472231387439147,0.03472231387439145,0.0009963996911698972,3.4597302821147783e-05
13500185.0,13600185.0,1298,0.02954622776170126,0.029546227761701255,0.001073284292325155,3.1711502154095325e-05
13510185.0,13610185.0,1359,0.02855119554686171,0.028551195546861693,0.0012101171968428605,3.4550292721680594e-05
13520185.0,13620185.0,1336,0.026600974137465955,0.026600974137465944,0.0011060895992796038,2.9423060824156797e-05
13530185.0,13630185.0,1368,0.023773179993885403,0.023773179993885393,0.0010594938895366413,2.5187538938376282e-05
13540185.0,13640185.0,1412,0.022129818749511806,0.022129818749511792,0.0010793737015235456,2.3886344377705533e-05
13550185.0,13650185.0,1435,0.019906812612352692,0.019906812612352685,0.0010817620626472383,2.1534434672270587e-05
13560185.0,13660185.0,1440,0.01768135340945583,0.017681353409455824,0.0011508351471562412,2.0348322952892757e-05
13570185.0,13670185.0,1473,0.0170473385900159,0.017047338590015892,0.0011715182503923454,1.997126827882114e-05
13580185.0,13680185.0,1419,0.015224499336995566,0.015224499336995557,0.0009908003469844312,1.5084439225759331e-05
13590185.0,13690185.0,1354,0.014422685141362548,0.01442268514136254,0.0009045444086516335,1.3045959202362498e-05
13600185.0,13700185.0,1399,0.013286716539194724,0.013286716539194719,0.0009419497282608696,1.25154190335736e-05
13610185.0,13710185.0,1419,0.013233293794876635,0.013233293794876628,0.0009422462591601212,1.2469021574589377e-05
13620185.0,13720185.0,1494,0.013701121176331195,0.01370112117633119,0.0011824340408649076,1.6200672076908985e-05
13630185.0,13730185.0,1572,0.015254698731802867,0.015254698731802864,0.001241841909023117,1.8943924194674543e-05
13640185.0,13740185.0,1610,0.019493240333572772,0.019493240333572776,0.0012289729861280118,2.395666578206182e-05
13650185.0,13750185.0,1611,0.0194844910514997,0.0194844910514997,0.0010908832691955287,2.1255305296870848e-05
13660185.0,13760185.0,1636,0.024297383362240153,0.024297383362240153,0.0011598443890743265,2.818118376188212e-05
13670185.0,13770185.0,1627,0.028331233371514896,0.028331233371514896,0.0012169122758237173,3.447662567902288e-05
13680185.0,13780185.0,1668,0.02842389708189234,0.028423897081892347,0.0014379079997827622,4.0870948999055093e-05
13690185.0,13790185.0,1800,0.02736201661712016,0.02736201661712016,0.0014931239660600885,4.085488277075637e-05
13700185.0,13800185.0,1750,0.029825222414234687,0.02982522241423469,0.0013419017027055259,4.002251674123243e-05
13710185.0,13810185.0,1697,0.03101188340349534,0.031011883403495342,0.0013935954256949004,4.321801885329466e-05
13720185.0,13820185.0,1681,0.032587086896821056,0.03258708689682106,0.0012471165803108809,4.0639896373057175e-05
13730185.0,13830185.0,1581,0.03288717289704638,0.03288717289704639,0.0011618730242360382,3.8210719032464925e-05
13740185.0,13840185.0,1574,0.03213767336731465,0.032137673367314656,0.0012925295819090192,4.153889352098372e-05
13750185.0,13850185.0,1551,0.03656698360929078,0.03656698360929078,0.0013673124729788155,4.999849278819526e-05
13760185.0,13860185.0,1502,0.032566853914699025,0.032566853914699025,0.00113211504992214,3.6869425445446704e-05
13770185.0,13870185.0,1478,0.029462882746327832,0.029462882746327832,0.0009169066061073036,2.7014711825072958e-05
13780185.0,13880185.0,1474,0.028753258957409693,0.028753258957409693,0.0008316836433421907,2.39136151676598e-05
13790185.0,13890185.0,1360,0.029530751469124428,0.029530751469124417,0.0007105867258478397,2.0984159998271408e-05
13800185.0,13900185.0,1372,0.03141237793414742,0.03141237793414742,0.0007950493022621038,2.4974389158937587e-05
13810185.0,13910185.0,1379,0.033934564461982064,0.033934564461982085,0.0007861479084504669,2.6677586875964786e-05
13820185.0,13920185.0,1368,0.03394104766372972,0.03394104766372972,0.000746162650011445,2.5325542068933288e-05
13830185.0,13930185.0,1373,0.033543366913010866,0.033543366913010866,0.0007712721242570518,2.587106385373159e-05
13840185.0,13940185.0,1368,0.03012936919122652,0.030129369191226517,0.0006384942956112753,1.9237430358964284e-05
13850185.0,13950185.0,1421,0.02409966767977776,0.02409966767977776,0.000591813087662646,1.426249874121296e-05
13860185.0,13960185.0,1502,0.02313039744860961,0.02313039744860961,0.0006071202218261042,1.4042932029925792e-05
13870185.0,13970185.0,1516,0.02138596308598864,0.021385963085988637,0.0006910313415030907,1.4778370760646334e-05
13880185.0,13980185.0,1549,0.021840472344251998,0.021840472344251998,0.0007491111111111111,1.636094050499421e-05
13890185.0,13990185.0,1574,0.021729107364300216,0.02172910736430021,0.0007934772056146595,1.724155139192574e-05
13900185.0,14000185.0,1654,0.015347209912980253,0.015347209912980258,0.0007468555646481178,1.146214912533194e-05
13910185.0,14010185.0,1644,0.012620132618720331,0.012620132618720328,0.0006985175723796253,8.815384399937561e-06
13920185.0,14020185.0,1647,0.012482176778477294,0.012482176778477289,0.000705557544655289,8.806893999775586e-06
13930185.0,14030185.0,1679,0.013682102729419944,0.01368210272941994,0.0006882167975291184,9.416252923905843e-06
13940185.0,14040185.0,1627,0.01372804732652896,0.013728047326528953,0.000763657469588242,1.0483525883764748e-05
13950185.0,14050185.0,1610,0.015212844040130409,0.0152128440401304,0.0008192620088941159,1.2463305169310102e-05
13960185.0,14060185.0,1471,0.01558091678649788,0.015580916786497869,0.0006778693702229802,1.0561826249559981e-05
13970185.0,14070185.0,1396,0.016339969567941502,0.016339969567941492,0.000582360263173493,9.51574897783317e-06
13980185.0,14080185.0,1370,0.015427780898919356,0.01542778089891935,0.0005787102776982538,8.92821536828164e-06
13990185.0,14090185.0,1365,0.015265892824576641,0.015265892824576643,0.000614851416146298,9.38625582192863e-06
14000185.0,14100185.0,1275,0.015761048578035834,0.015761048578035827,0.0005779866844207724,9.10967621061377e-06
14010185.0,14110185.0,1275,0.014075845018551239,0.01407584501855123,0.0005561039811419592,7.827633452753552e-06
14020185.0,14120185.0,1258,0.0167338961854394,0.016733896185439388,0.000606742711293548,1.0153169542058186e-05
14030185.0,14130185.0,1245,0.01535799227421853,0.015357992274218517,0.0006192421366594361,9.510315950686165e-06
14040185.0,14140185.0,1281,0.015572586778348422,0.01557258677834841,0.0006169346746937052,9.607268758239982e-06
14050185.0,14150185.0,1179,0.01494249023148669,0.01494249023148668,0.0005840651824034335,8.727388282614816e-06
14060185.0,14160185.0,1273,0.015394822469353489,0.01539482246935348,0.0007263061250558855,1.1181353853639282e-05
14070185.0,14170185.0,1249,0.01598195453549886,0.015981954535498853,0.0006787108605377225,1.0847126115863292e-05
14080185.0,14180185.0,1251,0.01654656260023523,0.016546562600235216,0.0006617382032259034,1.0949492604644575e-05
14090185.0,14190185.0,1249,0.016229316898546547,0.016229316898546533,0.0006668391502276176,1.0822343889401422e-05
14100185.0,14200185.0,1298,0.017955727645749736,0.01795572764574972,0.0007316579346042166,1.3137450603605064e-05
14110185.0,14210185.0,1299,0.018682408736558253,0.018682408736558236,0.000768747684951342,1.436205846554398e-05
14120185.0,14220185.0,1221,0.01677322479012343,0.01677322479012342,0.0006198129487535053,1.039626191727184e-05
14130185.0,14230185.0,1125,0.017934605034144915,0.017934605034144905,0.0005084565124250214,9.11896672738157e-06
14140185.0,14240185.0,1107,0.018564235541795523,0.018564235541795513,0.0004340006147698455,8.056889637871494e-06
14150185.0,14250185.0,1161,0.017697484425455955,0.01769748442545594,0.0004247031613318162,7.51617758311172e-06
14160185.0,14260185.0,1143,0.01831665462425739,0.018316654624257373,0.0004111616483216592,7.53110590704817e-06
14170185.0,14270185.0,1215,0.016990060135043217,0.0169900601350432,0.00044647031213330203,7.5855574516563495e-06
14180185.0,14280185.0,1280,0.018010268227271146,0.018010268227271135,0.00048235235509502583,8.68729529531734e-06
14190185.0,14290185.0,1325,0.019225888373624923,0.019225888373624916,0.0004946054953365263,9.509230042321589e-06
14200185.0,14300185.0,1284,0.016383877014463585,0.016383877014463574,0.0004632643426839267,7.590066015719744e-06
14210185.0,14310185.0,1287,0.015599134623545851,0.015599134623545842,0.0004439549551726637,6.9253131125286414e-06
14220185.0,14320185.0,1345,0.015988215647075678,0.01598821564707567,0.00047504516711833783,7.595124573989015e-06
14230185.0,14330185.0,1463,0.014366054538826696,0.014366054538826683,0.0006065125866152092,8.713192897798984e-06
14240185.0,14340185.0,1462,0.014322210331181319,0.014322210331181301,0.000676120484109498,9.683539782636264e-06
14250185.0,14350185.0,1375,0.014281954621578531,0.014281954621578514,0.0005855693627316214,8.363075066319588e-06
14260185.0,14360185.0,1379,0.01250369705561393,0.012503697055613916,0.0005653472482486234,7.0689307233256545e-06
14270185.0,14370185.0,1402,0.013569527966962614,0.013569527966962603,0.0005560891174442656,7.545866831283444e-06
14280185.0,14380185.0,1341,0.017229082023210152,0.017229082023210142,0.0005305269371109681,9.1404921150074e-06
14290185.0,14390185.0,1303,0.01916897754990823,0.01916897754990822,0.0005091740374609782,9.760345693085595e-06
14300185.0,14400185.0,1324,0.021500259302481197,0.02150025930248119,0.0005139499272643749,1.1050056704675372e-05
14310185.0,14410185.0,1353,0.021972220299184473,0.021972220299184463,0.0005485261465431436,1.2052337331708706e-05
14320185.0,14420185.0,1410,0.02064958313443325,0.020649583134433235,0.0005852755194218608,1.2085695494850254e-05
14330185.0,14430185.0,1336,0.022369102821613106,0.0223691028216131,0.0004865023932792811,1.0882622058225121e-05
14340185.0,14440185.0,1313,0.023672204408709246,0.023672204408709235,0.0004356576144182972,1.0312976100720597e-05
14350185.0,14450185.0,1426,0.024527413744479205,0.0245274137444792,0.000510510781671159,1.2521509163065948e-05
14360185.0,14460185.0,1401,0.024059965100440443,0.024059965100440433,0.0005081644753802526,1.2226419542932553e-05
14370185.0,14470185.0,1383,0.023184300828444027,0.023184300828444023,0.0005764617073840242,1.3364861640069738e-05
14380185.0,14480185.0,1432,0.01952988527580061,0.019529885275800598,0.0006158705463515825,1.2027881114991092e-05
14390185.0,14490185.0,1431,0.017466865861510066,0.01746686586151006,0.0005939233087279865,1.0373978765575982e-05
14400185.0,14500185.0,1460,0.014931079298001764,0.014931079298001759,0.0005906154110865763,8.81852553755569e-06
14410185.0,14510185.0,1468,0.015673579253559985,0.01567357925355998,0.0005580044071064592,8.745926298618858e-06
14420185.0,14520185.0,1398,0.01936491911059065,0.019364919110590646,0.0005178312557999548,1.0027760381501752e-05
14430185.0,14530185.0,1490,0.019044780657431263,0.019044780657431256,0.0005945672335867493,1.1323402549755341e-05
14440185.0,14540185.0,1511,0.01874015850168742,0.018740158501687414,0.0005851577663863037,1.0965949290572716e-05
14450185.0,14550185.0,1521,0.01832698154593856,0.018326981545938554,0.0005739433870180576,1.0518649862293449e-05
14460185.0,14560185.0,1570,0.018555728491165033,0.018555728491165022,0.0005880296797314691,1.0911319081843871e-05
14470185.0,14570185.0,1565,0.01730815924559438,0.017308159245594375,0.0005743551971236674,9.941031215351271e-06
14480185.0,14580185.0,1553,0.01576434595941826,0.015764345959418256,0.0005884446992598769,9.276445817118438e-06
14490185.0,14590185.0,1523,0.014790087295610198,0.014790087295610198,0.0006096687747882946,9.01705440052649e-06
14500185.0,14600185.0,1466,0.013997190988781874,0.013997190988781872,0.0006339119459298064,8.872986577249751e-06
14510185.0,14610185.0,1462,0.011467613548813267,0.011467613548813267,0.0007142186808322266,8.190383821127099e-06
14520185.0,14620185.0,1496,0.009572897449677386,0.009572897449677379,0.0008252847457627119,7.900366237969443e-06
14530185.0,14630185.0,1450,0.010628495975924985,0.010628495975924981,0.0008613918408102132,9.15529971374586e-06
14540185.0,14640185.0,1430,0.012173433523236944,0.01217343352323694,0.0009890210156308428,1.2039781586866258e-05
14550185.0,14650185.0,1389,0.01128287755499654,0.011282877554996538,0.0010591062870031012,1.194976655398294e-05
14560185.0,14660185.0,1444,0.015981761713118683,0.015981761713118672,0.0012246643460964695,1.9572293757865975e-05
14570185.0,14670185.0,1449,0.017220499875339374,0.017220499875339364,0.0010698871241995587,1.8423991088905653e-05
14580185.0,14680185.0,1430,0.01980593549972539,0.019805935499725372,0.000960870236869207,1.9030933935037287e-05
14590185.0,14690185.0,1553,0.02178022449185281,0.0217802244918528,0.0009610511401970045,2.0931909581641834e-05
14600185.0,14700185.0,1576,0.024935187007690603,0.024935187007690596,0.00090994697091435,2.268969788683104e-05
14610185.0,14710185.0,1578,0.02894899413867672,0.028948994138676708,0.0009495339632277835,2.7488053135955554e-05
14620185.0,14720185.0,1562,0.029001014046516366,0.029001014046516352,0.0009186525558328741,2.664185567557716e-05
14630185.0,14730185.0,1573,0.029371340648195122,0.029371340648195104,0.0008227181031004625,2.41643336636007e-05
14640185.0,14740185.0,1610,0.0305016213386539,0.030501621338653896,0.0007993669704793604,2.438198864418839e-05
14650185.0,14750185.0,1697,0.030923186115067672,0.03092318611506767,0.0007586468465161805,2.3459777630429105e-05
14660185.0,14760185.0,1699,0.028047623789556945,0.028047623789556938,0.0006643617995360762,1.8633769813540837e-05
14670185.0,14770185.0,1749,0.029488363507004022,0.029488363507004026,0.0007291318524556757,2.1500905109748158e-05
14680185.0,14780185.0,1775,0.027046064458785834,0.02704606445878582,0.0007409060066561118,2.0038591613922884e-05
14690185.0,14790185.0,1774,0.02660175026867808,0.02660175026867807,0.0007292176396144984,1.9398465540539684e-05
14700185.0,14800185.0,1779,0.02359599801140198,0.02359599801140197,0.0007234812811007581,1.7071262870139996e-05
14710185.0,14810185.0,1769,0.019487712078239204,0.01948771207823919,0.0006562697223727408,1.278919539526592e-05
14720185.0,14820185.0,1816,0.020250936884090374,0.02025093688409036,0.0006604510929437004,1.3374753398231438e-05
14730185.0,14830185.0,1825,0.020544397504971706,0.02054439750497169,0.0006747793153678077,1.3862934483048845e-05
14740185.0,14840185.0,1821,0.018245766880943478,0.01824576688094346,0.0007107851447227979,1.2968820053049995e-05
14750185.0,14850185.0,1767,0.018695858538133527,0.01869585853813351,0.0007980527617477329,1.4920281539602378e-05
14760185.0,14860185.0,1730,0.017662295495463207,0.017662295495463193,0.0008439639763508867,1.490634113783534e-05
14770185.0,14870185.0,1679,0.01732049815023368,0.01732049815023367,0.0008312982432792122,1.4398499685010154e-05
14780185.0,14880185.0,1681,0.01642009495053498,0.01642009495053497,0.000912979480967588,1.4991209765377934e-05
14790185.0,14890185.0,1617,0.014561768501973391,0.014561768501973379,0.0009253188474256022,1.3474278846724331e-05
14800185.0,14900185.0,1606,0.015373807839820779,0.015373807839820772,0.000945714132263955,1.4539227340828743e-05
14810185.0,14910185.0,1625,0.01618873799846564,0.016188737998465638,0.0008791783855997751,1.423278853838885e-05
14820185.0,14920185.0,1634,0.015134033095671308,0.015134033095671306,0.0008907203907203908,1.3480191872151796e-05
14830185.0,14930185.0,1603,0.015137561063089399,0.015137561063089397,0.0008796474474043226,1.3315716949073652e-05
14840185.0,14940185.0,1619,0.021103186443175933,0.021103186443175933,0.0008795808001074871,1.8561957616506268e-05
14850185.0,14950185.0,1600,0.020712624442942824,0.02071262444294282,0.0008638582984114609,1.7892772506916167e-05
14860185.0,14960185.0,1564,0.021323176289448634,0.021323176289448628,0.0007796677854434706,1.662499363621515e-05
14870185.0,14970185.0,1578,0.02014771823809922,0.020147718238099212,0.0007836415908001917,1.5788589971098134e-05
14880185.0,14980185.0,1563,0.021608062354713214,0.02160806235471321,0.0006890758855337505,1.4889594701742456e-05
14890185.0,14990185.0,1543,0.0246519307906026,0.024651930790602596,0.0006714071992021037,1.6551483807042627e-05
14900185.0,15000185.0,1524,0.02618029884376539,0.02618029884376539,0.0006584427508952346,1.7238227989948287e-05
14910185.0,15010185.0,1489,0.025821341726378233,0.025821341726378233,0.0006634116668719971,1.7130179355568056e-05
14920185.0,15020185.0,1440,0.024892674699401852,0.02489267469940185,0.0006716094795875294,1.6718156300406928e-05
14930185.0,15030185.0,1453,0.02366244815945148,0.023662448159451472,0.0006909772966471208,1.6350214461270504e-05
14940185.0,15040185.0,1428,0.01845043313247871,0.018450433132478707,0.0006837415027919398,1.2615326877163226e-05
14950185.0,15050185.0,1417,0.01987675604298867,0.019876756042988664,0.0006376640704998914,1.2674693166705522e-05
14960185.0,15060185.0,1418,0.019438987081749206,0.019438987081749202,0.00068742057847321,1.3362759744669286e-05
14970185.0,15070185.0,1432,0.01962073955363315,0.01962073955363314,0.0007191921590981063,1.4111082042678995e-05
14980185.0,15080185.0,1459,0.01835268805890873,0.018352688058908724,0.0007607990191395178,1.3962707073791264e-05
14990185.0,15090185.0,1542,0.017978901086019496,0.01797890108601949,0.0007841846476990644,1.409877821415645e-05
15000185.0,15100185.0,1573,0.016608509138174823,0.016608509138174816,0.0008028115254677754,1.3333502556963461e-05
15010185.0,15110185.0,1593,0.016479415022024563,0.016479415022024557,0.0008278388097123251,1.3642299316588107e-05
15020185.0,15120185.0,1612,0.01664481917057012,0.01664481917057012,0.0008481123113190951,1.4116676058240672e-05
15030185.0,15130185.0,1612,0.016034724838465728,0.016034724838465728,0.0009318602400309718,1.494212253680328e-05
15040185.0,15140185.0,1609,0.018112980411164832,0.01811298041116483,0.0009582037566861551,1.7355925874760994e-05
15050185.0,15150185.0,1615,0.01700914161207396,0.017009141612073952,0.0010436957082652447,1.7752368101797292e-05
15060185.0,15160185.0,1657,0.016359629434354418,0.01635962943435441,0.001141156711302043,1.8668900923427987e-05
15070185.0,15170185.0,1670,0.0166143904217845,0.016614390421784496,0.00112218917034627,1.864448900323119e-05
15080185.0,15180185.0,1625,0.016750558977369243,0.01675055897736924,0.0010363399768662694,1.7359273903104127e-05
15090185.0,15190185.0,1550,0.020046239550805575,0.02004623955080557,0.0010583217075892856,2.1215370472152318e-05
15100185.0,15200185.0,1499,0.021072435759264468,0.021072435759264464,0.0009505812715581484,2.003106277886895e-05
15110185.0,15210185.0,1499,0.021081109865689264,0.021081109865689264,0.0010151303131012768,2.140007365847941e-05
15120185.0,15220185.0,1514,0.021867259292934524,0.021867259292934527,0.0009789842632331905,2.1407702727822805e-05
15130185.0,15230185.0,1495,0.02288783807924726,0.022887838079247255,0.0009004181532205471,2.060862489452665e-05
15140185.0,15240185.0,1516,0.020122594762459256,0.020122594762459263,0.0008611840416559717,1.7329257486140034e-05
15150185.0,15250185.0,1451,0.020704641937459665,0.02070464193745967,0.0006934199929125995,1.4357012665531213e-05
15160185.0,15260185.0,1360,0.022585086531544164,0.022585086531544164,0.0005901471122411913,1.3328523596308187e-05
15170185.0,15270185.0,1314,0.022141456958137,0.02214145695813701,0.0006038503800018314,1.3370127197965266e-05
15180185.0,15280185.0,1346,0.023227828016809438,0.023227828016809452,0.0006385496639283048,1.4832121773918155e-05
15190185.0,15290185.0,1194,0.018846717949951967,0.018846717949951977,0.00046288589775253145,8.723879957952215e-06
15200185.0,15300185.0,1145,0.017667492581746373,0.01766749258174639,0.00039814752892396177,7.034268513704793e-06
15210185.0,15310185.0,1144,0.01725473192171269,0.017254731921712698,0.0003831627328640895,6.6113702379607e-06
15220185.0,15320185.0,1100,0.01715365683517447,0.017153656835174474,0.0003511711551697342,6.023869486193436e-06
15230185.0,15330185.0,1116,0.016890887818673032,0.01689088781867304,0.00034177331899106536,5.772854790493643e-06
15240185.0,15340185.0,1097,0.0174508044027846,0.017450804402784598,0.0003364441372045559,5.871220830820311e-06
15250185.0,15350185.0,1174,0.022533923241267354,0.022533923241267354,0.00041715976331360943,9.400246085854102e-06
15260185.0,15360185.0,1278,0.02182729391393579,0.02182729391393579,0.00048107143757722463,1.0500487661597686e-05
15270185.0,15370185.0,1336,0.020311323515290722,0.02031132351529072,0.0004755731310424045,9.659519719781944e-06
15280185.0,15380185.0,1346,0.018962639336596254,0.018962639336596247,0.00047897007705583513,9.082536824231583e-06
15290185.0,15390185.0,1550,0.019023685206505315,0.0190236852065053,0.000655973249857712,1.247902860918132e-05
15300185.0,15400185.0,1598,0.020167448272060066,0.020167448272060046,0.0007157385515181682,1.4434620214061882e-05
15310185.0,15410185.0,1693,0.01849129284642284,0.018491292846422838,0.0007369240328850934,1.3626678097645307e-05
15320185.0,15420185.0,1708,0.01793288337800001,0.017932883377999996,0.0006805220118412567,1.2203721874511107e-05
15330185.0,15430185.0,1830,0.020389526468168745,0.02038952646816873,0.0007528688901844067,1.5350640163475842e-05
15340185.0,15440185.0,1824,0.019594523745345576,0.01959452374534557,0.0008243466545466351,1.6152680096910257e-05
15350185.0,15450185.0,1833,0.019471957639504874,0.019471957639504874,0.0008153217601424394,1.5875910776060174e-05
15360185.0,15460185.0,1808,0.020810563259023702,0.020810563259023702,0.0008296544676502523,1.7265576782167158e-05
15370185.0,15470185.0,1794,0.022776849833261364,0.022776849833261364,0.0008579322425932856,1.954099385666051e-05
15380185.0,15480185.0,1758,0.022768355790239857,0.02276835579023986,0.0008945207004006529,2.0366765568456612e-05
15390185.0,15490185.0,1696,0.02205292528949351,0.022052925289493517,0.0009118494404883013,2.010894758635511e-05
15400185.0,15500185.0,1710,0.020722719414979336,0.020722719414979343,0.0011289006311463378,2.3393891026638554e-05
15410185.0,15510185.0,1619,0.022782662150573132,0.02278266215057315,0.001089389435727512,2.4819191464583517e-05
15420185.0,15520185.0,1639,0.024235507629992204,0.024235507629992208,0.001442132813926593,3.495082081538019e-05
15430185.0,15530185.0,1467,0.02600952472940626,0.02600952472940627,0.0013048505747126436,3.393854329116865e-05
15440185.0,15540185.0,1364,0.02750896985430267,0.02750896985430269,0.0007917567567567568,2.178041275356208e-05
15450185.0,15550185.0,1269,0.02555814541123134,0.025558145411231355,0.0005767415914684168,1.4740445459454765e-05
15460185.0,15560185.0,1284,0.02492867476046127,0.024928674760461282,0.0005565760886677792,1.3874704293848713e-05
15470185.0,15570185.0,1245,0.024604905578249722,0.024604905578249733,0.000519669941664108,1.2786429846499922e-05
15480185.0,15580185.0,1277,0.028244320687701167,0.028244320687701177,0.0005741968166333842,1.6217799026850446e-05
15490185.0,15590185.0,1251,0.030871102893340947,0.03087110289334096,0.0005784762833008447,1.7858200863137793e-05
15500185.0,15600185.0,1259,0.03165328866787212,0.03165328866787213,0.0005677035681610248,1.796968492078193e-05
15510185.0,15610185.0,1253,0.03438145486517358,0.03438145486517358,0.0005945682076430836,2.0442119995347814e-05
15520185.0,15620185.0,1258,0.03265085501527276,0.03265085501527276,0.0006081639576388684,1.9857073206381112e-05
15530185.0,15630185.0,1291,0.027159363836444073,0.02715936383644407,0.0006394405718336484,1.736679914221393e-05
15540185.0,15640185.0,1397,0.030242330608989385,0.030242330608989374,0.0008223869738437553,2.4870898751509122e-05
15550185.0,15650185.0,1465,0.02872927178413205,0.028729271784132055,0.0010700988039521581,3.074315937461628e-05
15560185.0,15660185.0,1409,0.027452623224735972,0.027452623224735972,0.0011256164630572961,3.0901124655872024e-05
15570185.0,15670185.0,1387,0.029721424109393768,0.029721424109393758,0.0012300545794034566,3.6558973832151804e-05
15580185.0,15680185.0,1389,0.02718537955355857,0.027185379553558566,0.0011567873860556788,3.144770415269244e-05
15590185.0,15690185.0,1417,0.026819620405643885,0.026819620405643882,0.001194973665552517,3.204874010485948e-05
15600185.0,15700185.0,1419,0.02690917599238116,0.02690917599238116,0.001261304848675254,3.394067415304621e-05
15610185.0,15710185.0,1409,0.02410923089968071,0.024109230899680704,0.001279210962124045,3.0840792455251264e-05
15620185.0,15720185.0,1372,0.024744976303690304,0.024744976303690307,0.0011528748909081575,2.8527861856641992e-05
15630185.0,15730185.0,1357,0.025248952029428565,0.025248952029428565,0.0011520856463124503,2.9088955217536275e-05
15640185.0,15740185.0,1355,0.021513122404318703,0.021513122404318713,0.0012138135269392435,2.611291898106192e-05
15650185.0,15750185.0,1349,0.021947049832092447,0.02194704983209246,0.0011542551041034972,2.533249428870664e-05
15660185.0,15760185.0,1368,0.022664716495847084,0.022664716495847097,0.0011113393174096051,2.5188190559777068e-05
15670185.0,15770185.0,1404,0.01904173726390229,0.01904173726390231,0.0011334064072542475,2.15820270201587e-05
15680185.0,15780185.0,1377,0.0185298612214513,0.018529861221451307,0.0010845974685926693,2.0097440574159567e-05
15690185.0,15790185.0,1418,0.019501651633407818,0.019501651633407825,0.0010866419709006517,2.119131316674414e-05
15700185.0,15800185.0,1454,0.021788850847283266,0.02178885084728327,0.0010276280378404827,2.2390834042992643e-05
15710185.0,15810185.0,1463,0.021174100926303254,0.021174100926303258,0.0008962861736334406,1.897805389936461e-05
15720185.0,15820185.0,1500,0.02169367717174453,0.02169367717174453,0.0009696468232295648,2.1035205153749743e-05
15730185.0,15830185.0,1514,0.021481172897180132,0.021481172897180146,0.0009431262803628915,2.025945869234977e-05
15740185.0,15840185.0,1519,0.02043211019337225,0.020432110193372252,0.000966707682842421,1.9751877900615967e-05
15750185.0,15850185.0,1530,0.020730966179041545,0.020730966179041552,0.0009680177514792901,2.0067943266629156e-05
15760185.0,15860185.0,1596,0.021442796712655313,0.021442796712655313,0.0009897394507957006,2.1222781841907206e-05
15770185.0,15870185.0,1672,0.02175438753265707,0.021754387532657078,0.0009229447538100821,2.0078097845617466e-05
15780185.0,15880185.0,1651,0.024077538322165585,0.024077538322165574,0.0009425738877534978,2.2694858903857352e-05
15790185.0,15890185.0,1639,0.022047326384669667,0.022047326384669667,0.0009106267662885681,2.007688553098034e-05
15800185.0,15900185.0,1654,0.0189465179790921,0.018946517979092102,0.0008536130536130537,1.61729950674675e-05
15810185.0,15910185.0,1642,0.019448108756835128,0.01944810875683514,0.000844668982821849,1.6427214241444467e-05
15820185.0,15920185.0,1686,0.017068017009459223,0.017068017009459223,0.0008463395307487148,1.4445337506596724e-05
15830185.0,15930185.0,1681,0.018472714117411134,0.01847271411741113,0.0007820170625508868,1.4445977631440105e-05
15840185.0,15940185.0,1658,0.021465221218248225,0.021465221218248225,0.0007247658117449447,1.5557258480528458e-05
15850185.0,15950185.0,1661,0.021665371759627832,0.02166537175962784,0.000741708324277331,1.6069386582678912e-05
15860185.0,15960185.0,1573,0.020656937442175782,0.020656937442175786,0.0006451636210374206,1.3327104559737743e-05
15870185.0,15970185.0,1505,0.020577883830985372,0.020577883830985376,0.0006510692729556665,1.3397627864805773e-05
15880185.0,15980185.0,1500,0.020364872844518166,0.02036487284451817,0.0006166506424263614,1.25580119225033e-05
15890185.0,15990185.0,1456,0.01999390106552748,0.019993901065527484,0.000507025239751291,1.0137412481312613e-05
15900185.0,16000185.0,1464,0.020153622758580046,0.02015362275858005,0.0005422311503950716,1.0927922053013093e-05
15910185.0,16010185.0,1450,0.021429901140911162,0.021429901140911162,0.0005971801382423473,1.279751132584924e-05
15920185.0,16020185.0,1374,0.02225857612229933,0.022258576122299333,0.0005771521045077765,1.2846584052331548e-05
15930185.0,16030185.0,1399,0.021515497748301325,0.02151549774830132,0.0006408013147817207,1.3787159245294574e-05
15940185.0,16040185.0,1395,0.018492495114538356,0.018492495114538356,0.0006276250578206568,1.1606353315510441e-05
15950185.0,16050185.0,1463,0.015006523364716265,0.01500652336471625,0.0006501309999664102,9.756206041122192e-06
15960185.0,16060185.0,1532,0.016223471137822645,0.016223471137822628,0.0007385754408418658,1.1982257347602655e-05
15970185.0,16070185.0,1559,0.015619651528302102,0.015619651528302088,0.0007814626291045053,1.2206173949003152e-05
15980185.0,16080185.0,1663,0.014479128182404863,0.014479128182404847,0.0008628801329757093,1.2493752051405941e-05
15990185.0,16090185.0,1779,0.015623381846429467,0.015623381846429455,0.0010547614995106592,1.6478941663767562e-05
16000185.0,16100185.0,1738,0.015507349554855956,0.015507349554855936,0.0011709300114111831,1.815802099122473e-05
16010185.0,16110185.0,1741,0.012743757529789315,0.012743757529789292,0.001125180525406459,1.433902779302074e-05
16020185.0,16120185.0,1814,0.013321498511895893,0.013321498511895874,0.001139625249904292,1.5181516070719025e-05
16030185.0,16130185.0,1822,0.013506210874124633,0.013506210874124612,0.0011599978265594436,1.5667175259038e-05
16040185.0,16140185.0,1839,0.015195629999614761,0.015195629999614744,0.0012573015584533601,1.9105489280196234e-05
16050185.0,16150185.0,1805,0.01801135859875776,0.01801135859875775,0.0013027347135291286,2.3464022084423148e-05
16060185.0,16160185.0,1803,0.01709083400491933,0.01709083400491932,0.001267517870579383,2.1662937524341e-05
16070185.0,16170185.0,1795,0.01892314941814409,0.01892314941814408,0.001165611227589748,2.2057035423147138e-05
16080185.0,16180185.0,1709,0.01861364982009748,0.01861364982009747,0.001069207784866349,1.990185929242431e-05
16090185.0,16190185.0,1627,0.020160375737420886,0.02016037573742087,0.0011628495794372574,2.3443484447556895e-05
16100185.0,16200185.0,1607,0.02253851830527898,0.022538518305278962,0.001010217161815714,2.2768797993890317e-05
16110185.0,16210185.0,1640,0.024407878446854856,0.02440787844685485,0.0010247246974590452,2.501135585707058e-05
16120185.0,16220185.0,1541,0.024061650191560438,0.024061650191560435,0.0008858002342668513,2.1313815376531217e-05
16130185.0,16230185.0,1531,0.024673603601907304,0.024673603601907304,0.0009182851657235248,2.265740417257397e-05
16140185.0,16240185.0,1545,0.025018834245389466,0.02501883424538946,0.0008422686548461876,2.1072579865683815e-05
16150185.0,16250185.0,1535,0.02467108118338012,0.024671081183380107,0.0007653302994715208,1.8881525950362494e-05
16160185.0,16260185.0,1484,0.02847354878496907,0.02847354878496906,0.0007484228561387067,2.1310254706051305e-05
16170185.0,16270185.0,1473,0.026774401469177107,0.02677440146917709,0.0007525695017080928,2.0149597972191043e-05
16180185.0,16280185.0,1495,0.0265957329199129,0.026595732919912882,0.0008460149516542584,2.2500387700449606e-05
16190185.0,16290185.0,1475,0.02420633644333693,0.024206336443336918,0.0007677359101070714,1.858407373968312e-05
16200185.0,16300185.0,1488,0.021898556445204248,0.021898556445204245,0.0007733307751343056,1.6934827630092237e-05
16210185.0,16310185.0,1495,0.023391913551637236,0.02339191355163722,0.0007536445451023631,1.7629188047697436e-05
16220185.0,16320185.0,1585,0.02521000480863711,0.0252100048086371,0.0008239399677179041,2.0771530548196533e-05
16230185.0,16330185.0,1619,0.02490541016498769,0.024905410164987676,0.0007836558494854472,1.951727035962691e-05
16240185.0,16340185.0,1640,0.022177637552306985,0.022177637552306975,0.0008516007777057679,1.888649338722126e-05
16250185.0,16350185.0,1641,0.020602993567431865,0.020602993567431855,0.0009227505323167801,1.9011423281667005e-05
16260185.0,16360185.0,1629,0.016824192853749507,0.0168241928537495,0.0009881535370074052,1.6624885675727306e-05
16270185.0,16370185.0,1606,0.016354799756360453,0.016354799756360453,0.0009951180176077717,1.6274955911921593e-05
16280185.0,16380185.0,1586,0.017249514797390317,0.017249514797390314,0.0009692367077081437,1.6718862931785535e-05
16290185.0,16390185.0,1600,0.01744764463462056,0.017447644634620556,0.0009697798613942111,1.6920374395417684e-05
16300185.0,16400185.0,1600,0.01733981576893497,0.01733981576893497,0.0010112367592327513,1.7534659103870828e-05
16310185.0,16410185.0,1571,0.015614729352768038,0.015614729352768033,0.0008686251086012164,1.3563345979826831e-05
16320185.0,16420185.0,1555,0.01483327073164795,0.014833270731647943,0.0008604033970276008,1.276259652654003e-05
16330185.0,16430185.0,1526,0.014269253677290069,0.014269253677290063,0.0008072921762384633,1.151945685443829e-05
16340185.0,16440185.0,1525,0.01390561475043099,0.013905614750430978,0.0007380371789593691,1.0262860682103801e-05
16350185.0,16450185.0,1505,0.015185678489672175,0.015185678489672165,0.0007059962987682786,1.0721032807993602e-05
16360185.0,16460185.0,1538,0.01677535360064869,0.016775353600648683,0.0006698197685988004,1.123646346694963e-05
16370185.0,16470185.0,1497,0.017159931360536663,0.01715993136053665,0.0006278365988102385,1.0773632941216459e-05
16380185.0,16480185.0,1478,0.015546480734531217,0.01554648073453121,0.0006249732948779576,9.716135288416706e-06
16390185.0,16490185.0,1462,0.01587296363946365,0.01587296363946364,0.0006423820165636913,1.0196506391560773e-05
16400185.0,16500185.0,1422,0.0159930102595802,0.01599301025958019,0.0006047991184517176,9.672558506383487e-06
16410185.0,16510185.0,1387,0.015751322085512432,0.015751322085512418,0.0006652176354956474,1.047805723365496e-05
16420185.0,16520185.0,1365,0.01512125597281557,0.015121255972815549,0.0006194454917591296,9.366793842096323e-06
16430185.0,16530185.0,1307,0.015443353089742182,0.015443353089742172,0.0005770269569052747,8.911231037787578e-06
16440185.0,16540185.0,1327,0.017648049748043515,0.017648049748043508,0.0006108874620344222,1.0780972320439571e-05
16450185.0,16550185.0,1344,0.017293627759627693,0.017293627759627683,0.0006849822927414182,1.1845828792606294e-05
16460185.0,16560185.0,1300,0.015808372106105126,0.015808372106105112,0.0007065754252655211,1.1169807243626798e-05
16470185.0,16570185.0,1317,0.016000750389740796,0.016000750389740786,0.0007517667735569809,1.2028832494986176e-05
16480185.0,16580185.0,1345,0.0186219695983281,0.01862196959832809,0.0007195245841262047,1.3398964930847916e-05
16490185.0,16590185.0,1330,0.022406729122889206,0.022406729122889196,0.0007559411819858112,1.6938169297592807e-05
16500185.0,16600185.0,1359,0.021773179934505324,0.021773179934505317,0.0008218124125695179,1.7893469531286118e-05
16510185.0,16610185.0,1375,0.02282293098161056,0.02282293098161056,0.000816629982460364,1.8637889727206757e-05
16520185.0,16620185.0,1340,0.024964582254472262,0.02496458225447226,0.0008402753346080305,2.0977122707226374e-05
16530185.0,16630185.0,1406,0.02619814153025747,0.02619814153025747,0.0010261898454746138,2.6884266808657035e-05
16540185.0,16640185.0,1344,0.025067021628477043,0.025067021628477033,0.0011022073497201266,2.7629055474500803e-05
16550185.0,16650185.0,1355,0.02486504063867332,0.024865040638673317,0.001094405860285917,2.721244619121149e-05
16560185.0,16660185.0,1381,0.025407648896915328,0.025407648896915328,0.0011231394443001817,2.8536332663055596e-05
16570185.0,16670185.0,1398,0.026266521894316743,0.02626652189431675,0.001116698327265052,2.9331781062454315e-05
16580185.0,16680185.0,1377,0.02373319059696691,0.02373319059696691,0.0011796369746047484,2.799654915352396e-05
16590185.0,16690185.0,1397,0.019634355874093352,0.01963435587409335,0.0012300375288683604,2.4150994580291715e-05
16600185.0,16700185.0,1395,0.019851768603194445,0.01985176860319444,0.0010888112949749508,2.161482988038739e-05
16610185.0,16710185.0,1395,0.020452511163206726,0.020452511163206726,0.0011584615384615383,2.3693447547530074e-05
16620185.0,16720185.0,1410,0.017784619015783674,0.017784619015783668,0.0012637708998430822,2.2475683976943308e-05
16630185.0,16730185.0,1407,0.01896095195516463,0.018960951955164625,0.0012922781946590157,2.4502824761636445e-05
16640185.0,16740185.0,1431,0.02098870004504419,0.020988700045044186,0.0011870918101199793,2.491551392853676e-05
16650185.0,16750185.0,1378,0.020253267699598416,0.020253267699598402,0.0010016734519977277,2.028716057089076e-05
16660185.0,16760185.0,1405,0.0206744850077606,0.020674485007760594,0.0010381097133236683,2.146238370452084e-05
16670185.0,16770185.0,1414,0.01978816072142218,0.019788160721422164,0.0010133723845557733,2.0052775616240485e-05
16680185.0,16780185.0,1399,0.020011840582710633,0.02001184058271062,0.0009626342050162605,1.926408225024976e-05
16690185.0,16790185.0,1343,0.02205778085827349,0.02205778085827348,0.0008969946226759023,1.9785710818034822e-05
16700185.0,16800185.0,1377,0.02194457188839387,0.021944571888393858,0.0010176601313645118,2.2332115910680843e-05
16710185.0,16810185.0,1346,0.019638220075709974,0.01963822007570996,0.0008282794774132777,1.626593466163592e-05
16720185.0,16820185.0,1391,0.020134191522934487,0.020134191522934473,0.0008326125437502516,1.676398042026537e-05
16730185.0,16830185.0,1361,0.01692294242966017,0.01692294242966016,0.0007337001588716241,1.2416365549217108e-05
16740185.0,16840185.0,1306,0.01460060275431975,0.014600602754319746,0.0006220618909215251,9.082478557946248e-06
16750185.0,16850185.0,1251,0.015550506849576233,0.01555050684957623,0.0005191656863632251,8.073289561856228e-06
16760185.0,16860185.0,1201,0.01438440869249216,0.014384408692492153,0.0003964108910891089,5.702136267580701e-06
16770185.0,16870185.0,1248,0.016998893377573366,0.016998893377573352,0.00044595566362295975,7.5807527770517245e-06
16780185.0,16880185.0,1288,0.01899007620245369,0.018990076202453677,0.0004957637567343,9.414591518798963e-06
16790185.0,16890185.0,1334,0.019114798541447393,0.019114798541447375,0.00046737494940837554,8.933778001260223e-06
16800185.0,16900185.0,1189,0.02049372985967544,0.020493729859675427,0.0003361356102461075,6.888672392600825e-06
16810185.0,16910185.0,1193,0.023772041830649696,0.02377204183064969,0.0003165242385076873,7.524427438219288e-06
16820185.0,16920185.0,1180,0.026247832643647998,0.026247832643647995,0.0002747566478946779,7.211766511669211e-06
16830185.0,16930185.0,1220,0.024664184942281994,0.024664184942281987,0.00027300842315654224,6.733530239533763e-06
16840185.0,16940185.0,1195,0.025098291344345693,0.02509829134434568,0.0002684694104941975,6.738123481628108e-06
16850185.0,16950185.0,1121,0.026132786039782394,0.026132786039782384,0.0002453155391379677,6.410778496526385e-06
16860185.0,16960185.0,1131,0.024860262450524383,0.024860262450524376,0.0002604929943759955,6.475924206710199e-06
16870185.0,16970185.0,1087,0.023469487382675343,0.023469487382675343,0.0002485395009559922,5.8330946817830665e-06
16880185.0,16980185.0,1061,0.020001414446130853,0.020001414446130846,0.00024844719513739393,4.969295317921782e-06
16890185.0,16990185.0,1034,0.01610330945057738,0.01610330945057739,0.00026289271527527003,4.233442746380204e-06
16900185.0,17000185.0,1158,0.015002170200733345,0.015002170200733354,0.0003401615690022792,5.103161753920655e-06
16910185.0,17010185.0,1112,0.012221734999331388,0.012221734999331392,0.0003455000095076917,4.222609558469486e-06
16920185.0,17020185.0,1100,0.012316046636787195,0.012316046636787198,0.0003481143989585965,4.287393172511272e-06
16930185.0,17030185.0,1049,0.011752603346130713,0.011752603346130715,0.00035835809071103187,4.211640496003507e-06
16940185.0,17040185.0,1073,0.012187969444814593,0.0121879694448146,0.00037747574475360086,4.600662843215519e-06
16950185.0,17050185.0,1205,0.012792340658053541,0.012792340658053547,0.0005269441286126021,6.740848800973515e-06
16960185.0,17060185.0,1216,0.015035400106103717,0.01503540010610372,0.0005614716140566839,8.441950365562125e-06
16970185.0,17070185.0,1166,0.015678826252054908,0.01567882625205491,0.0005211698722569855,8.17133187492289e-06
16980185.0,17080185.0,1158,0.020291132835690506,0.020291132835690517,0.0005100702608890382,1.0349903419234816e-05
16990185.0,17090185.0,1280,0.019720513068063248,0.019720513068063265,0.0005272019149386374,1.0396692253055507e-05
17000185.0,17100185.0,1402,0.02262429834829909,0.022624298348299095,0.0005501759697746034,1.2447345284245314e-05
17010185.0,17110185.0,1460,0.023193088119357583,0.02319308811935759,0.0005655819295558959,1.3117591530906179e-05
17020185.0,17120185.0,1421,0.0218626249677383,0.021862624967738307,0.0005210148367952522,1.1390751979481916e-05
17030185.0,17130185.0,1449,0.02491508239582604,0.024915082395826047,0.000564847089773101,1.4073211782739416e-05
17040185.0,17140185.0,1478,0.026841484461924227,0.02684148446192423,0.0006597666296667299,1.77091157386957e-05
17050185.0,17150185.0,1504,0.02683117860144694,0.026831178601446945,0.0005997690705087979,1.6092511050445293e-05
17060185.0,17160185.0,1549,0.023813664748949068,0.023813664748949068,0.0006521410932050205,1.5529869362597363e-05
17070185.0,17170185.0,1585,0.02334814700539776,0.02334814700539776,0.0006898834662912561,1.6107500587561563e-05
17080185.0,17180185.0,1581,0.021814239311162813,0.0218142393111628,0.0006851251360174103,1.4945483675176747e-05
17090185.0,17190185.0,1476,0.023182389967401955,0.023182389967401948,0.0007016999907859579,1.6267082826522576e-05
17100185.0,17200185.0,1331,0.022138670123887382,0.022138670123887365,0.000708641890499416,1.568838904973451e-05
17110185.0,17210185.0,1326,0.021133218032347842,0.021133218032347825,0.0008650594396874222,1.8281489749855115e-05
17120185.0,17220185.0,1279,0.021746210876325583,0.021746210876325566,0.0009507045528530904,2.067422168742614e-05
17130185.0,17230185.0,1213,0.019224698963141378,0.01922469896314136,0.0006899683404505964,1.3264433639260844e-05
17140185.0,17240185.0,1210,0.013793211013819365,0.01379321101381935,0.0006511326216754117,8.981209648750414e-06
17150185.0,17250185.0,1153,0.013683719403938093,0.013683719403938081,0.0006571183533447685,8.991823162347788e-06
17160185.0,17260185.0,1080,0.015421657263197119,0.015421657263197108,0.0006410052183466082,9.885362781262346e-06
17170185.0,17270185.0,1086,0.015133627413716568,0.015133627413716563,0.0006094007866121695,9.222444450214409e-06
17180185.0,17280185.0,1043,0.014052251062098335,0.01405225106209832,0.0005151364219625852,7.238826332649311e-06
17190185.0,17290185.0,1034,0.013986438869059741,0.013986438869059724,0.0005017946900373759,7.018320757026485e-06
17200185.0,17300185.0,1001,0.01639717068127273,0.016397170681272718,0.0004471589941533746,7.332142348799158e-06
17210185.0,17310185.0,1019,0.016485593564813383,0.01648559356481338,0.00042427253279723705,6.9943845364091806e-06
17220185.0,17320185.0,1068,0.016603416980956267,0.01660341698095627,0.00041506141820212174,6.891437799116904e-06
17230185.0,17330185.0,1128,0.016475359003766402,0.0164753590037664,0.000502839247200638,8.284457118814017e-06
17240185.0,17340185.0,1138,0.01880636624824349,0.018806366248243497,0.0005056492670060726,9.509425308472124e-06
17250185.0,17350185.0,1132,0.018236156171800365,0.01823615617180038,0.00048729469625671704,8.886382182627565e-06
17260185.0,17360185.0,1145,0.019407613784120523,0.01940761378412053,0.0004875176936187422,9.461555110677785e-06
17270185.0,17370185.0,1120,0.01872851596496005,0.018728515964960054,0.0005130620919993928,9.608891581026442e-06
17280185.0,17380185.0,1189,0.018851250292311297,0.018851250292311304,0.000645062110788693,1.2160227304564365e-05
17290185.0,17390185.0,1307,0.019434553444748225,0.019434553444748235,0.000673316684875917,1.3085609097461664e-05
17300185.0,17400185.0,1384,0.01905921119770709,0.019059211197707104,0.0006673244793615165,1.2718678189551107e-05
17310185.0,17410185.0,1354,0.019668131498396912,0.019668131498396923,0.0006305561536805193,1.2401861347711804e-05
17320185.0,17420185.0,1378,0.01978995969396196,0.019789959693961964,0.0007030071060416602,1.391248229313327e-05
17330185.0,17430185.0,1366,0.02014481848815727,0.020144818488157273,0.0006583560035508721,1.3262462192121011e-05
17340185.0,17440185.0,1390,0.018548583813011447,0.018548583813011443,0.0006787911262038635,1.2590614095920833e-05
17350185.0,17450185.0,1450,0.018552212123247924,0.018552212123247917,0.0007491708126036484,1.3898775831968913e-05
17360185.0,17460185.0,1432,0.01817991490293395,0.01817991490293395,0.0007359058734058735,1.3378706155088112e-05
17370185.0,17470185.0,1432,0.01851187059219911,0.018511870592199112,0.0007496222547584188,1.3876910173120415e-05
17380185.0,17480185.0,1371,0.019677696765221516,0.019677696765221516,0.0007052738557020947,1.3878165068944377e-05
17390185.0,17490185.0,1256,0.01994237176025025,0.01994237176025025,0.0007117755321734903,1.4194492272453683e-05
17400185.0,17500185.0,1177,0.018121569962787527,0.018121569962787527,0.0008244126133553174,1.493965085112279e-05
17410185.0,17510185.0,1149,0.016379618657607946,0.01637961865760794,0.0009442066130968874,1.5465744256518494e-05
17420185.0,17520185.0,1118,0.014482126519562603,0.0144821265195626,0.0009985126169240808,1.4460586049674234e-05
17430185.0,17530185.0,1124,0.013181267872665343,0.01318126787266534,0.0010376190476190479,1.3677134616446945e-05
17440185.0,17540185.0,1047,0.013633817645189353,0.013633817645189355,0.0009360631125715257,1.2762113781188355e-05
17450185.0,17550185.0,1018,0.013296635768925447,0.013296635768925452,0.000852382422269615,1.1333818604753546e-05
17460185.0,17560185.0,1027,0.012168226158674227,0.012168226158674232,0.0009015414258188826,1.097015996077776e-05
17470185.0,17570185.0,1078,0.010471477093908006,0.010471477093908003,0.0008819961601117058,9.235802587524545e-06
17480185.0,17580185.0,1100,0.008447441692771607,0.008447441692771606,0.0008034429702870402,6.787037644966904e-06
17490185.0,17590185.0,1153,0.007863605507487511,0.007863605507487508,0.0007809470205020118,6.1410592914755855e-06
17500185.0,17600185.0,1206,0.0071210590130526275,0.007121059013052627,0.000744383826829161,5.300801159212385e-06
17510185.0,17610185.0,1266,0.00922784100926282,0.00922784100926282,0.0007470024366695784,6.893219719118706e-06
17520185.0,17620185.0,1301,0.012896438382202292,0.012896438382202296,0.0007345063333612952,9.472515669531175e-06
17530185.0,17630185.0,1303,0.0128077580902452,0.012807758090245204,0.0007950596438908868,1.0182931586270848e-05
17540185.0,17640185.0,1363,0.012739076214883174,0.012739076214883181,0.0007901457701381869,1.006572718665803e-05
17550185.0,17650185.0,1387,0.013539942412392945,0.013539942412392947,0.0007837384443736054,1.0611773403197124e-05
17560185.0,17660185.0,1389,0.01398240371131265,0.013982403711312649,0.0007189764353699724,1.0053018778263468e-05
17570185.0,17670185.0,1346,0.01555743556808125,0.01555743556808125,0.0007119679267748177,1.10763951473396e-05
17580185.0,17680185.0,1385,0.017995616613764143,0.017995616613764143,0.0007674310647115078,1.3810395218041143e-05
17590185.0,17690185.0,1306,0.019886266494254363,0.019886266494254356,0.0007310363030942905,1.4537582740307503e-05
17600185.0,17700185.0,1321,0.020793638461329127,0.020793638461329127,0.0007364448178833829,1.5313367289786503e-05
17610185.0,17710185.0,1362,0.019122484917645934,0.01912248491764593,0.0007885644768856448,1.5079312315837182e-05
17620185.0,17720185.0,1388,0.015875325055415498,0.0158753250554155,0.0008385157207023275,1.3311709630225411e-05
17630185.0,17730185.0,1403,0.01566816191837081,0.015668161918370813,0.0008069458472535157,1.2643358194125086e-05
17640185.0,17740185.0,1371,0.015310345513587674,0.015310345513587668,0.000878553003827592,1.3450950040600756e-05
17650185.0,17750185.0,1305,0.015543051611493861,0.01554305161149385,0.0010086877421793781,1.5678085636575093e-05
17660185.0,17760185.0,1296,0.015954243591928652,0.015954243591928645,0.001144323406478579,1.8256814374904788e-05
17670185.0,17770185.0,1287,0.01507923864304451,0.015079238643044496,0.0011323970037453186,1.7075684658144227e-05
17680185.0,17780185.0,1290,0.01367031908369989,0.01367031908369988,0.0011388563049853373,1.5568529079632862e-05
17690185.0,17790185.0,1342,0.013007937454808627,0.01300793745480862,0.0010970053012539507,1.426977634630504e-05
17700185.0,17800185.0,1332,0.011889069055527487,0.011889069055527477,0.0011622957985029778,1.3818615011351517e-05
17710185.0,17810185.0,1283,0.01144556529545994,0.011445565295459929,0.0011457977936995337,1.3114303463181836e-05
17720185.0,17820185.0,1215,0.013612410542741636,0.013612410542741631,0.0011144855394883205,1.517083470746395e-05
17730185.0,17830185.0,1200,0.015223706573858355,0.015223706573858348,0.001092299711815562,1.6628850303390054e-05
17740185.0,17840185.0,1222,0.016213534911140963,0.01621353491114096,0.001029242165849499,1.668765378801922e-05
17750185.0,17850185.0,1254,0.01506585003711566,0.01506585003711566,0.0008048276149581023,1.2125412152688246e-05
17760185.0,17860185.0,1324,0.01359417948846173,0.013594179488461736,0.0007626338410496155,1.0367381319203461e-05
17770185.0,17870185.0,1366,0.01458260457781865,0.014582604577818646,0.0007740994120791022,1.1288385630271515e-05
17780185.0,17880185.0,1313,0.015101785709004476,0.015101785709004476,0.000774868485788896,1.1701897825044826e-05
17790185.0,17890185.0,1299,0.014831755444353164,0.014831755444353167,0.000872605988122732,1.2942278615114836e-05
17800185.0,17900185.0,1317,0.01412160737309974,0.014121607373099735,0.0009058961082345082,1.2792709161306813e-05
17810185.0,17910185.0,1317,0.014951298840691468,0.014951298840691468,0.000936336054481163,1.399944016586185e-05
17820185.0,17920185.0,1336,0.0157678899301389,0.015767889930138897,0.0008891314290466094,1.4019726506634016e-05
17830185.0,17930185.0,1328,0.016946732624229435,0.01694673262422943,0.0007805348906412736,1.322751609557971e-05
17840185.0,17940185.0,1340,0.016737175972240583,0.01673717597224058,0.0007516699301732737,1.2580831894351863e-05
17850185.0,17950185.0,1377,0.01612102967265564,0.016121029672655638,0.0009063105300228914,1.4610658947139218e-05
17860185.0,17960185.0,1315,0.017264489050144723,0.017264489050144723,0.0009530163651148609,1.645334060013437e-05
17870185.0,17970185.0,1313,0.018015503374691384,0.01801550337469139,0.0009891405783733927,1.7819865427730045e-05
17880185.0,17980185.0,1355,0.017518299878370242,0.017518299878370246,0.001055469149698148,1.84900250767806e-05
17890185.0,17990185.0,1310,0.021617708831155647,0.021617708831155644,0.0010422586802868493,2.253124467718573e-05
17900185.0,18000185.0,1296,0.02375625331191932,0.023756253311919318,0.0010196401204882947,2.422282898931605e-05
17910185.0,18010185.0,1280,0.023456140298164188,0.02345614029816419,0.0009880236305048337,2.317522089502306e-05
17920185.0,18020185.0,1242,0.02157687494266632,0.02157687494266632,0.0011254229961714217,2.4283111245991586e-05
17930185.0,18030185.0,1236,0.019024551221310863,0.019024551221310866,0.0017826562231020831,3.3914234626394506e-05
17940185.0,18040185.0,1199,0.0196219341999143,0.019621934199914294,0.002172043803306307,4.261970058780816e-05
17950185.0,18050185.0,1151,0.020240610455626903,0.0202406104556269,0.002309981590150731,4.675543752591061e-05
17960185.0,18060185.0,1149,0.019046152114442952,0.019046152114442945,0.0019081428052984942,3.634277812579505e-05
17970185.0,18070185.0,1161,0.016696255672520276,0.01669625567252027,0.002004068604097189,3.346044179927716e-05
17980185.0,18080185.0,1173,0.01492462826058213,0.014924628260582117,0.0014643178410794601,2.185439943344888e-05
17990185.0,18090185.0,1195,0.01115364810442933,0.01115364810442932,0.0011385452495066254,1.2698933063966558e-05
18000185.0,18100185.0,1228,0.010574811510378996,0.010574811510378989,0.0009684373930474748,1.0241042891079994e-05
18010185.0,18110185.0,1194,0.011030101580222107,0.011030101580222098,0.000753724387613619,8.313656558869167e-06
18020185.0,18120185.0,1302,0.009984683312961016,0.009984683312961004,0.0007308288308569713,7.297094432088321e-06
18030185.0,18130185.0,1327,0.008875294081567396,0.008875294081567385,0.0005953029713247697,5.283488938138281e-06
18040185.0,18140185.0,1350,0.007151677045083888,0.00715167704508388,0.0006122830225204878,4.378850437254469e-06
18050185.0,18150185.0,1353,0.0069875348856726265,0.006987534885672617,0.0005826957024103734,4.071606548324086e-06
18060185.0,18160185.0,1367,0.008715120120796775,0.008715120120796766,0.0006155802701431356,5.3648559982900655e-06
18070185.0,18170185.0,1382,0.009584336974126844,0.00958433697412683,0.0006311328443357783,6.0489898555532635e-06
18080185.0,18180185.0,1289,0.016303384414803824,0.016303384414803817,0.0007173967270116029,1.1695994618392227e-05
18090185.0,18190185.0,1272,0.01568613304702853,0.015686133047028525,0.000804604083774212,1.2621126708264845e-05
18100185.0,18200185.0,1226,0.0152126621593235,0.0152126621593235,0.000951594778939104,1.4476289884576818e-05
18110185.0,18210185.0,1272,0.01658817321755375,0.01658817321755375,0.0012154897898786622,2.016275517867505e-05
18120185.0,18220185.0,1167,0.017973651468231273,0.017973651468231273,0.0010148643685397975,1.824081844766108e-05
18130185.0,18230185.0,1214,0.018238279405576846,0.01823827940557685,0.0012641685429398521,2.3056259101878114e-05
18140185.0,18240185.0,1259,0.021088599569927837,0.021088599569927844,0.0012527515772378039,2.6418776372963585e-05
18150185.0,18250185.0,1319,0.020961860101924884,0.020961860101924887,0.0012856452109639668,2.6949515052936443e-05
18160185.0,18260185.0,1394,0.020291970694846898,0.020291970694846895,0.0014329772262026612,2.9077931880487543e-05
18170185.0,18270185.0,1347,0.020997202865865566,0.020997202865865556,0.001505193803883087,3.1604859652577114e-05
18180185.0,18280185.0,1491,0.014300806240200479,0.014300806240200466,0.001518216412971542,2.1711718752598125e-05
18190185.0,18290185.0,1557,0.01420595167038719,0.01420595167038718,0.0015636382182930976,2.221296895904202e-05
18200185.0,18300185.0,1546,0.014020027517231208,0.014020027517231201,0.001355371504021126,1.900234578244727e-05
18210185.0,18310185.0,1531,0.012656917949284564,0.012656917949284552,0.001110347156220299,1.4053572851501831e-05
18220185.0,18320185.0,1604,0.012401906082640166,0.012401906082640158,0.0011988636931222218,1.4868194927989046e-05
18230185.0,18330185.0,1577,0.012156770809661648,0.012156770809661635,0.0010848233479764464,1.3187948810319332e-05
18240185.0,18340185.0,1492,0.010195427189025979,0.010195427189025968,0.0009480236051502146,9.665505639786968e-06
18250185.0,18350185.0,1490,0.0102127050572968,0.010212705057296788,0.0009352643464935274,9.551578921343712e-06
18260185.0,18360185.0,1410,0.00855234137520315,0.008552341375203143,0.0008657237903225807,7.403965391473448e-06
18270185.0,18370185.0,1399,0.008246316397907226,0.008246316397907221,0.0007832354399481292,6.458807251866375e-06
18280185.0,18380185.0,1398,0.00906362256883085,0.009063622568830844,0.000818618364040541,7.419647879577104e-06
18290185.0,18390185.0,1339,0.0087095927398185,0.008709592739818497,0.0007542486018401588,6.569198146605384e-06
18300185.0,18400185.0,1326,0.010350714037598272,0.010350714037598265,0.0008187621340374311,8.474772714235136e-06
18310185.0,18410185.0,1384,0.009730115227013341,0.009730115227013334,0.0010705680564218202,1.0416750547344081e-05
18320185.0,18420185.0,1345,0.009206298003343558,0.00920629800334355,0.001191663430061588,1.0970808656833493e-05
18330185.0,18430185.0,1290,0.008924008146499216,0.008924008146499206,0.001351121624161915,1.205742038093215e-05
18340185.0,18440185.0,1342,0.00864794663279461,0.008647946632794602,0.0014750727852488564,1.2756350726320099e-05
18350185.0,18450185.0,1313,0.00887516651498966,0.008875166514989647,0.0016792103450914376,1.490327142637954e-05
18360185.0,18460185.0,1319,0.009193736325569107,0.009193736325569093,0.0015208864795918367,1.3982629274490225e-05
18370185.0,18470185.0,1301,0.009250244842454857,0.009250244842454847,0.0018150095072096341,1.6789282333072267e-05
18380185.0,18480185.0,1216,0.008581593595026372,0.008581593595026362,0.0017917273107486405,1.537587561395421e-05
18390185.0,18490185.0,1272,0.009537088439159213,0.009537088439159201,0.002207397718500729,2.1052147261739384e-05
18400185.0,18500185.0,1258,0.00901427058459219,0.009014270584592175,0.0023067677785923754,2.079382893205013e-05
18410185.0,18510185.0,1175,0.010825912539919798,0.01082591253991978,0.0022311827449499715,2.4154589257406557e-05
18420185.0,18520185.0,1194,0.010312301627432045,0.010312301627432033,0.002304342700867597,2.376307698431802e-05
18430185.0,18530185.0,1175,0.011622669957740478,0.011622669957740469,0.002471691953140004,2.872765980854939e-05
18440185.0,18540185.0,1205,0.01101932120952079,0.01101932120952078,0.0025748638514418356,2.837325184982138e-05
18450185.0,18550185.0,1213,0.011057138520107252,0.011057138520107247,0.002456876031621927,2.7166018608375105e-05
18460185.0,18560185.0,1190,0.010936156129694263,0.010936156129694254,0.0027093224299065423,2.9629573099140634e-05
18470185.0,18570185.0,1229,0.009960310811151953,0.009960310811151944,0.0023881353830895115,2.3786570674680992e-05
18480185.0,18580185.0,1210,0.009778798653413372,0.009778798653413363,0.0024352264198148612,2.38135888348422e-05
18490185.0,18590185.0,1204,0.009336271909732722,0.009336271909732722,0.0022900372825186413,2.13804107530195e-05
18500185.0,18600185.0,1260,0.010775776818482978,0.010775776818482984,0.001992191565110229,2.146741168529221e-05
18510185.0,18610185.0,1521,0.011421915223485929,0.011421915223485929,0.001925555811542449,2.1993535237528155e-05
18520185.0,18620185.0,1541,0.011920860957288608,0.011920860957288611,0.0019584433072986802,2.334633035903999e-05
18530185.0,18630185.0,1558,0.01109278083781958,0.011092780837819581,0.001717478722386918,1.9051615061056513e-05
18540185.0,18640185.0,1495,0.011411342357550069,0.011411342357550073,0.001705614358030373,1.946334936943791e-05
18550185.0,18650185.0,1446,0.011701547103381992,0.011701547103381992,0.0017353973114651994,2.0306833383192522e-05
18560185.0,18660185.0,1482,0.011571114912258915,0.011571114912258916,0.0018458744394618835,2.135882525261534e-05
18570185.0,18670185.0,1386,0.012915127279794535,0.012915127279794535,0.0016745472982761121,2.1626991493272507e-05
18580185.0,18680185.0,1291,0.013865645997267452,0.013865645997267452,0.0010500984022148838,1.4560292707407769e-05
18590185.0,18690185.0,1143,0.014301020958757012,0.014301020958757007,0.0007231468146945615,1.034173775320523e-05
18600185.0,18700185.0,995,0.01273004637747567,0.01273004637747566,0.0005402062198938933,6.876850232650073e-06
18610185.0,18710185.0,660,0.01052842966374388,0.010528429663743871,0.0003626722987994665,3.818369788898524e-06
18620185.0,18720185.0,506,0.01034731478139194,0.01034731478139192,0.00022704545074357215,2.3493107485267598e-06
18630185.0,18730185.0,402,0.011600874616088256,0.011600874616088235,0.00016283167341087936,1.8889898267674552e-06
18640185.0,18740185.0,295,0.013091957559526047,0.013091957559526024,0.00011994207096307023,1.5702765026501608e-06
18650185.0,18750185.0,199,0.01248584966397804,0.012485849663978013,7.064352173964317e-05,8.820443921751612e-07
18660185.0,18760185.0,60,0.01978658911750155,0.019786589117501554,2.6668905735214154e-05,5.276866799960692e-07
18670185.0,18770185.0,8,0.02524671550523693,0.02524671550523704,1.0794425714542963e-06,2.7252379505748007e-08
18680185.0,18780185.0,3,,,0.0,0.0
18690185.0,18790185.0,2,,,0.0,0.0
18700185.0,18800185.0,2,,,0.0,0.0
18710185.0,18810185.0,80,1.7333996647334556e-06,1.7333996647606829e-06,7.315312951056292e-06,1.2680361015643162e-11
18720185.0,18820185.0,86,1.6982513105989483e-06,1.6982513106256233e-06,7.469958598404524e-06,1.2685866979842848e-11
18730185.0,18830185.0,87,1.686849824794323e-06,1.6868498248208188e-06,7.520600234277174e-06,1.2686123186399957e-11
18740185.0,18840185.0,108,0.00025290566618648764,0.00025290566618651274,8.090459378256164e-06,2.0461230188128546e-09
18750185.0,18850185.0,108,0.00025290566618648764,0.00025290566618651274,8.090459378256164e-06,2.0461230188128546e-09
18760185.0,18860185.0,107,0.00025290566618648764,0.00025290566618651274,8.090377534091368e-06,2.046102319959834e-09
18770185.0,18870185.0,106,0.00025290566618648764,0.00025290566618651274,8.089313710615485e-06,2.045833272974961e-09
18780185.0,18880185.0,106,0.00025290566618648764,0.00025290566618651274,8.089313710615485e-06,2.045833272974961e-09
18790185.0,18890185.0,106,0.00025290566618648764,0.00025290566618651274,8.089313710615485e-06,2.045833272974961e-09
18800185.0,18900185.0,107,0.00025133433554848524,0.0002513343355485102,8.13997005988024e-06,2.0458539663848266e-09
18810185.0,18910185.0,29,0.0025125628140703488,0.0025125628140703514,8.018120953354581e-07,2.0146032546117013e-09
18820185.0,18920185.0,23,0.003092385001932737,0.00309238500193274,6.511916807758198e-07,2.0137353870145154e-09
18830185.0,18930185.0,30,0.021095176558686656,0.021095176558686583,3.1149431049175397e-06,6.571027476849847e-08
18840185.0,18940185.0,149,0.022592962405724094,0.022592962405724094,4.455660508850744e-05,1.0066657036913466e-06
18850185.0,18950185.0,244,0.013755732360720318,0.013755732360720318,9.85088592003032e-05,1.3550615023192413e-06
18860185.0,18960185.0,368,0.01299548889952341,0.01299548889952341,0.00015839141454142245,2.0583738694528438e-06
18870185.0,18970185.0,530,0.012710538567809586,0.012710538567809595,0.00023708745571350868,3.013509249790426e-06
18880185.0,18980185.0,661,0.012197420749436583,0.012197420749436588,0.00032073701870932763,3.912164367117697e-06
18890185.0,18990185.0,762,0.010925639683885116,0.010925639683885123,0.00043729926571547966,4.777774211234875e-06
18900185.0,19000185.0,888,0.010948064080871196,0.0109480640808712,0.0005712657382678368,6.254253909762494e-06
18910185.0,19010185.0,1054,0.01010718305095827,0.010107183050958271,0.0007625003499146209,7.706730613006876e-06
18920185.0,19020185.0,1229,0.009818591875536515,0.009818591875536511,0.0011540592549560671,1.1331236824599323e-05
18930185.0,19030185.0,1368,0.009064619451600964,0.009064619451600966,0.0017358860415740878,1.573514637821529e-05
18940185.0,19040185.0,1355,0.007324471441412533,0.007324471441412531,0.001859685242790109,1.3621211450832223e-05
18950185.0,19050185.0,1373,0.007816692456301474,0.007816692456301472,0.0017380804542801041,1.3586040375416018e-05
18960185.0,19060185.0,1381,0.007198100194473541,0.007198100194473538,0.0017130068106842608,1.2330394657120747e-05
18970185.0,19070185.0,1373,0.006175995327024097,0.006175995327024088,0.0017067120304844856,1.054064552484785e-05
18980185.0,19080185.0,1345,0.005857687781371174,0.005857687781371163,0.0016446309452790282,9.633734593025805e-06
18990185.0,19090185.0,1440,0.006672199361032351,0.00667219936103234,0.0014096413309646135,9.405407987746901e-06
19000185.0,19100185.0,1424,0.00704091003236412,0.0070409100323641114,0.0014695264665218252,1.0346803640958261e-05
19010185.0,19110185.0,1399,0.007603625265194853,0.007603625265194841,0.001675506038441912,1.2739920045883556e-05
19020185.0,19120185.0,1399,0.007754094758432069,0.007754094758432064,0.0014800699671366478,1.1476602774286988e-05
19030185.0,19130185.0,1356,0.008958027269529859,0.00895802726952985,0.0015467320261437908,1.3855667668851123e-05
19040185.0,19140185.0,1362,0.010110679044622248,0.010110679044622237,0.0015255402406260951,1.5424247742626378e-05
19050185.0,19150185.0,1380,0.009581402270215958,0.009581402270215946,0.00149159441100127,1.429156607580887e-05
19060185.0,19160185.0,1373,0.010284999233452732,0.010284999233452725,0.001402360135022965,1.4423272913735916e-05
19070185.0,19170185.0,1367,0.01246225966873603,0.01246225966873603,0.0014793718650250797,1.8436316328564597e-05
19080185.0,19180185.0,1370,0.01308610227612971,0.013086102276129706,0.0015239344165783588,1.9942361637458613e-05
19090185.0,19190185.0,1282,0.013112377431785492,0.01311237743178549,0.0016508341776426882,2.1646360814542004e-05
19100185.0,19200185.0,1274,0.012591816634688384,0.01259181663468838,0.0016090013371806602,2.0260249802747385e-05
19110185.0,19210185.0,1286,0.012518613503395594,0.012518613503395594,0.0015165134803921568,1.8984646133718456e-05
19120185.0,19220185.0,1264,0.012988915426056818,0.012988915426056813,0.0015253703186137507,1.981290606189124e-05
19130185.0,19230185.0,1166,0.012670358374377058,0.012670358374377058,0.0008446335245379222,1.0701809450908702e-05
19140185.0,19240185.0,1114,0.01212976042515216,0.01212976042515216,0.0006092995079033701,7.390657058030976e-06
19150185.0,19250185.0,1023,0.014143255501691095,0.014143255501691097,0.00044790330315928303,6.334810856633144e-06
19160185.0,19260185.0,1022,0.013909064882373841,0.013909064882373843,0.00041351752822341056,5.751642130058328e-06
19170185.0,19270185.0,935,0.01146145884700992,0.01146145884700992,0.00028538245987818717,3.2708993195523236e-06
19180185.0,19280185.0,997,0.012502730086422241,0.01250273008642224,0.0002844005390366893,3.5557831760087357e-06
19190185.0,19290185.0,1021,0.011641013390899886,0.011641013390899884,0.00032137108761201,3.7410851343394664e-06
19200185.0,19300185.0,1060,0.012360059873452256,0.012360059873452251,0.0003601290578982597,4.451216717792446e-06
19210185.0,19310185.0,1110,0.013149241835705306,0.013149241835705303,0.0003660794131585996,4.813666734695417e-06
19220185.0,19320185.0,1127,0.012659086486804071,0.01265908648680407,0.0003909149457325056,4.948626107012104e-06
19230185.0,19330185.0,1236,0.01287481289637205,0.012874812896372045,0.000521894204885977,6.719290239607821e-06
19240185.0,19340185.0,1268,0.012030093676185303,0.012030093676185303,0.0006514332822307715,7.83680340902101e-06
19250185.0,19350185.0,1329,0.012459725921723116,0.01245972592172311,0.0008873416767189385,1.1056034090840162e-05
19260185.0,19360185.0,1324,0.011539363092003782,0.011539363092003775,0.0010602272727272728,1.2234347460045131e-05
19270185.0,19370185.0,1387,0.012652315297206446,0.012652315297206439,0.0013796506036969762,1.7455774437955538e-05
19280185.0,19380185.0,1376,0.012098160297623803,0.0120981602976238,0.0014296572633799103,1.7296222743032455e-05
19290185.0,19390185.0,1393,0.012673651775534762,0.012673651775534762,0.0015236260353704949,1.930990580842439e-05
19300185.0,19400185.0,1393,0.012515087624573132,0.012515087624573129,0.0014275321721766141,1.7865690221687492e-05
19310185.0,19410185.0,1353,0.01472485798261397,0.01472485798261396,0.0014871258475276997,2.1897716907119665e-05
19320185.0,19420185.0,1317,0.014839011160735584,0.014839011160735575,0.0013066966621324684,1.939008635307955e-05
19330185.0,19430185.0,1362,0.01449256343238882,0.014492563432388809,0.001298709945900957,1.8821636271243905e-05
19340185.0,19440185.0,1430,0.01510534076507229,0.01510534076507228,0.0013644174265450863,2.0609990173766702e-05
19350185.0,19450185.0,1491,0.014355778946785027,0.014355778946785022,0.0011921745490004877,1.7114594291434202e-05
19360185.0,19460185.0,1518,0.015306537626549955,0.015306537626549951,0.00113574986396551,1.738439802713703e-05
19370185.0,19470185.0,1597,0.014324749053333415,0.014324749053333412,0.0011868669698441433,1.7001571502707594e-05
19380185.0,19480185.0,1601,0.013982704916599887,0.013982704916599888,0.0011668299919086577,1.6315439464697548e-05
19390185.0,19490185.0,1553,0.014112805387975451,0.014112805387975455,0.0010345701411595821,1.4600687062395381e-05
19400185.0,19500185.0,1589,0.014597769884147155,0.01459776988414716,0.001028155737704918,1.5008780864081935e-05
19410185.0,19510185.0,1663,0.013855262273732157,0.013855262273732164,0.0009320851663458895,1.2914284441177652e-05
19420185.0,19520185.0,1748,0.01291681602835925,0.012916816028359255,0.0010278888582460012,1.3277051279563752e-05
19430185.0,19530185.0,1864,0.012837993640639428,0.012837993640639435,0.0010571015130487764,1.3571062502030401e-05
19440185.0,19540185.0,1895,0.011967757124364195,0.011967757124364199,0.0009550068521528508,1.1429290058668861e-05
19450185.0,19550185.0,1934,0.011974680552156473,0.011974680552156476,0.0009872637776581939,1.1822168358172175e-05
19460185.0,19560185.0,1990,0.012085540038184793,0.012085540038184791,0.0009522663445568474,1.1508653034157708e-05
19470185.0,19570185.0,1968,0.012872524516087697,0.012872524516087693,0.0008338400144643042,1.0733626028686681e-05
19480185.0,19580185.0,2009,0.01237487285361006,0.01237487285361005,0.0007385693838284293,9.139702218445943e-06
19490185.0,19590185.0,2107,0.011967419158883896,0.011967419158883885,0.0006976372632109399,8.348917549701917e-06
19500185.0,19600185.0,2082,0.01102831127600429,0.011028311276004274,0.0006424933622978517,7.085616792187248e-06
19510185.0,19610185.0,2046,0.00918536111789632,0.009185361117896307,0.0006096912694498005,5.600234480324959e-06
19520185.0,19620185.0,1997,0.009929744598986925,0.009929744598986908,0.0005415015797113825,5.376972386481992e-06
19530185.0,19630185.0,1866,0.00941287392718416,0.009412873927184139,0.0004941083028107736,4.650979160732707e-06
19540185.0,19640185.0,1834,0.01047646308277331,0.010476463082773288,0.00046114027004287035,4.8311190150842335e-06
19550185.0,19650185.0,1797,0.011080297245959096,0.011080297245959077,0.0004538782327144555,5.029105731946737e-06
19560185.0,19660185.0,1782,0.012282278824369835,0.012282278824369811,0.0004581331972552767,5.626919667389343e-06
19570185.0,19670185.0,1818,0.01193077518029962,0.011930775180299603,0.000519821670089666,6.201875479687789e-06
19580185.0,19680185.0,1789,0.013710912946867491,0.013710912946867475,0.0006389277524600157,8.760282793316978e-06
19590185.0,19690185.0,1742,0.013570733975160792,0.013570733975160777,0.0006923738187794319,9.396020906021944e-06
19600185.0,19700185.0,1786,0.01485635847340655,0.014856358473406538,0.0008061762761404364,1.1976843751098378e-05
19610185.0,19710185.0,1813,0.014770709554375023,0.014770709554375011,0.0008543887606696707,1.2619928230374086e-05
19620185.0,19720185.0,1777,0.01594702928287351,0.015947029282873504,0.0009384618591079617,1.4965678748054572e-05
19630185.0,19730185.0,1839,0.01772550225696485,0.017725502256964846,0.0011282304586097492,1.9998451540463664e-05
19640185.0,19740185.0,1799,0.01763288535818552,0.01763288535818552,0.0013251448435689457,2.336612710964193e-05
19650185.0,19750185.0,1841,0.019577010787629415,0.019577010787629415,0.001418761737089202,2.7775113832071045e-05
19660185.0,19760185.0,1797,0.018736022181393835,0.018736022181393846,0.001210731203386414,2.2684286682353636e-05
19670185.0,19770185.0,1722,0.017802310559115152,0.017802310559115155,0.0010606673838017121,1.8882330166362244e-05
19680185.0,19780185.0,1687,0.017252927392660697,0.017252927392660697,0.0010499641625229584,1.8114955460904293e-05
19690185.0,19790185.0,1690,0.016676381944831366,0.01667638194483137,0.001110417813245276,1.8517751572022573e-05
19700185.0,19800185.0,1620,0.015990744838821885,0.015990744838821888,0.0009131450387946959,1.4601869316202014e-05
19710185.0,19810185.0,1563,0.017959096527835988,0.01795909652783599,0.0009079041701517505,1.6305138629780243e-05
19720185.0,19820185.0,1651,0.01662340953634528,0.01662340953634528,0.0009210248507031401,1.5310573286389556e-05
19730185.0,19830185.0,1635,0.016073471766013304,0.016073471766013304,0.0008709441816461685,1.3999096713463218e-05
19740185.0,19840185.0,1702,0.015541153794644037,0.015541153794644037,0.0008263928048824013,1.2843097675464602e-05
19750185.0,19850185.0,1710,0.013482315595133958,0.01348231559513395,0.0007953230341836907,1.0722796146944046e-05
19760185.0,19860185.0,1764,0.0139166644820497,0.01391666448204969,0.0008135110199897488,1.132135991764735e-05
19770185.0,19870185.0,1874,0.015062652806041223,0.015062652806041212,0.0008514460143031571,1.282503569653604e-05
19780185.0,19880185.0,1878,0.015597733760885427,0.015597733760885421,0.0007459232537351551,1.1634712317814182e-05
19790185.0,19890185.0,1872,0.018271687943076098,0.018271687943076088,0.0007261410853689247,1.3267823314507587e-05
19800185.0,19900185.0,1898,0.01931894986777364,0.01931894986777364,0.000851376083665887,1.64476918789628e-05
19810185.0,19910185.0,1869,0.017039730141927244,0.017039730141927237,0.0009187771905224176,1.5655715387060044e-05
19820185.0,19920185.0,1761,0.018163415717301245,0.018163415717301245,0.0009733650168515924,1.7679633445753395e-05
19830185.0,19930185.0,1707,0.01760740859913572,0.017607408599135718,0.0010189951529469268,1.79418640184754e-05
19840185.0,19940185.0,1642,0.01744615418796305,0.01744615418796305,0.0010398755344820287,1.814182891086391e-05
19850185.0,19950185.0,1580,0.015941945161733348,0.01594194516173335,0.0010402017291066283,1.6582838922558068e-05
19860185.0,19960185.0,1472,0.013959353594676567,0.013959353594676573,0.0012322497708990938,1.7201410268939698e-05
19870185.0,19970185.0,1393,0.013986492788212812,0.013986492788212823,0.0012054955462270911,1.686065476352779e-05
19880185.0,19980185.0,1383,0.01471120558192008,0.014711205581920087,0.001230593559250684,1.8103514837923564e-05
19890185.0,19990185.0,1425,0.013550889322885354,0.013550889322885359,0.0013469554265688314,1.8252443908293835e-05
19900185.0,20000185.0,1445,0.012534321497230121,0.012534321497230123,0.0013099862695395016,1.6419789059365325e-05
19910185.0,20010185.0,1454,0.01193202755925145,0.01193202755925145,0.0011793095360945636,1.4071553885568332e-05
19920185.0,20020185.0,1418,0.010281861855173071,0.01028186185517307,0.0008489426249866941,8.728710793081291e-06
19930185.0,20030185.0,1476,0.012226414679161073,0.01222641467916107,0.0008059090759456168,9.853378556210666e-06
19940185.0,20040185.0,1494,0.01329351126384347,0.013293511263843465,0.0007662471814248278,1.0186115537159218e-05
19950185.0,20050185.0,1463,0.013784862739935459,0.013784862739935459,0.0007235885095503082,9.974568284345395e-06
19960185.0,20060185.0,1492,0.014998288101706305,0.014998288101706303,0.0006421531138861407,9.631197407472152e-06
19970185.0,20070185.0,1528,0.014897163848286828,0.014897163848286824,0.0006565557887937994,9.780819161202489e-06
19980185.0,20080185.0,1537,0.015308801813210786,0.015308801813210777,0.000665587729665843,1.0189350642759406e-05
19990185.0,20090185.0,1537,0.014734782485917537,0.014734782485917525,0.0006228460313731631,9.17750079450046e-06
20000185.0,20100185.0,1547,0.013919906167845662,0.013919906167845658,0.0006112616219008265,8.508704420864615e-06
20010185.0,20110185.0,1535,0.014792179644528057,0.014792179644528055,0.000564925523603095,8.356479830916027e-06
20020185.0,20120185.0,1596,0.01716155932366669,0.017161559323666687,0.0006800903131418282,1.1671410254434554e-05
20030185.0,20130185.0,1515,0.01576515979277772,0.01576515979277772,0.000662209547357478,1.0439839330393663e-05
20040185.0,20140185.0,1514,0.015287334936829131,0.015287334936829133,0.0006690356537512267,1.0227772123575425e-05
20050185.0,20150185.0,1540,0.016529135942692234,0.016529135942692234,0.0007254215707586722,1.1990591758831451e-05
20060185.0,20160185.0,1520,0.017682134517411466,0.01768213451741146,0.0007989630736096154,1.4127372542009684e-05
20070185.0,20170185.0,1409,0.017467040880391235,0.01746704088039123,0.0008376426506390749,1.4631138421871944e-05
20080185.0,20180185.0,1374,0.015285864334195338,0.015285864334195327,0.0008618029182490505,1.3173402491168669e-05
20090185.0,20190185.0,1349,0.015987682890548083,0.015987682890548076,0.0008539705474842643,1.3653010311046262e-05
20100185.0,20200185.0,1325,0.018371021190240255,0.01837102119024025,0.0008836258450338014,1.6233109123359978e-05
20110185.0,20210185.0,1309,0.019507508724207485,0.019507508724207475,0.0009597651564086001,1.8722627161830923e-05
20120185.0,20220185.0,1303,0.01773890626397409,0.01773890626397408,0.0008172885321285951,1.4497804662050086e-05
20130185.0,20230185.0,1377,0.017927430606730604,0.017927430606730594,0.0007436044180366713,1.3330916603210876e-05
20140185.0,20240185.0,1328,0.017774131645511008,0.017774131645510997,0.000810358818552419,1.4403424321051365e-05
20150185.0,20250185.0,1293,0.01687792693218164,0.01687792693218163,0.0006862615884876159,1.1582672946856976e-05
20160185.0,20260185.0,1344,0.015390307103239841,0.015390307103239827,0.0006824404660801033,1.0502968352651043e-05
20170185.0,20270185.0,1387,0.014992355724126919,0.014992355724126907,0.0006842797072607048,1.0258964786053874e-05
20180185.0,20280185.0,1422,0.014927951699823904,0.014927951699823899,0.000740319679641633,1.1051456420119448e-05
20190185.0,20290185.0,1348,0.01472345528057713,0.014723455280577124,0.0007192063385932068,1.0589202363784776e-05
20200185.0,20300185.0,1358,0.012807562739251654,0.012807562739251646,0.0007187355649308657,9.20525084078361e-06
20210185.0,20310185.0,1390,0.01171167520492313,0.011711675204923125,0.0007330316013271914,8.585028029688762e-06
20220185.0,20320185.0,1394,0.010366402483840067,0.010366402483840057,0.0008298335395343605,8.602388465402681e-06
20230185.0,20330185.0,1335,0.010871725398440639,0.01087172539844063,0.0009051322641116434,9.840349424690631e-06
20240185.0,20340185.0,1361,0.01057129977025608,0.010571299770256068,0.0008221363396425609,8.691049698382634e-06
20250185.0,20350185.0,1377,0.011093577453382257,0.011093577453382245,0.0008648394795596275,9.59416375123763e-06
20260185.0,20360185.0,1362,0.010611574809153233,0.01061157480915322,0.000789797335802821,8.3809935129416e-06
20270185.0,20370185.0,1323,0.010328938540607475,0.010328938540607466,0.0006606139136593375,6.823440513257528e-06
20280185.0,20380185.0,1317,0.01012269420721652,0.010122694207216511,0.0006118671675520206,6.193744232564841e-06
20290185.0,20390185.0,1377,0.009904122063701018,0.009904122063701008,0.0006326197741837046,6.2655434634263805e-06
20300185.0,20400185.0,1356,0.00931588006904674,0.009315880069046727,0.0005812342019035731,5.414708116961736e-06
20310185.0,20410185.0,1353,0.009613402950233193,0.009613402950233186,0.0005846319289789195,5.62030231084645e-06
20320185.0,20420185.0,1318,0.010349512941403358,0.010349512941403358,0.0005033235541792302,5.20915363769119e-06
20330185.0,20430185.0,1341,0.00942245280220685,0.009422452802206856,0.0004883592962876851,4.601542419789643e-06
20340185.0,20440185.0,1326,0.008915629785650676,0.00891562978565068,0.0004909451099118073,4.377084845049231e-06
20350185.0,20450185.0,1387,0.008400931827183966,0.00840093182718397,0.0005284237760382115,4.4392521183601535e-06
20360185.0,20460185.0,1392,0.007926810238392559,0.007926810238392559,0.0005493809936609416,4.3548388853298115e-06
20370185.0,20470185.0,1459,0.008033363638734829,0.008033363638734829,0.0006542733284349743,5.256015566443616e-06
20380185.0,20480185.0,1497,0.009301260596747626,0.00930126059674762,0.000725191739485761,6.745197351565755e-06
20390185.0,20490185.0,1567,0.011765912887098308,0.011765912887098301,0.0007538074307267381,8.86923256357821e-06
20400185.0,20500185.0,1512,0.012197568288333278,0.012197568288333271,0.0006873425380934045,8.383907545870693e-06
20410185.0,20510185.0,1477,0.012387780350034983,0.012387780350034974,0.0006442354594136049,7.98064736491964e-06
20420185.0,20520185.0,1509,0.013229577513853124,0.013229577513853119,0.0007518900242159353,9.947187357257656e-06
20430185.0,20530185.0,1491,0.013890075270552141,0.013890075270552128,0.0008011352207966354,1.1127828518755647e-05
20440185.0,20540185.0,1530,0.01574639049814818,0.01574639049814817,0.0008397626112759644,1.3223230002895983e-05
20450185.0,20550185.0,1485,0.016821213966419894,0.016821213966419883,0.0008569956944665922,1.4415707944923063e-05
20460185.0,20560185.0,1512,0.017893030052282852,0.01789303005228284,0.0008859175743889479,1.5851749782386915e-05
20470185.0,20570185.0,1495,0.018254023213395483,0.01825402321339547,0.0008883822694324749,1.621655056858938e-05
20480185.0,20580185.0,1536,0.021111664446901535,0.021111664446901525,0.0008733629425346332,1.8438145383149782e-05
20490185.0,20590185.0,1449,0.019125851646765894,0.01912585164676588,0.0008803073310905523,1.6836627417998357e-05
20500185.0,20600185.0,1497,0.019108854861867197,0.01910885486186719,0.0010272644963985353,1.962984816642879e-05
20510185.0,20610185.0,1522,0.01927272849807898,0.019272728498078973,0.0011281244404655326,2.174203605313951e-05
20520185.0,20620185.0,1588,0.018460903983951185,0.018460903983951175,0.0010214671976524839,1.8857207858618104e-05
20530185.0,20630185.0,1671,0.019893456279544176,0.019893456279544173,0.0011508019062457043,2.2893427408315136e-05
20540185.0,20640185.0,1612,0.017848026329718034,0.017848026329718023,0.0010185225420966866,1.8178617148753042e-05
20550185.0,20650185.0,1527,0.017024305608713923,0.017024305608713916,0.0007746828862549386,1.3188438205444639e-05
20560185.0,20660185.0,1487,0.018464519150332204,0.01846451915033219,0.0007636458967593532,1.410035428478573e-05
20570185.0,20670185.0,1474,0.018863113228461466,0.018863113228461462,0.0007426167037154653,1.4008062967531634e-05
20580185.0,20680185.0,1407,0.01410696848701772,0.014106968487017712,0.0006972009896237213,9.835392389739289e-06
20590185.0,20690185.0,1428,0.014572743683413316,0.01457274368341331,0.0006701733444052315,9.766264371473287e-06
20600185.0,20700185.0,1410,0.016985069471207103,0.016985069471207103,0.0006973575612353568,1.1844666623854091e-05
20610185.0,20710185.0,1439,0.017348070981951038,0.01734807098195103,0.0007463156712346353,1.2947137239520851e-05
20620185.0,20720185.0,1362,0.018168886741642746,0.018168886741642746,0.0007254182551435144,1.3180042118022744e-05
20630185.0,20730185.0,1258,0.01573480298060785,0.01573480298060784,0.0006160730277031516,9.693787712575518e-06
20640185.0,20740185.0,1335,0.01558739266601499,0.015587392666014985,0.0006523220091269723,1.0167999300945904e-05
20650185.0,20750185.0,1454,0.01494240428494928,0.01494240428494928,0.0009015881526401421,1.3471894675269528e-05
20660185.0,20760185.0,1477,0.014245074973430367,0.01424507497343037,0.0009795921910567538,1.3954364204990502e-05
20670185.0,20770185.0,1455,0.014682008995743283,0.014682008995743288,0.000911229364243063,1.3378677723002035e-05
20680185.0,20780185.0,1459,0.014598821187008329,0.014598821187008336,0.0008735230774328222,1.275240721016714e-05
20690185.0,20790185.0,1452,0.015143043025151723,0.015143043025151725,0.0008026039492695457,1.2153866135945436e-05
20700185.0,20800185.0,1513,0.012961940028117612,0.012961940028117607,0.0007899239848611201,1.023894731854148e-05
20710185.0,20810185.0,1468,0.013326592844293083,0.013326592844293078,0.0007955419040428306,1.0601863045752508e-05
20720185.0,20820185.0,1414,0.013807585478182949,0.013807585478182945,0.0007449252739953504,1.0285619395549632e-05
20730185.0,20830185.0,1405,0.014290131112018094,0.01429013111201809,0.0007967062694205812,1.1385037047786929e-05
20740185.0,20840185.0,1392,0.018960347958278796,0.01896034795827879,0.0009214601769911506,1.747120558544953e-05
20750185.0,20850185.0,1375,0.020568528245318612,0.020568528245318612,0.0008923861203950581,1.8355069123076108e-05
20760185.0,20860185.0,1339,0.021174287013479516,0.021174287013479513,0.000830071754729289,1.7576177576420598e-05
20770185.0,20870185.0,1356,0.025013907079643894,0.025013907079643884,0.0009099530416221984,2.2761480829976862e-05
20780185.0,20880185.0,1355,0.024975436187431733,0.024975436187431716,0.0010257078010201693,2.5617499731329877e-05
20790185.0,20890185.0,1363,0.025232920649016242,0.025232920649016242,0.0013262969140950792,3.3466344790396207e-05
20800185.0,20900185.0,1352,0.025473803817792493,0.025473803817792493,0.001409638875711575,3.590886417381026e-05
20810185.0,20910185.0,1385,0.024557418824105726,0.024557418824105715,0.0013799238239227774,3.388736728943317e-05
20820185.0,20920185.0,1447,0.022753728414112138,0.02275372841411213,0.0019537293881954076,4.4454627893667756e-05
20830185.0,20930185.0,1521,0.021333698797243273,0.02133369879724327,0.001899925362524879,4.053243542134892e-05
20840185.0,20940185.0,1486,0.018860834247456416,0.01886083424745642,0.0015770218901559837,2.974394847484264e-05
20850185.0,20950185.0,1455,0.01852367387486124,0.01852367387486124,0.0013945321741187604,2.583185920137703e-05
20860185.0,20960185.0,1488,0.016796252450903153,0.01679625245090315,0.0014274187924923007,2.3975286391863973e-05
20870185.0,20970185.0,1491,0.015226677687044735,0.01522667768704474,0.0013145466491458607,2.0016178131128615e-05
20880185.0,20980185.0,1463,0.015600953637573429,0.015600953637573425,0.0012046052631578949,1.8792990862103266e-05
20890185.0,20990185.0,1414,0.014920453102860753,0.014920453102860751,0.000949383916990921,1.416523821007331e-05
20900185.0,21000185.0,1388,0.014506842327507274,0.014506842327507269,0.0008484632452644123,1.2308522519736168e-05
20910185.0,21010185.0,1270,0.01495971126485985,0.01495971126485985,0.0005979804924848097,8.945615509591391e-06
20920185.0,21020185.0,1281,0.021126542084499027,0.02112654208449902,0.000602342847979474,1.2725421527135365e-05
20930185.0,21030185.0,1270,0.02299329036479205,0.022993290364792054,0.0005751012456280297,1.322346992987891e-05
20940185.0,21040185.0,1347,0.02532550782194416,0.025325507821944176,0.0006359585394876934,1.610597296622781e-05
20950185.0,21050185.0,1498,0.026101455927261683,0.02610145592726169,0.0006438993935069568,1.680671164121236e-05
20960185.0,21060185.0,1352,0.028514941550842072,0.028514941550842072,0.0004573211978860834,1.3040487227682711e-05
20970185.0,21070185.0,1319,0.028314827574184222,0.028314827574184225,0.00040046684839769046,1.1339149761557653e-05
20980185.0,21080185.0,1390,0.028218521233308817,0.028218521233308817,0.0004389797730010779,1.2387360045423975e-05
20990185.0,21090185.0,1422,0.02791528824337445,0.027915288243374446,0.0004843471181299072,1.352068941244405e-05
21000185.0,21100185.0,1365,0.02895029267072579,0.028950292670725783,0.0005307083031985629,1.5364160700382686e-05
21010185.0,21110185.0,1456,0.028494381758300543,0.028494381758300533,0.0006514660408614025,1.856312207087337e-05
21020185.0,21120185.0,1496,0.024179605455995387,0.02417960545599539,0.0006274174000105391,1.5170705188481306e-05
21030185.0,21130185.0,1477,0.02335761167355998,0.023357611673559972,0.0006527931368637063,1.5247688594027511e-05
21040185.0,21140185.0,1346,0.02140779007385435,0.021407790073854335,0.0006051038756258819,1.2953936742274545e-05
21050185.0,21150185.0,1223,0.0209562598152953,0.020956259815295298,0.0006044177846834196,1.2666336132811015e-05
21060185.0,21160185.0,1398,0.021907033110988308,0.021907033110988298,0.000870544345557772,1.907104380271766e-05
21070185.0,21170185.0,1518,0.020681562541113543,0.020681562541113533,0.001092221271613833,2.258884253761602e-05
21080185.0,21180185.0,1415,0.02029499805346429,0.020294998053464276,0.0009925938771735109,2.0144690805116922e-05
21090185.0,21190185.0,1424,0.018261823433310894,0.018261823433310884,0.00105597359893252,1.9284003413943692e-05
21100185.0,21200185.0,1542,0.01643920796381042,0.016439207963810414,0.0009114051774046811,1.4982779250649022e-05
21110185.0,21210185.0,1612,0.014810781686693966,0.01481078168669396,0.0008894126738794436,1.317289694220715e-05
21120185.0,21220185.0,1602,0.014411641102246528,0.014411641102246523,0.0009065712159197744,1.306517899746302e-05
21130185.0,21230185.0,1628,0.019199586679175935,0.019199586679175932,0.0009576163610719323,1.8385838329797706e-05
21140185.0,21240185.0,1731,0.019582362053791033,0.019582362053791033,0.0009397687520712891,1.8402891949899313e-05
21150185.0,21250185.0,1715,0.018513982045679278,0.018513982045679275,0.0008665025490606886,1.604241263584497e-05
21160185.0,21260185.0,1696,0.017585075579487207,0.017585075579487203,0.0009185916581749183,1.615350373569236e-05
21170185.0,21270185.0,1570,0.018254504981524623,0.018254504981524616,0.00079317405588264,1.4478999754325823e-05
21180185.0,21280185.0,1691,0.01851130241171022,0.018511302411710222,0.0008648744878714964,1.600995319316238e-05
21190185.0,21290185.0,1700,0.020407417688811325,0.020407417688811325,0.000812375557319978,1.65784873184096e-05
21200185.0,21300185.0,1668,0.02149276622984571,0.021492766229845712,0.000901395943191744,1.937349228755148e-05
21210185.0,21310185.0,1597,0.02302931892258765,0.02302931892258765,0.0009576979149008306,2.2055130713748434e-05
21220185.0,21320185.0,1552,0.022787935438900123,0.022787935438900116,0.0009414885991261606,2.145458141334738e-05
21230185.0,21330185.0,1521,0.018689986256521268,0.018689986256521268,0.0007917837302854223,1.4798427037171537e-05
21240185.0,21340185.0,1471,0.017631873396423792,0.01763187339642379,0.0007670359474119703,1.3524280715273871e-05
21250185.0,21350185.0,1463,0.018621659322023382,0.018621659322023386,0.0007620602462620932,1.4190826288749953e-05
21260185.0,21360185.0,1460,0.017933866554122328,0.01793386655412233,0.0006941567466312164,1.2448914461728102e-05
21270185.0,21370185.0,1545,0.01703328680468073,0.017033286804680733,0.0007744823503056295,1.3191979997919025e-05
21280185.0,21380185.0,1462,0.017459850300065454,0.017459850300065447,0.0007077693011901129,1.2357546045761306e-05
21290185.0,21390185.0,1421,0.015765919642482182,0.015765919642482175,0.0005949214357791553,9.379483550084308e-06
21300185.0,21400185.0,1412,0.01455621054420095,0.014556210544200943,0.0005136316021612086,7.476529743213832e-06
21310185.0,21410185.0,1414,0.013564015255544926,0.013564015255544919,0.0004878701024795175,6.617477512756271e-06
21320185.0,21420185.0,1446,0.014841221333230086,0.014841221333230082,0.0005002725477653864,7.424655608325067e-06
21330185.0,21430185.0,1435,0.015513094328109113,0.015513094328109111,0.0005907295208655333,9.164042779585847e-06
21340185.0,21440185.0,1461,0.016325006820163385,0.016325006820163385,0.000643369575928785,1.0503012714923106e-05
21350185.0,21450185.0,1495,0.01477926301823401,0.014779263018234004,0.000727852762837861,1.0757127420529035e-05
21360185.0,21460185.0,1505,0.014978798984632242,0.014978798984632231,0.000763624778761062,1.1438182060746197e-05
21370185.0,21470185.0,1527,0.017985772976726794,0.017985772976726794,0.0007701174147597054,1.3851156987292039e-05
21380185.0,21480185.0,1556,0.018494221908054213,0.01849422190805421,0.0007592302801229291,1.404137327990758e-05
21390185.0,21490185.0,1543,0.018162999703756972,0.018162999703756965,0.0008068031217788249,1.465396486185901e-05
21400185.0,21500185.0,1482,0.01802011865490411,0.018020118654904098,0.0007790507481875647,1.4038586920531756e-05
21410185.0,21510185.0,1545,0.0171217970569522,0.017121797056952204,0.0007779098614843912,1.3319214776937662e-05
21420185.0,21520185.0,1539,0.016648253287303943,0.016648253287303943,0.0006926601107090949,1.1531580965096982e-05
21430185.0,21530185.0,1594,0.016361958132144937,0.01636195813214493,0.0006398352497961708,1.0468957568635408e-05
21440185.0,21540185.0,1631,0.015287078030628556,0.015287078030628556,0.0006298903315623491,9.629182649332201e-06
21450185.0,21550185.0,1611,0.015859444345891593,0.01585944434589159,0.0006134285040808509,9.728635220653788e-06
21460185.0,21560185.0,1589,0.017185448588033354,0.01718544858803335,0.000643440060033769,1.1057806071191387e-05
21470185.0,21570185.0,1541,0.013298618058537763,0.013298618058537758,0.0007025728237076949,9.343247640796907e-06
21480185.0,21580185.0,1491,0.010635039400982283,0.010635039400982274,0.0007957275945593441,8.462594320587335e-06
21490185.0,21590185.0,1511,0.011804506679455115,0.011804506679455108,0.0009391824422716871,1.1086585413023157e-05
21500185.0,21600185.0,1513,0.012240012128300242,0.012240012128300233,0.001209854494013035,1.4808633680198263e-05
21510185.0,21610185.0,1461,0.013402585169234059,0.01340258516923405,0.001310051353066759,1.755807483554758e-05
21520185.0,21620185.0,1404,0.013236412306331406,0.013236412306331394,0.0016506669614562606,2.1848908482274047e-05
21530185.0,21630185.0,1294,0.013379972956900637,0.013379972956900632,0.002160135207069094,2.8902550653833717e-05
21540185.0,21640185.0,1198,0.01373966894794602,0.01373966894794601,0.0025155045638945235,3.4562199944957914e-05
21550185.0,21650185.0,1184,0.013126355945184692,0.013126355945184683,0.002652437308085978,3.4816836228224625e-05
21560185.0,21660185.0,1187,0.01317603147466039,0.013176031474660376,0.0026148809523809523,3.445375373106159e-05
21570185.0,21670185.0,1101,0.013091108861680155,0.013091108861680141,0.0025871796628751543,3.386905061142362e-05
21580185.0,21680185.0,1087,0.015206229605872888,0.015206229605872876,0.0022430103550295857,3.41077304669305e-05
21590185.0,21690185.0,1070,0.01364332322394327,0.013643323223943257,0.001736162490055688,2.3687026021115633e-05
21600185.0,21700185.0,1081,0.012618784839617524,0.012618784839617508,0.0017198443579766536,2.170234591093756e-05
21610185.0,21710185.0,1029,0.01131777990863888,0.011317779908638866,0.0017988221436984688,2.0358673117164963e-05
21620185.0,21720185.0,1052,0.011903672617565334,0.01190367261756532,0.001835358904109589,2.1847511530254077e-05
21630185.0,21730185.0,1079,0.01135965210977223,0.011359652109772217,0.0017598574698293801,1.999136862004595e-05
21640185.0,21740185.0,1112,0.011734025584912215,0.011734025584912199,0.0017614763147330388,2.0669208144294353e-05
21650185.0,21750185.0,1094,0.013754733253515566,0.013754733253515552,0.0017325797744143449,2.3831172637505456e-05
21660185.0,21760185.0,1138,0.01245330921527451,0.012453309215274504,0.0017422926596758822,2.169730923444729e-05
21670185.0,21770185.0,1198,0.012538072237097278,0.012538072237097268,0.0016766906474820144,2.1022468457394735e-05
21680185.0,21780185.0,1332,0.012398002985270211,0.012398002985270199,0.0015693018325003787,1.9456208804129695e-05
21690185.0,21790185.0,1437,0.012950327419873852,0.012950327419873845,0.0015305973387330055,1.9821736684579802e-05
21700185.0,21800185.0,1440,0.02367296052028359,0.02367296052028358,0.0015097578947368422,3.574043903729175e-05
21710185.0,21810185.0,1432,0.031095868031141876,0.03109586803114187,0.0010618117399214784,3.30179577385154e-05
21720185.0,21820185.0,1484,0.08237286773637098,0.08237286773637097,0.0010437094024033776,8.59733365593802e-05
21730185.0,21830185.0,1521,0.09863022992847674,0.09863022992847674,0.0009905387417682501,9.769706385366664e-05
21740185.0,21840185.0,1471,0.11420694593331192,0.1142069459333119,0.0008046925518781965,9.19014787652921e-05
21750185.0,21850185.0,1523,0.12329138096232835,0.12329138096232835,0.0007452742903930131,9.188589645827394e-05
21760185.0,21860185.0,1479,0.12996749530458998,0.12996749530458998,0.0006919783425762872,8.993469198966156e-05
21770185.0,21870185.0,1523,0.12450359113727771,0.12450359113727771,0.0007051321652825603,8.779148680408325e-05
21780185.0,21880185.0,1434,0.13156683706744424,0.13156683706744424,0.0006963588767253688,9.16177348745951e-05
21790185.0,21890185.0,1391,0.13347764789944272,0.13347764789944272,0.0007222641925611403,9.640612558505112e-05
21800185.0,21900185.0,1416,0.12646078097587962,0.12646078097587965,0.000688016736844893,8.700713386588148e-05
21810185.0,21910185.0,1455,0.11984807628123688,0.1198480762812369,0.0008042891588611704,9.639250846336558e-05
21820185.0,21920185.0,1421,0.07417109774920223,0.07417109774920225,0.0007460995106035889,5.5339019731610666e-05
21830185.0,21930185.0,1448,0.04842571351969725,0.04842571351969729,0.0007857080307950525,3.804847200940681e-05
21840185.0,21940185.0,1593,0.03128024350383832,0.031280243503838324,0.001038780401987949,3.249330392119817e-05
21850185.0,21950185.0,1582,0.02069819511858772,0.020698195118587726,0.0011417895585376263,2.3632983066977988e-05
21860185.0,21960185.0,1659,0.017869718912196686,0.017869718912196693,0.0011578809269493337,2.0691006698378416e-05
21870185.0,21970185.0,1637,0.016474766790590237,0.01647476679059024,0.001210257610087676,1.9938711882731686e-05
21880185.0,21980185.0,1629,0.016638333125998172,0.016638333125998175,0.001225771735348213,2.0394798469156585e-05
21890185.0,21990185.0,1657,0.014809330083519801,0.014809330083519806,0.0012580824639841035,1.8631358481428564e-05
21900185.0,22000185.0,1693,0.014054238260683792,0.0140542382606838,0.0013482981282024469,1.8949303140191064e-05
21910185.0,22010185.0,1763,0.013577922104281659,0.013577922104281664,0.0014824025346364515,2.0127946142483434e-05
21920185.0,22020185.0,1823,0.013106325274320266,0.013106325274320268,0.001570925779930172,2.058906425358003e-05
21930185.0,22030185.0,1762,0.016382640649220973,0.016382640649220976,0.0016543615081465797,2.7102810091868768e-05
21940185.0,22040185.0,1624,0.015603860230221577,0.015603860230221577,0.001651633445838375,2.5771857440421407e-05
21950185.0,22050185.0,1535,0.015805359149880377,0.015805359149880373,0.0013842069774259748,2.1877888415987862e-05
21960185.0,22060185.0,1451,0.01469561220862676,0.014695612208626755,0.0014130269302117316,2.07652958067377e-05
21970185.0,22070185.0,1438,0.0148278454944432,0.014827845494443203,0.001336484240334893,1.981718182144421e-05
21980185.0,22080185.0,1425,0.014997090994236927,0.014997090994236928,0.0012509169742778463,1.8760115689480467e-05
21990185.0,22090185.0,1357,0.016613482600664906,0.016613482600664902,0.0011999283913840515,1.9934989452303005e-05
22000185.0,22100185.0,1300,0.017714012059047244,0.01771401205904724,0.0010755211074849984,1.9051793867748988e-05
22010185.0,22110185.0,1262,0.0188166705854586,0.0188166705854586,0.0008483170926893565,1.596250328514975e-05
22020185.0,22120185.0,1189,0.020398155855730737,0.02039815585573074,0.0007872140723235386,1.6057715339080064e-05
22030185.0,22130185.0,1212,0.015351832384016788,0.015351832384016788,0.0006901938031839094,1.0595739578966365e-05
22040185.0,22140185.0,1251,0.016551766237043304,0.0165517662370433,0.0006584774020513936,1.0898964031130245e-05
22050185.0,22150185.0,1308,0.016141038346386933,0.01614103834638693,0.0007453438612436568,1.2030623845578003e-05
22060185.0,22160185.0,1303,0.01649334944336046,0.01649334944336046,0.0007866974502373156,1.2975275952964722e-05
22070185.0,22170185.0,1312,0.018228989986422788,0.018228989986422795,0.0007840269571639587,1.4292019551227444e-05
22080185.0,22180185.0,1317,0.017583170734365976,0.017583170734365973,0.0008584396943011212,1.5094091710053605e-05
22090185.0,22190185.0,1325,0.018578082124941716,0.018578082124941712,0.0009337911537073425,1.7348048741119024e-05
22100185.0,22200185.0,1306,0.020978815955009663,0.02097881595500966,0.0010200039382138014,2.1398474893172456e-05
22110185.0,22210185.0,1298,0.023382306279368385,0.023382306279368385,0.0011447359720385415,2.6766567107215745e-05
22120185.0,22220185.0,1293,0.024201216036716017,0.024201216036716024,0.0012369261983261478,2.993511814716492e-05
22130185.0,22230185.0,1286,0.024642241807253013,0.024642241807253006,0.0014395815662991236,3.547451705800699e-05
22140185.0,22240185.0,1285,0.023751875448921125,0.023751875448921125,0.001682981706502871,3.997397187566899e-05
22150185.0,22250185.0,1283,0.023460501376849737,0.023460501376849734,0.0019021337817638265,4.462501220602274e-05
22160185.0,22260185.0,1259,0.02396711962127826,0.02396711962127825,0.001729239256678281,4.14448841186184e-05
22170185.0,22270185.0,1207,0.022742308494136106,0.0227423084941361,0.0017377111736810906,3.9519563585562576e-05
22180185.0,22280185.0,1232,0.021564227712226745,0.02156422771222675,0.0015604979903263167,3.365093400786926e-05
22190185.0,22290185.0,1228,0.02256677560897892,0.022566775608978917,0.0016625115748984968,3.751752565806425e-05
22200185.0,22300185.0,1238,0.02057264219204204,0.020572642192042048,0.001550998095738394,3.190812886416481e-05
22210185.0,22310185.0,1226,0.020077186218415595,0.02007718621841559,0.001557647781658259,3.127318457505472e-05
22220185.0,22320185.0,1229,0.019028811928546614,0.019028811928546607,0.0016501600272386793,3.140058481033053e-05
22230185.0,22330185.0,1226,0.019117205799942045,0.019117205799942038,0.0014589607699805067,2.7891253293759313e-05
22240185.0,22340185.0,1253,0.021558110160508376,0.021558110160508372,0.0013682969817140342,2.9497897064082355e-05
22250185.0,22350185.0,1261,0.022059172543009438,0.022059172543009438,0.0012123654055122,2.6743777665369415e-05
22260185.0,22360185.0,1342,0.024873378442055616,0.024873378442055612,0.0014038739911481385,3.4919089066786805e-05
22270185.0,22370185.0,1358,0.0251060055809247,0.0251060055809247,0.0012903381759875616,3.23952374476241e-05
22280185.0,22380185.0,1361,0.02514374344058262,0.02514374344058261,0.0012869406414783998,3.235850531259174e-05
22290185.0,22390185.0,1353,0.022282294218312595,0.022282294218312588,0.0012540590131415819,2.794331189794736e-05
22300185.0,22400185.0,1332,0.022971464567044537,0.022971464567044533,0.0012897622228159231,2.9627727201328644e-05
22310185.0,22410185.0,1340,0.021428173655054002,0.021428173655054002,0.0012994343445713965,2.7844504788817313e-05
22320185.0,22420185.0,1322,0.023288719155680426,0.02328871915568043,0.0012343339537357087,2.8746056792871606e-05
22330185.0,22430185.0,1310,0.024024968013300948,0.024024968013300948,0.0013595778087927425,3.266381336783949e-05
22340185.0,22440185.0,1250,0.021547007543560856,0.02154700754356086,0.0014239209435766658,3.0681235312681e-05
22350185.0,22450185.0,1228,0.021522236740313123,0.021522236740313123,0.001501165990730012,3.2308449838998235e-05
22360185.0,22460185.0,1177,0.017310351036772666,0.017310351036772666,0.001244273875832088,2.153881757653938e-05
22370185.0,22470185.0,1204,0.018041446514171475,0.01804144651417147,0.0011895210910244213,2.1460681141195934e-05
22380185.0,22480185.0,1232,0.017011337542519225,0.017011337542519222,0.001263588782631171,2.149533529627986e-05
22390185.0,22490185.0,1264,0.01744669620955454,0.017446696209554538,0.001057751829711157,1.8454274838070928e-05
22400185.0,22500185.0,1344,0.015570241421797379,0.01557024142179737,0.0009327366784864236,1.4522935266999195e-05
22410185.0,22510185.0,1322,0.01669303417562363,0.01669303417562362,0.0008477911026850669,1.4152205850911464e-05
22420185.0,22520185.0,1378,0.013748427703444428,0.013748427703444416,0.0008556688381224345,1.1764101159016688e-05
22430185.0,22530185.0,1373,0.012591717025177246,0.012591717025177232,0.0007477610412999876,9.415595434501108e-06
22440185.0,22540185.0,1427,0.01216907247581726,0.012169072475817248,0.0006715256433993704,8.171844223896608e-06
22450185.0,22550185.0,1457,0.011522138355730996,0.01152213835573099,0.0007100226942307011,8.180979718634974e-06
22460185.0,22560185.0,1441,0.011682788246013166,0.011682788246013157,0.000764119298778174,8.927043962317527e-06
22470185.0,22570185.0,1407,0.011279528688350957,0.011279528688350946,0.0008926896790379791,1.0069118844503614e-05
22480185.0,22580185.0,1305,0.012648911129322607,0.012648911129322602,0.0008972792775932253,1.1349605840459598e-05
22490185.0,22590185.0,1255,0.012954157358678659,0.01295415735867865,0.0010212471559341765,1.3229396360074314e-05
22500185.0,22600185.0,1227,0.012481322584633343,0.01248132258463333,0.0011374283858011933,1.4196610600103674e-05
22510185.0,22610185.0,1259,0.011644985672947226,0.011644985672947214,0.00129067912045145,1.5029939866029201e-05
22520185.0,22620185.0,1282,0.010410617358283091,0.01041061735828308,0.0012431728329497845,1.2942196674052868e-05
22530185.0,22630185.0,1334,0.008733671084559485,0.008733671084559481,0.0012441435951012828,1.0865940941575903e-05
22540185.0,22640185.0,1315,0.009595932421421611,0.009595932421421602,0.0014698204836224797,1.4104298032462437e-05
22550185.0,22650185.0,1309,0.009875118408581116,0.009875118408581103,0.0015853625783348254,1.5655643181589448e-05
22560185.0,22660185.0,1292,0.010593696546007723,0.010593696546007713,0.0014832933104631217,1.5713559219769525e-05
22570185.0,22670185.0,1305,0.011166356195921634,0.011166356195921616,0.0013904080854309686,1.552579193961129e-05
22580185.0,22680185.0,1379,0.011140369624234028,0.011140369624234014,0.001168444408584799,1.3016902597003937e-05
22590185.0,22690185.0,1500,0.010188932200400777,0.010188932200400767,0.0011448250259862398,1.1664544571095734e-05
22600185.0,22700185.0,1469,0.010648969386230382,0.010648969386230367,0.0011642257177764202,1.2397804027263076e-05
22610185.0,22710185.0,1465,0.010378144916749165,0.010378144916749151,0.0011303566194430874,1.1731004804187066e-05
22620185.0,22720185.0,1404,0.011683322285323662,0.011683322285323643,0.0010656922636376653,1.2450826173055078e-05
22630185.0,22730185.0,1379,0.012523098382305843,0.012523098382305833,0.0011071721626750091,1.3865225919329548e-05
22640185.0,22740185.0,1395,0.012441357849259508,0.012441357849259496,0.0010424163154580245,1.2969074408519662e-05
22650185.0,22750185.0,1378,0.013447087233724552,0.013447087233724545,0.0009889565965929684,1.3298585624752968e-05
22660185.0,22760185.0,1385,0.016490681107560575,0.016490681107560575,0.0009746434516578937,1.6072534354862314e-05
22670185.0,22770185.0,1378,0.01556895625678866,0.015568956256788656,0.0009213739779594739,1.4344831158994398e-05
22680185.0,22780185.0,1374,0.014708369480595514,0.014708369480595514,0.001058967822615555,1.5575690003091372e-05
22690185.0,22790185.0,1268,0.018000454925956477,0.01800045492595648,0.0009101007200600787,1.6382226989522024e-05
22700185.0,22800185.0,1207,0.018129038738864532,0.018129038738864532,0.0007629750605233832,1.383200442901598e-05
22710185.0,22810185.0,1193,0.018011655836534697,0.0180116558365347,0.0007630883502736513,1.3744484737997992e-05
22720185.0,22820185.0,1211,0.021632134651249992,0.02163213465124999,0.0008465029319282739,1.831166540615036e-05
22730185.0,22830185.0,1209,0.022480962291910586,0.022480962291910586,0.0008617269621583743,1.93724513422052e-05
22740185.0,22840185.0,1185,0.022157721789519642,0.02215772178951964,0.0008832309360318033,1.9570385356489798e-05
22750185.0,22850185.0,1208,0.019962667298338496,0.019962667298338493,0.000979009411312782,1.9543639159979405e-05
22760185.0,22860185.0,1199,0.0174326269945089,0.017432626994508885,0.0009842412259021256,1.7157910163769925e-05
22770185.0,22870185.0,1213,0.019783287248166765,0.019783287248166758,0.00099375,1.9659641702865767e-05
22780185.0,22880185.0,1158,0.020583785637205927,0.020583785637205917,0.0009380832826131062,1.9309305199154744e-05
22790185.0,22890185.0,1157,0.020713292021002465,0.02071329202100245,0.0012157077625570775,2.518130989804408e-05
22800185.0,22900185.0,1223,0.020090552547130974,0.02009055254713096,0.0015732712868240905,3.1607889458831794e-05
22810185.0,22910185.0,1241,0.019574645616847332,0.019574645616847314,0.001554532312260686,3.0429419112441007e-05
22820185.0,22920185.0,1264,0.017144923195948337,0.017144923195948326,0.001449981510243325,2.4859821628666843e-05
22830185.0,22930185.0,1315,0.01980738510716647,0.019807385107166457,0.0013420678371405196,2.6582854490184157e-05
22840185.0,22940185.0,1320,0.02019601118133805,0.02019601118133804,0.0011378987594151528,2.298101606837901e-05
22850185.0,22950185.0,1347,0.021054869511191506,0.0210548695111915,0.0009603286384976525,2.0219594171428032e-05
22860185.0,22960185.0,1379,0.019500944349119302,0.019500944349119302,0.001031716693774952,2.011944982936266e-05
22870185.0,22970185.0,1406,0.019345088297466968,0.019345088297466968,0.0010669259840973791,2.0639777369225747e-05
22880185.0,22980185.0,1464,0.018354903384054596,0.01835490338405459,0.0011099186991869918,2.0372450487732696e-05
22890185.0,22990185.0,1477,0.017672566942486676,0.017672566942486673,0.0009433395406579764,1.6671231181772714e-05
22900185.0,23000185.0,1468,0.01737228144358397,0.017372281443583965,0.0008466335021707671,1.4707955479277856e-05
22910185.0,23010185.0,1431,0.01711226754410433,0.017112267544104325,0.0008099497040407842,1.3860076032814054e-05
22920185.0,23020185.0,1401,0.01599859833036373,0.015998598330363722,0.000819091267848174,1.3104312190211327e-05
22930185.0,23030185.0,1368,0.012715320476132736,0.012715320476132726,0.00082407082347554,1.047832461552209e-05
22940185.0,23040185.0,1376,0.012297143457542176,0.01229714345754216,0.000890230634448474,1.0947293822111592e-05
22950185.0,23050185.0,1331,0.012545739323939516,0.012545739323939502,0.0009534560043031961,1.1961810486832912e-05
22960185.0,23060185.0,1346,0.013121567713149979,0.013121567713149967,0.0009067985113380648,1.1898618068705953e-05
22970185.0,23070185.0,1340,0.011263049473319403,0.011263049473319384,0.0009760503817491886,1.0993303738093363e-05
22980185.0,23080185.0,1316,0.014198915883204991,0.014198915883204976,0.0010344977263331955,1.4688746197571895e-05
22990185.0,23090185.0,1335,0.013752117629398784,0.01375211762939877,0.001116014732029464,1.534756587101108e-05
23000185.0,23100185.0,1361,0.01602395815298285,0.01602395815298284,0.0012230951731660759,1.9598825871928466e-05
23010185.0,23110185.0,1435,0.016654502377785457,0.016654502377785443,0.0014466238633570904,2.409280057204174e-05
23020185.0,23120185.0,1495,0.017734621371118246,0.017734621371118236,0.0013784501246160087,2.4446291039035573e-05
23030185.0,23130185.0,1483,0.01899367716318627,0.018993677163186264,0.0014146120462142984,2.6868684516948692e-05
23040185.0,23140185.0,1460,0.019377325699772064,0.019377325699772067,0.0016023375697056153,3.104901696916678e-05
23050185.0,23150185.0,1444,0.019576612073598516,0.019576612073598513,0.0015482908163265306,3.0310288688339506e-05
23060185.0,23160185.0,1412,0.02071393155130426,0.020713931551304254,0.0015127002288329518,3.133396899768789e-05
23070185.0,23170185.0,1391,0.02293208254655345,0.02293208254655345,0.0014118253099927062,3.237609455006623e-05
23080185.0,23180185.0,1409,0.020560075374685502,0.02056007537468551,0.0011345511482254698,2.332645712395163e-05
23090185.0,23190185.0,1427,0.021315190884468753,0.021315190884468756,0.0011213406191276827,2.3901589343215004e-05
23100185.0,23200185.0,1426,0.02048122999544162,0.020481229995441625,0.0010529579594225516,2.1565874142464117e-05
23110185.0,23210185.0,1366,0.02527083661484083,0.02527083661484083,0.0009634722891566264,2.4347750802203665e-05
23120185.0,23220185.0,1265,0.026306824144526095,0.02630682414452611,0.0008594624710287037,2.2609728084171888e-05
23130185.0,23230185.0,1269,0.025514066532509354,0.02551406653250936,0.0007879758588672238,2.010446848914954e-05
23140185.0,23240185.0,1299,0.02559304704537226,0.025593047045372276,0.000714226843100189,1.8279241196530917e-05
23150185.0,23250185.0,1329,0.026478251555949465,0.026478251555949472,0.0007379120483662012,1.9538620842806166e-05
23160185.0,23260185.0,1338,0.024949228387119004,0.024949228387119004,0.0006581331661607496,1.641991467168227e-05
23170185.0,23270185.0,1448,0.02253201108312442,0.022532011083124418,0.0006695507040025312,1.5086323883298766e-05
23180185.0,23280185.0,1423,0.024565792570533686,0.02456579257053368,0.0006903116785580173,1.6958053504473177e-05
23190185.0,23290185.0,1383,0.026812740614237808,0.0268127406142378,0.0006515650912106135,1.7470245783922288e-05
23200185.0,23300185.0,1391,0.025745497932791545,0.025745497932791534,0.0006916964192866304,1.7808068732863327e-05
23210185.0,23310185.0,1388,0.022529559518764564,0.022529559518764557,0.0006792091152815014,1.530228218842199e-05
23220185.0,23320185.0,1430,0.021447804526564307,0.0214478045265643,0.0007339669136653456,1.5741978893260085e-05
23230185.0,23330185.0,1426,0.02051672894748154,0.020516728947481532,0.000695799571419005,1.4275531208577581e-05
23240185.0,23340185.0,1409,0.020557078461815932,0.02055707846181592,0.0006750604831839711,1.3877271319284188e-05
23250185.0,23350185.0,1396,0.019328757205082453,0.019328757205082456,0.000622455178301701,1.2031285012439973e-05
23260185.0,23360185.0,1345,0.018749837311756338,0.018749837311756334,0.0007347773512476008,1.3776955796255727e-05
23270185.0,23370185.0,1242,0.022512315496573804,0.022512315496573808,0.0007703152507676562,1.7341579957103943e-05
23280185.0,23380185.0,1234,0.023796640334800293,0.023796640334800286,0.0007736125632554054,1.8409379926271815e-05
23290185.0,23390185.0,1266,0.021756869146611478,0.021756869146611475,0.000819809783715531,1.7836494189410714e-05
23300185.0,23400185.0,1308,0.021327955151538423,0.021327955151538416,0.0008148416565164434,1.737890630578789e-05
23310185.0,23410185.0,1381,0.019601270760651445,0.019601270760651435,0.00082269892741332,1.6125944430725925e-05
23320185.0,23420185.0,1407,0.01879115534026971,0.018791155340269695,0.0007910159460792373,1.4864103519405376e-05
23330185.0,23430185.0,1386,0.021228962332825726,0.021228962332825715,0.0008608187379535741,1.8274288563406953e-05
23340185.0,23440185.0,1403,0.020742392894777147,0.020742392894777147,0.0008396298659859605,1.7415932566469934e-05
23350185.0,23450185.0,1387,0.02063657143617184,0.020636571436171845,0.0008865241228070176,1.829481839019661e-05
23360185.0,23460185.0,1463,0.021253295584279512,0.021253295584279516,0.0008471907099542098,1.800559457491246e-05
23370185.0,23470185.0,1440,0.02239077306313921,0.02239077306313922,0.000750444494669831,1.680303237663441e-05
23380185.0,23480185.0,1493,0.02037968856945264,0.020379688569452648,0.000807800332652907,1.6462719205766508e-05
23390185.0,23490185.0,1476,0.019188365924295916,0.01918836592429592,0.0007588975332068311,1.4562003566218158e-05
23400185.0,23500185.0,1437,0.022633285170309114,0.022633285170309114,0.0008014937286202964,1.814043612207746e-05
23410185.0,23510185.0,1401,0.022707520783206855,0.022707520783206862,0.0008715061440757581,1.9789743879292714e-05
23420185.0,23520185.0,1412,0.02253408022437866,0.02253408022437866,0.0009776274374328265,2.2029935104664846e-05
23430185.0,23530185.0,1500,0.02061857830855703,0.020618578308557033,0.0010265140899891017,2.116526114927752e-05
23440185.0,23540185.0,1525,0.020817090526065705,0.020817090526065705,0.0009873302304288113,2.055334278595788e-05
23450185.0,23550185.0,1568,0.021528334750617457,0.021528334750617453,0.0009282272920504463,1.998318786792109e-05
23460185.0,23560185.0,1552,0.02118027851182791,0.021180278511827907,0.0009631522896698614,2.0399833744512255e-05
23470185.0,23570185.0,1575,0.017777674624235032,0.017777674624235025,0.0010799409577119197,1.9198838959587435e-05
23480185.0,23580185.0,1653,0.017626402671555227,0.01762640267155522,0.00103084495488105,1.8170088266674542e-05
23490185.0,23590185.0,1675,0.017716056181990267,0.017716056181990267,0.0009864299336064415,1.7475648123368676e-05
23500185.0,23600185.0,1705,0.015393019727774916,0.015393019727774914,0.0009405338606030647,1.4477656270903173e-05
23510185.0,23610185.0,1758,0.016659046629670434,0.01665904662967043,0.0009094454350927247,1.5150493910350574e-05
23520185.0,23620185.0,1720,0.01678863298818247,0.01678863298818247,0.0008184125690803458,1.3740028255205542e-05
23530185.0,23630185.0,1557,0.019903776358212572,0.019903776358212572,0.0005832433436178722,1.160874507378619e-05
23540185.0,23640185.0,1426,0.020882084605090206,0.020882084605090213,0.0004712367067751761,9.840404779903329e-06
23550185.0,23650185.0,1287,0.02073210829057291,0.020732108290572912,0.00037566760781947107,7.788381526573652e-06
23560185.0,23660185.0,1151,0.02201427666371727,0.02201427666371727,0.0002618596381898495,5.7646505221722525e-06
23570185.0,23670185.0,1022,0.024076734963736277,0.02407673496373628,0.00017648469783568976,4.249175294944978e-06
23580185.0,23680185.0,816,0.026915895186355322,0.02691589518635533,0.00012959358455309872,3.4881273386552956e-06
23590185.0,23690185.0,805,0.023551945491987015,0.02355194549198702,0.00012288497842502698,2.89418031365027e-06
23600185.0,23700185.0,637,0.026383493555910804,0.026383493555910804,8.595058211543226e-05,2.2676766293692917e-06
23610185.0,23710185.0,522,0.02437923787051684,0.02437923787051684,5.58507976773683e-05,1.3615998818346607e-06
23620185.0,23720185.0,400,0.025599625570263455,0.025599625570263452,3.438992711542383e-05,8.803692575434931e-07
23630185.0,23730185.0,385,0.007010626835430143,0.00701062683543014,3.0510513090354584e-05,2.1389782183397658e-07
23640185.0,23740185.0,453,0.0052358517205503465,0.005235851720550337,4.2074871241256776e-05,2.2029778698046763e-07
23650185.0,23750185.0,587,0.005936134487087356,0.00593613448708734,6.380991555566309e-05,3.787842403481062e-07
23660185.0,23760185.0,741,0.008493946185833658,0.008493946185833644,9.976999079963198e-05,8.4744093281318e-07
23670185.0,23770185.0,840,0.011268332595518845,0.011268332595518828,0.0001439421216076331,1.621987700779397e-06
23680185.0,23780185.0,907,0.010328580561470811,0.010328580561470796,0.0001744988364361702,1.8023252900138764e-06
23690185.0,23790185.0,860,0.011154557857611193,0.01115455785761117,0.00016228700490084937,1.8102397857049422e-06
23700185.0,23800185.0,993,0.011645993658411975,0.011645993658411957,0.00021794785633808382,2.5382193527778147e-06
23710185.0,23810185.0,1040,0.0117591419684192,0.011759141968419186,0.0002962017613736945,3.483078563289133e-06
23720185.0,23820185.0,1210,0.013789852920365777,0.013789852920365763,0.0004431301473919881,6.1106995571155215e-06
23730185.0,23830185.0,1326,0.015042070335105526,0.015042070335105523,0.0006605958034421206,9.936728538452013e-06
23740185.0,23840185.0,1322,0.01603904813705583,0.01603904813705582,0.0007787352451873565,1.2490172083582077e-05
23750185.0,23850185.0,1295,0.015897652428932693,0.015897652428932683,0.0009125581395348837,1.4507532123519103e-05
23760185.0,23860185.0,1297,0.01767312654101916,0.017673126541019157,0.0009542216299241055,1.6864079613826216e-05
23770185.0,23870185.0,1368,0.01789877782803545,0.017898777828035443,0.0009772773911491792,1.7492070900541275e-05
23780185.0,23880185.0,1458,0.01685605049061886,0.01685605049061886,0.00117101951966319,1.9738764148942954e-05
23790185.0,23890185.0,1502,0.016350975527920274,0.016350975527920267,0.0014974664979582445,2.4485038061995792e-05
23800185.0,23900185.0,1484,0.016622947146583376,0.016622947146583373,0.001660385053110774,2.7600492980837562e-05
23810185.0,23910185.0,1466,0.01627756795712041,0.016277567957120407,0.001613339914851607,2.626125010193178e-05
23820185.0,23920185.0,1382,0.015762932573171563,0.01576293257317157,0.0016275558631599764,2.565505333006096e-05
23830185.0,23930185.0,1357,0.015364090265103327,0.015364090265103322,0.001586762387773285,2.4379160555019737e-05
23840185.0,23940185.0,1444,0.014501187089360532,0.014501187089360525,0.001461033844684534,2.1186725125657748e-05
23850185.0,23950185.0,1534,0.015235094535990423,0.01523509453599042,0.0011801604479367619,1.7979855991953153e-05
23860185.0,23960185.0,1519,0.015545714728041605,0.015545714728041598,0.0009015788500647071,1.4015687607941799e-05
23870185.0,23970185.0,1489,0.0338211816564717,0.033821181656471695,0.0007393751711963965,2.5006541977318165e-05
23880185.0,23980185.0,1383,0.04618356016159364,0.04618356016159364,0.0005666978602863069,2.617212472397914e-05
23890185.0,23990185.0,1465,0.048615918837908244,0.048615918837908244,0.0005391074924788691,2.620920609926092e-05
23900185.0,24000185.0,1503,0.04620405532959863,0.04620405532959863,0.0005369177133253083,2.4807775733924106e-05
23910185.0,24010185.0,1560,0.04718923102375356,0.04718923102375356,0.0005089677239246676,2.401779550791513e-05
23920185.0,24020185.0,1612,0.04796572016779429,0.04796572016779429,0.0004578972425720449,2.1963371002815342e-05
23930185.0,24030185.0,1594,0.04750043782020627,0.047500437820206264,0.0004169942546114303,1.9807409662553536e-05
23940185.0,24040185.0,1525,0.049086366019088654,0.049086366019088654,0.0004139280010280322,2.031822136401163e-05
23950185.0,24050185.0,1468,0.04720263276005046,0.04720263276005046,0.00043425411198349476,2.0497937372498663e-05
23960185.0,24060185.0,1456,0.04855533141069168,0.04855533141069168,0.000504979347826087,2.451943958925061e-05
23970185.0,24070185.0,1447,0.029022006612888736,0.02902200661288873,0.0005454076974822217,1.5828825803049442e-05
23980185.0,24080185.0,1492,0.021337514571352665,0.02133751457135266,0.0006551937310754738,1.398020578388181e-05
23990185.0,24090185.0,1365,0.020239165167976973,0.020239165167976976,0.0005989589761476752,1.2122429647095196e-05
24000185.0,24100185.0,1336,0.021626717064412916,0.021626717064412923,0.0005957883494024595,1.2884946062800727e-05
24010185.0,24110185.0,1272,0.02163073683416435,0.021630736834164353,0.0006075067614315367,1.314081888150111e-05
24020185.0,24120185.0,1213,0.02050959502102622,0.02050959502102622,0.0006290136360712678,1.290081493852491e-05
24030185.0,24130185.0,1224,0.020988345558282967,0.02098834555828297,0.0006855233772782942,1.4388001530597987e-05
24040185.0,24140185.0,1242,0.020347304943380096,0.0203473049433801,0.0006936339237788514,1.4113580966201552e-05
24050185.0,24150185.0,1253,0.022449592255976942,0.02244959225597694,0.0006787630841810408,1.5237954478273713e-05
24060185.0,24160185.0,1285,0.017544351680155317,0.017544351680155314,0.0007085413807174388,1.2430899163249453e-05
24070185.0,24170185.0,1290,0.01627049077145909,0.016270490771459083,0.000811511129262814,1.32036843396069e-05
24080185.0,24180185.0,1378,0.012884740502709253,0.01288474050270925,0.0008387881150736651,1.0807567199480717e-05
24090185.0,24190185.0,1392,0.011584025283613714,0.011584025283613712,0.0009009356751017519,1.0436461639288477e-05
24100185.0,24200185.0,1367,0.010826723172089284,0.01082672317208928,0.0007665599750185409,8.299332644329423e-06
24110185.0,24210185.0,1366,0.010349165967483118,0.010349165967483115,0.0007572525982828739,7.836932818937346e-06
24120185.0,24220185.0,1470,0.009279102589750501,0.009279102589750494,0.000898695615046326,8.339088808973709e-06
24130185.0,24230185.0,1511,0.009129377942099224,0.009129377942099219,0.0008714620093626216,7.95590604565268e-06
24140185.0,24240185.0,1464,0.009318355853286256,0.009318355853286251,0.0007631343617259111,7.111157546432668e-06
24150185.0,24250185.0,1446,0.008414801009853132,0.00841480100985313,0.0007591393839958238,6.388006855067465e-06
24160185.0,24260185.0,1394,0.008436852756721883,0.008436852756721881,0.0006198856172503284,5.229883678750565e-06
24170185.0,24270185.0,1403,0.011569427871599399,0.011569427871599402,0.0005891912598449328,6.81660578335269e-06
24180185.0,24280185.0,1334,0.011967884138213264,0.011967884138213269,0.0005592989536621824,6.6936250760529545e-06
24190185.0,24290185.0,1368,0.011377185171197905,0.011377185171197901,0.0005974823281696495,6.797667084104406e-06
24200185.0,24300185.0,1531,0.012406116344664167,0.012406116344664162,0.0007086488412442682,8.791579971987786e-06
24210185.0,24310185.0,1580,0.012287940401527784,0.012287940401527779,0.0006400976426279816,7.86548168377112e-06
24220185.0,24320185.0,1555,0.013994252756859015,0.013994252756859001,0.0006059780777901584,8.480210385710996e-06
24230185.0,24330185.0,1608,0.015997078518412085,0.01599707851841208,0.0006616631215102367,1.0584676907536897e-05
24240185.0,24340185.0,1650,0.01627373142562455,0.016273731425624542,0.0007419185766495736,1.2073783656076803e-05
24250185.0,24350185.0,1651,0.017282755356967397,0.017282755356967387,0.0007124871216551109,1.231374061855513e-05
24260185.0,24360185.0,1725,0.016768354305906945,0.016768354305906938,0.0007754947756607253,1.3003771160658821e-05
24270185.0,24370185.0,1773,0.01449903339914193,0.014499033399141922,0.0007564242012236574,1.0967419757461044e-05
24280185.0,24380185.0,1759,0.01728063340451066,0.01728063340451065,0.000761202057998129,1.3154053711024706e-05
24290185.0,24390185.0,1791,0.019035713977606616,0.01903571397760661,0.0007724118389948512,1.470341084002319e-05
24300185.0,24400185.0,1741,0.018741988494149254,0.01874198849414925,0.0007256709488679726,1.3600516574221907e-05
24310185.0,24410185.0,1730,0.01946811018346133,0.01946811018346133,0.0008916249952284613,1.7358253649435933e-05
24320185.0,24420185.0,1732,0.019941463518109194,0.019941463518109197,0.0010183726518130187,2.030784108396927e-05
24330185.0,24430185.0,1650,0.018206682251060636,0.018206682251060643,0.0011106684308536704,2.0221587206836783e-05
24340185.0,24440185.0,1636,0.01784518454461018,0.01784518454461018,0.0010786184210526317,1.924814477690043e-05
24350185.0,24450185.0,1631,0.017026805986460898,0.017026805986460898,0.0011890952890792291,2.0246494786566603e-05
24360185.0,24460185.0,1572,0.016904988306858586,0.01690498830685858,0.0012390014971783946,2.094530582198094e-05
24370185.0,24470185.0,1505,0.017325663310799776,0.01732566331079977,0.0011477360439202044,1.9885288266630574e-05
24380185.0,24480185.0,1507,0.015585743595086769,0.015585743595086767,0.0011474109038096304,1.7883252144983818e-05
24390185.0,24490185.0,1465,0.015634725338013418,0.015634725338013418,0.0012434842883548983,1.9441535310563996e-05
24400185.0,24500185.0,1427,0.015319295441876294,0.015319295441876294,0.0012456481534993931,1.908245208008459e-05
24410185.0,24510185.0,1402,0.017034724223760307,0.01703472422376031,0.0010695151699954262,1.8218895974000146e-05
24420185.0,24520185.0,1382,0.01715728849761673,0.017157288497616732,0.0009385448776065276,1.610288523305558e-05
24430185.0,24530185.0,1429,0.017866539127950897,0.017866539127950904,0.0008828724721419726,1.577387556851507e-05
24440185.0,24540185.0,1428,0.01873243569721809,0.018732435697218098,0.0009509447857924418,1.781351205146171e-05
24450185.0,24550185.0,1417,0.01854632360862952,0.018546323608629522,0.0009164387657470896,1.6996569917038612e-05
24460185.0,24560185.0,1408,0.018428550285771977,0.018428550285771984,0.0009234714370722999,1.701823981556106e-05
24470185.0,24570185.0,1390,0.018436930019050442,0.01843693001905044,0.0009732061401769069,1.794293350055187e-05
24480185.0,24580185.0,1394,0.01817160229245571,0.018171602292455714,0.0010576345277675163,1.921891400936052e-05
24490185.0,24590185.0,1380,0.017064651270693315,0.01706465127069332,0.0010766382782346033,1.8372456762753352e-05
24500185.0,24600185.0,1287,0.01776582476438336,0.01776582476438337,0.0011822727708993186,2.1004050871499407e-05
24510185.0,24610185.0,1238,0.015497375271031025,0.015497375271031026,0.0013507478270685179,2.0933045972610397e-05
24520185.0,24620185.0,1183,0.014490189976555044,0.01449018997655505,0.0015551876845212992,2.2534964997912556e-05
24530185.0,24630185.0,1143,0.013803028487610227,0.013803028487610232,0.0016938982636341404,2.3380925988055605e-05
24540185.0,24640185.0,1134,0.012787977288943061,0.012787977288943066,0.0017046574287913779,2.1799120484812197e-05
24550185.0,24650185.0,1122,0.01762035515146026,0.01762035515146026,0.001996337802681609,3.517618108553539e-05
24560185.0,24660185.0,1151,0.018932791320611892,0.018932791320611896,0.002312776025236593,4.378730585711881e-05
24570185.0,24670185.0,1175,0.017445841789783725,0.017445841789783728,0.0025500719597025667,4.4488151961534635e-05
24580185.0,24680185.0,1191,0.01753988294151798,0.017539882941517985,0.002177209705372617,3.818800337137267e-05
24590185.0,24690185.0,1232,0.017629453410092727,0.017629453410092727,0.0017916750366993742,3.158625158551789e-05
24600185.0,24700185.0,1310,0.017206595466165275,0.01720659546616527,0.0014636906985431451,2.5185133737420684e-05
24610185.0,24710185.0,1376,0.01750981446601573,0.017509814466015735,0.0013010515787197233,2.2781171754099195e-05
24620185.0,24720185.0,1449,0.016427637518326578,0.016427637518326575,0.0013753575413327924,2.2593875147111746e-05
24630185.0,24730185.0,1495,0.015989649176391767,0.01598964917639176,0.0013490417950693374,2.1570705027448455e-05
24640185.0,24740185.0,1519,0.01660007109424926,0.016600071094249245,0.0012147727782513122,2.016531448233029e-05
24650185.0,24750185.0,1535,0.013771047036579739,0.01377104703657973,0.0012066148867313916,1.6616350360215417e-05
24660185.0,24760185.0,1502,0.013106980497791406,0.013106980497791397,0.0010686903218201107,1.4007303206274656e-05
24670185.0,24770185.0,1480,0.013797895826133255,0.01379789582613325,0.001069533199195171,1.4757307665085948e-05
24680185.0,24780185.0,1460,0.013223592548949555,0.013223592548949557,0.001083019611276484,1.4321410062042157e-05
24690185.0,24790185.0,1389,0.01293626243129104,0.012936262431291036,0.0011625386456567267,1.5038905006733164e-05
24700185.0,24800185.0,1353,0.012994643050307071,0.012994643050307068,0.0012500185774946921,1.6243545220796137e-05
24710185.0,24810185.0,1338,0.014226143019267608,0.014226143019267607,0.0014478183097765527,2.0596870340795555e-05
24720185.0,24820185.0,1225,0.017030375824814988,0.017030375824814988,0.0009441685383911488,1.6079545050767486e-05
24730185.0,24830185.0,1053,0.017741502963511627,0.01774150296351163,0.0006242759503152114,1.1075593622566418e-05
24740185.0,24840185.0,926,0.017213848105550145,0.01721384810555015,0.00047162671190161405,8.118510581194485e-06
24750185.0,24850185.0,794,0.01720693562444792,0.01720693562444793,0.0003341806226240625,5.750224460430193e-06
24760185.0,24860185.0,854,0.01594973526778553,0.015949735267785536,0.0003603399011845943,5.747326030314219e-06
24770185.0,24870185.0,940,0.017197475424431313,0.017197475424431313,0.00036483375712744647,6.274219572202243e-06
24780185.0,24880185.0,986,0.017110366653005173,0.017110366653005173,0.0003605740644839557,6.1695544488848505e-06
24790185.0,24890185.0,1032,0.01955857080071937,0.019558570800719367,0.0003650579222373045,7.140011218441769e-06
24800185.0,24900185.0,1146,0.019651081220343498,0.019651081220343494,0.000370506967363403,7.280862508361402e-06
24810185.0,24910185.0,1183,0.01818332497141743,0.01818332497141742,0.00034312015160639013,6.239065220900995e-06
24820185.0,24920185.0,1319,0.01613530428484412,0.016135304284844117,0.00040820861452957525,6.58657020712931e-06
24830185.0,24930185.0,1440,0.016700708693607326,0.01670070869360732,0.0004921520791053154,8.219288506091091e-06
24840185.0,24940185.0,1645,0.017792603881490836,0.017792603881490832,0.0006359176863181313,1.1314631493892685e-05
24850185.0,24950185.0,1891,0.018121645040721387,0.018121645040721383,0.000880662583518931,1.595905473917475e-05
24860185.0,24960185.0,1864,0.018668703463697117,0.01866870346369711,0.0008881879847734623,1.6581318107754476e-05
24870185.0,24970185.0,1854,0.018109998311471292,0.018109998311471292,0.000851794049425847,1.542598879682339e-05
24880185.0,24980185.0,1841,0.018410757291401084,0.018410757291401084,0.0008734983420875025,1.608176597061425e-05
24890185.0,24990185.0,1774,0.01623722933360904,0.01623722933360904,0.0009017913495452015,1.4642592953630091e-05
24900185.0,25000185.0,1595,0.01645948914044574,0.016459489140445743,0.0009396211815368054,1.5465684633637937e-05
24910185.0,25010185.0,1511,0.0162527648298557,0.016252764829855704,0.0010313788541398698,1.6762757966821238e-05
24920185.0,25020185.0,1372,0.015298114623189807,0.01529811462318981,0.001057715850515464,1.6181058319950235e-05
24930185.0,25030185.0,1374,0.014426374384257135,0.014426374384257135,0.0012977738356985808,1.87221712198811e-05
24940185.0,25040185.0,1288,0.013015913290698084,0.013015913290698093,0.0015710044986385699,2.0448058333576208e-05
24950185.0,25050185.0,1178,0.011763511720688407,0.011763511720688418,0.0016996286654926882,1.9993601727341216e-05
24960185.0,25060185.0,1117,0.011168626775903877,0.011168626775903885,0.002085338272567752,2.329036486781749e-05
24970185.0,25070185.0,1021,0.010870722972107498,0.010870722972107505,0.002053363626867231,2.2321547148675632e-05
24980185.0,25080185.0,985,0.010974543397555627,0.010974543397555629,0.002040907663316583,2.2398029721471853e-05
24990185.0,25090185.0,1031,0.01153604112551159,0.011536041125511586,0.0021018758872439667,2.424732667596782e-05
25000185.0,25100185.0,1090,0.01212821349132317,0.012128213491323167,0.002111597963380006,2.5609910907716113e-05
25010185.0,25110185.0,1131,0.014825942310154652,0.014825942310154645,0.002186813032487595,3.2421563862755715e-05
25020185.0,25120185.0,1210,0.014944168037394968,0.014944168037394956,0.0016334013653318319,2.4409824476029278e-05
25030185.0,25130185.0,1190,0.015506667592179446,0.015506667592179437,0.0015016941361875372,2.3286271794985376e-05
25040185.0,25140185.0,1165,0.01694720449626133,0.01694720449626132,0.0013433339619083537,2.2765755359233576e-05
25050185.0,25150185.0,1111,0.017551747421182165,0.017551747421182158,0.0014855831892538903,2.607458091093885e-05
25060185.0,25160185.0,1109,0.017745100076191567,0.017745100076191553,0.001494264715752735,2.6515876921354216e-05
25070185.0,25170185.0,1130,0.020162244333294544,0.020162244333294537,0.0015920677423841981,3.209965881710685e-05
25080185.0,25180185.0,1168,0.018691619678345976,0.01869161967834597,0.0012865122086570477,2.4046996915766264e-05
25090185.0,25190185.0,1172,0.01932067085854246,0.019320670858542454,0.0010982131254061078,2.121821432850256e-05
25100185.0,25200185.0,1226,0.01695101014492468,0.01695101014492467,0.0009067538430824516,1.5370393593040098e-05
25110185.0,25210185.0,1312,0.01370341698292174,0.01370341698292174,0.000728000066742308,9.976088478164852e-06
25120185.0,25220185.0,1351,0.013518846963307164,0.013518846963307159,0.0007436313639220616,1.0053038605977727e-05
25130185.0,25230185.0,1399,0.012983343542412238,0.012983343542412231,0.0006237075950734659,8.097809976850601e-06
25140185.0,25240185.0,1454,0.011375067867780716,0.011375067867780708,0.0005207987960175967,5.924121650158628e-06
25150185.0,25250185.0,1554,0.009333098782297176,0.009333098782297166,0.0005151359000950653,4.807814241894904e-06
25160185.0,25260185.0,1627,0.009360945223409595,0.009360945223409583,0.00048767954457972894,4.565141503388173e-06
25170185.0,25270185.0,1711,0.007349129355688939,0.0073491293556889265,0.0004425191663769601,3.252130596075973e-06
25180185.0,25280185.0,1718,0.007431705100445166,0.007431705100445154,0.00040097692659421053,2.97994227053099e-06
25190185.0,25290185.0,1752,0.007061495312249099,0.0070614953122490895,0.00036802742875913604,2.59882396296162e-06
25200185.0,25300185.0,1648,0.007457727994308228,0.00745772799430822,0.00031533282999874165,2.3516664738060252e-06
25210185.0,25310185.0,1543,0.007834160990534406,0.007834160990534399,0.0002723983412574241,2.134012458965182e-06
25220185.0,25320185.0,1558,0.007269281828264627,0.007269281828264617,0.00026775350131490427,1.9463756615626393e-06
25230185.0,25330185.0,1581,0.007935339063429704,0.007935339063429692,0.0003068345323741007,2.4348360507574263e-06
25240185.0,25340185.0,1611,0.007964742770703423,0.007964742770703413,0.0003521513149466518,2.804794639915053e-06
25250185.0,25350185.0,1520,0.00984222277667804,0.009842222776678025,0.00033105434026435804,3.2583105680679316e-06
25260185.0,25360185.0,1459,0.009862919858756989,0.009862919858756973,0.0003382872836905795,3.336500368276805e-06
25270185.0,25370185.0,1345,0.010519297028222399,0.010519297028222383,0.00037222195952335915,3.915513352653156e-06
25280185.0,25380185.0,1278,0.011823694125589201,0.011823694125589188,0.0004380750737624303,5.1796656762118516e-06
25290185.0,25390185.0,1273,0.012737468973061326,0.012737468973061309,0.0005406196999347685,6.88612665414487e-06
25300185.0,25400185.0,1359,0.013500080283476056,0.013500080283476032,0.0006860992467189563,9.262394913138195e-06
25310185.0,25410185.0,1344,0.013742260360534364,0.013742260360534343,0.000877423119861971,1.2057776959495525e-05
25320185.0,25420185.0,1275,0.016417476158310042,0.01641747615831003,0.001062796269913224,1.744843242244137e-05
25330185.0,25430185.0,1234,0.015991801647621096,0.01599180164762109,0.0012474521531100479,1.9949007397433792e-05
25340185.0,25440185.0,1140,0.01656862790324971,0.0165686279032497,0.0011228184750963883,1.8603561516766147e-05
25350185.0,25450185.0,1214,0.01972592894928055,0.01972592894928055,0.0012500983656174335,2.4659351539781194e-05
25360185.0,25460185.0,1207,0.019836506908396594,0.0198365069083966,0.0012684022935068962,2.5160670857775628e-05
25370185.0,25470185.0,1211,0.017784828767495948,0.017784828767495955,0.0012995129493621957,2.3111615285550336e-05
25380185.0,25480185.0,1235,0.016159180417911912,0.016159180417911912,0.001431399304785149,2.3130239616096988e-05
25390185.0,25490185.0,1181,0.0170526046231281,0.017052604623128097,0.00142122307465329,2.423555517332871e-05
25400185.0,25500185.0,1119,0.01681938222501115,0.01681938222501115,0.0017746281630287813,2.9848149381250597e-05
25410185.0,25510185.0,1128,0.01710506204304693,0.017105062043046924,0.00210296260056534,3.597130575687739e-05
25420185.0,25520185.0,1093,0.01588991315715659,0.015889913157156578,0.002192568517217147,3.483972332969575e-05
25430185.0,25530185.0,1057,0.018446514707356323,0.018446514707356323,0.002186119929453263,4.032629343070428e-05
25440185.0,25540185.0,1066,0.019826321111324926,0.019826321111324915,0.0024153015075376884,4.7886543269109375e-05
25450185.0,25550185.0,1000,0.018098563249114255,0.018098563249114245,0.0019325657894736844,3.4976664173863855e-05
25460185.0,25560185.0,1066,0.01947512927969929,0.01947512927969927,0.002004836131095124,3.9044442837690116e-05
25470185.0,25570185.0,1101,0.02251006359748864,0.02251006359748862,0.0019773909232567205,4.45111954396059e-05
25480185.0,25580185.0,1137,0.02314880803924139,0.023148808039241374,0.0015911624414804344,3.683351391708125e-05
25490185.0,25590185.0,1135,0.030786979172731457,0.03078697917273144,0.0016603922432789776,5.111846141239478e-05
25500185.0,25600185.0,1134,0.03050402774703809,0.030504027747038084,0.0016515209283050147,5.0378040221830584e-05
25510185.0,25610185.0,1138,0.030051827790913838,0.03005182779091382,0.0016549106404103921,4.9733089574964104e-05
25520185.0,25620185.0,1147,0.030973729971403727,0.030973729971403713,0.0015864730423620027,4.913898762103194e-05
25530185.0,25630185.0,1151,0.02928256047485059,0.02928256047485057,0.0016810747477956946,4.922617296507157e-05
25540185.0,25640185.0,1209,0.02523281024547443,0.025232810245474423,0.0016737812298661323,4.2234204165648874e-05
25550185.0,25650185.0,1236,0.02290725782392905,0.022907257823929047,0.002015084226646248,4.616005391671845e-05
25560185.0,25660185.0,1251,0.022480453137856713,0.02248045313785672,0.0017702245862884164,3.979545085553893e-05
25570185.0,25670185.0,1296,0.02523462304759054,0.025234623047590544,0.0016246800222593212,4.099818793466489e-05
25580185.0,25680185.0,1212,0.02648209553583999,0.026482095535839998,0.0016924225581740032,4.481889587257491e-05
25590185.0,25690185.0,1225,0.019262572343044827,0.019262572343044824,0.0013576973153946307,2.615274275774666e-05
25600185.0,25700185.0,1247,0.019708323339452657,0.019708323339452657,0.0011404706893772501,2.2476765105415343e-05
25610185.0,25710185.0,1297,0.01842798293583286,0.018427982935832855,0.0011924977173582223,2.1975327586496865e-05
25620185.0,25720185.0,1312,0.017600944794594533,0.01760094479459453,0.0011616325846463293,2.0445830993962185e-05
25630185.0,25730185.0,1328,0.016373355957239676,0.016373355957239672,0.0011547212037522022,1.8906661300407177e-05
25640185.0,25740185.0,1268,0.017464884935040243,0.01746488493504024,0.0011469410483591546,2.003119343686703e-05
25650185.0,25750185.0,1208,0.01832842477399047,0.018328424773990465,0.0010545287241979606,1.9327850393474422e-05
25660185.0,25760185.0,1138,0.01775404024725414,0.017754040247254136,0.0010690362355309513,1.897971235138977e-05
25670185.0,25770185.0,1033,0.012267216540875049,0.012267216540875042,0.0008369241718426501,1.026673004428629e-05
25680185.0,25780185.0,1024,0.012479994215353589,0.012479994215353576,0.0007653935009846993,9.552106464758256e-06
25690185.0,25790185.0,1044,0.012835772579850137,0.012835772579850127,0.000833923999187157,1.070405880244543e-05
25700185.0,25800185.0,1057,0.011320466331268883,0.011320466331268876,0.0008926116467078811,1.01047800934551e-05
25710185.0,25810185.0,1030,0.012306855817023194,0.012306855817023189,0.0007969434682632651,9.807868358234273e-06
25720185.0,25820185.0,1054,0.01278449700470268,0.012784497004702675,0.0008116486645275004,1.0376519920522691e-05
25730185.0,25830185.0,1043,0.014100404883956875,0.014100404883956873,0.0007662879132890062,1.0804969835057393e-05
25740185.0,25840185.0,1049,0.016568982702501414,0.016568982702501418,0.0008025444583739612,1.3297345248786628e-05
25750185.0,25850185.0,1110,0.015712123195933524,0.015712123195933524,0.0008357381093799972,1.313122013411492e-05
25760185.0,25860185.0,1096,0.01599146894328412,0.015991468943284112,0.0009056446907817968,1.448258894628705e-05
25770185.0,25870185.0,1154,0.01572173935801616,0.015721739358016157,0.0012600245446324765,1.9809777475414784e-05
25780185.0,25880185.0,1177,0.020591741096593702,0.020591741096593702,0.001806901370357014,3.720724520547192e-05
25790185.0,25890185.0,1138,0.03186091684297541,0.031860916842975415,0.0020071779448621553,6.39505295903073e-05
25800185.0,25900185.0,1127,0.03334181473922413,0.03334181473922413,0.0019430069266533829,6.478337698550666e-05
25810185.0,25910185.0,1115,0.03316343120520995,0.03316343120520995,0.00201134706346078,6.67031699688825e-05
25820185.0,25920185.0,1107,0.034252770501728834,0.034252770501728834,0.0020298036675303966,6.952639918748584e-05
25830185.0,25930185.0,1104,0.03322387208542232,0.03322387208542231,0.0019273948598130843,6.403552028053033e-05
25840185.0,25940185.0,1124,0.03544972749911653,0.03544972749911653,0.001884570540225418,6.680751210385391e-05
25850185.0,25950185.0,1134,0.03586083506764609,0.035860835067646084,0.0016573079989370184,5.943244880617114e-05
25860185.0,25960185.0,1126,0.03829473708996292,0.03829473708996293,0.0014435647395712409,5.52809321742217e-05
25870185.0,25970185.0,1127,0.04034360362325209,0.04034360362325208,0.0014015219760261533,5.654244707007629e-05
25880185.0,25980185.0,1129,0.03641913613511941,0.03641913613511941,0.0011932151300236406,4.345586425881491e-05
25890185.0,25990185.0,1152,0.027420790039268117,0.02742079003926811,0.0011009824166197358,3.018980768305585e-05
25900185.0,26000185.0,1119,0.026811830015906545,0.02681183001590655,0.0011433376855415063,3.065497567551909e-05
25910185.0,26010185.0,1103,0.026117568944476855,0.026117568944476855,0.0012126436781609196,3.1671304869451924e-05
25920185.0,26020185.0,1094,0.025176306830306472,0.025176306830306472,0.0013021817928342396,3.2784128365233404e-05
25930185.0,26030185.0,1099,0.026402803962981145,0.02640280396298114,0.001203093760209082,3.1765048699886224e-05
25940185.0,26040185.0,1111,0.024106098505677354,0.024106098505677347,0.0010670733162321778,2.5722974473872707e-05
25950185.0,26050185.0,1127,0.027916576007911732,0.027916576007911732,0.0011282002497175815,3.1495488023385927e-05
25960185.0,26060185.0,1155,0.02584122711651971,0.025841227116519698,0.0012150580252393939,3.139859038996117e-05
25970185.0,26070185.0,1162,0.023624890435387142,0.023624890435387128,0.001223750721662711,2.8910976719507518e-05
25980185.0,26080185.0,1175,0.02400976072534118,0.024009760725341167,0.0013294011254019293,3.191860292889963e-05
25990185.0,26090185.0,1180,0.02251946114280603,0.02251946114280601,0.0013505769503044033,3.0414265152749594e-05
26000185.0,26100185.0,1233,0.02274891324877472,0.022748913248774708,0.001306453122910258,2.9720388756676258e-05
26010185.0,26110185.0,1223,0.023728030155645573,0.023728030155645567,0.0012569779747337786,2.9825611289465352e-05
26020185.0,26120185.0,1219,0.023139188021270952,0.02313918802127094,0.0011362112586970272,2.6291005946875577e-05
26030185.0,26130185.0,1215,0.022780504736480828,0.022780504736480828,0.0012209928848641656,2.7814834196857477e-05
26040185.0,26140185.0,1256,0.020833777719660947,0.020833777719660943,0.0013720220418398997,2.8584402246167713e-05
26050185.0,26150185.0,1222,0.01889419493583658,0.018894194935836574,0.0012969569108809615,2.450495669756546e-05
26060185.0,26160185.0,1268,0.0186571030214565,0.018657103021456498,0.0012878213599231139,2.4027015785317723e-05
26070185.0,26170185.0,1253,0.017998693219364512,0.017998693219364516,0.0011741025641025641,2.113231185935137e-05
26080185.0,26180185.0,1252,0.02003720329422274,0.02003720329422274,0.0012750958706163507,2.554935517916357e-05
26090185.0,26190185.0,1260,0.019007746074051802,0.019007746074051805,0.0011843227020702986,2.2511305190687353e-05
26100185.0,26200185.0,1207,0.0185371744641643,0.01853717446416431,0.001256375146410843,2.328964528145802e-05
26110185.0,26210185.0,1205,0.017867651868602178,0.01786765186860218,0.0012552403676210676,2.2428197900069585e-05
26120185.0,26220185.0,1212,0.021321114241215182,0.02132111424121519,0.0013522778907090758,2.8832071393677775e-05
26130185.0,26230185.0,1215,0.02144603279123048,0.021446032791230484,0.0014825394851386644,3.179459041257777e-05
26140185.0,26240185.0,1148,0.0215051782583119,0.0215051782583119,0.0014681847587009963,3.157357495200151e-05
26150185.0,26250185.0,1145,0.020684452796393527,0.02068445279639352,0.0016476192209683288,3.4080102002549615e-05
26160185.0,26260185.0,1054,0.020665763236364952,0.020665763236364945,0.0012510172382286656,2.5853226049845e-05
26170185.0,26270185.0,1026,0.022558499664464365,0.022558499664464368,0.0014427219642605882,3.2545642946687895e-05
26180185.0,26280185.0,1027,0.020105401728345337,0.020105401728345348,0.001387956698240866,2.7905426999680312e-05
26190185.0,26290185.0,942,0.02086133776553658,0.0208613377655366,0.0011765042893994843,2.4543453363765283e-05
26200185.0,26300185.0,984,0.021900235723131677,0.021900235723131694,0.0011845070422535212,2.5940983441061634e-05
26210185.0,26310185.0,962,0.022168125056141113,0.02216812505614113,0.0011492894778859972,2.5477592871484064e-05
26220185.0,26320185.0,928,0.01808538055783884,0.018085380557838853,0.0011468078175895767,2.0740455807812143e-05
26230185.0,26330185.0,947,0.018877206248869762,0.01887720624886978,0.0010673458062470272,2.0148506923391522e-05
26240185.0,26340185.0,948,0.02202761195108278,0.0220276119510828,0.0011554486829161656,2.545177521666687e-05
26250185.0,26350185.0,941,0.021599536068332856,0.021599536068332873,0.0010966186107470512,2.3686453236035986e-05
26260185.0,26360185.0,953,0.021415723273186072,0.021415723273186093,0.0011875960298323334,2.543322793522372e-05
26270185.0,26370185.0,1056,0.02280509418533879,0.022805094185338805,0.0011819229944229944,2.6953865207634115e-05
26280185.0,26380185.0,1081,0.022537376339548693,0.022537376339548693,0.0011006824216675517,2.4806493967447366e-05
26290185.0,26390185.0,1179,0.024589606227541215,0.024589606227541208,0.0015478739997287399,3.80616121431788e-05
26300185.0,26400185.0,1211,0.023243968691641106,0.0232439686916411,0.001634920104050539,3.8002031711885464e-05
26310185.0,26410185.0,1297,0.022711553088442107,0.0227115530884421,0.0017454062665958577,3.9640887084691165e-05
26320185.0,26420185.0,1332,0.023492628389780137,0.02349262838978014,0.0016311442598187312,3.83198659460443e-05
26330185.0,26430185.0,1398,0.021237624158961004,0.021237624158960994,0.001737888731449027,3.690862770860783e-05
26340185.0,26440185.0,1376,0.02163503086447139,0.021635030864471383,0.0017018028846153845,3.6818557933900095e-05
26350185.0,26450185.0,1408,0.023608264200426228,0.02360826420042622,0.0016620055026769782,3.92370650097603e-05
26360185.0,26460185.0,1495,0.024037525310534224,0.024037525310534213,0.0016329728568359237,3.9252626377609086e-05
26370185.0,26470185.0,1460,0.020812768236471074,0.020812768236471064,0.001253962536023055,2.6098431639465395e-05
26380185.0,26480185.0,1416,0.020490503137397555,0.020490503137397545,0.001132355703997495,2.320253810541059e-05
26390185.0,26490185.0,1352,0.01630274593685066,0.01630274593685065,0.001035414904862579,1.688010613320295e-05
26400185.0,26500185.0,1315,0.016708563187066965,0.016708563187066948,0.001050546839065774,1.7553128241503797e-05
26410185.0,26510185.0,1287,0.01647757154703198,0.016477571547031958,0.0010518624993857192,1.733213959126809e-05
26420185.0,26520185.0,1304,0.019574820157144898,0.019574820157144884,0.001116691754880062,2.1859040272743516e-05
26430185.0,26530185.0,1255,0.019834588110080695,0.01983458811008068,0.0010299817360376815,2.042926349521324e-05
26440185.0,26540185.0,1291,0.017003414516357146,0.017003414516357132,0.0009122606394905601,1.5511545800215148e-05
26450185.0,26550185.0,1228,0.017496549521315793,0.017496549521315782,0.0008536761516439663,1.4936387062405014e-05
26460185.0,26560185.0,1201,0.018463237795624286,0.01846323779562427,0.0009955091729618366,1.8380322588119713e-05
26470185.0,26570185.0,1189,0.020370072485284507,0.020370072485284493,0.0010937757229141057,2.228029075840491e-05
26480185.0,26580185.0,1235,0.021461589713160034,0.021461589713160013,0.001147202367656913,2.462078653261848e-05
26490185.0,26590185.0,1273,0.021059989855623323,0.021059989855623306,0.0011803055525722265,2.4857222963706918e-05
26500185.0,26600185.0,1282,0.02102513735152722,0.021025137351527213,0.001166370419135396,2.4523098265080055e-05
26510185.0,26610185.0,1293,0.022080841901874728,0.02208084190187472,0.0011412201313393301,2.519910129534046e-05
26520185.0,26620185.0,1254,0.019322002758797592,0.01932200275879758,0.0010076018686737609,1.94688860862841e-05
26530185.0,26630185.0,1169,0.02029674526856206,0.02029674526856205,0.000746273665023406,1.5146926479616206e-05
26540185.0,26640185.0,1185,0.021318167865277814,0.021318167865277807,0.0007109842425211967,1.5156881431634317e-05
26550185.0,26650185.0,1179,0.018985802485578396,0.018985802485578386,0.0006202780458168043,1.1776476464018365e-05
26560185.0,26660185.0,1149,0.01765793785101296,0.017657937851012957,0.000592141159261291,1.045599178926273e-05
26570185.0,26670185.0,1118,0.016899583830565668,0.01689958383056567,0.0005959990209368882,1.0072135417258122e-05
26580185.0,26680185.0,1083,0.024971974274429855,0.024971974274429865,0.0006406296338542262,1.5997786736045264e-05
26590185.0,26690185.0,1008,0.02603000767460724,0.026030007674607253,0.0005262895001560929,1.369931972812829e-05
26600185.0,26700185.0,957,0.0283530015914115,0.028353001591411513,0.00045706598920693033,1.295919271936429e-05
26610185.0,26710185.0,910,0.0311205455770629,0.031120545577062904,0.00045021808026608924,1.4011032286538604e-05
26620185.0,26720185.0,942,0.030536208359085718,0.030536208359085718,0.000531349617727096,1.6225402638435113e-05
26630185.0,26730185.0,1016,0.03093039985099206,0.030930399850992066,0.0006669845400870106,2.0630098519321255e-05
26640185.0,26740185.0,1008,0.029537127449873416,0.029537127449873423,0.0007064331914196823,2.0866007209784e-05
26650185.0,26750185.0,1069,0.028051508014693707,0.028051508014693707,0.0009452235282782542,2.6514945379174593e-05
26660185.0,26760185.0,1089,0.030497155195499517,0.030497155195499517,0.0010299094853730229,3.140930941273806e-05
26670185.0,26770185.0,1079,0.03110339013342018,0.03110339013342018,0.001058262680351034,3.291555701059715e-05
26680185.0,26780185.0,1105,0.02510315332666729,0.02510315332666729,0.0011692831968487614,2.9352695372790283e-05
26690185.0,26790185.0,1199,0.025877678720915762,0.02587767872091576,0.0014134320079406786,3.657633939534781e-05
26700185.0,26800185.0,1298,0.028484849678990995,0.028484849678991,0.001637807904696904,4.6652711968354755e-05
26710185.0,26810185.0,1257,0.027291699630075442,0.027291699630075446,0.00129336563740399,3.52981464878906e-05
26720185.0,26820185.0,1242,0.026268845870091623,0.026268845870091623,0.0011673088516025317,3.066385630554033e-05
26730185.0,26830185.0,1260,0.028397876637804177,0.028397876637804177,0.0012475417942076758,3.5427537972414315e-05
26740185.0,26840185.0,1262,0.028735072176476393,0.028735072176476396,0.0012812674721629947,3.681731328997515e-05
26750185.0,26850185.0,1251,0.030250888552561406,0.03025088855256141,0.0011409266756635178,3.4514045712141566e-05
26760185.0,26860185.0,1243,0.029121848079903916,0.029121848079903916,0.0010233513055877374,2.9801881253697513e-05
26770185.0,26870185.0,1276,0.029081885649893717,0.029081885649893717,0.0010524722411058237,3.060787736552703e-05
26780185.0,26880185.0,1312,0.02949840858159002,0.029498408581590006,0.000952990871587817,2.8111714104622984e-05
26790185.0,26890185.0,1235,0.03081396768814233,0.03081396768814232,0.0007240834884720034,2.231188521729379e-05
26800185.0,26900185.0,1114,0.027308357464291777,0.027308357464291777,0.0005783621447406974,1.5794120192393525e-05
26810185.0,26910185.0,1165,0.027066901449762575,0.027066901449762565,0.000661856129469219,1.7914394630264676e-05
26820185.0,26920185.0,1182,0.028246077576554375,0.028246077576554375,0.0006890447750644946,1.9462812170191215e-05
26830185.0,26930185.0,1129,0.024138576728369412,0.0241385767283694,0.0006264143874110154,1.5120751754275396e-05
26840185.0,26940185.0,1137,0.023817293116046266,0.023817293116046256,0.0006158640548630319,1.4668214714309559e-05
26850185.0,26950185.0,1091,0.022161647441676036,0.022161647441676025,0.0006730816502109876,1.4916598231437269e-05
26860185.0,26960185.0,1088,0.022439027202555153,0.022439027202555157,0.0006903960396039604,1.5491815513209613e-05
26870185.0,26970185.0,1114,0.02075433715394996,0.02075433715394996,0.0007257890301823197,1.5063270235042256e-05
26880185.0,26980185.0,1092,0.024781893033091067,0.024781893033091067,0.0007335544757989161,1.81788685531939e-05
26890185.0,26990185.0,1125,0.025277139466175103,0.0252771394661751,0.0008759777450499099,2.214221163089207e-05
26900185.0,27000185.0,1178,0.02600010519725513,0.02600010519725513,0.0010212212437095615,2.6551859766120454e-05
26910185.0,27010185.0,1211,0.024940818418785517,0.02494081841878553,0.0010908166458072591,2.7205859891267713e-05
26920185.0,27020185.0,1221,0.024719279109269156,0.02471927910926915,0.0010247366618138221,2.533075155687655e-05
26930185.0,27030185.0,1284,0.027988088775641632,0.027988088775641632,0.0010397422680412372,2.910039890172519e-05
26940185.0,27040185.0,1210,0.029116573287261346,0.02911657328726135,0.0008422165179340523,2.4522458968168982e-05
26950185.0,27050185.0,1258,0.0292135688680594,0.029213568868059404,0.0008339787816801304,2.4363496573112864e-05
26960185.0,27060185.0,1260,0.028176828190184813,0.028176828190184813,0.0008319955002358748,2.3442994265153282e-05
26970185.0,27070185.0,1218,0.02984363455628774,0.029843634556287732,0.0007927921368765926,2.3659798812043413e-05
26980185.0,27080185.0,1206,0.028743534836881916,0.028743534836881905,0.0007957162276351078,2.2871697109301872e-05
26990185.0,27090185.0,1278,0.025059243844833885,0.025059243844833882,0.0009138773600260419,2.290107560916586e-05
27000185.0,27100185.0,1312,0.023233902891645265,0.02323390289164526,0.0009357330406336089,2.174073059858527e-05
27010185.0,27110185.0,1325,0.02384659144547579,0.023846591445475778,0.0009395942015604081,2.2406119049149115e-05
27020185.0,27120185.0,1288,0.02384420440008839,0.023844204400088383,0.00097287770144913,2.3197494769641254e-05
27030185.0,27130185.0,1247,0.01785144070221693,0.017851440702216923,0.001012845437017995,1.8080750259437753e-05
27040185.0,27140185.0,1250,0.017048221030743063,0.017048221030743056,0.0014033870152379577,2.3925252027451343e-05
27050185.0,27150185.0,1245,0.020337025809801616,0.020337025809801613,0.00139622866081752,2.839513831143042e-05
27060185.0,27160185.0,1273,0.020231593371811196,0.020231593371811185,0.0011279613583768365,2.2820455541795646e-05
27070185.0,27170185.0,1273,0.02156020426184129,0.02156020426184128,0.0011861737127817076,2.557414753760033e-05
27080185.0,27180185.0,1243,0.01772334840715082,0.01772334840715081,0.0012635575095057035,2.2394469973441385e-05
27090185.0,27190185.0,1166,0.020320600039540875,0.02032060003954087,0.0011012156181726515,2.2377362134182172e-05
27100185.0,27200185.0,1142,0.020887374942554403,0.020887374942554392,0.0010524109589041095,2.19821022922832e-05
27110185.0,27210185.0,1085,0.02159360338898059,0.021593603388980587,0.0009507163677683908,2.0529392181002737e-05
27120185.0,27220185.0,1064,0.021788342036525223,0.02178834203652522,0.0008447946328414876,1.840667441097095e-05
27130185.0,27230185.0,1025,0.02206708650185096,0.022067086501850953,0.000711010625830143,1.568993298392905e-05
27140185.0,27240185.0,1032,0.022497339376556444,0.022497339376556437,0.0006875844046846984,1.5468819702219087e-05
27150185.0,27250185.0,1011,0.019785387786628236,0.01978538778662823,0.0006860004631773969,1.3572785185771343e-05
27160185.0,27260185.0,1000,0.02152253339572765,0.021522533395727645,0.0007654785281311365,1.6475037185414874e-05
27170185.0,27270185.0,1074,0.018284379430692756,0.018284379430692756,0.0007280560747663551,1.33120535178488e-05
27180185.0,27280185.0,1066,0.017708271999328982,0.01770827199932898,0.0006603147945633495,1.169303398730878e-05
27190185.0,27290185.0,1109,0.016567270120609642,0.016567270120609642,0.0007395949664157969,1.2253069588453885e-05
27200185.0,27300185.0,1082,0.01615121782606573,0.01615121782606573,0.0008236571285140563,1.3303065696622306e-05
27210185.0,27310185.0,1087,0.015732229835269382,0.015732229835269385,0.0008802988526194078,1.3849063873132675e-05
27220185.0,27320185.0,1120,0.014954593067797187,0.014954593067797188,0.000997761267954433,1.4921113741067915e-05
27230185.0,27330185.0,1150,0.01682880808710071,0.016828808087100713,0.0010559055513690027,1.7769631882093164e-05
27240185.0,27340185.0,1216,0.016821477944611283,0.016821477944611286,0.0011042449867117662,1.8575032689419654e-05
27250185.0,27350185.0,1202,0.016692636830424143,0.016692636830424143,0.0009205795718552937,1.5366900466487716e-05
27260185.0,27360185.0,1209,0.0164051416668638,0.0164051416668638,0.0008962847265608731,1.470367791307754e-05
27270185.0,27370185.0,1119,0.01692476486666249,0.016924764866662487,0.0008501500840470663,1.4388590273869868e-05
27280185.0,27380185.0,1174,0.019740288677216083,0.019740288677216066,0.0008645740086376128,1.7066940513324375e-05
27290185.0,27390185.0,1145,0.021592813118835857,0.021592813118835853,0.0008075967583125049,1.743828587761966e-05
27300185.0,27400185.0,1125,0.023874375305990563,0.023874375305990552,0.0007117417756566724,1.6992390272979545e-05
27310185.0,27410185.0,1146,0.02312834454132523,0.02312834454132522,0.000764855700121632,1.7689846156809563e-05
27320185.0,27420185.0,1139,0.023458670520855828,0.023458670520855818,0.0007771464646464647,1.823082286058938e-05
27330185.0,27430185.0,1113,0.022352619526954963,0.022352619526954956,0.0008079929988331389,1.8060760083360574e-05
27340185.0,27440185.0,1156,0.02173795173537086,0.021737951735370853,0.0007779160248054667,1.6910301001392823e-05
27350185.0,27450185.0,1240,0.021820381493527517,0.02182038149352751,0.0009738073415517164,2.1248847693856445e-05
27360185.0,27460185.0,1274,0.020485247268916398,0.020485247268916394,0.0009838728221455736,2.0154878042818836e-05
27370185.0,27470185.0,1326,0.021726415937416227,0.021726415937416216,0.001069263714660176,2.323126821149365e-05
27380185.0,27480185.0,1298,0.020565862515588975,0.02056586251558897,0.0010781784779544997,2.21736703448792e-05
27390185.0,27490185.0,1338,0.017092869640676186,0.017092869640676172,0.0012024686648501363,2.0553640135281247e-05
27400185.0,27500185.0,1411,0.01631459117941987,0.01631459117941986,0.0013055488274799074,2.1299495385105587e-05
27410185.0,27510185.0,1426,0.017696564925639768,0.017696564925639764,0.0012335053559473334,2.1828807617646457e-05
27420185.0,27520185.0,1420,0.017727255655432192,0.01772725565543219,0.001314919378142519,2.330991198261449e-05
27430185.0,27530185.0,1397,0.017732115212828626,0.01773211521282862,0.0011676146931184131,2.07042782625674e-05
27440185.0,27540185.0,1260,0.018086782835081337,0.01808678283508133,0.0009278236975159375,1.6781345726212826e-05
27450185.0,27550185.0,1200,0.01701227880282969,0.017012278802829676,0.0009197103583701523,1.5646369034443587e-05
27460185.0,27560185.0,1125,0.019323919687068928,0.01932391968706892,0.0010534301977231876,2.035640053673622e-05
27470185.0,27570185.0,1110,0.020607578422532215,0.02060757842253221,0.0011374321788955937,2.3439722826902822e-05
27480185.0,27580185.0,1051,0.021137545992647742,0.02113754599264774,0.0011135794680260434,2.3538337221868716e-05
27490185.0,27590185.0,996,0.0230075921022017,0.023007592102201692,0.0009996281869688384,2.2999037579642338e-05
27500185.0,27600185.0,935,0.026560156641730323,0.026560156641730323,0.0009944429377305275,2.641256019738541e-05
27510185.0,27610185.0,936,0.029567808411710247,0.02956780841171025,0.001053421010595815,3.114735061816735e-05
27520185.0,27620185.0,947,0.029458853354450754,0.029458853354450747,0.0010211258313100392,3.0081196121004096e-05
27530185.0,27630185.0,996,0.02927207635315149,0.02927207635315148,0.001212055300637626,3.5479375304506545e-05
27540185.0,27640185.0,1034,0.029228497105366152,0.029228497105366145,0.0018473277585893475,5.399461404459112e-05
27550185.0,27650185.0,1060,0.02910323424282528,0.02910323424282527,0.0018232583204000688,5.306271398378335e-05
27560185.0,27660185.0,1085,0.027877709043238868,0.02787770904323886,0.0016480548842285805,4.594399454981319e-05
27570185.0,27670185.0,1048,0.02515892539233227,0.025158925392332266,0.0015098897175499842,3.798720275448977e-05
27580185.0,27680185.0,1105,0.025574566905946457,0.025574566905946443,0.0016248283191628516,4.155428055910691e-05
27590185.0,27690185.0,1164,0.025404150138766523,0.025404150138766516,0.00174026284348865,4.420989855690247e-05
27600185.0,27700185.0,1183,0.022665457760999867,0.022665457760999853,0.0018799178610342802,4.260919887342151e-05
27610185.0,27710185.0,1193,0.029226655630318735,0.02922665563031873,0.0020889396311760612,6.10527192329078e-05
27620185.0,27720185.0,1208,0.030352526012973318,0.03035252601297331,0.0021493333333333334,6.523769591055053e-05
27630185.0,27730185.0,1240,0.03413375939062784,0.03413375939062783,0.0021072367876933257,7.192791349020381e-05
27640185.0,27740185.0,1305,0.034029129130442634,0.03402912913044263,0.002041919191919192,6.948473185574722e-05
27650185.0,27750185.0,1301,0.0355093218892888,0.035509321889288785,0.002000415393055882,7.103339410430947e-05
27660185.0,27760185.0,1337,0.03559739104516756,0.03559739104516754,0.0021157353780895667,7.531465960194952e-05
27670185.0,27770185.0,1398,0.03620789477505074,0.03620789477505075,0.0018066262556286805,6.541413336164731e-05
27680185.0,27780185.0,1453,0.03446086040311823,0.03446086040311822,0.0016712403480818726,5.759238033530772e-05
27690185.0,27790185.0,1424,0.03550154914999228,0.035501549149992276,0.0016281457360530843,5.780169587183903e-05
27700185.0,27800185.0,1406,0.03529487778458793,0.035294877784587925,0.0016942542938341778,5.97984982368908e-05
27710185.0,27810185.0,1345,0.026295541866757248,0.02629554186675724,0.001578560596486794,4.150910625413177e-05
27720185.0,27820185.0,1286,0.02550897416940028,0.02550897416940028,0.001532818887980376,3.91006374198604e-05
27730185.0,27830185.0,1214,0.020474462317518788,0.0204744623175188,0.001533816631130064,3.1404070816056e-05
27740185.0,27840185.0,1179,0.023769131903628848,0.023769131903628844,0.0017468924212746726,4.152211638272737e-05
27750185.0,27850185.0,1153,0.023109176385993455,0.02310917638599345,0.001851943192790473,4.2796881899035103e-05
27760185.0,27860185.0,1081,0.022829438187070786,0.022829438187070786,0.0018039831848830434,4.118392260980243e-05
27770185.0,27870185.0,995,0.023486614196066978,0.023486614196066975,0.0024234772552043176,5.691927530592711e-05
27780185.0,27880185.0,905,0.02322229953416574,0.023222299534165734,0.0031446044255835103,7.302494588736351e-05
27790185.0,27890185.0,872,0.021253933489645545,0.02125393348964554,0.0036753753491620116,7.811618322057269e-05
27800185.0,27900185.0,883,0.02012068970398014,0.020120689703980132,0.003813453072724071,7.672930597697056e-05
27810185.0,27910185.0,891,0.02013148384028809,0.020131483840288077,0.0032225659824046925,6.487503499904258e-05
27820185.0,27920185.0,924,0.021219720845175184,0.021219720845175163,0.003323253182461103,7.051850482966465e-05
27830185.0,27930185.0,979,0.021552043800594792,0.02155204380059477,0.0031269230769230766,6.73915831149368e-05
27840185.0,27940185.0,1016,0.019524386025030906,0.01952438602503089,0.0029898725964374187,5.8375426738505815e-05
27850185.0,27950185.0,1035,0.01979035702670276,0.019790357026702732,0.002753158892281773,5.4485997429497575e-05
27860185.0,27960185.0,1068,0.020883906732085785,0.02088390673208576,0.002718199156795824,5.676661766975799e-05
27870185.0,27970185.0,1102,0.02081612643454465,0.02081612643454463,0.0021914957733249847,4.56184530983034e-05
27880185.0,27980185.0,1080,0.02092087204448853,0.020920872044488507,0.002219471677559913,4.6433282972597144e-05
27890185.0,27990185.0,1082,0.02223335194051413,0.022233351940514113,0.002134958498177023,4.7467283668361395e-05
27900185.0,28000185.0,1096,0.02337565467964524,0.023375654679645218,0.0017754718271334794,4.1502816324510996e-05
27910185.0,28010185.0,1113,0.023402788670236128,0.023402788670236107,0.0018720353146345007,4.3810846851610364e-05
27920185.0,28020185.0,1123,0.025598679708603102,0.02559867970860309,0.0019076017970477074,4.883208741418021e-05
27930185.0,28030185.0,1086,0.02737554912157542,0.027375549121575412,0.0019045296302026922,5.2137544445109655e-05
27940185.0,28040185.0,1067,0.028412031777981194,0.028412031777981194,0.001885036328871893,5.355771207855723e-05
27950185.0,28050185.0,1099,0.029859921118076314,0.029859921118076317,0.0020428685068809163,6.099989247006651e-05
27960185.0,28060185.0,1134,0.027422583645904115,0.02742258364590412,0.0020264685422785593,5.557100310642705e-05
27970185.0,28070185.0,1146,0.027339405327817767,0.027339405327817777,0.002343033878949372,6.405715291340621e-05
27980185.0,28080185.0,1167,0.02967811286463869,0.02967811286463869,0.002298243514884656,6.820753042517056e-05
27990185.0,28090185.0,1143,0.029093984741888193,0.029093984741888203,0.0022970733120834543,6.683101589275507e-05
28000185.0,28100185.0,1112,0.029455643745140096,0.029455643745140096,0.0026288076036866358,7.74332202487088e-05
28010185.0,28110185.0,1115,0.030545671096967156,0.030545671096967156,0.0024988823933975238,7.633003969872275e-05
28020185.0,28120185.0,1105,0.028117645126074047,0.028117645126074058,0.0019670047846889953,5.530754249717477e-05
28030185.0,28130185.0,1127,0.03406880061116492,0.03406880061116492,0.0019688269035063374,6.707557121345455e-05
28040185.0,28140185.0,1150,0.03253350629971726,0.03253350629971727,0.002013819095477387,6.551659622920452e-05
28050185.0,28150185.0,1189,0.032548022532989725,0.03254802253298973,0.00200975201647503,6.541345391795106e-05
28060185.0,28160185.0,1196,0.033928293103576625,0.03392829310357662,0.00187824460307904,6.372563341347642e-05
28070185.0,28170185.0,1240,0.03845973424935931,0.03845973424935931,0.0016948769622401358,6.518451755311701e-05
28080185.0,28180185.0,1247,0.03768011094836996,0.03768011094836996,0.0016327914602665178,6.152376337839313e-05
28090185.0,28190185.0,1215,0.03871173592119609,0.03871173592119609,0.001024809986641485,3.9672173572269556e-05
28100185.0,28200185.0,1177,0.03804792885431599,0.038047928854315995,0.0007847639560749973,2.985864316817303e-05
28110185.0,28210185.0,1224,0.038137563495653545,0.038137563495653545,0.000861043973315637,3.283811920487495e-05
28120185.0,28220185.0,1258,0.04310790825261253,0.043107908252612535,0.0009273999355000538,3.9978271333015174e-05
28130185.0,28230185.0,1229,0.03877373859108011,0.03877373859108011,0.0007583453790558205,2.940388548926397e-05
28140185.0,28240185.0,1185,0.041950175783494775,0.04195017578349477,0.0005838569545686848,2.4492901876572157e-05
28150185.0,28250185.0,1148,0.04681623463505192,0.046816234635051926,0.000501951026047797,2.349945701075877e-05
28160185.0,28260185.0,1114,0.047394029871218935,0.047394029871218935,0.0005006400975386726,2.3727351737477897e-05
28170185.0,28270185.0,1042,0.05198304193230752,0.05198304193230753,0.0004856846365381623,2.524736482704092e-05
28180185.0,28280185.0,990,0.053828341507703444,0.053828341507703444,0.00041505797101449275,2.2341882209262618e-05
28190185.0,28290185.0,1082,0.051251995867887076,0.05125199586788708,0.0005123906304684766,2.6261042475514494e-05
28200185.0,28300185.0,1129,0.05008510127689907,0.05008510127689907,0.0005751941800678262,2.8808658762579913e-05
28210185.0,28310185.0,1072,0.06006001967085983,0.06006001967085981,0.0005962176637862013,3.58088446151132e-05
28220185.0,28320185.0,1048,0.058904905826721386,0.058904905826721386,0.0005487841738372726,3.232608007907969e-05
28230185.0,28330185.0,1076,0.07145558648047823,0.07145558648047824,0.0006800216149451907,4.859134331531052e-05
28240185.0,28340185.0,1087,0.07386181685924677,0.07386181685924677,0.0007865313456201522,5.80946342042525e-05
28250185.0,28350185.0,1013,0.07377795219046536,0.07377795219046537,0.0007024823943661973,5.182771250619301e-05
28260185.0,28360185.0,993,0.0730981925643567,0.07309819256435672,0.0007217774176121016,5.276062466121348e-05
28270185.0,28370185.0,1004,0.07037068154449004,0.07037068154449003,0.0007481687389654784,5.26491440712825e-05
28280185.0,28380185.0,1075,0.07396080318687565,0.07396080318687566,0.0010375684254105525,7.673939410470635e-05
28290185.0,28390185.0,1090,0.10029451657499837,0.10029451657499838,0.0011992004289244254,0.00012027322729550602
28300185.0,28400185.0,1168,0.11426131299432411,0.11426131299432414,0.001473321248021243,0.00016834362026134364
28310185.0,28410185.0,1233,0.1053044261433785,0.1053044261433785,0.0012628654574986463,0.00013298532229818997
28320185.0,28420185.0,1279,0.10936156449437137,0.10936156449437137,0.001264946251068232,0.00013833650101811182
28330185.0,28430185.0,1281,0.10270354243553668,0.1027035424355367,0.0011521749715955204,0.00011833245108842383
28340185.0,28440185.0,1284,0.10086956584755274,0.10086956584755274,0.0012079510576524263,0.00012184549875049241
28350185.0,28450185.0,1332,0.09921263205962455,0.09921263205962458,0.0013560065158537147,0.00013453297552784815
28360185.0,28460185.0,1321,0.10262965462603303,0.10262965462603306,0.0013777645354271827,0.0001413994984268887
28370185.0,28470185.0,1306,0.10930461141711757,0.10930461141711759,0.0013977981029810297,0.00015278577848592555
28380185.0,28480185.0,1297,0.11423404304006335,0.11423404304006333,0.0013874076150670268,0.0001584891812136782
28390185.0,28490185.0,1285,0.09925353713735671,0.09925353713735671,0.0013155971526496177,0.00013057767084830946
28400185.0,28500185.0,1201,0.09249286975417631,0.09249286975417628,0.0011235955056179774,0.00010392457275750146
28410185.0,28510185.0,1128,0.10033611895635475,0.10033611895635475,0.0010413507821901322,0.00010448509595712209
28420185.0,28520185.0,1031,0.10227122007222808,0.10227122007222805,0.000934947159244874,9.561818667903684e-05
28430185.0,28530185.0,1001,0.10348737589398772,0.10348737589398774,0.0009250162248514802,9.572750176924261e-05
28440185.0,28540185.0,930,0.12153859656665225,0.12153859656665222,0.0007851313969571231,9.542376810658388e-05
28450185.0,28550185.0,844,0.12928697457951355,0.12928697457951355,0.0006482130173090583,8.380549989094597e-05
28460185.0,28560185.0,854,0.12702844525899032,0.12702844525899032,0.00066989271683288,8.509543030960182e-05
28470185.0,28570185.0,864,0.13019688220028988,0.1301968822002899,0.0007640264817615166,9.947386584380609e-05
28480185.0,28580185.0,882,0.12625151232384763,0.1262515123238476,0.0007588727205746916,9.580882863386746e-05
28490185.0,28590185.0,838,0.1293947633983099,0.1293947633983099,0.0007144392980870614,9.244470393843005e-05
28500185.0,28600185.0,818,0.1399429482379392,0.13994294823793924,0.0008274274193548388,0.00011579263251742597
28510185.0,28610185.0,883,0.15166281272929652,0.1516628127292965,0.000992748698980689,0.00015056306002076108
28520185.0,28620185.0,1061,0.13881544218235425,0.13881544218235425,0.001233795515428118,0.00017126987003675986
28530185.0,28630185.0,1076,0.13215595897297086,0.13215595897297086,0.0013897815362931643,0.0001836679116917517
28540185.0,28640185.0,1081,0.12302864449147163,0.12302864449147163,0.001607395989224783,0.0001977557497153531
28550185.0,28650185.0,1150,0.12261444079156524,0.12261444079156524,0.0024358022141440848,0.00029866452636613354
28560185.0,28660185.0,1244,0.1260656767306437,0.1260656767306437,0.002332743967218091,0.0002940789468666754
28570185.0,28670185.0,1269,0.1151379038376267,0.11513790383762668,0.0019700909466721784,0.00022683214196932006
28580185.0,28680185.0,1248,0.11415541947174132,0.1141554194717413,0.001877442907687359,0.0002143202826612962
28590185.0,28690185.0,1344,0.10752855616485595,0.10752855616485595,0.0017172539149888143,0.00018465383404719346
28600185.0,28700185.0,1391,0.09515755777979211,0.09515755777979211,0.0016311051989801575,0.0001552119872168738
28610185.0,28710185.0,1352,0.0820064029662366,0.0820064029662366,0.0016490356126183697,0.000135231478954057
28620185.0,28720185.0,1223,0.08475154667848606,0.08475154667848606,0.0014692811164602154,0.00012452384712549605
28630185.0,28730185.0,1222,0.09070183765317628,0.0907018376531763,0.0014199657572075556,0.0001287935035833093
28640185.0,28740185.0,1264,0.08975020684484734,0.08975020684484736,0.0013369601079784043,0.0001199924462343711
28650185.0,28750185.0,1259,0.08541662024436367,0.08541662024436367,0.0012196174225851928,0.0001041755982283691
28660185.0,28760185.0,1173,0.07814938742176432,0.07814938742176433,0.001361357715952902,0.00010638927156361181
28670185.0,28770185.0,1131,0.07927132781525684,0.07927132781525685,0.0015099728245484914,0.00011969755076691277
28680185.0,28780185.0,1126,0.07401465048656485,0.07401465048656485,0.0016501618022278922,0.00012213614903817726
28690185.0,28790185.0,1003,0.07372397278749566,0.07372397278749568,0.0020042098242310106,0.00014775831054203854
28700185.0,28800185.0,971,0.07306374326723805,0.07306374326723808,0.0020175540696714548,0.00014741005257424704
28710185.0,28810185.0,960,0.07226363701260625,0.07226363701260627,0.0017889540229885056,0.000129276324149483
28720185.0,28820185.0,919,0.07010333734682128,0.07010333734682128,0.0020056200503959687,0.00014060065898245772
28730185.0,28830185.0,949,0.08032900132125942,0.08032900132125942,0.0017112601253247745,0.00013746381686823226
28740185.0,28840185.0,988,0.12301377183521886,0.12301377183521886,0.0020533903065318567,0.0002525952866563597
28750185.0,28850185.0,982,0.12774711185868898,0.12774711185868898,0.001550209505223281,0.00019803478706816144
28760185.0,28860185.0,1031,0.13925272972389158,0.1392527297238916,0.001216100625879385,0.00016934533177263763
28770185.0,28870185.0,1154,0.12697275602077004,0.12697275602077007,0.0011377211695319362,0.00014445959247864364
28780185.0,28880185.0,1178,0.12315553713287483,0.12315553713287485,0.0011447233854082783,0.00014097902339851948
28790185.0,28890185.0,1251,0.11890021063721878,0.11890021063721877,0.0011579475367395112,0.00013768020602517654
28800185.0,28900185.0,1300,0.11387513507085537,0.11387513507085535,0.0011062476144210417,0.00012597409651400745
28810185.0,28910185.0,1307,0.11880876123653869,0.11880876123653872,0.0010997509507622927,0.0001306600481287737
28820185.0,28920185.0,1397,0.11390219796435033,0.11390219796435036,0.0010929892191048978,0.0001244938744073868
28830185.0,28930185.0,1378,0.09801413196954334,0.09801413196954337,0.0011555665842228587,0.00011326185568561389
28840185.0,28940185.0,1362,0.06432986511520469,0.06432986511520468,0.0010842246416142526,6.974802494962602e-05
28850185.0,28950185.0,1374,0.059437608232319604,0.059437608232319604,0.0013157416454954076,7.820453645990375e-05
28860185.0,28960185.0,1317,0.053192982224842665,0.05319298222484266,0.0014729945931572415,7.83529752111023e-05
28870185.0,28970185.0,1201,0.054494702049652594,0.05449470204965259,0.0016393401150404773,8.933535112717418e-05
28880185.0,28980185.0,1211,0.053584706219457004,0.05358470621945699,0.0016119542955696886,8.637609736729359e-05
28890185.0,28990185.0,1185,0.04992716981653212,0.04992716981653213,0.0016576265894641235,8.276060422457437e-05
28900185.0,29000185.0,1128,0.04685185992307436,0.04685185992307436,0.001955682564708974,9.162736557574338e-05
28910185.0,29010185.0,1115,0.039040153201047124,0.039040153201047124,0.0021260565381063996,8.300157296176168e-05
28920185.0,29020185.0,1047,0.037906490237712365,0.037906490237712365,0.0023606307775965196,8.948322752580565e-05
28930185.0,29030185.0,1053,0.03802668183216902,0.03802668183216902,0.002432521783700666,9.250073191860549e-05
28940185.0,29040185.0,1091,0.03634551806908763,0.03634551806908763,0.002555473057086964,9.287999217142106e-05
28950185.0,29050185.0,1089,0.030400712362690988,0.030400712362690988,0.0024404909312870596,7.419266282581403e-05
28960185.0,29060185.0,1128,0.03075333328037353,0.030753333280373527,0.0022967207221600895,7.063181782052931e-05
28970185.0,29070185.0,1160,0.03121811014015726,0.031218110140157244,0.002203106386187137,6.87768178144737e-05
28980185.0,29080185.0,1151,0.03228030859973939,0.03228030859973939,0.0022056867112100966,7.120024771220625e-05
28990185.0,29090185.0,1176,0.03362948999303393,0.033629489993033924,0.0022011586186275974,7.402384173821712e-05
29000185.0,29100185.0,1236,0.03444710630384747,0.034447106303847466,0.0022028511425927245,7.588184748044365e-05
29010185.0,29110185.0,1267,0.03396781090091644,0.03396781090091645,0.0020725678962302393,7.040059437845903e-05
29020185.0,29120185.0,1363,0.03588975527532005,0.035889755275320054,0.0016964040903472302,6.0883527650614214e-05
29030185.0,29130185.0,1329,0.0346791994964495,0.03467919949644949,0.0012855734217094225,4.4582657158794085e-05
29040185.0,29140185.0,1168,0.034907944625615105,0.034907944625615105,0.0008549008810572687,2.9842832616336754e-05
29050185.0,29150185.0,1142,0.0346324884836247,0.034632488483624706,0.0007431538588845369,2.5737267459380108e-05
29060185.0,29160185.0,1099,0.03282143905528035,0.03282143905528035,0.0007624071027401145,2.5023298257897476e-05
29070185.0,29170185.0,1087,0.031910316363167955,0.03191031636316794,0.0007130015129440772,2.2752103845462972e-05
29080185.0,29180185.0,999,0.032302113887420866,0.03230211388742086,0.0005297979443234763,1.7113593534858398e-05
29090185.0,29190185.0,990,0.03318538729711886,0.03318538729711887,0.0005211023040236449,1.7292981780445637e-05
29100185.0,29200185.0,955,0.032165040456911265,0.03216504045691126,0.00047887776181067005,1.540312258255538e-05
29110185.0,29210185.0,947,0.0362793762943578,0.036279376294357804,0.0005196601715457767,1.8852946908699815e-05
29120185.0,29220185.0,864,0.0381510416961139,0.0381510416961139,0.0005866739589619794,2.2382222670382645e-05
29130185.0,29230185.0,871,0.042578681649552204,0.042578681649552204,0.0007161498826183724,3.0492717865371766e-05
29140185.0,29240185.0,956,0.04093466078350058,0.040934660783500575,0.0009572323612417685,3.918398199842099e-05
29150185.0,29250185.0,978,0.04061052383231789,0.0406105238323179,0.001073793323410589,4.360730935134952e-05
29160185.0,29260185.0,1037,0.0392775696139022,0.03927756961390219,0.0010207077169132348,4.009091840650672e-05
29170185.0,29270185.0,1053,0.03802371558696406,0.03802371558696406,0.0010682881027380665,4.0620282983449804e-05
29180185.0,29280185.0,1127,0.03648197410863503,0.03648197410863504,0.0016627583626000343,6.0660707533290743e-05
29190185.0,29290185.0,1164,0.036238231794242744,0.03623823179424275,0.0016383630190027999,5.9371378845738923e-05
29200185.0,29300185.0,1152,0.03595358367854067,0.03595358367854068,0.0013292069681470602,4.778975395537463e-05
29210185.0,29310185.0,1132,0.03181826667438051,0.031818266674380515,0.0012696978928662098,4.039958615111624e-05
29220185.0,29320185.0,1151,0.03055583625314141,0.030555836253141413,0.0011908505023850604,3.638743295284914e-05
29230185.0,29330185.0,1213,0.028711920591666683,0.02871192059166668,0.00111949128047018,3.2142744747922984e-05
29240185.0,29340185.0,1252,0.031126756062524505,0.031126756062524505,0.0013059747113224305,4.065075626315918e-05
29250185.0,29350185.0,1283,0.02981079683628681,0.02981079683628681,0.0012960951232986791,3.863762840115915e-05
29260185.0,29360185.0,1238,0.030370695753648213,0.030370695753648206,0.0012079537595099299,3.6686396114551595e-05
29270185.0,29370185.0,1240,0.03646920574896475,0.03646920574896474,0.001264855939504164,4.6128291500577545e-05
29280185.0,29380185.0,1244,0.03674070928958208,0.036740709289582084,0.0011701355497550031,4.299161006295378e-05
29290185.0,29390185.0,1254,0.042783980401535346,0.04278398040153535,0.001195032317232946,5.112823923969555e-05
29300185.0,29400185.0,1273,0.051589114945516414,0.05158911494551642,0.0013849415339287359,7.144790798666945e-05
29310185.0,29410185.0,1251,0.05243810062903403,0.052438100629034035,0.0010815388983532084,5.6713845586060235e-05
29320185.0,29420185.0,1229,0.05180166123986238,0.051801661239862386,0.0009100359427553915,4.714137362271355e-05
29330185.0,29430185.0,1202,0.053784537590447094,0.05378453759044711,0.0008140436557788945,4.378296160450493e-05
29340185.0,29440185.0,1205,0.05458348657901013,0.054583486579010146,0.0007783532750669204,4.2485235543343785e-05
29350185.0,29450185.0,1281,0.05451714997271798,0.05451714997271798,0.000688517267052288,3.7535999106695555e-05
29360185.0,29460185.0,1413,0.053028637633714154,0.05302863763371416,0.0006538086540122924,3.4670582195404345e-05
29370185.0,29470185.0,1480,0.04724706979951964,0.04724706979951965,0.0005054582783711332,2.3881422558945985e-05
29380185.0,29480185.0,1521,0.04462823590141365,0.044628235901413654,0.0004664301738642737,2.0815955830752146e-05
29390185.0,29490185.0,1509,0.03710558659916493,0.03710558659916493,0.0003893043566396946,1.4445366518726366e-05
29400185.0,29500185.0,1599,0.022007963998316796,0.02200796399831679,0.0003516489767927557,7.739078021299917e-06
29410185.0,29510185.0,1586,0.023248352656286515,0.023248352656286508,0.0003436666862843186,7.989684318955239e-06
29420185.0,29520185.0,1528,0.02276999449944505,0.02276999449944504,0.00031005301204819276,7.059905378873715e-06
29430185.0,29530185.0,1563,0.02342315236149573,0.02342315236149573,0.000300094838965999,7.029167135999171e-06
29440185.0,29540185.0,1507,0.022082717542010934,0.022082717542010938,0.00026993708790250373,5.960944466263992e-06
29450185.0,29550185.0,1449,0.023304500542422,0.023304500542422005,0.0002659945414599896,6.1988699357356294e-06
29460185.0,29560185.0,1325,0.02034068379985891,0.020340683799858917,0.000245528186013091,4.994211195645234e-06
29470185.0,29570185.0,1327,0.02105054809869384,0.021050548098693844,0.0002657973410640274,5.595179712573272e-06
29480185.0,29580185.0,1305,0.022941002465360287,0.022941002465360287,0.00023761306475988543,5.4510819044583556e-06
29490185.0,29590185.0,1261,0.023337546628849782,0.02333754662884977,0.00022595514482136818,5.273238728297148e-06
29500185.0,29600185.0,1174,0.025037780760343763,0.025037780760343756,0.00019263496444350467,4.823152006513071e-06
29510185.0,29610185.0,1187,0.023740895249834377,0.02374089524983437,0.00018098677030668834,4.296787955456929e-06
29520185.0,29620185.0,1244,0.021951674235042472,0.02195167423504246,0.0001896584132383051,4.163319703342328e-06
29530185.0,29630185.0,1316,0.01630160981556875,0.01630160981556875,0.00019499623142429662,3.1787524801852422e-06
29540185.0,29640185.0,1464,0.018620670464895357,0.018620670464895347,0.0002064883501652902,3.84495152326779e-06
29550185.0,29650185.0,1425,0.01706174940401088,0.01706174940401087,0.0001967670143726003,3.357189490200685e-06
29560185.0,29660185.0,1459,0.019246105926338762,0.019246105926338755,0.0002156071686892229,4.149598407070802e-06
29570185.0,29670185.0,1435,0.02410150402533329,0.02410150402533329,0.0001943760082968426,4.684754146394593e-06
29580185.0,29680185.0,1404,0.02269933563026145,0.022699335630261448,0.00019905967990080142,4.518522484520743e-06
29590185.0,29690185.0,1474,0.024455559513764907,0.0244555595137649,0.000209147533398878,5.114819950193361e-06
29600185.0,29700185.0,1569,0.027268182967194254,0.027268182967194254,0.0002396627298901228,6.535167169061119e-06
29610185.0,29710185.0,1676,0.026676503315575334,0.026676503315575337,0.00024955458680818806,6.6572437624056844e-06
29620185.0,29720185.0,1640,0.02759805432609147,0.027598054326091463,0.00024073606158641698,6.64384690591123e-06
29630185.0,29730185.0,1505,0.029276014481462557,0.029276014481462543,0.00022104926125580694,6.471441373641632e-06
29640185.0,29740185.0,1472,0.026754397947461032,0.026754397947461026,0.00022152780199723315,5.926842971060291e-06
29650185.0,29750185.0,1537,0.025991037035991458,0.025991037035991444,0.0002401152238316608,6.240843675514066e-06
29660185.0,29760185.0,1626,0.025310394683914376,0.025310394683914356,0.0002464977391508603,6.238955066600851e-06
29670185.0,29770185.0,1524,0.020459530625615098,0.02045953062561507,0.0002343027861004925,4.7937250278899925e-06
29680185.0,29780185.0,1515,0.020936161977599545,0.020936161977599517,0.000230801789678295,4.832103653424656e-06
29690185.0,29790185.0,1425,0.018384469908135706,0.01838446990813568,0.0002231640509327806,4.102752778951393e-06
29700185.0,29800185.0,1374,0.014459603604834273,0.014459603604834238,0.00020046404625838094,2.8986306459173042e-06
29710185.0,29810185.0,1281,0.013780909803540941,0.013780909803540908,0.00019276423671147301,2.6564665594691947e-06
29720185.0,29820185.0,1375,0.014595876929219759,0.014595876929219735,0.000206664417833249,3.0164484083429678e-06
29730185.0,29830185.0,1362,0.0149787975230505,0.014978797523050478,0.00020164760394525235,3.020438630504266e-06
29740185.0,29840185.0,1210,0.014673119350875969,0.014673119350875936,0.00017208122108952956,2.5249682950911423e-06
29750185.0,29850185.0,1162,0.016096467295049377,0.016096467295049342,0.00016052957435046987,2.5839590434205272e-06
29760185.0,29860185.0,1022,0.014663139748952113,0.014663139748952092,0.00012106797064953109,1.775236572756106e-06
29770185.0,29870185.0,1113,0.016388467798408416,0.0163884677984084,0.00012199704869650762,1.9993447040635656e-06
29780185.0,29880185.0,1182,0.01865136683887259,0.01865136683887257,0.00013153852070810852,2.453373203169567e-06
29790185.0,29890185.0,1093,0.020327627229364154,0.020327627229364136,0.0001177437480906036,2.393451019773948e-06
29800185.0,29900185.0,1062,0.023536161966530557,0.023536161966530543,0.000120508244000653,2.8363015491015638e-06
29810185.0,29910185.0,1093,0.02299866473750571,0.022998664737505694,0.0001285646377445088,2.956815000584839e-06
29820185.0,29920185.0,971,0.02211720081161895,0.022117200811618932,0.00011707913295547959,2.58946269442656e-06
29830185.0,29930185.0,982,0.02164209041618631,0.021642090416186296,0.00012303912017492586,2.6628237635537606e-06
29840185.0,29940185.0,1135,0.026876599382564252,0.026876599382564238,0.0001404393360558556,3.77453177272654e-06
29850185.0,29950185.0,1097,0.027345214592588044,0.027345214592588037,0.00013320648559060527,3.642559933599569e-06
29860185.0,29960185.0,1265,0.023419728147903753,0.023419728147903742,0.00016895263642107363,3.956824814853154e-06
29870185.0,29970185.0,1250,0.02036851084072321,0.020368510840723202,0.000193268293828291,3.936587338009602e-06
29880185.0,29980185.0,1191,0.018203031246667334,0.01820303124666733,0.00023184587951559932,4.22029778923352e-06
29890185.0,29990185.0,1282,0.01901805856199222,0.019018058561992224,0.00028342865313125536,5.390262723396787e-06
29900185.0,30000185.0,1256,0.017660373553995214,0.017660373553995218,0.00034186012461566,6.037377503927998e-06
29910185.0,30010185.0,1247,0.01797533845760026,0.017975338457600253,0.00040778200160830467,7.330019495826882e-06
29920185.0,30020185.0,1346,0.01779214598767623,0.017792145987676228,0.0005163284253757427,9.186590721872163e-06
29930185.0,30030185.0,1451,0.019197967491330688,0.019197967491330688,0.0006663161635038034,1.2791916045894267e-05
29940185.0,30040185.0,1416,0.018521459025793024,0.01852145902579302,0.000866747572815534,1.6053429655608492e-05
29950185.0,30050185.0,1455,0.01756544832392535,0.017565448323925335,0.001182589344154994,2.0772712013179292e-05
29960185.0,30060185.0,1320,0.0185405902097629,0.018540590209762897,0.0016037787818767022,2.9735005181888568e-05
29970185.0,30070185.0,1253,0.021694903665046308,0.021694903665046308,0.001747468704613044,3.791116520426329e-05
29980185.0,30080185.0,1297,0.0231370411069206,0.023137041106920588,0.001683905086632802,3.8960581209575605e-05
29990185.0,30090185.0,1372,0.023544318352485098,0.023544318352485084,0.0017450557880055789,4.1086149015650154e-05
30000185.0,30100185.0,1447,0.02323829028090825,0.02323829028090824,0.0015579210153330756,3.620342078903726e-05
30010185.0,30110185.0,1516,0.02442901107511989,0.024429011075119897,0.0016109780503550679,3.9354600633899126e-05
30020185.0,30120185.0,1541,0.025503653255921268,0.02550365325592126,0.0015773445092322643,4.0228047428590964e-05
30030185.0,30130185.0,1440,0.024862812958192197,0.024862812958192194,0.0015596179624664877,3.877648968704078e-05
30040185.0,30140185.0,1349,0.022415804625303425,0.022415804625303425,0.0013422162101228723,3.0086856331029513e-05
30050185.0,30150185.0,1318,0.023114413595090956,0.02311441359509096,0.0014169158166256303,3.275117821491074e-05
30060185.0,30160185.0,1280,0.0251248532429814,0.02512485324298141,0.0012650013546464374,3.178297338766451e-05
30070185.0,30170185.0,1282,0.02571782152874262,0.02571782152874262,0.001383241726113905,3.55739638433076e-05
30080185.0,30180185.0,1250,0.02889292695664014,0.02889292695664015,0.0012370429544264012,3.5741791724468194e-05
30090185.0,30190185.0,1221,0.029033892930424642,0.029033892930424642,0.0012220704567028793,3.548146279334646e-05
30100185.0,30200185.0,1156,0.029211670965327223,0.029211670965327226,0.0013145276535398713,3.839954929003041e-05
30110185.0,30210185.0,1117,0.029707871418319317,0.029707871418319317,0.001363451488298114,4.050524149947657e-05
30120185.0,30220185.0,1070,0.031074589810453287,0.031074589810453277,0.001416913685233554,4.403001156545035e-05
30130185.0,30230185.0,1064,0.03111120418089721,0.031111204180897196,0.001462429450187076,4.549794122492736e-05
30140185.0,30240185.0,1084,0.030803438979292885,0.030803438979292882,0.0017195382763260394,5.2967692367367604e-05
30150185.0,30250185.0,1054,0.03107799065434941,0.031077990654349408,0.0014522513738698811,4.513305462489398e-05
30160185.0,30260185.0,1038,0.030787741226120404,0.030787741226120404,0.001384608873321658,4.262897969121728e-05
30170185.0,30270185.0,1088,0.02854207886834795,0.028542078868347937,0.0013839384349827388,3.95004799602153e-05
30180185.0,30280185.0,1069,0.024823623779065246,0.024823623779065235,0.0014560495043408658,3.614442509945219e-05
30190185.0,30290185.0,1040,0.023040735592857912,0.02304073559285791,0.0014308984973934375,3.2968953938659734e-05
30200185.0,30300185.0,1054,0.023685636653393936,0.023685636653393925,0.0013738808264666092,3.2541242060752755e-05
30210185.0,30310185.0,1026,0.021713704087161813,0.021713704087161806,0.0012677343511450381,2.7527208561893256e-05
30220185.0,30320185.0,1031,0.021931528648985666,0.02193152864898567,0.0012285504113372966,2.694398854296712e-05
30230185.0,30330185.0,1072,0.022367330924929294,0.022367330924929294,0.001186197992224221,2.6532083034565795e-05
30240185.0,30340185.0,1112,0.023943693549826752,0.02394369354982675,0.0011843806973564266,2.8358448463832085e-05
30250185.0,30350185.0,1119,0.024251808301433767,0.024251808301433756,0.0012907970145275222,3.1304161752384094e-05
30260185.0,30360185.0,1199,0.02403078341085908,0.024030783410859072,0.0015709025693580265,3.775001940380482e-05
30270185.0,30370185.0,1156,0.02531642166269783,0.025316421662697822,0.0014848134229957807,3.7590162706994997e-05
30280185.0,30380185.0,1230,0.02442599502782163,0.02442599502782162,0.0016596607822776048,4.053886601578334e-05
30290185.0,30390185.0,1223,0.02657715366038108,0.02657715366038108,0.0018010509090909093,4.786680676107835e-05
30300185.0,30400185.0,1181,0.025358643627868035,0.025358643627868032,0.0017520550847457627,4.4429740510461806e-05
30310185.0,30410185.0,1133,0.02611281688514215,0.02611281688514214,0.0016836679956505982,4.3965314065798464e-05
30320185.0,30420185.0,1131,0.02372794783961186,0.02372794783961185,0.001479625938475849,3.510848709029176e-05
30330185.0,30430185.0,1163,0.02260949792739759,0.022609497927397585,0.0014125643633589727,3.1937371045680505e-05
30340185.0,30440185.0,1195,0.021244116431433816,0.0212441164314338,0.0013576252319109463,2.8841548496968365e-05
30350185.0,30450185.0,1211,0.020723762885263012,0.020723762885262998,0.0013846085024989204,2.8694298294706742e-05
30360185.0,30460185.0,1106,0.019049425831278013,0.019049425831278003,0.0012311313657407408,2.345234564023818e-05
30370185.0,30470185.0,1128,0.01697215519333173,0.016972155193331725,0.0013521609253845177,2.2949085071985267e-05
30380185.0,30480185.0,1062,0.01812989350371755,0.01812989350371755,0.0013161603124172624,2.3861846297944657e-05
30390185.0,30490185.0,1041,0.01512528703399943,0.015125287033999426,0.0012978724888392857,1.9630693927225598e-05
30400185.0,30500185.0,1049,0.019037132387538385,0.01903713238753838,0.0013390688701223064,2.549203135654985e-05
30410185.0,30510185.0,1111,0.019481345854754695,0.01948134585475469,0.0014741361450240473,2.8718156078208228e-05
30420185.0,30520185.0,1087,0.01936737475342638,0.019367374753426373,0.0017044423125052142,3.301057301188546e-05
30430185.0,30530185.0,1034,0.02002550449188648,0.020025504491886472,0.0021946146616541352,4.3948265764914755e-05
30440185.0,30540185.0,972,0.01940789563727284,0.019407895637272844,0.0023382796938882485,4.538108826973754e-05
30450185.0,30550185.0,962,0.01914935300496932,0.019149353004969314,0.00253672056706169,4.857655761363019e-05
30460185.0,30560185.0,1057,0.023751870549976684,0.023751870549976677,0.002621186722912966,6.225808772994661e-05
30470185.0,30570185.0,1092,0.024202347547399247,0.024202347547399233,0.002239095966620306,5.4191378776124076e-05
30480185.0,30580185.0,1127,0.025072457955948,0.025072457955947987,0.00208715324197861,5.233006190712917e-05
30490185.0,30590185.0,1143,0.027255853284482875,0.027255853284482864,0.0019594523660294576,5.340654620643133e-05
30500185.0,30600185.0,1153,0.02433429700260627,0.024334297002606257,0.0017600793540303494,4.283029374912973e-05
30510185.0,30610185.0,1084,0.0226564828391693,0.022656482839169285,0.0018519675925925923,4.195907198027139e-05
30520185.0,30620185.0,1053,0.024504385641851683,0.024504385641851683,0.0018854667533030104,4.620220443782652e-05
30530185.0,30630185.0,1008,0.024971359267029314,0.024971359267029314,0.0016847220206125707,4.2069798841792107e-05
30540185.0,30640185.0,1008,0.025496848779206324,0.025496848779206324,0.0016579339143064631,4.227209029898921e-05
30550185.0,30650185.0,1020,0.025360992289208854,0.02536099228920886,0.001621867383512545,4.113216620738112e-05
30560185.0,30660185.0,976,0.021831651320240664,0.02183165132024067,0.0018006776989755713,3.931176766416797e-05
30570185.0,30670185.0,923,0.021476546461589394,0.0214765464615894,0.001991435711040436,4.2769161573428224e-05
30580185.0,30680185.0,917,0.020692473325290974,0.02069247332529098,0.0019193551236749117,3.971620469840366e-05
30590185.0,30690185.0,952,0.018143150041186554,0.01814315004118656,0.0016860301807858958,3.0589898543967504e-05
30600185.0,30700185.0,929,0.019074711519353037,0.019074711519353037,0.002023154362416107,3.859108582220787e-05
30610185.0,30710185.0,974,0.020164148465419182,0.02016414846541919,0.0020230782459157355,4.079365010780499e-05
30620185.0,30720185.0,1003,0.02093439323042905,0.020934393230429043,0.0020624021228467025,4.317513703894445e-05
30630185.0,30730185.0,1039,0.020379708536540173,0.020379708536540166,0.002019632167953501,4.115951493391325e-05
30640185.0,30740185.0,1058,0.020422346375696312,0.0204223463756963,0.001835141953460351,3.747790462213958e-05
30650185.0,30750185.0,1089,0.020220216124167648,0.02022021612416763,0.001854204303444224,3.749241175400389e-05
30660185.0,30760185.0,1072,0.018588218383495458,0.018588218383495444,0.001918384632836724,3.565935249871094e-05
30670185.0,30770185.0,1092,0.017640907460513486,0.017640907460513475,0.0019920615649721943,3.514177372332042e-05
30680185.0,30780185.0,1057,0.015922087823106078,0.015922087823106074,0.002313734950831725,3.6839491086532954e-05
30690185.0,30790185.0,1025,0.015989529936723406,0.015989529936723403,0.003092604243770047,4.9449288138199085e-05
30700185.0,30800185.0,1078,0.014341078242695895,0.014341078242695895,0.002633028039295948,3.7760461126755755e-05
30710185.0,30810185.0,1138,0.01729249196299117,0.017292491962991173,0.0022844921638237076,3.950456238243753e-05
30720185.0,30820185.0,1228,0.0146782916923727,0.014678291692372707,0.0018795294869065364,2.7588282053229965e-05
30730185.0,30830185.0,1276,0.014235575018631595,0.014235575018631607,0.0018591766666666667,2.6466448911222784e-05
30740185.0,30840185.0,1318,0.014817451968524313,0.014817451968524326,0.002062618251653745,3.0562746873280984e-05
30750185.0,30850185.0,1331,0.015792983843520382,0.015792983843520392,0.0020491171534071837,3.2361674097240244e-05
30760185.0,30860185.0,1355,0.018632689066451574,0.01863268906645159,0.0017306657640687544,3.224695705984587e-05
30770185.0,30870185.0,1337,0.019401343690350247,0.019401343690350254,0.0016324552595830134,3.167182555029005e-05
30780185.0,30880185.0,1376,0.0197966210282452,0.01979662102824521,0.001550467054480367,3.0694008694327655e-05
30790185.0,30890185.0,1407,0.02035433985060876,0.02035433985060877,0.0015543224545838613,3.163720747803232e-05
30800185.0,30900185.0,1380,0.022524602771939687,0.022524602771939694,0.00135206645646374,3.045475985310973e-05
30810185.0,30910185.0,1316,0.019872899165197914,0.01987289916519792,0.0012432576894223556,2.4707134698247503e-05
30820185.0,30920185.0,1370,0.02137352617506458,0.021373526175064588,0.0013552571511825555,2.8966624194743903e-05
30830185.0,30930185.0,1389,0.024274618662769268,0.024274618662769264,0.001353213411649535,3.28487395371376e-05
30840185.0,30940185.0,1369,0.02453454537236144,0.024534545372361445,0.0012520493498139045,3.0718461581445015e-05
30850185.0,30950185.0,1351,0.02376581804535427,0.023765818045354256,0.0013102904790182105,3.114012511090682e-05
30860185.0,30960185.0,1342,0.021127934236375257,0.02112793423637525,0.0014978542666446025,3.164656644134127e-05
30870185.0,30970185.0,1336,0.020451321656669654,0.02045132165666965,0.0015719793917234502,3.214905617779201e-05
30880185.0,30980185.0,1296,0.020320066069370642,0.02032006606937064,0.0015878745725381091,3.2265716223847934e-05
30890185.0,30990185.0,1256,0.018822019387003168,0.01882201938700316,0.0015816549208704255,2.9769939584172326e-05
30900185.0,31000185.0,1226,0.01818650518425571,0.0181865051842557,0.001986476964769648,3.612707361818792e-05
30910185.0,31010185.0,1185,0.018304779922163367,0.01830477992216335,0.002410269279027121,4.411944870574238e-05
30920185.0,31020185.0,1107,0.018495954151710164,0.018495954151710146,0.002713878686700056,5.019577576250785e-05
30930185.0,31030185.0,1046,0.016468677356970492,0.016468677356970482,0.003036059046919025,4.999987688042054e-05
30940185.0,31040185.0,1001,0.015485141622183708,0.015485141622183694,0.00369720592775548,5.725175739767054e-05
30950185.0,31050185.0,1009,0.015013107698576923,0.01501310769857692,0.0028150195822454313,4.226219216185433e-05
30960185.0,31060185.0,945,0.015468378406630066,0.015468378406630066,0.0013312788644390112,2.059272523989147e-05
30970185.0,31070185.0,903,0.016048914557539852,0.016048914557539852,0.0008937313586341665,1.4343418212113702e-05
30980185.0,31080185.0,892,0.017080673961216875,0.01708067396121687,0.0008496933738844293,1.4513335486326107e-05
30990185.0,31090185.0,864,0.02026432414357097,0.02026432414357097,0.0006902364309210525,1.398717477188566e-05
31000185.0,31100185.0,835,0.020190628879543444,0.020190628879543444,0.0004980675075386661,1.005629620167246e-05
31010185.0,31110185.0,775,0.02082828103342041,0.020828281033420416,0.0003535712509944312,7.364281381050104e-06
31020185.0,31120185.0,739,0.019082710921766617,0.019082710921766624,0.0003303527861813214,6.304026720898395e-06
31030185.0,31130185.0,738,0.021538004854794256,0.02153800485479426,0.0003054250273622765,6.578245722104385e-06
31040185.0,31140185.0,672,0.022726205368388246,0.022726205368388243,0.00021459495940528235,4.876929118465395e-06
31050185.0,31150185.0,577,0.024890280784786174,0.024890280784786174,0.00016283225683561619,4.0529405934589055e-06
31060185.0,31160185.0,563,0.02347742385773136,0.023477423857731355,0.00016839663172366385,3.953519099190715e-06
31070185.0,31170185.0,614,0.025128050545828437,0.025128050545828437,0.0002360337011685239,5.931066773481607e-06
31080185.0,31180185.0,631,0.026656281888078996,0.026656281888078996,0.00026040799856527977,6.941509015666571e-06
31090185.0,31190185.0,672,0.02602687542024899,0.026026875420248993,0.0002634585071859064,6.857001744932377e-06
31100185.0,31200185.0,715,0.026233930353243753,0.02623393035324375,0.0002998477649568506,7.866185382453804e-06
31110185.0,31210185.0,849,0.026794425536003627,0.02679442553600363,0.000432447641636087,1.158718613203856e-05
31120185.0,31220185.0,844,0.027123004635611344,0.02712300463561135,0.0004247524640308145,1.1520563050895096e-05
31130185.0,31230185.0,849,0.02632259203584839,0.02632259203584839,0.00042297808182186424,1.113387948790262e-05
31140185.0,31240185.0,947,0.02774910602638867,0.027749106026388668,0.0005707213053958834,1.5837006014949177e-05
31150185.0,31250185.0,975,0.030188362956092618,0.030188362956092618,0.0008103979959071343,2.4464588839334627e-05
31160185.0,31260185.0,1074,0.02884583813895703,0.02884583813895702,0.0010016968422859106,2.8894784976883846e-05
31170185.0,31270185.0,1084,0.028822696535355262,0.028822696535355255,0.0010043888528238896,2.894919510843648e-05
31180185.0,31280185.0,1116,0.029152395646154898,0.029152395646154888,0.0008430897132118637,2.4578084884755377e-05
31190185.0,31290185.0,1077,0.030705478337302458,0.030705478337302458,0.0006512985936048826,1.9998434857050356e-05
31200185.0,31300185.0,1038,0.030790011450095932,0.030790011450095925,0.0005355046829240004,1.648819531880994e-05
31210185.0,31310185.0,921,0.03417423534831434,0.03417423534831433,0.0003632030643910008,1.2412187001727055e-05
31220185.0,31320185.0,845,0.03552686458551269,0.0355268645855127,0.00026547118998331893,9.431359017892326e-06
31230185.0,31330185.0,790,0.03610218484737378,0.03610218484737378,0.00020158760993183345,7.2777531566993535e-06
31240185.0,31340185.0,695,0.03578242292267956,0.03578242292267955,0.0001355758186080909,4.851231279523224e-06
31250185.0,31350185.0,706,0.026574703498709207,0.026574703498709207,0.00013018771617071204,3.4596999564108003e-06
31260185.0,31360185.0,680,0.0336895295162636,0.03368952951626359,0.00013832805832427922,4.660207203843254e-06
31270185.0,31370185.0,634,0.03171574226002883,0.03171574226002882,0.00011998919266269426,3.8055463084789544e-06
31280185.0,31380185.0,589,0.026072437335972254,0.02607243733597225,0.00012974616073911565,3.382798645453588e-06
31290185.0,31390185.0,620,0.02241585879358347,0.02241585879358346,0.00017887535046110984,4.00964459758898e-06
31300185.0,31400185.0,679,0.028230953367479102,0.028230953367479092,0.0002392914405525407,6.7554254994756615e-06
31310185.0,31410185.0,772,0.030504822898058767,0.030504822898058753,0.0003207794150647019,9.785319245891542e-06
31320185.0,31420185.0,856,0.027924422229401936,0.027924422229401922,0.0004572558081046245,1.276860425235988e-05
31330185.0,31430185.0,895,0.029968932590731273,0.029968932590731263,0.0005777401152082762,1.7314254567638058e-05
31340185.0,31440185.0,1016,0.02843928467421261,0.028439284674212594,0.0009620230817875211,2.735924828611865e-05
31350185.0,31450185.0,1054,0.029137209866230654,0.02913720986623064,0.0009585342753289306,2.7929014344234262e-05
31360185.0,31460185.0,1099,0.027683704457371883,0.027683704457371866,0.000947768715136174,2.623774900377289e-05
31370185.0,31470185.0,1199,0.028148770315278314,0.028148770315278304,0.0012228257062806443,3.442103994171149e-05
31380185.0,31480185.0,1259,0.0290725817759647,0.02907258177596469,0.0012819033075947908,3.726823873892912e-05
31390185.0,31490185.0,1290,0.02858234648003036,0.028582346480030354,0.0011672155688622755,3.336175980610737e-05
31400185.0,31500185.0,1272,0.024877088372344033,0.024877088372344033,0.0009267797366659229,2.3055581410735795e-05
31410185.0,31510185.0,1266,0.019806787323427447,0.01980678732342744,0.0008616023204640928,1.7065573918803913e-05
31420185.0,31520185.0,1217,0.02034961663878928,0.02034961663878927,0.0008770882707579727,1.7848410068303443e-05
31430185.0,31530185.0,1248,0.02072347524485732,0.020723475244857313,0.0009939945151476197,2.0599020728185634e-05
31440185.0,31540185.0,1210,0.021750341544331163,0.021750341544331166,0.0010314575467131378,2.243455392948884e-05
31450185.0,31550185.0,1227,0.021371640094119272,0.02137164009411928,0.0010014411058281456,2.140243888921592e-05
31460185.0,31560185.0,1149,0.019902226190115415,0.019902226190115422,0.0007628012933568489,1.5181443878500603e-05
31470185.0,31570185.0,1134,0.019006295655494,0.01900629565549401,0.0008090557275541796,1.537715235966559e-05
31480185.0,31580185.0,1129,0.02035999149208424,0.020359991492084235,0.0008042215151250981,1.637394320569813e-05
31490185.0,31590185.0,1171,0.023007663343415894,0.023007663343415887,0.0008810340965097002,2.0270535886565653e-05
31500185.0,31600185.0,1226,0.02460035712504956,0.02460035712504955,0.0009984795723184071,2.456295406109953e-05
31510185.0,31610185.0,1182,0.026281863300510182,0.026281863300510175,0.0007776382862198257,2.0437783135672635e-05
31520185.0,31620185.0,1283,0.02722445895538498,0.02722445895538497,0.0008294859120118636,2.258230516563716e-05
31530185.0,31630185.0,1377,0.024739242984896895,0.02473924298489688,0.0007556261270286515,1.8693618362298346e-05
31540185.0,31640185.0,1446,0.02299168134306348,0.022991681343063466,0.0007535301668806163,1.732492547930471e-05
31550185.0,31650185.0,1498,0.022367388241101835,0.022367388241101818,0.0008666019024488969,1.9383621202551943e-05
31560185.0,31660185.0,1544,0.022210230003260827,0.02221023000326082,0.001157307771593486,2.5704071791652613e-05
31570185.0,31670185.0,1534,0.022960836844674617,0.022960836844674603,0.0010507090621602925,2.4125159347483603e-05
31580185.0,31680185.0,1504,0.020803444730914274,0.02080344473091426,0.000964822258814413,2.0071626536401626e-05
31590185.0,31690185.0,1416,0.018229664349495234,0.018229664349495227,0.0007300694031330559,1.3308920170952095e-05
31600185.0,31700185.0,1344,0.016877476858658844,0.016877476858658834,0.0006011131034949419,1.0145272493672493e-05
31610185.0,31710185.0,1415,0.016275153946908073,0.016275153946908066,0.0008308598993288591,1.3522372769889716e-05
31620185.0,31720185.0,1314,0.015320265573456244,0.015320265573456237,0.0005774571701029234,8.846797203273315e-06
31630185.0,31730185.0,1202,0.021132977848449416,0.021132977848449405,0.0006370891858720852,1.3463591652521477e-05
31640185.0,31740185.0,1144,0.024983555579874216,0.024983555579874205,0.0006494491894718493,1.622554992147417e-05
31650185.0,31750185.0,1061,0.0263093225489528,0.026309322548952793,0.00046724365409436396,1.2292864004519922e-05
31660185.0,31760185.0,1050,0.03396730833594492,0.03396730833594491,0.0003738835763805881,1.2699818720665217e-05
31670185.0,31770185.0,1043,0.03462788891205191,0.034627888912051895,0.00037219574347600393,1.2888352858625585e-05
31680185.0,31780185.0,991,0.03481754654579481,0.0348175465457948,0.0003207402394586153,1.116738821645967e-05
31690185.0,31790185.0,981,0.038150335537486264,0.03815033553748626,0.0003065380978249934,1.1694531287046235e-05
31700185.0,31800185.0,957,0.039656972856417894,0.03965697285641789,0.0002951605630489335,1.1705174437116582e-05
31710185.0,31810185.0,875,0.04403914542066024,0.044039145420660224,0.00022055407839437346,9.713013131529504e-06
31720185.0,31820185.0,878,0.04679046810207377,0.04679046810207376,0.00023792945530674048,1.1132830589073862e-05
31730185.0,31830185.0,843,0.040669425911638815,0.040669425911638815,0.00021027726755882097,8.551855753885329e-06
31740185.0,31840185.0,791,0.03475016241194522,0.034750162411945215,0.00018958473809719599,6.588100439703653e-06
31750185.0,31850185.0,749,0.03599672830020733,0.03599672830020732,0.00019670970966129838,7.080905972690422e-06
31760185.0,31860185.0,663,0.027833893927510758,0.027833893927510754,0.00017519831355402871,4.8764512757416114e-06
31770185.0,31870185.0,663,0.028993345443414555,0.028993345443414555,0.00018536533291159258,5.374361130339324e-06
31780185.0,31880185.0,680,0.030629867742258957,0.030629867742258968,0.000186932040353484,5.725703672817817e-06
31790185.0,31890185.0,621,0.028105091467285955,0.028105091467285966,0.00016726797542694925,4.701081748922147e-06
31800185.0,31900185.0,577,0.02720065003650279,0.027200650036502794,0.0001485314550937149,4.040152129416661e-06
31810185.0,31910185.0,581,0.026416577438823904,0.026416577438823915,0.00015991279815337264,4.224348815877573e-06
31820185.0,31920185.0,539,0.021290987499625314,0.021290987499625325,0.00013987085753331058,2.9779886793036137e-06
31830185.0,31930185.0,548,0.02986934411412728,0.029869344114127297,0.00012022548930003004,3.59105651119193e-06
31840185.0,31940185.0,569,0.02838837712897712,0.02838837712897713,0.00012223211290863584,3.4699713185220537e-06
31850185.0,31950185.0,572,0.024895465410804375,0.024895465410804393,0.00012001831477167136,2.9879118040611976e-06
31860185.0,31960185.0,682,0.023266627195561017,0.02326662719556103,0.00016735278750998832,3.893734917132832e-06
31870185.0,31970185.0,648,0.02711633595824387,0.02711633595824388,0.00018599129217851038,5.043402364020395e-06
31880185.0,31980185.0,663,0.02570293151426649,0.0257029315142665,0.0002054608431632582,5.2809459806886954e-06
31890185.0,31990185.0,762,0.022469281804264277,0.02246928180426428,0.00029114084477779395,6.541725686043824e-06
31900185.0,32000185.0,877,0.020758517540041394,0.020758517540041394,0.00046181149308638847,9.586521979426599e-06
31910185.0,32010185.0,918,0.029856443195654385,0.02985644319565438,0.0006337413231770993,1.8921261816175955e-05
31920185.0,32020185.0,974,0.03199839888313903,0.03199839888313904,0.0009132227325406706,2.9221665264986644e-05
31930185.0,32030185.0,965,0.02823475673270798,0.02823475673270798,0.0013478570103284064,3.8056414797097647e-05
31940185.0,32040185.0,982,0.0493117396252136,0.04931173962521359,0.0018133227722772277,8.941810040300486e-05
31950185.0,32050185.0,967,0.04942296602660618,0.04942296602660617,0.003276946662863662,0.00016195642358971102
31960185.0,32060185.0,951,0.050379228676571346,0.05037922867657134,0.003088521220159151,0.00015559731682284053
31970185.0,32070185.0,999,0.04525979170032774,0.04525979170032772,0.002974051191526919,0.00013460493743461916
31980185.0,32080185.0,1078,0.04444763871172073,0.044447638711720715,0.002675526563973593,0.00011892083807910979
31990185.0,32090185.0,1135,0.047031975982970584,0.04703197598297057,0.0022217833659143415,0.00010449486190504653
32000185.0,32100185.0,1141,0.04965705916833643,0.049657059168336425,0.0018445194889738792,9.159341340112562e-05
32010185.0,32110185.0,1157,0.04315806821369894,0.04315806821369892,0.0014318973138388303,6.179792194566836e-05
32020185.0,32120185.0,1205,0.03850027725397573,0.03850027725397572,0.0015128438317697365,5.824490696510186e-05
32030185.0,32130185.0,1247,0.038285479588607535,0.03828547958860752,0.0011108404899338308,4.2529060903560345e-05
32040185.0,32140185.0,1188,0.018135683049702925,0.018135683049702922,0.0007252629745733194,1.3153139434546446e-05
32050185.0,32150185.0,1147,0.0185118719108795,0.018511871910879496,0.000518688289696496,9.601891180534587e-06
32060185.0,32160185.0,1057,0.017378177843145826,0.01737817784314583,0.0003728554942941403,6.4795490896376736e-06
32070185.0,32170185.0,935,0.01869036603947224,0.018690366039472245,0.0002570545133763007,4.80444294710147e-06
32080185.0,32180185.0,782,0.016649167107648178,0.01664916710764818,0.00018679794385132465,3.1100301825458076e-06
32090185.0,32190185.0,642,0.01369024548069849,0.01369024548069849,0.00014770340178711397,2.022095828799828e-06
32100185.0,32200185.0,547,0.015178143621317535,0.015178143621317539,0.00011244060335340196,1.7066396265655388e-06
32110185.0,32210185.0,520,0.013652603763784072,0.013652603763784075,9.082416854379224e-05,1.2399863853035375e-06
32120185.0,32220185.0,462,0.023754607086391884,0.023754607086391894,5.530497439402938e-05,1.3137479366531336e-06
32130185.0,32230185.0,509,0.03891349042802907,0.038913490428029066,8.078672123692588e-05,3.1436933035649655e-06
32140185.0,32240185.0,655,0.03247279938403105,0.032472799384031054,0.00012412909246641016,4.0308191173835825e-06
32150185.0,32250185.0,774,0.03238103947641291,0.03238103947641291,0.000167460899315738,5.422557991498498e-06
32160185.0,32260185.0,875,0.030261394230127556,0.030261394230127553,0.00021299551294467038,6.445541186466869e-06
32170185.0,32270185.0,960,0.026835689424562666,0.02683568942456268,0.0003032250435177477,8.137253093591797e-06
32180185.0,32280185.0,1050,0.026355927235687623,0.026355927235687623,0.00040866990379379204,1.0770874247804689e-05
32190185.0,32290185.0,1132,0.025435217641494604,0.025435217641494604,0.0005531559251559252,1.4069641346023319e-05
32200185.0,32300185.0,1232,0.02630881283928183,0.026308812839281825,0.000802148719574483,2.1103580532554582e-05
32210185.0,32310185.0,1281,0.026545516971732276,0.026545516971732276,0.0012000712014050411,3.185651044418471e-05
32220185.0,32320185.0,1405,0.02283947119985685,0.02283947119985685,0.0018230720325513384,4.163800118272065e-05
32230185.0,32330185.0,1425,0.021771229118744725,0.021771229118744722,0.001810208002119767,3.9410453166734705e-05
32240185.0,32340185.0,1403,0.031953319774570034,0.03195331977457002,0.0017531912256785226,5.602027986007604e-05
32250185.0,32350185.0,1282,0.03195524568787732,0.031955245687877325,0.0010695484603837884,3.4177683826654896e-05
32260185.0,32360185.0,1260,0.03625203772292092,0.036252037722920905,0.0009856957617071724,3.573347993673159e-05
32270185.0,32370185.0,1165,0.03956529045342112,0.03956529045342111,0.0006528960416608958,2.5832021524202243e-05
32280185.0,32380185.0,1188,0.0432634324284728,0.04326343242847279,0.0006243951148321684,2.701347585921002e-05
32290185.0,32390185.0,1077,0.04643829356513848,0.04643829356513846,0.000462280077077748,2.146749792865131e-05
32300185.0,32400185.0,948,0.048797913061198774,0.04879791306119876,0.0003402011663367396,1.6601106938218567e-05
32310185.0,32410185.0,812,0.05337830571829369,0.05337830571829367,0.0002477159442724458,1.3222657404670404e-05
32320185.0,32420185.0,616,0.06825484971683354,0.06825484971683353,0.00016086773028546126,1.0980002754922258e-05
32330185.0,32430185.0,438,0.07249340674864753,0.0724934067486475,0.0001175995667492499,8.525193225818098e-06
32340185.0,32440185.0,271,0.059127714143881634,0.05912771414388162,6.357130647826335e-05,3.7588260371998585e-06
32350185.0,32450185.0,273,0.05901178607961421,0.05901178607961419,6.364225903340311e-05,3.7556433757025766e-06
32360185.0,32460185.0,172,0.05043936110031303,0.050439361100313024,3.860534219780455e-05,1.947228795516213e-06
32370185.0,32470185.0,159,0.05203925919658355,0.05203925919658355,3.70304982772047e-05,1.9270396980261015e-06
32380185.0,32480185.0,26,0.027648104995728423,0.02764810499572834,2.919989580411173e-06,8.073217850564039e-08
32390185.0,32490185.0,25,0.02519060821348126,0.025190608213481205,2.324299954916596e-06,5.855052953491584e-08
32400185.0,32500185.0,26,0.031724079096100845,0.03172407909610081,3.069445836256138e-06,9.737534249058697e-08
32410185.0,32510185.0,24,0.02965446380194542,0.029654463801945398,3.317502304516853e-06,9.837875200216549e-08
32420185.0,32520185.0,23,0.054112602028392395,0.054112602028392444,3.1846559308955715e-06,1.7233001898591127e-07
32430185.0,32530185.0,22,0.05212661867027441,0.05212661867027446,3.334535689952306e-06,1.7381807035256388e-07
32440185.0,32540185.0,20,0.05473568882638768,0.054735688826387734,3.1844868352502702e-06,1.7430508048598645e-07
32450185.0,32550185.0,12,0.063064482547114,0.06306448254711408,2.6828633231853874e-06,1.691933872213173e-07
32460185.0,32560185.0,12,0.063064482547114,0.06306448254711408,2.6828633231853874e-06,1.691933872213173e-07
32470185.0,32570185.0,15,0.05989828960994432,0.05989828960994439,2.833306626071629e-06,1.6971022084221318e-07
32480185.0,32580185.0,15,0.05989828960994432,0.05989828960994439,2.833051263306529e-06,1.696949250493536e-07
32490185.0,32590185.0,15,0.05989828960994432,0.05989828960994439,2.833051263306529e-06,1.696949250493536e-07
32500185.0,32600185.0,24,0.04641179527059304,0.04641179527059308,2.887023420752109e-06,1.3399193994535417e-07
32510185.0,32610185.0,28,0.043358168049265206,0.043358168049265226,3.288807832212681e-06,1.4259668267081738e-07
32520185.0,32620185.0,21,0.00837328846065193,0.008373288460651883,1.746340095728276e-06,1.462260937193515e-08
32530185.0,32630185.0,20,0.00821548142216735,0.0082154814221673,1.5960429349567448e-06,1.3112261081118726e-08
32540185.0,32640185.0,20,0.00821548142216735,0.0082154814221673,1.5960109738270222e-06,1.311199850505126e-08
32550185.0,32650185.0,22,0.010626905016887754,0.01062690501688772,2.137779112846701e-06,2.2717975579308806e-08
32560185.0,32660185.0,22,0.010626905016887754,0.01062690501688772,2.137779112846701e-06,2.2717975579308806e-08
32570185.0,32670185.0,18,0.011176790754781504,0.011176790754781465,1.987225692775909e-06,2.221080575068205e-08
32580185.0,32680185.0,18,0.011176790754781504,0.011176790754781465,1.987205798436264e-06,2.2210583395810637e-08
32590185.0,32690185.0,24,0.01016417098084886,0.01016417098084883,2.186823972438106e-06,2.222725276088013e-08
32600185.0,32700185.0,20,0.015576006548058782,0.015576006548058787,2.271543868784171e-06,3.5381582174384885e-08
32610185.0,32710185.0,15,0.01590643746346662,0.015906437463466674,1.6221058848259777e-06,2.5801925816105674e-08
32620185.0,32720185.0,15,0.01590643746346662,0.015906437463466674,1.6221221221221221e-06,2.5802184093641372e-08
32630185.0,32730185.0,15,0.01590643746346662,0.015906437463466674,1.6221221221221221e-06,2.5802184093641372e-08
32640185.0,32740185.0,22,0.02547970203320122,0.025479702033201237,2.772212761694881e-06,7.063515514062312e-08
32650185.0,32750185.0,21,0.02676130487712004,0.026761304877120064,2.2803766402884907e-06,6.102585450542303e-08
32660185.0,32760185.0,107,0.02606651059232153,0.02606651059232155,2.87912646551085e-05,7.50487805098715e-07
32670185.0,32770185.0,241,0.02917156591709026,0.029171565917090272,5.777285824724155e-05,1.6853247425781067e-06
32680185.0,32780185.0,385,0.025350411371760948,0.025350411371760962,9.255841915416384e-05,2.34639400147793e-06
32690185.0,32790185.0,447,0.021535465427530286,0.021535465427530293,0.00012235393086570818,2.6349488480809007e-06
32700185.0,32800185.0,560,0.01837623025773554,0.018376230257735545,0.00015827304159748984,2.9084618559876074e-06
32710185.0,32810185.0,651,0.017846128089693655,0.017846128089693655,0.00020954778693102485,3.7396166464829034e-06
32720185.0,32820185.0,738,0.01679628002742184,0.01679628002742184,0.00029046970799127093,4.878810554904836e-06
32730185.0,32830185.0,854,0.017186209530076223,0.017186209530076216,0.00041565094096416606,7.143464162783531e-06
32740185.0,32840185.0,937,0.016160895120563405,0.016160895120563405,0.0005802689543241364,9.377665712551463e-06
32750185.0,32850185.0,1064,0.01513986617479713,0.01513986617479713,0.000916898072904574,1.3881714119704656e-05
32760185.0,32860185.0,1107,0.01271941498601282,0.012719414986012815,0.0011184085311240484,1.4225502231263884e-05
32770185.0,32870185.0,1101,0.009877211198317908,0.009877211198317899,0.0010344719844562306,1.021769826921726e-05
32780185.0,32880185.0,1075,0.00881919352340772,0.008819193523407709,0.00110531248311997,9.74796469247343e-06
32790185.0,32890185.0,1085,0.008743825922761003,0.008743825922760993,0.00146795466254508,1.2835540031799798e-05
32800185.0,32900185.0,1046,0.009446109522676306,0.009446109522676296,0.0017570253974054447,1.6597054338015336e-05
32810185.0,32910185.0,1054,0.012952533752952591,0.012952533752952583,0.002025912702403701,2.624070265841924e-05
32820185.0,32920185.0,1099,0.01641930057377346,0.01641930057377346,0.0021088285229202038,3.4625489376373675e-05
32830185.0,32930185.0,1122,0.01599111198286804,0.01599111198286803,0.0018000209731543623,2.878433695322234e-05
32840185.0,32940185.0,1127,0.01821152928476096,0.018211529284760948,0.0016030766965994406,2.9194478205838282e-05
32850185.0,32950185.0,1118,0.019490150020300002,0.01949015002029999,0.0016948010121923165,3.3031925982184575e-05
32860185.0,32960185.0,1079,0.019976313940560163,0.01997631394056015,0.001644760241346459,3.285624693808813e-05
32870185.0,32970185.0,1042,0.020483516601810588,0.02048351660181058,0.0016491759324974375,3.3780922592617935e-05
32880185.0,32980185.0,1008,0.021507829140121826,0.02150782914012182,0.0015466123260437375,3.3264273654555165e-05
32890185.0,32990185.0,1034,0.02175980513132395,0.02175980513132394,0.0015875881031678415,3.454560775374058e-05
32900185.0,33000185.0,1063,0.02120705709451639,0.021207057094516375,0.0016855552886540154,3.574566724244969e-05
32910185.0,33010185.0,1105,0.017542638697683285,0.01754263869768328,0.0013209481182626238,2.3172915577065923e-05
32920185.0,33020185.0,1131,0.013997982503394495,0.013997982503394492,0.0010570349927098521,1.4796357333428413e-05
32930185.0,33030185.0,1142,0.014269442638182786,0.014269442638182783,0.000858024636653669,1.2243533334877118e-05
32940185.0,33040185.0,1194,0.01250298750599766,0.012502987505997654,0.0009928017101166412,1.2412987377521521e-05
32950185.0,33050185.0,1198,0.011112490684844833,0.011112490684844822,0.0008090064052491798,8.990076142311296e-06
32960185.0,33060185.0,1157,0.014291364961091632,0.014291364961091624,0.0006412788461538461,9.164750032212259e-06
32970185.0,33070185.0,1225,0.01417968648181789,0.01417968648181789,0.000610733087854904,8.660003709855111e-06
32980185.0,33080185.0,1245,0.015614804306436027,0.015614804306436025,0.0005828559266175986,9.101181232980264e-06
32990185.0,33090185.0,1307,0.01574123395748367,0.015741233957483662,0.0005684401435193673,8.947949289963949e-06
33000185.0,33100185.0,1330,0.014946063080766358,0.014946063080766347,0.000585578325274388,8.752090588280463e-06
33010185.0,33110185.0,1317,0.01503954951556465,0.015039549515564637,0.0005970238731040377,8.978970101522351e-06
33020185.0,33120185.0,1304,0.018454051462568382,0.01845405146256837,0.0006435429211595014,1.1875974185448943e-05
33030185.0,33130185.0,1279,0.01860317929089822,0.01860317929089821,0.0007088479262672812,1.3186825062331597e-05
33040185.0,33140185.0,1251,0.0189282800942133,0.018928280094213285,0.0006176320448509885,1.1690712340101193e-05
33050185.0,33150185.0,1248,0.018699418091719103,0.018699418091719096,0.0006707293350092776,1.2542248261719289e-05
33060185.0,33160185.0,1403,0.01640042394518698,0.016400423945186978,0.0008513385264303694,1.396231275432878e-05
33070185.0,33170185.0,1458,0.016833936982759184,0.016833936982759177,0.0009396232175568406,1.581755803188916e-05
33080185.0,33180185.0,1580,0.017032518478344867,0.017032518478344864,0.001072251257077246,1.826313934959651e-05
33090185.0,33190185.0,1610,0.01755050549493202,0.01755050549493202,0.001106704378797402,1.9423221281349262e-05
33100185.0,33200185.0,1653,0.018831040822248388,0.018831040822248388,0.0010248090692124105,1.9298221417349344e-05
33110185.0,33210185.0,1692,0.021134489834084603,0.021134489834084603,0.0010853945387213609,2.2939259844577535e-05
33120185.0,33220185.0,1762,0.019072359535840303,0.019072359535840303,0.0011302126754572522,2.1555822498284812e-05
33130185.0,33230185.0,1746,0.018515727904581957,0.01851572790458196,0.001097513178544123,2.0321255385615905e-05
33140185.0,33240185.0,1723,0.018509760310075552,0.018509760310075552,0.0010410486177311726,1.9269560385339472e-05
33150185.0,33250185.0,1745,0.021237021361491366,0.021237021361491366,0.0011440789189655918,2.429682844130417e-05
33160185.0,33260185.0,1651,0.022759775835160357,0.022759775835160364,0.0010560627310977943,2.4035751027653085e-05
33170185.0,33270185.0,1506,0.02134735019594724,0.021347350195947242,0.0008722170917098814,1.861952370362153e-05
33180185.0,33280185.0,1424,0.020314594228511448,0.020314594228511455,0.0008462018467753571,1.719024715265832e-05
33190185.0,33290185.0,1362,0.019944900252011604,0.01994490025201161,0.0008455700068264292,1.6864809442245873e-05
33200185.0,33300185.0,1314,0.019160703565107667,0.019160703565107667,0.0008719395335017085,1.6706974928124514e-05
33210185.0,33310185.0,1292,0.01753655098007664,0.017536550980076643,0.000820080910783331,1.4381390699739525e-05
33220185.0,33320185.0,1183,0.016852359964746804,0.016852359964746804,0.0008032286645874682,1.3536298589630923e-05
33230185.0,33330185.0,1218,0.017127882714363087,0.017127882714363087,0.0009286297622400129,1.5905461652713854e-05
33240185.0,33340185.0,1141,0.017505447616253538,0.017505447616253538,0.0007344969585127471,1.2857698031542604e-05
33250185.0,33350185.0,1021,0.015014404254905942,0.015014404254905937,0.0005123234310976924,7.69223110376125e-06
33260185.0,33360185.0,1032,0.014023053636042199,0.014023053636042199,0.0005233558502896998,7.3390471593489225e-06
33270185.0,33370185.0,1158,0.014017818274301687,0.014017818274301689,0.0005694947022739947,7.983073244654419e-06
33280185.0,33380185.0,1147,0.013658733188253157,0.013658733188253148,0.0004857531193084513,6.634772251995775e-06
33290185.0,33390185.0,1075,0.021141325710436833,0.021141325710436823,0.00044308350039854106,9.367372598845913e-06
33300185.0,33400185.0,1008,0.022641443809103972,0.022641443809103958,0.00034743258180908084,7.866375278482168e-06
33310185.0,33410185.0,924,0.022359845955870192,0.022359845955870185,0.0002878284514836371,6.435799836890802e-06
33320185.0,33420185.0,983,0.022066488259074413,0.022066488259074403,0.0002670824818874234,5.893572450773283e-06
33330185.0,33430185.0,1017,0.02166225641981063,0.02166225641981062,0.00026143757606582986,5.663327810511763e-06
33340185.0,33440185.0,1104,0.020163260935052267,0.020163260935052267,0.00034252960762001105,6.90651385642343e-06
33350185.0,33450185.0,1249,0.01938422716621399,0.01938422716621398,0.00045469935496626545,8.813995588996966e-06
33360185.0,33460185.0,1264,0.017426998069041078,0.017426998069041064,0.00044000978263463055,7.668049632332888e-06
33370185.0,33470185.0,1211,0.021595112029878953,0.021595112029878943,0.0004423728222996516,9.553090656534747e-06
33380185.0,33480185.0,1253,0.023086201857498236,0.023086201857498233,0.0005128382502543235,1.183948736561746e-05
33390185.0,33490185.0,1356,0.014731444554613853,0.014731444554613853,0.0005806833870225494,8.554305119708028e-06
33400185.0,33500185.0,1425,0.014438079027336152,0.014438079027336154,0.0008002531783905869,1.1554118631480385e-05
33410185.0,33510185.0,1544,0.016529040057698112,0.01652904005769811,0.0011419937724098887,1.887606080980483e-05
33420185.0,33520185.0,1508,0.016816784970314313,0.016816784970314306,0.0012417794435780048,2.0882737883207922e-05
33430185.0,33530185.0,1424,0.01611672871200582,0.016116728712005812,0.001298753104031278,2.0931651441547678e-05
33440185.0,33540185.0,1428,0.016651093568050557,0.016651093568050557,0.0013119244099686418,2.1844976104597455e-05
33450185.0,33550185.0,1382,0.0161388793119584,0.01613887931195839,0.0014058679852257834,2.2689133742105087e-05
33460185.0,33560185.0,1394,0.017946045037101396,0.017946045037101382,0.0015064181007010836,2.703424707988641e-05
33470185.0,33570185.0,1406,0.016123749236845356,0.01612374923684535,0.0017206517785698697,2.7743357801592464e-05
33480185.0,33580185.0,1393,0.013920684698474451,0.013920684698474437,0.001559822227906382,2.1713793420357017e-05
33490185.0,33590185.0,1358,0.015368391583620614,0.015368391583620598,0.0016287386682319182,2.5031093640772492e-05
33500185.0,33600185.0,1334,0.014904418189322458,0.014904418189322446,0.0017066338983050848,2.543638531641248e-05
33510185.0,33610185.0,1265,0.012597611508936006,0.012597611508935989,0.001548445204128591,1.9506711124487112e-05
33520185.0,33620185.0,1273,0.013253627994880494,0.013253627994880477,0.0014743743648373984,1.954080935674324e-05
33530185.0,33630185.0,1327,0.013586609703392202,0.01358660970339219,0.0014082706992964945,1.9133624348064695e-05
33540185.0,33640185.0,1332,0.015334325241318426,0.015334325241318414,0.001349241113777133,2.0689702067617334e-05
33550185.0,33650185.0,1357,0.016024821495701717,0.0160248214957017,0.0014383220078912759,2.304885342979701e-05
33560185.0,33660185.0,1364,0.015460616720378755,0.015460616720378746,0.0016660220189899226,2.575772788331455e-05
33570185.0,33670185.0,1329,0.015065491849349856,0.015065491849349846,0.0015943920454545453,2.4020300365463764e-05
33580185.0,33680185.0,1253,0.01631769690253572,0.01631769690253571,0.0016813846448890878,2.743632501187758e-05
33590185.0,33690185.0,1235,0.01536451888782956,0.015364518887829554,0.001683288656423668,2.58629203552909e-05
33600185.0,33700185.0,1212,0.015029484528379322,0.015029484528379313,0.0017038803317535546,2.5608443084299898e-05
33610185.0,33710185.0,1247,0.01488598403653339,0.014885984036533384,0.0019266046790641874,2.8679406497260214e-05
33620185.0,33720185.0,1193,0.013835766113954302,0.013835766113954295,0.002222470489038786,3.074958188150623e-05
33630185.0,33730185.0,1146,0.014654764363123372,0.014654764363123364,0.0024295104299702002,3.560390286896387e-05
33640185.0,33740185.0,1140,0.012410046976346598,0.012410046976346593,0.002775947136563877,3.4449634368612404e-05
33650185.0,33750185.0,1069,0.01148064191982078,0.011480641919820777,0.0026874381698268755,3.085351530944086e-05
33660185.0,33760185.0,1003,0.013555680253363605,0.013555680253363603,0.002494012395041983,3.380803457511424e-05
33670185.0,33770185.0,1016,0.015170316853176099,0.015170316853176099,0.002998570756381602,4.5489268480976835e-05
33680185.0,33780185.0,1066,0.01599390512409701,0.01599390512409701,0.003204776263418164,5.125688750106793e-05
33690185.0,33790185.0,1142,0.017033104948643026,0.017033104948643026,0.0028827306159975486,4.9101853120952805e-05
33700185.0,33800185.0,1201,0.01831986831645095,0.01831986831645095,0.002064297428251957,3.7817657051564524e-05
33710185.0,33810185.0,1198,0.018659850902703817,0.018659850902703813,0.0016464088046313377,3.07217428193193e-05
33720185.0,33820185.0,1248,0.02003359546847832,0.020033595468478316,0.0016111644444444446,3.227741671319572e-05
33730185.0,33830185.0,1335,0.01977658613498907,0.019776586134989064,0.0011875632132468115,2.3485946177519895e-05
33740185.0,33840185.0,1226,0.020996983500426378,0.02099698350042637,0.0007751059155813588,1.627488612054452e-05
33750185.0,33850185.0,1151,0.022084559128039055,0.022084559128039048,0.0005553785198468472,1.2265289760000479e-05
33760185.0,33860185.0,1062,0.020181688947203274,0.020181688947203267,0.00039960562929153406,8.064716511913186e-06
33770185.0,33870185.0,1033,0.017659486042159115,0.017659486042159108,0.0003511338820762641,6.200843889454921e-06
33780185.0,33880185.0,1058,0.016222550019180586,0.01622255001918057,0.0003563719308656628,5.781261473900159e-06
33790185.0,33890185.0,977,0.015432819973834019,0.015432819973834005,0.00030100167098183955,4.645304600085905e-06
33800185.0,33900185.0,972,0.018000643685673563,0.01800064368567355,0.0003517983507807474,6.332596761611846e-06
33810185.0,33910185.0,957,0.022717907250642325,0.022717907250642315,0.0003875430492256295,8.804167047938945e-06
33820185.0,33920185.0,987,0.02379026421363998,0.02379026421363998,0.00036149367862969004,8.60003012616099e-06
33830185.0,33930185.0,962,0.024058234156308797,0.024058234156308794,0.00043952396767408397,1.0574170531613064e-05
33840185.0,33940185.0,1009,0.02383560052611644,0.02383560052611643,0.00046853716074181346,1.1167864595082692e-05
33850185.0,33950185.0,1115,0.023130433792941017,0.023130433792941014,0.0006372306340024952,1.473942099062855e-05
33860185.0,33960185.0,1218,0.023456759645758083,0.023456759645758087,0.0009197894432184075,2.1575279894279756e-05
33870185.0,33970185.0,1170,0.0245207509544708,0.02452075095447079,0.001042736905067077,2.556869196018571e-05
33880185.0,33980185.0,1100,0.025535864449438943,0.025535864449438943,0.0009303766063022182,2.3757970905462567e-05
33890185.0,33990185.0,1036,0.02617488076965371,0.02617488076965371,0.0007028205042466395,1.8396242901123804e-05
33900185.0,34000185.0,958,0.025558674586601257,0.02555867458660127,0.0005132383649417891,1.311769235490659e-05
33910185.0,34010185.0,945,0.023343450644319905,0.0233434506443199,0.00045197410485933503,1.0550635209294466e-05
33920185.0,34020185.0,904,0.021098185237219038,0.021098185237219038,0.00044881044380657987,9.469085879829727e-06
33930185.0,34030185.0,827,0.01880476794002175,0.01880476794002174,0.00039650083108843927,7.456106116643839e-06
33940185.0,34040185.0,859,0.021193235590479087,0.02119323559047908,0.0005988220929397399,1.269097769245554e-05
33950185.0,34050185.0,859,0.022817065365778703,0.022817065365778703,0.000628580054894785,1.434235220015904e-05
33960185.0,34060185.0,859,0.022593187638373126,0.022593187638373126,0.0004901972734562951,1.1075118979016963e-05
33970185.0,34070185.0,895,0.023946863285451814,0.023946863285451817,0.00044944884270713077,1.0762889990112262e-05
33980185.0,34080185.0,896,0.02283516302213603,0.02283516302213603,0.00045724184175234686,1.0441191996956483e-05
33990185.0,34090185.0,960,0.022529823817717596,0.02252982381771759,0.0005334638137563646,1.2018845737058505e-05
34000185.0,34100185.0,1004,0.022230409283845697,0.0222304092838457,0.0005819888756206399,1.2937850903692137e-05
34010185.0,34110185.0,1017,0.019211358729456007,0.019211358729456007,0.0005916696677033884,1.1366778235587819e-05
34020185.0,34120185.0,993,0.020591023046964092,0.020591023046964085,0.0005310534568367258,1.0934933968894965e-05
34030185.0,34130185.0,948,0.021829609401025275,0.02182960940102527,0.0004539497833290849,9.909546457754041e-06
34040185.0,34140185.0,869,0.019984239265744667,0.01998423926574466,0.00030352875855970714,6.0657913350915905e-06
34050185.0,34150185.0,780,0.0186607314902821,0.01866073149028209,0.0002153670089609219,4.018905926084902e-06
34060185.0,34160185.0,803,0.016819548127485755,0.016819548127485744,0.0002471859783931832,4.1575564600237625e-06
34070185.0,34170185.0,846,0.012368779043425704,0.012368779043425687,0.00027869683352492426,3.447139553972228e-06
34080185.0,34180185.0,825,0.011765731987684087,0.01176573198768407,0.00024318119758143163,2.8612047951871527e-06
34090185.0,34190185.0,820,0.013016670005846982,0.013016670005846971,0.0002631796010627751,3.4257220193046003e-06
34100185.0,34200185.0,842,0.01589846073468812,0.015898460734688112,0.0003037389893846375,4.828982396325459e-06
34110185.0,34210185.0,800,0.018174867169258913,0.018174867169258903,0.0002892215878532125,5.256563941714243e-06
34120185.0,34220185.0,814,0.017796938964855038,0.01779693896485503,0.0003151418981431676,5.608561126522534e-06
34130185.0,34230185.0,951,0.017939260977499052,0.01793926097749905,0.000397697054371871,7.134391248359599e-06
34140185.0,34240185.0,1057,0.016627899559976206,0.016627899559976206,0.0005234461842667807,8.703810577040889e-06
34150185.0,34250185.0,1128,0.015381274143167707,0.015381274143167707,0.0006680117753623188,1.0274872247712033e-05
34160185.0,34260185.0,1143,0.016303286713712062,0.01630328671371207,0.0006785376032201735,1.1062393091333576e-05
34170185.0,34270185.0,1140,0.018767859727303625,0.018767859727303632,0.0007078764890653706,1.3285326651035104e-05
34180185.0,34280185.0,1176,0.01880105985452634,0.018801059854526347,0.0008128478933127175,1.52824018947982e-05
34190185.0,34290185.0,1207,0.01742716611265007,0.017427166112650078,0.0008468536436836052,1.475825912157717e-05
34200185.0,34300185.0,1198,0.016039711859927818,0.01603971185992782,0.0007322956426150416,1.174581110382589e-05
34210185.0,34310185.0,1195,0.015456056763058237,0.01545605676305824,0.0006626156317509556,1.0241424816432514e-05
34220185.0,34320185.0,1232,0.014621940827692192,0.014621940827692198,0.0006688688787121063,9.780161166013303e-06
34230185.0,34330185.0,1171,0.01427917444800934,0.014279174448009345,0.0006598690542156376,9.422385337988063e-06
34240185.0,34340185.0,1197,0.01576054760342448,0.015760547603424484,0.000753931137534177,1.1882367582811365e-05
34250185.0,34350185.0,1234,0.01629816499297738,0.016298164992977385,0.0007722814789572328,1.2586770965065415e-05
34260185.0,34360185.0,1234,0.015706610462464514,0.015706610462464524,0.0007911277488425926,1.2425935377117005e-05
34270185.0,34370185.0,1252,0.013886074697738837,0.013886074697738837,0.000733099173553719,1.0179869884817565e-05
34280185.0,34380185.0,1215,0.014168446678536046,0.014168446678536048,0.0006292716717245018,8.915802127141872e-06
34290185.0,34390185.0,1183,0.015038912305926225,0.015038912305926229,0.0005399304284145003,8.119966364226816e-06
34300185.0,34400185.0,1216,0.01407268230067163,0.014072682300671636,0.0006237670349586978,8.778075312605639e-06
34310185.0,34410185.0,1319,0.013689455723974927,0.01368945572397493,0.0008105885688824078,1.1096516324075929e-05
34320185.0,34420185.0,1331,0.013473452788597238,0.013473452788597238,0.0007817492596248767,1.0532861742076709e-05
34330185.0,34430185.0,1344,0.013950083632752864,0.013950083632752864,0.0007348032216730734,1.025056639595566e-05
34340185.0,34440185.0,1318,0.012926954111279447,0.012926954111279447,0.0006848459065986009,8.852971607897722e-06
34350185.0,34450185.0,1301,0.016247051479232305,0.0162470514792323,0.0007023617356547139,1.1411307276225231e-05
34360185.0,34460185.0,1297,0.02260950323058406,0.02260950323058406,0.000734375683757567,1.6603869394379117e-05
34370185.0,34470185.0,1273,0.02240535994823075,0.02240535994823075,0.0007838839382742882,1.7563201794672302e-05
34380185.0,34480185.0,1336,0.02332561902401896,0.02332561902401896,0.0009780796795952782,2.2814313981373902e-05
34390185.0,34490185.0,1357,0.023499045540497036,0.023499045540497032,0.0012723192084542064,2.9898287021514534e-05
34400185.0,34500185.0,1343,0.023593357427911556,0.023593357427911552,0.0013172534836719497,3.1078432263433946e-05
34410185.0,34510185.0,1253,0.025822680394654598,0.02582268039465459,0.0011970813618596996,3.091184941370074e-05
34420185.0,34520185.0,1196,0.025787617083517556,0.025787617083517553,0.0011675547001620745,3.010845353184063e-05
34430185.0,34530185.0,1175,0.025277439354759654,0.025277439354759644,0.00121844946571683,3.0799282476496507e-05
34440185.0,34540185.0,1188,0.025677353738525664,0.025677353738525657,0.0011211232342399327,2.878747787005875e-05
34450185.0,34550185.0,1169,0.02417921138108249,0.024179211381082488,0.0011891459074733096,2.8752610259746093e-05
34460185.0,34560185.0,1137,0.01740356286191982,0.01740356286191982,0.001216004251481577,2.1162806431021338e-05
34470185.0,34570185.0,1117,0.017633124464665913,0.01763312446466591,0.0010802831969792322,1.9048768069421972e-05
34480185.0,34580185.0,1115,0.01626148137277216,0.016261481372772155,0.001116996408749592,1.8164016294334982e-05
34490185.0,34590185.0,1138,0.015497295704911037,0.015497295704911034,0.0009103217230902778,1.4107524929334267e-05
34500185.0,34600185.0,1129,0.014692477809714194,0.014692477809714187,0.0009266257966943935,1.361442895584138e-05
34510185.0,34610185.0,1135,0.014458463084599008,0.014458463084599,0.0009232984425566343,1.334947644777261e-05
34520185.0,34620185.0,1141,0.014965854953227657,0.014965854953227654,0.0009830807210931222,1.4712643479193889e-05
34530185.0,34630185.0,1157,0.014869701034337175,0.014869701034337168,0.0009784663348465787,1.4549501871332064e-05
34540185.0,34640185.0,1174,0.01386016638338497,0.013860166383384963,0.0008338542390146779,1.1557358492234121e-05
34550185.0,34650185.0,1216,0.012371905598265696,0.012371905598265688,0.0007606489811289175,9.410677387944012e-06
34560185.0,34660185.0,1111,0.012674716598828841,0.012674716598828828,0.0004842465753424658,6.137688106419169e-06
34570185.0,34670185.0,1006,0.012337204669692766,0.012337204669692755,0.00034856532651189733,4.300321773935563e-06
34580185.0,34680185.0,875,0.011065035530956356,0.011065035530956346,0.00023929942418426107,2.6478566311362694e-06
34590185.0,34690185.0,730,0.010519129587084475,0.010519129587084454,0.0001839294454616319,1.9347776716914737e-06
34600185.0,34700185.0,774,0.011006085270256332,0.011006085270256321,0.00017344801342258665,1.9089836256855818e-06
34610185.0,34710185.0,862,0.005890662701982472,0.0058906627019824674,0.00019482806943787553,1.147666441936998e-06
34620185.0,34720185.0,849,0.005821298380014392,0.005821298380014383,0.00018396487764492348,1.0709144442139142e-06
34630185.0,34730185.0,841,0.0056616947797690845,0.0056616947797690775,0.00016400742854410103,9.285600020315264e-07
34640185.0,34740185.0,797,0.008137679325411254,0.008137679325411241,0.00020329606055393085,1.6543581489072718e-06
34650185.0,34750185.0,793,0.009029957100203828,0.009029957100203809,0.00022289566755084,2.0127383158053936e-06
34660185.0,34760185.0,936,0.01216742521767127,0.012167425217671248,0.0003191929942883639,3.883756888008267e-06
34670185.0,34770185.0,1101,0.012683427443635929,0.012683427443635905,0.0004579590248962655,5.808490064430023e-06
34680185.0,34780185.0,1266,0.012621640733183599,0.012621640733183576,0.0006891852603110209,8.698648754251218e-06
34690185.0,34790185.0,1421,0.012217101882410257,0.012217101882410238,0.001103307610172782,1.3479221481119648e-05
34700185.0,34800185.0,1389,0.013263515701701091,0.013263515701701077,0.001093411700382723,1.4502483256450125e-05
34710185.0,34810185.0,1268,0.01498011728390121,0.014980117283901188,0.0008021521386031402,1.2016333115807245e-05
34720185.0,34820185.0,1313,0.01573457533827194,0.01573457533827192,0.0010517965260545905,1.654957167973861e-05
34730185.0,34830185.0,1316,0.015917243574729678,0.015917243574729668,0.0010782291413281443,1.7162435871891886e-05
34740185.0,34840185.0,1333,0.015558252860738043,0.015558252860738031,0.0009752832397003744,1.5173703254098229e-05
34750185.0,34850185.0,1351,0.014652717411622653,0.014652717411622643,0.0010415478167431866,1.5261505829430596e-05
34760185.0,34860185.0,1359,0.013376664438340357,0.013376664438340348,0.000975572267920094,1.3049902863317615e-05
34770185.0,34870185.0,1332,0.014232818128394208,0.014232818128394203,0.0009896842449437153,1.4085995862821137e-05
34780185.0,34880185.0,1321,0.01381628276713685,0.013816282767136846,0.0009430394594848215,1.3029299832810303e-05
34790185.0,34890185.0,1311,0.01664321180482659,0.016643211804826585,0.0009998936563713704,1.664144190529112e-05
34800185.0,34900185.0,1335,0.016179324527957402,0.01617932452795739,0.0010291865526826454,1.665154323566221e-05
34810185.0,34910185.0,1399,0.016655591249688947,0.01665559124968894,0.0013271746672554093,2.2104878774748245e-05
34820185.0,34920185.0,1383,0.015603313838676712,0.0156033138386767,0.001360933503836317,2.1235072573927986e-05
34830185.0,34930185.0,1392,0.01645103697612977,0.01645103697612976,0.0013449703966844288,2.212615772765559e-05
34840185.0,34940185.0,1435,0.016603759259018455,0.016603759259018448,0.0011812470832253048,1.9613142195290793e-05
34850185.0,34950185.0,1516,0.01776456931950387,0.017764569319503862,0.001141292067595385,2.02745620485979e-05
34860185.0,34960185.0,1518,0.016463390604896103,0.016463390604896093,0.001188869665513264,1.957282568165703e-05
34870185.0,34970185.0,1538,0.01651673455423571,0.016516734554235704,0.0011727281586512695,1.9369639700720655e-05
34880185.0,34980185.0,1492,0.017021715915364753,0.017021715915364742,0.0010742387692867872,1.828538715607068e-05
34890185.0,34990185.0,1425,0.014916145184091704,0.014916145184091695,0.000752637460885114,1.1226449637548491e-05
34900185.0,35000185.0,1459,0.014639806252230915,0.014639806252230906,0.000796572982079951,1.1661674123412388e-05
34910185.0,35010185.0,1447,0.01482593892009392,0.014825938920093908,0.0007985275557425327,1.183892076745078e-05
34920185.0,35020185.0,1514,0.016959423896023784,0.016959423896023774,0.0007407549395458566,1.2562777022831639e-05
34930185.0,35030185.0,1533,0.017635602553165614,0.017635602553165607,0.0007347312644675927,1.2957428563535394e-05
34940185.0,35040185.0,1510,0.019788639898256466,0.01978863989825646,0.0008780781863334135,1.7375973031866034e-05
34950185.0,35050185.0,1435,0.02257477176882358,0.02257477176882357,0.0008644521174806556,1.9514809257202025e-05
34960185.0,35060185.0,1408,0.02287322984402141,0.02287322984402141,0.0009116773745441917,2.085300613154325e-05
34970185.0,35070185.0,1315,0.02054996088807184,0.020549960888071837,0.0009268070144205091,1.90458478971321e-05
34980185.0,35080185.0,1297,0.019840860215300567,0.019840860215300557,0.0010614879278580433,2.1060833596860506e-05
34990185.0,35090185.0,1302,0.020341009080518155,0.020341009080518148,0.0014906582577847852,3.0321493157549756e-05
35000185.0,35100185.0,1237,0.0213839164229788,0.021383916422978797,0.001495603476021886,3.198185973316871e-05
35010185.0,35110185.0,1232,0.02105958736490077,0.02105958736490076,0.001555570533126643,3.2759673544645916e-05
35020185.0,35120185.0,1171,0.02030466788034601,0.020304667880346,0.0016252324926025082,3.299980599064097e-05
35030185.0,35130185.0,1139,0.018355275008712497,0.018355275008712486,0.0019188678458201235,3.5221347015404e-05
35040185.0,35140185.0,1117,0.018258787826215504,0.01825878782621549,0.0017860995681577446,3.261201305148722e-05
35050185.0,35150185.0,1098,0.020160359444824246,0.020160359444824232,0.001867802842505371,3.7655576676972516e-05
35060185.0,35160185.0,1071,0.02207299351031558,0.022072993510315556,0.0014934213397337988,3.296427954011093e-05
35070185.0,35170185.0,1109,0.025173124755584562,0.02517312475558454,0.001527289699873186,3.8446654152827234e-05
35080185.0,35180185.0,1106,0.026149083301799683,0.026149083301799672,0.0013469344060208915,3.522109998510048e-05
35090185.0,35190185.0,1098,0.0255472729961643,0.025547272996164293,0.0013131652912331062,3.3547792184219883e-05
35100185.0,35200185.0,1049,0.024729526282178907,0.0247295262821789,0.0010754834831695587,2.659619706309086e-05
35110185.0,35210185.0,1022,0.023293207212366936,0.023293207212366933,0.0011854419121734294,2.7612744098479812e-05
35120185.0,35220185.0,1049,0.02116466372561123,0.021164663725611217,0.0013041563525415924,2.7602030647162716e-05
35130185.0,35230185.0,1092,0.02152086294524929,0.021520862945249283,0.0012805160957727116,2.7557811396310045e-05
35140185.0,35240185.0,1156,0.018637854571180952,0.018637854571180945,0.0013150249235300783,2.45092432822319e-05
35150185.0,35250185.0,1155,0.013758166784945215,0.013758166784945208,0.0013095103744195616,1.801646213788044e-05
35160185.0,35260185.0,1230,0.013652404636866814,0.01365240463686681,0.0014221442945075758,1.9415689360629086e-05
35170185.0,35270185.0,1259,0.011536475801925005,0.011536475801924996,0.0012847003326607405,1.4820914300465589e-05
35180185.0,35280185.0,1342,0.010981380351282138,0.010981380351282127,0.0012988250312630262,1.4262891678065396e-05
35190185.0,35290185.0,1416,0.009831226003083829,0.009831226003083816,0.0012122431595250388,1.191783647198301e-05
35200185.0,35300185.0,1489,0.01219891980318867,0.012198919803188655,0.0015235068591625232,1.8585137994531362e-05
35210185.0,35310185.0,1523,0.011276596134702456,0.01127659613470244,0.001426006635923968,1.6080500918720408e-05
35220185.0,35320185.0,1533,0.011640549582381358,0.011640549582381348,0.0013721742221250068,1.597286206831183e-05
35230185.0,35330185.0,1518,0.012912037036636558,0.012912037036636556,0.0014308128078817737,1.8474707967863627e-05
35240185.0,35340185.0,1482,0.014718395802055044,0.014718395802055041,0.0014427505866577272,2.1234974178075434e-05
35250185.0,35350185.0,1583,0.014603981760441805,0.0146039817604418,0.00141054105970866,2.0599515908339365e-05
35260185.0,35360185.0,1552,0.013101214110301379,0.013101214110301377,0.0014305276032690276,1.8741648421123777e-05
35270185.0,35370185.0,1573,0.012600406746410196,0.012600406746410196,0.0015037617182864602,1.8948009300090095e-05
35280185.0,35380185.0,1542,0.013124740703679333,0.013124740703679333,0.0011117539004723508,1.4591481670003768e-05
35290185.0,35390185.0,1500,0.016047264311220825,0.016047264311220825,0.0011433430629443058,1.8347528329468183e-05
35300185.0,35400185.0,1465,0.013753560653060878,0.013753560653060878,0.0010609289742766748,1.4591550996304048e-05
35310185.0,35410185.0,1359,0.015906213801124603,0.015906213801124607,0.0007057202384985432,1.1225336997338484e-05
35320185.0,35420185.0,1296,0.017539098722884082,0.01753909872288409,0.0005941114400907143,1.0420179200145913e-05
35330185.0,35430185.0,1267,0.017403537066103016,0.017403537066103012,0.0005261061151079136,9.156107274984006e-06
35340185.0,35440185.0,1219,0.01524817129113217,0.015248171291132165,0.0004574476695506559,6.975240422037617e-06
35350185.0,35450185.0,1138,0.014737136378066087,0.014737136378066075,0.00044514013036662175,6.560090808563031e-06
35360185.0,35460185.0,1175,0.015694749006386833,0.015694749006386823,0.0004699991679147945,7.376518973633406e-06
35370185.0,35470185.0,1129,0.018692891139814496,0.018692891139814486,0.00045056858065421876,8.422429429190056e-06
35380185.0,35480185.0,1117,0.018622016603525585,0.018622016603525568,0.0006190399441712084,1.1527772118601826e-05
35390185.0,35490185.0,1133,0.015784092164961964,0.015784092164961953,0.0006311381029277539,9.96194198543088e-06
35400185.0,35500185.0,1116,0.017034145514611295,0.017034145514611285,0.0006932561762742044,1.1809026585557843e-05
35410185.0,35510185.0,1210,0.019504934163526385,0.019504934163526375,0.0012085053300068041,2.3571816898053317e-05
35420185.0,35520185.0,1235,0.018291318929151406,0.018291318929151403,0.0016171385835536387,2.9579597584416042e-05
35430185.0,35530185.0,1205,0.01689169024002618,0.016891690240026177,0.001768398251801871,2.987123549044132e-05
35440185.0,35540185.0,1277,0.018579492790585284,0.01857949279058528,0.0023719980741454022,4.407052111786668e-05
35450185.0,35550185.0,1235,0.01926612116048911,0.01926612116048911,0.002770992891538638,5.338628478323806e-05
35460185.0,35560185.0,1153,0.019520169662259914,0.01952016966225991,0.002916940667490729,5.693917672416439e-05
35470185.0,35570185.0,1144,0.018565728468981798,0.01856572846898179,0.003026180092355054,5.618323789290237e-05
35480185.0,35580185.0,1105,0.018547133078205397,0.018547133078205397,0.0030895337301587306,5.730199324285861e-05
35490185.0,35590185.0,1121,0.019370921552378167,0.019370921552378167,0.003042139945652174,5.892905423858399e-05
35500185.0,35600185.0,1145,0.019023275534992518,0.01902327553499252,0.00229051848791572,4.3573164313615195e-05
35510185.0,35610185.0,1163,0.015310944242622743,0.015310944242622745,0.0021530851063829787,3.296576601345154e-05
35520185.0,35620185.0,1140,0.018083755449055924,0.018083755449055928,0.0018705601223475436,3.3826751805289136e-05
35530185.0,35630185.0,1123,0.018790903444689526,0.018790903444689526,0.0011393691660057349,2.1409775986270084e-05
35540185.0,35640185.0,1072,0.022676854621798217,0.022676854621798227,0.0008540917530908927,1.936811451851894e-05
35550185.0,35650185.0,1066,0.023168337652586714,0.023168337652586718,0.0006920367860600193,1.603334192744941e-05
35560185.0,35660185.0,1115,0.022619253774715305,0.022619253774715308,0.0006913298162634164,1.5637364556089637e-05
35570185.0,35670185.0,1157,0.02223197271514415,0.022231972715144162,0.0006888811310874498,1.5315186510313932e-05
35580185.0,35680185.0,1255,0.020957400867408237,0.020957400867408247,0.0006965653505449995,1.4598199281718395e-05
35590185.0,35690185.0,1155,0.019898057881169492,0.0198980578811695,0.0005337375831157294,1.0620341322192257e-05
35600185.0,35700185.0,1144,0.01976091678159927,0.019760916781599278,0.0005266301377350241,1.0406694326463928e-05
35610185.0,35710185.0,1113,0.024416049224784003,0.02441604922478401,0.000528724608006897,1.2909366055451077e-05
35620185.0,35720185.0,1131,0.019697730716674154,0.019697730716674154,0.0005521643180005318,1.087638404733051e-05
35630185.0,35730185.0,1202,0.01839975549418966,0.01839975549418966,0.0007537727870700996,1.3869234980263685e-05
35640185.0,35740185.0,1186,0.013608651255837916,0.013608651255837911,0.0006959802290613603,9.471352218254377e-06
35650185.0,35750185.0,1203,0.013889413847478743,0.013889413847478736,0.0007378677830458321,1.024855100344521e-05
35660185.0,35760185.0,1133,0.015060565262410909,0.015060565262410897,0.0005565590111642742,8.382093310022326e-06
35670185.0,35770185.0,1080,0.0156920924123498,0.015692092412349787,0.0005062191989095103,7.943638450193716e-06
35680185.0,35780185.0,945,0.01710164244149634,0.017101642441496322,0.0003854420232584396,6.591691663692722e-06
35690185.0,35790185.0,990,0.017310655753145714,0.017310655753145696,0.0004099292197714339,7.096143606618905e-06
35700185.0,35800185.0,929,0.019289404147643047,0.019289404147643026,0.000395216761395297,7.62349583647652e-06
35710185.0,35810185.0,933,0.014598512855085588,0.014598512855085575,0.00035052159843307573,5.117094060710375e-06
35720185.0,35820185.0,893,0.016316205838964457,0.016316205838964443,0.0002818788932625062,4.599194044130547e-06
35730185.0,35830185.0,893,0.01830965805153886,0.01830965805153885,0.00023908460927972745,4.37755744129758e-06
35740185.0,35840185.0,902,0.017861148158887744,0.017861148158887733,0.0002583144265373181,4.613792243961177e-06
35750185.0,35850185.0,854,0.017928817285403277,0.01792881728540327,0.0002427002284080147,4.35132805025292e-06
35760185.0,35860185.0,899,0.016066332087907403,0.0160663320879074,0.00026395599524490745,4.240804676198807e-06
35770185.0,35870185.0,862,0.01595473715657134,0.015954737156571336,0.0002452560824422749,3.912996331416904e-06
35780185.0,35880185.0,924,0.013997482142816427,0.013997482142816426,0.0003155669279101263,4.4171424382854234e-06
35790185.0,35890185.0,976,0.014177016331072965,0.014177016331072961,0.00039213855497593304,5.559354697937102e-06
35800185.0,35900185.0,1128,0.012640970652163696,0.012640970652163696,0.0004226233550427488,5.3423694280143635e-06
35810185.0,35910185.0,1160,0.01682739748467562,0.016827397484675613,0.0005157598201677281,8.678895500587152e-06
35820185.0,35920185.0,1252,0.019327892488627804,0.019327892488627804,0.0006223580994897959,1.2028870436365598e-05
35830185.0,35930185.0,1130,0.01896058228846093,0.018960582288460925,0.00046905772603645057,8.89360761255254e-06
35840185.0,35940185.0,1083,0.019486342812454857,0.019486342812454854,0.00043954667273462785,8.565157146980816e-06
35850185.0,35950185.0,1096,0.01861920674791164,0.018619206747911635,0.00042959165921065714,7.99865592002159e-06
35860185.0,35960185.0,1125,0.020314514953251765,0.020314514953251765,0.00048578590312765,9.868504993165556e-06
35870185.0,35970185.0,1231,0.019081830304837632,0.019081830304837625,0.0005483091648994096,1.0462742439197693e-05
35880185.0,35980185.0,1248,0.01883515640111064,0.018835156401110633,0.0005536965829447217,1.0428961738524308e-05
35890185.0,35990185.0,1233,0.019865190787284773,0.019865190787284766,0.00054966813863241,1.0919262443624619e-05
35900185.0,36000185.0,1113,0.02158066134308843,0.021580661343088413,0.0004717348441657165,1.0180349915674976e-05
35910185.0,36010185.0,1117,0.01848079639083055,0.018480796390830546,0.000473550319773662,8.751587040549712e-06
35920185.0,36020185.0,1045,0.02012634779377654,0.020126347793776533,0.0005151088018931015,1.0367258898536054e-05
35930185.0,36030185.0,1092,0.020187580227468565,0.020187580227468565,0.0005844056442417333,1.1797735828515589e-05
35940185.0,36040185.0,1217,0.01976482213042867,0.019764822130428662,0.0007700155120631044,1.5219219633598217e-05
35950185.0,36050185.0,1195,0.02031393324051727,0.02031393324051726,0.0008177991269500501,1.661271686901663e-05
35960185.0,36060185.0,1068,0.019600560496647036,0.019600560496647025,0.0006319241140215716,1.2386066826169828e-05
35970185.0,36070185.0,977,0.020358476367233057,0.020358476367233057,0.000686475355165744,1.3975592294829755e-05
35980185.0,36080185.0,895,0.022443230996192883,0.022443230996192883,0.0006472119303445721,1.4525526856215163e-05
35990185.0,36090185.0,863,0.02136791308247232,0.021367913082472316,0.000596462870538415,1.2745166774586812e-05
36000185.0,36100185.0,841,0.01915883297427274,0.01915883297427274,0.0007550015225334957,1.4464948065540764e-05
36010185.0,36110185.0,732,0.01880207218330733,0.01880207218330733,0.0006533809598576437,1.2284915970442001e-05
36020185.0,36120185.0,702,0.012012128273236432,0.012012128273236422,0.000596728947368421,7.167984660142866e-06
36030185.0,36130185.0,697,0.011815914837978432,0.011815914837978425,0.0005297364877861127,6.2593212262504745e-06
36040185.0,36140185.0,647,0.012445462698584169,0.012445462698584167,0.0004303207773193132,5.3555411825532196e-06
36050185.0,36150185.0,695,0.014462828260799936,0.01446282826079993,0.0005235435404742436,7.5719203129301e-06
36060185.0,36160185.0,751,0.016597885068426972,0.01659788506842698,0.000977020642535252,1.621647633428072e-05
36070185.0,36170185.0,805,0.017941582354268806,0.017941582354268813,0.0009935231890149923,1.7825378116588465e-05
36080185.0,36180185.0,842,0.018424303195729377,0.018424303195729377,0.0008878493524199046,1.635800566111628e-05
36090185.0,36190185.0,831,0.021197683324284552,0.02119768332428456,0.0008004660611854685,1.6968026076846988e-05
36100185.0,36200185.0,933,0.021128744457309934,0.021128744457309938,0.0008188650169733784,1.730158968866129e-05
36110185.0,36210185.0,1015,0.021904926909528562,0.021904926909528565,0.0008263986614038098,1.8102202276182495e-05
36120185.0,36220185.0,1080,0.023954262005869306,0.023954262005869306,0.0007573451639440592,1.814164448599397e-05
36130185.0,36230185.0,1148,0.027904400923341774,0.02790440092334178,0.0009233030560651484,2.5764218650188622e-05
36140185.0,36240185.0,1115,0.02892825351534785,0.02892825351534785,0.0009374042663666651,2.7117468263823534e-05
36150185.0,36250185.0,1105,0.029121434629966962,0.02912143462996697,0.000977617565850024,2.8469626037008967e-05
36160185.0,36260185.0,1156,0.028419640435015183,0.028419640435015183,0.000836930493539337,2.378526369548773e-05
36170185.0,36270185.0,1160,0.02743703424847443,0.027437034248474424,0.0007898348038295476,2.1670724563308285e-05
36180185.0,36280185.0,1320,0.02669913190401639,0.026699131904016387,0.0008649226424849859,2.309268371847696e-05
36190185.0,36290185.0,1513,0.026302500744489973,0.026302500744489962,0.0009423868059823807,2.4787129665949122e-05
36200185.0,36300185.0,1432,0.028154409020375297,0.028154409020375287,0.000743059577989243,2.092040328521669e-05
36210185.0,36310185.0,1380,0.02859987369017852,0.02859987369017851,0.0006680123707226231,1.910506942614379e-05
36220185.0,36320185.0,1290,0.02794253094377458,0.02794253094377457,0.0006497128127054426,1.815462037358859e-05
36230185.0,36330185.0,1231,0.025492646514803798,0.025492646514803798,0.0007086285870884392,1.8064818080930342e-05
36240185.0,36340185.0,1193,0.02441868895139817,0.024418688951398156,0.0006771405919661734,1.6534885491587543e-05
36250185.0,36350185.0,1189,0.025961584759836846,0.02596158475983683,0.0006749612265697701,1.7523063093194655e-05
36260185.0,36360185.0,1133,0.03055207310503186,0.03055207310503184,0.0006963542971686294,2.127506739409894e-05
36270185.0,36370185.0,1129,0.035824088094454885,0.03582408809445487,0.000741913934646134,2.6578390153266755e-05
36280185.0,36380185.0,964,0.04178740136349233,0.04178740136349231,0.0008204644970414202,3.428507924236576e-05
36290185.0,36390185.0,764,0.043312364122576344,0.04331236412257632,0.0007637021716649432,3.3077746540354344e-05
36300185.0,36400185.0,768,0.03900340509867709,0.039003405098677064,0.0010502038778397271,4.096152728358443e-05
36310185.0,36410185.0,859,0.03683686211461263,0.036836862114612595,0.0013407274036730285,4.938819050238583e-05
36320185.0,36420185.0,817,0.03709232617973553,0.03709232617973551,0.0007501610182487349,2.7825217176204594e-05
36330185.0,36430185.0,768,0.03606840728081323,0.03606840728081321,0.0004785704230309003,1.7261272930429616e-05
36340185.0,36440185.0,767,0.034831746071870416,0.0348317460718704,0.0004291080147331754,1.4946581406590456e-05
36350185.0,36450185.0,761,0.03353177391204297,0.03353177391204296,0.0003897139599958545,1.3067800396947917e-05
36360185.0,36460185.0,798,0.030871197162141005,0.030871197162140995,0.0004178909598325526,1.2900794213267096e-05
36370185.0,36470185.0,797,0.025949804152597313,0.025949804152597292,0.00039922520788610065,1.0359815957424293e-05
36380185.0,36480185.0,825,0.021396867575368288,0.02139686757536828,0.0003848893957229744,8.23542743144809e-06
36390185.0,36490185.0,896,0.020413271943682528,0.020413271943682525,0.0004656172180718606,9.504770894161842e-06
36400185.0,36500185.0,951,0.021150234065681867,0.021150234065681856,0.0005060906958561376,1.070393667582105e-05
36410185.0,36510185.0,966,0.01946874692492241,0.019468746924922394,0.0004873936397178786,9.488943424484213e-06
36420185.0,36520185.0,1051,0.019948018404339986,0.019948018404339976,0.0006734009309592787,1.3433014164275382e-05
36430185.0,36530185.0,1070,0.02003257137665999,0.020032571376659977,0.0007022672708213572,1.4068219228221017e-05
36440185.0,36540185.0,1027,0.01984058427241273,0.019840584272412712,0.000588242666171556,1.1671078190805519e-05
36450185.0,36550185.0,1051,0.018671322383570214,0.018671322383570197,0.0005398785188646186,1.008024587368563e-05
36460185.0,36560185.0,983,0.017164400786809763,0.017164400786809746,0.000395016003657979,6.780213003989428e-06
36470185.0,36570185.0,908,0.017909534027110045,0.01790953402711004,0.00029808338869763044,5.338534592796481e-06
36480185.0,36580185.0,880,0.017167852491797638,0.01716785249179763,0.0002515484996637648,4.318547536760516e-06
36490185.0,36590185.0,796,0.016285121003709022,0.016285121003709012,0.00019968119783644376,3.2518324689320488e-06
36500185.0,36600185.0,749,0.014971889148713873,0.014971889148713865,0.00017262360533800043,2.584501483571878e-06
36510185.0,36610185.0,736,0.028760974232094404,0.028760974232094415,0.00016722648577871538,4.809596648405362e-06
36520185.0,36620185.0,685,0.029853879994270957,0.029853879994270957,0.0001505798638148412,4.495393183881926e-06
36530185.0,36630185.0,736,0.028863941966352016,0.028863941966352027,0.00016198155900947476,4.6754263188687205e-06
36540185.0,36640185.0,737,0.028656718551155938,0.028656718551155938,0.00016309912807923474,4.673885809305542e-06
36550185.0,36650185.0,641,0.02960169652011616,0.029601696520116173,0.0001359143498257396,4.023295336270429e-06
36560185.0,36660185.0,643,0.029362681379716503,0.029362681379716517,0.00013445747104613633,3.948031881450168e-06
36570185.0,36670185.0,612,0.030054782772530826,0.030054782772530833,0.00012719474328011792,3.822810379091754e-06
36580185.0,36680185.0,595,0.032055723257000866,0.03205572325700087,0.0001158051125843636,3.7122166407501824e-06
36590185.0,36690185.0,597,0.03325926413952959,0.03325926413952959,9.989046575864368e-05,3.3222833856873568e-06
36600185.0,36700185.0,561,0.03317517691881354,0.033175176918813554,9.878905071450122e-05,3.2773442350952162e-06
36610185.0,36710185.0,559,0.02747698570379019,0.0274769857037902,0.00010583893752907838,2.9081349733908315e-06
36620185.0,36720185.0,608,0.027958460776240073,0.027958460776240063,0.00011744819410890864,3.2836707282341336e-06
36630185.0,36730185.0,567,0.029946016176304185,0.029946016176304185,0.00011512606968215159,3.4475671450160335e-06
36640185.0,36740185.0,600,0.03197001326875882,0.03197001326875881,0.00013143298781596654,4.201914364429071e-06
36650185.0,36750185.0,596,0.03125302907369512,0.03125302907369512,0.00013883196547212454,4.3389194532585714e-06
36660185.0,36760185.0,652,0.02952970080723544,0.029529700807235434,0.00018240049172083667,5.38623194760894e-06
36670185.0,36770185.0,714,0.035847782966325605,0.03584778296632561,0.0002314947297125683,8.298572828584389e-06
36680185.0,36780185.0,749,0.03450494226893461,0.034504942268934614,0.0002872089703324941,9.910128940442846e-06
36690185.0,36790185.0,717,0.033857630567520704,0.03385763056752071,0.00029663184198633596,1.004325132053651e-05
36700185.0,36800185.0,753,0.035913472944119736,0.035913472944119736,0.0002912281578881584,1.0459014568882223e-05
36710185.0,36810185.0,704,0.03074371581562502,0.030743715815625024,0.000268493925903569,8.25450095620082e-06
36720185.0,36820185.0,710,0.02733015989195083,0.027330159891950832,0.000272475106685633,7.446788232294738e-06
36730185.0,36830185.0,781,0.02642596242999329,0.02642596242999329,0.0003139947683109118,8.297613950598613e-06
36740185.0,36840185.0,897,0.022985283191762646,0.02298528319176266,0.00039581577800377744,9.097937749184639e-06
36750185.0,36850185.0,1026,0.02142143623515483,0.021421436235154835,0.0005624791897891232,1.2049112097669146e-05
36760185.0,36860185.0,1074,0.019545176980797763,0.019545176980797763,0.0005857035040431267,1.1447678644796362e-05
36770185.0,36870185.0,1109,0.013744594543340887,0.013744594543340883,0.000557451497645841,7.661944812720272e-06
36780185.0,36880185.0,1121,0.013479960398185133,0.013479960398185125,0.0005733141965885711,7.728252665731302e-06
36790185.0,36890185.0,1191,0.014263059680164562,0.01426305968016455,0.0007632147422241158,1.0885777417124052e-05
36800185.0,36900185.0,1166,0.012859162497519644,0.012859162497519634,0.0008062901701323251,1.0368216317884256e-05
36810185.0,36910185.0,1136,0.012428394317018348,0.012428394317018338,0.0007698738695859114,9.568296025582408e-06
36820185.0,36920185.0,1131,0.012261244192636923,0.012261244192636914,0.0007771818820929999,9.52921683843543e-06
36830185.0,36930185.0,1141,0.013210384447242837,0.013210384447242826,0.000846826596146581,1.1186904895246278e-05
36840185.0,36940185.0,1114,0.013416837025900739,0.013416837025900722,0.0007238006824568446,9.711115795759202e-06
36850185.0,36950185.0,1121,0.0169744809766515,0.01697448097665149,0.0007171305208734394,1.217291838434247e-05
36860185.0,36960185.0,1158,0.019085874537658497,0.019085874537658486,0.0007764966411033827,1.4820117471012422e-05
36870185.0,36970185.0,1153,0.019508199092274928,0.01950819909227492,0.0007144215039205733,1.3937076934285122e-05
36880185.0,36980185.0,1165,0.02073569561546509,0.02073569561546509,0.0007319137106638498,1.51767399211111e-05
36890185.0,36990185.0,1191,0.01877124127710447,0.018771241277104462,0.0007812410645551524,1.4664864518346756e-05
36900185.0,37000185.0,1223,0.01890863262905329,0.018908632629053283,0.0008194909578030812,1.5495453463929638e-05
36910185.0,37010185.0,1329,0.019304299037710967,0.019304299037710963,0.0009047464762084951,1.746549653004407e-05
36920185.0,37020185.0,1345,0.0183201871425213,0.0183201871425213,0.0007916831403558316,1.45037832888978e-05
36930185.0,37030185.0,1392,0.01626738755740843,0.016267387557408426,0.0007583468548356666,1.233632219055364e-05
36940185.0,37040185.0,1391,0.01604314570202813,0.01604314570202813,0.000801677671990172,1.2861431697801141e-05
36950185.0,37050185.0,1408,0.015334516010118253,0.015334516010118253,0.0007979590008242842,1.2236315073558089e-05
36960185.0,37060185.0,1353,0.01432697240296272,0.014326972402962716,0.0008147349357918999,1.1672684940820166e-05
36970185.0,37070185.0,1375,0.013799931685618973,0.013799931685618968,0.0009970715314450312,1.3759519019616978e-05
36980185.0,37080185.0,1394,0.014467337716472444,0.014467337716472448,0.0009590798932018896,1.3875332712029997e-05
36990185.0,37090185.0,1359,0.014812115248959236,0.014812115248959236,0.0008961848360325518,1.3274393075683841e-05
37000185.0,37100185.0,1354,0.013652993835885073,0.013652993835885077,0.0009018395482102815,1.2312809792672266e-05
37010185.0,37110185.0,1280,0.014272104677367909,0.014272104677367909,0.0007997040700502676,1.1413460198674484e-05
37020185.0,37120185.0,1269,0.016331452469359863,0.016331452469359863,0.0009583947751683963,1.565197871754554e-05
37030185.0,37130185.0,1241,0.01741038046379853,0.017410380463798523,0.0010445993735475397,1.818687252570832e-05
37040185.0,37140185.0,1257,0.017144220959998374,0.01714422095999837,0.001185913287174415,2.033155943471621e-05
37050185.0,37150185.0,1213,0.02509536824460889,0.025095368244608885,0.0011539711888729441,2.8959331928435897e-05
37060185.0,37160185.0,1191,0.025364038323401596,0.025364038323401596,0.001130687742651137,2.8678807236403914e-05
37070185.0,37170185.0,1161,0.02674893259194923,0.026748932591949225,0.0010733942081920167,2.8712149319516904e-05
37080185.0,37180185.0,1173,0.026169956791574744,0.026169956791574744,0.0010726082682257982,2.8070112033754765e-05
37090185.0,37190185.0,1175,0.027261886790136507,0.027261886790136507,0.0010123466331755386,2.7598479306007318e-05
37100185.0,37200185.0,1181,0.030340273264264674,0.030340273264264684,0.0007480247939858321,2.269527665797552e-05
37110185.0,37210185.0,1197,0.02929492993977808,0.02929492993977808,0.0007596673059899675,2.2254400506516007e-05
37120185.0,37220185.0,1200,0.031851535059062054,0.031851535059062054,0.0006892795883361922,2.195461297338624e-05
37130185.0,37230185.0,1182,0.031725534188963685,0.03172553418896369,0.0006680461307036604,2.1194120359443865e-05
37140185.0,37240185.0,1131,0.032574235587601155,0.03257423558760116,0.0006117818484596171,1.992832605994163e-05
37150185.0,37250185.0,1113,0.022702239789066457,0.02270223978906646,0.0005859898860539192,1.3303282907163975e-05
37160185.0,37260185.0,1093,0.026696908798627607,0.02669690879862761,0.0005767920948616601,1.539856595229111e-05
37170185.0,37270185.0,1148,0.027395130332041467,0.027395130332041457,0.0005427665513684083,1.4869160414610256e-05
37180185.0,37280185.0,1121,0.028648682988021024,0.028648682988021017,0.0004971434937611408,1.424250635232023e-05
37190185.0,37290185.0,1147,0.02679197908280619,0.026791979082806183,0.0004742458943134845,1.2705986080553574e-05
37200185.0,37300185.0,1132,0.026594469935062683,0.02659446993506268,0.0005469816021464163,1.4546685773315273e-05
37210185.0,37310185.0,1123,0.02645073403233734,0.026450734032337324,0.0005463578049435786,1.445156498505422e-05
37220185.0,37320185.0,1136,0.023098402258908853,0.02309840225890884,0.0005410887246464852,1.249828501964457e-05
37230185.0,37330185.0,1098,0.02197920365231493,0.02197920365231491,0.0005302523098791755,1.1654523505944763e-05
37240185.0,37340185.0,1185,0.02311679159147239,0.02311679159147237,0.0005400490852298081,1.248420215242281e-05
37250185.0,37350185.0,1198,0.022324116255567853,0.02232411625556784,0.0005546964106004697,1.238310715679108e-05
37260185.0,37360185.0,1236,0.0170644990807182,0.017064499080718193,0.000565257980697847,9.645844291986975e-06
37270185.0,37370185.0,1216,0.015236186713744701,0.015236186713744692,0.00061403767040413,9.355592595550072e-06
37280185.0,37380185.0,1161,0.013357757471573821,0.013357757471573811,0.0005478063255953722,7.317464038696998e-06
37290185.0,37390185.0,1137,0.014149360465026512,0.014149360465026503,0.0004885024416711884,6.911997135251304e-06
37300185.0,37400185.0,1145,0.009711981869745657,0.009711981869745647,0.0004838929695697796,4.699559747359054e-06
37310185.0,37410185.0,1172,0.009410985589156913,0.009410985589156904,0.0004601994805569584,4.330930679659064e-06
37320185.0,37420185.0,1086,0.00914591673880486,0.009145916738804851,0.0003326524363572741,3.0424114858842324e-06
37330185.0,37430185.0,1148,0.009179286539100667,0.00917928653910066,0.00032594911088622237,2.9919802859897617e-06
37340185.0,37440185.0,1022,0.007562919582392527,0.007562919582392518,0.00026258150238343104,1.9858827863497005e-06
37350185.0,37450185.0,903,0.008132772516776975,0.008132772516776967,0.00019068363000982857,1.550786585543193e-06
37360185.0,37460185.0,828,0.00853129500855433,0.008531295008554323,0.00013233302336864236,1.1289720617318207e-06
37370185.0,37470185.0,788,0.007304372513475091,0.007304372513475087,0.00013114855542931342,9.579579034598566e-07
37380185.0,37480185.0,823,0.010039947314881698,0.010039947314881698,0.00013917840272918125,1.3973438307703823e-06
37390185.0,37490185.0,832,0.008297005060990029,0.008297005060990025,0.000161935375132428,1.343578627027087e-06
37400185.0,37500185.0,852,0.012197174001473379,0.012197174001473377,0.0001812951219512195,2.211288148057334e-06
37410185.0,37510185.0,833,0.01215067091366648,0.01215067091366648,0.00021187208987213913,2.574388039827083e-06
37420185.0,37520185.0,931,0.013448902169581623,0.013448902169581623,0.00029530009993533596,3.971462154697985e-06
37430185.0,37530185.0,901,0.014604345728871695,0.01460434572887169,0.000299857986821177,4.379229709099932e-06
37440185.0,37540185.0,1024,0.013685712087625588,0.01368571208762558,0.00035527309836415143,4.86216533669041e-06
37450185.0,37550185.0,1121,0.012395650111507322,0.012395650111507318,0.0005785242155942715,7.171183757540765e-06
37460185.0,37560185.0,1155,0.012786968934435497,0.012786968934435488,0.0008200496105835912,1.048594889522828e-05
37470185.0,37570185.0,1165,0.013965283909831231,0.013965283909831228,0.0009140124124580084,1.2764442837085918e-05
37480185.0,37580185.0,1128,0.012513440484278103,0.012513440484278094,0.0007608397735442129,9.520723224317104e-06
37490185.0,37590185.0,1169,0.012994812950639334,0.012994812950639326,0.0006786622961055178,8.81908959454252e-06
37500185.0,37600185.0,1142,0.011281410208227939,0.011281410208227925,0.000520918242457622,5.876692378113517e-06
37510185.0,37610185.0,1081,0.011374582873781977,0.01137458287378196,0.00043689684569479966,4.969519378649421e-06
37520185.0,37620185.0,1076,0.010780829357961905,0.01078082935796189,0.0004774366371316712,5.147162914155773e-06
37530185.0,37630185.0,1063,0.014254064854085846,0.014254064854085835,0.0005141047139929196,7.328081935046283e-06
37540185.0,37640185.0,949,0.01464753752699341,0.014647537526993397,0.0005245305202651948,7.683080479637856e-06
37550185.0,37650185.0,931,0.02093161070976982,0.0209316107097698,0.0004525379390527475,9.472347971653635e-06
37560185.0,37660185.0,922,0.02173302442663685,0.02173302442663684,0.00043540117957854645,9.462584471167048e-06
37570185.0,37670185.0,970,0.022407110128866533,0.022407110128866523,0.0004253384456569827,9.53060539387692e-06
37580185.0,37680185.0,1010,0.02288292561922485,0.022882925619224843,0.0005110046342270771,1.1693281036097397e-05
37590185.0,37690185.0,960,0.023903061718864287,0.023903061718864277,0.0005265551653395459,1.258628061549798e-05
37600185.0,37700185.0,991,0.02322979407124041,0.023229794071240407,0.0006979745520643989,1.621380511142224e-05
37610185.0,37710185.0,1076,0.02284326977093108,0.022843269770931082,0.0008113836339639244,1.8534655238356228e-05
37620185.0,37720185.0,1126,0.023533658023409447,0.02353365802340945,0.0007460628946390986,1.7557589026391408e-05
37630185.0,37730185.0,1133,0.02037556162185891,0.02037556162185891,0.0007039956025626446,1.4344305781532833e-05
37640185.0,37740185.0,1239,0.020161063809790082,0.02016106380979009,0.0007321757813934697,1.4761442648656661e-05
37650185.0,37750185.0,1286,0.016204305557636096,0.016204305557636092,0.0008184777963401842,1.326286430403705e-05
37660185.0,37760185.0,1320,0.01593216552983609,0.015932165529836083,0.0007028125940038104,1.1197326584122236e-05
37670185.0,37770185.0,1226,0.015189189120144624,0.015189189120144612,0.0005487205032592297,8.33461949810532e-06
37680185.0,37780185.0,1231,0.015361274241140015,0.015361274241140003,0.0005524369420645859,8.486135367990925e-06
37690185.0,37790185.0,1237,0.015548839558866124,0.015548839558866111,0.0006005937695318926,9.338536162506094e-06
37700185.0,37800185.0,1185,0.016334930049394514,0.0163349300493945,0.000626882830545251,1.024008718612311e-05
37710185.0,37810185.0,1119,0.0176273356147638,0.01762733561476378,0.0006676195299837925,1.1768353517994986e-05
37720185.0,37820185.0,1027,0.016526241681090667,0.016526241681090646,0.000702785433515565,1.1614401924228262e-05
37730185.0,37830185.0,960,0.01706132311486205,0.01706132311486203,0.0007430851063829787,1.2678015101841667e-05
37740185.0,37840185.0,882,0.018781351758391976,0.01878135175839196,0.0007394804775734108,1.3888442967769842e-05
37750185.0,37850185.0,842,0.019881410745811023,0.019881410745811012,0.0007373206726246472,1.4658975143828229e-05
37760185.0,37860185.0,840,0.019410236654937803,0.01941023665493779,0.0011005266552020637,2.1361482822539173e-05
37770185.0,37870185.0,869,0.019240605532777445,0.019240605532777438,0.002199582560296846,4.2321300379448315e-05
37780185.0,37880185.0,863,0.024167925805508854,0.02416792580550885,0.0024101595241314048,5.8248556558648474e-05
37790185.0,37890185.0,884,0.022595591157887722,0.022595591157887722,0.002179371192091045,4.924418043776795e-05
37800185.0,37900185.0,950,0.022748138954984704,0.0227481389549847,0.001708967217605698,3.88758237356079e-05
37810185.0,37910185.0,916,0.021813693459799714,0.02181369345979971,0.0009794968659055294,2.136644437769764e-05
37820185.0,37920185.0,984,0.021859771466761067,0.021859771466761064,0.0009417852775739791,2.0587210938527284e-05
37830185.0,37930185.0,1041,0.021315856895873245,0.021315856895873245,0.0009116349140128866,1.9432279368380422e-05
37840185.0,37940185.0,1034,0.02038135214678303,0.020381352146783032,0.0008523537353735375,1.7372121634274016e-05
37850185.0,37950185.0,1026,0.020309393008440927,0.020309393008440924,0.0008102852258037614,1.6456401099781894e-05
37860185.0,37960185.0,972,0.020739189921351625,0.02073918992135163,0.0006338581754248877,1.314570508333819e-05
37870185.0,37970185.0,982,0.020543970404454676,0.020543970404454683,0.0005740703285785254,1.1793683840392833e-05
37880185.0,37980185.0,998,0.013098939431249481,0.013098939431249476,0.0005728180382523249,7.503308788194336e-06
37890185.0,37990185.0,981,0.011916128817390348,0.011916128817390343,0.0005647659311198186,6.729823586897052e-06
37900185.0,38000185.0,949,0.01272234580345263,0.01272234580345263,0.0006056156945772436,7.70485229040995e-06
37910185.0,38010185.0,990,0.012289829867336219,0.012289829867336215,0.0008140298965456778,1.0004288935471883e-05
37920185.0,38020185.0,972,0.013552630469481216,0.013552630469481209,0.0009430235829152798,1.2780450143256989e-05
37930185.0,38030185.0,937,0.013793684655949335,0.013793684655949321,0.0007509511871405397,1.0358383867427392e-05
37940185.0,38040185.0,952,0.01445176086005477,0.014451760860054758,0.0007269259409694016,1.0505359861860116e-05
37950185.0,38050185.0,1016,0.016563462937389556,0.01656346293738955,0.0007249374547369808,1.2007474663461424e-05
37960185.0,38060185.0,998,0.016538930302918278,0.016538930302918267,0.0006258336397318777,1.0350618948747215e-05
37970185.0,38070185.0,904,0.016817366169478147,0.016817366169478133,0.00048612138089979353,8.175281265404116e-06
37980185.0,38080185.0,793,0.02219700958890651,0.022197009588906497,0.00035616392443631927,7.90577404593554e-06
37990185.0,38090185.0,914,0.026052672430522075,0.02605267243052206,0.0003315517738678973,8.637809758338847e-06
38000185.0,38100185.0,983,0.03202857930258058,0.03202857930258058,0.00032840282035561004,1.0518275774950832e-05
38010185.0,38110185.0,989,0.044142207986928354,0.04414220798692835,0.0002998586375025395,1.3236422343314078e-05
38020185.0,38120185.0,860,0.05221825200658923,0.05221825200658923,0.00019787082511091,1.033246861039326e-05
38030185.0,38130185.0,787,0.05721017067500477,0.05721017067500477,0.0001661615442652355,9.506130307036488e-06
38040185.0,38140185.0,788,0.06401915506288619,0.0640191550628862,0.00016083819896698856,1.0296725599702975e-05
38050185.0,38150185.0,729,0.06281703012171981,0.06281703012171984,0.00015365233505236094,9.651983359256785e-06
38060185.0,38160185.0,720,0.06513644298143235,0.06513644298143237,0.00016668832607250977,1.0857484646892423e-05
38070185.0,38170185.0,761,0.06321181319182732,0.06321181319182732,0.00017556269856659157,1.1097636505244459e-05
38080185.0,38180185.0,829,0.05196356939216407,0.051963569392164094,0.0002412727668772306,1.2537394164064383e-05
38090185.0,38190185.0,738,0.04863897698805367,0.048638976988053674,0.00026054331891481,1.2672560493088523e-05
38100185.0,38200185.0,613,0.04302802585531775,0.04302802585531776,0.0002470745481927711,1.0631130047829502e-05
38110185.0,38210185.0,603,0.02797228772405606,0.02797228772405607,0.00026770609085176246,7.488351798787791e-06
38120185.0,38220185.0,701,0.027553771117602155,0.027553771117602176,0.0003643778976764363,1.003998519288958e-05
38130185.0,38230185.0,829,0.026578580707311845,0.026578580707311856,0.0005562551647325118,1.4784472789702167e-05
38140185.0,38240185.0,817,0.019708447693385065,0.019708447693385065,0.0006387202356599296,1.2588184355210279e-05
38150185.0,38250185.0,863,0.02017530513534036,0.02017530513534036,0.0006036120307950058,1.217805690465175e-05
38160185.0,38260185.0,942,0.01610652493735566,0.016106524937355652,0.0008038237993270113,1.2946808069100382e-05
38170185.0,38270185.0,1018,0.015678198199985973,0.015678198199985973,0.001388167043984476,2.17639580502771e-05
38180185.0,38280185.0,1024,0.014166921417293917,0.014166921417293908,0.0013000908040283969,1.8418284256016863e-05
38190185.0,38290185.0,964,0.01434724026891044,0.014347240268910424,0.0011923331494760065,1.7106690176118884e-05
38200185.0,38300185.0,986,0.013927695039372901,0.013927695039372887,0.0012010482515803793,1.6727833775583522e-05
38210185.0,38310185.0,961,0.013994665383736572,0.013994665383736558,0.0011723200884746032,1.6406227360834493e-05
38220185.0,38320185.0,915,0.013147687311152739,0.013147687311152722,0.0011791122182293367,1.550259875003894e-05
38230185.0,38330185.0,902,0.01247974992572438,0.012479749925724364,0.0011499677886938316,1.4351310425537416e-05
38240185.0,38340185.0,918,0.01447705478397021,0.014477054783970192,0.0011216596118520884,1.6238327649749437e-05
38250185.0,38350185.0,860,0.013640086439240732,0.013640086439240714,0.0013336022015562725,1.8190449304789175e-05
38260185.0,38360185.0,820,0.013600290874661641,0.013600290874661624,0.001353652574058096,1.8410068750424558e-05
38270185.0,38370185.0,801,0.013168358670423253,0.013168358670423229,0.0014896197882912077,1.9615847654778523e-05
38280185.0,38380185.0,873,0.013001274625010823,0.013001274625010802,0.0014816043173006394,1.926274461482746e-05
38290185.0,38390185.0,977,0.012363272926509654,0.012363272926509638,0.0015415415840649483,1.905849933135872e-05
38300185.0,38400185.0,1022,0.0125421569052353,0.01254215690523528,0.0011279146308360477,1.4146482275656212e-05
38310185.0,38410185.0,1018,0.011788102073809233,0.011788102073809216,0.0007270996026852995,8.571124334280484e-06
38320185.0,38420185.0,1080,0.012770748871865507,0.012770748871865493,0.000626921654213213,8.00625900829144e-06
38330185.0,38430185.0,1055,0.012147959177141975,0.012147959177141962,0.0005634132679852967,6.844321379345605e-06
38340185.0,38440185.0,1106,0.01340554182986413,0.013405541829864122,0.0005876766172600083,7.87812347511207e-06
38350185.0,38450185.0,1123,0.014114342442772569,0.014114342442772558,0.0005537264181314789,7.815484285117527e-06
38360185.0,38460185.0,1125,0.01450208201140134,0.014502082011401336,0.0005132185521349926,7.442737532834331e-06
38370185.0,38470185.0,1072,0.01824308059504797,0.018243080595047978,0.0004704191920699848,8.5818952343901e-06
38380185.0,38480185.0,999,0.020121714950890175,0.020121714950890178,0.0004373963248439377,8.801164169076654e-06
38390185.0,38490185.0,896,0.02433403972209718,0.02433403972209718,0.00040739867907535276,9.913655639349547e-06
38400185.0,38500185.0,867,0.023776679086390067,0.023776679086390074,0.00046704730267483306,1.1104833833863616e-05
38410185.0,38510185.0,878,0.02347518474682548,0.023475184746825487,0.0007144792849035187,1.6772533210889763e-05
38420185.0,38520185.0,820,0.02259591454674155,0.022595914546741546,0.0008830566224755296,1.9953471981391247e-05
38430185.0,38530185.0,805,0.02317950667001514,0.023179506670015143,0.0009436522761865229,2.187339423004059e-05
38440185.0,38540185.0,752,0.02236829040054142,0.022368290400541422,0.0007274553571428572,1.6271932682001073e-05
38450185.0,38550185.0,742,0.02172010701557893,0.021720107015578933,0.0007672208577366333,1.6664119134623944e-05
38460185.0,38560185.0,744,0.023297183929051554,0.023297183929051547,0.0009240057729313663,2.1526732443487514e-05
38470185.0,38570185.0,748,0.020227737413000723,0.020227737413000713,0.0010454438651883399,2.1146963985062294e-05
38480185.0,38580185.0,727,0.018045159663983203,0.018045159663983196,0.001052463724304716,1.8991875945629055e-05
38490185.0,38590185.0,750,0.016599209035136744,0.01659920903513674,0.0009641698113207547,1.600445624348154e-05
38500185.0,38600185.0,711,0.01818358327327536,0.018183583273275346,0.0009388978556605948,1.7072527343504085e-05
38510185.0,38610185.0,719,0.01858951381432971,0.01858951381432969,0.0008152904534260467,1.5155853146654696e-05
38520185.0,38620185.0,754,0.019002755005115828,0.019002755005115814,0.0008611747258053389,1.636469233107664e-05
38530185.0,38630185.0,802,0.020056344993862125,0.0200563449938621,0.0009733249779825215,1.9521341549560747e-05
38540185.0,38640185.0,820,0.020460977389110478,0.020460977389110457,0.0011749253614079195,2.404012125365983e-05
38550185.0,38650185.0,842,0.021134346945291444,0.02113434694529143,0.0011173283063502625,2.3614004078201306e-05
38560185.0,38660185.0,814,0.019136458504808645,0.019136458504808634,0.0006566415843653656,1.2565794431739601e-05
38570185.0,38670185.0,862,0.019134150829720715,0.019134150829720697,0.0005655857466852756,1.0822002984216235e-05
38580185.0,38680185.0,989,0.01879475356475883,0.018794753564758813,0.0006437128990855126,1.209842530476875e-05
38590185.0,38690185.0,1022,0.017944273691844197,0.017944273691844183,0.0006653160942652619,1.193861408708472e-05
38600185.0,38700185.0,1114,0.017215747129880596,0.01721574712988059,0.0006562547370016675,1.1297915605007054e-05
38610185.0,38710185.0,1117,0.017145349358082342,0.01714534935808233,0.0006678113063407181,1.1449858152488967e-05
38620185.0,38720185.0,1202,0.01812784187032148,0.018127841870321463,0.0006644333308818122,1.2044742355596437e-05
38630185.0,38730185.0,1157,0.017038406541999777,0.01703840654199977,0.0005916352201257862,1.0080521405068733e-05
38640185.0,38740185.0,1130,0.015615979304127982,0.01561597930412797,0.0006178336748392567,9.64807787968311e-06
38650185.0,38750185.0,1060,0.014867923895620043,0.014867923895620031,0.0005223183223811363,7.765789066450625e-06
38660185.0,38760185.0,1097,0.015602085449238471,0.01560208544923846,0.0005727520101120046,8.936125802990674e-06
38670185.0,38770185.0,1057,0.015901746713304264,0.01590174671330425,0.0006103101783060921,9.704997871974974e-06
38680185.0,38780185.0,953,0.01703815023928499,0.017038150239284972,0.0005766392420842683,9.824866040499266e-06
38690185.0,38790185.0,882,0.01678036020396001,0.016780360203959996,0.0005770396985364999,9.682933993427078e-06
38700185.0,38800185.0,827,0.018049823045875726,0.018049823045875706,0.0006314156707700602,1.1396941125792502e-05
38710185.0,38810185.0,833,0.01854927212359931,0.018549272123599296,0.0006212089101321189,1.1522973119645212e-05
38720185.0,38820185.0,740,0.016774486228484944,0.016774486228484934,0.0005299947527220255,8.89038968070498e-06
38730185.0,38830185.0,723,0.018545759204627234,0.018545759204627227,0.0005066177997425142,9.395611722802706e-06
38740185.0,38840185.0,656,0.020905035375936118,0.02090503537593611,0.0004452049989037492,9.307026251626506e-06
38750185.0,38850185.0,697,0.02215980732711728,0.022159807327117278,0.000588738485733543,1.3046331409914035e-05
38760185.0,38860185.0,669,0.019919292046090446,0.01991929204609045,0.0008183468335787924,1.6300889573049476e-05
38770185.0,38870185.0,664,0.020145853466317358,0.020145853466317372,0.0009155460347993354,1.844445625873531e-05
38780185.0,38880185.0,630,0.018948434676134707,0.018948434676134725,0.0008793018367906424,1.666139341503268e-05
38790185.0,38890185.0,629,0.02420263930456227,0.02420263930456227,0.00106164427092791,2.5694593359023155e-05
38800185.0,38900185.0,604,0.023689141905570088,0.0236891419055701,0.0009672716453436478,2.2913835267780034e-05
38810185.0,38910185.0,564,0.022795520079653558,0.022795520079653565,0.0009950125733445099,2.2681829095182833e-05
38820185.0,38920185.0,532,0.022152383584450465,0.022152383584450454,0.001400872854233343,3.103267282002108e-05
38830185.0,38930185.0,509,0.021598417702903237,0.021598417702903227,0.002239928224125955,4.837890540919476e-05
38840185.0,38940185.0,516,0.022104296691976236,0.022104296691976225,0.0021662983425414367,4.7884501286872585e-05
38850185.0,38950185.0,512,0.020088279753121222,0.020088279753121215,0.0023560376586164553,4.7328743595176046e-05
38860185.0,38960185.0,528,0.021864552759451875,0.02186455275945186,0.0020916898534594696,4.573386315737502e-05
38870185.0,38970185.0,572,0.023294722845084336,0.02329472284508432,0.0018224810318664643,4.2454190527752514e-05
38880185.0,38980185.0,625,0.023092675946504028,0.02309267594650402,0.0013036130202367315,3.0103913035970156e-05
38890185.0,38990185.0,677,0.03178347093700894,0.03178347093700894,0.0008705594900849859,2.7669402252053554e-05
38900185.0,39000185.0,717,0.04420867380229183,0.04420867380229182,0.0009162920281137212,4.0508055378519735e-05
38910185.0,39010185.0,748,0.04936486503999755,0.04936486503999754,0.0009147291522291523,4.5155481147943594e-05
38920185.0,39020185.0,782,0.04922806063673201,0.04922806063673201,0.0008703905614320587,4.2847639335816627e-05
38930185.0,39030185.0,876,0.0494462908921485,0.0494462908921485,0.0008560023113593683,4.232613929182698e-05
38940185.0,39040185.0,942,0.04521214499447456,0.04521214499447455,0.0009135901335487858,4.130536958352906e-05
38950185.0,39050185.0,943,0.04670309890230516,0.04670309890230515,0.0007756135344476152,3.622355560927343e-05
38960185.0,39060185.0,957,0.047092988982997,0.04709298898299699,0.0007525486157867638,3.543976367241587e-05
38970185.0,39070185.0,911,0.04807360636860451,0.0480736063686045,0.0007454248768472906,3.5835262106922034e-05
38980185.0,39080185.0,923,0.04935243533880908,0.04935243533880908,0.0008081918486827292,3.988623595346704e-05
38990185.0,39090185.0,926,0.03924177934375635,0.039241779343756326,0.0009863836852017048,3.870745092296655e-05
39000185.0,39100185.0,905,0.030656799905198005,0.030656799905197995,0.000911402433042284,2.7940682022887934e-05
39010185.0,39110185.0,909,0.026011488472816518,0.026011488472816514,0.0008973493516399695,2.33413923162725e-05
39020185.0,39120185.0,867,0.027056594149009905,0.027056594149009894,0.000757599879843797,2.0498072476272274e-05
39030185.0,39130185.0,804,0.02404559166525924,0.024045591665259238,0.0008079819708098828,1.9428404542985995e-05
39040185.0,39140185.0,803,0.025616077512167535,0.025616077512167528,0.0006900787607153736,1.7677111023985575e-05
39050185.0,39150185.0,849,0.023465604634097185,0.02346560463409717,0.000692854993336486,1.6258261342394027e-05
39060185.0,39160185.0,868,0.022149548268136355,0.022149548268136348,0.0005931683950278141,1.3138411996801518e-05
39070185.0,39170185.0,904,0.020757595489956968,0.020757595489956964,0.0005716696946609623,1.186648827563955e-05
39080185.0,39180185.0,918,0.02248723807837769,0.022487238078377682,0.0005907933298165407,1.328531026270198e-05
39090185.0,39190185.0,899,0.025559528614273935,0.025559528614273942,0.0005475971384485903,1.3996324729271323e-05
39100185.0,39200185.0,878,0.024957405132141283,0.024957405132141283,0.0004556220769362619,1.1371144761245934e-05
39110185.0,39210185.0,864,0.023477539385937572,0.023477539385937572,0.0003927761214887968,9.221416862109058e-06
39120185.0,39220185.0,886,0.022863931246880766,0.02286393124688077,0.0003812915592713726,8.71782399619661e-06
39130185.0,39230185.0,1035,0.021304972209644342,0.021304972209644356,0.00034541554474942733,7.3590685816657194e-06
39140185.0,39240185.0,1127,0.02239844464186507,0.022398444641865082,0.00038180455514868615,8.551828192509804e-06
39150185.0,39250185.0,1124,0.0232039758907032,0.023203975890703207,0.00036268047464099913,8.415628989598488e-06
39160185.0,39260185.0,1165,0.025157264355152857,0.02515726435515287,0.0004404463177154806,1.108042444902198e-05
39170185.0,39270185.0,1310,0.023821074058194225,0.02382107405819423,0.00044942301981248147,1.070573903841043e-05
39180185.0,39280185.0,1464,0.021711228784522783,0.021711228784522786,0.0004529141104294479,9.833321871272369e-06
39190185.0,39290185.0,1616,0.020144550511054248,0.02014455051105425,0.0004429251483512357,8.922528023577766e-06
39200185.0,39300185.0,1848,0.020726120562652627,0.020726120562652623,0.0005768093369871656,1.1955019860059665e-05
39210185.0,39310185.0,1870,0.019974997063470428,0.019974997063470425,0.0005502927315570057,1.0992095696900368e-05
39220185.0,39320185.0,1939,0.01989760117732779,0.01989760117732779,0.0005576161767059702,1.1095224294121744e-05
39230185.0,39330185.0,1934,0.021635512468694468,0.021635512468694468,0.0005579854840651498,1.2072301897842182e-05
39240185.0,39340185.0,1767,0.021416142854519656,0.021416142854519652,0.0004603853846153846,9.859679165055997e-06
39250185.0,39350185.0,1768,0.021514084660305365,0.021514084660305362,0.0004481392483056069,9.641305727652417e-06
39260185.0,39360185.0,1735,0.020358055326553298,0.02035805532655329,0.0003676242127361792,7.484114062263733e-06
39270185.0,39370185.0,1596,0.020923112414286966,0.020923112414286963,0.0003260579351929815,6.8221468316130744e-06
39280185.0,39380185.0,1448,0.020385612735479612,0.0203856127354796,0.000284976272790609,5.809415935909741e-06
39290185.0,39390185.0,1310,0.01823528120954116,0.018235281209541158,0.00025744515099310905,4.6945847243921025e-06
39300185.0,39400185.0,1066,0.016190768875204212,0.01619076887520422,0.00017933990006455163,2.9036508720473766e-06
39310185.0,39410185.0,1007,0.017182162137910902,0.01718216213791091,0.00016755541107630475,2.8789642401973834e-06
39320185.0,39420185.0,967,0.018857378779522743,0.01885737877952275,0.00016416252540560862,3.0956749229765995e-06
39330185.0,39430185.0,761,0.015426868457242919,0.015426868457242933,0.000124854692332967,1.926116914890205e-06
39340185.0,39440185.0,853,0.014306441223350924,0.01430644122335093,0.000136511512665084,1.952993932253733e-06
39350185.0,39450185.0,799,0.014148020982499948,0.014148020982499948,0.00013604316705939618,1.9247415820820638e-06
39360185.0,39460185.0,751,0.014242596401613638,0.014242596401613636,0.0001360336941857787,1.9374730033085738e-06
39370185.0,39470185.0,821,0.013126038471448467,0.013126038471448458,0.00015634323805721004,2.052167357489754e-06
39380185.0,39480185.0,831,0.01815658189719384,0.018156581897193852,0.00018645961914121015,3.38546934545694e-06
39390185.0,39490185.0,1006,0.01722619638615231,0.017226196386152307,0.00022979242137458167,3.958449378648037e-06
39400185.0,39500185.0,1108,0.016557116648437675,0.016557116648437675,0.0002579745584308893,4.271314856269465e-06
39410185.0,39510185.0,1108,0.01695490663651856,0.01695490663651856,0.00025392202188318695,4.30522417398549e-06
39420185.0,39520185.0,1095,0.015334462871242014,0.015334462871242007,0.00025811734602948294,3.958090859112681e-06
39430185.0,39530185.0,1180,0.015912308234873395,0.015912308234873385,0.0002739108637245954,4.358554092466214e-06
39440185.0,39540185.0,1113,0.016326987634231245,0.01632698763423124,0.00025387363646729423,4.1449917232587845e-06
39450185.0,39550185.0,1060,0.01668533344968402,0.016685333449684023,0.00024027375707992452,4.009047756086928e-06
39460185.0,39560185.0,1030,0.01698590163969999,0.01698590163969999,0.00022953490414533774,3.898857304690646e-06
39470185.0,39570185.0,881,0.018715289347550727,0.018715289347550734,0.0001878714056037604,3.5160677160054535e-06
39480185.0,39580185.0,735,0.013011012419072363,0.013011012419072352,0.00013150735130813308,1.7110437810694505e-06
39490185.0,39590185.0,461,0.01535686077718305,0.015356860777183057,7.553866587957497e-05,1.160036775206775e-06
39500185.0,39600185.0,356,0.018538401500508353,0.018538401500508353,5.365885201125642e-05,9.94749342641038e-07
39510185.0,39610185.0,353,0.018282012563766152,0.018282012563766162,5.458456574347943e-05,9.979157167100172e-07
39520185.0,39620185.0,311,0.02455363054190968,0.024553630541909677,3.4246780782954956e-05,8.408828025944452e-07
39530185.0,39630185.0,310,0.02263600137666434,0.02263600137666434,4.165610389610389e-05,9.429276251386755e-07
39540185.0,39640185.0,425,0.018464181838496657,0.018464181838496668,6.77936055049721e-05,1.2517534595311016e-06
39550185.0,39650185.0,570,0.018906206434304167,0.018906206434304185,8.857996691392284e-05,1.6747111404184637e-06
39560185.0,39660185.0,639,0.016860755584996234,0.016860755584996244,0.00010316813184439595,1.739492655189015e-06
39570185.0,39670185.0,728,0.016446733801879432,0.016446733801879443,0.00010836466573937233,1.7822448109451016e-06
39580185.0,39680185.0,802,0.017734915676448977,0.01773491567644899,0.0001184587441051284,2.100855837842487e-06
39590185.0,39690185.0,860,0.01639474783558985,0.01639474783558986,0.0001256823807690192,2.0605309400846487e-06
39600185.0,39700185.0,831,0.01629631986333676,0.016296319863336777,0.00011972931820173519,1.951147266434723e-06
39610185.0,39710185.0,989,0.015552717290696379,0.015552717290696388,0.00014374693066654761,2.235655374062133e-06
39620185.0,39720185.0,1064,0.015602543517897546,0.015602543517897558,0.00016642829836515326,2.5967047678519535e-06
39630185.0,39730185.0,1083,0.01452619059610897,0.014526190596108981,0.0001832356554374655,2.6617160548875494e-06
39640185.0,39740185.0,917,0.015115323037454144,0.015115323037454149,0.0001498702148664988,2.2653367113997953e-06
39650185.0,39750185.0,869,0.013743380275281263,0.013743380275281271,0.00014006907230079945,1.925022525435755e-06
39660185.0,39760185.0,798,0.013879804988386646,0.013879804988386653,0.000122462261494813,1.6997523079848021e-06
39670185.0,39770185.0,710,0.014248279752840902,0.014248279752840915,0.00011670403466600555,1.6628317342065076e-06
39680185.0,39780185.0,775,0.011610952968236046,0.011610952968236053,0.0001312073732718894,1.5234426401456903e-06
39690185.0,39790185.0,861,0.01108690422553421,0.011086904225534207,0.00015500268196297798,1.718499889624485e-06
39700185.0,39800185.0,955,0.012541443041751801,0.012541443041751806,0.0001735575538771623,2.176662176416212e-06
39710185.0,39810185.0,889,0.013090280304914667,0.013090280304914674,0.00017211058029453018,2.252975739496934e-06
39720185.0,39820185.0,1018,0.014485011307295802,0.014485011307295797,0.00021458955390168903,3.108332114693508e-06
39730185.0,39830185.0,1080,0.014548785698192391,0.014548785698192382,0.00019725780736082774,2.86986156658801e-06
39740185.0,39840185.0,1178,0.01480865380045964,0.014808653800459632,0.00020778733817492897,3.0770507551515646e-06
39750185.0,39850185.0,1291,0.015163257468066006,0.015163257468066,0.00023562613388183364,3.572859734255223e-06
39760185.0,39860185.0,1480,0.01616379734307245,0.01616379734307244,0.0002670655640874188,4.316793655222366e-06
39770185.0,39870185.0,1569,0.016593110802933624,0.016593110802933624,0.000284480562763349,4.720417499213188e-06
39780185.0,39880185.0,1559,0.01782018378334266,0.017820183783342654,0.00027635186505108104,4.924641024079798e-06
39790185.0,39890185.0,1578,0.021680038084369576,0.02168003808436957,0.0002793030836585134,6.055301490798406e-06
39800185.0,39900185.0,1729,0.021814469649597316,0.021814469649597313,0.00030831174202337945,6.725657138983483e-06
39810185.0,39910185.0,1743,0.022680395932346484,0.022680395932346477,0.0002944922147339066,6.679200029158551e-06
39820185.0,39920185.0,1544,0.02366910015635164,0.02366910015635164,0.00022095106208470526,5.229712818135139e-06
39830185.0,39930185.0,1499,0.024016762892048526,0.024016762892048526,0.00023700540848277827,5.692102699664003e-06
39840185.0,39940185.0,1564,0.023029269871488147,0.023029269871488137,0.00025285822211029967,5.82314023620278e-06
39850185.0,39950185.0,1589,0.02283033538222158,0.022830335382221578,0.0002621700261448933,5.985429624053735e-06
39860185.0,39960185.0,1532,0.022073795348252333,0.022073795348252337,0.00025160735691193744,5.553929304588788e-06
39870185.0,39970185.0,1779,0.025591734993518064,0.025591734993518064,0.0003394318983768525,8.686651191607184e-06
39880185.0,39980185.0,1751,0.0253511077822355,0.025351107782235496,0.00032950477210116067,8.353310992297482e-06
39890185.0,39990185.0,1908,0.023634784023359143,0.02363478402335914,0.00036650688044960537,8.662310962501594e-06
39900185.0,40000185.0,1899,0.023184581932249274,0.02318458193224927,0.0003739234894529854,8.669259777615334e-06
39910185.0,40010185.0,2054,0.023089386918535928,0.023089386918535924,0.0004336956193353474,1.0013765959707855e-05
39920185.0,40020185.0,2281,0.02274741114128938,0.022747411141289375,0.000516602572285696,1.1751371108430322e-05
39930185.0,40030185.0,2354,0.02243047654800471,0.022430476548004702,0.0005272700089703977,1.182691757067677e-05
39940185.0,40040185.0,2286,0.022530874645459865,0.02253087464545986,0.0005335832820120175,1.2022098039925825e-05
39950185.0,40050185.0,2264,0.023991555755804174,0.02399155575580416,0.000537473831123517,1.2894833386685525e-05
39960185.0,40060185.0,2197,0.024283676485314633,0.024283676485314626,0.0005149078834963976,1.2503856462564586e-05
39970185.0,40070185.0,1931,0.020759487738054097,0.020759487738054087,0.0004008647972326489,8.321747842768743e-06
39980185.0,40080185.0,1901,0.020873775987081133,0.020873775987081126,0.00040356246053539703,8.423872398011164e-06
39990185.0,40090185.0,1685,0.021518196355029863,0.021518196355029856,0.0003459984931564187,7.4452635142842745e-06
40000185.0,40100185.0,1435,0.021672906924606307,0.02167290692460629,0.00028190657202332466,6.1097348968963215e-06
40010185.0,40110185.0,1187,0.02146209934824935,0.021462099348249337,0.00023000500012195415,4.936390163211441e-06
40020185.0,40120185.0,1108,0.023327675752346046,0.023327675752346032,0.00020967565947242205,4.891245797332004e-06
40030185.0,40130185.0,1157,0.024724914372701582,0.02472491437270157,0.00023289726241032654,5.758364870731936e-06
40040185.0,40140185.0,1118,0.0254675976638217,0.025467597663821683,0.0002136332970362655,5.4407268565152945e-06
40050185.0,40150185.0,950,0.02571870485106489,0.02571870485106488,0.00017397987317342156,4.474537008172946e-06
40060185.0,40160185.0,976,0.025074542611056832,0.025074542611056825,0.00018979421514613877,4.759003135013935e-06
40070185.0,40170185.0,907,0.02628365299810427,0.026283652998104264,0.00016776453451405185,4.409464810555814e-06
40080185.0,40180185.0,1073,0.025605796071211346,0.02560579607121134,0.00019684450701490364,5.040360304361774e-06
40090185.0,40190185.0,1246,0.02289589110608999,0.022895891106089975,0.00023591764826912196,5.401544784774663e-06
40100185.0,40200185.0,1378,0.022631874118435587,0.022631874118435577,0.00025384392683247797,5.744963797802049e-06
40110185.0,40210185.0,1527,0.02270012886385892,0.022700128863858908,0.0002813746252647212,6.387240252529171e-06
40120185.0,40220185.0,1496,0.01988453382342463,0.01988453382342462,0.000305743111020917,6.079559232374526e-06
40130185.0,40230185.0,1395,0.01827030176115673,0.018270301761156717,0.0002623634621076518,4.7934596238086044e-06
40140185.0,40240185.0,1563,0.017852709193891893,0.017852709193891887,0.000299571837047518,5.348168889489336e-06
40150185.0,40250185.0,1767,0.016441379263801282,0.016441379263801275,0.0003858436027399478,6.343801009158915e-06
40160185.0,40260185.0,1870,0.015791723818059555,0.015791723818059548,0.0004149240989924945,6.552366776746776e-06
40170185.0,40270185.0,2003,0.01556312917850496,0.015563129178504954,0.0004767134749708964,7.419153392106064e-06
40180185.0,40280185.0,1920,0.015647834620414598,0.015647834620414594,0.0004516737771955602,7.067716567934132e-06
40190185.0,40290185.0,1754,0.014988374360765017,0.014988374360765014,0.00036370078996131463,5.451283595246125e-06
40200185.0,40300185.0,1722,0.015480731545557626,0.015480731545557631,0.0003791263330598852,5.8691529839517845e-06
40210185.0,40310185.0,1626,0.014556056400446231,0.01455605640044623,0.00034133625753896766,4.968509816254451e-06
40220185.0,40320185.0,1661,0.015299551604253874,0.015299551604253874,0.0002887377865811296,4.417558665896026e-06
40230185.0,40330185.0,1587,0.01524536952749353,0.015245369527493533,0.0002640063479062148,4.024874331434238e-06
40240185.0,40340185.0,1393,0.015339021275784735,0.01533902127578474,0.0002191803596663803,3.362012200156763e-06
40250185.0,40350185.0,1349,0.015358165884441366,0.015358165884441369,0.0001645389552575977,2.527016569298833e-06
40260185.0,40360185.0,1281,0.015127327646885683,0.01512732764688568,0.0001434927251074406,2.1706614676447504e-06
40270185.0,40370185.0,1361,0.01551375583533854,0.01551375583533854,0.00015129273806159933,2.3471185979474927e-06
40280185.0,40380185.0,1436,0.01493945132169865,0.014939451321698645,0.00016131875327396542,2.410013661813527e-06
40290185.0,40390185.0,1469,0.01386679186623113,0.013866791866231125,0.00017998595505617978,2.495827777608881e-06
40300185.0,40400185.0,1606,0.011483692374178331,0.011483692374178326,0.00020378803560339477,2.3402391104074985e-06
40310185.0,40410185.0,1765,0.014039801744360855,0.014039801744360847,0.0002528536196141013,3.5500146897260077e-06
40320185.0,40420185.0,1780,0.013839288605875891,0.013839288605875882,0.0002983205665997933,4.1285444182429506e-06
40330185.0,40430185.0,1939,0.014354021754819982,0.014354021754819977,0.0003550446342559887,5.0963184040425635e-06
40340185.0,40440185.0,2011,0.014986238723796353,0.014986238723796348,0.00037987153270226587,5.692845473450568e-06
40350185.0,40450185.0,1966,0.01636172791902044,0.016361727919020436,0.00038099806980858937,6.233786755880094e-06
40360185.0,40460185.0,1868,0.01706184021176083,0.017061840211760822,0.0003544676092464575,6.047869709207954e-06
40370185.0,40470185.0,1736,0.019704302613854217,0.019704302613854217,0.0003236415993245688,6.377132011523088e-06
40380185.0,40480185.0,1558,0.021422631921873447,0.021422631921873443,0.0002757645173186576,5.907601751630665e-06
40390185.0,40490185.0,1572,0.028139581683012786,0.028139581683012786,0.00027555329766792465,7.753954527750117e-06
40400185.0,40500185.0,1500,0.03339506878470697,0.03339506878470697,0.0002537111955648182,8.472702827337349e-06
40410185.0,40510185.0,1460,0.03454802808441768,0.03454802808441768,0.0002379046702488839,8.219137229172604e-06
40420185.0,40520185.0,1475,0.037079563633547266,0.037079563633547266,0.00024208824223977327,8.976526383063263e-06
40430185.0,40530185.0,1475,0.038183659784124406,0.03818365978412441,0.000245367833324717,9.369041869638771e-06
40440185.0,40540185.0,1557,0.03612353371390023,0.03612353371390024,0.0002695322780274901,9.736458332310391e-06
40450185.0,40550185.0,1557,0.03408557982295637,0.03408557982295637,0.00028847768923233785,9.832929303470844e-06
40460185.0,40560185.0,1776,0.03117628221512471,0.03117628221512472,0.00038435398808762283,1.1982728403128429e-05
40470185.0,40570185.0,1852,0.028611994564785574,0.02861199456478558,0.000428961129381092,1.2273433502356073e-05
40480185.0,40580185.0,1964,0.028321289524027904,0.028321289524027914,0.000500834771216769,1.4184286559330422e-05
40490185.0,40590185.0,2072,0.02564191758711175,0.02564191758711176,0.0005570374302249923,1.4283507878765787e-05
40500185.0,40600185.0,2221,0.02495823111994422,0.02495823111994423,0.0006352821365288714,1.5855518389859596e-05
40510185.0,40610185.0,2335,0.023179391961153064,0.023179391961153078,0.0007218905961409991,1.6732985081022726e-05
40520185.0,40620185.0,2297,0.022446581317303014,0.02244658131730302,0.0006764556381494716,1.5184116489270137e-05
40530185.0,40630185.0,2216,0.022727952883796143,0.02272795288379615,0.0006395284850083862,1.4535173275116109e-05
40540185.0,40640185.0,2115,0.023121590274593238,0.02312159027459325,0.0005828287974507661,1.3475928654890588e-05
40550185.0,40650185.0,2105,0.02355392893718718,0.023553928937187184,0.0005455922741388285,1.2850841653744231e-05
40560185.0,40660185.0,2034,0.023729812315686497,0.023729812315686497,0.0004934378339864624,1.170918718995762e-05
40570185.0,40670185.0,2154,0.02416735087406942,0.024167350874069425,0.00050747062913376,1.2264220752560334e-05
40580185.0,40680185.0,2198,0.02390054310370176,0.023900543103701755,0.0004834497628288055,1.155471189496419e-05
40590185.0,40690185.0,2121,0.021812007044399694,0.021812007044399697,0.0004921673388856879,1.073515746279811e-05
40600185.0,40700185.0,2111,0.021465181387766295,0.02146518138776629,0.000538712502361042,1.1563561579037356e-05
40610185.0,40710185.0,2031,0.021826219764420153,0.021826219764420153,0.00047093614110519375,1.0278755710770018e-05
40620185.0,40720185.0,1967,0.02214208175374516,0.022142081753745154,0.0004368845474056306,9.673533365603401e-06
40630185.0,40730185.0,2139,0.021854881084513948,0.02185488108451394,0.0004983927165519205,1.0892313553630085e-05
40640185.0,40740185.0,2152,0.021592634895274403,0.021592634895274403,0.0005116468203699013,1.1047802987575347e-05
40650185.0,40750185.0,2251,0.02289048478691703,0.02289048478691703,0.0005868875777051945,1.3434141169091316e-05
40660185.0,40760185.0,2259,0.022650855317655375,0.02265085531765537,0.0005576971388695046,1.2632317203603525e-05
40670185.0,40770185.0,2274,0.02534351085765247,0.025343510857652466,0.0005638351688886546,1.4289562724655906e-05
40680185.0,40780185.0,2286,0.024150336538875276,0.024150336538875272,0.0005876728359498776,1.4192496762944797e-05
40690185.0,40790185.0,2292,0.025227547317604737,0.025227547317604734,0.0005889378233703921,1.4857456806203544e-05
40700185.0,40800185.0,2245,0.02525334304875252,0.02525334304875251,0.0005372650657000453,1.356773901223386e-05
40710185.0,40810185.0,2207,0.02580879408490753,0.02580879408490752,0.0005393549151491953,1.3920099943768416e-05
40720185.0,40820185.0,2329,0.025008547047192218,0.02500854704719221,0.0006323176472945089,1.5813345631134582e-05
40730185.0,40830185.0,2141,0.026050777058141995,0.02605077705814199,0.0005664751178025514,1.4757117002859076e-05
40740185.0,40840185.0,2087,0.02440810965306259,0.024408109653062587,0.0005744176255964076,1.4020448392208986e-05
40750185.0,40850185.0,1978,0.02223103315688886,0.02223103315688885,0.0005117191182335665,1.1376044684464322e-05
40760185.0,40860185.0,1965,0.022479425764656214,0.0224794257646562,0.0005304799241000305,1.1924884073447102e-05
40770185.0,40870185.0,1871,0.02313130911146981,0.02313130911146981,0.00053678201699325,1.2416470760549116e-05
40780185.0,40880185.0,1811,0.02301086357364123,0.023010863573641224,0.0005190225456365878,1.1943156989287473e-05
40790185.0,40890185.0,1706,0.022517885001481816,0.02251788500148181,0.00045855813069908813,1.0325759253576546e-05
40800185.0,40900185.0,1646,0.02325787557817223,0.02325787557817223,0.00043119980698307656,1.0028791460144303e-05
40810185.0,40910185.0,1604,0.02283246473538354,0.02283246473538354,0.00043179994118969786,9.85905692995446e-06
40820185.0,40920185.0,1569,0.021996735045948717,0.021996735045948717,0.00041699239864864863,9.17247130924892e-06
40830185.0,40930185.0,1522,0.020158223705340265,0.020158223705340265,0.0003893522038010514,7.848648824388823e-06
40840185.0,40940185.0,1605,0.022419467201107282,0.022419467201107282,0.00038724597352221947,8.681848402142295e-06
40850185.0,40950185.0,1625,0.022109404002710643,0.022109404002710633,0.0003922812623477469,8.673104911939643e-06
40860185.0,40960185.0,1574,0.02610308529080328,0.026103085290803272,0.00037138480285490473,9.69428918462972e-06
40870185.0,40970185.0,1617,0.01981933214948386,0.019819332149483858,0.00036764811104751004,7.286540026980972e-06
40880185.0,40980185.0,1637,0.020194681489534707,0.020194681489534697,0.00037376534532846035,7.5480721007341664e-06
40890185.0,40990185.0,1710,0.02009854097122876,0.020098540971228752,0.00039328740573007614,7.904503037534183e-06
40900185.0,41000185.0,1748,0.017950770864152546,0.017950770864152542,0.0004344155212970703,7.79809348263504e-06
40910185.0,41010185.0,1851,0.017782777158583077,0.01778277715858308,0.0005142790725879808,9.145310145154828e-06
40920185.0,41020185.0,1869,0.018092151168787676,0.018092151168787672,0.0005471209990197332,9.89859582188311e-06
40930185.0,41030185.0,1968,0.017682070514108656,0.017682070514108656,0.0006302504493708807,1.1144132887324587e-05
40940185.0,41040185.0,1970,0.016798021051459357,0.016798021051459364,0.0006948960699121162,1.1672878810960143e-05
40950185.0,41050185.0,2014,0.016849711756871975,0.016849711756871985,0.0007641058455492645,1.2874963249246024e-05
40960185.0,41060185.0,2058,0.015697281103068422,0.01569728110306843,0.0008649793182142348,1.3577823506349295e-05
40970185.0,41070185.0,2004,0.016561619198419805,0.01656161919841981,0.0008615519388375663,1.4268695130688033e-05
40980185.0,41080185.0,1963,0.016131110545712028,0.016131110545712028,0.0007972863725409045,1.2861114612047127e-05
40990185.0,41090185.0,1829,0.01625535347164233,0.016255353471642336,0.0006533113776773481,1.0619807371190971e-05
41000185.0,41100185.0,1846,0.016492189454475042,0.016492189454475042,0.0006668898900614577,1.0998474412167542e-05
41010185.0,41110185.0,1806,0.01696364260272153,0.016963642602721526,0.000644630339740615,1.0935278694230765e-05
41020185.0,41120185.0,1624,0.01717222736687623,0.017172227366876222,0.0004986152230971128,8.56233397960928e-06
41030185.0,41130185.0,1503,0.015489287870190528,0.015489287870190516,0.00045986432363030104,7.122970889940174e-06
41040185.0,41140185.0,1481,0.017291731510418795,0.01729173151041878,0.00041395263582374075,7.15795783669425e-06
41050185.0,41150185.0,1504,0.019499262636250424,0.019499262636250403,0.0004177365420458283,8.14555454611067e-06
41060185.0,41160185.0,1542,0.021291839288439137,0.021291839288439116,0.00044321891891891893,9.436945991217285e-06
41070185.0,41170185.0,1546,0.02162932469236823,0.021629324692368206,0.0004375977692820315,9.46494423645707e-06
41080185.0,41180185.0,1511,0.021670017433016324,0.021670017433016307,0.00045907324794934525,9.948125286093688e-06
41090185.0,41190185.0,1548,0.021606508507935475,0.02160650850793546,0.0004844694185106227,1.0467692612884375e-05
41100185.0,41200185.0,1469,0.023562005641364184,0.023562005641364174,0.0004722635813002794,1.1127477166808023e-05
41110185.0,41210185.0,1495,0.023388748239039615,0.02338874823903961,0.0004614166278708877,1.0791957342578818e-05
41120185.0,41220185.0,1656,0.02444372150950866,0.02444372150950864,0.0005678947726963078,1.3881461670494257e-05
41130185.0,41230185.0,1750,0.02534318690801626,0.025343186908016246,0.0006780609008246987,1.718422414461819e-05
41140185.0,41240185.0,1794,0.02333214994489518,0.023332149944895172,0.0008772461872248101,2.0468039578916826e-05
41150185.0,41250185.0,1650,0.02310919483462585,0.02310919483462584,0.0007247215804750904,1.674773220405687e-05
41160185.0,41260185.0,1548,0.0192662763441781,0.0192662763441781,0.0005891470276895649,1.1350669442818301e-05
41170185.0,41270185.0,1420,0.018230826507619473,0.018230826507619473,0.0005775351421030017,1.0528942977733197e-05
41180185.0,41280185.0,1444,0.017640248997299077,0.017640248997299067,0.0006162998244359191,1.0871682360041446e-05
41190185.0,41290185.0,1499,0.01793010903736467,0.01793010903736466,0.0007943184119910876,1.4242215737386421e-05
41200185.0,41300185.0,1458,0.01596653075758747,0.015966530757587465,0.0007129956931578092,1.1384067664831639e-05
41210185.0,41310185.0,1332,0.016149171399282552,0.016149171399282545,0.0006919930851288105,1.1175114938863474e-05
41220185.0,41320185.0,1224,0.013324214055927514,0.013324214055927507,0.0006755889382041653,9.001691626449128e-06
41230185.0,41330185.0,1164,0.015147644423454648,0.015147644423454636,0.0006810659061539147,1.0316544175357335e-05
41240185.0,41340185.0,1123,0.015584431133319355,0.015584431133319344,0.0006241702127659575,9.727337696320303e-06
41250185.0,41350185.0,1149,0.01519614489997157,0.01519614489997156,0.0008001787524678513,1.2159632268379894e-05
41260185.0,41360185.0,1117,0.017790308521909087,0.01779030852190908,0.0010137564653829377,1.8035040285242626e-05
41270185.0,41370185.0,1111,0.018164893666604863,0.018164893666604856,0.0010493155845786764,1.9060706016583247e-05
41280185.0,41380185.0,1103,0.01781067868043502,0.017810678680435028,0.0010568946968738135,1.8824011845075395e-05
41290185.0,41390185.0,1074,0.018242365652140633,0.018242365652140637,0.0009940101799672787,1.8133097164913276e-05
41300185.0,41400185.0,1026,0.019234983312917685,0.01923498331291769,0.0011045622033474894,2.124623554946876e-05
41310185.0,41410185.0,972,0.019467898711527435,0.01946789871152744,0.0010237367185569558,1.9930002744138268e-05
41320185.0,41420185.0,968,0.01894266342204356,0.018942663422043565,0.0009632424121633165,1.8246376807447062e-05
41330185.0,41430185.0,932,0.01770390210615506,0.017703902106155068,0.0008235093788853451,1.457932942728673e-05
41340185.0,41440185.0,867,0.018415735072216843,0.01841573507221685,0.0008011870360926965,1.4754448199977813e-05
41350185.0,41450185.0,802,0.01786774850629631,0.017867748506296317,0.0009259137426900584,1.6543993892909492e-05
41360185.0,41460185.0,774,0.014809143977391352,0.014809143977391349,0.0007464022645644366,1.1053578600985692e-05
41370185.0,41470185.0,765,0.012983823968033955,0.012983823968033957,0.0007475502323055573,9.706060623518228e-06
41380185.0,41480185.0,712,0.013581309128282782,0.013581309128282782,0.0007900966635484876,1.0730547028876858e-05
41390185.0,41490185.0,674,0.012486417578040017,0.01248641757804002,0.0009488072752710739,1.1847203840117085e-05
41400185.0,41500185.0,692,0.010867730072374305,0.010867730072374304,0.0007755095232318331,8.428028167039337e-06
41410185.0,41510185.0,679,0.013654095053855415,0.013654095053855411,0.0006617600891184363,9.035735159670935e-06
41420185.0,41520185.0,685,0.014340498060996916,0.01434049806099691,0.0006468161724531864,9.275666066886358e-06
41430185.0,41530185.0,764,0.01692784580960942,0.016927845809609418,0.0006429300426795324,1.0883420628844744e-05
41440185.0,41540185.0,827,0.019828692347299916,0.019828692347299916,0.0006698653124310002,1.328255319432222e-05
41450185.0,41550185.0,876,0.02371633517061239,0.023716335170612394,0.0007434467713787086,1.7631832811527027e-05
41460185.0,41560185.0,856,0.02424859911683526,0.024248599116835263,0.0008905500741270898,2.1594591740975888e-05
41470185.0,41570185.0,852,0.027239221468691163,0.027239221468691174,0.0009142042816610782,2.490221289579189e-05
41480185.0,41580185.0,821,0.02881113607460213,0.02881113607460213,0.0008763084212793452,2.524744116879891e-05
41490185.0,41590185.0,831,0.030366791568742512,0.03036679156874252,0.0008861535895011956,2.6909641350275777e-05
41500185.0,41600185.0,793,0.029807006071588368,0.029807006071588368,0.0010571479651540763,3.151041581591481e-05
41510185.0,41610185.0,772,0.027803408409764217,0.02780340840976423,0.0015083556088118723,4.19374270189552e-05
41520185.0,41620185.0,741,0.027606468167565665,0.027606468167565665,0.0020825907803244917,5.7492976083093804e-05
41530185.0,41630185.0,659,0.026410554102092674,0.026410554102092674,0.003109585933068633,8.21258875204154e-05
41540185.0,41640185.0,594,0.02443328755438607,0.02443328755438607,0.003781804913646315,9.240192692971079e-05
41550185.0,41650185.0,547,0.022757792656277896,0.022757792656277885,0.003677648138437336,8.369515379730312e-05
41560185.0,41660185.0,548,0.022404326003555637,0.022404326003555623,0.003304658308751229,7.403864207962094e-05
41570185.0,41670185.0,542,0.019684480096357596,0.019684480096357586,0.003439025012761613,6.769541941458204e-05
41580185.0,41680185.0,559,0.020270924031583072,0.02027092403158306,0.0031339442989764344,6.352794680376427e-05
41590185.0,41690185.0,537,0.019042128487581904,0.019042128487581893,0.0021311305147058827,4.058126108483609e-05
41600185.0,41700185.0,516,0.01850563194523193,0.018505631945231922,0.0017945351867940922,3.3209007679579574e-05
41610185.0,41710185.0,519,0.018296708309644645,0.018296708309644635,0.00171663831235114,3.140883047424942e-05
41620185.0,41720185.0,499,0.019696477907773745,0.01969647790777375,0.001808703010867629,3.562507889527818e-05
41630185.0,41730185.0,474,0.018114964532690212,0.01811496453269021,0.0016980208139750976,3.075958682092857e-05
41640185.0,41740185.0,493,0.01710780928862908,0.017107809288629077,0.0014743558495821727,2.522299869822664e-05
41650185.0,41750185.0,497,0.013921375448811857,0.01392137544881186,0.001220657715839565,1.6993234356691623e-05
41660185.0,41760185.0,541,0.016355124610614807,0.016355124610614818,0.0013666411304051752,2.2351585985767962e-05
41670185.0,41770185.0,609,0.01407869244019166,0.014078692440191665,0.0012853604294478526,1.809619416098895e-05
41680185.0,41780185.0,629,0.01401623192884171,0.014016231928841714,0.001416306844281121,1.9851285211850224e-05
41690185.0,41790185.0,632,0.01347284855197006,0.01347284855197006,0.0012145933294324166,1.636403197967602e-05
41700185.0,41800185.0,670,0.014024819931538158,0.014024819931538151,0.0008259553245293622,1.1583874698019506e-05
41710185.0,41810185.0,735,0.012399572719174868,0.012399572719174863,0.0009199467912530011,1.1406947135913143e-05
41720185.0,41820185.0,780,0.012953304544399915,0.012953304544399904,0.0008653107645043129,1.120863385817187e-05
41730185.0,41830185.0,830,0.01250018258858872,0.012500182588588706,0.0007793436771922868,9.741938264165664e-06
41740185.0,41840185.0,784,0.012542834369200622,0.012542834369200612,0.0005289467291341315,6.634491213659767e-06
41750185.0,41850185.0,813,0.012444085007743839,0.012444085007743825,0.00045822812427274843,5.702229731389166e-06
41760185.0,41860185.0,759,0.011440798027236548,0.011440798027236541,0.00045839192593894655,5.244369441983456e-06
41770185.0,41870185.0,700,0.013693440776555417,0.01369344077655541,0.0004438160912692502,6.07736936147775e-06
41780185.0,41880185.0,671,0.013511777729914562,0.013511777729914558,0.0004298798349973098,5.8084407810560666e-06
41790185.0,41890185.0,704,0.014328266141910647,0.014328266141910642,0.00046305976121122886,6.634843498244075e-06
41800185.0,41900185.0,703,0.014570219057388437,0.014570219057388447,0.0005481096371439719,7.986077480653415e-06
41810185.0,41910185.0,716,0.016694052590766156,0.016694052590766166,0.0005313819195539625,8.870917710816151e-06
41820185.0,41920185.0,672,0.015976870746587078,0.015976870746587095,0.0005088136601112857,8.12925008169587e-06
41830185.0,41930185.0,632,0.018939055495226887,0.01893905549522691,0.0005257949494456113,9.958059726660441e-06
41840185.0,41940185.0,690,0.018464159458689594,0.01846415945868962,0.0009955552725420278,1.838209130215541e-05
41850185.0,41950185.0,657,0.021576249364003836,0.021576249364003854,0.0019578606806199073,4.224329026503353e-05
41860185.0,41960185.0,676,0.02156119448271531,0.02156119448271532,0.0019358645221156819,4.1739551453524915e-05
41870185.0,41970185.0,670,0.019012288191613894,0.019012288191613897,0.0019392411966344654,3.6869412503464664e-05
41880185.0,41980185.0,663,0.018536948606818888,0.018536948606818895,0.001922248175182482,3.5632615632909106e-05
41890185.0,41990185.0,611,0.021007060758235347,0.021007060758235357,0.0023299128661475716,4.894462114055635e-05
41900185.0,42000185.0,554,0.021520050212057728,0.021520050212057728,0.0017236849881796688,3.709378749539631e-05
41910185.0,42010185.0,526,0.02184725465863019,0.02184725465863018,0.0015028936170212765,3.283409957589356e-05
41920185.0,42020185.0,521,0.024020331238495077,0.02402033123849506,0.0015423826516607192,3.7048542189398814e-05
41930185.0,42030185.0,545,0.022624656181684116,0.02262465618168411,0.0016623379174852651,3.760982384088057e-05
41940185.0,42040185.0,566,0.019682906653516564,0.019682906653516557,0.0019682001824579696,3.873990046675434e-05
41950185.0,42050185.0,596,0.017274586271484888,0.01727458627148488,0.0017906720098643648,3.093311811833517e-05
41960185.0,42060185.0,601,0.016785306572076466,0.01678530657207647,0.0017984781811514483,3.0188007633817352e-05
41970185.0,42070185.0,584,0.017069313766239692,0.017069313766239685,0.0018429003580688974,3.145704445179342e-05
41980185.0,42080185.0,582,0.018219655845527174,0.018219655845527167,0.0019883901339344916,3.622778392692797e-05
41990185.0,42090185.0,606,0.016379798973216377,0.016379798973216373,0.001744180364282541,2.856932373997923e-05
42000185.0,42100185.0,662,0.01664336930709242,0.01664336930709242,0.002050053847074309,3.411980327628355e-05
42010185.0,42110185.0,636,0.016019805552752838,0.016019805552752838,0.002028411476557033,3.249475743541592e-05
42020185.0,42120185.0,640,0.01589505066639767,0.015895050666397677,0.0021051812240047534,3.346196221750476e-05
42030185.0,42130185.0,626,0.014876451101646001,0.014876451101646006,0.0019564755342753705,2.9105412617214108e-05
42040185.0,42140185.0,552,0.015911855737195574,0.01591185573719558,0.0008476796046287368,1.3488155580215429e-05
42050185.0,42150185.0,567,0.01689979748223009,0.016899797482230104,0.0006701044504995459,1.1324629505383496e-05
42060185.0,42160185.0,610,0.017270276769512365,0.017270276769512375,0.0006504159378866089,1.1232863262603613e-05
42070185.0,42170185.0,659,0.01589963824648356,0.01589963824648357,0.0006873391370174111,1.0928443631227063e-05
42080185.0,42180185.0,719,0.0141744924241096,0.01417449242410961,0.0007029458498850093,9.963900623754418e-06
42090185.0,42190185.0,707,0.014919649780740488,0.014919649780740495,0.0007448275862068966,1.1112566733241255e-05
42100185.0,42200185.0,685,0.013770790205837487,0.013770790205837487,0.0007463658514159618,1.0278047556650633e-05
42110185.0,42210185.0,685,0.014329005820427404,0.014329005820427398,0.0007308733665507192,1.0472688723300652e-05
42120185.0,42220185.0,682,0.012598492318640762,0.012598492318640759,0.0006847301202572947,8.62656716040353e-06
42130185.0,42230185.0,666,0.01295740314160442,0.012957403141604413,0.0006601776496302841,8.554187951336338e-06
42140185.0,42240185.0,680,0.01379376165125695,0.013793761651256942,0.001008057362507392,1.3904902989221697e-05
42150185.0,42250185.0,638,0.012361911475286194,0.012361911475286187,0.0018128527277613546,2.2410324938317332e-05
42160185.0,42260185.0,588,0.012136453851671315,0.012136453851671308,0.002091908396946565,2.5388349721465835e-05
42170185.0,42270185.0,556,0.014649823984210854,0.014649823984210839,0.0019305262215858242,2.828186934313574e-05
42180185.0,42280185.0,515,0.015068181072025148,0.015068181072025138,0.001844479090242113,2.7792944915332487e-05
42190185.0,42290185.0,508,0.011973664341326648,0.011973664341326636,0.0017087668593448939,2.0460200811378238e-05
42200185.0,42300185.0,517,0.0118055958590074,0.011805595859007392,0.0015683526999316474,1.851533813977625e-05
42210185.0,42310185.0,516,0.01241832197202318,0.012418321972023173,0.001858114077203764,2.3074658871464477e-05
42220185.0,42320185.0,513,0.013335680724656974,0.013335680724656969,0.0021232828870779976,2.8315422670199824e-05
42230185.0,42330185.0,535,0.014165715334213307,0.014165715334213297,0.00220497064183033,3.123498643246613e-05
42240185.0,42340185.0,591,0.018492043758058335,0.018492043758058328,0.002418123040752351,4.471603708196153e-05
42250185.0,42350185.0,642,0.017707662553828128,0.017707662553828114,0.001546483078964831,2.738460050751432e-05
42260185.0,42360185.0,700,0.017670716819278624,0.01767071681927862,0.0016247991099023365,2.871136495930015e-05
42270185.0,42370185.0,732,0.01843951641719209,0.01843951641719209,0.0015603450123218689,2.8772007471193e-05
42280185.0,42380185.0,838,0.01934279439227803,0.019342794392278036,0.0011921388158419,2.305929600188403e-05
42290185.0,42390185.0,866,0.018774226132955006,0.01877422613295501,0.001079571438591569,2.026811831479744e-05
42300185.0,42400185.0,888,0.01937474279371237,0.019374742793712377,0.001057358409610984,2.0486047226981627e-05
42310185.0,42410185.0,886,0.018626030618643197,0.018626030618643204,0.0009606072581176316,1.789230020218985e-05
42320185.0,42420185.0,936,0.017199344603696168,0.017199344603696178,0.000989444901055826,1.7017803819629205e-05
42330185.0,42430185.0,936,0.01689096229490957,0.016890962294909582,0.0011353234152652006,1.917670499977264e-05
42340185.0,42440185.0,935,0.011759204858893231,0.011759204858893242,0.0012604549055856332,1.4821947450178299e-05
42350185.0,42450185.0,892,0.011902231180277998,0.011902231180278009,0.0014359367023991834,1.7090850592201302e-05
42360185.0,42460185.0,843,0.012327362591709946,0.012327362591709955,0.001482919559311802,1.828048710197534e-05
42370185.0,42470185.0,845,0.011402738657527764,0.011402738657527759,0.0014878032036613272,1.696503110518268e-05
42380185.0,42480185.0,756,0.011264097396712124,0.011264097396712122,0.0020554427213606806,2.3152707006769757e-05
42390185.0,42490185.0,774,0.011334676639255538,0.011334676639255527,0.002353788860103627,2.667943560635678e-05
42400185.0,42500185.0,749,0.010900655366087817,0.01090065536608781,0.0015178360951258409,1.6545408175175583e-05
42410185.0,42510185.0,779,0.011402024175470196,0.011402024175470187,0.0014024332092233327,1.5990577356046765e-05
42420185.0,42520185.0,779,0.011492059815506047,0.011492059815506031,0.0012799544063456373,1.4709312598844651e-05
42430185.0,42530185.0,808,0.010567353755365463,0.010567353755365449,0.0011026628677880664,1.1652228596822357e-05
42440185.0,42540185.0,782,0.012091033777759446,0.012091033777759429,0.0009888253723959765,1.195592097794524e-05
42450185.0,42550185.0,774,0.013796395651463827,0.01379639565146381,0.0009811419942956211,1.353622314356868e-05
42460185.0,42560185.0,745,0.012576178680419376,0.012576178680419353,0.0007739249180653491,9.73301805481874e-06
42470185.0,42570185.0,727,0.014894406389287426,0.014894406389287409,0.0007515111133460727,1.1193311928242382e-05
42480185.0,42580185.0,732,0.01435469215770686,0.014354692157706846,0.0006589081137145821,9.45842313258816e-06
42490185.0,42590185.0,733,0.01665801274967753,0.016658012749677528,0.0006108548556180312,1.0175627973087703e-05
42500185.0,42600185.0,730,0.018010822638768176,0.018010822638768166,0.0008323813510206712,1.4991872881051594e-05
42510185.0,42610185.0,732,0.017969229992297633,0.017969229992297615,0.001027848726451704,1.84696501629008e-05
42520185.0,42620185.0,690,0.017131685664465792,0.017131685664465778,0.001135047345544862,1.9445274338160913e-05
42530185.0,42630185.0,689,0.01760170830605998,0.017601708306059973,0.0012695036109333577,2.234543225313877e-05
42540185.0,42640185.0,700,0.015428224349487972,0.01542822434948796,0.001401342572542226,2.1620227599669976e-05
42550185.0,42650185.0,737,0.014431512469120167,0.014431512469120162,0.0014031727614627512,2.024990520337938e-05
42560185.0,42660185.0,791,0.014304778476467408,0.014304778476467408,0.0016141605473965288,2.3090209055960623e-05
42570185.0,42670185.0,804,0.011633719751198516,0.011633719751198514,0.001339374959643572,1.5581912922266048e-05
42580185.0,42680185.0,820,0.011493910099867022,0.01149391009986702,0.001309289032889106,1.5048850438769061e-05
42590185.0,42690185.0,828,0.010602081664966827,0.010602081664966826,0.0012674994243610407,1.3438132407374172e-05
42600185.0,42700185.0,833,0.010753446374285667,0.010753446374285668,0.0010770255519722154,1.1581736516868632e-05
42610185.0,42710185.0,813,0.010655685254951466,0.01065568525495147,0.0009850325996586882,1.049619734782967e-05
42620185.0,42720185.0,850,0.010627119974357864,0.010627119974357863,0.0009512911973299958,1.0109485684576434e-05
42630185.0,42730185.0,810,0.012095129366520227,0.012095129366520229,0.0009843145518142358,1.1905411841541602e-05
42640185.0,42740185.0,820,0.013318939308532356,0.013318939308532358,0.000875825414720567,1.1665065543533597e-05
42650185.0,42750185.0,786,0.012307403284363836,0.012307403284363834,0.0008778786242419209,1.0804406263267714e-05
42660185.0,42760185.0,777,0.013453233020520792,0.013453233020520787,0.000936012958963283,1.2592400447160231e-05
42670185.0,42770185.0,786,0.01338746853643002,0.013387468536430008,0.0010180170629511837,1.3628671399807838e-05
42680185.0,42780185.0,772,0.014552759198075587,0.014552759198075582,0.000978839892751125,1.4244821252677215e-05
42690185.0,42790185.0,732,0.015184521894557485,0.015184521894557471,0.0008954735824742268,1.3597338219077796e-05
42700185.0,42800185.0,721,0.015161186837618017,0.015161186837618008,0.0010340002131173744,1.5676670421209545e-05
42710185.0,42810185.0,726,0.014937380797243157,0.014937380797243154,0.0012497097114707951,1.866738984625213e-05
42720185.0,42820185.0,714,0.016199401296652028,0.01619940129665203,0.000982418708877658,1.591459490644791e-05
42730185.0,42830185.0,740,0.014374422746204938,0.014374422746204932,0.0008738372594701871,1.2560906179009678e-05
42740185.0,42840185.0,716,0.014439114809985177,0.014439114809985169,0.0009103136083628896,1.3144122704243657e-05
42750185.0,42850185.0,732,0.017088487243987073,0.01708848724398707,0.0008583561213968711,1.466800763128868e-05
42760185.0,42860185.0,736,0.016061852059365778,0.016061852059365774,0.0008061401576884113,1.2948103951905135e-05
42770185.0,42870185.0,720,0.01832328611121708,0.01832328611121707,0.0008247845308801858,1.5112762939423501e-05
42780185.0,42880185.0,701,0.017840720319296188,0.01784072031929618,0.0008218279251247098,1.466200216273738e-05
42790185.0,42890185.0,715,0.019698570373733626,0.019698570373733626,0.0008783765103420029,1.730276150360652e-05
42800185.0,42900185.0,740,0.019912478114023136,0.01991247811402313,0.0008954734053189363,1.783109458510323e-05
42810185.0,42910185.0,754,0.02173001878376634,0.021730018783766333,0.0007889531443326698,1.7143966645860543e-05
42820185.0,42920185.0,741,0.02064930106885021,0.020649301068850184,0.0009754876551630065,2.0143138280407714e-05
42830185.0,42930185.0,739,0.01976269577723189,0.01976269577723188,0.0012091756895597882,2.3896571293994787e-05
42840185.0,42940185.0,743,0.02130404749068145,0.021304047490681443,0.0012899622700833203,2.7481417463042525e-05
42850185.0,42950185.0,719,0.019706291367426555,0.01970629136742655,0.0013305623273200064,2.6220448904689228e-05
42860185.0,42960185.0,681,0.020706178559652493,0.020706178559652483,0.0013412787246671752,2.7772756771221265e-05
42870185.0,42970185.0,665,0.02494443561135432,0.02494443561135431,0.0014627001392272887,3.648622944167436e-05
42880185.0,42980185.0,685,0.028403545872640136,0.028403545872640126,0.0016082175502742232,4.56790809623992e-05
42890185.0,42990185.0,698,0.02565549959085689,0.025655499590856876,0.00183740595692054,4.713956777601296e-05
42900185.0,43000185.0,688,0.02785012281016126,0.027850122810161252,0.0016533736621684504,4.6046659542477245e-05
42910185.0,43010185.0,693,0.031018785990169915,0.031018785990169898,0.0016933912248628885,5.252694000165381e-05
42920185.0,43020185.0,696,0.032298211939153824,0.0322982119391538,0.0016549233838063287,5.3451066193238154e-05
42930185.0,43030185.0,735,0.03310201536713533,0.03310201536713532,0.0013918477840513574,4.6072966736381094e-05
42940185.0,43040185.0,746,0.03289001644402497,0.03289001644402494,0.0012750979522436607,4.193799261703655e-05
42950185.0,43050185.0,795,0.03541129614542303,0.03541129614542301,0.0012021569822565352,4.2569936911974095e-05
42960185.0,43060185.0,866,0.033880960733205914,0.03388096073320591,0.000995721895461103,3.3736014441311086e-05
42970185.0,43070185.0,860,0.02939380024697329,0.02939380024697328,0.0006557699375229696,1.9275570551520462e-05
42980185.0,43080185.0,855,0.02832825800267125,0.028328258002671237,0.00058833960334563,1.666663607676437e-05
42990185.0,43090185.0,800,0.03039979491740998,0.030399794917409958,0.0004040547270564148,1.228318083792506e-05
43000185.0,43100185.0,731,0.027832911713030446,0.027832911713030425,0.00029277709999548144,8.148839175771287e-06
43010185.0,43110185.0,681,0.02333327076714835,0.02333327076714834,0.00020346252250544872,4.74744612858668e-06
43020185.0,43120185.0,613,0.023367175154315467,0.023367175154315446,0.00016115743774574052,3.765794075225412e-06
43030185.0,43130185.0,511,0.027197150421637704,0.027197150421637676,0.00011081756855843965,3.0139220814440274e-06
43040185.0,43140185.0,447,0.028249431419742232,0.02824943141974221,8.071190008966978e-05,2.2800652863402206e-06
43050185.0,43150185.0,349,0.020219609543331744,0.02021960954333173,5.017840152235965e-05,1.0145876862906306e-06
43060185.0,43160185.0,262,0.027379753214575198,0.027379753214575177,3.263445914187873e-05,8.935234375957772e-07
43070185.0,43170185.0,209,0.030652090396808978,0.03065209039680896,2.5260857304004512e-05,7.742980815832381e-07
43080185.0,43180185.0,150,0.0061155626975995196,0.00611556269759952,7.597101005461134e-06,4.646054751889352e-08
43090185.0,43190185.0,134,0.006633027316437476,0.006633027316437477,9.204892643063294e-06,6.105630434631414e-08
43100185.0,43200185.0,215,0.012512781435976096,0.012512781435976096,2.9701375290313765e-05,3.7164681735559456e-07
43110185.0,43210185.0,293,0.018881811709181247,0.01888181170918124,4.5266191677799226e-05,8.547077080519151e-07
43120185.0,43220185.0,346,0.02030045695979039,0.02030045695979038,5.660669103176834e-05,1.149141694926556e-06
43130185.0,43230185.0,334,0.02044562489080113,0.02044562489080112,5.593213556880478e-05,1.1435674631812172e-06
43140185.0,43240185.0,412,0.024593950828591574,0.02459395082859157,9.065681264033723e-05,2.2296091923533043e-06
43150185.0,43250185.0,651,0.020935818094239052,0.020935818094239052,0.0001973339613026761,4.131347917648469e-06
43160185.0,43260185.0,736,0.020315184846580247,0.02031518484658024,0.0002787119714830239,5.662085219632436e-06
43170185.0,43270185.0,810,0.02126688732797185,0.021266887327971853,0.00033114732429472416,7.042472834735303e-06
43180185.0,43280185.0,910,0.020562260810639513,0.020562260810639513,0.0004515764399199982,9.28543253357514e-06
43190185.0,43290185.0,987,0.02363936742695007,0.023639367426950074,0.0005871409888193661,1.3879641566123825e-05
43200185.0,43300185.0,996,0.02404709565771962,0.024047095657719626,0.0005971255974508763,1.4359136361574231e-05
43210185.0,43310185.0,988,0.026376415227108038,0.026376415227108038,0.0006622327540810953,1.7467326098634424e-05
43220185.0,43320185.0,1024,0.029719201602608485,0.0297192016026085,0.0007665768616717984,2.2782052295919134e-05
43230185.0,43330185.0,1136,0.0285039683442917,0.02850396834429171,0.0010562939194034132,3.0108568440942714e-05
43240185.0,43340185.0,1195,0.027159298309619623,0.02715929830961963,0.0012901308638754837,3.5039048990441526e-05
43250185.0,43350185.0,1028,0.030969020496619627,0.030969020496619627,0.0010700549791244677,3.313855458101545e-05
43260185.0,43360185.0,962,0.033617860804343584,0.0336178608043436,0.0008461188610052492,2.844470609320426e-05
43270185.0,43370185.0,991,0.03667105861389073,0.036671058613890736,0.0010526622619510299,3.860223950863712e-05
43280185.0,43380185.0,988,0.03790189652835114,0.03790189652835114,0.0010170475032493396,3.854802923257425e-05
43290185.0,43390185.0,962,0.03532180362998818,0.03532180362998819,0.0008439851529965599,2.9811077840770098e-05
43300185.0,43400185.0,947,0.03459944562981909,0.0345994456298191,0.000822497593840231,2.8457960778732193e-05
43310185.0,43410185.0,934,0.033092050671123203,0.03309205067112321,0.0007030984085742125,2.3266968163323966e-05
43320185.0,43420185.0,912,0.02838855352756365,0.02838855352756366,0.0006951168104003089,1.9733360779958428e-05
43330185.0,43430185.0,857,0.029554607176919104,0.029554607176919104,0.0006834065562690098,2.019781231266165e-05
43340185.0,43440185.0,796,0.029166450810754797,0.029166450810754807,0.0006931414113785559,2.0216474879869888e-05
43350185.0,43450185.0,800,0.02463404144783399,0.02463404144783399,0.000721881954192201,1.778286998001403e-05
43360185.0,43460185.0,828,0.02374441963389233,0.02374441963389233,0.0008806667702225155,2.0910921349788026e-05
43370185.0,43470185.0,794,0.018468246977538866,0.01846824697753887,0.0008241263671353989,1.5220169288958377e-05
43380185.0,43480185.0,752,0.017582066201850984,0.01758206620185098,0.0008161287140433255,1.4349229079541028e-05
43390185.0,43490185.0,759,0.020329878913459994,0.020329878913459994,0.0007031897462039836,1.4295762393513807e-05
43400185.0,43500185.0,791,0.022787125578807122,0.02278712557880711,0.0007931912702499307,1.8074549083198763e-05
43410185.0,43510185.0,786,0.024833121270796985,0.02483312127079699,0.0009404703739895177,2.3354814848873618e-05
43420185.0,43520185.0,809,0.025221854756657162,0.025221854756657166,0.0009120977353992848,2.300479660611673e-05
43430185.0,43530185.0,815,0.02601811661310678,0.026018116613106778,0.0008551106042348081,2.224836741808537e-05
43440185.0,43540185.0,781,0.026212355087043223,0.026212355087043223,0.0009281464947843121,2.432890549408095e-05
43450185.0,43550185.0,772,0.028456027740989893,0.028456027740989896,0.000979073367041585,2.7860538892999825e-05
43460185.0,43560185.0,736,0.030432544509363606,0.0304325445093636,0.0008394817073170731,2.5547564422723414e-05
43470185.0,43570185.0,750,0.03129881189811517,0.031298811898115154,0.0008782105052925904,2.7486945412101328e-05
43480185.0,43580185.0,745,0.03330782487626764,0.03330782487626764,0.0008127640609680008,2.7071403008446326e-05
43490185.0,43590185.0,749,0.029029702499775586,0.029029702499775576,0.0010897202957528514,3.1634255993672484e-05
43500185.0,43600185.0,707,0.027595565887184564,0.02759556588718456,0.0009041863841686385,2.495153493862091e-05
43510185.0,43610185.0,698,0.02325938195163071,0.02325938195163071,0.0008135682841673835,1.8923095465181965e-05
43520185.0,43620185.0,666,0.02306750541411642,0.023067505414116424,0.0006731033013844517,1.5526814048945477e-05
43530185.0,43630185.0,685,0.021043678037079253,0.02104367803707925,0.0007615413768503656,1.6025631546353147e-05
43540185.0,43640185.0,719,0.02127586725579278,0.02127586725579278,0.0007610008095096076,1.619095220467737e-05
43550185.0,43650185.0,784,0.021872950241153214,0.021872950241153214,0.0007352712282323934,1.6082550988878708e-05
43560185.0,43660185.0,853,0.021050500947314605,0.021050500947314605,0.0008139917780061666,1.7134934694025082e-05
43570185.0,43670185.0,831,0.02145486141466176,0.02145486141466176,0.000822353065539112,1.764347105506373e-05
43580185.0,43680185.0,858,0.02244401133499322,0.02244401133499322,0.0007977248058779326,1.7904144585329522e-05
43590185.0,43690185.0,835,0.024185607412391494,0.024185607412391497,0.0007619657057654077,1.842860342134795e-05
43600185.0,43700185.0,799,0.0242557800880889,0.024255780088088902,0.0008145467574346113,1.9757467019799857e-05
43610185.0,43710185.0,812,0.024051465950763167,0.02405146595076317,0.0008979725759059745,2.159755683412154e-05
43620185.0,43720185.0,912,0.02147506739422439,0.02147506739422439,0.001066073943661972,2.2894009787367424e-05
43630185.0,43730185.0,938,0.023782236737870666,0.023782236737870666,0.0011296568504490041,2.686576664993545e-05
43640185.0,43740185.0,969,0.02460871270319688,0.02460871270319688,0.0010286064627813042,2.5312680927236872e-05
43650185.0,43750185.0,837,0.024723122834161112,0.0247231228341611,0.0006655142390712861,1.645359028044264e-05
43660185.0,43760185.0,824,0.0245079110659463,0.024507911065946294,0.0006802336501258405,1.667110580134801e-05
43670185.0,43770185.0,797,0.024018262237340413,0.024018262237340406,0.0006620221669305587,1.590062201227049e-05
43680185.0,43780185.0,788,0.020000613755365885,0.02000061375536588,0.0007341629808895936,1.4683710214260794e-05
43690185.0,43790185.0,829,0.018595108915302264,0.01859510891530226,0.000868946910356832,1.6158162439700664e-05
43700185.0,43800185.0,859,0.018799959429297453,0.01879995942929745,0.0009195036239841863,1.7286630825994672e-05
43710185.0,43810185.0,832,0.019109044375022866,0.019109044375022855,0.0008882006098107793,1.6972664866796515e-05
43720185.0,43820185.0,776,0.02117652670348811,0.021176526703488102,0.0009502640934484509,2.0123292950276993e-05
43730185.0,43830185.0,770,0.02117634461504018,0.02117634461504017,0.0008924774890661179,1.8899410869629812e-05
43740185.0,43840185.0,764,0.019815434222457518,0.019815434222457514,0.0007635423035319569,1.5129922291701055e-05
43750185.0,43850185.0,880,0.01975818027533022,0.019758180275330228,0.0014708644568938688,2.9061605099884717e-05
43760185.0,43860185.0,846,0.01897254423878923,0.018972544238789236,0.0014758262323803458,2.8000178482602046e-05
43770185.0,43870185.0,847,0.020599843268283898,0.0205998432682839,0.0010081194271818429,2.0767102195658124e-05
43780185.0,43880185.0,825,0.020570139134978085,0.020570139134978085,0.0007801675858236073,1.604815578899137e-05
43790185.0,43890185.0,783,0.021323451904350737,0.021323451904350737,0.0005440825876084432,1.1601718888863388e-05
43800185.0,43900185.0,764,0.02131574645230678,0.021315746452306775,0.0004138035458649928,8.820531464723665e-06
43810185.0,43910185.0,782,0.02067982446938587,0.020679824469385863,0.00039537175238432546,8.176218439461305e-06
43820185.0,43920185.0,767,0.021875656072743947,0.02187565607274394,0.00034828646542415853,7.61899493241055e-06
43830185.0,43930185.0,781,0.021728633987804842,0.021728633987804835,0.0003386867475232129,7.359200373451965e-06
43840185.0,43940185.0,810,0.022487701417325815,0.022487701417325815,0.00040102534955098327,9.018138321481184e-06
43850185.0,43950185.0,780,0.02193933978812385,0.021939339788123843,0.0003949877542327761,8.665770552260847e-06
43860185.0,43960185.0,758,0.021603346288614884,0.021603346288614884,0.00033307214938126106,7.195472982176645e-06
43870185.0,43970185.0,820,0.023008571882217034,0.023008571882217038,0.0003691371850830845,8.49331945738338e-06
43880185.0,43980185.0,842,0.025639521652329966,0.02563952165232996,0.00036915904831121146,9.465061412328875e-06
43890185.0,43990185.0,889,0.024237629083118013,0.024237629083118002,0.00046763377308707126,1.1334333938823378e-05
43900185.0,44000185.0,936,0.024041120677563005,0.024041120677563005,0.0005383730203942121,1.2943090752841394e-05
43910185.0,44010185.0,917,0.0241503257912739,0.024150325791273897,0.000554638619201726,1.3394703350143954e-05
43920185.0,44020185.0,917,0.022237598499344046,0.022237598499344046,0.00062141325963997,1.3818738570042299e-05
43930185.0,44030185.0,925,0.021067249923060093,0.02106724992306009,0.0006288116649537514,1.3247332500116333e-05
43940185.0,44040185.0,866,0.020308324270306276,0.020308324270306263,0.000611010771406811,1.2408604878379496e-05
43950185.0,44050185.0,846,0.020257226127585598,0.02025722612758559,0.0006238038204041521,1.2636535049178712e-05
43960185.0,44060185.0,854,0.01971729012788806,0.01971729012788805,0.0008105012167360075,1.5980887639390175e-05
43970185.0,44070185.0,795,0.016457806906560877,0.016457806906560877,0.0009302462848942179,1.5309813732334863e-05
43980185.0,44080185.0,811,0.0147711640938488,0.014771164093848791,0.0011899017341040462,1.757623377000615e-05
43990185.0,44090185.0,740,0.014155194884124951,0.014155194884124953,0.000839464367816092,1.1882781724715539e-05
44000185.0,44100185.0,732,0.01311299044775833,0.013112990447758321,0.0010379703534777651,1.361089533021022e-05
44010185.0,44110185.0,729,0.013733640545379018,0.01373364054537901,0.0011590712181597644,1.5918267476700784e-05
44020185.0,44120185.0,719,0.015052268034393718,0.015052268034393705,0.0011828453252395405,1.7804504878734842e-05
44030185.0,44130185.0,674,0.014245162173208845,0.01424516217320884,0.0012393814013430102,1.765518905658968e-05
44040185.0,44140185.0,640,0.014530157182426905,0.014530157182426897,0.0012736293577981653,1.850603476096082e-05
44050185.0,44150185.0,615,0.014649069456084142,0.014649069456084131,0.001209538211861906,1.7718609275352947e-05
44060185.0,44160185.0,620,0.015018743155981592,0.015018743155981585,0.0012970264656100938,1.9479707353508697e-05
44070185.0,44170185.0,634,0.01465872287627233,0.014658722876272318,0.0013898696591084373,2.0373714167009618e-05
44080185.0,44180185.0,590,0.015511671431882606,0.015511671431882588,0.001419456241152469,2.201813882469227e-05
44090185.0,44190185.0,610,0.01613555566330788,0.01613555566330787,0.0027740768339129,4.4761271167895003e-05
44100185.0,44200185.0,574,0.016195506694334904,0.016195506694334897,0.002591681094182826,4.197358851041954e-05
44110185.0,44210185.0,567,0.01635950756543433,0.016359507565434327,0.002359001058948112,3.859209567072968e-05
44120185.0,44220185.0,567,0.021996113178032295,0.02199611317803228,0.0019668011738811445,4.326198121937655e-05
44130185.0,44230185.0,583,0.020854645498253225,0.02085464549825321,0.002395521746604779,4.995775680879938e-05
44140185.0,44240185.0,599,0.021259239570930868,0.021259239570930854,0.0021638934696569926,4.600272967741097e-05
44150185.0,44250185.0,629,0.019816470396227862,0.019816470396227852,0.0022706826658018485,4.4996915826089946e-05
44160185.0,44260185.0,638,0.017182178067796566,0.01718217806779655,0.0023790568434423624,4.08773783174366e-05
44170185.0,44270185.0,662,0.01802110730611312,0.018021107306113105,0.0020047585778605807,3.612796945447617e-05
44180185.0,44280185.0,650,0.015166720478580238,0.015166720478580222,0.0021693057455540355,3.290125387539607e-05
44190185.0,44290185.0,675,0.015000905637701158,0.015000905637701146,0.002142501266677926,3.213945933009092e-05
44200185.0,44300185.0,723,0.014132377441607946,0.014132377441607932,0.00241524154589372,3.413310513922255e-05
44210185.0,44310185.0,742,0.014706868307489898,0.014706868307489893,0.0024118553555080866,3.547083909017158e-05
44220185.0,44320185.0,763,0.008254415626492833,0.008254415626492836,0.0025292958927074605,2.08778595407889e-05
44230185.0,44330185.0,775,0.009533121749875632,0.009533121749875638,0.0025438965628011563,2.425127565227357e-05
44240185.0,44340185.0,808,0.01150834060287225,0.011508340602872251,0.0029558696693818875,3.401715493294622e-05
44250185.0,44350185.0,837,0.01286873468554263,0.012868734685542626,0.0027099860529986052,3.4874091517559907e-05
44260185.0,44360185.0,845,0.014584622221954759,0.014584622221954755,0.002297793354101765,3.351244801369219e-05
44270185.0,44370185.0,847,0.015303128621852595,0.015303128621852595,0.0022975473321858865,3.515966233923467e-05
44280185.0,44380185.0,891,0.015601487270064919,0.015601487270064919,0.002200351170568562,3.432875077729783e-05
44290185.0,44390185.0,887,0.01599468782400882,0.015994687824008813,0.002105847698014401,3.368237653464794e-05
44300185.0,44400185.0,845,0.01733071262126456,0.01733071262126456,0.0015598351747871764,2.7033055150776527e-05
44310185.0,44410185.0,817,0.01521379650612542,0.015213796506125414,0.0015779737417943107,2.4006971399668115e-05
44320185.0,44420185.0,773,0.015948414512523344,0.015948414512523337,0.0016317581717199309,2.6023955706786718e-05
44330185.0,44430185.0,724,0.014166465097583266,0.014166465097583255,0.0016014467424021748,2.2686839381878646e-05
44340185.0,44440185.0,689,0.011567239357293205,0.011567239357293197,0.001458893017052491,1.6875364724929688e-05
44350185.0,44450185.0,651,0.009234305799096973,0.00923430579909697,0.001472272770807394,1.3595416985319395e-05
44360185.0,44460185.0,646,0.012778269031730584,0.01277826903173058,0.0017568106474258973,2.244899909061732e-05
44370185.0,44470185.0,640,0.013432634903711823,0.013432634903711821,0.0019638495754144766,2.6379674352352113e-05
44380185.0,44480185.0,644,0.013515146050257923,0.013515146050257923,0.0019129221869751817,2.585342273974795e-05
44390185.0,44490185.0,677,0.01526441195501759,0.015264411955017588,0.0019415229004291093,2.963620537225042e-05
44400185.0,44500185.0,710,0.016351657045164426,0.016351657045164423,0.0024096,3.940095281602821e-05
44410185.0,44510185.0,762,0.018997941726392936,0.018997941726392933,0.0025531297461488397,4.8504210137256305e-05
44420185.0,44520185.0,816,0.022975377441233263,0.02297537744123326,0.002278294960116026,5.234468663112501e-05
44430185.0,44530185.0,832,0.024717141094197585,0.02471714109419759,0.0017252734715790888,4.2643827823096474e-05
44440185.0,44540185.0,851,0.024376111923769005,0.024376111923769,0.001805841670583496,4.401939867874945e-05
44450185.0,44550185.0,881,0.02568353885358461,0.025683538853584605,0.0019015293118096858,4.883800196109417e-05
44460185.0,44560185.0,882,0.0260929373373055,0.026092937337305486,0.0017362254343491882,4.5303221461909415e-05
44470185.0,44570185.0,927,0.025589263778939088,0.02558926377893908,0.0015261437479488023,3.905289493084079e-05
44480185.0,44580185.0,945,0.02623208118766697,0.026232081187666963,0.0013286407472554137,3.485301195124665e-05
44490185.0,44590185.0,894,0.02473514924883458,0.024735149248834576,0.001093572553202296,2.7049680317888136e-05
44500185.0,44600185.0,858,0.02432935174093475,0.024329351740934743,0.0008350602607872979,2.0316474809570774e-05
44510185.0,44610185.0,873,0.023799071859345104,0.0237990718593451,0.000773983412049303,1.8420086841302297e-05
44520185.0,44620185.0,791,0.019153101263867028,0.01915310126386702,0.0005721261511959186,1.0957990109561952e-05
44530185.0,44630185.0,741,0.017765820251701,0.017765820251700988,0.0004346891440855349,7.72260919918933e-06
44540185.0,44640185.0,670,0.019671417883941927,0.019671417883941923,0.00028660094289231053,5.637846913566412e-06
44550185.0,44650185.0,673,0.01896162463227311,0.01896162463227311,0.0002551386421391144,4.837843161429747e-06
44560185.0,44660185.0,656,0.015664950119407363,0.015664950119407366,0.0002387930118382181,3.74068061930874e-06
44570185.0,44670185.0,596,0.018444341735967092,0.018444341735967092,0.0002195675338775182,4.049778628960484e-06
44580185.0,44680185.0,534,0.01847172079235889,0.01847172079235889,0.00019093807799013565,3.526954865263475e-06
44590185.0,44690185.0,505,0.020098590062018428,0.02009859006201842,0.00015067754741949715,3.0284062571348356e-06
44600185.0,44700185.0,547,0.018797184974056958,0.018797184974056972,0.00017908822114956453,3.366354419623189e-06
44610185.0,44710185.0,456,0.01702790678862825,0.01702790678862827,0.0001380242258027654,2.350263651542068e-06
44620185.0,44720185.0,430,0.016476722340531318,0.01647672234053133,0.0001259359407444138,2.0750115283393078e-06
44630185.0,44730185.0,461,0.016023305117452993,0.016023305117453004,0.0001409783609948448,2.2589392931788372e-06
44640185.0,44740185.0,499,0.015308242105736676,0.015308242105736686,0.00016910363497123725,2.5886793850998495e-06
44650185.0,44750185.0,519,0.015526470505414955,0.015526470505414969,0.0001619215881245783,2.5140707622062146e-06
44660185.0,44760185.0,624,0.014864840099007086,0.014864840099007105,0.00019140817157114293,2.8452518640483545e-06
44670185.0,44770185.0,655,0.014951197119340074,0.014951197119340096,0.00023000853121000992,3.438902889250732e-06
44680185.0,44780185.0,759,0.014621537907174943,0.014621537907174968,0.0003148528803878096,4.6036333257735655e-06
44690185.0,44790185.0,860,0.014863241639286375,0.01486324163928639,0.00037644991031482585,5.595265982096932e-06
44700185.0,44800185.0,803,0.01471223867156828,0.014712238671568288,0.00032114124712397145,4.72470667497296e-06
44710185.0,44810185.0,813,0.015452124651371652,0.015452124651371663,0.0003284724267232071,5.075596882265502e-06
44720185.0,44820185.0,844,0.016110072493281617,0.016110072493281623,0.00036363474769443105,5.858182146433364e-06
44730185.0,44830185.0,811,0.0161403273299631,0.01614032732996311,0.00033544274501911853,5.414155705069963e-06
44740185.0,44840185.0,815,0.016885085341828535,0.01688508534182854,0.00031951390624099024,5.395019574780095e-06
44750185.0,44850185.0,782,0.021588715148640716,0.02158871514864072,0.00031253761102048214,6.747285457557858e-06
44760185.0,44860185.0,699,0.023211480374771883,0.023211480374771883,0.0002902932206921372,6.738135395024841e-06
44770185.0,44870185.0,683,0.02367225214350416,0.023672252143504158,0.0002845111115508678,6.735018770260825e-06
44780185.0,44880185.0,539,0.02845942619797135,0.02845942619797135,0.00017338350391330525,4.934395033566399e-06
44790185.0,44890185.0,499,0.02647714227640291,0.0264771422764029,0.00017758398807911138,4.701916518381687e-06
44800185.0,44900185.0,568,0.02637744866513162,0.026377448665131607,0.00023259802533461704,6.135342472874841e-06
44810185.0,44910185.0,629,0.025135991129281787,0.02513599112928178,0.00025485750371773716,6.4060959526799685e-06
44820185.0,44920185.0,708,0.02317927465741482,0.023179274657414803,0.0003347120453936199,7.75838243132381e-06
44830185.0,44930185.0,799,0.022738429098825872,0.022738429098825855,0.0004557462220895846,1.0362953158041762e-05
44840185.0,44940185.0,837,0.021591225847262835,0.02159122584726282,0.0005435732229939413,1.1736412222186928e-05
44850185.0,44950185.0,814,0.0178114963331368,0.017811496333136792,0.0005594755398854121,9.965096527148752e-06
44860185.0,44960185.0,806,0.018112672800644197,0.018112672800644186,0.0005613347957681949,1.0167273487365742e-05
44870185.0,44970185.0,750,0.016764427408318787,0.016764427408318783,0.0004445200990387417,7.452124931873681e-06
44880185.0,44980185.0,748,0.016785674486804934,0.016785674486804923,0.0004450105513377155,7.469802257948379e-06
44890185.0,44990185.0,768,0.016788614425309194,0.0167886144253092,0.0004587190844385274,7.701257838169467e-06
44900185.0,45000185.0,757,0.015481804216490706,0.015481804216490699,0.0004432428600886689,6.862199180250131e-06
44910185.0,45010185.0,736,0.015445269643802342,0.015445269643802335,0.0005165379101624722,7.978067303705614e-06
44920185.0,45020185.0,685,0.014879033611267094,0.014879033611267094,0.0004791014142322939,7.128566045567879e-06
44930185.0,45030185.0,635,0.013572239122716004,0.013572239122716004,0.00047682334799246104,6.471560498247801e-06
44940185.0,45040185.0,572,0.013561342789221852,0.013561342789221853,0.00044553142650034734,6.042004398142251e-06
44950185.0,45050185.0,576,0.011952404413128531,0.011952404413128528,0.00046975308641975314,5.6146788632042034e-06
44960185.0,45060185.0,585,0.011168515017566924,0.011168515017566917,0.00048696068095740113,5.438627678237375e-06
44970185.0,45070185.0,596,0.01129262703636717,0.011292627036367162,0.0006401736111111112,7.229241828802237e-06
44980185.0,45080185.0,632,0.01282950667064581,0.0128295066706458,0.0013980190877816003,1.7935895212384365e-05
44990185.0,45090185.0,603,0.012852098731464937,0.012852098731464924,0.0018044456145629609,2.319091319392227e-05
45000185.0,45100185.0,570,0.01432639457418917,0.014326394574189159,0.0019512760241773002,2.7954750245519078e-05
45010185.0,45110185.0,584,0.01499389028057118,0.014993890280571161,0.0016427102338696302,2.4630617009412773e-05
45020185.0,45120185.0,569,0.01641742596143619,0.01641742596143618,0.0009283197451035517,1.5240620683776985e-05
45030185.0,45130185.0,552,0.019040000543935814,0.01904000054393581,0.0005167140656475885,9.838236090989377e-06
45040185.0,45140185.0,592,0.020299304108677068,0.020299304108677065,0.0005184255624965449,1.052367815082929e-05
45050185.0,45150185.0,568,0.021772005338191895,0.02177200533819189,0.0003538223953415172,7.703423080147338e-06
45060185.0,45160185.0,552,0.023090611433850772,0.02309061143385077,0.00031760069107007884,7.333594148621694e-06
45070185.0,45170185.0,630,0.02393678932033943,0.023936789320339425,0.00038037721246382664,9.105009197004613e-06
45080185.0,45180185.0,639,0.023037087159253716,0.023037087159253705,0.00037881883877398457,8.726882606403532e-06
45090185.0,45190185.0,642,0.023555608536656666,0.023555608536656662,0.00040079853945070644,9.441053497364553e-06
45100185.0,45200185.0,631,0.02318902189083376,0.02318902189083375,0.0003419335423548514,7.929104398876986e-06
45110185.0,45210185.0,615,0.02186635696446831,0.021866356964468307,0.000350327466230045,7.660385431043902e-06
45120185.0,45220185.0,617,0.02083412912602083,0.020834129126020815,0.0004038032953966366,8.412889997806223e-06
45130185.0,45230185.0,626,0.019364520941642354,0.019364520941642344,0.000518141220762576,1.003355652018499e-05
45140185.0,45240185.0,638,0.017986493842749706,0.017986493842749692,0.0005558782594457408,9.998300890839234e-06
45150185.0,45250185.0,646,0.018655923934308226,0.01865592393430821,0.000649734280205051,1.2121393309017971e-05
45160185.0,45260185.0,636,0.017938137964805725,0.01793813796480571,0.0005193275835154543,9.3157698420294e-06
45170185.0,45270185.0,580,0.016182075378770186,0.01618207537877017,0.00036749566133630843,5.946842493115122e-06
45180185.0,45280185.0,589,0.014129407006626902,0.01412940700662689,0.0003191509775021552,4.5094140576907546e-06
45190185.0,45290185.0,574,0.016046172312754115,0.01604617231275411,0.00030323440824559953,4.865751565864937e-06
45200185.0,45300185.0,559,0.016582457622100578,0.016582457622100578,0.00032273171924675963,5.351685057717116e-06
45210185.0,45310185.0,551,0.01857511787381068,0.01857511787381067,0.0002978882208334567,5.533308815201205e-06
45220185.0,45320185.0,574,0.019888390172514838,0.019888390172514828,0.00031415592802418765,6.24805567155356e-06
45230185.0,45330185.0,557,0.021549264509591236,0.02154926450959123,0.0002927732203491691,6.3090475666290575e-06
45240185.0,45340185.0,500,0.024762512486848444,0.024762512486848444,0.00020707077030952622,5.1275925354509734e-06
45250185.0,45350185.0,509,0.02665232991173981,0.02665232991173981,0.00027420980553273077,7.308330202092365e-06
45260185.0,45360185.0,533,0.02520924806464924,0.025209248064649248,0.0003849096807022008,9.703283623306776e-06
45270185.0,45370185.0,528,0.024126318347294895,0.024126318347294905,0.0005376292916123425,1.297101544227001e-05
45280185.0,45380185.0,526,0.027255568826146517,0.027255568826146517,0.0006934399408908592,1.8900100035749658e-05
45290185.0,45390185.0,512,0.02601756790581845,0.02601756790581845,0.0006590623390005152,1.7147199159113402e-05
45300185.0,45400185.0,564,0.02553764401847227,0.025537644018472267,0.000593454471764388,1.5155429041089407e-05
45310185.0,45410185.0,503,0.0257777960559284,0.0257777960559284,0.0003995500543890299,1.0299519816175471e-05
45320185.0,45420185.0,494,0.02838817662069629,0.02838817662069629,0.00036510032980920386,1.036453264689815e-05
45330185.0,45430185.0,514,0.02688751170886416,0.026887511708864154,0.00039766325826485165,1.0692175512781307e-05
45340185.0,45440185.0,538,0.025825332914253065,0.025825332914253058,0.0005143234097409661,1.3282573282154303e-05
45350185.0,45450185.0,552,0.023238695029736953,0.02323869502973694,0.0004676581778904075,1.0867765774157655e-05
45360185.0,45460185.0,506,0.024116398781967523,0.024116398781967505,0.0003208844371763424,7.738577049871904e-06
45370185.0,45470185.0,459,0.026865551559366395,0.02686555155936637,0.00020344840852548154,5.4657537089123515e-06
45380185.0,45480185.0,417,0.024162657180790657,0.02416265718079062,0.0001364634922077332,3.2973205799089366e-06
45390185.0,45490185.0,433,0.025878410744936867,0.02587841074493683,0.0001423136040376233,3.682849899877934e-06
45400185.0,45500185.0,379,0.02478227341757516,0.024782273417575103,0.00013701653714079162,3.3955812861524314e-06
45410185.0,45510185.0,403,0.025043184505634863,0.025043184505634832,0.0002011314485405746,5.036971975687224e-06
45420185.0,45520185.0,373,0.020834513973199232,0.020834513973199204,0.0001694339376548846,3.5300737416048584e-06
45430185.0,45530185.0,365,0.027302196937073458,0.027302196937073434,0.0001693552874522599,4.623771410356307e-06
45440185.0,45540185.0,360,0.025626915015160862,0.025626915015160852,0.0001935058051489147,4.9589568234915265e-06
45450185.0,45550185.0,323,0.024995870655234193,0.024995870655234176,0.00020849844649314928,5.2116002003600086e-06
45460185.0,45560185.0,349,0.025153936531429187,0.025153936531429173,0.0002812803088803088,7.075307037116023e-06
45470185.0,45570185.0,369,0.024774446078780977,0.024774446078780973,0.00042331019848813054,1.0487275687042246e-05
45480185.0,45580185.0,368,0.023686563053124613,0.023686563053124596,0.0006583635187580853,1.559436899894036e-05
45490185.0,45590185.0,340,0.022603731803156436,0.022603731803156425,0.0006159228466910543,1.3922154838041343e-05
45500185.0,45600185.0,338,0.023499830797725055,0.02349983079772505,0.0006599319519840966,1.550828920963869e-05
45510185.0,45610185.0,341,0.02160683513490716,0.021606835134907153,0.0003675586493694345,7.941779139334445e-06
45520185.0,45620185.0,349,0.02108015957682597,0.021080159576825956,0.0004846876139540537,1.0217292247062429e-05
45530185.0,45630185.0,343,0.012201510925565484,0.01220151092556547,0.0006002724887304045,7.324231329560475e-06
45540185.0,45640185.0,358,0.01046426918069534,0.010464269180695315,0.0006103773584905661,6.387152981047084e-06
45550185.0,45650185.0,386,0.009563058278713283,0.009563058278713257,0.0005272724558050644,5.042337223623992e-06
45560185.0,45660185.0,391,0.007142225136080571,0.00714222513608054,0.00038136175046922846,2.7237714801410093e-06
45570185.0,45670185.0,417,0.007578038949564063,0.007578038949564034,0.0003714740474339036,2.815044800206372e-06
45580185.0,45680185.0,436,0.00796864570872171,0.007968645708721685,0.00035392726234112444,2.8203209602543485e-06
45590185.0,45690185.0,444,0.006843345666250047,0.006843345666250029,0.00034642414397469324,2.370700164353585e-06
45600185.0,45700185.0,442,0.006960299794440903,0.0069602997944408895,0.00038339057431787836,2.6685133356153975e-06
45610185.0,45710185.0,433,0.007257645570781287,0.007257645570781269,0.0007047818574514039,5.115056926099275e-06
45620185.0,45720185.0,424,0.007502031370241114,0.0075020313702411,0.0005729944260213081,4.298622158985191e-06
45630185.0,45730185.0,422,0.009968081673766794,0.009968081673766793,0.00039981647511883994,3.985403278502194e-06
45640185.0,45740185.0,398,0.011492664975063804,0.011492664975063809,0.00024703918467756106,2.839138585212162e-06
45650185.0,45750185.0,365,0.011922816885570849,0.011922816885570847,0.00017726964648806764,2.1135535344471086e-06
45660185.0,45760185.0,346,0.017101771865359855,0.017101771865359848,0.00019517730980579543,3.337877825593405e-06
45670185.0,45770185.0,363,0.01528812004964748,0.015288120049647481,0.00022867959894082296,3.496081161512574e-06
45680185.0,45780185.0,379,0.015240308216495012,0.015240308216495019,0.000207356052591809,3.1601701520549428e-06
45690185.0,45790185.0,345,0.016711091452024526,0.01671109145202452,0.00015586535192111528,2.6046801501557457e-06
45700185.0,45800185.0,345,0.016293390077594148,0.016293390077594144,0.00014055494303564866,2.2901165142138494e-06
45710185.0,45810185.0,374,0.016856472467046055,0.01685647246704606,0.00015713034912991135,2.6486634038456913e-06
45720185.0,45820185.0,405,0.01572581907251866,0.015725819072518663,0.00017137613128544068,2.6950300339430298e-06
45730185.0,45830185.0,419,0.01590659597943377,0.015906595979433762,0.00020607943133934547,3.2780222539864282e-06
45740185.0,45840185.0,412,0.015539497668013987,0.01553949766801398,0.0002263874164304723,3.5179467296890077e-06
45750185.0,45850185.0,415,0.015531033636508814,0.015531033636508809,0.00023144435396905744,3.594570046473488e-06
45760185.0,45860185.0,422,0.011810121898937624,0.01181012189893762,0.00024353168434528165,2.8761388783713592e-06
45770185.0,45870185.0,396,0.011408711150210245,0.011408711150210237,0.00020684038723813359,2.359782232197504e-06
45780185.0,45880185.0,364,0.010731046584449584,0.010731046584449566,0.00020104498451066803,2.15742309435394e-06
45790185.0,45890185.0,411,0.013287040759854138,0.013287040759854119,0.0002662313620793875,3.537426959500335e-06
45800185.0,45900185.0,452,0.011864420425804026,0.01186442042580402,0.0003794591815129609,4.502063263901316e-06
45810185.0,45910185.0,421,0.013416723398647516,0.013416723398647502,0.0003345104590354446,4.488034302833212e-06
45820185.0,45920185.0,394,0.012939365424103373,0.012939365424103358,0.00030161402662809075,3.902694107576123e-06
45830185.0,45930185.0,385,0.01211910200113368,0.012119102001133673,0.00022694098088113052,2.7503208955357833e-06
45840185.0,45940185.0,380,0.012620200359677132,0.012620200359677123,0.0002094358533791523,2.643122432144794e-06
45850185.0,45950185.0,396,0.013064986186236907,0.0130649861862369,0.00021921354635463545,2.8640219549592845e-06
45860185.0,45960185.0,397,0.01707176612347101,0.017071766123471006,0.00021586102387279553,3.6851289147293247e-06
45870185.0,45970185.0,376,0.017685370704897743,0.01768537070489774,0.00018882767646065523,3.3394874575512313e-06
45880185.0,45980185.0,361,0.018852733250549647,0.018852733250549657,0.00016486517038681302,3.108159079609e-06
45890185.0,45990185.0,309,0.01649940155524296,0.016499401555242977,0.00011950489811554809,1.9717593018268083e-06
45900185.0,46000185.0,279,0.02243939602882974,0.022439396028829744,6.824212533287112e-05,1.531312076193337e-06
45910185.0,46010185.0,288,0.018121531749444048,0.01812153174944405,5.411028131843449e-05,9.805611808833545e-07
45920185.0,46020185.0,274,0.01982897220547449,0.019828972205474492,4.603742827334377e-05,9.128748856436627e-07
45930185.0,46030185.0,252,0.022260836165740466,0.022260836165740452,3.9737105071614504e-05,8.845811857000199e-07
45940185.0,46040185.0,273,0.021363009870317168,0.021363009870317154,3.6679146251911066e-05,7.835769634143885e-07
45950185.0,46050185.0,275,0.014854871350329753,0.014854871350329745,4.472741462915339e-05,6.644199901489294e-07
45960185.0,46060185.0,285,0.005206919865459203,0.0052069198654592095,4.156498029264079e-05,2.164255215931697e-07
45970185.0,46070185.0,308,0.005998716431855177,0.005998716431855192,5.507012350109148e-05,3.303500547502958e-07
45980185.0,46080185.0,354,0.007941113497720281,0.007941113497720299,9.162970236684387e-05,7.276418662574356e-07
45990185.0,46090185.0,372,0.0076721112933237495,0.007672111293323765,0.00010346924441815764,7.938275586122372e-07
46000185.0,46100185.0,391,0.007884469138362254,0.007884469138362268,0.000117539336921244,9.26735274499114e-07
46010185.0,46110185.0,394,0.009043208116176928,0.009043208116176935,0.0001662457955356233,1.5033953274680558e-06
46020185.0,46120185.0,450,0.010001070723470706,0.010001070723470699,0.00023445281081543596,2.3447791422816536e-06
46030185.0,46130185.0,476,0.009976489258319536,0.00997648925831953,0.0002799901043828008,2.7933182688107945e-06
46040185.0,46140185.0,530,0.015593720934838151,0.015593720934838157,0.00041893478346224824,6.532752103207138e-06
46050185.0,46150185.0,518,0.017486667584536975,0.017486667584536972,0.00038713310830642796,6.769667975923036e-06
46060185.0,46160185.0,503,0.021116991599434195,0.02111699159943419,0.000414150110375276,8.745604401699513e-06
46070185.0,46170185.0,511,0.021312667777459323,0.021312667777459306,0.0003929324448205345,8.374438655444899e-06
46080185.0,46180185.0,502,0.022912694273075396,0.02291269427307538,0.0002942653719674878,6.742412503043894e-06
46090185.0,46190185.0,509,0.022579354606105422,0.02257935460610541,0.00028536733364906467,6.4434102194610814e-06
46100185.0,46200185.0,492,0.023081834992350465,0.023081834992350447,0.000298933934861875,6.899943758095819e-06
46110185.0,46210185.0,485,0.023225597804017804,0.02322559780401779,0.000279655284456785,6.495161160561433e-06
46120185.0,46220185.0,470,0.025089235642261048,0.02508923564226105,0.00030341757211788806,7.612514964868438e-06
46130185.0,46230185.0,484,0.025690949102511396,0.025690949102511382,0.00042459002427908165,1.0908120703187928e-05
46140185.0,46240185.0,433,0.021282982752404166,0.02128298275240415,0.0003056073606580627,6.5042361858932875e-06
46150185.0,46250185.0,450,0.02133261969175234,0.021332619691752326,0.0002769504682548161,5.908079012732745e-06
46160185.0,46260185.0,457,0.0202774125646272,0.02027741256462718,0.00024224398357150135,4.912081196178171e-06
46170185.0,46270185.0,480,0.01923333234812396,0.01923333234812393,0.00028670060451797645,5.514208011102294e-06
46180185.0,46280185.0,480,0.017232409914526847,0.017232409914526826,0.0003788478507500316,6.528461459362041e-06
46190185.0,46290185.0,460,0.01793376276594594,0.017933762765945924,0.00032474758641019976,5.823946173494093e-06
46200185.0,46300185.0,446,0.017653235171888167,0.017653235171888146,0.00027444469231014366,4.844836695027417e-06
46210185.0,46310185.0,457,0.01869397843206404,0.01869397843206402,0.0002735772741580107,5.114247662612712e-06
46220185.0,46320185.0,409,0.018017921727644447,0.018017921727644437,0.00019609660243407708,3.533253233714196e-06
46230185.0,46330185.0,357,0.018762476368561053,0.018762476368561046,0.00012592219203667543,2.362612152365517e-06
46240185.0,46340185.0,342,0.02111261463775466,0.02111261463775467,0.0001136318108974359,2.3990646340677824e-06
46250185.0,46350185.0,363,0.020532464341323685,0.02053246434132369,0.00013631833432011051,2.7989513384963174e-06
46260185.0,46360185.0,381,0.016673849630445995,0.016673849630445995,0.00012005963726951893,2.0018563385178294e-06
46270185.0,46370185.0,395,0.014739423707815797,0.014739423707815806,0.00010824037081236272,1.5954006876945158e-06
46280185.0,46380185.0,413,0.017576937544322657,0.017576937544322657,9.550670947559068e-05,1.6787154675162272e-06
46290185.0,46390185.0,419,0.0162217921078011,0.0162217921078011,0.00010018975332068311,1.6252573496999888e-06
46300185.0,46400185.0,432,0.016776195745287853,0.01677619574528786,0.00012243511550659637,2.0539954638355835e-06
46310185.0,46410185.0,469,0.017186050745970283,0.017186050745970283,0.00014243364906686674,2.4478719207968976e-06
46320185.0,46420185.0,497,0.01804857673108104,0.01804857673108104,0.00017113025485103778,3.088657535688443e-06
46330185.0,46430185.0,527,0.01633229805452318,0.016332298054523166,0.00023807430981788788,3.888300587070646e-06
46340185.0,46440185.0,563,0.016193684015667478,0.016193684015667464,0.00030921126584649975,5.007269533202763e-06
46350185.0,46450185.0,548,0.021986745855382555,0.02198674585538254,0.00036863859293083043,8.105163055256017e-06
46360185.0,46460185.0,538,0.02278640776412461,0.022786407764124595,0.0004260269489894129,9.707623778178741e-06
46370185.0,46470185.0,483,0.025650723175057562,0.025650723175057545,0.0004693733831560794,1.2039766717076844e-05
46380185.0,46480185.0,445,0.0248591432369659,0.02485914323696588,0.0005595676199156888,1.3910371614252263e-05
46390185.0,46490185.0,463,0.0257959853900426,0.025795985390042582,0.000814061724309118,2.0999524346871037e-05
46400185.0,46500185.0,446,0.025355585661056255,0.02535558566105623,0.0007710610431121852,1.9550704328534265e-05
46410185.0,46510185.0,429,0.022926862336049278,0.02292686233604926,0.0006938405797101449,1.590758745417916e-05
46420185.0,46520185.0,420,0.021689568578069987,0.02168956857806998,0.0008189896557874086,1.7763532303930883e-05
46430185.0,46530185.0,404,0.022559218408381113,0.022559218408381113,0.0005574233172394206,1.2575034359528393e-05
46440185.0,46540185.0,421,0.022934874504729426,0.022934874504729433,0.0005434623722514711,1.2464241305630032e-05
46450185.0,46550185.0,414,0.01421635203042236,0.014216352030422381,0.0003525320375398981,5.011719547669296e-06
46460185.0,46560185.0,428,0.013793697043174593,0.013793697043174607,0.0003746543279441724,5.167868295576181e-06
46470185.0,46570185.0,418,0.013593903002115729,0.013593903002115744,0.00028477660360389304,3.871225526663265e-06
46480185.0,46580185.0,481,0.012871530110411268,0.01287153011041128,0.00030316795532646043,3.902235465496298e-06
46490185.0,46590185.0,518,0.01121155354803838,0.01121155354803839,0.0003643383962550096,4.084799439219497e-06
46500185.0,46600185.0,522,0.010957789110022197,0.010957789110022206,0.0002708550614501717,2.9679726427530892e-06
46510185.0,46610185.0,474,0.011988031639738328,0.011988031639738326,0.0002031826182618262,2.4357596563676684e-06
46520185.0,46620185.0,511,0.012295781070746805,0.012295781070746806,0.00018766144690190783,2.3074440665254638e-06
46530185.0,46630185.0,567,0.01195034771694214,0.011950347716942134,0.0002104341915200952,2.514761760198792e-06
46540185.0,46640185.0,531,0.008702928063700025,0.008702928063700014,0.00019766272390855222,1.720244467051165e-06
46550185.0,46650185.0,512,0.008643667108578338,0.008643667108578315,0.00020853722278915796,1.8025263335369052e-06
46560185.0,46660185.0,487,0.009491134625937142,0.009491134625937127,0.00018969888650739717,1.800457670232073e-06
46570185.0,46670185.0,486,0.010916708177633409,0.010916708177633405,0.0002056953092569531,2.245515664666198e-06
46580185.0,46680185.0,465,0.018618654800805746,0.018618654800805736,0.00018991913323388555,3.5360387817499715e-06
46590185.0,46690185.0,475,0.023466455522021326,0.023466455522021312,0.00018709961646107596,4.390564827871066e-06
46600185.0,46700185.0,519,0.02265345202156699,0.02265345202156699,0.00029445377868880004,6.670394548095835e-06
46610185.0,46710185.0,544,0.024728845261225207,0.024728845261225207,0.00047334733830956964,1.1705333083870224e-05
46620185.0,46720185.0,534,0.027919486940223778,0.027919486940223757,0.0005087325793196934,1.4203552604382615e-05
46630185.0,46730185.0,545,0.027489816654886676,0.027489816654886656,0.000514517119921363,1.4143981292438554e-05
46640185.0,46740185.0,501,0.028885647937904192,0.02888564793790417,0.0003540096661594917,1.0225798583298076e-05
46650185.0,46750185.0,496,0.030086821098597553,0.03008682109859753,0.000290529690906759,8.741114834142475e-06
46660185.0,46760185.0,462,0.02984103512824443,0.02984103512824441,0.0002306906013698917,6.8840463392347765e-06
46670185.0,46770185.0,487,0.030640715926180943,0.030640715926180923,0.00024037922885027796,7.365391665755833e-06
46680185.0,46780185.0,466,0.027717565656617336,0.027717565656617316,0.00022580267219430862,6.258700391985336e-06
46690185.0,46790185.0,485,0.02480549354111024,0.024805493541110238,0.00022774989019263352,5.6494484301619216e-06
46700185.0,46800185.0,447,0.026197996732159664,0.02619799673215965,0.0001711098179702133,4.4827344520240815e-06
46710185.0,46810185.0,419,0.024113792263693267,0.024113792263693264,0.00012179694504931474,2.9369862312716495e-06
46720185.0,46820185.0,426,0.017555269966825784,0.017555269966825802,0.00011466257179323549,2.0129324029207933e-06
46730185.0,46830185.0,379,0.01839651369051936,0.018396513690519388,9.097724102954228e-05,1.6736640601256559e-06
46740185.0,46840185.0,417,0.01758529004040628,0.0175852900404063,0.00011541200865488642,2.0295536463420728e-06
46750185.0,46850185.0,426,0.016907587098362282,0.016907587098362303,0.00013032382420971473,2.203461408817421e-06
46760185.0,46860185.0,458,0.015949040016552257,0.01594904001655227,0.00018222355852626223,2.906290826893924e-06
46770185.0,46870185.0,522,0.015709408080470545,0.01570940808047056,0.00020954411204268292,3.291813966938345e-06
46780185.0,46880185.0,556,0.01992498170107528,0.019924981701075286,0.0002307148794679967,4.596989751565631e-06
46790185.0,46890185.0,498,0.02336937870041269,0.02336937870041268,0.00018360174449526647,4.290658697166306e-06
46800185.0,46900185.0,505,0.022550996319038,0.02255099631903799,0.0001786807960282031,4.029429973514782e-06
46810185.0,46910185.0,519,0.022886807578749797,0.02288680757874978,0.00018574100841765154,4.251018719137715e-06
46820185.0,46920185.0,480,0.024537263248636528,0.02453726324863651,0.0001606928482166636,3.942962718865484e-06
46830185.0,46930185.0,512,0.023470348495471742,0.023470348495471725,0.00018092327332525532,4.2463322758852254e-06
46840185.0,46940185.0,522,0.02235873264706934,0.022358732647069317,0.00019349543630579872,4.326312728789423e-06
46850185.0,46950185.0,499,0.02344109568138843,0.023441095681388403,0.0001670894685564073,3.916760219783132e-06
46860185.0,46960185.0,472,0.02414411596309188,0.024144115963091854,0.00012431127474727901,3.001385833018072e-06
46870185.0,46970185.0,469,0.020365953214509958,0.02036595321450993,0.00011566986726063269,2.355727104958616e-06
46880185.0,46980185.0,486,0.014895132186150949,0.014895132186150932,0.00011724969209048035,1.7464496624731997e-06
46890185.0,46990185.0,514,0.014517777445730925,0.014517777445730903,0.0001379957611802977,2.003391749269767e-06
46900185.0,47000185.0,509,0.015445345887211548,0.015445345887211526,0.00014462405052487838,2.2337684839663183e-06
46910185.0,47010185.0,574,0.018438771065185596,0.018438771065185582,0.0001996871003991165,3.6819847289300355e-06
46920185.0,47020185.0,596,0.017425062415670035,0.01742506241567002,0.0002274181840806338,3.962776052063361e-06
46930185.0,47030185.0,572,0.017981495601778603,0.01798149560177859,0.00021973568808802423,3.951176308908586e-06
46940185.0,47040185.0,624,0.018623737211032092,0.018623737211032085,0.00017901540608531187,3.333935879659014e-06
46950185.0,47050185.0,649,0.018964307139028667,0.018964307139028653,0.00021937561942517343,4.160306625593656e-06
46960185.0,47060185.0,691,0.02320324014599098,0.023203240145990973,0.0002756883484434211,6.396862954384368e-06
46970185.0,47070185.0,625,0.025342497984016527,0.02534249798401652,0.0002590867992766727,6.565906688354351e-06
46980185.0,47080185.0,597,0.02521508471148312,0.025215084711483114,0.0002771268466632705,6.9877769144405056e-06
46990185.0,47090185.0,574,0.023424353883103856,0.023424353883103856,0.00027900193688048305,6.535440103559825e-06
47000185.0,47100185.0,600,0.023322447962214384,0.023322447962214388,0.0003690513997721703,8.607182066568879e-06
47010185.0,47110185.0,533,0.02059495997555053,0.020594959975550536,0.00028271656050955416,5.822536248119609e-06
47020185.0,47120185.0,561,0.018102530037042784,0.018102530037042795,0.00030389484249036813,5.5012655142842806e-06
47030185.0,47130185.0,597,0.01682091841020588,0.01682091841020589,0.00037087085023025635,6.238388312446783e-06
47040185.0,47140185.0,538,0.017396227569417187,0.017396227569417194,0.0005357574621620355,9.320158733784238e-06
47050185.0,47150185.0,534,0.014253442316320142,0.014253442316320145,0.0005216530699871189,7.435351942192744e-06
47060185.0,47160185.0,508,0.010231665504107423,0.010231665504107427,0.0005603827864954827,5.7336492256814725e-06
47070185.0,47170185.0,512,0.009802146487383177,0.009802146487383173,0.0007752781992918563,7.599390477933372e-06
47080185.0,47180185.0,470,0.008907605061656743,0.008907605061656741,0.0006614678059200488,5.8920939761363605e-06
47090185.0,47190185.0,467,0.008868918090129208,0.0088689180901292,0.0006550320415013731,5.8094255224857716e-06
47100185.0,47200185.0,451,0.006319603128643425,0.006319603128643407,0.0005726704826902966,3.6190501740912556e-06
47110185.0,47210185.0,454,0.006503917568878367,0.0065039175688783495,0.0004769499768411301,3.1020433338531465e-06
47120185.0,47220185.0,412,0.010826902832364064,0.010826902832364043,0.00036316667975807085,3.931970353692903e-06
47130185.0,47230185.0,405,0.014389222911304964,0.01438922291130494,0.00037661867527202016,5.4192500710494165e-06
47140185.0,47240185.0,451,0.0141799050263104,0.014179905026310374,0.00043931107536584416,6.229389325694032e-06
47150185.0,47250185.0,545,0.015152105167361433,0.015152105167361405,0.0004985568274734261,7.5541854817834205e-06
47160185.0,47260185.0,541,0.01750269113081976,0.017502691130819727,0.00048069870681335654,8.413520992338703e-06
47170185.0,47270185.0,575,0.016855353195381822,0.016855353195381808,0.0005228798047589994,8.813323787945201e-06
47180185.0,47280185.0,582,0.016958632873968316,0.016958632873968305,0.0004486785922235881,7.608975523928846e-06
47190185.0,47290185.0,622,0.01946568994400736,0.019465689944007353,0.00045530962087894454,8.862915908553066e-06
47200185.0,47300185.0,621,0.019633607922466247,0.01963360792246624,0.0004285165152389924,8.413325248504011e-06
47210185.0,47310185.0,630,0.019652855414578608,0.0196528554145786,0.0005632372733750297,1.1069220697740909e-05
47220185.0,47320185.0,625,0.0175577287872135,0.017557728787213497,0.0007150619327014695,1.2554863480433174e-05
47230185.0,47330185.0,586,0.015853815522378203,0.015853815522378193,0.0006062470092831851,9.611328246169205e-06
47240185.0,47340185.0,549,0.01479024343534437,0.01479024343534436,0.0005584808748343117,8.260068092783572e-06
47250185.0,47350185.0,565,0.015740349845544933,0.01574034984554494,0.0005194053041590397,8.175621199094977e-06
47260185.0,47360185.0,608,0.011939198817479351,0.011939198817479364,0.0005497836656407513,6.563976490687571e-06
47270185.0,47370185.0,555,0.0114228455609565,0.011422845560956501,0.0004112872414679843,4.698070640480575e-06
47280185.0,47380185.0,576,0.012406968888788599,0.012406968888788597,0.0005393958449785728,6.692267467391003e-06
47290185.0,47390185.0,540,0.011307265513305574,0.011307265513305572,0.0005221231658514896,5.903785266930605e-06
47300185.0,47400185.0,588,0.012095116215240077,0.012095116215240077,0.0006733718915613535,8.14451128451059e-06
47310185.0,47410185.0,616,0.012081615479209282,0.012081615479209282,0.0006799248194191932,8.214590222993518e-06
47320185.0,47420185.0,626,0.012507431804689316,0.012507431804689315,0.0005059334775752687,6.3279284684819655e-06
47330185.0,47430185.0,650,0.012638311740333159,0.012638311740333153,0.00042953574262865517,5.42860661895647e-06
47340185.0,47440185.0,648,0.012990764975397312,0.012990764975397312,0.00037733639879411674,4.901888473397145e-06
47350185.0,47450185.0,556,0.013132748011976442,0.013132748011976442,0.00035107973421926917,4.610641681613387e-06
47360185.0,47460185.0,522,0.014165561849623207,0.014165561849623204,0.0003128591102712744,4.431825076765818e-06
47370185.0,47470185.0,554,0.015698017933882077,0.015698017933882074,0.00034307849755817296,5.385652407397536e-06
47380185.0,47480185.0,554,0.016126868765859902,0.0161268687658599,0.0003349355278331062,5.4014613023885335e-06
47390185.0,47490185.0,566,0.015849040683381235,0.015849040683381232,0.00031140757333987973,4.935511298976782e-06
47400185.0,47500185.0,510,0.016637724118197406,0.016637724118197403,0.00020686064864314447,3.441690403036023e-06
47410185.0,47510185.0,509,0.017173349143625997,0.017173349143625994,0.00020521182723566748,3.52417435751957e-06
47420185.0,47520185.0,511,0.019399769691911983,0.019399769691911987,0.0002351180516824689,4.561236053051036e-06
47430185.0,47530185.0,511,0.01800117939741943,0.01800117939741943,0.0002905343795552523,5.229961487491982e-06
47440185.0,47540185.0,490,0.018336464104202227,0.018336464104202223,0.0002534824315878149,4.6479715078558365e-06
47450185.0,47550185.0,466,0.017350106666434106,0.0173501066664341,0.00022516029906361151,3.9065552057998854e-06
47460185.0,47560185.0,509,0.017136321966425127,0.017136321966425113,0.00022672114001830304,3.885166451948593e-06
47470185.0,47570185.0,515,0.01761019980342616,0.017610199803426145,0.00019990167507759378,3.5203084391559923e-06
47480185.0,47580185.0,509,0.015107462933576824,0.015107462933576808,0.00020171276211135213,3.0473680768266466e-06
47490185.0,47590185.0,487,0.014525466735575669,0.014525466735575652,0.00018459158566591147,2.6812789372573517e-06
47500185.0,47600185.0,513,0.013655274050947708,0.01365527405094769,0.00023709564290323485,3.2376059801292985e-06
47510185.0,47610185.0,488,0.012637546160513538,0.01263754616051352,0.00025233010804254,3.188833388074993e-06
47520185.0,47620185.0,505,0.009289499000697527,0.009289499000697504,0.00022723314402213485,2.1108820643189805e-06
47530185.0,47630185.0,436,0.009947780430443007,0.009947780430442978,0.00015044359357489727,1.4965798360498552e-06
47540185.0,47640185.0,411,0.009611000904108748,0.009611000904108722,0.00013075931263137366,1.256727871920765e-06
47550185.0,47650185.0,417,0.01133715498215499,0.011337154982154969,0.00012714438435416927,1.4414555905338867e-06
47560185.0,47660185.0,455,0.020816461157858252,0.020816461157858235,0.00017666659831443396,3.6775733817033843e-06
47570185.0,47670185.0,408,0.02130408011293354,0.021304080112933534,0.00015998882315533888,3.4084147056753188e-06
47580185.0,47680185.0,379,0.02361420942087617,0.023614209420876157,0.0001230051724137931,2.9046699012303064e-06
47590185.0,47690185.0,344,0.02267666006496281,0.022676660064962804,0.00010251221374045801,2.324634623499171e-06
47600185.0,47700185.0,286,0.02580310113083137,0.025803101130831358,7.71023759751882e-05,1.989480404715165e-06
47610185.0,47710185.0,300,0.027432997815054316,0.02743299781505431,6.876666623726281e-05,1.8864758046354102e-06
47620185.0,47720185.0,304,0.024177485596581748,0.024177485596581727,9.188811093368273e-05,2.221623478596214e-06
47630185.0,47730185.0,351,0.02363490581119186,0.023634905811191844,0.00010772010366530914,2.545954504101396e-06
47640185.0,47740185.0,405,0.022504744196584117,0.02250474419658411,0.00014936554985679079,3.361433491309202e-06
47650185.0,47750185.0,460,0.02307062078247425,0.023070620782474238,0.00018758238548189802,4.327642080924768e-06
47660185.0,47760185.0,368,0.01676972414187323,0.01676972414187322,0.00012151291023366113,2.037737984294692e-06
47670185.0,47770185.0,389,0.014502106820500026,0.014502106820500023,0.00015313145093252435,2.220728659001615e-06
47680185.0,47780185.0,441,0.015434805442292391,0.015434805442292383,0.0002188149085915372,3.377365541983334e-06
47690185.0,47790185.0,489,0.016410249616265218,0.016410249616265218,0.0003132374372537378,5.140304534493028e-06
47700185.0,47800185.0,535,0.016229112029142977,0.016229112029142977,0.0004346464167062174,7.0539253897907815e-06
47710185.0,47810185.0,531,0.01548241880288055,0.015482418802880546,0.0005657689783417196,8.7594722683644e-06
47720185.0,47820185.0,498,0.01582474845960081,0.015824748459600812,0.0005077018194665254,8.034253585539482e-06
47730185.0,47830185.0,482,0.01736513815178134,0.01736513815178134,0.0006372952360491971,1.1066719817466416e-05
47740185.0,47840185.0,460,0.01708108484433559,0.01708108484433558,0.0006839367482752305,1.1682381625448256e-05
47750185.0,47850185.0,486,0.020282622851649737,0.02028262285164972,0.0007207684856312561,1.461907535741359e-05
47760185.0,47860185.0,572,0.020895857275523084,0.02089585727552308,0.0014729229695136141,3.077798814879611e-05
47770185.0,47870185.0,550,0.022741033385945592,0.02274103338594559,0.0016626755465469815,3.7810960114020445e-05
47780185.0,47880185.0,502,0.02329967614359769,0.02329967614359768,0.000677391182840774,1.578299518271851e-05
47790185.0,47890185.0,480,0.022935475478564775,0.02293547547856476,0.0005985827946295375,1.3728781008116505e-05
47800185.0,47900185.0,441,0.0233063977717107,0.02330639777171068,0.0003802988878591289,8.863397152584097e-06
47810185.0,47910185.0,397,0.027507728546789952,0.027507728546789952,0.00020082714435979985,5.52429857187636e-06
47820185.0,47920185.0,379,0.0280159082751686,0.028015908275168592,0.00015839735133597166,4.437645666058239e-06
47830185.0,47930185.0,364,0.026480490266882647,0.026480490266882643,0.00011992727350281522,3.1757329987250674e-06
47840185.0,47940185.0,553,0.024981086023600604,0.024981086023600628,0.00014151605231866828,3.5352246766930413e-06
47850185.0,47950185.0,561,0.017830974216630772,0.017830974216630806,0.00011984160466364962,2.1368925628372173e-06
47860185.0,47960185.0,466,0.016371490034114766,0.016371490034114786,7.779145145075745e-05,1.2735619721654068e-06
47870185.0,47970185.0,505,0.012935886724625622,0.012935886724625643,8.510780918333146e-05,1.1009449789766254e-06
47880185.0,47980185.0,539,0.016882527314730666,0.016882527314730684,0.00012261572028779053,2.070063246974008e-06
47890185.0,47990185.0,558,0.017317444552605945,0.017317444552605962,0.0001311963365769891,2.2719852841770163e-06
47900185.0,48000185.0,569,0.016993864495908072,0.01699386449590809,0.00013233208288674527,2.248833485038637e-06
47910185.0,48010185.0,620,0.017471472515971774,0.01747147251597178,0.00019858139485570093,3.469509382404743e-06
47920185.0,48020185.0,688,0.015548974829443937,0.015548974829443946,0.00029806610923671217,4.6346224300319474e-06
47930185.0,48030185.0,709,0.02044240314023333,0.020442403140233333,0.0003609780629026559,7.379259086636574e-06
47940185.0,48040185.0,511,0.02081643983091838,0.020816439830918375,0.0002722368026394721,5.667001021906179e-06
47950185.0,48050185.0,488,0.020309321256667866,0.020309321256667862,0.0002857061445722101,5.802497875120984e-06
47960185.0,48060185.0,556,0.020211411404452637,0.020211411404452637,0.00035686677854165536,7.212781277687123e-06
47970185.0,48070185.0,584,0.022204069425519782,0.022204069425519782,0.00045442007534983854,1.008997490141775e-05
47980185.0,48080185.0,549,0.020845374644355187,0.020845374644355177,0.0003453243816254417,7.198416108812607e-06
47990185.0,48090185.0,558,0.02029457976086097,0.020294579760860965,0.0003522668288726683,7.149107255661903e-06
48000185.0,48100185.0,548,0.020412972764654286,0.02041297276465427,0.0003568320266615674,7.284002441798897e-06
48010185.0,48110185.0,528,0.02020519129039945,0.020205191290399445,0.00032958001855339726,6.659227320364858e-06
48020185.0,48120185.0,502,0.024718081370207035,0.024718081370207028,0.00023890470649402093,5.905265974844625e-06
48030185.0,48130185.0,488,0.018084043558636676,0.01808404355863667,0.00018316949820474648,3.312445184148266e-06
48040185.0,48140185.0,502,0.0181954673259676,0.018195467325967593,0.00019481628508124073,3.5447733497620795e-06
48050185.0,48150185.0,445,0.019284044189407008,0.01928404418940701,0.0001734607624508867,3.3450250082311136e-06
48060185.0,48160185.0,368,0.019468499122501436,0.01946849912250142,0.00012673540487745938,2.467348118646695e-06
48070185.0,48170185.0,326,0.019740141047011075,0.01974014104701107,0.00010347536065994355,2.0426182143176165e-06
48080185.0,48180185.0,325,0.020158549991828707,0.020158549991828704,0.00011433118862174058,2.304750981456547e-06
48090185.0,48190185.0,304,0.024845272073820257,0.02484527207382025,9.710908876019384e-05,2.4127017310877825e-06
48100185.0,48200185.0,344,0.02408834854815565,0.02408834854815564,0.00011545065518432875,2.7810156221930416e-06
48110185.0,48210185.0,363,0.02523631401104656,0.025236314011046555,8.52705805182027e-05,2.1519151458615992e-06
48120185.0,48220185.0,321,0.02341497488090607,0.02341497488090606,6.262622149837134e-05,1.4663914032704205e-06
48130185.0,48230185.0,298,0.02332687006172377,0.02332687006172377,5.781960356428441e-05,1.3487503793644431e-06
48140185.0,48240185.0,290,0.02462809459469286,0.024628094594692854,5.331816495127238e-05,1.3131248100353644e-06
48150185.0,48250185.0,245,0.02658527254518538,0.026585272545185362,3.270641457743813e-05,8.695089455170141e-07
48160185.0,48260185.0,264,0.019927346568319456,0.01992734656831943,4.55259339862169e-05,9.07211064389773e-07
48170185.0,48270185.0,302,0.025727841101003204,0.025727841101003207,5.891450087244008e-05,1.5157429169910565e-06
48180185.0,48280185.0,336,0.036458198105111535,0.03645819810511154,9.244426019718462e-05,3.370351151949431e-06
48190185.0,48290185.0,363,0.03327680617853746,0.033276806178537455,9.556082653732033e-05,3.1799591029432497e-06
48200185.0,48300185.0,362,0.03170554293119911,0.03170554293119911,0.00011791714974511862,3.7386272535684944e-06
48210185.0,48310185.0,349,0.03335756107742786,0.03335756107742785,0.00015376964090964173,5.129380188497546e-06
48220185.0,48320185.0,394,0.02898982181906439,0.028989821819064388,0.00022350978970268312,6.479508978297327e-06
48230185.0,48330185.0,540,0.02646246160666823,0.026462461606668215,0.0003847300190983275,1.0180903359322228e-05
48240185.0,48340185.0,549,0.02410240207286058,0.02410240207286056,0.00048652613172721977,1.1726448445842981e-05
48250185.0,48350185.0,606,0.024065740960367933,0.02406574096036792,0.0007261938966523009,1.7476394203834645e-05
48260185.0,48360185.0,617,0.024694383409134026,0.024694383409134008,0.0006889469250210614,1.701311951501393e-05
48270185.0,48370185.0,586,0.025258171427189315,0.025258171427189283,0.0007035513191763192,1.7770419827580714e-05
48280185.0,48380185.0,584,0.021378047615607684,0.021378047615607645,0.0005481236542602276,1.171781358001599e-05
48290185.0,48390185.0,575,0.021140213968476384,0.021140213968476353,0.0005503246864799864,1.1633981624321704e-05
48300185.0,48400185.0,565,0.021161384099091372,0.02116138409909133,0.0005229619231444112,1.1066598124858355e-05
48310185.0,48410185.0,598,0.018102016669728056,0.018102016669728018,0.0005678771478313527,1.0279721596400767e-05
48320185.0,48420185.0,563,0.019253473853679762,0.019253473853679717,0.0005291461672750357,1.01879018964048e-05
48330185.0,48430185.0,485,0.0168930680760403,0.016893068076040248,0.00044849352147674834,7.576431589969761e-06
48340185.0,48440185.0,486,0.023080880674853504,0.02308088067485346,0.0004748881487373235,1.09608366949082e-05
48350185.0,48450185.0,465,0.0201142881090408,0.02011428810904076,0.0004235255844216201,8.518915626606333e-06
48360185.0,48460185.0,471,0.01921875459866835,0.019218754598668314,0.0005956040839478164,1.1446768727357865e-05
48370185.0,48470185.0,439,0.01430131541652443,0.014301315416524399,0.0003958333333333333,5.660937352374259e-06
48380185.0,48480185.0,494,0.013705852021347545,0.013705852021347522,0.00044141371681415934,6.049951082847902e-06
48390185.0,48490185.0,565,0.015205408411956249,0.015205408411956233,0.0005097370276660168,7.750759688358367e-06
48400185.0,48500185.0,565,0.017640425594757474,0.01764042559475747,0.0004825352897473997,8.512127875633752e-06
48410185.0,48510185.0,530,0.021868872316700545,0.021868872316700552,0.0004185967412782223,9.154238687200398e-06
48420185.0,48520185.0,549,0.022189179038116808,0.022189179038116805,0.0004184520045529278,9.2851064478838e-06
48430185.0,48530185.0,501,0.023062203322186548,0.02306220332218656,0.0004127212214896369,9.518260725375237e-06
48440185.0,48540185.0,490,0.021939445099704472,0.021939445099704483,0.0003339779671920232,7.327291275720345e-06
48450185.0,48550185.0,464,0.024070781653109524,0.024070781653109535,0.0002578817283046503,6.207414774347733e-06
48460185.0,48560185.0,438,0.02604883224755655,0.026048832247556577,0.0001873937116867708,4.881387359975665e-06
48470185.0,48570185.0,465,0.02616129003211887,0.026161290032118895,0.0002004296479090468,5.243498149984023e-06
48480185.0,48580185.0,412,0.027370972001061214,0.027370972001061245,0.00020235466641232294,5.53864390865575e-06
48490185.0,48590185.0,298,0.03173300812280135,0.03173300812280137,0.00010960232097367675,3.4780113417355595e-06
48500185.0,48600185.0,312,0.027525647855115465,0.027525647855115472,9.51439495750601e-05,2.6188988515479687e-06
48510185.0,48610185.0,277,0.021066498076778,0.021066498076778,6.276316475721911e-05,1.3222000896504697e-06
48520185.0,48620185.0,249,0.01645611675912779,0.01645611675912779,6.266758448880585e-05,1.0312650873602957e-06
48530185.0,48630185.0,274,0.01882072347603989,0.018820723476039875,7.171241765643223e-05,1.3496795825099842e-06
48540185.0,48640185.0,275,0.012772957661460796,0.01277295766146078,5.863379411904424e-05,7.489269698133717e-07
48550185.0,48650185.0,265,0.012859780017026885,0.012859780017026867,5.8129316748589406e-05,7.4753022592694e-07
48560185.0,48660185.0,306,0.014815179775732842,0.014815179775732823,8.072804949389304e-05,1.1960005661962971e-06
48570185.0,48670185.0,309,0.0158706723500758,0.015870672350075787,9.319275134920772e-05,1.4790316220653421e-06
48580185.0,48680185.0,290,0.017161850663224936,0.017161850663224926,8.606127030705863e-05,1.4769706688971624e-06
48590185.0,48690185.0,310,0.017229239790427724,0.01722923979042772,0.00011936968687257039,2.0566489588357927e-06
48600185.0,48700185.0,287,0.01660751434533762,0.01660751434533762,0.00011841245593419507,1.9665365605938076e-06
48610185.0,48710185.0,302,0.01745099502891532,0.017450995028915315,0.0001482327840695615,2.586809577920197e-06
48620185.0,48720185.0,313,0.019176043492022163,0.019176043492022163,0.00014730263890435364,2.82468181011952e-06
48630185.0,48730185.0,311,0.024433920726589505,0.024433920726589512,0.00010456347299634827,2.554895610089668e-06
48640185.0,48740185.0,334,0.0240185771207497,0.024018577120749698,0.00010392894706088582,2.4962254300602084e-06
48650185.0,48750185.0,358,0.02255257135182312,0.022552571351823116,0.00012318921817118346,2.7782336325809087e-06
48660185.0,48760185.0,337,0.021994829986453683,0.021994829986453683,9.018956049735963e-05,1.9837040496924235e-06
48670185.0,48770185.0,300,0.023098079698034776,0.023098079698034773,5.988682745825603e-05,1.3832707134932547e-06
48680185.0,48780185.0,280,0.02249629656847816,0.02249629656847816,4.837537984299823e-05,1.0882668915608625e-06
48690185.0,48790185.0,264,0.023848385069242858,0.023848385069242837,3.292033205302937e-05,7.85096755407986e-07
48700185.0,48800185.0,241,0.02410729775902096,0.02410729775902094,2.875483622158914e-05,6.932013988057244e-07
48710185.0,48810185.0,258,0.025915046385358652,0.02591504638535865,2.7659396972947204e-05,7.167945555449767e-07
48720185.0,48820185.0,286,0.02005033472872846,0.02005033472872846,3.3876156696905626e-05,6.792282810958143e-07
48730185.0,48830185.0,306,0.01147706608266048,0.01147706608266047,4.2420072501545814e-05,4.868579753314902e-07
48740185.0,48840185.0,333,0.009929360445781734,0.00992936044578173,8.020751265239628e-05,7.964093035852431e-07
48750185.0,48850185.0,354,0.009704667644876033,0.009704667644876014,0.00010731369048497278,1.0414436999017702e-06
48760185.0,48860185.0,353,0.011284568366538345,0.011284568366538327,0.0001290411145785372,1.4561732795558102e-06
48770185.0,48870185.0,406,0.01220228477561278,0.012202284775612767,0.00017763374276723174,2.167537515003671e-06
48780185.0,48880185.0,446,0.01731410170797978,0.017314101707979777,0.000265395239051828,4.595080161756869e-06
48790185.0,48890185.0,463,0.018026367386063273,0.018026367386063263,0.00036482256417015384,6.5764255724568365e-06
48800185.0,48900185.0,499,0.01904466736383498,0.019044667363834974,0.0005752426715603418,1.0955305333350388e-05
48810185.0,48910185.0,486,0.018139673501918203,0.018139673501918196,0.0009103701437748547,1.651381717397025e-05
48820185.0,48920185.0,472,0.019623940550697393,0.019623940550697383,0.0013889066535481488,2.7255821599696716e-05
48830185.0,48930185.0,431,0.01997430970045805,0.019974309700458045,0.0009914331091180866,1.9803191968812645e-05
48840185.0,48940185.0,373,0.024047352539820814,0.024047352539820814,0.0006772043283455915,1.6284971225219174e-05
48850185.0,48950185.0,355,0.02753648029543762,0.027536480295437624,0.0005716983671272206,1.5742560821332563e-05
48860185.0,48960185.0,351,0.026441505439913027,0.02644150543991304,0.0005278271918678526,1.39565455651079e-05
48870185.0,48970185.0,353,0.02659581993425803,0.02659581993425805,0.000479031185338457,1.274022714815587e-05
48880185.0,48980185.0,341,0.02076003627808328,0.020760036278083288,0.00022751855779427362,4.723293513746295e-06
48890185.0,48990185.0,342,0.020027377532067604,0.020027377532067608,0.00017232160486514234,3.4511498375659926e-06
48900185.0,49000185.0,327,0.0197205060504609,0.01972050605046091,0.00011940716754366848,2.3547697700133324e-06
48910185.0,49010185.0,342,0.02425391012381504,0.024253910123815045,0.00014173841738417386,3.437710836327554e-06
48920185.0,49020185.0,328,0.02364552264016028,0.02364552264016028,0.00014527331405903316,3.435063436594039e-06
48930185.0,49030185.0,336,0.023899480028592223,0.023899480028592216,0.00015397620109049758,3.679951142840844e-06
48940185.0,49040185.0,346,0.024552851689436852,0.024552851689436852,0.00013864367405289494,3.404097566699389e-06
48950185.0,49050185.0,353,0.023727283647864243,0.023727283647864233,0.0001427006470655012,3.38589872965693e-06
48960185.0,49060185.0,328,0.02088130808387468,0.020881308083874662,0.00011693669596229782,2.44179117469915e-06
48970185.0,49070185.0,301,0.022358338858559645,0.022358338858559618,9.511325268877311e-05,2.1265743335554174e-06
48980185.0,49080185.0,289,0.023315478228660064,0.023315478228660043,8.967108217332735e-05,2.0907241641526063e-06
48990185.0,49090185.0,267,0.023460960749822807,0.023460960749822787,8.090925556964319e-05,1.8982088692168006e-06
49000185.0,49100185.0,248,0.02117864690446913,0.021178646904469106,7.091595485051861e-05,1.5019039676724184e-06
49010185.0,49110185.0,226,0.015059697282893069,0.015059697282893048,4.540639916341986e-05,6.838066261073161e-07
49020185.0,49120185.0,225,0.026627074305657417,0.026627074305657413,4.519774441819706e-05,1.203483699071446e-06
49030185.0,49130185.0,212,0.028470103863506502,0.028470103863506492,4.756289991024638e-05,1.354120700494274e-06
49040185.0,49140185.0,266,0.03721149780212216,0.03721149780212215,7.142746206532375e-05,2.657922847654975e-06
49050185.0,49150185.0,341,0.04208014509141741,0.042080145091417394,7.38954825079227e-05,3.1095326255336864e-06
49060185.0,49160185.0,488,0.04024954994210947,0.04024954994210946,8.629118136439268e-05,3.4731812138897518e-06
49070185.0,49170185.0,575,0.03748659274502371,0.037486592745023695,0.00010050386235955057,3.7675473575743973e-06
49080185.0,49180185.0,546,0.037618016282615595,0.0376180162826156,9.578072531900606e-05,3.6030808846111093e-06
49090185.0,49190185.0,580,0.03486328519628581,0.034863285196285794,0.00010283847342022596,3.5852870279999904e-06
49100185.0,49200185.0,610,0.03513908775114131,0.035139087751141315,0.00012005609847605097,4.2186617794096415e-06
49110185.0,49210185.0,652,0.03550575411118315,0.035505754111183147,0.00014030262003737463,4.981550328201787e-06
49120185.0,49220185.0,712,0.03265396157654214,0.03265396157654213,0.00015345750395561893,5.01099543779884e-06
49130185.0,49230185.0,828,0.03494806153681118,0.034948061536811174,0.00017547306429812704,6.132443449143771e-06
49140185.0,49240185.0,762,0.03478675727570288,0.034786757275702865,0.00016474254072157104,5.730858777063886e-06
49150185.0,49250185.0,679,0.033176254497918264,0.03317625449791825,0.00013927178265672464,4.6205161057982484e-06
49160185.0,49260185.0,568,0.035316467387321276,0.03531646738732126,0.00011387016755592999,4.021492058877821e-06
49170185.0,49270185.0,489,0.0390789767193015,0.03907897671930149,0.00010780961112384445,4.213089283225662e-06
49180185.0,49280185.0,543,0.036514934765421725,0.03651493476542172,0.00014710685833044682,5.371597335482404e-06
49190185.0,49290185.0,550,0.04037872096960744,0.04037872096960744,0.00015912429478763795,6.425235498715619e-06
49200185.0,49300185.0,550,0.04123073556249452,0.04123073556249451,0.00017572117181077648,7.245113167661788e-06
49210185.0,49310185.0,536,0.03840604496294784,0.03840604496294784,0.00018343755958055293,7.045111161144161e-06
49220185.0,49320185.0,468,0.03825110418988019,0.03825110418988018,0.00017008804136790911,6.50605539181656e-06
49230185.0,49330185.0,374,0.038842178646001264,0.03884217864600125,0.00015326084718189493,5.952985205676657e-06
49240185.0,49340185.0,364,0.033725927008899315,0.03372592700889933,0.00012713083527605618,4.287605271100673e-06
49250185.0,49350185.0,360,0.03375911694258682,0.033759116942586834,0.0001425064521937459,4.810891984681822e-06
49260185.0,49360185.0,375,0.03269352602932214,0.03269352602932215,0.00017186130475260565,5.618752040362595e-06
49270185.0,49370185.0,342,0.030570729830076106,0.03057072983007612,0.000155820551831901,4.763547992026434e-06
49280185.0,49380185.0,367,0.035762753729432356,0.03576275372943236,0.00018411967301547782,6.584626522796146e-06
49290185.0,49390185.0,365,0.03138432285035429,0.031384322850354286,0.00019410054988216812,6.091714322933319e-06
49300185.0,49400185.0,442,0.02639761840633856,0.02639761840633856,0.00022538215268070526,5.949552062064439e-06
49310185.0,49410185.0,500,0.026829566925559996,0.026829566925559982,0.0001952215145923854,5.237708691065602e-06
49320185.0,49420185.0,553,0.02700673083989445,0.02700673083989445,0.0002215138184114816,5.9823640711561746e-06
49330185.0,49430185.0,540,0.025739826549154358,0.025739826549154354,0.00026691649323012885,6.870384238852046e-06
49340185.0,49440185.0,563,0.03731750675382485,0.03731750675382484,0.0003411403018446059,1.27305055180879e-05
49350185.0,49450185.0,588,0.037315707135750914,0.03731570713575091,0.00031674062657773764,1.181940045936906e-05
49360185.0,49460185.0,578,0.04309838239078283,0.04309838239078283,0.00034322685555218706,1.4792522267374213e-05
49370185.0,49470185.0,584,0.043014776556282816,0.0430147765562828,0.00043786504464126915,1.8834667057050983e-05
49380185.0,49480185.0,516,0.042622578136051435,0.04262257813605143,0.00036452059470530227,1.5536807530026634e-05
49390185.0,49490185.0,506,0.04349421786087712,0.04349421786087713,0.0003989663615928067,1.735272985027893e-05
49400185.0,49500185.0,403,0.05224086722868198,0.052240867228681986,0.0002649681756418508,1.3842167283532015e-05
49410185.0,49510185.0,367,0.05361000779226503,0.05361000779226504,0.00035196235313934393,1.8868704494384175e-05
49420185.0,49520185.0,316,0.05327508688096347,0.053275086880963454,0.00036219076005961244,1.9295744209657893e-05
49430185.0,49530185.0,323,0.05923969121661086,0.059239691216610844,0.00023256310617252233,1.3776966598036095e-05
49440185.0,49540185.0,392,0.0408180689779183,0.040818068977918294,0.0002102229678536638,8.580895602593561e-06
49450185.0,49550185.0,361,0.04162117319032789,0.04162117319032789,0.00018837946149029432,7.84057419218825e-06
49460185.0,49560185.0,324,0.034136961353602564,0.03413696135360256,0.0001364235568564449,4.657085688129457e-06
49470185.0,49570185.0,315,0.035523174342149785,0.03552317434214978,0.00010571953347414823,3.7554934189729164e-06
49480185.0,49580185.0,331,0.03804520436188063,0.038045204361880615,0.0001196451820234348,4.551925400995975e-06
49490185.0,49590185.0,332,0.03661723961587792,0.03661723961587792,0.00013407629325218808,4.909503756824045e-06
49500185.0,49600185.0,342,0.03694716597747299,0.03694716597747298,0.0001406716117068451,5.197417386051414e-06
49510185.0,49610185.0,333,0.04018797284652048,0.04018797284652049,0.00013556800684345595,5.4482033778817355e-06
49520185.0,49620185.0,364,0.038163646673101695,0.038163646673101695,0.00013409024944084955,5.117372901968649e-06
49530185.0,49630185.0,354,0.044373317349976314,0.04437331734997629,0.00017816386175512926,7.905721577957656e-06
49540185.0,49640185.0,268,0.04650167146362627,0.04650167146362624,0.00016876730065184392,7.847961568715092e-06
49550185.0,49650185.0,307,0.044890818801491914,0.04489081880149191,0.0002374750428840584,1.0660449119984802e-05
49560185.0,49660185.0,327,0.04528494039078294,0.04528494039078293,0.0002497559630497725,1.1310183898951561e-05
49570185.0,49670185.0,412,0.04218831914488899,0.04218831914488899,0.00035434100072708044,1.4949051224793422e-05
49580185.0,49680185.0,411,0.041461975639991606,0.04146197563999163,0.0003894856639377363,1.6148845110312353e-05
49590185.0,49690185.0,417,0.04413952481475018,0.04413952481475019,0.00030555965689376357,1.3487258057848802e-05
49600185.0,49700185.0,398,0.04403560764478791,0.04403560764478792,0.0002642378926292079,1.1635876164705391e-05
49610185.0,49710185.0,401,0.05445603937749678,0.05445603937749678,0.00027562291998263635,1.5009332583915074e-05
49620185.0,49720185.0,358,0.05790140389531581,0.05790140389531581,0.00020773593677359366,1.2028202378699644e-05
49630185.0,49730185.0,366,0.04946864227233356,0.04946864227233358,0.00015697830137411693,7.765503435194792e-06
49640185.0,49740185.0,396,0.06700404977668285,0.0670040497766829,0.0001664819136522754,1.1154962429274485e-05
49650185.0,49750185.0,374,0.07263191254343618,0.07263191254343618,0.00013686320828023497,9.940636574224131e-06
49660185.0,49760185.0,413,0.07170448647328317,0.07170448647328319,0.0001898954914493004,1.3616358697963826e-05
49670185.0,49770185.0,453,0.07585770060550101,0.07585770060550101,0.00017876918521443025,1.356101932948561e-05
49680185.0,49780185.0,510,0.07473110714616614,0.07473110714616615,0.00016569427498455057,1.2382516617376795e-05
49690185.0,49790185.0,503,0.07930227550676558,0.07930227550676558,0.0001955779274326553,1.550977468430661e-05
49700185.0,49800185.0,543,0.07427660407368465,0.07427660407368462,0.00025066128670701637,1.8618269149337407e-05
49710185.0,49810185.0,542,0.06128145953074782,0.0612814595307478,0.0002549523226868065,1.5623850445001682e-05
49720185.0,49820185.0,590,0.05696034475359041,0.056960344753590395,0.0003354144202429732,1.910532101236538e-05
49730185.0,49830185.0,618,0.056697755894037284,0.056697755894037284,0.00039649478067423424,2.2480364287927577e-05
49740185.0,49840185.0,616,0.042581609918802776,0.04258160991880276,0.00046782540686258193,1.992075898512764e-05
49750185.0,49850185.0,631,0.0400755177519485,0.04007551775194849,0.0006321845742309407,2.533512412710007e-05
49760185.0,49860185.0,598,0.032911210063866915,0.0329112100638669,0.0005224877110493695,1.7195702814134788e-05
49770185.0,49870185.0,477,0.030495047732680223,0.030495047732680206,0.0004119454316175628,1.256229560043721e-05
49780185.0,49880185.0,394,0.03196595431067672,0.03196595431067669,0.00031985848129463404,1.0224581598946697e-05
49790185.0,49890185.0,384,0.020004512902812056,0.02000451290281205,0.00023895268839966132,4.780132138252664e-06
49800185.0,49900185.0,391,0.021833964493076456,0.02183396449307645,0.0002319228785143152,5.063795894613612e-06
49810185.0,49910185.0,365,0.021479740134798454,0.021479740134798444,0.00018982003599280145,4.0772850455034685e-06
49820185.0,49920185.0,364,0.017968619044623418,0.017968619044623428,0.00019430888089956398,3.4914622578713755e-06
49830185.0,49930185.0,345,0.01634357932537818,0.016343579325378194,0.00022302409884611456,3.6450120509624464e-06
49840185.0,49940185.0,294,0.01376274606059896,0.013762746060598963,0.0001447072532504702,1.9915691796129993e-06
49850185.0,49950185.0,267,0.013647928688602888,0.013647928688602888,0.0001349070762845337,1.8412021567192322e-06
49860185.0,49960185.0,254,0.014028344324410358,0.014028344324410367,0.00014045985821038514,1.9704192547331536e-06
49870185.0,49970185.0,305,0.011943289106604001,0.011943289106604003,0.00019760627846228529,2.3600689129551723e-06
49880185.0,49980185.0,358,0.011409040951299175,0.01140904095129918,0.000234858220603538,2.679507056615065e-06
49890185.0,49990185.0,398,0.014206053671619652,0.014206053671619649,0.00032803168600860604,4.660035737430135e-06
49900185.0,50000185.0,369,0.01181047478529141,0.01181047478529141,0.0003361803594793747,3.97044965894142e-06
49910185.0,50010185.0,386,0.012188602587405105,0.012188602587405112,0.0004393047490255349,5.354511000631934e-06
49920185.0,50020185.0,381,0.009212101523939286,0.009212101523939293,0.000455526,4.196351758793924e-06
49930185.0,50030185.0,379,0.010163803971039219,0.010163803971039234,0.00045159919289056806,4.589965670019307e-06
49940185.0,50040185.0,400,0.010025048045302626,0.010025048045302638,0.0006562075427500587,6.578512143759364e-06
49950185.0,50050185.0,422,0.009328958000093085,0.009328958000093094,0.0009599585237853393,8.955412750224639e-06
49960185.0,50060185.0,431,0.011826165464486085,0.011826165464486092,0.0010264446867399143,1.2138904705528676e-05
49970185.0,50070185.0,397,0.013259563845106457,0.013259563845106468,0.000987551091399252,1.3094496746712874e-05
49980185.0,50080185.0,381,0.015497116113513811,0.015497116113513822,0.0018524438075124452,2.8707536778779762e-05
49990185.0,50090185.0,343,0.014886923561732235,0.014886923561732244,0.001759414877061936,2.6192274788195873e-05
50000185.0,50100185.0,358,0.017755056928690036,0.01775505692869004,0.0019838450962419794,3.522328262147888e-05
50010185.0,50110185.0,347,0.017865231303103822,0.017865231303103822,0.0014524449443523563,2.5948264885878713e-05
50020185.0,50120185.0,335,0.021674393537153242,0.021674393537153235,0.0012350356567747873,2.6768648857353394e-05
50030185.0,50130185.0,343,0.02324936259901348,0.023249362599013466,0.0009112254772587314,2.118541153024735e-05
50040185.0,50140185.0,360,0.023735257025637706,0.023735257025637696,0.0012745306477682456,3.0251312511831736e-05
50050185.0,50150185.0,395,0.026604368352232014,0.02660436835223201,0.0013142908096540247,3.496587682198922e-05
50060185.0,50160185.0,418,0.031217589909715036,0.031217589909715026,0.0010070841889117043,3.143874121400354e-05
50070185.0,50170185.0,421,0.031639419631116036,0.03163941963111603,0.0006107247823434813,1.9322977667687434e-05
50080185.0,50180185.0,426,0.03257125495532257,0.03257125495532257,0.00047937695294006247,1.5613908953916384e-05
50090185.0,50190185.0,441,0.03155339225848693,0.03155339225848692,0.0004571540367810095,1.4424760645101968e-05
50100185.0,50200185.0,479,0.028807011856332377,0.028807011856332353,0.0004148444426533408,1.1950428778048366e-05
50110185.0,50210185.0,530,0.029503159463233255,0.029503159463233238,0.00041491242429202813,1.2241227417164438e-05
50120185.0,50220185.0,536,0.030256295941265502,0.030256295941265488,0.0004946392181326679,1.4965950567978248e-05
50130185.0,50230185.0,526,0.031030793129332938,0.031030793129332906,0.0005802217553688142,1.800474125998808e-05
50140185.0,50240185.0,519,0.031679060010378644,0.03167906001037861,0.0005091452010541528,1.6129241378190745e-05
50150185.0,50250185.0,473,0.03156340547331808,0.03156340547331805,0.0004774021814404432,1.5068438626651282e-05
50160185.0,50260185.0,440,0.027306590657212144,0.027306590657212117,0.00048596957647493983,1.3270172296659916e-05
50170185.0,50270185.0,453,0.026228359709458384,0.02622835970945835,0.0007107556536127966,1.864195494848779e-05
50180185.0,50280185.0,461,0.02341385619421824,0.0234138561942182,0.0008089482581214169,1.8940598184218015e-05
50190185.0,50290185.0,434,0.025916525540773273,0.025916525540773245,0.0006318773900573614,1.637606651805887e-05
50200185.0,50300185.0,416,0.028511758073789483,0.028511758073789452,0.0004496508554042595,1.282033640695861e-05
50210185.0,50310185.0,390,0.028852125797526988,0.028852125797526957,0.00041396336227459215,1.1943723003913792e-05
50220185.0,50320185.0,419,0.032326288872285495,0.03232628887228546,0.0003013808715336729,9.742525113778626e-06
50230185.0,50330185.0,386,0.030824243581199912,0.03082424358119989,0.0001920763367211666,5.920607789277841e-06
50240185.0,50340185.0,365,0.03160358077218806,0.03160358077218804,0.00017371842773875355,5.49012436265921e-06
50250185.0,50350185.0,358,0.0286225140542072,0.028622514054207175,0.0001394646693963595,3.99182945986265e-06
50260185.0,50360185.0,360,0.02650688903457666,0.02650688903457664,0.00011820708690497017,3.133302135690607e-06
50270185.0,50370185.0,372,0.02673112558568089,0.026731125585680873,0.00012025315235414337,3.214502117652611e-06
50280185.0,50380185.0,379,0.025186881629546985,0.02518688162954699,0.0001412534874451973,3.5577348680429023e-06
50290185.0,50390185.0,391,0.020567751607125248,0.020567751607125245,0.00015347734806629837,3.1566839723479345e-06
50300185.0,50400185.0,350,0.02040590449965052,0.020405904499650514,0.0001384362348178138,2.8249165869835243e-06
50310185.0,50410185.0,324,0.019670252721369928,0.019670252721369914,0.00014101752732332412,2.7738504005924863e-06
50320185.0,50420185.0,282,0.009308220419729138,0.009308220419729134,0.0001215051463072571,1.1309966839593758e-06
50330185.0,50430185.0,348,0.012546710181195268,0.012546710181195265,0.00018842467582564317,2.3641097985700266e-06
50340185.0,50440185.0,407,0.013097308599253116,0.013097308599253118,0.00025302454554791004,3.3139405562267345e-06
50350185.0,50450185.0,440,0.014748313854231301,0.01474831385423131,0.0002702808678228426,3.986187067445304e-06
50360185.0,50460185.0,448,0.01625414795418755,0.016254147954187555,0.0003019292485890295,4.9076026782627666e-06
50370185.0,50470185.0,428,0.01649048478084167,0.016490484780841676,0.00029809539957047584,4.91573764985586e-06
50380185.0,50480185.0,412,0.022413911028320146,0.022413911028320143,0.00025313658122297713,5.673780809544959e-06
50390185.0,50490185.0,423,0.023210358849711614,0.023210358849711617,0.00025234938133600587,5.85711969631142e-06
50400185.0,50500185.0,440,0.022338565102481583,0.02233856510248158,0.00039223180592991915,8.761895732029422e-06
50410185.0,50510185.0,425,0.023278829974172063,0.02327882997417206,0.00037802576958326597,8.799997615984384e-06
50420185.0,50520185.0,427,0.026648432477003433,0.02664843247700343,0.0003464512790181872,9.232383515487602e-06
50430185.0,50530185.0,399,0.023025663015514806,0.023025663015514796,0.00029685625,6.8353119765494074e-06
50440185.0,50540185.0,371,0.020830018144967377,0.020830018144967353,0.00023636217375759745,4.923428368154691e-06
50450185.0,50550185.0,355,0.021089161269845325,0.021089161269845294,0.0003824993484493094,8.066590445058283e-06
50460185.0,50560185.0,360,0.023384211154855537,0.0233842111548555,0.0003883991250381524,9.082407152253282e-06
50470185.0,50570185.0,360,0.02473647910045731,0.024736479100457284,0.00034122410241912683,8.440682878063006e-06
50480185.0,50580185.0,345,0.025154067084255098,0.025154067084255074,0.0002900679991757676,7.296389910262987e-06
50490185.0,50590185.0,331,0.026070971936223684,0.02607097193622366,0.00021073472160530924,5.494059012959913e-06
50500185.0,50600185.0,308,0.027399814800196955,0.027399814800196928,0.00016763476423436457,4.593161494096261e-06
50510185.0,50610185.0,331,0.02457937967318393,0.02457937967318391,0.000173491314604332,4.264308891659683e-06
50520185.0,50620185.0,338,0.025059064177582697,0.025059064177582673,0.00021168672972198338,5.304671345645747e-06
50530185.0,50630185.0,338,0.026301929892690257,0.02630192989269025,0.0002012122575484903,5.292270691590346e-06
50540185.0,50640185.0,327,0.02641424732287908,0.026414247322879073,0.0002320729305450965,6.130031784363502e-06
50550185.0,50650185.0,321,0.027134596532912218,0.027134596532912218,0.00019851140629511985,5.386526916999078e-06
50560185.0,50660185.0,317,0.023078330184449058,0.023078330184449065,0.0001943636692709119,4.485588935295187e-06
50570185.0,50670185.0,308,0.02298186057774292,0.02298186057774291,0.00020842499824844113,4.789994250661956e-06
50580185.0,50680185.0,307,0.017774657289898698,0.017774657289898688,0.00022467230008244027,3.9934731364987e-06
50590185.0,50690185.0,303,0.02289797257418395,0.022897972574183943,0.0004069503878042257,9.318338818994713e-06
50600185.0,50700185.0,318,0.023994919995314334,0.02399491999531433,0.0006456666666666667,1.5492720010307984e-05
50610185.0,50710185.0,313,0.02520729789921189,0.02520729789921189,0.0006615968362548098,1.6677068540651138e-05
50620185.0,50720185.0,340,0.02099747661325922,0.02099747661325922,0.000544262763007666,1.142814463772131e-05
50630185.0,50730185.0,344,0.022249979277169277,0.022249979277169287,0.0005299875940141119,1.1792212983970876e-05
50640185.0,50740185.0,339,0.024618907573176474,0.02461890757317648,0.00028262767154105733,6.957984523291382e-06
50650185.0,50750185.0,323,0.02536990750957095,0.025369907509570962,0.00018205891669306304,4.618817877795703e-06
50660185.0,50760185.0,314,0.031825083245879494,0.03182508324587951,0.00016747390625428048,5.3298710080550905e-06
50670185.0,50770185.0,330,0.02843534776100507,0.0284353477610051,0.00017601589352314557,5.005073143794708e-06
50680185.0,50780185.0,388,0.02534325691454108,0.025343256914541083,0.00019225468080306788,4.8723597686151914e-06
50690185.0,50790185.0,418,0.022359784872076346,0.022359784872076346,0.00019862810130944175,4.441281614828081e-06
50700185.0,50800185.0,431,0.025326691586200722,0.025326691586200722,0.00021994459833795017,5.570469008156078e-06
50710185.0,50810185.0,430,0.026126874010470882,0.026126874010470875,0.00024305097383523882,6.350162171515527e-06
50720185.0,50820185.0,402,0.02600417208012935,0.026004172080129333,0.00024580727272727274,6.392014618547285e-06
50730185.0,50830185.0,417,0.0250192762755577,0.025019276275557684,0.0002713784301212508,6.789691918430645e-06
50740185.0,50840185.0,486,0.028372181788333464,0.028372181788333457,0.0003684742408512847,1.0454418145750767e-05
50750185.0,50850185.0,504,0.028604331821901093,0.02860433182190109,0.0005552145661929693,1.588154168373657e-05
50760185.0,50860185.0,488,0.025563237782295325,0.025563237782295314,0.0005825878262674484,1.4892831131945279e-05
50770185.0,50870185.0,451,0.0263817438157782,0.026381743815778194,0.0004083807430393931,1.077379614216234e-05
50780185.0,50880185.0,376,0.02989164602437431,0.029891646024374306,0.0002731890519961586,8.16607044000357e-06
50790185.0,50890185.0,358,0.03020698308977159,0.0302069830897716,0.000196459562651857,5.934450686848577e-06
50800185.0,50900185.0,345,0.02509354907888538,0.02509354907888538,0.00013861968990293712,3.4784599918792397e-06
50810185.0,50910185.0,379,0.022277181276059158,0.02227718127605916,0.00011960977903149975,2.664568729874081e-06
50820185.0,50920185.0,405,0.020540775902693327,0.020540775902693337,0.00011867154240803407,2.4376055586303986e-06
50830185.0,50930185.0,401,0.02301665824306028,0.0230166582430603,0.00010357345433919457,2.383914801578473e-06
50840185.0,50940185.0,368,0.012518507584001451,0.012518507584001463,8.746318809937326e-05,1.0949085835429585e-06
50850185.0,50950185.0,355,0.010091187109798935,0.010091187109798947,9.53219696969697e-05,9.619118318867098e-07
50860185.0,50960185.0,381,0.011303523898214606,0.011303523898214615,0.00010762425110965148,1.2165332944453807e-06
50870185.0,50970185.0,412,0.010993823749678234,0.010993823749678241,0.00015832769453842435,1.7406267684482983e-06
50880185.0,50980185.0,438,0.01055529067131401,0.010555290671314013,0.0001824559294871795,1.9258753704419546e-06
50890185.0,50990185.0,447,0.009383049702292976,0.009383049702292978,0.00019201476738782465,1.8016841059741754e-06
50900185.0,51000185.0,516,0.009017168856009974,0.00901716885600997,0.00025837593393629574,2.3298194246328495e-06
50910185.0,51010185.0,469,0.00947564371902172,0.009475643719021713,0.00024392055791388722,2.3113043025369883e-06
50920185.0,51020185.0,419,0.00942065805166257,0.009420658051662556,0.00020166392877960892,1.8998069143875175e-06
50930185.0,51030185.0,434,0.008056657875384827,0.008056657875384815,0.00022692919291929193,1.8282908692879397e-06
50940185.0,51040185.0,403,0.007573888030392102,0.007573888030392085,0.00026047551409109985,1.9728123783847963e-06
50950185.0,51050185.0,404,0.007617432786172837,0.0076174327861728165,0.00023147546012269938,1.763248759133085e-06
50960185.0,51060185.0,383,0.0063767392946693915,0.006376739294669374,0.00020706476030277546,1.3203979935640038e-06
50970185.0,51070185.0,403,0.005054751305754999,0.00505475130575499,0.00021676148305915983,1.0956753895306601e-06
50980185.0,51080185.0,374,0.005233878155861173,0.005233878155861162,0.0001867662900518576,9.7751200575362e-07
50990185.0,51090185.0,344,0.0058710141457243,0.005871014145724292,0.0001628187211925076,9.559110153099449e-07
51000185.0,51100185.0,279,0.005379034197303395,0.0053790341973034,0.00010103755355792658,5.434844557999616e-07
51010185.0,51110185.0,275,0.004866394450477898,0.004866394450477913,8.341890608955109e-05,4.0594930165913935e-07
51020185.0,51120185.0,298,0.005006714511907983,0.005006714511907999,8.580248082567939e-05,4.295885259076349e-07
51030185.0,51130185.0,307,0.00604529916156781,0.006045299161567824,7.84393073776273e-05,4.7418907912390195e-07
51040185.0,51140185.0,294,0.005733473414039299,0.005733473414039302,6.346976123691592e-05,3.639021886472763e-07
51050185.0,51150185.0,295,0.0073729762748083435,0.007372976274808333,6.762896518541431e-05,4.986267558018981e-07
51060185.0,51160185.0,305,0.008413089475193715,0.008413089475193704,7.146087702676128e-05,6.012067524019453e-07
51070185.0,51170185.0,296,0.015732430128619315,0.015732430128619277,7.088896184431313e-05,1.1152556391060247e-06
51080185.0,51180185.0,318,0.014759211242406835,0.014759211242406789,9.481395816572808e-05,1.3993792372966986e-06
51090185.0,51190185.0,345,0.013729250127838542,0.013729250127838497,0.0001203654220284556,1.6525269857715539e-06
51100185.0,51200185.0,339,0.013692598419511724,0.013692598419511674,0.00013378834355828222,1.8319100615552356e-06
51110185.0,51210185.0,390,0.012804796870094644,0.012804796870094599,0.00020281946474923174,2.597062047415243e-06
51120185.0,51220185.0,378,0.012031078931807033,0.012031078931806998,0.00026163487252629705,3.147749802677135e-06
51130185.0,51230185.0,347,0.012749208378461134,0.0127492083784611,0.00037522397749404897,4.7838086776667164e-06
51140185.0,51240185.0,352,0.013953855303727022,0.013953855303726998,0.0003948421008544145,5.509569543142096e-06
51150185.0,51250185.0,367,0.013436855784710102,0.013436855784710081,0.0003517975276906211,4.727052644996436e-06
51160185.0,51260185.0,383,0.019544537120098345,0.01954453712009832,0.0003731974921630094,7.2939722387075125e-06
51170185.0,51270185.0,350,0.019881864040428802,0.019881864040428802,0.00027420026079960045,5.451612305067756e-06
51180185.0,51280185.0,348,0.020482067812034162,0.02048206781203417,0.00023948428062567758,4.905133275691368e-06
51190185.0,51290185.0,308,0.02141960440165692,0.02141960440165692,0.0001918345589835081,4.109020363993073e-06
51200185.0,51300185.0,305,0.021349093581150832,0.02134909358115084,0.00021659116090114487,4.624024962928606e-06
51210185.0,51310185.0,260,0.0261186000053741,0.026118600005374113,0.00019369405391461372,5.0590175176151645e-06
51220185.0,51320185.0,266,0.028241592400627912,0.028241592400627916,0.00017909045777591973,5.057799711349391e-06
51230185.0,51330185.0,240,0.0322791506483192,0.032279150648319224,0.00012342576545349508,3.984078876957494e-06
51240185.0,51340185.0,257,0.03444196164729518,0.0344419616472952,0.00012943412270982038,4.457965090222939e-06
51250185.0,51350185.0,247,0.03456136065928105,0.034561360659281073,0.00014283921389657435,4.9367175877677185e-06
51260185.0,51360185.0,227,0.02180058311558206,0.02180058311558209,0.00014337583812260536,3.1256768757581106e-06
51270185.0,51370185.0,218,0.02139913048388007,0.021399130483880077,0.00011435724984581045,2.447145711228183e-06
51280185.0,51380185.0,212,0.021325104284712553,0.02132510428471256,0.00012801446416831034,2.729921798340836e-06
51290185.0,51390185.0,221,0.021307929748641055,0.021307929748641066,0.00013352737675470698,2.845191963409666e-06
51300185.0,51400185.0,261,0.024903624035497757,0.024903624035497774,0.00013421284597755185,3.342386256959115e-06
51310185.0,51410185.0,284,0.018761339163349204,0.018761339163349215,0.00013648610323312534,2.5606620738405475e-06
51320185.0,51420185.0,321,0.020051166797743297,0.020051166797743304,0.0001659996259584814,3.328486188456528e-06
51330185.0,51430185.0,335,0.01978984637678897,0.019789846376788975,0.0001776857969168723,3.51637462432222e-06
51340185.0,51440185.0,458,0.01728899331221954,0.017288993312219537,0.0002218972291415218,3.836379710627836e-06
51350185.0,51450185.0,446,0.01764915670683415,0.017649156706834146,0.00021886076929030263,3.862708014182816e-06
51360185.0,51460185.0,453,0.018458494920469654,0.018458494920469644,0.00019712734082397005,3.6386740192849447e-06
51370185.0,51470185.0,496,0.018009674144000603,0.018009674144000593,0.00026626554979058574,4.795355787501636e-06
51380185.0,51480185.0,540,0.017905396243594628,0.017905396243594617,0.00024025594149908595,4.301877832419043e-06
51390185.0,51490185.0,567,0.01785499481974739,0.017854994819747377,0.00025545983504688736,4.561234031415711e-06
51400185.0,51500185.0,542,0.015791611006491395,0.015791611006491377,0.0002393904668709603,3.7803611314885813e-06
51410185.0,51510185.0,530,0.016639711002244068,0.01663971100224405,0.00021226391789620248,3.53201024999686e-06
51420185.0,51520185.0,500,0.017859252084760597,0.017859252084760576,0.00018495652553851533,3.303185214313788e-06
51430185.0,51530185.0,576,0.017964493809978915,0.017964493809978905,0.00020961260247548625,3.7655842996644426e-06
51440185.0,51540185.0,452,0.02013719074634112,0.020137190746341113,0.0001654325416756356,3.3313466473742917e-06
51450185.0,51550185.0,442,0.019947329989549227,0.019947329989549213,0.00015777862851126955,3.1472623682128088e-06
51460185.0,51560185.0,439,0.019395886751882866,0.01939588675188286,0.00016119264235603262,3.126474236374363e-06
51470185.0,51570185.0,428,0.01945979627755918,0.019459796277559175,0.00014296529607146945,2.7820755363117134e-06
51480185.0,51580185.0,388,0.017996722892885116,0.01799672289288512,0.00018014715901348957,3.2420585007062748e-06
51490185.0,51590185.0,369,0.018028002686399102,0.018028002686399102,0.0002058782520518427,3.7115736810617837e-06
51500185.0,51600185.0,386,0.01614396805332555,0.01614396805332555,0.00025081756855843966,4.04919081402025e-06
51510185.0,51610185.0,442,0.014773233785839932,0.01477323378583994,0.0003308244598594972,4.88734708757854e-06
51520185.0,51620185.0,469,0.013876411570522907,0.013876411570522926,0.0003449717130572528,4.786969470570767e-06
51530185.0,51630185.0,429,0.013504250214115316,0.013504250214115332,0.0003096753767571446,4.181933772878872e-06
51540185.0,51640185.0,443,0.014268527657080057,0.014268527657080076,0.0003187373256632041,4.547912346569191e-06
51550185.0,51650185.0,466,0.014254284069266219,0.014254284069266238,0.0002600003354128933,3.706118639079887e-06
51560185.0,51660185.0,494,0.015046138211271808,0.015046138211271818,0.00026324158919135846,3.960769333928017e-06
51570185.0,51670185.0,488,0.014806889879316243,0.014806889879316257,0.00027031331683685916,4.00249951531608e-06
51580185.0,51680185.0,489,0.016276369003646145,0.016276369003646155,0.00026025896762904636,4.236070993638342e-06
51590185.0,51690185.0,499,0.016398450054510853,0.01639845005451087,0.00029387030995106037,4.819017600236102e-06
51600185.0,51700185.0,486,0.01822956100735058,0.018229561007350594,0.0002276589799947845,4.150123264686161e-06
51610185.0,51710185.0,420,0.02048503593542219,0.020485035935422193,0.00021003343815930895,4.3025425283337056e-06
51620185.0,51720185.0,398,0.014016143765199836,0.014016143765199838,0.00029169792783136837,4.088480092495356e-06
51630185.0,51730185.0,378,0.012203564917920894,0.012203564917920897,0.0003558122104115563,4.342177408346375e-06
51640185.0,51740185.0,367,0.009842252903426819,0.009842252903426819,0.0003529401783982936,3.473726495576587e-06
51650185.0,51750185.0,359,0.011331567455863485,0.011331567455863488,0.0005299237653297979,6.004866893299897e-06
51660185.0,51760185.0,394,0.010093241177419115,0.010093241177419113,0.0005550531570076494,5.602285379966163e-06
51670185.0,51770185.0,375,0.010462974085743426,0.01046297408574342,0.00044308749598887583,4.6360129882485375e-06
51680185.0,51780185.0,391,0.010992953605042011,0.010992953605042006,0.00033330560740079524,3.6640130784571884e-06
51690185.0,51790185.0,367,0.01058352847316374,0.010583528473163737,0.00023479013222113762,2.4849080495802756e-06
51700185.0,51800185.0,333,0.010738459235147393,0.010738459235147388,0.00020759623314091136,2.2292636869538126e-06
51710185.0,51810185.0,339,0.011056447684306228,0.011056447684306222,0.00018959302176203076,2.0962253264214058e-06
51720185.0,51820185.0,387,0.014603742333822466,0.014603742333822462,0.00013436234016068801,1.9621929950760967e-06
51730185.0,51830185.0,348,0.018327319627706267,0.018327319627706264,8.76804838401224e-05,1.606948252449867e-06
51740185.0,51840185.0,360,0.018795597078260715,0.018795597078260718,9.810795305141874e-05,1.8439975557273802e-06
51750185.0,51850185.0,385,0.01707443738813818,0.017074437388138183,8.38981651808877e-05,1.4325139683607584e-06
51760185.0,51860185.0,346,0.02444876353393846,0.024448763533938475,6.140839792979086e-05,1.5013593999834492e-06
51770185.0,51870185.0,373,0.020966903482931877,0.020966903482931905,6.957521425087675e-05,1.4587768020024484e-06
51780185.0,51880185.0,375,0.01946881663319159,0.019468816633191614,7.112273446052793e-05,1.3846754756632235e-06
51790185.0,51890185.0,429,0.020724974257387774,0.02072497425738779,9.709771694782836e-05,2.0123476841948794e-06
51800185.0,51900185.0,432,0.020528750745723412,0.020528750745723422,0.00010889760993341268,2.2355318911280407e-06
51810185.0,51910185.0,400,0.019551729484143902,0.01955172948414392,8.219438800442375e-05,1.6070424393772519e-06
51820185.0,51920185.0,334,0.01849628484863211,0.01849628484863214,8.526691184665106e-05,1.5771210896788652e-06
51830185.0,51930185.0,338,0.018061020889728368,0.01806102088972839,8.031037707984641e-05,1.4504873981010705e-06
51840185.0,51940185.0,371,0.01690953207108082,0.01690953207108083,8.192920569273812e-05,1.385384531219533e-06
51850185.0,51950185.0,370,0.018341568554422642,0.01834156855442265,7.843459158123493e-05,1.4386134385253456e-06
51860185.0,51960185.0,339,0.014429262856095542,0.014429262856095543,7.322018657974598e-05,1.0565133185315132e-06
51870185.0,51970185.0,315,0.017498683757323285,0.017498683757323268,8.14429214188553e-05,1.4251439261810946e-06
51880185.0,51980185.0,284,0.017555843003948544,0.017555843003948524,7.476466328747284e-05,1.3125566909179435e-06
51890185.0,51990185.0,314,0.024970649060693455,0.024970649060693437,0.0001174106230847804,2.9318194650474154e-06
51900185.0,52000185.0,444,0.019630168904494278,0.019630168904494268,0.00016138212477103764,3.167958367421668e-06
51910185.0,52010185.0,535,0.019241295519441433,0.01924129551944141,0.00023384486987327972,4.499478246937108e-06
51920185.0,52020185.0,595,0.01938792036614802,0.019387920366148004,0.00021900079936051158,4.245970058124315e-06
51930185.0,52030185.0,666,0.02091365046125913,0.020913650461259106,0.00022452938684099026,4.695729114673304e-06
51940185.0,52040185.0,657,0.022036115134689817,0.022036115134689793,0.00018550889141127506,4.087895289647527e-06
51950185.0,52050185.0,683,0.021244362622617106,0.02124436262261708,0.00018380980009494172,3.904922046807695e-06
51960185.0,52060185.0,714,0.022712704196827214,0.02271270419682719,0.00017018745236280485,3.8654172635279725e-06
51970185.0,52070185.0,710,0.02255680863696124,0.022556808636961224,0.00013398222721288625,3.0222114599949438e-06
51980185.0,52080185.0,753,0.022201333782661474,0.02220133378266145,0.00012843092573011996,2.851337850150605e-06
51990185.0,52090185.0,784,0.016153179662679068,0.016153179662679058,0.00010022803588432816,1.6190014708769776e-06
52000185.0,52100185.0,754,0.020269580791634947,0.020269580791634937,8.680052835626309e-05,1.7594103222738847e-06
52010185.0,52110185.0,681,0.02103510297280508,0.02103510297280507,7.483518436250554e-05,1.574165809054158e-06
52020185.0,52120185.0,646,0.02147831350860444,0.02147831350860442,7.542167986597624e-05,1.6199304855070454e-06
52030185.0,52130185.0,662,0.013887662058563227,0.0138876620585632,0.00010232731315419628,1.4210871444462565e-06
52040185.0,52140185.0,664,0.015619605973517196,0.015619605973517164,0.00010026364857549572,1.566078684216434e-06
52050185.0,52150185.0,626,0.01385659257924647,0.013856592579246447,9.808832381751519e-05,1.3591699399205033e-06
52060185.0,52160185.0,591,0.011883562666227612,0.011883562666227589,8.605653463618915e-05,1.0226582221875388e-06
52070185.0,52170185.0,593,0.011823628217952341,0.011823628217952317,8.634661278241332e-05,1.02093024741876e-06
52080185.0,52180185.0,659,0.015425603437223484,0.015425603437223455,0.00010410342785222476,1.6058581945040226e-06
52090185.0,52190185.0,632,0.015361174406610705,0.015361174406610683,0.00010425998678220004,1.6015558405923032e-06
52100185.0,52200185.0,558,0.016149958168942675,0.016149958168942654,8.877575974957611e-05,1.4337248063717531e-06
52110185.0,52210185.0,594,0.01736035327314409,0.017360353273144065,9.01217082736724e-05,1.564544693210174e-06
52120185.0,52220185.0,634,0.018567876772093546,0.018567876772093518,9.662562068594444e-05,1.7941326179236693e-06
52130185.0,52230185.0,628,0.026250002880058253,0.02625000288005825,8.297950052504224e-05,2.1782121277681473e-06
52140185.0,52240185.0,625,0.025657583338659893,0.02565758333865988,8.917781841130115e-05,2.2880873078478363e-06
52150185.0,52250185.0,607,0.028535267747648946,0.02853526774764893,8.984512400847062e-05,2.5637546694024505e-06
52160185.0,52260185.0,736,0.02299301879881947,0.02299301879881946,0.00011864950844176999,2.728110378072309e-06
52170185.0,52270185.0,823,0.022613782495937245,0.022613782495937245,0.00012828169816310342,2.900934420469902e-06
52180185.0,52280185.0,715,0.020547522610969215,0.02054752261096921,0.00010397895491146353,2.1365099271082223e-06
52190185.0,52290185.0,628,0.021898967354996485,0.02189896735499648,8.126564047168963e-05,1.7796336077724186e-06
52200185.0,52300185.0,629,0.02083999896033471,0.020839998960334703,7.89370043177425e-05,1.6450470879137003e-06
52210185.0,52310185.0,622,0.019080779114147642,0.01908077911414763,6.945373940516027e-05,1.3252314602414512e-06
52220185.0,52320185.0,619,0.016255129218359234,0.01625512921835923,5.702658409366677e-05,9.269744933241763e-07
52230185.0,52330185.0,540,0.00890859398239413,0.008908593982394134,3.983922968421659e-05,3.5491152182802453e-07
52240185.0,52340185.0,478,0.0030649921151007704,0.003064992115100786,2.798868876937511e-05,8.57851103901446e-08
52250185.0,52350185.0,492,0.0022812757174219475,0.002281275717421966,2.4740238433774474e-05,5.64393051821981e-08
52260185.0,52360185.0,371,0.01799199246575786,0.01799199246575786,1.5189337979973989e-05,2.732864544955391e-07
52270185.0,52370185.0,372,0.01634471580829491,0.01634471580829489,1.9684139871693925e-05,3.2173167213356364e-07
52280185.0,52380185.0,369,0.01679318985289837,0.016793189852898353,1.920123184764261e-05,3.224499318269824e-07
52290185.0,52390185.0,393,0.015576698972620427,0.015576698972620404,1.9650592905820435e-05,3.060913703274776e-07
52300185.0,52400185.0,388,0.01566313040530784,0.015663130405307816,1.942239432074863e-05,3.0421549502919725e-07
52310185.0,52410185.0,371,0.016119576422015097,0.016119576422015072,1.8453380083802703e-05,2.974606705053481e-07
52320185.0,52420185.0,375,0.014080431521141589,0.014080431521141535,3.2194816515451006e-05,4.533169092815335e-07
52330185.0,52430185.0,393,0.016366209012032455,0.01636620901203241,4.281611110370656e-05,7.007374234056571e-07
52340185.0,52440185.0,408,0.016313966940436294,0.016313966940436256,4.287877979129414e-05,6.995229959614201e-07
52350185.0,52450185.0,406,0.01596455200636219,0.015964552006362143,4.260115606936416e-05,6.801083716005162e-07
52360185.0,52460185.0,517,0.017789301819004254,0.017789301819004226,4.838745800671893e-05,8.607790947359212e-07
52370185.0,52470185.0,501,0.01953850146566758,0.01953850146566755,4.7528588473449254e-05,9.286373955496007e-07
52380185.0,52480185.0,565,0.01818851818087491,0.01818851818087488,5.883102620768199e-05,1.0700491897779616e-06
52390185.0,52490185.0,680,0.01953902179407447,0.019539021794074442,7.052132566482545e-05,1.3779177191120396e-06
52400185.0,52500185.0,686,0.019490244373369967,0.019490244373369936,8.160712254878069e-05,1.5905427610832657e-06
52410185.0,52510185.0,668,0.02039327733523592,0.020393277335235896,8.349631239299355e-05,1.7027634550998227e-06
52420185.0,52520185.0,652,0.028883516222948012,0.028883516222948,7.453392751230303e-05,2.1528019044616402e-06
52430185.0,52530185.0,614,0.02950411860030644,0.02950411860030642,5.75252987250586e-05,1.697233236102187e-06
52440185.0,52540185.0,589,0.029786309687845243,0.029786309687845226,5.6737558242574965e-05,1.6900024807454907e-06
52450185.0,52550185.0,566,0.03082248873400308,0.03082248873400307,5.485398860398861e-05,1.6907364457615721e-06
52460185.0,52560185.0,452,0.02873905673631351,0.02873905673631349,3.995574244960999e-05,1.148290349200866e-06
52470185.0,52570185.0,367,0.029574611278101643,0.029574611278101622,3.2904283689306396e-05,9.73131399495624e-07
52480185.0,52580185.0,294,0.036681931699365615,0.036681931699365615,2.3106573539543395e-05,8.475937523838996e-07
52490185.0,52590185.0,153,0.042534170494276685,0.04253417049427668,1.42806802164325e-05,6.074168870999846e-07
52500185.0,52600185.0,145,0.03801651388874675,0.03801651388874673,1.371026123647796e-05,5.21216336714908e-07
52510185.0,52610185.0,261,0.028120597013133776,0.028120597013133745,1.820227406135183e-05,5.118588136018944e-07
52520185.0,52620185.0,215,0.0035303902152177603,0.0035303902152177204,9.142434974847165e-06,3.2276362978464456e-08
52530185.0,52630185.0,215,0.0035303902152177603,0.0035303902152177204,9.142331855761964e-06,3.227599892785506e-08
52540185.0,52640185.0,211,0.003552303133194408,0.003552303133194368,9.062732038791263e-06,3.2193571416701434e-08
52550185.0,52650185.0,258,0.008487598165484833,0.008487598165484812,1.311474480365587e-05,1.1131268393631197e-07
52560185.0,52660185.0,316,0.00808703719111544,0.008087037191115434,1.813674970681261e-05,1.4667256940494592e-07
52570185.0,52670185.0,316,0.00808703719111544,0.008087037191115434,1.813674970681261e-05,1.4667256940494592e-07
52580185.0,52680185.0,379,0.00800372643826167,0.008003726438261664,1.9950003086229244e-05,1.5967436714465447e-07
52590185.0,52690185.0,439,0.005631562703927996,0.005631562703927988,3.5960434348477285e-05,2.025134408939375e-07
52600185.0,52700185.0,492,0.004288743582225944,0.0042887435822259205,4.681981043376617e-05,2.0079816151885741e-07
52610185.0,52710185.0,399,0.004163807119925954,0.0041638071199259375,3.8795709121081025e-05,1.6153784986094192e-07
52620185.0,52720185.0,379,0.004028664688717885,0.004028664688717869,3.640289146859132e-05,1.4665504342675003e-07
52630185.0,52730185.0,379,0.004028664688717885,0.004028664688717869,3.640289146859132e-05,1.4665504342675003e-07
52640185.0,52740185.0,508,0.005890126085058235,0.005890126085058219,4.837947607908856e-05,2.849612140348949e-07
52650185.0,52750185.0,517,0.005751798206719894,0.005751798206719876,4.990886738675703e-05,2.8706573393457134e-07
52660185.0,52760185.0,590,0.007864817521082295,0.007864817521082272,5.895747442357612e-05,4.6368977784529995e-07
52670185.0,52770185.0,720,0.0074200604374120484,0.007420060437412025,7.078919064264586e-05,5.252600728839176e-07
52680185.0,52780185.0,696,0.007353371004874833,0.007353371004874811,7.231790899226723e-05,5.317804151169154e-07
52690185.0,52790185.0,761,0.02056861365263877,0.02056861365263875,7.65028901734104e-05,1.5735583912871412e-06
52700185.0,52800185.0,725,0.02754648306815806,0.027546483068158066,6.536267504134238e-05,1.8005118213158558e-06
52710185.0,52810185.0,777,0.0239213966088072,0.02392139660880719,8.475131924037033e-05,2.027369920668532e-06
52720185.0,52820185.0,939,0.01946774609295317,0.01946774609295317,0.00012611340039227683,2.45514365775577e-06
52730185.0,52830185.0,1063,0.018756981104857143,0.01875698110485715,0.0001389648455790085,2.6065609827648677e-06
52740185.0,52840185.0,998,0.02010310224054213,0.020103102240542133,0.00012454070174146753,2.503654460217578e-06
52750185.0,52850185.0,1107,0.02191881188869925,0.02191881188869926,0.00014269641564084,3.12773589162322e-06
52760185.0,52860185.0,972,0.022581414057575886,0.022581414057575896,0.00012436965792901624,2.808442741894174e-06
52770185.0,52870185.0,898,0.023357094033075582,0.023357094033075593,0.00012588500009109627,2.940307784481499e-06
52780185.0,52880185.0,943,0.023179565076041627,0.023179565076041634,0.0001230196680686201,2.851542401629616e-06
52790185.0,52890185.0,885,0.015497997597286955,0.015497997597286959,9.755086305917896e-05,1.5118430413044211e-06
52800185.0,52900185.0,968,0.013836945399012044,0.013836945399012047,0.00010190294351630868,1.4100254654337878e-06
52810185.0,52910185.0,911,0.014561146233772424,0.014561146233772436,8.587504277226491e-05,1.2504390556384143e-06
52820185.0,52920185.0,795,0.018152985135930645,0.018152985135930645,5.7076006603028786e-05,1.0360998994830664e-06
52830185.0,52930185.0,741,0.021611734045213653,0.021611734045213653,5.65220442710161e-05,1.2215393884769907e-06
52840185.0,52940185.0,726,0.020375365850900874,0.02037536585090087,5.3986847800287616e-05,1.1000017750677612e-06
52850185.0,52950185.0,567,0.014529993874631403,0.014529993874631403,3.262434338489223e-05,4.7403150954636265e-07
52860185.0,52960185.0,598,0.0145164143398458,0.0145164143398458,3.078502966681881e-05,4.468882461079914e-07
52870185.0,52970185.0,559,0.015214086388433783,0.01521408638843379,2.2653625765658964e-05,3.4465421940998757e-07
52880185.0,52980185.0,475,0.015912897822445548,0.015912897822445562,1.9460996749729144e-05,3.096808528013884e-07
52890185.0,52990185.0,427,0.016890377581590333,0.016890377581590347,1.8241349728338578e-05,3.0810328450947906e-07
52900185.0,53000185.0,318,0.018922994737031837,0.018922994737031847,1.2291289709351594e-05,2.325880104813918e-07
52910185.0,53010185.0,320,0.02062971760330574,0.02062971760330574,1.0702597551207232e-05,2.2079156510323753e-07
52920185.0,53020185.0,270,0.023432838287161056,0.023432838287161046,9.141820125141953e-06,2.1421879264276522e-07
52930185.0,53030185.0,200,0.004626472655553351,0.004626472655553342,3.973125414731254e-06,1.8381556088337827e-08
52940185.0,53040185.0,310,0.011049548737108254,0.011049548737108263,2.902222675367047e-05,3.2068250897408596e-07
52950185.0,53050185.0,425,0.010791362215359968,0.01079136221535995,5.991180933900539e-05,6.465300355547818e-07
52960185.0,53060185.0,434,0.01042204240937055,0.010422042409370537,6.350847949893297e-05,6.618880666925192e-07
52970185.0,53070185.0,454,0.012640365242230861,0.012640365242230849,6.771815092646022e-05,8.559821612389636e-07
52980185.0,53080185.0,521,0.012534669531247525,0.012534669531247518,7.158628208159298e-05,8.973103888634393e-07
52990185.0,53090185.0,620,0.012772101884025885,0.012772101884025876,8.427549170792414e-05,1.076375166419988e-06
53000185.0,53100185.0,631,0.012763173320839448,0.012763173320839444,8.724445901102052e-05,1.1135161516405257e-06
53010185.0,53110185.0,599,0.012808924763522333,0.012808924763522326,8.445850819913918e-05,1.0818226771620956e-06
53020185.0,53120185.0,600,0.012788622140660514,0.012788622140660507,8.468911082474226e-05,1.0830570377661385e-06
53030185.0,53130185.0,600,0.012788622140660514,0.012788622140660507,8.468911082474226e-05,1.0830570377661385e-06
53040185.0,53140185.0,471,0.013102740351955189,0.013102740351955173,5.508394728921576e-05,7.217506588913791e-07
53050185.0,53150185.0,441,0.015239902453655906,0.01523990245365593,2.5080133014802098e-05,3.822187806703005e-07
53060185.0,53160185.0,535,0.012197832022911874,0.01219783202291187,3.377695131140766e-05,4.12005578342622e-07
53070185.0,53170185.0,617,0.018600330936053167,0.018600330936053164,4.153651956537881e-05,7.725930098478896e-07
53080185.0,53180185.0,550,0.019097369347324908,0.019097369347324904,3.85599525750995e-05,7.363936563420029e-07
53090185.0,53190185.0,441,0.02002226097842301,0.020022260978423006,2.8389646833363752e-05,5.684249179828684e-07
53100185.0,53200185.0,480,0.01946811442637682,0.019468114426376807,3.140595320961291e-05,6.114146907541741e-07
53110185.0,53210185.0,480,0.01946811442637682,0.019468114426376807,3.5606800337074145e-05,6.93197263319305e-07
53120185.0,53220185.0,477,0.019541523605963458,0.01954152360596345,4.089247991611799e-05,7.991013615872049e-07
53130185.0,53230185.0,477,0.019541523605963458,0.01954152360596345,4.834740123603085e-05,9.44781882540882e-07
53140185.0,53240185.0,447,0.02076534880844198,0.02076534880844197,5.228700032150895e-05,1.0857577998232544e-06
53150185.0,53250185.0,348,0.021944368889141006,0.021944368889141,6.0604737329628164e-05,1.3299327123908585e-06
53160185.0,53260185.0,197,0.03590833270547077,0.035908332705470794,4.267502510772022e-05,1.5323889997823388e-06
53170185.0,53270185.0,78,0.009456348119442326,0.009456348119442326,1.9352884655554165e-05,1.8300761441833525e-07
53180185.0,53280185.0,78,0.009456348119442326,0.009456348119442326,3.323886058692689e-05,3.143182368035941e-07
53190185.0,53290185.0,67,0.011939880260382556,0.011939880260382544,8.221809169764562e-05,9.816741701070543e-07
