seed,missing_rate,statistic,value
1,0.0,pi,29.562828282828285
1,0.0,theta_w,33.22145225338237
1,0.0,theta_h,20.821010101010103
1,0.0,theta_l,25.191919191919194
1,0.0,tajimas_d,-0.36818647073990673
1,0.05,pi,29.44204058394709
1,0.05,theta_w,33.16293679919054
1,0.05,theta_h,20.641122918372602
1,0.05,theta_l,25.041581751159846
1,0.05,tajimas_d,-0.3768263758394319
1,0.1,pi,29.5688119241352
1,0.1,theta_w,32.9298188366045
1,0.1,theta_h,20.913064870724575
1,0.1,theta_l,25.24093839742989
1,0.1,tajimas_d,-0.3444879235519853
1,0.2,pi,29.649647247433297
1,0.2,theta_w,33.93664341224397
1,0.2,theta_h,20.826676211799022
1,0.2,theta_l,25.23816172961616
1,0.2,tajimas_d,-0.431686062838161
1,0.3,pi,29.41106922800814
1,0.3,theta_w,31.956519528199337
1,0.3,theta_h,20.378466059048932
1,0.3,theta_l,24.894767643528535
1,0.3,tajimas_d,-0.2753410710315901
1,0.4,pi,29.930138601520085
1,0.4,theta_w,33.342067080452324
1,0.4,theta_h,21.09364114154974
1,0.4,theta_l,25.511889871534912
1,0.4,tajimas_d,-0.3587550636829129
1,0.5,pi,30.52875677176014
1,0.5,theta_w,33.473095134484296
1,0.5,theta_h,21.418931207875133
1,0.5,theta_l,25.973843989817635
1,0.5,tajimas_d,-0.3157463536839117
1,0.6,pi,28.904964361753866
1,0.6,theta_w,33.078681434525436
1,0.6,theta_h,21.575508605745878
1,0.6,theta_l,25.240236483749868
1,0.6,tajimas_d,-0.466816079506122
2,0.0,pi,41.03575757575757
2,0.0,theta_w,39.981631490989244
2,0.0,theta_h,35.63090909090909
2,0.0,theta_l,38.33333333333333
2,0.0,tajimas_d,0.08847437546474789
2,0.05,pi,40.96293112744779
2,0.05,theta_w,39.79641853823791
2,0.05,theta_h,35.54064346992886
2,0.05,theta_l,38.25178729868832
2,0.05,tajimas_d,0.09880827589282681
2,0.1,pi,41.068410770463075
2,0.1,theta_w,40.42458070201404
2,0.1,theta_h,35.88068040332518
2,0.1,theta_l,38.47454558689412
2,0.1,tajimas_d,0.05397782888840451
2,0.2,pi,40.972763496705575
2,0.2,theta_w,39.02849697724223
2,0.2,theta_h,35.14493186575014
2,0.2,theta_l,38.05884768122785
2,0.2,tajimas_d,0.17067188980969594
2,0.3,pi,41.19770357828239
2,0.3,theta_w,39.67736320408018
2,0.3,theta_h,36.25337485571292
2,0.3,theta_l,38.72553921699765
2,0.3,tajimas_d,0.13297517111733126
2,0.4,pi,41.26530469614158
2,0.4,theta_w,40.71339414471291
2,0.4,theta_h,35.37752061986444
2,0.4,theta_l,38.32141265800301
2,0.4,tajimas_d,0.047827360441388134
2,0.5,pi,40.543076382476976
2,0.5,theta_w,38.002747734186016
2,0.5,theta_h,36.416940840988225
2,0.5,theta_l,38.48000861173259
2,0.5,tajimas_d,0.2409567044960978
2,0.6,pi,39.819016268146584
2,0.6,theta_w,40.51182240085441
2,0.6,theta_h,36.28360782263619
2,0.6,theta_l,38.051312045391384
2,0.6,tajimas_d,-0.06331070273038081
3,0.0,pi,32.09474747474748
3,0.0,theta_w,32.062564384078335
3,0.0,theta_h,35.44060606060606
3,0.0,theta_l,33.76767676767677
3,0.0,tajimas_d,0.0033531585849570712
3,0.05,pi,32.072162144818776
3,0.05,theta_w,32.19267381858759
3,0.05,theta_h,35.36762456776015
3,0.05,theta_l,33.71989335628946
3,0.05,tajimas_d,-0.012566077552226197
3,0.1,pi,32.20994710964855
3,0.1,theta_w,32.51329228963383
3,0.1,theta_h,35.54549942235308
3,0.1,theta_l,33.87772326600082
3,0.1,tajimas_d,-0.03145998639447824
3,0.2,pi,32.36930634397539
3,0.2,theta_w,31.71211740885014
3,0.2,theta_h,33.45523629789846
3,0.2,theta_l,32.912271320936924
3,0.2,tajimas_d,0.07070832918060754
3,0.3,pi,31.834489268408426
3,0.3,theta_w,32.39002067021241
3,0.3,theta_h,33.68905648085772
3,0.3,theta_l,32.761772874633074
3,0.3,tajimas_d,-0.05933827247754362
3,0.4,pi,32.477910089659616
3,0.4,theta_w,31.968896427308785
3,0.4,theta_h,36.29072777911253
3,0.4,theta_l,34.384318934386066
3,0.4,tajimas_d,0.05598062500228869
3,0.5,pi,32.39543713674245
3,0.5,theta_w,32.66781494688063
3,0.5,theta_h,31.885149798746053
3,0.5,theta_l,32.14029346774426
3,0.5,tajimas_d,-0.029930571667266398
3,0.6,pi,32.758310816728205
3,0.6,theta_w,32.91003630845309
3,0.6,theta_h,36.43661902850876
3,0.6,theta_l,34.597464922618485
3,0.6,tajimas_d,-0.017014010284778915
4,0.0,pi,26.490909090909092
4,0.0,theta_w,32.83515629694769
4,0.0,theta_h,31.24646464646465
4,0.0,theta_l,28.868686868686865
4,0.0,tajimas_d,-0.6457993798618202
4,0.05,pi,26.45306586990068
4,0.05,theta_w,32.97050024352562
4,0.05,theta_h,31.452294279864535
4,0.05,theta_l,28.952680074882608
4,0.05,tajimas_d,-0.6638597449912949
4,0.1,pi,26.424485215156253
4,0.1,theta_w,33.129259890565024
4,0.1,theta_h,31.6014056508862
4,0.1,theta_l,29.01294543302123
4,0.1,tajimas_d,-0.6832077875500735
4,0.2,pi,26.65906423428754
4,0.2,theta_w,33.545203735813296
4,0.2,theta_h,30.709284696801834
4,0.2,theta_l,28.684174465544686
4,0.2,tajimas_d,-0.7015861782049612
4,0.3,pi,26.575777269108787
4,0.3,theta_w,33.617180245428884
4,0.3,theta_h,31.150056265993896
4,0.3,theta_l,28.86291676755134
4,0.3,tajimas_d,-0.7248505642346319
4,0.4,pi,25.6646733457766
4,0.4,theta_w,33.16586962698107
4,0.4,theta_h,31.63349573998445
4,0.4,theta_l,28.649084542880527
4,0.4,tajimas_d,-0.7973831091097129
4,0.5,pi,26.42392857805575
4,0.5,theta_w,33.08654652110419
4,0.5,theta_h,31.889007195797614
4,0.5,theta_l,29.156467886926684
4,0.5,tajimas_d,-0.722441633807515
4,0.6,pi,26.424405753907436
4,0.6,theta_w,34.37440332582284
4,0.6,theta_h,33.26578694245632
4,0.6,theta_l,29.84509634818188
4,0.6,tajimas_d,-0.8533492994811142
5,0.0,pi,32.153535353535354
5,0.0,theta_w,36.698115861294475
5,0.0,theta_h,25.422222222222224
5,0.0,theta_l,28.78787878787879
5,0.0,tajimas_d,-0.41488057866369765
5,0.05,pi,32.29760532968886
5,0.05,theta_w,37.05297408707517
5,0.05,theta_h,25.629720082893453
5,0.05,theta_l,28.963662706291156
5,0.05,tajimas_d,-0.4318938248796739
5,0.1,pi,32.243421628145285
5,0.1,theta_w,37.069657072447136
5,0.1,theta_h,25.37579594635375
5,0.1,theta_l,28.809608787249516
5,0.1,tajimas_d,-0.4404947914662307
5,0.2,pi,32.143799653962944
5,0.2,theta_w,35.69083892091471
5,0.2,theta_h,25.544853472347757
5,0.2,theta_l,28.84432656315535
5,0.2,tajimas_d,-0.3393795596575225
5,0.3,pi,32.04004344923002
5,0.3,theta_w,36.40407038294897
5,0.3,theta_h,25.49736288670715
5,0.3,theta_l,28.76870316796859
5,0.3,tajimas_d,-0.41590944733131646
5,0.4,pi,31.876448736909907
5,0.4,theta_w,35.98073916125314
5,0.4,theta_h,25.471999413929993
5,0.4,theta_l,28.67422407541995
5,0.4,tajimas_d,-0.4013322889183252
5,0.5,pi,31.669308093222117
5,0.5,theta_w,34.77775942226235
5,0.5,theta_h,25.613020017198814
5,0.5,theta_l,28.641164055210464
5,0.5,tajimas_d,-0.3207791055428346
5,0.6,pi,32.10559246636748
5,0.6,theta_w,36.73881074018321
5,0.6,theta_h,25.484719689607903
5,0.6,theta_l,28.795156077987695
5,0.6,tajimas_d,-0.46602930701040857
6,0.0,pi,34.82040404040404
6,0.0,theta_w,36.11867192664246
6,0.0,theta_h,26.41191919191919
6,0.0,theta_l,30.61616161616162
6,0.0,tajimas_d,-0.12038343313812684
6,0.05,pi,34.981114427980046
6,0.05,theta_w,36.48540015956398
6,0.05,theta_h,26.648637464439798
6,0.05,theta_l,30.814875946209924
6,0.05,tajimas_d,-0.13877076368208
6,0.1,pi,34.729913142022724
6,0.1,theta_w,36.48285930772659
6,0.1,theta_h,26.353652735543232
6,0.1,theta_l,30.541782938782973
6,0.1,tajimas_d,-0.16253571788056484
6,0.2,pi,34.87263825442351
6,0.2,theta_w,36.975414374228436
6,0.2,theta_h,26.11909756453437
6,0.2,theta_l,30.49586790947894
6,0.2,tajimas_d,-0.19472525270207106
6,0.3,pi,34.88131855121363
6,0.3,theta_w,37.16550462601084
6,0.3,theta_h,25.832249271079434
6,0.3,theta_l,30.356783911146536
6,0.3,tajimas_d,-0.21323470429263644
6,0.4,pi,35.07067230187717
6,0.4,theta_w,37.97024622806932
6,0.4,theta_h,27.068654934196324
6,0.4,theta_l,31.06966361803675
6,0.4,tajimas_d,-0.26938205679241883
6,0.5,pi,35.33418545437861
6,0.5,theta_w,37.92909215707034
6,0.5,theta_h,26.32792725370103
6,0.5,theta_l,30.83105635403982
6,0.5,tajimas_d,-0.2461335732981192
6,0.6,pi,35.364834271096406
6,0.6,theta_w,36.92000759192403
6,0.6,theta_h,27.74991335519332
6,0.6,theta_l,31.557373813144867
6,0.6,tajimas_d,-0.15585426404505387
7,0.0,pi,49.529292929292936
7,0.0,theta_w,45.1966269028574
7,0.0,theta_h,41.096969696969694
7,0.0,theta_l,45.313131313131315
7,0.0,tajimas_d,0.3223716180662925
7,0.05,pi,49.63242118487692
7,0.05,theta_w,45.27319912548203
7,0.05,theta_h,40.79779126051196
7,0.05,theta_l,45.215106222694445
7,0.05,tajimas_d,0.3254026364153631
7,0.1,pi,49.69044098611617
7,0.1,theta_w,44.78532180463144
7,0.1,theta_h,41.15585111495524
7,0.1,theta_l,45.42314605053571
7,0.1,tajimas_d,0.37203431937554476
7,0.2,pi,49.84457903384959
7,0.2,theta_w,46.433500447781014
7,0.2,theta_h,41.168915924201904
7,0.2,theta_l,45.50674747902575
7,0.2,tajimas_d,0.25233919270554417
7,0.3,pi,48.867610203676286
7,0.3,theta_w,44.57651457694116
7,0.3,theta_h,42.81964374673914
7,0.3,theta_l,45.84362697520772
7,0.3,tajimas_d,0.3345899684318642
7,0.4,pi,49.37902734133294
7,0.4,theta_w,45.83900187677222
7,0.4,theta_h,41.010184818564944
7,0.4,theta_l,45.19460607994894
7,0.4,tajimas_d,0.2728989995836428
7,0.5,pi,49.44592058403246
7,0.5,theta_w,46.23129981509057
7,0.5,theta_h,42.743123415126895
7,0.5,theta_l,46.094521999579676
7,0.5,tajimas_d,0.2519037432992642
7,0.6,pi,48.85219829114019
7,0.6,theta_w,46.95723832552201
7,0.6,theta_h,42.86406611286421
7,0.6,theta_l,45.8581322020022
7,0.6,tajimas_d,0.1500106243009102
8,0.0,pi,48.04383838383839
8,0.0,theta_w,40.56107542564126
8,0.0,theta_h,42.360202020202024
8,0.0,theta_l,45.2020202020202
8,0.0,tajimas_d,0.6192299347892137
8,0.05,pi,48.161893903842085
8,0.05,theta_w,40.58295353868989
8,0.05,theta_h,42.11145841046765
8,0.05,theta_l,45.13667615715486
8,0.05,tajimas_d,0.6298437863121799
8,0.1,pi,47.80361306461937
8,0.1,theta_w,41.0234580047684
8,0.1,theta_h,42.43835103639326
8,0.1,theta_l,45.120982050506306
8,0.1,tajimas_d,0.5603862024335667
8,0.2,pi,48.017659728205594
8,0.2,theta_w,41.60759288866323
8,0.2,theta_h,42.494725809750655
8,0.2,theta_l,45.256192768978124
8,0.2,tajimas_d,0.5284755484607719
8,0.3,pi,48.192192271941906
8,0.3,theta_w,41.47176086390419
8,0.3,theta_h,43.61030380149332
8,0.3,theta_l,45.90124803671761
8,0.3,tajimas_d,0.5626337748378932
8,0.4,pi,47.61956784186816
8,0.4,theta_w,42.45078022845763
8,0.4,theta_h,43.84176142782208
8,0.4,theta_l,45.73066463484513
8,0.4,tajimas_d,0.43012030590319955
8,0.5,pi,48.3252925280995
8,0.5,theta_w,43.51344655073696
8,0.5,theta_h,42.09340519782717
8,0.5,theta_l,45.20934886296334
8,0.5,tajimas_d,0.39883707965551773
8,0.6,pi,48.897520379357786
8,0.6,theta_w,45.433809269609796
8,0.6,theta_h,43.45340344537833
8,0.6,theta_l,46.17546191236806
8,0.6,tajimas_d,0.2840450384931369
9,0.0,pi,36.92080808080808
9,0.0,theta_w,40.94737138207594
9,0.0,theta_h,42.351919191919194
9,0.0,theta_l,39.63636363636363
9,0.0,tajimas_d,-0.3301278267650836
9,0.05,pi,36.921116451155974
9,0.05,theta_w,40.58163029578431
9,0.05,theta_h,42.51513668298549
9,0.05,theta_l,39.71812656707073
9,0.05,tajimas_d,-0.3042050456485636
9,0.1,pi,36.92351486010686
9,0.1,theta_w,41.03138190484452
9,0.1,theta_h,42.32075265440157
9,0.1,theta_l,39.622133757254204
9,0.1,tajimas_d,-0.3395190807558219
9,0.2,pi,36.974613755503285
9,0.2,theta_w,40.31913627160699
9,0.2,theta_h,43.17140013326111
9,0.2,theta_l,40.073006944382186
9,0.2,tajimas_d,-0.2838616574572353
9,0.3,pi,36.891711462380165
9,0.3,theta_w,40.28267238803149
9,0.3,theta_h,42.69042010757766
9,0.3,theta_l,39.79106578497891
9,0.3,tajimas_d,-0.2925146177511599
9,0.4,pi,36.415559755794455
9,0.4,theta_w,39.916520212712456
9,0.4,theta_h,42.472079036395755
9,0.4,theta_l,39.44381939609511
9,0.4,tajimas_d,-0.30925613599542395
9,0.5,pi,36.79747353995766
9,0.5,theta_w,39.86897361772428
9,0.5,theta_h,43.30336157760681
9,0.5,theta_l,40.05041755878223
9,0.5,tajimas_d,-0.2778909774499603
9,0.6,pi,36.61122298135348
9,0.6,theta_w,38.58280619377032
9,0.6,theta_h,42.12657836023457
9,0.6,theta_l,39.36890067079402
9,0.6,tajimas_d,-0.18880497401678653
10,0.0,pi,39.6359595959596
10,0.0,theta_w,39.981631490989244
10,0.0,theta_h,55.35393939393939
10,0.0,theta_l,47.494949494949495
10,0.0,tajimas_d,-0.029012758028073363
10,0.05,pi,39.79261891840679
10,0.05,theta_w,40.178409939931385
10,0.05,theta_h,55.306756339666684
10,0.05,theta_l,47.54968762903674
10,0.05,tajimas_d,-0.03236655705853553
10,0.1,pi,39.80724180687787
10,0.1,theta_w,40.013413403664245
10,0.1,theta_h,55.436258937570734
10,0.1,theta_l,47.62175037222429
10,0.1,tajimas_d,-0.017452336349807814
10,0.2,pi,40.27182593876584
10,0.2,theta_w,40.23877458503272
10,0.2,theta_h,55.53651135725611
10,0.2,theta_l,47.90416864801098
10,0.2,tajimas_d,0.002815412428308407
10,0.3,pi,39.67777569282272
10,0.3,theta_w,40.296725317656026
10,0.3,theta_h,55.37650660424539
10,0.3,theta_l,47.52714114853406
10,0.3,tajimas_d,-0.053392479856004905
10,0.4,pi,39.26861440894983
10,0.4,theta_w,39.274339935872824
10,0.4,theta_h,51.77815836086967
10,0.4,theta_l,45.52338638490974
10,0.4,tajimas_d,-0.0005139049748963691
10,0.5,pi,38.89036857951012
10,0.5,theta_w,38.06994616308351
10,0.5,theta_h,53.06456314992822
10,0.5,theta_l,45.97746586471917
10,0.5,tajimas_d,0.07765647485670092
10,0.6,pi,39.54384440683543
10,0.6,theta_w,36.023204682372075
10,0.6,theta_h,49.511268155682274
10,0.6,theta_l,44.527556281258846
10,0.6,tajimas_d,0.3618777831263241
11,0.0,pi,41.76282828282829
11,0.0,theta_w,40.56107542564126
11,0.0,theta_h,31.36848484848485
11,0.0,theta_l,36.56565656565657
11,0.0,tajimas_d,0.09945007580033889
11,0.05,pi,41.70079036767776
11,0.05,theta_w,40.3846942670966
11,0.05,theta_h,31.30337234519592
11,0.05,theta_l,36.50208135643683
11,0.05,tajimas_d,0.10989225592091532
11,0.1,pi,42.008976549344176
11,0.1,theta_w,40.83409877466524
11,0.1,theta_h,31.327717075790837
11,0.1,theta_l,36.668346812567506
11,0.1,tajimas_d,0.09756546864165334
11,0.2,pi,41.92274191507103
11,0.2,theta_w,40.15983080296817
11,0.2,theta_h,31.17595871177275
11,0.2,theta_l,36.54935031342189
11,0.2,tajimas_d,0.15036294125103722
11,0.3,pi,41.6130747754963
11,0.3,theta_w,41.16419099299508
11,0.3,theta_h,32.51090115134196
11,0.3,theta_l,37.061987963419135
11,0.3,tajimas_d,0.03789731297992206
11,0.4,pi,41.62152749703236
11,0.4,theta_w,40.97528356151082
11,0.4,theta_h,31.501935279545688
11,0.4,theta_l,36.56173138828902
11,0.4,tajimas_d,0.055713949426177536
11,0.5,pi,42.58512473374138
11,0.5,theta_w,42.37335285872814
11,0.5,theta_h,31.852816494038677
11,0.5,theta_l,37.21897061389003
11,0.5,tajimas_d,0.018063007350361943
11,0.6,pi,42.37955179806336
11,0.6,theta_w,42.91502108901366
11,0.6,theta_h,32.58622804293695
11,0.6,theta_l,37.482889920500156
11,0.6,tajimas_d,-0.04615892227489473
12,0.0,pi,45.97575757575758
12,0.0,theta_w,41.33366733851062
12,0.0,theta_h,54.02424242424242
12,0.0,theta_l,50.0
12,0.0,tajimas_d,0.3770996405711523
12,0.05,pi,45.96582457591779
12,0.05,theta_w,41.570880012706695
12,0.05,theta_h,53.893703263317356
12,0.05,theta_l,49.92976391961757
12,0.05,tajimas_d,0.356817022920743
12,0.1,pi,46.00416113218734
12,0.1,theta_w,41.60271145103064
12,0.1,theta_h,53.781278421459035
12,0.1,theta_l,49.89271977682318
12,0.1,tajimas_d,0.3587024911725003
12,0.2,pi,46.04186579579247
12,0.2,theta_w,41.38406925246205
12,0.2,theta_h,54.02206546795849
12,0.2,theta_l,50.03196563187547
12,0.2,tajimas_d,0.38585070163533913
12,0.3,pi,46.223296631643585
12,0.3,theta_w,41.73857049683795
12,0.3,theta_h,54.67383876973482
12,0.3,theta_l,50.4485677006892
12,0.3,tajimas_d,0.3736249546117319
12,0.4,pi,46.39657215671303
12,0.4,theta_w,42.7115108302398
12,0.4,theta_h,55.461277207516716
12,0.4,theta_l,50.928924682114875
12,0.4,tajimas_d,0.3046049740690962
12,0.5,pi,47.05554395253195
12,0.5,theta_w,44.019272265807345
12,0.5,theta_h,53.82925270144907
12,0.5,theta_l,50.44239832699051
12,0.5,tajimas_d,0.2491514652531484
12,0.6,pi,46.29576384480552
12,0.6,theta_w,44.649338547755676
12,0.6,theta_h,53.89403942079275
12,0.6,theta_l,50.09490163279914
12,0.6,tajimas_d,0.13677710047730063
13,0.0,pi,38.46161616161616
13,0.0,theta_w,42.10625925137998
13,0.0,theta_h,29.84141414141414
13,0.0,theta_l,34.15151515151515
13,0.0,tajimas_d,-0.2907345105704871
13,0.05,pi,38.58021153009172
13,0.05,theta_w,42.17748659072657
13,0.05,theta_h,29.87453330330828
13,0.05,theta_l,34.2273724167
13,0.05,tajimas_d,-0.2880700365136031
13,0.1,pi,38.239371685168145
13,0.1,theta_w,42.19719621184754
13,0.1,theta_h,29.808347273443363
13,0.1,theta_l,34.023859479305756
13,0.1,tajimas_d,-0.3181052257969492
13,0.2,pi,38.17306223186913
13,0.2,theta_w,42.19442719504454
13,0.2,theta_h,30.067177733553066
13,0.2,theta_l,34.1201199827111
13,0.2,tajimas_d,-0.32686275641485907
13,0.3,pi,37.975076052848564
13,0.3,theta_w,41.49153825622105
13,0.3,theta_h,31.011271121928672
13,0.3,theta_l,34.49317358738861
13,0.3,tajimas_d,-0.2943978270787719
13,0.4,pi,38.432214249663645
13,0.4,theta_w,42.27563397451929
13,0.4,theta_h,29.9702127640598
13,0.4,theta_l,34.20121350686172
13,0.4,tajimas_d,-0.3214261663840238
13,0.5,pi,37.85243053043971
13,0.5,theta_w,43.151271810657605
13,0.5,theta_h,30.35573902995732
13,0.5,theta_l,34.10408478019853
13,0.5,tajimas_d,-0.4440587271460945
13,0.6,pi,36.84878370136012
13,0.6,theta_w,40.838010589559154
13,0.6,theta_h,28.619249721711622
13,0.6,theta_l,32.734016711535865
13,0.6,tajimas_d,-0.3624751214681608
14,0.0,pi,40.38767676767677
14,0.0,theta_w,40.7542234038586
14,0.0,theta_h,34.339595959595954
14,0.0,theta_l,37.36363636363637
14,0.0,tajimas_d,-0.030192099361806328
14,0.05,pi,40.523776535972125
14,0.05,theta_w,40.596441180529446
14,0.05,theta_h,34.49094398288668
14,0.05,theta_l,37.5073602594294
14,0.05,tajimas_d,-0.006038756429520037
14,0.1,pi,40.16063161077624
14,0.1,theta_w,41.0055930477396
14,0.1,theta_h,34.49011404013125
14,0.1,theta_l,37.32537282545375
14,0.1,tajimas_d,-0.06983685869761132
14,0.2,pi,40.62450981056046
14,0.2,theta_w,41.5676459985121
14,0.2,theta_h,34.84236857656182
14,0.2,theta_l,37.73343919356114
14,0.2,tajimas_d,-0.07775650811100235
14,0.3,pi,40.70256351701279
14,0.3,theta_w,40.88670350138182
14,0.3,theta_h,34.67728817771247
14,0.3,theta_l,37.68992584736262
14,0.3,tajimas_d,-0.015646823817276344
14,0.4,pi,41.09716230043423
14,0.4,theta_w,41.501595926838185
14,0.4,theta_h,33.924810903841774
14,0.4,theta_l,37.510986602138
14,0.4,tajimas_d,-0.03445182106873648
14,0.5,pi,40.64659648265118
14,0.5,theta_w,40.72959266376105
14,0.5,theta_h,35.174187336513626
14,0.5,theta_l,37.9103919095824
14,0.5,tajimas_d,-0.007346771992941919
14,0.6,pi,39.74037188060765
14,0.6,theta_w,40.96417629410361
14,0.6,theta_h,36.3287522890444
14,0.6,theta_l,38.03456208482603
14,0.6,tajimas_d,-0.11057057722535699
15,0.0,pi,37.354949494949494
15,0.0,theta_w,38.24329968703319
15,0.0,theta_h,40.160202020202014
15,0.0,theta_l,38.75757575757575
15,0.0,tajimas_d,-0.07788469109157674
15,0.05,pi,37.205217367828475
15,0.05,theta_w,38.015016708238605
15,0.05,theta_h,39.790124901903496
15,0.05,theta_l,38.49767113486598
15,0.05,tajimas_d,-0.07169825455401703
15,0.1,pi,37.25644166616605
15,0.1,theta_w,38.05740013126214
15,0.1,theta_h,40.339669509688186
15,0.1,theta_l,38.79805558792711
15,0.1,tajimas_d,-0.07124652896355556
15,0.2,pi,37.2730378655781
15,0.2,theta_w,36.96829666878215
15,0.2,theta_h,40.60677102220731
15,0.2,theta_l,38.9399044438927
15,0.2,tajimas_d,0.02822022087654622
15,0.3,pi,37.42963047402199
15,0.3,theta_w,38.02727949206613
15,0.3,theta_h,38.601647042473964
15,0.3,theta_l,38.01563875824798
15,0.3,tajimas_d,-0.05451508349988895
15,0.4,pi,37.5481348335989
15,0.4,theta_w,37.95547665904929
15,0.4,theta_h,39.583282631370196
15,0.4,theta_l,38.565708732484545
15,0.4,tajimas_d,-0.03784369067682536
15,0.5,pi,36.974274747617066
15,0.5,theta_w,36.95469937854724
15,0.5,theta_h,39.7744584159402
15,0.5,theta_l,38.37436658177863
15,0.5,tajimas_d,0.0019045745155811765
15,0.6,pi,37.673266366810246
15,0.6,theta_w,35.967143591077864
15,0.6,theta_h,37.57620590326307
15,0.6,theta_l,37.62473613503667
15,0.6,tajimas_d,0.17536810811207756
16,0.0,pi,37.70464646464646
16,0.0,theta_w,36.698115861294475
16,0.0,theta_h,45.81050505050506
16,0.0,theta_l,41.757575757575765
16,0.0,tajimas_d,0.09188746870000992
16,0.05,pi,37.806313685093755
16,0.05,theta_w,36.8617670079847
16,0.05,theta_h,46.08556656997973
16,0.05,theta_l,41.94594012753675
16,0.05,tajimas_d,0.08623087130829994
16,0.1,pi,37.70245479486073
16,0.1,theta_w,36.87035891827187
16,0.1,theta_h,45.752240989234124
16,0.1,theta_l,41.72734789204743
16,0.1,tajimas_d,0.076344246893998
16,0.2,pi,37.60824861257295
16,0.2,theta_w,36.907720502329724
16,0.2,theta_h,45.930747856025754
16,0.2,theta_l,41.76949823429935
16,0.2,tajimas_d,0.06487162946508594
16,0.3,pi,37.72056889242451
16,0.3,theta_w,37.64759881325592
16,0.3,theta_h,45.78454068014694
16,0.3,theta_l,41.75255478628573
16,0.3,tajimas_d,0.006728182947904531
16,0.4,pi,37.21408668102417
16,0.4,theta_w,36.655061430002355
16,0.4,theta_h,45.85380234040585
16,0.4,theta_l,41.53394451071502
16,0.4,tajimas_d,0.053722934048510064
16,0.5,pi,37.75062618563438
16,0.5,theta_w,38.50146460048109
16,0.5,theta_h,45.91875607066483
16,0.5,theta_l,41.8346911281496
16,0.5,tajimas_d,-0.07025849820245816
16,0.6,pi,36.415800862658465
16,0.6,theta_w,36.212314536117745
16,0.6,theta_h,45.163866098548915
16,0.6,theta_l,40.78983348060369
16,0.6,tajimas_d,0.020728440739775637
17,0.0,pi,36.36121212121212
17,0.0,theta_w,40.174779469206584
17,0.0,theta_h,50.103434343434344
17,0.0,theta_l,43.23232323232324
17,0.0,tajimas_d,-0.3185676862719938
17,0.05,pi,36.192947655366524
17,0.05,theta_w,40.38727307048768
17,0.05,theta_h,50.33108443619227
17,0.05,theta_l,43.262016045779404
17,0.05,tajimas_d,-0.35022053612236853
17,0.1,pi,36.50671576461805
17,0.1,theta_w,40.020976768289486
17,0.1,theta_h,50.18561968536809
17,0.1,theta_l,43.34616772499306
17,0.1,tajimas_d,-0.2974806715041163
17,0.2,pi,36.99815176199818
17,0.2,theta_w,39.93981547880688
17,0.2,theta_h,49.82869447464652
17,0.2,theta_l,43.413423118322356
17,0.2,tajimas_d,-0.25214582794934687
17,0.3,pi,36.61964950646952
17,0.3,theta_w,40.071837768119565
17,0.3,theta_h,51.065761352760425
17,0.3,theta_l,43.84270542961497
17,0.3,tajimas_d,-0.29931164619636025
17,0.4,pi,35.79880398455206
17,0.4,theta_w,41.03734386197229
17,0.4,theta_h,51.52709190657277
17,0.4,theta_l,43.66294794556242
17,0.4,tajimas_d,-0.4508392191451053
17,0.5,pi,36.02533546556584
17,0.5,theta_w,39.522853160512874
17,0.5,theta_h,51.369986469244324
17,0.5,theta_l,43.697660967405085
17,0.5,tajimas_d,-0.318191035714726
17,0.6,pi,35.71304410605194
17,0.6,theta_w,40.182849527182285
17,0.6,theta_h,49.61481212220028
17,0.6,theta_l,42.66392811412611
17,0.6,tajimas_d,-0.4118926194096645
18,0.0,pi,32.065252525252525
18,0.0,theta_w,33.607748209817046
18,0.0,theta_h,31.389292929292928
18,0.0,theta_l,31.727272727272727
18,0.0,tajimas_d,-0.15348386833505984
18,0.05,pi,32.183941913372344
18,0.05,theta_w,33.94320834326356
18,0.05,theta_h,31.39248252576094
18,0.05,theta_l,31.78821221956664
18,0.05,tajimas_d,-0.17415816368314402
18,0.1,pi,31.96517100001831
18,0.1,theta_w,33.50817110879638
18,0.1,theta_h,31.693452780857328
18,0.1,theta_l,31.82931189043782
18,0.1,tajimas_d,-0.15541990729416763
18,0.2,pi,31.755898512639195
18,0.2,theta_w,32.92450581329629
18,0.2,theta_h,29.276621773350424
18,0.2,theta_l,30.51626014299481
18,0.2,tajimas_d,-0.12120566459936098
18,0.3,pi,32.2312140305513
18,0.3,theta_w,33.44495055737328
18,0.3,theta_h,30.824689215025113
18,0.3,theta_l,31.52795162278821
18,0.3,tajimas_d,-0.12551903598948247
18,0.4,pi,32.2392559938331
18,0.4,theta_w,33.29141151296304
18,0.4,theta_h,31.863638087784572
18,0.4,theta_l,32.05144704080883
18,0.4,tajimas_d,-0.11113855866484323
18,0.5,pi,32.34207286665782
18,0.5,theta_w,33.229534237477765
18,0.5,theta_h,31.127844265340357
18,0.5,theta_l,31.73495856599909
18,0.5,tajimas_d,-0.09579547164808642
18,0.6,pi,32.20610429117366
18,0.6,theta_w,35.22372928078396
18,0.6,theta_h,32.951582686654035
18,0.6,theta_l,32.57884348891385
18,0.6,tajimas_d,-0.3175132875162315
19,0.0,pi,57.07030303030303
19,0.0,theta_w,46.35551477216144
19,0.0,theta_h,43.414545454545454
19,0.0,theta_l,50.24242424242424
19,0.0,tajimas_d,0.7776192230930211
19,0.05,pi,56.897253418287235
19,0.05,theta_w,46.82863380975941
19,0.05,theta_h,43.256677259359506
19,0.05,theta_l,50.07696533882338
19,0.05,tajimas_d,0.7269323589091383
19,0.1,pi,57.07737389651749
19,0.1,theta_w,47.36296586299409
19,0.1,theta_h,43.53873278605995
19,0.1,theta_l,50.30805334128871
19,0.1,tajimas_d,0.69750874568784
19,0.2,pi,57.23173394748481
19,0.2,theta_w,46.86260808835584
19,0.2,theta_h,43.617298059686384
19,0.2,theta_l,50.4245160035856
19,0.2,tajimas_d,0.7605602869556242
19,0.3,pi,56.252803251295795
19,0.3,theta_w,47.96612424550254
19,0.3,theta_h,43.82761580885095
19,0.3,theta_l,50.04020953007338
19,0.3,tajimas_d,0.6020565309911247
19,0.4,pi,56.77030418093155
19,0.4,theta_w,47.70202286496817
19,0.4,theta_h,44.32241389424747
19,0.4,theta_l,50.54635903758951
19,0.4,tajimas_d,0.6730736051697445
19,0.5,pi,56.594123207089
19,0.5,theta_w,47.774260548308035
19,0.5,theta_h,45.67226284032052
19,0.5,theta_l,51.13319302370476
19,0.5,tajimas_d,0.6670906432062299
19,0.6,pi,57.146937369752145
19,0.6,theta_w,51.30255650321725
19,0.6,theta_h,44.89405198575816
19,0.6,theta_l,51.02049467775515
19,0.6,tajimas_d,0.4239922642713414
20,0.0,pi,34.18484848484849
20,0.0,theta_w,42.87885116424933
20,0.0,theta_h,28.05757575757576
20,0.0,theta_l,31.121212121212118
20,0.0,tajimas_d,-0.6812423049419623
20,0.05,pi,34.34141892312341
20,0.05,theta_w,43.112097468452916
20,0.05,theta_h,28.04186809660705
20,0.05,theta_l,31.19164350986523
20,0.05,tajimas_d,-0.6867365699479632
20,0.1,pi,34.06620507003732
20,0.1,theta_w,42.589363538941925
20,0.1,theta_h,27.851870527409275
20,0.1,theta_l,30.9590377987233
20,0.1,tajimas_d,-0.6788042011159457
20,0.2,pi,33.99800295266209
20,0.2,theta_w,43.41903295184132
20,0.2,theta_h,28.22962633355057
20,0.2,theta_l,31.113814643106327
20,0.2,tajimas_d,-0.7447432317611445
20,0.3,pi,33.42633307991355
20,0.3,theta_w,42.56161594552853
20,0.3,theta_h,28.118029169731813
20,0.3,theta_l,30.772181124822676
20,0.3,tajimas_d,-0.7464659677638713
20,0.4,pi,35.530254811627394
20,0.4,theta_w,42.73163603246509
20,0.4,theta_h,28.418997332657767
20,0.4,theta_l,31.97462607214258
20,0.4,tajimas_d,-0.5963011124800959
20,0.5,pi,34.69490099948589
20,0.5,theta_w,41.79499830805561
20,0.5,theta_h,28.484738652234476
20,0.5,theta_l,31.589819825860182
20,0.5,tajimas_d,-0.613258787261028
20,0.6,pi,33.87157874693428
20,0.6,theta_w,42.75409141628426
20,0.6,theta_h,28.753623039478075
20,0.6,theta_l,31.312600893206188
20,0.6,tajimas_d,-0.7719873711232068
21,0.0,pi,40.93939393939394
21,0.0,theta_w,43.65144307711869
21,0.0,theta_h,49.48484848484849
21,0.0,theta_l,45.212121212121204
21,0.0,tajimas_d,-0.20881221999289037
21,0.05,pi,40.89999299736961
21,0.05,theta_w,43.1320557089831
21,0.05,theta_h,49.274317487371654
21,0.05,theta_l,45.08715524237063
21,0.05,tajimas_d,-0.17476858632545106
21,0.1,pi,40.96235974236303
21,0.1,theta_w,43.5798871459116
21,0.1,theta_h,49.66470778409849
21,0.1,theta_l,45.31353376323076
21,0.1,tajimas_d,-0.20382873932818055
21,0.2,pi,41.2546293001283
21,0.2,theta_w,43.2450706721766
21,0.2,theta_h,49.16367524362649
21,0.2,theta_l,45.20915227187739
21,0.2,tajimas_d,-0.1578660903626423
21,0.3,pi,41.128600158055775
21,0.3,theta_w,43.82408693789265
21,0.3,theta_h,48.99055287448472
21,0.3,theta_l,45.05957651627024
21,0.3,tajimas_d,-0.21377663170897132
21,0.4,pi,41.02763931502083
21,0.4,theta_w,43.30934825285825
21,0.4,theta_h,49.09861024787947
21,0.4,theta_l,45.06312478145015
21,0.4,tajimas_d,-0.18617397614739095
21,0.5,pi,40.811850805518866
21,0.5,theta_w,42.88287523910358
21,0.5,theta_h,50.77311405095881
21,0.5,theta_l,45.79248242823884
21,0.5,tajimas_d,-0.17429854867207104
21,0.6,pi,40.8374048562623
21,0.6,theta_w,44.09815055411565
21,0.6,theta_h,51.9528007219655
21,0.6,theta_l,46.395102789113906
21,0.6,tajimas_d,-0.27444083719947565
22,0.0,pi,39.96282828282828
22,0.0,theta_w,42.68570318603199
22,0.0,theta_h,34.623030303030305
22,0.0,theta_l,37.2929292929293
22,0.0,tajimas_d,-0.2143070710601955
22,0.05,pi,39.88244376437236
22,0.05,theta_w,42.92877488790344
22,0.05,theta_h,34.56124545410047
22,0.05,theta_l,37.22184460923641
22,0.05,tajimas_d,-0.23959076837575513
22,0.1,pi,39.84318127790943
22,0.1,theta_w,43.010526734931915
22,0.1,theta_h,35.08648585741871
22,0.1,theta_l,37.464833567664066
22,0.1,tajimas_d,-0.24997988320686873
22,0.2,pi,40.21582690064554
22,0.2,theta_w,42.59650901590313
22,0.2,theta_h,34.911698528096856
22,0.2,theta_l,37.5637627143712
22,0.2,tajimas_d,-0.19170257716444344
22,0.3,pi,39.743297638161216
22,0.3,theta_w,42.61151949477151
22,0.3,theta_h,35.601166018189886
22,0.3,theta_l,37.672231828175555
22,0.3,tajimas_d,-0.23402195239918588
22,0.4,pi,39.58752755477837
22,0.4,theta_w,42.46111741471424
22,0.4,theta_h,34.47216226291711
22,0.4,theta_l,37.029844908847735
22,0.4,tajimas_d,-0.2391255826393694
22,0.5,pi,40.218629142147016
22,0.5,theta_w,43.04945927466762
22,0.5,theta_h,35.32756391117047
22,0.5,theta_l,37.77309652665875
22,0.5,tajimas_d,-0.2370297517986757
22,0.6,pi,40.29637541111401
22,0.6,theta_w,42.60906287263295
22,0.6,theta_h,35.309916476321234
22,0.6,theta_l,37.803145943717624
22,0.6,tajimas_d,-0.20152772128316457
23,0.0,pi,34.33858585858586
23,0.0,theta_w,37.084411817729155
23,0.0,theta_h,21.378585858585858
23,0.0,theta_l,27.85858585858586
23,0.0,tajimas_d,-0.24811036694904295
23,0.05,pi,34.44764860401229
23,0.05,theta_w,37.441826478183
23,0.05,theta_h,21.322396437390807
23,0.05,theta_l,27.88502252070155
23,0.05,tajimas_d,-0.2691608307577233
23,0.1,pi,34.37411058867695
23,0.1,theta_w,36.87350053709639
23,0.1,theta_h,21.3524391757082
23,0.1,theta_l,27.86327488219257
23,0.1,tajimas_d,-0.22931737636862792
23,0.2,pi,34.11182807392354
23,0.2,theta_w,37.33761672002225
23,0.2,theta_h,20.769678500867688
23,0.2,theta_l,27.440753287395616
23,0.2,tajimas_d,-0.29555359092534667
23,0.3,pi,34.67031379245479
23,0.3,theta_w,37.18251876822649
23,0.3,theta_h,21.95460176763206
23,0.3,theta_l,28.31245778004343
23,0.3,tajimas_d,-0.234520861081217
23,0.4,pi,34.98085244615549
23,0.4,theta_w,37.018157374087814
23,0.4,theta_h,22.247485074341455
23,0.4,theta_l,28.61416876024847
23,0.4,tajimas_d,-0.19433395124049058
23,0.5,pi,34.57398036262149
23,0.5,theta_w,35.75438369708424
23,0.5,theta_h,21.910772754050548
23,0.5,theta_l,28.242376558336012
23,0.5,tajimas_d,-0.11857879414482318
23,0.6,pi,33.15109069540818
23,0.6,theta_w,35.17722634799342
23,0.6,theta_h,21.343550628872652
23,0.6,theta_l,27.247320662140414
23,0.6,tajimas_d,-0.2131891783177686
24,0.0,pi,51.936565656565655
24,0.0,theta_w,43.84459105533603
24,0.0,theta_h,42.44727272727273
24,0.0,theta_l,47.19191919191919
24,0.0,tajimas_d,0.6203370641777067
24,0.05,pi,51.71023235721765
24,0.05,theta_w,43.70609238113986
24,0.05,theta_h,42.406760864733215
24,0.05,theta_l,47.05849661097543
24,0.05,tajimas_d,0.6184647403936656
24,0.1,pi,51.78322427502301
24,0.1,theta_w,43.20369664482776
24,0.1,theta_h,42.203566982965
24,0.1,theta_l,46.993395628994
24,0.1,tajimas_d,0.6740919302219408
24,0.2,pi,51.81525463276662
24,0.2,theta_w,43.221560121830684
24,0.2,theta_h,42.42445376931992
24,0.2,theta_l,47.119854201043275
24,0.2,tajimas_d,0.6824625746756983
24,0.3,pi,51.878461740146115
24,0.3,theta_w,42.73573853250661
24,0.3,theta_h,43.292630798479856
24,0.3,theta_l,47.58554626931299
24,0.3,tajimas_d,0.7435083027379443
24,0.4,pi,51.63845217909893
24,0.4,theta_w,44.22696661384692
24,0.4,theta_h,43.72499701654597
24,0.4,theta_l,47.68172459782245
24,0.4,tajimas_d,0.5931797391036591
24,0.5,pi,52.355875896302265
24,0.5,theta_w,44.06348816975718
24,0.5,theta_h,42.92481505469805
24,0.5,theta_l,47.64034547550015
24,0.5,tajimas_d,0.6790259253051483
24,0.6,pi,51.19763780236545
24,0.6,theta_w,43.258469725202275
24,0.6,theta_h,44.06265840828668
24,0.6,theta_l,47.630148105326064
24,0.6,tajimas_d,0.6807170444692863
25,0.0,pi,45.934141414141415
25,0.0,theta_w,39.402187556337225
25,0.0,theta_h,43.52040404040404
25,0.0,theta_l,44.72727272727273
25,0.0,tajimas_d,0.5561487729050458
25,0.05,pi,45.99650064493418
25,0.05,theta_w,39.608968250032056
25,0.05,theta_h,43.5060635331971
25,0.05,theta_l,44.75128208906564
25,0.05,tajimas_d,0.5436655307969309
25,0.1,pi,46.131143254434505
25,0.1,theta_w,39.42699106171069
25,0.1,theta_h,43.45344684088565
25,0.1,theta_l,44.792295047660076
25,0.1,tajimas_d,0.5758587148115514
25,0.2,pi,46.0850116314274
25,0.2,theta_w,39.80551584576222
25,0.2,theta_h,44.209324547262746
25,0.2,theta_l,45.14716808934507
25,0.2,tajimas_d,0.5409318903948868
25,0.3,pi,45.9371975593157
25,0.3,theta_w,40.02462510731393
25,0.3,theta_h,43.78995006295133
25,0.3,theta_l,44.86357381113352
25,0.3,tajimas_d,0.5126318901907263
25,0.4,pi,46.06807622398784
25,0.4,theta_w,40.29544417179278
25,0.4,theta_h,43.84878060054868
25,0.4,theta_l,44.958428412268255
25,0.4,tajimas_d,0.505471966889699
25,0.5,pi,45.517654894342925
25,0.5,theta_w,39.907630983460734
25,0.5,theta_h,45.04862296320874
25,0.5,theta_l,45.28313892877584
25,0.5,tajimas_d,0.5058355125508286
25,0.6,pi,45.21908320862053
25,0.6,theta_w,40.62133573164448
25,0.6,theta_h,45.77932688209416
25,0.6,theta_l,45.49920504535735
25,0.6,tajimas_d,0.4201559570589806
26,0.0,pi,48.32505050505051
26,0.0,theta_w,42.87885116424933
26,0.0,theta_h,42.20020202020202
26,0.0,theta_l,45.26262626262626
26,0.0,tajimas_d,0.42675181144026064
26,0.05,pi,48.336797327158145
26,0.05,theta_w,43.32205700601701
26,0.05,theta_h,42.36413909202107
26,0.05,theta_l,45.350468209589614
26,0.05,tajimas_d,0.39091112712094755
26,0.1,pi,48.19871579154298
26,0.1,theta_w,42.418799747049505
26,0.1,theta_h,42.420779524271204
26,0.1,theta_l,45.309747657907096
26,0.1,tajimas_d,0.4624301106492235
26,0.2,pi,48.210056400443996
26,0.2,theta_w,44.21596208217039
26,0.2,theta_h,42.668696261377214
26,0.2,theta_l,45.439376330910605
26,0.2,tajimas_d,0.31006556340191027
26,0.3,pi,48.60715539795897
26,0.3,theta_w,43.05728786525759
26,0.3,theta_h,42.81375838597873
26,0.3,theta_l,45.710456891968846
26,0.3,tajimas_d,0.448518705179722
26,0.4,pi,48.71273904958465
26,0.4,theta_w,43.83463845382125
26,0.4,theta_h,42.92869982184554
26,0.4,theta_l,45.82071943571509
26,0.4,tajimas_d,0.3934975168289212
26,0.5,pi,47.77199341696938
26,0.5,theta_w,43.167841254907955
26,0.5,theta_h,43.4828865983376
26,0.5,theta_l,45.62744000765349
26,0.5,tajimas_d,0.38470124465052996
26,0.6,pi,48.58472716214063
26,0.6,theta_w,44.71852309499638
26,0.6,theta_h,44.31193776060934
26,0.6,theta_l,46.448332461374974
26,0.6,tajimas_d,0.3203388999958549
27,0.0,pi,30.058181818181822
27,0.0,theta_w,35.152932035555764
27,0.0,theta_h,19.557979797979797
27,0.0,theta_l,24.808080808080806
27,0.0,tajimas_d,-0.4851254752549483
27,0.05,pi,30.13250566583404
27,0.05,theta_w,35.11246313216192
27,0.05,theta_h,19.613687445123652
27,0.05,theta_l,24.873096555478845
27,0.05,tajimas_d,-0.47689740423948646
27,0.1,pi,30.323948986932436
27,0.1,theta_w,35.69427162597371
27,0.1,theta_h,19.637763947012505
27,0.1,theta_l,24.980856466972472
27,0.1,tajimas_d,-0.5087244090493122
27,0.2,pi,29.9084341664035
27,0.2,theta_w,34.755623059901495
27,0.2,theta_h,19.703212889107185
27,0.2,theta_l,24.805823527755344
27,0.2,tajimas_d,-0.4769797812356876
27,0.3,pi,30.57678328520057
27,0.3,theta_w,34.88757106349241
27,0.3,theta_h,20.157158001505056
27,0.3,theta_l,25.36697064335281
27,0.3,tajimas_d,-0.42760488787533246
27,0.4,pi,30.474260154350983
27,0.4,theta_w,35.557722482448824
27,0.4,theta_h,21.05335412390718
27,0.4,theta_l,25.763807139129078
27,0.4,tajimas_d,-0.5029496147626508
27,0.5,pi,30.634563651694343
27,0.5,theta_w,33.895487304717
27,0.5,theta_h,19.8534361295198
27,0.5,theta_l,25.243999890607064
27,0.5,tajimas_d,-0.34670682497454847
27,0.6,pi,30.10335942176969
27,0.6,theta_w,34.731897206652995
27,0.6,theta_h,20.858141384314074
27,0.6,theta_l,25.480750403041878
27,0.6,tajimas_d,-0.491517128043102
28,0.0,pi,28.251313131313132
28,0.0,theta_w,33.41460023159971
28,0.0,theta_h,34.69818181818182
28,0.0,theta_l,31.474747474747474
28,0.0,tajimas_d,-0.5166705921349789
28,0.05,pi,28.395410718937732
28,0.05,theta_w,33.364545269910444
28,0.05,theta_h,34.822270138988316
28,0.05,theta_l,31.608840428963017
28,0.05,tajimas_d,-0.5003604170988365
28,0.1,pi,28.205921159864378
28,0.1,theta_w,33.13747861302498
28,0.1,theta_h,34.793448022036344
28,0.1,theta_l,31.499684590950363
28,0.1,tajimas_d,-0.5025192672182552
28,0.2,pi,28.038775868038645
28,0.2,theta_w,33.50724608292244
28,0.2,theta_h,34.837861016514196
28,0.2,theta_l,31.438318442276422
28,0.2,tajimas_d,-0.5571486197510106
28,0.3,pi,28.32749788177016
28,0.3,theta_w,33.96444271622116
28,0.3,theta_h,34.77883734220167
28,0.3,theta_l,31.553167611985913
28,0.3,tajimas_d,-0.5741741908060304
28,0.4,pi,28.50906787026017
28,0.4,theta_w,33.73252190256678
28,0.4,theta_h,34.974754590148144
28,0.4,theta_l,31.74191123020416
28,0.4,tajimas_d,-0.5448676477672183
28,0.5,pi,27.415575967236254
28,0.5,theta_w,32.98927098225098
28,0.5,theta_h,34.83157847219039
28,0.5,theta_l,31.12357721971332
28,0.5,tajimas_d,-0.605623035100963
28,0.6,pi,28.886344274684145
28,0.6,theta_w,32.64825356234204
28,0.6,theta_h,32.18780379524033
28,0.6,theta_l,30.53707403496224
28,0.6,tajimas_d,-0.4267294351411805
29,0.0,pi,29.9210101010101
29,0.0,theta_w,37.084411817729155
29,0.0,theta_h,37.81636363636364
29,0.0,theta_l,33.868686868686865
29,0.0,tajimas_d,-0.6472785438641182
29,0.05,pi,29.839779884727996
29,0.05,theta_w,37.07681179878557
29,0.05,theta_h,38.115836904364556
29,0.05,theta_l,33.97780839454628
29,0.05,tajimas_d,-0.6572843355804289
29,0.1,pi,29.8627960188562
29,0.1,theta_w,37.46894045654684
29,0.1,theta_h,38.08920759413987
29,0.1,theta_l,33.97600180649804
29,0.1,tajimas_d,-0.6870539143517853
29,0.2,pi,29.879723947252835
29,0.2,theta_w,37.14407191537206
29,0.2,theta_h,38.39983579813346
29,0.2,theta_l,34.139779872693154
29,0.2,tajimas_d,-0.6691219166146648
29,0.3,pi,30.089150611897715
29,0.3,theta_w,37.20189739343973
29,0.3,theta_h,38.33671317950841
29,0.3,theta_l,34.212931895703065
29,0.3,tajimas_d,-0.663015805641378
29,0.4,pi,29.572570519665305
29,0.4,theta_w,37.439437683995585
29,0.4,theta_h,36.10336239636139
29,0.4,theta_l,32.83796645801334
29,0.4,tajimas_d,-0.7390591292432966
29,0.5,pi,30.17682136245509
29,0.5,theta_w,39.10624449662222
29,0.5,theta_h,39.30168941269679
29,0.5,theta_l,34.73925538757594
29,0.5,tajimas_d,-0.8232094956366333
29,0.6,pi,29.725487568441352
29,0.6,theta_w,34.78777328100713
29,0.6,theta_h,34.6820834960968
29,0.6,theta_l,32.20378553226908
29,0.6,tajimas_d,-0.5397585216604777
30,0.0,pi,35.71555555555556
30,0.0,theta_w,34.573488100903745
30,0.0,theta_h,46.54707070707071
30,0.0,theta_l,41.131313131313135
30,0.0,tajimas_d,0.11053252557125487
30,0.05,pi,35.59544209272897
30,0.05,theta_w,34.554984689961564
30,0.05,theta_h,46.65870415799694
30,0.05,theta_l,41.12707312536295
30,0.05,tajimas_d,0.10129086099789532
30,0.1,pi,35.7129004982849
30,0.1,theta_w,34.11568400071495
30,0.1,theta_h,46.78546591426941
30,0.1,theta_l,41.24918320627715
30,0.1,tajimas_d,0.15815033502779083
30,0.2,pi,35.655237143169586
30,0.2,theta_w,34.11572400115512
30,0.2,theta_h,46.39529422543516
30,0.2,theta_l,41.02526568430237
30,0.2,tajimas_d,0.15412582192328733
30,0.3,pi,35.91481525134724
30,0.3,theta_w,34.875972871139744
30,0.3,theta_h,46.53456419501219
30,0.3,theta_l,41.22468972317972
30,0.3,tajimas_d,0.1031984935300677
30,0.4,pi,35.29338951426281
30,0.4,theta_w,34.34866871444713
30,0.4,theta_h,45.99344390353585
30,0.4,theta_l,40.64341670889932
30,0.4,tajimas_d,0.09690236884985458
30,0.5,pi,36.536361488083784
30,0.5,theta_w,35.33527919383637
30,0.5,theta_h,46.37368984601424
30,0.5,theta_l,41.45502566704901
30,0.5,tajimas_d,0.12215364463774968
30,0.6,pi,35.67808358471899
30,0.6,theta_w,32.91291923545469
30,0.6,theta_h,49.22659064186824
30,0.6,theta_l,42.452337113293616
30,0.6,tajimas_d,0.3100766663705695
31,0.0,pi,53.162424242424244
31,0.0,theta_w,41.14051936029328
31,0.0,theta_h,36.85777777777778
31,0.0,theta_l,45.01010101010101
31,0.0,tajimas_d,0.9811010491691456
31,0.05,pi,53.26665834654408
31,0.05,theta_w,41.17389913019209
31,0.05,theta_h,36.868193586229715
31,0.05,theta_l,45.06742596638689
31,0.05,tajimas_d,0.9909280377419546
31,0.1,pi,52.95466029479586
31,0.1,theta_w,41.003336870665876
31,0.1,theta_h,36.81260349095191
31,0.1,theta_l,44.88363189287388
31,0.1,tajimas_d,0.9877881388527924
31,0.2,pi,53.33338453535554
31,0.2,theta_w,41.84516580160242
31,0.2,theta_h,37.910762873445854
31,0.2,theta_l,45.62207370440069
31,0.2,tajimas_d,0.9414339172281146
31,0.3,pi,52.88608934382826
31,0.3,theta_w,41.253335662118445
31,0.3,theta_h,37.5523743817149
31,0.3,theta_l,45.21923186277158
31,0.3,tajimas_d,0.978701751973766
31,0.4,pi,52.84709652746402
31,0.4,theta_w,42.932942736279934
31,0.4,theta_h,37.7835674925577
31,0.4,theta_l,45.315332010010856
31,0.4,tajimas_d,0.8168919882963741
31,0.5,pi,53.74906175161432
31,0.5,theta_w,43.5225559185216
31,0.5,theta_h,37.284532682946676
31,0.5,theta_l,45.516797217280505
31,0.5,tajimas_d,0.8476392928491926
31,0.6,pi,53.18107084461852
31,0.6,theta_w,43.49620419876555
31,0.6,theta_h,37.721224099653256
31,0.6,theta_l,45.45114747213589
31,0.6,tajimas_d,0.8282105628368934
32,0.0,pi,34.97313131313132
32,0.0,theta_w,36.11867192664246
32,0.0,theta_h,30.097575757575754
32,0.0,theta_l,32.535353535353536
32,0.0,tajimas_d,-0.10622161521162533
32,0.05,pi,34.920485203861155
32,0.05,theta_w,36.44920084316958
32,0.05,theta_h,30.039967648207256
32,0.05,theta_l,32.4802264260342
32,0.05,tajimas_d,-0.14102442924602868
32,0.1,pi,35.094273004113845
32,0.1,theta_w,36.08525244794404
32,0.1,theta_h,30.300249027928924
32,0.1,theta_l,32.697261016021386
32,0.1,tajimas_d,-0.0928690382307505
32,0.2,pi,35.08483195139575
32,0.2,theta_w,35.97352307362744
32,0.2,theta_h,30.39106450316575
32,0.2,theta_l,32.73794822728075
32,0.2,tajimas_d,-0.08456156383840557
32,0.3,pi,34.63694552015281
32,0.3,theta_w,35.71981017632295
32,0.3,theta_h,30.52140304455858
32,0.3,theta_l,32.57917428235569
32,0.3,tajimas_d,-0.10511999957865058
32,0.4,pi,33.93347623654115
32,0.4,theta_w,35.39341319996681
32,0.4,theta_h,30.730017865642026
32,0.4,theta_l,32.33174705109159
32,0.4,tajimas_d,-0.14530181400278458
32,0.5,pi,34.98198035206137
32,0.5,theta_w,34.61845857985286
32,0.5,theta_h,30.93596440532387
32,0.5,theta_l,32.95897237869262
32,0.5,tajimas_d,0.03775110702270047
32,0.6,pi,34.75519666395319
32,0.6,theta_w,36.2749284150554
32,0.6,theta_h,31.6548431363395
32,0.6,theta_l,33.20501990014635
32,0.6,tajimas_d,-0.15521401047436054
33,0.0,pi,53.642626262626266
33,0.0,theta_w,47.1281066850308
33,0.0,theta_h,43.953333333333326
33,0.0,theta_l,48.7979797979798
33,0.0,tajimas_d,0.4651580782057048
33,0.05,pi,53.63882095179752
33,0.05,theta_w,47.011456977664764
33,0.05,theta_h,44.34913580905823
33,0.05,theta_l,48.993978380427876
33,0.05,tajimas_d,0.47652689287341704
33,0.1,pi,53.57043647148691
33,0.1,theta_w,47.50702774751815
33,0.1,theta_h,43.90183487707108
33,0.1,theta_l,48.73613567427899
33,0.1,tajimas_d,0.4335830539784437
33,0.2,pi,53.79574443352929
33,0.2,theta_w,47.096831861816014
33,0.2,theta_h,44.20428452241396
33,0.2,theta_l,49.000014477971625
33,0.2,tajimas_d,0.48864714578565227
33,0.3,pi,53.67585531895521
33,0.3,theta_w,46.31042545255189
33,0.3,theta_h,45.081152045827395
33,0.3,theta_l,49.378503682391305
33,0.3,tajimas_d,0.5531987826308445
33,0.4,pi,53.23676869455885
33,0.4,theta_w,46.111289045000746
33,0.4,theta_h,42.84601766550144
33,0.4,theta_l,48.04139318003014
33,0.4,tajimas_d,0.5467845865896283
33,0.5,pi,54.06027150442628
33,0.5,theta_w,47.246609200949415
33,0.5,theta_h,45.03179646767045
33,0.5,theta_l,49.54603398604837
33,0.5,tajimas_d,0.521465470202307
33,0.6,pi,52.73105612787981
33,0.6,theta_w,47.957868656477174
33,0.6,theta_h,46.06910214655464
33,0.6,theta_l,49.40007913721722
33,0.6,tajimas_d,0.36970689395204387
34,0.0,pi,36.58141414141414
34,0.0,theta_w,36.504967883077136
34,0.0,theta_h,30.650909090909085
34,0.0,theta_l,33.61616161616161
34,0.0,tajimas_d,0.0070150620733824415
34,0.05,pi,36.58348008863272
34,0.05,theta_w,36.48776165142938
34,0.05,theta_h,30.58034993393691
34,0.05,theta_l,33.58191501128481
34,0.05,tajimas_d,0.00883005159875859
34,0.1,pi,36.48065816483582
34,0.1,theta_w,35.87917351773564
34,0.1,theta_h,30.58389124427438
34,0.1,theta_l,33.53227470455511
34,0.1,tajimas_d,0.05667121200007138
34,0.2,pi,36.19283490731288
34,0.2,theta_w,36.931239699433334
34,0.2,theta_h,30.853158480813278
34,0.2,theta_l,33.522996694063075
34,0.2,tajimas_d,-0.06837915762302585
34,0.3,pi,36.63544175621873
34,0.3,theta_w,37.42260311106676
34,0.3,theta_h,31.506824698104083
34,0.3,theta_l,34.07113322716141
34,0.3,tajimas_d,-0.07297549797243223
34,0.4,pi,37.22228290340497
34,0.4,theta_w,37.12225940073257
34,0.4,theta_h,31.218231314249046
34,0.4,theta_l,34.22025710882701
34,0.4,tajimas_d,0.009503354981495163
34,0.5,pi,36.7750747730666
34,0.5,theta_w,35.804256865009435
34,0.5,theta_h,32.18558336253034
34,0.5,theta_l,34.48032906779847
34,0.5,tajimas_d,0.09752464561108104
34,0.6,pi,36.75034714748496
34,0.6,theta_w,35.28907078109924
34,0.6,theta_h,32.18070941594454
34,0.6,theta_l,34.465528281714754
34,0.6,tajimas_d,0.15274931067254574
35,0.0,pi,46.54161616161616
35,0.0,theta_w,39.595335534554565
35,0.0,theta_h,35.01393939393939
35,0.0,theta_l,40.777777777777786
35,0.0,tajimas_d,0.5885941795469385
35,0.05,pi,46.40958444646025
35,0.05,theta_w,39.99804165656108
35,0.05,theta_h,35.08968391295867
35,0.05,theta_l,40.74963417970946
35,0.05,tajimas_d,0.5404825829103777
35,0.1,pi,46.71291760600924
35,0.1,theta_w,39.25851463929982
35,0.1,theta_h,33.491196565018356
35,0.1,theta_l,40.10205708551379
35,0.1,tajimas_d,0.643459942496453
35,0.2,pi,47.02649555802801
35,0.2,theta_w,39.79353326423767
35,0.2,theta_h,35.115489423508684
35,0.2,theta_l,41.07099249076834
35,0.2,tajimas_d,0.6230659435533801
35,0.3,pi,46.79087031402223
35,0.3,theta_w,40.191084096948565
35,0.3,theta_h,34.56868012760862
35,0.3,theta_l,40.67977522081542
35,0.3,tajimas_d,0.5693176609387983
35,0.4,pi,47.54901826505775
35,0.4,theta_w,40.146937951387585
35,0.4,theta_h,35.72442904975787
35,0.4,theta_l,41.636723657407806
35,0.4,tajimas_d,0.6515570780423069
35,0.5,pi,47.29865290604161
35,0.5,theta_w,41.50768554657197
35,0.5,theta_h,36.406493329719424
35,0.5,theta_l,41.85257311788052
35,0.5,tajimas_d,0.5028290069553004
35,0.6,pi,47.38452333505927
35,0.6,theta_w,40.31718331666919
35,0.6,theta_h,33.69582424010383
35,0.6,theta_l,40.54017378758155
35,0.6,tajimas_d,0.6495484365684464
36,0.0,pi,37.209494949494946
36,0.0,theta_w,34.187192144469066
36,0.0,theta_h,27.537979797979798
36,0.0,theta_l,32.37373737373737
36,0.0,tajimas_d,0.2957416469924303
36,0.05,pi,37.38914854929523
36,0.05,theta_w,34.540792380349274
36,0.05,theta_h,27.492917870850484
36,0.05,theta_l,32.44103321007285
36,0.05,tajimas_d,0.27729385942549584
36,0.1,pi,37.02995091087198
36,0.1,theta_w,34.32994713270649
36,0.1,theta_h,27.50685999278403
36,0.1,theta_l,32.268405451828
36,0.1,tajimas_d,0.265840171381818
36,0.2,pi,37.14101504429794
36,0.2,theta_w,34.33904222845491
36,0.2,theta_h,27.398760753352782
36,0.2,theta_l,32.26988789882536
36,0.2,tajimas_d,0.27889939584617723
36,0.3,pi,36.70147363210802
36,0.3,theta_w,35.253464376274295
36,0.3,theta_h,27.429885158926815
36,0.3,theta_l,32.065679395517414
36,0.3,tajimas_d,0.14218700521307398
36,0.4,pi,37.09784811802073
36,0.4,theta_w,35.63318844680095
36,0.4,theta_h,28.05030678410766
36,0.4,theta_l,32.5740774510642
36,0.4,tajimas_d,0.14491108025463068
36,0.5,pi,36.20848981207703
36,0.5,theta_w,35.551156964079425
36,0.5,theta_h,27.706417352963616
36,0.5,theta_l,31.957453582520323
36,0.5,tajimas_d,0.06644039492872177
36,0.6,pi,37.91029069625648
36,0.6,theta_w,36.61183752443561
36,0.6,theta_h,28.264447814137558
36,0.6,theta_l,33.087369255197025
36,0.6,tajimas_d,0.13143121249868675
37,0.0,pi,51.972727272727276
37,0.0,theta_w,46.54866275037878
37,0.0,theta_h,45.78484848484849
37,0.0,theta_l,48.87878787878789
37,0.0,tajimas_d,0.39204067587852875
37,0.05,pi,52.10956482765496
37,0.05,theta_w,46.81346791297977
37,0.05,theta_h,45.90197511401372
37,0.05,theta_l,49.00576997083432
37,0.05,tajimas_d,0.3823666374222231
37,0.1,pi,51.93522781561471
37,0.1,theta_w,46.742874718996475
37,0.1,theta_h,46.04901006818281
37,0.1,theta_l,48.99211894189876
37,0.1,tajimas_d,0.37746372058894706
37,0.2,pi,51.974698226540994
37,0.2,theta_w,46.24410078214232
37,0.2,theta_h,46.063215284833376
37,0.2,theta_l,49.01895675568718
37,0.2,tajimas_d,0.4257508560245372
37,0.3,pi,51.865408409113876
37,0.3,theta_w,48.778352996432154
37,0.3,theta_h,46.07745391664866
37,0.3,theta_l,48.971431162881274
37,0.3,tajimas_d,0.2205243285172334
37,0.4,pi,52.23812134655274
37,0.4,theta_w,48.1648482741316
37,0.4,theta_h,46.65605462996525
37,0.4,theta_l,49.44708798825899
37,0.4,tajimas_d,0.29967032057236226
37,0.5,pi,52.14023603024787
37,0.5,theta_w,49.31948444117111
37,0.5,theta_h,46.47256791067598
37,0.5,theta_l,49.30640197046192
37,0.5,tajimas_d,0.20668586114123988
37,0.6,pi,51.409748011022344
37,0.6,theta_w,48.49840303346049
37,0.6,theta_h,48.36150136949606
37,0.6,theta_l,49.8856246902592
37,0.6,tajimas_d,0.22274834661700077
38,0.0,pi,50.86707070707072
38,0.0,theta_w,46.35551477216144
38,0.0,theta_h,38.22383838383839
38,0.0,theta_l,44.545454545454554
38,0.0,tajimas_d,0.32742342046555256
38,0.05,pi,50.90555345367491
38,0.05,theta_w,45.82534372641931
38,0.05,theta_h,38.27776950355869
38,0.05,theta_l,44.5916614786168
38,0.05,tajimas_d,0.3744586823068437
38,0.1,pi,51.02085748053375
38,0.1,theta_w,46.520609814543725
38,0.1,theta_h,38.42764210929925
38,0.1,theta_l,44.724249794916496
38,0.1,tajimas_d,0.32851475327733876
38,0.2,pi,51.090328856414146
38,0.2,theta_w,47.24698892220809
38,0.2,theta_h,36.28019633258449
38,0.2,theta_l,43.685262594499314
38,0.2,tajimas_d,0.27953107896289375
38,0.3,pi,50.73292399917164
38,0.3,theta_w,46.66195061107723
38,0.3,theta_h,37.0372404576028
38,0.3,theta_l,43.885082228387226
38,0.3,tajimas_d,0.3035361115679483
38,0.4,pi,50.92978696164275
38,0.4,theta_w,46.25633702633962
38,0.4,theta_h,37.60794184398263
38,0.4,theta_l,44.26886440281268
38,0.4,tajimas_d,0.35799709563139254
38,0.5,pi,50.80543583033288
38,0.5,theta_w,47.42633210201139
38,0.5,theta_h,38.86762948619553
38,0.5,theta_l,44.83653265826422
38,0.5,tajimas_d,0.2574087256250794
38,0.6,pi,50.22840536296805
38,0.6,theta_w,46.05542906712007
38,0.6,theta_h,38.751761979046776
38,0.6,theta_l,44.49008367100741
38,0.6,tajimas_d,0.33702172152135784
39,0.0,pi,35.51171717171717
39,0.0,theta_w,35.92552394842512
39,0.0,theta_h,35.61959595959596
39,0.0,theta_l,35.56565656565656
39,0.0,tajimas_d,-0.03857282078339437
39,0.05,pi,35.479405848411545
39,0.05,theta_w,35.89563252281044
39,0.05,theta_h,35.77363107987782
39,0.05,theta_l,35.62651846414469
39,0.05,tajimas_d,-0.03901034639029795
39,0.1,pi,35.4762318318869
39,0.1,theta_w,35.67528952302848
39,0.1,theta_h,35.72248743250359
39,0.1,theta_l,35.599359632195245
39,0.1,tajimas_d,-0.01885650324927227
39,0.2,pi,35.23970330689468
39,0.2,theta_w,35.94004549774904
39,0.2,theta_h,35.621390577243
39,0.2,theta_l,35.43054694206884
39,0.2,tajimas_d,-0.06663961122053355
39,0.3,pi,36.140748523973144
39,0.3,theta_w,36.38432620132285
39,0.3,theta_h,35.72251749211603
39,0.3,theta_l,35.93163300804459
39,0.3,tajimas_d,-0.023213939489239156
39,0.4,pi,35.37813189172865
39,0.4,theta_w,36.98942545532718
39,0.4,theta_h,36.107007788842665
39,0.4,theta_l,35.74256984028566
39,0.4,tajimas_d,-0.15369768193721972
39,0.5,pi,36.061333369307945
39,0.5,theta_w,36.40426409024932
39,0.5,theta_h,37.12894256287375
39,0.5,theta_l,36.59513796609085
39,0.5,tajimas_d,-0.03389815708247355
39,0.6,pi,35.822437998411466
39,0.6,theta_w,35.680600691201136
39,0.6,theta_h,37.23675088547322
39,0.6,theta_l,36.52959444194234
39,0.6,tajimas_d,0.014730117871911126
40,0.0,pi,38.07737373737374
40,0.0,theta_w,34.573488100903745
40,0.0,theta_h,44.77111111111112
40,0.0,theta_l,41.42424242424242
40,0.0,tajimas_d,0.33911598402911086
40,0.05,pi,38.043272739891115
40,0.05,theta_w,34.70546152237447
40,0.05,theta_h,45.142691583403895
40,0.05,theta_l,41.592982161647505
40,0.05,tajimas_d,0.3231561461774106
40,0.1,pi,38.077180055601765
40,0.1,theta_w,34.90174486594353
40,0.1,theta_h,45.339609291856576
40,0.1,theta_l,41.708394673729174
40,0.1,tajimas_d,0.30746175893109473
40,0.2,pi,37.34041759403018
40,0.2,theta_w,34.5221885887185
40,0.2,theta_h,44.574360939561075
40,0.2,theta_l,40.95738926679563
40,0.2,tajimas_d,0.2789112281963436
40,0.3,pi,38.0838560666068
40,0.3,theta_w,36.10899873532991
40,0.3,theta_h,46.1455523703266
40,0.3,theta_l,42.114704218466706
40,0.3,tajimas_d,0.18955093163885964
40,0.4,pi,38.37713259439587
40,0.4,theta_w,35.545265121239
40,0.4,theta_h,45.83091279390337
40,0.4,theta_l,42.10402269414962
40,0.4,tajimas_d,0.2801804287622362
40,0.5,pi,37.945787158111344
40,0.5,theta_w,36.59443115418024
40,0.5,theta_h,45.25348725312106
40,0.5,theta_l,41.59963720561619
40,0.5,tajimas_d,0.13278030139984023
40,0.6,pi,37.98049393825946
40,0.6,theta_w,37.83221212457674
40,0.6,theta_h,46.600448920953134
40,0.6,theta_l,42.290471429606306
40,0.6,tajimas_d,0.014548602447603072
41,0.0,pi,38.20444444444444
41,0.0,theta_w,40.94737138207594
41,0.0,theta_h,38.28040404040404
41,0.0,theta_l,38.24242424242425
41,0.0,tajimas_d,-0.22488570057015356
41,0.05,pi,38.059116626189734
41,0.05,theta_w,40.95682018073321
41,0.05,theta_h,38.5071705216111
41,0.05,theta_l,38.28314357390042
41,0.05,tajimas_d,-0.23855966454505548
41,0.1,pi,38.36065353074579
41,0.1,theta_w,40.44201941180672
41,0.1,theta_h,38.12853878002492
41,0.1,theta_l,38.24459615538535
41,0.1,tajimas_d,-0.17449885752107175
41,0.2,pi,38.52145618794365
41,0.2,theta_w,40.593496846015455
41,0.2,theta_h,38.314270835076115
41,0.2,theta_l,38.41786351150988
41,0.2,tajimas_d,-0.17500222538037885
41,0.3,pi,38.4446783878047
41,0.3,theta_w,41.46250298317278
41,0.3,theta_h,39.0375933279495
41,0.3,theta_l,38.7411358578771
41,0.3,tajimas_d,-0.2526519416387223
41,0.4,pi,37.65426314678675
41,0.4,theta_w,38.840156990640544
41,0.4,theta_h,39.514924877353
41,0.4,theta_l,38.58459401206987
41,0.4,tajimas_d,-0.10778383448035075
41,0.5,pi,38.269619918404416
41,0.5,theta_w,38.59604688058686
41,0.5,theta_h,39.974523113010214
41,0.5,theta_l,39.12207151570732
41,0.5,tajimas_d,-0.030435166967247795
41,0.6,pi,38.33088105135811
41,0.6,theta_w,39.10601793690552
41,0.6,theta_h,37.88723880146272
41,0.6,theta_l,38.10905992641041
41,0.6,tajimas_d,-0.0735430065872663
42,0.0,pi,35.13818181818182
42,0.0,theta_w,39.209039578119885
42,0.0,theta_h,30.397171717171716
42,0.0,theta_l,32.76767676767677
42,0.0,tajimas_d,-0.3482796458140893
42,0.05,pi,35.216563150341145
42,0.05,theta_w,39.60103454155572
42,0.05,theta_h,30.53649484958204
42,0.05,theta_l,32.8765289999616
42,0.05,tajimas_d,-0.3731779063963801
42,0.1,pi,35.27037288234726
42,0.1,theta_w,38.85822782058589
42,0.1,theta_h,30.193310007056134
42,0.1,theta_l,32.7318414447017
42,0.1,tajimas_d,-0.31278684060504114
42,0.2,pi,34.60665124850032
42,0.2,theta_w,39.46265106911136
42,0.2,theta_h,30.709048246018423
42,0.2,theta_l,32.65784974725936
42,0.2,tajimas_d,-0.4219781518306978
42,0.3,pi,35.13149903487283
42,0.3,theta_w,38.786852052775984
42,0.3,theta_h,29.08357933020102
42,0.3,theta_l,32.10753918253693
42,0.3,tajimas_d,-0.3269075475100601
42,0.4,pi,35.451117827117
42,0.4,theta_w,38.79572338859861
42,0.4,theta_h,28.512450655762187
42,0.4,theta_l,31.981784241439602
42,0.4,tajimas_d,-0.3039853981105897
42,0.5,pi,35.065203861426085
42,0.5,theta_w,38.748684400905304
42,0.5,theta_h,30.789841292774256
42,0.5,theta_l,32.92752257710017
42,0.5,tajimas_d,-0.3414992670890737
42,0.6,pi,33.090853656129134
42,0.6,theta_w,38.347016784857466
42,0.6,theta_h,27.145008105468765
42,0.6,theta_l,30.117930880798944
42,0.6,tajimas_d,-0.5077075911513564
43,0.0,pi,39.70040404040404
43,0.0,theta_w,42.29940722959732
43,0.0,theta_h,47.592525252525256
43,0.0,theta_l,43.64646464646464
43,0.0,tajimas_d,-0.2063932154508193
43,0.05,pi,39.82677842529283
43,0.05,theta_w,42.32531504450609
43,0.05,theta_h,47.656129380006895
43,0.05,theta_l,43.741453902649866
43,0.05,tajimas_d,-0.19917691865295947
43,0.1,pi,39.739455099628344
43,0.1,theta_w,42.19922054292973
43,0.1,theta_h,47.6137141386261
43,0.1,theta_l,43.676584619127226
43,0.1,tajimas_d,-0.19770058942087704
43,0.2,pi,39.64555591045387
43,0.2,theta_w,41.31273736565242
43,0.2,theta_h,47.48316968208548
43,0.2,theta_l,43.56436279626968
43,0.2,tajimas_d,-0.13828422723095787
43,0.3,pi,39.68396975141726
43,0.3,theta_w,41.33853586375251
43,0.3,theta_h,47.95390291554027
43,0.3,theta_l,43.81893633347876
43,0.3,tajimas_d,-0.13920407817497274
43,0.4,pi,40.298230728198476
43,0.4,theta_w,43.18085331130718
43,0.4,theta_h,46.79114911473478
43,0.4,theta_l,43.54468992146663
43,0.4,tajimas_d,-0.23594378077089498
43,0.5,pi,39.197689228728535
43,0.5,theta_w,40.990125100785036
43,0.5,theta_h,42.2453285896938
43,0.5,theta_l,40.721508909211174
43,0.5,tajimas_d,-0.15781298825555093
43,0.6,pi,39.43045447499771
43,0.6,theta_w,43.52817235068213
43,0.6,theta_h,43.44337574604304
43,0.6,theta_l,41.436915110520374
43,0.6,tajimas_d,-0.3494754331678349
44,0.0,pi,30.54282828282828
44,0.0,theta_w,33.800896188034386
44,0.0,theta_h,32.70969696969697
44,0.0,theta_l,31.626262626262626
44,0.0,tajimas_d,-0.32237693078834767
44,0.05,pi,30.320887793083784
44,0.05,theta_w,33.75145446153165
44,0.05,theta_h,32.85695480303222
44,0.05,theta_l,31.588921298058
44,0.05,tajimas_d,-0.3415288969072818
44,0.1,pi,30.81486164153689
44,0.1,theta_w,34.12438243119504
44,0.1,theta_h,32.77336814899572
44,0.1,theta_l,31.794114895266308
44,0.1,tajimas_d,-0.3276962280706418
44,0.2,pi,30.456042253619334
44,0.2,theta_w,32.72757757234159
44,0.2,theta_h,32.210622152332945
44,0.2,theta_l,31.333332202976138
44,0.2,tajimas_d,-0.2370215877796135
44,0.3,pi,30.541853522459764
44,0.3,theta_w,34.06704499867709
44,0.3,theta_h,33.20673409686371
44,0.3,theta_l,31.87429380966174
44,0.3,tajimas_d,-0.3585546320573896
44,0.4,pi,30.364943806661444
44,0.4,theta_w,33.68656190558155
44,0.4,theta_h,31.802824599744152
44,0.4,theta_l,31.083884203202796
44,0.4,tajimas_d,-0.3464838072941583
44,0.5,pi,30.084267803984073
44,0.5,theta_w,31.951559675765623
44,0.5,theta_h,31.661600593976544
44,0.5,theta_l,30.872934198980307
44,0.5,tajimas_d,-0.2098360578564098
44,0.6,pi,30.458604089454028
44,0.6,theta_w,32.98819964297624
44,0.6,theta_h,31.41832468901944
44,0.6,theta_l,30.93846438923673
44,0.6,tajimas_d,-0.282926671463911
45,0.0,pi,28.42343434343434
45,0.0,theta_w,32.255712362295675
45,0.0,theta_h,27.253333333333334
45,0.0,theta_l,27.838383838383837
45,0.0,tajimas_d,-0.39694834177526656
45,0.05,pi,28.510673992464113
45,0.05,theta_w,32.01008288459951
45,0.05,theta_h,27.16601396136614
45,0.05,theta_l,27.838343976915127
45,0.05,tajimas_d,-0.3670673233674859
45,0.1,pi,27.963373413183096
45,0.1,theta_w,32.55524948168113
45,0.1,theta_h,27.159372716451212
45,0.1,theta_l,27.561373064817154
45,0.1,tajimas_d,-0.4762243416793013
45,0.2,pi,28.518633010658426
45,0.2,theta_w,32.154630098849715
45,0.2,theta_h,27.501465870188966
45,0.2,theta_l,28.01004944042369
45,0.2,tajimas_d,-0.3859036642821405
45,0.3,pi,28.463034185957223
45,0.3,theta_w,30.904236059043832
45,0.3,theta_h,27.958051892299185
45,0.3,theta_l,28.210543039128208
45,0.3,tajimas_d,-0.27272242385542295
45,0.4,pi,28.184208947031106
45,0.4,theta_w,31.83157554351056
45,0.4,theta_h,27.70445250830702
45,0.4,theta_l,27.94433072766906
45,0.4,tajimas_d,-0.403090608693603
45,0.5,pi,28.182518232962483
45,0.5,theta_w,32.71318013450892
45,0.5,theta_h,27.854629184476998
45,0.5,theta_l,28.018573708719742
45,0.5,tajimas_d,-0.49785737199221386
45,0.6,pi,28.37348001988871
45,0.6,theta_w,30.133816351078348
45,0.6,theta_h,26.766439638022955
45,0.6,theta_l,27.56995982895583
45,0.6,tajimas_d,-0.21493803681993695
46,0.0,pi,39.876363636363635
46,0.0,theta_w,36.504967883077136
46,0.0,theta_h,36.08323232323232
46,0.0,theta_l,37.97979797979798
46,0.0,tajimas_d,0.30937486016622395
46,0.05,pi,39.82133540308858
46,0.05,theta_w,36.498136568311935
46,0.05,theta_h,36.26048033052565
46,0.05,theta_l,38.04090786680712
46,0.05,tajimas_d,0.306565987090613
46,0.1,pi,40.03266335661965
46,0.1,theta_w,37.07362707499118
46,0.1,theta_h,36.200760990521296
46,0.1,theta_l,38.11671217357047
46,0.1,tajimas_d,0.27007386706669384
46,0.2,pi,40.04437914571843
46,0.2,theta_w,36.330101487413145
46,0.2,theta_h,36.476578116132586
46,0.2,theta_l,38.260478630925505
46,0.2,tajimas_d,0.34957538844860164
46,0.3,pi,39.7956353222538
46,0.3,theta_w,37.56280802943358
46,0.3,theta_h,36.5848156241228
46,0.3,theta_l,38.19022547318829
46,0.3,tajimas_d,0.20618086281151132
46,0.4,pi,39.40501510422477
46,0.4,theta_w,37.577085029970185
46,0.4,theta_h,36.59955595024978
46,0.4,theta_l,38.00228552723728
46,0.4,tajimas_d,0.17172635316910673
46,0.5,pi,40.20957934157863
46,0.5,theta_w,38.13201317825236
46,0.5,theta_h,37.59603470736238
46,0.5,theta_l,38.902807024470505
46,0.5,tajimas_d,0.19665048308673524
46,0.6,pi,41.30404454951537
46,0.6,theta_w,38.259771139753056
46,0.6,theta_h,36.05079349021274
46,0.6,theta_l,38.67741901986405
46,0.6,tajimas_d,0.2940549373798621
47,0.0,pi,37.751717171717175
47,0.0,theta_w,41.52681531672796
47,0.0,theta_h,43.35939393939394
47,0.0,theta_l,40.55555555555556
47,0.0,tajimas_d,-0.3052685236704052
47,0.05,pi,37.83536544827694
47,0.05,theta_w,41.9618282900301
47,0.05,theta_h,43.69139500997573
47,0.05,theta_l,40.76338022912633
47,0.05,tajimas_d,-0.3319575267193552
47,0.1,pi,38.141347515165016
47,0.1,theta_w,41.620578458652176
47,0.1,theta_h,43.06163240757082
47,0.1,theta_l,40.601489961367925
47,0.1,tajimas_d,-0.28354494477949294
47,0.2,pi,37.7887714136714
47,0.2,theta_w,41.58931839943114
47,0.2,theta_h,43.416539006094276
47,0.2,theta_l,40.60265520988284
47,0.2,tajimas_d,-0.313334666084965
47,0.3,pi,38.16881419945669
47,0.3,theta_w,42.33663594998579
47,0.3,theta_h,44.09634296080788
47,0.3,theta_l,41.13257858013228
47,0.3,tajimas_d,-0.3422038595792156
47,0.4,pi,37.49528130639642
47,0.4,theta_w,42.03841254952726
47,0.4,theta_h,43.587222582432794
47,0.4,theta_l,40.541251944414604
47,0.4,tajimas_d,-0.38184901396622073
47,0.5,pi,38.10913961253807
47,0.5,theta_w,41.56215676700912
47,0.5,theta_h,43.61947118437561
47,0.5,theta_l,40.86430539845685
47,0.5,tajimas_d,-0.2998250687673207
47,0.6,pi,38.345207380168745
47,0.6,theta_w,43.32478421711875
47,0.6,theta_h,44.72012745758498
47,0.6,theta_l,41.53266741887686
47,0.6,tajimas_d,-0.42695692977034505
48,0.0,pi,49.47050505050505
48,0.0,theta_w,42.68570318603199
48,0.0,theta_h,44.125454545454545
48,0.0,theta_l,46.7979797979798
48,0.0,tajimas_d,0.534005808929442
48,0.05,pi,49.33419892603669
48,0.05,theta_w,42.52164550830253
48,0.05,theta_h,43.80806780651697
48,0.05,theta_l,46.571133366276825
48,0.05,tajimas_d,0.5406310308770363
48,0.1,pi,49.5041992703148
48,0.1,theta_w,42.99799009015621
48,0.1,theta_h,44.76066185314628
48,0.1,theta_l,47.132430561730544
48,0.1,tajimas_d,0.513496690854949
48,0.2,pi,49.11079159000614
48,0.2,theta_w,42.029646333904175
48,0.2,theta_h,44.01378099506417
48,0.2,theta_l,46.562286292535155
48,0.2,tajimas_d,0.5782857901348228
48,0.3,pi,49.26688153378679
48,0.3,theta_w,43.84178250394075
48,0.3,theta_h,44.469426990879114
48,0.3,theta_l,46.86815426233294
48,0.3,tajimas_d,0.43025972375879334
48,0.4,pi,50.122173224514796
48,0.4,theta_w,43.492757839810565
48,0.4,theta_h,45.109669655381026
48,0.4,theta_l,47.61592143994791
48,0.4,tajimas_d,0.5382999463122372
48,0.5,pi,49.69110217625578
48,0.5,theta_w,44.54124377460072
48,0.5,theta_h,45.88799515426895
48,0.5,theta_l,47.78954866526236
48,0.5,tajimas_d,0.4175264230425924
48,0.6,pi,49.10967033178622
48,0.6,theta_w,43.196363120449604
48,0.6,theta_h,46.156717303164456
48,0.6,theta_l,47.633193817475345
48,0.6,tajimas_d,0.5070164743732565
49,0.0,pi,37.44626262626263
49,0.0,theta_w,38.24329968703319
49,0.0,theta_h,33.80626262626262
49,0.0,theta_l,35.62626262626262
49,0.0,tajimas_d,-0.0698789574425001
49,0.05,pi,37.41572482190455
49,0.05,theta_w,37.6551468392791
49,0.05,theta_h,33.8257677376996
49,0.05,theta_l,35.62074627980207
49,0.05,tajimas_d,-0.021413425070091814
49,0.1,pi,37.431444996676134
49,0.1,theta_w,38.48906062278732
49,0.1,theta_h,33.637223093123204
49,0.1,theta_l,35.534334044899666
49,0.1,tajimas_d,-0.09312998238192707
49,0.2,pi,37.90931130123242
49,0.2,theta_w,39.379960348194295
49,0.2,theta_h,35.02561602248411
49,0.2,theta_l,36.46746366185826
49,0.2,tajimas_d,-0.12796094503582972
49,0.3,pi,37.66857450321351
49,0.3,theta_w,39.06038421381524
49,0.3,theta_h,34.392179556283686
49,0.3,theta_l,36.03037702974859
49,0.3,tajimas_d,-0.12364039320957515
49,0.4,pi,36.8044174601444
49,0.4,theta_w,37.577054341214044
49,0.4,theta_h,34.45430449526065
49,0.4,theta_l,35.62936097770252
49,0.4,tajimas_d,-0.07258598990125444
49,0.5,pi,38.060706197323164
49,0.5,theta_w,38.65754296509475
49,0.5,theta_h,33.854039969121246
49,0.5,theta_l,35.9573730832222
49,0.5,tajimas_d,-0.05553098605271298
49,0.6,pi,37.16316637583005
49,0.6,theta_w,38.41898831044859
49,0.6,theta_h,35.77637745720045
49,0.6,theta_l,36.46977191651525
49,0.6,tajimas_d,-0.12098632409909935
50,0.0,pi,47.72585858585858
50,0.0,theta_w,44.23088701177071
50,0.0,theta_h,52.2539393939394
50,0.0,theta_l,49.98989898989899
50,0.0,tajimas_d,0.2656262382679106
50,0.05,pi,47.88562753292532
50,0.05,theta_w,43.70798506010908
50,0.05,theta_h,52.21932364293879
50,0.05,theta_l,50.05247558793205
50,0.05,tajimas_d,0.32279852365524603
50,0.1,pi,47.76602048903238
50,0.1,theta_w,43.9752439073779
50,0.1,theta_h,52.30299853686983
50,0.1,theta_l,50.0345095129511
50,0.1,tajimas_d,0.2925871142990416
50,0.2,pi,47.73867880678753
50,0.2,theta_w,45.243527990737896
50,0.2,theta_h,52.75974012315298
50,0.2,theta_l,50.24920946497026
50,0.2,tajimas_d,0.18944686747315634
50,0.3,pi,47.42624934935402
50,0.3,theta_w,45.42170263070124
50,0.3,theta_h,51.92197568936693
50,0.3,theta_l,49.674112519360484
50,0.3,tajimas_d,0.15349109517931867
50,0.4,pi,47.187964311115614
50,0.4,theta_w,43.131399684138536
50,0.4,theta_h,51.68341598637655
50,0.4,theta_l,49.43569014874608
50,0.4,tajimas_d,0.3320313941335529
50,0.5,pi,47.362283031345086
50,0.5,theta_w,45.497487006335085
50,0.5,theta_h,52.75593928288178
50,0.5,theta_l,50.059111157113435
50,0.5,tajimas_d,0.14785180931718112
50,0.6,pi,48.27990996391359
50,0.6,theta_w,44.9731580865339
50,0.6,theta_h,53.17124798560707
50,0.6,theta_l,50.725578974760325
50,0.6,tajimas_d,0.27257188540466115
51,0.0,pi,44.63676767676767
51,0.0,theta_w,38.62959564346787
51,0.0,theta_h,44.45414141414142
51,0.0,theta_l,44.54545454545454
51,0.0,tajimas_d,0.5215025274684216
51,0.05,pi,44.60285988897403
51,0.05,theta_w,38.429323999232494
51,0.05,theta_h,44.002948213799684
51,0.05,theta_l,44.302904051386854
51,0.05,tajimas_d,0.5411506946835185
51,0.1,pi,44.509523879164526
51,0.1,theta_w,39.07028767604252
51,0.1,theta_h,45.07341658041004
51,0.1,theta_l,44.791470229787286
51,0.1,tajimas_d,0.47183886074525544
51,0.2,pi,44.49749188780998
51,0.2,theta_w,37.78507364456402
51,0.2,theta_h,44.5474170970225
51,0.2,theta_l,44.52245449241624
51,0.2,tajimas_d,0.6085542052798647
51,0.3,pi,44.45723010578311
51,0.3,theta_w,38.650162508734844
51,0.3,theta_h,44.32662378023455
51,0.3,theta_l,44.391926943008826
51,0.3,tajimas_d,0.5220812473479856
51,0.4,pi,44.94375086858713
51,0.4,theta_w,38.99740530970791
51,0.4,theta_h,44.650125566235126
51,0.4,theta_l,44.796938217411125
51,0.4,tajimas_d,0.5375372960205163
51,0.5,pi,45.02263541980067
51,0.5,theta_w,40.270908365637446
51,0.5,theta_h,45.21980403472769
51,0.5,theta_l,45.12121972726417
51,0.5,tajimas_d,0.42521322749280127
51,0.6,pi,44.8813741081519
51,0.6,theta_w,39.62758375873922
51,0.6,theta_h,45.0222976768108
51,0.6,theta_l,44.95183589248135
51,0.6,tajimas_d,0.49134391857916654
52,0.0,pi,36.335757575757576
52,0.0,theta_w,34.766636079121085
52,0.0,theta_h,31.381414141414147
52,0.0,theta_l,33.858585858585855
52,0.0,tajimas_d,0.15103805535283468
52,0.05,pi,36.23943739404007
52,0.05,theta_w,34.74098709429755
52,0.05,theta_h,31.502102968390915
52,0.05,theta_l,33.87077018121549
52,0.05,tajimas_d,0.1450751383307562
52,0.1,pi,36.29169514530182
52,0.1,theta_w,35.33100956398265
52,0.1,theta_h,31.655375666479898
52,0.1,theta_l,33.973535405890864
52,0.1,tajimas_d,0.09200051969368517
52,0.2,pi,35.98037571396921
52,0.2,theta_w,34.48882115829296
52,0.2,theta_h,31.403300125799788
52,0.2,theta_l,33.69183791988449
52,0.2,tajimas_d,0.14761444590252765
52,0.3,pi,36.20235859469027
52,0.3,theta_w,35.50111925022676
52,0.3,theta_h,32.279229975153825
52,0.3,theta_l,34.240794284922046
52,0.3,tajimas_d,0.06846348650053331
52,0.4,pi,36.32856567793472
52,0.4,theta_w,34.925201321028
52,0.4,theta_h,32.287649625582304
52,0.4,theta_l,34.308107651758505
52,0.4,tajimas_d,0.14135060459476778
52,0.5,pi,35.69663645193957
52,0.5,theta_w,35.6827639625083
52,0.5,theta_h,32.75656232436887
52,0.5,theta_l,34.22659938815422
52,0.5,tajimas_d,0.0013964865031656287
52,0.6,pi,36.46849562664024
52,0.6,theta_w,34.70771688337189
52,0.6,theta_h,32.04756940117353
52,0.6,theta_l,34.25803251390688
52,0.6,tajimas_d,0.1877403578937904
53,0.0,pi,39.51777777777778
53,0.0,theta_w,35.92552394842512
53,0.0,theta_h,36.58323232323232
53,0.0,theta_l,38.05050505050505
53,0.0,tajimas_d,0.33485039628984875
53,0.05,pi,39.4259515547878
53,0.05,theta_w,36.089325905478304
53,0.05,theta_h,36.54061336279697
53,0.05,theta_l,37.983282458792395
53,0.05,tajimas_d,0.31106500243882884
53,0.1,pi,39.500700047284404
53,0.1,theta_w,35.87741285706964
53,0.1,theta_h,37.242170843895195
53,0.1,theta_l,38.3714354455898
53,0.1,tajimas_d,0.34138207431186846
53,0.2,pi,39.364576635461304
53,0.2,theta_w,36.14361843007239
53,0.2,theta_h,36.92907942954014
53,0.2,theta_l,38.14682803250072
53,0.2,tajimas_d,0.3048055713234636
53,0.3,pi,39.33767025116583
53,0.3,theta_w,36.773190421945806
53,0.3,theta_h,37.15352988424503
53,0.3,theta_l,38.24560006770543
53,0.3,tajimas_d,0.24205332811720195
53,0.4,pi,38.95503513454855
53,0.4,theta_w,36.71308262670894
53,0.4,theta_h,37.744905509744385
53,0.4,theta_l,38.34997032214646
53,0.4,tajimas_d,0.21545407206276476
53,0.5,pi,39.11169843984479
53,0.5,theta_w,35.92878290986668
53,0.5,theta_h,36.95463160965439
53,0.5,theta_l,38.03316502474959
53,0.5,tajimas_d,0.318459235562385
53,0.6,pi,39.54677383593231
53,0.6,theta_w,37.09522007289253
53,0.6,theta_h,36.75917443274677
53,0.6,theta_l,38.15297413433954
53,0.6,tajimas_d,0.24504584443487315
54,0.0,pi,35.156565656565654
54,0.0,theta_w,36.698115861294475
54,0.0,theta_h,43.247474747474755
54,0.0,theta_l,39.2020202020202
54,0.0,tajimas_d,-0.14073009376445045
54,0.05,pi,35.20855169492452
54,0.05,theta_w,36.69061091336206
54,0.05,theta_h,43.35947339977649
54,0.05,theta_l,39.28401254735051
54,0.05,tajimas_d,-0.1360075911082008
54,0.1,pi,34.955319428137734
54,0.1,theta_w,36.674130563005434
54,0.1,theta_h,43.11211511715585
54,0.1,theta_l,39.03371727264679
54,0.1,tajimas_d,-0.15853082360664195
54,0.2,pi,35.17126124895103
54,0.2,theta_w,36.11868251252155
54,0.2,theta_h,41.85696381417536
54,0.2,theta_l,38.51411253156319
54,0.2,tajimas_d,-0.08965632619617948
54,0.3,pi,35.32686312031832
54,0.3,theta_w,36.495007546813135
54,0.3,theta_h,43.55442771228887
54,0.3,theta_l,39.440645416303596
54,0.3,tajimas_d,-0.11087175461842186
54,0.4,pi,35.62810235453113
54,0.4,theta_w,36.87981360350563
54,0.4,theta_h,41.65847200934638
54,0.4,theta_l,38.64328718193875
54,0.4,tajimas_d,-0.11960482116969415
54,0.5,pi,34.79389557473815
54,0.5,theta_w,36.669309060332026
54,0.5,theta_h,42.739641953372285
54,0.5,theta_l,38.76676876405522
54,0.5,tajimas_d,-0.18427266178718635
54,0.6,pi,35.65873529035297
54,0.6,theta_w,36.91812214225453
54,0.6,theta_h,42.67100493216774
54,0.6,theta_l,39.164870111260356
54,0.6,tajimas_d,-0.1258824176108376
55,0.0,pi,38.310909090909085
55,0.0,theta_w,37.663855752381174
55,0.0,theta_h,26.8810101010101
55,0.0,theta_l,32.59595959595959
55,0.0,tajimas_d,0.05758515551823828
55,0.05,pi,38.35943152240865
55,0.05,theta_w,37.65062331479875
55,0.05,theta_h,27.13658487885736
55,0.05,theta_l,32.748008200633
55,0.05,tajimas_d,0.06339438456479221
55,0.1,pi,38.676752741273006
55,0.1,theta_w,38.267650227075016
55,0.1,theta_h,27.083071842657233
55,0.1,theta_l,32.87991229196513
55,0.1,tajimas_d,0.03620631144960802
55,0.2,pi,38.206348905243956
55,0.2,theta_w,38.34002711449128
55,0.2,theta_h,26.66271559538174
55,0.2,theta_l,32.434532250312856
55,0.2,tajimas_d,-0.01193163923901664
55,0.3,pi,38.62944182990159
55,0.3,theta_w,38.614641747639055
55,0.3,theta_h,26.862238822032225
55,0.3,theta_l,32.74584032596691
55,0.3,tajimas_d,0.0013305933294806285
55,0.4,pi,39.0855464516
55,0.4,theta_w,38.829379283871084
55,0.4,theta_h,27.372750643810146
55,0.4,theta_l,33.22914854770508
55,0.4,tajimas_d,0.023282589541124183
55,0.5,pi,38.84101084871608
55,0.5,theta_w,38.92385129577516
55,0.5,theta_h,26.971956894341844
55,0.5,theta_l,32.90648387152896
55,0.5,tajimas_d,-0.007664144575979013
55,0.6,pi,38.28648640326627
55,0.6,theta_w,39.96969918241252
55,0.6,theta_h,27.82523175440133
55,0.6,theta_l,33.05585907883379
55,0.6,tajimas_d,-0.15600500549379942
56,0.0,pi,45.61212121212122
56,0.0,theta_w,39.788483512771904
56,0.0,theta_h,49.29696969696969
56,0.0,theta_l,47.45454545454545
56,0.0,tajimas_d,0.49111557680761025
56,0.05,pi,45.5463383941038
56,0.05,theta_w,39.994790739218416
56,0.05,theta_h,48.98769855996228
56,0.05,theta_l,47.26701847703303
56,0.05,tajimas_d,0.46798639796798225
56,0.1,pi,45.51912027457303
56,0.1,theta_w,39.05920243305765
56,0.1,theta_h,49.11334245577667
56,0.1,theta_l,47.31623136517485
56,0.1,tajimas_d,0.5603802006427031
56,0.2,pi,45.53993209918259
56,0.2,theta_w,41.20356635143802
56,0.2,theta_h,49.472090590979754
56,0.2,theta_l,47.50601134508118
56,0.2,tajimas_d,0.36095337266112765
56,0.3,pi,45.590178339504305
56,0.3,theta_w,40.31305746784355
56,0.3,theta_h,49.86890209631167
56,0.3,theta_l,47.72954021790799
56,0.3,tajimas_d,0.4545475806424592
56,0.4,pi,46.010916706087706
56,0.4,theta_w,41.47553242330383
56,0.4,theta_h,49.80351479029678
56,0.4,theta_l,47.907215748192236
56,0.4,tajimas_d,0.3863483093078951
56,0.5,pi,45.75619821491574
56,0.5,theta_w,40.886779375706
56,0.5,theta_h,50.753838550904774
56,0.5,theta_l,48.255018382910265
56,0.5,tajimas_d,0.42962433885798046
56,0.6,pi,45.530856208596965
56,0.6,theta_w,40.812495785881445
56,0.6,theta_h,50.987725479900604
56,0.6,theta_l,48.25929084424878
56,0.6,tajimas_d,0.42872674713332554
57,0.0,pi,42.39656565656566
57,0.0,theta_w,51.5705101840296
57,0.0,theta_h,77.78525252525253
57,0.0,theta_l,60.09090909090909
57,0.0,tajimas_d,-0.5994317173921885
57,0.05,pi,42.412144696680556
57,0.05,theta_w,51.933344558082155
57,0.05,theta_h,77.76017764719131
57,0.05,theta_l,60.086161171935935
57,0.05,tajimas_d,-0.6211744444549459
57,0.1,pi,42.14724659170169
57,0.1,theta_w,51.47211572583611
57,0.1,theta_h,77.75239293438463
57,0.1,theta_l,59.94981976304317
57,0.1,tajimas_d,-0.6164377485185305
57,0.2,pi,42.479116084458724
57,0.2,theta_w,50.901471296717574
57,0.2,theta_h,75.64616282282452
57,0.2,theta_l,59.06263945364162
57,0.2,tajimas_d,-0.5694408913133302
57,0.3,pi,42.87838625679028
57,0.3,theta_w,52.98607635394216
57,0.3,theta_h,79.40880659822022
57,0.3,theta_l,61.14359642750526
57,0.3,tajimas_d,-0.6651906121872854
57,0.4,pi,42.61991890333365
57,0.4,theta_w,52.98945194175243
57,0.4,theta_h,73.56270445891573
57,0.4,theta_l,58.091311681124694
57,0.4,tajimas_d,-0.6927993900094344
57,0.5,pi,42.80612417723384
57,0.5,theta_w,52.48900397552625
57,0.5,theta_h,74.10126089227848
57,0.5,theta_l,58.45369253475616
57,0.5,tajimas_d,-0.6663751583283255
57,0.6,pi,43.75094718314265
57,0.6,theta_w,52.24244916152327
57,0.6,theta_h,72.79354261244653
57,0.6,theta_l,58.27224489779459
57,0.6,tajimas_d,-0.6050785088643598
58,0.0,pi,48.50969696969697
58,0.0,theta_w,42.68570318603199
58,0.0,theta_h,46.74282828282828
58,0.0,theta_l,47.62626262626263
58,0.0,tajimas_d,0.45838427912405977
58,0.05,pi,48.48759359189704
58,0.05,theta_w,42.701778110987576
58,0.05,theta_h,47.028245467423005
58,0.05,theta_l,47.75791952966002
58,0.05,tajimas_d,0.4570905210767514
58,0.1,pi,48.49001946740146
58,0.1,theta_w,43.20731364541663
58,0.1,theta_h,47.36451320323874
58,0.1,theta_l,47.9272663353201
58,0.1,tajimas_d,0.4150612385469286
58,0.2,pi,48.09170199131094
58,0.2,theta_w,43.59755484659827
58,0.2,theta_h,46.234369948845156
58,0.2,theta_l,47.16303597007805
58,0.2,tajimas_d,0.3536501134709271
58,0.3,pi,48.76882689353676
58,0.3,theta_w,43.15541758710133
58,0.3,theta_h,46.658966171360994
58,0.3,theta_l,47.71389653244887
58,0.3,tajimas_d,0.45217966806048643
58,0.4,pi,48.52152723931118
58,0.4,theta_w,42.734151210582034
58,0.4,theta_h,45.95861675016614
58,0.4,theta_l,47.24007199473866
58,0.4,tajimas_d,0.47838105501660505
58,0.5,pi,48.938397811892905
58,0.5,theta_w,45.8220498529799
58,0.5,theta_h,46.46476018442053
58,0.5,theta_l,47.701578998156705
58,0.5,tajimas_d,0.24589519181934696
58,0.6,pi,47.99290534805648
58,0.6,theta_w,44.32640321760812
58,0.6,theta_h,46.57653721090801
58,0.6,theta_l,47.284721279482234
58,0.6,tajimas_d,0.3069749259765902
59,0.0,pi,45.67656565656566
59,0.0,theta_w,44.81033094642273
59,0.0,theta_h,57.29313131313132
59,0.0,theta_l,51.48484848484847
59,0.0,tajimas_d,0.06499859543641012
59,0.05,pi,45.68556482529591
59,0.05,theta_w,45.07974979397745
59,0.05,theta_h,57.25650588676829
59,0.05,theta_l,51.4710353560321
59,0.05,tajimas_d,0.04541481936145747
59,0.1,pi,45.90176086858631
59,0.1,theta_w,44.72796901180114
59,0.1,theta_h,56.83122766193611
59,0.1,theta_l,51.36649426526121
59,0.1,tajimas_d,0.08902757269914967
59,0.2,pi,45.187535753070556
59,0.2,theta_w,43.440353469766485
59,0.2,theta_h,57.43192998294482
59,0.2,theta_l,51.309732868007686
59,0.2,tajimas_d,0.1381167643301265
59,0.3,pi,45.47471487830021
59,0.3,theta_w,44.232856405143224
59,0.3,theta_h,57.87079299288332
59,0.3,theta_l,51.67275393559177
59,0.3,tajimas_d,0.09772595985971883
59,0.4,pi,46.150810186274
59,0.4,theta_w,44.682264752734746
59,0.4,theta_h,57.51921378374019
59,0.4,theta_l,51.83501198500709
59,0.4,tajimas_d,0.11621985165762264
59,0.5,pi,45.91631241721168
59,0.5,theta_w,43.86396181851627
59,0.5,theta_h,58.882011881286495
59,0.5,theta_l,52.39916214924908
59,0.5,tajimas_d,0.16890152057583852
59,0.6,pi,45.491177218998914
59,0.6,theta_w,44.29121935565845
59,0.6,theta_h,60.15830134413842
59,0.6,theta_l,52.82473928156867
59,0.6,tajimas_d,0.10046550176937208
60,0.0,pi,29.57858585858586
60,0.0,theta_w,35.346080013773104
60,0.0,theta_h,43.35070707070707
60,0.0,theta_l,36.464646464646464
60,0.0,tajimas_d,-0.5462456210051277
60,0.05,pi,29.578081761916486
60,0.05,theta_w,35.49748734844966
60,0.05,theta_h,43.31842204532266
60,0.05,theta_l,36.44825190361958
60,0.05,tajimas_d,-0.5607606618553476
60,0.1,pi,29.305446550951565
60,0.1,theta_w,34.70792005761871
60,0.1,theta_h,43.43885347056882
60,0.1,theta_l,36.372150010760194
60,0.1,tajimas_d,-0.5260049087573992
60,0.2,pi,29.492045918205307
60,0.2,theta_w,35.495786734160184
60,0.2,theta_h,44.38750513732208
60,0.2,theta_l,36.939775527763686
60,0.2,tajimas_d,-0.577633612377217
60,0.3,pi,29.586831639936456
60,0.3,theta_w,34.50053373608553
60,0.3,theta_h,44.004961372577256
60,0.3,theta_l,36.79589650625685
60,0.3,tajimas_d,-0.49316186624456293
60,0.4,pi,29.578114427603424
60,0.4,theta_w,34.964699249061724
60,0.4,theta_h,43.510323316196924
60,0.4,theta_l,36.54421887190018
60,0.4,tajimas_d,-0.5425512038031179
60,0.5,pi,29.374240321538387
60,0.5,theta_w,34.808549255907856
60,0.5,theta_h,44.02431041875654
60,0.5,theta_l,36.69927537014746
60,0.5,tajimas_d,-0.5607978297503885
60,0.6,pi,29.008042559019316
60,0.6,theta_w,33.63555901336269
60,0.6,theta_h,42.87275061469809
60,0.6,theta_l,35.94039658685871
60,0.6,tajimas_d,-0.5069293318461451
61,0.0,pi,46.94585858585858
61,0.0,theta_w,43.84459105533603
61,0.0,theta_h,41.49858585858587
61,0.0,theta_l,44.22222222222222
61,0.0,tajimas_d,0.23774558002464155
61,0.05,pi,46.98926245199604
61,0.05,theta_w,44.287435623080924
61,0.05,theta_h,41.66541270242395
61,0.05,theta_l,44.327337577209995
61,0.05,tajimas_d,0.20605179410122268
61,0.1,pi,46.785930882453826
61,0.1,theta_w,43.2058053881251
61,0.1,theta_h,41.280913072299356
61,0.1,theta_l,44.0334219773766
61,0.1,tajimas_d,0.28128981092329775
61,0.2,pi,46.7561769248033
61,0.2,theta_w,43.02123967015983
61,0.2,theta_h,41.953675776098244
61,0.2,theta_l,44.354926350450775
61,0.2,tajimas_d,0.2979765996378997
61,0.3,pi,47.29749859694071
61,0.3,theta_w,43.564484430446015
61,0.3,theta_h,39.6387607403622
61,0.3,theta_l,43.468129668651464
61,0.3,tajimas_d,0.2978906472539033
61,0.4,pi,47.182989663548774
61,0.4,theta_w,45.499317849012115
61,0.4,theta_h,42.62596996973143
61,0.4,theta_l,44.904479816640105
61,0.4,tajimas_d,0.1309988438371647
61,0.5,pi,46.49621970424073
61,0.5,theta_w,43.10155878428275
61,0.5,theta_h,41.8069175609954
61,0.5,theta_l,44.151568632618066
61,0.5,tajimas_d,0.28509530079483236
61,0.6,pi,46.81960262583537
61,0.6,theta_w,43.74034987508422
61,0.6,theta_h,41.79346928118303
61,0.6,theta_l,44.306535953509204
61,0.6,tajimas_d,0.26053737450282977
62,0.0,pi,39.54121212121212
62,0.0,theta_w,38.43644766525053
62,0.0,theta_h,34.25676767676768
62,0.0,theta_l,36.8989898989899
62,0.0,tajimas_d,0.09638102473064558
62,0.05,pi,39.41480310422859
62,0.05,theta_w,38.81102269460147
62,0.05,theta_h,33.99811738090472
62,0.05,theta_l,36.706460242566656
62,0.05,tajimas_d,0.05240339614502855
62,0.1,pi,39.510773749996986
62,0.1,theta_w,38.27311748756079
62,0.1,theta_h,34.645056810649024
62,0.1,theta_l,37.07791528032301
62,0.1,tajimas_d,0.10953481474727862
62,0.2,pi,39.59113979790979
62,0.2,theta_w,37.72889228317867
62,0.2,theta_h,34.523463465734615
62,0.2,theta_l,37.0573016318222
62,0.2,tajimas_d,0.16883312619887833
62,0.3,pi,39.7782179959286
62,0.3,theta_w,38.612258970938576
62,0.3,theta_h,33.59855700420744
62,0.3,theta_l,36.68838750006802
62,0.3,tajimas_d,0.10482491067141145
62,0.4,pi,39.672604701953915
62,0.4,theta_w,38.79123286080207
62,0.4,theta_h,34.224054404640256
62,0.4,theta_l,36.94832955329708
62,0.4,tajimas_d,0.08010635786221719
62,0.5,pi,39.19745273112395
62,0.5,theta_w,41.64284744304374
62,0.5,theta_h,35.40014934741496
62,0.5,theta_l,37.298801039269456
62,0.5,tajimas_d,-0.21188722287021333
62,0.6,pi,39.15897100948127
62,0.6,theta_w,40.014017048629114
62,0.6,theta_h,35.02295707696882
62,0.6,theta_l,37.09096404322504
62,0.6,tajimas_d,-0.07924812815547225
63,0.0,pi,37.11656565656566
63,0.0,theta_w,44.23088701177071
63,0.0,theta_h,42.1359595959596
63,0.0,theta_l,39.62626262626262
63,0.0,tajimas_d,-0.5407055191587287
63,0.05,pi,36.97157512631583
63,0.05,theta_w,44.67908791568593
63,0.05,theta_h,42.164053069122424
63,0.05,theta_l,39.56781409771912
63,0.05,tajimas_d,-0.5827555852334229
63,0.1,pi,37.27104893814877
63,0.1,theta_w,44.785940205358
63,0.1,theta_h,42.4179431087658
63,0.1,theta_l,39.84449602345729
63,0.1,tajimas_d,-0.5699754387886551
63,0.2,pi,36.84105442561323
63,0.2,theta_w,43.63490091885181
63,0.2,theta_h,42.76372755094169
63,0.2,theta_l,39.80239098827745
63,0.2,tajimas_d,-0.5346163589824997
63,0.3,pi,36.14920900788679
63,0.3,theta_w,43.36462723208407
63,0.3,theta_h,43.258150856714444
63,0.3,theta_l,39.703679932300616
63,0.3,tajimas_d,-0.5784921565275577
63,0.4,pi,38.0567415456836
63,0.4,theta_w,44.48508463773338
63,0.4,theta_h,41.75166070643912
63,0.4,theta_l,39.904201126061366
63,0.4,tajimas_d,-0.5111539655612347
63,0.5,pi,36.692929281618014
63,0.5,theta_w,45.594786297160816
63,0.5,theta_h,42.253658742261074
63,0.5,theta_l,39.47329401193955
63,0.5,tajimas_d,-0.7057906861549571
63,0.6,pi,38.81851860151984
63,0.6,theta_w,45.05344153776083
63,0.6,theta_h,43.59449751881392
63,0.6,theta_l,41.206508060166875
63,0.6,tajimas_d,-0.5139377743184801
64,0.0,pi,35.88080808080808
64,0.0,theta_w,35.732375970207784
64,0.0,theta_h,29.169696969696968
64,0.0,theta_l,32.525252525252526
64,0.0,tajimas_d,0.013909294660404197
64,0.05,pi,36.04107097434637
64,0.05,theta_w,35.875749008966004
64,0.05,theta_h,29.21080825953151
64,0.05,theta_l,32.62593961693894
64,0.05,tajimas_d,0.015494603138366357
64,0.1,pi,35.744737747258135
64,0.1,theta_w,35.906314733167115
64,0.1,theta_h,29.040253081919055
64,0.1,theta_l,32.392495414588595
64,0.1,tajimas_d,-0.015223603240624582
64,0.2,pi,35.90520294964374
64,0.2,theta_w,35.15026075855467
64,0.2,theta_h,29.23663789410729
64,0.2,theta_l,32.57092042187551
64,0.2,tajimas_d,0.07345247471240955
64,0.3,pi,35.9190118457592
64,0.3,theta_w,36.5675354990314
64,0.3,theta_h,29.07849876108099
64,0.3,theta_l,32.4987553034201
64,0.3,tajimas_d,-0.06155313822417757
64,0.4,pi,35.687010893507214
64,0.4,theta_w,36.078751554666916
64,0.4,theta_h,29.838881886327403
64,0.4,theta_l,32.76294638991731
64,0.4,tajimas_d,-0.038239637917027974
64,0.5,pi,36.34839803064361
64,0.5,theta_w,37.241561137923824
64,0.5,theta_h,29.89534741602281
64,0.5,theta_l,33.12187272333321
64,0.5,tajimas_d,-0.08621240100320425
64,0.6,pi,36.55436740433495
64,0.6,theta_w,36.665183009097454
64,0.6,theta_h,29.552999429297145
64,0.6,theta_l,33.05368341681604
64,0.6,tajimas_d,-0.011175446986828189
65,0.0,pi,43.473333333333336
65,0.0,theta_w,39.981631490989244
65,0.0,theta_h,29.83979797979798
65,0.0,theta_l,36.656565656565654
65,0.0,tajimas_d,0.2930637466185062
65,0.05,pi,43.57646906495374
65,0.05,theta_w,40.18493036597884
65,0.05,theta_h,30.099785188241295
65,0.05,theta_l,36.83812712659752
65,0.05,tajimas_d,0.2845385835647389
65,0.1,pi,43.3391000674198
65,0.1,theta_w,39.44622497372445
65,0.1,theta_h,29.638485508533787
65,0.1,theta_l,36.4887927879768
65,0.1,tajimas_d,0.3343817359651121
65,0.2,pi,43.06961409966491
65,0.2,theta_w,39.582241438765074
65,0.2,theta_h,29.079969633146717
65,0.2,theta_l,36.07479186640581
65,0.2,tajimas_d,0.3019159184474193
65,0.3,pi,43.395264116833985
65,0.3,theta_w,39.52030978362527
65,0.3,theta_h,30.212321840955028
65,0.3,theta_l,36.803792978894506
65,0.3,tajimas_d,0.3406708205114277
65,0.4,pi,43.48989224545282
65,0.4,theta_w,39.315927817630225
65,0.4,theta_h,30.82576295291339
65,0.4,theta_l,37.15782759918311
65,0.4,tajimas_d,0.37464169033664974
65,0.5,pi,43.39712285919747
65,0.5,theta_w,39.79919710715385
65,0.5,theta_h,30.19163951095489
65,0.5,theta_l,36.794381185076176
65,0.5,tajimas_d,0.325518827515313
65,0.6,pi,43.326156700211875
65,0.6,theta_w,38.07441581555777
65,0.6,theta_h,33.142576173409296
65,0.6,theta_l,38.23436643681058
65,0.6,tajimas_d,0.5103561679962276
66,0.0,pi,25.024848484848487
66,0.0,theta_w,32.64200831873035
66,0.0,theta_h,28.490303030303036
66,0.0,theta_l,26.757575757575758
66,0.0,tajimas_d,-0.7798585086354456
66,0.05,pi,25.149019477099277
66,0.05,theta_w,32.58132686886112
66,0.05,theta_h,28.476522019364747
66,0.05,theta_l,26.81277074823201
66,0.05,tajimas_d,-0.7659122511828388
66,0.1,pi,24.97954652961676
66,0.1,theta_w,31.7841407471099
66,0.1,theta_h,28.66267627818031
66,0.1,theta_l,26.821111403898534
66,0.1,tajimas_d,-0.7220312489402063
66,0.2,pi,25.020669410312664
66,0.2,theta_w,31.47825076896182
66,0.2,theta_h,28.80393047055252
66,0.2,theta_l,26.912299940432593
66,0.2,tajimas_d,-0.6991370281282062
66,0.3,pi,25.286938611148408
66,0.3,theta_w,32.54878319733277
66,0.3,theta_h,28.789795789360337
66,0.3,theta_l,27.03836720025437
66,0.3,tajimas_d,-0.7708305504578244
66,0.4,pi,25.360751771751474
66,0.4,theta_w,31.37482593152763
66,0.4,theta_h,26.258048670956082
66,0.4,theta_l,25.809400221353783
66,0.4,tajimas_d,-0.6735505163778381
66,0.5,pi,25.081808866910162
66,0.5,theta_w,29.66010061326146
66,0.5,theta_h,26.40631103633928
66,0.5,theta_l,25.744059951624724
66,0.5,tajimas_d,-0.552270741323413
66,0.6,pi,23.588113563370253
66,0.6,theta_w,27.722063893421502
66,0.6,theta_h,27.06185056664025
66,0.6,theta_l,25.324982065005248
66,0.6,tajimas_d,-0.547911738069705
67,0.0,pi,49.54949494949494
67,0.0,theta_w,43.07199914246667
67,0.0,theta_h,47.82424242424243
67,0.0,theta_l,48.68686868686869
67,0.0,tajimas_d,0.5053246961888916
67,0.05,pi,49.57405493032809
67,0.05,theta_w,43.1278381662876
67,0.05,theta_h,47.93614380845751
67,0.05,theta_l,48.75509936939279
67,0.05,tajimas_d,0.5047332161130882
67,0.1,pi,49.26738107741198
67,0.1,theta_w,42.80234696000059
67,0.1,theta_h,48.02584972703863
67,0.1,theta_l,48.64661540222531
67,0.1,tajimas_d,0.5125581662443262
67,0.2,pi,49.718755855776216
67,0.2,theta_w,43.96418987525789
67,0.2,theta_h,48.853545122131834
67,0.2,theta_l,49.28615048895402
67,0.2,tajimas_d,0.44874816861317973
67,0.3,pi,49.814817584625416
67,0.3,theta_w,44.24533255634216
67,0.3,theta_h,48.32945996605125
67,0.3,theta_l,49.07213877533834
67,0.3,tajimas_d,0.4382812390285228
67,0.4,pi,48.68577077166362
67,0.4,theta_w,41.86361816896649
67,0.4,theta_h,47.48211053396966
67,0.4,theta_l,48.083940652816636
67,0.4,tajimas_d,0.5752874815113829
67,0.5,pi,49.10846380875421
67,0.5,theta_w,44.714589967539794
67,0.5,theta_h,46.37527020888334
67,0.5,theta_l,47.74186700881878
67,0.5,tajimas_d,0.35448120928014454
67,0.6,pi,49.519249654459266
67,0.6,theta_w,44.83924962470892
67,0.6,theta_h,50.51461443129947
67,0.6,theta_l,50.01693204287936
67,0.6,tajimas_d,0.38678718293918946
68,0.0,pi,30.424242424242426
68,0.0,theta_w,35.152932035555764
68,0.0,theta_h,22.343434343434346
68,0.0,theta_l,26.383838383838388
68,0.0,tajimas_d,-0.4502689429598675
68,0.05,pi,30.378330081990686
68,0.05,theta_w,34.916390275128975
68,0.05,theta_h,22.427091061302374
68,0.05,theta_l,26.402710571646526
68,0.05,tajimas_d,-0.4369570384443688
68,0.1,pi,30.318454935629685
68,0.1,theta_w,35.117793768931925
68,0.1,theta_h,22.371056187933398
68,0.1,theta_l,26.34475556178154
68,0.1,tajimas_d,-0.4621396884934561
68,0.2,pi,30.600269293392284
68,0.2,theta_w,34.56193361352259
68,0.2,theta_h,22.180959347751177
68,0.2,theta_l,26.39061432057173
68,0.2,tajimas_d,-0.3920734117584513
68,0.3,pi,30.892386226954038
68,0.3,theta_w,34.849962933038
68,0.3,theta_h,22.44581593960011
68,0.3,theta_l,26.669101083277077
68,0.3,tajimas_d,-0.39314525656526983
68,0.4,pi,30.189921962025103
68,0.4,theta_w,33.91299758766144
68,0.4,theta_h,22.370764618427106
68,0.4,theta_l,26.280343290226103
68,0.4,tajimas_d,-0.385953313951541
68,0.5,pi,30.35768274667498
68,0.5,theta_w,34.389413466718395
68,0.5,theta_h,22.267732703407106
68,0.5,theta_l,26.312707725041044
68,0.5,tajimas_d,-0.421352345453834
68,0.6,pi,30.66653323818879
68,0.6,theta_w,33.73404300605421
68,0.6,theta_h,22.59995850538304
68,0.6,theta_l,26.633245871785917
68,0.6,tajimas_d,-0.33603568834336855
69,0.0,pi,32.57191919191919
69,0.0,theta_w,36.11867192664246
69,0.0,theta_h,35.65030303030303
69,0.0,theta_l,34.11111111111111
69,0.0,tajimas_d,-0.3288768637227282
69,0.05,pi,32.600007314671956
69,0.05,theta_w,36.09646124692153
69,0.05,theta_h,35.7799105851308
69,0.05,theta_l,34.18995894990138
69,0.05,tajimas_d,-0.3259653809792975
69,0.1,pi,32.36384323225062
69,0.1,theta_w,36.07225523435628
69,0.1,theta_h,36.12807052508818
69,0.1,theta_l,34.2459568786694
69,0.1,tajimas_d,-0.34753158417475233
69,0.2,pi,32.44049649621918
69,0.2,theta_w,35.956902793387805
69,0.2,theta_h,33.87183675235871
69,0.2,theta_l,33.15616662428895
69,0.2,tajimas_d,-0.334596361031581
69,0.3,pi,32.816423953447675
69,0.3,theta_w,35.86560691125726
69,0.3,theta_h,35.31151141805642
69,0.3,theta_l,34.06396768575204
69,0.3,tajimas_d,-0.2943250288029688
69,0.4,pi,33.30265188723799
69,0.4,theta_w,35.37365895150552
69,0.4,theta_h,33.81846178630976
69,0.4,theta_l,33.56055683677387
69,0.4,tajimas_d,-0.20611923034304147
69,0.5,pi,32.74510785623021
69,0.5,theta_w,36.32613063282691
69,0.5,theta_h,36.213712196459284
69,0.5,theta_l,34.47941002634474
69,0.5,tajimas_d,-0.35537913264950527
69,0.6,pi,32.483427314146226
69,0.6,theta_w,34.472067310108216
69,0.6,theta_h,33.76224002000343
69,0.6,theta_l,33.12283366707483
69,0.6,tajimas_d,-0.21258770765650462
70,0.0,pi,46.812525252525255
70,0.0,theta_w,43.45829509890135
70,0.0,theta_h,54.03595959595959
70,0.0,theta_l,50.42424242424242
70,0.0,tajimas_d,0.2593848304032158
70,0.05,pi,47.01513532550925
70,0.05,theta_w,43.51411223659327
70,0.05,theta_h,54.224482263493826
70,0.05,theta_l,50.619808794501544
70,0.05,tajimas_d,0.27171003600112315
70,0.1,pi,46.38286680730451
70,0.1,theta_w,43.60526574181906
70,0.1,theta_h,48.09767937783417
70,0.1,theta_l,47.240273092569346
70,0.1,tajimas_d,0.21629379037903332
70,0.2,pi,46.21486894757576
70,0.2,theta_w,43.41834553792828
70,0.2,theta_h,54.69056635720198
70,0.2,theta_l,50.45271765238887
70,0.2,tajimas_d,0.2210683844524436
70,0.3,pi,46.71637530685383
70,0.3,theta_w,43.44048387986337
70,0.3,theta_h,48.39198442138848
70,0.3,theta_l,47.554179864121146
70,0.3,tajimas_d,0.26225316760319173
70,0.4,pi,47.16848916329626
70,0.4,theta_w,43.84015177444193
70,0.4,theta_h,50.14001465963866
70,0.4,theta_l,48.65425191146746
70,0.4,tajimas_d,0.26848411015149914
70,0.5,pi,46.50040866923418
70,0.5,theta_w,43.577231552808136
70,0.5,theta_h,51.626680702431386
70,0.5,theta_l,49.063544685832774
70,0.5,tajimas_d,0.24229192495272592
70,0.6,pi,47.12538712938563
70,0.6,theta_w,44.95799336346602
70,0.6,theta_h,49.41065224970694
70,0.6,theta_l,48.26801968954629
70,0.6,tajimas_d,0.17865586143074985
71,0.0,pi,33.392929292929296
71,0.0,theta_w,37.663855752381174
71,0.0,theta_h,30.667676767676763
71,0.0,theta_l,32.03030303030303
71,0.0,tajimas_d,-0.38009534876062817
71,0.05,pi,33.2309627979566
71,0.05,theta_w,37.26764314225136
71,0.05,theta_h,30.445567368483584
71,0.05,theta_l,31.838265083220097
71,0.05,tajimas_d,-0.364738968116612
71,0.1,pi,33.04435422184203
71,0.1,theta_w,37.659863029255156
71,0.1,theta_h,30.609822568425535
71,0.1,theta_l,31.82708839513378
71,0.1,tajimas_d,-0.41477277396575674
71,0.2,pi,33.24252988965617
71,0.2,theta_w,38.19805410073
71,0.2,theta_h,30.29392698774928
71,0.2,theta_l,31.76822843870272
71,0.2,tajimas_d,-0.4440392504831221
71,0.3,pi,33.39939896310851
71,0.3,theta_w,36.788168997632695
71,0.3,theta_h,31.681836210662212
71,0.3,theta_l,32.54061758688536
71,0.3,tajimas_d,-0.31938489565170536
71,0.4,pi,33.517089587536525
71,0.4,theta_w,38.20473647026646
71,0.4,theta_h,29.85957875269242
71,0.4,theta_l,31.688334170114466
71,0.4,tajimas_d,-0.43234928533914785
71,0.5,pi,32.34230360918978
71,0.5,theta_w,37.667505031336
71,0.5,theta_h,31.403881514394527
71,0.5,theta_l,31.873092561792152
71,0.5,tajimas_d,-0.5099433576443476
71,0.6,pi,32.98667336500596
71,0.6,theta_w,36.8991200204987
71,0.6,theta_h,31.20869014207703
71,0.6,theta_l,32.097681753541494
71,0.6,tajimas_d,-0.39209230633074804
72,0.0,pi,38.779595959595966
72,0.0,theta_w,45.58292285929208
72,0.0,theta_h,69.15979797979799
72,0.0,theta_l,53.969696969696976
72,0.0,tajimas_d,-0.5019804789540147
72,0.05,pi,38.819756806722886
72,0.05,theta_w,45.64612414208855
72,0.05,theta_h,69.2110643893287
72,0.05,theta_l,54.015410598025795
72,0.05,tajimas_d,-0.5052823787906671
72,0.1,pi,38.61943772526607
72,0.1,theta_w,45.16246399167684
72,0.1,theta_h,69.5896982404226
72,0.1,theta_l,54.10456798284434
72,0.1,tajimas_d,-0.4919993745725156
72,0.2,pi,38.45927296459239
72,0.2,theta_w,45.81222253094368
72,0.2,theta_h,70.52776521982706
72,0.2,theta_l,54.49351909220971
72,0.2,tajimas_d,-0.5510190932081823
72,0.3,pi,39.196546945046975
72,0.3,theta_w,46.47939268985225
72,0.3,theta_h,69.66350728580872
72,0.3,theta_l,54.43002711542786
72,0.3,tajimas_d,-0.545403351360533
72,0.4,pi,39.47476061206853
72,0.4,theta_w,45.496611055489744
72,0.4,theta_h,69.64396876820419
72,0.4,theta_l,54.55936469013636
72,0.4,tajimas_d,-0.46853278592514025
72,0.5,pi,36.93233647011918
72,0.5,theta_w,44.88300096507757
72,0.5,theta_h,67.57583032723434
72,0.5,theta_l,52.254083398676755
72,0.5,tajimas_d,-0.6396368888998286
72,0.6,pi,37.96817410812075
72,0.6,theta_w,44.83923341584245
72,0.6,theta_h,68.67767894255928
72,0.6,theta_l,53.322926525340016
72,0.6,tajimas_d,-0.5678712941340612
73,0.0,pi,47.20747474747474
73,0.0,theta_w,39.788483512771904
73,0.0,theta_h,51.31777777777778
73,0.0,theta_l,49.26262626262627
73,0.0,tajimas_d,0.6256539894246501
73,0.05,pi,47.14538290957105
73,0.05,theta_w,40.19258419665591
73,0.05,theta_h,51.34687018504642
73,0.05,theta_l,49.246126547308734
73,0.05,tajimas_d,0.5833162093009795
73,0.1,pi,47.18935907175415
73,0.1,theta_w,39.438030813699676
73,0.1,theta_h,51.43258645481991
73,0.1,theta_l,49.31097276328703
73,0.1,tajimas_d,0.6658067717511306
73,0.2,pi,47.53037209084918
73,0.2,theta_w,40.01521641583458
73,0.2,theta_h,51.51080068664547
73,0.2,theta_l,49.52058638874732
73,0.2,tajimas_d,0.6441644362736716
73,0.3,pi,47.31994016927042
73,0.3,theta_w,40.68749126814369
73,0.3,theta_h,51.85238313837425
73,0.3,theta_l,49.58616165382234
73,0.3,tajimas_d,0.56640005325986
73,0.4,pi,47.05947476620416
73,0.4,theta_w,40.99443903543626
73,0.4,theta_h,52.02650703556709
73,0.4,theta_l,49.54299090088562
73,0.4,tajimas_d,0.5228785531260125
73,0.5,pi,47.46074307240884
73,0.5,theta_w,41.95723330241685
73,0.5,theta_h,52.383217485507984
73,0.5,theta_l,49.921980278958415
73,0.5,tajimas_d,0.47286972095788116
73,0.6,pi,47.68212299794097
73,0.6,theta_w,42.39465121673886
73,0.6,theta_h,51.99068613404025
73,0.6,theta_l,49.83640456599061
73,0.6,tajimas_d,0.4632692568870143
74,0.0,pi,34.640202020202025
74,0.0,theta_w,41.33366733851062
74,0.0,theta_h,38.834545454545456
74,0.0,theta_l,36.73737373737374
74,0.0,tajimas_d,-0.543742847878501
74,0.05,pi,34.59103534477592
74,0.05,theta_w,41.3637360789795
74,0.05,theta_h,39.04258052530506
74,0.05,theta_l,36.81680793504049
74,0.05,tajimas_d,-0.5524101631463832
74,0.1,pi,34.55631193182647
74,0.1,theta_w,41.6182700611944
74,0.1,theta_h,38.77941248120503
74,0.1,theta_l,36.66786220651575
74,0.1,tajimas_d,-0.5755244651336009
74,0.2,pi,34.3362902652302
74,0.2,theta_w,40.33638567030137
74,0.2,theta_h,39.526600063457295
74,0.2,theta_l,36.93144516434374
74,0.2,tajimas_d,-0.5092496816464042
74,0.3,pi,34.92648230950684
74,0.3,theta_w,41.652254004391594
74,0.3,theta_h,38.80804571779458
74,0.3,theta_l,36.86726401365071
74,0.3,tajimas_d,-0.5622472651552143
74,0.4,pi,34.70355451993589
74,0.4,theta_w,39.50140577641865
74,0.4,theta_h,39.01465844161701
74,0.4,theta_l,36.85910648077645
74,0.4,tajimas_d,-0.42908598022840405
74,0.5,pi,35.07917460982065
74,0.5,theta_w,41.22895366114955
74,0.5,theta_h,38.83784597786563
74,0.5,theta_l,36.95851029384313
74,0.5,tajimas_d,-0.5385571933526517
74,0.6,pi,34.56660154768811
74,0.6,theta_w,39.46001553653014
74,0.6,theta_h,38.7992299765487
74,0.6,theta_l,36.682915762118405
74,0.6,tajimas_d,-0.458842317974895
75,0.0,pi,44.3131313131313
75,0.0,theta_w,38.822743621685206
75,0.0,theta_h,31.4040404040404
75,0.0,theta_l,37.85858585858586
75,0.0,tajimas_d,0.47431222163639947
75,0.05,pi,44.254082934596795
75,0.05,theta_w,39.029602794424385
75,0.05,theta_h,31.432562374125304
75,0.05,theta_l,37.84332265436105
75,0.05,tajimas_d,0.4512191049427499
75,0.1,pi,44.25005840478789
75,0.1,theta_w,38.46500889592807
75,0.1,theta_h,31.59550535455808
75,0.1,theta_l,37.922781879672996
75,0.1,tajimas_d,0.509411496518539
75,0.2,pi,44.58786493812664
75,0.2,theta_w,38.9669808989377
75,0.2,theta_h,31.72054812029079
75,0.2,theta_l,38.15420652920872
75,0.2,tajimas_d,0.4940462856000139
75,0.3,pi,44.17308229368144
75,0.3,theta_w,39.220321492846864
75,0.3,theta_h,32.353766736854546
75,0.3,theta_l,38.26342451526799
75,0.3,tajimas_d,0.43833644288821094
75,0.4,pi,44.8082622415578
75,0.4,theta_w,39.18515346171827
75,0.4,theta_h,31.561021467472642
75,0.4,theta_l,38.18464185451521
75,0.4,tajimas_d,0.505589716687951
75,0.5,pi,43.20087752878801
75,0.5,theta_w,40.72655621322357
75,0.5,theta_h,32.730155510579564
75,0.5,theta_l,37.965516519683796
75,0.5,tajimas_d,0.21902543345533246
75,0.6,pi,44.104563968591556
75,0.6,theta_w,40.9762874871792
75,0.6,theta_h,32.69929926763388
75,0.6,theta_l,38.40193161811272
75,0.6,tajimas_d,0.28263939274591793
76,0.0,pi,30.24282828282828
76,0.0,theta_w,39.015891599902545
76,0.0,theta_h,60.10060606060607
76,0.0,theta_l,45.17171717171718
76,0.0,tajimas_d,-0.7542197018702618
76,0.05,pi,30.113253215986983
76,0.05,theta_w,38.61810161237671
76,0.05,theta_h,60.15812309060453
76,0.05,theta_l,45.13568815329576
76,0.05,tajimas_d,-0.7418115185940496
76,0.1,pi,30.26593661660107
76,0.1,theta_w,38.83446999669446
76,0.1,theta_h,60.308316821300835
76,0.1,theta_l,45.28712671895096
76,0.1,tajimas_d,-0.7469991208434943
76,0.2,pi,30.353806154968783
76,0.2,theta_w,38.78823791906698
76,0.2,theta_h,60.39588660146715
76,0.2,theta_l,45.37484637821797
76,0.2,tajimas_d,-0.7451315404269634
76,0.3,pi,29.896004573810107
76,0.3,theta_w,39.49062809120948
76,0.3,theta_h,57.74712004679023
76,0.3,theta_l,43.821562310300166
76,0.3,tajimas_d,-0.8435217515103116
76,0.4,pi,30.89603181328569
76,0.4,theta_w,39.33845644386554
76,0.4,theta_h,60.048080362232426
76,0.4,theta_l,45.47205608775906
76,0.4,tajimas_d,-0.7577650190445349
76,0.5,pi,30.079143576486718
76,0.5,theta_w,38.2305985347221
76,0.5,theta_h,58.32136348965191
76,0.5,theta_l,44.20025353306931
76,0.5,tajimas_d,-0.7671393081392375
76,0.6,pi,28.86565829332296
76,0.6,theta_w,35.8260072356927
76,0.6,theta_h,55.124050654159134
76,0.6,theta_l,41.994854473741036
76,0.6,tajimas_d,-0.7181810581453774
77,0.0,pi,26.76
77,0.0,theta_w,32.83515629694769
77,0.0,theta_h,17.765252525252528
77,0.0,theta_l,22.262626262626263
77,0.0,tajimas_d,-0.6184078333829951
77,0.05,pi,26.767627630179618
77,0.05,theta_w,32.77065550843993
77,0.05,theta_h,17.686042413135862
77,0.05,theta_l,22.226835021657738
77,0.05,tajimas_d,-0.6150218003935556
77,0.1,pi,27.003418105247604
77,0.1,theta_w,32.7307992159141
77,0.1,theta_h,17.75878642185072
77,0.1,theta_l,22.38110226354916
77,0.1,tajimas_d,-0.5904886540027926
77,0.2,pi,26.685517201295276
77,0.2,theta_w,31.922178313624684
77,0.2,theta_h,18.127294781985846
77,0.2,theta_l,22.40640599164056
77,0.2,tajimas_d,-0.5599375041457515
77,0.3,pi,26.6887303341049
77,0.3,theta_w,31.5789520024664
77,0.3,theta_h,17.71788088624213
77,0.3,theta_l,22.203305610173516
77,0.3,tajimas_d,-0.5357782534252858
77,0.4,pi,26.035186258692722
77,0.4,theta_w,31.084986793175236
77,0.4,theta_h,18.26567172711809
77,0.4,theta_l,22.150428992905407
77,0.4,tajimas_d,-0.5703454700377363
77,0.5,pi,27.220293308601914
77,0.5,theta_w,32.09302398653344
77,0.5,theta_h,18.790057653606564
77,0.5,theta_l,23.005175481104235
77,0.5,tajimas_d,-0.5438498066355171
77,0.6,pi,26.168272221259738
77,0.6,theta_w,31.44262082825623
77,0.6,theta_h,19.159749914148485
77,0.6,theta_l,22.664011067704116
77,0.6,tajimas_d,-0.6203052714328229
78,0.0,pi,42.47919191919191
78,0.0,theta_w,38.822743621685206
78,0.0,theta_h,34.16727272727273
78,0.0,theta_l,38.32323232323232
78,0.0,tajimas_d,0.31587898938194026
78,0.05,pi,42.529513795448054
78,0.05,theta_w,39.21655089370864
78,0.05,theta_h,34.1560227760332
78,0.05,theta_l,38.34276828574063
78,0.05,tajimas_d,0.28473142993221456
78,0.1,pi,42.46341004028045
78,0.1,theta_w,37.46748745885499
78,0.1,theta_h,34.38420814630889
78,0.1,theta_l,38.42380909329467
78,0.1,tajimas_d,0.451275701307744
78,0.2,pi,42.73346310628917
78,0.2,theta_w,38.56611704401125
78,0.2,theta_h,34.805418287620014
78,0.2,theta_l,38.7694406969546
78,0.2,tajimas_d,0.37005147460652976
78,0.3,pi,42.9443244067384
78,0.3,theta_w,38.60823730348981
78,0.3,theta_h,34.49287283706445
78,0.3,theta_l,38.71859862190143
78,0.3,tajimas_d,0.389833547765868
78,0.4,pi,42.9881482316834
78,0.4,theta_w,38.19979309808195
78,0.4,theta_h,33.948423363252125
78,0.4,theta_l,38.468285797467765
78,0.4,tajimas_d,0.44240445911115994
78,0.5,pi,42.63527272231665
78,0.5,theta_w,36.68177750718032
78,0.5,theta_h,35.546017393678156
78,0.5,theta_l,39.090645057997406
78,0.5,tajimas_d,0.5837525806397976
78,0.6,pi,43.289082942731035
78,0.6,theta_w,37.149182777474664
78,0.6,theta_h,36.03479638067733
78,0.6,theta_l,39.66193966170418
78,0.6,tajimas_d,0.6137156946847873
79,0.0,pi,40.859797979797975
79,0.0,theta_w,40.7542234038586
79,0.0,theta_h,57.16040404040404
79,0.0,theta_l,49.01010101010102
79,0.0,tajimas_d,0.008696077858046046
79,0.05,pi,40.765877853923534
79,0.05,theta_w,41.1573085280381
79,0.05,theta_h,57.37640177281792
79,0.05,theta_l,49.07113981337073
79,0.05,tajimas_d,-0.032075362030516745
79,0.1,pi,40.87369684354248
79,0.1,theta_w,41.23590395648049
79,0.1,theta_h,56.86159089775013
79,0.1,theta_l,48.86764387064631
79,0.1,tajimas_d,-0.029796059333317138
79,0.2,pi,40.83337138135191
79,0.2,theta_w,40.350513567598114
79,0.2,theta_h,57.881294819675304
79,0.2,theta_l,49.35733310051361
79,0.2,tajimas_d,0.04098187967590869
79,0.3,pi,40.94018313583785
79,0.3,theta_w,40.031517630609066
79,0.3,theta_h,53.777776511544225
79,0.3,theta_l,47.35897982369103
79,0.3,tajimas_d,0.07878312177617992
79,0.4,pi,40.19454067640995
79,0.4,theta_w,39.95431120757307
79,0.4,theta_h,58.72193027612328
79,0.4,theta_l,49.458235476266616
79,0.4,tajimas_d,0.021257511351783442
79,0.5,pi,40.68852457402008
79,0.5,theta_w,39.950601659864034
79,0.5,theta_h,55.90458330059017
79,0.5,theta_l,48.29655393730512
79,0.5,tajimas_d,0.06653583325751396
79,0.6,pi,41.53301411638207
79,0.6,theta_w,40.03594994585247
79,0.6,theta_h,56.62187834971693
79,0.6,theta_l,49.0774462330495
79,0.6,tajimas_d,0.13838865271599954
80,0.0,pi,34.516969696969696
80,0.0,theta_w,32.255712362295675
80,0.0,theta_h,31.523434343434346
80,0.0,theta_l,33.02020202020202
80,0.0,tajimas_d,0.2342216156834862
80,0.05,pi,34.54475874568714
80,0.05,theta_w,32.39173260003741
80,0.05,theta_h,31.522887047213413
80,0.05,theta_l,33.03382289645028
80,0.05,tajimas_d,0.22317973311690678
80,0.1,pi,34.688215139970396
80,0.1,theta_w,32.32573672561977
80,0.1,theta_h,31.84799857238797
80,0.1,theta_l,33.26810685617919
80,0.1,tajimas_d,0.2464736503008438
80,0.2,pi,34.44577992166744
80,0.2,theta_w,31.302774038944193
80,0.2,theta_h,32.250991909272734
80,0.2,theta_l,33.34838591547009
80,0.2,tajimas_d,0.3424260127853999
80,0.3,pi,34.78127097608497
80,0.3,theta_w,30.870806792848974
80,0.3,theta_h,31.933315114089005
80,0.3,theta_l,33.35729304508699
80,0.3,tajimas_d,0.43686320341197815
80,0.4,pi,34.99035474302409
80,0.4,theta_w,31.507498839629747
80,0.4,theta_h,32.473521984287814
80,0.4,theta_l,33.731938363655956
80,0.4,tajimas_d,0.3881352559692232
80,0.5,pi,34.52344880378613
80,0.5,theta_w,30.640829608822536
80,0.5,theta_h,31.320404868846502
80,0.5,theta_l,32.92192683631632
80,0.5,tajimas_d,0.45404756445040173
80,0.6,pi,34.85927431468288
80,0.6,theta_w,32.14560712674909
80,0.6,theta_h,32.14753209196661
80,0.6,theta_l,33.503403203324744
80,0.6,tajimas_d,0.3108263887255326
81,0.0,pi,37.522222222222226
81,0.0,theta_w,35.92552394842512
81,0.0,theta_h,35.95252525252525
81,0.0,theta_l,36.73737373737374
81,0.0,tajimas_d,0.14883554312547695
81,0.05,pi,37.38856884991723
81,0.05,theta_w,35.70830201486073
81,0.05,theta_h,35.657384327441385
81,0.05,theta_l,36.522976588679306
81,0.05,tajimas_d,0.1583239804832001
81,0.1,pi,37.48510367228614
81,0.1,theta_w,35.287761312829005
81,0.1,theta_h,35.984346755348774
81,0.1,theta_l,36.734725213817455
81,0.1,tajimas_d,0.21042955462848825
81,0.2,pi,37.80032017082949
81,0.2,theta_w,35.90771362874414
81,0.2,theta_h,35.965251658659284
81,0.2,theta_l,36.88278591474439
81,0.2,tajimas_d,0.18008705716293794
81,0.3,pi,38.18256593507743
81,0.3,theta_w,36.142796807466546
81,0.3,theta_h,36.37297018344694
81,0.3,theta_l,37.277768059262186
81,0.3,tajimas_d,0.19578130143549966
81,0.4,pi,37.762228459914844
81,0.4,theta_w,36.47521641296643
81,0.4,theta_h,37.647098140659956
81,0.4,theta_l,37.7046633002874
81,0.4,tajimas_d,0.12439673152785626
81,0.5,pi,38.09141629114004
81,0.5,theta_w,35.30962679661045
81,0.5,theta_h,37.08963013892042
81,0.5,theta_l,37.59052321503024
81,0.5,tajimas_d,0.2835064702881187
81,0.6,pi,37.35306374938961
81,0.6,theta_w,35.965994483836994
81,0.6,theta_h,35.4199369605558
81,0.6,theta_l,36.38650035497271
81,0.6,tajimas_d,0.14257339294703067
82,0.0,pi,48.979191919191926
82,0.0,theta_w,44.61718296820539
82,0.0,theta_h,50.91979797979797
82,0.0,theta_l,49.949494949494955
82,0.0,tajimas_d,0.3287002417973655
82,0.05,pi,48.68412624265444
82,0.05,theta_w,44.87623851032034
82,0.05,theta_h,51.425981823776695
82,0.05,theta_l,50.05505403321556
82,0.05,tajimas_d,0.2866784392834482
82,0.1,pi,49.01681177235446
82,0.1,theta_w,44.758260289154556
82,0.1,theta_h,51.02789055771096
82,0.1,theta_l,50.02235116503271
82,0.1,tajimas_d,0.322994660060111
82,0.2,pi,49.122192855700504
82,0.2,theta_w,44.251813298002155
82,0.2,theta_h,50.85460026269006
82,0.2,theta_l,49.98839655919528
82,0.2,tajimas_d,0.37809246883073677
82,0.3,pi,49.2712084565607
82,0.3,theta_w,44.439677059855995
82,0.3,theta_h,50.51127035300822
82,0.3,theta_l,49.89123940478446
82,0.3,tajimas_d,0.37846131757947926
82,0.4,pi,49.302840328535204
82,0.4,theta_w,44.26430260001919
82,0.4,theta_h,49.200913194367246
82,0.4,theta_l,49.251876761451214
82,0.4,tajimas_d,0.40255643808000596
82,0.5,pi,49.61897655941113
82,0.5,theta_w,44.36852332563488
82,0.5,theta_h,49.701935976157934
82,0.5,theta_l,49.66045626778452
82,0.5,tajimas_d,0.42779838711423945
82,0.6,pi,48.406573122900376
82,0.6,theta_w,43.55041151289855
82,0.6,theta_h,50.101182227354435
82,0.6,theta_l,49.25387767512741
82,0.6,tajimas_d,0.4130692699760197
83,0.0,pi,28.996565656565657
83,0.0,theta_w,34.959784057338425
83,0.0,theta_h,46.457979797979796
83,0.0,theta_l,37.727272727272734
83,0.0,tajimas_d,-0.570893183172556
83,0.05,pi,29.15849079917239
83,0.05,theta_w,35.1170754882315
83,0.05,theta_h,46.573532043176826
83,0.05,theta_l,37.866011421174605
83,0.05,tajimas_d,-0.570614024390212
83,0.1,pi,28.648064411986137
83,0.1,theta_w,34.694428191982524
83,0.1,theta_h,46.90438056681404
83,0.1,theta_l,37.776222489400084
83,0.1,tajimas_d,-0.5886964599615565
83,0.2,pi,28.79694949860357
83,0.2,theta_w,34.746647242251605
83,0.2,theta_h,46.70258630642601
83,0.2,theta_l,37.74976790251479
83,0.2,tajimas_d,-0.5854703809852416
83,0.3,pi,28.327958030897587
83,0.3,theta_w,34.853427253052935
83,0.3,theta_h,47.0893131743837
83,0.3,theta_l,37.70863560264065
83,0.3,tajimas_d,-0.6482394308641375
83,0.4,pi,28.782912831439283
83,0.4,theta_w,35.68619117976533
83,0.4,theta_h,47.72300534746317
83,0.4,theta_l,38.25295908945123
83,0.4,tajimas_d,-0.6818202066141344
83,0.5,pi,29.636410635181736
83,0.5,theta_w,36.272815928065796
83,0.5,theta_h,46.8408420556126
83,0.5,theta_l,38.238626345397165
83,0.5,tajimas_d,-0.658593955980676
83,0.6,pi,28.714393331582222
83,0.6,theta_w,37.482441408150535
83,0.6,theta_h,45.770768459225714
83,0.6,theta_l,37.242580895403975
83,0.6,tajimas_d,-0.8655865725757708
84,0.0,pi,24.170909090909092
84,0.0,theta_w,28.972196732600906
84,0.0,theta_h,23.425050505050507
84,0.0,theta_l,23.7979797979798
84,0.0,tajimas_d,-0.5522709441369229
84,0.05,pi,24.283657690327765
84,0.05,theta_w,28.680239818843056
84,0.05,theta_h,23.4547038785919
84,0.05,theta_l,23.869180784459836
84,0.05,tajimas_d,-0.5131650679136364
84,0.1,pi,24.244527475781524
84,0.1,theta_w,29.379687966966184
84,0.1,theta_h,23.60732024685537
84,0.1,theta_l,23.925923861318445
84,0.1,tajimas_d,-0.5883537630716744
84,0.2,pi,24.155468309543867
84,0.2,theta_w,28.837384474667306
84,0.2,theta_h,21.207074897494156
84,0.2,theta_l,22.68127160351901
84,0.2,tajimas_d,-0.5518332427604921
84,0.3,pi,24.395454254041923
84,0.3,theta_w,29.26908922287538
84,0.3,theta_h,24.210251090610516
84,0.3,theta_l,24.302852672326217
84,0.3,tajimas_d,-0.5746095451555193
84,0.4,pi,24.13841109982665
84,0.4,theta_w,28.90368470082572
84,0.4,theta_h,23.218548916362487
84,0.4,theta_l,23.678480008094574
84,0.4,tajimas_d,-0.5771150059648814
84,0.5,pi,23.940694497226353
84,0.5,theta_w,29.274939627251477
84,0.5,theta_h,22.925572334844162
84,0.5,theta_l,23.43313341603526
84,0.5,tajimas_d,-0.6530531798955106
84,0.6,pi,24.81853160961607
84,0.6,theta_w,29.94955416164138
84,0.6,theta_h,21.96852738994427
84,0.6,theta_l,23.39352949978017
84,0.6,tajimas_d,-0.6296952328371465
85,0.0,pi,51.00565656565657
85,0.0,theta_w,42.87885116424933
85,0.0,theta_h,43.33777777777778
85,0.0,theta_l,47.17171717171718
85,0.0,tajimas_d,0.6367980144044534
85,0.05,pi,51.02344916516595
85,0.05,theta_w,43.33220753836828
85,0.05,theta_h,43.44423501268618
85,0.05,theta_l,47.23384208892606
85,0.05,tajimas_d,0.5995508721789327
85,0.1,pi,50.74086409711648
85,0.1,theta_w,42.80763666156656
85,0.1,theta_h,42.97199982641089
85,0.1,theta_l,46.85643196176368
85,0.1,tajimas_d,0.6289588628486266
85,0.2,pi,50.56804062212365
85,0.2,theta_w,44.00648021635456
85,0.2,theta_h,43.79499304446916
85,0.2,theta_l,47.181516833296406
85,0.2,tajimas_d,0.5116785914527671
85,0.3,pi,51.305611861750194
85,0.3,theta_w,43.44400438102686
85,0.3,theta_h,44.22807742889799
85,0.3,theta_l,47.76684464532409
85,0.3,tajimas_d,0.6293650171937308
85,0.4,pi,51.58293538616444
85,0.4,theta_w,43.00024410694882
85,0.4,theta_h,43.8736950370034
85,0.4,theta_l,47.728315211583926
85,0.4,tajimas_d,0.7059513100748892
85,0.5,pi,50.909227093577144
85,0.5,theta_w,43.184859933612124
85,0.5,theta_h,45.5502618897155
85,0.5,theta_l,48.229744491646315
85,0.5,tajimas_d,0.6454116970899056
85,0.6,pi,50.1257836955104
85,0.6,theta_w,44.778215332883136
85,0.6,theta_h,41.670431987248534
85,0.6,theta_l,45.89810784137947
85,0.6,tajimas_d,0.4430790866665181
86,0.0,pi,42.629898989899
86,0.0,theta_w,44.81033094642273
86,0.0,theta_h,48.56202020202021
86,0.0,theta_l,45.5959595959596
86,0.0,tajimas_d,-0.16361040830991655
86,0.05,pi,42.619689082762534
86,0.05,theta_w,44.47836654245014
86,0.05,theta_h,48.45426789194844
86,0.05,theta_l,45.53697848735548
86,0.05,tajimas_d,-0.14113851095312657
86,0.1,pi,42.50791116593546
86,0.1,theta_w,43.78939492483976
86,0.1,theta_h,48.36463011999472
86,0.1,theta_l,45.436270642965084
86,0.1,tajimas_d,-0.09934807104011968
86,0.2,pi,42.29600790894401
86,0.2,theta_w,44.81532878259922
86,0.2,theta_h,46.868589179547556
86,0.2,theta_l,44.58229854424579
86,0.2,tajimas_d,-0.19297732351876293
86,0.3,pi,43.176009685096076
86,0.3,theta_w,45.48485596455756
86,0.3,theta_h,48.68482886901157
86,0.3,theta_l,45.930419277053815
86,0.3,tajimas_d,-0.1767917608193314
86,0.4,pi,42.96492566533193
86,0.4,theta_w,45.141730173584435
86,0.4,theta_h,48.04016855905138
86,0.4,theta_l,45.50254711219166
86,0.4,tajimas_d,-0.1701573394695741
86,0.5,pi,42.399004567713845
86,0.5,theta_w,43.00228843772139
86,0.5,theta_h,46.687420879029006
86,0.5,theta_l,44.543212723371425
86,0.5,tajimas_d,-0.050665854540370564
86,0.6,pi,42.88751984554376
86,0.6,theta_w,43.558439647272714
86,0.6,theta_h,46.809093238311696
86,0.6,theta_l,44.84830654192773
86,0.6,tajimas_d,-0.05706901354803382
87,0.0,pi,29.18707070707071
87,0.0,theta_w,34.959784057338425
87,0.0,theta_h,29.035151515151515
87,0.0,theta_l,29.111111111111107
87,0.0,tajimas_d,-0.5526550393743708
87,0.05,pi,29.159024233423086
87,0.05,theta_w,34.92083428168509
87,0.05,theta_h,29.272372332481996
87,0.05,theta_l,29.215698282952545
87,0.05,tajimas_d,-0.5547884663527312
87,0.1,pi,29.361383993867697
87,0.1,theta_w,35.52364350496435
87,0.1,theta_h,29.2980272101312
87,0.1,theta_l,29.329705601999446
87,0.1,tajimas_d,-0.5869203302498804
87,0.2,pi,29.084170394428522
87,0.2,theta_w,34.32823909164574
87,0.2,theta_h,29.247204196804987
87,0.2,theta_l,29.16568729561675
87,0.2,tajimas_d,-0.5219777947737475
87,0.3,pi,29.58081571857465
87,0.3,theta_w,34.21506021351706
87,0.3,theta_h,29.135550881322327
87,0.3,theta_l,29.35818329994849
87,0.3,tajimas_d,-0.46856145852339537
87,0.4,pi,28.414648305148127
87,0.4,theta_w,35.407306199017064
87,0.4,theta_h,27.636211236021598
87,0.4,theta_l,28.025429770584864
87,0.4,tajimas_d,-0.6959518815771039
87,0.5,pi,28.53767564082758
87,0.5,theta_w,33.11615754911991
87,0.5,theta_h,29.860046913888198
87,0.5,theta_l,29.19886127735789
87,0.5,tajimas_d,-0.4942162535275942
87,0.6,pi,29.214779453624967
87,0.6,theta_w,34.84883296082702
87,0.6,theta_h,27.784365668982783
87,0.6,theta_l,28.499572561303875
87,0.6,tajimas_d,-0.5967414054880509
88,0.0,pi,34.16868686868687
88,0.0,theta_w,35.152932035555764
88,0.0,theta_h,29.689898989898985
88,0.0,theta_l,31.929292929292927
88,0.0,tajimas_d,-0.09372047381564745
88,0.05,pi,34.19237522306484
88,0.05,theta_w,35.10847681312233
88,0.05,theta_h,29.61622219217889
88,0.05,theta_l,31.904298707621866
88,0.05,tajimas_d,-0.08772895617524874
88,0.1,pi,34.453704376571466
88,0.1,theta_w,34.725741716875774
88,0.1,theta_h,29.71658499208167
88,0.1,theta_l,32.08514468432657
88,0.1,tajimas_d,-0.026486566975068657
88,0.2,pi,34.64455754623542
88,0.2,theta_w,35.17599690188147
88,0.2,theta_h,30.123353843067235
88,0.2,theta_l,32.38395569465133
88,0.2,tajimas_d,-0.05164075270887123
88,0.3,pi,33.954931721384
88,0.3,theta_w,35.07814604223297
88,0.3,theta_h,27.252514196291813
88,0.3,theta_l,30.603722958837906
88,0.3,tajimas_d,-0.11093318084798394
88,0.4,pi,34.39682006040419
88,0.4,theta_w,34.87391881840078
88,0.4,theta_h,30.10626373758308
88,0.4,theta_l,32.251541898993636
88,0.4,tajimas_d,-0.0482619417643986
88,0.5,pi,34.96607003976109
88,0.5,theta_w,36.036983006704645
88,0.5,theta_h,30.315598958303546
88,0.5,theta_l,32.64083449903232
88,0.5,tajimas_d,-0.1069244032638836
88,0.6,pi,33.899904223114596
88,0.6,theta_w,34.625415982926434
88,0.6,theta_h,30.741926613867015
88,0.6,theta_l,32.320915418490806
88,0.6,tajimas_d,-0.07735658893200822
89,0.0,pi,36.403232323232324
89,0.0,theta_w,39.402187556337225
89,0.0,theta_h,21.495757575757576
89,0.0,theta_l,28.949494949494948
89,0.0,tajimas_d,-0.25533941439217905
89,0.05,pi,36.49386942834581
89,0.05,theta_w,39.599422781638495
89,0.05,theta_h,21.695545352571756
89,0.05,theta_l,29.09470739045878
89,0.05,tajimas_d,-0.2643246574504343
89,0.1,pi,36.318178904202625
89,0.1,theta_w,39.025555272786185
89,0.1,theta_h,21.40135393143946
89,0.1,theta_l,28.85976641782104
89,0.1,tajimas_d,-0.23485749352599672
89,0.2,pi,36.7866598085689
89,0.2,theta_w,40.18936753091778
89,0.2,theta_h,22.395337338776486
89,0.2,theta_l,29.590998573672692
89,0.2,tajimas_d,-0.29022514966151275
89,0.3,pi,36.933150900948085
89,0.3,theta_w,39.20889136787446
89,0.3,theta_h,22.31281845010417
89,0.3,theta_l,29.622984675526126
89,0.3,tajimas_d,-0.20141089411004257
89,0.4,pi,36.39045841587422
89,0.4,theta_w,36.913798434358036
89,0.4,theta_h,22.061156609269904
89,0.4,theta_l,29.22580751257206
89,0.4,tajimas_d,-0.0500067322818924
89,0.5,pi,36.56768713512488
89,0.5,theta_w,37.939053997397764
89,0.5,theta_h,21.845438186469064
89,0.5,theta_l,29.20656266079697
89,0.5,tajimas_d,-0.13007767322182376
89,0.6,pi,36.603282969502025
89,0.6,theta_w,37.33628241275693
89,0.6,theta_h,21.763670809961095
89,0.6,theta_l,29.183476889731566
89,0.6,tajimas_d,-0.07255145111804885
90,0.0,pi,48.488888888888894
90,0.0,theta_w,39.981631490989244
90,0.0,theta_h,59.10707070707071
90,0.0,theta_l,53.7979797979798
90,0.0,tajimas_d,0.714026809575107
90,0.05,pi,48.59106839705832
90,0.05,theta_w,40.37730751030216
90,0.05,theta_h,59.16838480077975
90,0.05,theta_l,53.87972659891904
90,0.05,tajimas_d,0.6858379969684806
90,0.1,pi,48.41458866232739
90,0.1,theta_w,39.45238816063752
90,0.1,theta_h,58.8807672959012
90,0.1,theta_l,53.6476779791143
90,0.1,tajimas_d,0.7698156477396036
90,0.2,pi,48.7278092529774
90,0.2,theta_w,40.37047091278423
90,0.2,theta_h,58.891795900101
90,0.2,theta_l,53.80980257653919
90,0.2,tajimas_d,0.7093173694467577
90,0.3,pi,48.852565535358565
90,0.3,theta_w,40.609776033497106
90,0.3,theta_h,59.02496785925268
90,0.3,theta_l,53.938766697305624
90,0.3,tajimas_d,0.7039204496654347
90,0.4,pi,48.220122280474655
90,0.4,theta_w,40.40584696315569
90,0.4,theta_h,59.76594304122714
90,0.4,theta_l,53.99303266085089
90,0.4,tajimas_d,0.6830562623089582
90,0.5,pi,48.45751955354679
90,0.5,theta_w,41.57216912393026
90,0.5,theta_h,58.0242814844311
90,0.5,theta_l,53.240900518988944
90,0.5,tajimas_d,0.5965980763384959
90,0.6,pi,47.39695394972652
90,0.6,theta_w,40.03323257925325
90,0.6,theta_h,62.166368346218924
90,0.6,theta_l,54.78166114797273
90,0.6,tajimas_d,0.6807026041344049
91,0.0,pi,37.66141414141414
91,0.0,theta_w,39.981631490989244
91,0.0,theta_h,34.863838383838385
91,0.0,theta_l,36.26262626262626
91,0.0,tajimas_d,-0.19473930482542376
91,0.05,pi,37.476861795015516
91,0.05,theta_w,38.63273525369119
91,0.05,theta_h,32.69876920768023
91,0.05,theta_l,35.08781550134787
91,0.05,tajimas_d,-0.10081781658174364
91,0.1,pi,37.77441653121321
91,0.1,theta_w,39.82131798804344
91,0.1,theta_h,34.941757207995394
91,0.1,theta_l,36.35808686960431
91,0.1,tajimas_d,-0.1741113810024241
91,0.2,pi,38.21430317100551
91,0.2,theta_w,40.393499518845466
91,0.2,theta_h,35.0946544984734
91,0.2,theta_l,36.65447883473946
91,0.2,tajimas_d,-0.18495623343664822
91,0.3,pi,37.681699094132505
91,0.3,theta_w,38.7981462125014
91,0.3,theta_h,35.32904044138634
91,0.3,theta_l,36.50536976775942
91,0.3,tajimas_d,-0.09984671455891637
91,0.4,pi,37.79451167104713
91,0.4,theta_w,38.40987576443151
91,0.4,theta_h,35.00171986946118
91,0.4,theta_l,36.39811577025416
91,0.4,tajimas_d,-0.056542781357492494
91,0.5,pi,36.537052032422956
91,0.5,theta_w,37.12429992343353
91,0.5,theta_h,32.625542637179805
91,0.5,theta_l,34.58129733480137
91,0.5,tajimas_d,-0.05690002338914231
91,0.6,pi,37.82747433997234
91,0.6,theta_w,39.14953209418702
91,0.6,theta_h,30.28703817795914
91,0.6,theta_l,34.057256258965744
91,0.6,tajimas_d,-0.1251052552589034
92,0.0,pi,43.709090909090904
92,0.0,theta_w,43.84459105533603
92,0.0,theta_h,36.08888888888889
92,0.0,theta_l,39.8989898989899
92,0.0,tajimas_d,-0.010387546558114517
92,0.05,pi,43.85712650079449
92,0.05,theta_w,43.898429995089266
92,0.05,theta_h,36.3483057111511
92,0.05,theta_l,40.10271610597279
92,0.05,tajimas_d,-0.003177495901279653
92,0.1,pi,43.949513930219304
92,0.1,theta_w,44.16433802208436
92,0.1,theta_h,35.689211751726305
92,0.1,theta_l,39.81936284097281
92,0.1,tajimas_d,-0.01650817683829663
92,0.2,pi,43.81260330347618
92,0.2,theta_w,43.596895201713565
92,0.2,theta_h,36.32659316763966
92,0.2,theta_l,40.06959823555792
92,0.2,tajimas_d,0.016974342897227164
92,0.3,pi,44.102435397397194
92,0.3,theta_w,42.99892023317332
92,0.3,theta_h,36.55133355457116
92,0.3,theta_l,40.32688447598417
92,0.3,tajimas_d,0.08918180293268467
92,0.4,pi,43.55565711156385
92,0.4,theta_w,44.8975994138301
92,0.4,theta_h,37.09272021976247
92,0.4,theta_l,40.32418866566317
92,0.4,tajimas_d,-0.10570042690452053
92,0.5,pi,43.8841082577705
92,0.5,theta_w,44.02190684202152
92,0.5,theta_h,37.775569590936364
92,0.5,theta_l,40.829838924353425
92,0.5,tajimas_d,-0.01128369949191635
92,0.6,pi,43.87279917631056
92,0.6,theta_w,44.35028020379318
92,0.6,theta_h,36.74041808368689
92,0.6,theta_l,40.30660862999873
92,0.6,tajimas_d,-0.0399767129137822
93,0.0,pi,34.62808080808081
93,0.0,theta_w,33.994044166251726
93,0.0,theta_h,35.41232323232323
93,0.0,theta_l,35.02020202020202
93,0.0,tajimas_d,0.06238738896326989
93,0.05,pi,34.565918980084675
93,0.05,theta_w,33.928272903053426
93,0.05,theta_h,35.59617530158272
93,0.05,theta_l,35.0810471408337
93,0.05,tajimas_d,0.06312362241936828
93,0.1,pi,34.59112829681757
93,0.1,theta_w,34.0906742084483
93,0.1,theta_h,35.41199533488346
93,0.1,theta_l,35.001561815850515
93,0.1,tajimas_d,0.049553070521150155
93,0.2,pi,34.62929549285541
93,0.2,theta_w,33.731238512094464
93,0.2,theta_h,33.76895489243811
93,0.2,theta_l,34.19912519264676
93,0.2,tajimas_d,0.0909612672185968
93,0.3,pi,34.928190354042385
93,0.3,theta_w,33.622280971068975
93,0.3,theta_h,33.664306405537225
93,0.3,theta_l,34.2962483797898
93,0.3,tajimas_d,0.13443189606828515
93,0.4,pi,34.52866041218308
93,0.4,theta_w,33.658538428825935
93,0.4,theta_h,31.55470823290469
93,0.4,theta_l,33.04168432254388
93,0.4,tajimas_d,0.09092039631982897
93,0.5,pi,34.74226727102821
93,0.5,theta_w,33.39808153630529
93,0.5,theta_h,33.457301790203445
93,0.5,theta_l,34.09978453061583
93,0.5,tajimas_d,0.1447948388995424
93,0.6,pi,33.21932559629584
93,0.6,theta_w,33.0939806094977
93,0.6,theta_h,30.20605356980917
93,0.6,theta_l,31.7126895830525
93,0.6,tajimas_d,0.013958122260640056
94,0.0,pi,33.461414141414146
94,0.0,theta_w,40.7542234038586
94,0.0,theta_h,34.215353535353536
94,0.0,theta_l,33.83838383838384
94,0.0,tajimas_d,-0.6007017938344925
94,0.05,pi,33.55299300229032
94,0.05,theta_w,40.97608340263821
94,0.05,theta_h,34.188952703575836
94,0.05,theta_l,33.87097285293308
94,0.05,tajimas_d,-0.611121849582576
94,0.1,pi,33.495186687650566
94,0.1,theta_w,40.79840096476742
94,0.1,theta_h,34.57049547424706
94,0.1,theta_l,34.03284108094881
94,0.1,tajimas_d,-0.6064814050398053
94,0.2,pi,33.74332606009097
94,0.2,theta_w,41.21998713909382
94,0.2,theta_h,34.12881034988282
94,0.2,theta_l,33.936068204986896
94,0.2,tajimas_d,-0.6223474194061979
94,0.3,pi,33.85183246117114
94,0.3,theta_w,41.06276620622015
94,0.3,theta_h,34.48784027353666
94,0.3,theta_l,34.169836367353895
94,0.3,tajimas_d,-0.6096900651923154
94,0.4,pi,34.346297357362616
94,0.4,theta_w,41.800712065567765
94,0.4,theta_h,34.153320543307544
94,0.4,theta_l,34.24980895033508
94,0.4,tajimas_d,-0.6297002234461783
94,0.5,pi,33.202170847809505
94,0.5,theta_w,39.37576401403948
94,0.5,theta_h,35.2222493120046
94,0.5,theta_l,34.21221007990705
94,0.5,tajimas_d,-0.56478547249521
94,0.6,pi,33.794426943105876
94,0.6,theta_w,40.96766126506423
94,0.6,theta_h,34.16192549731634
94,0.6,theta_l,33.978176220211104
94,0.6,tajimas_d,-0.6481008327841713
95,0.0,pi,37.090909090909086
95,0.0,theta_w,42.68570318603199
95,0.0,theta_h,35.717171717171716
95,0.0,theta_l,36.4040404040404
95,0.0,tajimas_d,-0.4403448481235513
95,0.05,pi,37.17547186294746
95,0.05,theta_w,42.72646882351319
95,0.05,theta_h,35.71001556437249
95,0.05,theta_l,36.44274371365998
95,0.05,tajimas_d,-0.4385394075515204
95,0.1,pi,37.10627663218874
95,0.1,theta_w,42.75939496101723
95,0.1,theta_h,35.88072370115612
95,0.1,theta_l,36.49350016667243
95,0.1,tajimas_d,-0.4481881938384425
95,0.2,pi,37.01343895684128
95,0.2,theta_w,41.83370593827453
95,0.2,theta_h,35.79634235307904
95,0.2,theta_l,36.404890654960155
95,0.2,tajimas_d,-0.39551856839200106
95,0.3,pi,37.11671540992103
95,0.3,theta_w,40.335496654944315
95,0.3,theta_h,35.58043660855423
95,0.3,theta_l,36.34857600923763
95,0.3,tajimas_d,-0.2772514147628782
95,0.4,pi,37.034619318135846
95,0.4,theta_w,40.08083007184234
95,0.4,theta_h,34.60444745731675
95,0.4,theta_l,35.819533387726295
95,0.4,tajimas_d,-0.26813815760963394
95,0.5,pi,36.37851789519299
95,0.5,theta_w,38.449065607228945
95,0.5,theta_h,34.74144861109897
95,0.5,theta_l,35.55998325314598
95,0.5,tajimas_d,-0.1937481751434911
95,0.6,pi,36.620456912285505
95,0.6,theta_w,38.680118782461946
95,0.6,theta_h,34.899653969392205
95,0.6,theta_l,35.76005544083887
95,0.6,tajimas_d,-0.19657912034837696
96,0.0,pi,44.592929292929284
96,0.0,theta_w,43.45829509890135
96,0.0,theta_h,36.96262626262626
96,0.0,theta_l,40.77777777777778
96,0.0,tajimas_d,0.08774201068750635
96,0.05,pi,44.4978783808538
96,0.05,theta_w,43.29305698715683
96,0.05,theta_h,36.92835745759031
96,0.05,theta_l,40.71311791922205
96,0.05,tajimas_d,0.09391873932214673
96,0.1,pi,44.598902084593014
96,0.1,theta_w,43.57682317676032
96,0.1,theta_h,36.89095563251142
96,0.1,theta_l,40.74492885855222
96,0.1,tajimas_d,0.07959001880745568
96,0.2,pi,44.618010667979824
96,0.2,theta_w,43.56795258701096
96,0.2,theta_h,36.49274668243978
96,0.2,theta_l,40.5553786752098
96,0.2,tajimas_d,0.08263039627498579
96,0.3,pi,44.27704033338208
96,0.3,theta_w,43.44302679446115
96,0.3,theta_h,37.24766151611637
96,0.3,theta_l,40.76235092474922
96,0.3,tajimas_d,0.06676738142292539
96,0.4,pi,44.45024034239481
96,0.4,theta_w,42.25838753904964
96,0.4,theta_h,37.5590334530814
96,0.4,theta_l,41.00463689773811
96,0.4,tajimas_d,0.1835778440047075
96,0.5,pi,44.511598236551535
96,0.5,theta_w,43.381946935167015
96,0.5,theta_h,38.09106085906325
96,0.5,theta_l,41.3013295478074
96,0.5,tajimas_d,0.0941077198593467
96,0.6,pi,45.29516278741519
96,0.6,theta_w,44.42968584579286
96,0.6,theta_h,38.15113093345717
96,0.6,theta_l,41.72314686043617
96,0.6,tajimas_d,0.07246135707453417
97,0.0,pi,28.384848484848487
97,0.0,theta_w,36.11867192664246
97,0.0,theta_h,37.25151515151516
97,0.0,theta_l,32.81818181818182
97,0.0,tajimas_d,-0.7171279726442414
97,0.05,pi,28.305663618058208
97,0.05,theta_w,35.71186616438143
97,0.05,theta_h,37.23908123255208
97,0.05,theta_l,32.77237242530514
97,0.05,tajimas_d,-0.6978531284046182
97,0.1,pi,28.106682976341524
97,0.1,theta_w,35.52814639608231
97,0.1,theta_h,37.337278667507064
97,0.1,theta_l,32.72198082192429
97,0.1,tajimas_d,-0.7060571245621718
97,0.2,pi,28.69615648137957
97,0.2,theta_w,36.90269506824987
97,0.2,theta_h,37.69249752221346
97,0.2,theta_l,33.194327001796516
97,0.2,tajimas_d,-0.7599574130059369
97,0.3,pi,28.594539902369657
97,0.3,theta_w,35.35722027550169
97,0.3,theta_h,38.04091121322568
97,0.3,theta_l,33.31772555779767
97,0.3,tajimas_d,-0.6630851940974534
97,0.4,pi,28.60719133937377
97,0.4,theta_w,35.632870352546405
97,0.4,theta_h,35.92101759835775
97,0.4,theta_l,32.26410446886576
97,0.4,tajimas_d,-0.6939094260232931
97,0.5,pi,28.986471443989913
97,0.5,theta_w,35.96689819803803
97,0.5,theta_h,38.29385366432799
97,0.5,theta_l,33.640162554158955
97,0.5,tajimas_d,-0.6984104187046009
97,0.6,pi,27.86047832697652
97,0.6,theta_w,35.412361244090526
97,0.6,theta_h,39.637548689176114
97,0.6,theta_l,33.74901350807632
97,0.6,tajimas_d,-0.7894091332785226
98,0.0,pi,42.574747474747475
98,0.0,theta_w,39.595335534554565
98,0.0,theta_h,46.37474747474747
98,0.0,theta_l,44.474747474747474
98,0.0,tajimas_d,0.2524609385400012
98,0.05,pi,42.60643175011329
98,0.05,theta_w,39.402971979994284
98,0.05,theta_h,46.46852533187249
98,0.05,theta_l,44.53747854099289
98,0.05,tajimas_d,0.27398255187217324
98,0.1,pi,42.622308434054176
98,0.1,theta_w,40.4355109726961
98,0.1,theta_h,46.78758617846586
98,0.1,theta_l,44.70494730626002
98,0.1,tajimas_d,0.18333809644388724
98,0.2,pi,42.61775746626316
98,0.2,theta_w,40.22436663351953
98,0.2,theta_h,46.438073573055775
98,0.2,theta_l,44.52791551965947
98,0.2,tajimas_d,0.20413807746967352
98,0.3,pi,43.04644034925286
98,0.3,theta_w,40.94952099909128
98,0.3,theta_h,47.25183834138974
98,0.3,theta_l,45.1491393453213
98,0.3,tajimas_d,0.17791676082868083
98,0.4,pi,42.39024598625406
98,0.4,theta_w,40.40787981902274
98,0.4,theta_h,47.49404383997817
98,0.4,theta_l,44.94214491311612
98,0.4,tajimas_d,0.17328127941892546
98,0.5,pi,43.420540359133796
98,0.5,theta_w,41.983884794198126
98,0.5,theta_h,45.63809645255303
98,0.5,theta_l,44.52931840584341
98,0.5,tajimas_d,0.1234395766512297
98,0.6,pi,42.20878762737703
98,0.6,theta_w,41.866861554694566
98,0.6,theta_h,45.5077452822233
98,0.6,theta_l,43.85826645480016
98,0.6,tajimas_d,0.03028948313362015
99,0.0,pi,49.43070707070708
99,0.0,theta_w,43.45829509890135
99,0.0,theta_h,46.77131313131313
99,0.0,theta_l,48.1010101010101
99,0.0,tajimas_d,0.46185055749119147
99,0.05,pi,49.34328401071253
99,0.05,theta_w,43.526343010012695
99,0.05,theta_h,46.8652369194444
99,0.05,theta_l,48.10426046507846
99,0.05,tajimas_d,0.4514455370832582
99,0.1,pi,49.23464187140453
99,0.1,theta_w,43.233351490106735
99,0.1,theta_h,47.40816628502746
99,0.1,theta_l,48.32140407821599
99,0.1,tajimas_d,0.4709849204001247
99,0.2,pi,49.02229604086473
99,0.2,theta_w,43.04870615606716
99,0.2,theta_h,46.43749948556555
99,0.2,theta_l,47.729897763215135
99,0.2,tajimas_d,0.4765782877049289
99,0.3,pi,49.73602895913251
99,0.3,theta_w,43.78893682903754
99,0.3,theta_h,46.522290695709074
99,0.3,theta_l,48.129159827420786
99,0.3,tajimas_d,0.4723595379239553
99,0.4,pi,49.51271387552535
99,0.4,theta_w,43.70125710800598
99,0.4,theta_h,46.94071036478055
99,0.4,theta_l,48.22671212015295
99,0.4,tajimas_d,0.46960713975612844
99,0.5,pi,48.89005182140144
99,0.5,theta_w,42.93173031610094
99,0.5,theta_h,48.85823864022753
99,0.5,theta_l,48.87414523081449
99,0.5,tajimas_d,0.5004003350670421
99,0.6,pi,49.52862372385657
99,0.6,theta_w,42.983189745810606
99,0.6,theta_h,48.64552717770437
99,0.6,theta_l,49.08707545078047
99,0.6,tajimas_d,0.5642343704003736
100,0.0,pi,46.77393939393939
100,0.0,theta_w,44.42403498998805
100,0.0,theta_h,62.25636363636363
100,0.0,theta_l,54.51515151515151
100,0.0,tajimas_d,0.17783474717237913
100,0.05,pi,46.797591626822474
100,0.05,theta_w,44.45969896219989
100,0.05,theta_h,61.98047396393008
100,0.05,theta_l,54.38903279537629
100,0.05,tajimas_d,0.17752767578540918
100,0.1,pi,46.89568408738667
100,0.1,theta_w,44.75274970542311
100,0.1,theta_h,62.24115142834887
100,0.1,theta_l,54.56841775786777
100,0.1,tajimas_d,0.16253328507686665
100,0.2,pi,46.86967458773125
100,0.2,theta_w,45.00785952121248
100,0.2,theta_h,62.452290501079226
100,0.2,theta_l,54.66098254440524
100,0.2,tajimas_d,0.1419838744758427
100,0.3,pi,46.85630936533425
100,0.3,theta_w,45.486876234696474
100,0.3,theta_h,62.550829848531905
100,0.3,theta_l,54.70356960693307
100,0.3,tajimas_d,0.10485951214831417
100,0.4,pi,47.33839596060307
100,0.4,theta_w,44.44686872978843
100,0.4,theta_h,63.013215489843084
100,0.4,theta_l,55.175805725223086
100,0.4,tajimas_d,0.22992170601272513
100,0.5,pi,46.99015456438739
100,0.5,theta_w,45.19448002536546
100,0.5,theta_h,64.62778675445124
100,0.5,theta_l,55.8089706594193
100,0.5,tajimas_d,0.1434559782685803
100,0.6,pi,48.073677645619775
100,0.6,theta_w,46.36658076973359
100,0.6,theta_h,61.73245677476806
100,0.6,theta_l,54.90306721019392
100,0.6,tajimas_d,0.13649080809333988
101,0.0,pi,49.917171717171726
101,0.0,theta_w,45.1966269028574
101,0.0,theta_h,41.15353535353536
101,0.0,theta_l,45.53535353535353
101,0.0,tajimas_d,0.3512317036808186
101,0.05,pi,49.96473224003408
101,0.05,theta_w,45.65313418680467
101,0.05,theta_h,41.04728419948698
101,0.05,theta_l,45.50600821976054
101,0.05,tajimas_d,0.31914112055446053
101,0.1,pi,49.70890070280859
101,0.1,theta_w,45.35967951185853
101,0.1,theta_h,41.586258951190466
101,0.1,theta_l,45.64757982699953
101,0.1,tajimas_d,0.3256384405227538
101,0.2,pi,50.14446455029297
101,0.2,theta_w,45.02796248335018
101,0.2,theta_h,41.22880860603639
101,0.2,theta_l,45.68663657816468
101,0.2,tajimas_d,0.3901895522773573
101,0.3,pi,50.54986431904072
101,0.3,theta_w,45.64553930708587
101,0.3,theta_h,41.52528918835226
101,0.3,theta_l,46.03757675369649
101,0.3,tajimas_d,0.3738513453255199
101,0.4,pi,49.904487828196025
101,0.4,theta_w,45.37348188856523
101,0.4,theta_h,42.594215904311675
101,0.4,theta_l,46.249351866253846
101,0.4,tajimas_d,0.3535625663925174
101,0.5,pi,49.19588664796496
101,0.5,theta_w,46.601677853722265
101,0.5,theta_h,43.28650875666945
101,0.5,theta_l,46.241197702317216
101,0.5,tajimas_d,0.20136161903889147
101,0.6,pi,49.724991113009516
101,0.6,theta_w,46.29312911658273
101,0.6,theta_h,39.868088369436784
101,0.6,theta_l,44.79653974122314
101,0.6,tajimas_d,0.27512093278367233
102,0.0,pi,55.05171717171718
102,0.0,theta_w,48.86643848898685
102,0.0,theta_h,56.948282828282835
102,0.0,theta_l,56.0
102,0.0,tajimas_d,0.4261759238420794
102,0.05,pi,55.06140971203236
102,0.05,theta_w,49.177785008952384
102,0.05,theta_h,57.055017680553874
102,0.05,theta_l,56.05821369629313
102,0.05,tajimas_d,0.404860139680439
102,0.1,pi,55.177356674014796
102,0.1,theta_w,49.117502736025855
102,0.1,theta_h,57.01287101437346
102,0.1,theta_l,56.09511384419413
102,0.1,tajimas_d,0.41961487260750086
102,0.2,pi,55.18239724986703
102,0.2,theta_w,49.85359226834326
102,0.2,theta_h,57.475483417246686
102,0.2,theta_l,56.32894033355685
102,0.2,tajimas_d,0.367470511071604
102,0.3,pi,54.6037431843597
102,0.3,theta_w,50.22063624922244
102,0.3,theta_h,57.20806382181942
102,0.3,theta_l,55.905903503089554
102,0.3,tajimas_d,0.30418132275206733
102,0.4,pi,56.036255175801465
102,0.4,theta_w,51.417123736986944
102,0.4,theta_h,57.91307378767077
102,0.4,theta_l,56.97466448173611
102,0.4,tajimas_d,0.3180448346634779
102,0.5,pi,53.511759777165125
102,0.5,theta_w,50.50818957956572
102,0.5,theta_h,58.699213948266696
102,0.5,theta_l,56.1054868627159
102,0.5,tajimas_d,0.21528009350906016
102,0.6,pi,55.3671035184106
102,0.6,theta_w,51.29160527181833
102,0.6,theta_h,57.85693151180045
102,0.6,theta_l,56.61201751510553
102,0.6,tajimas_d,0.29622131873084734
103,0.0,pi,41.03959595959596
103,0.0,theta_w,38.822743621685206
103,0.0,theta_h,38.596767676767676
103,0.0,theta_l,39.81818181818181
103,0.0,tajimas_d,0.19151291612293206
103,0.05,pi,41.17891212178463
103,0.05,theta_w,39.005685744527455
103,0.05,theta_h,38.93230136195214
103,0.05,theta_l,40.05560674186838
103,0.05,tajimas_d,0.1876935569615537
103,0.1,pi,41.13867357767132
103,0.1,theta_w,39.055219013360194
103,0.1,theta_h,38.82240703483558
103,0.1,theta_l,39.98054030625346
103,0.1,tajimas_d,0.18073398384038022
103,0.2,pi,40.75005639919442
103,0.2,theta_w,38.41675400704736
103,0.2,theta_h,39.071824006662744
103,0.2,theta_l,39.91094020292858
103,0.2,tajimas_d,0.2079955928098802
103,0.3,pi,41.348775059931874
103,0.3,theta_w,39.048819724150476
103,0.3,theta_h,39.090585411381795
103,0.3,theta_l,40.21968023565683
103,0.3,tajimas_d,0.20461685413519246
103,0.4,pi,41.17619646127309
103,0.4,theta_w,38.654327861727324
103,0.4,theta_h,38.89617919735406
103,0.4,theta_l,40.03618782931357
103,0.4,tajimas_d,0.23005870729952543
103,0.5,pi,41.0512511490739
103,0.5,theta_w,37.89785139739485
103,0.5,theta_h,40.50269659394086
103,0.5,theta_l,40.77697387150738
103,0.5,tajimas_d,0.2991080751046067
103,0.6,pi,40.91743607577891
103,0.6,theta_w,39.928311419785196
103,0.6,theta_h,39.744148289075795
103,0.6,theta_l,40.33079218242735
103,0.6,tajimas_d,0.09196660043915279
104,0.0,pi,33.10262626262626
104,0.0,theta_w,32.255712362295675
104,0.0,theta_h,25.887272727272727
104,0.0,theta_l,29.49494949494949
104,0.0,tajimas_d,0.08772355938375696
104,0.05,pi,33.13289834920312
104,0.05,theta_w,31.610765992237432
104,0.05,theta_h,26.080887825204613
104,0.05,theta_l,29.60689308720387
104,0.05,tajimas_d,0.16158861807548858
104,0.1,pi,33.39779582703292
104,0.1,theta_w,31.961807519778485
104,0.1,theta_h,25.89563773535857
104,0.1,theta_l,29.646716781195742
104,0.1,tajimas_d,0.15162209516616598
104,0.2,pi,33.0988772927956
104,0.2,theta_w,32.67149648471254
104,0.2,theta_h,25.782897959172796
104,0.2,theta_l,29.440887625984203
104,0.2,tajimas_d,0.04459471833145933
104,0.3,pi,33.275001642671555
104,0.3,theta_w,32.81720395409397
104,0.3,theta_h,26.068443023048477
104,0.3,theta_l,29.671722332860014
104,0.3,tajimas_d,0.04829343696129603
104,0.4,pi,33.13822276884169
104,0.4,theta_w,32.822128473095034
104,0.4,theta_h,25.826973045710563
104,0.4,theta_l,29.482597907276133
104,0.4,tajimas_d,0.033874207991348555
104,0.5,pi,32.31774461469796
104,0.5,theta_w,33.05216001945772
104,0.5,theta_h,25.037117362204626
104,0.5,theta_l,28.677430988451295
104,0.5,tajimas_d,-0.07979964552372201
104,0.6,pi,33.18246585871859
104,0.6,theta_w,33.65641149302637
104,0.6,theta_h,27.70657351599035
104,0.6,theta_l,30.444519687354465
104,0.6,tajimas_d,-0.05213868711225193
105,0.0,pi,43.18828282828282
105,0.0,theta_w,45.96921881572676
105,0.0,theta_h,37.82181818181819
105,0.0,theta_l,40.505050505050505
105,0.0,tajimas_d,-0.2034935198711591
105,0.05,pi,43.09448578137016
105,0.05,theta_w,45.850854217240574
105,0.05,theta_h,37.72049660169286
105,0.05,theta_l,40.407491191531506
105,0.05,tajimas_d,-0.20316997680444004
105,0.1,pi,43.37776817919571
105,0.1,theta_w,46.11818013578287
105,0.1,theta_h,37.81197290999886
105,0.1,theta_l,40.59487054459729
105,0.1,tajimas_d,-0.20173069113340678
105,0.2,pi,43.22937199794747
105,0.2,theta_w,45.6881217016926
105,0.2,theta_h,37.80724655518658
105,0.2,theta_l,40.518309276567024
105,0.2,tajimas_d,-0.18481854329004965
105,0.3,pi,44.12081081740198
105,0.3,theta_w,45.42995404036205
105,0.3,theta_h,38.21666309678848
105,0.3,theta_l,41.16873695709523
105,0.3,tajimas_d,-0.10024302510333745
105,0.4,pi,43.325517838323535
105,0.4,theta_w,45.88792231561391
105,0.4,theta_h,39.2000749623977
105,0.4,theta_l,41.26279640036061
105,0.4,tajimas_d,-0.19753462944876427
105,0.5,pi,43.532881206248206
105,0.5,theta_w,46.66847387261773
105,0.5,theta_h,40.199469429692634
105,0.5,theta_l,41.866175317970416
105,0.5,tajimas_d,-0.24274939726811917
105,0.6,pi,42.363297571338606
105,0.6,theta_w,44.58627500068756
105,0.6,theta_h,38.60550992818847
105,0.6,theta_l,40.48440374976354
105,0.6,tajimas_d,-0.18467428055050583
106,0.0,pi,33.01171717171717
106,0.0,theta_w,36.11867192664246
106,0.0,theta_h,35.51353535353535
106,0.0,theta_l,34.26262626262626
106,0.0,tajimas_d,-0.2880960732121552
106,0.05,pi,33.01272851725161
106,0.05,theta_w,36.09786033351234
106,0.05,theta_h,35.712012560597465
106,0.05,theta_l,34.36237053892454
106,0.05,tajimas_d,-0.28761888111357453
106,0.1,pi,32.78962543057186
106,0.1,theta_w,36.071196616121874
106,0.1,theta_h,36.17717005453384
106,0.1,theta_l,34.48339774255285
106,0.1,tajimas_d,-0.30753045563676956
106,0.2,pi,33.34685467518144
106,0.2,theta_w,35.38178890059243
106,0.2,theta_h,35.652247333062526
106,0.2,theta_l,34.49955100412198
106,0.2,tajimas_d,-0.19663061777250748
106,0.3,pi,32.977574127733256
106,0.3,theta_w,35.78073581232704
106,0.3,theta_h,36.09202529911364
106,0.3,theta_l,34.534799713423446
106,0.3,tajimas_d,-0.27171950201827416
106,0.4,pi,32.42834476023957
106,0.4,theta_w,34.37425457355504
106,0.4,theta_h,35.86094913706327
106,0.4,theta_l,34.14464694865142
106,0.4,tajimas_d,-0.19925298826080332
106,0.5,pi,32.84768876592223
106,0.5,theta_w,36.448919118257585
106,0.5,theta_h,35.9878830604763
106,0.5,theta_l,34.41778591319927
106,0.5,tajimas_d,-0.35597590043414207
106,0.6,pi,32.9222136495613
106,0.6,theta_w,35.889807862053296
106,0.6,theta_h,35.734962531043365
106,0.6,theta_l,34.32858809030233
106,0.6,tajimas_d,-0.30620159554069437
107,0.0,pi,45.1121212121212
107,0.0,theta_w,49.25273444542153
107,0.0,theta_h,65.37272727272727
107,0.0,theta_l,55.24242424242425
107,0.0,tajimas_d,-0.2830910718438301
107,0.05,pi,44.97606507053688
107,0.05,theta_w,48.55289115744431
107,0.05,theta_h,65.62692177041707
107,0.05,theta_l,55.30149342047697
107,0.05,tajimas_d,-0.24904661797505073
107,0.1,pi,44.845884878080405
107,0.1,theta_w,49.07989436577098
107,0.1,theta_h,65.61807207200985
107,0.1,theta_l,55.231978475045125
107,0.1,tajimas_d,-0.2931841872719861
107,0.2,pi,45.109771202867606
107,0.2,theta_w,48.894823349622136
107,0.2,theta_h,61.542944052593626
107,0.2,theta_l,53.326357627730616
107,0.2,tajimas_d,-0.2663268632713668
107,0.3,pi,45.4023900703205
107,0.3,theta_w,50.361293237963096
107,0.3,theta_h,65.96847137147306
107,0.3,theta_l,55.6854307208968
107,0.3,tajimas_d,-0.3427448147345904
107,0.4,pi,45.855344916723425
107,0.4,theta_w,49.302198066178065
107,0.4,theta_h,63.57076207365144
107,0.4,theta_l,54.71305349518744
107,0.4,tajimas_d,-0.24749858253225912
107,0.5,pi,45.769121917555374
107,0.5,theta_w,49.37247532348515
107,0.5,theta_h,58.638373071999126
107,0.5,theta_l,52.20374749477725
107,0.5,tajimas_d,-0.2640297020782956
107,0.6,pi,45.36291168079283
107,0.6,theta_w,48.03812782295024
107,0.6,theta_h,59.749378160525154
107,0.6,theta_l,52.55614492065899
107,0.6,tajimas_d,-0.20666044794340366
108,0.0,pi,35.37191919191919
108,0.0,theta_w,39.981631490989244
108,0.0,theta_h,45.133131313131315
108,0.0,theta_l,40.25252525252526
108,0.0,tajimas_d,-0.38690003276223284
108,0.05,pi,35.37330489512552
108,0.05,theta_w,39.79905247710665
108,0.05,theta_h,45.20840437292032
108,0.05,theta_l,40.29085463402293
108,0.05,tajimas_d,-0.37487849866121153
108,0.1,pi,35.32667902237943
108,0.1,theta_w,39.815090215457104
108,0.1,theta_h,43.53308470902676
108,0.1,theta_l,39.4298818657031
108,0.1,tajimas_d,-0.3817885168461772
108,0.2,pi,35.629353967859416
108,0.2,theta_w,39.77500701942094
108,0.2,theta_h,45.46290936736877
108,0.2,theta_l,40.54613166761409
108,0.2,tajimas_d,-0.35711719836196376
108,0.3,pi,35.96449175755531
108,0.3,theta_w,39.624548264334415
108,0.3,theta_h,45.61958049108898
108,0.3,theta_l,40.79203612432215
108,0.3,tajimas_d,-0.32059704103787406
108,0.4,pi,35.05139304531788
108,0.4,theta_w,39.49462883255708
108,0.4,theta_h,42.734446016406956
108,0.4,theta_l,38.892919530862414
108,0.4,tajimas_d,-0.39737167353352054
108,0.5,pi,35.30309968201115
108,0.5,theta_w,39.637118599960175
108,0.5,theta_h,46.30235455560649
108,0.5,theta_l,40.80272711880882
108,0.5,tajimas_d,-0.39293977780141354
108,0.6,pi,35.071739286533735
108,0.6,theta_w,39.979888259979276
108,0.6,theta_h,46.91182796690756
108,0.6,theta_l,40.99178362672064
108,0.6,tajimas_d,-0.45490137494983174
109,0.0,pi,41.79777777777778
109,0.0,theta_w,43.45829509890135
109,0.0,theta_h,39.91939393939394
109,0.0,theta_l,40.85858585858586
109,0.0,tajimas_d,-0.12840889980548842
109,0.05,pi,41.5572887639945
109,0.05,theta_w,42.919141442723884
109,0.05,theta_h,39.94991126221438
109,0.05,theta_l,40.75360001310444
109,0.05,tajimas_d,-0.10710829403638372
109,0.1,pi,41.8446135434596
109,0.1,theta_w,43.57574413995408
109,0.1,theta_h,39.83240273606319
109,0.1,theta_l,40.838508139761394
109,0.1,tajimas_d,-0.1348043831814514
109,0.2,pi,41.57535233574734
109,0.2,theta_w,42.97029173235056
109,0.2,theta_h,39.63859686378415
109,0.2,theta_l,40.60697459976574
109,0.2,tajimas_d,-0.11128949959842079
109,0.3,pi,41.22508540703243
109,0.3,theta_w,43.355479055712195
109,0.3,theta_h,39.99614610250437
109,0.3,theta_l,40.610615754768396
109,0.3,tajimas_d,-0.17080312987879173
109,0.4,pi,41.728414548225174
109,0.4,theta_w,41.41786215064592
109,0.4,theta_h,39.901067678813995
109,0.4,theta_l,40.81474111351959
109,0.4,tajimas_d,0.026500632082135017
109,0.5,pi,42.74383150481482
109,0.5,theta_w,43.592685484978304
109,0.5,theta_h,37.57304255257844
109,0.5,theta_l,40.158437028696625
109,0.5,tajimas_d,-0.07021036010052174
109,0.6,pi,40.65466713761756
109,0.6,theta_w,40.95436798767017
109,0.6,theta_h,41.47593247250196
109,0.6,theta_l,41.06529980505975
109,0.6,tajimas_d,-0.02723186849770138
110,0.0,pi,58.260000000000005
110,0.0,theta_w,45.58292285929208
110,0.0,theta_h,49.47737373737373
110,0.0,theta_l,53.86868686868687
110,0.0,tajimas_d,0.9353725535537322
110,0.05,pi,58.32759724805642
110,0.05,theta_w,45.463510978684205
110,0.05,theta_h,49.33477841673233
110,0.05,theta_l,53.83118783239438
110,0.05,tajimas_d,0.956210168745839
110,0.1,pi,58.32028014934112
110,0.1,theta_w,44.95628444990271
110,0.1,theta_h,50.0516122492353
110,0.1,theta_l,54.18594619928822
110,0.1,tajimas_d,1.0092341732722343
110,0.2,pi,58.16776035530809
110,0.2,theta_w,44.661259268679835
110,0.2,theta_h,47.46159066915363
110,0.2,theta_l,52.81467551223086
110,0.2,tajimas_d,1.0391888867811405
110,0.3,pi,57.84902733347445
110,0.3,theta_w,44.839031298201306
110,0.3,theta_h,47.709427250295654
110,0.3,theta_l,52.779227291885064
110,0.3,tajimas_d,1.009808487604539
110,0.4,pi,57.454631563998205
110,0.4,theta_w,45.30350517922882
110,0.4,theta_h,44.587734759863295
110,0.4,theta_l,51.02118316193075
110,0.4,tajimas_d,0.9481743097227027
110,0.5,pi,59.300198743034485
110,0.5,theta_w,44.703417234543586
110,0.5,theta_h,48.079498719307345
110,0.5,theta_l,53.68984873117091
110,0.5,tajimas_d,1.1776134107887348
110,0.6,pi,57.95224861624794
110,0.6,theta_w,46.71973870423432
110,0.6,theta_h,47.070972425636604
110,0.6,theta_l,52.51161052094226
110,0.6,tajimas_d,0.8915546161529975
111,0.0,pi,35.850101010101014
111,0.0,theta_w,38.62959564346787
111,0.0,theta_h,46.776161616161616
111,0.0,theta_l,41.31313131313131
111,0.0,tajimas_d,-0.24129714753474435
111,0.05,pi,35.990762509687755
111,0.05,theta_w,38.82973016923519
111,0.05,theta_h,46.68834868964427
111,0.05,theta_l,41.339555599666014
111,0.05,tajimas_d,-0.246400089393537
111,0.1,pi,35.67351629965041
111,0.1,theta_w,38.25817380974086
111,0.1,theta_h,47.26673396473108
111,0.1,theta_l,41.470125132190745
111,0.1,tajimas_d,-0.22874685819118123
111,0.2,pi,35.788567976237054
111,0.2,theta_w,39.01945902499999
111,0.2,theta_h,47.175874358292255
111,0.2,theta_l,41.48222116726465
111,0.2,tajimas_d,-0.2836145536332143
111,0.3,pi,36.44131659123068
111,0.3,theta_w,39.149036439370526
111,0.3,theta_h,47.43633128905256
111,0.3,theta_l,41.938823940141624
111,0.3,tajimas_d,-0.23964256185588992
111,0.4,pi,35.35072953259352
111,0.4,theta_w,39.319297536155155
111,0.4,theta_h,46.845619225886026
111,0.4,theta_l,41.09817437923977
111,0.4,tajimas_d,-0.35620596456445575
111,0.5,pi,35.4652896859908
111,0.5,theta_w,38.201778453735
111,0.5,theta_h,44.953466836993385
111,0.5,theta_l,40.20937826149209
111,0.5,tajimas_d,-0.2580726787037623
111,0.6,pi,36.44306076990872
111,0.6,theta_w,40.40504474638288
111,0.6,theta_h,44.83892794780084
111,0.6,theta_l,40.64099435885478
111,0.6,tajimas_d,-0.3630097967170065
112,0.0,pi,30.416969696969694
112,0.0,theta_w,30.32423258012228
112,0.0,theta_h,27.522424242424247
112,0.0,theta_l,28.96969696969697
112,0.0,tajimas_d,0.010202912116691805
112,0.05,pi,30.278869066471948
112,0.05,theta_w,30.226720482498727
112,0.05,theta_h,27.409953716411014
112,0.05,theta_l,28.844411391441476
112,0.05,tajimas_d,0.0057800921891017374
112,0.1,pi,30.363965091077702
112,0.1,theta_w,30.355941820405853
112,0.1,theta_h,27.637958949667926
112,0.1,theta_l,29.000962020372818
112,0.1,tajimas_d,0.000890117543985082
112,0.2,pi,30.41615093144578
112,0.2,theta_w,31.094193640039585
112,0.2,theta_h,28.003640963425905
112,0.2,theta_l,29.209895947435843
112,0.2,tajimas_d,-0.07434042006425026
112,0.3,pi,30.44254488772303
112,0.3,theta_w,30.749818491134192
112,0.3,theta_h,27.448275750154114
112,0.3,theta_l,28.94541031893857
112,0.3,tajimas_d,-0.034554106015308644
112,0.4,pi,30.285831698987877
112,0.4,theta_w,29.97821580020568
112,0.4,theta_h,28.720397956074066
112,0.4,theta_l,29.50311482753097
112,0.4,tajimas_d,0.035955339596122196
112,0.5,pi,31.278409493785226
112,0.5,theta_w,29.891544724730963
112,0.5,theta_h,28.297145309541094
112,0.5,theta_l,29.78777740166316
112,0.5,tajimas_d,0.16607509951427493
112,0.6,pi,30.194746204886556
112,0.6,theta_w,30.45128093206189
112,0.6,theta_h,28.159089251867268
112,0.6,theta_l,29.17691772837691
112,0.6,tajimas_d,-0.03108553698423992
113,0.0,pi,40.204040404040406
113,0.0,theta_w,39.402187556337225
113,0.0,theta_h,41.53333333333333
113,0.0,theta_l,40.868686868686865
113,0.0,tajimas_d,0.06827198829148694
113,0.05,pi,40.22196231192683
113,0.05,theta_w,39.01866628565369
113,0.05,theta_h,41.498378976171786
113,0.05,theta_l,40.86017064404931
113,0.05,tajimas_d,0.10392424535816455
113,0.1,pi,40.32185361222186
113,0.1,theta_w,39.06610522016268
113,0.1,theta_h,41.634794032647726
113,0.1,theta_l,40.97832382243479
113,0.1,tajimas_d,0.10893273771633574
113,0.2,pi,40.25714021074081
113,0.2,theta_w,38.36447229244721
113,0.2,theta_h,41.47659907438762
113,0.2,theta_l,40.86686964256422
113,0.2,tajimas_d,0.16893277466456127
113,0.3,pi,40.1253534838572
113,0.3,theta_w,38.43742005387483
113,0.3,theta_h,41.5883622700425
113,0.3,theta_l,40.85685787694985
113,0.3,tajimas_d,0.15233273827065963
113,0.4,pi,39.632576479361504
113,0.4,theta_w,39.24226226856534
113,0.4,theta_h,42.92134165043473
113,0.4,theta_l,41.276959064898115
113,0.4,tajimas_d,0.035094261729958005
113,0.5,pi,39.72569878443791
113,0.5,theta_w,40.75522529832231
113,0.5,theta_h,42.578600374495146
113,0.5,theta_l,41.15214957946653
113,0.5,tajimas_d,-0.09113306729358557
113,0.6,pi,41.64484541628063
113,0.6,theta_w,40.26946757385919
113,0.6,theta_h,40.712969905344195
113,0.6,theta_l,41.17890766081242
113,0.6,tajimas_d,0.12674108351895993
114,0.0,pi,21.85212121212121
114,0.0,theta_w,28.779048754383567
114,0.0,theta_h,26.67313131313131
114,0.0,theta_l,24.262626262626263
114,0.0,tajimas_d,-0.8019868945266144
114,0.05,pi,21.881845121348277
114,0.05,theta_w,28.67640520506005
114,0.05,theta_h,26.687034227116918
114,0.05,theta_l,24.284439674232598
114,0.05,tajimas_d,-0.7930548741912596
114,0.1,pi,22.13249241222069
114,0.1,theta_w,29.383538677951798
114,0.1,theta_h,26.79455383704189
114,0.1,theta_l,24.463523124631287
114,0.1,tajimas_d,-0.8307783883236569
114,0.2,pi,21.46942230280741
114,0.2,theta_w,27.061357735690038
114,0.2,theta_h,27.083927461402794
114,0.2,theta_l,24.2766748821051
114,0.2,tajimas_d,-0.7021946939363184
114,0.3,pi,21.544730305726294
114,0.3,theta_w,27.605990767227482
114,0.3,theta_h,27.23141200172926
114,0.3,theta_l,24.38807115372778
114,0.3,tajimas_d,-0.7565186120510327
114,0.4,pi,21.87032334603268
114,0.4,theta_w,26.58640885460474
114,0.4,theta_h,26.411421839892807
114,0.4,theta_l,24.140872592962744
114,0.4,tajimas_d,-0.6204991694624138
114,0.5,pi,22.056204361474766
114,0.5,theta_w,26.942174426402488
114,0.5,theta_h,27.07682360532398
114,0.5,theta_l,24.56651398339937
114,0.5,tajimas_d,-0.6502738085714559
114,0.6,pi,21.704365693243478
114,0.6,theta_w,27.756202376762367
114,0.6,theta_h,25.61299187139894
114,0.6,theta_l,23.65867878232121
114,0.6,tajimas_d,-0.8021074495444472
115,0.0,pi,30.857979797979798
115,0.0,theta_w,37.277559795946495
115,0.0,theta_h,34.09151515151515
115,0.0,theta_l,32.474747474747474
115,0.0,tajimas_d,-0.5771209849563222
115,0.05,pi,30.717935286924188
115,0.05,theta_w,37.053120218896424
115,0.05,theta_h,34.34622788461276
115,0.05,theta_l,32.53208158576848
115,0.05,tajimas_d,-0.5753764620965839
115,0.1,pi,30.931241535487025
115,0.1,theta_w,37.096114442822376
115,0.1,theta_h,34.19671132658953
115,0.1,theta_l,32.56397643103827
115,0.1,tajimas_d,-0.56267342053084
115,0.2,pi,31.474396526310837
115,0.2,theta_w,38.73373158808654
115,0.2,theta_h,34.24476855229671
115,0.2,theta_l,32.85958253930377
115,0.2,tajimas_d,-0.6413187833329682
115,0.3,pi,30.70967294811559
115,0.3,theta_w,36.97181616949359
115,0.3,theta_h,34.896611819654424
115,0.3,theta_l,32.80314238388501
115,0.3,tajimas_d,-0.5878079997583033
115,0.4,pi,31.22510308886129
115,0.4,theta_w,37.12205573405474
115,0.4,theta_h,35.26390089998213
115,0.4,theta_l,33.24450199442171
115,0.4,tajimas_d,-0.5602766629747706
115,0.5,pi,30.410823395670086
115,0.5,theta_w,35.24954962363357
115,0.5,theta_h,34.20461429337908
115,0.5,theta_l,32.30771884452458
115,0.5,tajimas_d,-0.49313946877653575
115,0.6,pi,31.19178333625556
115,0.6,theta_w,35.646157377507734
115,0.6,theta_h,35.990897554700865
115,0.6,theta_l,33.59134044547822
115,0.6,tajimas_d,-0.46080930609590925
116,0.0,pi,39.514949494949505
116,0.0,theta_w,37.277559795946495
116,0.0,theta_h,43.89919191919192
116,0.0,theta_l,41.70707070707071
116,0.0,tajimas_d,0.20114159294357709
116,0.05,pi,39.49208420566332
116,0.05,theta_w,37.08698000552412
116,0.05,theta_h,43.868612637539634
116,0.05,theta_l,41.68034842160147
116,0.05,tajimas_d,0.2184372454015982
116,0.1,pi,39.45631981556409
116,0.1,theta_w,37.26732537082081
116,0.1,theta_h,43.87010108321593
116,0.1,theta_l,41.663210449390014
116,0.1,tajimas_d,0.19875500532424417
116,0.2,pi,39.66761717583961
116,0.2,theta_w,37.57060227694511
116,0.2,theta_h,44.95904014733011
116,0.2,theta_l,42.313328661584855
116,0.2,tajimas_d,0.19111983911392524
116,0.3,pi,39.80198996072002
116,0.3,theta_w,38.21044821417123
116,0.3,theta_h,44.51893581697733
116,0.3,theta_l,42.16046288884867
116,0.3,tajimas_d,0.14461283729931507
116,0.4,pi,38.864748467449644
116,0.4,theta_w,37.38409540393409
116,0.4,theta_h,44.64474286316167
116,0.4,theta_l,41.75474566530566
116,0.4,tajimas_d,0.13964332191075488
116,0.5,pi,39.37775742818091
116,0.5,theta_w,38.130741612248
116,0.5,theta_h,44.92343271133258
116,0.5,theta_l,42.15059506975675
116,0.5,tajimas_d,0.11760352017415802
116,0.6,pi,40.20512401367221
116,0.6,theta_w,38.48438661190843
116,0.6,theta_h,43.13743383015308
116,0.6,theta_l,41.671278921912645
116,0.6,tajimas_d,0.16577644269485764
117,0.0,pi,23.087272727272726
117,0.0,theta_w,30.903676514774297
117,0.0,theta_h,32.71070707070707
117,0.0,theta_l,27.8989898989899
117,0.0,tajimas_d,-0.8442132693619667
117,0.05,pi,22.933562976953066
117,0.05,theta_w,30.625218001012765
117,0.05,theta_h,32.91847850094086
117,0.05,theta_l,27.926020738946963
117,0.05,tajimas_d,-0.841930973243303
117,0.1,pi,23.11695391299888
117,0.1,theta_w,30.98494508307807
117,0.1,theta_h,32.45896370746149
117,0.1,theta_l,27.787958810230187
117,0.1,tajimas_d,-0.8565999313443863
117,0.2,pi,23.536445673236955
117,0.2,theta_w,30.931657148156653
117,0.2,theta_h,32.499973352488446
117,0.2,theta_l,28.0182095128627
117,0.2,tajimas_d,-0.814953093156143
117,0.3,pi,22.850335079800033
117,0.3,theta_w,29.661028812843774
117,0.3,theta_h,32.99694808299121
117,0.3,theta_l,27.92364158139562
117,0.3,tajimas_d,-0.7920291433429456
117,0.4,pi,22.875171939015107
117,0.4,theta_w,30.052218212309597
117,0.4,theta_h,33.698274326888665
117,0.4,theta_l,28.286723132951884
117,0.4,tajimas_d,-0.8374480648732406
117,0.5,pi,22.52026429690215
117,0.5,theta_w,29.105591900603
117,0.5,theta_h,33.92566210340639
117,0.5,theta_l,28.22296320015427
117,0.5,tajimas_d,-0.810604951250887
117,0.6,pi,22.844377805679784
117,0.6,theta_w,30.128274104270787
117,0.6,theta_h,34.01915969543881
117,0.6,theta_l,28.4317687505593
117,0.6,tajimas_d,-0.8893677549455163
118,0.0,pi,39.86727272727273
118,0.0,theta_w,38.050151708815854
118,0.0,theta_h,41.28424242424242
118,0.0,theta_l,40.57575757575758
118,0.0,tajimas_d,0.16010631768169362
118,0.05,pi,39.885805365218694
118,0.05,theta_w,38.22294347024401
118,0.05,theta_h,41.68471485778717
118,0.05,theta_l,40.78526011150293
118,0.05,tajimas_d,0.14649015702283305
118,0.1,pi,39.74116149625632
118,0.1,theta_w,38.26581375379394
118,0.1,theta_h,41.153937833810865
118,0.1,theta_l,40.44754966503359
118,0.1,tajimas_d,0.13057094006080133
118,0.2,pi,39.81674486767688
118,0.2,theta_w,38.741049385623256
118,0.2,theta_h,41.40218031427254
118,0.2,theta_l,40.60946259097471
118,0.2,tajimas_d,0.09503125450427331
118,0.3,pi,39.78851632267224
118,0.3,theta_w,37.062999646124034
118,0.3,theta_h,41.93696704971255
118,0.3,theta_l,40.86274168619239
118,0.3,tajimas_d,0.2544340625226872
118,0.4,pi,40.0762921147561
118,0.4,theta_w,38.810001794717294
118,0.4,theta_h,43.10108346368932
118,0.4,theta_l,41.58868778922271
118,0.4,tajimas_d,0.11509093074941334
118,0.5,pi,40.515916270994914
118,0.5,theta_w,39.06790201089339
118,0.5,theta_h,42.60994725678088
118,0.5,theta_l,41.5629317638879
118,0.5,tajimas_d,0.13349340386522188
118,0.6,pi,39.485375353294835
118,0.6,theta_w,39.12615901786803
118,0.6,theta_h,40.825188340429776
118,0.6,theta_l,40.15528184686231
118,0.6,tajimas_d,0.033992351085625205
119,0.0,pi,35.905050505050504
119,0.0,theta_w,35.92552394842512
119,0.0,theta_h,28.660606060606064
119,0.0,theta_l,32.282828282828284
119,0.0,tajimas_d,-0.0019084232220429067
119,0.05,pi,36.0168543634723
119,0.05,theta_w,36.09567018549396
119,0.05,theta_h,28.872634711906763
119,0.05,theta_l,32.44474453768953
119,0.05,tajimas_d,-0.007347795781183812
119,0.1,pi,35.91770981839501
119,0.1,theta_w,36.06733728682451
119,0.1,theta_h,28.40367985430675
119,0.1,theta_l,32.160694836350885
119,0.1,tajimas_d,-0.0140222475576705
119,0.2,pi,35.35431006638475
119,0.2,theta_w,35.93549040637765
119,0.2,theta_h,28.27695656611307
119,0.2,theta_l,31.815633316248906
119,0.2,tajimas_d,-0.05530101200799834
119,0.3,pi,35.21101734739138
119,0.3,theta_w,35.706754080535
119,0.3,theta_h,28.467269910003026
119,0.3,theta_l,31.839143628697208
119,0.3,tajimas_d,-0.04812406137945874
119,0.4,pi,35.59825279641954
119,0.4,theta_w,35.58300577509526
119,0.4,theta_h,29.23885121175885
119,0.4,theta_l,32.41855200408919
119,0.4,tajimas_d,0.0015085158512806237
119,0.5,pi,35.65634188546633
119,0.5,theta_w,35.71919485794961
119,0.5,theta_h,27.76671248257386
119,0.5,theta_l,31.711527184020095
119,0.5,tajimas_d,-0.006339401324793216
119,0.6,pi,36.644386489253705
119,0.6,theta_w,36.748443493758614
119,0.6,theta_h,28.945945260762574
119,0.6,theta_l,32.795165875008145
119,0.6,tajimas_d,-0.010466507475604972
120,0.0,pi,44.026666666666664
120,0.0,theta_w,46.35551477216144
120,0.0,theta_h,50.8420202020202
120,0.0,theta_l,47.43434343434343
120,0.0,tajimas_d,-0.16901473093697908
120,0.05,pi,44.20696217861209
120,0.05,theta_w,46.238431164943314
120,0.05,theta_h,50.759031111534384
120,0.05,theta_l,47.482996645073236
120,0.05,tajimas_d,-0.14849463834277712
120,0.1,pi,43.970557042886774
120,0.1,theta_w,46.54856108005046
120,0.1,theta_h,50.498093780767014
120,0.1,theta_l,47.234325411826894
120,0.1,tajimas_d,-0.18819238919165063
120,0.2,pi,43.74412802681798
120,0.2,theta_w,44.84330877827654
120,0.2,theta_h,51.12162488393093
120,0.2,theta_l,47.432876455374455
120,0.2,tajimas_d,-0.08419608700818669
120,0.3,pi,43.80911758061674
120,0.3,theta_w,45.262274218123686
120,0.3,theta_h,51.37557419301761
120,0.3,theta_l,47.59234588681718
120,0.3,tajimas_d,-0.11177263853119124
120,0.4,pi,43.707858538641986
120,0.4,theta_w,45.86271173736372
120,0.4,theta_h,50.48595597176673
120,0.4,theta_l,47.09690725520436
120,0.4,tajimas_d,-0.166116681382049
120,0.5,pi,44.3177759216092
120,0.5,theta_w,45.14016245567066
120,0.5,theta_h,50.08684954229873
120,0.5,theta_l,47.20231273195397
120,0.5,tajimas_d,-0.06583914626986441
120,0.6,pi,43.24178393286674
120,0.6,theta_w,43.565221023881364
120,0.6,theta_h,47.15064440648975
120,0.6,theta_l,45.196214169678235
120,0.6,tajimas_d,-0.027511836260434602
121,0.0,pi,31.70787878787879
121,0.0,theta_w,36.891263839511815
121,0.0,theta_h,47.08
121,0.0,theta_l,39.3939393939394
121,0.0,tajimas_d,-0.4707695400498053
121,0.05,pi,31.71032939990009
121,0.05,theta_w,37.05516150610133
121,0.05,theta_h,46.700638934132314
121,0.05,theta_l,39.20548416701621
121,0.05,tajimas_d,-0.4854302787983362
121,0.1,pi,31.664157610038743
121,0.1,theta_w,36.49423274309081
121,0.1,theta_h,47.00624401539923
121,0.1,theta_l,39.33520081271899
121,0.1,tajimas_d,-0.44785159095428034
121,0.2,pi,31.84534872357186
121,0.2,theta_w,35.904875705373776
121,0.2,theta_h,46.90819034610992
121,0.2,theta_l,39.37676953484089
121,0.2,tajimas_d,-0.38627588533046686
121,0.3,pi,31.505927090635325
121,0.3,theta_w,36.74772348420292
121,0.3,theta_h,47.41476403379467
121,0.3,theta_l,39.460345562215
121,0.3,tajimas_d,-0.4947569670538921
121,0.4,pi,31.461592085998078
121,0.4,theta_w,36.9114565016093
121,0.4,theta_h,47.553138374117864
121,0.4,theta_l,39.507365230057964
121,0.4,tajimas_d,-0.5207511391802938
121,0.5,pi,32.189687244690944
121,0.5,theta_w,34.20234860906807
121,0.5,theta_h,48.380505627010805
121,0.5,theta_l,40.285096435850875
121,0.5,tajimas_d,-0.21168828877943524
121,0.6,pi,31.74072307160735
121,0.6,theta_w,33.58961255727927
121,0.6,theta_h,47.54717606646113
121,0.6,theta_l,39.643949569034234
121,0.6,tajimas_d,-0.2025398117708091
122,0.0,pi,34.478181818181824
122,0.0,theta_w,36.698115861294475
122,0.0,theta_h,35.84505050505051
122,0.0,theta_l,35.161616161616166
122,0.0,tajimas_d,-0.20266062375379867
122,0.05,pi,34.6054587227438
122,0.05,theta_w,36.86528398078009
122,0.05,theta_h,36.033539537998266
122,0.05,theta_l,35.31949913037103
122,0.05,tajimas_d,-0.2063071161304558
122,0.1,pi,34.46029978442694
122,0.1,theta_w,36.051892532507
122,0.1,theta_h,35.66817741371441
122,0.1,theta_l,35.06423859907067
122,0.1,tajimas_d,-0.1491551501794412
122,0.2,pi,34.4593503596836
122,0.2,theta_w,36.767555500740464
122,0.2,theta_h,35.80586179718057
122,0.2,theta_l,35.132606078432076
122,0.2,tajimas_d,-0.21490016021488206
122,0.3,pi,34.643750809114046
122,0.3,theta_w,37.5773138027504
122,0.3,theta_h,33.75503019523785
122,0.3,theta_l,34.199390502175945
122,0.3,tajimas_d,-0.27088729660586647
122,0.4,pi,35.03539276959247
122,0.4,theta_w,36.88697356213005
122,0.4,theta_h,36.55029094550764
122,0.4,theta_l,35.79284185755006
122,0.4,tajimas_d,-0.1769241825973311
122,0.5,pi,35.04880327902106
122,0.5,theta_w,36.222442032274046
122,0.5,theta_h,34.887413305583
122,0.5,theta_l,34.968108292302034
122,0.5,tajimas_d,-0.1164713960773187
122,0.6,pi,35.50170653392004
122,0.6,theta_w,36.92303493814935
122,0.6,theta_h,31.85329879562073
122,0.6,theta_l,33.67750266477039
122,0.6,tajimas_d,-0.14244077456884455
123,0.0,pi,45.56949494949495
123,0.0,theta_w,38.24329968703319
123,0.0,theta_h,34.69313131313131
123,0.0,theta_l,40.131313131313135
123,0.0,tajimas_d,0.6423125249233312
123,0.05,pi,45.628428677683274
123,0.05,theta_w,38.22908992137729
123,0.05,theta_h,34.91596158987371
123,0.05,theta_l,40.272195133778496
123,0.05,tajimas_d,0.651846253469475
123,0.1,pi,45.376536791108734
123,0.1,theta_w,38.042391231495984
123,0.1,theta_h,34.838404970924145
123,0.1,theta_l,40.10747088101644
123,0.1,tajimas_d,0.6523839085378687
123,0.2,pi,45.62498032440186
123,0.2,theta_w,37.16333060990469
123,0.2,theta_h,34.58124513371356
123,0.2,theta_l,40.1031127290577
123,0.2,tajimas_d,0.7794058461315924
123,0.3,pi,44.909466121190896
123,0.3,theta_w,38.8537168242398
123,0.3,theta_h,34.55795484205301
123,0.3,theta_l,39.733710481621955
123,0.3,tajimas_d,0.5407819596895393
123,0.4,pi,45.40949562946423
123,0.4,theta_w,39.71558388481363
123,0.4,theta_h,35.13891473872568
123,0.4,theta_l,40.27420518409496
123,0.4,tajimas_d,0.5065198278248045
123,0.5,pi,45.26405866700439
123,0.5,theta_w,39.43055894147883
123,0.5,theta_h,37.533119197992804
123,0.5,theta_l,41.3985889324986
123,0.5,tajimas_d,0.5336723379836171
123,0.6,pi,46.252611472595135
123,0.6,theta_w,39.04690786368826
123,0.6,theta_h,35.27252046533319
123,0.6,theta_l,40.76256596896416
123,0.6,tajimas_d,0.68593097040626
124,0.0,pi,27.194343434343434
124,0.0,theta_w,35.732375970207784
124,0.0,theta_h,46.05818181818182
124,0.0,theta_l,36.62626262626263
124,0.0,tajimas_d,-0.8000830135822242
124,0.05,pi,27.02621458207265
124,0.05,theta_w,35.50040709919989
124,0.05,theta_h,46.223890182646244
124,0.05,theta_l,36.625052382359456
124,0.05,tajimas_d,-0.8027822616860102
124,0.1,pi,27.349552887905954
124,0.1,theta_w,35.49789596680205
124,0.1,theta_h,46.235578600783136
124,0.1,theta_l,36.792565744344536
124,0.1,tajimas_d,-0.7760835456934417
124,0.2,pi,27.65632274790654
124,0.2,theta_w,36.150481607006085
124,0.2,theta_h,45.7078874215419
124,0.2,theta_l,36.68210508472422
124,0.2,tajimas_d,-0.8038188572668789
124,0.3,pi,26.795774126663844
124,0.3,theta_w,34.649023289427106
124,0.3,theta_h,43.737584565268854
124,0.3,theta_l,35.26667934596635
124,0.3,tajimas_d,-0.7847163688834009
124,0.4,pi,27.392353445769498
124,0.4,theta_w,34.92097835687805
124,0.4,theta_h,46.15415293155019
124,0.4,theta_l,36.77325318865985
124,0.4,tajimas_d,-0.7583032002452075
124,0.5,pi,26.10537738474336
124,0.5,theta_w,33.98763210604018
124,0.5,theta_h,39.171616566691185
124,0.5,theta_l,32.63849697571727
124,0.5,tajimas_d,-0.8326524360702748
124,0.6,pi,27.151950778685325
124,0.6,theta_w,33.21410744754897
124,0.6,theta_h,40.81470839812427
124,0.6,theta_l,33.98332958840479
124,0.6,tajimas_d,-0.673319644694867
125,0.0,pi,51.139595959595965
125,0.0,theta_w,51.37736220581226
125,0.0,theta_h,50.77959595959596
125,0.0,theta_l,50.959595959595966
125,0.0,tajimas_d,-0.015593370539399411
125,0.05,pi,51.397333587904036
125,0.05,theta_w,51.514217641540945
125,0.05,theta_h,50.84539382960909
125,0.05,theta_l,51.12136370875657
125,0.05,tajimas_d,-0.007682597441448727
125,0.1,pi,50.748224109904946
125,0.1,theta_w,51.28738085202089
125,0.1,theta_h,51.039077611345554
125,0.1,theta_l,50.89365086062524
125,0.1,tajimas_d,-0.035777073087838576
125,0.2,pi,51.19234851747584
125,0.2,theta_w,51.31091686295914
125,0.2,theta_h,51.337958577214906
125,0.2,theta_l,51.26515354734536
125,0.2,tajimas_d,-0.00795425881763101
125,0.3,pi,51.17552414806736
125,0.3,theta_w,52.24746619354192
125,0.3,theta_h,51.27147801779238
125,0.3,theta_l,51.22350108292987
125,0.3,tajimas_d,-0.07147999443177247
125,0.4,pi,50.712011448683086
125,0.4,theta_w,51.04092154298019
125,0.4,theta_h,51.46161946668079
125,0.4,theta_l,51.086815457681936
125,0.4,tajimas_d,-0.02283436543715371
125,0.5,pi,50.37948828935731
125,0.5,theta_w,52.37096703988341
125,0.5,theta_h,49.56526868139174
125,0.5,theta_l,49.97237848537453
125,0.5,tajimas_d,-0.13763132964326844
125,0.6,pi,50.641389312353844
125,0.6,theta_w,51.146644150626
125,0.6,theta_h,50.88179401668219
125,0.6,theta_l,50.76159166451802
125,0.6,tajimas_d,-0.03672367044035999
126,0.0,pi,49.36606060606061
126,0.0,theta_w,45.77607083750942
126,0.0,theta_h,36.088484848484846
126,0.0,theta_l,42.72727272727273
126,0.0,tajimas_d,0.2637861612990943
126,0.05,pi,49.472608957996805
126,0.05,theta_w,45.659745859293885
126,0.05,theta_h,35.91010205990731
126,0.05,theta_l,42.69135550895206
126,0.05,tajimas_d,0.2822251487309634
126,0.1,pi,49.272041893737224
126,0.1,theta_w,45.59765224420108
126,0.1,theta_h,36.44257046936961
126,0.1,theta_l,42.85730618155341
126,0.1,tajimas_d,0.2736283754839652
126,0.2,pi,48.979887747987206
126,0.2,theta_w,45.417338862410745
126,0.2,theta_h,36.239278105113684
126,0.2,theta_l,42.609582926550445
126,0.2,tajimas_d,0.2693072136162646
126,0.3,pi,49.169775744060175
126,0.3,theta_w,45.501370398268485
126,0.3,theta_h,36.676143844835124
126,0.3,theta_l,42.92295979444765
126,0.3,tajimas_d,0.28089520131796203
126,0.4,pi,50.01245859665167
126,0.4,theta_w,46.34010122225103
126,0.4,theta_h,36.06563244135999
126,0.4,theta_l,43.03904551900583
126,0.4,tajimas_d,0.2805193407188408
126,0.5,pi,49.75313088357354
126,0.5,theta_w,46.26371582798488
126,0.5,theta_h,37.301582267682214
126,0.5,theta_l,43.527356575627884
126,0.5,tajimas_d,0.2727120129840951
126,0.6,pi,49.44257199566979
126,0.6,theta_w,46.53283420486555
126,0.6,theta_h,37.01853699762471
126,0.6,theta_l,43.230554496647244
126,0.6,tajimas_d,0.23264787606176732
127,0.0,pi,39.594949494949496
127,0.0,theta_w,42.10625925137998
127,0.0,theta_h,37.75858585858586
127,0.0,theta_l,38.67676767676768
127,0.0,tajimas_d,-0.20032809659121387
127,0.05,pi,39.516109177597926
127,0.05,theta_w,42.14955077060684
127,0.05,theta_h,37.77303647136397
127,0.05,theta_l,38.644572824480946
127,0.05,tajimas_d,-0.21088618553417915
127,0.1,pi,39.680708349218214
127,0.1,theta_w,41.98725634067317
127,0.1,theta_h,37.66535140613117
127,0.1,theta_l,38.67302987767469
127,0.1,tajimas_d,-0.18624113828707345
127,0.2,pi,39.85873873322033
127,0.2,theta_w,42.02920830213199
127,0.2,theta_h,37.3394032739579
127,0.2,theta_l,38.59907100358912
127,0.2,tajimas_d,-0.1772526426484587
127,0.3,pi,39.3282802793826
127,0.3,theta_w,42.1289935836881
127,0.3,theta_h,37.158831570618425
127,0.3,theta_l,38.243555925000514
127,0.3,tajimas_d,-0.23106930736651435
127,0.4,pi,39.672809811776915
127,0.4,theta_w,42.48132229596029
127,0.4,theta_h,36.78466934610293
127,0.4,theta_l,38.22873957893993
127,0.4,tajimas_d,-0.23371017329010207
127,0.5,pi,39.6590419356313
127,0.5,theta_w,43.28620021176361
127,0.5,theta_h,35.89712491946001
127,0.5,theta_l,37.77808342754565
127,0.5,tajimas_d,-0.30216722144029173
127,0.6,pi,39.06049667249297
127,0.6,theta_w,42.802637333729685
127,0.6,theta_h,38.5303489724525
127,0.6,theta_l,38.79542282247274
127,0.6,tajimas_d,-0.32432709106217344
128,0.0,pi,56.8749494949495
128,0.0,theta_w,46.93495870681346
128,0.0,theta_h,47.79171717171718
128,0.0,theta_l,52.33333333333333
128,0.0,tajimas_d,0.7126227981050505
128,0.05,pi,56.91836441590442
128,0.05,theta_w,46.60074739215282
128,0.05,theta_h,47.93504305831226
128,0.05,theta_l,52.42670373710834
128,0.05,tajimas_d,0.7479770171200367
128,0.1,pi,56.513234915814834
128,0.1,theta_w,46.552067215932965
128,0.1,theta_h,47.89725144270559
128,0.1,theta_l,52.205243179260215
128,0.1,tajimas_d,0.7271578793343998
128,0.2,pi,56.86984259910599
128,0.2,theta_w,47.21894931461857
128,0.2,theta_h,45.81951585924275
128,0.2,theta_l,51.34467922917437
128,0.2,tajimas_d,0.701921937416603
128,0.3,pi,56.89478941805988
128,0.3,theta_w,48.13399563479314
128,0.3,theta_h,48.33626894238335
128,0.3,theta_l,52.615529180221614
128,0.3,tajimas_d,0.6338001899722345
128,0.4,pi,56.48158608407323
128,0.4,theta_w,47.39143519122966
128,0.4,theta_h,48.28434806819749
128,0.4,theta_l,52.38296707613536
128,0.4,tajimas_d,0.6788929721638285
128,0.5,pi,57.82420231754236
128,0.5,theta_w,47.448523061010356
128,0.5,theta_h,50.04666763479786
128,0.5,theta_l,53.935434976170114
128,0.5,tajimas_d,0.7883950671330986
128,0.6,pi,56.650843291525625
128,0.6,theta_w,46.630856064074806
128,0.6,theta_h,49.218321425217994
128,0.6,theta_l,52.93458235837182
128,0.6,tajimas_d,0.7992713939260844
129,0.0,pi,50.01414141414142
129,0.0,theta_w,40.367927447423924
129,0.0,theta_h,37.86464646464646
129,0.0,theta_l,43.939393939393945
129,0.0,tajimas_d,0.8020145094260579
129,0.05,pi,49.880844008937146
129,0.05,theta_w,40.584367242146214
129,0.05,theta_h,37.83509882172302
129,0.05,theta_l,43.857971415330084
129,0.05,tajimas_d,0.7725787305414735
129,0.1,pi,50.08164327704003
129,0.1,theta_w,41.03313708308813
129,0.1,theta_h,37.869610184931645
129,0.1,theta_l,43.97562673098584
129,0.1,tajimas_d,0.747867560397176
129,0.2,pi,49.55987410624127
129,0.2,theta_w,40.232866630353456
129,0.2,theta_h,38.50175886713815
129,0.2,theta_l,44.030816486689716
129,0.2,tajimas_d,0.7945021852531549
129,0.3,pi,49.422066816073794
129,0.3,theta_w,40.91893279010637
129,0.3,theta_h,37.63757148752168
129,0.3,theta_l,43.52981915179774
129,0.3,tajimas_d,0.7225320478596724
129,0.4,pi,49.72582809433042
129,0.4,theta_w,40.72209772067469
129,0.4,theta_h,39.68050150352942
129,0.4,theta_l,44.70316479892992
129,0.4,tajimas_d,0.7802435680622462
129,0.5,pi,50.262558685777144
129,0.5,theta_w,41.59589789868636
129,0.5,theta_h,40.03463102982525
129,0.5,theta_l,45.1485948578012
129,0.5,tajimas_d,0.7509440814539053
129,0.6,pi,50.87021055604559
129,0.6,theta_w,43.271381019109874
129,0.6,theta_h,38.7146396788568
129,0.6,theta_l,44.792425117451195
129,0.6,tajimas_d,0.6498211196725118
130,0.0,pi,29.50707070707071
130,0.0,theta_w,33.02830427516503
130,0.0,theta_h,28.9979797979798
130,0.0,theta_l,29.252525252525256
130,0.0,tajimas_d,-0.3563867228445273
130,0.05,pi,29.4307309581959
130,0.05,theta_w,32.77628487281269
130,0.05,theta_h,29.03023078019686
130,0.05,theta_l,29.230480869196377
130,0.05,tajimas_d,-0.342758460165209
130,0.1,pi,29.609020119365024
130,0.1,theta_w,32.95388247343889
130,0.1,theta_h,29.047074555109823
130,0.1,theta_l,29.32804733723743
130,0.1,tajimas_d,-0.34283317973766214
130,0.2,pi,29.3372476521956
130,0.2,theta_w,32.6867880297152
130,0.2,theta_h,29.50937108968101
130,0.2,theta_l,29.42330937093831
130,0.2,tajimas_d,-0.34950518799690117
130,0.3,pi,29.549515927574973
130,0.3,theta_w,31.394946105551316
130,0.3,theta_h,29.084970384721828
130,0.3,theta_l,29.317243156148404
130,0.3,tajimas_d,-0.20319938371539292
130,0.4,pi,29.59529595664181
130,0.4,theta_w,32.39780102304075
130,0.4,theta_h,29.100344436334183
130,0.4,theta_l,29.347820196487998
130,0.4,tajimas_d,-0.30422179301411223
130,0.5,pi,29.865259976606687
130,0.5,theta_w,31.70471200159603
130,0.5,theta_h,27.24406495363382
130,0.5,theta_l,28.554662465120256
130,0.5,tajimas_d,-0.2081316178575759
130,0.6,pi,29.596737726763152
130,0.6,theta_w,31.165386222587074
130,0.6,theta_h,30.487434550748013
130,0.6,theta_l,30.042086138755582
130,0.6,tajimas_d,-0.18585317717820057
131,0.0,pi,54.65232323232323
131,0.0,theta_w,44.61718296820539
131,0.0,theta_h,42.903232323232324
131,0.0,theta_l,48.77777777777778
131,0.0,tajimas_d,0.7562004269936207
131,0.05,pi,54.751062270235465
131,0.05,theta_w,44.30024062795693
131,0.05,theta_h,42.83683245610178
131,0.05,theta_l,48.79394736316863
131,0.05,tajimas_d,0.7970201961789136
131,0.1,pi,54.630931586137
131,0.1,theta_w,45.3696390439418
131,0.1,theta_h,43.35666754182186
131,0.1,theta_l,48.99379956397943
131,0.1,tajimas_d,0.6934190578627859
131,0.2,pi,54.85441575013807
131,0.2,theta_w,44.4508498644214
131,0.2,theta_h,42.995157558504346
131,0.2,theta_l,48.92478665432122
131,0.2,tajimas_d,0.8040282478856917
131,0.3,pi,54.300533151190095
131,0.3,theta_w,46.13683377452231
131,0.3,theta_h,43.45930947654003
131,0.3,theta_l,48.87992131386507
131,0.3,tajimas_d,0.6158737434930861
131,0.4,pi,54.42407683134279
131,0.4,theta_w,46.95308874942079
131,0.4,theta_h,43.95626996056282
131,0.4,theta_l,49.190173395952804
131,0.4,tajimas_d,0.5629850840156081
131,0.5,pi,54.18936717330187
131,0.5,theta_w,46.98211818169393
131,0.5,theta_h,42.52772482467917
131,0.5,theta_l,48.358545998990515
131,0.5,tajimas_d,0.5541752911021812
131,0.6,pi,55.21022965527091
131,0.6,theta_w,47.62731706144689
131,0.6,theta_h,42.71383413312419
131,0.6,theta_l,48.96203189419755
131,0.6,tajimas_d,0.5914973413364477
132,0.0,pi,44.22525252525253
132,0.0,theta_w,41.52681531672796
132,0.0,theta_h,38.3
132,0.0,theta_l,41.26262626262627
132,0.0,tajimas_d,0.2182057025331271
132,0.05,pi,44.28035760566131
132,0.05,theta_w,41.74389909857099
132,0.05,theta_h,38.4152019688948
132,0.05,theta_l,41.34777978727805
132,0.05,tajimas_d,0.20498475206129552
132,0.1,pi,44.182877924501675
132,0.1,theta_w,41.410707048427376
132,0.1,theta_h,38.324009290072524
132,0.1,theta_l,41.253443607287096
132,0.1,tajimas_d,0.22697890520146757
132,0.2,pi,44.0314364038321
132,0.2,theta_w,40.562083330198504
132,0.2,theta_h,38.064790646627024
132,0.2,theta_l,41.04811352522957
132,0.2,tajimas_d,0.2930176616713361
132,0.3,pi,44.09916504336993
132,0.3,theta_w,41.67738924289583
132,0.3,theta_h,39.73224323967898
132,0.3,theta_l,41.91570414152446
132,0.3,tajimas_d,0.20175944892366146
132,0.4,pi,44.67659380963212
132,0.4,theta_w,40.98044323733249
132,0.4,theta_h,37.99553833869228
132,0.4,theta_l,41.3360660741622
132,0.4,tajimas_d,0.3186523458675847
132,0.5,pi,44.67880287193695
132,0.5,theta_w,41.1095117044042
132,0.5,theta_h,39.280129743574946
132,0.5,theta_l,41.979466307755956
132,0.5,tajimas_d,0.31323276629794
132,0.6,pi,45.49679471130458
132,0.6,theta_w,42.65394366732698
132,0.6,theta_h,39.33900936305947
132,0.6,theta_l,42.417902037182024
132,0.6,tajimas_d,0.24707480705408755
133,0.0,pi,36.11070707070707
133,0.0,theta_w,41.14051936029328
133,0.0,theta_h,45.788282828282824
133,0.0,theta_l,40.94949494949495
133,0.0,tajimas_d,-0.41048021614043717
133,0.05,pi,36.01792483877976
133,0.05,theta_w,41.15400438682976
133,0.05,theta_h,45.43113607064946
133,0.05,theta_l,40.7245304547146
133,0.05,tajimas_d,-0.4208704677881705
133,0.1,pi,36.27416655618757
133,0.1,theta_w,41.232054586785964
133,0.1,theta_h,46.09931793514582
133,0.1,theta_l,41.18674224566669
133,0.1,tajimas_d,-0.40784821901864593
133,0.2,pi,35.85892170634673
133,0.2,theta_w,39.379658378676744
133,0.2,theta_h,46.13121488403308
133,0.2,theta_l,40.99506829518991
133,0.2,tajimas_d,-0.3063387507334581
133,0.3,pi,36.51283685743034
133,0.3,theta_w,40.91134310686742
133,0.3,theta_h,46.69017172726256
133,0.3,theta_l,41.60150429234645
133,0.3,tajimas_d,-0.3737518094180299
133,0.4,pi,36.1513551336602
133,0.4,theta_w,40.670581663104905
133,0.4,theta_h,46.77829736729671
133,0.4,theta_l,41.46482625047845
133,0.4,tajimas_d,-0.39297784447085876
133,0.5,pi,35.741979204049294
133,0.5,theta_w,38.72008416978923
133,0.5,theta_h,46.951108095898356
133,0.5,theta_l,41.346543649973825
133,0.5,tajimas_d,-0.2770893387374405
133,0.6,pi,34.827318414624976
133,0.6,theta_w,37.54605831453379
133,0.6,theta_h,43.23385128347307
133,0.6,theta_l,39.03058484904902
133,0.6,tajimas_d,-0.2674461556233402
134,0.0,pi,39.660000000000004
134,0.0,theta_w,38.822743621685206
134,0.0,theta_h,30.34
134,0.0,theta_l,35.0
134,0.0,tajimas_d,0.07233021695288358
134,0.05,pi,39.66798464889527
134,0.05,theta_w,38.98991837170502
134,0.05,theta_h,30.54507610862419
134,0.05,theta_l,35.106530378759736
134,0.05,tajimas_d,0.058562086652998384
134,0.1,pi,39.790960446006245
134,0.1,theta_w,39.03661814257688
134,0.1,theta_h,30.69327662359889
134,0.1,theta_l,35.242118534802565
134,0.1,tajimas_d,0.06543713120194516
134,0.2,pi,39.74516058432638
134,0.2,theta_w,38.78819765189874
134,0.2,theta_h,30.812043754660216
134,0.2,theta_l,35.2786021694933
134,0.2,tajimas_d,0.08454194472311899
134,0.3,pi,39.287061328469406
134,0.3,theta_w,38.76051479332763
134,0.3,theta_h,30.75878829954938
134,0.3,theta_l,35.022924814009386
134,0.3,tajimas_d,0.047090400191185655
134,0.4,pi,39.716267131724855
134,0.4,theta_w,39.66179017865703
134,0.4,theta_h,30.645466542858642
134,0.4,theta_l,35.18086683729175
134,0.4,tajimas_d,0.004846168701905083
134,0.5,pi,40.495845743942354
134,0.5,theta_w,38.04335953541854
134,0.5,theta_h,31.936181052387994
134,0.5,theta_l,36.216013398165174
134,0.5,tajimas_d,0.23213826167519425
134,0.6,pi,39.1388113503055
134,0.6,theta_w,37.47616224779075
134,0.6,theta_h,32.28487888712916
134,0.6,theta_l,35.711845118717335
134,0.6,tajimas_d,0.16413764220658766
135,0.0,pi,49.69454545454546
135,0.0,theta_w,45.00347892464006
135,0.0,theta_h,35.962020202020206
135,0.0,theta_l,42.82828282828282
135,0.0,tajimas_d,0.35051185317076844
135,0.05,pi,49.637560459764224
135,0.05,theta_w,45.26546213315598
135,0.05,theta_h,36.05722871828533
135,0.05,theta_l,42.84739458902479
135,0.05,tajimas_d,0.32636381050590646
135,0.1,pi,49.662332418179204
135,0.1,theta_w,44.787798648931094
135,0.1,theta_h,36.303933283222776
135,0.1,theta_l,42.983132850701
135,0.1,tajimas_d,0.3697145341464264
135,0.2,pi,49.33813686709578
135,0.2,theta_w,45.2332320675641
135,0.2,theta_h,36.05740025626706
135,0.2,theta_l,42.69776856168142
135,0.2,tajimas_d,0.3116690784960271
135,0.3,pi,49.87722886685185
135,0.3,theta_w,44.87120986496993
135,0.3,theta_h,35.226828219073454
135,0.3,theta_l,42.55202854296265
135,0.3,tajimas_d,0.38855665009461604
135,0.4,pi,49.83181016810006
135,0.4,theta_w,44.00734657313836
135,0.4,theta_h,36.629514588317726
135,0.4,theta_l,43.23066237820889
135,0.4,tajimas_d,0.4683993597904161
135,0.5,pi,49.697484500372475
135,0.5,theta_w,46.45584799432658
135,0.5,theta_h,39.26161275312266
135,0.5,theta_l,44.47954862674757
135,0.5,tajimas_d,0.252147416934837
135,0.6,pi,48.83349620988364
135,0.6,theta_w,42.63143185944562
135,0.6,theta_h,37.034093064925486
135,0.6,theta_l,42.93379463740457
135,0.6,tajimas_d,0.5390271347377641
136,0.0,pi,31.86828282828283
136,0.0,theta_w,35.732375970207784
136,0.0,theta_h,42.39434343434343
136,0.0,theta_l,37.131313131313135
136,0.0,tajimas_d,-0.3620969201941257
136,0.05,pi,31.90618771619529
136,0.05,theta_w,35.51837033417262
136,0.05,theta_h,40.30598123395761
136,0.05,theta_l,36.10608447507646
136,0.05,tajimas_d,-0.3421914389863036
136,0.1,pi,32.167421233877995
136,0.1,theta_w,36.081205544134896
136,0.1,theta_h,42.58715426001251
136,0.1,theta_l,37.37728774694525
136,0.1,tajimas_d,-0.3667779256160221
136,0.2,pi,31.93990183425882
136,0.2,theta_w,35.7416486499773
136,0.2,theta_h,43.17693569664402
136,0.2,theta_l,37.55841876545142
136,0.2,tajimas_d,-0.36374989481205316
136,0.3,pi,31.895457981755065
136,0.3,theta_w,35.52922093396802
136,0.3,theta_h,42.091320286108214
136,0.3,theta_l,36.993389133931636
136,0.3,tajimas_d,-0.35425094982143135
136,0.4,pi,31.569002917515917
136,0.4,theta_w,35.63095303188153
136,0.4,theta_h,38.36431307231084
136,0.4,theta_l,34.966657994913376
136,0.4,tajimas_d,-0.40118904765076474
136,0.5,pi,31.551820316259256
136,0.5,theta_w,35.97423880546299
136,0.5,theta_h,41.95488599285722
136,0.5,theta_l,36.75335315455824
136,0.5,tajimas_d,-0.44247483106108904
136,0.6,pi,31.897937486429353
136,0.6,theta_w,34.901449762760215
136,0.6,theta_h,38.732751740801504
136,0.6,theta_l,35.31534461361543
136,0.6,tajimas_d,-0.31812266867667455
137,0.0,pi,40.015555555555565
137,0.0,theta_w,36.698115861294475
137,0.0,theta_h,32.08545454545455
137,0.0,theta_l,36.05050505050505
137,0.0,tajimas_d,0.3028533211562839
137,0.05,pi,39.85451897310485
137,0.05,theta_w,36.673830741968914
137,0.05,theta_h,31.91869881071847
137,0.05,theta_l,35.88660889191166
137,0.05,tajimas_d,0.29188964853851845
137,0.1,pi,40.12414174323831
137,0.1,theta_w,36.44609575448327
137,0.1,theta_h,32.19501192884268
137,0.1,theta_l,36.1595768360405
137,0.1,tajimas_d,0.34103377324196965
137,0.2,pi,40.25366913384416
137,0.2,theta_w,37.341743371835335
137,0.2,theta_h,32.11960424521558
137,0.2,theta_l,36.18663668952987
137,0.2,tajimas_d,0.26679680843646963
137,0.3,pi,40.33843744022802
137,0.3,theta_w,35.51097184478043
137,0.3,theta_h,32.69172549044187
137,0.3,theta_l,36.515081465334944
137,0.3,tajimas_d,0.4713157187130902
137,0.4,pi,40.51873588811138
137,0.4,theta_w,36.98414983135575
137,0.4,theta_h,33.16889766612695
137,0.4,theta_l,36.843816777119166
137,0.4,tajimas_d,0.3371562425394983
137,0.5,pi,40.21750685890787
137,0.5,theta_w,37.25110053188637
137,0.5,theta_h,32.38580651020363
137,0.5,theta_l,36.30165668455575
137,0.5,tajimas_d,0.28633181299032834
137,0.6,pi,39.70614228483639
137,0.6,theta_w,38.42475600279984
137,0.6,theta_h,33.307926281655355
137,0.6,theta_l,36.50703428324587
137,0.6,tajimas_d,0.12344920226425661
138,0.0,pi,35.193939393939395
138,0.0,theta_w,37.663855752381174
138,0.0,theta_h,40.11919191919192
138,0.0,theta_l,37.656565656565654
138,0.0,tajimas_d,-0.2198126632674431
138,0.05,pi,35.109233246196446
138,0.05,theta_w,37.25489206773286
138,0.05,theta_h,40.13457921256642
138,0.05,theta_l,37.62190622938144
138,0.05,tajimas_d,-0.1938735093561701
138,0.1,pi,35.14336588476713
138,0.1,theta_w,37.69934420075706
138,0.1,theta_h,39.900479445913284
138,0.1,theta_l,37.521922665340206
138,0.1,tajimas_d,-0.22969303289308513
138,0.2,pi,34.204725565385615
138,0.2,theta_w,36.94288461137286
138,0.2,theta_h,37.98483776255541
138,0.2,theta_l,36.09478166397052
138,0.2,tajimas_d,-0.25356418457795266
138,0.3,pi,35.61856032312363
138,0.3,theta_w,37.2007286497633
138,0.3,theta_h,40.06510429613716
138,0.3,theta_l,37.841832309630384
138,0.3,tajimas_d,-0.14748206845623857
138,0.4,pi,34.24977104199346
138,0.4,theta_w,36.04572487475807
138,0.4,theta_h,40.730428078885296
138,0.4,theta_l,37.490099560439376
138,0.4,tajimas_d,-0.17561482935516143
138,0.5,pi,34.89560524825016
138,0.5,theta_w,36.41344935330977
138,0.5,theta_h,39.668422577040175
138,0.5,theta_l,37.28201391264517
138,0.5,tajimas_d,-0.14972355167146198
138,0.6,pi,34.60114878299458
138,0.6,theta_w,35.96583327134693
138,0.6,theta_h,39.76990266222118
138,0.6,theta_l,37.18552572260788
138,0.6,tajimas_d,-0.1399073355186928
139,0.0,pi,39.9749494949495
139,0.0,theta_w,41.33366733851062
139,0.0,theta_h,33.600808080808086
139,0.0,theta_l,36.78787878787879
139,0.0,tajimas_d,-0.1103752801557729
139,0.05,pi,40.04268194965134
139,0.05,theta_w,40.77645663813571
139,0.05,theta_h,33.76902259999626
139,0.05,theta_l,36.9058522748238
139,0.05,tajimas_d,-0.06069342438129946
139,0.1,pi,39.87185773162658
139,0.1,theta_w,41.61829966783954
139,0.1,theta_h,33.400154372040696
139,0.1,theta_l,36.63600605183364
139,0.1,tajimas_d,-0.1423288049593429
139,0.2,pi,39.4642325307903
139,0.2,theta_w,40.617615575916744
139,0.2,theta_h,33.92279103496266
139,0.2,theta_l,36.69351178287648
139,0.2,tajimas_d,-0.09728838067626988
139,0.3,pi,39.35541924619493
139,0.3,theta_w,39.59889786972868
139,0.3,theta_h,33.72107627953576
139,0.3,theta_l,36.53824776286534
139,0.3,tajimas_d,-0.02132713692160684
139,0.4,pi,39.953949849729
139,0.4,theta_w,41.07180930187407
139,0.4,theta_h,33.34323287260487
139,0.4,theta_l,36.64859136116694
139,0.4,tajimas_d,-0.09620522021629535
139,0.5,pi,39.24982630321386
139,0.5,theta_w,39.28850692110656
139,0.5,theta_h,33.85477431638567
139,0.5,theta_l,36.552300309799776
139,0.5,tajimas_d,-0.003546088981364752
139,0.6,pi,40.03629461698541
139,0.6,theta_w,39.190416493089536
139,0.6,theta_h,33.954940681078334
139,0.6,theta_l,36.99561764903187
139,0.6,tajimas_d,0.08004476224321677
140,0.0,pi,45.11616161616161
140,0.0,theta_w,43.26514712068401
140,0.0,theta_h,38.66161616161616
140,0.0,theta_l,41.8888888888889
140,0.0,tajimas_d,0.1437683159954466
140,0.05,pi,45.222618372782364
140,0.05,theta_w,43.32273276688643
140,0.05,theta_h,38.75575379191118
140,0.05,theta_l,41.98918608234678
140,0.05,tajimas_d,0.14810067441989508
140,0.1,pi,45.18213194431277
140,0.1,theta_w,43.38537292578882
140,0.1,theta_h,38.64398824787209
140,0.1,theta_l,41.91306009609243
140,0.1,tajimas_d,0.14054016584905366
140,0.2,pi,45.126784716866794
140,0.2,theta_w,43.83753547825067
140,0.2,theta_h,38.43718431343685
140,0.2,theta_l,41.78198451515182
140,0.2,tajimas_d,0.10099287535091304
140,0.3,pi,45.33960698297693
140,0.3,theta_w,43.347263939649764
140,0.3,theta_h,38.71634960596661
140,0.3,theta_l,42.027978294471765
140,0.3,tajimas_d,0.1597349991178416
140,0.4,pi,44.908370868657094
140,0.4,theta_w,44.33267599681632
140,0.4,theta_h,39.868633142817934
140,0.4,theta_l,42.388502005737514
140,0.4,tajimas_d,0.045856826560762176
140,0.5,pi,45.38752992621013
140,0.5,theta_w,43.834453432731834
140,0.5,theta_h,38.58690657686164
140,0.5,theta_l,41.98721825153588
140,0.5,tajimas_d,0.12781294847275085
140,0.6,pi,44.960491821407544
140,0.6,theta_w,44.16822527215837
140,0.6,theta_h,40.12835634706766
140,0.6,theta_l,42.5444240842376
140,0.6,tajimas_d,0.066681156768596
141,0.0,pi,42.49757575757576
141,0.0,theta_w,38.43644766525053
141,0.0,theta_h,36.835757575757576
141,0.0,theta_l,39.66666666666667
141,0.0,tajimas_d,0.3542978641180389
141,0.05,pi,42.45542478997634
141,0.05,theta_w,38.45090774304165
141,0.05,theta_h,36.82987120207161
141,0.05,theta_l,39.642647996023975
141,0.05,tajimas_d,0.3510220432056852
141,0.1,pi,42.50221851575763
141,0.1,theta_w,39.048779462462576
141,0.1,theta_h,36.93897379604161
141,0.1,theta_l,39.72059615589963
141,0.1,tajimas_d,0.2995763904543497
141,0.2,pi,42.43935645308545
141,0.2,theta_w,38.62056752997789
141,0.2,theta_h,36.758438689835245
141,0.2,theta_l,39.59889757146034
141,0.2,tajimas_d,0.33866607603880744
141,0.3,pi,42.66818298111029
141,0.3,theta_w,37.92359429417044
141,0.3,theta_h,36.94443261513469
141,0.3,theta_l,39.80630779812249
141,0.3,tajimas_d,0.43342070069286387
141,0.4,pi,42.61082534008133
141,0.4,theta_w,37.58913828285486
141,0.4,theta_h,37.06624371970058
141,0.4,theta_l,39.83853452989095
141,0.4,tajimas_d,0.4717664079385883
141,0.5,pi,42.53300247922134
141,0.5,theta_w,37.568756755606195
141,0.5,theta_h,36.87977430465871
141,0.5,theta_l,39.706388391940024
141,0.5,tajimas_d,0.47537809967977385
141,0.6,pi,42.55282591122997
141,0.6,theta_w,37.69248834965255
141,0.6,theta_h,35.747722188781076
141,0.6,theta_l,39.150274050005514
141,0.6,tajimas_d,0.4768698007420253
142,0.0,pi,31.994141414141414
142,0.0,theta_w,37.857003730598514
142,0.0,theta_h,54.65232323232323
142,0.0,theta_l,43.323232323232325
142,0.0,tajimas_d,-0.5191606850695207
142,0.05,pi,31.898587717004837
142,0.05,theta_w,38.07435441628611
142,0.05,theta_h,54.84434396260489
142,0.05,theta_l,43.37146583980486
142,0.05,tajimas_d,-0.5467918665468837
142,0.1,pi,31.805115408223045
142,0.1,theta_w,37.67799379676743
142,0.1,theta_h,54.48423243030992
142,0.1,theta_l,43.14467391926649
142,0.1,tajimas_d,-0.5277663118024385
142,0.2,pi,31.816480948887303
142,0.2,theta_w,39.15000689236108
142,0.2,theta_h,55.4443398104365
142,0.2,theta_l,43.630410379661896
142,0.2,tajimas_d,-0.6413173288095245
142,0.3,pi,32.21251085697266
142,0.3,theta_w,38.63264499344155
142,0.3,theta_h,54.17183169307864
142,0.3,theta_l,43.19217127502565
142,0.3,tajimas_d,-0.5771986604414242
142,0.4,pi,32.557058282881044
142,0.4,theta_w,37.68530436067823
142,0.4,theta_h,53.275928501660864
142,0.4,theta_l,42.91649339227095
142,0.4,tajimas_d,-0.47909101660490655
142,0.5,pi,32.229649755476494
142,0.5,theta_w,38.90139867355997
142,0.5,theta_h,51.18878875018868
142,0.5,theta_l,41.70921925283258
142,0.5,tajimas_d,-0.6172497867660963
142,0.6,pi,31.480340543131938
142,0.6,theta_w,37.56937386865823
142,0.6,theta_h,49.60522219356969
142,0.6,theta_l,40.54278136835081
142,0.6,tajimas_d,-0.5989865210824435
143,0.0,pi,37.75737373737374
143,0.0,theta_w,45.00347892464006
143,0.0,theta_h,59.6769696969697
143,0.0,theta_l,48.717171717171716
143,0.0,tajimas_d,-0.5414218155439923
143,0.05,pi,37.76214091959944
143,0.05,theta_w,44.874493961672975
143,0.05,theta_h,59.83423119145398
143,0.05,theta_l,48.79818605552671
143,0.05,tajimas_d,-0.5354565084524476
143,0.1,pi,37.56049430152108
143,0.1,theta_w,45.16132580329401
143,0.1,theta_h,60.17814518818001
143,0.1,theta_l,48.86931974485054
143,0.1,tajimas_d,-0.5715404757429999
143,0.2,pi,37.84275697883605
143,0.2,theta_w,45.26546999035179
143,0.2,theta_h,60.32763095531471
143,0.2,theta_l,49.085193967075384
143,0.2,tajimas_d,-0.5635770467815766
143,0.3,pi,37.721455950391096
143,0.3,theta_w,45.05160593830583
143,0.3,theta_h,60.11352428382651
143,0.3,theta_l,48.91749011710879
143,0.3,tajimas_d,-0.5663708038025629
143,0.4,pi,37.64291069783877
143,0.4,theta_w,44.48938928961908
143,0.4,theta_h,59.76217144870504
143,0.4,theta_l,48.70254107327191
143,0.4,tajimas_d,-0.5444022872156159
143,0.5,pi,37.36084963282449
143,0.5,theta_w,45.515359116256434
143,0.5,theta_h,57.80226284417737
143,0.5,theta_l,47.58155623850094
143,0.5,tajimas_d,-0.6465366533656456
143,0.6,pi,38.0468131769487
143,0.6,theta_w,44.49380738796801
143,0.6,theta_h,56.60837983797162
143,0.6,theta_l,47.327596507460164
143,0.6,tajimas_d,-0.5397693769939647
144,0.0,pi,35.007474747474745
144,0.0,theta_w,32.83515629694769
144,0.0,theta_h,27.59858585858586
144,0.0,theta_l,31.303030303030305
144,0.0,tajimas_d,0.22112661481372764
144,0.05,pi,34.88238749753556
144,0.05,theta_w,32.95708485744434
144,0.05,theta_h,27.517853739055056
144,0.05,theta_l,31.20012061829531
144,0.05,tajimas_d,0.19610951893193165
144,0.1,pi,34.91860701886837
144,0.1,theta_w,33.098808586697615
144,0.1,theta_h,27.52056993775068
144,0.1,theta_l,31.21958847830953
144,0.1,tajimas_d,0.18543508481956172
144,0.2,pi,34.821398459935175
144,0.2,theta_w,33.345418553776334
144,0.2,theta_h,27.65980555038881
144,0.2,theta_l,31.24060200516199
144,0.2,tajimas_d,0.15127018957966834
144,0.3,pi,34.69454605103127
144,0.3,theta_w,33.00207010475167
144,0.3,theta_h,28.14010904323252
144,0.3,theta_l,31.417327547131897
144,0.3,tajimas_d,0.1774419221032839
144,0.4,pi,35.00807804409938
144,0.4,theta_w,33.40354787809233
144,0.4,theta_h,27.757300033240412
144,0.4,theta_l,31.382689038669888
144,0.4,tajimas_d,0.16871201299833702
144,0.5,pi,35.1229914718558
144,0.5,theta_w,33.604315887306576
144,0.5,theta_h,28.45984447374408
144,0.5,theta_l,31.791417972799945
144,0.5,tajimas_d,0.16252251227878511
144,0.6,pi,35.170558429671686
144,0.6,theta_w,33.691093423484254
144,0.6,theta_h,28.520404791420905
144,0.6,theta_l,31.84548161054629
144,0.6,tajimas_d,0.16207056516728646
145,0.0,pi,34.22505050505051
145,0.0,theta_w,35.152932035555764
145,0.0,theta_h,27.229494949494946
145,0.0,theta_l,30.727272727272727
145,0.0,tajimas_d,-0.08835349119405331
145,0.05,pi,34.13081716599805
145,0.05,theta_w,35.31691231652866
145,0.05,theta_h,27.02380647117245
145,0.05,theta_l,30.57731181858525
145,0.05,tajimas_d,-0.11296985026537905
145,0.1,pi,34.20989243203144
145,0.1,theta_w,34.92716119589408
145,0.1,theta_h,27.065386774358416
145,0.1,theta_l,30.637639603194927
145,0.1,tajimas_d,-0.06944960378400133
145,0.2,pi,34.365033446769054
145,0.2,theta_w,35.36184131652961
145,0.2,theta_h,27.51891318480493
145,0.2,theta_l,30.941973315786992
145,0.2,tajimas_d,-0.09644201573358839
145,0.3,pi,34.40293499367964
145,0.3,theta_w,35.061905694483485
145,0.3,theta_h,25.161727750682797
145,0.3,theta_l,29.782331372181215
145,0.3,tajimas_d,-0.06508260673754826
145,0.4,pi,34.273046634890946
145,0.4,theta_w,34.745241301580236
145,0.4,theta_h,25.89658974661723
145,0.4,theta_l,30.084818190754085
145,0.4,tajimas_d,-0.047848344057563566
145,0.5,pi,34.12811025277834
145,0.5,theta_w,33.690731430451365
145,0.5,theta_h,28.987740587816955
145,0.5,theta_l,31.55792542029765
145,0.5,tajimas_d,0.046599580234606724
145,0.6,pi,33.9926273327411
145,0.6,theta_w,34.742084905454625
145,0.6,theta_h,24.784776010472427
145,0.6,theta_l,29.388701671606768
145,0.6,tajimas_d,-0.07958695615133517
146,0.0,pi,37.412121212121214
146,0.0,theta_w,41.33366733851062
146,0.0,theta_h,37.214141414141416
146,0.0,theta_l,37.31313131313131
146,0.0,tajimas_d,-0.3185663266256686
146,0.05,pi,37.40258677610748
146,0.05,theta_w,41.36856086765309
146,0.05,theta_h,37.47389937000106
146,0.05,theta_l,37.43824307305427
146,0.05,tajimas_d,-0.3234816480050278
146,0.1,pi,37.65731041920893
146,0.1,theta_w,41.421542376606816
146,0.1,theta_h,37.29504066668319
146,0.1,theta_l,37.47617554294606
146,0.1,tajimas_d,-0.30820655969969485
146,0.2,pi,37.599786869627096
146,0.2,theta_w,42.79346694447521
146,0.2,theta_h,37.77035246601773
146,0.2,theta_l,37.68506966782242
146,0.2,tajimas_d,-0.4162777699718605
146,0.3,pi,37.31740851923519
146,0.3,theta_w,42.75875041613136
146,0.3,theta_h,37.265176936661724
146,0.3,theta_l,37.29129272794846
146,0.3,tajimas_d,-0.442503047122507
146,0.4,pi,37.1692466968005
146,0.4,theta_w,40.42111512414746
146,0.4,theta_h,38.38443546441189
146,0.4,theta_l,37.7768410806062
146,0.4,tajimas_d,-0.2842501707843858
146,0.5,pi,37.28480349246038
146,0.5,theta_w,41.0712625537057
146,0.5,theta_h,37.03152803853736
146,0.5,theta_l,37.158165765498865
146,0.5,tajimas_d,-0.332290920117794
146,0.6,pi,37.12284143457786
146,0.6,theta_w,40.338865798861754
146,0.6,theta_h,37.57446984197354
146,0.6,theta_l,37.3486556382757
146,0.6,tajimas_d,-0.29557989177694827
147,0.0,pi,24.8630303030303
147,0.0,theta_w,36.11867192664246
147,0.0,theta_h,23.7430303030303
147,0.0,theta_l,24.3030303030303
147,0.0,tajimas_d,-1.0436927503065379
147,0.05,pi,24.86978565170411
147,0.05,theta_w,35.53391191242232
147,0.05,theta_h,23.810769238261997
147,0.05,theta_l,24.34027744498305
147,0.05,tajimas_d,-1.0102403717146986
147,0.1,pi,24.865826309529965
147,0.1,theta_w,35.71012342664535
147,0.1,theta_h,23.768555920738564
147,0.1,theta_l,24.31719111513426
147,0.1,tajimas_d,-1.027267636092075
147,0.2,pi,24.662093539933974
147,0.2,theta_w,35.577356512724805
147,0.2,theta_h,21.765406476931513
147,0.2,theta_l,23.213750008432743
147,0.2,tajimas_d,-1.0488430477197017
147,0.3,pi,24.142038654037627
147,0.3,theta_w,33.552946706539196
147,0.3,theta_h,24.136682583964905
147,0.3,theta_l,24.139360619001266
147,0.3,tajimas_d,-0.9687702911985565
147,0.4,pi,24.640301255499864
147,0.4,theta_w,35.65397922638455
147,0.4,theta_h,23.876109506977997
147,0.4,theta_l,24.25820538123893
147,0.4,tajimas_d,-1.0877944957139176
147,0.5,pi,26.198722703892336
147,0.5,theta_w,34.62357061584047
147,0.5,theta_h,23.92695414914757
147,0.5,theta_l,25.062838426519953
147,0.5,tajimas_d,-0.8730866623715181
147,0.6,pi,24.25869085116921
147,0.6,theta_w,35.52995915412353
147,0.6,theta_h,22.209731038597077
147,0.6,theta_l,23.23421094488314
147,0.6,tajimas_d,-1.1705461273475182
148,0.0,pi,41.61131313131313
148,0.0,theta_w,44.23088701177071
148,0.0,theta_h,45.17656565656566
148,0.0,theta_l,43.393939393939384
148,0.0,tajimas_d,-0.1990939099161113
148,0.05,pi,41.49901041049792
148,0.05,theta_w,44.1100737514987
148,0.05,theta_h,45.063857990976125
148,0.05,theta_l,43.281434200737024
148,0.05,tajimas_d,-0.19999624537453806
148,0.1,pi,41.38477125991312
148,0.1,theta_w,43.5968856047087
148,0.1,theta_h,45.56880719403874
148,0.1,theta_l,43.47678922697593
148,0.1,tajimas_d,-0.17225893319710583
148,0.2,pi,41.5053485360549
148,0.2,theta_w,44.87016943660184
148,0.2,theta_h,45.12051181011494
148,0.2,theta_l,43.31293017308492
148,0.2,tajimas_d,-0.2577417344085445
148,0.3,pi,41.68793970331256
148,0.3,theta_w,45.25947737150375
148,0.3,theta_h,45.52474325949424
148,0.3,theta_l,43.60634148140338
148,0.3,tajimas_d,-0.274712428435892
148,0.4,pi,41.55785906930197
148,0.4,theta_w,43.58617878965798
148,0.4,theta_h,45.56570007019008
148,0.4,theta_l,43.56177956974602
148,0.4,tajimas_d,-0.16440963170229683
148,0.5,pi,41.81251523143196
148,0.5,theta_w,43.876219570820865
148,0.5,theta_h,46.25209097833489
148,0.5,theta_l,44.03230310488343
148,0.5,tajimas_d,-0.1698358950772395
148,0.6,pi,41.19130412528385
148,0.6,theta_w,45.16675957096984
148,0.6,theta_h,46.62568249220645
148,0.6,theta_l,43.90849330874516
148,0.6,tajimas_d,-0.3260111364136789
149,0.0,pi,38.106464646464644
149,0.0,theta_w,42.87885116424933
149,0.0,theta_h,48.98444444444444
149,0.0,theta_l,43.54545454545455
149,0.0,tajimas_d,-0.37395336893013725
149,0.05,pi,38.181747164608176
149,0.05,theta_w,42.16991663534267
149,0.05,theta_h,49.032962454945356
149,0.05,theta_l,43.60735480977676
149,0.05,tajimas_d,-0.3193728880032231
149,0.1,pi,38.31968564878206
149,0.1,theta_w,42.595312869232025
149,0.1,theta_h,48.63835970427797
149,0.1,theta_l,43.479022676530015
149,0.1,tajimas_d,-0.3405209148974246
149,0.2,pi,38.12703022460568
149,0.2,theta_w,42.04113387846192
149,0.2,theta_h,49.45309991508453
149,0.2,theta_l,43.790065069845106
149,0.2,tajimas_d,-0.31923652868631724
149,0.3,pi,37.81272667273851
149,0.3,theta_w,41.10613770550499
149,0.3,theta_h,50.34593051453003
149,0.3,theta_l,44.07932859363427
149,0.3,tajimas_d,-0.2784604682647572
149,0.4,pi,37.05572085211547
149,0.4,theta_w,41.572599599663
149,0.4,theta_h,49.332796607724
149,0.4,theta_l,43.19425872991974
149,0.4,tajimas_d,-0.3834896767874291
149,0.5,pi,39.379693850744154
149,0.5,theta_w,43.422997345456686
149,0.5,theta_h,48.74608221939755
149,0.5,theta_l,44.062888035070856
149,0.5,tajimas_d,-0.33612577779505015
149,0.6,pi,38.791868858350824
149,0.6,theta_w,42.02414155963353
149,0.6,theta_h,48.01393821094174
149,0.6,theta_l,43.402903534646285
149,0.6,tajimas_d,-0.2847567079986971
150,0.0,pi,28.24888888888889
150,0.0,theta_w,31.676268427643656
150,0.0,theta_h,30.215757575757575
150,0.0,theta_l,29.232323232323232
150,0.0,tajimas_d,-0.36135380334888506
150,0.05,pi,28.02543306694555
150,0.05,theta_w,31.638414295712
150,0.05,theta_h,30.16168814729144
150,0.05,theta_l,29.093560607118494
150,0.05,tajimas_d,-0.3831470281278713
150,0.1,pi,27.931201889400846
150,0.1,theta_w,31.553704318869418
150,0.1,theta_h,28.351610281559857
150,0.1,theta_l,28.14140608548035
150,0.1,tajimas_d,-0.3871617882243811
150,0.2,pi,28.63133843850134
150,0.2,theta_w,32.724053307413975
150,0.2,theta_h,30.144761810229642
150,0.2,theta_l,29.388050124365492
150,0.2,tajimas_d,-0.42705115283198325
150,0.3,pi,28.26039070342049
150,0.3,theta_w,31.557179568628285
150,0.3,theta_h,28.18228144046268
150,0.3,theta_l,28.221336071941586
150,0.3,tajimas_d,-0.36119994141385986
150,0.4,pi,28.175711889500043
150,0.4,theta_w,30.95326174670586
150,0.4,theta_h,30.798269535582165
150,0.4,theta_l,29.486990712541104
150,0.4,tajimas_d,-0.3152966402990305
150,0.5,pi,28.99904189112941
150,0.5,theta_w,33.06213409461798
150,0.5,theta_h,29.560525136889982
150,0.5,theta_l,29.279783514009697
150,0.5,tajimas_d,-0.44148490822390446
150,0.6,pi,28.471559066450137
150,0.6,theta_w,32.5618391826485
150,0.6,theta_h,29.03207837998274
150,0.6,theta_l,28.75181872321644
150,0.6,tajimas_d,-0.4639779404785204
151,0.0,pi,47.16080808080808
151,0.0,theta_w,48.67329051076952
151,0.0,theta_h,74.81898989898991
151,0.0,theta_l,60.98989898989899
151,0.0,tajimas_d,-0.10461980171543558
151,0.05,pi,47.375653143846
151,0.05,theta_w,48.18484351057596
151,0.05,theta_h,72.98721187372122
151,0.05,theta_l,60.181432508783615
151,0.05,tajimas_d,-0.056791402593173626
151,0.1,pi,47.075440521460365
151,0.1,theta_w,48.70895167450457
151,0.1,theta_h,73.03625474858535
151,0.1,theta_l,60.055847635022864
151,0.1,tajimas_d,-0.11401463788939799
151,0.2,pi,47.013394380505794
151,0.2,theta_w,48.084959270146136
151,0.2,theta_h,73.08354407520444
151,0.2,theta_l,60.04846922785512
151,0.2,tajimas_d,-0.07664629496751472
151,0.3,pi,47.15671293867436
151,0.3,theta_w,48.76164454809612
151,0.3,theta_h,72.8519064207141
151,0.3,theta_l,60.00430967969424
151,0.3,tajimas_d,-0.11464856252008811
151,0.4,pi,47.27569492393484
151,0.4,theta_w,47.595068813387016
151,0.4,theta_h,67.42981230824833
151,0.4,theta_l,57.352753616091576
151,0.4,tajimas_d,-0.02374642837527326
151,0.5,pi,47.3393957163551
151,0.5,theta_w,47.749957318077634
151,0.5,theta_h,73.00764509879305
151,0.5,theta_l,60.17352040757407
151,0.5,tajimas_d,-0.031052842154655508
151,0.6,pi,47.655896496397105
151,0.6,theta_w,47.8354474989674
151,0.6,theta_h,63.2772299793985
151,0.6,theta_l,55.4665632378978
151,0.6,tajimas_d,-0.01393767490731444
152,0.0,pi,33.661818181818184
152,0.0,theta_w,38.822743621685206
152,0.0,theta_h,27.22707070707071
152,0.0,theta_l,30.444444444444446
152,0.0,tajimas_d,-0.44585012000097896
152,0.05,pi,33.43670839401082
152,0.05,theta_w,39.01805031547457
152,0.05,theta_h,27.156050416112375
152,0.05,theta_l,30.296379405061597
152,0.05,tajimas_d,-0.48203994246578014
152,0.1,pi,33.778570611269636
152,0.1,theta_w,39.244428860072496
152,0.1,theta_h,27.13101045209895
152,0.1,theta_l,30.454790531684292
152,0.1,tajimas_d,-0.4718098619266055
152,0.2,pi,34.229451632674376
152,0.2,theta_w,39.37707148101689
152,0.2,theta_h,27.665402638474422
152,0.2,theta_l,30.947427135574394
152,0.2,tajimas_d,-0.44789360305904374
152,0.3,pi,33.42476298735105
152,0.3,theta_w,38.40692920831523
152,0.3,theta_h,27.842087838441795
152,0.3,theta_l,30.633425412896422
152,0.3,tajimas_d,-0.45029498757881625
152,0.4,pi,33.488357281861255
152,0.4,theta_w,37.13468480594364
152,0.4,theta_h,26.901442100200967
152,0.4,theta_l,30.19489969103111
152,0.4,tajimas_d,-0.3458425647164272
152,0.5,pi,33.20048050553848
152,0.5,theta_w,38.03831180655541
152,0.5,theta_h,27.344799471384103
152,0.5,theta_l,30.27263998846129
152,0.5,tajimas_d,-0.45792133084894726
152,0.6,pi,31.73670457975274
152,0.6,theta_w,34.81083013577127
152,0.6,theta_h,28.13350690185524
152,0.6,theta_l,29.935105740803998
152,0.6,tajimas_d,-0.32560180740211864
153,0.0,pi,41.88323232323232
153,0.0,theta_w,40.174779469206584
153,0.0,theta_h,45.712727272727264
153,0.0,theta_l,43.79797979797979
153,0.0,tajimas_d,0.14271620851221775
153,0.05,pi,41.818020613835934
153,0.05,theta_w,39.61996733506054
153,0.05,theta_h,45.60568103296954
153,0.05,theta_l,43.71185082340274
153,0.05,tajimas_d,0.18708410832939062
153,0.1,pi,41.84845082487999
153,0.1,theta_w,40.043701977684165
153,0.1,theta_h,45.597461487077
153,0.1,theta_l,43.7229561559785
153,0.1,tajimas_d,0.15277120805745614
153,0.2,pi,41.91068722547713
153,0.2,theta_w,39.61225153253527
153,0.2,theta_h,46.3760233264703
153,0.2,theta_l,44.14335527597372
153,0.2,tajimas_d,0.19872970366547787
153,0.3,pi,41.42460363417483
153,0.3,theta_w,39.2177220366033
153,0.3,theta_h,40.98001049625328
153,0.3,theta_l,41.20230706521405
153,0.3,tajimas_d,0.1953166462616064
153,0.4,pi,41.73480782605706
153,0.4,theta_w,39.497017837757326
153,0.4,theta_h,37.79897496956195
153,0.4,theta_l,39.7668913978095
153,0.4,tajimas_d,0.20013215486359454
153,0.5,pi,42.239322740841075
153,0.5,theta_w,38.860734154982865
153,0.5,theta_h,40.33642868238864
153,0.5,theta_l,41.28787571161485
153,0.5,tajimas_d,0.3132324206684187
153,0.6,pi,41.74983512929178
153,0.6,theta_w,38.74439029807235
153,0.6,theta_h,43.26481632489848
153,0.6,theta_l,42.507325727095136
153,0.6,tajimas_d,0.28781079575722224
154,0.0,pi,42.132121212121206
154,0.0,theta_w,38.24329968703319
154,0.0,theta_h,42.83757575757576
154,0.0,theta_l,42.484848484848484
154,0.0,tajimas_d,0.3409462460759138
154,0.05,pi,42.28031877537145
154,0.05,theta_w,38.63422915563154
154,0.05,theta_h,43.063812162330514
154,0.05,theta_l,42.67206546885098
154,0.05,tajimas_d,0.31801992836196846
154,0.1,pi,42.257287437210685
154,0.1,theta_w,38.674359154797536
154,0.1,theta_h,42.511644386311346
154,0.1,theta_l,42.38446591176102
154,0.1,tajimas_d,0.31392095116913715
154,0.2,pi,42.25135896608613
154,0.2,theta_w,38.57281446430794
154,0.2,theta_h,43.6068181843204
154,0.2,theta_l,42.92908857520327
154,0.2,tajimas_d,0.32664693475076695
154,0.3,pi,42.14464978491088
154,0.3,theta_w,38.65251699004774
154,0.3,theta_h,43.48274456012947
154,0.3,theta_l,42.81369717252018
154,0.3,tajimas_d,0.313495146906615
154,0.4,pi,42.25046195748991
154,0.4,theta_w,38.79235890120998
154,0.4,theta_h,42.915163138718846
154,0.4,theta_l,42.58281254810437
154,0.4,tajimas_d,0.3143009885461744
154,0.5,pi,42.72376297962445
154,0.5,theta_w,40.17149120212092
154,0.5,theta_h,44.473566471896234
154,0.5,theta_l,43.59866472576035
154,0.5,tajimas_d,0.22887271647003748
154,0.6,pi,43.37490907580654
154,0.6,theta_w,39.687527398072845
154,0.6,theta_h,43.23144381668431
154,0.6,theta_l,43.30317644624542
154,0.6,tajimas_d,0.34374489321832813
155,0.0,pi,28.248888888888892
155,0.0,theta_w,32.255712362295675
155,0.0,theta_h,28.074343434343433
155,0.0,theta_l,28.161616161616163
155,0.0,tajimas_d,-0.4150278048009717
155,0.05,pi,28.485071071813557
155,0.05,theta_w,32.3754779214024
155,0.05,theta_h,28.129766234157106
155,0.05,theta_l,28.307418652985337
155,0.05,tajimas_d,-0.40327423062733103
155,0.1,pi,28.51481606064045
155,0.1,theta_w,32.34006470082519
155,0.1,theta_h,28.09195637408291
155,0.1,theta_l,28.30338621736168
155,0.1,tajimas_d,-0.39908216300627036
155,0.2,pi,27.94427431838291
155,0.2,theta_w,31.666823188591174
155,0.2,theta_h,28.27716648815645
155,0.2,theta_l,28.11072040326968
155,0.2,tajimas_d,-0.4005168024556298
155,0.3,pi,28.43849088369612
155,0.3,theta_w,32.16232788125386
155,0.3,theta_h,27.895801297936764
155,0.3,theta_l,28.167146090816445
155,0.3,tajimas_d,-0.40026567176256966
155,0.4,pi,28.090333981766438
155,0.4,theta_w,32.58887978657357
155,0.4,theta_h,26.142346046834415
155,0.4,theta_l,27.116340014300423
155,0.4,tajimas_d,-0.48518944814943676
155,0.5,pi,27.498049081576216
155,0.5,theta_w,32.82860399576926
155,0.5,theta_h,28.200194659380486
155,0.5,theta_l,27.849121870478353
155,0.5,tajimas_d,-0.5830613921912453
155,0.6,pi,28.327065465492492
155,0.6,theta_w,32.5824575105601
155,0.6,theta_h,27.767463798462007
155,0.6,theta_l,28.04726463197725
155,0.6,tajimas_d,-0.48270729165469123
156,0.0,pi,30.733535353535352
156,0.0,theta_w,35.732375970207784
156,0.0,theta_h,41.24626262626262
156,0.0,theta_l,35.98989898989899
156,0.0,tajimas_d,-0.46843197753164967
156,0.05,pi,30.57715902166464
156,0.05,theta_w,35.8989609735353
156,0.05,theta_h,41.485078421373885
156,0.05,theta_l,36.03111872151926
156,0.05,tajimas_d,-0.4987795120600054
156,0.1,pi,31.162243334453542
156,0.1,theta_w,36.07760544156308
156,0.1,theta_h,41.281578089039996
156,0.1,theta_l,36.221910711746766
156,0.1,tajimas_d,-0.460640182079655
156,0.2,pi,30.791726053364425
156,0.2,theta_w,35.69323238302699
156,0.2,theta_h,40.94428246223094
156,0.2,theta_l,35.86800425779768
156,0.2,tajimas_d,-0.4689745262529854
156,0.3,pi,30.540389551927284
156,0.3,theta_w,36.5205750635108
156,0.3,theta_h,39.82308659315474
156,0.3,theta_l,35.18173807254101
156,0.3,tajimas_d,-0.56759562051968
156,0.4,pi,31.42928356753129
156,0.4,theta_w,34.771120154685406
156,0.4,theta_h,41.7074092716017
156,0.4,theta_l,36.56834641956649
156,0.4,tajimas_d,-0.33805060284084865
156,0.5,pi,30.366705621570244
156,0.5,theta_w,32.88050494674728
156,0.5,theta_h,39.776450070285286
156,0.5,theta_l,35.07157784592776
156,0.5,tajimas_d,-0.274961867539267
156,0.6,pi,32.24818006118091
156,0.6,theta_w,36.32337837529974
156,0.6,theta_h,40.31437676216966
156,0.6,theta_l,36.28127841167529
156,0.6,tajimas_d,-0.4151262062325448
157,0.0,pi,39.2230303030303
157,0.0,theta_w,41.52681531672796
157,0.0,theta_h,37.78707070707071
157,0.0,theta_l,38.505050505050505
157,0.0,tajimas_d,-0.18629265332212447
157,0.05,pi,39.380003682152754
157,0.05,theta_w,41.540629027275386
157,0.05,theta_h,37.802194364464576
157,0.05,theta_l,38.591099023308665
157,0.05,tajimas_d,-0.17541698017016158
157,0.1,pi,39.17246524885599
157,0.1,theta_w,41.43319261797011
157,0.1,theta_h,37.578966233197164
157,0.1,theta_l,38.37571574102657
157,0.1,tajimas_d,-0.18510310011162634
157,0.2,pi,38.887576950691845
157,0.2,theta_w,40.001539215120744
157,0.2,theta_h,38.153110486976416
157,0.2,theta_l,38.52034371883413
157,0.2,tajimas_d,-0.0954837005548246
157,0.3,pi,39.01726502144885
157,0.3,theta_w,41.57339160491956
157,0.3,theta_h,37.92900617806696
157,0.3,theta_l,38.4731355997579
157,0.3,tajimas_d,-0.21368182658355495
157,0.4,pi,39.59432232790357
157,0.4,theta_w,42.50400690567918
157,0.4,theta_h,38.04187340566595
157,0.4,theta_l,38.81809786678476
157,0.4,tajimas_d,-0.2417073224157862
157,0.5,pi,39.076053733973815
157,0.5,theta_w,40.46488735170249
157,0.5,theta_h,38.88253220677952
157,0.5,theta_l,38.97929297037667
157,0.5,tajimas_d,-0.12360632112265002
157,0.6,pi,39.77614459295159
157,0.6,theta_w,41.66613408987583
157,0.6,theta_h,38.00580103190636
157,0.6,theta_l,38.89097281242897
157,0.6,tajimas_d,-0.16791283908486987
158,0.0,pi,47.71414141414141
158,0.0,theta_w,46.35551477216144
158,0.0,theta_h,34.81111111111111
158,0.0,theta_l,41.262626262626256
158,0.0,tajimas_d,0.0986014999416502
158,0.05,pi,47.67565177544691
158,0.05,theta_w,46.238725054346155
158,0.05,theta_h,35.08237974276568
158,0.05,theta_l,41.379015759106295
158,0.05,tajimas_d,0.10503527999227773
158,0.1,pi,47.86937744062973
158,0.1,theta_w,45.71226678677531
158,0.1,theta_h,34.62721356550553
158,0.1,theta_l,41.24829550306763
158,0.1,tajimas_d,0.16013893696163928
158,0.2,pi,47.87876425099414
158,0.2,theta_w,46.45019203441425
158,0.2,theta_h,34.59438616578363
158,0.2,theta_l,41.236575208388885
158,0.2,tajimas_d,0.10568057895986901
158,0.3,pi,48.147653664665576
158,0.3,theta_w,47.75857363259219
158,0.3,theta_h,34.809619833297006
158,0.3,theta_l,41.47863674898129
158,0.3,tajimas_d,0.02838908824307647
158,0.4,pi,47.86394671990077
158,0.4,theta_w,45.06325097002372
158,0.4,theta_h,33.250467587072684
158,0.4,theta_l,40.55720715348673
158,0.4,tajimas_d,0.2199519827008049
158,0.5,pi,47.746061509806836
158,0.5,theta_w,43.308869040981634
158,0.5,theta_h,34.04063551642548
158,0.5,theta_l,40.89334851311615
158,0.5,tajimas_d,0.36964863874933723
158,0.6,pi,47.619715800550146
158,0.6,theta_w,45.55646550070527
158,0.6,theta_h,33.78771152837199
158,0.6,theta_l,40.70371366446107
158,0.6,tajimas_d,0.16833522049174202
159,0.0,pi,42.96767676767677
159,0.0,theta_w,39.788483512771904
159,0.0,theta_h,35.53737373737374
159,0.0,theta_l,39.25252525252525
159,0.0,tajimas_d,0.26810584891637756
159,0.05,pi,43.03932471977425
159,0.05,theta_w,39.806170742768785
159,0.05,theta_h,35.6016115938056
159,0.05,theta_l,39.32046815678992
159,0.05,tajimas_d,0.27386105655347387
159,0.1,pi,43.00058530193036
159,0.1,theta_w,39.82203332086143
159,0.1,theta_h,35.75882688437025
159,0.1,theta_l,39.379706093150304
159,0.1,tajimas_d,0.2703706488483894
159,0.2,pi,43.101585786825474
159,0.2,theta_w,39.59883202638918
159,0.2,theta_h,36.50661771446215
159,0.2,theta_l,39.80410175064381
159,0.2,tajimas_d,0.3032475222778174
159,0.3,pi,42.93717791469177
159,0.3,theta_w,40.25153386753342
159,0.3,theta_h,35.007639084851064
159,0.3,theta_l,38.97240849977142
159,0.3,tajimas_d,0.2316718355341444
159,0.4,pi,43.44208761500823
159,0.4,theta_w,39.97026385263679
159,0.4,theta_h,34.85714790173565
159,0.4,theta_l,39.14961775837194
159,0.4,tajimas_d,0.30668235611929184
159,0.5,pi,43.50699068949855
159,0.5,theta_w,41.37992180678011
159,0.5,theta_h,36.47851137946789
159,0.5,theta_l,39.99275103448321
159,0.5,tajimas_d,0.1856746556106217
159,0.6,pi,43.342055828505764
159,0.6,theta_w,41.495852059187854
159,0.6,theta_h,36.79857674461573
159,0.6,theta_l,40.070316286560754
159,0.6,tajimas_d,0.164939575775322
160,0.0,pi,38.980000000000004
160,0.0,theta_w,39.209039578119885
160,0.0,theta_h,70.05030303030303
160,0.0,theta_l,54.51515151515151
160,0.0,tajimas_d,-0.019595335393446482
160,0.05,pi,39.18826758037961
160,0.05,theta_w,39.61412333994594
160,0.05,theta_h,70.21060961492277
160,0.05,theta_l,54.699438597651195
160,0.05,tajimas_d,-0.036246093679671694
160,0.1,pi,38.9055294312124
160,0.1,theta_w,39.45038406068184
160,0.1,theta_h,70.42651659744568
160,0.1,theta_l,54.66602301432905
160,0.1,tajimas_d,-0.04680074044648434
160,0.2,pi,38.961362671606025
160,0.2,theta_w,37.94153959325944
160,0.2,theta_h,70.13336705990446
160,0.2,theta_l,54.54736486575525
160,0.2,tajimas_d,0.09197568938781299
160,0.3,pi,39.41943900958406
160,0.3,theta_w,38.45589008301551
160,0.3,theta_h,67.6449401170936
160,0.3,theta_l,53.532189563338825
160,0.3,tajimas_d,0.08695843321467679
160,0.4,pi,39.22359010546388
160,0.4,theta_w,38.818871046198566
160,0.4,theta_h,67.62638231116705
160,0.4,theta_l,53.42498620831546
160,0.4,tajimas_d,0.03678421329276542
160,0.5,pi,39.43017628611764
160,0.5,theta_w,38.19515748497615
160,0.5,theta_h,67.39843558658734
160,0.5,theta_l,53.414305936352484
160,0.5,tajimas_d,0.11647210615917543
160,0.6,pi,39.4916588572875
160,0.6,theta_w,38.87713612676569
160,0.6,theta_h,59.751547988008895
160,0.6,theta_l,49.62160342264819
160,0.6,tajimas_d,0.058498128116523065
161,0.0,pi,36.621212121212125
161,0.0,theta_w,38.050151708815854
161,0.0,theta_h,28.893939393939394
161,0.0,theta_l,32.75757575757576
161,0.0,tajimas_d,-0.12590369779285046
161,0.05,pi,36.820113386471895
161,0.05,theta_w,37.86319837317515
161,0.05,theta_h,28.860985028583666
161,0.05,theta_l,32.84054920752778
161,0.05,tajimas_d,-0.09281982635590594
161,0.1,pi,36.1827930109826
161,0.1,theta_w,37.46092437439513
161,0.1,theta_h,29.071617227429616
161,0.1,theta_l,32.6272051192061
161,0.1,tajimas_d,-0.11545207476430483
161,0.2,pi,36.797781783221325
161,0.2,theta_w,38.79701476028808
161,0.2,theta_h,29.37075793994396
161,0.2,theta_l,33.08426986158265
161,0.2,tajimas_d,-0.17662026198553413
161,0.3,pi,37.18777990243222
161,0.3,theta_w,37.76234798803724
161,0.3,theta_h,29.00207248244078
161,0.3,theta_l,33.0949261924365
161,0.3,tajimas_d,-0.05277002963812692
161,0.4,pi,35.990483307265265
161,0.4,theta_w,36.65406618586382
161,0.4,theta_h,29.79062580654078
161,0.4,theta_l,32.89055455690303
161,0.4,tajimas_d,-0.06377103566879737
161,0.5,pi,36.85594519964789
161,0.5,theta_w,38.033733100794535
161,0.5,theta_h,28.719125963020556
161,0.5,theta_l,32.787535581334225
161,0.5,tajimas_d,-0.1114826395532827
161,0.6,pi,36.96237766076451
161,0.6,theta_w,37.00927239692189
161,0.6,theta_h,29.95944915243802
161,0.6,theta_l,33.46091340660127
161,0.6,tajimas_d,-0.004687378426890532
162,0.0,pi,58.54808080808081
162,0.0,theta_w,48.48014253255218
162,0.0,theta_h,54.92666666666666
162,0.0,theta_l,56.737373737373744
162,0.0,tajimas_d,0.6991408012211895
162,0.05,pi,58.577324401005995
162,0.05,theta_w,48.57312947850751
162,0.05,theta_h,54.98527845265728
162,0.05,theta_l,56.78130142683165
162,0.05,tajimas_d,0.6965703253315341
162,0.1,pi,58.3226171877137
162,0.1,theta_w,48.915557028103855
162,0.1,theta_h,55.3819369090345
162,0.1,theta_l,56.8522770483741
162,0.1,tajimas_d,0.6539794587260974
162,0.2,pi,59.234311328051014
162,0.2,theta_w,49.07956268825217
162,0.2,theta_h,54.97577795258594
162,0.2,theta_l,57.105044640318475
162,0.2,tajimas_d,0.7116198140234843
162,0.3,pi,58.07005192495574
162,0.3,theta_w,49.41852066521006
162,0.3,theta_h,55.376592346973936
162,0.3,theta_l,56.723322135964835
162,0.3,tajimas_d,0.6103472046605691
162,0.4,pi,58.24273035638821
162,0.4,theta_w,48.24670797034148
162,0.4,theta_h,53.81817728613757
162,0.4,theta_l,56.03045382126288
162,0.4,tajimas_d,0.7334713195183596
162,0.5,pi,59.30740246501088
162,0.5,theta_w,50.273150131949855
162,0.5,theta_h,54.93353325142975
162,0.5,theta_l,57.12046785822032
162,0.5,tajimas_d,0.6489866454883806
162,0.6,pi,57.658936766734556
162,0.6,theta_w,49.258270813669284
162,0.6,theta_h,56.717605385826076
162,0.6,theta_l,57.18827107628031
162,0.6,tajimas_d,0.6336397888234528
163,0.0,pi,27.84262626262626
163,0.0,theta_w,29.9379366236876
163,0.0,theta_h,21.712929292929292
163,0.0,theta_l,24.77777777777778
163,0.0,tajimas_d,-0.23342792270043794
163,0.05,pi,27.964137182488997
163,0.05,theta_w,29.66165574362135
163,0.05,theta_h,21.677519040396415
163,0.05,theta_l,24.820828111442708
163,0.05,tajimas_d,-0.19177408342384578
163,0.1,pi,27.570037904801477
163,0.1,theta_w,30.184594525905347
163,0.1,theta_h,21.766213469928914
163,0.1,theta_l,24.668125687365198
163,0.1,tajimas_d,-0.2919146242713316
163,0.2,pi,27.709031564882483
163,0.2,theta_w,29.947832726520026
163,0.2,theta_h,21.479933159853637
163,0.2,theta_l,24.594482362368062
163,0.2,tajimas_d,-0.2548522417741477
163,0.3,pi,27.6330861163208
163,0.3,theta_w,30.355511245710737
163,0.3,theta_h,21.73035664023427
163,0.3,theta_l,24.681721378277533
163,0.3,tajimas_d,-0.30979154898488676
163,0.4,pi,28.086623631548726
163,0.4,theta_w,31.301658568724093
163,0.4,theta_h,22.21948874276282
163,0.4,theta_l,25.15305618715577
163,0.4,tajimas_d,-0.36068795105486784
163,0.5,pi,27.915251830144808
163,0.5,theta_w,29.22389608529099
163,0.5,theta_h,21.85985855736145
163,0.5,theta_l,24.88755519375313
163,0.5,tajimas_d,-0.1602127895032038
163,0.6,pi,28.237172302211377
163,0.6,theta_w,29.8417346614778
163,0.6,theta_h,23.685725251549293
163,0.6,theta_l,25.96144877688033
163,0.6,tajimas_d,-0.19793484142205955
164,0.0,pi,48.68404040404041
164,0.0,theta_w,42.10625925137998
164,0.0,theta_h,39.235151515151514
164,0.0,theta_l,43.95959595959596
164,0.0,tajimas_d,0.5247120052521882
164,0.05,pi,48.86650349209525
164,0.05,theta_w,42.328111878288915
164,0.05,theta_h,39.35653069139977
164,0.05,theta_l,44.1115170917475
164,0.05,tajimas_d,0.5212237773782812
164,0.1,pi,48.78484808683877
164,0.1,theta_w,42.590538668525554
164,0.1,theta_h,39.1417361860043
164,0.1,theta_l,43.96329213642154
164,0.1,tajimas_d,0.4933292360459271
164,0.2,pi,48.94709443720092
164,0.2,theta_w,42.401635945103905
164,0.2,theta_h,40.323671378180805
164,0.2,theta_l,44.635382907690854
164,0.2,tajimas_d,0.5295348656735323
164,0.3,pi,48.60893432600135
164,0.3,theta_w,41.80750124883886
164,0.3,theta_h,39.598457989638376
164,0.3,theta_l,44.103696157819854
164,0.3,tajimas_d,0.5657920100939835
164,0.4,pi,48.888353410317805
164,0.4,theta_w,41.45294311719968
164,0.4,theta_h,38.79421334186125
164,0.4,theta_l,43.84128337608952
164,0.4,tajimas_d,0.6333880475489578
164,0.5,pi,49.03726314017288
164,0.5,theta_w,41.15935579433489
164,0.5,theta_h,38.07545356303039
164,0.5,theta_l,43.556358351601645
164,0.5,tajimas_d,0.6913469915320524
164,0.6,pi,50.11625544714612
164,0.6,theta_w,42.65734063189842
164,0.6,theta_h,37.72371351768943
164,0.6,theta_l,43.919984482417775
164,0.6,tajimas_d,0.6482611682079815
165,0.0,pi,47.88828282828283
165,0.0,theta_w,42.87885116424933
165,0.0,theta_h,45.748080808080815
165,0.0,theta_l,46.81818181818183
165,0.0,tajimas_d,0.3925276882351519
165,0.05,pi,47.967310832660324
165,0.05,theta_w,43.113498658552345
165,0.05,theta_h,45.94474229433893
165,0.05,theta_l,46.956026563499634
165,0.05,tajimas_d,0.3800493093426162
165,0.1,pi,47.70517746663662
165,0.1,theta_w,42.96884980188795
165,0.1,theta_h,45.470317651081714
165,0.1,theta_l,46.587747558859164
165,0.1,tajimas_d,0.3738103887083919
165,0.2,pi,47.6748151131182
165,0.2,theta_w,42.069604528623266
165,0.2,theta_h,46.2860665745743
165,0.2,theta_l,46.98044084384625
165,0.2,tajimas_d,0.4571641754522858
165,0.3,pi,47.499999907572814
165,0.3,theta_w,44.25340929994107
165,0.3,theta_h,45.83097689602652
165,0.3,theta_l,46.665488401799664
165,0.3,tajimas_d,0.2554849769602144
165,0.4,pi,47.41025806011424
165,0.4,theta_w,43.15682517357027
165,0.4,theta_h,46.648754395490215
165,0.4,theta_l,47.02950622780223
165,0.4,tajimas_d,0.34814513782937356
165,0.5,pi,48.45201119082814
165,0.5,theta_w,44.957050326986376
165,0.5,theta_h,47.111471772077515
165,0.5,theta_l,47.781741481452826
165,0.5,tajimas_d,0.2805791767434611
165,0.6,pi,48.378342662660174
165,0.6,theta_w,45.62957665753649
165,0.6,theta_h,48.538682472056074
165,0.6,theta_l,48.45851256735812
165,0.6,tajimas_d,0.22371617423602044
166,0.0,pi,42.91171717171717
166,0.0,theta_w,47.70755061968282
166,0.0,theta_h,49.148888888888884
166,0.0,theta_l,46.03030303030303
166,0.0,tajimas_d,-0.3383434628676936
166,0.05,pi,42.989687800009236
166,0.05,theta_w,47.613607214645086
166,0.05,theta_h,49.39148848372082
166,0.05,theta_l,46.19058814186502
166,0.05,tajimas_d,-0.328448792634694
166,0.1,pi,42.95017014185911
166,0.1,theta_w,47.70332096664898
166,0.1,theta_h,49.23102999594123
166,0.1,theta_l,46.090600068900166
166,0.1,tajimas_d,-0.3385060544328038
166,0.2,pi,43.096263691518836
166,0.2,theta_w,48.501886493429154
166,0.2,theta_h,49.459951986339945
166,0.2,theta_l,46.27810783892939
166,0.2,tajimas_d,-0.38347671924469734
166,0.3,pi,42.898835913988336
166,0.3,theta_w,45.66202623224696
166,0.3,theta_h,47.97764091373331
166,0.3,theta_l,45.43823841386083
166,0.3,tajimas_d,-0.2106349834795466
166,0.4,pi,42.72509253331957
166,0.4,theta_w,46.92999152314426
166,0.4,theta_h,50.35244966790886
166,0.4,theta_l,46.53877110061421
166,0.4,tajimas_d,-0.31686510339802154
166,0.5,pi,42.39519617334793
166,0.5,theta_w,45.14583887526926
166,0.5,theta_h,48.80902599518244
166,0.5,theta_l,45.602111084265175
166,0.5,tajimas_d,-0.2197481398195828
166,0.6,pi,42.488775898570694
166,0.6,theta_w,47.859808925636756
166,0.6,theta_h,50.16827962362683
166,0.6,theta_l,46.32852776109876
166,0.6,tajimas_d,-0.4169272862644637
167,0.0,pi,58.770707070707076
167,0.0,theta_w,47.32125466324814
167,0.0,theta_h,69.00707070707071
167,0.0,theta_l,63.88888888888888
167,0.0,tajimas_d,0.8142436938378541
167,0.05,pi,58.849714142671246
167,0.05,theta_w,47.59678041319061
167,0.05,theta_h,69.08394924226796
167,0.05,theta_l,63.9668316924696
167,0.05,tajimas_d,0.7993245914596491
167,0.1,pi,58.91002616857699
167,0.1,theta_w,47.152518839964614
167,0.1,theta_h,69.24139906170971
167,0.1,theta_l,64.07571261514335
167,0.1,tajimas_d,0.847683528725461
167,0.2,pi,58.43454736610034
167,0.2,theta_w,47.445498647724456
167,0.2,theta_h,68.84973638173133
167,0.2,theta_l,63.64214187391583
167,0.2,tajimas_d,0.7958988401743299
167,0.3,pi,59.32753654206347
167,0.3,theta_w,48.211085269351706
167,0.3,theta_h,69.71757972632572
167,0.3,theta_l,64.5225581341946
167,0.3,tajimas_d,0.8042203826232084
167,0.4,pi,58.93430615079821
167,0.4,theta_w,47.470862478411064
167,0.4,theta_h,68.17929608025544
167,0.4,theta_l,63.55680111552684
167,0.4,tajimas_d,0.8546418485236511
167,0.5,pi,59.9296980453351
167,0.5,theta_w,51.44643163558162
167,0.5,theta_h,72.11137861057443
167,0.5,theta_l,66.02053832795477
167,0.5,tajimas_d,0.5976055838344743
167,0.6,pi,59.417271975220594
167,0.6,theta_w,50.109540449819086
167,0.6,theta_h,73.24980028607345
167,0.6,theta_l,66.33353613064702
167,0.6,tajimas_d,0.6922572955721629
168,0.0,pi,46.21050505050505
168,0.0,theta_w,42.29940722959732
168,0.0,theta_h,38.072323232323235
168,0.0,theta_l,42.141414141414145
168,0.0,tajimas_d,0.3105898671291729
168,0.05,pi,46.107230784053314
168,0.05,theta_w,42.32791979053853
168,0.05,theta_h,37.83110114823104
168,0.05,theta_l,41.96916596614217
168,0.05,tajimas_d,0.3012769604940014
168,0.1,pi,46.15022021782745
168,0.1,theta_w,42.41700203120023
168,0.1,theta_h,38.627042128614264
168,0.1,theta_l,42.38863117322086
168,0.1,tajimas_d,0.2986812413589325
168,0.2,pi,46.53791140473365
168,0.2,theta_w,43.609330670236545
168,0.2,theta_h,38.31831684356422
168,0.2,theta_l,42.42811412414894
168,0.2,tajimas_d,0.230453715847323
168,0.3,pi,46.23620820504046
168,0.3,theta_w,42.371137041532606
168,0.3,theta_h,38.79059050349865
168,0.3,theta_l,42.51339935426955
168,0.3,tajimas_d,0.3173461699826318
168,0.4,pi,46.69142199604987
168,0.4,theta_w,43.17906342082185
168,0.4,theta_h,38.61879607297154
168,0.4,theta_l,42.65510903451071
168,0.4,tajimas_d,0.2879900634053131
168,0.5,pi,46.37924402603666
168,0.5,theta_w,43.559929263553315
168,0.5,theta_h,40.217125188989364
168,0.5,theta_l,43.298184607513015
168,0.5,tajimas_d,0.23368313777883548
168,0.6,pi,45.124458707962155
168,0.6,theta_w,42.604499589740094
168,0.6,theta_h,38.26542261093342
168,0.6,theta_l,41.694940659447795
168,0.6,tajimas_d,0.21901197188571714
169,0.0,pi,29.234949494949497
169,0.0,theta_w,33.02830427516503
169,0.0,theta_h,37.29030303030303
169,0.0,theta_l,33.26262626262626
169,0.0,tajimas_d,-0.3839283173252494
169,0.05,pi,29.15067153595761
169,0.05,theta_w,32.77915457348734
169,0.05,theta_h,35.3416448693515
169,0.05,theta_l,32.246158202654556
169,0.05,tajimas_d,-0.3717450952577839
169,0.1,pi,29.273009320931937
169,0.1,theta_w,32.39336168360618
169,0.1,theta_h,37.23963474852097
169,0.1,theta_l,33.25632203472645
169,0.1,tajimas_d,-0.3251770212899996
169,0.2,pi,29.208514411927677
169,0.2,theta_w,33.344475933825315
169,0.2,theta_h,37.24636966476409
169,0.2,theta_l,33.22744203834588
169,0.2,tajimas_d,-0.42388631505145896
169,0.3,pi,29.05820876788349
169,0.3,theta_w,33.80713783073949
169,0.3,theta_h,38.192088597111955
169,0.3,theta_l,33.62514868249772
169,0.3,tajimas_d,-0.4859245039906033
169,0.4,pi,28.476306751134942
169,0.4,theta_w,31.370218858985137
169,0.4,theta_h,37.34074792561558
169,0.4,theta_l,32.90852733837526
169,0.4,tajimas_d,-0.3241057464225092
169,0.5,pi,28.407183030422082
169,0.5,theta_w,32.466994683868286
169,0.5,theta_h,39.46536835496972
169,0.5,theta_l,33.9362756926959
169,0.5,tajimas_d,-0.44912896436787264
169,0.6,pi,29.186336582167993
169,0.6,theta_w,33.324589354479336
169,0.6,theta_h,34.85905059378823
169,0.6,theta_l,32.022693587978104
169,0.6,tajimas_d,-0.45764625393296665
170,0.0,pi,37.061010101010105
170,0.0,theta_w,35.152932035555764
170,0.0,theta_h,45.161212121212124
170,0.0,theta_l,41.11111111111111
170,0.0,tajimas_d,0.1816884516085665
170,0.05,pi,36.92164050728638
170,0.05,theta_w,35.52840714919221
170,0.05,theta_h,45.33861600688538
170,0.05,theta_l,41.130128257085886
170,0.05,tajimas_d,0.1319846137560241
170,0.1,pi,37.228838707873074
170,0.1,theta_w,35.695861733307396
170,0.1,theta_h,45.38628268322123
170,0.1,theta_l,41.30756069554715
170,0.1,tajimas_d,0.14521712341874302
170,0.2,pi,36.75044473474058
170,0.2,theta_w,35.33485844054948
170,0.2,theta_h,45.645987796809095
170,0.2,theta_l,41.198216265774846
170,0.2,tajimas_d,0.13695918721972358
170,0.3,pi,37.584414140918
170,0.3,theta_w,35.74286066069491
170,0.3,theta_h,45.087718937893676
170,0.3,theta_l,41.336066539405834
170,0.3,tajimas_d,0.17850771767335677
170,0.4,pi,37.73594119059002
170,0.4,theta_w,35.97773020985358
170,0.4,theta_h,46.20128885790708
170,0.4,theta_l,41.96861502424855
170,0.4,tajimas_d,0.17192419744838142
170,0.5,pi,37.274204767553734
170,0.5,theta_w,35.67700079511793
170,0.5,theta_h,45.5066605346288
170,0.5,theta_l,41.39043265109127
170,0.5,tajimas_d,0.1607839603237438
170,0.6,pi,37.53493645579048
170,0.6,theta_w,34.38144880829811
170,0.6,theta_h,46.38636019606138
170,0.6,theta_l,41.96064832592594
170,0.6,tajimas_d,0.3384939995977392
171,0.0,pi,44.998585858585855
171,0.0,theta_w,46.93495870681346
171,0.0,theta_h,73.64787878787878
171,0.0,theta_l,59.32323232323232
171,0.0,tajimas_d,-0.13882341208259455
171,0.05,pi,45.24328069226055
171,0.05,theta_w,47.01909129004405
171,0.05,theta_h,73.57189586883203
171,0.05,theta_l,59.40758828054628
171,0.05,tajimas_d,-0.12768598643387374
171,0.1,pi,45.2053994745473
171,0.1,theta_w,47.32734681113979
171,0.1,theta_h,73.83972544790065
171,0.1,theta_l,59.52256246122398
171,0.1,tajimas_d,-0.152358931193202
171,0.2,pi,45.27761315275103
171,0.2,theta_w,46.67035843335032
171,0.2,theta_h,73.23940630482089
171,0.2,theta_l,59.25850972878596
171,0.2,tajimas_d,-0.10259117233373974
171,0.3,pi,45.75562767033872
171,0.3,theta_w,46.8852321875077
171,0.3,theta_h,73.73526262302398
171,0.3,theta_l,59.74544514668134
171,0.3,tajimas_d,-0.08385756616288022
171,0.4,pi,45.197960333131576
171,0.4,theta_w,44.207224972987994
171,0.4,theta_h,74.54396821713082
171,0.4,theta_l,59.87096427513121
171,0.4,tajimas_d,0.07929370397832741
171,0.5,pi,45.07785604160685
171,0.5,theta_w,47.528013048235614
171,0.5,theta_h,75.96549409649609
171,0.5,theta_l,60.52167506905147
171,0.5,tajimas_d,-0.18617496261862768
171,0.6,pi,43.82726773177086
171,0.6,theta_w,44.97561587578036
171,0.6,theta_h,75.3171510840799
171,0.6,theta_l,59.572209407925385
171,0.6,tajimas_d,-0.09490733778447785
172,0.0,pi,36.898585858585854
172,0.0,theta_w,36.891263839511815
172,0.0,theta_h,29.444848484848485
172,0.0,theta_l,33.17171717171718
172,0.0,tajimas_d,0.0006650062685648043
172,0.05,pi,36.90679319952636
172,0.05,theta_w,36.68618449064857
172,0.05,theta_h,29.25872853353082
172,0.05,theta_l,33.08276086652859
172,0.05,tajimas_d,0.02024511483663315
172,0.1,pi,36.85971390694584
172,0.1,theta_w,37.25627980545878
172,0.1,theta_h,29.32038464311183
172,0.1,theta_l,33.09004927502883
172,0.1,tajimas_d,-0.03600715271782998
172,0.2,pi,36.94095642461818
172,0.2,theta_w,37.57529826385391
172,0.2,theta_h,29.388699126924372
172,0.2,theta_l,33.16482777577127
172,0.2,tajimas_d,-0.05781328035479237
172,0.3,pi,36.78969609114546
172,0.3,theta_w,36.50788770714719
172,0.3,theta_h,29.78352171644389
172,0.3,theta_l,33.28660890379467
172,0.3,tajimas_d,0.02674719777059064
172,0.4,pi,36.83116142307324
172,0.4,theta_w,36.70616905510243
172,0.4,theta_h,30.07137746911853
172,0.4,theta_l,33.451269446095885
172,0.4,tajimas_d,0.012011902376125377
172,0.5,pi,36.70739410117802
172,0.5,theta_w,38.21866506072956
172,0.5,theta_h,29.324096154557417
172,0.5,theta_l,33.01574512786772
172,0.5,tajimas_d,-0.14252488421510293
172,0.6,pi,38.64613628195602
172,0.6,theta_w,37.09425001114059
172,0.6,theta_h,30.784665758417553
172,0.6,theta_l,34.71540102018679
172,0.6,tajimas_d,0.1551192910521058
173,0.0,pi,39.17151515151515
173,0.0,theta_w,37.470707774163834
173,0.0,theta_h,27.838585858585855
173,0.0,theta_l,33.5050505050505
173,0.0,tajimas_d,0.15213002572353318
173,0.05,pi,39.023542706349055
173,0.05,theta_w,37.466045423833734
173,0.05,theta_h,27.75309962965486
173,0.05,theta_l,33.38832116800196
173,0.05,tajimas_d,0.14001080766814125
173,0.1,pi,39.10551583832785
173,0.1,theta_w,37.664632834350705
173,0.1,theta_h,28.200613690787236
173,0.1,theta_l,33.653064764557534
173,0.1,tajimas_d,0.12948497456224606
173,0.2,pi,39.020001119615976
173,0.2,theta_w,37.98577392706991
173,0.2,theta_h,28.122174440487363
173,0.2,theta_l,33.57108778005166
173,0.2,tajimas_d,0.09327476602340594
173,0.3,pi,38.5733927514512
173,0.3,theta_w,37.608172540004624
173,0.3,theta_h,28.560783949746288
173,0.3,theta_l,33.56708835059875
173,0.3,tajimas_d,0.08899782269145413
173,0.4,pi,38.90370428521229
173,0.4,theta_w,38.6461226377332
173,0.4,theta_h,27.94697225806579
173,0.4,theta_l,33.42533827163905
173,0.4,tajimas_d,0.023538829929697268
173,0.5,pi,40.09171476130461
173,0.5,theta_w,39.56655256358756
173,0.5,theta_h,27.093905473827355
173,0.5,theta_l,33.59281011756598
173,0.5,tajimas_d,0.04777728611672996
173,0.6,pi,38.76749695063571
173,0.6,theta_w,38.286488881957744
173,0.6,theta_h,28.040484446252897
173,0.6,theta_l,33.4039906984443
173,0.6,tajimas_d,0.04662150197364944
174,0.0,pi,44.41474747474747
174,0.0,theta_w,47.32125466324814
174,0.0,theta_h,31.28222222222222
174,0.0,theta_l,37.84848484848485
174,0.0,tajimas_d,-0.2067002914295968
174,0.05,pi,44.34572870192241
174,0.05,theta_w,47.21805535938839
174,0.05,theta_h,31.369736248953146
174,0.05,theta_l,37.85773247543777
174,0.05,tajimas_d,-0.2056885860670442
174,0.1,pi,44.55413344113497
174,0.1,theta_w,47.35546865104022
174,0.1,theta_h,31.340533499407485
174,0.1,theta_l,37.947333470271225
174,0.1,tajimas_d,-0.20113997700830497
174,0.2,pi,44.40386264176826
174,0.2,theta_w,46.52298700233605
174,0.2,theta_h,31.41366826351934
174,0.2,theta_l,37.9087654526438
174,0.2,tajimas_d,-0.15656268360790632
174,0.3,pi,44.22951106807669
174,0.3,theta_w,47.10631185373168
174,0.3,theta_h,31.057354967725253
174,0.3,theta_l,37.64343301790096
174,0.3,tajimas_d,-0.21263639353197333
174,0.4,pi,44.00990286028398
174,0.4,theta_w,47.11046293513628
174,0.4,theta_h,30.80757330611119
174,0.4,theta_l,37.40873808319758
174,0.4,tajimas_d,-0.23260033179775533
174,0.5,pi,44.15752601444489
174,0.5,theta_w,47.39518976784838
174,0.5,theta_h,31.9881677179001
174,0.5,theta_l,38.0728468661725
174,0.5,tajimas_d,-0.2471568961000241
174,0.6,pi,44.2130649735332
174,0.6,theta_w,46.90046963601213
174,0.6,theta_h,31.76482173338368
174,0.6,theta_l,37.98894335345844
174,0.6,tajimas_d,-0.21330655846932264
175,0.0,pi,41.34969696969697
175,0.0,theta_w,37.857003730598514
175,0.0,theta_h,51.518989898989894
175,0.0,theta_l,46.43434343434344
175,0.0,tajimas_d,0.3092805044488557
175,0.05,pi,41.5876032500825
175,0.05,theta_w,37.65128735000528
175,0.05,theta_h,51.46525613351686
175,0.05,theta_l,46.52642969179969
175,0.05,tajimas_d,0.3520561997715171
175,0.1,pi,41.34928378548764
175,0.1,theta_w,38.04870132960274
175,0.1,theta_h,51.17501867373964
175,0.1,theta_l,46.26215122961364
175,0.1,tajimas_d,0.29359205725055204
175,0.2,pi,41.35264125830454
175,0.2,theta_w,37.41308284864127
175,0.2,theta_h,51.84312059332687
175,0.2,theta_l,46.59788092581571
175,0.2,tajimas_d,0.36048917250512214
175,0.3,pi,40.89205940050927
175,0.3,theta_w,36.56316407591279
175,0.3,theta_h,51.868611824615236
175,0.3,theta_l,46.38033561256225
175,0.3,tajimas_d,0.41026282031767125
175,0.4,pi,41.24759405188572
175,0.4,theta_w,37.2779287891007
175,0.4,theta_h,51.733914506459605
175,0.4,theta_l,46.49075427917266
175,0.4,tajimas_d,0.37503613283508797
175,0.5,pi,41.27514411451576
175,0.5,theta_w,37.30797507258726
175,0.5,theta_h,51.218895875892926
175,0.5,theta_l,46.24701999520434
175,0.5,tajimas_d,0.38293024588949376
175,0.6,pi,40.597175741826995
175,0.6,theta_w,36.3779495383638
175,0.6,theta_h,48.618220986508604
175,0.6,theta_l,44.607698364167796
175,0.6,tajimas_d,0.4281915400899129
176,0.0,pi,38.592525252525256
176,0.0,theta_w,48.48014253255218
176,0.0,theta_h,45.4680808080808
176,0.0,theta_l,42.03030303030303
176,0.0,tajimas_d,-0.6866188963562684
176,0.05,pi,38.70178447974226
176,0.05,theta_w,48.77596088992031
176,0.05,theta_h,45.512575578769564
176,0.05,theta_l,42.107180029255915
176,0.05,tajimas_d,-0.6986795994226613
176,0.1,pi,38.739090766538695
176,0.1,theta_w,48.70203242417128
176,0.1,theta_h,44.966141813735604
176,0.1,theta_l,41.85261629013715
176,0.1,tajimas_d,-0.6953862440983524
176,0.2,pi,37.846122340815135
176,0.2,theta_w,48.40009287598327
176,0.2,theta_h,45.966139391688145
176,0.2,theta_l,41.90613086625164
176,0.2,tajimas_d,-0.7487022576568271
176,0.3,pi,37.92704664117066
176,0.3,theta_w,47.32780212454049
176,0.3,theta_h,45.934237379622004
176,0.3,theta_l,41.93064201039633
176,0.3,tajimas_d,-0.6918480417274345
176,0.4,pi,37.851528820620146
176,0.4,theta_w,47.58394157017296
176,0.4,theta_h,45.546675683801425
176,0.4,theta_l,41.699102252210785
176,0.4,tajimas_d,-0.723634742565458
176,0.5,pi,38.790600769736486
176,0.5,theta_w,48.20546352946264
176,0.5,theta_h,45.165819589334475
176,0.5,theta_l,41.97821017953548
176,0.5,tajimas_d,-0.7055956560074902
176,0.6,pi,40.042880771556455
176,0.6,theta_w,48.89995045081422
176,0.6,theta_h,43.52361747243022
176,0.6,theta_l,41.783249121993336
176,0.6,tajimas_d,-0.6744302202389161
177,0.0,pi,37.98747474747474
177,0.0,theta_w,40.7542234038586
177,0.0,theta_h,46.2549494949495
177,0.0,theta_l,42.12121212121212
177,0.0,tajimas_d,-0.22789446716201087
177,0.05,pi,37.82560238669066
177,0.05,theta_w,40.76006481082947
177,0.05,theta_h,46.451356109939226
177,0.05,theta_l,42.138479248314944
177,0.05,tajimas_d,-0.24272106415541234
177,0.1,pi,38.068342987197035
177,0.1,theta_w,40.78164051687182
177,0.1,theta_h,46.5818307849531
177,0.1,theta_l,42.32508688607507
177,0.1,tajimas_d,-0.2253205829170643
177,0.2,pi,38.32033216592655
177,0.2,theta_w,39.80379577155363
177,0.2,theta_h,40.62975867548471
177,0.2,theta_l,39.47504542070563
177,0.2,tajimas_d,-0.1277893639734115
177,0.3,pi,38.09502862459221
177,0.3,theta_w,40.471316228799466
177,0.3,theta_h,44.6340330555281
177,0.3,theta_l,41.364530840060155
177,0.3,tajimas_d,-0.20395322231044252
177,0.4,pi,39.03816612744094
177,0.4,theta_w,41.48678947316655
177,0.4,theta_h,43.58830022309858
177,0.4,theta_l,41.313233175269765
177,0.4,tajimas_d,-0.20858684309155243
177,0.5,pi,37.69541187961196
177,0.5,theta_w,41.15330945876497
177,0.5,theta_h,41.542528334963166
177,0.5,theta_l,39.618970107287566
177,0.5,tajimas_d,-0.3028199224047173
177,0.6,pi,37.49983457112823
177,0.6,theta_w,39.05255570121343
177,0.6,theta_h,42.40443027707682
177,0.6,theta_l,39.95213242410252
177,0.6,tajimas_d,-0.14693274382751167
178,0.0,pi,38.91010101010101
178,0.0,theta_w,38.050151708815854
178,0.0,theta_h,29.75656565656566
178,0.0,theta_l,34.33333333333333
178,0.0,tajimas_d,0.07577003106740478
178,0.05,pi,38.90123727440476
178,0.05,theta_w,38.26054651022264
178,0.05,theta_h,29.853425209506174
178,0.05,theta_l,34.37733124195546
178,0.05,tajimas_d,0.056441783248359495
178,0.1,pi,38.875656292566276
178,0.1,theta_w,38.23884903300482
178,0.1,theta_h,29.474876951953394
178,0.1,theta_l,34.17526662225984
178,0.1,tajimas_d,0.05635859270690057
178,0.2,pi,38.58860124390265
178,0.2,theta_w,37.80307103559079
178,0.2,theta_h,29.88921663415784
178,0.2,theta_l,34.23890893903024
178,0.2,tajimas_d,0.07112580582074424
178,0.3,pi,38.83526498569315
178,0.3,theta_w,38.85009114701153
178,0.3,theta_h,29.977967945765787
178,0.3,theta_l,34.40661646572947
178,0.3,tajimas_d,-0.0013259414376237384
178,0.4,pi,39.11900208064329
178,0.4,theta_w,38.39994356429443
178,0.4,theta_h,29.14762869708521
178,0.4,theta_l,34.13331538886425
178,0.4,tajimas_d,0.06607075211286383
178,0.5,pi,39.564613924603336
178,0.5,theta_w,39.617245521233556
178,0.5,theta_h,29.694921535369918
178,0.5,theta_l,34.629767729986625
178,0.5,tajimas_d,-0.00478822516531777
178,0.6,pi,39.00367366807275
178,0.6,theta_w,40.67966915895852
178,0.6,theta_h,29.788002753485955
178,0.6,theta_l,34.39583821077935
178,0.6,tajimas_d,-0.15268729874969506
179,0.0,pi,43.42969696969696
179,0.0,theta_w,39.788483512771904
179,0.0,theta_h,37.075353535353536
179,0.0,theta_l,40.25252525252525
179,0.0,tajimas_d,0.3070686638657464
179,0.05,pi,43.4710089382433
179,0.05,theta_w,39.78465512163508
179,0.05,theta_h,36.888535769045525
179,0.05,theta_l,40.17977235364441
179,0.05,tajimas_d,0.3122488932560205
179,0.1,pi,43.16818492203099
179,0.1,theta_w,39.03639719424409
179,0.1,theta_h,37.31878771883703
179,0.1,theta_l,40.243486320434016
179,0.1,tajimas_d,0.3584212822383416
179,0.2,pi,43.13221885788106
179,0.2,theta_w,38.355922787571856
179,0.2,theta_h,37.2424395337722
179,0.2,theta_l,40.18732919582663
179,0.2,tajimas_d,0.4263151184515449
179,0.3,pi,43.085735050687454
179,0.3,theta_w,38.5962814776781
179,0.3,theta_h,37.73912656662965
179,0.3,theta_l,40.412430808658556
179,0.3,tajimas_d,0.4036218766420042
179,0.4,pi,43.822499149012046
179,0.4,theta_w,39.93689254050433
179,0.4,theta_h,35.95508172358955
179,0.4,theta_l,39.8887904363008
179,0.4,tajimas_d,0.3432337212980765
179,0.5,pi,43.45653872496405
179,0.5,theta_w,37.30649391022374
179,0.5,theta_h,37.64753669111659
179,0.5,theta_l,40.55203770804032
179,0.5,tajimas_d,0.5936319194493139
179,0.6,pi,43.11236727957805
179,0.6,theta_w,40.694293427756506
179,0.6,theta_h,38.22073752943324
179,0.6,theta_l,40.66655240450564
179,0.6,tajimas_d,0.22029245700224068
180,0.0,pi,30.856565656565657
180,0.0,theta_w,35.539227991990444
180,0.0,theta_h,33.87070707070708
180,0.0,theta_l,32.36363636363637
180,0.0,tajimas_d,-0.4411392612687107
180,0.05,pi,31.085275680934547
180,0.05,theta_w,35.5044629787938
180,0.05,theta_h,33.71922953623167
180,0.05,theta_l,32.40225260858311
180,0.05,tajimas_d,-0.4186410878227484
180,0.1,pi,30.972903303283232
180,0.1,theta_w,35.50141819731327
180,0.1,theta_h,33.88622647711625
180,0.1,theta_l,32.42956489019974
180,0.1,tajimas_d,-0.43131540506521293
180,0.2,pi,31.144717604750397
180,0.2,theta_w,35.12739266981119
180,0.2,theta_h,33.720594786734665
180,0.2,theta_l,32.43265619574253
180,0.2,tajimas_d,-0.38749634469642397
180,0.3,pi,30.634265262858342
180,0.3,theta_w,35.309851757768634
180,0.3,theta_h,34.580006924132604
180,0.3,theta_l,32.60713609349547
180,0.3,tajimas_d,-0.4591183645046589
180,0.4,pi,31.28455966641873
180,0.4,theta_w,34.092478325720776
180,0.4,theta_h,30.312540398381927
180,0.4,theta_l,30.79855003240032
180,0.4,tajimas_d,-0.2897892740050547
180,0.5,pi,30.904826886202294
180,0.5,theta_w,34.21882242946954
180,0.5,theta_h,34.71206253133896
180,0.5,theta_l,32.80844470877062
180,0.5,tajimas_d,-0.3478362145300876
180,0.6,pi,30.974517876805873
180,0.6,theta_w,34.838760642561915
180,0.6,theta_h,32.272064922663624
180,0.6,theta_l,31.623291399734747
180,0.6,tajimas_d,-0.40928856217580767
181,0.0,pi,49.883434343434345
181,0.0,theta_w,45.96921881572676
181,0.0,theta_h,62.94484848484848
181,0.0,theta_l,56.41414141414141
181,0.0,tajimas_d,0.28642065076789885
181,0.05,pi,50.01746832682147
181,0.05,theta_w,46.051266887308586
181,0.05,theta_h,62.94277923550997
181,0.05,theta_l,56.48012378116572
181,0.05,tajimas_d,0.2911269505422104
181,0.1,pi,49.925938595764194
181,0.1,theta_w,46.138849096173246
181,0.1,theta_h,63.32010484290013
181,0.1,theta_l,56.62302171933216
181,0.1,tajimas_d,0.27878004994839584
181,0.2,pi,50.29466495774873
181,0.2,theta_w,46.85994745479506
181,0.2,theta_h,63.27908609519949
181,0.2,theta_l,56.786875526474105
181,0.2,tajimas_d,0.25193152876605024
181,0.3,pi,49.80294399923061
181,0.3,theta_w,45.24293753171436
181,0.3,theta_h,63.451480091783125
181,0.3,theta_l,56.62721204550686
181,0.3,tajimas_d,0.3507426119375602
181,0.4,pi,50.299717387336955
181,0.4,theta_w,45.99859521745866
181,0.4,theta_h,64.33488845220248
181,0.4,theta_l,57.31730291976972
181,0.4,tajimas_d,0.3309918060807959
181,0.5,pi,49.233918446758146
181,0.5,theta_w,47.70588804666455
181,0.5,theta_h,64.28792495684552
181,0.5,theta_l,56.760921701801834
181,0.5,tajimas_d,0.11586170350538841
181,0.6,pi,50.052569323448914
181,0.6,theta_w,48.13741855428918
181,0.6,theta_h,65.55930451155969
181,0.6,theta_l,57.8059369175043
181,0.6,tajimas_d,0.14762449981447082
182,0.0,pi,34.84848484848485
182,0.0,theta_w,37.663855752381174
182,0.0,theta_h,44.66666666666667
182,0.0,theta_l,39.75757575757576
182,0.0,tajimas_d,-0.2505567341808862
182,0.05,pi,34.673398326904184
182,0.05,theta_w,37.45959973458215
182,0.05,theta_h,44.37860156370086
182,0.05,theta_l,39.52599994530254
182,0.05,tajimas_d,-0.2504648411232567
182,0.1,pi,34.63568064616214
182,0.1,theta_w,37.27328391862135
182,0.1,theta_h,44.40600084505569
182,0.1,theta_l,39.520840745608915
182,0.1,tajimas_d,-0.2394875207288859
182,0.2,pi,34.67663402476937
182,0.2,theta_w,36.14723710897318
182,0.2,theta_h,44.255234872852206
182,0.2,theta_l,39.465934448810785
182,0.2,tajimas_d,-0.13916604460152113
182,0.3,pi,34.49067636604726
182,0.3,theta_w,37.436345718397455
182,0.3,theta_h,45.02388809472742
182,0.3,theta_l,39.75728223038735
182,0.3,tajimas_d,-0.2730846560568102
182,0.4,pi,34.40811783065234
182,0.4,theta_w,35.651513180547184
182,0.4,theta_h,43.215052286897844
182,0.4,theta_l,38.811585058775094
182,0.4,tajimas_d,-0.12280716952025149
182,0.5,pi,34.68765985692237
182,0.5,theta_w,35.27567787684779
182,0.5,theta_h,41.2980430728208
182,0.5,theta_l,37.992851464871585
182,0.5,tajimas_d,-0.05992793977498771
182,0.6,pi,34.104359580316505
182,0.6,theta_w,33.12353740168816
182,0.6,theta_h,46.46730248471159
182,0.6,theta_l,40.28583103251405
182,0.6,tajimas_d,0.10922204577107902
183,0.0,pi,65.65535353535354
183,0.0,theta_w,56.39920963946309
183,0.0,theta_h,69.33454545454546
183,0.0,theta_l,67.49494949494951
183,0.0,tajimas_d,0.5537025660443995
183,0.05,pi,65.47692577797277
183,0.05,theta_w,56.57509997358797
183,0.05,theta_h,69.34168246940851
183,0.05,theta_l,67.40930412369065
183,0.05,tajimas_d,0.5333305882545081
183,0.1,pi,65.76072923931915
183,0.1,theta_w,56.775651039523474
183,0.1,theta_h,69.73120786661656
183,0.1,theta_l,67.74596855296785
183,0.1,tajimas_d,0.5390127554606612
183,0.2,pi,65.80758633708498
183,0.2,theta_w,57.18845033395602
183,0.2,theta_h,68.63346033727055
183,0.2,theta_l,67.22052333717778
183,0.2,tajimas_d,0.5197280133819785
183,0.3,pi,65.60931353648576
183,0.3,theta_w,57.888461571394664
183,0.3,theta_h,68.39166144346518
183,0.3,theta_l,67.00048748997547
183,0.3,tajimas_d,0.4656466100863966
183,0.4,pi,65.54276484345262
183,0.4,theta_w,57.47991238325559
183,0.4,theta_h,69.10981814308923
183,0.4,theta_l,67.32629149327093
183,0.4,tajimas_d,0.49787790169784085
183,0.5,pi,66.18694215978755
183,0.5,theta_w,58.5526751317516
183,0.5,theta_h,67.36621038168575
183,0.5,theta_l,66.77657627073664
183,0.5,tajimas_d,0.47290114559259894
183,0.6,pi,66.40234120882506
183,0.6,theta_w,58.13580795700027
183,0.6,theta_h,69.33468941933685
183,0.6,theta_l,67.86851531408095
183,0.6,tajimas_d,0.5301304273961446
184,0.0,pi,29.21212121212121
184,0.0,theta_w,35.92552394842512
184,0.0,theta_h,22.222222222222225
184,0.0,theta_l,25.717171717171716
184,0.0,tajimas_d,-0.6257869497796091
184,0.05,pi,29.178865748279687
184,0.05,theta_w,36.11863506784501
184,0.05,theta_h,22.153094942532785
184,0.05,theta_l,25.66598034540624
184,0.05,tajimas_d,-0.6469767924856171
184,0.1,pi,29.300765453170072
184,0.1,theta_w,36.28217326275325
184,0.1,theta_h,22.68616562513969
184,0.1,theta_l,25.99346553915488
184,0.1,tajimas_d,-0.6507738807191038
184,0.2,pi,28.984754352668013
184,0.2,theta_w,36.80753731902414
184,0.2,theta_h,22.46142390176329
184,0.2,theta_l,25.723089127215648
184,0.2,tajimas_d,-0.7273918450674204
184,0.3,pi,29.072881652699976
184,0.3,theta_w,35.86127014257151
184,0.3,theta_h,21.796166317297466
184,0.3,theta_l,25.434523984998723
184,0.3,tajimas_d,-0.6552550848711495
184,0.4,pi,29.726909394958295
184,0.4,theta_w,37.04495319777881
184,0.4,theta_h,20.225855747220457
184,0.4,theta_l,24.976382571089374
184,0.4,tajimas_d,-0.6952962670794811
184,0.5,pi,28.812578302512428
184,0.5,theta_w,34.39702474265406
184,0.5,theta_h,20.836191765981106
184,0.5,theta_l,24.824385034246767
184,0.5,tajimas_d,-0.5836251895289405
184,0.6,pi,29.663111249215284
184,0.6,theta_w,37.3642592644901
184,0.6,theta_h,20.153304813270864
184,0.6,theta_l,24.90820803124307
184,0.6,tajimas_d,-0.7622508706173312
185,0.0,pi,26.549090909090907
185,0.0,theta_w,37.663855752381174
185,0.0,theta_h,36.521616161616166
185,0.0,theta_l,31.535353535353536
185,0.0,tajimas_d,-0.9891695536347325
185,0.05,pi,26.585178895711095
185,0.05,theta_w,37.46572964019845
185,0.05,theta_h,36.413545290610905
185,0.05,theta_l,31.499362093161004
185,0.05,tajimas_d,-0.9781042411513063
185,0.1,pi,26.41287303001067
185,0.1,theta_w,37.85079606735751
185,0.1,theta_h,34.52448022309491
185,0.1,theta_l,30.468676626552785
185,0.1,tajimas_d,-1.0226186003448072
185,0.2,pi,26.72198394662131
185,0.2,theta_w,36.525461095390995
185,0.2,theta_h,36.372751923923225
185,0.2,theta_l,31.54736793527227
185,0.2,tajimas_d,-0.9176734737214416
185,0.3,pi,26.277946117842237
185,0.3,theta_w,36.50984681429208
185,0.3,theta_h,36.28437154470503
185,0.3,theta_l,31.281158831273633
185,0.3,tajimas_d,-0.9711374360624786
185,0.4,pi,26.19552364104371
185,0.4,theta_w,35.630652358553206
185,0.4,theta_h,36.87984611136565
185,0.4,theta_l,31.537684876204676
185,0.4,tajimas_d,-0.9334965123038658
185,0.5,pi,26.983997999397793
185,0.5,theta_w,36.843552404886836
185,0.5,theta_h,32.80210598365552
185,0.5,theta_l,29.89305199152666
185,0.5,tajimas_d,-0.9630102052204803
185,0.6,pi,26.553744687443636
185,0.6,theta_w,35.98768401022653
185,0.6,theta_h,33.24916584972976
185,0.6,theta_l,29.901455268586695
185,0.6,tajimas_d,-0.9671666420779248
186,0.0,pi,58.490909090909085
186,0.0,theta_w,49.05958646720419
186,0.0,theta_h,51.61010101010102
186,0.0,theta_l,55.05050505050505
186,0.0,tajimas_d,0.6473138637775773
186,0.05,pi,58.69714931615567
186,0.05,theta_w,49.1821779715931
186,0.05,theta_h,51.936680832945015
186,0.05,theta_l,55.316915074550344
186,0.05,tajimas_d,0.6547379926524545
186,0.1,pi,58.806472822018726
186,0.1,theta_w,49.528412005619536
186,0.1,theta_h,52.042280668701096
186,0.1,theta_l,55.4243767453599
186,0.1,tajimas_d,0.6374165463738235
186,0.2,pi,58.1896363806753
186,0.2,theta_w,49.501050444086175
186,0.2,theta_h,51.25935217159267
186,0.2,theta_l,54.72449427613398
186,0.2,tajimas_d,0.6039775702680098
186,0.3,pi,58.97263372393732
186,0.3,theta_w,50.46264894336937
186,0.3,theta_h,51.96470845872705
186,0.3,theta_l,55.46867109133218
186,0.3,tajimas_d,0.5881851406258725
186,0.4,pi,58.1903916921348
186,0.4,theta_w,50.65861726587552
186,0.4,theta_h,52.74556454400617
186,0.4,theta_l,55.467978118070484
186,0.4,tajimas_d,0.5272572893808762
186,0.5,pi,58.6017642982741
186,0.5,theta_w,51.499825560461815
186,0.5,theta_h,52.34006124203731
186,0.5,theta_l,55.4709127701557
186,0.5,tajimas_d,0.49923603151634083
186,0.6,pi,58.422916990078626
186,0.6,theta_w,50.5516485517152
186,0.6,theta_h,53.1907535947267
186,0.6,theta_l,55.80683529240266
186,0.6,tajimas_d,0.5788972213609689
187,0.0,pi,30.77979797979798
187,0.0,theta_w,36.3118199048598
187,0.0,theta_h,45.705050505050515
187,0.0,theta_l,38.24242424242424
187,0.0,tajimas_d,-0.5102897425501011
187,0.05,pi,30.766024351426754
187,0.05,theta_w,35.89165739542831
187,0.05,theta_h,45.67027480943179
187,0.05,theta_l,38.21814958042927
187,0.05,tajimas_d,-0.4803938161936076
187,0.1,pi,30.877724392159315
187,0.1,theta_w,36.67402403624201
187,0.1,theta_h,45.68909657319631
187,0.1,theta_l,38.28341048267781
187,0.1,tajimas_d,-0.5346091480365258
187,0.2,pi,30.571815809235062
187,0.2,theta_w,36.94253054754821
187,0.2,theta_h,45.86286920710189
187,0.2,theta_l,38.21734250816847
187,0.2,tajimas_d,-0.5899529796000911
187,0.3,pi,30.89666067575281
187,0.3,theta_w,36.486856236589624
187,0.3,theta_h,46.41065072116181
187,0.3,theta_l,38.65365569845731
187,0.3,tajimas_d,-0.5305806169446657
187,0.4,pi,30.58837012381778
187,0.4,theta_w,36.302772671864986
187,0.4,theta_h,45.62863640234047
187,0.4,theta_l,38.10850326307912
187,0.4,tajimas_d,-0.5545727885266489
187,0.5,pi,30.232068371430383
187,0.5,theta_w,36.447152777234024
187,0.5,theta_h,43.943794568287394
187,0.5,theta_l,37.08793146985889
187,0.5,tajimas_d,-0.6130698851568122
187,0.6,pi,31.744092794546596
187,0.6,theta_w,36.972291349923054
187,0.6,theta_h,45.66040325024358
187,0.6,theta_l,38.70224802239509
187,0.6,tajimas_d,-0.5225862672033997
188,0.0,pi,54.73838383838384
188,0.0,theta_w,55.43346974837639
188,0.0,theta_h,66.8979797979798
188,0.0,theta_l,60.81818181818181
188,0.0,tajimas_d,-0.042294738408628976
188,0.05,pi,54.829248496499716
188,0.05,theta_w,55.56886280964818
188,0.05,theta_h,66.71767535432397
188,0.05,theta_l,60.77346192541185
188,0.05,tajimas_d,-0.045079202311619895
188,0.1,pi,54.62904832439894
188,0.1,theta_w,55.206194862637844
188,0.1,theta_h,66.7863462431765
188,0.1,theta_l,60.70769728378772
188,0.1,tajimas_d,-0.035598905477066047
188,0.2,pi,54.488850998809696
188,0.2,theta_w,53.913238951860635
188,0.2,theta_h,65.49689120441457
188,0.2,theta_l,59.99287110161213
188,0.2,tajimas_d,0.03676075039715868
188,0.3,pi,54.57169416220438
188,0.3,theta_w,55.82340015511659
188,0.3,theta_h,66.19510464769297
188,0.3,theta_l,60.38339940494868
188,0.3,tajimas_d,-0.07826065470549567
188,0.4,pi,54.515338574165696
188,0.4,theta_w,55.350559853100336
188,0.4,theta_h,68.30776490949384
188,0.4,theta_l,61.41155174182977
188,0.4,tajimas_d,-0.0535477692033496
188,0.5,pi,54.780789438543025
188,0.5,theta_w,56.52652820759983
188,0.5,theta_h,65.17324919929376
188,0.5,theta_l,59.9770193189184
188,0.5,tajimas_d,-0.11193797953031953
188,0.6,pi,56.217779589652366
188,0.6,theta_w,56.95223168277059
188,0.6,theta_h,64.72618413313675
188,0.6,theta_l,60.47198186139456
188,0.6,tajimas_d,-0.04813001755199802
189,0.0,pi,36.61858585858586
189,0.0,theta_w,35.92552394842512
189,0.0,theta_h,39.17939393939394
189,0.0,theta_l,37.898989898989896
189,0.0,tajimas_d,0.06460346798838061
189,0.05,pi,36.65539638300758
189,0.05,theta_w,36.08386421913127
189,0.05,theta_h,39.188422892173094
189,0.05,theta_l,37.92190963759033
189,0.05,tajimas_d,0.05328246936747127
189,0.1,pi,36.58814366092673
189,0.1,theta_w,36.072819120555465
189,0.1,theta_h,39.74890797573678
189,0.1,theta_l,38.16852581833175
189,0.1,tajimas_d,0.04829332711081284
189,0.2,pi,36.79657191697537
189,0.2,theta_w,35.34656894534913
189,0.2,theta_h,39.00939793251501
189,0.2,theta_l,37.90298492474518
189,0.2,tajimas_d,0.14028903025907963
189,0.3,pi,36.71440405526423
189,0.3,theta_w,37.13968108313589
189,0.3,theta_h,39.641700852324675
189,0.3,theta_l,38.17805245379446
189,0.3,tajimas_d,-0.0397007154019688
189,0.4,pi,36.85905430055339
189,0.4,theta_w,35.63637109316528
189,0.4,theta_h,39.2912169552675
189,0.4,theta_l,38.07513562791044
189,0.4,tajimas_d,0.12076148099795828
189,0.5,pi,36.81676429521359
189,0.5,theta_w,35.31547341547077
189,0.5,theta_h,36.70576255016825
189,0.5,theta_l,36.761263422690924
189,0.5,tajimas_d,0.15268575142630675
189,0.6,pi,36.28522765537329
189,0.6,theta_w,36.77924251782409
189,0.6,theta_h,39.32081047443798
189,0.6,theta_l,37.803019064905634
189,0.6,tajimas_d,-0.04969017007074502
190,0.0,pi,36.505656565656565
190,0.0,theta_w,36.3118199048598
190,0.0,theta_h,32.20141414141414
190,0.0,theta_l,34.35353535353536
190,0.0,tajimas_d,0.017880055624263584
190,0.05,pi,36.5000487132639
190,0.05,theta_w,36.29739376745489
190,0.05,theta_h,32.24360477236471
190,0.05,theta_l,34.37182674281431
190,0.05,tajimas_d,0.018793463840531485
190,0.1,pi,36.52768834111319
190,0.1,theta_w,36.50409715116944
190,0.1,theta_h,31.828378490327612
190,0.1,theta_l,34.1780334157204
190,0.1,tajimas_d,0.0021874094414215495
190,0.2,pi,36.55373979866265
190,0.2,theta_w,36.19266918213988
190,0.2,theta_h,32.36584762539355
190,0.2,theta_l,34.459793712028095
190,0.2,tajimas_d,0.03412520320596381
190,0.3,pi,36.129490340010605
190,0.3,theta_w,35.24468068761143
190,0.3,theta_h,32.19103247346255
190,0.3,theta_l,34.16026140673658
190,0.3,tajimas_d,0.08688372270508925
190,0.4,pi,36.054729473919735
190,0.4,theta_w,35.4210703690732
190,0.4,theta_h,33.314257182462235
190,0.4,theta_l,34.68449332819098
190,0.4,tajimas_d,0.06306561152992621
190,0.5,pi,36.512801050851294
190,0.5,theta_w,34.01947403402623
190,0.5,theta_h,33.72848842086073
190,0.5,theta_l,35.12064473585601
190,0.5,tajimas_d,0.26338590769845804
190,0.6,pi,36.00765487836101
190,0.6,theta_w,36.54627149937224
190,0.6,theta_h,32.90603581188403
190,0.6,theta_l,34.456845345122524
190,0.6,tajimas_d,-0.05451951376280927
191,0.0,pi,42.28848484848485
191,0.0,theta_w,40.367927447423924
191,0.0,theta_h,37.22666666666667
191,0.0,theta_l,39.75757575757576
191,0.0,tajimas_d,0.15968077290748875
191,0.05,pi,42.26878116100883
191,0.05,theta_w,40.19559797713117
191,0.05,theta_h,37.00157599508879
191,0.05,theta_l,39.635178578048816
191,0.05,tajimas_d,0.17393303127842358
191,0.1,pi,41.89094985222533
191,0.1,theta_w,39.818996571931265
191,0.1,theta_h,37.56424263363415
191,0.1,theta_l,39.72759624292975
191,0.1,tajimas_d,0.17624231288747574
191,0.2,pi,42.18431582701584
191,0.2,theta_w,40.74072122780341
191,0.2,theta_h,37.64078768727559
191,0.2,theta_l,39.912551757145714
191,0.2,tajimas_d,0.1213315115261868
191,0.3,pi,42.13261505325079
191,0.3,theta_w,40.45443352131922
191,0.3,theta_h,36.89172284585009
191,0.3,theta_l,39.51216894955044
191,0.3,tajimas_d,0.1440358189191086
191,0.4,pi,41.25132473938164
191,0.4,theta_w,40.485434576456655
191,0.4,theta_h,37.4686345682755
191,0.4,theta_l,39.359979653828574
191,0.4,tajimas_d,0.0667153975664171
191,0.5,pi,42.275134011240624
191,0.5,theta_w,38.94646641108752
191,0.5,theta_h,38.18163174242971
191,0.5,theta_l,40.22838287683516
191,0.5,tajimas_d,0.3079581368598515
191,0.6,pi,42.90125577434813
191,0.6,theta_w,41.31879195401655
191,0.6,theta_h,39.61572506884549
191,0.6,theta_l,41.258490421596804
191,0.6,tajimas_d,0.1421717560463237
192,0.0,pi,41.087878787878786
192,0.0,theta_w,42.87885116424933
192,0.0,theta_h,45.154545454545456
192,0.0,theta_l,43.12121212121212
192,0.0,tajimas_d,-0.14033652792135304
192,0.05,pi,41.098625645470314
192,0.05,theta_w,43.10133096198831
192,0.05,theta_h,45.25369485178072
192,0.05,theta_l,43.176160248625514
192,0.05,tajimas_d,-0.15681009999100923
192,0.1,pi,40.979549138239356
192,0.1,theta_w,42.78681668394335
192,0.1,theta_h,45.48590739253889
192,0.1,theta_l,43.23272826538913
192,0.1,tajimas_d,-0.14328303955027333
192,0.2,pi,40.878630585444704
192,0.2,theta_w,42.57964659782302
192,0.2,theta_h,45.65891925024987
192,0.2,theta_l,43.26877491784729
192,0.2,tajimas_d,-0.13697299243818833
192,0.3,pi,41.177957525931404
192,0.3,theta_w,43.347042616210345
192,0.3,theta_h,44.92661910175851
192,0.3,theta_l,43.052288313844954
192,0.3,tajimas_d,-0.17390519476185096
192,0.4,pi,41.09185716633006
192,0.4,theta_w,43.20377064246485
192,0.4,theta_h,46.565042756742045
192,0.4,theta_l,43.82844996153606
192,0.4,tajimas_d,-0.17286094029100163
192,0.5,pi,42.10881622348575
192,0.5,theta_w,43.6121548822043
192,0.5,theta_h,47.31958727119959
192,0.5,theta_l,44.71420174734268
192,0.5,tajimas_d,-0.12434405804557394
192,0.6,pi,40.63656753676631
192,0.6,theta_w,42.998238724392706
192,0.6,theta_h,46.174750098746095
192,0.6,theta_l,43.4056588177562
192,0.6,tajimas_d,-0.2035825370957132
193,0.0,pi,30.783838383838386
193,0.0,theta_w,37.663855752381174
193,0.0,theta_h,37.054545454545455
193,0.0,theta_l,33.91919191919192
193,0.0,tajimas_d,-0.6122939896068971
193,0.05,pi,30.618582479780382
193,0.05,theta_w,37.47834859879808
193,0.05,theta_h,36.96263015365981
193,0.05,theta_l,33.7906063167201
193,0.05,tajimas_d,-0.6166568670907268
193,0.1,pi,30.484207530297205
193,0.1,theta_w,38.05864220413602
193,0.1,theta_h,36.88513540732056
193,0.1,theta_l,33.68467146880889
193,0.1,tajimas_d,-0.6737580072987583
193,0.2,pi,31.229080617536304
193,0.2,theta_w,37.34025550346798
193,0.2,theta_h,34.94395737282765
193,0.2,theta_l,33.086518995181976
193,0.2,tajimas_d,-0.5599187921050903
193,0.3,pi,31.03779971025573
193,0.3,theta_w,36.34045130028122
193,0.3,theta_h,35.20446758557
193,0.3,theta_l,33.12113364791287
193,0.3,tajimas_d,-0.5061084211583904
193,0.4,pi,30.941315545256856
193,0.4,theta_w,36.41612423133614
193,0.4,theta_h,37.44385258049998
193,0.4,theta_l,34.19258406287841
193,0.4,tajimas_d,-0.5291701098706802
193,0.5,pi,31.06742644668356
193,0.5,theta_w,36.80401716475861
193,0.5,theta_h,36.3515285233035
193,0.5,theta_l,33.70947748499353
193,0.5,tajimas_d,-0.5603088311581099
193,0.6,pi,29.228248613159447
193,0.6,theta_w,34.97225324062458
193,0.6,theta_h,34.04879009719013
193,0.6,theta_l,31.63851935517479
193,0.6,tajimas_d,-0.6059566584291138
194,0.0,pi,43.73292929292929
194,0.0,theta_w,40.7542234038586
194,0.0,theta_h,33.196363636363635
194,0.0,theta_l,38.464646464646464
194,0.0,tajimas_d,0.24535318372914283
194,0.05,pi,43.610327995336164
194,0.05,theta_w,40.581232535632275
194,0.05,theta_h,33.425738936477146
194,0.05,theta_l,38.518033465906655
194,0.05,tajimas_d,0.25173135841168726
194,0.1,pi,43.77970239930659
194,0.1,theta_w,40.42980812312002
194,0.1,theta_h,33.10140401654172
194,0.1,theta_l,38.440553207924154
194,0.1,tajimas_d,0.2808505363376926
194,0.2,pi,43.12642745264285
194,0.2,theta_w,38.936100521967084
194,0.2,theta_h,33.21573721841529
194,0.2,theta_l,38.17108233552907
194,0.2,tajimas_d,0.3683078037398522
194,0.3,pi,43.47124613376857
194,0.3,theta_w,40.92930469623254
194,0.3,theta_h,32.744547090206126
194,0.3,theta_l,38.10789661198735
194,0.3,tajimas_d,0.21599496689025832
194,0.4,pi,43.55027427907616
194,0.4,theta_w,39.67146674688317
194,0.4,theta_h,32.474153414514475
194,0.4,theta_l,38.01221384679532
194,0.4,tajimas_d,0.3450515237117557
194,0.5,pi,44.04135475711172
194,0.5,theta_w,42.12530424104701
194,0.5,theta_h,33.0341404539322
194,0.5,theta_l,38.537747605521965
194,0.5,tajimas_d,0.16428382589273544
194,0.6,pi,44.45126707064796
194,0.6,theta_w,42.60411124276343
194,0.6,theta_h,33.37079552331959
194,0.6,theta_l,38.91103129698377
194,0.6,tajimas_d,0.16053801719236283
195,0.0,pi,24.063030303030306
195,0.0,theta_w,34.187192144469066
195,0.0,theta_h,30.88646464646465
195,0.0,theta_l,27.474747474747474
195,0.0,tajimas_d,-0.9906804481754683
195,0.05,pi,24.15270547565995
195,0.05,theta_w,34.357547560674284
195,0.05,theta_h,31.02631364218825
195,0.05,theta_l,27.5895095589241
195,0.05,tajimas_d,-0.9989893199497286
195,0.1,pi,23.775137694628086
195,0.1,theta_w,32.926304848216475
195,0.1,theta_h,30.903694072733813
195,0.1,theta_l,27.339415883680946
195,0.1,tajimas_d,-0.9379530161396521
195,0.2,pi,23.624845886281136
195,0.2,theta_w,32.703303595523174
195,0.2,theta_h,30.808009978558356
195,0.2,theta_l,27.21642793241974
195,0.2,tajimas_d,-0.9472846154313858
195,0.3,pi,23.77743771875303
195,0.3,theta_w,31.763452213132382
195,0.3,theta_h,31.137951191580978
195,0.3,theta_l,27.457694455167
195,0.3,tajimas_d,-0.8693660559724328
195,0.4,pi,24.081514772289058
195,0.4,theta_w,33.67471725227721
195,0.4,theta_h,28.7062183474707
195,0.4,theta_l,26.39386655987988
195,0.4,tajimas_d,-1.0024086141251813
195,0.5,pi,24.37830248148146
195,0.5,theta_w,32.364383948427005
195,0.5,theta_h,28.51732968556251
195,0.5,theta_l,26.44781608352198
195,0.5,tajimas_d,-0.8853174625813294
195,0.6,pi,23.884440080231247
195,0.6,theta_w,31.178195200403938
195,0.6,theta_h,30.44920073358405
195,0.6,theta_l,27.166820406907643
195,0.6,tajimas_d,-0.8641627275024797
196,0.0,pi,32.11393939393939
196,0.0,theta_w,46.93495870681346
196,0.0,theta_h,34.391111111111115
196,0.0,theta_l,33.25252525252525
196,0.0,tajimas_d,-1.0625559398018192
196,0.05,pi,32.08390393278616
196,0.05,theta_w,46.841715947810535
196,0.05,theta_h,34.4906056579585
196,0.05,theta_l,33.28725479537233
196,0.05,tajimas_d,-1.065481815534381
196,0.1,pi,31.930127379930454
196,0.1,theta_w,46.93267231193644
196,0.1,theta_h,34.29651500116313
196,0.1,theta_l,33.11332119054679
196,0.1,tajimas_d,-1.0861153779701562
196,0.2,pi,32.07716392804229
196,0.2,theta_w,47.05726955822037
196,0.2,theta_h,34.615468738782866
196,0.2,theta_l,33.346316333412574
196,0.2,tajimas_d,-1.0941261509637057
196,0.3,pi,32.01776567816776
196,0.3,theta_w,45.62779581664278
196,0.3,theta_h,32.69562527476627
196,0.3,theta_l,32.35669547646702
196,0.3,tajimas_d,-1.037477749697841
196,0.4,pi,32.45489215857229
196,0.4,theta_w,46.76952186770614
196,0.4,theta_h,32.8849278168373
196,0.4,theta_l,32.6699099877048
196,0.4,tajimas_d,-1.083568605996647
196,0.5,pi,32.89193947416056
196,0.5,theta_w,46.65664765851372
196,0.5,theta_h,34.675443179783784
196,0.5,theta_l,33.78369132697217
196,0.5,tajimas_d,-1.0656277682879043
196,0.6,pi,31.016072471165074
196,0.6,theta_w,43.89995127698111
196,0.6,theta_h,34.49918356904098
196,0.6,theta_l,32.75762802010303
196,0.6,tajimas_d,-1.0872362750950546
197,0.0,pi,39.9420202020202
197,0.0,theta_w,39.981631490989244
197,0.0,theta_h,31.512525252525254
197,0.0,theta_l,35.72727272727273
197,0.0,tajimas_d,-0.0033246345987727106
197,0.05,pi,39.90636948137989
197,0.05,theta_w,40.19056684920828
197,0.05,theta_h,31.72424952332734
197,0.05,theta_l,35.815309502353614
197,0.05,tajimas_d,-0.023843194394084038
197,0.1,pi,39.664345260632516
197,0.1,theta_w,39.06506134676206
197,0.1,theta_h,31.72346227164882
197,0.1,theta_l,35.693903766140664
197,0.1,tajimas_d,0.05198624009402154
197,0.2,pi,39.75117850001758
197,0.2,theta_w,40.39710527313452
197,0.2,theta_h,31.60088350303792
197,0.2,theta_l,35.67603100152775
197,0.2,tajimas_d,-0.05482212887793062
197,0.3,pi,40.02800570793958
197,0.3,theta_w,39.42837052985082
197,0.3,theta_h,29.875559768761335
197,0.3,theta_l,34.951782738350445
197,0.3,tajimas_d,0.05279554468363269
197,0.4,pi,39.88215967425279
197,0.4,theta_w,39.119966600010414
197,0.4,theta_h,32.00602609277252
197,0.4,theta_l,35.94409288351266
197,0.4,tajimas_d,0.06878112672108098
197,0.5,pi,40.286305180973166
197,0.5,theta_w,39.30800229206982
197,0.5,theta_h,31.641147761517068
197,0.5,theta_l,35.96372647124512
197,0.5,tajimas_d,0.08949913680335976
197,0.6,pi,38.8707207155205
197,0.6,theta_w,38.02320618309419
197,0.6,theta_h,31.300514170360806
197,0.6,theta_l,35.08561744294066
197,0.6,tajimas_d,0.08236016943526223
198,0.0,pi,27.59353535353535
198,0.0,theta_w,33.02830427516503
198,0.0,theta_h,31.31555555555556
198,0.0,theta_l,29.454545454545453
198,0.0,tajimas_d,-0.5500570887846898
198,0.05,pi,27.669201960276848
198,0.05,theta_w,32.97018068023344
198,0.05,theta_h,31.380817852786347
198,0.05,theta_l,29.525009906531604
198,0.05,tajimas_d,-0.5399527144417363
198,0.1,pi,27.84913495944518
198,0.1,theta_w,33.33847493404046
198,0.1,theta_h,31.345963995170475
198,0.1,theta_l,29.597549477307822
198,0.1,tajimas_d,-0.5561187067015225
198,0.2,pi,27.927903490983773
198,0.2,theta_w,33.72632203438149
198,0.2,theta_h,31.735494126008636
198,0.2,theta_l,29.8316988084962
198,0.2,tajimas_d,-0.5873029327430419
198,0.3,pi,27.447501325113866
198,0.3,theta_w,33.014496969112486
198,0.3,theta_h,31.663949616222496
198,0.3,theta_l,29.555725470668182
198,0.3,tajimas_d,-0.5836528487055581
198,0.4,pi,27.023839325670536
198,0.4,theta_w,33.456592886163
198,0.4,theta_h,31.12052479313144
198,0.4,theta_l,29.07218205940099
198,0.4,tajimas_d,-0.6763866615320078
198,0.5,pi,28.368746466210645
198,0.5,theta_w,33.961031994466175
198,0.5,theta_h,31.904327871411244
198,0.5,theta_l,30.136537168810946
198,0.5,tajimas_d,-0.5907485019129673
198,0.6,pi,27.332711252584037
198,0.6,theta_w,33.702779376782644
198,0.6,theta_h,32.419266039581245
198,0.6,theta_l,29.87598864608264
198,0.6,tajimas_d,-0.6978201827858513
199,0.0,pi,51.596363636363634
199,0.0,theta_w,45.77607083750942
199,0.0,theta_h,38.989494949494954
199,0.0,theta_l,45.2929292929293
199,0.0,tajimas_d,0.42766492219450575
199,0.05,pi,51.5097843693801
199,0.05,theta_w,45.46895340748605
199,0.05,theta_h,38.8518887149242
199,0.05,theta_l,45.18083654215215
199,0.05,tajimas_d,0.449025595171144
199,0.1,pi,51.69076908479669
199,0.1,theta_w,45.94616596623302
199,0.1,theta_h,38.674257663350765
199,0.1,theta_l,45.18251337407373
199,0.1,tajimas_d,0.4246650064890807
199,0.2,pi,51.67082885002734
199,0.2,theta_w,45.271217117902836
199,0.2,theta_h,39.61523902405551
199,0.2,theta_l,45.64303393704144
199,0.2,tajimas_d,0.48527027992696875
199,0.3,pi,51.641643138710194
199,0.3,theta_w,45.1195061601701
199,0.3,theta_h,39.33336946656581
199,0.3,theta_l,45.487506302638
199,0.3,tajimas_d,0.5031901317240297
199,0.4,pi,51.56704782512902
199,0.4,theta_w,45.92403945643131
199,0.4,theta_h,39.28397256358838
199,0.4,theta_l,45.42551019435871
199,0.4,tajimas_d,0.43425633076987263
199,0.5,pi,51.01557087486848
199,0.5,theta_w,45.0085516958145
199,0.5,theta_h,39.817655323419686
199,0.5,theta_l,45.41661309914409
199,0.5,tajimas_d,0.4809137771534281
199,0.6,pi,51.63766211832199
199,0.6,theta_w,46.40883622208862
199,0.6,theta_h,40.01133690171353
199,0.6,theta_l,45.824499510017766
199,0.6,tajimas_d,0.41917753669377145
200,0.0,pi,50.00888888888889
200,0.0,theta_w,46.93495870681346
200,0.0,theta_h,50.6779797979798
200,0.0,theta_l,50.34343434343435
200,0.0,tajimas_d,0.22037774221528586
200,0.05,pi,50.114286747362904
200,0.05,theta_w,47.400521825801476
200,0.05,theta_h,50.52182602791883
200,0.05,theta_l,50.318056387640866
200,0.05,tajimas_d,0.19354660063509133
200,0.1,pi,49.84619136298281
200,0.1,theta_w,46.961922368395136
200,0.1,theta_h,50.75766830186359
200,0.1,theta_l,50.3019298324232
200,0.1,tajimas_d,0.20880783383231802
200,0.2,pi,49.90466925976334
200,0.2,theta_w,47.89427205493658
200,0.2,theta_h,50.298860862990296
200,0.2,theta_l,50.10176506137682
200,0.2,tajimas_d,0.14439607961870832
200,0.3,pi,50.810893033902346
200,0.3,theta_w,48.03215976725917
200,0.3,theta_h,50.67862432446516
200,0.3,theta_l,50.744758679183754
200,0.3,tajimas_d,0.20158402574047962
200,0.4,pi,50.37642371678102
200,0.4,theta_w,48.12413684074045
200,0.4,theta_h,51.02559672783681
200,0.4,theta_l,50.70101022230892
200,0.4,tajimas_d,0.16570053570280732
200,0.5,pi,49.423252903189
200,0.5,theta_w,47.20838965521807
200,0.5,theta_h,51.80813618237204
200,0.5,theta_l,50.61569454278052
200,0.5,tajimas_d,0.16950865094203624
200,0.6,pi,51.1539454266427
200,0.6,theta_w,47.04659707974252
200,0.6,theta_h,51.638729392150154
200,0.6,theta_l,51.39633740939643
200,0.6,tajimas_d,0.3235474067059689
