derived_allele_count,sites
0,5231323
1,2281150
2,892216
3,491889
4,317782
5,222631
6,165934
7,128153
8,102915
9,84963
10,71031
11,59957
12,51885
13,44838
14,39312
15,35342
16,31533
17,28452
18,25763
19,22932
20,20992
21,19475
22,17879
23,16642
24,15392
25,14170
26,13182
27,11996
28,11320
29,10696
30,9895
31,9452
32,8983
33,8446
34,8315
35,7802
36,7110
37,6925
38,6695
39,6283
40,5926
41,5942
42,5381
43,5216
44,5011
45,4769
46,4794
47,4496
48,4323
49,4211
50,3910
51,3921
52,3645
53,3662
54,3546
55,3241
56,3192
57,3321
58,3060
59,3043
60,2932
61,2749
62,2799
63,2771
64,2678
65,2494
66,2402
67,2323
68,2336
69,2223
70,2210
71,2265
72,2107
73,2077
74,2059
75,2006
76,1789
77,1851
78,1887
79,1791
80,1692
81,1702
82,1667
83,1611
84,1620
85,1532
86,1484
87,1488
88,1403
89,1350
90,1394
91,1387
92,1355
93,1357
94,1319
95,1257
96,1266
97,1156
98,1207
99,1244
100,1207
101,1212
102,1263
103,1157
104,1063
105,1050
106,1150
107,1102
108,1316
109,1001
110,1040
111,955
112,949
113,971
114,987
115,883
116,919
117,965
118,950
119,963
120,871
121,886
122,872
123,793
124,777
125,793
126,770
127,854
128,817
129,787
130,757
131,711
132,716
133,707
134,670
135,702
136,700
137,690
138,635
139,670
140,674
141,671
142,646
143,675
144,604
145,638
146,758
147,580
148,672
149,627
150,637
151,586
152,611
153,588
154,615
155,574
156,536
157,575
158,548
159,611
160,542
161,564
162,545
163,515
164,521
165,517
166,529
167,451
168,482
169,522
170,512
171,477
172,439
173,525
174,479
175,455
176,414
177,472
178,458
179,457
180,440
181,508
182,414
183,397
184,443
185,432
186,432
187,408
188,439
189,426
190,413
191,407
192,424
193,415
194,424
195,441
196,413
197,404
198,397
199,381
200,379
201,353
202,373
203,400
204,367
205,305
206,325
207,320
208,300
209,334
210,381
211,353
212,323
213,330
214,309
215,292
216,295
217,348
218,355
219,350
220,321
221,307
222,308
223,389
224,300
225,334
226,313
227,255
228,286
229,319
230,255
231,271
232,262
233,293
234,316
235,245
236,296
237,293
238,298
239,283
240,291
241,275
242,263
243,272
244,240
245,264
246,258
247,313
248,274
249,246
250,233
251,221
252,258
253,221
254,250
255,238
256,253
257,275
258,249
259,246
260,238
261,224
262,232
263,239
264,192
265,239
266,238
267,211
268,216
269,222
270,233
271,232
272,213
273,224
274,238
275,244
276,225
277,239
278,227
279,214
280,215
281,210
282,236
283,254
284,169
285,208
286,202
287,198
288,211
289,214
290,210
291,222
292,239
293,190
294,244
295,196
296,196
297,227
298,229
299,232
300,284
301,195
302,187
303,180
304,228
305,226
306,185
307,170
308,194
309,196
310,167
311,193
312,207
313,203
314,178
315,193
316,155
317,183
318,176
319,196
320,170
321,174
322,182
323,173
324,187
325,181
326,186
327,170
328,172
329,193
330,144
331,227
332,168
333,153
334,168
335,158
336,180
337,179
338,172
339,173
340,182
341,156
342,164
343,156
344,153
345,157
346,163
347,147
348,188
349,156
350,185
351,178
352,175
353,155
354,156
355,166
356,180
357,161
358,147
359,150
360,172
361,148
362,135
363,143
364,131
365,156
366,150
367,133
368,130
369,150
370,176
371,152
372,167
373,165
374,148
375,135
376,143
377,157
378,154
379,116
380,148
381,162
382,152
383,132
384,165
385,125
386,113
387,152
388,158
389,135
390,160
391,147
392,167
393,130
394,137
395,128
396,151
397,116
398,148
399,158
400,129
401,141
402,136
403,125
404,96
405,134
406,138
407,134
408,135
409,151
410,148
411,122
412,160
413,126
414,140
415,100
416,124
417,163
418,112
419,131
420,147
421,140
422,152
423,115
424,119
425,117
426,132
427,149
428,146
429,135
430,129
431,107
432,120
433,104
434,108
435,115
436,127
437,106
438,105
439,111
440,116
441,133
442,123
443,116
444,93
445,107
446,98
447,111
448,109
449,130
450,117
451,119
452,104
453,114
454,105
455,145
456,120
457,99
458,101
459,118
460,111
461,90
462,100
463,113
464,115
465,79
466,93
467,89
468,112
469,86
470,94
471,104
472,112
473,104
474,107
475,93
476,103
477,95
478,93
479,101
480,78
481,90
482,133
483,102
484,103
485,94
486,93
487,95
488,106
489,94
490,91
491,94
492,85
493,111
494,107
495,81
496,97
497,103
498,111
499,94
500,114
501,128
502,86
503,87
504,89
505,103
506,113
507,103
508,105
509,87
510,85
511,124
512,111
513,113
514,93
515,106
516,70
517,80
518,89
519,100
520,104
521,80
522,84
523,107
524,74
525,103
526,73
527,90
528,101
529,109
530,86
531,116
532,85
533,83
534,66
535,87
536,87
537,85
538,98
539,96
540,76
541,70
542,81
543,79
544,74
545,69
546,96
547,81
548,78
549,88
550,68
551,85
552,101
553,87
554,82
555,80
556,81
557,76
558,80
559,78
560,77
561,88
562,66
563,72
564,81
565,77
566,87
567,85
568,104
569,79
570,81
571,62
572,90
573,99
574,79
575,91
576,80
577,92
578,83
579,114
580,73
581,94
582,70
583,75
584,86
585,86
586,115
587,81
588,62
589,80
590,71
591,59
592,68
593,71
594,70
595,84
596,60
597,66
598,62
599,56
600,71
601,80
602,59
603,62
604,74
605,73
606,61
607,69
608,77
609,62
610,77
611,58
612,58
613,69
614,60
615,82
616,72
617,71
618,76
619,80
620,76
621,61
622,61
623,61
624,64
625,78
626,64
627,70
628,60
629,71
630,68
631,62
632,60
633,60
634,73
635,70
636,55
637,61
638,66
639,78
640,51
641,64
642,62
643,72
644,78
645,71
646,55
647,52
648,60
649,42
650,61
651,54
652,68
653,65
654,69
655,63
656,62
657,89
658,65
659,67
660,70
661,64
662,50
663,55
664,69
665,66
666,77
667,64
668,65
669,63
670,54
671,67
672,59
673,45
674,78
675,51
676,60
677,66
678,66
679,66
680,73
681,72
682,69
683,79
684,84
685,64
686,91
687,81
688,65
689,64
690,69
691,61
692,71
693,56
694,47
695,73
696,50
697,55
698,65
699,63
700,52
701,53
702,54
703,52
704,42
705,52
706,63
707,60
708,68
709,55
710,64
711,85
712,53
713,45
714,45
715,48
716,44
717,53
718,52
719,49
720,46
721,52
722,51
723,54
724,58
725,39
726,62
727,51
728,59
729,57
730,52
731,60
732,63
733,46
734,47
735,40
736,54
737,42
738,29
739,46
740,56
741,47
742,38
743,48
744,46
745,46
746,65
747,54
748,39
749,48
750,39
751,52
752,40
753,48
754,32
755,49
756,52
757,45
758,37
759,62
760,47
761,47
762,45
763,52
764,58
765,43
766,37
767,50
768,52
769,42
770,47
771,48
772,49
773,56
774,50
775,57
776,32
777,24
778,35
779,50
780,37
781,52
782,34
783,58
784,34
785,51
786,55
787,52
788,58
789,44
790,46
791,46
792,43
793,51
794,56
795,44
796,52
797,41
798,34
799,41
800,42
801,46
802,51
803,48
804,41
805,42
806,38
807,38
808,28
809,41
810,36
811,39
812,45
813,40
814,48
815,39
816,38
817,47
818,49
819,38
820,52
821,46
822,53
823,49
824,42
825,44
826,42
827,25
828,43
829,51
830,42
831,47
832,39
833,32
834,40
835,34
836,43
837,52
838,55
839,49
840,38
841,47
842,47
843,33
844,48
845,52
846,44
847,39
848,37
849,47
850,42
851,50
852,37
853,43
854,39
855,60
856,27
857,37
858,35
859,50
860,44
861,73
862,46
863,44
864,42
865,45
866,43
867,39
868,45
869,40
870,34
871,47
872,46
873,60
874,36
875,29
876,50
877,47
878,35
879,38
880,37
881,36
882,38
883,44
884,68
885,31
886,56
887,48
888,41
889,45
890,35
891,41
892,42
893,30
894,35
895,36
896,37
897,38
898,48
899,43
900,39
901,53
902,50
903,36
904,37
905,24
906,46
907,34
908,46
909,50
910,39
911,54
912,33
913,47
914,32
915,40
916,41
917,34
918,23
919,49
920,45
921,45
922,31
923,75
924,41
925,50
926,31
927,43
928,28
929,36
930,54
931,45
932,41
933,36
934,48
935,44
936,36
937,40
938,29
939,30
940,31
941,25
942,33
943,31
944,32
945,29
946,24
947,33
948,33
949,30
950,40
951,46
952,45
953,40
954,39
955,28
956,42
957,32
958,34
959,43
960,47
961,35
962,30
963,48
964,23
965,28
966,36
967,39
968,34
969,32
970,27
971,30
972,38
973,42
974,26
975,43
976,31
977,31
978,32
979,34
980,26
981,26
982,32
983,35
984,32
985,51
986,37
987,27
988,33
989,20
990,33
991,24
992,42
993,37
994,39
995,41
996,31
997,34
998,35
999,45
1000,32
1001,29
1002,33
1003,32
1004,41
1005,28
1006,31
1007,34
1008,28
1009,41
1010,33
1011,33
1012,35
1013,27
1014,25
1015,22
1016,28
1017,41
1018,34
1019,37
1020,35
1021,25
1022,30
1023,30
1024,35
1025,31
1026,27
1027,29
1028,30
1029,24
1030,29
1031,40
1032,30
1033,31
1034,26
1035,35
1036,38
1037,35
1038,41
1039,29
1040,29
1041,24
1042,26
1043,25
1044,36
1045,26
1046,33
1047,28
1048,37
1049,30
1050,32
1051,26
1052,20
1053,31
1054,33
1055,39
1056,33
1057,36
1058,26
1059,28
1060,22
1061,21
1062,30
1063,36
1064,27
1065,26
1066,28
1067,31
1068,34
1069,29
1070,35
1071,36
1072,29
1073,23
1074,20
1075,22
1076,40
1077,25
1078,36
1079,33
1080,39
1081,18
1082,16
1083,36
1084,18
1085,24
1086,26
1087,37
1088,38
1089,41
1090,37
1091,24
1092,33
1093,27
1094,24
1095,33
1096,46
1097,37
1098,30
1099,18
1100,42
1101,23
1102,46
1103,31
1104,18
1105,31
1106,36
1107,19
1108,26
1109,23
1110,25
1111,31
1112,34
1113,31
1114,31
1115,28
1116,26
1117,28
1118,26
1119,25
1120,28
1121,29
1122,27
1123,24
1124,27
1125,21
1126,40
1127,39
1128,31
1129,21
1130,33
1131,31
1132,29
1133,34
1134,38
1135,33
1136,38
1137,79
1138,26
1139,17
1140,34
1141,29
1142,32
1143,25
1144,13
1145,23
1146,37
1147,19
1148,30
1149,38
1150,23
1151,24
1152,28
1153,25
1154,27
1155,33
1156,25
1157,30
1158,21
1159,36
1160,38
1161,43
1162,29
1163,22
1164,37
1165,30
1166,23
1167,31
1168,43
1169,17
1170,21
1171,27
1172,24
1173,16
1174,24
1175,22
1176,31
1177,28
1178,21
1179,25
1180,29
1181,26
1182,30
1183,23
1184,27
1185,33
1186,39
1187,26
1188,27
1189,37
1190,19
1191,28
1192,24
1193,30
1194,28
1195,30
1196,32
1197,16
1198,25
1199,29
1200,26
1201,25
1202,59
1203,24
1204,20
1205,18
1206,24
1207,15
1208,21
1209,26
1210,20
1211,18
1212,28
1213,29
1214,35
1215,19
1216,26
1217,24
1218,41
1219,28
1220,26
1221,22
1222,26
1223,23
1224,31
1225,15
1226,23
1227,20
1228,27
1229,54
1230,26
1231,32
1232,21
1233,24
1234,23
1235,21
1236,20
1237,20
1238,27
1239,24
1240,23
1241,20
1242,15
1243,27
1244,24
1245,20
1246,19
1247,25
1248,27
1249,25
1250,36
1251,23
1252,34
1253,21
1254,30
1255,47
1256,33
1257,17
1258,20
1259,42
1260,24
1261,21
1262,22
1263,30
1264,28
1265,29
1266,18
1267,22
1268,20
1269,21
1270,16
1271,26
1272,21
1273,16
1274,29
1275,33
1276,29
1277,25
1278,17
1279,30
1280,26
1281,40
1282,27
1283,41
1284,31
1285,37
1286,24
1287,22
1288,35
1289,24
1290,11
1291,22
1292,23
1293,11
1294,26
1295,24
1296,35
1297,20
1298,20
1299,16
1300,27
1301,29
1302,16
1303,28
1304,41
1305,24
1306,22
1307,17
1308,19
1309,31
1310,36
1311,40
1312,12
1313,16
1314,23
1315,17
1316,25
1317,23
1318,18
1319,26
1320,26
1321,19
1322,23
1323,34
1324,25
1325,34
1326,16
1327,27
1328,18
1329,19
1330,23
1331,33
1332,17
1333,30
1334,31
1335,20
1336,23
1337,26
1338,21
1339,30
1340,20
1341,23
1342,14
1343,15
1344,25
1345,26
1346,33
1347,47
1348,28
1349,30
1350,15
1351,21
1352,19
1353,16
1354,28
1355,20
1356,15
1357,15
1358,17
1359,17
1360,16
1361,23
1362,22
1363,12
1364,27
1365,30
1366,31
1367,26
1368,48
1369,52
1370,29
1371,26
1372,27
1373,22
1374,24
1375,14
1376,26
1377,22
1378,26
1379,22
1380,28
1381,16
1382,27
1383,27
1384,31
1385,19
1386,20
1387,13
1388,11
1389,19
1390,22
1391,18
1392,35
1393,25
1394,20
1395,18
1396,23
1397,28
1398,17
1399,29
1400,24
1401,19
1402,20
1403,23
1404,15
1405,18
1406,20
1407,17
1408,31
1409,19
1410,23
1411,26
1412,17
1413,24
1414,31
1415,15
1416,14
1417,24
1418,23
1419,23
1420,28
1421,26
1422,11
1423,35
1424,18
1425,23
1426,20
1427,26
1428,26
1429,21
1430,21
1431,48
1432,27
1433,17
1434,20
1435,21
1436,16
1437,32
1438,16
1439,23
1440,36
1441,23
1442,22
1443,22
1444,16
1445,16
1446,28
1447,39
1448,24
1449,18
1450,16
1451,28
1452,19
1453,14
1454,20
1455,15
1456,20
1457,20
1458,24
1459,24
1460,30
1461,25
1462,23
1463,15
1464,15
1465,12
1466,26
1467,16
1468,29
1469,28
1470,14
1471,13
1472,22
1473,19
1474,15
1475,25
1476,23
1477,18
1478,16
1479,14
1480,20
1481,28
1482,13
1483,29
1484,14
1485,27
1486,12
1487,24
1488,31
1489,23
1490,18
1491,18
1492,18
1493,23
1494,9
1495,19
1496,19
1497,14
1498,22
1499,24
1500,21
1501,16
1502,21
1503,19
1504,9
1505,18
1506,20
1507,16
1508,17
1509,21
1510,22
1511,22
1512,24
1513,13
1514,21
1515,17
1516,13
1517,21
1518,17
1519,17
1520,21
1521,12
1522,23
1523,17
1524,18
1525,10
1526,15
1527,22
1528,25
1529,21
1530,18
1531,25
1532,24
1533,14
1534,19
1535,16
1536,17
1537,13
1538,23
1539,18
1540,20
1541,16
1542,14
1543,16
1544,25
1545,18
1546,15
1547,32
1548,10
1549,16
1550,22
1551,24
1552,27
1553,20
1554,15
1555,19
1556,11
1557,19
1558,15
1559,21
1560,20
1561,11
1562,20
1563,11
1564,14
1565,20
1566,26
1567,15
1568,20
1569,21
1570,12
1571,14
1572,18
1573,21
1574,13
1575,23
1576,30
1577,20
1578,21
1579,16
1580,20
1581,19
1582,17
1583,18
1584,14
1585,26
1586,18
1587,23
1588,15
1589,19
1590,20
1591,18
1592,16
1593,21
1594,17
1595,18
1596,16
1597,26
1598,33
1599,13
1600,17
1601,18
1602,20
1603,20
1604,15
1605,13
1606,10
1607,13
1608,13
1609,20
1610,13
1611,13
1612,21
1613,11
1614,12
1615,18
1616,24
1617,12
1618,12
1619,21
1620,14
1621,13
1622,13
1623,21
1624,18
1625,17
1626,15
1627,11
1628,20
1629,11
1630,18
1631,15
1632,16
1633,19
1634,15
1635,16
1636,18
1637,15
1638,10
1639,17
1640,7
1641,9
1642,20
1643,14
1644,17
1645,16
1646,20
1647,16
1648,19
1649,17
1650,27
1651,19
1652,19
1653,21
1654,17
1655,23
1656,19
1657,19
1658,13
1659,22
1660,19
1661,32
1662,28
1663,28
1664,19
1665,60
1666,18
1667,18
1668,18
1669,10
1670,18
1671,13
1672,17
1673,21
1674,21
1675,19
1676,28
1677,17
1678,19
1679,22
1680,17
1681,14
1682,11
1683,12
1684,13
1685,14
1686,8
1687,14
1688,9
1689,18
1690,14
1691,16
1692,15
1693,9
1694,22
1695,11
1696,10
1697,26
1698,17
1699,10
1700,15
1701,17
1702,24
1703,15
1704,13
1705,18
1706,9
1707,10
1708,9
1709,26
1710,19
1711,15
1712,15
1713,11
1714,22
1715,16
1716,19
1717,18
1718,27
1719,21
1720,19
1721,15
1722,24
1723,23
1724,20
1725,16
1726,17
1727,19
1728,33
1729,12
1730,23
1731,18
1732,23
1733,24
1734,21
1735,13
1736,24
1737,19
1738,27
1739,15
1740,13
1741,12
1742,20
1743,14
1744,22
1745,19
1746,22
1747,18
1748,24
1749,16
1750,15
1751,14
1752,18
1753,19
1754,19
1755,13
1756,32
1757,17
1758,17
1759,17
1760,20
1761,14
1762,24
1763,13
1764,9
1765,13
1766,13
1767,18
1768,20
1769,15
1770,13
1771,17
1772,16
1773,10
1774,21
1775,19
1776,10
1777,9
1778,13
1779,19
1780,16
1781,15
1782,10
1783,9
1784,21
1785,8
1786,10
1787,15
1788,13
1789,12
1790,15
1791,22
1792,13
1793,14
1794,16
1795,14
1796,15
1797,14
1798,14
1799,17
1800,19
1801,16
1802,20
1803,18
1804,11
1805,13
1806,11
1807,23
1808,15
1809,15
1810,11
1811,22
1812,10
1813,10
1814,15
1815,18
1816,10
1817,36
1818,18
1819,9
1820,15
1821,16
1822,9
1823,10
1824,16
1825,13
1826,11
1827,12
1828,15
1829,15
1830,16
1831,22
1832,18
1833,14
1834,14
1835,11
1836,19
1837,8
1838,10
1839,16
1840,18
1841,10
1842,13
1843,10
1844,14
1845,4
1846,13
1847,20
1848,17
1849,17
1850,13
1851,18
1852,16
1853,28
1854,9
1855,13
1856,18
1857,17
1858,15
1859,12
1860,13
1861,14
1862,13
1863,18
1864,16
1865,11
1866,8
1867,13
1868,19
1869,15
1870,15
1871,12
1872,15
1873,16
1874,17
1875,16
1876,15
1877,15
1878,9
1879,17
1880,10
1881,19
1882,20
1883,20
1884,23
1885,16
1886,13
1887,12
1888,22
1889,13
1890,18
1891,15
1892,25
1893,17
1894,12
1895,15
1896,25
1897,18
1898,10
1899,9
1900,23
1901,13
1902,18
1903,11
1904,12
1905,9
1906,10
1907,18
1908,8
1909,4
1910,21
1911,14
1912,4
1913,13
1914,18
1915,11
1916,14
1917,9
1918,11
1919,11
1920,8
1921,10
1922,12
1923,8
1924,14
1925,13
1926,10
1927,13
1928,11
1929,8
1930,10
1931,9
1932,11
1933,9
1934,19
1935,12
1936,11
1937,12
1938,16
1939,16
1940,14
1941,12
1942,11
1943,18
1944,13
1945,13
1946,11
1947,12
1948,15
1949,11
1950,16
1951,38
1952,17
1953,13
1954,19
1955,8
1956,14
1957,17
1958,9
1959,9
1960,11
1961,6
1962,17
1963,9
1964,9
1965,12
1966,14
1967,14
1968,7
1969,8
1970,14
1971,11
1972,19
1973,22
1974,15
1975,16
1976,15
1977,13
1978,10
1979,11
1980,17
1981,52
1982,17
1983,15
1984,12
1985,8
1986,22
1987,8
1988,11
1989,11
1990,12
1991,11
1992,12
1993,12
1994,15
1995,15
1996,15
1997,15
1998,13
1999,7
2000,5
2001,16
2002,13
2003,12
2004,19
2005,11
2006,17
2007,11
2008,14
2009,9
2010,9
2011,8
2012,13
2013,10
2014,15
2015,18
2016,8
2017,14
2018,11
2019,16
2020,8
2021,5
2022,8
2023,7
2024,16
2025,13
2026,19
2027,10
2028,12
2029,13
2030,16
2031,13
2032,7
2033,13
2034,5
2035,17
2036,4
2037,12
2038,18
2039,10
2040,12
2041,8
2042,15
2043,17
2044,10
2045,12
2046,16
2047,14
2048,13
2049,18
2050,12
2051,17
2052,9
2053,13
2054,13
2055,10
2056,13
2057,12
2058,11
2059,12
2060,18
2061,26
2062,17
2063,15
2064,7
2065,8
2066,16
2067,20
2068,12
2069,13
2070,12
2071,13
2072,22
2073,17
2074,11
2075,24
2076,6
2077,19
2078,9
2079,7
2080,13
2081,14
2082,18
2083,15
2084,11
2085,11
2086,11
2087,9
2088,11
2089,13
2090,8
2091,12
2092,18
2093,8
2094,12
2095,11
2096,13
2097,11
2098,12
2099,18
2100,9
2101,7
2102,5
2103,10
2104,14
2105,22
2106,14
2107,19
2108,18
2109,14
2110,11
2111,10
2112,14
2113,17
2114,12
2115,4
2116,9
2117,17
2118,9
2119,12
2120,18
2121,9
2122,12
2123,12
2124,14
2125,11
2126,13
2127,11
2128,14
2129,13
2130,13
2131,11
2132,15
2133,14
2134,16
2135,8
2136,8
2137,10
2138,9
2139,11
2140,13
2141,3
2142,17
2143,14
2144,12
2145,11
2146,17
2147,17
2148,15
2149,20
2150,18
2151,14
2152,10
2153,15
2154,9
2155,16
2156,7
2157,18
2158,12
2159,10
2160,14
2161,20
2162,12
2163,10
2164,9
2165,4
2166,9
2167,13
2168,17
2169,5
2170,6
2171,10
2172,14
2173,11
2174,11
2175,6
2176,6
2177,19
2178,21
2179,13
2180,13
2181,10
2182,12
2183,11
2184,7
2185,19
2186,19
2187,15
2188,14
2189,6
2190,5
2191,12
2192,13
2193,13
2194,4
2195,16
2196,11
2197,4
2198,11
2199,10
2200,8
2201,16
2202,10
2203,5
2204,8
2205,9
2206,13
2207,13
2208,10
2209,10
2210,7
2211,15
2212,12
2213,10
2214,17
2215,12
2216,6
2217,7
2218,9
2219,15
2220,12
2221,7
2222,13
2223,8
2224,10
2225,9
2226,16
2227,13
2228,8
2229,19
2230,12
2231,13
2232,14
2233,9
2234,11
2235,9
2236,13
2237,23
2238,15
2239,8
2240,11
2241,16
2242,10
2243,9
2244,11
2245,10
2246,10
2247,7
2248,12
2249,15
2250,10
2251,14
2252,6
2253,20
2254,9
2255,8
2256,9
2257,7
2258,12
2259,13
2260,12
2261,14
2262,12
2263,12
2264,26
2265,11
2266,20
2267,11
2268,11
2269,15
2270,14
2271,9
2272,13
2273,12
2274,15
2275,14
2276,8
2277,28
2278,13
2279,19
2280,4
2281,17
2282,7
2283,7
2284,10
2285,12
2286,16
2287,13
2288,12
2289,10
2290,25
2291,21
2292,15
2293,10
2294,8
2295,15
2296,17
2297,11
2298,9
2299,8
2300,4
2301,9
2302,9
2303,13
2304,11
2305,11
2306,7
2307,4
2308,16
2309,7
2310,13
2311,9
2312,11
2313,15
2314,12
2315,8
2316,15
2317,7
2318,7
2319,7
2320,12
2321,10
2322,13
2323,6
2324,5
2325,14
2326,11
2327,12
2328,15
2329,18
2330,15
2331,7
2332,5
2333,17
2334,6
2335,13
2336,12
2337,6
2338,7
2339,8
2340,9
2341,10
2342,11
2343,8
2344,6
2345,11
2346,17
2347,12
2348,10
2349,10
2350,12
2351,10
2352,10
2353,16
2354,14
2355,10
2356,5
2357,7
2358,14
2359,17
2360,9
2361,16
2362,14
2363,7
2364,11
2365,8
2366,9
2367,16
2368,11
2369,13
2370,21
2371,39
2372,8
2373,4
2374,9
2375,13
2376,7
2377,7
2378,10
2379,18
2380,8
2381,8
2382,8
2383,10
2384,9
2385,6
2386,11
2387,16
2388,6
2389,14
2390,12
2391,9
2392,11
2393,22
2394,17
2395,14
2396,10
2397,6
2398,15
2399,16
2400,10
2401,11
2402,16
2403,14
2404,18
2405,5
2406,5
2407,18
2408,11
2409,6
2410,11
2411,12
2412,9
2413,19
2414,10
2415,16
2416,45
2417,10
2418,10
2419,12
2420,10
2421,11
2422,11
2423,11
2424,13
2425,30
2426,10
2427,15
2428,12
2429,10
2430,32
2431,17
2432,14
2433,8
2434,9
2435,14
2436,12
2437,8
2438,15
2439,8
2440,13
2441,9
2442,10
2443,16
2444,8
2445,11
2446,12
2447,14
2448,8
2449,30
2450,25
2451,9
2452,13
2453,5
2454,3
2455,15
2456,5
2457,8
2458,20
2459,8
2460,8
2461,10
2462,14
2463,7
2464,45
2465,10
2466,5
2467,5
2468,13
2469,19
2470,13
2471,13
2472,14
2473,18
2474,12
2475,12
2476,16
2477,8
2478,9
2479,11
2480,7
2481,9
2482,7
2483,19
2484,18
2485,14
2486,17
2487,9
2488,10
2489,9
2490,12
2491,11
2492,15
2493,9
2494,14
2495,4
2496,8
2497,5
2498,12
2499,14
2500,11
2501,11
2502,8
2503,18
2504,8
2505,10
2506,4
2507,9
2508,9
2509,9
2510,6
2511,13
2512,7
2513,4
2514,9
2515,8
2516,9
2517,6
2518,11
2519,8
2520,14
2521,11
2522,9
2523,4
2524,9
2525,11
2526,4
2527,8
2528,10
2529,13
2530,3
2531,12
2532,15
2533,9
2534,6
2535,2
2536,8
2537,7
2538,11
2539,8
2540,10
2541,8
2542,7
2543,9
2544,8
2545,7
2546,10
2547,7
2548,11
2549,6
2550,8
2551,7
2552,10
2553,5
2554,15
2555,11
2556,7
2557,10
2558,9
2559,9
2560,7
2561,5
2562,10
2563,13
2564,5
2565,14
2566,9
2567,6
2568,13
2569,14
2570,4
2571,16
2572,12
2573,9
2574,3
2575,6
2576,13
2577,14
2578,5
2579,8
2580,9
2581,7
2582,11
2583,10
2584,5
2585,20
2586,8
2587,9
2588,5
2589,3
2590,15
2591,6
2592,10
2593,22
2594,12
2595,39
2596,10
2597,12
2598,15
2599,7
2600,14
2601,7
2602,31
2603,14
2604,20
2605,9
2606,9
2607,8
2608,9
2609,18
2610,8
2611,8
2612,6
2613,10
2614,6
2615,12
2616,9
2617,3
2618,11
2619,15
2620,16
2621,13
2622,11
2623,8
2624,10
2625,10
2626,11
2627,10
2628,7
2629,18
2630,11
2631,16
2632,9
2633,12
2634,10
2635,6
2636,17
2637,15
2638,8
2639,11
2640,9
2641,24
2642,7
2643,12
2644,11
2645,9
2646,12
2647,11
2648,8
2649,10
2650,14
2651,9
2652,16
2653,8
2654,4
2655,16
2656,10
2657,13
2658,13
2659,7
2660,5
2661,8
2662,10
2663,11
2664,7
2665,9
2666,8
2667,11
2668,10
2669,7
2670,4
2671,14
2672,9
2673,7
2674,6
2675,15
2676,12
2677,7
2678,11
2679,9
2680,8
2681,5
2682,16
2683,7
2684,13
2685,4
2686,6
2687,14
2688,10
2689,9
2690,4
2691,7
2692,6
2693,10
2694,3
2695,8
2696,7
2697,11
2698,9
2699,12
2700,10
2701,15
2702,6
2703,6
2704,11
2705,10
2706,7
2707,13
2708,10
2709,8
2710,9
2711,2
2712,9
2713,8
2714,6
2715,6
2716,7
2717,8
2718,6
2719,5
2720,11
2721,8
2722,10
2723,9
2724,9
2725,13
2726,5
2727,10
2728,6
2729,14
2730,9
2731,15
2732,13
2733,6
2734,15
2735,9
2736,10
2737,19
2738,6
2739,8
2740,13
2741,12
2742,4
2743,5
2744,17
2745,17
2746,23
2747,9
2748,20
2749,4
2750,13
2751,9
2752,15
2753,7
2754,9
2755,10
2756,21
2757,13
2758,18
2759,17
2760,7
2761,8
2762,13
2763,12
2764,11
2765,14
2766,7
2767,6
2768,6
2769,12
2770,8
2771,7
2772,10
2773,9
2774,12
2775,8
2776,11
2777,8
2778,11
2779,7
2780,9
2781,10
2782,13
2783,10
2784,14
2785,6
2786,9
2787,10
2788,10
2789,2
2790,9
2791,6
2792,12
2793,9
2794,9
2795,8
2796,11
2797,7
2798,8
2799,5
2800,10
2801,9
2802,4
2803,10
2804,7
2805,3
2806,9
2807,8
2808,7
2809,11
2810,12
2811,7
2812,4
2813,13
2814,3
2815,13
2816,4
2817,12
2818,8
2819,6
2820,6
2821,6
2822,8
2823,7
2824,5
2825,8
2826,4
2827,5
2828,8
2829,10
2830,6
2831,5
2832,10
2833,8
2834,8
2835,7
2836,7
2837,1
2838,9
2839,5
2840,4
2841,4
2842,5
2843,5
2844,5
2845,10
2846,10
2847,2
2848,17
2849,15
2850,6
2851,10
2852,5
2853,7
2854,13
2855,9
2856,14
2857,5
2858,14
2859,8
2860,11
2861,12
2862,6
2863,20
2864,8
2865,12
2866,4
2867,13
2868,18
2869,16
2870,9
2871,19
2872,9
2873,16
2874,5
2875,5
2876,5
2877,8
2878,8
2879,14
2880,12
2881,7
2882,10
2883,9
2884,5
2885,13
2886,15
2887,7
2888,12
2889,5
2890,4
2891,9
2892,11
2893,13
2894,10
2895,7
2896,7
2897,9
2898,16
2899,5
2900,5
2901,14
2902,7
2903,10
2904,13
2905,9
2906,9
2907,9
2908,8
2909,9
2910,3
2911,6
2912,5
2913,6
2914,7
2915,4
2916,13
2917,3
2918,12
2919,12
2920,8
2921,11
2922,3
2923,20
2924,11
2925,9
2926,5
2927,6
2928,9
2929,3
2930,6
2931,9
2932,3
2933,13
2934,10
2935,7
2936,11
2937,7
2938,12
2939,5
2940,2
2941,7
2942,11
2943,14
2944,6
2945,11
2946,5
2947,10
2948,6
2949,14
2950,15
2951,7
2952,6
2953,9
2954,6
2955,13
2956,11
2957,4
2958,6
2959,7
2960,5
2961,11
2962,8
2963,10
2964,15
2965,9
2966,8
2967,10
2968,7
2969,17
2970,10
2971,11
2972,6
2973,9
2974,4
2975,4
2976,7
2977,10
2978,10
2979,9
2980,6
2981,1
2982,10
2983,6
2984,5
2985,4
2986,3
2987,7
2988,8
2989,10
2990,9
2991,8
2992,7
2993,9
2994,11
2995,12
2996,9
2997,6
2998,10
2999,10
3000,1
3001,6
3002,9
3003,7
3004,9
3005,9
3006,11
3007,9
3008,4
3009,5
3010,6
3011,5
3012,8
3013,7
3014,9
3015,4
3016,4
3017,11
3018,10
3019,11
3020,6
3021,16
3022,4
3023,9
3024,10
3025,8
3026,7
3027,10
3028,6
3029,9
3030,3
3031,9
3032,11
3033,11
3034,2
3035,3
3036,5
3037,12
3038,11
3039,6
3040,4
3041,9
3042,6
3043,1
3044,9
3045,6
3046,11
3047,9
3048,14
3049,7
3050,7
3051,4
3052,4
3053,8
3054,3
3055,12
3056,9
3057,9
3058,9
3059,7
3060,2
3061,4
3062,8
3063,7
3064,8
3065,9
3066,6
3067,6
3068,9
3069,2
3070,8
3071,5
3072,15
3073,7
3074,11
3075,4
3076,4
3077,8
3078,10
3079,9
3080,7
3081,11
3082,7
3083,9
3084,6
3085,3
3086,8
3087,6
3088,5
3089,6
3090,10
3091,13
3092,8
3093,3
3094,11
3095,7
3096,4
3097,8
3098,7
3099,6
3100,11
3101,12
3102,9
3103,9
3104,9
3105,11
3106,7
3107,3
3108,6
3109,6
3110,10
3111,9
3112,7
3113,5
3114,9
3115,9
3116,17
3117,12
3118,10
3119,4
3120,14
3121,6
3122,9
3123,7
3124,10
3125,9
3126,8
3127,5
3128,4
3129,5
3130,11
3131,7
3132,10
3133,9
3134,10
3135,15
3136,9
3137,8
3138,6
3139,8
3140,7
3141,8
3142,8
3143,6
3144,9
3145,8
3146,10
3147,9
3148,7
3149,3
3150,7
3151,7
3152,10
3153,13
3154,12
3155,7
3156,7
3157,5
3158,4
3159,10
3160,7
3161,7
3162,5
3163,8
3164,6
3165,16
3166,14
3167,2
3168,5
3169,7
3170,7
3171,5
3172,13
3173,6
3174,5
3175,11
3176,6
3177,6
3178,6
3179,11
3180,3
3181,7
3182,6
3183,8
3184,5
3185,10
3186,6
3187,2
3188,9
3189,4
3190,6
3191,6
3192,5
3193,12
3194,5
3195,6
3196,6
3197,4
3198,15
3199,7
3200,7
3201,1
3202,3
3203,5
3204,8
3205,7
3206,7
3207,5
3208,5
3209,8
3210,10
3211,2
3212,3
3213,5
3214,11
3215,5
3216,8
3217,2
3218,5
3219,4
3220,7
3221,11
3222,4
3223,8
3224,12
3225,5
3226,6
3227,3
3228,5
3229,10
3230,7
3231,5
3232,8
3233,9
3234,8
3235,8
3236,6
3237,5
3238,3
3239,3
3240,11
3241,10
3242,4
3243,7
3244,12
3245,8
3246,7
3247,5
3248,4
3249,7
3250,8
3251,7
3252,13
3253,14
3254,8
3255,7
3256,6
3257,4
3258,9
3259,12
3260,5
3261,10
3262,4
3263,10
3264,6
3265,3
3266,4
3267,7
3268,3
3269,6
3270,12
3271,5
3272,9
3273,10
3274,6
3275,6
3276,4
3277,9
3278,4
3279,6
3280,9
3281,9
3282,5
3283,10
3284,7
3285,7
3286,7
3287,8
3288,9
3289,8
3290,8
3291,15
3292,3
3293,16
3294,11
3295,5
3296,10
3297,5
3298,7
3299,6
3300,9
3301,13
3302,7
3303,10
3304,7
3305,7
3306,13
3307,4
3308,8
3309,11
3310,12
3311,9
3312,12
3313,9
3314,6
3315,4
3316,9
3317,10
3318,7
3319,5
3320,6
3321,6
3322,11
3323,7
3324,28
3325,30
3326,6
3327,4
3328,7
3329,7
3330,7
3331,7
3332,12
3333,11
3334,12
3335,5
3336,7
3337,4
3338,1
3339,5
3340,8
3341,4
3342,7
3343,9
3344,9
3345,30
3346,5
3347,6
3348,0
3349,7
3350,7
3351,0
3352,4
3353,5
3354,4
3355,7
3356,6
3357,8
3358,20
3359,12
3360,8
3361,8
3362,8
3363,10
3364,6
3365,8
3366,11
3367,4
3368,6
3369,6
3370,6
3371,2
3372,6
3373,2
3374,4
3375,11
3376,7
3377,10
3378,13
3379,10
3380,5
3381,8
3382,11
3383,8
3384,6
3385,11
3386,4
3387,3
3388,8
3389,5
3390,16
3391,13
3392,8
3393,13
3394,6
3395,9
3396,6
3397,9
3398,7
3399,3
3400,3
3401,9
3402,5
3403,3
3404,3
3405,11
3406,6
3407,5
3408,6
3409,6
3410,4
3411,5
3412,1
3413,1
3414,4
3415,4
3416,10
3417,5
3418,4
3419,3
3420,5
3421,6
3422,6
3423,10
3424,10
3425,7
3426,5
3427,6
3428,7
3429,5
3430,7
3431,2
3432,3
3433,7
3434,8
3435,4
3436,8
3437,9
3438,3
3439,3
3440,4
3441,15
3442,6
3443,8
3444,5
3445,8
3446,3
3447,10
3448,6
3449,6
3450,8
3451,9
3452,7
3453,8
3454,4
3455,4
3456,3
3457,3
3458,15
3459,4
3460,8
3461,6
3462,8
3463,7
3464,7
3465,9
3466,10
3467,6
3468,4
3469,6
3470,3
3471,6
3472,11
3473,4
3474,6
3475,17
3476,9
3477,9
3478,12
3479,5
3480,2
3481,6
3482,14
3483,11
3484,10
3485,10
3486,10
3487,11
3488,5
3489,5
3490,6
3491,9
3492,5
3493,7
3494,4
3495,11
3496,7
3497,4
3498,2
3499,10
3500,7
3501,15
3502,6
3503,11
3504,4
3505,7
3506,8
3507,8
3508,9
3509,5
3510,11
3511,11
3512,8
3513,16
3514,11
3515,6
3516,5
3517,11
3518,7
3519,4
3520,5
3521,4
3522,6
3523,9
3524,3
3525,8
3526,11
3527,10
3528,10
3529,13
3530,12
3531,11
3532,6
3533,9
3534,12
3535,6
3536,4
3537,6
3538,7
3539,11
3540,8
3541,6
3542,9
3543,6
3544,7
3545,6
3546,8
3547,10
3548,7
3549,4
3550,12
3551,11
3552,13
3553,15
3554,12
3555,12
3556,8
3557,12
3558,8
3559,7
3560,11
3561,5
3562,13
3563,7
3564,7
3565,4
3566,14
3567,9
3568,15
3569,10
3570,8
3571,12
3572,7
3573,4
3574,8
3575,12
3576,4
3577,10
3578,5
3579,8
3580,4
3581,6
3582,9
3583,18
3584,11
3585,8
3586,29
3587,6
3588,10
3589,3
3590,43
3591,14
3592,9
3593,28
3594,6
3595,8
3596,7
3597,14
3598,10
3599,10
3600,6
3601,3
3602,7
3603,16
3604,4
3605,2
3606,5
3607,5
3608,14
3609,11
3610,8
3611,5
3612,11
3613,8
3614,12
3615,5
3616,4
3617,7
3618,10
3619,8
3620,4
3621,5
3622,11
3623,10
3624,10
3625,7
3626,11
3627,12
3628,5
3629,7
3630,9
3631,10
3632,9
3633,5
3634,6
3635,6
3636,10
3637,12
3638,11
3639,11
3640,10
3641,9
3642,4
3643,7
3644,7
3645,13
3646,4
3647,2
3648,9
3649,4
3650,7
3651,7
3652,6
3653,6
3654,9
3655,5
3656,6
3657,5
3658,7
3659,4
3660,6
3661,13
3662,7
3663,8
3664,8
3665,5
3666,4
3667,10
3668,11
3669,10
3670,3
3671,11
3672,10
3673,8
3674,4
3675,3
3676,9
3677,6
3678,10
3679,8
3680,10
3681,6
3682,10
3683,6
3684,4
3685,10
3686,6
3687,3
3688,8
3689,8
3690,6
3691,6
3692,6
3693,3
3694,6
3695,6
3696,9
3697,5
3698,5
3699,9
3700,6
3701,11
3702,15
3703,9
3704,8
3705,8
3706,18
3707,9
3708,6
3709,3
3710,9
3711,9
3712,10
3713,1
3714,8
3715,8
3716,2
3717,7
3718,6
3719,9
3720,9
3721,7
3722,8
3723,8
3724,4
3725,7
3726,5
3727,3
3728,5
3729,3
3730,8
3731,14
3732,12
3733,8
3734,12
3735,7
3736,6
3737,4
3738,24
3739,13
3740,14
3741,5
3742,6
3743,4
3744,6
3745,7
3746,11
3747,9
3748,7
3749,4
3750,7
3751,12
3752,6
3753,3
3754,7
3755,10
3756,6
3757,8
3758,8
3759,10
3760,6
3761,4
3762,5
3763,5
3764,5
3765,11
3766,10
3767,4
3768,7
3769,7
3770,3
3771,5
3772,10
3773,9
3774,10
3775,4
3776,4
3777,5
3778,10
3779,6
3780,3
3781,4
3782,1
3783,3
3784,3
3785,11
3786,10
3787,10
3788,4
3789,10
3790,8
3791,5
3792,7
3793,7
3794,7
3795,6
3796,11
3797,10
3798,7
3799,10
3800,6
3801,8
3802,8
3803,11
3804,12
3805,12
3806,8
3807,6
3808,6
3809,6
3810,11
3811,26
3812,21
3813,6
3814,13
3815,8
3816,5
3817,6
3818,8
3819,11
3820,11
3821,7
3822,8
3823,7
3824,11
3825,12
3826,22
3827,8
3828,12
3829,8
3830,5
3831,6
3832,9
3833,15
3834,2
3835,7
3836,9
3837,17
3838,4
3839,7
3840,20
3841,12
3842,12
3843,7
3844,16
3845,19
3846,7
3847,4
3848,9
3849,15
3850,6
3851,20
3852,31
3853,10
3854,18
3855,6
3856,3
3857,8
3858,9
3859,11
3860,6
3861,10
3862,4
3863,8
3864,11
3865,5
3866,5
3867,2
3868,3
3869,9
3870,7
3871,15
3872,5
3873,18
3874,9
3875,5
3876,2
3877,4
3878,11
3879,4
3880,5
3881,10
3882,3
3883,5
3884,15
3885,4
3886,12
3887,6
3888,7
3889,3
3890,5
3891,6
3892,12
3893,7
3894,5
3895,7
3896,6
3897,3
3898,7
3899,6
3900,11
3901,12
3902,1
3903,6
3904,3
3905,8
3906,7
3907,5
3908,4
3909,13
3910,19
3911,8
3912,9
3913,4
3914,4
3915,6
3916,9
3917,4
3918,7
3919,6
3920,8
3921,5
3922,4
3923,4
3924,9
3925,5
3926,6
3927,9
3928,4
3929,7
3930,8
3931,4
3932,6
3933,6
3934,9
3935,17
3936,9
3937,3
3938,6
3939,7
3940,6
3941,18
3942,7
3943,9
3944,11
3945,4
3946,8
3947,24
3948,13
3949,8
3950,6
3951,10
3952,10
3953,8
3954,9
3955,10
3956,4
3957,9
3958,9
3959,52
3960,9
3961,8
3962,7
3963,7
3964,7
3965,4
3966,9
3967,4
3968,5
3969,4
3970,8
3971,7
3972,4
3973,6
3974,4
3975,3
3976,11
3977,4
3978,9
3979,5
3980,4
3981,4
3982,6
3983,9
3984,5
3985,4
3986,9
3987,4
3988,6
3989,8
3990,6
3991,9
3992,5
3993,5
3994,5
3995,7
3996,7
3997,9
3998,7
3999,11
4000,5
4001,8
4002,7
4003,4
4004,8
4005,14
4006,6
4007,2
4008,7
4009,23
4010,3
4011,7
4012,12
4013,9
4014,5
4015,6
4016,6
4017,3
4018,3
4019,1
4020,3
4021,6
4022,1
4023,2
4024,3
4025,10
4026,7
4027,11
4028,3
4029,3
4030,7
4031,4
4032,14
4033,4
4034,7
4035,6
4036,6
4037,5
4038,11
4039,9
4040,9
4041,3
4042,6
4043,9
4044,5
4045,5
4046,7
4047,6
4048,7
4049,4
4050,8
4051,5
4052,6
4053,1
4054,9
4055,8
4056,5
4057,6
4058,7
4059,4
4060,8
4061,4
4062,7
4063,12
4064,1
4065,3
4066,4
4067,5
4068,5
4069,3
4070,3
4071,8
4072,8
4073,61
4074,8
4075,5
4076,32
4077,7
4078,11
4079,4
4080,5
4081,7
4082,11
4083,9
4084,6
4085,3
4086,3
4087,4
4088,5
4089,2
4090,3
4091,4
4092,3
4093,3
4094,6
4095,2
4096,7
4097,6
4098,7
4099,3
4100,5
4101,5
4102,3
4103,4
4104,9
4105,4
4106,7
4107,5
4108,6
4109,5
4110,5
4111,2
4112,11
4113,5
4114,5
4115,9
4116,3
4117,5
4118,8
4119,6
4120,4
4121,7
4122,1
4123,11
4124,7
4125,6
4126,7
4127,4
4128,4
4129,7
4130,2
4131,6
4132,5
4133,7
4134,6
4135,5
4136,16
4137,5
4138,4
4139,7
4140,7
4141,7
4142,5
4143,4
4144,13
4145,8
4146,5
4147,7
4148,2
4149,7
4150,4
4151,13
4152,4
4153,7
4154,10
4155,11
4156,9
4157,7
4158,4
4159,5
4160,5
4161,5
4162,15
4163,5
4164,7
4165,6
4166,33
4167,20
4168,5
4169,2
4170,9
4171,7
4172,10
4173,30
4174,22
4175,6
4176,18
4177,4
4178,5
4179,4
4180,11
4181,14
4182,5
4183,5
4184,4
4185,9
4186,5
4187,5
4188,5
4189,4
4190,4
4191,5
4192,3
4193,3
4194,4
4195,6
4196,7
4197,12
4198,7
4199,5
4200,7
4201,1
4202,11
4203,4
4204,6
4205,5
4206,2
4207,6
4208,8
4209,8
4210,8
4211,5
4212,4
4213,7
4214,2
4215,2
4216,2
4217,6
4218,5
4219,5
4220,1
4221,6
4222,8
4223,5
4224,6
4225,4
4226,7
4227,7
4228,4
4229,9
4230,9
4231,8
4232,7
4233,5
4234,6
4235,5
4236,5
4237,4
4238,5
4239,4
4240,2
4241,6
4242,3
4243,6
4244,6
4245,6
4246,10
4247,6
4248,6
4249,7
4250,7
4251,3
4252,5
4253,4
4254,3
4255,4
4256,3
4257,1
4258,7
4259,5
4260,13
4261,6
4262,13
4263,5
4264,8
4265,4
4266,5
4267,3
4268,5
4269,10
4270,6
4271,7
4272,10
4273,9
4274,15
4275,4
4276,5
4277,6
4278,7
4279,11
4280,8
4281,12
4282,7
4283,4
4284,3
4285,3
4286,6
4287,5
4288,6
4289,7
4290,7
4291,3
4292,8
4293,8
4294,3
4295,4
4296,3
4297,4
4298,3
4299,9
4300,7
4301,4
4302,9
4303,7
4304,7
4305,3
4306,8
4307,9
4308,7
4309,1
4310,4
4311,6
4312,5
4313,6
4314,6
4315,2
4316,4
4317,5
4318,3
4319,8
4320,2
4321,0
4322,2
4323,8
4324,5
4325,4
4326,7
4327,2
4328,8
4329,4
4330,1
4331,5
4332,6
4333,1
4334,3
4335,7
4336,6
4337,1
4338,12
4339,5
4340,3
4341,4
4342,5
4343,11
4344,4
4345,3
4346,6
4347,5
4348,5
4349,9
4350,3
4351,18
4352,3
4353,7
4354,6
4355,6
4356,8
4357,9
4358,4
4359,6
4360,69
4361,2
4362,5
4363,4
4364,5
4365,6
4366,4
4367,9
4368,4
4369,8
4370,4
4371,4
4372,5
4373,5
4374,8
4375,2
4376,4
4377,5
4378,7
4379,10
4380,5
4381,8
4382,6
4383,2
4384,7
4385,2
4386,3
4387,8
4388,2
4389,2
4390,7
4391,5
4392,6
4393,6
4394,3
4395,0
4396,4
4397,2
4398,5
4399,2
4400,5
4401,4
4402,3
4403,2
4404,9
4405,7
4406,2
4407,7
4408,3
4409,6
4410,7
4411,6
4412,5
4413,4
4414,1
4415,7
4416,1
4417,4
4418,5
4419,4
4420,5
4421,4
4422,11
4423,4
4424,6
4425,11
4426,7
4427,3
4428,6
4429,7
4430,14
4431,6
4432,11
4433,3
4434,12
4435,6
4436,11
4437,1
4438,14
4439,17
4440,5
4441,9
4442,10
4443,7
4444,7
4445,5
4446,4
4447,3
4448,5
4449,5
4450,1
4451,7
4452,5
4453,5
4454,12
4455,5
4456,7
4457,3
4458,9
4459,8
4460,4
4461,5
4462,4
4463,3
4464,5
4465,1
4466,9
4467,6
4468,6
4469,6
4470,9
4471,6
4472,5
4473,6
4474,7
4475,3
4476,5
4477,7
4478,4
4479,5
4480,3
4481,10
4482,3
4483,13
4484,15
4485,6
4486,6
4487,2
4488,8
4489,6
4490,2
4491,4
4492,13
4493,3
4494,3
4495,1
4496,2
4497,5
4498,7
4499,6
4500,8
4501,3
4502,6
4503,3
4504,2
4505,6
4506,6
4507,4
4508,4
4509,6
4510,5
4511,8
4512,4
4513,9
4514,7
4515,7
4516,8
4517,3
4518,4
4519,8
4520,7
4521,4
4522,3
4523,4
4524,6
4525,5
4526,8
4527,5
4528,3
4529,7
4530,3
4531,3
4532,19
4533,6
4534,5
4535,4
4536,4
4537,9
4538,9
4539,7
4540,3
4541,3
4542,8
4543,7
4544,8
4545,6
4546,4
4547,7
4548,7
4549,4
4550,0
4551,6
4552,6
4553,5
4554,3
4555,3
4556,8
4557,6
4558,1
4559,3
4560,9
4561,10
4562,2
4563,3
4564,8
4565,7
4566,5
4567,4
4568,3
4569,2
4570,4
4571,6
4572,1
4573,9
4574,1
4575,5
4576,10
4577,9
4578,3
4579,11
4580,5
4581,3
4582,6
4583,9
4584,4
4585,2
4586,7
4587,9
4588,4
4589,6
4590,3
4591,4
4592,1
4593,9
4594,3
4595,8
4596,6
4597,6
4598,2
4599,4
4600,2
4601,5
4602,2
4603,5
4604,3
4605,3
4606,8
4607,2
4608,6
4609,6
4610,7
4611,3
4612,4
4613,4
4614,2
4615,6
4616,6
4617,4
4618,6
4619,3
4620,10
4621,1
4622,7
4623,6
4624,4
4625,4
4626,5
4627,11
4628,4
4629,4
4630,8
4631,4
4632,2
4633,4
4634,5
4635,1
4636,7
4637,2
4638,5
4639,4
4640,8
4641,5
4642,6
4643,8
4644,11
4645,8
4646,6
4647,5
4648,3
4649,6
4650,4
4651,3
4652,3
4653,3
4654,10
4655,9
4656,4
4657,2
4658,3
4659,4
4660,7
4661,5
4662,1
4663,4
4664,5
4665,3
4666,5
4667,7
4668,6
4669,2
4670,2
4671,4
4672,3
4673,8
4674,3
4675,3
4676,6
4677,3
4678,1
4679,6
4680,4
4681,8
4682,7
4683,7
4684,6
4685,3
4686,2
4687,5
4688,3
4689,5
4690,3
4691,1
4692,2
4693,8
4694,2
4695,4
4696,6
4697,8
4698,2
4699,4
4700,3
4701,4
4702,1
4703,3
4704,0
4705,3
4706,5
4707,8
4708,2
4709,5
4710,3
4711,5
4712,5
4713,4
4714,6
4715,7
4716,4
4717,2
4718,7
4719,11
4720,4
4721,6
4722,4
4723,2
4724,3
4725,4
4726,1
4727,4
4728,3
4729,5
4730,8
4731,4
4732,4
4733,8
4734,9
4735,7
4736,5
4737,2
4738,3
4739,4
4740,7
4741,8
4742,4
4743,3
4744,8
4745,4
4746,11
4747,8
4748,2
4749,3
4750,7
4751,4
4752,8
4753,3
4754,7
4755,8
4756,4
4757,2
4758,8
4759,5
4760,5
4761,5
4762,4
4763,4
4764,5
4765,5
4766,4
4767,4
4768,24
4769,5
4770,1
4771,2
4772,3
4773,4
4774,5
4775,6
4776,3
4777,5
4778,7
4779,12
4780,2
4781,3
4782,2
4783,6
4784,8
4785,10
4786,5
4787,3
4788,8
4789,5
4790,5
4791,5
4792,3
4793,7
4794,7
4795,3
4796,5
4797,5
4798,7
4799,4
4800,9
4801,5
4802,5
4803,6
4804,7
4805,4
4806,3
4807,5
4808,3
4809,6
4810,4
4811,6
4812,2
4813,7
4814,3
4815,11
4816,3
4817,3
4818,3
4819,4
4820,1
4821,6
4822,8
4823,5
4824,9
4825,7
4826,3
4827,3
4828,5
4829,3
4830,4
4831,5
4832,3
4833,3
4834,3
4835,2
4836,6
4837,1
4838,6
4839,2
4840,5
4841,4
4842,5
4843,5
4844,6
4845,2
4846,0
4847,5
4848,6
4849,6
4850,1
4851,3
4852,4
4853,6
4854,4
4855,3
4856,3
4857,7
4858,5
4859,2
4860,7
4861,3
4862,3
4863,6
4864,3
4865,4
4866,3
4867,0
4868,4
4869,3
4870,2
4871,6
4872,9
4873,3
4874,4
4875,5
4876,9
4877,3
4878,5
4879,3
4880,4
4881,4
4882,2
4883,6
4884,4
4885,0
4886,7
4887,4
4888,4
4889,5
4890,6
4891,6
4892,1
4893,9
4894,5
4895,5
4896,11
4897,2
4898,3
4899,5
4900,3
4901,4
4902,5
4903,5
4904,4
4905,4
4906,2
4907,7
4908,7
4909,4
4910,4
4911,6
4912,8
4913,3
4914,1
4915,3
4916,5
4917,4
4918,4
4919,3
4920,5
4921,8
4922,3
4923,4
4924,5
4925,2
4926,1
4927,0
4928,10
4929,6
4930,5
4931,3
4932,3
4933,3
4934,6
4935,2
4936,3
4937,4
4938,8
4939,6
4940,1
4941,4
4942,7
4943,2
4944,5
4945,10
4946,2
4947,3
4948,5
4949,12
4950,8
4951,3
4952,6
4953,18
4954,4
4955,3
4956,4
4957,5
4958,3
4959,6
4960,2
4961,3
4962,3
4963,4
4964,8
4965,6
4966,3
4967,7
4968,6
4969,8
4970,3
4971,4
4972,2
4973,2
4974,10
4975,10
4976,2
4977,4
4978,0
4979,3
4980,4
4981,6
4982,3
4983,2
4984,9
4985,3
4986,4
4987,5
4988,1
4989,2
4990,3
4991,4
4992,7
4993,4
4994,4
4995,4
4996,3
4997,2
4998,6
4999,8
5000,6
5001,8
5002,5
5003,9
5004,3
5005,8
5006,11
5007,9
5008,7
5009,10
5010,8
5011,6
5012,5
5013,1
5014,6
5015,2
5016,3
5017,11
5018,0
5019,3
5020,2
5021,3
5022,7
5023,9
5024,5
5025,6
5026,7
5027,8
5028,5
5029,6
5030,7
5031,6
5032,7
5033,3
5034,1
5035,5
5036,11
5037,1
5038,3
5039,5
5040,5
5041,4
5042,5
5043,2
5044,7
5045,5
5046,7
5047,1
5048,3
5049,3
5050,5
5051,9
5052,8
5053,10
5054,3
5055,5
5056,3
5057,8
5058,9
5059,1
5060,4
5061,2
5062,3
5063,4
5064,8
5065,3
5066,1
5067,5
5068,3
5069,4
5070,1
5071,4
5072,6
5073,3
5074,4
5075,4
5076,3
5077,7
5078,5
5079,5
5080,9
5081,7
5082,6
5083,6
5084,5
5085,4
5086,6
5087,4
5088,7
5089,6
5090,7
5091,11
5092,4
5093,3
5094,6
5095,6
5096,5
5097,1
5098,5
5099,8
5100,15
5101,10
5102,4
5103,11
5104,2
5105,4
5106,7
5107,2
5108,6
5109,0
5110,6
5111,7
5112,4
5113,6
5114,8
5115,14
5116,11
5117,6
5118,2
5119,6
5120,3
5121,4
5122,2
5123,3
5124,2
5125,4
5126,4
5127,2
5128,4
5129,2
5130,3
5131,7
5132,3
5133,9
5134,3
5135,2
5136,7
5137,7
5138,3
5139,5
5140,3
5141,3
5142,4
5143,2
5144,4
5145,5
5146,2
5147,9
5148,5
5149,14
5150,0
5151,3
5152,4
5153,1
5154,1
5155,4
5156,5
5157,1
5158,1
5159,3
5160,3
5161,6
5162,5
5163,8
5164,4
5165,2
5166,8
5167,6
5168,11
5169,12
5170,5
5171,6
5172,3
5173,3
5174,6
5175,4
5176,7
5177,5
5178,6
5179,3
5180,5
5181,3
5182,3
5183,9
5184,3
5185,2
5186,5
5187,1
5188,9
5189,5
5190,7
5191,15
5192,8
5193,6
5194,6
5195,1
5196,7
5197,3
5198,3
5199,9
5200,4
5201,2
5202,2
5203,6
5204,7
5205,5
5206,4
5207,2
5208,5
5209,5
5210,1
5211,8
5212,4
5213,4
5214,5
5215,11
5216,8
5217,6
5218,4
5219,4
5220,4
5221,5
5222,2
5223,5
5224,2
5225,6
5226,7
5227,8
5228,6
5229,4
5230,4
5231,3
5232,4
5233,2
5234,3
5235,2
5236,1
5237,5
5238,8
5239,4
5240,5
5241,6
5242,2
5243,4
5244,4
5245,3
5246,2
5247,1
5248,6
5249,5
5250,5
5251,5
5252,4
5253,7
5254,7
5255,7
5256,6
5257,2
5258,2
5259,3
5260,1
5261,3
5262,9
5263,4
5264,9
5265,2
5266,2
5267,4
5268,7
5269,2
5270,5
5271,4
5272,3
5273,9
5274,4
5275,4
5276,2
5277,8
5278,6
5279,4
5280,7
5281,2
5282,10
5283,5
5284,3
5285,5
5286,10
5287,10
5288,13
5289,7
5290,1
5291,5
5292,7
5293,8
5294,3
5295,4
5296,4
5297,3
5298,9
5299,1
5300,2
5301,4
5302,4
5303,2
5304,7
5305,2
5306,7
5307,4
5308,6
5309,6
5310,13
5311,10
5312,7
5313,7
5314,5
5315,5
5316,6
5317,10
5318,2
5319,7
5320,10
5321,7
5322,3
5323,5
5324,6
5325,2
5326,3
5327,9
5328,5
5329,7
5330,3
5331,6
5332,7
5333,5
5334,9
5335,9
5336,10
5337,6
5338,3
5339,4
5340,4
5341,1
5342,6
5343,10
5344,6
5345,1
5346,1
5347,4
5348,9
5349,1
5350,3
5351,4
5352,3
5353,4
5354,4
5355,8
5356,7
5357,7
5358,3
5359,7
5360,2
5361,7
5362,4
5363,8
5364,4
5365,6
5366,3
5367,1
5368,9
5369,8
5370,4
5371,4
5372,9
5373,6
5374,1
5375,4
5376,4
5377,2
5378,3
5379,5
5380,4
5381,5
5382,2
5383,5
5384,7
5385,3
5386,5
5387,6
5388,8
5389,1
5390,5
5391,3
5392,7
5393,2
5394,4
5395,2
5396,8
5397,9
5398,0
5399,5
5400,0
5401,3
5402,4
5403,6
5404,5
5405,3
5406,6
5407,3
5408,5
5409,2
5410,4
5411,11
5412,3
5413,4
5414,6
5415,4
5416,4
5417,4
5418,3
5419,2
5420,2
5421,2
5422,4
5423,1
5424,2
5425,3
5426,12
5427,1
5428,5
5429,5
5430,4
5431,6
5432,4
5433,3
5434,6
5435,6
5436,8
5437,4
5438,3
5439,5
5440,7
5441,5
5442,5
5443,10
5444,3
5445,7
5446,5
5447,6
5448,2
5449,6
5450,8
5451,5
5452,8
5453,3
5454,5
5455,5
5456,3
5457,4
5458,4
5459,3
5460,0
5461,2
5462,2
5463,1
5464,2
5465,8
5466,3
5467,3
5468,6
5469,3
5470,8
5471,4
5472,8
5473,4
5474,1
5475,6
5476,6
5477,2
5478,4
5479,2
5480,3
5481,3
5482,6
5483,5
5484,7
5485,5
5486,2
5487,4
5488,7
5489,3
5490,4
5491,6
5492,7
5493,2
5494,3
5495,6
5496,2
5497,2
5498,6
5499,1
5500,8
5501,8
5502,2
5503,3
5504,4
5505,9
5506,3
5507,4
5508,2
5509,1
5510,3
5511,7
5512,3
5513,7
5514,5
5515,3
5516,3
5517,3
5518,10
5519,9
5520,12
5521,8
5522,2
5523,4
5524,4
5525,5
5526,4
5527,5
5528,1
5529,7
5530,8
5531,7
5532,7
5533,3
5534,3
5535,7
5536,8
5537,4
5538,8
5539,3
5540,3
5541,4
5542,2
5543,2
5544,6
5545,6
5546,1
5547,6
5548,2
5549,3
5550,2
5551,0
5552,4
5553,5
5554,8
5555,8
5556,7
5557,5
5558,4
5559,0
5560,3
5561,5
5562,5
5563,6
5564,1
5565,4
5566,2
5567,3
5568,1
5569,7
5570,3
5571,5
5572,5
5573,4
5574,3
5575,3
5576,6
5577,5
5578,6
5579,6
5580,5
5581,8
5582,4
5583,1
5584,6
5585,6
5586,0
5587,1
5588,2
5589,5
5590,4
5591,3
5592,3
5593,8
5594,3
5595,3
5596,3
5597,4
5598,6
5599,1
5600,8
5601,1
5602,4
5603,3
5604,21
5605,5
5606,9
5607,8
5608,5
5609,3
5610,8
5611,1
5612,7
5613,5
5614,3
5615,2
5616,2
5617,2
5618,4
5619,2
5620,2
5621,8
5622,5
5623,3
5624,3
5625,5
5626,7
5627,0
5628,5
5629,2
5630,5
5631,8
5632,8
5633,4
5634,5
5635,6
5636,4
5637,3
5638,3
5639,1
5640,2
5641,1
5642,5
5643,5
5644,3
5645,3
5646,6
5647,3
5648,2
5649,4
5650,13
5651,4
5652,9
5653,12
5654,4
5655,10
5656,4
5657,3
5658,6
5659,8
5660,5
5661,2
5662,3
5663,12
5664,12
5665,6
5666,7
5667,3
5668,4
5669,3
5670,3
5671,5
5672,4
5673,7
5674,4
5675,5
5676,1
5677,4
5678,4
5679,4
5680,2
5681,14
5682,4
5683,0
5684,9
5685,6
5686,9
5687,10
5688,3
5689,5
5690,0
5691,5
5692,13
5693,9
5694,6
5695,5
5696,6
5697,4
5698,2
5699,5
5700,5
5701,4
5702,6
5703,3
5704,3
5705,4
5706,3
5707,1
5708,3
5709,1
5710,1
5711,3
5712,4
5713,6
5714,5
5715,7
5716,5
5717,4
5718,7
5719,7
5720,5
5721,2
5722,6
5723,3
5724,3
5725,6
5726,2
5727,3
5728,2
5729,0
5730,2
5731,7
5732,4
5733,3
5734,2
5735,9
5736,7
5737,8
5738,8
5739,14
5740,2
5741,1
5742,4
5743,2
5744,3
5745,0
5746,4
5747,5
5748,4
5749,3
5750,0
5751,0
5752,1
5753,2
5754,3
5755,2
5756,2
5757,4
5758,3
5759,3
5760,0
5761,3
5762,7
5763,2
5764,3
5765,1
5766,7
5767,2
5768,1
5769,3
5770,6
5771,4
5772,4
5773,5
5774,4
5775,0
5776,5
5777,3
5778,3
5779,3
5780,4
5781,1
5782,6
5783,11
5784,7
5785,7
5786,12
5787,10
5788,3
5789,6
5790,6
5791,9
5792,6
5793,5
5794,3
5795,2
5796,4
5797,2
5798,4
5799,6
5800,5
5801,4
5802,4
5803,3
5804,4
5805,1
5806,7
5807,2
5808,4
5809,9
5810,6
5811,5
5812,5
5813,2
5814,3
5815,2
5816,5
5817,6
5818,7
5819,3
5820,6
5821,8
5822,5
5823,5
5824,4
5825,5
5826,5
5827,4
5828,4
5829,0
5830,3
5831,1
5832,3
5833,1
5834,6
5835,3
5836,1
5837,3
5838,7
5839,4
5840,0
5841,2
5842,5
5843,5
5844,1
5845,4
5846,2
5847,3
5848,2
5849,3
5850,7
5851,5
5852,0
5853,9
5854,6
5855,2
5856,3
5857,5
5858,2
5859,1
5860,6
5861,3
5862,1
5863,9
5864,5
5865,2
5866,7
5867,7
5868,6
5869,10
5870,1
5871,8
5872,6
5873,5
5874,7
5875,8
5876,7
5877,5
5878,3
5879,5
5880,7
5881,1
5882,4
5883,5
5884,3
5885,6
5886,2
5887,4
5888,2
5889,1
5890,1
5891,1
5892,4
5893,3
5894,1
5895,7
5896,4
5897,5
5898,6
5899,9
5900,3
5901,11
5902,4
5903,2
5904,3
5905,12
5906,5
5907,0
5908,5
5909,5
5910,3
5911,5
5912,8
5913,3
5914,4
5915,4
5916,2
5917,7
5918,1
5919,7
5920,3
5921,3
5922,4
5923,1
5924,1
5925,3
5926,8
5927,4
5928,4
5929,2
5930,2
5931,2
5932,5
5933,5
5934,3
5935,4
5936,6
5937,6
5938,9
5939,1
5940,3
5941,6
5942,2
5943,2
5944,3
5945,2
5946,7
5947,4
5948,4
5949,4
5950,4
5951,2
5952,1
5953,6
5954,5
5955,3
5956,5
5957,2
5958,3
5959,3
5960,5
5961,3
5962,7
5963,9
5964,3
5965,2
5966,2
5967,6
5968,2
5969,3
5970,3
5971,4
5972,5
5973,4
5974,4
5975,5
5976,6
5977,4
5978,5
5979,6
5980,2
5981,2
5982,4
5983,3
5984,5
5985,2
5986,5
5987,7
5988,2
5989,4
5990,3
5991,3
5992,3
5993,4
5994,3
5995,5
5996,5
5997,2
5998,7
5999,3
6000,2
6001,3
6002,4
6003,4
6004,4
6005,7
6006,4
6007,17
6008,1
6009,4
6010,2
6011,5
6012,8
6013,1
6014,3
6015,3
6016,10
6017,4
6018,0
6019,3
6020,1
6021,2
6022,15
6023,16
6024,5
6025,4
6026,2
6027,4
6028,8
6029,8
6030,1
6031,0
6032,5
6033,4
6034,3
6035,11
6036,5
6037,1
6038,3
6039,6
6040,1
6041,1
6042,3
6043,2
6044,4
6045,6
6046,9
6047,2
6048,2
6049,1
6050,6
6051,8
6052,4
6053,3
6054,1
6055,8
6056,4
6057,2
6058,3
6059,5
6060,3
6061,3
6062,2
6063,9
6064,3
6065,6
6066,6
6067,5
6068,3
6069,4
6070,7
6071,1
6072,6
6073,5
6074,1
6075,0
6076,2
6077,6
6078,3
6079,2
6080,1
6081,3
6082,2
6083,6
6084,2
6085,3
6086,8
6087,3
6088,5
6089,6
6090,11
6091,7
6092,4
6093,7
6094,1
6095,2
6096,6
6097,7
6098,7
6099,4
6100,8
6101,6
6102,5
6103,1
6104,4
6105,3
6106,2
6107,10
6108,12
6109,14
6110,6
6111,4
6112,5
6113,4
6114,6
6115,7
6116,6
6117,7
6118,7
6119,5
6120,6
6121,11
6122,8
6123,4
6124,3
6125,4
6126,3
6127,4
6128,2
6129,5
6130,1
6131,4
6132,2
6133,6
6134,5
6135,5
6136,7
6137,3
6138,5
6139,5
6140,3
6141,5
6142,4
6143,2
6144,5
6145,5
6146,2
6147,5
6148,3
6149,5
6150,7
6151,3
6152,10
6153,7
6154,5
6155,8
6156,6
6157,15
6158,3
6159,5
6160,2
6161,4
6162,3
6163,5
6164,8
6165,4
6166,9
6167,8
6168,5
6169,9
6170,4
6171,7
6172,9
6173,6
6174,5
6175,3
6176,6
6177,3
6178,6
6179,7
6180,13
6181,8
6182,6
6183,8
6184,8
6185,2
6186,10
6187,4
6188,1
6189,7
6190,4
6191,5
6192,4
6193,4
6194,2
6195,9
6196,7
6197,2
6198,4
6199,6
6200,7
6201,4
6202,5
6203,1
6204,9
6205,4
6206,4
6207,9
6208,12
6209,4
6210,10
6211,2
6212,1
6213,6
6214,5
6215,3
6216,1
6217,4
6218,4
6219,3
6220,3
6221,5
6222,2
6223,3
6224,6
6225,4
6226,5
6227,3
6228,3
6229,5
6230,3
6231,3
6232,4
6233,2
6234,0
6235,2
6236,7
6237,3
6238,5
6239,7
6240,6
6241,6
6242,7
6243,5
6244,7
6245,3
6246,2
6247,4
6248,9
6249,4
6250,8
6251,9
6252,5
6253,3
6254,9
6255,4
6256,18
6257,1
6258,12
6259,14
6260,4
6261,2
6262,6
6263,6
6264,4
6265,8
6266,4
6267,8
6268,5
6269,2
6270,3
6271,7
6272,3
6273,7
6274,3
6275,4
6276,3
6277,8
6278,2
6279,2
6280,4
6281,3
6282,2
6283,1
6284,3
6285,8
6286,3
6287,1
6288,5
6289,2
6290,5
6291,0
6292,3
6293,6
6294,4
6295,1
6296,5
6297,5
6298,3
6299,3
6300,1
6301,3
6302,4
6303,2
6304,3
6305,6
6306,5
6307,0
6308,6
6309,5
6310,3
6311,2
6312,3
6313,3
6314,2
6315,7
6316,4
6317,1
6318,3
6319,4
6320,4
6321,0
6322,2
6323,5
6324,3
6325,2
6326,2
6327,7
6328,2
6329,6
6330,7
6331,2
6332,17
6333,5
6334,7
6335,6
6336,2
6337,6
6338,2
6339,3
6340,3
6341,2
6342,3
6343,2
6344,4
6345,5
6346,4
6347,3
6348,5
6349,9
6350,7
6351,7
6352,4
6353,5
6354,5
6355,2
6356,21
6357,14
6358,10
6359,5
6360,7
6361,8
6362,8
6363,8
6364,3
6365,1
6366,1
6367,3
6368,3
6369,8
6370,7
6371,3
6372,3
6373,5
6374,14
6375,18
6376,5
6377,6
6378,5
6379,4
6380,2
6381,4
6382,11
6383,5
6384,4
6385,3
6386,0
6387,5
6388,2
6389,5
6390,3
6391,1
6392,2
6393,3
6394,0
6395,7
6396,7
6397,3
6398,4
6399,1
6400,3
6401,14
6402,9
6403,11
6404,1
6405,6
6406,0
6407,7
6408,0
6409,4
6410,3
6411,4
6412,2
6413,6
6414,5
6415,6
6416,10
6417,4
6418,3
6419,0
6420,2
6421,6
6422,4
6423,3
6424,2
6425,1
6426,1
6427,2
6428,4
6429,0
6430,0
6431,1
6432,3
6433,2
6434,7
6435,1
6436,7
6437,2
6438,1
6439,3
6440,5
6441,4
6442,2
6443,3
6444,2
6445,3
6446,3
6447,6
6448,6
6449,1
6450,5
6451,6
6452,3
6453,4
6454,3
6455,0
6456,3
6457,3
6458,4
6459,8
6460,3
6461,4
6462,2
6463,0
6464,0
6465,1
6466,2
6467,4
6468,2
6469,2
6470,1
6471,2
6472,0
6473,3
6474,3
6475,0
6476,1
6477,3
6478,2
6479,2
6480,9
6481,2
6482,3
6483,4
6484,2
6485,2
6486,2
6487,1
6488,3
6489,5
6490,3
6491,2
6492,7
6493,2
6494,5
6495,8
6496,4
6497,3
6498,6
6499,4
6500,5
6501,5
6502,4
6503,3
6504,2
6505,3
6506,3
6507,2
6508,3
6509,3
6510,4
6511,5
6512,7
6513,3
6514,0
6515,3
6516,2
6517,6
6518,1
6519,3
6520,3
6521,5
6522,1
6523,3
6524,1
6525,1
6526,3
6527,4
6528,3
6529,5
6530,5
6531,1
6532,5
6533,2
6534,4
6535,7
6536,8
6537,1
6538,5
6539,9
6540,1
6541,3
6542,4
6543,5
6544,2
6545,4
6546,7
6547,3
6548,3
6549,0
6550,3
6551,3
6552,3
6553,7
6554,4
6555,1
6556,4
6557,4
6558,6
6559,2
6560,4
6561,2
6562,0
6563,3
6564,3
6565,2
6566,2
6567,3
6568,5
6569,6
6570,2
6571,1
6572,1
6573,3
6574,4
6575,6
6576,2
6577,3
6578,6
6579,7
6580,6
6581,4
6582,2
6583,3
6584,4
6585,0
6586,3
6587,3
6588,5
6589,5
6590,3
6591,6
6592,4
6593,4
6594,6
6595,4
6596,0
6597,6
6598,3
6599,2
6600,5
6601,3
6602,5
6603,6
6604,3
6605,3
6606,2
6607,4
6608,3
6609,3
6610,11
6611,2
6612,4
6613,1
6614,4
6615,6
6616,2
6617,3
6618,2
6619,3
6620,1
6621,2
6622,6
6623,4
6624,10
6625,6
6626,2
6627,3
6628,3
6629,6
6630,4
6631,2
6632,1
6633,8
6634,2
6635,4
6636,4
6637,3
6638,5
6639,6
6640,8
6641,0
6642,1
6643,2
6644,1
6645,6
6646,2
6647,5
6648,2
6649,0
6650,3
6651,3
6652,3
6653,7
6654,2
6655,1
6656,1
6657,1
6658,2
6659,6
6660,5
6661,3
6662,4
6663,8
6664,12
6665,6
6666,2
6667,2
6668,4
6669,4
6670,4
6671,7
6672,4
6673,4
6674,5
6675,2
6676,4
6677,7
6678,1
6679,2
6680,3
6681,6
6682,0
6683,1
6684,2
6685,4
6686,2
6687,7
6688,5
6689,2
6690,7
6691,4
6692,5
6693,4
6694,4
6695,7
6696,4
6697,6
6698,3
6699,6
6700,4
6701,4
6702,2
6703,4
6704,4
6705,3
6706,5
6707,4
6708,4
6709,8
6710,5
6711,2
6712,7
6713,6
6714,6
6715,6
6716,2
6717,1
6718,7
6719,3
6720,5
6721,4
6722,6
6723,4
6724,4
6725,4
6726,6
6727,9
6728,3
6729,4
6730,13
6731,5
6732,4
6733,8
6734,5
6735,1
6736,4
6737,4
6738,4
6739,0
6740,4
6741,3
6742,2
6743,4
6744,2
6745,4
6746,2
6747,4
6748,1
6749,5
6750,3
6751,4
6752,9
6753,1
6754,4
6755,4
6756,2
6757,6
6758,4
6759,3
6760,2
6761,1
6762,1
6763,2
6764,1
6765,10
6766,3
6767,1
6768,5
6769,1
6770,5
6771,2
6772,1
6773,1
6774,3
6775,1
6776,2
6777,0
6778,1
6779,3
6780,6
6781,5
6782,1
6783,5
6784,2
6785,1
6786,1
6787,8
6788,5
6789,0
6790,6
6791,9
6792,2
6793,2
6794,2
6795,6
6796,5
6797,5
6798,3
6799,1
6800,2
6801,5
6802,5
6803,3
6804,3
6805,2
6806,4
6807,5
6808,2
6809,1
6810,2
6811,3
6812,0
6813,4
6814,2
6815,6
6816,4
6817,3
6818,7
6819,5
6820,1
6821,2
6822,5
6823,0
6824,4
6825,2
6826,4
6827,4
6828,3
6829,2
6830,8
6831,1
6832,4
6833,1
6834,2
6835,1
6836,3
6837,4
6838,5
6839,5
6840,2
6841,3
6842,5
6843,4
6844,3
6845,5
6846,4
6847,5
6848,2
6849,7
6850,5
6851,9
6852,1
6853,3
6854,5
6855,5
6856,4
6857,13
6858,7
6859,9
6860,7
6861,7
6862,2
6863,2
6864,4
6865,8
6866,3
6867,16
6868,2
6869,5
6870,1
6871,3
6872,7
6873,8
6874,4
6875,5
6876,4
6877,2
6878,1
6879,2
6880,3
6881,3
6882,1
6883,4
6884,3
6885,2
6886,5
6887,10
6888,1
6889,0
6890,5
6891,5
6892,8
6893,9
6894,7
6895,7
6896,8
6897,6
6898,1
6899,7
6900,4
6901,12
6902,2
6903,4
6904,4
6905,2
6906,0
6907,4
6908,3
6909,3
6910,2
6911,4
6912,4
6913,5
6914,4
6915,1
6916,8
6917,4
6918,6
6919,8
6920,3
6921,5
6922,4
6923,3
6924,8
6925,8
6926,8
6927,10
6928,3
6929,5
6930,5
6931,2
6932,6
6933,2
6934,4
6935,6
6936,3
6937,2
6938,3
6939,3
6940,3
6941,2
6942,4
6943,4
6944,2
6945,4
6946,3
6947,2
6948,1
6949,5
6950,2
6951,3
6952,5
6953,0
6954,0
6955,2
6956,6
6957,1
6958,5
6959,7
6960,3
6961,2
6962,3
6963,4
6964,2
6965,6
6966,2
6967,6
6968,6
6969,7
6970,6
6971,2
6972,1
6973,3
6974,3
6975,2
6976,0
6977,1
6978,8
6979,3
6980,4
6981,7
6982,4
6983,5
6984,6
6985,7
6986,9
6987,4
6988,2
6989,7
6990,4
6991,0
6992,3
6993,7
6994,1
6995,10
6996,1
6997,15
6998,6
6999,6
7000,6
7001,4
7002,4
7003,0
7004,1
7005,3
7006,3
7007,1
7008,3
7009,3
7010,6
7011,6
7012,3
7013,5
7014,4
7015,5
7016,6
7017,3
7018,2
7019,1
7020,6
7021,6
7022,2
7023,0
7024,1
7025,0
7026,5
7027,1
7028,1
7029,3
7030,6
7031,9
7032,2
7033,7
7034,5
7035,6
7036,5
7037,2
7038,6
7039,5
7040,6
7041,10
7042,2
7043,2
7044,4
7045,4
7046,2
7047,6
7048,7
7049,1
7050,4
7051,3
7052,5
7053,1
7054,3
7055,2
7056,4
7057,4
7058,3
7059,4
7060,7
7061,2
7062,1
7063,5
7064,2
7065,2
7066,7
7067,8
7068,4
7069,8
7070,4
7071,3
7072,1
7073,4
7074,10
7075,4
7076,2
7077,7
7078,2
7079,6
7080,3
7081,1
7082,3
7083,9
7084,5
7085,2
7086,4
7087,3
7088,2
7089,3
7090,3
7091,8
7092,4
7093,8
7094,5
7095,3
7096,3
7097,7
7098,2
7099,5
7100,3
7101,5
7102,3
7103,5
7104,4
7105,10
7106,2
7107,4
7108,3
7109,5
7110,4
7111,7
7112,4
7113,2
7114,1
7115,4
7116,1
7117,4
7118,1
7119,0
7120,4
7121,2
7122,2
7123,5
7124,4
7125,0
7126,3
7127,5
7128,1
7129,6
7130,4
7131,5
7132,2
7133,1
7134,1
7135,3
7136,3
7137,3
7138,6
7139,1
7140,2
7141,8
7142,3
7143,3
7144,0
7145,4
7146,2
7147,6
7148,3
7149,1
7150,3
7151,3
7152,2
7153,3
7154,6
7155,3
7156,4
7157,5
7158,3
7159,3
7160,2
7161,3
7162,1
7163,2
7164,1
7165,8
7166,6
7167,5
7168,3
7169,2
7170,7
7171,8
7172,5
7173,3
7174,4
7175,1
7176,3
7177,7
7178,6
7179,1
7180,1
7181,3
7182,3
7183,4
7184,5
7185,5
7186,8
7187,4
7188,5
7189,7
7190,3
7191,1
7192,4
7193,7
7194,1
7195,1
7196,0
7197,1
7198,5
7199,4
7200,0
7201,3
7202,6
7203,2
7204,12
7205,6
7206,4
7207,4
7208,2
7209,5
7210,3
7211,6
7212,3
7213,2
7214,5
7215,3
7216,3
7217,2
7218,3
7219,1
7220,5
7221,4
7222,5
7223,4
7224,8
7225,6
7226,1
7227,4
7228,2
7229,4
7230,1
7231,4
7232,5
7233,2
7234,3
7235,1
7236,3
7237,3
7238,6
7239,5
7240,4
7241,1
7242,5
7243,6
7244,5
7245,3
7246,1
7247,2
7248,4
7249,7
7250,4
7251,4
7252,2
7253,0
7254,3
7255,0
7256,6
7257,8
7258,3
7259,3
7260,2
7261,5
7262,3
7263,5
7264,11
7265,3
7266,1
7267,9
7268,6
7269,5
7270,1
7271,3
7272,5
7273,3
7274,11
7275,5
7276,3
7277,8
7278,5
7279,9
7280,5
7281,3
7282,8
7283,3
7284,3
7285,5
7286,4
7287,6
7288,9
7289,7
7290,8
7291,3
7292,6
7293,6
7294,5
7295,2
7296,5
7297,5
7298,2
7299,7
7300,2
7301,3
7302,3
7303,2
7304,4
7305,5
7306,3
7307,7
7308,1
7309,3
7310,4
7311,4
7312,3
7313,3
7314,6
7315,3
7316,2
7317,6
7318,5
7319,4
7320,3
7321,6
7322,4
7323,2
7324,1
7325,0
7326,3
7327,6
7328,2
7329,4
7330,2
7331,1
7332,4
7333,5
7334,4
7335,10
7336,3
7337,6
7338,8
7339,13
7340,4
7341,6
7342,1
7343,1
7344,1
7345,6
7346,1
7347,3
7348,3
7349,3
7350,5
7351,4
7352,8
7353,2
7354,2
7355,1
7356,3
7357,4
7358,3
7359,4
7360,0
7361,7
7362,4
7363,3
7364,3
7365,8
7366,4
7367,6
7368,3
7369,10
7370,4
7371,6
7372,6
7373,4
7374,2
7375,13
7376,1
7377,5
7378,5
7379,4
7380,4
7381,2
7382,3
7383,14
7384,3
7385,7
7386,23
7387,3
7388,1
7389,7
7390,4
7391,0
7392,6
7393,8
7394,3
7395,3
7396,6
7397,2
7398,4
7399,5
7400,3
7401,4
7402,4
7403,4
7404,2
7405,3
7406,2
7407,3
7408,3
7409,1
7410,3
7411,2
7412,5
7413,3
7414,3
7415,4
7416,2
7417,2
7418,1
7419,3
7420,4
7421,3
7422,6
7423,8
7424,8
7425,3
7426,4
7427,3
7428,1
7429,4
7430,4
7431,6
7432,7
7433,5
7434,7
7435,11
7436,3
7437,5
7438,5
7439,2
7440,3
7441,4
7442,4
7443,2
7444,4
7445,8
7446,5
7447,2
7448,0
7449,6
7450,0
7451,6
7452,3
7453,2
7454,2
7455,3
7456,6
7457,3
7458,3
7459,1
7460,2
7461,2
7462,0
7463,2
7464,3
7465,3
7466,2
7467,3
7468,4
7469,4
7470,4
7471,5
7472,3
7473,6
7474,3
7475,6
7476,2
7477,5
7478,3
7479,0
7480,4
7481,5
7482,3
7483,1
7484,3
7485,2
7486,4
7487,2
7488,5
7489,1
7490,4
7491,3
7492,4
7493,5
7494,2
7495,2
7496,3
7497,3
7498,4
7499,4
7500,3
7501,0
7502,7
7503,4
7504,9
7505,9
7506,4
7507,4
7508,4
7509,5
7510,4
7511,7
7512,2
7513,2
7514,4
7515,2
7516,3
7517,4
7518,3
7519,3
7520,2
7521,4
7522,4
7523,2
7524,4
7525,5
7526,2
7527,1
7528,3
7529,3
7530,3
7531,9
7532,2
7533,7
7534,2
7535,4
7536,4
7537,5
7538,2
7539,3
7540,2
7541,3
7542,5
7543,2
7544,2
7545,5
7546,6
7547,4
7548,3
7549,3
7550,6
7551,8
7552,0
7553,1
7554,3
7555,3
7556,2
7557,7
7558,5
7559,6
7560,0
7561,5
7562,3
7563,1
7564,3
7565,2
7566,11
7567,3
7568,1
7569,9
7570,0
7571,4
7572,1
7573,6
7574,3
7575,1
7576,1
7577,2
7578,2
7579,6
7580,4
7581,5
7582,10
7583,1
7584,6
7585,1
7586,3
7587,1
7588,1
7589,2
7590,7
7591,3
7592,3
7593,6
7594,9
7595,1
7596,5
7597,1
7598,5
7599,3
7600,5
7601,2
7602,1
7603,1
7604,0
7605,4
7606,2
7607,3
7608,2
7609,4
7610,4
7611,1
7612,2
7613,5
7614,2
7615,2
7616,2
7617,6
7618,4
7619,1
7620,1
7621,3
7622,3
7623,4
7624,10
7625,3
7626,7
7627,3
7628,4
7629,3
7630,2
7631,7
7632,2
7633,3
7634,4
7635,6
7636,3
7637,8
7638,4
7639,3
7640,3
7641,3
7642,6
7643,6
7644,3
7645,3
7646,6
7647,7
7648,5
7649,4
7650,6
7651,3
7652,3
7653,1
7654,4
7655,2
7656,8
7657,7
7658,3
7659,1
7660,5
7661,4
7662,8
7663,2
7664,2
7665,3
7666,4
7667,3
7668,3
7669,3
7670,4
7671,2
7672,4
7673,3
7674,8
7675,0
7676,3
7677,2
7678,5
7679,8
7680,6
7681,4
7682,5
7683,4
7684,2
7685,3
7686,2
7687,3
7688,5
7689,3
7690,5
7691,2
7692,2
7693,0
7694,1
7695,8
7696,12
7697,2
7698,2
7699,7
7700,1
7701,4
7702,3
7703,7
7704,8
7705,4
7706,4
7707,6
7708,4
7709,2
7710,4
7711,3
7712,4
7713,9
7714,5
7715,15
7716,6
7717,2
7718,5
7719,8
7720,3
7721,9
7722,4
7723,9
7724,9
7725,7
7726,3
7727,4
7728,3
7729,1
7730,5
7731,4
7732,10
7733,2
7734,1
7735,2
7736,4
7737,3
7738,6
7739,6
7740,3
7741,2
7742,6
7743,8
7744,1
7745,8
7746,1
7747,8
7748,4
7749,7
7750,5
7751,2
7752,2
7753,3
7754,2
7755,2
7756,3
7757,4
7758,1
7759,3
7760,1
7761,9
7762,2
7763,6
7764,2
7765,3
7766,4
7767,4
7768,3
7769,4
7770,1
7771,5
7772,2
7773,5
7774,2
7775,0
7776,9
7777,3
7778,10
7779,11
7780,2
7781,3
7782,3
7783,4
7784,6
7785,3
7786,1
7787,5
7788,3
7789,5
7790,5
7791,5
7792,3
7793,4
7794,2
7795,4
7796,4
7797,8
7798,3
7799,3
7800,10
7801,5
7802,2
7803,4
7804,8
7805,2
7806,1
7807,0
7808,4
7809,3
7810,1
7811,3
7812,3
7813,1
7814,1
7815,6
7816,2
7817,2
7818,7
7819,1
7820,1
7821,2
7822,5
7823,2
7824,0
7825,5
7826,2
7827,4
7828,7
7829,4
7830,2
7831,2
7832,3
7833,0
7834,3
7835,1
7836,8
7837,5
7838,1
7839,2
7840,2
7841,3
7842,4
7843,3
7844,4
7845,8
7846,1
7847,1
7848,4
7849,3
7850,6
7851,11
7852,2
7853,9
7854,4
7855,3
7856,5
7857,5
7858,4
7859,6
7860,2
7861,2
7862,4
7863,8
7864,7
7865,3
7866,3
7867,9
7868,3
7869,1
7870,4
7871,3
7872,8
7873,3
7874,1
7875,6
7876,0
7877,4
7878,4
7879,5
7880,2
7881,5
7882,3
7883,3
7884,4
7885,1
7886,8
7887,8
7888,1
7889,6
7890,4
7891,7
7892,4
7893,2
7894,5
7895,5
7896,29
7897,3
7898,4
7899,3
7900,2
7901,3
7902,3
7903,9
7904,3
7905,12
7906,3
7907,7
7908,5
7909,0
7910,2
7911,3
7912,8
7913,2
7914,1
7915,4
7916,2
7917,4
7918,3
7919,1
7920,5
7921,1
7922,2
7923,4
7924,14
7925,8
7926,5
7927,5
7928,3
7929,3
7930,2
7931,2
7932,1
7933,1
7934,4
7935,4
7936,4
7937,2
7938,6
7939,5
7940,5
7941,4
7942,4
7943,2
7944,1
7945,6
7946,3
7947,2
7948,2
7949,3
7950,1
7951,2
7952,4
7953,1
7954,7
7955,3
7956,2
7957,3
7958,6
7959,3
7960,6
7961,4
7962,2
7963,3
7964,0
7965,3
7966,1
7967,3
7968,2
7969,2
7970,1
7971,2
7972,1
7973,3
7974,3
7975,2
7976,3
7977,1
7978,9
7979,7
7980,7
7981,4
7982,3
7983,6
7984,2
7985,2
7986,6
7987,4
7988,4
7989,3
7990,4
7991,0
7992,4
7993,2
7994,2
7995,4
7996,3
7997,2
7998,1
7999,3
8000,1
8001,1
8002,5
8003,2
8004,4
8005,1
8006,2
8007,3
8008,1
8009,5
8010,2
8011,5
8012,2
8013,3
8014,2
8015,4
8016,5
8017,8
8018,1
8019,9
8020,2
8021,0
8022,6
8023,2
8024,6
8025,3
8026,2
8027,2
8028,1
8029,3
8030,3
8031,5
8032,4
8033,6
8034,2
8035,1
8036,5
8037,12
8038,24
8039,82
8040,2
8041,25
8042,7
8043,4
8044,4
8045,2
8046,59
8047,12
8048,2
8049,3
8050,5
8051,2
8052,2
8053,7
8054,2
8055,1
8056,18
8057,4
8058,3
8059,4
8060,1
8061,4
8062,4
8063,2
8064,3
8065,3
8066,2
8067,17
8068,1
8069,3
8070,7
8071,8
8072,1
8073,3
8074,1
8075,2
8076,5
8077,4
8078,5
8079,5
8080,1
8081,3
8082,1
8083,5
8084,3
8085,3
8086,1
8087,0
8088,3
8089,6
8090,0
8091,0
8092,1
8093,2
8094,1
8095,0
8096,3
8097,1
8098,1
8099,1
8100,2
8101,6
8102,1
8103,0
8104,1
8105,2
8106,5
8107,5
8108,2
8109,2
8110,4
8111,1
8112,3
8113,5
8114,3
8115,10
8116,5
8117,4
8118,6
8119,1
8120,2
8121,6
8122,1
8123,0
8124,2
8125,2
8126,3
8127,1
8128,1
8129,3
8130,2
8131,5
8132,4
8133,6
8134,2
8135,3
8136,7
8137,8
8138,2
8139,4
8140,3
8141,0
8142,3
8143,3
8144,5
8145,4
8146,5
8147,1
8148,1
8149,3
8150,4
8151,7
8152,1
8153,2
8154,2
8155,2
8156,3
8157,3
8158,3
8159,2
8160,5
8161,5
8162,6
8163,1
8164,3
8165,2
8166,3
8167,7
8168,3
8169,5
8170,2
8171,2
8172,9
8173,2
8174,1
8175,3
8176,5
8177,1
8178,3
8179,1
8180,5
8181,8
8182,5
8183,2
8184,6
8185,5
8186,2
8187,1
8188,4
8189,4
8190,3
8191,4
8192,8
8193,8
8194,7
8195,2
8196,10
8197,2
8198,5
8199,2
8200,3
8201,2
8202,5
8203,6
8204,1
8205,5
8206,4
8207,7
8208,7
8209,10
8210,3
8211,5
8212,2
8213,3
8214,1
8215,2
8216,4
8217,2
8218,2
8219,4
8220,2
8221,4
8222,8
8223,1
8224,4
8225,2
8226,7
8227,3
8228,6
8229,11
8230,5
8231,3
8232,4
8233,6
8234,6
8235,2
8236,0
8237,4
8238,7
8239,1
8240,6
8241,2
8242,7
8243,7
8244,4
8245,5
8246,5
8247,4
8248,4
8249,2
8250,7
8251,4
8252,4
8253,3
8254,4
8255,6
8256,4
8257,15
8258,7
8259,4
8260,6
8261,0
8262,7
8263,2
8264,10
8265,10
8266,12
8267,15
8268,3
8269,5
8270,6
8271,3
8272,3
8273,4
8274,3
8275,6
8276,5
8277,3
8278,1
8279,5
8280,4
8281,7
8282,3
8283,4
8284,5
8285,5
8286,3
8287,4
8288,5
8289,4
8290,5
8291,2
8292,4
8293,9
8294,6
8295,7
8296,4
8297,2
8298,8
8299,2
8300,2
8301,4
8302,1
8303,6
8304,7
8305,2
8306,2
8307,1
8308,7
8309,3
8310,11
8311,2
8312,2
8313,4
8314,2
8315,3
8316,4
8317,4
8318,4
8319,5
8320,1
8321,3
8322,5
8323,5
8324,6
8325,3
8326,3
8327,1
8328,4
8329,4
8330,5
8331,4
8332,6
8333,2
8334,3
8335,7
8336,1
8337,5
8338,11
8339,4
8340,7
8341,2
8342,1
8343,1
8344,3
8345,8
8346,4
8347,1
8348,3
8349,4
8350,2
8351,6
8352,8
8353,7
8354,3
8355,3
8356,6
8357,4
8358,3
8359,3
8360,4
8361,1
8362,2
8363,3
8364,6
8365,4
8366,8
8367,8
8368,2
8369,5
8370,6
8371,2
8372,2
8373,2
8374,7
8375,4
8376,6
8377,2
8378,2
8379,1
8380,1
8381,2
8382,5
8383,1
8384,2
8385,1
8386,3
8387,1
8388,4
8389,1
8390,4
8391,6
8392,4
8393,3
8394,6
8395,1
8396,3
8397,7
8398,10
8399,3
8400,3
8401,4
8402,3
8403,2
8404,4
8405,1
8406,3
8407,3
8408,5
8409,0
8410,1
8411,5
8412,1
8413,3
8414,4
8415,0
8416,2
8417,3
8418,3
8419,6
8420,4
8421,7
8422,2
8423,2
8424,2
8425,23
8426,5
8427,4
8428,7
8429,4
8430,3
8431,2
8432,2
8433,5
8434,3
8435,3
8436,1
8437,1
8438,2
8439,1
8440,4
8441,2
8442,4
8443,7
8444,6
8445,0
8446,5
8447,1
8448,1
8449,1
8450,2
8451,0
8452,2
8453,2
8454,1
8455,3
8456,2
8457,4
8458,5
8459,5
8460,2
8461,1
8462,2
8463,2
8464,0
8465,2
8466,1
8467,1
8468,2
8469,3
8470,2
8471,3
8472,2
8473,0
8474,2
8475,5
8476,1
8477,5
8478,0
8479,1
8480,1
8481,4
8482,10
8483,0
8484,7
8485,4
8486,3
8487,2
8488,2
8489,5
8490,2
8491,0
8492,4
8493,2
8494,2
8495,2
8496,1
8497,3
8498,3
8499,2
8500,2
8501,2
8502,4
8503,5
8504,5
8505,3
8506,2
8507,0
8508,7
8509,5
8510,2
8511,3
8512,4
8513,2
8514,4
8515,7
8516,3
8517,1
8518,2
8519,3
8520,4
8521,3
8522,4
8523,5
8524,12
8525,3
8526,1
8527,0
8528,8
8529,4
8530,2
8531,3
8532,2
8533,1
8534,5
8535,8
8536,1
8537,3
8538,5
8539,12
8540,3
8541,2
8542,3
8543,2
8544,4
8545,8
8546,2
8547,3
8548,3
8549,4
8550,3
8551,9
8552,4
8553,1
8554,4
8555,4
8556,5
8557,1
8558,4
8559,1
8560,2
8561,8
8562,5
8563,5
8564,2
8565,3
8566,3
8567,2
8568,3
8569,5
8570,3
8571,3
8572,4
8573,4
8574,2
8575,4
8576,4
8577,1
8578,1
8579,3
8580,1
8581,3
8582,3
8583,3
8584,1
8585,3
8586,3
8587,5
8588,4
8589,9
8590,3
8591,1
8592,11
8593,7
8594,8
8595,1
8596,8
8597,3
8598,7
8599,3
8600,4
8601,4
8602,4
8603,3
8604,2
8605,6
8606,8
8607,0
8608,2
8609,3
8610,7
8611,1
8612,4
8613,4
8614,7
8615,1
8616,3
8617,3
8618,3
8619,5
8620,1
8621,1
8622,2
8623,3
8624,4
8625,1
8626,2
8627,3
8628,2
8629,4
8630,7
8631,6
8632,4
8633,3
8634,1
8635,3
8636,9
8637,4
8638,3
8639,2
8640,2
8641,2
8642,3
8643,1
8644,4
8645,1
8646,3
8647,2
8648,1
8649,3
8650,3
8651,4
8652,3
8653,4
8654,3
8655,3
8656,3
8657,11
8658,4
8659,7
8660,5
8661,2
8662,7
8663,4
8664,5
8665,3
8666,9
8667,6
8668,5
8669,4
8670,3
8671,7
8672,4
8673,6
8674,11
8675,2
8676,7
8677,4
8678,5
8679,4
8680,1
8681,4
8682,7
8683,4
8684,11
8685,2
8686,7
8687,5
8688,11
8689,6
8690,2
8691,5
8692,2
8693,6
8694,5
8695,5
8696,5
8697,2
8698,3
8699,3
8700,5
8701,0
8702,3
8703,2
8704,2
8705,2
8706,1
8707,4
8708,1
8709,0
8710,2
8711,1
8712,2
8713,2
8714,3
8715,7
8716,11
8717,9
8718,5
8719,1
8720,13
8721,12
8722,5
8723,3
8724,1
8725,7
8726,3
8727,4
8728,3
8729,0
8730,3
8731,2
8732,5
8733,9
8734,1
8735,0
8736,5
8737,3
8738,5
8739,6
8740,3
8741,5
8742,4
8743,4
8744,7
8745,1
8746,4
8747,8
8748,7
8749,4
8750,2
8751,3
8752,2
8753,5
8754,8
8755,3
8756,4
8757,8
8758,3
8759,1
8760,5
8761,5
8762,4
8763,5
8764,3
8765,3
8766,5
8767,3
8768,6
8769,3
8770,5
8771,4
8772,4
8773,1
8774,1
8775,5
8776,4
8777,4
8778,3
8779,2
8780,1
8781,5
8782,3
8783,3
8784,6
8785,2
8786,6
8787,2
8788,4
8789,2
8790,3
8791,5
8792,5
8793,3
8794,3
8795,2
8796,4
8797,3
8798,2
8799,3
8800,5
8801,5
8802,0
8803,3
8804,3
8805,3
8806,2
8807,3
8808,3
8809,4
8810,5
8811,6
8812,10
8813,4
8814,0
8815,1
8816,7
8817,3
8818,5
8819,3
8820,1
8821,11
8822,3
8823,9
8824,4
8825,6
8826,2
8827,2
8828,4
8829,1
8830,3
8831,4
8832,1
8833,4
8834,4
8835,5
8836,1
8837,5
8838,3
8839,4
8840,6
8841,8
8842,3
8843,4
8844,4
8845,1
8846,3
8847,3
8848,2
8849,4
8850,4
8851,3
8852,4
8853,2
8854,1
8855,3
8856,2
8857,2
8858,3
8859,2
8860,3
8861,9
8862,3
8863,1
8864,6
8865,2
8866,2
8867,4
8868,3
8869,7
8870,4
8871,9
8872,6
8873,8
8874,3
8875,5
8876,8
8877,10
8878,6
8879,13
8880,2
8881,5
8882,1
8883,2
8884,12
8885,2
8886,1
8887,3
8888,3
8889,4
8890,2
8891,7
8892,6
8893,7
8894,4
8895,4
8896,6
8897,4
8898,11
8899,16
8900,8
8901,17
8902,8
8903,18
8904,0
8905,5
8906,1
8907,8
8908,9
8909,7
8910,3
8911,3
8912,5
8913,3
8914,4
8915,6
8916,2
8917,6
8918,4
8919,4
8920,3
8921,3
8922,8
8923,12
8924,8
8925,4
8926,6
8927,7
8928,6
8929,9
8930,1
8931,5
8932,2
8933,12
8934,5
8935,0
8936,2
8937,3
8938,8
8939,5
8940,9
8941,7
8942,2
8943,6
8944,5
8945,4
8946,7
8947,5
8948,5
8949,17
8950,4
8951,19
8952,11
8953,6
8954,16
8955,2
8956,4
8957,6
8958,6
8959,3
8960,5
8961,4
8962,3
8963,3
8964,2
8965,1
8966,8
8967,2
8968,6
8969,3
8970,5
8971,3
8972,4
8973,5
8974,2
8975,2
8976,3
8977,4
8978,4
8979,10
8980,4
8981,3
8982,3
8983,6
8984,5
8985,2
8986,7
8987,10
8988,3
8989,2
8990,0
8991,1
8992,2
8993,1
8994,3
8995,1
8996,1
8997,2
8998,2
8999,2
9000,2
9001,2
9002,2
9003,6
9004,5
9005,4
9006,4
9007,1
9008,3
9009,1
9010,8
9011,2
9012,1
9013,0
9014,0
9015,2
9016,8
9017,6
9018,4
9019,4
9020,4
9021,7
9022,2
9023,1
9024,4
9025,6
9026,3
9027,3
9028,3
9029,8
9030,3
9031,4
9032,3
9033,7
9034,3
9035,10
9036,5
9037,4
9038,1
9039,1
9040,1
9041,1
9042,6
9043,1
9044,0
9045,4
9046,4
9047,3
9048,2
9049,3
9050,8
9051,5
9052,4
9053,6
9054,6
9055,3
9056,1
9057,0
9058,1
9059,3
9060,1
9061,3
9062,2
9063,5
9064,2
9065,1
9066,3
9067,3
9068,7
9069,1
9070,1
9071,1
9072,6
9073,1
9074,1
9075,2
9076,1
9077,9
9078,9
9079,0
9080,1
9081,2
9082,3
9083,9
9084,1
9085,2
9086,5
9087,8
9088,5
9089,2
9090,1
9091,2
9092,3
9093,4
9094,2
9095,4
9096,6
9097,3
9098,1
9099,2
9100,6
9101,6
9102,6
9103,2
9104,2
9105,2
9106,2
9107,5
9108,2
9109,7
9110,6
9111,6
9112,4
9113,2
9114,3
9115,2
9116,1
9117,1
9118,1
9119,4
9120,6
9121,3
9122,4
9123,1
9124,3
9125,2
9126,3
9127,8
9128,1
9129,2
9130,6
9131,3
9132,5
9133,6
9134,0
9135,2
9136,2
9137,1
9138,7
9139,2
9140,1
9141,1
9142,5
9143,5
9144,2
9145,3
9146,1
9147,7
9148,4
9149,4
9150,3
9151,2
9152,9
9153,10
9154,6
9155,1
9156,0
9157,3
9158,4
9159,2
9160,8
9161,6
9162,2
9163,3
9164,1
9165,1
9166,3
9167,4
9168,6
9169,7
9170,2
9171,2
9172,3
9173,1
9174,6
9175,12
9176,6
9177,3
9178,3
9179,7
9180,5
9181,3
9182,2
9183,8
9184,14
9185,4
9186,3
9187,6
9188,3
9189,3
9190,3
9191,1
9192,7
9193,7
9194,3
9195,2
9196,3
9197,16
9198,9
9199,6
9200,2
9201,2
9202,1
9203,4
9204,5
9205,17
9206,7
9207,3
9208,1
9209,5
9210,3
9211,5
9212,3
9213,3
9214,0
9215,4
9216,6
9217,3
9218,1
9219,0
9220,0
9221,6
9222,3
9223,4
9224,4
9225,2
9226,1
9227,2
9228,3
9229,4
9230,1
9231,0
9232,3
9233,1
9234,5
9235,2
9236,3
9237,0
9238,2
9239,2
9240,6
9241,2
9242,6
9243,4
9244,7
9245,4
9246,3
9247,4
9248,14
9249,1
9250,6
9251,5
9252,9
9253,9
9254,1
9255,6
9256,6
9257,3
9258,7
9259,10
9260,5
9261,8
9262,6
9263,13
9264,10
9265,5
9266,1
9267,5
9268,5
9269,3
9270,0
9271,2
9272,4
9273,1
9274,6
9275,2
9276,0
9277,3
9278,2
9279,2
9280,2
9281,0
9282,2
9283,4
9284,1
9285,5
9286,5
9287,2
9288,4
9289,2
9290,4
9291,3
9292,3
9293,1
9294,6
9295,2
9296,6
9297,6
9298,5
9299,1
9300,2
9301,1
9302,3
9303,9
9304,3
9305,2
9306,2
9307,2
9308,3
9309,5
9310,3
9311,2
9312,2
9313,0
9314,2
9315,2
9316,6
9317,3
9318,1
9319,1
9320,3
9321,4
9322,1
9323,5
9324,5
9325,3
9326,2
9327,2
9328,2
9329,2
9330,1
9331,2
9332,4
9333,2
9334,6
9335,4
9336,1
9337,2
9338,1
9339,1
9340,4
9341,3
9342,3
9343,6
9344,5
9345,3
9346,0
9347,2
9348,2
9349,12
9350,2
9351,2
9352,2
9353,4
9354,5
9355,2
9356,2
9357,4
9358,4
9359,2
9360,4
9361,2
9362,5
9363,4
9364,5
9365,7
9366,2
9367,9
9368,5
9369,3
9370,4
9371,5
9372,3
9373,1
9374,4
9375,4
9376,5
9377,2
9378,3
9379,3
9380,1
9381,5
9382,5
9383,0
9384,0
9385,1
9386,5
9387,2
9388,3
9389,7
9390,1
9391,2
9392,0
9393,6
9394,6
9395,1
9396,3
9397,2
9398,3
9399,5
9400,3
9401,3
9402,5
9403,4
9404,6
9405,3
9406,2
9407,6
9408,1
9409,1
9410,3
9411,1
9412,0
9413,4
9414,2
9415,1
9416,2
9417,3
9418,1
9419,2
9420,3
9421,5
9422,1
9423,6
9424,1
9425,2
9426,3
9427,2
9428,1
9429,4
9430,2
9431,4
9432,5
9433,0
9434,4
9435,1
9436,3
9437,2
9438,4
9439,5
9440,3
9441,2
9442,2
9443,2
9444,0
9445,2
9446,3
9447,3
9448,2
9449,5
9450,3
9451,3
9452,1
9453,3
9454,3
9455,5
9456,2
9457,5
9458,5
9459,4
9460,1
9461,3
9462,2
9463,3
9464,6
9465,8
9466,3
9467,1
9468,1
9469,6
9470,6
9471,1
9472,2
9473,3
9474,4
9475,5
9476,3
9477,6
9478,3
9479,1
9480,3
9481,2
9482,11
9483,4
9484,1
9485,4
9486,7
9487,4
9488,5
9489,6
9490,5
9491,7
9492,5
9493,8
9494,3
9495,4
9496,6
9497,5
9498,3
9499,5
9500,2
9501,3
9502,3
9503,4
9504,2
9505,3
9506,3
9507,1
9508,2
9509,8
9510,3
9511,2
9512,1
9513,1
9514,3
9515,4
9516,4
9517,2
9518,4
9519,2
9520,2
9521,0
9522,4
9523,0
9524,0
9525,5
9526,0
9527,2
9528,5
9529,3
9530,1
9531,4
9532,0
9533,1
9534,5
9535,3
9536,3
9537,3
9538,4
9539,3
9540,4
9541,0
9542,6
9543,0
9544,6
9545,1
9546,3
9547,2
9548,5
9549,1
9550,0
9551,5
9552,2
9553,1
9554,3
9555,4
9556,2
9557,3
9558,1
9559,3
9560,6
9561,3
9562,5
9563,3
9564,4
9565,2
9566,3
9567,4
9568,6
9569,4
9570,2
9571,2
9572,4
9573,3
9574,3
9575,5
9576,7
9577,5
9578,6
9579,0
9580,6
9581,2
9582,3
9583,2
9584,4
9585,1
9586,0
9587,7
9588,0
9589,3
9590,2
9591,4
9592,1
9593,4
9594,1
9595,5
9596,3
9597,1
9598,4
9599,3
9600,4
9601,0
9602,1
9603,3
9604,5
9605,1
9606,2
9607,3
9608,1
9609,3
9610,1
9611,5
9612,1
9613,6
9614,2
9615,3
9616,1
9617,1
9618,2
9619,1
9620,3
9621,5
9622,2
9623,4
9624,6
9625,4
9626,2
9627,0
9628,2
9629,1
9630,1
9631,4
9632,0
9633,2
9634,6
9635,1
9636,3
9637,3
9638,2
9639,4
9640,2
9641,5
9642,2
9643,2
9644,3
9645,1
9646,1
9647,1
9648,0
9649,3
9650,2
9651,2
9652,0
9653,2
9654,5
9655,2
9656,2
9657,7
9658,2
9659,2
9660,2
9661,5
9662,5
9663,4
9664,0
9665,0
9666,3
9667,6
9668,3
9669,0
9670,2
9671,3
9672,1
9673,5
9674,5
9675,5
9676,1
9677,4
9678,2
9679,0
9680,2
9681,7
9682,3
9683,5
9684,3
9685,1
9686,0
9687,2
9688,3
9689,4
9690,6
9691,1
9692,4
9693,1
9694,10
9695,5
9696,3
9697,0
9698,2
9699,1
9700,2
9701,3
9702,3
9703,1
9704,12
9705,5
9706,3
9707,3
9708,6
9709,2
9710,5
9711,0
9712,2
9713,1
9714,3
9715,2
9716,3
9717,5
9718,1
9719,1
9720,2
9721,1
9722,0
9723,1
9724,6
9725,3
9726,0
9727,1
9728,5
9729,1
9730,1
9731,1
9732,8
9733,2
9734,1
9735,3
9736,4
9737,2
9738,6
9739,2
9740,1
9741,2
9742,3
9743,2
9744,5
9745,1
9746,2
9747,2
9748,3
9749,3
9750,3
9751,7
9752,5
9753,4
9754,6
9755,5
9756,3
9757,4
9758,3
9759,4
9760,4
9761,2
9762,3
9763,1
9764,1
9765,1
9766,2
9767,7
9768,2
9769,2
9770,3
9771,4
9772,1
9773,2
9774,2
9775,4
9776,3
9777,4
9778,3
9779,2
9780,2
9781,1
9782,3
9783,1
9784,1
9785,1
9786,1
9787,5
9788,1
9789,1
9790,4
9791,6
9792,1
9793,3
9794,1
9795,14
9796,6
9797,11
9798,5
9799,3
9800,4
9801,4
9802,5
9803,2
9804,2
9805,3
9806,1
9807,1
9808,2
9809,0
9810,0
9811,2
9812,4
9813,1
9814,3
9815,0
9816,1
9817,3
9818,2
9819,3
9820,0
9821,3
9822,2
9823,3
9824,2
9825,1
9826,3
9827,0
9828,1
9829,0
9830,7
9831,7
9832,2
9833,4
9834,4
9835,6
9836,4
9837,5
9838,2
9839,0
9840,2
9841,2
9842,2
9843,8
9844,4
9845,5
9846,5
9847,7
9848,3
9849,5
9850,1
9851,2
9852,1
9853,3
9854,9
9855,2
9856,4
9857,1
9858,2
9859,3
9860,3
9861,4
9862,2
9863,3
9864,4
9865,1
9866,8
9867,1
9868,5
9869,3
9870,4
9871,3
9872,1
9873,4
9874,1
9875,2
9876,3
9877,1
9878,0
9879,1
9880,4
9881,3
9882,4
9883,1
9884,2
9885,2
9886,3
9887,5
9888,3
9889,1
9890,1
9891,1
9892,6
9893,1
9894,5
9895,1
9896,3
9897,6
9898,2
9899,2
9900,4
9901,1
9902,6
9903,1
9904,2
9905,8
9906,3
9907,5
9908,3
9909,3
9910,5
9911,2
9912,12
9913,4
9914,0
9915,5
9916,3
9917,1
9918,3
9919,4
9920,2
9921,4
9922,2
9923,6
9924,5
9925,7
9926,4
9927,4
9928,4
9929,5
9930,1
9931,1
9932,10
9933,1
9934,1
9935,4
9936,1
9937,1
9938,5
9939,6
9940,2
9941,2
9942,0
9943,0
9944,4
9945,1
9946,6
9947,5
9948,3
9949,0
9950,14
9951,5
9952,5
9953,4
9954,3
9955,2
9956,1
9957,7
9958,4
9959,0
9960,2
9961,4
9962,3
9963,2
9964,3
9965,5
9966,5
9967,5
9968,4
9969,7
9970,4
9971,2
9972,3
9973,4
9974,6
9975,5
9976,5
9977,5
9978,4
9979,4
9980,2
9981,4
9982,3
9983,4
9984,7
9985,5
9986,5
9987,5
9988,10
9989,4
9990,3
9991,7
9992,3
9993,2
9994,6
9995,1
9996,1
9997,3
9998,1
9999,4
10000,2
10001,3
10002,3
10003,3
10004,5
10005,7
10006,5
10007,0
10008,2
10009,3
10010,4
10011,2
10012,2
10013,2
10014,4
10015,5
10016,3
10017,2
10018,6
10019,6
10020,5
10021,2
10022,3
10023,4
10024,0
10025,2
10026,0
10027,2
10028,2
10029,1
10030,3
10031,2
10032,4
10033,0
10034,6
10035,13
10036,7
10037,8
10038,7
10039,12
10040,1
10041,2
10042,1
10043,0
10044,2
10045,5
10046,1
10047,5
10048,3
10049,1
10050,4
10051,1
10052,2
10053,6
10054,9
10055,1
10056,0
10057,1
10058,2
10059,0
10060,0
10061,3
10062,1
10063,2
10064,3
10065,1
10066,4
10067,3
10068,1
10069,1
10070,2
10071,1
10072,3
10073,3
10074,1
10075,1
10076,5
10077,4
10078,1
10079,2
10080,5
10081,2
10082,2
10083,3
10084,4
10085,4
10086,3
10087,4
10088,2
10089,4
10090,1
10091,3
10092,7
10093,3
10094,0
10095,6
10096,4
10097,3
10098,2
10099,1
10100,4
10101,4
10102,0
10103,0
10104,1
10105,1
10106,3
10107,2
10108,0
10109,4
10110,1
10111,5
10112,1
10113,2
10114,1
10115,3
10116,0
10117,4
10118,2
10119,2
10120,4
10121,5
10122,5
10123,2
10124,5
10125,1
10126,7
10127,0
10128,5
10129,1
10130,4
10131,7
10132,1
10133,4
10134,3
10135,6
10136,6
10137,3
10138,3
10139,3
10140,0
10141,6
10142,15
10143,7
10144,3
10145,3
10146,4
10147,1
10148,5
10149,2
10150,1
10151,2
10152,2
10153,5
10154,2
10155,7
10156,2
10157,5
10158,6
10159,7
10160,2
10161,4
10162,2
10163,4
10164,2
10165,3
10166,1
10167,1
10168,1
10169,1
10170,1
10171,17
10172,7
10173,7
10174,4
10175,5
10176,1
10177,5
10178,3
10179,3
10180,3
10181,2
10182,2
10183,5
10184,1
10185,4
10186,2
10187,5
10188,2
10189,3
10190,4
10191,2
10192,7
10193,3
10194,6
10195,2
10196,4
10197,3
10198,4
10199,2
10200,5
10201,5
10202,3
10203,4
10204,0
10205,4
10206,1
10207,1
10208,2
10209,3
10210,3
10211,3
10212,1
10213,2
10214,1
10215,0
10216,1
10217,3
10218,4
10219,0
10220,2
10221,2
10222,3
10223,3
10224,3
10225,1
10226,1
10227,6
10228,5
10229,4
10230,5
10231,3
10232,3
10233,3
10234,1
10235,5
10236,2
10237,2
10238,2
10239,2
10240,1
10241,3
10242,2
10243,3
10244,5
10245,4
10246,2
10247,2
10248,4
10249,1
10250,2
10251,2
10252,2
10253,2
10254,3
10255,9
10256,2
10257,3
10258,2
10259,0
10260,8
10261,2
10262,4
10263,3
10264,1
10265,3
10266,1
10267,4
10268,3
10269,4
10270,4
10271,3
10272,4
10273,8
10274,1
10275,1
10276,1
10277,1
10278,1
10279,5
10280,1
10281,2
10282,2
10283,5
10284,4
10285,5
10286,2
10287,1
10288,6
10289,4
10290,1
10291,2
10292,2
10293,1
10294,8
10295,3
10296,1
10297,2
10298,4
10299,7
10300,2
10301,1
10302,0
10303,2
10304,3
10305,0
10306,2
10307,2
10308,4
10309,2
10310,2
10311,5
10312,3
10313,0
10314,2
10315,0
10316,0
10317,4
10318,0
10319,0
10320,4
10321,3
10322,5
10323,3
10324,1
10325,2
10326,3
10327,1
10328,1
10329,3
10330,6
10331,4
10332,3
10333,1
10334,1
10335,1
10336,2
10337,6
10338,3
10339,1
10340,1
10341,4
10342,3
10343,3
10344,6
10345,10
10346,2
10347,4
10348,4
10349,1
10350,1
10351,2
10352,0
10353,5
10354,4
10355,3
10356,2
10357,3
10358,3
10359,2
10360,1
10361,3
10362,4
10363,4
10364,4
10365,4
10366,2
10367,2
10368,1
10369,10
10370,5
10371,8
10372,1
10373,5
10374,0
10375,6
10376,1
10377,6
10378,2
10379,8
10380,2
10381,3
10382,4
10383,9
10384,3
10385,4
10386,2
10387,5
10388,1
10389,2
10390,5
10391,3
10392,3
10393,2
10394,5
10395,4
10396,5
10397,3
10398,6
10399,2
10400,5
10401,3
10402,4
10403,4
10404,1
10405,1
10406,2
10407,0
10408,4
10409,6
10410,23
10411,1
10412,4
10413,3
10414,2
10415,2
10416,6
10417,2
10418,4
10419,3
10420,2
10421,7
10422,6
10423,18
10424,9
10425,4
10426,2
10427,2
10428,4
10429,4
10430,8
10431,5
10432,3
10433,3
10434,5
10435,5
10436,1
10437,2
10438,1
10439,1
10440,7
10441,1
10442,0
10443,0
10444,1
10445,4
10446,3
10447,2
10448,0
10449,5
10450,4
10451,3
10452,5
10453,1
10454,6
10455,1
10456,2
10457,3
10458,3
10459,4
10460,0
10461,6
10462,2
10463,2
10464,2
10465,3
10466,5
10467,6
10468,1
10469,6
10470,0
10471,7
10472,3
10473,10
10474,0
10475,9
10476,3
10477,3
10478,4
10479,1
10480,4
10481,1
10482,10
10483,8
10484,2
10485,9
10486,10
10487,4
10488,6
10489,4
10490,2
10491,8
10492,6
10493,4
10494,4
10495,2
10496,6
10497,5
10498,9
10499,2
10500,4
10501,5
10502,1
10503,4
10504,4
10505,2
10506,3
10507,4
10508,4
10509,5
10510,3
10511,3
10512,3
10513,3
10514,2
10515,2
10516,2
10517,2
10518,2
10519,5
10520,2
10521,5
10522,3
10523,2
10524,2
10525,2
10526,2
10527,3
10528,2
10529,3
10530,9
10531,10
10532,1
10533,1
10534,7
10535,3
10536,3
10537,5
10538,6
10539,2
10540,3
10541,3
10542,3
10543,4
10544,2
10545,1
10546,9
10547,2
10548,5
10549,1
10550,19
10551,7
10552,4
10553,1
10554,5
10555,5
10556,2
10557,5
10558,4
10559,2
10560,1
10561,4
10562,4
10563,4
10564,3
10565,3
10566,3
10567,3
10568,4
10569,2
10570,3
10571,4
10572,4
10573,0
10574,0
10575,1
10576,1
10577,1
10578,2
10579,6
10580,10
10581,1
10582,3
10583,2
10584,1
10585,1
10586,1
10587,3
10588,6
10589,2
10590,1
10591,0
10592,3
10593,1
10594,1
10595,1
10596,2
10597,2
10598,1
10599,1
10600,10
10601,2
10602,2
10603,1
10604,1
10605,0
10606,4
10607,4
10608,2
10609,0
10610,5
10611,3
10612,6
10613,4
10614,2
10615,4
10616,3
10617,6
10618,1
10619,2
10620,0
10621,3
10622,3
10623,5
10624,4
10625,3
10626,4
10627,2
10628,7
10629,1
10630,3
10631,9
10632,2
10633,2
10634,3
10635,5
10636,2
10637,5
10638,3
10639,2
10640,4
10641,6
10642,3
10643,4
10644,4
10645,3
10646,0
10647,6
10648,4
10649,5
10650,5
10651,7
10652,0
10653,2
10654,3
10655,0
10656,4
10657,4
10658,2
10659,4
10660,0
10661,3
10662,1
10663,4
10664,2
10665,0
10666,6
10667,3
10668,4
10669,3
10670,4
10671,4
10672,5
10673,4
10674,4
10675,2
10676,2
10677,5
10678,2
10679,2
10680,1
10681,1
10682,3
10683,2
10684,0
10685,2
10686,4
10687,7
10688,5
10689,3
10690,4
10691,4
10692,3
10693,4
10694,6
10695,1
10696,1
10697,3
10698,4
10699,0
10700,1
10701,1
10702,2
10703,1
10704,3
10705,2
10706,3
10707,4
10708,4
10709,1
10710,3
10711,4
10712,3
10713,4
10714,1
10715,5
10716,2
10717,5
10718,2
10719,5
10720,4
10721,0
10722,1
10723,4
10724,3
10725,2
10726,7
10727,5
10728,1
10729,3
10730,2
10731,4
10732,2
10733,2
10734,3
10735,4
10736,0
10737,6
10738,4
10739,2
10740,0
10741,3
10742,1
10743,2
10744,9
10745,1
10746,5
10747,3
10748,2
10749,5
10750,8
10751,4
10752,1
10753,3
10754,3
10755,3
10756,4
10757,1
10758,2
10759,2
10760,2
10761,0
10762,4
10763,1
10764,5
10765,2
10766,1
10767,1
10768,1
10769,3
10770,2
10771,2
10772,4
10773,2
10774,0
10775,0
10776,2
10777,2
10778,0
10779,4
10780,2
10781,2
10782,2
10783,2
10784,4
10785,2
10786,5
10787,4
10788,0
10789,3
10790,2
10791,3
10792,1
10793,4
10794,0
10795,2
10796,1
10797,3
10798,2
10799,2
10800,4
10801,1
10802,1
10803,1
10804,4
10805,1
10806,1
10807,0
10808,5
10809,1
10810,1
10811,0
10812,1
10813,5
10814,1
10815,2
10816,2
10817,4
10818,3
10819,1
10820,4
10821,1
10822,6
10823,0
10824,6
10825,5
10826,4
10827,4
10828,1
10829,1
10830,2
10831,2
10832,4
10833,2
10834,3
10835,5
10836,8
10837,2
10838,2
10839,3
10840,0
10841,4
10842,2
10843,6
10844,6
10845,1
10846,2
10847,0
10848,5
10849,2
10850,3
10851,1
10852,1
10853,0
10854,1
10855,3
10856,2
10857,2
10858,2
10859,1
10860,3
10861,5
10862,2
10863,0
10864,3
10865,2
10866,4
10867,1
10868,0
10869,2
10870,2
10871,1
10872,1
10873,3
10874,1
10875,2
10876,3
10877,3
10878,2
10879,0
10880,3
10881,4
10882,8
10883,2
10884,3
10885,4
10886,1
10887,2
10888,0
10889,4
10890,5
10891,3
10892,2
10893,1
10894,4
10895,0
10896,7
10897,5
10898,4
10899,1
10900,2
10901,6
10902,3
10903,2
10904,3
10905,5
10906,0
10907,2
10908,2
10909,0
10910,2
10911,4
10912,4
10913,0
10914,1
10915,2
10916,2
10917,0
10918,1
10919,3
10920,1
10921,0
10922,2
10923,3
10924,4
10925,4
10926,1
10927,2
10928,1
10929,2
10930,0
10931,3
10932,8
10933,5
10934,3
10935,5
10936,7
10937,4
10938,4
10939,2
10940,2
10941,1
10942,3
10943,3
10944,1
10945,1
10946,2
10947,3
10948,0
10949,4
10950,3
10951,4
10952,1
10953,2
10954,3
10955,5
10956,2
10957,6
10958,1
10959,1
10960,1
10961,3
10962,1
10963,0
10964,3
10965,0
10966,2
10967,0
10968,3
10969,5
10970,3
10971,1
10972,1
10973,1
10974,1
10975,1
10976,4
10977,2
10978,6
10979,6
10980,5
10981,4
10982,3
10983,3
10984,3
10985,2
10986,3
10987,3
10988,4
10989,16
10990,9
10991,4
10992,2
10993,4
10994,3
10995,1
10996,6
10997,3
10998,2
10999,2
11000,2
11001,2
11002,1
11003,2
11004,2
11005,3
11006,4
11007,8
11008,3
11009,3
11010,2
11011,4
11012,3
11013,4
11014,2
11015,1
11016,2
11017,1
11018,3
11019,0
11020,2
11021,0
11022,3
11023,4
11024,4
11025,3
11026,1
11027,1
11028,3
11029,4
11030,3
11031,0
11032,2
11033,3
11034,0
11035,5
11036,5
11037,1
11038,5
11039,1
11040,7
11041,1
11042,3
11043,1
11044,4
11045,4
11046,2
11047,1
11048,3
11049,2
11050,1
11051,6
11052,7
11053,4
11054,3
11055,1
11056,6
11057,0
11058,2
11059,3
11060,4
11061,2
11062,2
11063,4
11064,4
11065,5
11066,0
11067,4
11068,1
11069,4
11070,1
11071,1
11072,3
11073,5
11074,3
11075,3
11076,1
11077,2
11078,1
11079,19
11080,8
11081,9
11082,6
11083,2
11084,3
11085,2
11086,3
11087,1
11088,4
11089,3
11090,1
11091,1
11092,4
11093,3
11094,2
11095,1
11096,3
11097,2
11098,2
11099,0
11100,6
11101,4
11102,3
11103,1
11104,3
11105,1
11106,1
11107,0
11108,1
11109,6
11110,8
11111,3
11112,5
11113,0
11114,1
11115,7
11116,0
11117,0
11118,1
11119,0
11120,1
11121,1
11122,2
11123,0
11124,5
11125,2
11126,5
11127,4
11128,4
11129,2
11130,4
11131,2
11132,5
11133,3
11134,1
11135,0
11136,4
11137,0
11138,2
11139,7
11140,7
11141,3
11142,6
11143,5
11144,4
11145,6
11146,2
11147,4
11148,2
11149,5
11150,5
11151,5
11152,1
11153,2
11154,4
11155,2
11156,2
11157,3
11158,2
11159,2
11160,1
11161,0
11162,1
11163,2
11164,2
11165,3
11166,1
11167,0
11168,2
11169,0
11170,2
11171,4
11172,2
11173,3
11174,2
11175,2
11176,1
11177,7
11178,5
11179,3
11180,3
11181,2
11182,1
11183,1
11184,1
11185,2
11186,1
11187,3
11188,0
11189,2
11190,4
11191,1
11192,2
11193,5
11194,3
11195,2
11196,5
11197,3
11198,2
11199,9
11200,1
11201,1
11202,5
11203,3
11204,1
11205,1
11206,1
11207,2
11208,7
11209,4
11210,4
11211,1
11212,3
11213,3
11214,2
11215,1
11216,3
11217,1
11218,0
11219,18
11220,2
11221,0
11222,2
11223,1
11224,8
11225,4
11226,0
11227,2
11228,4
11229,3
11230,0
11231,3
11232,1
11233,3
11234,1
11235,4
11236,3
11237,1
11238,1
11239,5
11240,2
11241,2
11242,0
11243,2
11244,3
11245,0
11246,2
11247,1
11248,6
11249,2
11250,2
11251,0
11252,5
11253,3
11254,1
11255,5
11256,6
11257,6
11258,7
11259,1
11260,4
11261,4
11262,3
11263,1
11264,1
11265,1
11266,2
11267,1
11268,2
11269,1
11270,2
11271,1
11272,3
11273,0
11274,1
11275,2
11276,3
11277,8
11278,7
11279,3
11280,4
11281,7
11282,0
11283,6
11284,2
11285,5
11286,4
11287,2
11288,4
11289,4
11290,4
11291,3
11292,3
11293,1
11294,3
11295,2
11296,4
11297,0
11298,16
11299,1
11300,3
11301,3
11302,2
11303,3
11304,4
11305,3
11306,2
11307,3
11308,4
11309,3
11310,0
11311,3
11312,0
11313,3
11314,5
11315,3
11316,3
11317,1
11318,4
11319,4
11320,3
11321,2
11322,4
11323,5
11324,1
11325,0
11326,3
11327,2
11328,4
11329,3
11330,4
11331,0
11332,4
11333,0
11334,0
11335,4
11336,2
11337,4
11338,3
11339,1
11340,2
11341,3
11342,2
11343,5
11344,1
11345,1
11346,4
11347,7
11348,2
11349,2
11350,4
11351,2
11352,1
11353,7
11354,3
11355,3
11356,4
11357,1
11358,3
11359,2
11360,3
11361,6
11362,0
11363,2
11364,5
11365,3
11366,5
11367,1
11368,2
11369,3
11370,6
11371,3
11372,2
11373,6
11374,5
11375,1
11376,1
11377,3
11378,3
11379,2
11380,2
11381,4
11382,5
11383,1
11384,1
11385,3
11386,3
11387,5
11388,3
11389,4
11390,5
11391,1
11392,0
11393,2
11394,2
11395,7
11396,2
11397,4
11398,4
11399,2
11400,2
11401,4
11402,2
11403,4
11404,4
11405,3
11406,2
11407,2
11408,2
11409,4
11410,2
11411,3
11412,5
11413,1
11414,2
11415,2
11416,1
11417,1
11418,1
11419,3
11420,1
11421,4
11422,3
11423,3
11424,2
11425,3
11426,8
11427,2
11428,3
11429,1
11430,4
11431,1
11432,3
11433,4
11434,3
11435,1
11436,1
11437,5
11438,2
11439,0
11440,6
11441,2
11442,1
11443,3
11444,1
11445,4
11446,1
11447,6
11448,0
11449,4
11450,0
11451,4
11452,1
11453,3
11454,5
11455,4
11456,6
11457,4
11458,0
11459,3
11460,4
11461,1
11462,1
11463,4
11464,6
11465,1
11466,2
11467,3
11468,9
11469,1
11470,2
11471,2
11472,6
11473,3
11474,3
11475,0
11476,3
11477,4
11478,2
11479,2
11480,2
11481,2
11482,1
11483,3
11484,2
11485,1
11486,3
11487,3
11488,5
11489,6
11490,5
11491,3
11492,3
11493,2
11494,1
11495,2
11496,2
11497,3
11498,4
11499,1
11500,0
11501,7
11502,6
11503,3
11504,1
11505,2
11506,1
11507,3
11508,1
11509,3
11510,2
11511,3
11512,4
11513,4
11514,3
11515,2
11516,0
11517,2
11518,2
11519,1
11520,2
11521,5
11522,4
11523,3
11524,4
11525,6
11526,4
11527,4
11528,0
11529,1
11530,2
11531,6
11532,2
11533,0
11534,7
11535,0
11536,3
11537,2
11538,3
11539,4
11540,0
11541,4
11542,3
11543,5
11544,4
11545,2
11546,3
11547,3
11548,1
11549,1
11550,2
11551,3
11552,3
11553,7
11554,2
11555,2
11556,2
11557,2
11558,3
11559,3
11560,1
11561,5
11562,1
11563,1
11564,5
11565,2
11566,3
11567,2
11568,7
11569,4
11570,1
11571,0
11572,3
11573,2
11574,2
11575,4
11576,3
11577,5
11578,0
11579,4
11580,1
11581,1
11582,1
11583,2
11584,3
11585,0
11586,2
11587,3
11588,5
11589,6
11590,4
11591,0
11592,3
11593,4
11594,3
11595,1
11596,2
11597,4
11598,1
11599,6
11600,4
11601,2
11602,5
11603,5
11604,6
11605,1
11606,0
11607,4
11608,5
11609,0
11610,3
11611,2
11612,2
11613,3
11614,3
11615,4
11616,1
11617,2
11618,2
11619,6
11620,4
11621,1
11622,4
11623,0
11624,2
11625,3
11626,2
11627,3
11628,2
11629,6
11630,3
11631,1
11632,2
11633,2
11634,3
11635,1
11636,3
11637,4
11638,4
11639,5
11640,2
11641,2
11642,4
11643,0
11644,5
11645,2
11646,5
11647,3
11648,6
11649,2
11650,6
11651,4
11652,0
11653,4
11654,4
11655,4
11656,3
11657,5
11658,5
11659,5
11660,5
11661,2
11662,0
11663,5
11664,2
11665,0
11666,2
11667,6
11668,7
11669,3
11670,3
11671,1
11672,3
11673,3
11674,1
11675,1
11676,3
11677,2
11678,3
11679,0
11680,0
11681,1
11682,1
11683,4
11684,1
11685,2
11686,2
11687,2
11688,7
11689,4
11690,2
11691,3
11692,2
11693,6
11694,2
11695,4
11696,3
11697,4
11698,1
11699,6
11700,3
11701,3
11702,2
11703,6
11704,8
11705,7
11706,6
11707,4
11708,1
11709,3
11710,3
11711,7
11712,6
11713,2
11714,1
11715,3
11716,7
11717,2
11718,5
11719,3
11720,1
11721,1
11722,0
11723,2
11724,3
11725,2
11726,3
11727,4
11728,5
11729,2
11730,5
11731,1
11732,4
11733,2
11734,5
11735,1
11736,5
11737,1
11738,1
11739,5
11740,1
11741,2
11742,1
11743,3
11744,0
11745,4
11746,1
11747,5
11748,2
11749,4
11750,1
11751,4
11752,2
11753,4
11754,4
11755,5
11756,1
11757,3
11758,7
11759,0
11760,2
11761,1
11762,1
11763,4
11764,2
11765,2
11766,4
11767,2
11768,2
11769,1
11770,4
11771,5
11772,2
11773,2
11774,4
11775,2
11776,2
11777,1
11778,5
11779,4
11780,2
11781,1
11782,1
11783,3
11784,2
11785,2
11786,0
11787,2
11788,2
11789,7
11790,2
11791,4
11792,3
11793,3
11794,5
11795,6
11796,1
11797,2
11798,7
11799,2
11800,4
11801,1
11802,2
11803,1
11804,4
11805,2
11806,1
11807,3
11808,2
11809,2
11810,2
11811,1
11812,1
11813,3
11814,4
11815,4
11816,3
11817,6
11818,3
11819,1
11820,4
11821,4
11822,3
11823,0
11824,3
11825,6
11826,2
11827,7
11828,3
11829,4
11830,3
11831,6
11832,8
11833,2
11834,6
11835,4
11836,8
11837,4
11838,1
11839,4
11840,1
11841,1
11842,9
11843,4
11844,7
11845,3
11846,1
11847,3
11848,3
11849,6
11850,3
11851,5
11852,3
11853,7
11854,4
11855,3
11856,1
11857,3
11858,10
11859,5
11860,1
11861,3
11862,2
11863,2
11864,4
11865,5
11866,7
11867,10
11868,2
11869,3
11870,6
11871,3
11872,3
11873,5
11874,3
11875,3
11876,1
11877,4
11878,3
11879,3
11880,1
11881,7
11882,16
11883,1
11884,0
11885,3
11886,2
11887,4
11888,3
11889,3
11890,17
11891,13
11892,4
11893,3
11894,6
11895,4
11896,6
11897,2
11898,4
11899,0
11900,5
11901,2
11902,3
11903,1
11904,1
11905,1
11906,9
11907,5
11908,1
11909,1
11910,6
11911,5
11912,3
11913,3
11914,4
11915,9
11916,2
11917,0
11918,0
11919,4
11920,1
11921,6
11922,3
11923,5
11924,2
11925,6
11926,3
11927,2
11928,3
11929,4
11930,1
11931,2
11932,4
11933,3
11934,3
11935,1
11936,3
11937,4
11938,2
11939,3
11940,2
11941,6
11942,4
11943,0
11944,4
11945,2
11946,4
11947,2
11948,6
11949,6
11950,3
11951,4
11952,5
11953,6
11954,3
11955,4
11956,4
11957,1
11958,3
11959,2
11960,9
11961,2
11962,2
11963,1
11964,4
11965,4
11966,5
11967,3
11968,2
11969,3
11970,4
11971,3
11972,2
11973,2
11974,1
11975,2
11976,5
11977,2
11978,2
11979,6
11980,3
11981,5
11982,3
11983,7
11984,2
11985,0
11986,1
11987,1
11988,2
11989,1
11990,3
11991,2
11992,3
11993,4
11994,4
11995,7
11996,2
11997,1
11998,3
11999,3
12000,4
12001,6
12002,1
12003,3
12004,3
12005,0
12006,4
12007,7
12008,2
12009,6
12010,8
12011,3
12012,2
12013,1
12014,3
12015,4
12016,1
12017,9
12018,2
12019,2
12020,2
12021,3
12022,3
12023,1
12024,2
12025,5
12026,0
12027,2
12028,5
12029,2
12030,2
12031,6
12032,8
12033,8
12034,2
12035,2
12036,2
12037,4
12038,0
12039,3
12040,0
12041,3
12042,2
12043,1
12044,1
12045,5
12046,3
12047,1
12048,5
12049,6
12050,2
12051,2
12052,6
12053,2
12054,3
12055,3
12056,4
12057,1
12058,4
12059,3
12060,4
12061,5
12062,3
12063,3
12064,11
12065,0
12066,1
12067,3
12068,2
12069,2
12070,1
12071,3
12072,1
12073,4
12074,2
12075,5
12076,2
12077,5
12078,3
12079,2
12080,0
12081,5
12082,3
12083,3
12084,3
12085,4
12086,6
12087,8
12088,6
12089,2
12090,3
12091,7
12092,8
12093,3
12094,5
12095,3
12096,1
12097,1
12098,3
12099,1
12100,2
12101,2
12102,1
12103,2
12104,2
12105,1
12106,4
12107,1
12108,1
12109,3
12110,1
12111,5
12112,1
12113,6
12114,6
12115,5
12116,2
12117,3
12118,6
12119,3
12120,3
12121,4
12122,6
12123,0
12124,6
12125,5
12126,3
12127,2
12128,2
12129,3
12130,5
12131,1
12132,4
12133,3
12134,8
12135,16
12136,8
12137,10
12138,6
12139,1
12140,1
12141,2
12142,2
12143,2
12144,6
12145,5
12146,5
12147,6
12148,6
12149,2
12150,2
12151,8
12152,6
12153,0
12154,10
12155,14
12156,6
12157,21
12158,14
12159,9
12160,13
12161,6
12162,2
12163,20
12164,5
12165,4
12166,7
12167,1
12168,5
12169,2
12170,5
12171,2
12172,1
12173,1
12174,3
12175,3
12176,2
12177,3
12178,3
12179,4
12180,1
12181,4
12182,6
12183,2
12184,5
12185,2
12186,6
12187,1
12188,2
12189,2
12190,2
12191,4
12192,4
12193,0
12194,4
12195,3
12196,2
12197,2
12198,7
12199,2
12200,3
12201,3
12202,3
12203,2
12204,4
12205,2
12206,1
12207,5
12208,1
12209,4
12210,4
12211,4
12212,4
12213,1
12214,5
12215,2
12216,3
12217,6
12218,1
12219,1
12220,2
12221,5
12222,1
12223,2
12224,4
12225,3
12226,8
12227,4
12228,6
12229,9
12230,3
12231,3
12232,0
12233,1
12234,2
12235,4
12236,3
12237,2
12238,0
12239,3
12240,1
12241,5
12242,1
12243,2
12244,3
12245,4
12246,4
12247,2
12248,3
12249,2
12250,4
12251,1
12252,3
12253,1
12254,6
12255,6
12256,4
12257,0
12258,3
12259,3
12260,1
12261,2
12262,5
12263,1
12264,3
12265,1
12266,0
12267,4
12268,1
12269,1
12270,2
12271,0
12272,5
12273,3
12274,4
12275,2
12276,1
12277,2
12278,5
12279,3
12280,2
12281,1
12282,3
12283,2
12284,1
12285,1
12286,4
12287,2
12288,7
12289,6
12290,13
12291,18
12292,5
12293,0
12294,3
12295,5
12296,5
12297,2
12298,1
12299,1
12300,3
12301,3
12302,3
12303,6
12304,29
12305,4
12306,14
12307,8
12308,1
12309,3
12310,5
12311,0
12312,4
12313,2
12314,4
12315,7
12316,8
12317,6
12318,3
12319,0
12320,2
12321,4
12322,3
12323,2
12324,4
12325,5
12326,5
12327,1
12328,2
12329,3
12330,6
12331,4
12332,4
12333,2
12334,1
12335,5
12336,3
12337,4
12338,3
12339,4
12340,3
12341,2
12342,2
12343,4
12344,2
12345,1
12346,5
12347,5
12348,8
12349,3
12350,3
12351,2
12352,7
12353,1
12354,2
12355,4
12356,3
12357,2
12358,2
12359,0
12360,2
12361,2
12362,3
12363,2
12364,4
12365,2
12366,3
12367,1
12368,3
12369,1
12370,1
12371,1
12372,3
12373,3
12374,2
12375,1
12376,0
12377,1
12378,1
12379,4
12380,1
12381,4
12382,1
12383,2
12384,5
12385,3
12386,1
12387,2
12388,2
12389,3
12390,2
12391,0
12392,1
12393,2
12394,2
12395,2
12396,4
12397,0
12398,1
12399,1
12400,1
12401,1
12402,3
12403,5
12404,2
12405,1
12406,1
12407,2
12408,0
12409,1
12410,8
12411,3
12412,0
12413,0
12414,4
12415,2
12416,3
12417,2
12418,2
12419,3
12420,4
12421,4
12422,3
12423,6
12424,1
12425,2
12426,5
12427,3
12428,5
12429,4
12430,2
12431,1
12432,1
12433,1
12434,3
12435,2
12436,2
12437,1
12438,2
12439,2
12440,5
12441,4
12442,4
12443,5
12444,4
12445,2
12446,3
12447,1
12448,2
12449,4
12450,4
12451,3
12452,6
12453,1
12454,2
12455,3
12456,7
12457,1
12458,1
12459,2
12460,3
12461,1
12462,3
12463,2
12464,1
12465,4
12466,2
12467,6
12468,3
12469,3
12470,3
12471,1
12472,1
12473,0
12474,6
12475,1
12476,4
12477,0
12478,0
12479,1
12480,0
12481,3
12482,1
12483,1
12484,4
12485,1
12486,3
12487,0
12488,3
12489,0
12490,1
12491,2
12492,2
12493,1
12494,4
12495,2
12496,2
12497,0
12498,2
12499,2
12500,3
12501,2
12502,1
12503,10
12504,2
12505,5
12506,1
12507,1
12508,3
12509,4
12510,4
12511,2
12512,2
12513,5
12514,2
12515,7
12516,2
12517,3
12518,2
12519,0
12520,2
12521,1
12522,1
12523,3
12524,4
12525,2
12526,2
12527,4
12528,5
12529,1
12530,3
12531,1
12532,1
12533,3
12534,1
12535,3
12536,1
12537,1
12538,2
12539,2
12540,0
12541,2
12542,1
12543,2
12544,1
12545,3
12546,0
12547,6
12548,2
12549,3
12550,3
12551,4
12552,0
12553,2
12554,1
12555,1
12556,1
12557,3
12558,0
12559,0
12560,1
12561,0
12562,1
12563,2
12564,0
12565,3
12566,4
12567,2
12568,3
12569,1
12570,2
12571,2
12572,3
12573,2
12574,3
12575,2
12576,2
12577,5
12578,2
12579,3
12580,3
12581,2
12582,4
12583,4
12584,4
12585,5
12586,1
12587,3
12588,1
12589,1
12590,0
12591,3
12592,1
12593,5
12594,5
12595,5
12596,3
12597,2
12598,3
12599,3
12600,4
12601,2
12602,3
12603,2
12604,2
12605,2
12606,7
12607,1
12608,4
12609,1
12610,2
12611,1
12612,5
12613,4
12614,2
12615,3
12616,4
12617,3
12618,0
12619,2
12620,2
12621,1
12622,0
12623,2
12624,2
12625,3
12626,0
12627,2
12628,3
12629,0
12630,0
12631,2
12632,1
12633,3
12634,1
12635,1
12636,5
12637,1
12638,4
12639,1
12640,2
12641,2
12642,1
12643,6
12644,2
12645,3
12646,3
12647,5
12648,3
12649,1
12650,1
12651,3
12652,1
12653,2
12654,2
12655,4
12656,2
12657,1
12658,2
12659,0
12660,3
12661,3
12662,1
12663,1
12664,2
12665,4
12666,3
12667,2
12668,3
12669,3
12670,4
12671,3
12672,2
12673,2
12674,2
12675,3
12676,3
12677,2
12678,2
12679,1
12680,3
12681,2
12682,1
12683,3
12684,2
12685,0
12686,2
12687,1
12688,5
12689,0
12690,4
12691,5
12692,0
12693,3
12694,1
12695,2
12696,2
12697,1
12698,4
12699,1
12700,1
12701,1
12702,2
12703,3
12704,4
12705,2
12706,5
12707,0
12708,3
12709,5
12710,7
12711,1
12712,3
12713,2
12714,3
12715,0
12716,2
12717,0
12718,1
12719,5
12720,1
12721,4
12722,3
12723,1
12724,1
12725,4
12726,1
12727,3
12728,4
12729,5
12730,3
12731,3
12732,3
12733,3
12734,5
12735,0
12736,3
12737,1
12738,3
12739,2
12740,4
12741,4
12742,4
12743,2
12744,4
12745,2
12746,5
12747,3
12748,4
12749,1
12750,2
12751,4
12752,7
12753,3
12754,3
12755,3
12756,2
12757,3
12758,3
12759,3
12760,5
12761,1
12762,1
12763,3
12764,3
12765,4
12766,3
12767,3
12768,3
12769,1
12770,1
12771,0
12772,2
12773,1
12774,3
12775,2
12776,1
12777,2
12778,1
12779,2
12780,2
12781,2
12782,0
12783,3
12784,6
12785,1
12786,3
12787,4
12788,2
12789,4
12790,2
12791,3
12792,2
12793,3
12794,2
12795,2
12796,1
12797,2
12798,0
12799,2
12800,4
12801,2
12802,3
12803,1
12804,1
12805,4
12806,1
12807,1
12808,3
12809,3
12810,5
12811,1
12812,3
12813,0
12814,2
12815,5
12816,1
12817,3
12818,4
12819,2
12820,4
12821,4
12822,3
12823,2
12824,3
12825,6
12826,1
12827,1
12828,5
12829,5
12830,4
12831,3
12832,5
12833,2
12834,1
12835,2
12836,1
12837,8
12838,0
12839,3
12840,1
12841,2
12842,4
12843,2
12844,3
12845,0
12846,2
12847,2
12848,1
12849,2
12850,5
12851,0
12852,2
12853,2
12854,1
12855,2
12856,5
12857,1
12858,3
12859,3
12860,1
12861,1
12862,2
12863,1
12864,0
12865,5
12866,1
12867,3
12868,0
12869,2
12870,3
12871,0
12872,2
12873,1
12874,6
12875,1
12876,5
12877,0
12878,4
12879,3
12880,3
12881,2
12882,2
12883,4
12884,2
12885,2
12886,4
12887,5
12888,6
12889,0
12890,2
12891,5
12892,8
12893,8
12894,0
12895,1
12896,1
12897,4
12898,2
12899,2
12900,0
12901,1
12902,2
12903,3
12904,2
12905,1
12906,6
12907,4
12908,2
12909,3
12910,2
12911,5
12912,0
12913,5
12914,2
12915,5
12916,5
12917,2
12918,7
12919,7
12920,5
12921,0
12922,4
12923,1
12924,0
12925,5
12926,2
12927,2
12928,4
12929,5
12930,3
12931,1
12932,3
12933,3
12934,2
12935,3
12936,3
12937,2
12938,3
12939,0
12940,3
12941,2
12942,5
12943,2
12944,2
12945,0
12946,4
12947,4
12948,2
12949,1
12950,2
12951,6
12952,2
12953,1
12954,0
12955,3
12956,3
12957,3
12958,3
12959,6
12960,4
12961,4
12962,1
12963,8
12964,4
12965,0
12966,2
12967,4
12968,2
12969,3
12970,0
12971,1
12972,3
12973,1
12974,3
12975,3
12976,5
12977,2
12978,1
12979,3
12980,3
12981,4
12982,0
12983,3
12984,4
12985,0
12986,5
12987,1
12988,1
12989,4
12990,4
12991,3
12992,4
12993,2
12994,3
12995,6
12996,1
12997,4
12998,4
12999,2
13000,1
13001,2
13002,1
13003,3
13004,3
13005,1
13006,2
13007,2
13008,5
13009,8
13010,15
13011,19
13012,8
13013,11
13014,47
13015,10
13016,3
13017,8
13018,8
13019,19
13020,10
13021,9
13022,1
13023,2
13024,8
13025,7
13026,5
13027,13
13028,4
13029,0
13030,4
13031,3
13032,2
13033,4
13034,4
13035,1
13036,9
13037,2
13038,6
13039,4
13040,7
13041,1
13042,5
13043,4
13044,2
13045,15
13046,4
13047,15
13048,2
13049,17
13050,16
13051,0
13052,0
13053,0
13054,2
13055,7
13056,2
13057,3
13058,2
13059,5
13060,3
13061,4
13062,6
13063,2
13064,4
13065,3
13066,4
13067,1
13068,2
13069,5
13070,7
13071,3
13072,3
13073,5
13074,7
13075,9
13076,3
13077,5
13078,2
13079,4
13080,4
13081,0
13082,2
13083,4
13084,4
13085,1
13086,1
13087,3
13088,5
13089,0
13090,1
13091,1
13092,2
13093,2
13094,3
13095,3
13096,2
13097,1
13098,2
13099,1
13100,3
13101,3
13102,2
13103,5
13104,0
13105,0
13106,3
13107,1
13108,3
13109,1
13110,4
13111,1
13112,1
13113,3
13114,0
13115,3
13116,1
13117,0
13118,3
13119,1
13120,2
13121,3
13122,4
13123,3
13124,3
13125,0
13126,2
13127,3
13128,0
13129,3
13130,2
13131,0
13132,4
13133,2
13134,2
13135,2
13136,1
13137,0
13138,1
13139,0
13140,0
13141,2
13142,8
13143,2
13144,1
13145,0
13146,1
13147,4
13148,16
13149,3
13150,3
13151,1
13152,1
13153,4
13154,4
13155,3
13156,4
13157,3
13158,2
13159,3
13160,2
13161,2
13162,2
13163,1
13164,2
13165,2
13166,1
13167,4
13168,2
13169,5
13170,2
13171,1
13172,2
13173,4
13174,8
13175,1
13176,1
13177,3
13178,4
13179,3
13180,2
13181,0
13182,1
13183,3
13184,1
13185,4
13186,5
13187,4
13188,3
13189,4
13190,2
13191,7
13192,1
13193,7
13194,1
13195,6
13196,0
13197,3
13198,4
13199,5
13200,6
13201,5
13202,5
13203,1
13204,3
13205,4
13206,1
13207,4
13208,3
13209,6
13210,3
13211,0
13212,2
13213,0
13214,2
13215,0
13216,2
13217,1
13218,3
13219,5
13220,2
13221,3
13222,2
13223,1
13224,2
13225,1
13226,1
13227,1
13228,1
13229,2
13230,2
13231,2
13232,4
13233,1
13234,2
13235,0
13236,3
13237,1
13238,0
13239,2
13240,0
13241,2
13242,0
13243,3
13244,2
13245,2
13246,2
13247,3
13248,1
13249,0
13250,1
13251,0
13252,2
13253,5
13254,0
13255,3
13256,1
13257,2
13258,4
13259,3
13260,1
13261,2
13262,6
13263,2
13264,8
13265,10
13266,1
13267,1
13268,4
13269,3
13270,4
13271,1
13272,2
13273,1
13274,2
13275,4
13276,1
13277,1
13278,2
13279,4
13280,4
13281,2
13282,1
13283,2
13284,4
13285,1
13286,3
13287,4
13288,3
13289,1
13290,1
13291,3
13292,5
13293,1
13294,2
13295,2
13296,2
13297,1
13298,2
13299,8
13300,2
13301,2
13302,2
13303,1
13304,2
13305,5
13306,2
13307,1
13308,1
13309,3
13310,5
13311,3
13312,1
13313,1
13314,6
13315,2
13316,6
13317,4
13318,7
13319,3
13320,2
13321,1
13322,3
13323,4
13324,0
13325,6
13326,4
13327,3
13328,0
13329,7
13330,3
13331,3
13332,3
13333,2
13334,2
13335,3
13336,2
13337,5
13338,1
13339,1
13340,2
13341,4
13342,3
13343,3
13344,0
13345,0
13346,4
13347,2
13348,2
13349,4
13350,0
13351,3
13352,3
13353,4
13354,4
13355,4
13356,4
13357,3
13358,3
13359,1
13360,3
13361,1
13362,6
13363,3
13364,1
13365,5
13366,4
13367,2
13368,2
13369,3
13370,2
13371,1
13372,3
13373,5
13374,2
13375,2
13376,4
13377,2
13378,1
13379,2
13380,0
13381,1
13382,2
13383,2
13384,0
13385,0
13386,2
13387,0
13388,0
13389,4
13390,1
13391,2
13392,2
13393,3
13394,4
13395,5
13396,2
13397,3
13398,3
13399,1
13400,6
13401,8
13402,5
13403,3
13404,3
13405,2
13406,5
13407,3
13408,4
13409,4
13410,6
13411,5
13412,2
13413,5
13414,1
13415,0
13416,5
13417,1
13418,1
13419,6
13420,0
13421,2
13422,0
13423,1
13424,3
13425,2
13426,1
13427,5
13428,1
13429,3
13430,1
13431,1
13432,1
13433,3
13434,2
13435,1
13436,1
13437,1
13438,2
13439,2
13440,1
13441,2
13442,2
13443,5
13444,0
13445,2
13446,0
13447,4
13448,2
13449,1
13450,0
13451,3
13452,2
13453,3
13454,3
13455,3
13456,3
13457,3
13458,0
13459,5
13460,3
13461,4
13462,2
13463,1
13464,2
13465,3
13466,5
13467,4
13468,5
13469,2
13470,2
13471,2
13472,2
13473,1
13474,3
13475,7
13476,4
13477,5
13478,1
13479,4
13480,1
13481,7
13482,2
13483,4
13484,2
13485,4
13486,4
13487,2
13488,2
13489,9
13490,6
13491,2
13492,3
13493,2
13494,0
13495,2
13496,7
13497,1
13498,0
13499,3
13500,2
13501,2
13502,4
13503,2
13504,10
13505,7
13506,3
13507,6
13508,3
13509,5
13510,3
13511,9
13512,7
13513,2
13514,4
13515,6
13516,1
13517,4
13518,2
13519,5
13520,5
13521,2
13522,5
13523,6
13524,7
13525,7
13526,6
13527,3
13528,4
13529,2
13530,2
13531,2
13532,4
13533,4
13534,3
13535,3
13536,1
13537,1
13538,2
13539,4
13540,4
13541,2
13542,1
13543,2
13544,1
13545,5
13546,2
13547,2
13548,2
13549,4
13550,3
13551,5
13552,4
13553,2
13554,4
13555,1
13556,4
13557,3
13558,2
13559,0
13560,2
13561,1
13562,1
13563,1
13564,7
13565,1
13566,4
13567,5
13568,2
13569,3
13570,2
13571,3
13572,17
13573,3
13574,6
13575,3
13576,2
13577,4
13578,13
13579,3
13580,1
13581,0
13582,3
13583,1
13584,0
13585,4
13586,4
13587,1
13588,2
13589,3
13590,3
13591,1
13592,4
13593,1
13594,3
13595,1
13596,4
13597,3
13598,1
13599,2
13600,2
13601,0
13602,1
13603,0
13604,2
13605,3
13606,4
13607,6
13608,6
13609,2
13610,1
13611,2
13612,3
13613,2
13614,4
13615,5
13616,2
13617,3
13618,1
13619,3
13620,1
13621,1
13622,1
13623,1
13624,2
13625,0
13626,2
13627,4
13628,1
13629,3
13630,3
13631,4
13632,2
13633,1
13634,4
13635,4
13636,11
13637,3
13638,0
13639,2
13640,3
13641,7
13642,5
13643,1
13644,5
13645,2
13646,3
13647,1
13648,5
13649,0
13650,3
13651,1
13652,4
13653,3
13654,1
13655,0
13656,1
13657,3
13658,3
13659,3
13660,0
13661,2
13662,0
13663,2
13664,0
13665,3
13666,0
13667,1
13668,2
13669,3
13670,2
13671,1
13672,2
13673,7
13674,3
13675,2
13676,2
13677,2
13678,0
13679,2
13680,1
13681,0
13682,3
13683,1
13684,3
13685,3
13686,1
13687,3
13688,3
13689,0
13690,5
13691,1
13692,2
13693,3
13694,4
13695,3
13696,1
13697,0
13698,1
13699,1
13700,2
13701,3
13702,0
13703,2
13704,2
13705,4
13706,2
13707,2
13708,2
13709,3
13710,4
13711,2
13712,4
13713,1
13714,2
13715,3
13716,4
13717,4
13718,6
13719,2
13720,3
13721,2
13722,3
13723,4
13724,2
13725,2
13726,3
13727,3
13728,3
13729,0
13730,2
13731,2
13732,2
13733,2
13734,1
13735,1
13736,2
13737,0
13738,2
13739,5
13740,0
13741,3
13742,3
13743,0
13744,0
13745,5
13746,3
13747,3
13748,0
13749,1
13750,2
13751,2
13752,5
13753,6
13754,2
13755,0
13756,1
13757,2
13758,2
13759,1
13760,2
13761,1
13762,0
13763,0
13764,1
13765,2
13766,4
13767,4
13768,2
13769,3
13770,1
13771,3
13772,2
13773,4
13774,3
13775,1
13776,1
13777,3
13778,2
13779,0
13780,6
13781,3
13782,7
13783,1
13784,3
13785,0
13786,1
13787,2
13788,0
13789,2
13790,1
13791,4
13792,2
13793,0
13794,7
13795,2
13796,3
13797,5
13798,1
13799,3
13800,2
13801,4
13802,0
13803,0
13804,1
13805,1
13806,2
13807,4
13808,1
13809,2
13810,2
13811,0
13812,0
13813,3
13814,2
13815,3
13816,2
13817,3
13818,3
13819,4
13820,2
13821,7
13822,2
13823,2
13824,2
13825,2
13826,2
13827,2
13828,2
13829,1
13830,2
13831,1
13832,1
13833,2
13834,2
13835,1
13836,3
13837,0
13838,5
13839,1
13840,3
13841,3
13842,2
13843,4
13844,2
13845,2
13846,2
13847,4
13848,5
13849,3
13850,0
13851,3
13852,6
13853,7
13854,0
13855,6
13856,3
13857,1
13858,1
13859,1
13860,2
13861,2
13862,5
13863,3
13864,3
13865,3
13866,5
13867,2
13868,5
13869,4
13870,2
13871,3
13872,6
13873,3
13874,10
13875,4
13876,6
13877,2
13878,4
13879,4
13880,1
13881,5
13882,7
13883,4
13884,2
13885,2
13886,4
13887,8
13888,7
13889,5
13890,1
13891,1
13892,3
13893,1
13894,8
13895,7
13896,2
13897,6
13898,5
13899,3
13900,7
13901,8
13902,1
13903,7
13904,5
13905,1
13906,4
13907,4
13908,9
13909,3
13910,2
13911,1
13912,4
13913,0
13914,2
13915,2
13916,1
13917,1
13918,2
13919,4
13920,3
13921,5
13922,0
13923,5
13924,1
13925,2
13926,3
13927,4
13928,2
13929,1
13930,2
13931,3
13932,6
13933,0
13934,3
13935,4
13936,3
13937,3
13938,3
13939,4
13940,3
13941,2
13942,6
13943,4
13944,3
13945,0
13946,1
13947,3
13948,4
13949,1
13950,1
13951,5
13952,4
13953,2
13954,1
13955,2
13956,0
13957,3
13958,3
13959,3
13960,5
13961,4
13962,2
13963,2
13964,3
13965,3
13966,0
13967,5
13968,3
13969,5
13970,1
13971,2
13972,3
13973,3
13974,6
13975,3
13976,2
13977,1
13978,5
13979,2
13980,1
13981,3
13982,0
13983,3
13984,0
13985,3
13986,3
13987,1
13988,2
13989,1
13990,3
13991,2
13992,2
13993,4
13994,3
13995,2
13996,3
13997,4
13998,5
13999,1
14000,0
14001,0
14002,3
14003,0
14004,0
14005,4
14006,2
14007,4
14008,4
14009,6
14010,2
14011,5
14012,2
14013,3
14014,6
14015,1
14016,3
14017,2
14018,2
14019,3
14020,1
14021,2
14022,0
14023,2
14024,3
14025,1
14026,1
14027,1
14028,2
14029,2
14030,4
14031,2
14032,4
14033,3
14034,3
14035,3
14036,2
14037,3
14038,1
14039,6
14040,1
14041,4
14042,1
14043,1
14044,3
14045,1
14046,3
14047,3
14048,2
14049,3
14050,0
14051,4
14052,2
14053,0
14054,2
14055,0
14056,1
14057,4
14058,2
14059,3
14060,1
14061,2
14062,2
14063,0
14064,0
14065,3
14066,0
14067,3
14068,1
14069,1
14070,2
14071,1
14072,3
14073,2
14074,3
14075,1
14076,4
14077,4
14078,1
14079,3
14080,4
14081,3
14082,3
14083,1
14084,4
14085,3
14086,5
14087,0
14088,3
14089,1
14090,2
14091,2
14092,3
14093,3
14094,5
14095,3
14096,2
14097,2
14098,3
14099,8
14100,1
14101,1
14102,4
14103,4
14104,5
14105,2
14106,2
14107,5
14108,1
14109,1
14110,3
14111,1
14112,3
14113,4
14114,2
14115,1
14116,3
14117,4
14118,1
14119,2
14120,2
14121,2
14122,1
14123,4
14124,0
14125,3
14126,5
14127,2
14128,4
14129,9
14130,6
14131,7
14132,2
14133,4
14134,4
14135,1
14136,1
14137,2
14138,2
14139,0
14140,2
14141,2
14142,1
14143,11
14144,5
14145,8
14146,2
14147,2
14148,2
14149,2
14150,6
14151,5
14152,3
14153,0
14154,1
14155,2
14156,2
14157,2
14158,0
14159,1
14160,3
14161,3
14162,1
14163,0
14164,1
14165,2
14166,1
14167,1
14168,7
14169,4
14170,1
14171,0
14172,2
14173,2
14174,1
14175,1
14176,3
14177,0
14178,3
14179,4
14180,1
14181,1
14182,4
14183,2
14184,1
14185,2
14186,0
14187,1
14188,5
14189,2
14190,2
14191,4
14192,0
14193,3
14194,4
14195,0
14196,8
14197,2
14198,3
14199,3
14200,7
14201,7
14202,1
14203,5
14204,4
14205,2
14206,2
14207,0
14208,4
14209,0
14210,3
14211,4
14212,0
14213,2
14214,3
14215,5
14216,5
14217,1
14218,2
14219,3
14220,2
14221,0
14222,1
14223,1
14224,5
14225,1
14226,5
14227,6
14228,2
14229,3
14230,1
14231,3
14232,0
14233,2
14234,4
14235,1
14236,1
14237,2
14238,3
14239,6
14240,2
14241,5
14242,0
14243,3
14244,1
14245,2
14246,1
14247,1
14248,3
14249,1
14250,1
14251,1
14252,2
14253,4
14254,0
14255,0
14256,6
14257,3
14258,5
14259,1
14260,2
14261,1
14262,2
14263,1
14264,3
14265,0
14266,5
14267,2
14268,5
14269,1
14270,0
14271,3
14272,0
14273,2
14274,7
14275,9
14276,3
14277,3
14278,4
14279,1
14280,4
14281,1
14282,4
14283,2
14284,4
14285,7
14286,3
14287,5
14288,3
14289,3
14290,2
14291,1
14292,4
14293,1
14294,1
14295,8
14296,2
14297,0
14298,5
14299,3
14300,0
14301,0
14302,5
14303,1
14304,4
14305,5
14306,0
14307,4
14308,6
14309,1
14310,4
14311,2
14312,4
14313,4
14314,3
14315,1
14316,1
14317,2
14318,1
14319,1
14320,2
14321,2
14322,1
14323,4
14324,2
14325,3
14326,3
14327,1
14328,2
14329,4
14330,0
14331,0
14332,2
14333,1
14334,1
14335,3
14336,3
14337,0
14338,3
14339,4
14340,4
14341,3
14342,1
14343,3
14344,7
14345,6
14346,7
14347,3
14348,6
14349,2
14350,2
14351,3
14352,1
14353,3
14354,2
14355,3
14356,1
14357,3
14358,1
14359,1
14360,5
14361,4
14362,1
14363,1
14364,2
14365,2
14366,1
14367,3
14368,2
14369,4
14370,0
14371,2
14372,2
14373,0
14374,2
14375,1
14376,1
14377,3
14378,2
14379,4
14380,2
14381,4
14382,0
14383,3
14384,2
14385,1
14386,2
14387,5
14388,2
14389,4
14390,6
14391,4
14392,3
14393,2
14394,2
14395,2
14396,6
14397,3
14398,0
14399,4
14400,0
14401,6
14402,1
14403,1
14404,5
14405,2
14406,2
14407,1
14408,0
14409,3
14410,2
14411,2
14412,4
14413,2
14414,4
14415,3
14416,7
14417,4
14418,5
14419,0
14420,0
14421,3
14422,2
14423,1
14424,3
14425,0
14426,0
14427,0
14428,4
14429,1
14430,2
14431,4
14432,3
14433,3
14434,1
14435,1
14436,3
14437,0
14438,2
14439,1
14440,2
14441,5
14442,3
14443,1
14444,5
14445,7
14446,3
14447,0
14448,4
14449,2
14450,2
14451,1
14452,4
14453,2
14454,5
14455,4
14456,0
14457,5
14458,2
14459,4
14460,3
14461,1
14462,3
14463,4
14464,1
14465,5
14466,2
14467,3
14468,4
14469,4
14470,4
14471,1
14472,2
14473,0
14474,4
14475,3
14476,2
14477,2
14478,2
14479,3
14480,2
14481,1
14482,6
14483,3
14484,4
14485,4
14486,5
14487,5
14488,3
14489,2
14490,0
14491,6
14492,3
14493,2
14494,4
14495,1
14496,2
14497,1
14498,2
14499,0
14500,5
14501,2
14502,4
14503,6
14504,3
14505,1
14506,3
14507,3
14508,2
14509,2
14510,3
14511,1
14512,2
14513,2
14514,4
14515,5
14516,5
14517,2
14518,3
14519,1
14520,4
14521,2
14522,4
14523,0
14524,4
14525,0
14526,3
14527,3
14528,2
14529,2
14530,3
14531,5
14532,10
14533,10
14534,3
14535,0
14536,4
14537,3
14538,0
14539,2
14540,4
14541,3
14542,1
14543,0
14544,1
14545,3
14546,2
14547,1
14548,0
14549,4
14550,3
14551,3
14552,2
14553,2
14554,1
14555,1
14556,4
14557,4
14558,0
14559,0
14560,1
14561,2
14562,5
14563,4
14564,3
14565,3
14566,1
14567,1
14568,3
14569,1
14570,3
14571,0
14572,6
14573,3
14574,1
14575,4
14576,6
14577,5
14578,2
14579,1
14580,3
14581,2
14582,1
14583,3
14584,0
14585,3
14586,3
14587,7
14588,1
14589,1
14590,4
14591,1
14592,1
14593,2
14594,1
14595,3
14596,4
14597,5
14598,0
14599,4
14600,5
14601,4
14602,6
14603,3
14604,5
14605,1
14606,2
14607,3
14608,1
14609,6
14610,3
14611,2
14612,1
14613,1
14614,1
14615,3
14616,2
14617,5
14618,0
14619,4
14620,5
14621,1
14622,2
14623,2
14624,3
14625,2
14626,0
14627,10
14628,5
14629,1
14630,2
14631,9
14632,1
14633,3
14634,3
14635,3
14636,0
14637,1
14638,4
14639,1
14640,1
14641,1
14642,3
14643,1
14644,1
14645,1
14646,1
14647,1
14648,0
14649,2
14650,1
14651,8
14652,6
14653,2
14654,2
14655,0
14656,2
14657,4
14658,1
14659,2
14660,1
14661,2
14662,2
14663,0
14664,2
14665,1
14666,1
14667,2
14668,1
14669,4
14670,6
14671,3
14672,1
14673,4
14674,2
14675,1
14676,4
14677,1
14678,2
14679,1
14680,1
14681,0
14682,1
14683,2
14684,0
14685,3
14686,4
14687,0
14688,3
14689,1
14690,5
14691,3
14692,2
14693,0
14694,4
14695,4
14696,3
14697,1
14698,2
14699,1
14700,2
14701,2
14702,1
14703,0
14704,2
14705,1
14706,0
14707,2
14708,1
14709,4
14710,1
14711,4
14712,2
14713,4
14714,4
14715,3
14716,1
14717,1
14718,2
14719,3
14720,2
14721,1
14722,2
14723,4
14724,1
14725,3
14726,1
14727,0
14728,1
14729,1
14730,1
14731,3
14732,1
14733,0
14734,2
14735,3
14736,0
14737,4
14738,2
14739,2
14740,3
14741,10
14742,3
14743,6
14744,5
14745,0
14746,0
14747,3
14748,0
14749,0
14750,0
14751,1
14752,2
14753,0
14754,1
14755,1
14756,1
14757,0
14758,0
14759,0
14760,4
14761,1
14762,3
14763,9
14764,0
14765,4
14766,3
14767,2
14768,3
14769,1
14770,1
14771,0
14772,3
14773,4
14774,0
14775,3
14776,0
14777,2
14778,4
14779,7
14780,2
14781,0
14782,6
14783,3
14784,2
14785,2
14786,2
14787,2
14788,5
14789,4
14790,2
14791,4
14792,3
14793,4
14794,1
14795,5
14796,6
14797,2
14798,3
14799,3
14800,2
14801,3
14802,3
14803,0
14804,5
14805,4
14806,2
14807,4
14808,0
14809,1
14810,2
14811,4
14812,3
14813,0
14814,3
14815,3
14816,4
14817,1
14818,1
14819,2
14820,2
14821,4
14822,1
14823,2
14824,0
14825,4
14826,7
14827,2
14828,2
14829,2
14830,2
14831,3
14832,4
14833,2
14834,1
14835,0
14836,1
14837,5
14838,3
14839,5
14840,15
14841,4
14842,3
14843,7
14844,1
14845,1
14846,6
14847,3
14848,2
14849,5
14850,2
14851,0
14852,3
14853,1
14854,2
14855,1
14856,4
14857,3
14858,3
14859,3
14860,0
14861,5
14862,4
14863,2
14864,3
14865,7
14866,1
14867,0
14868,1
14869,3
14870,4
14871,3
14872,2
14873,5
14874,2
14875,1
14876,0
14877,2
14878,2
14879,1
14880,0
14881,2
14882,1
14883,4
14884,0
14885,2
14886,0
14887,1
14888,3
14889,3
14890,0
14891,0
14892,1
14893,2
14894,0
14895,1
14896,2
14897,4
14898,0
14899,3
14900,1
14901,3
14902,1
14903,0
14904,2
14905,3
14906,2
14907,3
14908,1
14909,2
14910,2
14911,4
14912,2
14913,4
14914,6
14915,1
14916,4
14917,2
14918,1
14919,2
14920,3
14921,2
14922,4
14923,3
14924,6
14925,3
14926,4
14927,3
14928,1
14929,2
14930,3
14931,1
14932,0
14933,2
14934,0
14935,3
14936,3
14937,3
14938,2
14939,1
14940,0
14941,0
14942,1
14943,2
14944,3
14945,4
14946,4
14947,1
14948,2
14949,6
14950,1
14951,0
14952,0
14953,1
14954,3
14955,2
14956,4
14957,6
14958,5
14959,3
14960,0
14961,1
14962,1
14963,2
14964,4
14965,5
14966,3
14967,4
14968,3
14969,1
14970,3
14971,2
14972,7
14973,2
14974,4
14975,4
14976,2
14977,1
14978,0
14979,5
14980,2
14981,2
14982,4
14983,5
14984,5
14985,1
14986,1
14987,1
14988,7
14989,3
14990,1
14991,3
14992,3
14993,3
14994,2
14995,4
14996,2
14997,1
14998,2
14999,4
15000,1
15001,1
15002,2
15003,2
15004,3
15005,2
15006,3
15007,4
15008,4
15009,2
15010,1
15011,2
15012,7
15013,3
15014,3
15015,2
15016,1
15017,0
15018,4
15019,4
15020,4
15021,3
15022,2
15023,3
15024,1
15025,3
15026,3
15027,5
15028,2
15029,1
15030,2
15031,3
15032,4
15033,3
15034,4
15035,3
15036,4
15037,3
15038,5
15039,1
15040,1
15041,5
15042,1
15043,0
15044,2
15045,2
15046,3
15047,1
15048,2
15049,2
15050,2
15051,2
15052,2
15053,2
15054,1
15055,3
15056,5
15057,4
15058,1
15059,1
15060,2
15061,2
15062,8
15063,3
15064,0
15065,2
15066,2
15067,1
15068,1
15069,2
15070,3
15071,6
15072,3
15073,5
15074,2
15075,2
15076,3
15077,2
15078,2
15079,2
15080,3
15081,3
15082,1
15083,1
15084,4
15085,1
15086,1
15087,3
15088,4
15089,1
15090,2
15091,0
15092,1
15093,7
15094,2
15095,5
15096,5
15097,0
15098,1
15099,3
15100,1
15101,3
15102,5
15103,9
15104,2
15105,5
15106,1
15107,4
15108,4
15109,3
15110,3
15111,1
15112,1
15113,8
15114,3
15115,1
15116,6
15117,4
15118,4
15119,0
15120,6
15121,4
15122,3
15123,3
15124,2
15125,2
15126,1
15127,2
15128,2
15129,1
15130,3
15131,2
15132,3
15133,6
15134,5
15135,0
15136,1
15137,2
15138,1
15139,2
15140,1
15141,1
15142,5
15143,4
15144,2
15145,3
15146,6
15147,2
15148,2
15149,5
15150,1
15151,10
15152,2
15153,2
15154,4
15155,0
15156,3
15157,4
15158,2
15159,3
15160,3
15161,5
15162,4
15163,0
15164,3
15165,1
15166,0
15167,0
15168,2
15169,0
15170,3
15171,1
15172,1
15173,2
15174,4
15175,7
15176,1
15177,2
15178,2
15179,0
15180,1
15181,1
15182,1
15183,1
15184,0
15185,4
15186,4
15187,1
15188,0
15189,4
15190,2
15191,1
15192,2
15193,1
15194,0
15195,4
15196,1
15197,1
15198,1
15199,4
15200,3
15201,2
15202,2
15203,3
15204,4
15205,6
15206,1
15207,4
15208,2
15209,2
15210,1
15211,1
15212,3
15213,4
15214,1
15215,1
15216,3
15217,0
15218,2
15219,5
15220,2
15221,0
15222,2
15223,2
15224,2
15225,2
15226,0
15227,3
15228,2
15229,2
15230,1
15231,3
15232,2
15233,0
15234,0
15235,2
15236,8
15237,1
15238,4
15239,3
15240,4
15241,2
15242,3
15243,3
15244,8
15245,1
15246,2
15247,0
15248,3
15249,5
15250,2
15251,3
15252,0
15253,3
15254,2
15255,1
15256,2
15257,1
15258,2
15259,7
15260,2
15261,3
15262,1
15263,0
15264,3
15265,3
15266,2
15267,0
15268,4
15269,0
15270,4
15271,2
15272,1
15273,2
15274,2
15275,4
15276,3
15277,1
15278,2
15279,3
15280,2
15281,1
15282,1
15283,1
15284,1
15285,0
15286,2
15287,2
15288,0
15289,2
15290,1
15291,4
15292,5
15293,1
15294,4
15295,2
15296,2
15297,0
15298,2
15299,5
15300,4
15301,3
15302,4
15303,4
15304,1
15305,3
15306,6
15307,2
15308,3
15309,1
15310,2
15311,1
15312,1
15313,2
15314,1
15315,5
15316,2
15317,3
15318,1
15319,6
15320,10
15321,2
15322,1
15323,2
15324,1
15325,2
15326,2
15327,0
15328,4
15329,2
15330,0
15331,2
15332,4
15333,3
15334,3
15335,1
15336,3
15337,7
15338,3
15339,5
15340,6
15341,1
15342,2
15343,3
15344,2
15345,2
15346,0
15347,1
15348,1
15349,0
15350,2
15351,2
15352,2
15353,2
15354,4
15355,2
15356,3
15357,1
15358,3
15359,5
15360,3
15361,2
15362,4
15363,1
15364,2
15365,2
15366,3
15367,1
15368,4
15369,2
15370,1
15371,2
15372,1
15373,1
15374,1
15375,2
15376,0
15377,4
15378,3
15379,4
15380,3
15381,0
15382,2
15383,2
15384,0
15385,2
15386,2
15387,1
15388,4
15389,6
15390,4
15391,1
15392,2
15393,3
15394,0
15395,1
15396,0
15397,2
15398,0
15399,0
15400,1
15401,11
15402,2
15403,3
15404,3
15405,3
15406,1
15407,6
15408,28
15409,4
15410,1
15411,4
15412,0
15413,6
15414,2
15415,0
15416,4
15417,4
15418,2
15419,7
15420,1
15421,2
15422,0
15423,1
15424,3
15425,3
15426,1
15427,3
15428,3
15429,2
15430,6
15431,3
15432,9
15433,3
15434,4
15435,5
15436,1
15437,1
15438,0
15439,2
15440,5
15441,3
15442,2
15443,0
15444,2
15445,2
15446,2
15447,5
15448,1
15449,4
15450,4
15451,2
15452,4
15453,3
15454,0
15455,1
15456,5
15457,5
15458,6
15459,4
15460,0
15461,4
15462,2
15463,3
15464,1
15465,0
15466,3
15467,1
15468,1
15469,2
15470,4
15471,2
15472,3
15473,4
15474,5
15475,5
15476,3
15477,5
15478,5
15479,4
15480,5
15481,3
15482,6
15483,3
15484,4
15485,4
15486,4
15487,2
15488,2
15489,5
15490,2
15491,5
15492,4
15493,3
15494,4
15495,4
15496,2
15497,13
15498,12
15499,6
15500,3
15501,2
15502,5
15503,2
15504,0
15505,1
15506,1
15507,1
15508,3
15509,1
15510,2
15511,4
15512,3
15513,1
15514,2
15515,1
15516,2
15517,2
15518,2
15519,1
15520,1
15521,3
15522,3
15523,1
15524,2
15525,3
15526,5
15527,2
15528,1
15529,2
15530,2
15531,3
15532,2
15533,0
15534,4
15535,5
15536,3
15537,1
15538,5
15539,5
15540,2
15541,1
15542,3
15543,4
15544,1
15545,2
15546,0
15547,2
15548,1
15549,1
15550,3
15551,1
15552,3
15553,1
15554,3
15555,2
15556,2
15557,2
15558,1
15559,1
15560,3
15561,2
15562,3
15563,3
15564,2
15565,2
15566,2
15567,1
15568,3
15569,0
15570,1
15571,3
15572,5
15573,2
15574,2
15575,1
15576,6
15577,2
15578,4
15579,4
15580,4
15581,2
15582,2
15583,4
15584,2
15585,5
15586,2
15587,1
15588,1
15589,1
15590,0
15591,8
15592,3
15593,3
15594,7
15595,2
15596,2
15597,5
15598,3
15599,4
15600,1
15601,1
15602,2
15603,1
15604,6
15605,1
15606,3
15607,2
15608,9
15609,1
15610,2
15611,0
15612,3
15613,3
15614,4
15615,0
15616,1
15617,2
15618,2
15619,1
15620,4
15621,0
15622,2
15623,4
15624,4
15625,1
15626,0
15627,1
15628,4
15629,1
15630,2
15631,3
15632,1
15633,2
15634,0
15635,2
15636,1
15637,3
15638,2
15639,3
15640,4
15641,2
15642,3
15643,7
15644,6
15645,5
15646,5
15647,5
15648,4
15649,0
15650,4
15651,2
15652,4
15653,1
15654,3
15655,6
15656,4
15657,1
15658,4
15659,2
15660,6
15661,3
15662,1
15663,2
15664,1
15665,0
15666,0
15667,3
15668,2
15669,1
15670,2
15671,1
15672,1
15673,3
15674,0
15675,2
15676,0
15677,4
15678,3
15679,5
15680,1
15681,1
15682,1
15683,2
15684,5
15685,0
15686,4
15687,7
15688,0
15689,2
15690,3
15691,2
15692,1
15693,1
15694,1
15695,8
15696,3
15697,6
15698,2
15699,4
15700,1
15701,2
15702,3
15703,4
15704,3
15705,1
15706,7
15707,1
15708,3
15709,0
15710,0
15711,3
15712,6
15713,1
15714,2
15715,1
15716,3
15717,2
15718,2
15719,1
15720,1
15721,0
15722,1
15723,3
15724,0
15725,2
15726,2
15727,2
15728,5
15729,1
15730,2
15731,3
15732,9
15733,1
15734,1
15735,4
15736,2
15737,3
15738,2
15739,2
15740,1
15741,2
15742,1
15743,1
15744,0
15745,0
15746,3
15747,2
15748,3
15749,2
15750,2
15751,2
15752,1
15753,4
15754,2
15755,3
15756,0
15757,4
15758,4
15759,3
15760,2
15761,5
15762,2
15763,3
15764,2
15765,0
15766,2
15767,7
15768,3
15769,2
15770,2
15771,3
15772,0
15773,1
15774,0
15775,0
15776,1
15777,3
15778,3
15779,1
15780,5
15781,9
15782,2
15783,6
15784,5
15785,3
15786,4
15787,4
15788,5
15789,4
15790,2
15791,4
15792,3
15793,1
15794,3
15795,1
15796,5
15797,1
15798,3
15799,4
15800,1
15801,0
15802,2
15803,1
15804,5
15805,1
15806,2
15807,3
15808,1
15809,0
15810,2
15811,2
15812,4
15813,3
15814,5
15815,11
15816,3
15817,7
15818,0
15819,1
15820,0
15821,6
15822,5
15823,2
15824,2
15825,4
15826,1
15827,2
15828,3
15829,1
15830,0
15831,2
15832,1
15833,1
15834,4
15835,7
15836,8
15837,5
15838,3
15839,2
15840,2
15841,3
15842,0
15843,2
15844,6
15845,1
15846,2
15847,3
15848,2
15849,3
15850,3
15851,1
15852,6
15853,3
15854,5
15855,6
15856,3
15857,2
15858,1
15859,2
15860,1
15861,3
15862,3
15863,1
15864,2
15865,6
15866,2
15867,3
15868,9
15869,2
15870,2
15871,1
15872,2
15873,5
15874,5
15875,7
15876,7
15877,4
15878,3
15879,5
15880,3
15881,0
15882,3
15883,0
15884,3
15885,5
15886,0
15887,2
15888,2
15889,3
15890,2
15891,1
15892,6
15893,3
15894,4
15895,1
15896,3
15897,4
15898,1
15899,1
15900,3
15901,1
15902,1
15903,1
15904,5
15905,4
15906,2
15907,3
15908,4
15909,6
15910,5
15911,1
15912,7
15913,3
15914,4
15915,3
15916,9
15917,2
15918,8
15919,6
15920,4
15921,3
15922,1
15923,1
15924,2
15925,6
15926,2
15927,3
15928,4
15929,2
15930,1
15931,3
15932,3
15933,2
15934,3
15935,1
15936,1
15937,4
15938,0
15939,4
15940,2
15941,0
15942,1
15943,5
15944,1
15945,1
15946,1
15947,2
15948,0
15949,4
15950,5
15951,3
15952,6
15953,0
15954,5
15955,3
15956,3
15957,1
15958,3
15959,2
15960,3
15961,0
15962,6
15963,0
15964,0
15965,1
15966,4
15967,0
15968,2
15969,4
15970,0
15971,3
15972,2
15973,2
15974,2
15975,1
15976,3
15977,3
15978,0
15979,2
15980,2
15981,1
15982,3
15983,1
15984,1
15985,1
15986,0
15987,1
15988,0
15989,2
15990,6
15991,2
15992,2
15993,1
15994,2
15995,0
15996,1
15997,1
15998,2
15999,2
16000,1
16001,3
16002,1
16003,2
16004,4
16005,2
16006,1
16007,4
16008,3
16009,3
16010,2
16011,2
16012,1
16013,1
16014,6
16015,0
16016,2
16017,2
16018,2
16019,4
16020,2
16021,2
16022,6
16023,2
16024,2
16025,3
16026,5
16027,2
16028,1
16029,2
16030,0
16031,5
16032,0
16033,3
16034,4
16035,1
16036,4
16037,2
16038,0
16039,0
16040,4
16041,2
16042,0
16043,2
16044,4
16045,1
16046,1
16047,2
16048,0
16049,1
16050,3
16051,2
16052,2
16053,1
16054,1
16055,2
16056,4
16057,3
16058,0
16059,3
16060,3
16061,2
16062,1
16063,3
16064,3
16065,2
16066,3
16067,3
16068,4
16069,1
16070,0
16071,7
16072,3
16073,5
16074,5
16075,1
16076,1
16077,4
16078,4
16079,6
16080,3
16081,0
16082,1
16083,5
16084,4
16085,2
16086,1
16087,2
16088,7
16089,0
16090,0
16091,2
16092,1
16093,2
16094,2
16095,2
16096,1
16097,2
16098,3
16099,3
16100,1
16101,4
16102,4
16103,1
16104,0
16105,2
16106,4
16107,1
16108,0
16109,0
16110,2
16111,4
16112,2
16113,7
16114,6
16115,1
16116,2
16117,0
16118,2
16119,3
16120,1
16121,1
16122,8
16123,5
16124,2
16125,5
16126,2
16127,5
16128,2
16129,2
16130,3
16131,3
16132,2
16133,1
16134,1
16135,0
16136,3
16137,5
16138,11
16139,1
16140,2
16141,3
16142,1
16143,1
16144,2
16145,2
16146,1
16147,0
16148,1
16149,1
16150,3
16151,1
16152,3
16153,2
16154,4
16155,0
16156,5
16157,4
16158,0
16159,6
16160,4
16161,1
16162,2
16163,0
16164,0
16165,1
16166,4
16167,5
16168,4
16169,1
16170,3
16171,4
16172,1
16173,4
16174,1
16175,2
16176,4
16177,2
16178,2
16179,3
16180,1
16181,0
16182,2
16183,2
16184,2
16185,5
16186,4
16187,6
16188,2
16189,1
16190,2
16191,0
16192,4
16193,1
16194,6
16195,5
16196,6
16197,4
16198,1
16199,1
16200,3
16201,1
16202,2
16203,2
16204,3
16205,2
16206,1
16207,2
16208,2
16209,3
16210,3
16211,3
16212,3
16213,4
16214,1
16215,4
16216,2
16217,2
16218,2
16219,0
16220,4
16221,4
16222,5
16223,4
16224,2
16225,1
16226,4
16227,4
16228,5
16229,2
16230,1
16231,1
16232,2
16233,3
16234,3
16235,0
16236,0
16237,1
16238,2
16239,2
16240,0
16241,3
16242,0
16243,3
16244,2
16245,1
16246,0
16247,2
16248,5
16249,5
16250,7
16251,3
16252,3
16253,0
16254,2
16255,3
16256,7
16257,1
16258,2
16259,1
16260,2
16261,5
16262,0
16263,4
16264,1
16265,1
16266,1
16267,3
16268,5
16269,3
16270,7
16271,3
16272,1
16273,1
16274,2
16275,0
16276,4
16277,1
16278,5
16279,2
16280,1
16281,2
16282,4
16283,1
16284,5
16285,1
16286,1
16287,0
16288,0
16289,1
16290,5
16291,2
16292,4
16293,3
16294,1
16295,4
16296,1
16297,0
16298,3
16299,4
16300,3
16301,5
16302,1
16303,2
16304,1
16305,3
16306,3
16307,5
16308,4
16309,4
16310,2
16311,2
16312,1
16313,4
16314,5
16315,1
16316,2
16317,1
16318,1
16319,8
16320,6
16321,6
16322,0
16323,2
16324,4
16325,6
16326,5
16327,2
16328,2
16329,2
16330,3
16331,1
16332,4
16333,4
16334,2
16335,2
16336,1
16337,2
16338,3
16339,3
16340,2
16341,1
16342,3
16343,3
16344,1
16345,1
16346,2
16347,5
16348,1
16349,3
16350,3
16351,4
16352,3
16353,0
16354,2
16355,2
16356,4
16357,0
16358,4
16359,0
16360,3
16361,2
16362,1
16363,4
16364,7
16365,3
16366,9
16367,1
16368,0
16369,5
16370,6
16371,6
16372,4
16373,0
16374,2
16375,2
16376,2
16377,1
16378,0
16379,0
16380,1
16381,1
16382,3
16383,0
16384,0
16385,0
16386,4
16387,1
16388,2
16389,2
16390,0
16391,2
16392,3
16393,2
16394,2
16395,3
16396,3
16397,4
16398,2
16399,0
16400,1
16401,1
16402,2
16403,1
16404,1
16405,5
16406,1
16407,2
16408,1
16409,2
16410,3
16411,1
16412,2
16413,2
16414,1
16415,3
16416,0
16417,2
16418,4
16419,2
16420,5
16421,2
16422,1
16423,1
16424,3
16425,1
16426,1
16427,1
16428,4
16429,1
16430,3
16431,3
16432,2
16433,4
16434,3
16435,1
16436,5
16437,1
16438,9
16439,0
16440,2
16441,3
16442,5
16443,1
16444,3
16445,1
16446,4
16447,2
16448,2
16449,1
16450,3
16451,3
16452,4
16453,4
16454,5
16455,3
16456,1
16457,4
16458,1
16459,2
16460,6
16461,2
16462,4
16463,5
16464,6
16465,2
16466,3
16467,3
16468,1
16469,2
16470,3
16471,1
16472,2
16473,1
16474,1
16475,1
16476,2
16477,2
16478,3
16479,3
16480,3
16481,3
16482,3
16483,3
16484,2
16485,2
16486,2
16487,4
16488,3
16489,3
16490,2
16491,0
16492,1
16493,1
16494,1
16495,3
16496,2
16497,1
16498,2
16499,2
16500,1
16501,2
16502,4
16503,2
16504,2
16505,2
16506,2
16507,1
16508,1
16509,1
16510,4
16511,1
16512,1
16513,1
16514,4
16515,0
16516,2
16517,2
16518,0
16519,1
16520,1
16521,4
16522,2
16523,1
16524,5
16525,3
16526,1
16527,6
16528,2
16529,3
16530,3
16531,2
16532,5
16533,3
16534,9
16535,6
16536,7
16537,2
16538,1
16539,1
16540,4
16541,1
16542,9
16543,2
16544,3
16545,2
16546,3
16547,2
16548,5
16549,3
16550,3
16551,3
16552,3
16553,1
16554,4
16555,3
16556,3
16557,0
16558,3
16559,2
16560,6
16561,1
16562,2
16563,1
16564,2
16565,1
16566,0
16567,3
16568,1
16569,1
16570,8
16571,0
16572,2
16573,1
16574,2
16575,1
16576,0
16577,2
16578,4
16579,5
16580,1
16581,1
16582,2
16583,3
16584,4
16585,3
16586,2
16587,0
16588,2
16589,0
16590,0
16591,2
16592,2
16593,1
16594,3
16595,8
16596,3
16597,5
16598,2
16599,1
16600,0
16601,2
16602,2
16603,3
16604,6
16605,1
16606,2
16607,3
16608,3
16609,2
16610,4
16611,1
16612,0
16613,5
16614,1
16615,4
16616,2
16617,1
16618,4
16619,4
16620,4
16621,3
16622,2
16623,7
16624,9
16625,1
16626,1
16627,2
16628,1
16629,4
16630,2
16631,2
16632,4
16633,4
16634,1
16635,3
16636,2
16637,2
16638,2
16639,2
16640,3
16641,0
16642,2
16643,2
16644,2
16645,4
16646,1
16647,2
16648,2
16649,2
16650,6
16651,2
16652,1
16653,2
16654,0
16655,3
16656,2
16657,1
16658,6
16659,2
16660,3
16661,2
16662,3
16663,0
16664,3
16665,2
16666,2
16667,6
16668,2
16669,3
16670,2
16671,2
16672,1
16673,1
16674,2
16675,2
16676,1
16677,5
16678,3
16679,2
16680,7
16681,2
16682,1
16683,5
16684,6
16685,2
16686,3
16687,2
16688,1
16689,2
16690,0
16691,1
16692,2
16693,3
16694,0
16695,1
16696,1
16697,5
16698,4
16699,4
16700,5
16701,1
16702,3
16703,3
16704,4
16705,0
16706,3
16707,2
16708,5
16709,1
16710,4
16711,0
16712,3
16713,4
16714,1
16715,2
16716,6
16717,4
16718,2
16719,2
16720,2
16721,2
16722,0
16723,4
16724,2
16725,1
16726,0
16727,1
16728,0
16729,1
16730,2
16731,3
16732,4
16733,1
16734,0
16735,2
16736,2
16737,1
16738,2
16739,1
16740,3
16741,3
16742,4
16743,3
16744,0
16745,3
16746,5
16747,2
16748,1
16749,1
16750,1
16751,2
16752,1
16753,1
16754,2
16755,0
16756,1
16757,1
16758,3
16759,1
16760,0
16761,2
16762,0
16763,2
16764,0
16765,0
16766,0
16767,2
16768,2
16769,2
16770,0
16771,1
16772,0
16773,3
16774,2
16775,2
16776,4
16777,1
16778,2
16779,4
16780,2
16781,3
16782,1
16783,0
16784,1
16785,3
16786,2
16787,0
16788,2
16789,3
16790,0
16791,0
16792,2
16793,3
16794,1
16795,1
16796,2
16797,1
16798,1
16799,0
16800,2
16801,0
16802,4
16803,0
16804,0
16805,1
16806,3
16807,2
16808,1
16809,2
16810,1
16811,1
16812,0
16813,0
16814,1
16815,2
16816,2
16817,1
16818,2
16819,1
16820,4
16821,1
16822,0
16823,0
16824,0
16825,1
16826,4
16827,0
16828,2
16829,3
16830,0
16831,2
16832,3
16833,3
16834,1
16835,5
16836,2
16837,4
16838,2
16839,2
16840,1
16841,6
16842,3
16843,3
16844,2
16845,1
16846,0
16847,4
16848,5
16849,4
16850,3
16851,2
16852,3
16853,4
16854,1
16855,1
16856,2
16857,2
16858,2
16859,2
16860,3
16861,0
16862,3
16863,0
16864,1
16865,1
16866,1
16867,1
16868,0
16869,0
16870,7
16871,3
16872,0
16873,2
16874,0
16875,1
16876,6
16877,2
16878,5
16879,1
16880,0
16881,1
16882,5
16883,2
16884,1
16885,1
16886,1
16887,3
16888,4
16889,1
16890,3
16891,1
16892,1
16893,1
16894,3
16895,3
16896,2
16897,1
16898,0
16899,1
16900,2
16901,4
16902,2
16903,2
16904,10
16905,3
16906,0
16907,5
16908,2
16909,4
16910,5
16911,6
16912,7
16913,6
16914,2
16915,1
16916,0
16917,3
16918,1
16919,1
16920,3
16921,3
16922,4
16923,1
16924,0
16925,2
16926,1
16927,1
16928,2
16929,6
16930,1
16931,1
16932,3
16933,2
16934,2
16935,9
16936,2
16937,0
16938,2
16939,1
16940,1
16941,1
16942,1
16943,4
16944,5
16945,3
16946,6
16947,0
16948,3
16949,3
16950,2
16951,5
16952,4
16953,2
16954,4
16955,2
16956,2
16957,4
16958,2
16959,3
16960,2
16961,0
16962,5
16963,0
16964,0
16965,1
16966,0
16967,1
16968,2
16969,2
16970,0
16971,0
16972,7
16973,1
16974,0
16975,0
16976,1
16977,0
16978,2
16979,2
16980,1
16981,3
16982,2
16983,4
16984,6
16985,3
16986,4
16987,8
16988,1
16989,7
16990,2
16991,7
16992,2
16993,6
16994,4
16995,5
16996,3
16997,5
16998,6
16999,0
17000,3
17001,3
17002,2
17003,3
17004,3
17005,3
17006,2
17007,3
17008,5
17009,3
17010,5
17011,1
17012,5
17013,2
17014,0
17015,5
17016,3
17017,4
17018,4
17019,1
17020,5
17021,2
17022,3
17023,2
17024,2
17025,2
17026,3
17027,2
17028,1
17029,1
17030,3
17031,1
17032,3
17033,4
17034,0
17035,1
17036,0
17037,1
17038,5
17039,3
17040,4
17041,1
17042,1
17043,3
17044,6
17045,1
17046,2
17047,3
17048,1
17049,1
17050,2
17051,4
17052,2
17053,3
17054,1
17055,6
17056,4
17057,0
17058,2
17059,4
17060,1
17061,1
17062,2
17063,0
17064,3
17065,2
17066,4
17067,3
17068,2
17069,1
17070,2
17071,2
17072,1
17073,0
17074,0
17075,4
17076,2
17077,4
17078,1
17079,2
17080,4
17081,3
17082,2
17083,2
17084,3
17085,0
17086,1
17087,0
17088,0
17089,3
17090,3
17091,6
17092,2
17093,3
17094,1
17095,0
17096,5
17097,5
17098,2
17099,7
17100,3
17101,2
17102,0
17103,1
17104,2
17105,0
17106,2
17107,5
17108,3
17109,0
17110,2
17111,1
17112,1
17113,7
17114,3
17115,1
17116,1
17117,2
17118,1
17119,0
17120,4
17121,2
17122,3
17123,9
17124,2
17125,2
17126,3
17127,3
17128,1
17129,2
17130,1
17131,3
17132,1
17133,10
17134,6
17135,3
17136,5
17137,1
17138,1
17139,4
17140,3
17141,2
17142,1
17143,3
17144,2
17145,5
17146,0
17147,2
17148,2
17149,1
17150,2
17151,3
17152,3
17153,4
17154,3
17155,8
17156,3
17157,0
17158,4
17159,2
17160,3
17161,2
17162,2
17163,2
17164,3
17165,3
17166,5
17167,0
17168,0
17169,0
17170,2
17171,2
17172,5
17173,2
17174,3
17175,2
17176,4
17177,2
17178,0
17179,2
17180,3
17181,3
17182,0
17183,2
17184,1
17185,0
17186,1
17187,2
17188,2
17189,3
17190,3
17191,2
17192,1
17193,4
17194,2
17195,0
17196,1
17197,1
17198,0
17199,2
17200,4
17201,5
17202,0
17203,3
17204,1
17205,4
17206,4
17207,2
17208,2
17209,1
17210,5
17211,0
17212,3
17213,2
17214,4
17215,2
17216,1
17217,3
17218,1
17219,0
17220,0
17221,1
17222,2
17223,4
17224,1
17225,1
17226,7
17227,1
17228,2
17229,2
17230,1
17231,5
17232,2
17233,4
17234,1
17235,0
17236,0
17237,2
17238,1
17239,0
17240,2
17241,3
17242,3
17243,3
17244,2
17245,0
17246,1
17247,4
17248,2
17249,0
17250,6
17251,3
17252,3
17253,2
17254,2
17255,1
17256,1
17257,0
17258,3
17259,2
17260,1
17261,4
17262,1
17263,1
17264,0
17265,2
17266,1
17267,0
17268,4
17269,1
17270,4
17271,1
17272,2
17273,3
17274,1
17275,1
17276,1
17277,2
17278,2
17279,1
17280,4
17281,4
17282,1
17283,3
17284,2
17285,4
17286,3
17287,3
17288,5
17289,3
17290,1
17291,2
17292,2
17293,1
17294,1
17295,4
17296,2
17297,2
17298,2
17299,2
17300,3
17301,3
17302,1
17303,2
17304,1
17305,2
17306,3
17307,6
17308,4
17309,7
17310,1
17311,2
17312,1
17313,2
17314,3
17315,4
17316,4
17317,3
17318,2
17319,4
17320,4
17321,1
17322,0
17323,1
17324,4
17325,0
17326,4
17327,1
17328,4
17329,5
17330,1
17331,0
17332,0
17333,2
17334,1
17335,1
17336,2
17337,1
17338,4
17339,2
17340,1
17341,2
17342,1
17343,2
17344,3
17345,4
17346,1
17347,3
17348,3
17349,7
17350,5
17351,5
17352,2
17353,3
17354,3
17355,2
17356,3
17357,1
17358,3
17359,4
17360,5
17361,4
17362,2
17363,1
17364,4
17365,2
17366,2
17367,4
17368,1
17369,6
17370,7
17371,7
17372,1
17373,4
17374,1
17375,3
17376,2
17377,1
17378,2
17379,3
17380,2
17381,0
17382,3
17383,1
17384,1
17385,1
17386,4
17387,0
17388,6
17389,2
17390,3
17391,2
17392,3
17393,5
17394,1
17395,3
17396,2
17397,1
17398,1
17399,1
17400,0
17401,3
17402,4
17403,2
17404,1
17405,0
17406,1
17407,3
17408,1
17409,3
17410,2
17411,1
17412,1
17413,0
17414,1
17415,5
17416,1
17417,2
17418,0
17419,2
17420,3
17421,4
17422,4
17423,2
17424,2
17425,5
17426,2
17427,2
17428,3
17429,1
17430,1
17431,3
17432,2
17433,5
17434,0
17435,2
17436,4
17437,2
17438,1
17439,3
17440,1
17441,2
17442,5
17443,3
17444,3
17445,1
17446,3
17447,1
17448,2
17449,4
17450,3
17451,4
17452,6
17453,2
17454,4
17455,4
17456,2
17457,1
17458,3
17459,5
17460,4
17461,1
17462,2
17463,2
17464,2
17465,4
17466,2
17467,4
17468,3
17469,2
17470,3
17471,2
17472,1
17473,3
17474,1
17475,2
17476,1
17477,3
17478,2
17479,0
17480,1
17481,0
17482,2
17483,8
17484,5
17485,3
17486,1
17487,4
17488,0
17489,4
17490,1
17491,2
17492,3
17493,3
17494,1
17495,1
17496,1
17497,2
17498,3
17499,1
17500,0
17501,2
17502,1
17503,1
17504,1
17505,3
17506,1
17507,1
17508,1
17509,2
17510,1
17511,0
17512,4
17513,4
17514,1
17515,2
17516,3
17517,1
17518,1
17519,5
17520,0
17521,3
17522,4
17523,1
17524,0
17525,4
17526,3
17527,2
17528,2
17529,2
17530,1
17531,6
17532,0
17533,2
17534,0
17535,2
17536,3
17537,3
17538,5
17539,2
17540,1
17541,2
17542,2
17543,4
17544,1
17545,2
17546,3
17547,0
17548,0
17549,1
17550,7
17551,2
17552,1
17553,2
17554,1
17555,2
17556,4
17557,4
17558,6
17559,3
17560,3
17561,1
17562,2
17563,2
17564,0
17565,1
17566,4
17567,1
17568,2
17569,0
17570,4
17571,4
17572,3
17573,3
17574,4
17575,2
17576,2
17577,2
17578,2
17579,0
17580,5
17581,1
17582,0
17583,1
17584,3
17585,4
17586,1
17587,1
17588,3
17589,1
17590,1
17591,5
17592,9
17593,0
17594,1
17595,3
17596,3
17597,1
17598,1
17599,1
17600,0
17601,2
17602,1
17603,3
17604,2
17605,3
17606,3
17607,4
17608,3
17609,2
17610,2
17611,0
17612,1
17613,5
17614,4
17615,1
17616,1
17617,3
17618,7
17619,6
17620,4
17621,6
17622,6
17623,3
17624,4
17625,5
17626,3
17627,6
17628,1
17629,2
17630,2
17631,4
17632,2
17633,1
17634,2
17635,2
17636,5
17637,2
17638,1
17639,1
17640,3
17641,3
17642,2
17643,1
17644,3
17645,3
17646,2
17647,2
17648,0
17649,1
17650,1
17651,3
17652,0
17653,4
17654,1
17655,4
17656,2
17657,3
17658,4
17659,1
17660,1
17661,5
17662,4
17663,2
17664,3
17665,1
17666,2
17667,3
17668,1
17669,6
17670,4
17671,4
17672,5
17673,3
17674,8
17675,8
17676,8
17677,3
17678,2
17679,1
17680,6
17681,3
17682,2
17683,6
17684,1
17685,0
17686,1
17687,2
17688,4
17689,3
17690,3
17691,4
17692,3
17693,4
17694,1
17695,0
17696,3
17697,3
17698,2
17699,6
17700,1
17701,2
17702,2
17703,1
17704,1
17705,1
17706,0
17707,0
17708,3
17709,2
17710,1
17711,0
17712,1
17713,4
17714,2
17715,0
17716,3
17717,3
17718,4
17719,3
17720,0
17721,2
17722,3
17723,1
17724,1
17725,0
17726,0
17727,2
17728,5
17729,1
17730,1
17731,2
17732,0
17733,2
17734,1
17735,1
17736,1
17737,2
17738,0
17739,3
17740,5
17741,2
17742,3
17743,2
17744,2
17745,1
17746,1
17747,1
17748,2
17749,5
17750,4
17751,2
17752,2
17753,4
17754,5
17755,1
17756,4
17757,5
17758,1
17759,6
17760,2
17761,0
17762,0
17763,4
17764,5
17765,4
17766,5
17767,2
17768,2
17769,4
17770,4
17771,0
17772,3
17773,4
17774,6
17775,2
17776,2
17777,2
17778,2
17779,3
17780,7
17781,2
17782,4
17783,1
17784,1
17785,1
17786,0
17787,3
17788,2
17789,9
17790,6
17791,1
17792,2
17793,1
17794,3
17795,5
17796,1
17797,4
17798,4
17799,3
17800,5
17801,0
17802,4
17803,3
17804,3
17805,8
17806,3
17807,2
17808,3
17809,4
17810,1
17811,0
17812,4
17813,5
17814,2
17815,3
17816,1
17817,3
17818,5
17819,3
17820,1
17821,2
17822,1
17823,5
17824,2
17825,2
17826,1
17827,1
17828,4
17829,4
17830,2
17831,2
17832,2
17833,0
17834,3
17835,3
17836,0
17837,2
17838,6
17839,5
17840,2
17841,2
17842,4
17843,0
17844,1
17845,3
17846,2
17847,1
17848,0
17849,6
17850,2
17851,8
17852,3
17853,3
17854,0
17855,0
17856,1
17857,2
17858,1
17859,2
17860,1
17861,6
17862,0
17863,3
17864,2
17865,1
17866,1
17867,2
17868,4
17869,1
17870,2
17871,0
17872,2
17873,2
17874,1
17875,0
17876,0
17877,2
17878,1
17879,1
17880,2
17881,0
17882,1
17883,3
17884,2
17885,6
17886,5
17887,3
17888,3
17889,2
17890,1
17891,3
17892,1
17893,2
17894,4
17895,3
17896,1
17897,1
17898,2
17899,1
17900,1
17901,0
17902,3
17903,1
17904,2
17905,2
17906,4
17907,2
17908,1
17909,4
17910,1
17911,0
17912,9
17913,3
17914,2
17915,1
17916,3
17917,2
17918,4
17919,4
17920,2
17921,5
17922,1
17923,1
17924,2
17925,2
17926,1
17927,4
17928,2
17929,1
17930,7
17931,4
17932,1
17933,2
17934,2
17935,1
17936,2
17937,6
17938,3
17939,3
17940,4
17941,11
17942,2
17943,6
17944,3
17945,0
17946,2
17947,0
17948,2
17949,1
17950,4
17951,1
17952,4
17953,6
17954,7
17955,2
17956,8
17957,6
17958,5
17959,3
17960,1
17961,3
17962,2
17963,4
17964,2
17965,3
17966,3
17967,1
17968,1
17969,1
17970,2
17971,5
17972,4
17973,2
17974,2
17975,1
17976,2
17977,0
17978,2
17979,2
17980,0
17981,3
17982,4
17983,3
17984,8
17985,1
17986,1
17987,0
17988,1
17989,3
17990,6
17991,0
17992,2
17993,2
17994,5
17995,2
17996,4
17997,4
17998,5
17999,5
18000,2
18001,3
18002,1
18003,3
18004,3
18005,1
18006,7
18007,2
18008,0
18009,2
18010,2
18011,2
18012,6
18013,5
18014,2
18015,5
18016,3
18017,1
18018,0
18019,2
18020,3
18021,5
18022,0
18023,2
18024,0
18025,3
18026,2
18027,0
18028,8
18029,2
18030,0
18031,2
18032,2
18033,3
18034,1
18035,0
18036,1
18037,1
18038,1
18039,3
18040,2
18041,0
18042,1
18043,2
18044,1
18045,4
18046,1
18047,0
18048,0
18049,2
18050,4
18051,1
18052,0
18053,3
18054,5
18055,2
18056,2
18057,2
18058,0
18059,1
18060,0
18061,1
18062,2
18063,0
18064,1
18065,1
18066,1
18067,2
18068,3
18069,2
18070,1
18071,3
18072,1
18073,2
18074,1
18075,2
18076,4
18077,4
18078,5
18079,1
18080,2
18081,3
18082,3
18083,1
18084,4
18085,2
18086,5
18087,1
18088,2
18089,2
18090,2
18091,5
18092,2
18093,5
18094,1
18095,3
18096,4
18097,2
18098,2
18099,1
18100,0
18101,3
18102,2
18103,1
18104,2
18105,0
18106,3
18107,6
18108,1
18109,1
18110,2
18111,1
18112,0
18113,3
18114,1
18115,0
18116,1
18117,2
18118,1
18119,0
18120,1
18121,0
18122,1
18123,4
18124,2
18125,2
18126,3
18127,1
18128,1
18129,3
18130,4
18131,3
18132,5
18133,5
18134,4
18135,3
18136,1
18137,1
18138,1
18139,3
18140,0
18141,1
18142,4
18143,0
18144,3
18145,2
18146,3
18147,0
18148,3
18149,3
18150,3
18151,1
18152,2
18153,0
18154,1
18155,1
18156,2
18157,0
18158,2
18159,1
18160,2
18161,3
18162,2
18163,3
18164,2
18165,4
18166,8
18167,1
18168,5
18169,2
18170,2
18171,1
18172,2
18173,2
18174,3
18175,1
18176,5
18177,2
18178,0
18179,4
18180,4
18181,0
18182,1
18183,1
18184,1
18185,7
18186,2
18187,1
18188,5
18189,4
18190,2
18191,2
18192,1
18193,3
18194,8
18195,3
18196,3
18197,2
18198,1
18199,1
18200,2
18201,0
18202,2
18203,3
18204,1
18205,0
18206,5
18207,2
18208,4
18209,1
18210,1
18211,3
18212,1
18213,4
18214,1
18215,6
18216,1
18217,1
18218,2
18219,1
18220,4
18221,5
18222,0
18223,5
18224,8
18225,1
18226,6
18227,3
18228,6
18229,1
18230,1
18231,3
18232,4
18233,4
18234,1
18235,0
18236,3
18237,4
18238,2
18239,0
18240,1
18241,3
18242,5
18243,4
18244,1
18245,2
18246,4
18247,3
18248,4
18249,6
18250,1
18251,4
18252,3
18253,5
18254,3
18255,1
18256,2
18257,5
18258,3
18259,0
18260,5
18261,2
18262,2
18263,2
18264,3
18265,3
18266,4
18267,4
18268,3
18269,3
18270,4
18271,0
18272,2
18273,1
18274,1
18275,2
18276,1
18277,0
18278,2
18279,4
18280,0
18281,6
18282,3
18283,9
18284,5
18285,6
18286,1
18287,4
18288,3
18289,4
18290,3
18291,3
18292,0
18293,1
18294,12
18295,4
18296,8
18297,1
18298,3
18299,1
18300,6
18301,3
18302,8
18303,21
18304,12
18305,5
18306,5
18307,3
18308,7
18309,4
18310,3
18311,8
18312,1
18313,2
18314,2
18315,2
18316,4
18317,2
18318,2
18319,3
18320,2
18321,5
18322,7
18323,0
18324,3
18325,4
18326,3
18327,2
18328,2
18329,3
18330,1
18331,2
18332,1
18333,4
18334,2
18335,2
18336,1
18337,3
18338,1
18339,2
18340,6
18341,2
18342,0
18343,7
18344,1
18345,1
18346,5
18347,7
18348,2
18349,1
18350,4
18351,2
18352,1
18353,1
18354,0
18355,3
18356,0
18357,2
18358,0
18359,0
18360,1
18361,1
18362,3
18363,2
18364,3
18365,1
18366,3
18367,4
18368,5
18369,0
18370,1
18371,2
18372,2
18373,2
18374,2
18375,0
18376,1
18377,1
18378,2
18379,3
18380,1
18381,2
18382,1
18383,0
18384,0
18385,1
18386,1
18387,2
18388,2
18389,2
18390,2
18391,2
18392,1
18393,1
18394,0
18395,2
18396,2
18397,3
18398,1
18399,1
18400,0
18401,2
18402,2
18403,0
18404,1
18405,1
18406,2
18407,8
18408,7
18409,5
18410,1
18411,4
18412,6
18413,2
18414,4
18415,0
18416,1
18417,1
18418,1
18419,0
18420,2
18421,2
18422,6
18423,4
18424,0
18425,1
18426,3
18427,2
18428,2
18429,2
18430,2
18431,2
18432,4
18433,2
18434,1
18435,0
18436,1
18437,2
18438,6
18439,2
18440,3
18441,1
18442,0
18443,6
18444,0
18445,3
18446,5
18447,3
18448,3
18449,5
18450,4
18451,3
18452,1
18453,3
18454,3
18455,3
18456,0
18457,0
18458,3
18459,3
18460,5
18461,3
18462,2
18463,1
18464,0
18465,2
18466,1
18467,1
18468,5
18469,1
18470,4
18471,0
18472,3
18473,1
18474,0
18475,1
18476,1
18477,3
18478,0
18479,1
18480,1
18481,2
18482,0
18483,4
18484,5
18485,3
18486,0
18487,2
18488,2
18489,3
18490,3
18491,0
18492,2
18493,1
18494,3
18495,1
18496,0
18497,0
18498,3
18499,0
18500,0
18501,1
18502,1
18503,2
18504,1
18505,2
18506,3
18507,3
18508,2
18509,1
18510,2
18511,10
18512,0
18513,5
18514,1
18515,4
18516,1
18517,0
18518,3
18519,4
18520,1
18521,1
18522,1
18523,1
18524,0
18525,13
18526,1
18527,2
18528,0
18529,2
18530,5
18531,3
18532,1
18533,0
18534,1
18535,1
18536,0
18537,5
18538,2
18539,3
18540,3
18541,0
18542,3
18543,2
18544,5
18545,1
18546,2
18547,4
18548,1
18549,2
18550,6
18551,2
18552,1
18553,1
18554,1
18555,13
18556,1
18557,2
18558,2
18559,2
18560,1
18561,3
18562,1
18563,3
18564,0
18565,4
18566,2
18567,3
18568,9
18569,18
18570,1
18571,2
18572,9
18573,2
18574,2
18575,1
18576,2
18577,0
18578,1
18579,2
18580,2
18581,1
18582,1
18583,4
18584,6
18585,1
18586,3
18587,0
18588,2
18589,2
18590,2
18591,0
18592,6
18593,2
18594,0
18595,2
18596,2
18597,5
18598,5
18599,1
18600,1
18601,0
18602,3
18603,3
18604,1
18605,3
18606,3
18607,0
18608,1
18609,1
18610,3
18611,1
18612,2
18613,2
18614,1
18615,1
18616,3
18617,0
18618,0
18619,2
18620,4
18621,2
18622,1
18623,0
18624,1
18625,1
18626,3
18627,0
18628,2
18629,2
18630,2
18631,4
18632,0
18633,6
18634,1
18635,2
18636,2
18637,2
18638,3
18639,1
18640,1
18641,4
18642,2
18643,2
18644,5
18645,3
18646,1
18647,1
18648,0
18649,4
18650,2
18651,2
18652,3
18653,2
18654,1
18655,3
18656,0
18657,5
18658,1
18659,2
18660,4
18661,3
18662,1
18663,0
18664,2
18665,2
18666,3
18667,3
18668,7
18669,1
18670,0
18671,0
18672,3
18673,3
18674,5
18675,1
18676,3
18677,2
18678,2
18679,2
18680,1
18681,6
18682,4
18683,2
18684,3
18685,3
18686,6
18687,0
18688,4
18689,2
18690,2
18691,0
18692,4
18693,10
18694,22
18695,11
18696,3
18697,2
18698,3
18699,2
18700,5
18701,3
18702,4
18703,3
18704,1
18705,4
18706,2
18707,2
18708,1
18709,5
18710,5
18711,2
18712,1
18713,5
18714,5
18715,3
18716,2
18717,4
18718,2
18719,11
18720,2
18721,3
18722,5
18723,2
18724,1
18725,3
18726,2
18727,0
18728,3
18729,6
18730,1
18731,7
18732,2
18733,3
18734,1
18735,2
18736,0
18737,0
18738,3
18739,1
18740,2
18741,4
18742,3
18743,1
18744,2
18745,0
18746,4
18747,7
18748,8
18749,2
18750,5
18751,2
18752,0
18753,3
18754,1
18755,4
18756,2
18757,7
18758,2
18759,1
18760,4
18761,3
18762,4
18763,0
18764,3
18765,2
18766,17
18767,2
18768,4
18769,6
18770,5
18771,2
18772,3
18773,2
18774,6
18775,2
18776,2
18777,4
18778,1
18779,4
18780,0
18781,4
18782,2
18783,1
18784,0
18785,2
18786,4
18787,1
18788,3
18789,2
18790,2
18791,2
18792,2
18793,3
18794,2
18795,11
18796,4
18797,1
18798,5
18799,0
18800,1
18801,5
18802,8
18803,0
18804,1
18805,6
18806,2
18807,4
18808,4
18809,5
18810,2
18811,0
18812,1
18813,2
18814,5
18815,1
18816,2
18817,3
18818,8
18819,4
18820,6
18821,4
18822,7
18823,4
18824,3
18825,2
18826,2
18827,2
18828,2
18829,3
18830,5
18831,1
18832,1
18833,4
18834,1
18835,3
18836,2
18837,1
18838,2
18839,2
18840,3
18841,2
18842,1
18843,1
18844,1
18845,1
18846,1
18847,4
18848,3
18849,4
18850,0
18851,2
18852,3
18853,0
18854,1
18855,0
18856,2
18857,2
18858,5
18859,1
18860,4
18861,1
18862,5
18863,2
18864,1
18865,4
18866,4
18867,4
18868,4
18869,1
18870,1
18871,4
18872,1
18873,2
18874,2
18875,5
18876,1
18877,8
18878,1
18879,4
18880,2
18881,6
18882,8
18883,3
18884,2
18885,0
18886,0
18887,2
18888,1
18889,1
18890,1
18891,1
18892,0
18893,3
18894,1
18895,5
18896,3
18897,2
18898,3
18899,4
18900,2
18901,4
18902,0
18903,3
18904,3
18905,3
18906,6
18907,4
18908,4
18909,1
18910,3
18911,6
18912,4
18913,4
18914,2
18915,1
18916,0
18917,4
18918,5
18919,4
18920,1
18921,2
18922,1
18923,1
18924,0
18925,0
18926,0
18927,5
18928,3
18929,0
18930,2
18931,2
18932,0
18933,7
18934,0
18935,3
18936,4
18937,4
18938,4
18939,1
18940,3
18941,2
18942,2
18943,3
18944,4
18945,3
18946,2
18947,6
18948,4
18949,3
18950,7
18951,9
18952,1
18953,7
18954,7
18955,4
18956,2
18957,2
18958,2
18959,3
18960,0
18961,1
18962,1
18963,3
18964,3
18965,3
18966,0
18967,6
18968,4
18969,5
18970,1
18971,4
18972,2
18973,3
18974,1
18975,0
18976,0
18977,1
18978,2
18979,1
18980,3
18981,0
18982,1
18983,6
18984,2
18985,2
18986,1
18987,3
18988,4
18989,3
18990,3
18991,3
18992,1
18993,1
18994,0
18995,1
18996,2
18997,0
18998,0
18999,6
19000,3
19001,2
19002,3
19003,2
19004,1
19005,4
19006,3
19007,3
19008,11
19009,6
19010,2
19011,1
19012,1
19013,3
19014,4
19015,0
19016,2
19017,2
19018,3
19019,4
19020,5
19021,2
19022,5
19023,1
19024,0
19025,2
19026,3
19027,6
19028,2
19029,4
19030,0
19031,2
19032,0
19033,2
19034,20
19035,37
19036,3
19037,2
19038,0
19039,0
19040,1
19041,4
19042,2
19043,1
19044,1
19045,5
19046,5
19047,3
19048,2
19049,2
19050,1
19051,3
19052,2
19053,4
19054,3
19055,2
19056,1
19057,1
19058,2
19059,1
19060,1
19061,1
19062,4
19063,4
19064,0
19065,0
19066,3
19067,1
19068,1
19069,0
19070,3
19071,1
19072,1
19073,2
19074,1
19075,0
19076,2
19077,1
19078,3
19079,0
19080,2
19081,1
19082,3
19083,0
19084,1
19085,0
19086,2
19087,0
19088,0
19089,0
19090,1
19091,1
19092,2
19093,0
19094,6
19095,1
19096,2
19097,1
19098,3
19099,2
19100,1
19101,0
19102,3
19103,0
19104,2
19105,0
19106,0
19107,1
19108,2
19109,2
19110,2
19111,7
19112,2
19113,8
19114,2
19115,1
19116,1
19117,2
19118,1
19119,1
19120,2
19121,0
19122,3
19123,4
19124,1
19125,1
19126,1
19127,1
19128,2
19129,5
19130,2
19131,5
19132,1
19133,2
19134,1
19135,1
19136,0
19137,1
19138,3
19139,2
19140,1
19141,5
19142,1
19143,3
19144,1
19145,2
19146,0
19147,0
19148,1
19149,0
19150,2
19151,2
19152,2
19153,4
19154,0
19155,1
19156,2
19157,4
19158,3
19159,2
19160,3
19161,0
19162,0
19163,3
19164,1
19165,2
19166,1
19167,3
19168,1
19169,1
19170,3
19171,3
19172,3
19173,1
19174,3
19175,4
19176,1
19177,3
19178,1
19179,2
19180,2
19181,0
19182,1
19183,4
19184,1
19185,3
19186,3
19187,3
19188,2
19189,3
19190,0
19191,1
19192,8
19193,2
19194,0
19195,2
19196,0
19197,4
19198,1
19199,0
19200,1
19201,4
19202,3
19203,1
19204,2
19205,1
19206,2
19207,0
19208,0
19209,0
19210,1
19211,2
19212,0
19213,0
19214,3
19215,9
19216,3
19217,1
19218,7
19219,1
19220,2
19221,1
19222,3
19223,1
19224,2
19225,8
19226,1
19227,2
19228,3
19229,2
19230,5
19231,3
19232,1
19233,0
19234,1
19235,2
19236,3
19237,3
19238,2
19239,5
19240,1
19241,3
19242,2
19243,2
19244,5
19245,2
19246,1
19247,1
19248,4
19249,3
19250,1
19251,3
19252,5
19253,0
19254,1
19255,1
19256,2
19257,4
19258,1
19259,1
19260,3
19261,1
19262,2
19263,3
19264,1
19265,1
19266,6
19267,1
19268,5
19269,6
19270,1
19271,1
19272,2
19273,2
19274,1
19275,3
19276,1
19277,1
19278,0
19279,1
19280,2
19281,2
19282,2
19283,1
19284,1
19285,2
19286,1
19287,1
19288,1
19289,1
19290,3
19291,3
19292,3
19293,1
19294,2
19295,1
19296,0
19297,0
19298,0
19299,1
19300,3
19301,5
19302,0
19303,1
19304,2
19305,1
19306,1
19307,3
19308,3
19309,6
19310,1
19311,1
19312,1
19313,1
19314,0
19315,7
19316,1
19317,1
19318,2
19319,1
19320,1
19321,0
19322,3
19323,3
19324,2
19325,8
19326,11
19327,6
19328,1
19329,2
19330,1
19331,9
19332,2
19333,1
19334,3
19335,4
19336,1
19337,6
19338,4
19339,6
19340,1
19341,4
19342,4
19343,4
19344,2
19345,0
19346,2
19347,1
19348,1
19349,3
19350,2
19351,3
19352,0
19353,1
19354,2
19355,0
19356,1
19357,3
19358,5
19359,4
19360,1
19361,0
19362,1
19363,2
19364,3
19365,3
19366,0
19367,2
19368,1
19369,0
19370,0
19371,0
19372,8
19373,1
19374,0
19375,4
19376,3
19377,1
19378,4
19379,2
19380,2
19381,2
19382,2
19383,3
19384,2
19385,0
19386,2
19387,3
19388,0
19389,8
19390,6
19391,3
19392,1
19393,2
19394,0
19395,1
19396,1
19397,3
19398,0
19399,0
19400,2
19401,1
19402,4
19403,3
19404,3
19405,3
19406,0
19407,1
19408,1
19409,1
19410,2
19411,4
19412,1
19413,1
19414,2
19415,4
19416,0
19417,2
19418,2
19419,3
19420,0
19421,2
19422,5
19423,4
19424,8
19425,1
19426,2
19427,3
19428,3
19429,1
19430,3
19431,4
19432,2
19433,4
19434,1
19435,2
19436,3
19437,2
19438,4
19439,4
19440,0
19441,2
19442,0
19443,2
19444,3
19445,5
19446,3
19447,8
19448,2
19449,6
19450,2
19451,4
19452,2
19453,4
19454,4
19455,4
19456,1
19457,5
19458,1
19459,1
19460,2
19461,1
19462,2
19463,1
19464,4
19465,1
19466,3
19467,2
19468,0
19469,1
19470,1
19471,2
19472,1
19473,3
19474,5
19475,2
19476,1
19477,1
19478,0
19479,4
19480,0
19481,2
19482,2
19483,1
19484,1
19485,2
19486,1
19487,3
19488,3
19489,4
19490,1
19491,2
19492,2
19493,12
19494,0
19495,3
19496,11
19497,11
19498,2
19499,1
19500,4
19501,3
19502,3
19503,4
19504,6
19505,2
19506,1
19507,4
19508,0
19509,1
19510,1
19511,1
19512,4
19513,4
19514,2
19515,0
19516,3
19517,1
19518,3
19519,4
19520,2
19521,2
19522,0
19523,1
19524,2
19525,2
19526,0
19527,1
19528,6
19529,1
19530,9
19531,3
19532,1
19533,5
19534,1
19535,2
19536,1
19537,3
19538,0
19539,1
19540,1
19541,4
19542,1
19543,1
19544,1
19545,2
19546,1
19547,1
19548,1
19549,2
19550,1
19551,2
19552,2
19553,2
19554,2
19555,2
19556,0
19557,0
19558,1
19559,0
19560,2
19561,2
19562,0
19563,0
19564,1
19565,1
19566,0
19567,1
19568,0
19569,0
19570,7
19571,1
19572,1
19573,2
19574,2
19575,3
19576,0
19577,1
19578,4
19579,1
19580,1
19581,4
19582,1
19583,1
19584,4
19585,0
19586,2
19587,0
19588,0
19589,1
19590,1
19591,1
19592,2
19593,2
19594,0
19595,3
19596,4
19597,2
19598,1
19599,1
19600,4
19601,0
19602,3
19603,4
19604,2
19605,2
19606,6
19607,4
19608,3
19609,1
19610,1
19611,0
19612,2
19613,8
19614,4
19615,0
19616,1
19617,3
19618,1
19619,0
19620,0
19621,0
19622,0
19623,3
19624,4
19625,0
19626,3
19627,0
19628,0
19629,3
19630,1
19631,2
19632,3
19633,5
19634,3
19635,1
19636,1
19637,0
19638,2
19639,2
19640,0
19641,8
19642,2
19643,0
19644,1
19645,2
19646,1
19647,11
19648,1
19649,1
19650,1
19651,0
19652,1
19653,1
19654,5
19655,6
19656,3
19657,5
19658,12
19659,5
19660,3
19661,1
19662,3
19663,1
19664,1
19665,1
19666,4
19667,3
19668,2
19669,1
19670,3
19671,2
19672,3
19673,7
19674,4
19675,4
19676,2
19677,1
19678,4
19679,2
19680,4
19681,0
19682,7
19683,2
19684,2
19685,2
19686,3
19687,5
19688,0
19689,2
19690,3
19691,6
19692,4
19693,2
19694,4
19695,1
19696,1
19697,2
19698,2
19699,2
19700,1
19701,3
19702,1
19703,2
19704,2
19705,2
19706,2
19707,0
19708,1
19709,0
19710,2
19711,2
19712,2
19713,1
19714,3
19715,2
19716,11
19717,2
19718,2
19719,1
19720,2
19721,1
19722,2
19723,1
19724,4
19725,4
19726,1
19727,2
19728,1
19729,7
19730,3
19731,3
19732,1
19733,0
19734,1
19735,1
19736,1
19737,1
19738,1
19739,1
19740,1
19741,6
19742,3
19743,1
19744,0
19745,4
19746,0
19747,4
19748,5
19749,2
19750,4
19751,3
19752,2
19753,1
19754,1
19755,1
19756,1
19757,4
19758,4
19759,2
19760,3
19761,5
19762,1
19763,4
19764,3
19765,6
19766,2
19767,0
19768,3
19769,2
19770,3
19771,0
19772,2
19773,8
19774,6
19775,4
19776,5
19777,2
19778,3
19779,6
19780,6
19781,4
19782,1
19783,1
19784,1
19785,6
19786,3
19787,2
19788,2
19789,2
19790,1
19791,1
19792,5
19793,7
19794,1
19795,3
19796,1
19797,1
19798,4
19799,7
19800,1
19801,1
19802,0
19803,1
19804,4
19805,2
19806,0
19807,6
19808,5
19809,2
19810,7
19811,3
19812,3
19813,13
19814,1
19815,2
19816,3
19817,1
19818,3
19819,2
19820,2
19821,1
19822,1
19823,1
19824,1
19825,0
19826,2
19827,0
19828,5
19829,1
19830,5
19831,2
19832,2
19833,4
19834,0
19835,1
19836,4
19837,2
19838,1
19839,3
19840,1
19841,2
19842,5
19843,2
19844,4
19845,2
19846,3
19847,2
19848,2
19849,4
19850,3
19851,1
19852,9
19853,4
19854,2
19855,8
19856,6
19857,2
19858,1
19859,2
19860,5
19861,3
19862,5
19863,0
19864,3
19865,3
19866,2
19867,7
19868,2
19869,3
19870,2
19871,2
19872,4
19873,4
19874,2
19875,2
19876,1
19877,2
19878,0
19879,3
19880,3
19881,1
19882,2
19883,5
19884,5
19885,4
19886,1
19887,1
19888,1
19889,1
19890,0
19891,0
19892,3
19893,1
19894,2
19895,4
19896,8
19897,2
19898,1
19899,1
19900,2
19901,5
19902,0
19903,1
19904,2
19905,0
19906,2
19907,1
19908,0
19909,1
19910,0
19911,4
19912,4
19913,2
19914,3
19915,2
19916,1
19917,1
19918,1
19919,2
19920,3
19921,1
19922,0
19923,0
19924,2
19925,0
19926,3
19927,2
19928,1
19929,1
19930,3
19931,1
19932,3
19933,5
19934,0
19935,3
19936,1
19937,3
19938,2
19939,1
19940,0
19941,2
19942,1
19943,0
19944,1
19945,0
19946,6
19947,0
19948,3
19949,1
19950,1
19951,1
19952,3
19953,8
19954,6
19955,3
19956,4
19957,2
19958,1
19959,3
19960,2
19961,2
19962,4
19963,5
19964,3
19965,1
19966,1
19967,5
19968,4
19969,1
19970,7
19971,1
19972,0
19973,1
19974,1
19975,2
19976,3
19977,1
19978,0
19979,0
19980,2
19981,1
19982,2
19983,0
19984,2
19985,0
19986,1
19987,1
19988,1
19989,3
19990,0
19991,4
19992,1
19993,2
19994,4
19995,0
19996,2
19997,1
19998,1
19999,1
20000,3
20001,2
20002,5
20003,6
20004,3
20005,1
20006,2
20007,2
20008,3
20009,4
20010,2
20011,3
20012,0
20013,2
20014,2
20015,1
20016,4
20017,0
20018,3
20019,4
20020,2
20021,3
20022,2
20023,0
20024,3
20025,3
20026,4
20027,0
20028,1
20029,2
20030,1
20031,1
20032,1
20033,1
20034,0
20035,0
20036,2
20037,3
20038,4
20039,2
20040,3
20041,2
20042,4
20043,2
20044,2
20045,0
20046,4
20047,3
20048,1
20049,1
20050,3
20051,2
20052,2
20053,1
20054,2
20055,0
20056,1
20057,2
20058,1
20059,2
20060,2
20061,0
20062,5
20063,1
20064,4
20065,5
20066,4
20067,2
20068,3
20069,6
20070,1
20071,3
20072,9
20073,3
20074,2
20075,2
20076,1
20077,3
20078,4
20079,3
20080,3
20081,0
20082,1
20083,2
20084,0
20085,1
20086,0
20087,0
20088,3
20089,3
20090,2
20091,3
20092,3
20093,2
20094,1
20095,3
20096,3
20097,1
20098,2
20099,1
20100,1
20101,1
20102,2
20103,2
20104,1
20105,1
20106,2
20107,1
20108,0
20109,1
20110,3
20111,6
20112,1
20113,2
20114,5
20115,2
20116,4
20117,3
20118,5
20119,2
20120,1
20121,0
20122,5
20123,4
20124,1
20125,2
20126,0
20127,1
20128,2
20129,3
20130,2
20131,2
20132,5
20133,3
20134,4
20135,0
20136,2
20137,1
20138,3
20139,1
20140,2
20141,1
20142,3
20143,0
20144,0
20145,1
20146,1
20147,1
20148,1
20149,2
20150,2
20151,1
20152,2
20153,0
20154,2
20155,5
20156,4
20157,2
20158,3
20159,0
20160,1
20161,3
20162,4
20163,2
20164,2
20165,3
20166,1
20167,2
20168,3
20169,1
20170,0
20171,1
20172,0
20173,1
20174,4
20175,2
20176,7
20177,1
20178,1
20179,0
20180,2
20181,2
20182,2
20183,0
20184,0
20185,3
20186,1
20187,1
20188,1
20189,1
20190,1
20191,2
20192,0
20193,0
20194,2
20195,0
20196,1
20197,2
20198,2
20199,0
20200,2
20201,5
20202,3
20203,3
20204,0
20205,0
20206,2
20207,3
20208,2
20209,2
20210,1
20211,0
20212,3
20213,1
20214,0
20215,2
20216,3
20217,2
20218,4
20219,4
20220,4
20221,2
20222,1
20223,1
20224,2
20225,1
20226,4
20227,8
20228,0
20229,0
20230,2
20231,6
20232,0
20233,1
20234,1
20235,1
20236,1
20237,0
20238,1
20239,1
20240,3
20241,3
20242,1
20243,0
20244,1
20245,1
20246,3
20247,2
20248,6
20249,1
20250,1
20251,2
20252,1
20253,2
20254,1
20255,0
20256,4
20257,3
20258,1
20259,3
20260,2
20261,0
20262,1
20263,1
20264,2
20265,4
20266,2
20267,2
20268,0
20269,7
20270,0
20271,1
20272,1
20273,1
20274,2
20275,2
20276,2
20277,2
20278,3
20279,2
20280,0
20281,2
20282,3
20283,2
20284,1
20285,1
20286,3
20287,3
20288,1
20289,5
20290,2
20291,3
20292,3
20293,4
20294,0
20295,1
20296,3
20297,3
20298,4
20299,2
20300,0
20301,3
20302,1
20303,1
20304,1
20305,0
20306,2
20307,2
20308,5
20309,3
20310,2
20311,0
20312,0
20313,0
20314,1
20315,0
20316,5
20317,1
20318,1
20319,1
20320,0
20321,2
20322,1
20323,3
20324,0
20325,1
20326,0
20327,1
20328,3
20329,5
20330,12
20331,2
20332,4
20333,2
20334,6
20335,3
20336,3
20337,2
20338,2
20339,4
20340,2
20341,6
20342,1
20343,1
20344,0
20345,4
20346,1
20347,0
20348,2
20349,4
20350,1
20351,2
20352,3
20353,0
20354,3
20355,3
20356,3
20357,2
20358,2
20359,2
20360,2
20361,0
20362,1
20363,1
20364,3
20365,0
20366,3
20367,3
20368,4
20369,1
20370,2
20371,5
20372,1
20373,0
20374,0
20375,1
20376,2
20377,1
20378,4
20379,0
20380,1
20381,2
20382,2
20383,1
20384,5
20385,0
20386,1
20387,4
20388,1
20389,2
20390,1
20391,5
20392,2
20393,0
20394,3
20395,2
20396,0
20397,2
20398,1
20399,5
20400,3
20401,1
20402,3
20403,1
20404,1
20405,1
20406,2
20407,5
20408,1
20409,0
20410,3
20411,0
20412,1
20413,6
20414,3
20415,7
20416,1
20417,2
20418,5
20419,9
20420,4
20421,7
20422,2
20423,2
20424,3
20425,0
20426,8
20427,3
20428,1
20429,2
20430,1
20431,3
20432,1
20433,0
20434,0
20435,0
20436,0
20437,2
20438,2
20439,7
20440,5
20441,6
20442,2
20443,0
20444,1
20445,2
20446,0
20447,4
20448,2
20449,1
20450,2
20451,1
20452,1
20453,2
20454,3
20455,2
20456,1
20457,6
20458,2
20459,1
20460,2
20461,2
20462,2
20463,2
20464,1
20465,0
20466,2
20467,0
20468,4
20469,2
20470,2
20471,4
20472,6
20473,3
20474,2
20475,6
20476,1
20477,6
20478,4
20479,3
20480,1
20481,1
20482,1
20483,3
20484,5
20485,4
20486,2
20487,5
20488,4
20489,1
20490,4
20491,3
20492,2
20493,4
20494,3
20495,2
20496,2
20497,2
20498,5
20499,2
20500,3
20501,1
20502,0
20503,1
20504,1
20505,4
20506,4
20507,2
20508,2
20509,0
20510,2
20511,1
20512,3
20513,1
20514,1
20515,0
20516,2
20517,5
20518,1
20519,0
20520,1
20521,0
20522,1
20523,1
20524,2
20525,3
20526,2
20527,2
20528,5
20529,3
20530,3
20531,1
20532,2
20533,0
20534,2
20535,2
20536,5
20537,2
20538,2
20539,7
20540,1
20541,4
20542,0
20543,2
20544,1
20545,0
20546,2
20547,0
20548,2
20549,0
20550,1
20551,1
20552,4
20553,3
20554,3
20555,2
20556,2
20557,1
20558,0
20559,5
20560,0
20561,1
20562,0
20563,6
20564,1
20565,3
20566,6
20567,2
20568,2
20569,0
20570,6
20571,3
20572,2
20573,1
20574,4
20575,2
20576,1
20577,2
20578,9
20579,1
20580,1
20581,3
20582,0
20583,2
20584,4
20585,3
20586,2
20587,0
20588,7
20589,13
20590,4
20591,2
20592,1
20593,2
20594,2
20595,2
20596,1
20597,0
20598,1
20599,12
20600,5
20601,2
20602,2
20603,2
20604,0
20605,1
20606,5
20607,4
20608,4
20609,3
20610,8
20611,4
20612,4
20613,7
20614,3
20615,2
20616,1
20617,8
20618,3
20619,4
20620,3
20621,4
20622,4
20623,7
20624,5
20625,0
20626,1
20627,1
20628,4
20629,5
20630,0
20631,4
20632,2
20633,0
20634,1
20635,2
20636,7
20637,2
20638,6
20639,8
20640,7
20641,2
20642,0
20643,1
20644,2
20645,5
20646,2
20647,1
20648,2
20649,1
20650,1
20651,4
20652,5
20653,4
20654,0
20655,1
20656,2
20657,0
20658,1
20659,0
20660,0
20661,1
20662,1
20663,3
20664,1
20665,0
20666,1
20667,3
20668,4
20669,2
20670,3
20671,4
20672,2
20673,2
20674,2
20675,5
20676,1
20677,4
20678,2
20679,2
20680,5
20681,2
20682,1
20683,3
20684,1
20685,1
20686,0
20687,2
20688,1
20689,4
20690,7
20691,1
20692,3
20693,3
20694,1
20695,2
20696,1
20697,2
20698,3
20699,0
20700,4
20701,8
20702,3
20703,3
20704,7
20705,5
20706,3
20707,4
20708,1
20709,2
20710,6
20711,2
20712,6
20713,2
20714,6
20715,5
20716,2
20717,3
20718,2
20719,5
20720,6
20721,0
20722,1
20723,2
20724,0
20725,4
20726,6
20727,2
20728,2
20729,4
20730,3
20731,2
20732,3
20733,3
20734,3
20735,3
20736,2
20737,1
20738,1
20739,2
20740,2
20741,1
20742,6
20743,9
20744,0
20745,3
20746,2
20747,3
20748,3
20749,4
20750,3
20751,2
20752,0
20753,0
20754,3
20755,0
20756,1
20757,2
20758,0
20759,3
20760,2
20761,2
20762,1
20763,5
20764,3
20765,5
20766,4
20767,1
20768,2
20769,1
20770,2
20771,2
20772,2
20773,5
20774,1
20775,3
20776,5
20777,0
20778,3
20779,2
20780,5
20781,2
20782,2
20783,0
20784,1
20785,1
20786,1
20787,1
20788,4
20789,0
20790,2
20791,2
20792,2
20793,2
20794,1
20795,1
20796,0
20797,1
20798,3
20799,4
20800,4
20801,1
20802,4
20803,2
20804,1
20805,0
20806,2
20807,0
20808,2
20809,1
20810,1
20811,3
20812,2
20813,0
20814,1
20815,7
20816,2
20817,2
20818,0
20819,0
20820,0
20821,2
20822,2
20823,2
20824,2
20825,3
20826,0
20827,3
20828,2
20829,2
20830,2
20831,3
20832,2
20833,1
20834,4
20835,0
20836,2
20837,1
20838,4
20839,2
20840,4
20841,2
20842,2
20843,4
20844,1
20845,0
20846,2
20847,1
20848,3
20849,0
20850,2
20851,1
20852,0
20853,2
20854,4
20855,3
20856,2
20857,1
20858,1
20859,1
20860,1
20861,1
20862,3
20863,3
20864,1
20865,1
20866,1
20867,1
20868,1
20869,1
20870,3
20871,6
20872,1
20873,0
20874,5
20875,1
20876,1
20877,3
20878,2
20879,2
20880,1
20881,1
20882,1
20883,0
20884,6
20885,1
20886,2
20887,3
20888,1
20889,1
20890,2
20891,3
20892,0
20893,2
20894,1
20895,0
20896,2
20897,0
20898,0
20899,2
20900,5
20901,1
20902,0
20903,1
20904,2
20905,1
20906,1
20907,2
20908,0
20909,0
20910,2
20911,2
20912,1
20913,0
20914,2
20915,0
20916,1
20917,1
20918,1
20919,1
20920,3
20921,2
20922,1
20923,2
20924,2
20925,5
20926,3
20927,1
20928,2
20929,3
20930,3
20931,1
20932,1
20933,3
20934,1
20935,3
20936,1
20937,3
20938,0
20939,2
20940,1
20941,0
20942,1
20943,1
20944,1
20945,0
20946,1
20947,0
20948,1
20949,4
20950,1
20951,3
20952,6
20953,1
20954,4
20955,1
20956,0
20957,1
20958,0
20959,0
20960,2
20961,0
20962,5
20963,2
20964,2
20965,1
20966,2
20967,0
20968,2
20969,4
20970,2
20971,3
20972,3
20973,2
20974,0
20975,4
20976,1
20977,2
20978,1
20979,1
20980,5
20981,2
20982,2
20983,1
20984,5
20985,1
20986,1
20987,1
20988,2
20989,2
20990,3
20991,1
20992,2
20993,2
20994,2
20995,1
20996,2
20997,1
20998,1
20999,1
21000,1
21001,4
21002,0
21003,1
21004,1
21005,0
21006,1
21007,2
21008,1
21009,1
21010,1
21011,0
21012,3
21013,1
21014,1
21015,2
21016,5
21017,2
21018,1
21019,0
21020,2
21021,1
21022,1
21023,2
21024,1
21025,0
21026,0
21027,2
21028,3
21029,4
21030,2
21031,3
21032,2
21033,2
21034,1
21035,0
21036,0
21037,1
21038,2
21039,0
21040,0
21041,1
21042,3
21043,0
21044,3
21045,4
21046,0
21047,1
21048,1
21049,1
21050,0
21051,0
21052,2
21053,1
21054,5
21055,2
21056,3
21057,2
21058,0
21059,2
21060,2
21061,3
21062,4
21063,1
21064,1
21065,3
21066,2
21067,0
21068,0
21069,0
21070,0
21071,0
21072,1
21073,1
21074,0
21075,3
21076,0
21077,2
21078,1
21079,1
21080,1
21081,0
21082,0
21083,1
21084,2
21085,1
21086,3
21087,1
21088,4
21089,2
21090,3
21091,4
21092,2
21093,3
21094,3
21095,1
21096,1
21097,1
21098,2
21099,1
21100,2
21101,5
21102,2
21103,1
21104,2
21105,2
21106,1
21107,0
21108,2
21109,1
21110,1
21111,3
21112,3
21113,0
21114,3
21115,1
21116,1
21117,0
21118,3
21119,1
21120,2
21121,2
21122,1
21123,2
21124,3
21125,1
21126,4
21127,1
21128,2
21129,3
21130,1
21131,1
21132,4
21133,0
21134,1
21135,1
21136,1
21137,1
21138,3
21139,4
21140,3
21141,5
21142,1
21143,4
21144,0
21145,2
21146,1
21147,2
21148,2
21149,4
21150,2
21151,0
21152,0
21153,2
21154,1
21155,2
21156,1
21157,1
21158,2
21159,0
21160,1
21161,1
21162,3
21163,2
21164,3
21165,5
21166,2
21167,3
21168,1
21169,4
21170,1
21171,1
21172,1
21173,1
21174,4
21175,3
21176,0
21177,3
21178,2
21179,3
21180,2
21181,1
21182,1
21183,0
21184,1
21185,2
21186,3
21187,2
21188,0
21189,2
21190,1
21191,1
21192,1
21193,3
21194,0
21195,2
21196,2
21197,3
21198,4
21199,1
21200,3
21201,4
21202,0
21203,1
21204,1
21205,3
21206,3
21207,1
21208,3
21209,1
21210,0
21211,1
21212,2
21213,3
21214,2
21215,2
21216,1
21217,3
21218,3
21219,2
21220,1
21221,2
21222,2
21223,2
21224,0
21225,2
21226,2
21227,1
21228,1
21229,2
21230,0
21231,0
21232,2
21233,1
21234,0
21235,5
21236,1
21237,0
21238,2
21239,3
21240,0
21241,2
21242,1
21243,3
21244,2
21245,2
21246,0
21247,0
21248,5
21249,2
21250,0
21251,1
21252,1
21253,3
21254,0
21255,1
21256,3
21257,5
21258,0
21259,2
21260,9
21261,3
21262,2
21263,1
21264,2
21265,4
21266,1
21267,0
21268,2
21269,2
21270,6
21271,1
21272,0
21273,6
21274,3
21275,2
21276,1
21277,1
21278,13
21279,2
21280,2
21281,5
21282,1
21283,6
21284,2
21285,2
21286,1
21287,6
21288,2
21289,3
21290,1
21291,5
21292,2
21293,2
21294,4
21295,2
21296,3
21297,2
21298,5
21299,3
21300,0
21301,3
21302,6
21303,1
21304,0
21305,1
21306,1
21307,1
21308,4
21309,2
21310,4
21311,0
21312,0
21313,4
21314,1
21315,4
21316,2
21317,1
21318,1
21319,0
21320,2
21321,1
21322,0
21323,5
21324,2
21325,2
21326,2
21327,2
21328,2
21329,4
21330,1
21331,2
21332,2
21333,0
21334,2
21335,4
21336,1
21337,1
21338,2
21339,2
21340,2
21341,1
21342,1
21343,2
21344,1
21345,1
21346,0
21347,3
21348,0
21349,3
21350,1
21351,1
21352,2
21353,1
21354,6
21355,4
21356,2
21357,1
21358,2
21359,1
21360,0
21361,0
21362,2
21363,1
21364,1
21365,2
21366,2
21367,3
21368,1
21369,3
21370,1
21371,1
21372,0
21373,1
21374,0
21375,2
21376,2
21377,1
21378,5
21379,3
21380,2
21381,4
21382,3
21383,0
21384,2
21385,1
21386,0
21387,2
21388,2
21389,3
21390,2
21391,2
21392,2
21393,1
21394,2
21395,2
21396,2
21397,2
21398,1
21399,2
21400,1
21401,1
21402,1
21403,3
21404,2
21405,0
21406,4
21407,2
21408,0
21409,1
21410,1
21411,1
21412,1
21413,0
21414,3
21415,4
21416,0
21417,1
21418,0
21419,0
21420,1
21421,2
21422,1
21423,1
21424,1
21425,3
21426,2
21427,2
21428,1
21429,1
21430,3
21431,0
21432,1
21433,0
21434,1
21435,3
21436,3
21437,1
21438,2
21439,4
21440,1
21441,3
21442,1
21443,1
21444,4
21445,3
21446,5
21447,2
21448,0
21449,2
21450,1
21451,3
21452,2
21453,0
21454,6
21455,3
21456,2
21457,1
21458,4
21459,3
21460,3
21461,6
21462,0
21463,2
21464,0
21465,2
21466,2
21467,2
21468,2
21469,1
21470,5
21471,0
21472,5
21473,2
21474,9
21475,3
21476,3
21477,17
21478,7
21479,6
21480,0
21481,1
21482,2
21483,3
21484,2
21485,1
21486,0
21487,3
21488,4
21489,3
21490,7
21491,4
21492,2
21493,8
21494,4
21495,3
21496,0
21497,0
21498,1
21499,9
21500,4
21501,1
21502,12
21503,3
21504,2
21505,0
21506,5
21507,4
21508,3
21509,3
21510,0
21511,9
21512,7
21513,1
21514,1
21515,1
21516,10
21517,6
21518,3
21519,4
21520,2
21521,6
21522,3
21523,4
21524,1
21525,4
21526,3
21527,4
21528,2
21529,1
21530,3
21531,3
21532,3
21533,4
21534,2
21535,2
21536,2
21537,1
21538,4
21539,4
21540,3
21541,2
21542,6
21543,2
21544,2
21545,1
21546,2
21547,2
21548,1
21549,8
21550,2
21551,3
21552,4
21553,2
21554,3
21555,1
21556,2
21557,5
21558,3
21559,1
21560,1
21561,1
21562,2
21563,3
21564,1
21565,4
21566,4
21567,2
21568,5
21569,5
21570,2
21571,2
21572,1
21573,3
21574,6
21575,4
21576,3
21577,0
21578,3
21579,0
21580,4
21581,3
21582,2
21583,3
21584,4
21585,3
21586,4
21587,2
21588,1
21589,0
21590,1
21591,4
21592,1
21593,4
21594,2
21595,1
21596,1
21597,2
21598,3
21599,5
21600,0
21601,3
21602,0
21603,0
21604,0
21605,1
21606,3
21607,2
21608,1
21609,3
21610,4
21611,4
21612,0
21613,0
21614,1
21615,0
21616,3
21617,3
21618,2
21619,6
21620,5
21621,2
21622,5
21623,3
21624,2
21625,3
21626,1
21627,2
21628,1
21629,1
21630,8
21631,4
21632,5
21633,2
21634,0
21635,3
21636,5
21637,3
21638,5
21639,1
21640,4
21641,2
21642,0
21643,0
21644,5
21645,0
21646,5
21647,4
21648,2
21649,2
21650,2
21651,4
21652,5
21653,2
21654,1
21655,0
21656,1
21657,1
21658,1
21659,0
21660,2
21661,0
21662,1
21663,3
21664,3
21665,0
21666,4
21667,4
21668,4
21669,2
21670,0
21671,1
21672,4
21673,2
21674,2
21675,1
21676,2
21677,2
21678,0
21679,0
21680,1
21681,1
21682,0
21683,1
21684,2
21685,6
21686,0
21687,4
21688,2
21689,2
21690,1
21691,4
21692,3
21693,3
21694,1
21695,3
21696,2
21697,4
21698,4
21699,1
21700,4
21701,1
21702,1
21703,0
21704,3
21705,4
21706,3
21707,1
21708,2
21709,0
21710,2
21711,2
21712,3
21713,0
21714,2
21715,0
21716,0
21717,2
21718,1
21719,4
21720,0
21721,4
21722,3
21723,2
21724,1
21725,1
21726,1
21727,2
21728,4
21729,0
21730,0
21731,1
21732,1
21733,4
21734,9
21735,2
21736,1
21737,3
21738,3
21739,1
21740,1
21741,2
21742,0
21743,2
21744,3
21745,1
21746,2
21747,1
21748,3
21749,2
21750,2
21751,1
21752,1
21753,4
21754,2
21755,2
21756,0
21757,2
21758,2
21759,2
21760,2
21761,1
21762,2
21763,0
21764,3
21765,2
21766,2
21767,2
21768,2
21769,1
21770,6
21771,2
21772,3
21773,1
21774,1
21775,0
21776,3
21777,1
21778,3
21779,1
21780,1
21781,1
21782,1
21783,1
21784,5
21785,1
21786,3
21787,4
21788,2
21789,0
21790,1
21791,3
21792,1
21793,1
21794,4
21795,1
21796,0
21797,3
21798,0
21799,1
21800,1
21801,1
21802,3
21803,0
21804,0
21805,0
21806,1
21807,0
21808,0
21809,0
21810,1
21811,3
21812,0
21813,1
21814,4
21815,0
21816,0
21817,1
21818,2
21819,3
21820,1
21821,1
21822,1
21823,4
21824,2
21825,12
21826,3
21827,7
21828,3
21829,2
21830,2
21831,1
21832,1
21833,1
21834,3
21835,2
21836,1
21837,2
21838,1
21839,0
21840,2
21841,0
21842,2
21843,1
21844,3
21845,0
21846,1
21847,3
21848,0
21849,0
21850,3
21851,2
21852,0
21853,0
21854,0
21855,1
21856,1
21857,0
21858,2
21859,0
21860,1
21861,3
21862,0
21863,4
21864,0
21865,1
21866,1
21867,1
21868,0
21869,2
21870,4
21871,2
21872,1
21873,2
21874,0
21875,0
21876,1
21877,0
21878,1
21879,0
21880,1
21881,2
21882,2
21883,4
21884,1
21885,1
21886,3
21887,0
21888,1
21889,1
21890,1
21891,2
21892,0
21893,2
21894,1
21895,3
21896,1
21897,0
21898,1
21899,1
21900,1
21901,1
21902,2
21903,1
21904,0
21905,1
21906,5
21907,1
21908,2
21909,0
21910,3
21911,0
21912,1
21913,3
21914,3
21915,2
21916,2
21917,2
21918,2
21919,2
21920,1
21921,0
21922,4
21923,3
21924,1
21925,0
21926,3
21927,2
21928,2
21929,1
21930,3
21931,2
21932,2
21933,0
21934,1
21935,0
21936,0
21937,3
21938,2
21939,3
21940,2
21941,1
21942,2
21943,2
21944,0
21945,1
21946,1
21947,1
21948,4
21949,0
21950,2
21951,6
21952,4
21953,2
21954,2
21955,2
21956,1
21957,2
21958,0
21959,1
21960,0
21961,4
21962,3
21963,2
21964,1
21965,4
21966,1
21967,1
21968,1
21969,1
21970,2
21971,2
21972,0
21973,1
21974,2
21975,2
21976,2
21977,3
21978,2
21979,3
21980,0
21981,2
21982,3
21983,1
21984,1
21985,2
21986,1
21987,2
21988,3
21989,1
21990,1
21991,0
21992,0
21993,2
21994,0
21995,2
21996,0
21997,0
21998,0
21999,3
22000,2
22001,2
22002,4
22003,0
22004,4
22005,1
22006,1
22007,1
22008,1
22009,3
22010,1
22011,2
22012,0
22013,1
22014,2
22015,0
22016,1
22017,0
22018,4
22019,4
22020,0
22021,0
22022,1
22023,2
22024,4
22025,3
22026,3
22027,2
22028,0
22029,0
22030,4
22031,1
22032,1
22033,2
22034,2
22035,5
22036,1
22037,3
22038,0
22039,4
22040,2
22041,1
22042,0
22043,3
22044,0
22045,0
22046,1
22047,1
22048,0
22049,4
22050,4
22051,1
22052,0
22053,1
22054,0
22055,1
22056,2
22057,0
22058,1
22059,3
22060,1
22061,2
22062,1
22063,2
22064,2
22065,3
22066,1
22067,2
22068,0
22069,1
22070,3
22071,3
22072,2
22073,1
22074,4
22075,2
22076,3
22077,3
22078,0
22079,2
22080,1
22081,2
22082,4
22083,1
22084,12
22085,1
22086,5
22087,4
22088,2
22089,1
22090,0
22091,0
22092,4
22093,4
22094,1
22095,3
22096,4
22097,2
22098,6
22099,3
22100,2
22101,1
22102,1
22103,11
22104,1
22105,6
22106,3
22107,9
22108,3
22109,5
22110,1
22111,2
22112,1
22113,7
22114,4
22115,2
22116,2
22117,3
22118,13
22119,3
22120,0
22121,0
22122,2
22123,1
22124,1
22125,2
22126,0
22127,2
22128,4
22129,1
22130,2
22131,3
22132,3
22133,3
22134,2
22135,0
22136,1
22137,1
22138,3
22139,1
22140,1
22141,2
22142,0
22143,2
22144,1
22145,1
22146,2
22147,0
22148,5
22149,3
22150,2
22151,2
22152,4
22153,0
22154,0
22155,3
22156,0
22157,3
22158,1
22159,4
22160,1
22161,3
22162,4
22163,1
22164,4
22165,4
22166,0
22167,2
22168,1
22169,2
22170,1
22171,3
22172,0
22173,0
22174,1
22175,2
22176,2
22177,1
22178,3
22179,2
22180,2
22181,0
22182,3
22183,3
22184,2
22185,0
22186,1
22187,1
22188,2
22189,1
22190,5
22191,1
22192,3
22193,1
22194,0
22195,1
22196,2
22197,1
22198,1
22199,1
22200,0
22201,0
22202,2
22203,3
22204,5
22205,2
22206,6
22207,1
22208,0
22209,2
22210,0
22211,1
22212,1
22213,3
22214,3
22215,3
22216,3
22217,1
22218,1
22219,1
22220,1
22221,1
22222,0
22223,2
22224,3
22225,2
22226,2
22227,0
22228,0
22229,0
22230,4
22231,2
22232,1
22233,3
22234,2
22235,1
22236,2
22237,1
22238,2
22239,3
22240,3
22241,2
22242,1
22243,3
22244,3
22245,2
22246,1
22247,0
22248,1
22249,0
22250,3
22251,0
22252,2
22253,2
22254,2
22255,2
22256,6
22257,0
22258,3
22259,1
22260,1
22261,1
22262,1
22263,1
22264,1
22265,1
22266,1
22267,0
22268,1
22269,2
22270,1
22271,3
22272,0
22273,2
22274,1
22275,1
22276,0
22277,1
22278,4
22279,3
22280,1
22281,3
22282,2
22283,1
22284,2
22285,4
22286,1
22287,2
22288,1
22289,0
22290,3
22291,0
22292,0
22293,1
22294,4
22295,1
22296,1
22297,4
22298,1
22299,6
22300,0
22301,6
22302,8
22303,2
22304,2
22305,4
22306,0
22307,1
22308,0
22309,0
22310,1
22311,3
22312,3
22313,0
22314,4
22315,0
22316,1
22317,1
22318,0
22319,2
22320,1
22321,1
22322,2
22323,1
22324,0
22325,2
22326,2
22327,4
22328,2
22329,2
22330,1
22331,2
22332,1
22333,5
22334,2
22335,3
22336,2
22337,1
22338,1
22339,1
22340,2
22341,1
22342,0
22343,0
22344,2
22345,7
22346,3
22347,3
22348,1
22349,3
22350,10
22351,4
22352,1
22353,2
22354,3
22355,2
22356,2
22357,2
22358,3
22359,3
22360,24
22361,4
22362,2
22363,4
22364,1
22365,9
22366,0
22367,2
22368,1
22369,3
22370,1
22371,3
22372,6
22373,3
22374,1
22375,6
22376,2
22377,0
22378,3
22379,0
22380,2
22381,2
22382,3
22383,3
22384,6
22385,4
22386,1
22387,6
22388,0
22389,1
22390,1
22391,0
22392,0
22393,2
22394,3
22395,0
22396,3
22397,0
22398,2
22399,0
22400,1
22401,0
22402,4
22403,1
22404,2
22405,9
22406,2
22407,1
22408,1
22409,5
22410,4
22411,2
22412,0
22413,0
22414,3
22415,1
22416,2
22417,1
22418,2
22419,3
22420,0
22421,5
22422,2
22423,17
22424,1
22425,1
22426,3
22427,2
22428,3
22429,2
22430,1
22431,3
22432,0
22433,2
22434,2
22435,3
22436,7
22437,0
22438,0
22439,1
22440,3
22441,7
22442,3
22443,1
22444,4
22445,2
22446,5
22447,1
22448,2
22449,2
22450,6
22451,4
22452,1
22453,4
22454,6
22455,4
22456,9
22457,4
22458,1
22459,5
22460,2
22461,2
22462,2
22463,2
22464,1
22465,4
22466,3
22467,1
22468,2
22469,5
22470,2
22471,2
22472,3
22473,3
22474,1
22475,2
22476,0
22477,0
22478,3
22479,2
22480,2
22481,1
22482,0
22483,2
22484,1
22485,1
22486,0
22487,1
22488,1
22489,1
22490,6
22491,2
22492,1
22493,1
22494,2
22495,1
22496,2
22497,1
22498,4
22499,2
22500,2
22501,1
22502,1
22503,3
22504,2
22505,2
22506,3
22507,1
22508,0
22509,2
22510,2
22511,5
22512,2
22513,2
22514,1
22515,1
22516,4
22517,5
22518,2
22519,2
22520,2
22521,0
22522,1
22523,6
22524,3
22525,5
22526,1
22527,2
22528,3
22529,3
22530,1
22531,1
22532,3
22533,5
22534,2
22535,2
22536,3
22537,0
22538,0
22539,0
22540,1
22541,2
22542,3
22543,1
22544,1
22545,1
22546,3
22547,2
22548,2
22549,0
22550,2
22551,0
22552,2
22553,2
22554,1
22555,1
22556,1
22557,2
22558,1
22559,2
22560,1
22561,1
22562,1
22563,1
22564,3
22565,3
22566,5
22567,2
22568,5
22569,0
22570,0
22571,0
22572,1
22573,2
22574,1
22575,1
22576,0
22577,0
22578,0
22579,0
22580,1
22581,3
22582,3
22583,0
22584,3
22585,1
22586,3
22587,3
22588,3
22589,2
22590,2
22591,1
22592,0
22593,1
22594,1
22595,0
22596,3
22597,3
22598,3
22599,1
22600,0
22601,0
22602,5
22603,1
22604,2
22605,4
22606,3
22607,1
22608,5
22609,1
22610,0
22611,2
22612,7
22613,2
22614,0
22615,1
22616,6
22617,0
22618,3
22619,2
22620,7
22621,1
22622,0
22623,2
22624,0
22625,2
22626,3
22627,0
22628,2
22629,2
22630,1
22631,2
22632,1
22633,2
22634,1
22635,1
22636,1
22637,2
22638,2
22639,0
22640,0
22641,0
22642,2
22643,3
22644,4
22645,4
22646,2
22647,2
22648,2
22649,2
22650,2
22651,0
22652,1
22653,1
22654,0
22655,4
22656,0
22657,0
22658,2
22659,3
22660,2
22661,1
22662,0
22663,4
22664,1
22665,1
22666,3
22667,3
22668,1
22669,2
22670,1
22671,4
22672,1
22673,3
22674,1
22675,2
22676,1
22677,3
22678,1
22679,1
22680,1
22681,2
22682,1
22683,1
22684,2
22685,2
22686,1
22687,4
22688,0
22689,3
22690,0
22691,1
22692,2
22693,2
22694,1
22695,2
22696,1
22697,2
22698,1
22699,2
22700,1
22701,0
22702,1
22703,5
22704,1
22705,2
22706,0
22707,3
22708,3
22709,2
22710,2
22711,2
22712,1
22713,2
22714,2
22715,1
22716,4
22717,0
22718,1
22719,2
22720,1
22721,4
22722,0
22723,1
22724,3
22725,1
22726,3
22727,1
22728,2
22729,0
22730,3
22731,3
22732,1
22733,4
22734,0
22735,0
22736,3
22737,5
22738,1
22739,4
22740,2
22741,1
22742,3
22743,0
22744,0
22745,1
22746,4
22747,2
22748,0
22749,2
22750,1
22751,1
22752,3
22753,0
22754,3
22755,3
22756,2
22757,1
22758,4
22759,1
22760,0
22761,3
22762,3
22763,1
22764,2
22765,3
22766,1
22767,2
22768,4
22769,0
22770,2
22771,1
22772,4
22773,1
22774,3
22775,2
22776,1
22777,2
22778,1
22779,3
22780,1
22781,1
22782,1
22783,4
22784,2
22785,0
22786,3
22787,0
22788,0
22789,1
22790,3
22791,3
22792,2
22793,0
22794,5
22795,6
22796,2
22797,1
22798,0
22799,0
22800,2
22801,3
22802,1
22803,3
22804,1
22805,1
22806,2
22807,6
22808,5
22809,2
22810,4
22811,2
22812,1
22813,1
22814,8
22815,0
22816,3
22817,5
22818,8
22819,8
22820,6
22821,4
22822,3
22823,6
22824,3
22825,1
22826,1
22827,2
22828,2
22829,1
22830,1
22831,2
22832,1
22833,5
22834,4
22835,7
22836,2
22837,0
22838,3
22839,1
22840,3
22841,4
22842,9
22843,1
22844,1
22845,2
22846,3
22847,4
22848,5
22849,0
22850,2
22851,2
22852,2
22853,1
22854,1
22855,1
22856,0
22857,2
22858,1
22859,2
22860,0
22861,1
22862,0
22863,5
22864,1
22865,1
22866,1
22867,1
22868,1
22869,3
22870,0
22871,3
22872,3
22873,3
22874,3
22875,0
22876,0
22877,1
22878,1
22879,2
22880,7
22881,1
22882,1
22883,2
22884,3
22885,1
22886,1
22887,0
22888,1
22889,3
22890,1
22891,2
22892,1
22893,4
22894,1
22895,3
22896,3
22897,0
22898,1
22899,1
22900,0
22901,0
22902,3
22903,0
22904,0
22905,3
22906,4
22907,4
22908,7
22909,6
22910,2
22911,0
22912,4
22913,1
22914,2
22915,3
22916,1
22917,5
22918,0
22919,3
22920,4
22921,1
22922,1
22923,1
22924,5
22925,0
22926,1
22927,4
22928,2
22929,0
22930,6
22931,4
22932,2
22933,1
22934,2
22935,4
22936,1
22937,4
22938,3
22939,3
22940,0
22941,0
22942,5
22943,1
22944,3
22945,5
22946,2
22947,7
22948,2
22949,4
22950,4
22951,1
22952,3
22953,0
22954,1
22955,0
22956,0
22957,2
22958,1
22959,2
22960,0
22961,1
22962,3
22963,2
22964,0
22965,1
22966,1
22967,1
22968,1
22969,0
22970,0
22971,1
22972,0
22973,0
22974,0
22975,1
22976,1
22977,1
22978,3
22979,4
22980,1
22981,1
22982,1
22983,1
22984,1
22985,1
22986,3
22987,0
22988,2
22989,0
22990,2
22991,1
22992,0
22993,0
22994,1
22995,1
22996,1
22997,2
22998,1
22999,2
23000,0
23001,2
23002,0
23003,2
23004,0
23005,0
23006,0
23007,0
23008,0
23009,1
23010,3
23011,0
23012,2
23013,0
23014,1
23015,1
23016,3
23017,0
23018,2
23019,0
23020,1
23021,5
23022,1
23023,1
23024,1
23025,1
23026,1
23027,2
23028,0
23029,2
23030,2
23031,0
23032,2
23033,0
23034,2
23035,0
23036,0
23037,3
23038,2
23039,2
23040,4
23041,1
23042,0
23043,2
23044,0
23045,0
23046,0
23047,0
23048,0
23049,2
23050,1
23051,4
23052,1
23053,2
23054,1
23055,2
23056,1
23057,2
23058,4
23059,1
23060,2
23061,2
23062,1
23063,0
23064,1
23065,1
23066,3
23067,1
23068,0
23069,1
23070,3
23071,2
23072,1
23073,1
23074,4
23075,3
23076,3
23077,0
23078,3
23079,0
23080,4
23081,3
23082,1
23083,1
23084,0
23085,0
23086,3
23087,3
23088,1
23089,3
23090,2
23091,2
23092,2
23093,3
23094,0
23095,0
23096,2
23097,0
23098,4
23099,8
23100,2
23101,0
23102,4
23103,2
23104,4
23105,5
23106,3
23107,1
23108,1
23109,2
23110,1
23111,1
23112,1
23113,5
23114,1
23115,0
23116,3
23117,1
23118,2
23119,2
23120,2
23121,0
23122,2
23123,1
23124,0
23125,0
23126,2
23127,2
23128,0
23129,0
23130,4
23131,0
23132,1
23133,1
23134,3
23135,4
23136,2
23137,3
23138,2
23139,2
23140,1
23141,2
23142,0
23143,2
23144,3
23145,5
23146,3
23147,1
23148,1
23149,1
23150,0
23151,1
23152,1
23153,1
23154,0
23155,4
23156,0
23157,0
23158,0
23159,0
23160,3
23161,0
23162,0
23163,1
23164,0
23165,1
23166,1
23167,4
23168,1
23169,0
23170,0
23171,0
23172,1
23173,3
23174,0
23175,5
23176,1
23177,3
23178,4
23179,2
23180,4
23181,1
23182,1
23183,1
23184,3
23185,4
23186,1
23187,0
23188,2
23189,3
23190,3
23191,4
23192,4
23193,3
23194,2
23195,2
23196,1
23197,1
23198,1
23199,2
23200,3
23201,2
23202,2
23203,4
23204,0
23205,4
23206,0
23207,2
23208,4
23209,3
23210,3
23211,0
23212,2
23213,2
23214,1
23215,1
23216,3
23217,3
23218,1
23219,3
23220,0
23221,6
23222,1
23223,2
23224,0
23225,0
23226,0
23227,9
23228,1
23229,2
23230,1
23231,5
23232,14
23233,6
23234,4
23235,2
23236,2
23237,1
23238,8
23239,0
23240,2
23241,2
23242,1
23243,2
23244,3
23245,5
23246,4
23247,2
23248,0
23249,2
23250,1
23251,1
23252,1
23253,2
23254,2
23255,0
23256,0
23257,2
23258,3
23259,3
23260,3
23261,3
23262,2
23263,6
23264,1
23265,4
23266,2
23267,1
23268,2
23269,1
23270,1
23271,3
23272,0
23273,1
23274,2
23275,5
23276,1
23277,4
23278,1
23279,0
23280,2
23281,1
23282,0
23283,0
23284,1
23285,2
23286,3
23287,5
23288,1
23289,2
23290,0
23291,3
23292,1
23293,1
23294,2
23295,3
23296,2
23297,1
23298,2
23299,2
23300,1
23301,0
23302,2
23303,1
23304,0
23305,1
23306,1
23307,2
23308,1
23309,3
23310,2
23311,0
23312,2
23313,0
23314,2
23315,2
23316,1
23317,2
23318,4
23319,1
23320,2
23321,3
23322,2
23323,1
23324,0
23325,0
23326,2
23327,5
23328,0
23329,2
23330,1
23331,2
23332,2
23333,2
23334,1
23335,0
23336,0
23337,2
23338,3
23339,1
23340,3
23341,1
23342,3
23343,4
23344,2
23345,1
23346,0
23347,1
23348,2
23349,2
23350,1
23351,1
23352,2
23353,1
23354,1
23355,5
23356,3
23357,0
23358,1
23359,3
23360,0
23361,2
23362,1
23363,1
23364,0
23365,2
23366,1
23367,0
23368,2
23369,2
23370,0
23371,0
23372,0
23373,3
23374,1
23375,1
23376,0
23377,1
23378,0
23379,2
23380,1
23381,3
23382,1
23383,0
23384,0
23385,3
23386,2
23387,0
23388,2
23389,1
23390,2
23391,3
23392,1
23393,3
23394,1
23395,2
23396,2
23397,5
23398,1
23399,1
23400,2
23401,0
23402,3
23403,4
23404,2
23405,0
23406,1
23407,1
23408,1
23409,3
23410,1
23411,5
23412,2
23413,0
23414,2
23415,0
23416,2
23417,2
23418,2
23419,2
23420,1
23421,1
23422,2
23423,1
23424,1
23425,7
23426,0
23427,5
23428,1
23429,2
23430,0
23431,1
23432,1
23433,2
23434,1
23435,0
23436,3
23437,0
23438,2
23439,0
23440,3
23441,1
23442,0
23443,1
23444,3
23445,1
23446,0
23447,0
23448,1
23449,1
23450,0
23451,0
23452,1
23453,0
23454,1
23455,1
23456,1
23457,2
23458,2
23459,3
23460,4
23461,2
23462,0
23463,2
23464,1
23465,1
23466,0
23467,2
23468,1
23469,2
23470,3
23471,0
23472,2
23473,2
23474,2
23475,3
23476,1
23477,3
23478,1
23479,3
23480,2
23481,1
23482,0
23483,1
23484,3
23485,1
23486,0
23487,0
23488,1
23489,5
23490,1
23491,0
23492,2
23493,5
23494,3
23495,1
23496,2
23497,3
23498,0
23499,2
23500,2
23501,3
23502,2
23503,0
23504,2
23505,3
23506,2
23507,6
23508,5
23509,3
23510,0
23511,2
23512,0
23513,3
23514,1
23515,1
23516,0
23517,1
23518,2
23519,3
23520,3
23521,6
23522,2
23523,1
23524,1
23525,1
23526,7
23527,0
23528,2
23529,1
23530,0
23531,1
23532,1
23533,2
23534,0
23535,3
23536,0
23537,2
23538,3
23539,2
23540,0
23541,3
23542,6
23543,2
23544,1
23545,2
23546,1
23547,1
23548,2
23549,5
23550,2
23551,3
23552,3
23553,5
23554,2
23555,6
23556,1
23557,3
23558,2
23559,4
23560,2
23561,2
23562,4
23563,0
23564,0
23565,2
23566,2
23567,1
23568,2
23569,4
23570,1
23571,0
23572,1
23573,1
23574,0
23575,2
23576,3
23577,0
23578,3
23579,0
23580,3
23581,2
23582,0
23583,1
23584,0
23585,4
23586,0
23587,1
23588,2
23589,1
23590,2
23591,3
23592,1
23593,0
23594,2
23595,1
23596,3
23597,2
23598,3
23599,0
23600,4
23601,0
23602,3
23603,0
23604,2
23605,2
23606,4
23607,2
23608,0
23609,1
23610,2
23611,1
23612,0
23613,0
23614,0
23615,2
23616,3
23617,3
23618,5
23619,2
23620,0
23621,3
23622,0
23623,5
23624,2
23625,4
23626,0
23627,1
23628,4
23629,0
23630,2
23631,5
23632,4
23633,1
23634,5
23635,0
23636,3
23637,2
23638,2
23639,2
23640,3
23641,3
23642,3
23643,1
23644,1
23645,0
23646,3
23647,1
23648,1
23649,2
23650,3
23651,1
23652,3
23653,1
23654,3
23655,3
23656,3
23657,1
23658,1
23659,1
23660,5
23661,2
23662,0
23663,2
23664,2
23665,2
23666,0
23667,1
23668,0
23669,3
23670,2
23671,0
23672,0
23673,1
23674,1
23675,1
23676,1
23677,0
23678,3
23679,1
23680,0
23681,0
23682,0
23683,1
23684,3
23685,0
23686,0
23687,0
23688,0
23689,1
23690,1
23691,2
23692,0
23693,2
23694,1
23695,1
23696,0
23697,1
23698,1
23699,2
23700,3
23701,4
23702,2
23703,0
23704,2
23705,0
23706,1
23707,1
23708,1
23709,3
23710,0
23711,0
23712,5
23713,0
23714,1
23715,2
23716,3
23717,1
23718,2
23719,0
23720,2
23721,5
23722,0
23723,4
23724,1
23725,2
23726,0
23727,2
23728,0
23729,0
23730,1
23731,2
23732,1
23733,3
23734,2
23735,0
23736,1
23737,2
23738,1
23739,0
23740,3
23741,2
23742,0
23743,4
23744,1
23745,0
23746,3
23747,3
23748,3
23749,2
23750,3
23751,0
23752,1
23753,3
23754,0
23755,1
23756,1
23757,1
23758,2
23759,1
23760,0
23761,1
23762,4
23763,4
23764,0
23765,5
23766,1
23767,3
23768,2
23769,2
23770,1
23771,0
23772,1
23773,2
23774,5
23775,1
23776,3
23777,1
23778,1
23779,2
23780,1
23781,1
23782,3
23783,1
23784,0
23785,0
23786,0
23787,2
23788,1
23789,1
23790,0
23791,3
23792,3
23793,1
23794,3
23795,2
23796,2
23797,3
23798,3
23799,2
23800,0
23801,1
23802,1
23803,2
23804,3
23805,3
23806,1
23807,0
23808,0
23809,2
23810,2
23811,1
23812,2
23813,3
23814,1
23815,1
23816,1
23817,2
23818,2
23819,1
23820,3
23821,0
23822,5
23823,4
23824,1
23825,2
23826,2
23827,2
23828,1
23829,4
23830,0
23831,6
23832,4
23833,2
23834,3
23835,0
23836,2
23837,3
23838,1
23839,0
23840,0
23841,10
23842,0
23843,2
23844,2
23845,2
23846,2
23847,1
23848,1
23849,3
23850,1
23851,2
23852,1
23853,1
23854,2
23855,5
23856,4
23857,0
23858,3
23859,1
23860,6
23861,2
23862,3
23863,3
23864,3
23865,5
23866,2
23867,3
23868,1
23869,3
23870,2
23871,2
23872,3
23873,4
23874,0
23875,5
23876,1
23877,1
23878,1
23879,1
23880,7
23881,3
23882,2
23883,7
23884,1
23885,1
23886,2
23887,2
23888,2
23889,2
23890,0
23891,2
23892,5
23893,2
23894,2
23895,1
23896,2
23897,2
23898,1
23899,3
23900,3
23901,1
23902,2
23903,1
23904,1
23905,3
23906,3
23907,3
23908,0
23909,3
23910,11
23911,2
23912,4
23913,2
23914,3
23915,0
23916,0
23917,5
23918,3
23919,3
23920,4
23921,1
23922,4
23923,0
23924,4
23925,4
23926,0
23927,4
23928,3
23929,1
23930,0
23931,2
23932,1
23933,3
23934,1
23935,1
23936,1
23937,2
23938,2
23939,1
23940,4
23941,2
23942,7
23943,8
23944,1
23945,2
23946,1
23947,2
23948,0
23949,2
23950,1
23951,1
23952,1
23953,1
23954,1
23955,1
23956,2
23957,0
23958,1
23959,0
23960,0
23961,1
23962,1
23963,2
23964,3
23965,1
23966,2
23967,1
23968,1
23969,0
23970,1
23971,3
23972,0
23973,0
23974,2
23975,1
23976,0
23977,4
23978,2
23979,4
23980,2
23981,8
23982,2
23983,1
23984,4
23985,3
23986,4
23987,3
23988,2
23989,0
23990,1
23991,5
23992,0
23993,2
23994,0
23995,1
23996,0
23997,1
23998,1
23999,1
24000,2
24001,4
24002,3
24003,4
24004,3
24005,1
24006,0
24007,2
24008,0
24009,7
24010,1
24011,4
24012,4
24013,4
24014,3
24015,2
24016,2
24017,0
24018,1
24019,1
24020,1
24021,0
24022,0
24023,2
24024,2
24025,4
24026,3
24027,1
24028,1
24029,0
24030,6
24031,3
24032,5
24033,0
24034,3
24035,3
24036,3
24037,2
24038,1
24039,2
24040,3
24041,1
24042,3
24043,2
24044,0
24045,1
24046,2
24047,4
24048,1
24049,3
24050,1
24051,2
24052,4
24053,3
24054,3
24055,4
24056,2
24057,1
24058,2
24059,2
24060,0
24061,2
24062,2
24063,3
24064,0
24065,3
24066,2
24067,11
24068,2
24069,0
24070,0
24071,2
24072,0
24073,4
24074,0
24075,1
24076,3
24077,1
24078,2
24079,0
24080,1
24081,1
24082,2
24083,1
24084,2
24085,2
24086,3
24087,1
24088,1
24089,7
24090,1
24091,0
24092,2
24093,2
24094,0
24095,3
24096,1
24097,4
24098,1
24099,3
24100,0
24101,2
24102,2
24103,3
24104,1
24105,1
24106,1
24107,3
24108,0
24109,2
24110,0
24111,1
24112,1
24113,1
24114,2
24115,2
24116,0
24117,1
24118,2
24119,0
24120,1
24121,3
24122,0
24123,0
24124,1
24125,7
24126,5
24127,2
24128,0
24129,1
24130,2
24131,3
24132,9
24133,2
24134,10
24135,2
24136,4
24137,5
24138,1
24139,5
24140,3
24141,2
24142,5
24143,6
24144,1
24145,6
24146,10
24147,3
24148,0
24149,1
24150,6
24151,6
24152,1
24153,1
24154,2
24155,3
24156,1
24157,2
24158,1
24159,0
24160,3
24161,5
24162,1
24163,1
24164,3
24165,0
24166,5
24167,1
24168,1
24169,4
24170,0
24171,2
24172,1
24173,1
24174,3
24175,0
24176,4
24177,1
24178,3
24179,3
24180,0
24181,4
24182,0
24183,0
24184,1
24185,1
24186,2
24187,0
24188,2
24189,1
24190,1
24191,2
24192,0
24193,1
24194,1
24195,0
24196,4
24197,0
24198,2
24199,3
24200,1
24201,2
24202,2
24203,1
24204,1
24205,1
24206,2
24207,3
24208,6
24209,4
24210,4
24211,3
24212,4
24213,1
24214,2
24215,3
24216,0
24217,2
24218,1
24219,1
24220,0
24221,4
24222,3
24223,0
24224,3
24225,3
24226,1
24227,1
24228,2
24229,1
24230,3
24231,1
24232,1
24233,3
24234,1
24235,1
24236,1
24237,2
24238,1
24239,3
24240,4
24241,0
24242,2
24243,4
24244,1
24245,3
24246,1
24247,3
24248,4
24249,1
24250,0
24251,1
24252,4
24253,1
24254,3
24255,1
24256,0
24257,0
24258,0
24259,3
24260,7
24261,0
24262,1
24263,4
24264,5
24265,2
24266,2
24267,0
24268,2
24269,0
24270,3
24271,0
24272,1
24273,1
24274,1
24275,2
24276,4
24277,2
24278,0
24279,3
24280,1
24281,4
24282,0
24283,2
24284,0
24285,0
24286,0
24287,0
24288,0
24289,0
24290,0
24291,2
24292,0
24293,1
24294,2
24295,3
24296,1
24297,0
24298,1
24299,3
24300,3
24301,1
24302,2
24303,1
24304,1
24305,1
24306,3
24307,1
24308,0
24309,2
24310,1
24311,2
24312,3
24313,0
24314,0
24315,2
24316,1
24317,2
24318,1
24319,1
24320,10
24321,12
24322,1
24323,5
24324,4
24325,4
24326,2
24327,0
24328,0
24329,0
24330,0
24331,1
24332,1
24333,0
24334,0
24335,0
24336,0
24337,1
24338,0
24339,2
24340,5
24341,0
24342,3
24343,0
24344,3
24345,0
24346,2
24347,1
24348,1
24349,1
24350,3
24351,3
24352,2
24353,6
24354,3
24355,4
24356,3
24357,0
24358,1
24359,1
24360,2
24361,1
24362,7
24363,7
24364,7
24365,4
24366,12
24367,1
24368,5
24369,1
24370,0
24371,2
24372,8
24373,3
24374,6
24375,1
24376,3
24377,1
24378,3
24379,1
24380,3
24381,3
24382,2
24383,1
24384,3
24385,3
24386,3
24387,2
24388,4
24389,2
24390,3
24391,1
24392,0
24393,1
24394,0
24395,5
24396,2
24397,1
24398,2
24399,5
24400,1
24401,2
24402,3
24403,1
24404,3
24405,3
24406,6
24407,4
24408,0
24409,4
24410,3
24411,7
24412,4
24413,27
24414,1
24415,3
24416,4
24417,2
24418,1
24419,2
24420,3
24421,6
24422,5
24423,2
24424,1
24425,4
24426,0
24427,2
24428,2
24429,3
24430,4
24431,2
24432,2
24433,4
24434,1
24435,1
24436,5
24437,2
24438,3
24439,2
24440,1
24441,3
24442,1
24443,1
24444,2
24445,4
24446,0
24447,1
24448,0
24449,5
24450,5
24451,3
24452,0
24453,1
24454,3
24455,2
24456,3
24457,1
24458,2
24459,1
24460,0
24461,1
24462,2
24463,2
24464,0
24465,7
24466,0
24467,2
24468,0
24469,0
24470,0
24471,0
24472,0
24473,4
24474,2
24475,4
24476,2
24477,2
24478,1
24479,2
24480,3
24481,1
24482,0
24483,2
24484,1
24485,0
24486,5
24487,2
24488,0
24489,7
24490,2
24491,4
24492,4
24493,0
24494,0
24495,2
24496,5
24497,6
24498,8
24499,4
24500,3
24501,9
24502,0
24503,1
24504,3
24505,1
24506,1
24507,6
24508,1
24509,3
24510,3
24511,4
24512,3
24513,1
24514,1
24515,3
24516,6
24517,2
24518,3
24519,0
24520,3
24521,1
24522,3
24523,2
24524,3
24525,0
24526,1
24527,2
24528,0
24529,0
24530,1
24531,4
24532,2
24533,1
24534,2
24535,3
24536,1
24537,2
24538,1
24539,2
24540,2
24541,1
24542,4
24543,0
24544,3
24545,0
24546,0
24547,0
24548,0
24549,1
24550,3
24551,1
24552,0
24553,1
24554,2
24555,2
24556,1
24557,2
24558,3
24559,3
24560,2
24561,3
24562,1
24563,2
24564,2
24565,1
24566,3
24567,0
24568,2
24569,2
24570,6
24571,2
24572,7
24573,6
24574,5
24575,3
24576,6
24577,1
24578,1
24579,1
24580,4
24581,0
24582,2
24583,0
24584,0
24585,5
24586,2
24587,8
24588,5
24589,2
24590,5
24591,0
24592,2
24593,4
24594,2
24595,2
24596,2
24597,16
24598,2
24599,1
24600,1
24601,2
24602,3
24603,1
24604,1
24605,2
24606,3
24607,0
24608,1
24609,2
24610,1
24611,3
24612,2
24613,0
24614,1
24615,3
24616,2
24617,0
24618,1
24619,2
24620,4
24621,2
24622,4
24623,1
24624,1
24625,1
24626,0
24627,3
24628,2
24629,2
24630,0
24631,0
24632,4
24633,2
24634,3
24635,5
24636,3
24637,3
24638,9
24639,1
24640,1
24641,4
24642,3
24643,5
24644,1
24645,2
24646,10
24647,4
24648,5
24649,2
24650,2
24651,3
24652,1
24653,0
24654,0
24655,2
24656,1
24657,6
24658,2
24659,0
24660,0
24661,4
24662,1
24663,2
24664,3
24665,5
24666,2
24667,1
24668,0
24669,0
24670,0
24671,2
24672,2
24673,1
24674,1
24675,1
24676,2
24677,3
24678,0
24679,2
24680,0
24681,3
24682,2
24683,3
24684,6
24685,3
24686,4
24687,1
24688,1
24689,3
24690,1
24691,3
24692,4
24693,1
24694,2
24695,0
24696,1
24697,0
24698,1
24699,2
24700,1
24701,0
24702,1
24703,0
24704,2
24705,0
24706,0
24707,0
24708,1
24709,0
24710,0
24711,0
24712,0
24713,4
24714,3
24715,4
24716,1
24717,2
24718,1
24719,0
24720,0
24721,2
24722,1
24723,4
24724,2
24725,1
24726,2
24727,0
24728,3
24729,3
24730,0
24731,7
24732,1
24733,3
24734,4
24735,2
24736,0
24737,2
24738,0
24739,0
24740,0
24741,8
24742,1
24743,2
24744,1
24745,0
24746,3
24747,0
24748,2
24749,3
24750,1
24751,0
24752,1
24753,1
24754,2
24755,2
24756,3
24757,1
24758,2
24759,0
24760,0
24761,2
24762,2
24763,3
24764,1
24765,2
24766,2
24767,2
24768,4
24769,1
24770,0
24771,3
24772,0
24773,3
24774,1
24775,4
24776,0
24777,5
24778,1
24779,2
24780,2
24781,1
24782,3
24783,1
24784,1
24785,0
24786,0
24787,2
24788,2
24789,1
24790,2
24791,1
24792,6
24793,4
24794,3
24795,0
24796,3
24797,2
24798,2
24799,2
24800,1
24801,4
24802,0
24803,1
24804,1
24805,2
24806,3
24807,1
24808,3
24809,1
24810,1
24811,2
24812,2
24813,3
24814,3
24815,3
24816,1
24817,2
24818,2
24819,6
24820,2
24821,3
24822,1
24823,2
24824,3
24825,2
24826,0
24827,0
24828,1
24829,0
24830,3
24831,0
24832,3
24833,3
24834,1
24835,1
24836,0
24837,2
24838,0
24839,0
24840,0
24841,1
24842,5
24843,1
24844,4
24845,1
24846,2
24847,0
24848,1
24849,1
24850,0
24851,1
24852,7
24853,2
24854,1
24855,4
24856,2
24857,0
24858,2
24859,4
24860,0
24861,2
24862,3
24863,1
24864,1
24865,5
24866,0
24867,2
24868,0
24869,0
24870,0
24871,0
24872,0
24873,0
24874,4
24875,1
24876,2
24877,2
24878,1
24879,3
24880,1
24881,2
24882,4
24883,0
24884,1
24885,2
24886,0
24887,2
24888,1
24889,2
24890,2
24891,2
24892,3
24893,2
24894,1
24895,1
24896,0
24897,3
24898,1
24899,8
24900,3
24901,3
24902,7
24903,2
24904,0
24905,0
24906,1
24907,1
24908,0
24909,2
24910,1
24911,0
24912,2
24913,2
24914,1
24915,1
24916,0
24917,3
24918,0
24919,2
24920,1
24921,2
24922,1
24923,1
24924,2
24925,0
24926,0
24927,4
24928,5
24929,2
24930,0
24931,1
24932,2
24933,2
24934,4
24935,6
24936,3
24937,0
24938,4
24939,2
24940,3
24941,0
24942,0
24943,0
24944,1
24945,2
24946,2
24947,1
24948,2
24949,0
24950,2
24951,1
24952,2
24953,3
24954,1
24955,1
24956,2
24957,1
24958,1
24959,2
24960,1
24961,0
24962,0
24963,0
24964,0
24965,1
24966,1
24967,0
24968,2
24969,5
24970,3
24971,0
24972,2
24973,0
24974,1
24975,5
24976,0
24977,2
24978,0
24979,1
24980,1
24981,1
24982,1
24983,1
24984,0
24985,1
24986,3
24987,1
24988,1
24989,0
24990,1
24991,1
24992,1
24993,0
24994,0
24995,1
24996,4
24997,0
24998,1
24999,1
25000,1
25001,1
25002,2
25003,1
25004,2
25005,1
25006,0
25007,14
25008,2
25009,2
25010,2
25011,1
25012,5
25013,3
25014,1
25015,2
25016,80
25017,2
25018,2
25019,4
25020,1
25021,1
25022,4
25023,3
25024,2
25025,4
25026,1
25027,1
25028,0
25029,0
25030,1
25031,0
25032,1
25033,2
25034,2
25035,1
25036,1
25037,3
25038,3
25039,1
25040,3
25041,2
25042,1
25043,10
25044,6
25045,4
25046,0
25047,0
25048,2
25049,3
25050,1
25051,0
25052,1
25053,0
25054,2
25055,4
25056,0
25057,2
25058,4
25059,2
25060,1
25061,3
25062,3
25063,1
25064,7
25065,1
25066,1
25067,6
25068,2
25069,1
25070,2
25071,1
25072,2
25073,2
25074,2
25075,0
25076,4
25077,2
25078,3
25079,2
25080,2
25081,1
25082,2
25083,1
25084,4
25085,0
25086,0
25087,0
25088,2
25089,3
25090,3
25091,1
25092,3
25093,0
25094,1
25095,3
25096,3
25097,3
25098,2
25099,2
25100,2
25101,2
25102,3
25103,3
25104,1
25105,3
25106,2
25107,1
25108,0
25109,4
25110,0
25111,1
25112,1
25113,2
25114,0
25115,2
25116,2
25117,4
25118,0
25119,2
25120,1
25121,1
25122,2
25123,2
25124,0
25125,1
25126,2
25127,4
25128,1
25129,1
25130,2
25131,1
25132,0
25133,1
25134,1
25135,2
25136,1
25137,1
25138,0
25139,0
25140,2
25141,0
25142,2
25143,1
25144,3
25145,1
25146,1
25147,0
25148,1
25149,1
25150,1
25151,2
25152,0
25153,0
25154,2
25155,1
25156,0
25157,0
25158,2
25159,0
25160,2
25161,5
25162,1
25163,3
25164,2
25165,1
25166,0
25167,0
25168,3
25169,3
25170,1
25171,4
25172,1
25173,0
25174,3
25175,1
25176,2
25177,3
25178,0
25179,0
25180,2
25181,2
25182,1
25183,2
25184,3
25185,2
25186,2
25187,1
25188,2
25189,1
25190,0
25191,3
25192,1
25193,2
25194,0
25195,1
25196,3
25197,2
25198,0
25199,1
25200,0
25201,3
25202,2
25203,3
25204,0
25205,2
25206,0
25207,0
25208,7
25209,3
25210,4
25211,3
25212,1
25213,0
25214,2
25215,1
25216,3
25217,1
25218,0
25219,1
25220,2
25221,1
25222,2
25223,1
25224,1
25225,2
25226,2
25227,3
25228,2
25229,2
25230,2
25231,2
25232,0
25233,1
25234,3
25235,3
25236,0
25237,1
25238,1
25239,0
25240,5
25241,2
25242,2
25243,2
25244,4
25245,1
25246,0
25247,2
25248,3
25249,1
25250,3
25251,2
25252,2
25253,2
25254,1
25255,3
25256,1
25257,2
25258,2
25259,0
25260,1
25261,2
25262,1
25263,6
25264,3
25265,2
25266,2
25267,2
25268,2
25269,0
25270,1
25271,2
25272,2
25273,2
25274,5
25275,2
25276,1
25277,1
25278,1
25279,5
25280,2
25281,1
25282,3
25283,1
25284,4
25285,1
25286,0
25287,1
25288,1
25289,1
25290,3
25291,3
25292,2
25293,0
25294,2
25295,0
25296,0
25297,3
25298,3
25299,1
25300,4
25301,2
25302,0
25303,0
25304,0
25305,1
25306,1
25307,0
25308,1
25309,1
25310,3
25311,1
25312,1
25313,4
25314,0
25315,0
25316,1
25317,2
25318,3
25319,6
25320,1
25321,2
25322,4
25323,1
25324,3
25325,3
25326,4
25327,2
25328,2
25329,3
25330,1
25331,2
25332,0
25333,2
25334,3
25335,2
25336,2
25337,1
25338,1
25339,3
25340,5
25341,2
25342,1
25343,7
25344,3
25345,2
25346,1
25347,1
25348,3
25349,0
25350,4
25351,1
25352,2
25353,5
25354,2
25355,2
25356,1
25357,3
25358,3
25359,0
25360,2
25361,1
25362,4
25363,1
25364,1
25365,3
25366,0
25367,3
25368,1
25369,5
25370,4
25371,2
25372,2
25373,4
25374,1
25375,1
25376,1
25377,2
25378,1
25379,1
25380,4
25381,5
25382,1
25383,4
25384,3
25385,6
25386,7
25387,1
25388,2
25389,3
25390,3
25391,2
25392,3
25393,1
25394,1
25395,0
25396,3
25397,3
25398,1
25399,1
25400,4
25401,2
25402,1
25403,1
25404,4
25405,1
25406,2
25407,0
25408,3
25409,2
25410,1
25411,1
25412,3
25413,0
25414,1
25415,0
25416,0
25417,0
25418,3
25419,0
25420,1
25421,1
25422,3
25423,3
25424,2
25425,2
25426,2
25427,1
25428,4
25429,6
25430,3
25431,0
25432,2
25433,1
25434,1
25435,3
25436,5
25437,0
25438,5
25439,3
25440,2
25441,5
25442,4
25443,0
25444,0
25445,1
25446,1
25447,3
25448,3
25449,1
25450,1
25451,1
25452,1
25453,2
25454,0
25455,1
25456,2
25457,1
25458,2
25459,3
25460,1
25461,2
25462,3
25463,1
25464,2
25465,1
25466,1
25467,0
25468,2
25469,2
25470,3
25471,7
25472,2
25473,2
25474,2
25475,3
25476,1
25477,2
25478,0
25479,1
25480,3
25481,0
25482,0
25483,1
25484,0
25485,0
25486,1
25487,3
25488,1
25489,0
25490,1
25491,2
25492,0
25493,1
25494,0
25495,1
25496,1
25497,4
25498,0
25499,1
25500,0
25501,0
25502,2
25503,0
25504,1
25505,3
25506,1
25507,1
25508,4
25509,2
25510,1
25511,2
25512,2
25513,3
25514,1
25515,0
25516,3
25517,0
25518,1
25519,1
25520,0
25521,4
25522,3
25523,1
25524,1
25525,3
25526,1
25527,0
25528,1
25529,0
25530,4
25531,0
25532,1
25533,2
25534,1
25535,1
25536,1
25537,0
25538,2
25539,2
25540,3
25541,1
25542,3
25543,2
25544,1
25545,0
25546,3
25547,5
25548,2
25549,0
25550,0
25551,1
25552,0
25553,2
25554,4
25555,0
25556,2
25557,0
25558,0
25559,1
25560,1
25561,2
25562,3
25563,0
25564,0
25565,0
25566,2
25567,0
25568,2
25569,1
25570,3
25571,2
25572,1
25573,1
25574,2
25575,1
25576,0
25577,1
25578,0
25579,2
25580,0
25581,0
25582,0
25583,0
25584,1
25585,14
25586,1
25587,3
25588,1
25589,2
25590,0
25591,0
25592,0
25593,2
25594,3
25595,0
25596,0
25597,2
25598,0
25599,1
25600,0
25601,3
25602,1
25603,0
25604,0
25605,1
25606,1
25607,1
25608,2
25609,3
25610,3
25611,1
25612,4
25613,3
25614,4
25615,1
25616,0
25617,13
25618,2
25619,1
25620,2
25621,2
25622,0
25623,2
25624,4
25625,2
25626,4
25627,1
25628,0
25629,2
25630,4
25631,3
25632,3
25633,2
25634,4
25635,4
25636,3
25637,6
25638,3
25639,4
25640,2
25641,2
25642,1
25643,4
25644,4
25645,2
25646,4
25647,2
25648,3
25649,1
25650,16
25651,3
25652,11
25653,7
25654,3
25655,4
25656,1
25657,0
25658,5
25659,2
25660,7
25661,1
25662,3
25663,3
25664,6
25665,5
25666,2
25667,1
25668,0
25669,0
25670,0
25671,2
25672,1
25673,0
25674,6
25675,11
25676,2
25677,4
25678,5
25679,1
25680,3
25681,7
25682,3
25683,2
25684,0
25685,4
25686,7
25687,4
25688,2
25689,1
25690,1
25691,2
25692,6
25693,3
25694,1
25695,4
25696,1
25697,2
25698,2
25699,3
25700,0
25701,1
25702,0
25703,0
25704,2
25705,1
25706,8
25707,4
25708,0
25709,1
25710,0
25711,4
25712,2
25713,0
25714,3
25715,4
25716,2
25717,3
25718,3
25719,5
25720,1
25721,2
25722,2
25723,2
25724,4
25725,0
25726,2
25727,1
25728,8
25729,1
25730,1
25731,1
25732,7
25733,4
25734,3
25735,0
25736,3
25737,1
25738,3
25739,3
25740,3
25741,0
25742,3
25743,2
25744,3
25745,2
25746,4
25747,6
25748,4
25749,5
25750,1
25751,0
25752,1
25753,0
25754,1
25755,2
25756,4
25757,4
25758,4
25759,2
25760,1
25761,4
25762,3
25763,3
25764,2
25765,1
25766,1
25767,1
25768,2
25769,0
25770,0
25771,3
25772,0
25773,1
25774,2
25775,1
25776,0
25777,2
25778,1
25779,3
25780,3
25781,1
25782,1
25783,1
25784,1
25785,3
25786,0
25787,3
25788,1
25789,1
25790,4
25791,3
25792,0
25793,0
25794,2
25795,1
25796,1
25797,1
25798,1
25799,2
25800,0
25801,0
25802,4
25803,3
25804,1
25805,3
25806,7
25807,2
25808,0
25809,2
25810,4
25811,8
25812,8
25813,1
25814,0
25815,1
25816,0
25817,0
25818,6
25819,3
25820,6
25821,2
25822,4
25823,1
25824,0
25825,1
25826,3
25827,1
25828,0
25829,1
25830,0
25831,1
25832,5
25833,3
25834,1
25835,3
25836,0
25837,1
25838,1
25839,1
25840,1
25841,1
25842,0
25843,2
25844,1
25845,0
25846,2
25847,0
25848,2
25849,2
25850,0
25851,3
25852,1
25853,1
25854,3
25855,1
25856,0
25857,1
25858,0
25859,1
25860,1
25861,4
25862,0
25863,1
25864,1
25865,4
25866,1
25867,3
25868,0
25869,1
25870,2
25871,2
25872,2
25873,0
25874,2
25875,4
25876,2
25877,0
25878,2
25879,1
25880,4
25881,0
25882,2
25883,0
25884,2
25885,3
25886,2
25887,1
25888,1
25889,1
25890,3
25891,1
25892,1
25893,1
25894,2
25895,1
25896,3
25897,1
25898,3
25899,2
25900,4
25901,0
25902,1
25903,3
25904,1
25905,0
25906,2
25907,0
25908,0
25909,0
25910,1
25911,0
25912,3
25913,3
25914,1
25915,0
25916,5
25917,1
25918,1
25919,1
25920,1
25921,4
25922,0
25923,1
25924,3
25925,3
25926,0
25927,2
25928,0
25929,2
25930,9
25931,2
25932,1
25933,1
25934,4
25935,3
25936,2
25937,1
25938,2
25939,1
25940,0
25941,1
25942,3
25943,0
25944,1
25945,3
25946,5
25947,0
25948,2
25949,0
25950,1
25951,2
25952,1
25953,0
25954,2
25955,1
25956,2
25957,1
25958,2
25959,0
25960,1
25961,1
25962,1
25963,0
25964,1
25965,0
25966,1
25967,1
25968,6
25969,3
25970,0
25971,3
25972,5
25973,2
25974,2
25975,0
25976,1
25977,0
25978,1
25979,4
25980,0
25981,3
25982,2
25983,2
25984,0
25985,2
25986,1
25987,3
25988,1
25989,1
25990,0
25991,2
25992,3
25993,4
25994,1
25995,0
25996,2
25997,1
25998,1
25999,2
26000,4
26001,2
26002,3
26003,2
26004,1
26005,0
26006,4
26007,0
26008,7
26009,3
26010,2
26011,3
26012,1
26013,2
26014,1
26015,3
26016,2
26017,2
26018,1
26019,4
26020,3
26021,2
26022,2
26023,2
26024,1
26025,2
26026,2
26027,1
26028,1
26029,1
26030,3
26031,2
26032,2
26033,2
26034,1
26035,0
26036,1
26037,5
26038,8
26039,2
26040,5
26041,1
26042,1
26043,1
26044,4
26045,0
26046,2
26047,4
26048,6
26049,3
26050,0
26051,0
26052,4
26053,4
26054,2
26055,2
26056,4
26057,7
26058,2
26059,3
26060,5
26061,4
26062,4
26063,1
26064,1
26065,3
26066,3
26067,3
26068,4
26069,6
26070,4
26071,3
26072,4
26073,7
26074,3
26075,2
26076,1
26077,1
26078,3
26079,2
26080,3
26081,1
26082,3
26083,2
26084,1
26085,4
26086,1
26087,1
26088,5
26089,1
26090,1
26091,6
26092,2
26093,0
26094,2
26095,0
26096,3
26097,5
26098,3
26099,3
26100,5
26101,0
26102,3
26103,3
26104,0
26105,0
26106,2
26107,2
26108,2
26109,3
26110,0
26111,2
26112,2
26113,0
26114,4
26115,0
26116,2
26117,3
26118,0
26119,5
26120,1
26121,1
26122,2
26123,2
26124,3
26125,1
26126,2
26127,3
26128,0
26129,2
26130,0
26131,2
26132,1
26133,1
26134,1
26135,2
26136,1
26137,3
26138,1
26139,3
26140,1
26141,0
26142,2
26143,0
26144,1
26145,2
26146,1
26147,0
26148,2
26149,1
26150,1
26151,2
26152,8
26153,4
26154,4
26155,0
26156,3
26157,0
26158,1
26159,0
26160,2
26161,6
26162,3
26163,2
26164,0
26165,2
26166,0
26167,1
26168,4
26169,3
26170,1
26171,5
26172,1
26173,0
26174,1
26175,0
26176,4
26177,3
26178,0
26179,5
26180,0
26181,1
26182,2
26183,1
26184,2
26185,1
26186,1
26187,2
26188,7
26189,1
26190,2
26191,1
26192,3
26193,2
26194,1
26195,2
26196,2
26197,2
26198,1
26199,1
26200,2
26201,1
26202,2
26203,4
26204,2
26205,0
26206,2
26207,2
26208,3
26209,3
26210,2
26211,2
26212,0
26213,2
26214,2
26215,0
26216,1
26217,1
26218,1
26219,3
26220,3
26221,2
26222,1
26223,1
26224,1
26225,0
26226,2
26227,2
26228,2
26229,1
26230,0
26231,3
26232,0
26233,4
26234,1
26235,5
26236,1
26237,1
26238,0
26239,6
26240,3
26241,1
26242,1
26243,2
26244,2
26245,1
26246,0
26247,1
26248,0
26249,2
26250,1
26251,2
26252,2
26253,0
26254,0
26255,2
26256,3
26257,1
26258,7
26259,0
26260,0
26261,2
26262,2
26263,1
26264,0
26265,4
26266,4
26267,1
26268,4
26269,1
26270,1
26271,4
26272,2
26273,3
26274,2
26275,0
26276,1
26277,1
26278,0
26279,0
26280,2
26281,1
26282,2
26283,1
26284,2
26285,0
26286,3
26287,1
26288,1
26289,2
26290,0
26291,1
26292,1
26293,1
26294,0
26295,1
26296,1
26297,1
26298,1
26299,1
26300,0
26301,2
26302,1
26303,3
26304,0
26305,0
26306,1
26307,1
26308,0
26309,0
26310,0
26311,1
26312,0
26313,1
26314,2
26315,1
26316,2
26317,0
26318,2
26319,2
26320,0
26321,2
26322,1
26323,1
26324,0
26325,2
26326,2
26327,2
26328,0
26329,0
26330,1
26331,2
26332,8
26333,2
26334,2
26335,5
26336,0
26337,0
26338,1
26339,1
26340,2
26341,2
26342,2
26343,1
26344,0
26345,6
26346,4
26347,1
26348,1
26349,1
26350,5
26351,1
26352,5
26353,5
26354,3
26355,1
26356,3
26357,6
26358,1
26359,1
26360,1
26361,3
26362,0
26363,1
26364,4
26365,4
26366,4
26367,3
26368,0
26369,1
26370,4
26371,4
26372,2
26373,3
26374,2
26375,0
26376,6
26377,1
26378,3
26379,1
26380,2
26381,1
26382,2
26383,3
26384,1
26385,1
26386,1
26387,0
26388,1
26389,0
26390,3
26391,2
26392,2
26393,0
26394,0
26395,4
26396,3
26397,1
26398,1
26399,1
26400,2
26401,0
26402,2
26403,2
26404,1
26405,1
26406,3
26407,2
26408,6
26409,4
26410,3
26411,1
26412,2
26413,1
26414,2
26415,1
26416,3
26417,2
26418,3
26419,4
26420,1
26421,0
26422,3
26423,1
26424,2
26425,5
26426,3
26427,2
26428,0
26429,0
26430,1
26431,1
26432,1
26433,3
26434,0
26435,1
26436,0
26437,2
26438,0
26439,1
26440,0
26441,3
26442,2
26443,2
26444,0
26445,1
26446,3
26447,4
26448,1
26449,4
26450,2
26451,1
26452,3
26453,0
26454,1
26455,1
26456,0
26457,0
26458,1
26459,3
26460,1
26461,1
26462,5
26463,0
26464,1
26465,2
26466,0
26467,1
26468,0
26469,1
26470,1
26471,0
26472,1
26473,1
26474,0
26475,2
26476,5
26477,2
26478,1
26479,1
26480,0
26481,1
26482,1
26483,11
26484,5
26485,1
26486,2
26487,1
26488,1
26489,2
26490,2
26491,0
26492,0
26493,2
26494,4
26495,3
26496,1
26497,0
26498,2
26499,2
26500,1
26501,2
26502,1
26503,0
26504,0
26505,1
26506,2
26507,0
26508,1
26509,1
26510,1
26511,1
26512,0
26513,2
26514,0
26515,0
26516,2
26517,1
26518,2
26519,2
26520,2
26521,2
26522,0
26523,2
26524,4
26525,1
26526,3
26527,1
26528,7
26529,5
26530,1
26531,0
26532,3
26533,2
26534,1
26535,1
26536,3
26537,1
26538,2
26539,2
26540,2
26541,3
26542,2
26543,1
26544,2
26545,1
26546,0
26547,5
26548,2
26549,3
26550,2
26551,1
26552,3
26553,3
26554,0
26555,3
26556,2
26557,1
26558,3
26559,2
26560,1
26561,3
26562,1
26563,2
26564,2
26565,2
26566,1
26567,2
26568,2
26569,5
26570,3
26571,3
26572,5
26573,4
26574,2
26575,1
26576,4
26577,2
26578,3
26579,5
26580,3
26581,0
26582,1
26583,2
26584,1
26585,0
26586,2
26587,1
26588,3
26589,2
26590,1
26591,1
26592,1
26593,2
26594,2
26595,2
26596,2
26597,5
26598,0
26599,1
26600,4
26601,3
26602,2
26603,0
26604,3
26605,1
26606,0
26607,1
26608,1
26609,1
26610,0
26611,0
26612,2
26613,1
26614,3
26615,1
26616,4
26617,0
26618,2
26619,2
26620,2
26621,2
26622,3
26623,1
26624,1
26625,2
26626,5
26627,3
26628,1
26629,1
26630,1
26631,1
26632,2
26633,1
26634,1
26635,2
26636,0
26637,4
26638,6
26639,4
26640,0
26641,1
26642,1
26643,1
26644,2
26645,1
26646,3
26647,2
26648,0
26649,2
26650,1
26651,1
26652,3
26653,1
26654,0
26655,0
26656,1
26657,4
26658,3
26659,4
26660,1
26661,0
26662,1
26663,8
26664,2
26665,0
26666,2
26667,4
26668,4
26669,2
26670,7
26671,8
26672,3
26673,6
26674,4
26675,3
26676,2
26677,3
26678,3
26679,1
26680,1
26681,4
26682,2
26683,0
26684,7
26685,1
26686,2
26687,7
26688,3
26689,3
26690,2
26691,4
26692,0
26693,3
26694,6
26695,1
26696,2
26697,10
26698,1
26699,1
26700,1
26701,0
26702,1
26703,1
26704,1
26705,4
26706,0
26707,2
26708,5
26709,20
26710,14
26711,1
26712,1
26713,6
26714,5
26715,1
26716,2
26717,0
26718,1
26719,1
26720,4
26721,0
26722,1
26723,5
26724,1
26725,1
26726,7
26727,0
26728,2
26729,1
26730,2
26731,3
26732,1
26733,2
26734,1
26735,3
26736,3
26737,0
26738,3
26739,0
26740,3
26741,4
26742,2
26743,4
26744,2
26745,2
26746,2
26747,4
26748,2
26749,1
26750,3
26751,1
26752,2
26753,4
26754,1
26755,1
26756,2
26757,1
26758,1
26759,3
26760,2
26761,3
26762,4
26763,1
26764,1
26765,0
26766,3
26767,7
26768,4
26769,0
26770,2
26771,5
26772,2
26773,1
26774,1
26775,3
26776,5
26777,4
26778,1
26779,0
26780,1
26781,1
26782,0
26783,2
26784,0
26785,2
26786,1
26787,2
26788,2
26789,1
26790,1
26791,3
26792,0
26793,2
26794,1
26795,6
26796,0
26797,0
26798,1
26799,2
26800,5
26801,2
26802,0
26803,1
26804,3
26805,1
26806,0
26807,0
26808,0
26809,2
26810,7
26811,0
26812,1
26813,1
26814,3
26815,0
26816,1
26817,2
26818,2
26819,4
26820,0
26821,1
26822,1
26823,1
26824,1
26825,2
26826,7
26827,2
26828,7
26829,3
26830,1
26831,1
26832,2
26833,0
26834,4
26835,2
26836,0
26837,0
26838,2
26839,2
26840,4
26841,2
26842,0
26843,0
26844,4
26845,3
26846,2
26847,3
26848,7
26849,2
26850,2
26851,5
26852,7
26853,4
26854,1
26855,1
26856,2
26857,5
26858,1
26859,1
26860,2
26861,4
26862,2
26863,1
26864,0
26865,2
26866,0
26867,2
26868,0
26869,1
26870,3
26871,2
26872,1
26873,0
26874,3
26875,1
26876,1
26877,1
26878,3
26879,0
26880,0
26881,1
26882,1
26883,1
26884,2
26885,0
26886,2
26887,2
26888,0
26889,0
26890,1
26891,0
26892,0
26893,1
26894,0
26895,1
26896,3
26897,1
26898,1
26899,0
26900,3
26901,1
26902,0
26903,1
26904,1
26905,0
26906,2
26907,0
26908,1
26909,2
26910,0
26911,1
26912,3
26913,3
26914,1
26915,1
26916,0
26917,0
26918,0
26919,1
26920,0
26921,3
26922,2
26923,2
26924,2
26925,2
26926,3
26927,0
26928,1
26929,3
26930,0
26931,2
26932,1
26933,4
26934,3
26935,2
26936,1
26937,0
26938,3
26939,3
26940,1
26941,2
26942,0
26943,1
26944,0
26945,1
26946,2
26947,2
26948,2
26949,0
26950,0
26951,2
26952,3
26953,1
26954,1
26955,1
26956,2
26957,2
26958,0
26959,0
26960,3
26961,2
26962,5
26963,1
26964,2
26965,2
26966,1
26967,3
26968,1
26969,1
26970,1
26971,0
26972,4
26973,1
26974,2
26975,2
26976,2
26977,1
26978,1
26979,5
26980,5
26981,10
26982,0
26983,0
26984,1
26985,0
26986,3
26987,4
26988,2
26989,0
26990,1
26991,2
26992,10
26993,1
26994,1
26995,0
26996,0
26997,2
26998,0
26999,4
27000,0
27001,2
27002,2
27003,1
27004,2
27005,1
27006,0
27007,4
27008,1
27009,1
27010,2
27011,2
27012,1
27013,2
27014,2
27015,4
27016,2
27017,0
27018,3
27019,1
27020,2
27021,2
27022,2
27023,0
27024,0
27025,0
27026,2
27027,1
27028,0
27029,3
27030,1
27031,1
27032,2
27033,0
27034,1
27035,1
27036,1
27037,1
27038,2
27039,2
27040,1
27041,2
27042,2
27043,1
27044,1
27045,0
27046,1
27047,2
27048,0
27049,0
27050,2
27051,0
27052,2
27053,1
27054,0
27055,5
27056,2
27057,2
27058,6
27059,4
27060,1
27061,0
27062,1
27063,1
27064,1
27065,1
27066,1
27067,3
27068,2
27069,1
27070,0
27071,0
27072,3
27073,2
27074,1
27075,4
27076,0
27077,0
27078,1
27079,1
27080,0
27081,1
27082,0
27083,3
27084,1
27085,0
27086,0
27087,1
27088,0
27089,0
27090,2
27091,0
27092,2
27093,0
27094,1
27095,3
27096,1
27097,0
27098,1
27099,1
27100,2
27101,2
27102,3
27103,2
27104,2
27105,4
27106,1
27107,1
27108,2
27109,0
27110,0
27111,3
27112,1
27113,5
27114,0
27115,3
27116,1
27117,3
27118,1
27119,1
27120,1
27121,1
27122,0
27123,0
27124,0
27125,0
27126,1
27127,2
27128,1
27129,2
27130,1
27131,2
27132,4
27133,0
27134,1
27135,1
27136,0
27137,1
27138,4
27139,0
27140,0
27141,1
27142,4
27143,5
27144,5
27145,1
27146,1
27147,3
27148,0
27149,0
27150,1
27151,1
27152,3
27153,0
27154,1
27155,3
27156,3
27157,1
27158,4
27159,0
27160,1
27161,4
27162,1
27163,4
27164,2
27165,1
27166,1
27167,0
27168,2
27169,0
27170,0
27171,0
27172,2
27173,1
27174,3
27175,3
27176,2
27177,2
27178,3
27179,1
27180,7
27181,2
27182,1
27183,2
27184,1
27185,1
27186,0
27187,1
27188,3
27189,0
27190,1
27191,3
27192,0
27193,1
27194,7
27195,1
27196,0
27197,2
27198,5
27199,0
27200,2
27201,0
27202,2
27203,0
27204,1
27205,2
27206,2
27207,1
27208,1
27209,0
27210,1
27211,3
27212,6
27213,1
27214,1
27215,3
27216,1
27217,2
27218,3
27219,4
27220,1
27221,2
27222,2
27223,0
27224,0
27225,0
27226,1
27227,1
27228,0
27229,0
27230,0
27231,2
27232,4
27233,3
27234,2
27235,3
27236,2
27237,1
27238,2
27239,1
27240,1
27241,1
27242,3
27243,0
27244,0
27245,1
27246,0
27247,0
27248,2
27249,1
27250,1
27251,0
27252,3
27253,1
27254,1
27255,0
27256,0
27257,0
27258,1
27259,1
27260,0
27261,1
27262,1
27263,0
27264,2
27265,3
27266,3
27267,1
27268,1
27269,1
27270,2
27271,3
27272,3
27273,3
27274,1
27275,0
27276,2
27277,1
27278,1
27279,0
27280,1
27281,1
27282,1
27283,1
27284,1
27285,0
27286,0
27287,2
27288,0
27289,2
27290,1
27291,0
27292,1
27293,2
27294,0
27295,1
27296,1
27297,0
27298,0
27299,1
27300,3
27301,2
27302,0
27303,4
27304,1
27305,1
27306,1
27307,0
27308,1
27309,1
27310,0
27311,1
27312,1
27313,0
27314,0
27315,0
27316,2
27317,1
27318,0
27319,5
27320,1
27321,3
27322,2
27323,1
27324,2
27325,3
27326,1
27327,1
27328,1
27329,0
27330,0
27331,1
27332,1
27333,2
27334,0
27335,1
27336,1
27337,1
27338,4
27339,1
27340,1
27341,3
27342,2
27343,1
27344,4
27345,1
27346,6
27347,3
27348,0
27349,8
27350,2
27351,0
27352,3
27353,6
27354,0
27355,4
27356,4
27357,1
27358,1
27359,4
27360,1
27361,2
27362,1
27363,3
27364,2
27365,0
27366,2
27367,4
27368,1
27369,0
27370,1
27371,1
27372,2
27373,3
27374,2
27375,0
27376,1
27377,4
27378,1
27379,1
27380,5
27381,1
27382,4
27383,2
27384,0
27385,0
27386,0
27387,6
27388,3
27389,0
27390,1
27391,2
27392,0
27393,2
27394,0
27395,0
27396,2
27397,4
27398,0
27399,1
27400,0
27401,0
27402,2
27403,2
27404,0
27405,1
27406,0
27407,2
27408,0
27409,1
27410,2
27411,0
27412,2
27413,5
27414,0
27415,4
27416,0
27417,0
27418,2
27419,1
27420,0
27421,0
27422,1
27423,1
27424,2
27425,3
27426,2
27427,0
27428,1
27429,2
27430,1
27431,0
27432,2
27433,1
27434,3
27435,0
27436,1
27437,2
27438,1
27439,1
27440,1
27441,2
27442,0
27443,0
27444,0
27445,1
27446,0
27447,1
27448,3
27449,1
27450,1
27451,0
27452,0
27453,4
27454,0
27455,0
27456,1
27457,2
27458,0
27459,1
27460,2
27461,2
27462,2
27463,2
27464,2
27465,6
27466,0
27467,1
27468,1
27469,0
27470,1
27471,1
27472,3
27473,0
27474,2
27475,1
27476,1
27477,2
27478,1
27479,0
27480,2
27481,2
27482,0
27483,1
27484,2
27485,0
27486,2
27487,0
27488,0
27489,2
27490,1
27491,0
27492,1
27493,1
27494,1
27495,0
27496,0
27497,3
27498,1
27499,1
27500,3
27501,0
27502,2
27503,2
27504,5
27505,1
27506,1
27507,1
27508,2
27509,0
27510,2
27511,1
27512,1
27513,1
27514,1
27515,4
27516,1
27517,0
27518,0
27519,0
27520,1
27521,1
27522,1
27523,3
27524,2
27525,0
27526,0
27527,0
27528,0
27529,0
27530,0
27531,1
27532,2
27533,1
27534,3
27535,3
27536,2
27537,1
27538,3
27539,3
27540,3
27541,5
27542,3
27543,0
27544,2
27545,2
27546,0
27547,2
27548,3
27549,0
27550,0
27551,1
27552,2
27553,2
27554,1
27555,2
27556,2
27557,0
27558,5
27559,8
27560,3
27561,1
27562,0
27563,1
27564,0
27565,2
27566,4
27567,1
27568,3
27569,4
27570,0
27571,4
27572,3
27573,1
27574,3
27575,4
27576,2
27577,1
27578,4
27579,2
27580,2
27581,3
27582,2
27583,4
27584,2
27585,18
27586,1
27587,4
27588,6
27589,3
27590,3
27591,7
27592,2
27593,6
27594,2
27595,1
27596,6
27597,3
27598,1
27599,4
27600,5
27601,2
27602,6
27603,7
27604,3
27605,1
27606,2
27607,0
27608,1
27609,2
27610,1
27611,1
27612,3
27613,3
27614,2
27615,3
27616,4
27617,4
27618,5
27619,5
27620,4
27621,1
27622,1
27623,7
27624,7
27625,3
27626,2
27627,1
27628,7
27629,2
27630,3
27631,2
27632,2
27633,2
27634,0
27635,2
27636,1
27637,2
27638,4
27639,0
27640,1
27641,2
27642,4
27643,5
27644,1
27645,4
27646,3
27647,3
27648,1
27649,1
27650,2
27651,0
27652,3
27653,0
27654,6
27655,3
27656,3
27657,4
27658,3
27659,2
27660,2
27661,3
27662,0
27663,3
27664,3
27665,0
27666,2
27667,1
27668,3
27669,4
27670,1
27671,2
27672,6
27673,1
27674,1
27675,0
27676,3
27677,4
27678,4
27679,1
27680,0
27681,1
27682,3
27683,3
27684,1
27685,5
27686,3
27687,1
27688,3
27689,2
27690,0
27691,3
27692,4
27693,3
27694,1
27695,4
27696,1
27697,6
27698,2
27699,1
27700,5
27701,1
27702,7
27703,6
27704,3
27705,1
27706,1
27707,2
27708,2
27709,2
27710,1
27711,0
27712,1
27713,1
27714,1
27715,0
27716,1
27717,1
27718,1
27719,1
27720,1
27721,3
27722,3
27723,2
27724,5
27725,0
27726,3
27727,0
27728,1
27729,3
27730,4
27731,1
27732,6
27733,6
27734,3
27735,1
27736,1
27737,3
27738,0
27739,2
27740,1
27741,2
27742,1
27743,0
27744,0
27745,2
27746,3
27747,1
27748,1
27749,1
27750,7
27751,3
27752,1
27753,0
27754,1
27755,2
27756,1
27757,1
27758,1
27759,1
27760,2
27761,1
27762,2
27763,2
27764,5
27765,3
27766,2
27767,2
27768,2
27769,1
27770,2
27771,2
27772,0
27773,1
27774,2
27775,2
27776,6
27777,0
27778,0
27779,2
27780,0
27781,2
27782,1
27783,2
27784,1
27785,2
27786,0
27787,1
27788,0
27789,5
27790,0
27791,1
27792,2
27793,1
27794,0
27795,2
27796,0
27797,0
27798,0
27799,0
27800,0
27801,1
27802,1
27803,2
27804,3
27805,4
27806,1
27807,1
27808,1
27809,3
27810,4
27811,2
27812,1
27813,0
27814,1
27815,6
27816,3
27817,2
27818,2
27819,0
27820,0
27821,1
27822,2
27823,1
27824,0
27825,0
27826,0
27827,3
27828,1
27829,0
27830,0
27831,3
27832,0
27833,1
27834,0
27835,2
27836,0
27837,3
27838,2
27839,2
27840,1
27841,1
27842,2
27843,1
27844,0
27845,8
27846,4
27847,8
27848,5
27849,3
27850,1
27851,6
27852,3
27853,2
27854,9
27855,2
27856,2
27857,1
27858,0
27859,5
27860,1
27861,5
27862,2
27863,2
27864,1
27865,3
27866,2
27867,0
27868,0
27869,4
27870,0
27871,1
27872,0
27873,0
27874,2
27875,2
27876,5
27877,2
27878,5
27879,1
27880,1
27881,1
27882,0
27883,0
27884,3
27885,0
27886,2
27887,2
27888,0
27889,2
27890,0
27891,1
27892,1
27893,1
27894,3
27895,2
27896,0
27897,2
27898,1
27899,1
27900,1
27901,0
27902,3
27903,2
27904,2
27905,0
27906,2
27907,2
27908,0
27909,2
27910,1
27911,1
27912,0
27913,0
27914,0
27915,0
27916,3
27917,3
27918,1
27919,2
27920,4
27921,3
27922,0
27923,1
27924,5
27925,1
27926,1
27927,1
27928,2
27929,1
27930,0
27931,1
27932,1
27933,1
27934,2
27935,1
27936,1
27937,1
27938,0
27939,1
27940,0
27941,4
27942,0
27943,1
27944,1
27945,1
27946,1
27947,1
27948,1
27949,2
27950,0
27951,2
27952,4
27953,0
27954,1
27955,4
27956,2
27957,1
27958,2
27959,2
27960,3
27961,0
27962,4
27963,3
27964,1
27965,0
27966,1
27967,4
27968,3
27969,5
27970,3
27971,3
27972,3
27973,2
27974,0
27975,2
27976,3
27977,2
27978,2
27979,3
27980,0
27981,3
27982,4
27983,5
27984,4
27985,2
27986,4
27987,1
27988,4
27989,0
27990,0
27991,1
27992,4
27993,0
27994,1
27995,4
27996,1
27997,2
27998,4
27999,3
28000,3
28001,1
28002,2
28003,1
28004,0
28005,2
28006,1
28007,0
28008,2
28009,2
28010,3
28011,1
28012,3
28013,2
28014,1
28015,3
28016,0
28017,8
28018,1
28019,2
28020,0
28021,1
28022,1
28023,4
28024,2
28025,2
28026,4
28027,1
28028,1
28029,3
28030,3
28031,0
28032,2
28033,0
28034,0
28035,0
28036,2
28037,2
28038,0
28039,5
28040,0
28041,2
28042,4
28043,0
28044,1
28045,1
28046,1
28047,1
28048,2
28049,2
28050,1
28051,3
28052,0
28053,3
28054,1
28055,2
28056,0
28057,1
28058,2
28059,4
28060,1
28061,1
28062,1
28063,1
28064,3
28065,2
28066,1
28067,2
28068,1
28069,0
28070,1
28071,3
28072,0
28073,0
28074,2
28075,1
28076,0
28077,3
28078,2
28079,1
28080,2
28081,3
28082,2
28083,1
28084,0
28085,0
28086,2
28087,1
28088,0
28089,1
28090,3
28091,1
28092,1
28093,3
28094,2
28095,1
28096,0
28097,2
28098,0
28099,7
28100,0
28101,1
28102,0
28103,1
28104,2
28105,0
28106,2
28107,2
28108,4
28109,0
28110,0
28111,1
28112,0
28113,2
28114,1
28115,0
28116,4
28117,1
28118,0
28119,0
28120,5
28121,2
28122,0
28123,0
28124,1
28125,0
28126,1
28127,1
28128,3
28129,1
28130,0
28131,1
28132,3
28133,0
28134,0
28135,0
28136,1
28137,2
28138,3
28139,1
28140,7
28141,1
28142,2
28143,2
28144,2
28145,2
28146,1
28147,0
28148,0
28149,0
28150,1
28151,2
28152,1
28153,2
28154,0
28155,2
28156,2
28157,2
28158,5
28159,3
28160,4
28161,1
28162,4
28163,2
28164,1
28165,2
28166,3
28167,4
28168,1
28169,2
28170,1
28171,0
28172,1
28173,0
28174,0
28175,1
28176,3
28177,2
28178,0
28179,1
28180,0
28181,3
28182,2
28183,1
28184,1
28185,0
28186,2
28187,1
28188,2
28189,1
28190,1
28191,1
28192,1
28193,0
28194,1
28195,2
28196,1
28197,0
28198,3
28199,1
28200,4
28201,0
28202,1
28203,2
28204,1
28205,1
28206,2
28207,2
28208,0
28209,5
28210,3
28211,4
28212,4
28213,3
28214,1
28215,2
28216,2
28217,0
28218,1
28219,1
28220,1
28221,6
28222,1
28223,3
28224,3
28225,1
28226,0
28227,1
28228,2
28229,0
28230,2
28231,4
28232,0
28233,2
28234,1
28235,2
28236,0
28237,2
28238,2
28239,2
28240,1
28241,0
28242,0
28243,1
28244,0
28245,1
28246,2
28247,1
28248,3
28249,1
28250,2
28251,2
28252,2
28253,1
28254,4
28255,1
28256,6
28257,4
28258,1
28259,1
28260,2
28261,0
28262,2
28263,2
28264,2
28265,3
28266,0
28267,3
28268,3
28269,0
28270,2
28271,0
28272,1
28273,4
28274,2
28275,2
28276,3
28277,1
28278,2
28279,3
28280,4
28281,0
28282,5
28283,0
28284,0
28285,1
28286,1
28287,1
28288,3
28289,4
28290,2
28291,1
28292,0
28293,2
28294,1
28295,3
28296,2
28297,1
28298,2
28299,4
28300,2
28301,1
28302,1
28303,0
28304,0
28305,0
28306,1
28307,1
28308,7
28309,1
28310,4
28311,2
28312,0
28313,0
28314,2
28315,1
28316,2
28317,1
28318,1
28319,2
28320,0
28321,0
28322,4
28323,2
28324,0
28325,0
28326,1
28327,0
28328,3
28329,0
28330,0
28331,4
28332,0
28333,2
28334,0
28335,0
28336,1
28337,1
28338,1
28339,1
28340,0
28341,2
28342,0
28343,2
28344,2
28345,1
28346,0
28347,2
28348,2
28349,2
28350,0
28351,2
28352,0
28353,2
28354,3
28355,0
28356,1
28357,2
28358,2
28359,4
28360,2
28361,3
28362,0
28363,1
28364,0
28365,3
28366,0
28367,2
28368,3
28369,2
28370,1
28371,2
28372,1
28373,3
28374,0
28375,3
28376,0
28377,1
28378,1
28379,0
28380,0
28381,0
28382,4
28383,2
28384,2
28385,2
28386,2
28387,3
28388,0
28389,2
28390,1
28391,0
28392,0
28393,0
28394,0
28395,0
28396,0
28397,0
28398,1
28399,1
28400,1
28401,4
28402,2
28403,2
28404,3
28405,2
28406,2
28407,1
28408,1
28409,5
28410,1
28411,2
28412,4
28413,2
28414,0
28415,0
28416,1
28417,1
28418,0
28419,0
28420,2
28421,5
28422,7
28423,1
28424,1
28425,0
28426,0
28427,1
28428,1
28429,0
28430,3
28431,4
28432,0
28433,3
28434,0
28435,1
28436,2
28437,2
28438,2
28439,1
28440,1
28441,2
28442,2
28443,0
28444,1
28445,0
28446,3
28447,2
28448,0
28449,2
28450,2
28451,1
28452,2
28453,1
28454,0
28455,0
28456,2
28457,0
28458,0
28459,3
28460,2
28461,2
28462,0
28463,0
28464,2
28465,2
28466,2
28467,1
28468,0
28469,4
28470,1
28471,1
28472,0
28473,2
28474,1
28475,0
28476,1
28477,0
28478,1
28479,1
28480,4
28481,1
28482,1
28483,2
28484,3
28485,2
28486,1
28487,1
28488,4
28489,0
28490,1
28491,3
28492,3
28493,2
28494,1
28495,3
28496,2
28497,2
28498,3
28499,2
28500,4
28501,1
28502,2
28503,4
28504,2
28505,5
28506,4
28507,8
28508,4
28509,7
28510,2
28511,3
28512,0
28513,1
28514,1
28515,5
28516,2
28517,7
28518,1
28519,3
28520,3
28521,1
28522,0
28523,4
28524,2
28525,3
28526,0
28527,0
28528,1
28529,2
28530,0
28531,2
28532,2
28533,1
28534,2
28535,3
28536,0
28537,4
28538,0
28539,0
28540,3
28541,0
28542,2
28543,3
28544,1
28545,1
28546,4
28547,1
28548,5
28549,1
28550,3
28551,1
28552,2
28553,2
28554,0
28555,1
28556,1
28557,0
28558,0
28559,0
28560,2
28561,1
28562,1
28563,1
28564,2
28565,3
28566,1
28567,4
28568,0
28569,0
28570,3
28571,0
28572,2
28573,1
28574,0
28575,0
28576,0
28577,0
28578,1
28579,0
28580,1
28581,1
28582,0
28583,0
28584,0
28585,1
28586,0
28587,4
28588,0
28589,0
28590,1
28591,1
28592,0
28593,0
28594,1
28595,0
28596,2
28597,4
28598,0
28599,2
28600,1
28601,1
28602,1
28603,2
28604,1
28605,1
28606,0
28607,2
28608,0
28609,1
28610,0
28611,4
28612,2
28613,0
28614,1
28615,0
28616,0
28617,5
28618,4
28619,4
28620,0
28621,2
28622,4
28623,1
28624,2
28625,0
28626,1
28627,10
28628,2
28629,1
28630,14
28631,2
28632,3
28633,1
28634,2
28635,0
28636,2
28637,0
28638,4
28639,2
28640,2
28641,3
28642,3
28643,1
28644,0
28645,5
28646,4
28647,2
28648,0
28649,4
28650,4
28651,6
28652,1
28653,0
28654,2
28655,2
28656,3
28657,0
28658,1
28659,0
28660,2
28661,1
28662,0
28663,0
28664,2
28665,1
28666,1
28667,1
28668,0
28669,2
28670,4
28671,1
28672,0
28673,0
28674,2
28675,3
28676,0
28677,2
28678,0
28679,0
28680,1
28681,2
28682,0
28683,0
28684,1
28685,1
28686,0
28687,3
28688,1
28689,2
28690,1
28691,1
28692,0
28693,2
28694,2
28695,2
28696,1
28697,1
28698,1
28699,1
28700,1
28701,0
28702,6
28703,1
28704,0
28705,1
28706,0
28707,3
28708,1
28709,1
28710,0
28711,2
28712,0
28713,2
28714,0
28715,3
28716,1
28717,1
28718,2
28719,1
28720,0
28721,3
28722,0
28723,1
28724,1
28725,3
28726,1
28727,0
28728,0
28729,0
28730,1
28731,0
28732,1
28733,3
28734,3
28735,0
28736,4
28737,1
28738,1
28739,3
28740,0
28741,1
28742,2
28743,3
28744,2
28745,2
28746,1
28747,3
28748,1
28749,1
28750,2
28751,2
28752,1
28753,2
28754,1
28755,0
28756,0
28757,0
28758,0
28759,0
28760,1
28761,0
28762,4
28763,1
28764,0
28765,2
28766,4
28767,1
28768,2
28769,0
28770,8
28771,19
28772,3
28773,2
28774,1
28775,1
28776,4
28777,0
28778,1
28779,0
28780,2
28781,1
28782,2
28783,0
28784,1
28785,3
28786,3
28787,1
28788,0
28789,3
28790,0
28791,1
28792,1
28793,1
28794,1
28795,0
28796,1
28797,1
28798,0
28799,2
28800,1
28801,5
28802,0
28803,1
28804,1
28805,0
28806,3
28807,0
28808,1
28809,1
28810,0
28811,1
28812,2
28813,1
28814,1
28815,1
28816,1
28817,2
28818,2
28819,2
28820,1
28821,1
28822,0
28823,1
28824,2
28825,3
28826,0
28827,1
28828,1
28829,2
28830,0
28831,0
28832,4
28833,1
28834,0
28835,0
28836,0
28837,2
28838,0
28839,5
28840,0
28841,0
28842,3
28843,2
28844,6
28845,1
28846,1
28847,0
28848,1
28849,2
28850,1
28851,0
28852,1
28853,2
28854,0
28855,0
28856,0
28857,1
28858,0
28859,0
28860,1
28861,0
28862,0
28863,1
28864,0
28865,2
28866,1
28867,0
28868,0
28869,0
28870,1
28871,1
28872,0
28873,0
28874,0
28875,1
28876,1
28877,1
28878,2
28879,2
28880,2
28881,0
28882,0
28883,2
28884,1
28885,0
28886,1
28887,0
28888,0
28889,0
28890,0
28891,3
28892,1
28893,0
28894,0
28895,2
28896,1
28897,2
28898,1
28899,1
28900,2
28901,1
28902,0
28903,1
28904,0
28905,2
28906,1
28907,0
28908,2
28909,0
28910,4
28911,0
28912,1
28913,0
28914,1
28915,0
28916,0
28917,3
28918,2
28919,2
28920,2
28921,0
28922,1
28923,1
28924,1
28925,3
28926,2
28927,1
28928,3
28929,0
28930,1
28931,2
28932,4
28933,2
28934,0
28935,0
28936,1
28937,0
28938,0
28939,2
28940,1
28941,1
28942,2
28943,5
28944,1
28945,2
28946,0
28947,0
28948,1
28949,1
28950,2
28951,0
28952,0
28953,2
28954,2
28955,0
28956,1
28957,1
28958,2
28959,2
28960,1
28961,3
28962,0
28963,0
28964,0
28965,0
28966,1
28967,7
28968,1
28969,2
28970,0
28971,4
28972,1
28973,2
28974,2
28975,2
28976,4
28977,1
28978,2
28979,0
28980,1
28981,2
28982,1
28983,4
28984,1
28985,1
28986,1
28987,1
28988,1
28989,2
28990,0
28991,0
28992,2
28993,2
28994,3
28995,0
28996,0
28997,1
28998,1
28999,2
29000,1
29001,1
29002,5
29003,1
29004,1
29005,3
29006,4
29007,0
29008,3
29009,2
29010,1
29011,3
29012,2
29013,1
29014,1
29015,1
29016,2
29017,0
29018,2
29019,2
29020,2
29021,3
29022,1
29023,0
29024,2
29025,1
29026,1
29027,3
29028,1
29029,1
29030,4
29031,2
29032,1
29033,2
29034,2
29035,0
29036,2
29037,1
29038,0
29039,2
29040,1
29041,1
29042,0
29043,1
29044,1
29045,1
29046,1
29047,1
29048,0
29049,0
29050,0
29051,3
29052,3
29053,1
29054,1
29055,2
29056,0
29057,1
29058,3
29059,5
29060,2
29061,1
29062,2
29063,2
29064,1
29065,4
29066,2
29067,0
29068,1
29069,2
29070,1
29071,2
29072,2
29073,3
29074,1
29075,1
29076,3
29077,2
29078,2
29079,3
29080,0
29081,0
29082,7
29083,0
29084,4
29085,0
29086,1
29087,0
29088,2
29089,2
29090,2
29091,1
29092,1
29093,0
29094,0
29095,0
29096,3
29097,1
29098,0
29099,0
29100,1
29101,1
29102,1
29103,2
29104,0
29105,1
29106,1
29107,1
29108,0
29109,0
29110,0
29111,1
29112,1
29113,0
29114,3
29115,1
29116,1
29117,0
29118,1
29119,0
29120,1
29121,1
29122,1
29123,2
29124,1
29125,0
29126,2
29127,3
29128,0
29129,0
29130,2
29131,2
29132,3
29133,1
29134,0
29135,0
29136,1
29137,1
29138,1
29139,2
29140,0
29141,2
29142,0
29143,0
29144,0
29145,0
29146,0
29147,0
29148,1
29149,0
29150,1
29151,0
29152,1
29153,3
29154,0
29155,2
29156,0
29157,1
29158,3
29159,1
29160,1
29161,1
29162,2
29163,3
29164,2
29165,1
29166,0
29167,1
29168,0
29169,1
29170,0
29171,1
29172,1
29173,2
29174,1
29175,4
29176,1
29177,2
29178,5
29179,1
29180,2
29181,2
29182,1
29183,1
29184,0
29185,2
29186,0
29187,0
29188,0
29189,3
29190,2
29191,1
29192,1
29193,2
29194,3
29195,3
29196,2
29197,0
29198,1
29199,3
29200,1
29201,4
29202,1
29203,2
29204,0
29205,1
29206,1
29207,7
29208,1
29209,3
29210,1
29211,0
29212,2
29213,4
29214,3
29215,0
29216,1
29217,4
29218,10
29219,4
29220,4
29221,2
29222,3
29223,2
29224,1
29225,1
29226,0
29227,0
29228,2
29229,2
29230,0
29231,5
29232,0
29233,4
29234,0
29235,1
29236,1
29237,0
29238,2
29239,0
29240,1
29241,1
29242,0
29243,0
29244,4
29245,2
29246,0
29247,0
29248,3
29249,2
29250,2
29251,1
29252,4
29253,2
29254,1
29255,1
29256,0
29257,0
29258,20
29259,0
29260,2
29261,0
29262,0
29263,1
29264,1
29265,0
29266,2
29267,0
29268,3
29269,0
29270,1
29271,0
29272,1
29273,2
29274,0
29275,1
29276,1
29277,0
29278,0
29279,2
29280,1
29281,0
29282,0
29283,6
29284,0
29285,2
29286,2
29287,0
29288,1
29289,0
29290,0
29291,0
29292,1
29293,1
29294,0
29295,1
29296,1
29297,4
29298,0
29299,3
29300,4
29301,2
29302,2
29303,2
29304,1
29305,2
29306,1
29307,2
29308,1
29309,0
29310,0
29311,0
29312,0
29313,2
29314,0
29315,1
29316,2
29317,1
29318,0
29319,1
29320,5
29321,3
29322,1
29323,0
29324,1
29325,2
29326,0
29327,1
29328,0
29329,1
29330,2
29331,1
29332,2
29333,0
29334,0
29335,3
29336,1
29337,1
29338,3
29339,3
29340,2
29341,2
29342,3
29343,1
29344,0
29345,1
29346,3
29347,2
29348,1
29349,1
29350,3
29351,1
29352,1
29353,0
29354,0
29355,0
29356,0
29357,0
29358,2
29359,1
29360,1
29361,1
29362,0
29363,2
29364,3
29365,0
29366,0
29367,0
29368,4
29369,0
29370,4
29371,2
29372,2
29373,1
29374,1
29375,2
29376,0
29377,2
29378,0
29379,4
29380,0
29381,2
29382,0
29383,0
29384,1
29385,1
29386,0
29387,3
29388,4
29389,5
29390,4
29391,1
29392,2
29393,3
29394,1
29395,4
29396,2
29397,4
29398,2
29399,1
29400,5
29401,1
29402,1
29403,2
29404,0
29405,1
29406,1
29407,2
29408,1
29409,5
29410,1
29411,3
29412,3
29413,3
29414,3
29415,0
29416,0
29417,3
29418,1
29419,5
29420,1
29421,0
29422,3
29423,3
29424,5
29425,2
29426,3
29427,2
29428,1
29429,4
29430,5
29431,2
29432,6
29433,7
29434,1
29435,5
29436,4
29437,2
29438,0
29439,0
29440,1
29441,1
29442,0
29443,2
29444,0
29445,0
29446,3
29447,3
29448,1
29449,1
29450,2
29451,0
29452,2
29453,1
29454,1
29455,1
29456,5
29457,1
29458,1
29459,3
29460,1
29461,3
29462,2
29463,1
29464,1
29465,3
29466,4
29467,1
29468,0
29469,1
29470,1
29471,0
29472,0
29473,0
29474,0
29475,2
29476,1
29477,1
29478,3
29479,2
29480,0
29481,0
29482,2
29483,1
29484,2
29485,0
29486,3
29487,2
29488,4
29489,0
29490,1
29491,2
29492,2
29493,1
29494,1
29495,0
29496,1
29497,1
29498,0
29499,3
29500,0
29501,0
29502,0
29503,0
29504,1
29505,1
29506,3
29507,2
29508,1
29509,0
29510,3
29511,1
29512,1
29513,1
29514,3
29515,4
29516,4
29517,1
29518,1
29519,5
29520,1
29521,1
29522,3
29523,2
29524,5
29525,3
29526,0
29527,1
29528,0
29529,0
29530,0
29531,0
29532,1
29533,2
29534,0
29535,0
29536,1
29537,3
29538,0
29539,0
29540,5
29541,1
29542,1
29543,1
29544,1
29545,2
29546,0
29547,1
29548,1
29549,3
29550,1
29551,1
29552,1
29553,2
29554,1
29555,1
29556,2
29557,1
29558,2
29559,1
29560,0
29561,2
29562,0
29563,9
29564,3
29565,0
29566,4
29567,0
29568,0
29569,2
29570,2
29571,1
29572,7
29573,1
29574,4
29575,1
29576,1
29577,4
29578,3
29579,0
29580,0
29581,2
29582,1
29583,1
29584,2
29585,2
29586,3
29587,2
29588,0
29589,1
29590,0
29591,0
29592,1
29593,0
29594,1
29595,0
29596,2
29597,2
29598,3
29599,2
29600,1
29601,1
29602,0
29603,2
29604,1
29605,1
29606,2
29607,0
29608,2
29609,3
29610,1
29611,0
29612,1
29613,2
29614,2
29615,2
29616,1
29617,0
29618,0
29619,2
29620,1
29621,3
29622,2
29623,1
29624,3
29625,0
29626,1
29627,5
29628,3
29629,1
29630,0
29631,3
29632,2
29633,0
29634,1
29635,0
29636,0
29637,0
29638,2
29639,2
29640,0
29641,0
29642,1
29643,0
29644,0
29645,0
29646,1
29647,1
29648,1
29649,4
29650,2
29651,2
29652,0
29653,1
29654,3
29655,1
29656,0
29657,2
29658,5
29659,1
29660,1
29661,2
29662,0
29663,2
29664,0
29665,2
29666,2
29667,1
29668,2
29669,2
29670,0
29671,4
29672,0
29673,2
29674,0
29675,0
29676,2
29677,0
29678,1
29679,0
29680,1
29681,0
29682,3
29683,2
29684,0
29685,0
29686,0
29687,1
29688,1
29689,1
29690,1
29691,5
29692,2
29693,1
29694,2
29695,2
29696,2
29697,2
29698,1
29699,0
29700,0
29701,0
29702,3
29703,1
29704,8
29705,1
29706,1
29707,2
29708,0
29709,3
29710,0
29711,2
29712,1
29713,2
29714,2
29715,1
29716,1
29717,0
29718,1
29719,3
29720,0
29721,2
29722,2
29723,1
29724,0
29725,2
29726,1
29727,3
29728,2
29729,1
29730,1
29731,0
29732,0
29733,1
29734,2
29735,1
29736,1
29737,3
29738,2
29739,1
29740,3
29741,2
29742,0
29743,1
29744,6
29745,3
29746,2
29747,3
29748,2
29749,4
29750,1
29751,1
29752,0
29753,9
29754,3
29755,3
29756,5
29757,5
29758,2
29759,2
29760,9
29761,2
29762,8
29763,1
29764,3
29765,3
29766,1
29767,0
29768,2
29769,2
29770,1
29771,4
29772,2
29773,0
29774,1
29775,1
29776,0
29777,2
29778,2
29779,3
29780,1
29781,3
29782,4
29783,0
29784,2
29785,1
29786,1
29787,3
29788,0
29789,0
29790,0
29791,5
29792,2
29793,0
29794,0
29795,2
29796,2
29797,0
29798,1
29799,5
29800,1
29801,1
29802,0
29803,3
29804,1
29805,1
29806,0
29807,2
29808,5
29809,9
29810,2
29811,1
29812,1
29813,2
29814,1
29815,0
29816,3
29817,0
29818,0
29819,0
29820,1
29821,0
29822,0
29823,1
29824,2
29825,1
29826,0
29827,3
29828,1
29829,1
29830,0
29831,0
29832,0
29833,29
29834,0
29835,0
29836,4
29837,1
29838,1
29839,0
29840,0
29841,0
29842,1
29843,1
29844,0
29845,0
29846,2
29847,1
29848,3
29849,4
29850,1
29851,4
29852,7
29853,1
29854,0
29855,0
29856,2
29857,0
29858,0
29859,5
29860,0
29861,1
29862,2
29863,1
29864,0
29865,1
29866,0
29867,2
29868,1
29869,0
29870,1
29871,2
29872,0
29873,0
29874,2
29875,2
29876,1
29877,1
29878,1
29879,0
29880,2
29881,1
29882,0
29883,1
29884,1
29885,0
29886,3
29887,3
29888,1
29889,3
29890,0
29891,3
29892,0
29893,2
29894,0
29895,1
29896,2
29897,2
29898,2
29899,0
29900,1
29901,3
29902,3
29903,3
29904,2
29905,3
29906,1
29907,0
29908,1
29909,4
29910,4
29911,0
29912,2
29913,3
29914,0
29915,3
29916,1
29917,1
29918,0
29919,2
29920,1
29921,1
29922,0
29923,1
29924,0
29925,1
29926,0
29927,2
29928,2
29929,1
29930,5
29931,0
29932,0
29933,0
29934,1
29935,0
29936,1
29937,2
29938,0
29939,1
29940,0
29941,2
29942,0
29943,2
29944,2
29945,1
29946,2
29947,0
29948,2
29949,0
29950,0
29951,1
29952,2
29953,1
29954,1
29955,0
29956,5
29957,1
29958,0
29959,1
29960,3
29961,2
29962,3
29963,1
29964,1
29965,0
29966,1
29967,0
29968,2
29969,1
29970,0
29971,2
29972,1
29973,0
29974,1
29975,1
29976,2
29977,0
29978,3
29979,1
29980,2
29981,6
29982,3
29983,0
29984,1
29985,1
29986,2
29987,1
29988,2
29989,2
29990,1
29991,0
29992,2
29993,2
29994,0
29995,2
29996,0
29997,1
29998,0
29999,1
30000,4
30001,2
30002,1
30003,2
30004,2
30005,0
30006,2
30007,1
30008,0
30009,2
30010,1
30011,2
30012,4
30013,2
30014,1
30015,0
30016,1
30017,0
30018,1
30019,0
30020,3
30021,0
30022,0
30023,1
30024,1
30025,1
30026,1
30027,3
30028,1
30029,1
30030,1
30031,4
30032,2
30033,0
30034,0
30035,2
30036,1
30037,0
30038,2
30039,0
30040,2
30041,2
30042,0
30043,2
30044,2
30045,0
30046,1
30047,1
30048,5
30049,1
30050,0
30051,8
30052,0
30053,1
30054,1
30055,3
30056,1
30057,3
30058,0
30059,0
30060,0
30061,0
30062,3
30063,0
30064,4
30065,0
30066,1
30067,1
30068,1
30069,1
30070,1
30071,0
30072,4
30073,1
30074,0
30075,1
30076,1
30077,4
30078,2
30079,1
30080,0
30081,1
30082,0
30083,2
30084,3
30085,3
30086,0
30087,1
30088,4
30089,1
30090,4
30091,1
30092,4
30093,3
30094,1
30095,1
30096,3
30097,0
30098,5
30099,7
30100,0
30101,4
30102,1
30103,4
30104,4
30105,2
30106,1
30107,3
30108,4
30109,0
30110,0
30111,2
30112,2
30113,5
30114,0
30115,2
30116,0
30117,1
30118,0
30119,1
30120,3
30121,3
30122,1
30123,3
30124,1
30125,1
30126,0
30127,1
30128,4
30129,3
30130,1
30131,0
30132,3
30133,2
30134,2
30135,5
30136,1
30137,1
30138,2
30139,3
30140,2
30141,2
30142,3
30143,1
30144,3
30145,1
30146,1
30147,1
30148,0
30149,1
30150,1
30151,0
30152,0
30153,0
30154,2
30155,0
30156,1
30157,1
30158,0
30159,0
30160,2
30161,0
30162,1
30163,0
30164,0
30165,1
30166,1
30167,0
30168,2
30169,0
30170,4
30171,2
30172,3
30173,0
30174,2
30175,2
30176,3
30177,1
30178,3
30179,3
30180,3
30181,5
30182,0
30183,1
30184,1
30185,2
30186,2
30187,2
30188,1
30189,3
30190,1
30191,3
30192,3
30193,0
30194,3
30195,1
30196,2
30197,3
30198,1
30199,5
30200,0
30201,0
30202,3
30203,1
30204,0
30205,1
30206,1
30207,2
30208,2
30209,3
30210,4
30211,5
30212,3
30213,2
30214,3
30215,0
30216,1
30217,0
30218,2
30219,1
30220,2
30221,0
30222,2
30223,0
30224,1
30225,0
30226,2
30227,1
30228,0
30229,1
30230,0
30231,2
30232,1
30233,1
30234,5
30235,2
30236,0
30237,2
30238,0
30239,1
30240,0
30241,2
30242,2
30243,1
30244,0
30245,1
30246,1
30247,0
30248,3
30249,3
30250,1
30251,0
30252,3
30253,1
30254,2
30255,1
30256,1
30257,2
30258,2
30259,3
30260,0
30261,1
30262,1
30263,1
30264,3
30265,0
30266,0
30267,1
30268,1
30269,1
30270,3
30271,0
30272,2
30273,1
30274,1
30275,5
30276,3
30277,4
30278,5
30279,0
30280,0
30281,2
30282,0
30283,0
30284,0
30285,2
30286,1
30287,3
30288,2
30289,1
30290,5
30291,1
30292,1
30293,2
30294,0
30295,1
30296,1
30297,2
30298,6
30299,1
30300,1
30301,2
30302,1
30303,2
30304,1
30305,0
30306,2
30307,1
30308,2
30309,3
30310,0
30311,4
30312,0
30313,1
30314,3
30315,0
30316,2
30317,3
30318,2
30319,4
30320,0
30321,1
30322,2
30323,0
30324,1
30325,4
30326,5
30327,2
30328,1
30329,2
30330,1
30331,0
30332,0
30333,2
30334,0
30335,0
30336,1
30337,3
30338,2
30339,3
30340,3
30341,1
30342,3
30343,0
30344,1
30345,1
30346,0
30347,1
30348,2
30349,0
30350,1
30351,2
30352,1
30353,3
30354,0
30355,0
30356,1
30357,1
30358,2
30359,2
30360,3
30361,5
30362,3
30363,0
30364,3
30365,4
30366,1
30367,2
30368,3
30369,0
30370,0
30371,0
30372,3
30373,2
30374,1
30375,2
30376,0
30377,3
30378,1
30379,3
30380,1
30381,0
30382,0
30383,1
30384,1
30385,1
30386,2
30387,0
30388,3
30389,3
30390,0
30391,2
30392,0
30393,0
30394,1
30395,3
30396,2
30397,2
30398,0
30399,0
30400,0
30401,0
30402,0
30403,4
30404,2
30405,3
30406,5
30407,5
30408,8
30409,1
30410,3
30411,3
30412,0
30413,0
30414,0
30415,0
30416,0
30417,1
30418,0
30419,2
30420,1
30421,3
30422,1
30423,1
30424,0
30425,1
30426,2
30427,2
30428,2
30429,2
30430,0
30431,2
30432,1
30433,4
30434,4
30435,1
30436,2
30437,1
30438,1
30439,0
30440,0
30441,0
30442,1
30443,0
30444,2
30445,5
30446,2
30447,0
30448,1
30449,3
30450,12
30451,1
30452,2
30453,1
30454,1
30455,1
30456,2
30457,0
30458,2
30459,4
30460,6
30461,2
30462,5
30463,4
30464,3
30465,4
30466,3
30467,1
30468,3
30469,0
30470,1
30471,1
30472,2
30473,0
30474,4
30475,2
30476,3
30477,3
30478,1
30479,1
30480,1
30481,3
30482,2
30483,2
30484,0
30485,1
30486,0
30487,1
30488,0
30489,2
30490,1
30491,2
30492,1
30493,3
30494,1
30495,5
30496,3
30497,2
30498,3
30499,2
30500,1
30501,10
30502,2
30503,3
30504,1
30505,1
30506,2
30507,1
30508,1
30509,1
30510,0
30511,0
30512,1
30513,2
30514,1
30515,1
30516,4
30517,0
30518,2
30519,0
30520,1
30521,0
30522,0
30523,0
30524,1
30525,1
30526,1
30527,0
30528,0
30529,1
30530,1
30531,1
30532,0
30533,1
30534,1
30535,0
30536,3
30537,0
30538,0
30539,7
30540,1
30541,1
30542,0
30543,2
30544,2
30545,0
30546,1
30547,6
30548,1
30549,3
30550,0
30551,2
30552,0
30553,1
30554,1
30555,1
30556,0
30557,2
30558,2
30559,2
30560,0
30561,1
30562,2
30563,0
30564,1
30565,1
30566,2
30567,1
30568,0
30569,1
30570,1
30571,0
30572,0
30573,1
30574,0
30575,2
30576,1
30577,0
30578,0
30579,0
30580,0
30581,0
30582,0
30583,4
30584,2
30585,0
30586,1
30587,0
30588,1
30589,1
30590,2
30591,1
30592,3
30593,1
30594,0
30595,3
30596,1
30597,0
30598,1
30599,1
30600,1
30601,0
30602,1
30603,4
30604,1
30605,0
30606,0
30607,2
30608,2
30609,0
30610,2
30611,2
30612,1
30613,1
30614,1
30615,1
30616,1
30617,2
30618,3
30619,1
30620,2
30621,1
30622,2
30623,3
30624,0
30625,3
30626,1
30627,0
30628,1
30629,1
30630,0
30631,1
30632,1
30633,1
30634,0
30635,2
30636,1
30637,3
30638,2
30639,1
30640,1
30641,4
30642,3
30643,3
30644,4
30645,1
30646,2
30647,1
30648,1
30649,3
30650,0
30651,0
30652,0
30653,1
30654,1
30655,0
30656,2
30657,0
30658,1
30659,1
30660,0
30661,1
30662,1
30663,1
30664,0
30665,1
30666,1
30667,2
30668,2
30669,1
30670,0
30671,2
30672,2
30673,0
30674,3
30675,4
30676,3
30677,0
30678,1
30679,1
30680,3
30681,4
30682,2
30683,0
30684,1
30685,2
30686,2
30687,1
30688,1
30689,2
30690,1
30691,1
30692,2
30693,1
30694,0
30695,1
30696,0
30697,1
30698,0
30699,0
30700,1
30701,2
30702,2
30703,4
30704,2
30705,0
30706,0
30707,2
30708,1
30709,0
30710,1
30711,1
30712,1
30713,1
30714,5
30715,2
30716,0
30717,1
30718,0
30719,1
30720,1
30721,1
30722,1
30723,0
30724,2
30725,1
30726,2
30727,1
30728,0
30729,1
30730,1
30731,2
30732,1
30733,2
30734,0
30735,0
30736,0
30737,3
30738,1
30739,0
30740,1
30741,1
30742,0
30743,4
30744,0
30745,2
30746,0
30747,0
30748,0
30749,0
30750,2
30751,4
30752,0
30753,2
30754,1
30755,2
30756,2
30757,3
30758,1
30759,2
30760,1
30761,1
30762,0
30763,1
30764,1
30765,7
30766,3
30767,1
30768,2
30769,4
30770,0
30771,2
30772,3
30773,2
30774,2
30775,1
30776,3
30777,3
30778,2
30779,2
30780,3
30781,2
30782,2
30783,1
30784,2
30785,1
30786,1
30787,5
30788,3
30789,0
30790,3
30791,0
30792,3
30793,1
30794,1
30795,1
30796,1
30797,0
30798,0
30799,1
30800,4
30801,3
30802,1
30803,3
30804,0
30805,2
30806,1
30807,0
30808,1
30809,0
30810,1
30811,1
30812,1
30813,1
30814,1
30815,0
30816,3
30817,1
30818,1
30819,1
30820,0
30821,2
30822,0
30823,1
30824,3
30825,2
30826,1
30827,0
30828,1
30829,0
30830,0
30831,2
30832,0
30833,1
30834,2
30835,0
30836,3
30837,1
30838,1
30839,0
30840,1
30841,4
30842,3
30843,4
30844,1
30845,3
30846,5
30847,0
30848,2
30849,0
30850,1
30851,2
30852,1
30853,3
30854,1
30855,3
30856,2
30857,3
30858,3
30859,1
30860,6
30861,4
30862,0
30863,2
30864,1
30865,4
30866,5
30867,0
30868,1
30869,1
30870,1
30871,1
30872,0
30873,2
30874,3
30875,0
30876,1
30877,3
30878,1
30879,4
30880,2
30881,1
30882,2
30883,0
30884,0
30885,1
30886,0
30887,0
30888,0
30889,2
30890,1
30891,2
30892,0
30893,2
30894,1
30895,1
30896,2
30897,1
30898,1
30899,1
30900,2
30901,3
30902,0
30903,3
30904,0
30905,2
30906,1
30907,2
30908,1
30909,0
30910,0
30911,1
30912,0
30913,2
30914,3
30915,0
30916,3
30917,2
30918,1
30919,3
30920,2
30921,3
30922,3
30923,3
30924,1
30925,8
30926,0
30927,6
30928,3
30929,1
30930,1
30931,0
30932,1
30933,0
30934,1
30935,0
30936,1
30937,0
30938,2
30939,1
30940,0
30941,1
30942,1
30943,4
30944,1
30945,0
30946,3
30947,2
30948,1
30949,1
30950,2
30951,3
30952,0
30953,1
30954,2
30955,0
30956,1
30957,1
30958,3
30959,0
30960,4
30961,1
30962,5
30963,2
30964,1
30965,1
30966,2
30967,1
30968,2
30969,4
30970,1
30971,2
30972,1
30973,1
30974,2
30975,1
30976,2
30977,0
30978,3
30979,1
30980,1
30981,0
30982,0
30983,1
30984,2
30985,2
30986,0
30987,1
30988,0
30989,1
30990,2
30991,3
30992,5
30993,1
30994,1
30995,0
30996,3
30997,3
30998,1
30999,1
31000,0
31001,3
31002,2
31003,0
31004,8
31005,2
31006,2
31007,0
31008,1
31009,1
31010,3
31011,0
31012,0
31013,0
31014,3
31015,1
31016,1
31017,1
31018,0
31019,0
31020,3
31021,1
31022,1
31023,2
31024,1
31025,1
31026,1
31027,0
31028,0
31029,1
31030,4
31031,0
31032,0
31033,0
31034,0
31035,1
31036,2
31037,0
31038,1
31039,1
31040,0
31041,2
31042,0
31043,3
31044,1
31045,0
31046,1
31047,0
31048,0
31049,0
31050,3
31051,2
31052,1
31053,4
31054,1
31055,1
31056,1
31057,0
31058,1
31059,2
31060,0
31061,2
31062,0
31063,1
31064,4
31065,1
31066,3
31067,1
31068,2
31069,1
31070,3
31071,2
31072,2
31073,2
31074,4
31075,1
31076,1
31077,1
31078,1
31079,3
31080,2
31081,0
31082,3
31083,0
31084,2
31085,2
31086,3
31087,3
31088,1
31089,1
31090,3
31091,2
31092,1
31093,3
31094,0
31095,0
31096,2
31097,0
31098,1
31099,3
31100,0
31101,0
31102,0
31103,0
31104,0
31105,2
31106,3
31107,0
31108,2
31109,1
31110,3
31111,2
31112,3
31113,0
31114,0
31115,0
31116,0
31117,0
31118,0
31119,0
31120,0
31121,2
31122,0
31123,1
31124,1
31125,0
31126,2
31127,0
31128,0
31129,1
31130,2
31131,0
31132,1
31133,0
31134,1
31135,1
31136,0
31137,3
31138,1
31139,1
31140,1
31141,0
31142,0
31143,1
31144,1
31145,2
31146,1
31147,0
31148,1
31149,1
31150,3
31151,1
31152,2
31153,2
31154,0
31155,2
31156,1
31157,0
31158,1
31159,0
31160,3
31161,1
31162,3
31163,2
31164,0
31165,1
31166,0
31167,0
31168,1
31169,0
31170,0
31171,2
31172,0
31173,4
31174,0
31175,0
31176,1
31177,0
31178,2
31179,3
31180,3
31181,2
31182,2
31183,0
31184,0
31185,0
31186,1
31187,2
31188,3
31189,0
31190,0
31191,0
31192,0
31193,2
31194,1
31195,0
31196,1
31197,2
31198,0
31199,1
31200,0
31201,0
31202,2
31203,0
31204,1
31205,2
31206,1
31207,1
31208,2
31209,1
31210,4
31211,1
31212,1
31213,0
31214,1
31215,1
31216,1
31217,2
31218,0
31219,2
31220,1
31221,0
31222,1
31223,2
31224,2
31225,0
31226,0
31227,0
31228,3
31229,1
31230,0
31231,2
31232,2
31233,1
31234,0
31235,2
31236,2
31237,3
31238,2
31239,1
31240,3
31241,3
31242,4
31243,3
31244,0
31245,2
31246,1
31247,3
31248,2
31249,3
31250,1
31251,13
31252,6
31253,1
31254,7
31255,0
31256,0
31257,2
31258,8
31259,2
31260,3
31261,15
31262,1
31263,3
31264,3
31265,4
31266,1
31267,5
31268,4
31269,5
31270,2
31271,10
31272,1
31273,3
31274,2
31275,3
31276,2
31277,13
31278,1
31279,0
31280,0
31281,0
31282,16
31283,1
31284,0
31285,0
31286,0
31287,1
31288,1
31289,2
31290,2
31291,1
31292,5
31293,2
31294,7
31295,3
31296,3
31297,1
31298,0
31299,1
31300,3
31301,4
31302,0
31303,0
31304,1
31305,0
31306,1
31307,0
31308,0
31309,9
31310,2
31311,8
31312,4
31313,5
31314,5
31315,1
31316,0
31317,5
31318,2
31319,2
31320,2
31321,1
31322,0
31323,1
31324,1
31325,1
31326,2
31327,0
31328,5
31329,1
31330,0
31331,4
31332,3
31333,0
31334,5
31335,0
31336,1
31337,2
31338,1
31339,1
31340,0
31341,5
31342,2
31343,3
31344,4
31345,0
31346,0
31347,2
31348,2
31349,1
31350,1
31351,1
31352,2
31353,3
31354,1
31355,4
31356,4
31357,1
31358,2
31359,5
31360,4
31361,2
31362,0
31363,0
31364,2
31365,1
31366,1
31367,2
31368,3
31369,4
31370,0
31371,4
31372,1
31373,1
31374,4
31375,2
31376,3
31377,1
31378,1
31379,0
31380,2
31381,2
31382,2
31383,3
31384,5
31385,0
31386,1
31387,1
31388,1
31389,1
31390,3
31391,1
31392,3
31393,0
31394,0
31395,1
31396,1
31397,1
31398,1
31399,2
31400,1
31401,1
31402,2
31403,2
31404,0
31405,3
31406,1
31407,0
31408,1
31409,1
31410,5
31411,2
31412,1
31413,0
31414,1
31415,7
31416,0
31417,9
31418,1
31419,4
31420,2
31421,2
31422,1
31423,3
31424,1
31425,0
31426,1
31427,3
31428,1
31429,5
31430,0
31431,1
31432,1
31433,1
31434,1
31435,1
31436,0
31437,1
31438,2
31439,2
31440,1
31441,1
31442,3
31443,4
31444,2
31445,4
31446,2
31447,1
31448,2
31449,1
31450,0
31451,3
31452,2
31453,4
31454,3
31455,1
31456,3
31457,2
31458,3
31459,2
31460,2
31461,0
31462,2
31463,1
31464,1
31465,2
31466,2
31467,3
31468,0
31469,0
31470,1
31471,0
31472,2
31473,0
31474,1
31475,0
31476,0
31477,0
31478,3
31479,0
31480,3
31481,3
31482,1
31483,0
31484,0
31485,2
31486,1
31487,1
31488,0
31489,4
31490,0
31491,3
31492,2
31493,0
31494,0
31495,0
31496,2
31497,1
31498,2
31499,0
31500,1
31501,1
31502,1
31503,4
31504,3
31505,0
31506,3
31507,0
31508,1
31509,2
31510,0
31511,1
31512,2
31513,2
31514,2
31515,1
31516,0
31517,0
31518,0
31519,10
31520,4
31521,3
31522,0
31523,0
31524,3
31525,1
31526,2
31527,1
31528,6
31529,2
31530,0
31531,10
31532,1
31533,1
31534,1
31535,5
31536,1
31537,0
31538,3
31539,0
31540,4
31541,1
31542,1
31543,3
31544,1
31545,2
31546,0
31547,0
31548,1
31549,1
31550,1
31551,1
31552,0
31553,1
31554,1
31555,9
31556,2
31557,5
31558,3
31559,2
31560,2
31561,1
31562,2
31563,0
31564,0
31565,1
31566,1
31567,1
31568,1
31569,2
31570,6
31571,1
31572,1
31573,1
31574,2
31575,1
31576,0
31577,0
31578,3
31579,2
31580,2
31581,2
31582,4
31583,0
31584,1
31585,0
31586,0
31587,2
31588,3
31589,0
31590,1
31591,0
31592,4
31593,1
31594,7
31595,1
31596,2
31597,2
31598,2
31599,5
31600,2
31601,2
31602,1
31603,3
31604,4
31605,0
31606,2
31607,1
31608,1
31609,1
31610,0
31611,4
31612,1
31613,2
31614,4
31615,2
31616,2
31617,3
31618,5
31619,1
31620,4
31621,0
31622,0
31623,1
31624,1
31625,4
31626,1
31627,2
31628,1
31629,0
31630,1
31631,2
31632,0
31633,1
31634,1
31635,0
31636,1
31637,0
31638,1
31639,1
31640,2
31641,1
31642,0
31643,3
31644,2
31645,0
31646,2
31647,3
31648,2
31649,1
31650,0
31651,2
31652,2
31653,2
31654,3
31655,1
31656,7
31657,1
31658,0
31659,2
31660,0
31661,2
31662,1
31663,2
31664,0
31665,1
31666,5
31667,4
31668,1
31669,1
31670,3
31671,3
31672,2
31673,0
31674,4
31675,1
31676,2
31677,3
31678,6
31679,1
31680,1
31681,2
31682,2
31683,2
31684,1
31685,2
31686,0
31687,1
31688,0
31689,1
31690,1
31691,0
31692,3
31693,1
31694,1
31695,1
31696,1
31697,1
31698,1
31699,2
31700,2
31701,3
31702,3
31703,0
31704,2
31705,3
31706,1
31707,0
31708,0
31709,1
31710,1
31711,0
31712,1
31713,0
31714,0
31715,0
31716,1
31717,2
31718,1
31719,2
31720,2
31721,2
31722,1
31723,1
31724,0
31725,2
31726,0
31727,1
31728,0
31729,1
31730,1
31731,0
31732,0
31733,1
31734,2
31735,3
31736,0
31737,0
31738,0
31739,2
31740,1
31741,2
31742,1
31743,0
31744,3
31745,0
31746,2
31747,1
31748,0
31749,0
31750,0
31751,0
31752,0
31753,1
31754,0
31755,1
31756,2
31757,0
31758,1
31759,1
31760,0
31761,2
31762,1
31763,3
31764,0
31765,0
31766,0
31767,1
31768,0
31769,2
31770,2
31771,1
31772,5
31773,1
31774,4
31775,2
31776,7
31777,3
31778,0
31779,1
31780,1
31781,5
31782,2
31783,4
31784,1
31785,0
31786,2
31787,1
31788,4
31789,4
31790,0
31791,2
31792,0
31793,0
31794,5
31795,6
31796,4
31797,2
31798,3
31799,4
31800,1
31801,1
31802,5
31803,0
31804,1
31805,2
31806,1
31807,2
31808,4
31809,0
31810,2
31811,3
31812,1
31813,0
31814,2
31815,1
31816,0
31817,1
31818,0
31819,2
31820,0
31821,1
31822,2
31823,0
31824,1
31825,0
31826,1
31827,1
31828,1
31829,1
31830,1
31831,0
31832,3
31833,1
31834,0
31835,0
31836,0
31837,0
31838,0
31839,1
31840,0
31841,2
31842,2
31843,2
31844,1
31845,1
31846,3
31847,0
31848,0
31849,2
31850,1
31851,0
31852,1
31853,1
31854,2
31855,2
31856,2
31857,1
31858,2
31859,3
31860,1
31861,3
31862,0
31863,1
31864,0
31865,2
31866,2
31867,2
31868,1
31869,1
31870,0
31871,1
31872,3
31873,2
31874,2
31875,2
31876,1
31877,1
31878,0
31879,2
31880,3
31881,1
31882,3
31883,0
31884,3
31885,1
31886,1
31887,1
31888,0
31889,5
31890,1
31891,1
31892,1
31893,2
31894,2
31895,2
31896,1
31897,7
31898,1
31899,3
31900,15
31901,2
31902,2
31903,0
31904,0
31905,0
31906,1
31907,1
31908,2
31909,2
31910,1
31911,3
31912,2
31913,3
31914,2
31915,3
31916,3
31917,1
31918,0
31919,0
31920,1
31921,3
31922,1
31923,1
31924,0
31925,0
31926,0
31927,2
31928,2
31929,0
31930,3
31931,1
31932,0
31933,6
31934,1
31935,1
31936,3
31937,2
31938,2
31939,2
31940,2
31941,1
31942,1
31943,0
31944,3
31945,2
31946,0
31947,1
31948,2
31949,3
31950,2
31951,1
31952,1
31953,1
31954,0
31955,2
31956,2
31957,0
31958,1
31959,1
31960,0
31961,1
31962,3
31963,0
31964,2
31965,1
31966,1
31967,1
31968,6
31969,0
31970,0
31971,1
31972,0
31973,1
31974,2
31975,2
31976,1
31977,2
31978,2
31979,3
31980,0
31981,1
31982,0
31983,1
31984,0
31985,1
31986,3
31987,1
31988,2
31989,1
31990,2
31991,0
31992,2
31993,1
31994,1
31995,0
31996,1
31997,1
31998,0
31999,0
32000,1
32001,1
32002,1
32003,0
32004,2
32005,0
32006,0
32007,0
32008,0
32009,4
32010,1
32011,2
32012,0
32013,3
32014,2
32015,1
32016,0
32017,0
32018,3
32019,1
32020,1
32021,0
32022,2
32023,2
32024,0
32025,0
32026,0
32027,1
32028,1
32029,0
32030,0
32031,0
32032,3
32033,3
32034,1
32035,2
32036,0
32037,4
32038,1
32039,3
32040,0
32041,0
32042,3
32043,4
32044,0
32045,2
32046,2
32047,0
32048,2
32049,1
32050,0
32051,0
32052,2
32053,1
32054,0
32055,0
32056,1
32057,1
32058,0
32059,0
32060,1
32061,0
32062,0
32063,0
32064,2
32065,1
32066,3
32067,2
32068,2
32069,0
32070,1
32071,0
32072,2
32073,4
32074,2
32075,4
32076,3
32077,1
32078,1
32079,2
32080,2
32081,4
32082,3
32083,0
32084,4
32085,2
32086,1
32087,0
32088,3
32089,4
32090,1
32091,3
32092,0
32093,1
32094,4
32095,0
32096,1
32097,1
32098,3
32099,0
32100,3
32101,1
32102,3
32103,2
32104,1
32105,3
32106,2
32107,2
32108,1
32109,1
32110,3
32111,2
32112,1
32113,0
32114,1
32115,1
32116,4
32117,1
32118,2
32119,0
32120,3
32121,0
32122,1
32123,3
32124,1
32125,0
32126,4
32127,1
32128,0
32129,0
32130,1
32131,0
32132,2
32133,1
32134,2
32135,0
32136,4
32137,0
32138,1
32139,1
32140,1
32141,0
32142,0
32143,1
32144,5
32145,1
32146,2
32147,2
32148,0
32149,0
32150,0
32151,0
32152,1
32153,2
32154,0
32155,2
32156,1
32157,2
32158,3
32159,3
32160,0
32161,4
32162,1
32163,2
32164,0
32165,2
32166,5
32167,3
32168,0
32169,3
32170,0
32171,0
32172,0
32173,2
32174,4
32175,8
32176,0
32177,1
32178,3
32179,3
32180,0
32181,1
32182,1
32183,3
32184,2
32185,4
32186,1
32187,5
32188,3
32189,1
32190,2
32191,1
32192,2
32193,2
32194,0
32195,2
32196,2
32197,1
32198,0
32199,2
32200,1
32201,0
32202,0
32203,1
32204,2
32205,3
32206,1
32207,1
32208,0
32209,3
32210,1
32211,1
32212,1
32213,2
32214,0
32215,0
32216,0
32217,2
32218,2
32219,1
32220,2
32221,0
32222,4
32223,4
32224,1
32225,1
32226,0
32227,1
32228,0
32229,0
32230,1
32231,1
32232,1
32233,1
32234,2
32235,0
32236,0
32237,0
32238,0
32239,0
32240,0
32241,1
32242,0
32243,1
32244,0
32245,1
32246,0
32247,1
32248,2
32249,1
32250,0
32251,0
32252,1
32253,1
32254,2
32255,2
32256,1
32257,1
32258,0
32259,1
32260,2
32261,1
32262,1
32263,1
32264,1
32265,0
32266,2
32267,2
32268,1
32269,2
32270,3
32271,0
32272,2
32273,5
32274,1
32275,0
32276,1
32277,0
32278,1
32279,1
32280,1
32281,0
32282,0
32283,3
32284,2
32285,1
32286,0
32287,0
32288,1
32289,1
32290,0
32291,1
32292,0
32293,0
32294,0
32295,2
32296,2
32297,1
32298,0
32299,0
32300,3
32301,0
32302,0
32303,1
32304,1
32305,0
32306,1
32307,1
32308,0
32309,2
32310,2
32311,0
32312,1
32313,1
32314,0
32315,0
32316,0
32317,2
32318,0
32319,4
32320,0
32321,0
32322,2
32323,3
32324,0
32325,1
32326,3
32327,1
32328,0
32329,0
32330,0
32331,0
32332,1
32333,1
32334,1
32335,1
32336,0
32337,0
32338,0
32339,1
32340,2
32341,1
32342,1
32343,2
32344,2
32345,1
32346,1
32347,1
32348,1
32349,2
32350,0
32351,1
32352,0
32353,0
32354,2
32355,2
32356,2
32357,2
32358,2
32359,1
32360,2
32361,0
32362,4
32363,3
32364,0
32365,1
32366,3
32367,1
32368,0
32369,2
32370,1
32371,2
32372,2
32373,0
32374,2
32375,1
32376,2
32377,0
32378,3
32379,0
32380,3
32381,4
32382,2
32383,2
32384,2
32385,6
32386,2
32387,0
32388,4
32389,5
32390,1
32391,2
32392,2
32393,3
32394,1
32395,2
32396,2
32397,4
32398,0
32399,4
32400,2
32401,1
32402,2
32403,1
32404,2
32405,5
32406,3
32407,1
32408,0
32409,0
32410,1
32411,0
32412,3
32413,1
32414,3
32415,1
32416,1
32417,1
32418,1
32419,2
32420,5
32421,3
32422,0
32423,0
32424,4
32425,0
32426,2
32427,1
32428,1
32429,0
32430,2
32431,0
32432,0
32433,2
32434,1
32435,1
32436,1
32437,4
32438,5
32439,1
32440,1
32441,0
32442,3
32443,4
32444,2
32445,0
32446,1
32447,1
32448,1
32449,2
32450,6
32451,0
32452,11
32453,3
32454,0
32455,0
32456,1
32457,1
32458,5
32459,1
32460,0
32461,0
32462,0
32463,1
32464,1
32465,2
32466,1
32467,0
32468,0
32469,0
32470,0
32471,0
32472,1
32473,6
32474,2
32475,1
32476,0
32477,1
32478,2
32479,1
32480,2
32481,1
32482,1
32483,3
32484,1
32485,2
32486,7
32487,1
32488,1
32489,0
32490,1
32491,1
32492,1
32493,2
32494,2
32495,0
32496,2
32497,0
32498,0
32499,4
32500,1
32501,1
32502,2
32503,0
32504,2
32505,0
32506,4
32507,0
32508,4
32509,2
32510,0
32511,0
32512,4
32513,0
32514,0
32515,3
32516,1
32517,2
32518,1
32519,1
32520,1
32521,1
32522,0
32523,0
32524,1
32525,2
32526,1
32527,0
32528,0
32529,0
32530,1
32531,1
32532,1
32533,0
32534,2
32535,2
32536,0
32537,1
32538,1
32539,3
32540,2
32541,2
32542,0
32543,0
32544,0
32545,0
32546,3
32547,1
32548,0
32549,2
32550,1
32551,0
32552,1
32553,1
32554,0
32555,0
32556,0
32557,1
32558,0
32559,1
32560,0
32561,6
32562,0
32563,0
32564,0
32565,2
32566,1
32567,5
32568,0
32569,0
32570,1
32571,3
32572,0
32573,1
32574,1
32575,1
32576,0
32577,1
32578,1
32579,0
32580,0
32581,0
32582,0
32583,2
32584,1
32585,1
32586,1
32587,0
32588,2
32589,0
32590,1
32591,2
32592,1
32593,1
32594,2
32595,0
32596,0
32597,2
32598,1
32599,1
32600,1
32601,2
32602,0
32603,0
32604,0
32605,2
32606,0
32607,0
32608,3
32609,0
32610,0
32611,0
32612,0
32613,0
32614,2
32615,1
32616,1
32617,1
32618,2
32619,2
32620,3
32621,0
32622,2
32623,0
32624,1
32625,1
32626,2
32627,1
32628,0
32629,2
32630,0
32631,2
32632,2
32633,1
32634,0
32635,1
32636,6
32637,4
32638,0
32639,3
32640,1
32641,3
32642,0
32643,3
32644,1
32645,2
32646,0
32647,1
32648,0
32649,1
32650,1
32651,1
32652,0
32653,0
32654,2
32655,4
32656,0
32657,3
32658,1
32659,2
32660,2
32661,0
32662,0
32663,1
32664,4
32665,1
32666,2
32667,2
32668,1
32669,0
32670,3
32671,1
32672,2
32673,1
32674,2
32675,4
32676,0
32677,1
32678,1
32679,0
32680,2
32681,2
32682,1
32683,3
32684,0
32685,2
32686,2
32687,2
32688,1
32689,0
32690,0
32691,2
32692,2
32693,1
32694,3
32695,0
32696,2
32697,2
32698,0
32699,0
32700,0
32701,0
32702,1
32703,1
32704,1
32705,2
32706,1
32707,1
32708,0
32709,1
32710,0
32711,1
32712,2
32713,0
32714,0
32715,1
32716,1
32717,0
32718,0
32719,3
32720,1
32721,3
32722,2
32723,0
32724,2
32725,0
32726,0
32727,1
32728,3
32729,1
32730,2
32731,3
32732,3
32733,1
32734,2
32735,1
32736,1
32737,1
32738,3
32739,0
32740,3
32741,2
32742,2
32743,1
32744,2
32745,1
32746,2
32747,8
32748,1
32749,3
32750,1
32751,1
32752,1
32753,1
32754,5
32755,0
32756,0
32757,2
32758,1
32759,1
32760,0
32761,1
32762,1
32763,1
32764,2
32765,3
32766,3
32767,3
32768,0
32769,3
32770,1
32771,2
32772,0
32773,2
32774,0
32775,3
32776,1
32777,0
32778,1
32779,1
32780,0
32781,1
32782,5
32783,3
32784,4
32785,1
32786,2
32787,1
32788,0
32789,0
32790,0
32791,1
32792,0
32793,1
32794,0
32795,0
32796,2
32797,2
32798,3
32799,3
32800,3
32801,1
32802,0
32803,5
32804,1
32805,1
32806,0
32807,0
32808,1
32809,2
32810,0
32811,0
32812,1
32813,1
32814,0
32815,0
32816,5
32817,2
32818,2
32819,1
32820,0
32821,1
32822,3
32823,0
32824,1
32825,1
32826,1
32827,0
32828,0
32829,1
32830,0
32831,1
32832,0
32833,1
32834,0
32835,5
32836,3
32837,1
32838,0
32839,0
32840,3
32841,0
32842,2
32843,0
32844,2
32845,1
32846,1
32847,2
32848,2
32849,0
32850,0
32851,1
32852,3
32853,0
32854,1
32855,1
32856,2
32857,3
32858,0
32859,0
32860,1
32861,1
32862,1
32863,1
32864,0
32865,5
32866,0
32867,3
32868,2
32869,1
32870,1
32871,1
32872,1
32873,2
32874,1
32875,3
32876,3
32877,1
32878,2
32879,2
32880,4
32881,2
32882,3
32883,1
32884,3
32885,1
32886,1
32887,0
32888,0
32889,2
32890,0
32891,1
32892,2
32893,0
32894,1
32895,1
32896,3
32897,2
32898,2
32899,2
32900,2
32901,1
32902,2
32903,1
32904,0
32905,1
32906,3
32907,2
32908,0
32909,1
32910,0
32911,1
32912,0
32913,0
32914,0
32915,2
32916,0
32917,1
32918,2
32919,1
32920,1
32921,2
32922,1
32923,2
32924,2
32925,3
32926,2
32927,1
32928,0
32929,0
32930,1
32931,2
32932,0
32933,0
32934,0
32935,1
32936,0
32937,0
32938,0
32939,3
32940,2
32941,1
32942,2
32943,1
32944,1
32945,1
32946,0
32947,1
32948,0
32949,2
32950,1
32951,1
32952,2
32953,1
32954,0
32955,1
32956,1
32957,1
32958,2
32959,2
32960,0
32961,2
32962,1
32963,0
32964,0
32965,3
32966,0
32967,3
32968,1
32969,5
32970,0
32971,2
32972,1
32973,3
32974,1
32975,1
32976,2
32977,1
32978,0
32979,0
32980,0
32981,0
32982,1
32983,1
32984,0
32985,0
32986,1
32987,0
32988,1
32989,1
32990,4
32991,0
32992,2
32993,2
32994,5
32995,2
32996,1
32997,4
32998,1
32999,2
33000,3
33001,0
33002,1
33003,2
33004,6
33005,1
33006,2
33007,1
33008,1
33009,1
33010,4
33011,1
33012,1
33013,0
33014,0
33015,4
33016,0
33017,1
33018,0
33019,3
33020,4
33021,0
33022,0
33023,2
33024,5
33025,2
33026,3
33027,7
33028,2
33029,3
33030,1
33031,2
33032,1
33033,1
33034,1
33035,0
33036,1
33037,1
33038,1
33039,1
33040,1
33041,3
33042,2
33043,1
33044,1
33045,1
33046,4
33047,0
33048,0
33049,3
33050,0
33051,2
33052,1
33053,1
33054,0
33055,1
33056,2
33057,1
33058,1
33059,2
33060,1
33061,1
33062,1
33063,0
33064,2
33065,3
33066,8
33067,0
33068,0
33069,1
33070,2
33071,1
33072,1
33073,2
33074,3
33075,0
33076,3
33077,0
33078,0
33079,5
33080,3
33081,4
33082,1
33083,2
33084,1
33085,4
33086,2
33087,2
33088,2
33089,0
33090,2
33091,0
33092,0
33093,4
33094,3
33095,2
33096,1
33097,5
33098,3
33099,1
33100,2
33101,0
33102,4
33103,0
33104,2
33105,0
33106,1
33107,1
33108,0
33109,0
33110,0
33111,2
33112,1
33113,1
33114,2
33115,3
33116,1
33117,1
33118,6
33119,3
33120,1
33121,0
33122,1
33123,0
33124,1
33125,1
33126,1
33127,5
33128,1
33129,0
33130,0
33131,2
33132,0
33133,4
33134,2
33135,0
33136,1
33137,0
33138,1
33139,1
33140,0
33141,0
33142,2
33143,2
33144,0
33145,1
33146,0
33147,0
33148,6
33149,3
33150,3
33151,1
33152,0
33153,2
33154,2
33155,1
33156,6
33157,0
33158,4
33159,2
33160,6
33161,3
33162,0
33163,1
33164,0
33165,0
33166,1
33167,3
33168,1
33169,3
33170,1
33171,2
33172,2
33173,1
33174,1
33175,1
33176,0
33177,1
33178,0
33179,0
33180,2
33181,5
33182,0
33183,0
33184,0
33185,1
33186,1
33187,2
33188,3
33189,2
33190,0
33191,0
33192,2
33193,4
33194,3
33195,0
33196,2
33197,5
33198,0
33199,1
33200,4
33201,2
33202,0
33203,2
33204,3
33205,2
33206,2
33207,1
33208,2
33209,0
33210,1
33211,1
33212,0
33213,3
33214,2
33215,0
33216,2
33217,0
33218,3
33219,3
33220,5
33221,4
33222,2
33223,4
33224,0
33225,2
33226,0
33227,2
33228,6
33229,2
33230,3
33231,2
33232,2
33233,5
33234,41
33235,0
33236,3
33237,1
33238,1
33239,0
33240,1
33241,2
33242,3
33243,0
33244,9
33245,0
33246,0
33247,3
33248,1
33249,1
33250,3
33251,3
33252,7
33253,0
33254,0
33255,2
33256,1
33257,2
33258,0
33259,2
33260,4
33261,5
33262,1
33263,1
33264,1
33265,1
33266,2
33267,0
33268,2
33269,1
33270,2
33271,3
33272,4
33273,4
33274,3
33275,1
33276,1
33277,2
33278,5
33279,3
33280,3
33281,0
33282,1
33283,2
33284,3
33285,1
33286,2
33287,1
33288,2
33289,3
33290,5
33291,3
33292,0
33293,3
33294,1
33295,2
33296,1
33297,2
33298,1
33299,2
33300,2
33301,1
33302,1
33303,3
33304,4
33305,0
33306,3
33307,3
33308,1
33309,1
33310,4
33311,1
33312,1
33313,1
33314,1
33315,2
33316,4
33317,1
33318,0
33319,5
33320,7
33321,4
33322,1
33323,1
33324,1
33325,3
33326,3
33327,4
33328,2
33329,0
33330,1
33331,3
33332,1
33333,3
33334,1
33335,1
33336,3
33337,0
33338,2
33339,6
33340,2
33341,2
33342,2
33343,3
33344,1
33345,2
33346,2
33347,4
33348,2
33349,4
33350,1
33351,1
33352,3
33353,5
33354,2
33355,0
33356,3
33357,0
33358,2
33359,4
33360,2
33361,2
33362,2
33363,1
33364,0
33365,1
33366,1
33367,3
33368,3
33369,1
33370,1
33371,2
33372,0
33373,3
33374,1
33375,1
33376,3
33377,1
33378,1
33379,2
33380,0
33381,2
33382,0
33383,1
33384,1
33385,9
33386,0
33387,1
33388,2
33389,3
33390,0
33391,2
33392,2
33393,2
33394,6
33395,0
33396,4
33397,3
33398,0
33399,0
33400,3
33401,1
33402,2
33403,0
33404,0
33405,2
33406,2
33407,0
33408,0
33409,0
33410,0
33411,3
33412,4
33413,0
33414,1
33415,4
33416,0
33417,2
33418,1
33419,1
33420,1
33421,1
33422,0
33423,0
33424,1
33425,2
33426,4
33427,2
33428,1
33429,3
33430,0
33431,0
33432,5
33433,0
33434,2
33435,3
33436,2
33437,1
33438,0
33439,1
33440,1
33441,1
33442,2
33443,3
33444,0
33445,2
33446,2
33447,2
33448,1
33449,3
33450,1
33451,3
33452,5
33453,0
33454,0
33455,4
33456,1
33457,5
33458,3
33459,0
33460,0
33461,1
33462,4
33463,4
33464,2
33465,1
33466,5
33467,2
33468,1
33469,4
33470,1
33471,1
33472,3
33473,2
33474,4
33475,4
33476,1
33477,1
33478,6
33479,1
33480,1
33481,2
33482,1
33483,0
33484,0
33485,3
33486,1
33487,2
33488,3
33489,0
33490,4
33491,0
33492,3
33493,3
33494,1
33495,1
33496,2
33497,1
33498,4
33499,0
33500,4
33501,1
33502,1
33503,0
33504,1
33505,1
33506,0
33507,2
33508,6
33509,3
33510,2
33511,5
33512,0
33513,4
33514,3
33515,2
33516,0
33517,0
33518,3
33519,6
33520,6
33521,2
33522,1
33523,3
33524,0
33525,0
33526,0
33527,1
33528,0
33529,4
33530,0
33531,0
33532,2
33533,1
33534,2
33535,0
33536,1
33537,2
33538,1
33539,0
33540,0
33541,2
33542,2
33543,1
33544,6
33545,2
33546,4
33547,0
33548,0
33549,3
33550,1
33551,2
33552,2
33553,1
33554,2
33555,1
33556,1
33557,0
33558,1
33559,3
33560,0
33561,0
33562,2
33563,2
33564,2
33565,2
33566,2
33567,5
33568,5
33569,2
33570,3
33571,1
33572,3
33573,4
33574,0
33575,0
33576,1
33577,1
33578,2
33579,2
33580,3
33581,1
33582,1
33583,2
33584,0
33585,4
33586,1
33587,2
33588,5
33589,3
33590,2
33591,2
33592,1
33593,3
33594,0
33595,1
33596,0
33597,1
33598,1
33599,2
33600,1
33601,0
33602,3
33603,2
33604,1
33605,4
33606,0
33607,2
33608,2
33609,7
33610,7
33611,3
33612,1
33613,0
33614,0
33615,4
33616,2
33617,4
33618,2
33619,1
33620,6
33621,2
33622,1
33623,1
33624,2
33625,2
33626,2
33627,1
33628,5
33629,1
33630,3
33631,2
33632,2
33633,0
33634,2
33635,1
33636,0
33637,5
33638,1
33639,2
33640,9
33641,2
33642,0
33643,2
33644,3
33645,4
33646,2
33647,5
33648,9
33649,5
33650,4
33651,1
33652,2
33653,3
33654,7
33655,0
33656,2
33657,2
33658,2
33659,1
33660,4
33661,4
33662,1
33663,2
33664,0
33665,1
33666,3
33667,2
33668,1
33669,1
33670,2
33671,2
33672,2
33673,0
33674,2
33675,0
33676,2
33677,0
33678,0
33679,3
33680,0
33681,1
33682,0
33683,2
33684,2
33685,1
33686,2
33687,1
33688,5
33689,0
33690,2
33691,1
33692,2
33693,0
33694,2
33695,2
33696,1
33697,4
33698,1
33699,1
33700,4
33701,14
33702,2
33703,1
33704,4
33705,2
33706,3
33707,1
33708,4
33709,3
33710,0
33711,0
33712,3
33713,3
33714,2
33715,2
33716,3
33717,1
33718,2
33719,0
33720,2
33721,2
33722,5
33723,0
33724,0
33725,5
33726,0
33727,1
33728,0
33729,0
33730,1
33731,0
33732,2
33733,0
33734,0
33735,2
33736,1
33737,2
33738,1
33739,0
33740,1
33741,0
33742,1
33743,2
33744,2
33745,1
33746,2
33747,2
33748,0
33749,1
33750,0
33751,0
33752,2
33753,0
33754,1
33755,1
33756,2
33757,1
33758,0
33759,3
33760,1
33761,2
33762,1
33763,0
33764,0
33765,5
33766,1
33767,1
33768,1
33769,1
33770,1
33771,6
33772,3
33773,1
33774,3
33775,0
33776,1
33777,3
33778,2
33779,2
33780,0
33781,3
33782,5
33783,1
33784,1
33785,1
33786,2
33787,2
33788,1
33789,1
33790,3
33791,1
33792,0
33793,3
33794,4
33795,4
33796,3
33797,0
33798,0
33799,3
33800,4
33801,2
33802,2
33803,0
33804,4
33805,3
33806,0
33807,2
33808,1
33809,3
33810,3
33811,3
33812,1
33813,1
33814,4
33815,1
33816,2
33817,2
33818,1
33819,3
33820,3
33821,2
33822,1
33823,2
33824,2
33825,0
33826,2
33827,1
33828,2
33829,1
33830,1
33831,2
33832,4
33833,3
33834,3
33835,0
33836,2
33837,0
33838,1
33839,3
33840,3
33841,2
33842,2
33843,2
33844,3
33845,1
33846,2
33847,0
33848,1
33849,2
33850,0
33851,0
33852,0
33853,1
33854,7
33855,8
33856,3
33857,1
33858,3
33859,1
33860,2
33861,2
33862,0
33863,5
33864,2
33865,2
33866,3
33867,2
33868,2
33869,1
33870,1
33871,0
33872,2
33873,0
33874,2
33875,1
33876,2
33877,2
33878,0
33879,2
33880,2
33881,0
33882,0
33883,1
33884,1
33885,1
33886,3
33887,1
33888,1
33889,2
33890,1
33891,27
33892,3
33893,0
33894,4
33895,0
33896,1
33897,0
33898,5
33899,0
33900,0
33901,2
33902,1
33903,2
33904,2
33905,0
33906,0
33907,2
33908,0
33909,2
33910,1
33911,0
33912,0
33913,1
33914,3
33915,2
33916,0
33917,0
33918,5
33919,4
33920,2
33921,2
33922,0
33923,3
33924,3
33925,1
33926,0
33927,2
33928,5
33929,0
33930,2
33931,1
33932,1
33933,0
33934,5
33935,1
33936,2
33937,4
33938,0
33939,1
33940,1
33941,5
33942,2
33943,0
33944,5
33945,3
33946,4
33947,1
33948,2
33949,2
33950,3
33951,4
33952,2
33953,1
33954,0
33955,0
33956,0
33957,2
33958,3
33959,2
33960,1
33961,2
33962,3
33963,5
33964,2
33965,2
33966,3
33967,2
33968,2
33969,3
33970,0
33971,1
33972,2
33973,2
33974,1
33975,2
33976,2
33977,3
33978,3
33979,3
33980,3
33981,1
33982,0
33983,1
33984,0
33985,0
33986,1
33987,1
33988,0
33989,1
33990,1
33991,0
33992,2
33993,0
33994,1
33995,1
33996,1
33997,3
33998,3
33999,2
34000,3
34001,4
34002,3
34003,4
34004,2
34005,1
34006,5
34007,2
34008,2
34009,4
34010,0
34011,0
34012,4
34013,3
34014,2
34015,2
34016,1
34017,1
34018,1
34019,2
34020,2
34021,0
34022,5
34023,3
34024,0
34025,2
34026,0
34027,3
34028,1
34029,2
34030,0
34031,0
34032,2
34033,1
34034,2
34035,2
34036,0
34037,1
34038,1
34039,1
34040,0
34041,1
34042,1
34043,0
34044,2
34045,0
34046,1
34047,2
34048,1
34049,0
34050,1
34051,1
34052,0
34053,1
34054,3
34055,3
34056,2
34057,1
34058,1
34059,0
34060,0
34061,0
34062,0
34063,0
34064,1
34065,2
34066,0
34067,4
34068,1
34069,0
34070,1
34071,4
34072,1
34073,0
34074,0
34075,0
34076,1
34077,1
34078,2
34079,0
34080,0
34081,1
34082,1
34083,2
34084,0
34085,0
34086,5
34087,0
34088,1
34089,2
34090,0
34091,0
34092,3
34093,2
34094,0
34095,1
34096,0
34097,1
34098,2
34099,1
34100,1
34101,3
34102,1
34103,0
34104,0
34105,3
34106,0
34107,0
34108,1
34109,1
34110,2
34111,2
34112,0
34113,1
34114,3
34115,1
34116,0
34117,1
34118,0
34119,0
34120,1
34121,2
34122,0
34123,0
34124,1
34125,4
34126,0
34127,3
34128,1
34129,1
34130,0
34131,1
34132,1
34133,0
34134,2
34135,2
34136,1
34137,0
34138,1
34139,0
34140,0
34141,1
34142,1
34143,5
34144,1
34145,2
34146,2
34147,2
34148,1
34149,2
34150,0
34151,0
34152,0
34153,4
34154,7
34155,1
34156,1
34157,1
34158,2
34159,0
34160,2
34161,0
34162,1
34163,1
34164,1
34165,1
34166,0
34167,2
34168,3
34169,1
34170,1
34171,2
34172,1
34173,2
34174,1
34175,2
34176,0
34177,6
34178,2
34179,2
34180,3
34181,2
34182,4
34183,0
34184,0
34185,0
34186,1
34187,1
34188,0
34189,2
34190,3
34191,3
34192,0
34193,3
34194,2
34195,0
34196,2
34197,1
34198,8
34199,1
34200,0
34201,1
34202,1
34203,12
34204,10
34205,2
34206,5
34207,2
34208,1
34209,3
34210,1
34211,1
34212,2
34213,6
34214,7
34215,5
34216,6
34217,6
34218,4
34219,0
34220,3
34221,2
34222,1
34223,6
34224,1
34225,3
34226,0
34227,1
34228,1
34229,2
34230,0
34231,1
34232,2
34233,1
34234,0
34235,1
34236,1
34237,2
34238,2
34239,1
34240,3
34241,0
34242,2
34243,1
34244,4
34245,0
34246,0
34247,1
34248,1
34249,0
34250,1
34251,2
34252,0
34253,0
34254,4
34255,4
34256,2
34257,2
34258,5
34259,0
34260,2
34261,4
34262,3
34263,2
34264,1
34265,2
34266,3
34267,2
34268,2
34269,0
34270,1
34271,4
34272,2
34273,0
34274,2
34275,1
34276,0
34277,2
34278,1
34279,0
34280,0
34281,1
34282,0
34283,0
34284,3
34285,2
34286,1
34287,1
34288,2
34289,0
34290,2
34291,12
34292,2
34293,1
34294,1
34295,0
34296,1
34297,1
34298,0
34299,2
34300,1
34301,2
34302,2
34303,2
34304,1
34305,2
34306,2
34307,1
34308,1
34309,0
34310,4
34311,1
34312,1
34313,0
34314,1
34315,1
34316,2
34317,2
34318,2
34319,0
34320,2
34321,1
34322,1
34323,1
34324,3
34325,2
34326,1
34327,1
34328,1
34329,0
34330,1
34331,2
34332,0
34333,2
34334,2
34335,0
34336,0
34337,2
34338,1
34339,6
34340,2
34341,1
34342,8
34343,4
34344,2
34345,4
34346,3
34347,1
34348,1
34349,2
34350,1
34351,4
34352,2
34353,2
34354,1
34355,1
34356,2
34357,0
34358,1
34359,3
34360,1
34361,3
34362,4
34363,0
34364,1
34365,1
34366,0
34367,2
34368,1
34369,1
34370,0
34371,0
34372,0
34373,0
34374,2
34375,0
34376,0
34377,2
34378,2
34379,2
34380,0
34381,2
34382,0
34383,2
34384,0
34385,4
34386,5
34387,1
34388,1
34389,1
34390,0
34391,0
34392,0
34393,2
34394,2
34395,3
34396,0
34397,4
34398,3
34399,2
34400,4
34401,1
34402,1
34403,3
34404,1
34405,1
34406,3
34407,1
34408,4
34409,2
34410,4
34411,2
34412,1
34413,1
34414,0
34415,1
34416,3
34417,2
34418,2
34419,0
34420,0
34421,3
34422,1
34423,0
34424,0
34425,9
34426,3
34427,1
34428,3
34429,0
34430,0
34431,1
34432,2
34433,1
34434,1
34435,1
34436,0
34437,0
34438,1
34439,1
34440,0
34441,3
34442,1
34443,0
34444,2
34445,1
34446,2
34447,3
34448,2
34449,1
34450,3
34451,2
34452,0
34453,1
34454,2
34455,3
34456,1
34457,1
34458,3
34459,1
34460,6
34461,1
34462,2
34463,2
34464,1
34465,1
34466,1
34467,2
34468,1
34469,1
34470,5
34471,3
34472,2
34473,2
34474,2
34475,3
34476,2
34477,0
34478,0
34479,3
34480,1
34481,1
34482,1
34483,1
34484,3
34485,2
34486,1
34487,1
34488,3
34489,0
34490,3
34491,0
34492,1
34493,3
34494,1
34495,2
34496,1
34497,0
34498,0
34499,1
34500,1
34501,0
34502,0
34503,1
34504,1
34505,1
34506,2
34507,0
34508,1
34509,2
34510,2
34511,2
34512,0
34513,1
34514,0
34515,0
34516,0
34517,2
34518,2
34519,2
34520,1
34521,2
34522,0
34523,0
34524,1
34525,0
34526,0
34527,0
34528,3
34529,1
34530,2
34531,0
34532,1
34533,0
34534,3
34535,0
34536,0
34537,2
34538,1
34539,1
34540,0
34541,0
34542,0
34543,2
34544,3
34545,2
34546,2
34547,5
34548,1
34549,1
34550,2
34551,2
34552,0
34553,2
34554,2
34555,0
34556,2
34557,2
34558,2
34559,4
34560,3
34561,1
34562,0
34563,0
34564,3
34565,2
34566,0
34567,0
34568,3
34569,0
34570,0
34571,0
34572,0
34573,4
34574,3
34575,1
34576,0
34577,1
34578,0
34579,2
34580,3
34581,0
34582,3
34583,0
34584,0
34585,1
34586,4
34587,1
34588,2
34589,1
34590,2
34591,1
34592,0
34593,1
34594,0
34595,4
34596,0
34597,0
34598,3
34599,1
34600,0
34601,3
34602,2
34603,5
34604,0
34605,1
34606,2
34607,1
34608,2
34609,0
34610,3
34611,0
34612,1
34613,1
34614,3
34615,4
34616,0
34617,2
34618,3
34619,0
34620,1
34621,1
34622,0
34623,1
34624,0
34625,2
34626,3
34627,1
34628,1
34629,9
34630,2
34631,1
34632,0
34633,1
34634,1
34635,0
34636,2
34637,0
34638,0
34639,3
34640,1
34641,2
34642,3
34643,2
34644,1
34645,0
34646,1
34647,4
34648,1
34649,0
34650,3
34651,0
34652,0
34653,2
34654,2
34655,2
34656,1
34657,1
34658,3
34659,0
34660,0
34661,1
34662,4
34663,1
34664,2
34665,1
34666,0
34667,0
34668,0
34669,0
34670,0
34671,1
34672,1
34673,2
34674,0
34675,0
34676,0
34677,0
34678,1
34679,0
34680,1
34681,2
34682,1
34683,0
34684,0
34685,0
34686,3
34687,1
34688,2
34689,1
34690,0
34691,2
34692,4
34693,0
34694,1
34695,2
34696,2
34697,1
34698,1
34699,0
34700,2
34701,3
34702,3
34703,1
34704,3
34705,0
34706,1
34707,2
34708,3
34709,2
34710,2
34711,0
34712,2
34713,0
34714,1
34715,1
34716,1
34717,2
34718,1
34719,1
34720,2
34721,1
34722,3
34723,3
34724,1
34725,5
34726,0
34727,1
34728,0
34729,0
34730,2
34731,0
34732,1
34733,2
34734,2
34735,3
34736,1
34737,2
34738,11
34739,4
34740,3
34741,2
34742,1
34743,6
34744,2
34745,0
34746,2
34747,2
34748,0
34749,1
34750,0
34751,1
34752,0
34753,0
34754,1
34755,1
34756,1
34757,0
34758,0
34759,0
34760,3
34761,0
34762,0
34763,1
34764,0
34765,2
34766,2
34767,1
34768,0
34769,0
34770,2
34771,1
34772,1
34773,0
34774,0
34775,0
34776,3
34777,0
34778,1
34779,1
34780,1
34781,0
34782,1
34783,0
34784,0
34785,3
34786,7
34787,8
34788,1
34789,2
34790,0
34791,0
34792,3
34793,1
34794,0
34795,1
34796,0
34797,0
34798,1
34799,1
34800,0
34801,4
34802,1
34803,1
34804,1
34805,1
34806,0
34807,1
34808,0
34809,0
34810,0
34811,0
34812,1
34813,3
34814,0
34815,2
34816,0
34817,0
34818,3
34819,0
34820,0
34821,2
34822,1
34823,1
34824,2
34825,1
34826,1
34827,1
34828,1
34829,3
34830,1
34831,1
34832,0
34833,1
34834,0
34835,0
34836,6
34837,1
34838,2
34839,2
34840,2
34841,7
34842,0
34843,0
34844,3
34845,0
34846,2
34847,1
34848,0
34849,0
34850,1
34851,1
34852,2
34853,1
34854,1
34855,0
34856,0
34857,0
34858,0
34859,1
34860,3
34861,1
34862,1
34863,0
34864,0
34865,0
34866,0
34867,1
34868,2
34869,1
34870,2
34871,1
34872,1
34873,1
34874,3
34875,1
34876,2
34877,0
34878,0
34879,0
34880,0
34881,9
34882,3
34883,4
34884,2
34885,4
34886,9
34887,2
34888,0
34889,0
34890,1
34891,1
34892,2
34893,2
34894,1
34895,2
34896,2
34897,5
34898,1
34899,1
34900,6
34901,1
34902,1
34903,2
34904,6
34905,0
34906,0
34907,1
34908,2
34909,1
34910,0
34911,0
34912,1
34913,0
34914,0
34915,1
34916,0
34917,1
34918,1
34919,3
34920,1
34921,1
34922,2
34923,1
34924,2
34925,1
34926,2
34927,1
34928,1
34929,2
34930,0
34931,5
34932,1
34933,0
34934,0
34935,1
34936,2
34937,1
34938,0
34939,2
34940,1
34941,2
34942,1
34943,1
34944,3
34945,4
34946,2
34947,1
34948,3
34949,1
34950,4
34951,0
34952,1
34953,2
34954,2
34955,1
34956,1
34957,0
34958,3
34959,1
34960,2
34961,2
34962,0
34963,0
34964,0
34965,0
34966,1
34967,1
34968,0
34969,1
34970,0
34971,2
34972,0
34973,2
34974,1
34975,0
34976,0
34977,3
34978,3
34979,0
34980,0
34981,0
34982,2
34983,1
34984,1
34985,1
34986,3
34987,0
34988,2
34989,0
34990,1
34991,1
34992,2
34993,1
34994,0
34995,1
34996,1
34997,1
34998,4
34999,1
35000,3
35001,0
35002,0
35003,0
35004,1
35005,0
35006,2
35007,0
35008,2
35009,1
35010,1
35011,2
35012,1
35013,1
35014,2
35015,0
35016,1
35017,0
35018,0
35019,1
35020,0
35021,0
35022,0
35023,0
35024,0
35025,1
35026,0
35027,0
35028,0
35029,1
35030,0
35031,0
35032,1
35033,0
35034,2
35035,1
35036,2
35037,0
35038,0
35039,1
35040,2
35041,2
35042,3
35043,0
35044,3
35045,0
35046,2
35047,0
35048,1
35049,2
35050,0
35051,1
35052,2
35053,0
35054,1
35055,1
35056,1
35057,1
35058,2
35059,1
35060,0
35061,0
35062,0
35063,2
35064,0
35065,1
35066,0
35067,0
35068,0
35069,1
35070,0
35071,0
35072,0
35073,0
35074,0
35075,1
35076,1
35077,0
35078,0
35079,3
35080,2
35081,0
35082,2
35083,2
35084,1
35085,3
35086,1
35087,1
35088,1
35089,1
35090,1
35091,2
35092,2
35093,0
35094,1
35095,1
35096,1
35097,0
35098,0
35099,0
35100,3
35101,0
35102,3
35103,1
35104,1
35105,1
35106,0
35107,0
35108,0
35109,0
35110,0
35111,0
35112,0
35113,0
35114,0
35115,2
35116,1
35117,0
35118,1
35119,0
35120,1
35121,0
35122,1
35123,2
35124,0
35125,0
35126,0
35127,1
35128,0
35129,1
35130,0
35131,2
35132,2
35133,1
35134,1
35135,0
35136,0
35137,1
35138,1
35139,2
35140,0
35141,0
35142,1
35143,0
35144,1
35145,0
35146,1
35147,0
35148,1
35149,0
35150,2
35151,1
35152,2
35153,1
35154,3
35155,0
35156,1
35157,1
35158,1
35159,2
35160,1
35161,6
35162,3
35163,0
35164,3
35165,1
35166,4
35167,4
35168,0
35169,0
35170,0
35171,1
35172,0
35173,1
35174,3
35175,0
35176,3
35177,1
35178,0
35179,1
35180,3
35181,1
35182,2
35183,3
35184,1
35185,1
35186,2
35187,2
35188,1
35189,3
35190,1
35191,0
35192,4
35193,1
35194,1
35195,0
35196,0
35197,3
35198,0
35199,0
35200,3
35201,4
35202,2
35203,1
35204,3
35205,0
35206,2
35207,3
35208,0
35209,0
35210,2
35211,2
35212,2
35213,0
35214,1
35215,3
35216,6
35217,1
35218,0
35219,0
35220,1
35221,5
35222,2
35223,2
35224,1
35225,0
35226,4
35227,0
35228,0
35229,1
35230,2
35231,1
35232,0
35233,0
35234,1
35235,3
35236,0
35237,0
35238,4
35239,0
35240,2
35241,5
35242,2
35243,1
35244,0
35245,2
35246,2
35247,2
35248,1
35249,0
35250,0
35251,1
35252,1
35253,3
35254,0
35255,1
35256,3
35257,1
35258,1
35259,0
35260,0
35261,1
35262,0
35263,0
35264,0
35265,0
35266,4
35267,1
35268,4
35269,1
35270,0
35271,1
35272,1
35273,3
35274,2
35275,1
35276,0
35277,5
35278,3
35279,0
35280,5
35281,4
35282,2
35283,2
35284,2
35285,2
35286,0
35287,0
35288,1
35289,1
35290,1
35291,2
35292,0
35293,0
35294,1
35295,0
35296,0
35297,1
35298,1
35299,0
35300,1
35301,0
35302,1
35303,1
35304,1
35305,1
35306,1
35307,3
35308,0
35309,0
35310,1
35311,1
35312,2
35313,3
35314,1
35315,1
35316,4
35317,0
35318,0
35319,0
35320,0
35321,1
35322,1
35323,0
35324,2
35325,1
35326,4
35327,0
35328,2
35329,0
35330,2
35331,0
35332,2
35333,2
35334,0
35335,0
35336,1
35337,0
35338,5
35339,1
35340,0
35341,0
35342,2
35343,1
35344,1
35345,3
35346,2
35347,2
35348,0
35349,0
35350,4
35351,3
35352,0
35353,1
35354,1
35355,0
35356,1
35357,2
35358,2
35359,0
35360,2
35361,0
35362,1
35363,4
35364,4
35365,3
35366,1
35367,1
35368,0
35369,3
35370,1
35371,2
35372,2
35373,1
35374,3
35375,1
35376,1
35377,3
35378,1
35379,2
35380,6
35381,4
35382,3
35383,0
35384,0
35385,2
35386,2
35387,0
35388,1
35389,0
35390,0
35391,3
35392,0
35393,0
35394,0
35395,1
35396,0
35397,1
35398,4
35399,1
35400,0
35401,1
35402,0
35403,0
35404,3
35405,0
35406,0
35407,0
35408,0
35409,1
35410,1
35411,0
35412,1
35413,2
35414,2
35415,0
35416,2
35417,1
35418,0
35419,2
35420,0
35421,3
35422,1
35423,2
35424,1
35425,0
35426,3
35427,0
35428,5
35429,1
35430,2
35431,0
35432,2
35433,3
35434,3
35435,1
35436,0
35437,1
35438,0
35439,2
35440,1
35441,0
35442,1
35443,1
35444,0
35445,0
35446,1
35447,0
35448,2
35449,3
35450,1
35451,2
35452,2
35453,2
35454,1
35455,0
35456,0
35457,0
35458,1
35459,3
35460,1
35461,1
35462,2
35463,3
35464,0
35465,2
35466,0
35467,1
35468,3
35469,0
35470,2
35471,2
35472,3
35473,2
35474,1
35475,0
35476,1
35477,4
35478,2
35479,0
35480,0
35481,0
35482,0
35483,0
35484,3
35485,0
35486,0
35487,0
35488,6
35489,0
35490,1
35491,0
35492,2
35493,1
35494,1
35495,2
35496,1
35497,1
35498,0
35499,0
35500,0
35501,0
35502,2
35503,0
35504,0
35505,2
35506,0
35507,0
35508,0
35509,0
35510,0
35511,2
35512,1
35513,0
35514,1
35515,0
35516,1
35517,0
35518,4
35519,2
35520,1
35521,3
35522,1
35523,0
35524,2
35525,0
35526,1
35527,0
35528,0
35529,3
35530,0
35531,0
35532,1
35533,0
35534,1
35535,1
35536,1
35537,4
35538,1
35539,1
35540,1
35541,1
35542,2
35543,1
35544,2
35545,1
35546,1
35547,1
35548,4
35549,1
35550,2
35551,2
35552,3
35553,1
35554,1
35555,0
35556,2
35557,2
35558,0
35559,0
35560,0
35561,0
35562,0
35563,2
35564,1
35565,0
35566,3
35567,3
35568,1
35569,2
35570,0
35571,1
35572,2
35573,0
35574,1
35575,0
35576,1
35577,0
35578,2
35579,0
35580,0
35581,2
35582,2
35583,5
35584,3
35585,1
35586,0
35587,0
35588,1
35589,0
35590,0
35591,2
35592,1
35593,1
35594,1
35595,2
35596,2
35597,0
35598,6
35599,0
35600,0
35601,2
35602,0
35603,3
35604,2
35605,0
35606,0
35607,0
35608,0
35609,1
35610,1
35611,1
35612,2
35613,0
35614,4
35615,2
35616,4
35617,0
35618,0
35619,2
35620,1
35621,0
35622,0
35623,2
35624,0
35625,0
35626,0
35627,0
35628,3
35629,1
35630,0
35631,0
35632,1
35633,1
35634,0
35635,0
35636,2
35637,1
35638,3
35639,3
35640,2
35641,0
35642,1
35643,0
35644,1
35645,0
35646,0
35647,1
35648,1
35649,0
35650,3
35651,0
35652,1
35653,2
35654,2
35655,0
35656,1
35657,1
35658,1
35659,0
35660,1
35661,3
35662,0
35663,2
35664,1
35665,2
35666,2
35667,0
35668,2
35669,2
35670,2
35671,1
35672,3
35673,1
35674,3
35675,2
35676,0
35677,0
35678,0
35679,1
35680,2
35681,1
35682,2
35683,0
35684,0
35685,0
35686,2
35687,0
35688,0
35689,4
35690,1
35691,6
35692,0
35693,0
35694,0
35695,1
35696,1
35697,2
35698,1
35699,3
35700,0
35701,1
35702,1
35703,0
35704,2
35705,0
35706,2
35707,0
35708,3
35709,2
35710,1
35711,0
35712,1
35713,2
35714,1
35715,4
35716,0
35717,1
35718,0
35719,0
35720,3
35721,0
35722,0
35723,2
35724,0
35725,1
35726,4
35727,2
35728,0
35729,1
35730,2
35731,1
35732,3
35733,2
35734,1
35735,2
35736,7
35737,3
35738,0
35739,0
35740,1
35741,0
35742,1
35743,1
35744,1
35745,2
35746,1
35747,0
35748,0
35749,1
35750,3
35751,1
35752,2
35753,0
35754,2
35755,0
35756,1
35757,1
35758,0
35759,2
35760,0
35761,1
35762,5
35763,1
35764,0
35765,2
35766,1
35767,0
35768,0
35769,3
35770,2
35771,3
35772,4
35773,0
35774,0
35775,0
35776,0
35777,0
35778,0
35779,1
35780,2
35781,1
35782,2
35783,0
35784,1
35785,0
35786,1
35787,0
35788,1
35789,1
35790,0
35791,1
35792,0
35793,2
35794,0
35795,0
35796,0
35797,2
35798,1
35799,3
35800,1
35801,1
35802,1
35803,1
35804,0
35805,1
35806,0
35807,0
35808,0
35809,3
35810,1
35811,0
35812,0
35813,2
35814,2
35815,0
35816,0
35817,1
35818,2
35819,1
35820,0
35821,1
35822,0
35823,0
35824,1
35825,0
35826,0
35827,1
35828,1
35829,0
35830,0
35831,0
35832,2
35833,1
35834,2
35835,2
35836,1
35837,1
35838,0
35839,0
35840,2
35841,2
35842,2
35843,1
35844,0
35845,1
35846,2
35847,1
35848,0
35849,2
35850,2
35851,2
35852,0
35853,2
35854,1
35855,0
35856,2
35857,1
35858,1
35859,1
35860,0
35861,4
35862,1
35863,2
35864,1
35865,0
35866,1
35867,1
35868,3
35869,1
35870,0
35871,2
35872,47
35873,0
35874,0
35875,2
35876,53
35877,2
35878,1
35879,1
35880,1
35881,1
35882,1
35883,1
35884,0
35885,2
35886,4
35887,1
35888,1
35889,5
35890,1
35891,0
35892,1
35893,1
35894,1
35895,1
35896,1
35897,0
35898,1
35899,1
35900,0
35901,1
35902,0
35903,2
35904,1
35905,1
35906,0
35907,1
35908,0
35909,2
35910,2
35911,1
35912,1
35913,3
35914,1
35915,2
35916,0
35917,0
35918,0
35919,0
35920,1
35921,1
35922,1
35923,1
35924,2
35925,0
35926,1
35927,1
35928,1
35929,1
35930,0
35931,2
35932,1
35933,1
35934,0
35935,1
35936,2
35937,0
35938,1
35939,0
35940,1
35941,2
35942,1
35943,1
35944,2
35945,4
35946,0
35947,1
35948,0
35949,0
35950,1
35951,1
35952,1
35953,2
35954,0
35955,1
35956,4
35957,0
35958,1
35959,0
35960,2
35961,2
35962,1
35963,0
35964,1
35965,1
35966,0
35967,1
35968,1
35969,2
35970,1
35971,0
35972,0
35973,0
35974,1
35975,1
35976,0
35977,3
35978,0
35979,1
35980,0
35981,4
35982,2
35983,1
35984,1
35985,1
35986,1
35987,0
35988,1
35989,0
35990,3
35991,1
35992,1
35993,0
35994,0
35995,2
35996,2
35997,0
35998,1
35999,3
36000,0
36001,0
36002,1
36003,2
36004,1
36005,0
36006,1
36007,0
36008,1
36009,2
36010,0
36011,1
36012,1
36013,0
36014,1
36015,0
36016,0
36017,3
36018,1
36019,1
36020,2
36021,2
36022,2
36023,2
36024,2
36025,0
36026,4
36027,3
36028,2
36029,0
36030,0
36031,3
36032,0
36033,0
36034,0
36035,1
36036,1
36037,1
36038,1
36039,0
36040,0
36041,1
36042,1
36043,0
36044,0
36045,1
36046,1
36047,0
36048,0
36049,1
36050,1
36051,3
36052,0
36053,1
36054,3
36055,2
36056,0
36057,0
36058,4
36059,3
36060,3
36061,2
36062,0
36063,4
36064,1
36065,0
36066,2
36067,2
36068,0
36069,1
36070,0
36071,3
36072,3
36073,5
36074,0
36075,1
36076,2
36077,1
36078,1
36079,3
36080,2
36081,1
36082,2
36083,0
36084,3
36085,0
36086,1
36087,4
36088,5
36089,2
36090,2
36091,1
36092,0
36093,0
36094,2
36095,1
36096,0
36097,1
36098,0
36099,1
36100,2
36101,5
36102,4
36103,1
36104,1
36105,3
36106,1
36107,1
36108,1
36109,4
36110,1
36111,0
36112,2
36113,0
36114,1
36115,3
36116,0
36117,1
36118,3
36119,0
36120,1
36121,1
36122,1
36123,2
36124,3
36125,1
36126,1
36127,0
36128,2
36129,1
36130,1
36131,3
36132,1
36133,0
36134,2
36135,5
36136,1
36137,14
36138,0
36139,0
36140,1
36141,4
36142,38
36143,1
36144,1
36145,2
36146,2
36147,2
36148,0
36149,0
36150,1
36151,2
36152,3
36153,0
36154,1
36155,0
36156,1
36157,1
36158,1
36159,2
36160,8
36161,4
36162,5
36163,1
36164,3
36165,2
36166,2
36167,3
36168,0
36169,3
36170,1
36171,2
36172,0
36173,3
36174,1
36175,0
36176,3
36177,1
36178,0
36179,5
36180,0
36181,0
36182,1
36183,0
36184,1
36185,1
36186,4
36187,0
36188,0
36189,2
36190,0
36191,1
36192,2
36193,1
36194,0
36195,1
36196,1
36197,5
36198,1
36199,1
36200,1
36201,0
36202,1
36203,2
36204,3
36205,0
36206,2
36207,1
36208,0
36209,1
36210,0
36211,1
36212,0
36213,0
36214,0
36215,1
36216,1
36217,0
36218,0
36219,2
36220,1
36221,4
36222,1
36223,0
36224,3
36225,0
36226,3
36227,0
36228,3
36229,2
36230,1
36231,3
36232,2
36233,0
36234,4
36235,4
36236,0
36237,4
36238,2
36239,1
36240,2
36241,0
36242,1
36243,2
36244,0
36245,1
36246,1
36247,0
36248,1
36249,0
36250,3
36251,2
36252,3
36253,0
36254,2
36255,1
36256,1
36257,1
36258,0
36259,1
36260,3
36261,2
36262,1
36263,0
36264,2
36265,0
36266,2
36267,0
36268,1
36269,0
36270,0
36271,1
36272,0
36273,3
36274,0
36275,3
36276,0
36277,0
36278,0
36279,0
36280,0
36281,2
36282,1
36283,5
36284,2
36285,3
36286,0
36287,1
36288,4
36289,0
36290,10
36291,0
36292,1
36293,0
36294,2
36295,1
36296,4
36297,0
36298,0
36299,0
36300,0
36301,3
36302,0
36303,0
36304,2
36305,2
36306,1
36307,1
36308,1
36309,0
36310,0
36311,1
36312,1
36313,0
36314,2
36315,0
36316,2
36317,0
36318,1
36319,0
36320,0
36321,2
36322,1
36323,0
36324,1
36325,0
36326,3
36327,0
36328,0
36329,0
36330,1
36331,4
36332,1
36333,5
36334,0
36335,3
36336,3
36337,1
36338,2
36339,1
36340,2
36341,0
36342,0
36343,3
36344,1
36345,1
36346,2
36347,3
36348,0
36349,1
36350,2
36351,0
36352,2
36353,1
36354,0
36355,2
36356,2
36357,1
36358,0
36359,5
36360,1
36361,1
36362,3
36363,0
36364,0
36365,2
36366,1
36367,0
36368,2
36369,1
36370,0
36371,4
36372,0
36373,0
36374,0
36375,1
36376,1
36377,1
36378,0
36379,1
36380,7
36381,1
36382,2
36383,3
36384,1
36385,2
36386,2
36387,10
36388,1
36389,3
36390,2
36391,5
36392,1
36393,0
36394,1
36395,2
36396,2
36397,0
36398,1
36399,0
36400,0
36401,1
36402,2
36403,1
36404,1
36405,1
36406,0
36407,1
36408,0
36409,0
36410,1
36411,4
36412,3
36413,1
36414,2
36415,0
36416,1
36417,1
36418,3
36419,1
36420,1
36421,1
36422,1
36423,3
36424,2
36425,0
36426,3
36427,0
36428,1
36429,2
36430,1
36431,2
36432,1
36433,2
36434,0
36435,2
36436,1
36437,1
36438,0
36439,0
36440,0
36441,1
36442,2
36443,0
36444,0
36445,0
36446,1
36447,1
36448,1
36449,3
36450,1
36451,0
36452,0
36453,1
36454,5
36455,2
36456,1
36457,1
36458,1
36459,2
36460,2
36461,0
36462,2
36463,1
36464,4
36465,3
36466,1
36467,3
36468,1
36469,2
36470,1
36471,1
36472,1
36473,2
36474,0
36475,0
36476,2
36477,0
36478,2
36479,4
36480,1
36481,2
36482,3
36483,2
36484,2
36485,2
36486,1
36487,0
36488,1
36489,0
36490,2
36491,1
36492,0
36493,1
36494,0
36495,2
36496,0
36497,1
36498,1
36499,2
36500,1
36501,1
36502,1
36503,1
36504,1
36505,3
36506,1
36507,1
36508,1
36509,2
36510,1
36511,0
36512,0
36513,0
36514,2
36515,2
36516,0
36517,0
36518,1
36519,2
36520,0
36521,0
36522,1
36523,0
36524,0
36525,1
36526,0
36527,0
36528,0
36529,2
36530,0
36531,1
36532,1
36533,1
36534,0
36535,0
36536,0
36537,1
36538,2
36539,2
36540,0
36541,1
36542,0
36543,2
36544,1
36545,1
36546,1
36547,2
36548,2
36549,2
36550,1
36551,1
36552,1
36553,1
36554,1
36555,1
36556,0
36557,1
36558,0
36559,2
36560,2
36561,6
36562,1
36563,0
36564,3
36565,2
36566,1
36567,1
36568,4
36569,0
36570,1
36571,0
36572,2
36573,0
36574,1
36575,1
36576,1
36577,2
36578,0
36579,0
36580,0
36581,0
36582,2
36583,1
36584,1
36585,1
36586,0
36587,0
36588,2
36589,2
36590,1
36591,1
36592,0
36593,3
36594,1
36595,3
36596,1
36597,0
36598,0
36599,0
36600,0
36601,0
36602,0
36603,1
36604,2
36605,0
36606,0
36607,2
36608,0
36609,1
36610,0
36611,0
36612,1
36613,1
36614,0
36615,0
36616,3
36617,0
36618,3
36619,1
36620,1
36621,1
36622,1
36623,1
36624,0
36625,3
36626,0
36627,0
36628,0
36629,1
36630,2
36631,2
36632,1
36633,1
36634,0
36635,2
36636,0
36637,0
36638,3
36639,0
36640,0
36641,0
36642,0
36643,3
36644,46
36645,1
36646,2
36647,0
36648,0
36649,1
36650,2
36651,1
36652,0
36653,1
36654,2
36655,0
36656,0
36657,0
36658,0
36659,1
36660,6
36661,0
36662,1
36663,2
36664,0
36665,1
36666,2
36667,0
36668,0
36669,0
36670,3
36671,1
36672,3
36673,3
36674,3
36675,1
36676,3
36677,2
36678,0
36679,0
36680,0
36681,2
36682,0
36683,2
36684,0
36685,3
36686,0
36687,3
36688,0
36689,2
36690,4
36691,1
36692,1
36693,0
36694,0
36695,2
36696,0
36697,2
36698,0
36699,0
36700,1
36701,0
36702,1
36703,1
36704,1
36705,2
36706,1
36707,3
36708,1
36709,2
36710,6
36711,0
36712,0
36713,1
36714,0
36715,1
36716,0
36717,16
36718,2
36719,2
36720,1
36721,2
36722,1
36723,1
36724,1
36725,3
36726,1
36727,1
36728,0
36729,2
36730,1
36731,3
36732,2
36733,0
36734,1
36735,0
36736,0
36737,0
36738,2
36739,2
36740,1
36741,1
36742,2
36743,1
36744,3
36745,1
36746,3
36747,3
36748,1
36749,0
36750,1
36751,1
36752,4
36753,1
36754,0
36755,1
36756,0
36757,0
36758,2
36759,2
36760,1
36761,1
36762,2
36763,1
36764,3
36765,0
36766,0
36767,3
36768,2
36769,4
36770,3
36771,0
36772,2
36773,2
36774,3
36775,0
36776,0
36777,1
36778,1
36779,0
36780,3
36781,2
36782,3
36783,4
36784,2
36785,0
36786,0
36787,0
36788,0
36789,1
36790,1
36791,0
36792,1
36793,0
36794,0
36795,0
36796,0
36797,1
36798,0
36799,1
36800,1
36801,1
36802,1
36803,0
36804,0
36805,0
36806,2
36807,0
36808,1
36809,3
36810,1
36811,0
36812,2
36813,2
36814,2
36815,0
36816,1
36817,0
36818,0
36819,1
36820,1
36821,1
36822,1
36823,1
36824,1
36825,1
36826,1
36827,1
36828,0
36829,0
36830,0
36831,2
36832,0
36833,0
36834,0
36835,3
36836,1
36837,2
36838,0
36839,2
36840,5
36841,0
36842,0
36843,3
36844,7
36845,6
36846,2
36847,2
36848,1
36849,1
36850,1
36851,1
36852,2
36853,2
36854,3
36855,0
36856,1
36857,1
36858,3
36859,1
36860,1
36861,1
36862,4
36863,4
36864,2
36865,0
36866,1
36867,0
36868,0
36869,2
36870,1
36871,2
36872,0
36873,5
36874,0
36875,1
36876,1
36877,1
36878,0
36879,1
36880,1
36881,2
36882,1
36883,3
36884,5
36885,1
36886,0
36887,2
36888,1
36889,1
36890,0
36891,0
36892,3
36893,0
36894,1
36895,1
36896,2
36897,0
36898,2
36899,2
36900,0
36901,4
36902,1
36903,0
36904,2
36905,3
36906,4
36907,2
36908,5
36909,0
36910,0
36911,2
36912,1
36913,2
36914,5
36915,0
36916,0
36917,0
36918,3
36919,3
36920,1
36921,2
36922,0
36923,3
36924,1
36925,1
36926,0
36927,1
36928,2
36929,1
36930,1
36931,0
36932,1
36933,1
36934,0
36935,1
36936,0
36937,0
36938,1
36939,0
36940,0
36941,2
36942,0
36943,2
36944,0
36945,3
36946,0
36947,1
36948,0
36949,2
36950,1
36951,1
36952,1
36953,0
36954,0
36955,1
36956,0
36957,2
36958,0
36959,0
36960,0
36961,1
36962,0
36963,0
36964,2
36965,2
36966,2
36967,2
36968,0
36969,2
36970,2
36971,1
36972,0
36973,0
36974,1
36975,0
36976,1
36977,1
36978,1
36979,0
36980,1
36981,0
36982,0
36983,0
36984,1
36985,1
36986,2
36987,1
36988,3
36989,1
36990,0
36991,0
36992,0
36993,0
36994,1
36995,3
36996,0
36997,1
36998,1
36999,0
37000,0
37001,1
37002,0
37003,0
37004,1
37005,1
37006,2
37007,0
37008,1
37009,0
37010,0
37011,0
37012,0
37013,0
37014,2
37015,1
37016,2
37017,1
37018,0
37019,4
37020,0
37021,0
37022,1
37023,1
37024,0
37025,0
37026,1
37027,2
37028,2
37029,2
37030,1
37031,1
37032,1
37033,0
37034,0
37035,0
37036,0
37037,0
37038,1
37039,0
37040,3
37041,0
37042,0
37043,0
37044,0
37045,1
37046,0
37047,0
37048,0
37049,0
37050,0
37051,0
37052,0
37053,1
37054,1
37055,1
37056,0
37057,0
37058,2
37059,1
37060,1
37061,0
37062,3
37063,0
37064,1
37065,0
37066,0
37067,0
37068,0
37069,0
37070,0
37071,0
37072,1
37073,0
37074,0
37075,0
37076,0
37077,2
37078,3
37079,1
37080,1
37081,0
37082,0
37083,0
37084,1
37085,0
37086,2
37087,3
37088,0
37089,1
37090,1
37091,2
37092,4
37093,3
37094,1
37095,1
37096,0
37097,0
37098,1
37099,2
37100,0
37101,0
37102,0
37103,0
37104,0
37105,4
37106,1
37107,0
37108,0
37109,0
37110,1
37111,3
37112,0
37113,0
37114,0
37115,1
37116,1
37117,2
37118,0
37119,1
37120,0
37121,2
37122,0
37123,1
37124,1
37125,1
37126,1
37127,1
37128,0
37129,0
37130,0
37131,2
37132,1
37133,2
37134,2
37135,2
37136,3
37137,1
37138,0
37139,2
37140,0
37141,0
37142,0
37143,0
37144,2
37145,3
37146,4
37147,1
37148,0
37149,4
37150,0
37151,1
37152,1
37153,0
37154,2
37155,0
37156,1
37157,0
37158,0
37159,0
37160,1
37161,0
37162,0
37163,1
37164,2
37165,0
37166,0
37167,1
37168,0
37169,0
37170,1
37171,3
37172,0
37173,1
37174,1
37175,1
37176,2
37177,2
37178,0
37179,0
37180,2
37181,0
37182,1
37183,1
37184,0
37185,1
37186,1
37187,2
37188,1
37189,1
37190,1
37191,1
37192,1
37193,0
37194,2
37195,0
37196,0
37197,1
37198,0
37199,0
37200,4
37201,0
37202,0
37203,1
37204,2
37205,2
37206,0
37207,0
37208,1
37209,2
37210,0
37211,2
37212,0
37213,0
37214,3
37215,1
37216,1
37217,2
37218,1
37219,2
37220,1
37221,0
37222,2
37223,0
37224,1
37225,0
37226,1
37227,3
37228,5
37229,7
37230,2
37231,2
37232,1
37233,2
37234,0
37235,1
37236,1
37237,2
37238,0
37239,1
37240,0
37241,1
37242,1
37243,0
37244,1
37245,2
37246,0
37247,2
37248,0
37249,0
37250,0
37251,2
37252,0
37253,0
37254,1
37255,1
37256,1
37257,1
37258,3
37259,0
37260,1
37261,0
37262,2
37263,3
37264,1
37265,1
37266,0
37267,2
37268,1
37269,1
37270,0
37271,1
37272,2
37273,1
37274,0
37275,2
37276,0
37277,0
37278,1
37279,1
37280,1
37281,2
37282,0
37283,1
37284,0
37285,2
37286,2
37287,2
37288,1
37289,2
37290,0
37291,3
37292,1
37293,2
37294,1
37295,3
37296,0
37297,1
37298,0
37299,0
37300,1
37301,0
37302,0
37303,2
37304,0
37305,1
37306,3
37307,0
37308,0
37309,1
37310,2
37311,3
37312,3
37313,0
37314,0
37315,1
37316,0
37317,2
37318,1
37319,0
37320,2
37321,0
37322,1
37323,0
37324,2
37325,0
37326,0
37327,0
37328,1
37329,1
37330,2
37331,0
37332,1
37333,2
37334,0
37335,0
37336,0
37337,4
37338,0
37339,0
37340,3
37341,1
37342,0
37343,2
37344,2
37345,1
37346,1
37347,2
37348,1
37349,1
37350,2
37351,0
37352,1
37353,1
37354,0
37355,1
37356,5
37357,2
37358,0
37359,2
37360,1
37361,0
37362,1
37363,1
37364,0
37365,0
37366,1
37367,1
37368,0
37369,2
37370,0
37371,0
37372,0
37373,2
37374,0
37375,5
37376,0
37377,1
37378,7
37379,0
37380,0
37381,0
37382,1
37383,1
37384,3
37385,2
37386,2
37387,0
37388,2
37389,3
37390,2
37391,1
37392,0
37393,0
37394,2
37395,3
37396,0
37397,3
37398,1
37399,3
37400,0
37401,0
37402,2
37403,0
37404,3
37405,0
37406,0
37407,0
37408,0
37409,4
37410,0
37411,0
37412,1
37413,0
37414,0
37415,0
37416,2
37417,0
37418,2
37419,3
37420,2
37421,0
37422,1
37423,0
37424,1
37425,0
37426,1
37427,0
37428,0
37429,2
37430,0
37431,0
37432,0
37433,4
37434,1
37435,1
37436,1
37437,0
37438,1
37439,0
37440,0
37441,4
37442,0
37443,2
37444,2
37445,0
37446,1
37447,0
37448,0
37449,3
37450,2
37451,2
37452,5
37453,3
37454,0
37455,2
37456,0
37457,3
37458,0
37459,0
37460,2
37461,3
37462,2
37463,0
37464,0
37465,0
37466,2
37467,0
37468,5
37469,2
37470,1
37471,0
37472,0
37473,2
37474,1
37475,0
37476,1
37477,0
37478,1
37479,3
37480,1
37481,0
37482,0
37483,0
37484,2
37485,0
37486,0
37487,0
37488,0
37489,0
37490,0
37491,1
37492,0
37493,1
37494,1
37495,0
37496,0
37497,2
37498,1
37499,1
37500,1
37501,0
37502,0
37503,0
37504,0
37505,2
37506,1
37507,5
37508,0
37509,0
37510,0
37511,1
37512,0
37513,0
37514,1
37515,0
37516,1
37517,2
37518,0
37519,0
37520,1
37521,1
37522,2
37523,0
37524,1
37525,1
37526,1
37527,0
37528,3
37529,0
37530,0
37531,0
37532,1
37533,0
37534,3
37535,1
37536,2
37537,2
37538,1
37539,1
37540,0
37541,1
37542,3
37543,1
37544,0
37545,2
37546,0
37547,0
37548,0
37549,4
37550,0
37551,5
37552,0
37553,0
37554,2
37555,0
37556,1
37557,1
37558,1
37559,0
37560,0
37561,1
37562,0
37563,0
37564,0
37565,0
37566,1
37567,1
37568,2
37569,1
37570,1
37571,0
37572,0
37573,0
37574,1
37575,2
37576,1
37577,1
37578,2
37579,0
37580,2
37581,2
37582,1
37583,3
37584,2
37585,1
37586,0
37587,2
37588,2
37589,0
37590,0
37591,0
37592,0
37593,2
37594,2
37595,2
37596,0
37597,0
37598,1
37599,1
37600,0
37601,0
37602,2
37603,1
37604,1
37605,0
37606,0
37607,0
37608,0
37609,1
37610,0
37611,0
37612,1
37613,0
37614,1
37615,1
37616,1
37617,1
37618,1
37619,0
37620,2
37621,1
37622,1
37623,2
37624,0
37625,0
37626,1
37627,0
37628,1
37629,2
37630,1
37631,1
37632,0
37633,0
37634,0
37635,1
37636,0
37637,1
37638,0
37639,1
37640,1
37641,3
37642,3
37643,1
37644,0
37645,2
37646,0
37647,1
37648,1
37649,1
37650,0
37651,0
37652,0
37653,1
37654,0
37655,0
37656,0
37657,1
37658,3
37659,1
37660,2
37661,0
37662,1
37663,0
37664,0
37665,0
37666,1
37667,1
37668,1
37669,0
37670,2
37671,1
37672,1
37673,1
37674,0
37675,1
37676,2
37677,1
37678,0
37679,3
37680,0
37681,0
37682,1
37683,1
37684,0
37685,1
37686,1
37687,3
37688,5
37689,0
37690,2
37691,1
37692,1
37693,2
37694,0
37695,0
37696,2
37697,2
37698,2
37699,4
37700,1
37701,0
37702,3
37703,4
37704,2
37705,2
37706,0
37707,0
37708,0
37709,3
37710,1
37711,0
37712,1
37713,1
37714,2
37715,0
37716,0
37717,0
37718,2
37719,1
37720,1
37721,0
37722,0
37723,0
37724,1
37725,1
37726,1
37727,0
37728,1
37729,3
37730,3
37731,1
37732,1
37733,1
37734,1
37735,0
37736,1
37737,2
37738,0
37739,3
37740,0
37741,3
37742,2
37743,1
37744,2
37745,2
37746,1
37747,1
37748,1
37749,3
37750,2
37751,1
37752,1
37753,1
37754,3
37755,1
37756,0
37757,0
37758,1
37759,0
37760,4
37761,5
37762,1
37763,3
37764,1
37765,2
37766,0
37767,1
37768,1
37769,2
37770,3
37771,0
37772,0
37773,1
37774,0
37775,3
37776,0
37777,0
37778,0
37779,0
37780,1
37781,0
37782,2
37783,3
37784,1
37785,1
37786,0
37787,0
37788,2
37789,4
37790,3
37791,1
37792,5
37793,0
37794,0
37795,1
37796,0
37797,0
37798,1
37799,0
37800,2
37801,2
37802,2
37803,2
37804,1
37805,0
37806,1
37807,0
37808,0
37809,1
37810,2
37811,0
37812,3
37813,1
37814,1
37815,0
37816,1
37817,0
37818,1
37819,1
37820,1
37821,0
37822,2
37823,3
37824,1
37825,1
37826,1
37827,3
37828,1
37829,0
37830,0
37831,2
37832,3
37833,2
37834,2
37835,0
37836,2
37837,0
37838,2
37839,0
37840,2
37841,0
37842,2
37843,0
37844,2
37845,2
37846,0
37847,0
37848,1
37849,0
37850,3
37851,6
37852,1
37853,1
37854,0
37855,0
37856,1
37857,0
37858,1
37859,1
37860,1
37861,0
37862,0
37863,1
37864,1
37865,1
37866,1
37867,0
37868,0
37869,0
37870,0
37871,0
37872,0
37873,2
37874,1
37875,3
37876,2
37877,0
37878,1
37879,1
37880,2
37881,2
37882,2
37883,2
37884,2
37885,2
37886,2
37887,0
37888,1
37889,0
37890,1
37891,2
37892,1
37893,2
37894,2
37895,1
37896,0
37897,1
37898,0
37899,0
37900,0
37901,1
37902,0
37903,1
37904,0
37905,1
37906,0
37907,1
37908,0
37909,0
37910,2
37911,0
37912,2
37913,1
37914,0
37915,0
37916,1
37917,0
37918,2
37919,1
37920,1
37921,0
37922,2
37923,1
37924,1
37925,1
37926,0
37927,1
37928,2
37929,1
37930,3
37931,3
37932,2
37933,0
37934,0
37935,1
37936,2
37937,2
37938,3
37939,1
37940,2
37941,0
37942,0
37943,2
37944,1
37945,0
37946,2
37947,1
37948,1
37949,3
37950,2
37951,1
37952,1
37953,1
37954,2
37955,1
37956,2
37957,1
37958,1
37959,2
37960,0
37961,2
37962,0
37963,4
37964,3
37965,1
37966,0
37967,2
37968,0
37969,0
37970,4
37971,2
37972,0
37973,2
37974,0
37975,0
37976,1
37977,0
37978,3
37979,1
37980,0
37981,2
37982,1
37983,4
37984,3
37985,3
37986,1
37987,4
37988,0
37989,2
37990,0
37991,1
37992,1
37993,1
37994,2
37995,0
37996,0
37997,1
37998,0
37999,2
38000,1
38001,4
38002,2
38003,2
38004,2
38005,2
38006,1
38007,5
38008,2
38009,0
38010,2
38011,1
38012,2
38013,1
38014,0
38015,0
38016,0
38017,1
38018,2
38019,1
38020,4
38021,0
38022,2
38023,2
38024,3
38025,5
38026,3
38027,2
38028,3
38029,3
38030,1
38031,1
38032,0
38033,0
38034,1
38035,1
38036,0
38037,0
38038,0
38039,2
38040,2
38041,1
38042,2
38043,1
38044,0
38045,1
38046,2
38047,2
38048,1
38049,0
38050,2
38051,0
38052,0
38053,0
38054,1
38055,0
38056,3
38057,5
38058,2
38059,1
38060,0
38061,1
38062,1
38063,0
38064,2
38065,3
38066,1
38067,2
38068,2
38069,2
38070,1
38071,1
38072,2
38073,2
38074,1
38075,2
38076,1
38077,0
38078,3
38079,0
38080,2
38081,1
38082,1
38083,0
38084,0
38085,1
38086,4
38087,0
38088,1
38089,0
38090,1
38091,2
38092,2
38093,0
38094,3
38095,1
38096,0
38097,3
38098,3
38099,2
38100,1
38101,2
38102,0
38103,1
38104,4
38105,6
38106,4
38107,1
38108,2
38109,2
38110,1
38111,1
38112,1
38113,0
38114,1
38115,0
38116,0
38117,1
38118,1
38119,1
38120,2
38121,3
38122,2
38123,0
38124,1
38125,3
38126,1
38127,0
38128,1
38129,5
38130,1
38131,3
38132,2
38133,1
38134,1
38135,2
38136,0
38137,1
38138,1
38139,1
38140,0
38141,1
38142,3
38143,4
38144,1
38145,0
38146,1
38147,1
38148,0
38149,2
38150,0
38151,0
38152,0
38153,1
38154,2
38155,2
38156,2
38157,3
38158,4
38159,3
38160,1
38161,2
38162,0
38163,3
38164,5
38165,5
38166,2
38167,1
38168,1
38169,2
38170,2
38171,1
38172,1
38173,3
38174,0
38175,0
38176,3
38177,1
38178,3
38179,2
38180,6
38181,2
38182,2
38183,1
38184,0
38185,2
38186,2
38187,1
38188,1
38189,1
38190,0
38191,1
38192,3
38193,0
38194,2
38195,1
38196,4
38197,1
38198,1
38199,3
38200,2
38201,0
38202,5
38203,8
38204,1
38205,1
38206,1
38207,4
38208,1
38209,4
38210,5
38211,2
38212,0
38213,4
38214,0
38215,0
38216,1
38217,3
38218,1
38219,2
38220,2
38221,1
38222,1
38223,5
38224,0
38225,2
38226,3
38227,0
38228,3
38229,1
38230,1
38231,1
38232,4
38233,1
38234,3
38235,3
38236,3
38237,2
38238,5
38239,0
38240,0
38241,0
38242,4
38243,1
38244,4
38245,4
38246,0
38247,2
38248,1
38249,5
38250,2
38251,0
38252,0
38253,2
38254,1
38255,3
38256,0
38257,2
38258,0
38259,1
38260,0
38261,3
38262,2
38263,0
38264,0
38265,2
38266,1
38267,0
38268,7
38269,5
38270,2
38271,3
38272,2
38273,1
38274,1
38275,2
38276,2
38277,2
38278,2
38279,3
38280,5
38281,2
38282,6
38283,2
38284,4
38285,1
38286,11
38287,3
38288,2
38289,1
38290,1
38291,4
38292,2
38293,1
38294,0
38295,1
38296,10
38297,3
38298,4
38299,1
38300,2
38301,5
38302,2
38303,0
38304,0
38305,6
38306,4
38307,65
38308,0
38309,0
38310,1
38311,1
38312,0
38313,2
38314,2
38315,1
38316,3
38317,1
38318,0
38319,2
38320,3
38321,0
38322,1
38323,0
38324,1
38325,1
38326,1
38327,1
38328,0
38329,1
38330,0
38331,3
38332,3
38333,1
38334,2
38335,2
38336,1
38337,2
38338,6
38339,4
38340,0
38341,1
38342,0
38343,2
38344,1
38345,1
38346,0
38347,0
38348,1
38349,0
38350,0
38351,0
38352,0
38353,1
38354,1
38355,1
38356,0
38357,0
38358,2
38359,0
38360,2
38361,2
38362,1
38363,0
38364,0
38365,1
38366,0
38367,1
38368,4
38369,5
38370,3
38371,0
38372,3
38373,1
38374,4
38375,1
38376,0
38377,0
38378,0
38379,1
38380,0
38381,2
38382,3
38383,1
38384,2
38385,1
38386,3
38387,2
38388,3
38389,1
38390,0
38391,2
38392,0
38393,3
38394,2
38395,0
38396,1
38397,1
38398,3
38399,9
38400,3
38401,1
38402,0
38403,2
38404,2
38405,1
38406,0
38407,1
38408,0
38409,0
38410,2
38411,0
38412,3
38413,2
38414,4
38415,3
38416,1
38417,0
38418,0
38419,2
38420,1
38421,0
38422,0
38423,1
38424,1
38425,5
38426,1
38427,3
38428,14
38429,6
38430,3
38431,2
38432,3
38433,1
38434,2
38435,4
38436,0
38437,1
38438,4
38439,1
38440,2
38441,0
38442,2
38443,1
38444,2
38445,2
38446,1
38447,3
38448,1
38449,1
38450,1
38451,1
38452,2
38453,1
38454,2
38455,2
38456,1
38457,1
38458,5
38459,3
38460,4
38461,1
38462,1
38463,0
38464,4
38465,2
38466,4
38467,4
38468,0
38469,1
38470,1
38471,1
38472,1
38473,1
38474,2
38475,1
38476,1
38477,3
38478,2
38479,1
38480,4
38481,1
38482,0
38483,3
38484,2
38485,2
38486,1
38487,2
38488,1
38489,0
38490,4
38491,0
38492,1
38493,0
38494,2
38495,0
38496,0
38497,1
38498,1
38499,2
38500,0
38501,1
38502,1
38503,2
38504,0
38505,1
38506,2
38507,1
38508,0
38509,0
38510,2
38511,1
38512,3
38513,0
38514,0
38515,1
38516,2
38517,0
38518,0
38519,1
38520,0
38521,0
38522,0
38523,0
38524,2
38525,1
38526,1
38527,1
38528,3
38529,2
38530,0
38531,1
38532,1
38533,1
38534,1
38535,1
38536,1
38537,1
38538,1
38539,4
38540,3
38541,3
38542,1
38543,1
38544,1
38545,2
38546,1
38547,0
38548,1
38549,1
38550,1
38551,1
38552,1
38553,3
38554,1
38555,5
38556,1
38557,1
38558,0
38559,4
38560,5
38561,2
38562,0
38563,1
38564,6
38565,4
38566,0
38567,0
38568,1
38569,1
38570,3
38571,3
38572,2
38573,1
38574,1
38575,1
38576,2
38577,0
38578,1
38579,0
38580,2
38581,1
38582,2
38583,2
38584,2
38585,0
38586,0
38587,1
38588,0
38589,2
38590,0
38591,2
38592,2
38593,1
38594,1
38595,1
38596,0
38597,0
38598,1
38599,1
38600,2
38601,0
38602,0
38603,1
38604,0
38605,2
38606,2
38607,0
38608,0
38609,2
38610,3
38611,3
38612,3
38613,3
38614,0
38615,2
38616,1
38617,2
38618,1
38619,1
38620,3
38621,1
38622,4
38623,2
38624,3
38625,2
38626,2
38627,2
38628,2
38629,1
38630,3
38631,2
38632,3
38633,1
38634,3
38635,4
38636,4
38637,0
38638,0
38639,3
38640,2
38641,0
38642,0
38643,1
38644,1
38645,0
38646,1
38647,0
38648,6
38649,1
38650,1
38651,2
38652,2
38653,3
38654,2
38655,1
38656,0
38657,1
38658,2
38659,5
38660,0
38661,2
38662,2
38663,0
38664,1
38665,0
38666,1
38667,1
38668,3
38669,0
38670,0
38671,3
38672,2
38673,2
38674,1
38675,0
38676,1
38677,1
38678,4
38679,2
38680,0
38681,1
38682,0
38683,1
38684,1
38685,2
38686,0
38687,0
38688,2
38689,0
38690,2
38691,0
38692,1
38693,0
38694,2
38695,3
38696,1
38697,0
38698,3
38699,0
38700,0
38701,3
38702,0
38703,0
38704,1
38705,0
38706,2
38707,3
38708,0
38709,1
38710,2
38711,2
38712,2
38713,2
38714,0
38715,2
38716,2
38717,0
38718,0
38719,1
38720,0
38721,2
38722,1
38723,1
38724,0
38725,0
38726,0
38727,0
38728,1
38729,1
38730,0
38731,2
38732,0
38733,0
38734,1
38735,0
38736,3
38737,0
38738,3
38739,3
38740,1
38741,3
38742,0
38743,1
38744,2
38745,2
38746,0
38747,0
38748,0
38749,1
38750,0
38751,1
38752,0
38753,3
38754,2
38755,5
38756,2
38757,1
38758,3
38759,1
38760,0
38761,1
38762,0
38763,0
38764,0
38765,3
38766,3
38767,3
38768,2
38769,2
38770,0
38771,0
38772,1
38773,0
38774,0
38775,2
38776,0
38777,3
38778,1
38779,2
38780,3
38781,1
38782,0
38783,0
38784,2
38785,1
38786,2
38787,1
38788,0
38789,0
38790,1
38791,0
38792,1
38793,0
38794,0
38795,0
38796,0
38797,0
38798,0
38799,1
38800,2
38801,0
38802,1
38803,2
38804,1
38805,0
38806,1
38807,1
38808,0
38809,1
38810,1
38811,1
38812,0
38813,0
38814,0
38815,3
38816,0
38817,0
38818,0
38819,1
38820,0
38821,0
38822,0
38823,0
38824,3
38825,1
38826,0
38827,2
38828,1
38829,2
38830,0
38831,2
38832,0
38833,2
38834,4
38835,1
38836,1
38837,0
38838,1
38839,3
38840,2
38841,3
38842,2
38843,1
38844,0
38845,3
38846,1
38847,0
38848,0
38849,0
38850,1
38851,1
38852,3
38853,0
38854,3
38855,0
38856,1
38857,2
38858,1
38859,3
38860,1
38861,1
38862,4
38863,6
38864,2
38865,1
38866,4
38867,4
38868,3
38869,0
38870,0
38871,1
38872,7
38873,1
38874,0
38875,2
38876,1
38877,0
38878,2
38879,0
38880,1
38881,1
38882,0
38883,3
38884,2
38885,0
38886,2
38887,2
38888,0
38889,2
38890,0
38891,1
38892,0
38893,1
38894,0
38895,3
38896,3
38897,1
38898,1
38899,4
38900,3
38901,1
38902,3
38903,0
38904,3
38905,0
38906,0
38907,2
38908,0
38909,0
38910,5
38911,0
38912,2
38913,4
38914,1
38915,1
38916,2
38917,1
38918,3
38919,3
38920,6
38921,1
38922,1
38923,1
38924,2
38925,3
38926,0
38927,4
38928,1
38929,3
38930,3
38931,2
38932,1
38933,0
38934,1
38935,1
38936,1
38937,0
38938,1
38939,1
38940,0
38941,0
38942,1
38943,2
38944,3
38945,4
38946,2
38947,0
38948,2
38949,2
38950,0
38951,0
38952,1
38953,1
38954,4
38955,4
38956,1
38957,1
38958,2
38959,3
38960,1
38961,3
38962,1
38963,2
38964,2
38965,2
38966,3
38967,1
38968,1
38969,2
38970,2
38971,3
38972,1
38973,3
38974,7
38975,0
38976,3
38977,0
38978,0
38979,0
38980,4
38981,1
38982,1
38983,1
38984,1
38985,3
38986,2
38987,2
38988,3
38989,1
38990,1
38991,2
38992,0
38993,1
38994,0
38995,0
38996,1
38997,2
38998,4
38999,1
39000,1
39001,1
39002,2
39003,1
39004,0
39005,0
39006,1
39007,1
39008,2
39009,1
39010,0
39011,0
39012,0
39013,0
39014,0
39015,1
39016,0
39017,1
39018,0
39019,0
39020,2
39021,2
39022,1
39023,1
39024,3
39025,1
39026,1
39027,0
39028,3
39029,0
39030,2
39031,1
39032,0
39033,3
39034,0
39035,0
39036,3
39037,1
39038,0
39039,6
39040,0
39041,1
39042,1
39043,1
39044,3
39045,1
39046,1
39047,8
39048,1
39049,1
39050,0
39051,2
39052,3
39053,0
39054,1
39055,0
39056,1
39057,6
39058,4
39059,2
39060,0
39061,1
39062,2
39063,0
39064,0
39065,3
39066,4
39067,1
39068,5
39069,1
39070,4
39071,2
39072,0
39073,3
39074,2
39075,3
39076,2
39077,1
39078,1
39079,1
39080,3
39081,0
39082,0
39083,1
39084,1
39085,3
39086,1
39087,6
39088,0
39089,1
39090,1
39091,3
39092,2
39093,0
39094,3
39095,2
39096,7
39097,1
39098,0
39099,2
39100,3
39101,3
39102,1
39103,0
39104,1
39105,1
39106,1
39107,4
39108,5
39109,1
39110,3
39111,1
39112,0
39113,0
39114,4
39115,0
39116,1
39117,0
39118,4
39119,8
39120,2
39121,0
39122,5
39123,3
39124,3
39125,1
39126,1
39127,4
39128,1
39129,3
39130,0
39131,3
39132,2
39133,2
39134,3
39135,2
39136,2
39137,0
39138,1
39139,1
39140,0
39141,2
39142,3
39143,3
39144,2
39145,0
39146,1
39147,1
39148,2
39149,0
39150,2
39151,4
39152,22
39153,2
39154,2
39155,1
39156,2
39157,0
39158,0
39159,1
39160,2
39161,0
39162,1
39163,0
39164,2
39165,2
39166,2
39167,7
39168,3
39169,1
39170,0
39171,2
39172,0
39173,1
39174,3
39175,1
39176,1
39177,2
39178,1
39179,5
39180,6
39181,3
39182,2
39183,2
39184,3
39185,1
39186,11
39187,2
39188,11
39189,4
39190,3
39191,7
39192,15
39193,3
39194,2
39195,2
39196,4
39197,4
39198,4
39199,1
39200,3
39201,0
39202,1
39203,1
39204,1
39205,2
39206,0
39207,0
39208,1
39209,4
39210,1
39211,1
39212,0
39213,3
39214,1
39215,1
39216,1
39217,0
39218,1
39219,0
39220,4
39221,0
39222,1
39223,1
39224,1
39225,1
39226,1
39227,1
39228,3
39229,1
39230,1
39231,1
39232,1
39233,1
39234,1
39235,2
39236,0
39237,1
39238,1
39239,1
39240,0
39241,0
39242,1
39243,1
39244,3
39245,2
39246,1
39247,3
39248,0
39249,2
39250,0
39251,1
39252,0
39253,0
39254,2
39255,1
39256,0
39257,1
39258,2
39259,0
39260,0
39261,0
39262,3
39263,1
39264,0
39265,1
39266,1
39267,1
39268,4
39269,0
39270,1
39271,0
39272,2
39273,0
39274,2
39275,1
39276,1
39277,2
39278,1
39279,3
39280,2
39281,1
39282,0
39283,1
39284,1
39285,0
39286,1
39287,0
39288,3
39289,2
39290,1
39291,1
39292,0
39293,0
39294,0
39295,4
39296,2
39297,0
39298,0
39299,1
39300,0
39301,2
39302,3
39303,0
39304,1
39305,1
39306,3
39307,0
39308,3
39309,1
39310,1
39311,1
39312,2
39313,2
39314,0
39315,0
39316,0
39317,3
39318,1
39319,0
39320,3
39321,5
39322,1
39323,3
39324,1
39325,4
39326,0
39327,3
39328,0
39329,0
39330,0
39331,1
39332,2
39333,0
39334,1
39335,2
39336,1
39337,2
39338,0
39339,0
39340,1
39341,0
39342,1
39343,1
39344,2
39345,2
39346,1
39347,1
39348,0
39349,1
39350,1
39351,1
39352,1
39353,0
39354,4
39355,1
39356,0
39357,1
39358,3
39359,0
39360,1
39361,0
39362,0
39363,1
39364,1
39365,1
39366,0
39367,0
39368,1
39369,1
39370,0
39371,0
39372,1
39373,1
39374,3
39375,0
39376,1
39377,0
39378,2
39379,2
39380,0
39381,1
39382,1
39383,1
39384,1
39385,1
39386,0
39387,1
39388,2
39389,1
39390,0
39391,0
39392,5
39393,2
39394,1
39395,0
39396,2
39397,2
39398,3
39399,1
39400,4
39401,1
39402,2
39403,3
39404,0
39405,1
39406,1
39407,1
39408,2
39409,0
39410,0
39411,1
39412,0
39413,0
39414,0
39415,1
39416,1
39417,1
39418,0
39419,0
39420,0
39421,2
39422,0
39423,0
39424,0
39425,0
39426,1
39427,0
39428,1
39429,1
39430,0
39431,1
39432,0
39433,0
39434,2
39435,1
39436,0
39437,2
39438,1
39439,2
39440,1
39441,1
39442,0
39443,1
39444,2
39445,1
39446,1
39447,2
39448,0
39449,1
39450,0
39451,1
39452,2
39453,2
39454,1
39455,0
39456,0
39457,0
39458,1
39459,2
39460,0
39461,0
39462,0
39463,1
39464,1
39465,2
39466,0
39467,0
39468,1
39469,2
39470,0
39471,1
39472,2
39473,2
39474,0
39475,0
39476,2
39477,0
39478,3
39479,0
39480,1
39481,1
39482,2
39483,2
39484,0
39485,3
39486,1
39487,0
39488,0
39489,2
39490,2
39491,1
39492,3
39493,2
39494,0
39495,3
39496,1
39497,1
39498,1
39499,1
39500,1
39501,0
39502,0
39503,0
39504,1
39505,1
39506,0
39507,4
39508,0
39509,0
39510,1
39511,0
39512,1
39513,1
39514,0
39515,1
39516,1
39517,2
39518,0
39519,1
39520,8
39521,2
39522,3
39523,0
39524,2
39525,0
39526,2
39527,1
39528,5
39529,0
39530,0
39531,4
39532,2
39533,6
39534,0
39535,3
39536,2
39537,1
39538,2
39539,2
39540,0
39541,5
39542,2
39543,0
39544,0
39545,1
39546,1
39547,2
39548,2
39549,2
39550,1
39551,1
39552,0
39553,2
39554,4
39555,2
39556,0
39557,2
39558,0
39559,0
39560,2
39561,2
39562,5
39563,2
39564,1
39565,2
39566,0
39567,3
39568,1
39569,1
39570,1
39571,2
39572,0
39573,1
39574,1
39575,2
39576,2
39577,1
39578,3
39579,2
39580,1
39581,1
39582,1
39583,1
39584,1
39585,1
39586,2
39587,1
39588,2
39589,1
39590,1
39591,4
39592,1
39593,0
39594,0
39595,3
39596,2
39597,2
39598,5
39599,0
39600,1
39601,0
39602,0
39603,2
39604,2
39605,2
39606,0
39607,0
39608,2
39609,1
39610,4
39611,0
39612,1
39613,1
39614,2
39615,2
39616,1
39617,4
39618,1
39619,1
39620,0
39621,2
39622,2
39623,3
39624,1
39625,1
39626,2
39627,1
39628,1
39629,0
39630,2
39631,0
39632,4
39633,4
39634,3
39635,0
39636,0
39637,1
39638,3
39639,3
39640,0
39641,1
39642,0
39643,5
39644,3
39645,0
39646,0
39647,1
39648,0
39649,2
39650,1
39651,3
39652,1
39653,3
39654,1
39655,2
39656,2
39657,0
39658,0
39659,0
39660,1
39661,2
39662,1
39663,3
39664,3
39665,5
39666,0
39667,3
39668,2
39669,0
39670,3
39671,0
39672,4
39673,4
39674,2
39675,0
39676,2
39677,3
39678,2
39679,2
39680,2
39681,0
39682,3
39683,0
39684,2
39685,1
39686,1
39687,1
39688,1
39689,1
39690,2
39691,6
39692,3
39693,2
39694,1
39695,2
39696,2
39697,2
39698,1
39699,2
39700,2
39701,2
39702,0
39703,2
39704,0
39705,2
39706,0
39707,1
39708,0
39709,0
39710,0
39711,4
39712,9
39713,0
39714,1
39715,4
39716,1
39717,3
39718,1
39719,2
39720,1
39721,1
39722,0
39723,3
39724,2
39725,5
39726,2
39727,0
39728,1
39729,1
39730,0
39731,2
39732,1
39733,4
39734,2
39735,0
39736,3
39737,2
39738,7
39739,2
39740,1
39741,1
39742,0
39743,3
39744,4
39745,1
39746,2
39747,2
39748,2
39749,0
39750,0
39751,0
39752,1
39753,1
39754,0
39755,1
39756,1
39757,0
39758,1
39759,3
39760,2
39761,1
39762,2
39763,0
39764,1
39765,2
39766,0
39767,1
39768,1
39769,0
39770,2
39771,1
39772,1
39773,0
39774,0
39775,1
39776,3
39777,0
39778,2
39779,1
39780,1
39781,1
39782,2
39783,0
39784,1
39785,0
39786,0
39787,2
39788,1
39789,0
39790,2
39791,0
39792,0
39793,1
39794,0
39795,0
39796,1
39797,1
39798,1
39799,0
39800,2
39801,0
39802,0
39803,2
39804,1
39805,1
39806,1
39807,0
39808,0
39809,0
39810,2
39811,2
39812,2
39813,2
39814,0
39815,1
39816,2
39817,0
39818,1
39819,1
39820,1
39821,3
39822,0
39823,0
39824,0
39825,0
39826,0
39827,3
39828,0
39829,0
39830,0
39831,1
39832,2
39833,2
39834,1
39835,1
39836,0
39837,0
39838,2
39839,1
39840,4
39841,1
39842,1
39843,2
39844,0
39845,1
39846,0
39847,1
39848,3
39849,2
39850,2
39851,0
39852,1
39853,1
39854,0
39855,0
39856,0
39857,2
39858,1
39859,0
39860,1
39861,2
39862,11
39863,2
39864,0
39865,2
39866,1
39867,0
39868,1
39869,3
39870,0
39871,3
39872,2
39873,2
39874,1
39875,1
39876,1
39877,0
39878,2
39879,7
39880,1
39881,2
39882,0
39883,1
39884,2
39885,2
39886,0
39887,1
39888,0
39889,2
39890,2
39891,2
39892,1
39893,2
39894,0
39895,1
39896,0
39897,2
39898,0
39899,1
39900,0
39901,0
39902,1
39903,0
39904,3
39905,0
39906,0
39907,0
39908,3
39909,3
39910,2
39911,0
39912,1
39913,0
39914,2
39915,2
39916,2
39917,2
39918,2
39919,2
39920,0
39921,2
39922,0
39923,1
39924,2
39925,3
39926,0
39927,1
39928,0
39929,2
39930,0
39931,0
39932,1
39933,1
39934,2
39935,0
39936,0
39937,0
39938,0
39939,3
39940,1
39941,0
39942,1
39943,1
39944,3
39945,0
39946,1
39947,0
39948,2
39949,1
39950,3
39951,0
39952,1
39953,2
39954,2
39955,0
39956,1
39957,2
39958,4
39959,0
39960,0
39961,1
39962,2
39963,2
39964,1
39965,0
39966,2
39967,2
39968,3
39969,0
39970,0
39971,0
39972,2
39973,1
39974,1
39975,2
39976,1
39977,1
39978,2
39979,1
39980,0
39981,0
39982,1
39983,0
39984,3
39985,20
39986,1
39987,0
39988,3
39989,0
39990,3
39991,2
39992,2
39993,3
39994,1
39995,2
39996,1
39997,1
39998,1
39999,1
40000,0
40001,1
40002,2
40003,0
40004,2
40005,1
40006,2
40007,3
40008,1
40009,0
40010,2
40011,2
40012,1
40013,1
40014,0
40015,2
40016,0
40017,3
40018,1
40019,0
40020,3
40021,1
40022,2
40023,1
40024,2
40025,1
40026,3
40027,2
40028,5
40029,1
40030,2
40031,1
40032,0
40033,1
40034,0
40035,2
40036,4
40037,3
40038,1
40039,5
40040,1
40041,2
40042,4
40043,1
40044,4
40045,1
40046,3
40047,2
40048,0
40049,1
40050,3
40051,1
40052,1
40053,1
40054,6
40055,3
40056,3
40057,1
40058,2
40059,1
40060,1
40061,2
40062,0
40063,0
40064,4
40065,4
40066,2
40067,1
40068,8
40069,1
40070,2
40071,0
40072,5
40073,2
40074,3
40075,0
40076,0
40077,3
40078,1
40079,1
40080,0
40081,2
40082,0
40083,0
40084,0
40085,4
40086,2
40087,1
40088,2
40089,2
40090,1
40091,0
40092,1
40093,0
40094,0
40095,1
40096,2
40097,0
40098,1
40099,0
40100,0
40101,1
40102,1
40103,0
40104,0
40105,1
40106,2
40107,3
40108,1
40109,0
40110,0
40111,0
40112,1
40113,5
40114,4
40115,1
40116,0
40117,1
40118,1
40119,0
40120,2
40121,8
40122,0
40123,1
40124,3
40125,3
40126,3
40127,3
40128,2
40129,3
40130,3
40131,1
40132,1
40133,0
40134,0
40135,2
40136,2
40137,0
40138,1
40139,1
40140,2
40141,0
40142,1
40143,0
40144,1
40145,0
40146,0
40147,0
40148,3
40149,3
40150,1
40151,0
40152,0
40153,0
40154,0
40155,2
40156,3
40157,1
40158,2
40159,2
40160,3
40161,0
40162,0
40163,1
40164,3
40165,6
40166,2
40167,0
40168,0
40169,6
40170,1
40171,3
40172,0
40173,0
40174,1
40175,1
40176,2
40177,1
40178,0
40179,0
40180,0
40181,1
40182,0
40183,1
40184,1
40185,0
40186,1
40187,1
40188,2
40189,1
40190,6
40191,1
40192,14
40193,3
40194,2
40195,1
40196,1
40197,1
40198,1
40199,1
40200,0
40201,0
40202,0
40203,2
40204,2
40205,1
40206,3
40207,0
40208,2
40209,0
40210,1
40211,1
40212,1
40213,2
40214,1
40215,2
40216,1
40217,1
40218,0
40219,1
40220,1
40221,1
40222,0
40223,2
40224,2
40225,0
40226,1
40227,1
40228,2
40229,0
40230,0
40231,1
40232,0
40233,2
40234,1
40235,4
40236,1
40237,1
40238,2
40239,3
40240,0
40241,0
40242,1
40243,0
40244,1
40245,1
40246,0
40247,0
40248,2
40249,0
40250,1
40251,0
40252,2
40253,0
40254,0
40255,1
40256,1
40257,1
40258,1
40259,1
40260,0
40261,0
40262,1
40263,0
40264,0
40265,2
40266,1
40267,0
40268,0
40269,3
40270,3
40271,2
40272,2
40273,0
40274,1
40275,4
40276,3
40277,1
40278,0
40279,1
40280,2
40281,5
40282,3
40283,1
40284,1
40285,4
40286,2
40287,3
40288,3
40289,2
40290,3
40291,2
40292,0
40293,5
40294,1
40295,2
40296,0
40297,2
40298,1
40299,2
40300,2
40301,1
40302,0
40303,0
40304,0
40305,2
40306,2
40307,2
40308,2
40309,0
40310,0
40311,2
40312,1
40313,3
40314,1
40315,1
40316,0
40317,1
40318,0
40319,3
40320,4
40321,1
40322,1
40323,0
40324,2
40325,0
40326,1
40327,1
40328,4
40329,1
40330,1
40331,2
40332,2
40333,0
40334,1
40335,1
40336,1
40337,0
40338,0
40339,4
40340,0
40341,3
40342,2
40343,1
40344,0
40345,0
40346,1
40347,1
40348,5
40349,0
40350,0
40351,5
40352,0
40353,1
40354,1
40355,1
40356,0
40357,2
40358,3
40359,2
40360,1
40361,1
40362,2
40363,3
40364,6
40365,1
40366,1
40367,0
40368,1
40369,2
40370,1
40371,0
40372,1
40373,0
40374,2
40375,1
40376,2
40377,2
40378,0
40379,6
40380,1
40381,0
40382,1
40383,1
40384,0
40385,5
40386,0
40387,2
40388,1
40389,2
40390,2
40391,0
40392,2
40393,0
40394,2
40395,1
40396,1
40397,2
40398,3
40399,1
40400,1
40401,2
40402,1
40403,0
40404,2
40405,0
40406,0
40407,1
40408,2
40409,1
40410,3
40411,0
40412,1
40413,0
40414,0
40415,1
40416,2
40417,2
40418,0
40419,0
40420,2
40421,2
40422,1
40423,1
40424,2
40425,0
40426,2
40427,1
40428,3
40429,2
40430,3
40431,1
40432,1
40433,2
40434,1
40435,5
40436,1
40437,1
40438,0
40439,1
40440,1
40441,1
40442,1
40443,0
40444,1
40445,2
40446,2
40447,0
40448,1
40449,4
40450,1
40451,0
40452,0
40453,1
40454,2
40455,1
40456,0
40457,0
40458,1
40459,1
40460,1
40461,1
40462,1
40463,3
40464,2
40465,2
40466,4
40467,3
40468,2
40469,6
40470,0
40471,0
40472,2
40473,2
40474,1
40475,2
40476,3
40477,3
40478,2
40479,2
40480,0
40481,0
40482,0
40483,0
40484,2
40485,1
40486,2
40487,0
40488,1
40489,1
40490,2
40491,7
40492,0
40493,6
40494,1
40495,3
40496,0
40497,0
40498,1
40499,3
40500,2
40501,1
40502,1
40503,2
40504,1
40505,1
40506,1
40507,4
40508,2
40509,0
40510,4
40511,2
40512,0
40513,4
40514,3
40515,3
40516,3
40517,4
40518,3
40519,3
40520,2
40521,1
40522,2
40523,1
40524,0
40525,0
40526,0
40527,0
40528,0
40529,1
40530,1
40531,0
40532,1
40533,2
40534,1
40535,1
40536,0
40537,0
40538,0
40539,1
40540,1
40541,1
40542,0
40543,0
40544,0
40545,1
40546,0
40547,0
40548,0
40549,0
40550,0
40551,2
40552,0
40553,0
40554,1
40555,2
40556,3
40557,0
40558,0
40559,3
40560,3
40561,0
40562,2
40563,3
40564,1
40565,1
40566,1
40567,0
40568,2
40569,0
40570,1
40571,3
40572,0
40573,2
40574,1
40575,3
40576,0
40577,1
40578,1
40579,4
40580,2
40581,0
40582,0
40583,1
40584,1
40585,2
40586,2
40587,1
40588,0
40589,0
40590,3
40591,1
40592,3
40593,0
40594,0
40595,1
40596,0
40597,2
40598,1
40599,0
40600,1
40601,0
40602,1
40603,1
40604,2
40605,4
40606,1
40607,3
40608,3
40609,2
40610,0
40611,1
40612,1
40613,0
40614,1
40615,0
40616,4
40617,2
40618,0
40619,0
40620,1
40621,1
40622,1
40623,2
40624,0
40625,3
40626,1
40627,2
40628,0
40629,2
40630,0
40631,3
40632,0
40633,1
40634,1
40635,2
40636,3
40637,1
40638,1
40639,0
40640,0
40641,1
40642,2
40643,2
40644,2
40645,1
40646,0
40647,0
40648,1
40649,1
40650,0
40651,2
40652,1
40653,0
40654,1
40655,2
40656,0
40657,0
40658,0
40659,0
40660,1
40661,0
40662,1
40663,3
40664,3
40665,4
40666,0
40667,0
40668,0
40669,0
40670,2
40671,1
40672,0
40673,0
40674,0
40675,2
40676,0
40677,0
40678,1
40679,3
40680,0
40681,2
40682,6
40683,2
40684,2
40685,3
40686,0
40687,2
40688,0
40689,0
40690,3
40691,0
40692,3
40693,0
40694,0
40695,7
40696,1
40697,10
40698,1
40699,1
40700,4
40701,2
40702,3
40703,1
40704,2
40705,2
40706,7
40707,2
40708,0
40709,2
40710,2
40711,0
40712,0
40713,1
40714,0
40715,0
40716,0
40717,0
40718,4
40719,0
40720,1
40721,0
40722,1
40723,1
40724,2
40725,3
40726,2
40727,0
40728,2
40729,1
40730,0
40731,1
40732,2
40733,3
40734,0
40735,1
40736,1
40737,2
40738,4
40739,1
40740,1
40741,5
40742,9
40743,0
40744,5
40745,2
40746,0
40747,3
40748,2
40749,2
40750,0
40751,1
40752,0
40753,0
40754,0
40755,0
40756,1
40757,0
40758,1
40759,0
40760,0
40761,1
40762,1
40763,1
40764,0
40765,2
40766,1
40767,2
40768,2
40769,0
40770,1
40771,2
40772,0
40773,0
40774,0
40775,1
40776,1
40777,1
40778,2
40779,0
40780,2
40781,0
40782,2
40783,1
40784,1
40785,3
40786,0
40787,4
40788,0
40789,5
40790,1
40791,1
40792,3
40793,2
40794,0
40795,2
40796,1
40797,2
40798,1
40799,5
40800,2
40801,2
40802,6
40803,0
40804,0
40805,0
40806,0
40807,3
40808,0
40809,1
40810,2
40811,2
40812,2
40813,2
40814,1
40815,1
40816,0
40817,0
40818,2
40819,0
40820,2
40821,3
40822,0
40823,1
40824,0
40825,1
40826,0
40827,3
40828,1
40829,0
40830,3
40831,2
40832,0
40833,1
40834,0
40835,1
40836,1
40837,0
40838,1
40839,1
40840,0
40841,0
40842,1
40843,3
40844,3
40845,4
40846,1
40847,3
40848,1
40849,2
40850,1
40851,0
40852,1
40853,1
40854,3
40855,0
40856,1
40857,1
40858,1
40859,2
40860,3
40861,2
40862,0
40863,0
40864,1
40865,3
40866,1
40867,0
40868,0
40869,4
40870,4
40871,4
40872,1
40873,1
40874,5
40875,3
40876,2
40877,0
40878,2
40879,1
40880,3
40881,0
40882,1
40883,2
40884,2
40885,2
40886,1
40887,1
40888,0
40889,1
40890,1
40891,1
40892,2
40893,1
40894,1
40895,0
40896,5
40897,3
40898,0
40899,0
40900,2
40901,1
40902,2
40903,0
40904,2
40905,0
40906,1
40907,2
40908,3
40909,1
40910,1
40911,2
40912,2
40913,1
40914,1
40915,1
40916,2
40917,2
40918,5
40919,0
40920,2
40921,3
40922,3
40923,3
40924,0
40925,3
40926,1
40927,1
40928,3
40929,1
40930,4
40931,1
40932,2
40933,1
40934,0
40935,1
40936,0
40937,1
40938,3
40939,0
40940,0
40941,2
40942,3
40943,3
40944,0
40945,2
40946,2
40947,2
40948,2
40949,0
40950,0
40951,1
40952,0
40953,2
40954,1
40955,2
40956,0
40957,0
40958,1
40959,0
40960,5
40961,2
40962,0
40963,2
40964,1
40965,3
40966,0
40967,2
40968,2
40969,2
40970,2
40971,2
40972,1
40973,1
40974,0
40975,0
40976,1
40977,1
40978,1
40979,4
40980,0
40981,2
40982,1
40983,4
40984,0
40985,2
40986,2
40987,6
40988,3
40989,1
40990,0
40991,0
40992,1
40993,0
40994,2
40995,0
40996,1
40997,0
40998,1
40999,5
41000,3
41001,1
41002,2
41003,1
41004,0
41005,1
41006,0
41007,7
41008,2
41009,1
41010,0
41011,1
41012,0
41013,1
41014,5
41015,1
41016,0
41017,0
41018,0
41019,0
41020,4
41021,0
41022,3
41023,0
41024,1
41025,1
41026,3
41027,0
41028,2
41029,2
41030,0
41031,2
41032,1
41033,0
41034,0
41035,4
41036,0
41037,0
41038,2
41039,2
41040,1
41041,0
41042,0
41043,0
41044,0
41045,0
41046,1
41047,5
41048,2
41049,1
41050,0
41051,2
41052,0
41053,1
41054,1
41055,0
41056,2
41057,0
41058,0
41059,1
41060,0
41061,1
41062,2
41063,0
41064,3
41065,2
41066,6
41067,3
41068,3
41069,2
41070,4
41071,2
41072,0
41073,1
41074,2
41075,1
41076,2
41077,0
41078,1
41079,0
41080,0
41081,0
41082,2
41083,2
41084,1
41085,2
41086,2
41087,1
41088,5
41089,4
41090,2
41091,3
41092,4
41093,1
41094,0
41095,1
41096,1
41097,1
41098,0
41099,2
41100,1
41101,0
41102,1
41103,3
41104,0
41105,0
41106,1
41107,1
41108,0
41109,1
41110,1
41111,0
41112,0
41113,0
41114,0
41115,1
41116,1
41117,2
41118,5
41119,2
41120,1
41121,0
41122,1
41123,1
41124,0
41125,1
41126,0
41127,3
41128,3
41129,0
41130,0
41131,3
41132,1
41133,2
41134,1
41135,1
41136,0
41137,1
41138,3
41139,2
41140,1
41141,1
41142,0
41143,2
41144,2
41145,1
41146,1
41147,1
41148,2
41149,0
41150,2
41151,0
41152,1
41153,0
41154,1
41155,1
41156,2
41157,1
41158,1
41159,2
41160,2
41161,1
41162,1
41163,0
41164,1
41165,12
41166,0
41167,2
41168,1
41169,0
41170,1
41171,2
41172,2
41173,3
41174,2
41175,1
41176,1
41177,3
41178,1
41179,3
41180,2
41181,2
41182,2
41183,1
41184,1
41185,2
41186,0
41187,1
41188,0
41189,4
41190,1
41191,1
41192,0
41193,1
41194,3
41195,3
41196,1
41197,2
41198,3
41199,1
41200,2
41201,1
41202,0
41203,1
41204,1
41205,1
41206,0
41207,0
41208,2
41209,1
41210,1
41211,2
41212,0
41213,1
41214,0
41215,0
41216,2
41217,0
41218,1
41219,1
41220,1
41221,1
41222,1
41223,0
41224,2
41225,3
41226,2
41227,0
41228,0
41229,1
41230,0
41231,1
41232,0
41233,1
41234,2
41235,2
41236,0
41237,1
41238,0
41239,0
41240,3
41241,2
41242,1
41243,1
41244,2
41245,0
41246,2
41247,3
41248,1
41249,0
41250,1
41251,1
41252,1
41253,2
41254,2
41255,2
41256,0
41257,2
41258,2
41259,1
41260,1
41261,0
41262,3
41263,4
41264,1
41265,0
41266,1
41267,0
41268,48
41269,0
41270,1
41271,3
41272,1
41273,1
41274,3
41275,0
41276,0
41277,0
41278,2
41279,0
41280,2
41281,1
41282,3
41283,3
41284,0
41285,2
41286,1
41287,3
41288,2
41289,0
41290,0
41291,1
41292,1
41293,0
41294,1
41295,0
41296,1
41297,1
41298,0
41299,0
41300,1
41301,2
41302,3
41303,4
41304,19
41305,0
41306,1
41307,1
41308,1
41309,2
41310,0
41311,0
41312,1
41313,3
41314,0
41315,0
41316,1
41317,1
41318,1
41319,0
41320,1
41321,1
41322,0
41323,16
41324,2
41325,2
41326,12
41327,1
41328,1
41329,8
41330,1
41331,0
41332,0
41333,4
41334,9
41335,3
41336,0
41337,1
41338,2
41339,2
41340,1
41341,3
41342,0
41343,2
41344,2
41345,5
41346,1
41347,1
41348,1
41349,0
41350,3
41351,0
41352,0
41353,0
41354,2
41355,0
41356,1
41357,0
41358,3
41359,3
41360,1
41361,0
41362,1
41363,1
41364,3
41365,0
41366,0
41367,0
41368,0
41369,1
41370,1
41371,0
41372,2
41373,3
41374,4
41375,2
41376,2
41377,2
41378,1
41379,3
41380,3
41381,5
41382,1
41383,0
41384,1
41385,0
41386,1
41387,2
41388,1
41389,1
41390,0
41391,1
41392,0
41393,1
41394,1
41395,0
41396,2
41397,0
41398,0
41399,0
41400,0
41401,2
41402,0
41403,0
41404,1
41405,0
41406,1
41407,2
41408,2
41409,2
41410,2
41411,1
41412,1
41413,2
41414,0
41415,0
41416,0
41417,1
41418,2
41419,0
41420,0
41421,0
41422,0
41423,2
41424,3
41425,0
41426,0
41427,0
41428,0
41429,0
41430,0
41431,1
41432,0
41433,0
41434,0
41435,1
41436,0
41437,0
41438,0
41439,0
41440,2
41441,1
41442,1
41443,1
41444,1
41445,0
41446,1
41447,1
41448,2
41449,0
41450,2
41451,3
41452,1
41453,1
41454,1
41455,2
41456,0
41457,1
41458,1
41459,1
41460,1
41461,2
41462,0
41463,0
41464,1
41465,2
41466,0
41467,2
41468,1
41469,2
41470,1
41471,4
41472,2
41473,3
41474,2
41475,0
41476,0
41477,0
41478,1
41479,1
41480,0
41481,0
41482,2
41483,0
41484,0
41485,1
41486,1
41487,2
41488,2
41489,0
41490,0
41491,0
41492,1
41493,0
41494,0
41495,1
41496,0
41497,0
41498,0
41499,1
41500,0
41501,0
41502,0
41503,0
41504,1
41505,1
41506,0
41507,0
41508,0
41509,1
41510,0
41511,0
41512,0
41513,0
41514,2
41515,1
41516,0
41517,1
41518,0
41519,0
41520,0
41521,1
41522,2
41523,0
41524,1
41525,1
41526,1
41527,1
41528,0
41529,1
41530,1
41531,1
41532,0
41533,0
41534,1
41535,2
41536,0
41537,2
41538,2
41539,0
41540,1
41541,0
41542,1
41543,1
41544,1
41545,1
41546,0
41547,0
41548,0
41549,0
41550,1
41551,1
41552,1
41553,0
41554,0
41555,2
41556,1
41557,1
41558,1
41559,0
41560,0
41561,0
41562,3
41563,1
41564,1
41565,1
41566,0
41567,1
41568,2
41569,1
41570,0
41571,1
41572,0
41573,2
41574,1
41575,4
41576,0
41577,6
41578,0
41579,0
41580,0
41581,0
41582,2
41583,0
41584,0
41585,0
41586,2
41587,1
41588,0
41589,0
41590,0
41591,10
41592,0
41593,0
41594,1
41595,1
41596,1
41597,0
41598,0
41599,2
41600,0
41601,1
41602,0
41603,1
41604,0
41605,1
41606,0
41607,1
41608,0
41609,0
41610,1
41611,1
41612,1
41613,0
41614,0
41615,0
41616,0
41617,2
41618,1
41619,0
41620,0
41621,0
41622,0
41623,1
41624,4
41625,0
41626,0
41627,1
41628,2
41629,1
41630,0
41631,0
41632,2
41633,4
41634,0
41635,1
41636,1
41637,0
41638,2
41639,2
41640,1
41641,1
41642,0
41643,0
41644,1
41645,0
41646,1
41647,1
41648,1
41649,0
41650,0
41651,2
41652,1
41653,3
41654,3
41655,4
41656,5
41657,1
41658,2
41659,0
41660,2
41661,1
41662,0
41663,1
41664,0
41665,0
41666,0
41667,0
41668,2
41669,1
41670,0
41671,1
41672,0
41673,0
41674,0
41675,1
41676,1
41677,2
41678,1
41679,3
41680,0
41681,2
41682,0
41683,0
41684,0
41685,3
41686,0
41687,3
41688,0
41689,3
41690,0
41691,0
41692,2
41693,1
41694,2
41695,1
41696,1
41697,2
41698,2
41699,0
41700,1
41701,3
41702,5
41703,2
41704,3
41705,2
41706,1
41707,0
41708,1
41709,0
41710,0
41711,1
41712,1
41713,2
41714,1
41715,2
41716,2
41717,0
41718,0
41719,3
41720,0
41721,1
41722,0
41723,0
41724,0
41725,0
41726,0
41727,1
41728,1
41729,0
41730,0
41731,0
41732,1
41733,1
41734,0
41735,0
41736,1
41737,2
41738,0
41739,1
41740,3
41741,0
41742,2
41743,0
41744,0
41745,0
41746,0
41747,2
41748,0
41749,1
41750,0
41751,1
41752,3
41753,1
41754,0
41755,0
41756,0
41757,0
41758,1
41759,1
41760,2
41761,1
41762,2
41763,2
41764,2
41765,1
41766,0
41767,1
41768,0
41769,0
41770,0
41771,1
41772,1
41773,2
41774,0
41775,2
41776,2
41777,1
41778,1
41779,5
41780,0
41781,0
41782,1
41783,3
41784,1
41785,0
41786,1
41787,1
41788,1
41789,0
41790,0
41791,0
41792,0
41793,1
41794,0
41795,5
41796,3
41797,2
41798,0
41799,1
41800,1
41801,3
41802,1
41803,1
41804,3
41805,0
41806,1
41807,0
41808,0
41809,0
41810,1
41811,0
41812,0
41813,0
41814,2
41815,2
41816,2
41817,2
41818,1
41819,2
41820,0
41821,0
41822,0
41823,3
41824,0
41825,0
41826,1
41827,1
41828,0
41829,0
41830,0
41831,3
41832,1
41833,1
41834,1
41835,2
41836,2
41837,1
41838,2
41839,1
41840,1
41841,0
41842,0
41843,0
41844,0
41845,2
41846,1
41847,0
41848,1
41849,2
41850,2
41851,1
41852,0
41853,0
41854,0
41855,0
41856,1
41857,0
41858,0
41859,2
41860,1
41861,2
41862,0
41863,0
41864,1
41865,0
41866,0
41867,1
41868,0
41869,0
41870,0
41871,0
41872,1
41873,0
41874,0
41875,3
41876,3
41877,0
41878,1
41879,1
41880,0
41881,0
41882,1
41883,1
41884,0
41885,2
41886,2
41887,1
41888,1
41889,3
41890,1
41891,1
41892,1
41893,0
41894,0
41895,0
41896,0
41897,0
41898,3
41899,1
41900,3
41901,1
41902,1
41903,0
41904,1
41905,0
41906,1
41907,2
41908,1
41909,3
41910,3
41911,0
41912,0
41913,1
41914,1
41915,1
41916,4
41917,0
41918,3
41919,0
41920,0
41921,2
41922,2
41923,0
41924,2
41925,1
41926,2
41927,4
41928,1
41929,3
41930,4
41931,1
41932,0
41933,1
41934,1
41935,0
41936,2
41937,2
41938,2
41939,2
41940,1
41941,0
41942,2
41943,2
41944,2
41945,0
41946,3
41947,1
41948,2
41949,0
41950,0
41951,6
41952,1
41953,1
41954,1
41955,6
41956,1
41957,1
41958,1
41959,2
41960,2
41961,1
41962,1
41963,1
41964,0
41965,1
41966,0
41967,2
41968,0
41969,2
41970,3
41971,0
41972,1
41973,0
41974,0
41975,1
41976,2
41977,0
41978,2
41979,1
41980,0
41981,0
41982,1
41983,0
41984,1
41985,1
41986,1
41987,0
41988,0
41989,2
41990,0
41991,0
41992,0
41993,1
41994,1
41995,1
41996,2
41997,4
41998,0
41999,2
42000,0
42001,0
42002,1
42003,4
42004,1
42005,1
42006,3
42007,0
42008,1
42009,1
42010,1
42011,1
42012,1
42013,1
42014,3
42015,3
42016,1
42017,5
42018,1
42019,0
42020,1
42021,0
42022,1
42023,3
42024,2
42025,3
42026,3
42027,2
42028,1
42029,1
42030,3
42031,1
42032,0
42033,1
42034,2
42035,2
42036,2
42037,1
42038,1
42039,1
42040,2
42041,1
42042,0
42043,0
42044,2
42045,0
42046,0
42047,3
42048,0
42049,0
42050,2
42051,0
42052,1
42053,0
42054,2
42055,1
42056,3
42057,3
42058,2
42059,2
42060,0
42061,2
42062,0
42063,1
42064,2
42065,0
42066,0
42067,2
42068,0
42069,0
42070,0
42071,1
42072,1
42073,0
42074,2
42075,0
42076,0
42077,1
42078,3
42079,0
42080,0
42081,1
42082,1
42083,5
42084,2
42085,0
42086,0
42087,0
42088,2
42089,0
42090,0
42091,1
42092,0
42093,2
42094,0
42095,3
42096,0
42097,0
42098,2
42099,3
42100,2
42101,3
42102,0
42103,0
42104,0
42105,0
42106,0
42107,4
42108,1
42109,7
42110,4
42111,1
42112,1
42113,1
42114,1
42115,0
42116,0
42117,0
42118,1
42119,0
42120,0
42121,2
42122,0
42123,0
42124,0
42125,5
42126,0
42127,0
42128,0
42129,3
42130,2
42131,0
42132,0
42133,1
42134,0
42135,1
42136,1
42137,0
42138,0
42139,0
42140,1
42141,0
42142,0
42143,2
42144,0
42145,1
42146,2
42147,0
42148,0
42149,0
42150,0
42151,2
42152,1
42153,0
42154,0
42155,1
42156,0
42157,3
42158,0
42159,2
42160,1
42161,0
42162,3
42163,0
42164,0
42165,1
42166,0
42167,0
42168,0
42169,0
42170,0
42171,0
42172,0
42173,1
42174,0
42175,2
42176,3
42177,1
42178,0
42179,0
42180,1
42181,2
42182,4
42183,2
42184,0
42185,0
42186,1
42187,1
42188,1
42189,0
42190,0
42191,0
42192,0
42193,2
42194,0
42195,1
42196,1
42197,1
42198,1
42199,3
42200,0
42201,0
42202,2
42203,1
42204,2
42205,0
42206,1
42207,1
42208,3
42209,2
42210,0
42211,0
42212,0
42213,2
42214,3
42215,1
42216,1
42217,5
42218,4
42219,1
42220,0
42221,1
42222,2
42223,1
42224,2
42225,0
42226,1
42227,4
42228,2
42229,1
42230,3
42231,1
42232,0
42233,1
42234,2
42235,0
42236,0
42237,1
42238,1
42239,0
42240,1
42241,2
42242,3
42243,1
42244,1
42245,1
42246,0
42247,1
42248,2
42249,1
42250,0
42251,0
42252,1
42253,1
42254,1
42255,4
42256,2
42257,4
42258,0
42259,2
42260,1
42261,1
42262,2
42263,1
42264,1
42265,1
42266,2
42267,0
42268,2
42269,1
42270,0
42271,1
42272,0
42273,1
42274,0
42275,0
42276,0
42277,2
42278,0
42279,1
42280,1
42281,1
42282,1
42283,1
42284,1
42285,0
42286,1
42287,0
42288,1
42289,2
42290,4
42291,2
42292,1
42293,1
42294,0
42295,3
42296,1
42297,0
42298,2
42299,3
42300,1
42301,0
42302,3
42303,0
42304,1
42305,1
42306,1
42307,0
42308,2
42309,0
42310,0
42311,2
42312,1
42313,1
42314,3
42315,0
42316,0
42317,0
42318,0
42319,0
42320,1
42321,0
42322,0
42323,0
42324,1
42325,2
42326,0
42327,1
42328,1
42329,3
42330,0
42331,1
42332,0
42333,0
42334,2
42335,0
42336,1
42337,0
42338,0
42339,1
42340,1
42341,2
42342,1
42343,0
42344,0
42345,1
42346,3
42347,2
42348,4
42349,2
42350,0
42351,1
42352,0
42353,1
42354,3
42355,0
42356,0
42357,1
42358,3
42359,1
42360,0
42361,2
42362,1
42363,2
42364,3
42365,1
42366,0
42367,0
42368,2
42369,0
42370,1
42371,3
42372,2
42373,2
42374,0
42375,1
42376,0
42377,1
42378,0
42379,1
42380,1
42381,0
42382,2
42383,0
42384,1
42385,1
42386,2
42387,5
42388,0
42389,4
42390,1
42391,1
42392,2
42393,1
42394,0
42395,0
42396,1
42397,1
42398,1
42399,3
42400,0
42401,4
42402,0
42403,0
42404,5
42405,0
42406,1
42407,3
42408,1
42409,2
42410,1
42411,3
42412,0
42413,4
42414,1
42415,0
42416,0
42417,1
42418,1
42419,0
42420,2
42421,1
42422,4
42423,0
42424,0
42425,1
42426,1
42427,1
42428,0
42429,0
42430,0
42431,1
42432,0
42433,1
42434,1
42435,2
42436,1
42437,2
42438,0
42439,1
42440,1
42441,1
42442,2
42443,2
42444,0
42445,1
42446,2
42447,0
42448,3
42449,1
42450,0
42451,1
42452,6
42453,1
42454,1
42455,0
42456,1
42457,1
42458,0
42459,0
42460,1
42461,0
42462,5
42463,1
42464,0
42465,1
42466,3
42467,2
42468,1
42469,0
42470,0
42471,0
42472,1
42473,0
42474,0
42475,0
42476,1
42477,0
42478,5
42479,1
42480,3
42481,1
42482,1
42483,2
42484,1
42485,1
42486,0
42487,0
42488,0
42489,2
42490,3
42491,4
42492,2
42493,2
42494,1
42495,1
42496,2
42497,3
42498,2
42499,2
42500,1
42501,3
42502,0
42503,1
42504,1
42505,0
42506,1
42507,2
42508,3
42509,0
42510,0
42511,1
42512,0
42513,0
42514,1
42515,2
42516,0
42517,2
42518,1
42519,1
42520,2
42521,1
42522,0
42523,2
42524,1
42525,0
42526,1
42527,0
42528,2
42529,0
42530,0
42531,1
42532,0
42533,2
42534,0
42535,1
42536,1
42537,1
42538,2
42539,2
42540,1
42541,0
42542,0
42543,0
42544,2
42545,0
42546,1
42547,0
42548,0
42549,1
42550,2
42551,2
42552,1
42553,4
42554,1
42555,4
42556,1
42557,0
42558,1
42559,1
42560,0
42561,0
42562,0
42563,1
42564,0
42565,0
42566,1
42567,0
42568,1
42569,0
42570,1
42571,1
42572,1
42573,1
42574,1
42575,1
42576,0
42577,0
42578,7
42579,4
42580,0
42581,0
42582,2
42583,1
42584,2
42585,2
42586,0
42587,3
42588,1
42589,1
42590,2
42591,0
42592,2
42593,1
42594,1
42595,1
42596,0
42597,0
42598,4
42599,1
42600,3
42601,1
42602,1
42603,1
42604,2
42605,6
42606,0
42607,1
42608,4
42609,0
42610,2
42611,0
42612,2
42613,0
42614,1
42615,0
42616,0
42617,0
42618,3
42619,0
42620,2
42621,0
42622,2
42623,3
42624,2
42625,2
42626,1
42627,1
42628,1
42629,2
42630,0
42631,1
42632,2
42633,0
42634,2
42635,1
42636,0
42637,0
42638,1
42639,0
42640,1
42641,0
42642,0
42643,1
42644,0
42645,0
42646,3
42647,10
42648,2
42649,0
42650,0
42651,2
42652,0
42653,0
42654,1
42655,1
42656,1
42657,1
42658,1
42659,0
42660,1
42661,1
42662,2
42663,3
42664,1
42665,2
42666,0
42667,2
42668,3
42669,0
42670,3
42671,0
42672,0
42673,1
42674,1
42675,4
42676,0
42677,0
42678,0
42679,0
42680,1
42681,3
42682,2
42683,1
42684,2
42685,0
42686,0
42687,1
42688,0
42689,1
42690,10
42691,0
42692,2
42693,0
42694,3
42695,4
42696,2
42697,1
42698,3
42699,1
42700,4
42701,0
42702,1
42703,1
42704,1
42705,0
42706,1
42707,2
42708,2
42709,0
42710,0
42711,4
42712,2
42713,1
42714,0
42715,2
42716,0
42717,0
42718,0
42719,0
42720,0
42721,3
42722,1
42723,0
42724,0
42725,1
42726,0
42727,2
42728,2
42729,1
42730,3
42731,1
42732,0
42733,1
42734,1
42735,0
42736,3
42737,0
42738,0
42739,2
42740,1
42741,1
42742,0
42743,0
42744,2
42745,0
42746,2
42747,0
42748,0
42749,1
42750,1
42751,0
42752,3
42753,0
42754,0
42755,0
42756,3
42757,0
42758,0
42759,1
42760,2
42761,0
42762,1
42763,0
42764,1
42765,1
42766,1
42767,1
42768,1
42769,2
42770,1
42771,1
42772,0
42773,0
42774,3
42775,2
42776,0
42777,3
42778,2
42779,1
42780,1
42781,2
42782,0
42783,0
42784,2
42785,1
42786,0
42787,3
42788,1
42789,0
42790,0
42791,4
42792,1
42793,0
42794,5
42795,3
42796,2
42797,2
42798,1
42799,2
42800,0
42801,1
42802,1
42803,0
42804,1
42805,2
42806,0
42807,1
42808,1
42809,3
42810,1
42811,3
42812,0
42813,1
42814,1
42815,1
42816,0
42817,1
42818,0
42819,3
42820,1
42821,1
42822,1
42823,0
42824,4
42825,0
42826,2
42827,3
42828,4
42829,2
42830,0
42831,2
42832,0
42833,0
42834,0
42835,1
42836,0
42837,5
42838,0
42839,1
42840,1
42841,0
42842,0
42843,1
42844,0
42845,3
42846,0
42847,1
42848,4
42849,2
42850,1
42851,1
42852,1
42853,0
42854,1
42855,2
42856,1
42857,0
42858,0
42859,1
42860,1
42861,0
42862,1
42863,4
42864,1
42865,1
42866,1
42867,4
42868,3
42869,0
42870,2
42871,1
42872,0
42873,1
42874,0
42875,0
42876,1
42877,1
42878,0
42879,4
42880,1
42881,1
42882,3
42883,3
42884,2
42885,2
42886,3
42887,3
42888,2
42889,4
42890,1
42891,4
42892,1
42893,1
42894,1
42895,3
42896,0
42897,2
42898,0
42899,2
42900,1
42901,5
42902,1
42903,2
42904,0
42905,1
42906,0
42907,0
42908,0
42909,1
42910,1
42911,2
42912,1
42913,1
42914,2
42915,1
42916,3
42917,0
42918,1
42919,2
42920,0
42921,0
42922,1
42923,0
42924,2
42925,1
42926,0
42927,0
42928,2
42929,2
42930,1
42931,1
42932,3
42933,1
42934,0
42935,1
42936,0
42937,3
42938,5
42939,2
42940,10
42941,13
42942,1
42943,2
42944,0
42945,6
42946,3
42947,4
42948,0
42949,0
42950,1
42951,2
42952,0
42953,3
42954,1
42955,1
42956,0
42957,2
42958,4
42959,1
42960,2
42961,0
42962,1
42963,2
42964,0
42965,3
42966,3
42967,4
42968,1
42969,1
42970,4
42971,10
42972,7
42973,8
42974,1
42975,2
42976,4
42977,3
42978,1
42979,4
42980,4
42981,2
42982,3
42983,0
42984,1
42985,1
42986,1
42987,3
42988,0
42989,2
42990,0
42991,2
42992,1
42993,2
42994,9
42995,1
42996,3
42997,0
42998,2
42999,3
43000,0
43001,0
43002,1
43003,2
43004,0
43005,3
43006,0
43007,1
43008,3
43009,4
43010,1
43011,3
43012,0
43013,2
43014,0
43015,1
43016,0
43017,3
43018,2
43019,0
43020,3
43021,1
43022,3
43023,0
43024,3
43025,0
43026,2
43027,4
43028,0
43029,0
43030,0
43031,1
43032,1
43033,1
43034,2
43035,0
43036,1
43037,1
43038,2
43039,0
43040,0
43041,0
43042,2
43043,3
43044,0
43045,2
43046,1
43047,2
43048,1
43049,2
43050,1
43051,1
43052,1
43053,2
43054,1
43055,3
43056,8
43057,3
43058,0
43059,2
43060,2
43061,4
43062,0
43063,1
43064,3
43065,0
43066,0
43067,1
43068,4
43069,5
43070,4
43071,1
43072,0
43073,4
43074,3
43075,0
43076,1
43077,4
43078,4
43079,0
43080,4
43081,4
43082,8
43083,3
43084,9
43085,1
43086,0
43087,3
43088,1
43089,0
43090,0
43091,2
43092,0
43093,0
43094,13
43095,1
43096,2
43097,1
43098,2
43099,2
43100,1
43101,3
43102,2
43103,0
43104,1
43105,0
43106,2
43107,2
43108,2
43109,0
43110,2
43111,1
43112,1
43113,1
43114,1
43115,0
43116,1
43117,0
43118,0
43119,1
43120,2
43121,2
43122,1
43123,1
43124,0
43125,1
43126,0
43127,2
43128,2
43129,2
43130,3
43131,0
43132,1
43133,1
43134,0
43135,0
43136,2
43137,0
43138,0
43139,0
43140,0
43141,1
43142,0
43143,1
43144,0
43145,0
43146,2
43147,0
43148,0
43149,0
43150,0
43151,0
43152,5
43153,2
43154,2
43155,0
43156,2
43157,2
43158,2
43159,0
43160,2
43161,2
43162,3
43163,1
43164,1
43165,0
43166,0
43167,1
43168,3
43169,1
43170,0
43171,2
43172,0
43173,1
43174,1
43175,1
43176,0
43177,3
43178,0
43179,1
43180,0
43181,2
43182,0
43183,2
43184,1
43185,0
43186,0
43187,1
43188,1
43189,0
43190,1
43191,1
43192,2
43193,7
43194,0
43195,1
43196,0
43197,1
43198,0
43199,1
43200,1
43201,0
43202,1
43203,3
43204,1
43205,3
43206,1
43207,0
43208,1
43209,2
43210,1
43211,0
43212,2
43213,3
43214,2
43215,1
43216,0
43217,0
43218,2
43219,2
43220,1
43221,4
43222,3
43223,4
43224,1
43225,1
43226,0
43227,0
43228,4
43229,3
43230,1
43231,2
43232,0
43233,1
43234,2
43235,1
43236,2
43237,1
43238,2
43239,3
43240,0
43241,2
43242,0
43243,2
43244,3
43245,1
43246,0
43247,10
43248,1
43249,3
43250,1
43251,1
43252,0
43253,0
43254,0
43255,1
43256,0
43257,3
43258,1
43259,3
43260,4
43261,1
43262,0
43263,3
43264,2
43265,0
43266,2
43267,1
43268,0
43269,0
43270,0
43271,1
43272,1
43273,2
43274,2
43275,0
43276,1
43277,2
43278,1
43279,1
43280,0
43281,1
43282,0
43283,0
43284,0
43285,0
43286,0
43287,2
43288,4
43289,1
43290,0
43291,1
43292,1
43293,2
43294,0
43295,2
43296,0
43297,0
43298,0
43299,0
43300,1
43301,1
43302,1
43303,0
43304,1
43305,0
43306,1
43307,0
43308,1
43309,2
43310,1
43311,2
43312,1
43313,1
43314,2
43315,3
43316,1
43317,2
43318,2
43319,0
43320,1
43321,1
43322,0
43323,3
43324,4
43325,2
43326,2
43327,0
43328,1
43329,0
43330,1
43331,0
43332,4
43333,2
43334,2
43335,3
43336,1
43337,0
43338,2
43339,2
43340,2
43341,1
43342,1
43343,0
43344,0
43345,0
43346,0
43347,1
43348,1
43349,0
43350,1
43351,1
43352,0
43353,0
43354,1
43355,0
43356,0
43357,1
43358,0
43359,1
43360,0
43361,1
43362,0
43363,1
43364,2
43365,0
43366,0
43367,1
43368,0
43369,0
43370,1
43371,1
43372,0
43373,2
43374,2
43375,0
43376,1
43377,0
43378,0
43379,0
43380,1
43381,1
43382,1
43383,0
43384,1
43385,0
43386,1
43387,0
43388,1
43389,0
43390,1
43391,1
43392,1
43393,0
43394,0
43395,0
43396,3
43397,3
43398,4
43399,2
43400,1
43401,1
43402,0
43403,1
43404,1
43405,0
43406,2
43407,0
43408,1
43409,8
43410,0
43411,2
43412,3
43413,4
43414,0
43415,1
43416,2
43417,3
43418,4
43419,0
43420,2
43421,1
43422,1
43423,2
43424,2
43425,2
43426,2
43427,1
43428,1
43429,1
43430,1
43431,2
43432,1
43433,0
43434,2
43435,1
43436,3
43437,6
43438,2
43439,2
43440,1
43441,0
43442,1
43443,1
43444,3
43445,2
43446,4
43447,1
43448,0
43449,0
43450,0
43451,2
43452,2
43453,0
43454,2
43455,0
43456,1
43457,2
43458,0
43459,2
43460,2
43461,1
43462,2
43463,0
43464,1
43465,0
43466,1
43467,1
43468,0
43469,1
43470,2
43471,1
43472,0
43473,1
43474,1
43475,0
43476,1
43477,2
43478,1
43479,3
43480,1
43481,1
43482,0
43483,3
43484,0
43485,2
43486,1
43487,1
43488,1
43489,2
43490,2
43491,1
43492,0
43493,3
43494,0
43495,2
43496,2
43497,1
43498,0
43499,3
43500,0
43501,0
43502,2
43503,2
43504,1
43505,1
43506,1
43507,2
43508,0
43509,0
43510,0
43511,4
43512,1
43513,0
43514,2
43515,0
43516,2
43517,1
43518,0
43519,1
43520,2
43521,0
43522,0
43523,0
43524,1
43525,1
43526,1
43527,0
43528,0
43529,2
43530,0
43531,1
43532,0
43533,0
43534,2
43535,0
43536,1
43537,0
43538,1
43539,1
43540,1
43541,1
43542,1
43543,1
43544,0
43545,1
43546,0
43547,2
43548,1
43549,1
43550,1
43551,0
43552,2
43553,2
43554,3
43555,1
43556,0
43557,1
43558,1
43559,0
43560,1
43561,0
43562,1
43563,0
43564,0
43565,0
43566,0
43567,0
43568,0
43569,1
43570,0
43571,2
43572,2
43573,1
43574,1
43575,1
43576,0
43577,0
43578,0
43579,1
43580,1
43581,1
43582,2
43583,1
43584,2
43585,0
43586,0
43587,0
43588,2
43589,1
43590,0
43591,0
43592,0
43593,1
43594,0
43595,1
43596,2
43597,1
43598,0
43599,1
43600,0
43601,0
43602,3
43603,0
43604,0
43605,0
43606,0
43607,1
43608,0
43609,0
43610,1
43611,2
43612,1
43613,1
43614,0
43615,1
43616,2
43617,0
43618,0
43619,2
43620,0
43621,2
43622,1
43623,1
43624,2
43625,0
43626,0
43627,2
43628,0
43629,2
43630,0
43631,1
43632,1
43633,1
43634,1
43635,6
43636,1
43637,1
43638,2
43639,1
43640,3
43641,0
43642,1
43643,1
43644,1
43645,1
43646,1
43647,1
43648,1
43649,1
43650,0
43651,2
43652,0
43653,1
43654,1
43655,3
43656,6
43657,1
43658,0
43659,0
43660,0
43661,2
43662,2
43663,0
43664,2
43665,1
43666,2
43667,4
43668,2
43669,0
43670,2
43671,1
43672,2
43673,1
43674,3
43675,1
43676,0
43677,0
43678,0
43679,0
43680,1
43681,0
43682,0
43683,0
43684,0
43685,1
43686,3
43687,1
43688,0
43689,2
43690,1
43691,0
43692,1
43693,0
43694,1
43695,0
43696,0
43697,2
43698,1
43699,0
43700,0
43701,1
43702,0
43703,5
43704,1
43705,0
43706,1
43707,1
43708,2
43709,0
43710,1
43711,2
43712,1
43713,1
43714,1
43715,0
43716,0
43717,0
43718,1
43719,0
43720,0
43721,2
43722,3
43723,0
43724,0
43725,1
43726,0
43727,0
43728,1
43729,1
43730,0
43731,1
43732,1
43733,2
43734,0
43735,1
43736,2
43737,4
43738,0
43739,4
43740,4
43741,2
43742,0
43743,1
43744,3
43745,5
43746,1
43747,1
43748,0
43749,2
43750,1
43751,2
43752,2
43753,2
43754,0
43755,0
43756,5
43757,3
43758,2
43759,1
43760,1
43761,1
43762,2
43763,1
43764,1
43765,0
43766,0
43767,1
43768,2
43769,1
43770,1
43771,0
43772,1
43773,2
43774,0
43775,1
43776,1
43777,0
43778,1
43779,2
43780,0
43781,0
43782,1
43783,1
43784,0
43785,0
43786,1
43787,3
43788,1
43789,2
43790,0
43791,0
43792,1
43793,0
43794,1
43795,1
43796,1
43797,1
43798,3
43799,2
43800,4
43801,0
43802,2
43803,0
43804,2
43805,1
43806,0
43807,0
43808,0
43809,2
43810,1
43811,3
43812,0
43813,1
43814,1
43815,2
43816,2
43817,1
43818,1
43819,1
43820,2
43821,1
43822,2
43823,3
43824,0
43825,0
43826,0
43827,1
43828,1
43829,0
43830,2
43831,1
43832,1
43833,1
43834,2
43835,2
43836,0
43837,0
43838,0
43839,0
43840,2
43841,1
43842,0
43843,0
43844,0
43845,2
43846,7
43847,0
43848,1
43849,0
43850,1
43851,1
43852,0
43853,2
43854,3
43855,0
43856,2
43857,1
43858,0
43859,3
43860,1
43861,1
43862,1
43863,0
43864,1
43865,2
43866,1
43867,0
43868,0
43869,0
43870,1
43871,0
43872,2
43873,2
43874,3
43875,2
43876,1
43877,2
43878,1
43879,0
43880,0
43881,2
43882,0
43883,0
43884,0
43885,1
43886,2
43887,0
43888,3
43889,1
43890,0
43891,2
43892,6
43893,1
43894,4
43895,0
43896,2
43897,1
43898,1
43899,0
43900,1
43901,0
43902,0
43903,1
43904,1
43905,0
43906,0
43907,2
43908,3
43909,5
43910,0
43911,0
43912,2
43913,1
43914,4
43915,1
43916,2
43917,1
43918,0
43919,0
43920,0
43921,3
43922,3
43923,1
43924,1
43925,2
43926,3
43927,1
43928,0
43929,3
43930,2
43931,1
43932,2
43933,1
43934,2
43935,1
43936,1
43937,1
43938,1
43939,2
43940,2
43941,0
43942,0
43943,3
43944,5
43945,4
43946,2
43947,0
43948,1
43949,1
43950,2
43951,1
43952,1
43953,5
43954,0
43955,3
43956,0
43957,1
43958,3
43959,0
43960,0
43961,1
43962,1
43963,3
43964,1
43965,0
43966,0
43967,1
43968,2
43969,2
43970,1
43971,0
43972,2
43973,1
43974,2
43975,1
43976,0
43977,2
43978,0
43979,1
43980,1
43981,0
43982,4
43983,2
43984,0
43985,1
43986,1
43987,2
43988,2
43989,0
43990,2
43991,0
43992,3
43993,1
43994,2
43995,0
43996,0
43997,1
43998,2
43999,2
44000,2
44001,1
44002,1
44003,0
44004,0
44005,2
44006,1
44007,2
44008,1
44009,2
44010,1
44011,1
44012,0
44013,3
44014,3
44015,2
44016,2
44017,1
44018,1
44019,2
44020,1
44021,1
44022,1
44023,0
44024,1
44025,1
44026,0
44027,2
44028,2
44029,1
44030,0
44031,2
44032,1
44033,6
44034,2
44035,2
44036,2
44037,0
44038,1
44039,1
44040,3
44041,3
44042,1
44043,0
44044,2
44045,0
44046,1
44047,1
44048,0
44049,1
44050,4
44051,2
44052,2
44053,0
44054,0
44055,2
44056,1
44057,1
44058,1
44059,1
44060,2
44061,3
44062,3
44063,0
44064,0
44065,1
44066,4
44067,0
44068,2
44069,1
44070,0
44071,0
44072,8
44073,1
44074,0
44075,0
44076,1
44077,0
44078,1
44079,2
44080,1
44081,0
44082,0
44083,0
44084,2
44085,0
44086,3
44087,0
44088,2
44089,1
44090,0
44091,0
44092,4
44093,0
44094,0
44095,0
44096,0
44097,0
44098,1
44099,2
44100,1
44101,1
44102,1
44103,0
44104,2
44105,1
44106,0
44107,0
44108,0
44109,0
44110,1
44111,3
44112,1
44113,0
44114,1
44115,0
44116,0
44117,0
44118,0
44119,0
44120,0
44121,0
44122,0
44123,0
44124,0
44125,1
44126,4
44127,1
44128,0
44129,0
44130,0
44131,0
44132,1
44133,1
44134,2
44135,1
44136,3
44137,0
44138,2
44139,1
44140,1
44141,4
44142,1
44143,1
44144,3
44145,0
44146,0
44147,2
44148,2
44149,1
44150,0
44151,2
44152,0
44153,1
44154,1
44155,0
44156,1
44157,0
44158,0
44159,1
44160,0
44161,1
44162,0
44163,0
44164,2
44165,0
44166,2
44167,1
44168,1
44169,3
44170,2
44171,1
44172,0
44173,0
44174,0
44175,1
44176,0
44177,0
44178,7
44179,1
44180,2
44181,0
44182,3
44183,0
44184,0
44185,2
44186,3
44187,0
44188,0
44189,0
44190,0
44191,2
44192,0
44193,0
44194,1
44195,0
44196,0
44197,0
44198,0
44199,0
44200,2
44201,2
44202,6
44203,1
44204,1
44205,1
44206,1
44207,0
44208,1
44209,1
44210,1
44211,0
44212,1
44213,1
44214,1
44215,2
44216,1
44217,3
44218,7
44219,2
44220,0
44221,2
44222,0
44223,0
44224,1
44225,0
44226,1
44227,4
44228,0
44229,0
44230,1
44231,2
44232,0
44233,4
44234,4
44235,0
44236,1
44237,1
44238,1
44239,2
44240,0
44241,1
44242,0
44243,0
44244,1
44245,1
44246,6
44247,0
44248,1
44249,0
44250,1
44251,1
44252,0
44253,3
44254,1
44255,0
44256,3
44257,0
44258,0
44259,1
44260,0
44261,0
44262,0
44263,0
44264,1
44265,0
44266,1
44267,1
44268,0
44269,3
44270,0
44271,1
44272,0
44273,3
44274,2
44275,2
44276,0
44277,0
44278,1
44279,0
44280,2
44281,4
44282,0
44283,1
44284,0
44285,1
44286,2
44287,0
44288,1
44289,2
44290,0
44291,1
44292,1
44293,0
44294,1
44295,2
44296,0
44297,2
44298,1
44299,0
44300,0
44301,1
44302,0
44303,0
44304,2
44305,3
44306,1
44307,1
44308,1
44309,0
44310,0
44311,2
44312,0
44313,0
44314,1
44315,0
44316,1
44317,0
44318,2
44319,0
44320,1
44321,1
44322,0
44323,1
44324,1
44325,0
44326,0
44327,0
44328,0
44329,0
44330,1
44331,0
44332,0
44333,1
44334,0
44335,1
44336,0
44337,1
44338,1
44339,0
44340,0
44341,0
44342,0
44343,1
44344,0
44345,0
44346,0
44347,1
44348,0
44349,0
44350,1
44351,2
44352,4
44353,1
44354,1
44355,0
44356,0
44357,0
44358,0
44359,0
44360,0
44361,3
44362,1
44363,1
44364,1
44365,1
44366,0
44367,0
44368,1
44369,2
44370,0
44371,0
44372,2
44373,1
44374,3
44375,2
44376,0
44377,0
44378,0
44379,0
44380,1
44381,0
44382,0
44383,1
44384,3
44385,2
44386,1
44387,0
44388,2
44389,0
44390,1
44391,2
44392,1
44393,0
44394,1
44395,1
44396,1
44397,1
44398,1
44399,2
44400,0
44401,0
44402,2
44403,2
44404,2
44405,5
44406,1
44407,4
44408,3
44409,0
44410,2
44411,1
44412,1
44413,0
44414,1
44415,2
44416,1
44417,0
44418,0
44419,1
44420,1
44421,0
44422,2
44423,0
44424,0
44425,1
44426,0
44427,1
44428,4
44429,1
44430,3
44431,1
44432,1
44433,3
44434,0
44435,0
44436,0
44437,0
44438,1
44439,0
44440,3
44441,0
44442,2
44443,1
44444,1
44445,0
44446,1
44447,1
44448,3
44449,0
44450,1
44451,0
44452,2
44453,4
44454,1
44455,1
44456,0
44457,0
44458,1
44459,1
44460,0
44461,0
44462,1
44463,1
44464,0
44465,1
44466,0
44467,0
44468,0
44469,2
44470,1
44471,1
44472,0
44473,0
44474,2
44475,0
44476,1
44477,0
44478,1
44479,2
44480,0
44481,1
44482,4
44483,0
44484,0
44485,0
44486,0
44487,0
44488,0
44489,0
44490,4
44491,1
44492,2
44493,0
44494,1
44495,0
44496,1
44497,0
44498,0
44499,0
44500,0
44501,1
44502,0
44503,0
44504,0
44505,1
44506,0
44507,0
44508,1
44509,1
44510,0
44511,0
44512,0
44513,0
44514,0
44515,1
44516,0
44517,0
44518,1
44519,2
44520,0
44521,1
44522,0
44523,0
44524,2
44525,0
44526,0
44527,1
44528,6
44529,0
44530,0
44531,0
44532,1
44533,1
44534,0
44535,1
44536,1
44537,0
44538,1
44539,0
44540,0
44541,9
44542,0
44543,0
44544,0
44545,0
44546,0
44547,0
44548,1
44549,0
44550,0
44551,2
44552,0
44553,0
44554,0
44555,1
44556,0
44557,1
44558,0
44559,1
44560,0
44561,2
44562,1
44563,1
44564,2
44565,2
44566,0
44567,2
44568,0
44569,0
44570,1
44571,0
44572,1
44573,1
44574,1
44575,0
44576,1
44577,1
44578,1
44579,1
44580,0
44581,2
44582,0
44583,0
44584,1
44585,0
44586,0
44587,0
44588,0
44589,1
44590,1
44591,2
44592,1
44593,3
44594,1
44595,2
44596,2
44597,1
44598,0
44599,0
44600,1
44601,1
44602,1
44603,0
44604,3
44605,2
44606,0
44607,2
44608,0
44609,0
44610,2
44611,0
44612,3
44613,0
44614,1
44615,0
44616,1
44617,0
44618,0
44619,0
44620,0
44621,0
44622,0
44623,2
44624,1
44625,2
44626,0
44627,0
44628,0
44629,1
44630,2
44631,3
44632,3
44633,2
44634,0
44635,1
44636,0
44637,2
44638,2
44639,1
44640,1
44641,1
44642,1
44643,1
44644,1
44645,0
44646,1
44647,2
44648,0
44649,2
44650,2
44651,1
44652,1
44653,1
44654,1
44655,1
44656,0
44657,1
44658,0
44659,1
44660,1
44661,2
44662,2
44663,1
44664,0
44665,5
44666,1
44667,0
44668,0
44669,2
44670,0
44671,0
44672,0
44673,1
44674,3
44675,1
44676,0
44677,1
44678,0
44679,2
44680,1
44681,2
44682,0
44683,1
44684,0
44685,0
44686,1
44687,2
44688,2
44689,2
44690,2
44691,0
44692,1
44693,1
44694,0
44695,1
44696,0
44697,1
44698,2
44699,0
44700,1
44701,2
44702,0
44703,0
44704,0
44705,1
44706,0
44707,1
44708,1
44709,0
44710,1
44711,0
44712,0
44713,0
44714,0
44715,0
44716,5
44717,2
44718,3
44719,0
44720,2
44721,1
44722,1
44723,2
44724,0
44725,1
44726,0
44727,1
44728,0
44729,3
44730,0
44731,2
44732,4
44733,1
44734,0
44735,2
44736,1
44737,3
44738,2
44739,0
44740,1
44741,0
44742,1
44743,1
44744,0
44745,0
44746,3
44747,1
44748,0
44749,1
44750,0
44751,0
44752,1
44753,2
44754,1
44755,2
44756,4
44757,1
44758,2
44759,1
44760,4
44761,5
44762,1
44763,3
44764,1
44765,1
44766,1
44767,1
44768,0
44769,1
44770,2
44771,0
44772,1
44773,3
44774,0
44775,2
44776,1
44777,1
44778,1
44779,1
44780,1
44781,2
44782,0
44783,2
44784,1
44785,3
44786,0
44787,2
44788,0
44789,1
44790,0
44791,0
44792,0
44793,2
44794,0
44795,1
44796,2
44797,1
44798,1
44799,1
44800,2
44801,2
44802,0
44803,2
44804,3
44805,3
44806,0
44807,1
44808,1
44809,2
44810,1
44811,0
44812,1
44813,0
44814,0
44815,0
44816,1
44817,1
44818,1
44819,1
44820,0
44821,1
44822,0
44823,1
44824,1
44825,1
44826,1
44827,0
44828,0
44829,4
44830,3
44831,1
44832,0
44833,0
44834,0
44835,2
44836,0
44837,0
44838,1
44839,0
44840,0
44841,1
44842,0
44843,1
44844,2
44845,2
44846,0
44847,1
44848,1
44849,0
44850,0
44851,1
44852,0
44853,1
44854,0
44855,2
44856,2
44857,0
44858,2
44859,4
44860,0
44861,0
44862,0
44863,1
44864,5
44865,0
44866,2
44867,0
44868,1
44869,1
44870,0
44871,1
44872,1
44873,0
44874,0
44875,0
44876,0
44877,0
44878,1
44879,0
44880,0
44881,0
44882,1
44883,1
44884,1
44885,1
44886,1
44887,0
44888,0
44889,2
44890,1
44891,0
44892,2
44893,1
44894,2
44895,0
44896,0
44897,0
44898,0
44899,0
44900,1
44901,0
44902,1
44903,3
44904,3
44905,0
44906,1
44907,1
44908,1
44909,0
44910,0
44911,3
44912,2
44913,2
44914,1
44915,0
44916,0
44917,1
44918,3
44919,2
44920,0
44921,0
44922,0
44923,1
44924,0
44925,0
44926,0
44927,0
44928,1
44929,2
44930,0
44931,1
44932,0
44933,0
44934,0
44935,0
44936,0
44937,0
44938,0
44939,1
44940,0
44941,0
44942,2
44943,1
44944,0
44945,1
44946,1
44947,0
44948,0
44949,1
44950,1
44951,0
44952,1
44953,1
44954,0
44955,0
44956,0
44957,0
44958,1
44959,0
44960,0
44961,1
44962,2
44963,1
44964,1
44965,1
44966,9
44967,1
44968,3
44969,2
44970,1
44971,1
44972,2
44973,3
44974,0
44975,0
44976,1
44977,10
44978,0
44979,2
44980,0
44981,2
44982,2
44983,0
44984,0
44985,1
44986,1
44987,3
44988,0
44989,1
44990,1
44991,1
44992,1
44993,5
44994,4
44995,7
44996,0
44997,2
44998,0
44999,0
45000,0
45001,5
45002,2
45003,3
45004,0
45005,2
45006,6
45007,2
45008,2
45009,0
45010,2
45011,1
45012,0
45013,0
45014,1
45015,1
45016,4
45017,1
45018,0
45019,0
45020,0
45021,0
45022,0
45023,0
45024,3
45025,0
45026,1
45027,1
45028,0
45029,2
45030,3
45031,4
45032,3
45033,6
45034,1
45035,1
45036,1
45037,0
45038,0
45039,2
45040,1
45041,0
45042,4
45043,2
45044,0
45045,0
45046,3
45047,1
45048,1
45049,0
45050,4
45051,8
45052,5
45053,0
45054,1
45055,0
45056,1
45057,0
45058,0
45059,3
45060,0
45061,0
45062,2
45063,0
45064,2
45065,1
45066,0
45067,0
45068,1
45069,4
45070,0
45071,0
45072,0
45073,1
45074,2
45075,0
45076,2
45077,1
45078,2
45079,2
45080,0
45081,0
45082,1
45083,0
45084,0
45085,0
45086,1
45087,0
45088,2
45089,1
45090,3
45091,2
45092,1
45093,1
45094,0
45095,0
45096,0
45097,0
45098,0
45099,1
45100,1
45101,0
45102,3
45103,0
45104,1
45105,0
45106,1
45107,2
45108,2
45109,4
45110,2
45111,1
45112,0
45113,1
45114,0
45115,1
45116,0
45117,1
45118,1
45119,2
45120,1
45121,1
45122,0
45123,1
45124,0
45125,3
45126,0
45127,1
45128,2
45129,2
45130,0
45131,0
45132,2
45133,1
45134,0
45135,0
45136,2
45137,2
45138,0
45139,0
45140,0
45141,0
45142,1
45143,2
45144,0
45145,0
45146,2
45147,2
45148,2
45149,0
45150,0
45151,1
45152,2
45153,1
45154,1
45155,3
45156,0
45157,0
45158,7
45159,2
45160,1
45161,1
45162,0
45163,0
45164,0
45165,2
45166,3
45167,1
45168,4
45169,0
45170,2
45171,0
45172,0
45173,0
45174,1
45175,0
45176,1
45177,1
45178,1
45179,0
45180,1
45181,0
45182,0
45183,1
45184,0
45185,0
45186,1
45187,3
45188,1
45189,2
45190,1
45191,2
45192,1
45193,2
45194,2
45195,0
45196,0
45197,2
45198,1
45199,0
45200,2
45201,0
45202,1
45203,2
45204,1
45205,1
45206,1
45207,0
45208,1
45209,1
45210,0
45211,1
45212,0
45213,0
45214,1
45215,0
45216,1
45217,1
45218,2
45219,0
45220,2
45221,0
45222,2
45223,3
45224,0
45225,5
45226,0
45227,0
45228,0
45229,1
45230,0
45231,7
45232,0
45233,1
45234,5
45235,1
45236,0
45237,0
45238,0
45239,1
45240,1
45241,1
45242,0
45243,0
45244,2
45245,1
45246,3
45247,0
45248,6
45249,3
45250,0
45251,1
45252,2
45253,1
45254,1
45255,1
45256,3
45257,1
45258,1
45259,0
45260,2
45261,0
45262,1
45263,1
45264,0
45265,2
45266,1
45267,0
45268,2
45269,0
45270,0
45271,0
45272,0
45273,6
45274,1
45275,1
45276,2
45277,2
45278,1
45279,1
45280,2
45281,1
45282,1
45283,1
45284,1
45285,0
45286,0
45287,1
45288,0
45289,1
45290,0
45291,1
45292,0
45293,1
45294,0
45295,1
45296,0
45297,0
45298,1
45299,0
45300,2
45301,1
45302,2
45303,1
45304,1
45305,0
45306,0
45307,1
45308,2
45309,0
45310,1
45311,4
45312,0
45313,2
45314,0
45315,0
45316,1
45317,1
45318,0
45319,1
45320,1
45321,0
45322,1
45323,0
45324,1
45325,0
45326,0
45327,0
45328,1
45329,0
45330,0
45331,0
45332,0
45333,1
45334,2
45335,1
45336,0
45337,0
45338,0
45339,1
45340,0
45341,0
45342,0
45343,0
45344,0
45345,0
45346,1
45347,0
45348,0
45349,1
45350,0
45351,0
45352,1
45353,0
45354,1
45355,0
45356,0
45357,1
45358,1
45359,0
45360,0
45361,0
45362,2
45363,0
45364,0
45365,0
45366,3
45367,1
45368,3
45369,0
45370,0
45371,0
45372,1
45373,0
45374,0
45375,2
45376,0
45377,1
45378,2
45379,2
45380,0
45381,2
45382,0
45383,4
45384,0
45385,0
45386,2
45387,1
45388,0
45389,0
45390,1
45391,2
45392,0
45393,1
45394,1
45395,1
45396,0
45397,0
45398,0
45399,1
45400,0
45401,1
45402,2
45403,0
45404,0
45405,1
45406,0
45407,0
45408,0
45409,1
45410,2
45411,1
45412,0
45413,0
45414,0
45415,2
45416,0
45417,1
45418,0
45419,1
45420,1
45421,0
45422,0
45423,1
45424,1
45425,1
45426,0
45427,0
45428,4
45429,4
45430,2
45431,4
45432,1
45433,1
45434,1
45435,1
45436,1
45437,1
45438,0
45439,0
45440,0
45441,1
45442,0
45443,0
45444,0
45445,0
45446,0
45447,0
45448,1
45449,1
45450,1
45451,3
45452,2
45453,0
45454,0
45455,0
45456,1
45457,1
45458,0
45459,1
45460,0
45461,0
45462,0
45463,0
45464,0
45465,0
45466,1
45467,0
45468,1
45469,2
45470,0
45471,0
45472,0
45473,2
45474,0
45475,0
45476,2
45477,1
45478,0
45479,0
45480,1
45481,0
45482,1
45483,1
45484,1
45485,0
45486,0
45487,0
45488,1
45489,0
45490,0
45491,1
45492,1
45493,0
45494,1
45495,3
45496,1
45497,2
45498,0
45499,2
45500,0
45501,1
45502,1
45503,5
45504,0
45505,1
45506,0
45507,1
45508,2
45509,1
45510,0
45511,2
45512,1
45513,2
45514,2
45515,1
45516,0
45517,1
45518,4
45519,0
45520,1
45521,0
45522,2
45523,0
45524,0
45525,1
45526,3
45527,0
45528,1
45529,0
45530,1
45531,0
45532,3
45533,0
45534,1
45535,0
45536,0
45537,0
45538,0
45539,1
45540,0
45541,2
45542,0
45543,1
45544,0
45545,4
45546,0
45547,0
45548,0
45549,1
45550,5
45551,2
45552,2
45553,2
45554,0
45555,1
45556,0
45557,0
45558,0
45559,2
45560,3
45561,1
45562,1
45563,3
45564,0
45565,0
45566,1
45567,1
45568,1
45569,1
45570,0
45571,1
45572,0
45573,2
45574,1
45575,0
45576,0
45577,3
45578,0
45579,0
45580,1
45581,0
45582,0
45583,0
45584,0
45585,0
45586,2
45587,1
45588,2
45589,1
45590,0
45591,1
45592,0
45593,1
45594,3
45595,0
45596,1
45597,0
45598,0
45599,1
45600,0
45601,1
45602,2
45603,1
45604,2
45605,1
45606,2
45607,0
45608,0
45609,0
45610,1
45611,1
45612,3
45613,0
45614,1
45615,0
45616,2
45617,0
45618,0
45619,0
45620,2
45621,0
45622,1
45623,0
45624,1
45625,3
45626,1
45627,1
45628,3
45629,0
45630,1
45631,1
45632,1
45633,0
45634,1
45635,2
45636,1
45637,0
45638,1
45639,1
45640,0
45641,0
45642,0
45643,0
45644,0
45645,0
45646,1
45647,0
45648,0
45649,3
45650,0
45651,1
45652,0
45653,1
45654,1
45655,1
45656,1
45657,2
45658,1
45659,2
45660,0
45661,0
45662,3
45663,1
45664,1
45665,2
45666,1
45667,2
45668,3
45669,1
45670,2
45671,2
45672,1
45673,0
45674,2
45675,0
45676,0
45677,0
45678,4
45679,1
45680,0
45681,2
45682,1
45683,2
45684,0
45685,0
45686,0
45687,1
45688,1
45689,3
45690,1
45691,0
45692,2
45693,0
45694,1
45695,1
45696,1
45697,1
45698,1
45699,1
45700,2
45701,0
45702,1
45703,1
45704,2
45705,4
45706,2
45707,1
45708,4
45709,13
45710,0
45711,1
45712,2
45713,2
45714,1
45715,0
45716,0
45717,2
45718,2
45719,1
45720,0
45721,1
45722,1
45723,0
45724,0
45725,1
45726,2
45727,1
45728,2
45729,0
45730,0
45731,0
45732,2
45733,0
45734,1
45735,1
45736,2
45737,1
45738,0
45739,1
45740,0
45741,0
45742,0
45743,2
45744,0
45745,0
45746,0
45747,0
45748,1
45749,2
45750,0
45751,0
45752,0
45753,0
45754,1
45755,0
45756,0
45757,0
45758,1
45759,3
45760,2
45761,2
45762,0
45763,2
45764,0
45765,0
45766,1
45767,0
45768,1
45769,0
45770,1
45771,0
45772,2
45773,3
45774,3
45775,0
45776,1
45777,0
45778,2
45779,3
45780,0
45781,1
45782,1
45783,1
45784,1
45785,0
45786,0
45787,2
45788,2
45789,0
45790,1
45791,1
45792,1
45793,0
45794,0
45795,0
45796,0
45797,1
45798,0
45799,0
45800,0
45801,0
45802,3
45803,1
45804,1
45805,0
45806,1
45807,1
45808,2
45809,0
45810,0
45811,0
45812,2
45813,1
45814,1
45815,0
45816,1
45817,1
45818,2
45819,0
45820,1
45821,1
45822,0
45823,0
45824,1
45825,0
45826,0
45827,1
45828,1
45829,1
45830,3
45831,4
45832,2
45833,4
45834,8
45835,1
45836,1
45837,0
45838,3
45839,2
45840,1
45841,0
45842,0
45843,0
45844,0
45845,1
45846,1
45847,1
45848,2
45849,1
45850,0
45851,0
45852,0
45853,0
45854,0
45855,0
45856,0
45857,0
45858,1
45859,1
45860,1
45861,0
45862,1
45863,1
45864,0
45865,0
45866,2
45867,2
45868,2
45869,1
45870,1
45871,0
45872,1
45873,0
45874,2
45875,1
45876,1
45877,0
45878,0
45879,1
45880,1
45881,1
45882,1
45883,0
45884,1
45885,1
45886,0
45887,0
45888,0
45889,0
45890,2
45891,1
45892,2
45893,1
45894,1
45895,1
45896,0
45897,0
45898,0
45899,0
45900,0
45901,0
45902,0
45903,2
45904,1
45905,2
45906,1
45907,1
45908,1
45909,1
45910,0
45911,0
45912,1
45913,3
45914,1
45915,1
45916,1
45917,0
45918,0
45919,0
45920,1
45921,2
45922,0
45923,0
45924,1
45925,0
45926,0
45927,1
45928,0
45929,1
45930,2
45931,0
45932,0
45933,3
45934,0
45935,1
45936,4
45937,1
45938,1
45939,1
45940,4
45941,0
45942,1
45943,0
45944,0
45945,1
45946,0
45947,3
45948,0
45949,1
45950,2
45951,2
45952,3
45953,4
45954,1
45955,3
45956,2
45957,2
45958,1
45959,1
45960,1
45961,3
45962,2
45963,2
45964,3
45965,1
45966,7
45967,1
45968,1
45969,0
45970,1
45971,1
45972,0
45973,1
45974,2
45975,2
45976,2
45977,2
45978,2
45979,0
45980,1
45981,1
45982,0
45983,1
45984,1
45985,1
45986,1
45987,1
45988,3
45989,0
45990,0
45991,0
45992,0
45993,1
45994,4
45995,2
45996,3
45997,0
45998,1
45999,0
46000,1
46001,1
46002,1
46003,1
46004,0
46005,1
46006,1
46007,2
46008,0
46009,1
46010,1
46011,1
46012,2
46013,3
46014,2
46015,1
46016,1
46017,1
46018,0
46019,0
46020,1
46021,0
46022,2
46023,3
46024,0
46025,3
46026,2
46027,0
46028,1
46029,5
46030,1
46031,1
46032,3
46033,6
46034,1
46035,2
46036,1
46037,0
46038,2
46039,1
46040,1
46041,0
46042,0
46043,3
46044,0
46045,1
46046,0
46047,1
46048,0
46049,0
46050,3
46051,1
46052,2
46053,2
46054,1
46055,0
46056,1
46057,0
46058,0
46059,2
46060,0
46061,0
46062,0
46063,1
46064,0
46065,2
46066,3
46067,3
46068,2
46069,0
46070,1
46071,2
46072,0
46073,0
46074,0
46075,3
46076,1
46077,1
46078,0
46079,0
46080,1
46081,0
46082,0
46083,1
46084,0
46085,2
46086,1
46087,1
46088,0
46089,2
46090,1
46091,1
46092,2
46093,0
46094,3
46095,1
46096,0
46097,0
46098,0
46099,2
46100,0
46101,1
46102,2
46103,0
46104,0
46105,1
46106,0
46107,0
46108,1
46109,1
46110,1
46111,0
46112,0
46113,3
46114,1
46115,2
46116,2
46117,0
46118,0
46119,0
46120,1
46121,0
46122,1
46123,1
46124,0
46125,1
46126,1
46127,2
46128,1
46129,2
46130,0
46131,0
46132,0
46133,2
46134,2
46135,0
46136,0
46137,0
46138,0
46139,0
46140,0
46141,3
46142,0
46143,0
46144,0
46145,0
46146,1
46147,2
46148,0
46149,2
46150,1
46151,1
46152,1
46153,1
46154,2
46155,1
46156,0
46157,0
46158,0
46159,2
46160,1
46161,3
46162,2
46163,1
46164,0
46165,0
46166,0
46167,0
46168,0
46169,1
46170,2
46171,4
46172,0
46173,0
46174,0
46175,0
46176,1
46177,0
46178,0
46179,2
46180,1
46181,0
46182,1
46183,1
46184,1
46185,0
46186,4
46187,0
46188,1
46189,0
46190,0
46191,0
46192,3
46193,0
46194,2
46195,1
46196,0
46197,1
46198,2
46199,1
46200,1
46201,0
46202,1
46203,0
46204,1
46205,0
46206,3
46207,2
46208,1
46209,0
46210,2
46211,0
46212,1
46213,1
46214,1
46215,1
46216,0
46217,2
46218,1
46219,3
46220,0
46221,1
46222,0
46223,1
46224,1
46225,0
46226,0
46227,0
46228,0
46229,1
46230,0
46231,1
46232,0
46233,0
46234,1
46235,0
46236,0
46237,0
46238,0
46239,1
46240,1
46241,0
46242,0
46243,1
46244,1
46245,1
46246,0
46247,1
46248,0
46249,1
46250,1
46251,1
46252,2
46253,1
46254,0
46255,0
46256,0
46257,1
46258,1
46259,0
46260,0
46261,1
46262,2
46263,4
46264,1
46265,1
46266,1
46267,4
46268,0
46269,1
46270,1
46271,1
46272,0
46273,3
46274,0
46275,0
46276,1
46277,1
46278,1
46279,1
46280,0
46281,2
46282,1
46283,0
46284,0
46285,1
46286,1
46287,2
46288,4
46289,0
46290,0
46291,12
46292,1
46293,0
46294,2
46295,6
46296,2
46297,0
46298,0
46299,0
46300,2
46301,7
46302,2
46303,1
46304,3
46305,0
46306,0
46307,0
46308,0
46309,1
46310,1
46311,0
46312,2
46313,0
46314,1
46315,1
46316,0
46317,1
46318,3
46319,1
46320,0
46321,0
46322,2
46323,2
46324,1
46325,0
46326,0
46327,3
46328,3
46329,0
46330,1
46331,4
46332,0
46333,1
46334,6
46335,0
46336,0
46337,1
46338,2
46339,2
46340,1
46341,5
46342,3
46343,1
46344,4
46345,0
46346,1
46347,1
46348,1
46349,1
46350,2
46351,0
46352,2
46353,2
46354,2
46355,0
46356,4
46357,0
46358,0
46359,1
46360,1
46361,2
46362,2
46363,3
46364,1
46365,1
46366,0
46367,0
46368,1
46369,3
46370,1
46371,0
46372,0
46373,3
46374,2
46375,0
46376,1
46377,0
46378,2
46379,2
46380,2
46381,3
46382,2
46383,0
46384,0
46385,1
46386,2
46387,0
46388,1
46389,1
46390,1
46391,0
46392,2
46393,3
46394,3
46395,1
46396,1
46397,0
46398,0
46399,0
46400,1
46401,0
46402,1
46403,1
46404,2
46405,1
46406,0
46407,1
46408,0
46409,1
46410,1
46411,2
46412,0
46413,0
46414,0
46415,1
46416,1
46417,0
46418,1
46419,4
46420,0
46421,0
46422,1
46423,1
46424,0
46425,0
46426,3
46427,0
46428,0
46429,1
46430,0
46431,1
46432,0
46433,0
46434,0
46435,0
46436,0
46437,2
46438,3
46439,3
46440,2
46441,2
46442,2
46443,2
46444,3
46445,3
46446,0
46447,2
46448,0
46449,0
46450,1
46451,6
46452,2
46453,2
46454,3
46455,1
46456,1
46457,1
46458,0
46459,1
46460,1
46461,1
46462,0
46463,0
46464,0
46465,0
46466,0
46467,0
46468,1
46469,0
46470,1
46471,0
46472,1
46473,0
46474,0
46475,0
46476,1
46477,1
46478,0
46479,0
46480,2
46481,1
46482,1
46483,0
46484,1
46485,1
46486,0
46487,0
46488,0
46489,1
46490,0
46491,1
46492,1
46493,1
46494,0
46495,2
46496,3
46497,0
46498,1
46499,1
46500,1
46501,0
46502,0
46503,0
46504,2
46505,0
46506,2
46507,0
46508,1
46509,0
46510,1
46511,0
46512,1
46513,1
46514,0
46515,1
46516,1
46517,0
46518,1
46519,0
46520,2
46521,1
46522,1
46523,0
46524,1
46525,0
46526,0
46527,1
46528,1
46529,1
46530,0
46531,2
46532,0
46533,1
46534,1
46535,2
46536,0
46537,1
46538,0
46539,1
46540,2
46541,0
46542,0
46543,0
46544,0
46545,0
46546,0
46547,1
46548,0
46549,3
46550,2
46551,0
46552,0
46553,0
46554,0
46555,0
46556,0
46557,2
46558,0
46559,1
46560,0
46561,0
46562,1
46563,3
46564,0
46565,2
46566,1
46567,0
46568,1
46569,0
46570,0
46571,1
46572,0
46573,2
46574,1
46575,0
46576,1
46577,0
46578,1
46579,2
46580,0
46581,1
46582,1
46583,0
46584,0
46585,1
46586,0
46587,0
46588,4
46589,0
46590,0
46591,1
46592,1
46593,1
46594,1
46595,0
46596,1
46597,0
46598,1
46599,2
46600,2
46601,3
46602,0
46603,0
46604,0
46605,0
46606,0
46607,1
46608,2
46609,5
46610,2
46611,0
46612,3
46613,1
46614,1
46615,2
46616,2
46617,1
46618,0
46619,0
46620,0
46621,2
46622,0
46623,0
46624,0
46625,0
46626,1
46627,1
46628,2
46629,1
46630,2
46631,1
46632,0
46633,1
46634,0
46635,0
46636,0
46637,0
46638,0
46639,0
46640,1
46641,1
46642,0
46643,0
46644,1
46645,2
46646,0
46647,1
46648,0
46649,0
46650,5
46651,2
46652,1
46653,0
46654,1
46655,1
46656,0
46657,0
46658,0
46659,1
46660,1
46661,2
46662,1
46663,0
46664,1
46665,1
46666,0
46667,0
46668,3
46669,1
46670,2
46671,0
46672,1
46673,2
46674,3
46675,0
46676,3
46677,2
46678,1
46679,2
46680,0
46681,3
46682,1
46683,1
46684,0
46685,1
46686,0
46687,2
46688,1
46689,0
46690,0
46691,1
46692,1
46693,1
46694,0
46695,1
46696,2
46697,0
46698,1
46699,0
46700,1
46701,1
46702,0
46703,1
46704,0
46705,0
46706,0
46707,1
46708,0
46709,1
46710,1
46711,1
46712,1
46713,0
46714,4
46715,1
46716,2
46717,0
46718,1
46719,2
46720,1
46721,0
46722,0
46723,0
46724,3
46725,0
46726,1
46727,1
46728,0
46729,3
46730,0
46731,1
46732,0
46733,0
46734,2
46735,0
46736,0
46737,2
46738,1
46739,1
46740,2
46741,0
46742,0
46743,2
46744,1
46745,2
46746,1
46747,0
46748,3
46749,1
46750,1
46751,0
46752,1
46753,0
46754,2
46755,3
46756,0
46757,1
46758,0
46759,0
46760,0
46761,0
46762,0
46763,0
46764,0
46765,2
46766,0
46767,1
46768,1
46769,1
46770,0
46771,0
46772,1
46773,0
46774,0
46775,1
46776,1
46777,0
46778,0
46779,0
46780,1
46781,2
46782,0
46783,0
46784,2
46785,1
46786,1
46787,1
46788,1
46789,0
46790,1
46791,0
46792,0
46793,1
46794,0
46795,1
46796,2
46797,1
46798,0
46799,1
46800,1
46801,0
46802,0
46803,0
46804,1
46805,1
46806,1
46807,3
46808,5
46809,1
46810,1
46811,0
46812,1
46813,0
46814,1
46815,3
46816,1
46817,1
46818,0
46819,0
46820,0
46821,0
46822,3
46823,1
46824,1
46825,0
46826,1
46827,0
46828,2
46829,0
46830,1
46831,0
46832,0
46833,1
46834,0
46835,0
46836,0
46837,1
46838,2
46839,3
46840,1
46841,0
46842,0
46843,2
46844,1
46845,0
46846,0
46847,1
46848,1
46849,0
46850,1
46851,0
46852,2
46853,1
46854,0
46855,2
46856,1
46857,0
46858,1
46859,3
46860,1
46861,0
46862,0
46863,0
46864,1
46865,1
46866,0
46867,0
46868,1
46869,1
46870,0
46871,1
46872,0
46873,0
46874,1
46875,0
46876,1
46877,1
46878,1
46879,0
46880,1
46881,1
46882,0
46883,1
46884,1
46885,2
46886,1
46887,1
46888,0
46889,0
46890,0
46891,0
46892,1
46893,0
46894,0
46895,1
46896,0
46897,1
46898,1
46899,1
46900,0
46901,1
46902,0
46903,2
46904,4
46905,0
46906,0
46907,1
46908,0
46909,1
46910,0
46911,0
46912,1
46913,0
46914,2
46915,0
46916,0
46917,0
46918,0
46919,1
46920,3
46921,1
46922,0
46923,1
46924,1
46925,0
46926,1
46927,2
46928,0
46929,0
46930,2
46931,0
46932,0
46933,0
46934,1
46935,0
46936,0
46937,2
46938,0
46939,0
46940,0
46941,1
46942,0
46943,0
46944,0
46945,1
46946,0
46947,0
46948,2
46949,0
46950,1
46951,1
46952,0
46953,0
46954,0
46955,2
46956,0
46957,1
46958,1
46959,0
46960,1
46961,1
46962,2
46963,2
46964,2
46965,3
46966,0
46967,1
46968,0
46969,0
46970,1
46971,0
46972,1
46973,0
46974,3
46975,0
46976,0
46977,0
46978,1
46979,0
46980,1
46981,0
46982,2
46983,0
46984,0
46985,1
46986,0
46987,1
46988,2
46989,0
46990,0
46991,0
46992,1
46993,0
46994,1
46995,0
46996,0
46997,1
46998,3
46999,2
47000,2
47001,3
47002,0
47003,3
47004,1
47005,1
47006,0
47007,0
47008,0
47009,0
47010,0
47011,1
47012,0
47013,0
47014,1
47015,1
47016,0
47017,2
47018,1
47019,1
47020,1
47021,1
47022,0
47023,0
47024,1
47025,0
47026,0
47027,3
47028,2
47029,0
47030,1
47031,0
47032,0
47033,3
47034,0
47035,1
47036,1
47037,0
47038,0
47039,0
47040,0
47041,3
47042,1
47043,1
47044,0
47045,0
47046,1
47047,1
47048,1
47049,0
47050,0
47051,0
47052,1
47053,1
47054,1
47055,2
47056,1
47057,0
47058,0
47059,1
47060,2
47061,2
47062,1
47063,1
47064,0
47065,0
47066,0
47067,3
47068,0
47069,0
47070,1
47071,0
47072,2
47073,0
47074,1
47075,1
47076,2
47077,1
47078,1
47079,0
47080,0
47081,3
47082,0
47083,0
47084,0
47085,0
47086,3
47087,2
47088,0
47089,2
47090,2
47091,1
47092,4
47093,0
47094,1
47095,0
47096,0
47097,0
47098,1
47099,0
47100,1
47101,0
47102,3
47103,1
47104,0
47105,0
47106,1
47107,0
47108,1
47109,1
47110,1
47111,0
47112,1
47113,0
47114,1
47115,0
47116,2
47117,1
47118,0
47119,1
47120,0
47121,0
47122,1
47123,2
47124,1
47125,1
47126,0
47127,0
47128,0
47129,0
47130,1
47131,1
47132,0
47133,1
47134,0
47135,0
47136,0
47137,0
47138,0
47139,0
47140,0
47141,1
47142,1
47143,1
47144,0
47145,2
47146,1
47147,1
47148,0
47149,1
47150,0
47151,0
47152,3
47153,0
47154,1
47155,1
47156,0
47157,1
47158,0
47159,0
47160,1
47161,0
47162,1
47163,2
47164,1
47165,0
47166,1
47167,2
47168,1
47169,0
47170,1
47171,2
47172,0
47173,2
47174,2
47175,0
47176,0
47177,2
47178,1
47179,2
47180,0
47181,0
47182,0
47183,0
47184,0
47185,0
47186,0
47187,1
47188,0
47189,0
47190,0
47191,0
47192,1
47193,0
47194,1
47195,2
47196,0
47197,2
47198,1
47199,0
47200,1
47201,1
47202,4
47203,0
47204,1
47205,0
47206,2
47207,0
47208,3
47209,1
47210,0
47211,0
47212,0
47213,1
47214,2
47215,0
47216,0
47217,2
47218,4
47219,2
47220,0
47221,0
47222,0
47223,0
47224,2
47225,0
47226,0
47227,0
47228,2
47229,0
47230,0
47231,2
47232,0
47233,0
47234,2
47235,2
47236,2
47237,1
47238,1
47239,1
47240,0
47241,0
47242,1
47243,1
47244,2
47245,0
47246,0
47247,0
47248,1
47249,2
47250,1
47251,0
47252,0
47253,0
47254,0
47255,1
47256,1
47257,4
47258,0
47259,0
47260,0
47261,1
47262,0
47263,0
47264,0
47265,1
47266,2
47267,0
47268,0
47269,1
47270,2
47271,1
47272,0
47273,0
47274,0
47275,0
47276,1
47277,0
47278,1
47279,0
47280,1
47281,2
47282,0
47283,0
47284,0
47285,0
47286,0
47287,0
47288,2
47289,1
47290,0
47291,0
47292,0
47293,1
47294,1
47295,1
47296,2
47297,0
47298,0
47299,0
47300,1
47301,0
47302,0
47303,0
47304,0
47305,0
47306,0
47307,0
47308,1
47309,1
47310,1
47311,0
47312,0
47313,0
47314,1
47315,0
47316,0
47317,0
47318,1
47319,0
47320,0
47321,2
47322,1
47323,0
47324,2
47325,1
47326,1
47327,3
47328,0
47329,0
47330,0
47331,1
47332,0
47333,0
47334,1
47335,2
47336,0
47337,2
47338,1
47339,1
47340,0
47341,1
47342,3
47343,0
47344,1
47345,1
47346,2
47347,1
47348,0
47349,0
47350,0
47351,1
47352,2
47353,0
47354,1
47355,1
47356,1
47357,3
47358,1
47359,0
47360,0
47361,2
47362,0
47363,1
47364,0
47365,0
47366,0
47367,0
47368,0
47369,0
47370,0
47371,0
47372,0
47373,0
47374,0
47375,0
47376,0
47377,1
47378,0
47379,0
47380,1
47381,2
47382,0
47383,0
47384,0
47385,2
47386,0
47387,0
47388,0
47389,1
47390,0
47391,0
47392,0
47393,2
47394,1
47395,0
47396,2
47397,0
47398,0
47399,1
47400,1
47401,2
47402,0
47403,0
47404,0
47405,0
47406,2
47407,0
47408,1
47409,3
47410,0
47411,0
47412,1
47413,0
47414,1
47415,1
47416,0
47417,1
47418,1
47419,1
47420,2
47421,2
47422,0
47423,0
47424,2
47425,0
47426,0
47427,0
47428,1
47429,2
47430,1
47431,2
47432,0
47433,0
47434,0
47435,1
47436,1
47437,0
47438,0
47439,0
47440,1
47441,0
47442,2
47443,2
47444,1
47445,0
47446,2
47447,0
47448,0
47449,1
47450,2
47451,1
47452,0
47453,0
47454,0
47455,2
47456,0
47457,0
47458,2
47459,0
47460,1
47461,0
47462,0
47463,0
47464,0
47465,1
47466,2
47467,0
47468,2
47469,3
47470,2
47471,0
47472,0
47473,0
47474,1
47475,2
47476,1
47477,1
47478,0
47479,0
47480,1
47481,0
47482,1
47483,1
47484,1
47485,1
47486,1
47487,0
47488,1
47489,0
47490,1
47491,8
47492,1
47493,0
47494,1
47495,1
47496,4
47497,0
47498,2
47499,4
47500,1
47501,1
47502,0
47503,3
47504,0
47505,0
47506,0
47507,0
47508,1
47509,2
47510,1
47511,3
47512,1
47513,1
47514,2
47515,0
47516,1
47517,0
47518,1
47519,0
47520,0
47521,0
47522,3
47523,1
47524,3
47525,0
47526,2
47527,1
47528,4
47529,1
47530,0
47531,0
47532,0
47533,0
47534,1
47535,3
47536,4
47537,3
47538,2
47539,1
47540,2
47541,0
47542,0
47543,1
47544,2
47545,1
47546,0
47547,1
47548,0
47549,1
47550,1
47551,1
47552,3
47553,1
47554,1
47555,2
47556,4
47557,1
47558,1
47559,2
47560,2
47561,1
47562,1
47563,1
47564,0
47565,0
47566,4
47567,0
47568,0
47569,4
47570,0
47571,0
47572,4
47573,0
47574,0
47575,1
47576,1
47577,0
47578,3
47579,2
47580,0
47581,0
47582,1
47583,0
47584,1
47585,1
47586,4
47587,0
47588,1
47589,3
47590,0
47591,0
47592,1
47593,0
47594,3
47595,0
47596,1
47597,0
47598,2
47599,1
47600,1
47601,0
47602,0
47603,3
47604,5
47605,1
47606,0
47607,1
47608,0
47609,3
47610,3
47611,3
47612,1
47613,2
47614,2
47615,1
47616,0
47617,1
47618,1
47619,2
47620,1
47621,2
47622,4
47623,1
47624,1
47625,0
47626,2
47627,0
47628,1
47629,0
47630,0
47631,0
47632,2
47633,2
47634,2
47635,0
47636,0
47637,2
47638,0
47639,3
47640,1
47641,1
47642,0
47643,1
47644,0
47645,1
47646,1
47647,0
47648,3
47649,1
47650,1
47651,0
47652,2
47653,0
47654,0
47655,0
47656,1
47657,0
47658,0
47659,1
47660,1
47661,1
47662,1
47663,0
47664,2
47665,0
47666,1
47667,0
47668,2
47669,0
47670,2
47671,1
47672,1
47673,1
47674,0
47675,1
47676,0
47677,2
47678,1
47679,0
47680,0
47681,0
47682,0
47683,2
47684,1
47685,0
47686,1
47687,2
47688,1
47689,2
47690,1
47691,1
47692,2
47693,2
47694,1
47695,3
47696,3
47697,2
47698,1
47699,3
47700,0
47701,1
47702,2
47703,0
47704,2
47705,2
47706,0
47707,0
47708,3
47709,1
47710,1
47711,0
47712,1
47713,1
47714,2
47715,0
47716,0
47717,1
47718,1
47719,2
47720,1
47721,2
47722,0
47723,1
47724,1
47725,0
47726,1
47727,2
47728,1
47729,1
47730,1
47731,2
47732,0
47733,1
47734,0
47735,1
47736,0
47737,0
47738,1
47739,1
47740,0
47741,0
47742,0
47743,1
47744,0
47745,0
47746,0
47747,0
47748,0
47749,0
47750,0
47751,1
47752,1
47753,0
47754,0
47755,0
47756,0
47757,0
47758,0
47759,0
47760,0
47761,1
47762,0
47763,2
47764,1
47765,1
47766,1
47767,5
47768,0
47769,0
47770,0
47771,1
47772,0
47773,1
47774,1
47775,2
47776,1
47777,1
47778,3
47779,0
47780,0
47781,1
47782,0
47783,0
47784,0
47785,1
47786,4
47787,0
47788,4
47789,0
47790,0
47791,0
47792,1
47793,0
47794,1
47795,4
47796,2
47797,1
47798,4
47799,0
47800,1
47801,3
47802,1
47803,1
47804,0
47805,0
47806,1
47807,2
47808,0
47809,0
47810,1
47811,3
47812,2
47813,2
47814,3
47815,2
47816,0
47817,0
47818,0
47819,0
47820,0
47821,2
47822,1
47823,0
47824,1
47825,0
47826,2
47827,0
47828,0
47829,3
47830,0
47831,1
47832,2
47833,1
47834,1
47835,0
47836,2
47837,0
47838,1
47839,0
47840,1
47841,2
47842,0
47843,1
47844,1
47845,2
47846,0
47847,1
47848,1
47849,1
47850,0
47851,0
47852,2
47853,0
47854,5
47855,1
47856,1
47857,0
47858,1
47859,0
47860,0
47861,0
47862,0
47863,1
47864,0
47865,3
47866,1
47867,0
47868,0
47869,5
47870,1
47871,0
47872,3
47873,1
47874,2
47875,2
47876,0
47877,0
47878,0
47879,2
47880,1
47881,0
47882,0
47883,1
47884,1
47885,2
47886,1
47887,6
47888,2
47889,0
47890,0
47891,0
47892,2
47893,0
47894,0
47895,4
47896,2
47897,3
47898,5
47899,0
47900,1
47901,2
47902,2
47903,1
47904,2
47905,2
47906,2
47907,1
47908,0
47909,0
47910,1
47911,1
47912,1
47913,1
47914,0
47915,2
47916,0
47917,0
47918,1
47919,0
47920,0
47921,1
47922,2
47923,0
47924,0
47925,1
47926,1
47927,1
47928,1
47929,1
47930,0
47931,0
47932,0
47933,1
47934,2
47935,0
47936,1
47937,1
47938,1
47939,1
47940,0
47941,3
47942,3
47943,3
47944,0
47945,1
47946,0
47947,0
47948,2
47949,1
47950,0
47951,0
47952,1
47953,0
47954,0
47955,0
47956,0
47957,0
47958,1
47959,1
47960,1
47961,0
47962,2
47963,2
47964,1
47965,1
47966,0
47967,0
47968,2
47969,1
47970,0
47971,1
47972,1
47973,3
47974,1
47975,2
47976,1
47977,0
47978,0
47979,0
47980,0
47981,1
47982,3
47983,0
47984,2
47985,0
47986,1
47987,0
47988,0
47989,0
47990,1
47991,0
47992,0
47993,1
47994,1
47995,2
47996,0
47997,2
47998,1
47999,6
48000,0
48001,0
48002,0
48003,3
48004,0
48005,1
48006,3
48007,1
48008,2
48009,0
48010,2
48011,1
48012,1
48013,3
48014,2
48015,0
48016,0
48017,0
48018,0
48019,1
48020,0
48021,1
48022,2
48023,0
48024,1
48025,1
48026,1
48027,1
48028,3
48029,0
48030,1
48031,2
48032,2
48033,1
48034,1
48035,1
48036,1
48037,1
48038,0
48039,0
48040,1
48041,1
48042,1
48043,0
48044,0
48045,1
48046,0
48047,0
48048,0
48049,0
48050,0
48051,0
48052,3
48053,3
48054,2
48055,1
48056,0
48057,0
48058,1
48059,0
48060,4
48061,0
48062,0
48063,0
48064,1
48065,3
48066,0
48067,1
48068,0
48069,0
48070,2
48071,0
48072,1
48073,0
48074,2
48075,0
48076,1
48077,0
48078,2
48079,1
48080,1
48081,0
48082,2
48083,1
48084,0
48085,2
48086,0
48087,1
48088,1
48089,1
48090,0
48091,0
48092,1
48093,1
48094,1
48095,0
48096,1
48097,0
48098,2
48099,0
48100,0
48101,2
48102,0
48103,0
48104,0
48105,1
48106,0
48107,0
48108,1
48109,2
48110,1
48111,2
48112,3
48113,2
48114,3
48115,0
48116,3
48117,0
48118,4
48119,0
48120,0
48121,1
48122,0
48123,0
48124,2
48125,0
48126,0
48127,0
48128,0
48129,1
48130,1
48131,1
48132,0
48133,1
48134,3
48135,2
48136,0
48137,0
48138,0
48139,2
48140,0
48141,3
48142,1
48143,0
48144,0
48145,1
48146,1
48147,0
48148,2
48149,0
48150,0
48151,1
48152,3
48153,0
48154,0
48155,1
48156,1
48157,1
48158,0
48159,1
48160,2
48161,3
48162,1
48163,0
48164,1
48165,1
48166,0
48167,8
48168,1
48169,1
48170,1
48171,1
48172,3
48173,1
48174,0
48175,0
48176,3
48177,1
48178,1
48179,3
48180,2
48181,0
48182,4
48183,2
48184,0
48185,0
48186,2
48187,0
48188,1
48189,1
48190,0
48191,2
48192,0
48193,1
48194,0
48195,0
48196,1
48197,2
48198,0
48199,1
48200,3
48201,0
48202,1
48203,0
48204,1
48205,0
48206,1
48207,1
48208,2
48209,0
48210,2
48211,2
48212,1
48213,2
48214,1
48215,0
48216,1
48217,0
48218,0
48219,0
48220,1
48221,0
48222,1
48223,1
48224,0
48225,0
48226,0
48227,0
48228,3
48229,0
48230,0
48231,0
48232,1
48233,0
48234,3
48235,1
48236,1
48237,0
48238,0
48239,0
48240,0
48241,0
48242,0
48243,1
48244,1
48245,1
48246,1
48247,1
48248,1
48249,0
48250,1
48251,0
48252,1
48253,1
48254,1
48255,0
48256,1
48257,1
48258,0
48259,0
48260,0
48261,0
48262,0
48263,4
48264,1
48265,0
48266,2
48267,0
48268,1
48269,0
48270,1
48271,0
48272,2
48273,0
48274,1
48275,0
48276,0
48277,0
48278,4
48279,2
48280,0
48281,2
48282,1
48283,7
48284,2
48285,1
48286,2
48287,5
48288,4
48289,1
48290,4
48291,1
48292,0
48293,1
48294,1
48295,0
48296,0
48297,0
48298,2
48299,1
48300,2
48301,2
48302,4
48303,1
48304,2
48305,0
48306,1
48307,0
48308,1
48309,0
48310,0
48311,1
48312,0
48313,0
48314,0
48315,1
48316,0
48317,1
48318,2
48319,1
48320,0
48321,0
48322,4
48323,1
48324,1
48325,0
48326,0
48327,1
48328,3
48329,0
48330,0
48331,0
48332,3
48333,0
48334,3
48335,0
48336,0
48337,0
48338,2
48339,3
48340,1
48341,0
48342,2
48343,0
48344,0
48345,4
48346,1
48347,4
48348,1
48349,1
48350,1
48351,0
48352,2
48353,1
48354,0
48355,0
48356,0
48357,1
48358,0
48359,0
48360,0
48361,1
48362,1
48363,4
48364,2
48365,4
48366,0
48367,1
48368,2
48369,1
48370,1
48371,2
48372,0
48373,8
48374,5
48375,1
48376,4
48377,2
48378,1
48379,2
48380,1
48381,3
48382,1
48383,4
48384,2
48385,3
48386,3
48387,1
48388,4
48389,2
48390,3
48391,0
48392,1
48393,1
48394,0
48395,1
48396,1
48397,1
48398,3
48399,2
48400,1
48401,2
48402,1
48403,1
48404,0
48405,0
48406,2
48407,1
48408,2
48409,3
48410,2
48411,0
48412,0
48413,1
48414,0
48415,1
48416,0
48417,2
48418,3
48419,2
48420,4
48421,1
48422,1
48423,0
48424,1
48425,2
48426,2
48427,0
48428,0
48429,0
48430,2
48431,2
48432,1
48433,0
48434,1
48435,1
48436,1
48437,1
48438,0
48439,0
48440,0
48441,1
48442,1
48443,2
48444,3
48445,0
48446,1
48447,3
48448,0
48449,0
48450,1
48451,0
48452,4
48453,2
48454,0
48455,2
48456,0
48457,2
48458,3
48459,1
48460,1
48461,0
48462,1
48463,3
48464,0
48465,0
48466,4
48467,3
48468,5
48469,0
48470,2
48471,1
48472,3
48473,0
48474,5
48475,4
48476,5
48477,2
48478,1
48479,3
48480,1
48481,1
48482,1
48483,0
48484,3
48485,0
48486,2
48487,0
48488,0
48489,1
48490,0
48491,4
48492,1
48493,1
48494,0
48495,1
48496,3
48497,1
48498,2
48499,2
48500,1
48501,0
48502,0
48503,0
48504,0
48505,0
48506,0
48507,1
48508,0
48509,0
48510,4
48511,0
48512,1
48513,4
48514,2
48515,0
48516,0
48517,2
48518,0
48519,0
48520,1
48521,2
48522,1
48523,3
48524,1
48525,0
48526,0
48527,3
48528,1
48529,0
48530,1
48531,0
48532,1
48533,1
48534,1
48535,2
48536,1
48537,0
48538,0
48539,0
48540,2
48541,1
48542,0
48543,0
48544,1
48545,0
48546,2
48547,1
48548,1
48549,3
48550,1
48551,0
48552,4
48553,0
48554,1
48555,0
48556,0
48557,1
48558,1
48559,2
48560,0
48561,2
48562,3
48563,0
48564,2
48565,2
48566,3
48567,0
48568,0
48569,1
48570,2
48571,1
48572,1
48573,0
48574,1
48575,1
48576,1
48577,3
48578,1
48579,2
48580,1
48581,0
48582,0
48583,4
48584,3
48585,0
48586,2
48587,0
48588,2
48589,1
48590,0
48591,0
48592,0
48593,2
48594,0
48595,2
48596,0
48597,1
48598,1
48599,2
48600,4
48601,3
48602,1
48603,2
48604,0
48605,0
48606,1
48607,2
48608,1
48609,0
48610,1
48611,0
48612,0
48613,0
48614,0
48615,2
48616,0
48617,1
48618,0
48619,3
48620,1
48621,1
48622,1
48623,3
48624,1
48625,1
48626,2
48627,1
48628,3
48629,0
48630,0
48631,0
48632,1
48633,1
48634,0
48635,1
48636,1
48637,2
48638,2
48639,2
48640,0
48641,1
48642,0
48643,1
48644,0
48645,1
48646,0
48647,1
48648,0
48649,0
48650,0
48651,0
48652,0
48653,1
48654,0
48655,0
48656,1
48657,1
48658,0
48659,0
48660,0
48661,1
48662,1
48663,0
48664,1
48665,0
48666,0
48667,0
48668,0
48669,0
48670,2
48671,0
48672,1
48673,0
48674,1
48675,2
48676,0
48677,1
48678,0
48679,0
48680,0
48681,2
48682,0
48683,0
48684,0
48685,1
48686,0
48687,0
48688,1
48689,0
48690,0
48691,0
48692,0
48693,1
48694,1
48695,0
48696,2
48697,0
48698,3
48699,1
48700,0
48701,0
48702,2
48703,0
48704,1
48705,0
48706,0
48707,0
48708,0
48709,1
48710,1
48711,0
48712,1
48713,2
48714,1
48715,1
48716,4
48717,2
48718,0
48719,1
48720,1
48721,0
48722,0
48723,0
48724,0
48725,1
48726,0
48727,0
48728,2
48729,0
48730,1
48731,0
48732,0
48733,0
48734,0
48735,3
48736,1
48737,0
48738,2
48739,1
48740,1
48741,1
48742,1
48743,2
48744,0
48745,2
48746,3
48747,1
48748,0
48749,0
48750,1
48751,2
48752,2
48753,0
48754,0
48755,0
48756,0
48757,1
48758,0
48759,1
48760,0
48761,1
48762,1
48763,2
48764,1
48765,4
48766,5
48767,1
48768,1
48769,0
48770,1
48771,0
48772,2
48773,2
48774,2
48775,0
48776,1
48777,1
48778,2
48779,1
48780,1
48781,3
48782,0
48783,1
48784,0
48785,1
48786,0
48787,2
48788,0
48789,0
48790,0
48791,0
48792,0
48793,0
48794,0
48795,2
48796,1
48797,0
48798,0
48799,1
48800,1
48801,2
48802,0
48803,0
48804,0
48805,0
48806,2
48807,0
48808,0
48809,0
48810,1
48811,1
48812,1
48813,0
48814,3
48815,1
48816,2
48817,1
48818,1
48819,1
48820,2
48821,1
48822,2
48823,0
48824,2
48825,0
48826,0
48827,2
48828,2
48829,1
48830,0
48831,0
48832,1
48833,0
48834,0
48835,1
48836,1
48837,0
48838,0
48839,0
48840,0
48841,2
48842,0
48843,2
48844,3
48845,1
48846,1
48847,0
48848,0
48849,2
48850,1
48851,0
48852,0
48853,0
48854,1
48855,2
48856,1
48857,1
48858,0
48859,2
48860,6
48861,3
48862,0
48863,1
48864,2
48865,2
48866,1
48867,0
48868,0
48869,1
48870,3
48871,1
48872,5
48873,0
48874,1
48875,2
48876,0
48877,2
48878,0
48879,4
48880,0
48881,0
48882,2
48883,3
48884,0
48885,2
48886,1
48887,2
48888,0
48889,0
48890,0
48891,0
48892,1
48893,1
48894,1
48895,0
48896,0
48897,1
48898,1
48899,0
48900,1
48901,1
48902,1
48903,3
48904,2
48905,0
48906,1
48907,1
48908,1
48909,0
48910,1
48911,3
48912,0
48913,0
48914,1
48915,0
48916,0
48917,1
48918,1
48919,0
48920,2
48921,3
48922,2
48923,1
48924,1
48925,2
48926,2
48927,0
48928,1
48929,0
48930,1
48931,0
48932,0
48933,1
48934,1
48935,2
48936,0
48937,1
48938,1
48939,0
48940,0
48941,0
48942,0
48943,1
48944,0
48945,2
48946,6
48947,1
48948,1
48949,1
48950,0
48951,1
48952,0
48953,0
48954,0
48955,1
48956,0
48957,0
48958,1
48959,2
48960,0
48961,0
48962,3
48963,1
48964,1
48965,2
48966,0
48967,1
48968,1
48969,1
48970,1
48971,2
48972,0
48973,0
48974,0
48975,0
48976,0
48977,0
48978,0
48979,0
48980,0
48981,1
48982,0
48983,0
48984,0
48985,0
48986,0
48987,2
48988,0
48989,2
48990,0
48991,2
48992,2
48993,2
48994,0
48995,0
48996,1
48997,1
48998,1
48999,0
49000,0
49001,1
49002,0
49003,0
49004,0
49005,0
49006,1
49007,0
49008,1
49009,0
49010,0
49011,1
49012,0
49013,1
49014,1
49015,0
49016,0
49017,0
49018,0
49019,1
49020,0
49021,1
49022,2
49023,1
49024,0
49025,0
49026,1
49027,0
49028,1
49029,0
49030,1
49031,1
49032,0
49033,0
49034,0
49035,0
49036,0
49037,0
49038,0
49039,2
49040,0
49041,2
49042,0
49043,0
49044,1
49045,1
49046,1
49047,0
49048,0
49049,1
49050,1
49051,1
49052,0
49053,1
49054,3
49055,1
49056,2
49057,2
49058,1
49059,0
49060,0
49061,0
49062,1
49063,1
49064,0
49065,0
49066,0
49067,1
49068,0
49069,1
49070,0
49071,1
49072,1
49073,0
49074,1
49075,0
49076,3
49077,0
49078,2
49079,1
49080,1
49081,0
49082,0
49083,0
49084,0
49085,0
49086,0
49087,0
49088,0
49089,1
49090,1
49091,1
49092,0
49093,0
49094,0
49095,0
49096,0
49097,1
49098,0
49099,0
49100,0
49101,0
49102,0
49103,0
49104,0
49105,0
49106,0
49107,0
49108,1
49109,1
49110,1
49111,1
49112,0
49113,1
49114,0
49115,1
49116,1
49117,0
49118,1
49119,0
49120,3
49121,0
49122,16
49123,1
49124,1
49125,2
49126,0
49127,1
49128,0
49129,1
49130,1
49131,0
49132,0
49133,1
49134,0
49135,0
49136,1
49137,0
49138,1
49139,0
49140,1
49141,1
49142,0
49143,4
49144,0
49145,4
49146,4
49147,0
49148,1
49149,1
49150,3
49151,1
49152,3
49153,1
49154,0
49155,1
49156,0
49157,0
49158,2
49159,0
49160,1
49161,0
49162,1
49163,0
49164,3
49165,5
49166,0
49167,0
49168,0
49169,0
49170,1
49171,0
49172,2
49173,2
49174,1
49175,0
49176,1
49177,5
49178,0
49179,0
49180,0
49181,0
49182,0
49183,1
49184,1
49185,1
49186,1
49187,0
49188,1
49189,0
49190,2
49191,1
49192,1
49193,0
49194,3
49195,4
49196,1
49197,0
49198,0
49199,3
49200,1
49201,1
49202,0
49203,1
49204,2
49205,5
49206,0
49207,0
49208,0
49209,0
49210,2
49211,0
49212,1
49213,1
49214,0
49215,1
49216,3
49217,0
49218,0
49219,1
49220,0
49221,3
49222,0
49223,0
49224,0
49225,0
49226,0
49227,0
49228,1
49229,0
49230,1
49231,0
49232,0
49233,1
49234,0
49235,2
49236,1
49237,1
49238,0
49239,1
49240,1
49241,4
49242,0
49243,0
49244,3
49245,2
49246,2
49247,0
49248,2
49249,1
49250,2
49251,0
49252,2
49253,1
49254,6
49255,2
49256,0
49257,0
49258,0
49259,0
49260,2
49261,0
49262,0
49263,1
49264,0
49265,0
49266,0
49267,0
49268,0
49269,0
49270,1
49271,0
49272,4
49273,1
49274,4
49275,5
49276,1
49277,0
49278,0
49279,1
49280,5
49281,2
49282,0
49283,2
49284,5
49285,1
49286,1
49287,0
49288,2
49289,0
49290,2
49291,1
49292,0
49293,1
49294,0
49295,1
49296,3
49297,1
49298,9
49299,1
49300,0
49301,2
49302,1
49303,1
49304,1
49305,5
49306,0
49307,0
49308,2
49309,0
49310,2
49311,1
49312,0
49313,1
49314,1
49315,0
49316,1
49317,2
49318,0
49319,2
49320,0
49321,0
49322,1
49323,0
49324,0
49325,2
49326,1
49327,0
49328,0
49329,3
49330,2
49331,2
49332,0
49333,0
49334,4
49335,0
49336,4
49337,1
49338,0
49339,2
49340,1
49341,0
49342,0
49343,2
49344,0
49345,1
49346,0
49347,1
49348,1
49349,1
49350,0
49351,1
49352,0
49353,2
49354,3
49355,0
49356,0
49357,1
49358,2
49359,0
49360,0
49361,0
49362,1
49363,1
49364,0
49365,1
49366,0
49367,1
49368,0
49369,2
49370,0
49371,1
49372,3
49373,1
49374,1
49375,0
49376,3
49377,0
49378,0
49379,1
49380,1
49381,0
49382,1
49383,1
49384,4
49385,1
49386,1
49387,0
49388,0
49389,2
49390,0
49391,0
49392,2
49393,1
49394,1
49395,2
49396,0
49397,0
49398,2
49399,0
49400,1
49401,1
49402,0
49403,3
49404,2
49405,1
49406,0
49407,0
49408,2
49409,2
49410,2
49411,1
49412,0
49413,0
49414,0
49415,1
49416,0
49417,1
49418,0
49419,1
49420,1
49421,1
49422,0
49423,1
49424,0
49425,0
49426,2
49427,1
49428,0
49429,0
49430,2
49431,3
49432,1
49433,0
49434,2
49435,0
49436,0
49437,0
49438,1
49439,0
49440,0
49441,1
49442,0
49443,0
49444,0
49445,0
49446,0
49447,0
49448,1
49449,1
49450,0
49451,0
49452,0
49453,1
49454,0
49455,0
49456,0
49457,1
49458,0
49459,2
49460,1
49461,2
49462,4
49463,1
49464,0
49465,0
49466,0
49467,0
49468,4
49469,0
49470,1
49471,0
49472,3
49473,0
49474,3
49475,0
49476,2
49477,0
49478,0
49479,1
49480,2
49481,0
49482,1
49483,4
49484,0
49485,1
49486,0
49487,2
49488,1
49489,0
49490,1
49491,1
49492,0
49493,1
49494,1
49495,1
49496,1
49497,1
49498,0
49499,1
49500,0
49501,2
49502,1
49503,0
49504,1
49505,0
49506,4
49507,2
49508,1
49509,0
49510,0
49511,1
49512,0
49513,0
49514,0
49515,2
49516,2
49517,0
49518,0
49519,0
49520,1
49521,1
49522,0
49523,0
49524,0
49525,1
49526,0
49527,0
49528,4
49529,0
49530,1
49531,0
49532,3
49533,0
49534,1
49535,0
49536,0
49537,1
49538,1
49539,1
49540,0
49541,0
49542,2
49543,2
49544,4
49545,1
49546,1
49547,0
49548,1
49549,1
49550,2
49551,0
49552,1
49553,1
49554,0
49555,0
49556,0
49557,6
49558,0
49559,0
49560,1
49561,1
49562,0
49563,0
49564,1
49565,1
49566,1
49567,1
49568,0
49569,0
49570,3
49571,1
49572,0
49573,2
49574,1
49575,1
49576,1
49577,1
49578,0
49579,0
49580,0
49581,0
49582,0
49583,0
49584,2
49585,0
49586,1
49587,2
49588,0
49589,0
49590,0
49591,2
49592,1
49593,1
49594,1
49595,1
49596,0
49597,2
49598,3
49599,1
49600,0
49601,0
49602,0
49603,1
49604,0
49605,2
49606,0
49607,1
49608,0
49609,0
49610,1
49611,5
49612,1
49613,0
49614,1
49615,0
49616,2
49617,0
49618,0
49619,1
49620,0
49621,1
49622,3
49623,0
49624,0
49625,1
49626,0
49627,0
49628,1
49629,7
49630,3
49631,5
49632,4
49633,2
49634,3
49635,3
49636,2
49637,3
49638,2
49639,4
49640,1
49641,1
49642,2
49643,0
49644,0
49645,0
49646,0
49647,1
49648,0
49649,0
49650,2
49651,2
49652,0
49653,4
49654,0
49655,1
49656,0
49657,5
49658,1
49659,0
49660,0
49661,1
49662,0
49663,0
49664,0
49665,1
49666,1
49667,0
49668,1
49669,0
49670,2
49671,0
49672,1
49673,0
49674,0
49675,2
49676,0
49677,1
49678,1
49679,1
49680,0
49681,1
49682,1
49683,0
49684,1
49685,1
49686,1
49687,0
49688,0
49689,2
49690,0
49691,0
49692,0
49693,1
49694,0
49695,0
49696,0
49697,0
49698,0
49699,0
49700,0
49701,0
49702,0
49703,0
49704,0
49705,0
49706,0
49707,1
49708,0
49709,4
49710,0
49711,0
49712,2
49713,1
49714,1
49715,0
49716,3
49717,0
49718,3
49719,0
49720,1
49721,0
49722,1
49723,1
49724,1
49725,0
49726,1
49727,1
49728,1
49729,0
49730,0
49731,0
49732,0
49733,2
49734,1
49735,2
49736,1
49737,1
49738,1
49739,1
49740,1
49741,0
49742,1
49743,1
49744,0
49745,3
49746,0
49747,0
49748,1
49749,0
49750,1
49751,1
49752,1
49753,2
49754,0
49755,1
49756,1
49757,0
49758,1
49759,1
49760,1
49761,2
49762,1
49763,1
49764,0
49765,0
49766,1
49767,0
49768,0
49769,0
49770,0
49771,1
49772,0
49773,1
49774,0
49775,0
49776,0
49777,0
49778,1
49779,0
49780,0
49781,0
49782,1
49783,1
49784,1
49785,0
49786,0
49787,0
49788,2
49789,2
49790,1
49791,2
49792,0
49793,1
49794,2
49795,1
49796,0
49797,0
49798,1
49799,0
49800,0
49801,1
49802,1
49803,0
49804,0
49805,0
49806,2
49807,1
49808,0
49809,1
49810,0
49811,1
49812,1
49813,0
49814,1
49815,0
49816,1
49817,1
49818,0
49819,0
49820,3
49821,0
49822,0
49823,1
49824,1
49825,0
49826,1
49827,0
49828,1
49829,0
49830,2
49831,0
49832,0
49833,0
49834,0
49835,0
49836,0
49837,0
49838,0
49839,0
49840,1
49841,0
49842,1
49843,1
49844,0
49845,0
49846,0
49847,0
49848,0
49849,0
49850,0
49851,0
49852,1
49853,1
49854,0
49855,0
49856,1
49857,0
49858,0
49859,0
49860,0
49861,0
49862,0
49863,1
49864,0
49865,0
49866,0
49867,0
49868,0
49869,2
49870,1
49871,1
49872,2
49873,1
49874,1
49875,2
49876,0
49877,0
49878,1
49879,1
49880,0
49881,1
49882,5
49883,1
49884,0
49885,1
49886,0
49887,1
49888,1
49889,1
49890,1
49891,0
49892,3
49893,0
49894,2
49895,1
49896,4
49897,1
49898,2
49899,1
49900,2
49901,1
49902,0
49903,0
49904,0
49905,0
49906,0
49907,1
49908,0
49909,0
49910,0
49911,1
49912,1
49913,1
49914,0
49915,1
49916,0
49917,0
49918,1
49919,1
49920,0
49921,0
49922,1
49923,0
49924,3
49925,1
49926,4
49927,2
49928,3
49929,0
49930,0
49931,1
49932,1
49933,0
49934,0
49935,2
49936,1
49937,0
49938,3
49939,0
49940,0
49941,2
49942,0
49943,0
49944,0
49945,0
49946,0
49947,0
49948,1
49949,1
49950,0
49951,0
49952,0
49953,0
49954,2
49955,0
49956,1
49957,2
49958,0
49959,0
49960,0
49961,2
49962,1
49963,1
49964,0
49965,1
49966,0
49967,0
49968,2
49969,0
49970,0
49971,1
49972,1
49973,0
49974,1
49975,2
49976,3
49977,1
49978,0
49979,0
49980,0
49981,0
49982,0
49983,1
49984,1
49985,0
49986,0
49987,0
49988,7
49989,10
49990,0
49991,0
49992,1
49993,0
49994,1
49995,0
49996,1
49997,2
49998,3
49999,0
50000,1
50001,0
50002,0
50003,1
50004,0
50005,0
50006,3
50007,1
50008,2
50009,4
50010,1
50011,2
50012,6
50013,1
50014,0
50015,1
50016,0
50017,0
50018,1
50019,1
50020,1
50021,0
50022,1
50023,2
50024,0
50025,0
50026,2
50027,1
50028,2
50029,2
50030,1
50031,0
50032,1
50033,1
50034,1
50035,4
50036,1
50037,0
50038,0
50039,1
50040,1
50041,1
50042,1
50043,0
50044,3
50045,1
50046,0
50047,1
50048,0
50049,0
50050,0
50051,1
50052,0
50053,3
50054,0
50055,1
50056,1
50057,0
50058,2
50059,1
50060,0
50061,0
50062,0
50063,1
50064,0
50065,1
50066,0
50067,0
50068,0
50069,1
50070,0
50071,1
50072,2
50073,1
50074,0
50075,0
50076,1
50077,0
50078,0
50079,3
50080,1
50081,1
50082,3
50083,0
50084,0
50085,2
50086,1
50087,0
50088,2
50089,0
50090,1
50091,1
50092,0
50093,5
50094,4
50095,2
50096,0
50097,2
50098,1
50099,0
50100,2
50101,5
50102,0
50103,0
50104,0
50105,0
50106,0
50107,1
50108,2
50109,1
50110,2
50111,2
50112,1
50113,0
50114,0
50115,3
50116,1
50117,0
50118,2
50119,0
50120,0
50121,1
50122,1
50123,1
50124,0
50125,1
50126,2
50127,0
50128,2
50129,1
50130,1
50131,4
50132,2
50133,1
50134,0
50135,0
50136,1
50137,0
50138,2
50139,0
50140,1
50141,1
50142,2
50143,0
50144,1
50145,3
50146,1
50147,2
50148,0
50149,1
50150,0
50151,1
50152,0
50153,2
50154,0
50155,1
50156,1
50157,1
50158,2
50159,0
50160,1
50161,3
50162,3
50163,0
50164,2
50165,0
50166,0
50167,0
50168,0
50169,0
50170,1
50171,1
50172,0
50173,0
50174,0
50175,2
50176,1
50177,1
50178,1
50179,0
50180,1
50181,0
50182,0
50183,1
50184,1
50185,1
50186,0
50187,1
50188,1
50189,1
50190,3
50191,1
50192,1
50193,0
50194,1
50195,0
50196,1
50197,0
50198,1
50199,0
50200,3
50201,0
50202,0
50203,0
50204,1
50205,1
50206,2
50207,1
50208,0
50209,1
50210,1
50211,1
50212,0
50213,2
50214,1
50215,0
50216,1
50217,1
50218,0
50219,0
50220,0
50221,0
50222,1
50223,2
50224,0
50225,1
50226,1
50227,0
50228,1
50229,0
50230,1
50231,0
50232,1
50233,1
50234,1
50235,2
50236,1
50237,2
50238,1
50239,2
50240,0
50241,1
50242,0
50243,1
50244,1
50245,1
50246,1
50247,1
50248,1
50249,1
50250,0
50251,3
50252,0
50253,0
50254,2
50255,1
50256,1
50257,1
50258,1
50259,0
50260,2
50261,2
50262,1
50263,2
50264,1
50265,0
50266,1
50267,1
50268,0
50269,1
50270,2
50271,0
50272,0
50273,2
50274,0
50275,0
50276,1
50277,0
50278,2
50279,2
50280,0
50281,1
50282,3
50283,0
50284,1
50285,0
50286,1
50287,0
50288,0
50289,4
50290,0
50291,2
50292,0
50293,1
50294,0
50295,1
50296,0
50297,0
50298,1
50299,0
50300,1
50301,1
50302,0
50303,0
50304,2
50305,1
50306,1
50307,3
50308,2
50309,1
50310,0
50311,5
50312,0
50313,1
50314,0
50315,3
50316,2
50317,3
50318,1
50319,2
50320,1
50321,3
50322,3
50323,3
50324,4
50325,0
50326,0
50327,2
50328,0
50329,0
50330,0
50331,0
50332,0
50333,0
50334,1
50335,1
50336,1
50337,0
50338,0
50339,0
50340,1
50341,2
50342,0
50343,2
50344,0
50345,0
50346,1
50347,3
50348,0
50349,2
50350,0
50351,1
50352,1
50353,2
50354,0
50355,0
50356,3
50357,1
50358,1
50359,2
50360,0
50361,12
50362,6
50363,0
50364,2
50365,0
50366,2
50367,3
50368,2
50369,3
50370,6
50371,9
50372,2
50373,0
50374,0
50375,0
50376,0
50377,1
50378,3
50379,1
50380,1
50381,2
50382,2
50383,1
50384,1
50385,0
50386,2
50387,0
50388,1
50389,8
50390,1
50391,2
50392,0
50393,2
50394,0
50395,1
50396,3
50397,1
50398,1
50399,1
50400,0
50401,1
50402,0
50403,2
50404,1
50405,0
50406,0
50407,1
50408,2
50409,1
50410,2
50411,1
50412,0
50413,2
50414,0
50415,3
50416,0
50417,0
50418,0
50419,2
50420,1
50421,1
50422,0
50423,0
50424,0
50425,0
50426,2
50427,0
50428,1
50429,1
50430,4
50431,1
50432,0
50433,0
50434,2
50435,1
50436,1
50437,1
50438,3
50439,0
50440,3
50441,1
50442,0
50443,0
50444,3
50445,0
50446,0
50447,2
50448,5
50449,1
50450,3
50451,0
50452,0
50453,0
50454,2
50455,0
50456,1
50457,2
50458,0
50459,1
50460,0
50461,0
50462,0
50463,1
50464,0
50465,2
50466,0
50467,2
50468,0
50469,1
50470,0
50471,3
50472,0
50473,0
50474,1
50475,1
50476,0
50477,1
50478,2
50479,0
50480,1
50481,0
50482,1
50483,2
50484,1
50485,0
50486,0
50487,2
50488,2
50489,2
50490,0
50491,2
50492,1
50493,0
50494,1
50495,1
50496,2
50497,0
50498,0
50499,2
50500,1
50501,1
50502,1
50503,1
50504,0
50505,2
50506,0
50507,1
50508,1
50509,1
50510,0
50511,2
50512,1
50513,0
50514,1
50515,0
50516,0
50517,0
50518,0
50519,0
50520,2
50521,0
50522,0
50523,2
50524,3
50525,0
50526,1
50527,1
50528,1
50529,1
50530,2
50531,0
50532,1
50533,0
50534,1
50535,0
50536,0
50537,0
50538,1
50539,0
50540,3
50541,2
50542,0
50543,1
50544,1
50545,0
50546,3
50547,0
50548,1
50549,0
50550,0
50551,1
50552,0
50553,1
50554,2
50555,2
50556,1
50557,1
50558,0
50559,1
50560,0
50561,1
50562,1
50563,1
50564,0
50565,1
50566,0
50567,2
50568,0
50569,1
50570,0
50571,0
50572,0
50573,2
50574,1
50575,1
50576,0
50577,1
50578,0
50579,1
50580,0
50581,1
50582,1
50583,1
50584,1
50585,0
50586,0
50587,1
50588,3
50589,0
50590,1
50591,0
50592,0
50593,1
50594,2
50595,2
50596,0
50597,1
50598,0
50599,2
50600,1
50601,2
50602,0
50603,1
50604,1
50605,0
50606,1
50607,0
50608,0
50609,0
50610,0
50611,2
50612,1
50613,0
50614,1
50615,1
50616,1
50617,2
50618,4
50619,0
50620,0
50621,2
50622,1
50623,0
50624,1
50625,1
50626,0
50627,1
50628,1
50629,0
50630,0
50631,0
50632,0
50633,0
50634,0
50635,2
50636,2
50637,1
50638,0
50639,2
50640,2
50641,0
50642,1
50643,1
50644,0
50645,0
50646,0
50647,1
50648,1
50649,0
50650,1
50651,0
50652,2
50653,0
50654,0
50655,1
50656,1
50657,2
50658,1
50659,1
50660,0
50661,0
50662,3
50663,3
50664,0
50665,1
50666,0
50667,0
50668,0
50669,1
50670,0
50671,1
50672,0
50673,0
50674,0
50675,0
50676,3
50677,2
50678,1
50679,1
50680,1
50681,1
50682,0
50683,1
50684,0
50685,0
50686,3
50687,0
50688,0
50689,0
50690,1
50691,0
50692,0
50693,6
50694,0
50695,2
50696,2
50697,1
50698,1
50699,3
50700,2
50701,3
50702,5
50703,5
50704,2
50705,3
50706,2
50707,1
50708,1
50709,0
50710,1
50711,1
50712,1
50713,1
50714,1
50715,2
50716,7
50717,2
50718,2
50719,0
50720,0
50721,1
50722,1
50723,1
50724,0
50725,7
50726,3
50727,1
50728,0
50729,0
50730,0
50731,0
50732,0
50733,0
50734,1
50735,0
50736,0
50737,0
50738,0
50739,1
50740,0
50741,2
50742,2
50743,0
50744,0
50745,0
50746,1
50747,1
50748,1
50749,0
50750,0
50751,1
50752,0
50753,0
50754,0
50755,2
50756,1
50757,0
50758,1
50759,1
50760,0
50761,0
50762,0
50763,0
50764,0
50765,0
50766,2
50767,0
50768,0
50769,2
50770,2
50771,0
50772,1
50773,1
50774,1
50775,2
50776,0
50777,3
50778,0
50779,1
50780,1
50781,0
50782,0
50783,0
50784,0
50785,0
50786,0
50787,0
50788,0
50789,2
50790,0
50791,0
50792,1
50793,1
50794,1
50795,0
50796,2
50797,1
50798,0
50799,0
50800,0
50801,0
50802,0
50803,0
50804,0
50805,0
50806,1
50807,0
50808,2
50809,1
50810,0
50811,0
50812,3
50813,5
50814,1
50815,0
50816,1
50817,1
50818,1
50819,1
50820,2
50821,1
50822,0
50823,0
50824,1
50825,0
50826,0
50827,0
50828,0
50829,0
50830,1
50831,1
50832,0
50833,1
50834,0
50835,4
50836,1
50837,2
50838,1
50839,0
50840,0
50841,0
50842,0
50843,0
50844,0
50845,1
50846,0
50847,1
50848,2
50849,0
50850,0
50851,2
50852,0
50853,0
50854,0
50855,2
50856,2
50857,3
50858,0
50859,1
50860,2
50861,0
50862,0
50863,0
50864,0
50865,1
50866,1
50867,2
50868,1
50869,0
50870,1
50871,0
50872,1
50873,0
50874,0
50875,3
50876,0
50877,0
50878,15
50879,0
50880,2
50881,0
50882,0
50883,1
50884,1
50885,1
50886,2
50887,0
50888,0
50889,0
50890,0
50891,1
50892,1
50893,0
50894,0
50895,1
50896,0
50897,1
50898,0
50899,0
50900,0
50901,0
50902,0
50903,0
50904,0
50905,0
50906,1
50907,2
50908,0
50909,2
50910,0
50911,0
50912,4
50913,2
50914,0
50915,1
50916,0
50917,0
50918,1
50919,0
50920,2
50921,0
50922,0
50923,0
50924,3
50925,0
50926,0
50927,0
50928,1
50929,1
50930,1
50931,1
50932,0
50933,2
50934,1
50935,2
50936,0
50937,0
50938,2
50939,0
50940,1
50941,0
50942,0
50943,0
50944,2
50945,1
50946,5
50947,0
50948,1
50949,0
50950,1
50951,1
50952,0
50953,0
50954,1
50955,0
50956,0
50957,1
50958,1
50959,2
50960,1
50961,2
50962,1
50963,0
50964,0
50965,0
50966,0
50967,0
50968,0
50969,1
50970,0
50971,2
50972,1
50973,0
50974,1
50975,2
50976,0
50977,1
50978,0
50979,1
50980,0
50981,0
50982,0
50983,0
50984,0
50985,0
50986,0
50987,0
50988,2
50989,0
50990,1
50991,3
50992,2
50993,1
50994,0
50995,0
50996,2
50997,0
50998,0
50999,0
51000,1
51001,0
51002,1
51003,1
51004,0
51005,0
51006,0
51007,1
51008,0
51009,0
51010,1
51011,1
51012,0
51013,1
51014,2
51015,1
51016,0
51017,2
51018,1
51019,1
51020,1
51021,1
51022,0
51023,1
51024,0
51025,1
51026,0
51027,1
51028,0
51029,0
51030,1
51031,1
51032,0
51033,0
51034,0
51035,3
51036,1
51037,2
51038,0
51039,0
51040,0
51041,1
51042,0
51043,0
51044,0
51045,0
51046,2
51047,1
51048,0
51049,2
51050,2
51051,0
51052,0
51053,0
51054,1
51055,0
51056,0
51057,0
51058,0
51059,0
51060,0
51061,0
51062,2
51063,0
51064,0
51065,0
51066,2
51067,1
51068,2
51069,1
51070,0
51071,1
51072,2
51073,2
51074,0
51075,0
51076,0
51077,3
51078,2
51079,0
51080,0
51081,1
51082,2
51083,1
51084,0
51085,3
51086,1
51087,0
51088,1
51089,0
51090,0
51091,3
51092,0
51093,2
51094,1
51095,0
51096,6
51097,0
51098,2
51099,0
51100,0
51101,1
51102,0
51103,1
51104,1
51105,0
51106,0
51107,0
51108,0
51109,1
51110,0
51111,1
51112,0
51113,1
51114,0
51115,4
51116,2
51117,1
51118,8
51119,0
51120,0
51121,1
51122,1
51123,0
51124,0
51125,0
51126,4
51127,0
51128,2
51129,3
51130,0
51131,0
51132,2
51133,0
51134,2
51135,1
51136,1
51137,1
51138,2
51139,1
51140,5
51141,1
51142,1
51143,1
51144,0
51145,1
51146,0
51147,1
51148,0
51149,0
51150,0
51151,1
51152,1
51153,2
51154,0
51155,2
51156,0
51157,1
51158,0
51159,2
51160,1
51161,2
51162,0
51163,0
51164,1
51165,0
51166,0
51167,2
51168,0
51169,0
51170,0
51171,3
51172,0
51173,1
51174,0
51175,0
51176,2
51177,0
51178,0
51179,3
51180,1
51181,1
51182,0
51183,0
51184,0
51185,1
51186,0
51187,0
51188,0
51189,0
51190,1
51191,2
51192,0
51193,1
51194,0
51195,0
51196,1
51197,1
51198,1
51199,0
51200,2
51201,1
51202,0
51203,0
51204,0
51205,2
51206,3
51207,0
51208,1
51209,2
51210,0
51211,0
51212,0
51213,0
51214,2
51215,0
51216,0
51217,3
51218,1
51219,1
51220,2
51221,0
51222,0
51223,0
51224,1
51225,7
51226,1
51227,0
51228,1
51229,0
51230,0
51231,0
51232,0
51233,1
51234,0
51235,0
51236,1
51237,0
51238,1
51239,1
51240,1
51241,2
51242,0
51243,1
51244,0
51245,0
51246,1
51247,1
51248,1
51249,1
51250,1
51251,0
51252,3
51253,0
51254,1
51255,0
51256,1
51257,0
51258,0
51259,2
51260,0
51261,2
51262,5
51263,1
51264,2
51265,1
51266,0
51267,0
51268,1
51269,0
51270,0
51271,1
51272,3
51273,2
51274,1
51275,0
51276,1
51277,1
51278,2
51279,2
51280,0
51281,0
51282,1
51283,1
51284,0
51285,0
51286,0
51287,0
51288,1
51289,0
51290,0
51291,1
51292,1
51293,1
51294,1
51295,3
51296,0
51297,0
51298,2
51299,1
51300,0
51301,2
51302,0
51303,0
51304,0
51305,2
51306,0
51307,0
51308,0
51309,1
51310,0
51311,1
51312,1
51313,1
51314,1
51315,4
51316,0
51317,1
51318,0
51319,0
51320,0
51321,2
51322,1
51323,1
51324,0
51325,0
51326,0
51327,1
51328,0
51329,1
51330,0
51331,0
51332,3
51333,2
51334,0
51335,2
51336,0
51337,1
51338,2
51339,0
51340,1
51341,1
51342,0
51343,0
51344,0
51345,0
51346,0
51347,2
51348,1
51349,0
51350,2
51351,1
51352,1
51353,0
51354,0
51355,0
51356,0
51357,1
51358,1
51359,0
51360,0
51361,2
51362,1
51363,0
51364,1
51365,2
51366,1
51367,0
51368,3
51369,1
51370,1
51371,0
51372,2
51373,4
51374,0
51375,2
51376,1
51377,1
51378,2
51379,1
51380,0
51381,1
51382,1
51383,2
51384,1
51385,2
51386,2
51387,0
51388,2
51389,1
51390,0
51391,1
51392,0
51393,0
51394,1
51395,3
51396,0
51397,1
51398,2
51399,0
51400,0
51401,1
51402,1
51403,0
51404,0
51405,1
51406,3
51407,1
51408,0
51409,1
51410,1
51411,2
51412,1
51413,1
51414,1
51415,2
51416,1
51417,1
51418,0
51419,3
51420,1
51421,1
51422,0
51423,1
51424,0
51425,3
51426,1
51427,1
51428,0
51429,0
51430,0
51431,2
51432,0
51433,1
51434,0
51435,0
51436,1
51437,1
51438,0
51439,0
51440,0
51441,0
51442,0
51443,0
51444,0
51445,0
51446,0
51447,0
51448,0
51449,1
51450,0
51451,0
51452,0
51453,3
51454,0
51455,0
51456,1
51457,1
51458,1
51459,0
51460,1
51461,1
51462,1
51463,0
51464,0
51465,0
51466,1
51467,0
51468,0
51469,1
51470,1
51471,4
51472,1
51473,3
51474,3
51475,2
51476,1
51477,0
51478,2
51479,1
51480,0
51481,0
51482,2
51483,0
51484,1
51485,2
51486,0
51487,0
51488,0
51489,1
51490,1
51491,2
51492,2
51493,0
51494,1
51495,3
51496,2
51497,0
51498,0
51499,0
51500,4
51501,1
51502,2
51503,1
51504,0
51505,2
51506,0
51507,0
51508,0
51509,1
51510,1
51511,0
51512,0
51513,3
51514,2
51515,1
51516,0
51517,0
51518,0
51519,0
51520,1
51521,2
51522,0
51523,0
51524,1
51525,2
51526,5
51527,0
51528,1
51529,2
51530,0
51531,0
51532,1
51533,1
51534,1
51535,1
51536,0
51537,0
51538,0
51539,1
51540,1
51541,0
51542,0
51543,1
51544,0
51545,1
51546,1
51547,1
51548,0
51549,0
51550,0
51551,1
51552,0
51553,2
51554,0
51555,3
51556,0
51557,1
51558,1
51559,0
51560,0
51561,1
51562,0
51563,0
51564,3
51565,1
51566,2
51567,0
51568,1
51569,0
51570,0
51571,0
51572,3
51573,2
51574,2
51575,0
51576,0
51577,1
51578,0
51579,1
51580,0
51581,0
51582,0
51583,1
51584,0
51585,2
51586,0
51587,0
51588,0
51589,1
51590,0
51591,0
51592,0
51593,1
51594,1
51595,2
51596,0
51597,0
51598,0
51599,0
51600,0
51601,3
51602,2
51603,1
51604,1
51605,2
51606,1
51607,0
51608,0
51609,0
51610,2
51611,2
51612,0
51613,0
51614,0
51615,0
51616,1
51617,7
51618,0
51619,0
51620,0
51621,1
51622,1
51623,1
51624,2
51625,1
51626,0
51627,0
51628,0
51629,2
51630,1
51631,1
51632,3
51633,0
51634,1
51635,2
51636,2
51637,0
51638,2
51639,0
51640,2
51641,0
51642,0
51643,0
51644,0
51645,1
51646,1
51647,0
51648,2
51649,0
51650,1
51651,2
51652,1
51653,2
51654,1
51655,0
51656,0
51657,1
51658,2
51659,0
51660,0
51661,3
51662,3
51663,0
51664,3
51665,1
51666,4
51667,0
51668,2
51669,1
51670,2
51671,1
51672,2
51673,0
51674,1
51675,0
51676,0
51677,1
51678,1
51679,0
51680,0
51681,0
51682,0
51683,1
51684,5
51685,3
51686,1
51687,0
51688,0
51689,0
51690,1
51691,0
51692,1
51693,1
51694,0
51695,2
51696,1
51697,0
51698,2
51699,1
51700,0
51701,0
51702,0
51703,2
51704,0
51705,2
51706,2
51707,0
51708,1
51709,2
51710,5
51711,1
51712,1
51713,1
51714,1
51715,0
51716,0
51717,1
51718,0
51719,2
51720,0
51721,0
51722,3
51723,0
51724,1
51725,1
51726,0
51727,2
51728,0
51729,0
51730,0
51731,0
51732,0
51733,0
51734,1
51735,1
51736,1
51737,0
51738,0
51739,0
51740,0
51741,0
51742,1
51743,2
51744,0
51745,0
51746,1
51747,0
51748,0
51749,1
51750,0
51751,0
51752,2
51753,0
51754,1
51755,0
51756,0
51757,1
51758,2
51759,1
51760,0
51761,2
51762,0
51763,1
51764,0
51765,0
51766,1
51767,2
51768,0
51769,2
51770,1
51771,1
51772,0
51773,1
51774,0
51775,2
51776,0
51777,1
51778,0
51779,0
51780,0
51781,0
51782,0
51783,2
51784,0
51785,1
51786,0
51787,1
51788,0
51789,2
51790,1
51791,1
51792,0
51793,0
51794,2
51795,0
51796,0
51797,2
51798,1
51799,4
51800,2
51801,0
51802,0
51803,0
51804,1
51805,2
51806,0
51807,1
51808,0
51809,1
51810,0
51811,0
51812,0
51813,1
51814,1
51815,0
51816,0
51817,0
51818,1
51819,1
51820,1
51821,1
51822,2
51823,2
51824,9
51825,0
51826,0
51827,0
51828,2
51829,1
51830,0
51831,0
51832,1
51833,1
51834,1
51835,0
51836,0
51837,0
51838,0
51839,1
51840,0
51841,1
51842,1
51843,0
51844,1
51845,1
51846,0
51847,1
51848,0
51849,0
51850,0
51851,0
51852,0
51853,1
51854,0
51855,1
51856,4
51857,1
51858,2
51859,0
51860,1
51861,0
51862,0
51863,1
51864,2
51865,1
51866,3
51867,0
51868,0
51869,0
51870,0
51871,1
51872,0
51873,0
51874,1
51875,0
51876,0
51877,0
51878,1
51879,0
51880,0
51881,0
51882,0
51883,1
51884,1
51885,0
51886,1
51887,0
51888,0
51889,1
51890,1
51891,1
51892,1
51893,2
51894,1
51895,2
51896,0
51897,0
51898,0
51899,1
51900,0
51901,0
51902,2
51903,0
51904,0
51905,0
51906,0
51907,0
51908,1
51909,0
51910,2
51911,0
51912,1
51913,0
51914,1
51915,0
51916,1
51917,0
51918,1
51919,1
51920,1
51921,1
51922,2
51923,0
51924,1
51925,2
51926,0
51927,0
51928,2
51929,2
51930,0
51931,0
51932,0
51933,1
51934,1
51935,1
51936,2
51937,4
51938,3
51939,3
51940,0
51941,1
51942,0
51943,3
51944,0
51945,0
51946,1
51947,0
51948,2
51949,1
51950,0
51951,1
51952,0
51953,0
51954,0
51955,0
51956,0
51957,0
51958,0
51959,0
51960,0
51961,1
51962,3
51963,1
51964,0
51965,0
51966,0
51967,0
51968,0
51969,1
51970,0
51971,0
51972,0
51973,0
51974,2
51975,1
51976,1
51977,1
51978,0
51979,0
51980,1
51981,1
51982,0
51983,1
51984,0
51985,1
51986,0
51987,4
51988,3
51989,0
51990,0
51991,2
51992,0
51993,0
51994,1
51995,0
51996,0
51997,0
51998,1
51999,1
52000,1
52001,2
52002,0
52003,2
52004,1
52005,4
52006,1
52007,0
52008,0
52009,2
52010,2
52011,0
52012,1
52013,1
52014,1
52015,0
52016,0
52017,1
52018,1
52019,0
52020,1
52021,0
52022,0
52023,0
52024,0
52025,1
52026,1
52027,0
52028,3
52029,1
52030,0
52031,0
52032,1
52033,1
52034,0
52035,0
52036,1
52037,0
52038,2
52039,1
52040,1
52041,0
52042,1
52043,0
52044,0
52045,0
52046,0
52047,0
52048,0
52049,0
52050,0
52051,0
52052,0
52053,1
52054,0
52055,1
52056,1
52057,1
52058,3
52059,0
52060,0
52061,0
52062,1
52063,1
52064,1
52065,0
52066,0
52067,1
52068,0
52069,0
52070,0
52071,0
52072,0
52073,0
52074,0
52075,1
52076,1
52077,0
52078,1
52079,1
52080,1
52081,1
52082,0
52083,0
52084,0
52085,0
52086,1
52087,0
52088,0
52089,0
52090,1
52091,0
52092,2
52093,0
52094,0
52095,0
52096,0
52097,0
52098,1
52099,1
52100,0
52101,0
52102,3
52103,2
52104,0
52105,0
52106,0
52107,1
52108,1
52109,0
52110,0
52111,0
52112,0
52113,0
52114,0
52115,0
52116,1
52117,2
52118,1
52119,2
52120,1
52121,4
52122,0
52123,0
52124,2
52125,2
52126,1
52127,2
52128,3
52129,1
52130,1
52131,4
52132,0
52133,0
52134,2
52135,1
52136,3
52137,0
52138,0
52139,1
52140,1
52141,0
52142,2
52143,0
52144,0
52145,0
52146,0
52147,0
52148,1
52149,0
52150,1
52151,0
52152,1
52153,1
52154,0
52155,0
52156,1
52157,0
52158,0
52159,1
52160,0
52161,1
52162,1
52163,0
52164,0
52165,0
52166,0
52167,0
52168,0
52169,0
52170,1
52171,1
52172,0
52173,0
52174,0
52175,0
52176,0
52177,0
52178,0
52179,1
52180,0
52181,0
52182,1
52183,0
52184,2
52185,2
52186,0
52187,0
52188,0
52189,0
52190,1
52191,0
52192,0
52193,1
52194,1
52195,0
52196,0
52197,2
52198,0
52199,0
52200,1
52201,1
52202,0
52203,2
52204,0
52205,1
52206,1
52207,0
52208,1
52209,1
52210,1
52211,1
52212,0
52213,1
52214,4
52215,1
52216,1
52217,0
52218,0
52219,0
52220,0
52221,0
52222,0
52223,0
52224,1
52225,0
52226,0
52227,2
52228,2
52229,0
52230,3
52231,0
52232,0
52233,0
52234,0
52235,1
52236,4
52237,1
52238,1
52239,1
52240,1
52241,1
52242,1
52243,1
52244,3
52245,0
52246,0
52247,0
52248,0
52249,0
52250,1
52251,1
52252,1
52253,0
52254,1
52255,1
52256,0
52257,0
52258,0
52259,2
52260,1
52261,2
52262,0
52263,0
52264,0
52265,0
52266,0
52267,3
52268,1
52269,1
52270,0
52271,0
52272,0
52273,0
52274,1
52275,1
52276,2
52277,2
52278,0
52279,0
52280,0
52281,0
52282,0
52283,0
52284,0
52285,1
52286,0
52287,1
52288,1
52289,0
52290,1
52291,1
52292,0
52293,0
52294,1
52295,2
52296,2
52297,0
52298,0
52299,3
52300,1
52301,1
52302,0
52303,1
52304,1
52305,0
52306,0
52307,0
52308,1
52309,2
52310,5
52311,3
52312,4
52313,1
52314,1
52315,1
52316,0
52317,1
52318,1
52319,0
52320,2
52321,0
52322,1
52323,0
52324,0
52325,1
52326,0
52327,0
52328,0
52329,0
52330,0
52331,1
52332,1
52333,2
52334,0
52335,2
52336,0
52337,0
52338,0
52339,2
52340,0
52341,1
52342,0
52343,0
52344,1
52345,0
52346,0
52347,2
52348,1
52349,2
52350,1
52351,0
52352,0
52353,1
52354,1
52355,0
52356,2
52357,1
52358,0
52359,0
52360,0
52361,1
52362,0
52363,2
52364,0
52365,0
52366,2
52367,1
52368,1
52369,1
52370,2
52371,1
52372,1
52373,2
52374,0
52375,0
52376,0
52377,1
52378,1
52379,0
52380,1
52381,0
52382,0
52383,0
52384,0
52385,3
52386,0
52387,4
52388,2
52389,5
52390,2
52391,0
52392,1
52393,2
52394,2
52395,1
52396,2
52397,1
52398,1
52399,0
52400,1
52401,0
52402,0
52403,0
52404,1
52405,0
52406,2
52407,1
52408,1
52409,2
52410,1
52411,1
52412,0
52413,1
52414,0
52415,0
52416,1
52417,0
52418,0
52419,0
52420,0
52421,3
52422,4
52423,2
52424,2
52425,1
52426,1
52427,3
52428,0
52429,2
52430,1
52431,2
52432,1
52433,0
52434,1
52435,0
52436,1
52437,0
52438,2
52439,3
52440,0
52441,2
52442,1
52443,1
52444,2
52445,1
52446,3
52447,1
52448,1
52449,1
52450,1
52451,1
52452,1
52453,0
52454,1
52455,1
52456,0
52457,0
52458,0
52459,0
52460,0
52461,2
52462,1
52463,2
52464,9
52465,1
52466,2
52467,0
52468,2
52469,2
52470,2
52471,0
52472,1
52473,3
52474,0
52475,2
52476,2
52477,2
52478,1
52479,0
52480,0
52481,1
52482,2
52483,0
52484,0
52485,2
52486,0
52487,1
52488,0
52489,1
52490,0
52491,2
52492,1
52493,0
52494,3
52495,1
52496,1
52497,1
52498,0
52499,2
52500,1
52501,4
52502,2
52503,4
52504,2
52505,0
52506,0
52507,2
52508,0
52509,7
52510,1
52511,2
52512,0
52513,0
52514,0
52515,0
52516,0
52517,0
52518,2
52519,0
52520,0
52521,2
52522,2
52523,1
52524,0
52525,0
52526,0
52527,1
52528,0
52529,1
52530,1
52531,1
52532,0
52533,3
52534,0
52535,1
52536,2
52537,0
52538,0
52539,0
52540,2
52541,2
52542,0
52543,0
52544,0
52545,1
52546,1
52547,1
52548,0
52549,1
52550,0
52551,0
52552,2
52553,0
52554,0
52555,0
52556,0
52557,0
52558,1
52559,0
52560,1
52561,0
52562,0
52563,1
52564,0
52565,0
52566,0
52567,0
52568,1
52569,0
52570,1
52571,1
52572,0
52573,0
52574,0
52575,0
52576,0
52577,0
52578,1
52579,1
52580,1
52581,2
52582,0
52583,0
52584,2
52585,0
52586,0
52587,1
52588,0
52589,1
52590,0
52591,0
52592,2
52593,2
52594,2
52595,1
52596,1
52597,1
52598,2
52599,1
52600,5
52601,0
52602,1
52603,0
52604,2
52605,0
52606,0
52607,0
52608,0
52609,1
52610,1
52611,0
52612,0
52613,0
52614,1
52615,2
52616,2
52617,0
52618,0
52619,0
52620,2
52621,0
52622,0
52623,0
52624,0
52625,1
52626,2
52627,0
52628,0
52629,0
52630,0
52631,2
52632,2
52633,2
52634,0
52635,1
52636,0
52637,1
52638,0
52639,3
52640,1
52641,2
52642,2
52643,0
52644,0
52645,0
52646,0
52647,1
52648,1
52649,0
52650,5
52651,1
52652,0
52653,1
52654,1
52655,0
52656,1
52657,0
52658,0
52659,0
52660,1
52661,1
52662,1
52663,0
52664,3
52665,0
52666,2
52667,0
52668,2
52669,0
52670,2
52671,2
52672,0
52673,4
52674,0
52675,1
52676,1
52677,2
52678,0
52679,0
52680,1
52681,0
52682,0
52683,0
52684,0
52685,0
52686,0
52687,0
52688,1
52689,2
52690,2
52691,1
52692,0
52693,0
52694,0
52695,1
52696,1
52697,0
52698,0
52699,1
52700,1
52701,0
52702,0
52703,0
52704,2
52705,0
52706,2
52707,1
52708,1
52709,2
52710,0
52711,0
52712,0
52713,1
52714,1
52715,1
52716,1
52717,3
52718,1
52719,0
52720,1
52721,1
52722,1
52723,0
52724,0
52725,1
52726,4
52727,0
52728,1
52729,0
52730,0
52731,0
52732,1
52733,3
52734,2
52735,0
52736,1
52737,0
52738,0
52739,2
52740,0
52741,1
52742,1
52743,0
52744,0
52745,0
52746,1
52747,1
52748,0
52749,0
52750,2
52751,0
52752,0
52753,0
52754,0
52755,0
52756,1
52757,1
52758,1
52759,0
52760,1
52761,1
52762,2
52763,1
52764,0
52765,1
52766,3
52767,0
52768,0
52769,1
52770,1
52771,0
52772,2
52773,0
52774,0
52775,1
52776,0
52777,0
52778,2
52779,0
52780,0
52781,1
52782,1
52783,0
52784,2
52785,1
52786,2
52787,2
52788,0
52789,4
52790,0
52791,1
52792,1
52793,0
52794,1
52795,0
52796,0
52797,0
52798,3
52799,0
52800,1
52801,0
52802,3
52803,0
52804,0
52805,1
52806,0
52807,0
52808,0
52809,0
52810,1
52811,0
52812,0
52813,0
52814,1
52815,0
52816,1
52817,0
52818,1
52819,2
52820,0
52821,2
52822,0
52823,1
52824,0
52825,3
52826,0
52827,1
52828,0
52829,0
52830,1
52831,1
52832,0
52833,2
52834,0
52835,1
52836,0
52837,4
52838,0
52839,0
52840,0
52841,0
52842,1
52843,3
52844,1
52845,2
52846,1
52847,1
52848,0
52849,0
52850,0
52851,1
52852,0
52853,0
52854,0
52855,0
52856,2
52857,0
52858,0
52859,0
52860,0
52861,1
52862,0
52863,0
52864,0
52865,0
52866,0
52867,1
52868,1
52869,0
52870,1
52871,0
52872,0
52873,0
52874,0
52875,0
52876,0
52877,2
52878,0
52879,0
52880,0
52881,1
52882,2
52883,0
52884,0
52885,0
52886,0
52887,2
52888,1
52889,2
52890,0
52891,3
52892,4
52893,1
52894,1
52895,1
52896,3
52897,0
52898,0
52899,0
52900,0
52901,0
52902,1
52903,0
52904,0
52905,1
52906,0
52907,0
52908,0
52909,1
52910,0
52911,0
52912,0
52913,1
52914,0
52915,0
52916,1
52917,0
52918,0
52919,1
52920,1
52921,1
52922,0
52923,0
52924,0
52925,0
52926,0
52927,0
52928,0
52929,1
52930,0
52931,1
52932,0
52933,0
52934,0
52935,2
52936,1
52937,1
52938,0
52939,6
52940,0
52941,5
52942,2
52943,1
52944,1
52945,3
52946,0
52947,0
52948,0
52949,0
52950,2
52951,1
52952,0
52953,1
52954,0
52955,1
52956,0
52957,2
52958,0
52959,0
52960,0
52961,0
52962,0
52963,2
52964,0
52965,0
52966,0
52967,1
52968,0
52969,1
52970,0
52971,0
52972,0
52973,1
52974,0
52975,1
52976,1
52977,0
52978,0
52979,1
52980,2
52981,0
52982,0
52983,0
52984,1
52985,1
52986,0
52987,1
52988,1
52989,2
52990,0
52991,1
52992,2
52993,0
52994,1
52995,1
52996,4
52997,1
52998,0
52999,2
53000,3
53001,3
53002,4
53003,3
53004,4
53005,3
53006,0
53007,1
53008,0
53009,0
53010,1
53011,1
53012,0
53013,1
53014,0
53015,1
53016,0
53017,2
53018,0
53019,0
53020,1
53021,2
53022,0
53023,2
53024,0
53025,0
53026,1
53027,0
53028,0
53029,1
53030,0
53031,2
53032,1
53033,1
53034,1
53035,1
53036,2
53037,0
53038,1
53039,1
53040,3
53041,0
53042,4
53043,0
53044,0
53045,2
53046,0
53047,0
53048,0
53049,1
53050,1
53051,3
53052,1
53053,0
53054,2
53055,1
53056,0
53057,0
53058,0
53059,2
53060,0
53061,0
53062,1
53063,1
53064,2
53065,0
53066,0
53067,3
53068,1
53069,1
53070,0
53071,0
53072,1
53073,0
53074,0
53075,0
53076,0
53077,0
53078,0
53079,0
53080,0
53081,0
53082,1
53083,0
53084,1
53085,1
53086,1
53087,0
53088,3
53089,1
53090,2
53091,0
53092,0
53093,0
53094,2
53095,0
53096,0
53097,0
53098,0
53099,0
53100,1
53101,1
53102,0
53103,1
53104,0
53105,1
53106,1
53107,0
53108,3
53109,1
53110,1
53111,1
53112,0
53113,0
53114,0
53115,2
53116,1
53117,0
53118,0
53119,1
53120,1
53121,1
53122,1
53123,1
53124,2
53125,0
53126,2
53127,1
53128,1
53129,0
53130,0
53131,1
53132,1
53133,3
53134,1
53135,2
53136,5
53137,0
53138,0
53139,5
53140,1
53141,1
53142,0
53143,0
53144,0
53145,0
53146,0
53147,1
53148,1
53149,2
53150,3
53151,2
53152,2
53153,0
53154,0
53155,1
53156,2
53157,0
53158,1
53159,1
53160,4
53161,3
53162,3
53163,1
53164,2
53165,0
53166,1
53167,1
53168,1
53169,0
53170,4
53171,0
53172,4
53173,1
53174,1
53175,0
53176,0
53177,1
53178,0
53179,0
53180,0
53181,2
53182,1
53183,3
53184,0
53185,0
53186,1
53187,0
53188,1
53189,4
53190,0
53191,0
53192,2
53193,1
53194,1
53195,1
53196,2
53197,1
53198,2
53199,4
53200,0
53201,1
53202,0
53203,0
53204,0
53205,0
53206,0
53207,0
53208,0
53209,1
53210,0
53211,1
53212,0
53213,2
53214,0
53215,1
53216,0
53217,1
53218,1
53219,0
53220,0
53221,0
53222,0
53223,0
53224,0
53225,0
53226,0
53227,0
53228,0
53229,1
53230,0
53231,0
53232,1
53233,0
53234,0
53235,1
53236,2
53237,2
53238,0
53239,2
53240,1
53241,0
53242,0
53243,0
53244,0
53245,0
53246,1
53247,2
53248,0
53249,0
53250,0
53251,0
53252,0
53253,2
53254,0
53255,1
53256,0
53257,1
53258,0
53259,3
53260,0
53261,0
53262,0
53263,1
53264,0
53265,1
53266,1
53267,0
53268,1
53269,1
53270,2
53271,1
53272,0
53273,0
53274,1
53275,1
53276,1
53277,0
53278,0
53279,0
53280,0
53281,0
53282,0
53283,2
53284,0
53285,0
53286,0
53287,0
53288,2
53289,0
53290,0
53291,0
53292,0
53293,1
53294,0
53295,0
53296,1
53297,2
53298,1
53299,3
53300,3
53301,2
53302,0
53303,2
53304,0
53305,1
53306,3
53307,1
53308,0
53309,0
53310,0
53311,1
53312,2
53313,1
53314,0
53315,0
53316,0
53317,1
53318,1
53319,3
53320,0
53321,1
53322,0
53323,0
53324,0
53325,1
53326,2
53327,1
53328,1
53329,0
53330,2
53331,1
53332,1
53333,0
53334,0
53335,1
53336,1
53337,1
53338,1
53339,1
53340,0
53341,1
53342,2
53343,0
53344,1
53345,0
53346,1
53347,0
53348,0
53349,1
53350,2
53351,0
53352,0
53353,0
53354,0
53355,1
53356,0
53357,0
53358,2
53359,0
53360,0
53361,1
53362,0
53363,2
53364,0
53365,0
53366,0
53367,0
53368,0
53369,1
53370,1
53371,1
53372,0
53373,2
53374,0
53375,1
53376,0
53377,1
53378,1
53379,0
53380,1
53381,1
53382,1
53383,1
53384,0
53385,1
53386,0
53387,1
53388,0
53389,0
53390,1
53391,0
53392,1
53393,1
53394,0
53395,0
53396,1
53397,3
53398,0
53399,1
53400,1
53401,0
53402,1
53403,0
53404,2
53405,2
53406,1
53407,0
53408,1
53409,0
53410,1
53411,0
53412,0
53413,0
53414,0
53415,1
53416,0
53417,0
53418,2
53419,2
53420,0
53421,1
53422,0
53423,2
53424,0
53425,0
53426,1
53427,0
53428,0
53429,0
53430,0
53431,0
53432,0
53433,2
53434,1
53435,0
53436,1
53437,1
53438,1
53439,0
53440,0
53441,1
53442,1
53443,0
53444,0
53445,1
53446,0
53447,1
53448,2
53449,1
53450,2
53451,0
53452,2
53453,0
53454,2
53455,0
53456,1
53457,0
53458,2
53459,1
53460,1
53461,0
53462,1
53463,0
53464,2
53465,0
53466,0
53467,0
53468,1
53469,2
53470,0
53471,2
53472,0
53473,0
53474,1
53475,1
53476,0
53477,2
53478,0
53479,2
53480,1
53481,0
53482,0
53483,0
53484,0
53485,1
53486,1
53487,0
53488,1
53489,2
53490,1
53491,1
53492,1
53493,1
53494,0
53495,0
53496,0
53497,2
53498,1
53499,0
53500,0
53501,1
53502,3
53503,1
53504,1
53505,4
53506,0
53507,0
53508,0
53509,1
53510,2
53511,1
53512,2
53513,1
53514,1
53515,3
53516,1
53517,2
53518,0
53519,1
53520,3
53521,0
53522,3
53523,0
53524,1
53525,1
53526,0
53527,1
53528,0
53529,1
53530,0
53531,1
53532,0
53533,0
53534,0
53535,2
53536,1
53537,0
53538,4
53539,0
53540,2
53541,0
53542,0
53543,0
53544,1
53545,1
53546,1
53547,1
53548,1
53549,0
53550,0
53551,1
53552,2
53553,2
53554,1
53555,2
53556,1
53557,7
53558,0
53559,6
53560,2
53561,3
53562,4
53563,2
53564,2
53565,4
53566,0
53567,0
53568,0
53569,0
53570,2
53571,2
53572,1
53573,0
53574,1
53575,2
53576,0
53577,1
53578,1
53579,0
53580,1
53581,0
53582,0
53583,1
53584,2
53585,4
53586,0
53587,3
53588,0
53589,5
53590,3
53591,1
53592,2
53593,1
53594,1
53595,3
53596,1
53597,1
53598,0
53599,1
53600,1
53601,0
53602,0
53603,1
53604,2
53605,0
53606,1
53607,0
53608,1
53609,1
53610,0
53611,0
53612,0
53613,0
53614,0
53615,0
53616,1
53617,0
53618,2
53619,1
53620,0
53621,0
53622,0
53623,0
53624,2
53625,13
53626,1
53627,2
53628,1
53629,11
53630,3
53631,2
53632,3
53633,6
53634,1
53635,1
53636,2
53637,2
53638,0
53639,1
53640,0
53641,1
53642,0
53643,5
53644,1
53645,1
53646,1
53647,5
53648,0
53649,1
53650,0
53651,1
53652,1
53653,0
53654,2
53655,3
53656,4
53657,0
53658,0
53659,1
53660,1
53661,3
53662,1
53663,1
53664,3
53665,0
53666,4
53667,11
53668,0
53669,1
53670,0
53671,2
53672,1
53673,0
53674,0
53675,0
53676,0
53677,0
53678,2
53679,0
53680,2
53681,3
53682,0
53683,0
53684,1
53685,1
53686,0
53687,1
53688,0
53689,0
53690,0
53691,0
53692,0
53693,1
53694,0
53695,0
53696,1
53697,0
53698,0
53699,4
53700,2
53701,0
53702,1
53703,0
53704,1
53705,1
53706,2
53707,0
53708,2
53709,8
53710,0
53711,1
53712,1
53713,2
53714,1
53715,0
53716,0
53717,0
53718,2
53719,0
53720,1
53721,1
53722,1
53723,1
53724,2
53725,1
53726,2
53727,1
53728,1
53729,1
53730,0
53731,0
53732,0
53733,1
53734,2
53735,1
53736,0
53737,3
53738,0
53739,0
53740,1
53741,0
53742,1
53743,3
53744,0
53745,1
53746,1
53747,1
53748,0
53749,3
53750,0
53751,0
53752,1
53753,0
53754,2
53755,0
53756,0
53757,0
53758,0
53759,0
53760,1
53761,1
53762,0
53763,0
53764,0
53765,1
53766,3
53767,1
53768,1
53769,0
53770,0
53771,0
53772,1
53773,0
53774,1
53775,0
53776,0
53777,0
53778,2
53779,0
53780,1
53781,1
53782,0
53783,0
53784,0
53785,1
53786,1
53787,0
53788,0
53789,2
53790,0
53791,2
53792,0
53793,0
53794,0
53795,0
53796,1
53797,0
53798,2
53799,3
53800,0
53801,1
53802,0
53803,0
53804,2
53805,1
53806,0
53807,1
53808,1
53809,0
53810,0
53811,1
53812,1
53813,2
53814,3
53815,1
53816,0
53817,1
53818,4
53819,1
53820,1
53821,1
53822,1
53823,1
53824,3
53825,0
53826,1
53827,0
53828,2
53829,1
53830,0
53831,1
53832,0
53833,0
53834,3
53835,1
53836,0
53837,1
53838,3
53839,0
53840,1
53841,1
53842,2
53843,0
53844,1
53845,0
53846,3
53847,2
53848,1
53849,0
53850,6
53851,0
53852,0
53853,0
53854,0
53855,0
53856,0
53857,0
53858,0
53859,2
53860,1
53861,1
53862,0
53863,1
53864,0
53865,2
53866,0
53867,1
53868,1
53869,0
53870,0
53871,1
53872,1
53873,1
53874,1
53875,2
53876,1
53877,1
53878,1
53879,0
53880,0
53881,1
53882,0
53883,0
53884,0
53885,0
53886,1
53887,0
53888,2
53889,1
53890,1
53891,0
53892,0
53893,2
53894,0
53895,0
53896,0
53897,1
53898,1
53899,1
53900,1
53901,0
53902,2
53903,0
53904,2
53905,0
53906,0
53907,1
53908,1
53909,1
53910,0
53911,2
53912,3
53913,0
53914,1
53915,0
53916,1
53917,0
53918,0
53919,1
53920,0
53921,1
53922,3
53923,2
53924,0
53925,0
53926,0
53927,0
53928,0
53929,3
53930,1
53931,1
53932,1
53933,2
53934,0
53935,0
53936,1
53937,0
53938,0
53939,0
53940,2
53941,1
53942,0
53943,0
53944,4
53945,1
53946,0
53947,1
53948,1
53949,0
53950,0
53951,0
53952,0
53953,0
53954,2
53955,0
53956,3
53957,1
53958,0
53959,0
53960,1
53961,0
53962,0
53963,0
53964,0
53965,0
53966,0
53967,0
53968,1
53969,1
53970,4
53971,1
53972,0
53973,0
53974,1
53975,0
53976,0
53977,1
53978,1
53979,0
53980,1
53981,0
53982,1
53983,1
53984,0
53985,0
53986,0
53987,2
53988,0
53989,0
53990,2
53991,1
53992,2
53993,1
53994,0
53995,0
53996,1
53997,0
53998,1
53999,0
54000,0
54001,0
54002,1
54003,0
54004,0
54005,1
54006,2
54007,1
54008,1
54009,1
54010,1
54011,0
54012,1
54013,0
54014,0
54015,0
54016,0
54017,0
54018,1
54019,1
54020,0
54021,0
54022,0
54023,0
54024,4
54025,1
54026,2
54027,1
54028,2
54029,2
54030,3
54031,1
54032,0
54033,3
54034,1
54035,0
54036,1
54037,2
54038,0
54039,0
54040,1
54041,2
54042,3
54043,0
54044,0
54045,2
54046,0
54047,2
54048,3
54049,1
54050,3
54051,1
54052,0
54053,2
54054,2
54055,0
54056,1
54057,0
54058,0
54059,3
54060,2
54061,1
54062,0
54063,0
54064,0
54065,1
54066,0
54067,1
54068,0
54069,1
54070,0
54071,1
54072,0
54073,0
54074,1
54075,1
54076,0
54077,0
54078,1
54079,1
54080,1
54081,0
54082,1
54083,0
54084,0
54085,1
54086,0
54087,0
54088,0
54089,0
54090,1
54091,1
54092,0
54093,1
54094,1
54095,2
54096,0
54097,4
54098,0
54099,1
54100,0
54101,0
54102,0
54103,0
54104,0
54105,0
54106,0
54107,0
54108,0
54109,0
54110,0
54111,1
54112,1
54113,1
54114,0
54115,1
54116,0
54117,1
54118,0
54119,0
54120,0
54121,1
54122,0
54123,4
54124,2
54125,2
54126,0
54127,0
54128,1
54129,0
54130,0
54131,0
54132,2
54133,0
54134,0
54135,0
54136,0
54137,3
54138,1
54139,1
54140,2
54141,1
54142,1
54143,1
54144,0
54145,0
54146,0
54147,1
54148,0
54149,0
54150,2
54151,0
54152,0
54153,2
54154,1
54155,0
54156,0
54157,0
54158,1
54159,1
54160,1
54161,1
54162,0
54163,0
54164,0
54165,0
54166,1
54167,2
54168,1
54169,1
54170,1
54171,0
54172,0
54173,0
54174,1
54175,0
54176,0
54177,0
54178,0
54179,0
54180,1
54181,2
54182,0
54183,1
54184,0
54185,1
54186,1
54187,0
54188,2
54189,0
54190,1
54191,0
54192,1
54193,0
54194,3
54195,0
54196,0
54197,0
54198,0
54199,0
54200,0
54201,1
54202,2
54203,1
54204,0
54205,2
54206,0
54207,0
54208,0
54209,2
54210,0
54211,3
54212,0
54213,0
54214,0
54215,1
54216,1
54217,1
54218,1
54219,0
54220,2
54221,0
54222,0
54223,2
54224,1
54225,2
54226,0
54227,1
54228,1
54229,0
54230,1
54231,0
54232,1
54233,1
54234,1
54235,1
54236,2
54237,0
54238,1
54239,1
54240,0
54241,1
54242,3
54243,1
54244,1
54245,0
54246,0
54247,1
54248,3
54249,0
54250,1
54251,0
54252,1
54253,0
54254,0
54255,0
54256,1
54257,0
54258,1
54259,1
54260,0
54261,1
54262,1
54263,0
54264,3
54265,0
54266,0
54267,1
54268,4
54269,1
54270,3
54271,1
54272,0
54273,0
54274,1
54275,0
54276,0
54277,0
54278,1
54279,0
54280,4
54281,1
54282,2
54283,1
54284,0
54285,0
54286,0
54287,0
54288,0
54289,2
54290,0
54291,2
54292,1
54293,0
54294,1
54295,2
54296,0
54297,1
54298,1
54299,2
54300,0
54301,3
54302,2
54303,0
54304,1
54305,1
54306,1
54307,1
54308,1
54309,2
54310,1
54311,0
54312,1
54313,0
54314,3
54315,1
54316,0
54317,1
54318,0
54319,1
54320,1
54321,0
54322,1
54323,0
54324,0
54325,0
54326,0
54327,1
54328,2
54329,2
54330,1
54331,1
54332,0
54333,0
54334,0
54335,0
54336,0
54337,1
54338,0
54339,0
54340,0
54341,1
54342,1
54343,1
54344,1
54345,0
54346,1
54347,1
54348,4
54349,0
54350,1
54351,0
54352,2
54353,1
54354,0
54355,0
54356,0
54357,0
54358,0
54359,0
54360,0
54361,0
54362,1
54363,1
54364,0
54365,0
54366,1
54367,0
54368,1
54369,0
54370,1
54371,0
54372,1
54373,0
54374,0
54375,1
54376,0
54377,0
54378,1
54379,0
54380,1
54381,0
54382,1
54383,0
54384,1
54385,0
54386,1
54387,0
54388,0
54389,0
54390,0
54391,1
54392,0
54393,0
54394,0
54395,0
54396,1
54397,2
54398,0
54399,0
54400,0
54401,1
54402,2
54403,2
54404,1
54405,0
54406,1
54407,2
54408,0
54409,0
54410,1
54411,1
54412,0
54413,0
54414,1
54415,2
54416,0
54417,0
54418,0
54419,0
54420,1
54421,1
54422,0
54423,0
54424,0
54425,1
54426,0
54427,2
54428,1
54429,0
54430,0
54431,0
54432,0
54433,0
54434,0
54435,0
54436,1
54437,0
54438,1
54439,1
54440,1
54441,1
54442,0
54443,0
54444,1
54445,0
54446,1
54447,1
54448,1
54449,0
54450,0
54451,0
54452,0
54453,0
54454,0
54455,1
54456,2
54457,1
54458,0
54459,1
54460,1
54461,0
54462,0
54463,0
54464,0
54465,1
54466,1
54467,1
54468,0
54469,0
54470,0
54471,0
54472,0
54473,0
54474,2
54475,0
54476,0
54477,2
54478,1
54479,0
54480,0
54481,2
54482,0
54483,2
54484,1
54485,1
54486,0
54487,0
54488,0
54489,0
54490,0
54491,0
54492,0
54493,1
54494,0
54495,1
54496,1
54497,1
54498,1
54499,1
54500,1
54501,0
54502,2
54503,0
54504,1
54505,1
54506,0
54507,0
54508,1
54509,0
54510,0
54511,1
54512,1
54513,2
54514,0
54515,1
54516,1
54517,1
54518,1
54519,1
54520,0
54521,2
54522,0
54523,4
54524,1
54525,0
54526,1
54527,1
54528,2
54529,0
54530,3
54531,0
54532,1
54533,1
54534,0
54535,1
54536,0
54537,2
54538,0
54539,0
54540,0
54541,2
54542,0
54543,1
54544,1
54545,1
54546,0
54547,0
54548,0
54549,3
54550,1
54551,3
54552,0
54553,1
54554,0
54555,0
54556,3
54557,2
54558,2
54559,1
54560,2
54561,0
54562,1
54563,1
54564,2
54565,3
54566,2
54567,2
54568,1
54569,0
54570,1
54571,1
54572,2
54573,0
54574,0
54575,3
54576,3
54577,1
54578,0
54579,2
54580,2
54581,0
54582,0
54583,0
54584,4
54585,1
54586,2
54587,0
54588,0
54589,0
54590,2
54591,0
54592,3
54593,2
54594,1
54595,2
54596,0
54597,0
54598,0
54599,1
54600,0
54601,2
54602,2
54603,4
54604,1
54605,2
54606,0
54607,2
54608,1
54609,1
54610,3
54611,1
54612,1
54613,0
54614,0
54615,2
54616,0
54617,0
54618,1
54619,1
54620,2
54621,0
54622,1
54623,1
54624,0
54625,1
54626,0
54627,1
54628,1
54629,2
54630,2
54631,3
54632,0
54633,2
54634,1
54635,0
54636,0
54637,1
54638,0
54639,0
54640,1
54641,2
54642,0
54643,1
54644,0
54645,1
54646,0
54647,0
54648,0
54649,2
54650,1
54651,0
54652,3
54653,1
54654,0
54655,0
54656,0
54657,0
54658,1
54659,0
54660,0
54661,0
54662,3
54663,0
54664,1
54665,1
54666,1
54667,0
54668,1
54669,0
54670,1
54671,1
54672,0
54673,1
54674,2
54675,2
54676,1
54677,2
54678,0
54679,1
54680,0
54681,1
54682,1
54683,2
54684,2
54685,0
54686,0
54687,3
54688,0
54689,0
54690,1
54691,0
54692,0
54693,1
54694,0
54695,0
54696,0
54697,2
54698,0
54699,0
54700,0
54701,0
54702,0
54703,1
54704,1
54705,1
54706,1
54707,0
54708,1
54709,2
54710,1
54711,3
54712,0
54713,3
54714,1
54715,1
54716,2
54717,0
54718,0
54719,1
54720,0
54721,1
54722,0
54723,1
54724,0
54725,0
54726,0
54727,1
54728,0
54729,1
54730,0
54731,1
54732,2
54733,0
54734,0
54735,1
54736,0
54737,1
54738,0
54739,2
54740,0
54741,0
54742,0
54743,1
54744,0
54745,2
54746,1
54747,0
54748,0
54749,0
54750,0
54751,1
54752,0
54753,1
54754,1
54755,0
54756,1
54757,2
54758,0
54759,0
54760,0
54761,3
54762,1
54763,3
54764,2
54765,0
54766,1
54767,2
54768,1
54769,1
54770,0
54771,2
54772,0
54773,1
54774,3
54775,2
54776,1
54777,1
54778,1
54779,2
54780,2
54781,0
54782,0
54783,0
54784,2
54785,1
54786,1
54787,0
54788,2
54789,0
54790,0
54791,0
54792,0
54793,0
54794,1
54795,1
54796,2
54797,3
54798,0
54799,0
54800,2
54801,0
54802,0
54803,0
54804,0
54805,0
54806,0
54807,0
54808,1
54809,2
54810,0
54811,1
54812,1
54813,0
54814,1
54815,0
54816,0
54817,0
54818,0
54819,2
54820,1
54821,1
54822,1
54823,0
54824,1
54825,0
54826,3
54827,2
54828,1
54829,2
54830,0
54831,0
54832,2
54833,0
54834,0
54835,1
54836,0
54837,1
54838,1
54839,0
54840,0
54841,0
54842,2
54843,0
54844,1
54845,0
54846,0
54847,0
54848,1
54849,0
54850,0
54851,0
54852,2
54853,1
54854,2
54855,1
54856,1
54857,1
54858,1
54859,0
54860,1
54861,0
54862,2
54863,0
54864,0
54865,1
54866,0
54867,1
54868,2
54869,1
54870,1
54871,1
54872,0
54873,0
54874,0
54875,0
54876,2
54877,1
54878,0
54879,3
54880,0
54881,1
54882,0
54883,0
54884,1
54885,1
54886,0
54887,2
54888,0
54889,1
54890,2
54891,0
54892,1
54893,0
54894,1
54895,0
54896,0
54897,1
54898,0
54899,0
54900,1
54901,1
54902,0
54903,0
54904,1
54905,0
54906,1
54907,1
54908,2
54909,1
54910,0
54911,1
54912,1
54913,0
54914,2
54915,0
54916,1
54917,1
54918,2
54919,0
54920,1
54921,0
54922,1
54923,0
54924,1
54925,1
54926,0
54927,0
54928,0
54929,0
54930,0
54931,2
54932,0
54933,1
54934,1
54935,1
54936,3
54937,0
54938,1
54939,0
54940,0
54941,6
54942,1
54943,0
54944,0
54945,0
54946,0
54947,0
54948,2
54949,3
54950,3
54951,2
54952,1
54953,0
54954,0
54955,0
54956,1
54957,0
54958,1
54959,0
54960,1
54961,1
54962,1
54963,3
54964,0
54965,0
54966,1
54967,0
54968,1
54969,1
54970,4
54971,4
54972,0
54973,1
54974,1
54975,0
54976,1
54977,0
54978,0
54979,0
54980,1
54981,1
54982,1
54983,1
54984,2
54985,1
54986,0
54987,0
54988,1
54989,1
54990,2
54991,0
54992,0
54993,3
54994,2
54995,2
54996,1
54997,1
54998,4
54999,3
55000,0
55001,0
55002,0
55003,1
55004,2
55005,0
55006,1
55007,0
55008,2
55009,0
55010,2
55011,1
55012,0
55013,0
55014,1
55015,2
55016,0
55017,1
55018,0
55019,0
55020,0
55021,0
55022,2
55023,4
55024,0
55025,0
55026,0
55027,1
55028,0
55029,2
55030,1
55031,1
55032,3
55033,1
55034,9
55035,0
55036,1
55037,0
55038,1
55039,2
55040,0
55041,2
55042,0
55043,0
55044,0
55045,0
55046,0
55047,0
55048,2
55049,0
55050,0
55051,0
55052,0
55053,4
55054,0
55055,2
55056,0
55057,1
55058,0
55059,1
55060,0
55061,0
55062,1
55063,0
55064,0
55065,2
55066,1
55067,1
55068,0
55069,0
55070,0
55071,1
55072,1
55073,0
55074,2
55075,1
55076,0
55077,0
55078,1
55079,0
55080,1
55081,0
55082,4
55083,0
55084,2
55085,0
55086,1
55087,1
55088,4
55089,0
55090,0
55091,1
55092,0
55093,1
55094,0
55095,0
55096,0
55097,1
55098,0
55099,2
55100,0
55101,0
55102,2
55103,1
55104,1
55105,1
55106,1
55107,1
55108,0
55109,1
55110,2
55111,2
55112,4
55113,1
55114,3
55115,0
55116,3
55117,1
55118,0
55119,1
55120,1
55121,0
55122,0
55123,0
55124,1
55125,0
55126,0
55127,0
55128,0
55129,0
55130,0
55131,0
55132,1
55133,0
55134,0
55135,0
55136,0
55137,2
55138,1
55139,0
55140,2
55141,2
55142,0
55143,1
55144,1
55145,0
55146,0
55147,1
55148,1
55149,2
55150,0
55151,2
55152,0
55153,0
55154,2
55155,2
55156,4
55157,1
55158,1
55159,0
55160,0
55161,0
55162,0
55163,0
55164,0
55165,1
55166,0
55167,0
55168,1
55169,0
55170,0
55171,2
55172,2
55173,0
55174,0
55175,1
55176,0
55177,3
55178,0
55179,3
55180,1
55181,0
55182,2
55183,1
55184,1
55185,0
55186,1
55187,1
55188,0
55189,0
55190,0
55191,3
55192,0
55193,2
55194,0
55195,1
55196,1
55197,4
55198,0
55199,2
55200,0
55201,3
55202,1
55203,0
55204,1
55205,1
55206,1
55207,0
55208,1
55209,2
55210,2
55211,1
55212,1
55213,2
55214,3
55215,0
55216,0
55217,3
55218,2
55219,0
55220,2
55221,3
55222,0
55223,0
55224,1
55225,1
55226,0
55227,1
55228,0
55229,5
55230,3
55231,1
55232,0
55233,0
55234,1
55235,1
55236,1
55237,8
55238,1
55239,6
55240,1
55241,1
55242,4
55243,0
55244,2
55245,1
55246,4
55247,0
55248,2
55249,0
55250,1
55251,1
55252,0
55253,1
55254,3
55255,2
55256,0
55257,0
55258,1
55259,0
55260,0
55261,1
55262,3
55263,2
55264,2
55265,1
55266,1
55267,4
55268,0
55269,0
55270,1
55271,1
55272,0
55273,4
55274,0
55275,3
55276,1
55277,0
55278,0
55279,1
55280,0
55281,0
55282,1
55283,4
55284,1
55285,0
55286,0
55287,0
55288,1
55289,0
55290,0
55291,1
55292,1
55293,0
55294,0
55295,0
55296,2
55297,1
55298,0
55299,1
55300,1
55301,1
55302,0
55303,1
55304,2
55305,1
55306,0
55307,3
55308,0
55309,1
55310,2
55311,2
55312,1
55313,1
55314,0
55315,0
55316,3
55317,3
55318,2
55319,3
55320,1
55321,0
55322,3
55323,0
55324,0
55325,1
55326,0
55327,1
55328,0
55329,0
55330,0
55331,1
55332,1
55333,1
55334,0
55335,1
55336,3
55337,0
55338,1
55339,0
55340,1
55341,0
55342,3
55343,1
55344,0
55345,1
55346,0
55347,1
55348,0
55349,0
55350,1
55351,0
55352,1
55353,0
55354,2
55355,0
55356,0
55357,0
55358,1
55359,1
55360,2
55361,3
55362,0
55363,2
55364,3
55365,1
55366,2
55367,2
55368,0
55369,1
55370,1
55371,1
55372,0
55373,2
55374,1
55375,1
55376,1
55377,2
55378,1
55379,2
55380,1
55381,1
55382,1
55383,0
55384,1
55385,0
55386,1
55387,2
55388,0
55389,0
55390,1
55391,1
55392,2
55393,0
55394,1
55395,1
55396,0
55397,2
55398,1
55399,0
55400,0
55401,4
55402,0
55403,0
55404,1
55405,0
55406,0
55407,2
55408,0
55409,1
55410,0
55411,0
55412,1
55413,0
55414,1
55415,2
55416,0
55417,0
55418,0
55419,0
55420,1
55421,1
55422,0
55423,1
55424,2
55425,2
55426,2
55427,1
55428,2
55429,1
55430,1
55431,1
55432,1
55433,1
55434,1
55435,0
55436,1
55437,0
55438,1
55439,1
55440,0
55441,1
55442,0
55443,1
55444,0
55445,1
55446,2
55447,1
55448,1
55449,1
55450,3
55451,0
55452,0
55453,2
55454,0
55455,1
55456,1
55457,0
55458,1
55459,5
55460,0
55461,0
55462,1
55463,12
55464,0
55465,0
55466,0
55467,0
55468,0
55469,0
55470,0
55471,0
55472,10
55473,0
55474,0
55475,0
55476,0
55477,0
55478,0
55479,3
55480,1
55481,1
55482,0
55483,1
55484,2
55485,2
55486,0
55487,1
55488,0
55489,0
55490,0
55491,1
55492,1
55493,1
55494,0
55495,0
55496,2
55497,0
55498,0
55499,2
55500,0
55501,0
55502,0
55503,0
55504,0
55505,0
55506,1
55507,1
55508,3
55509,1
55510,0
55511,1
55512,0
55513,2
55514,1
55515,1
55516,0
55517,1
55518,1
55519,1
55520,0
55521,1
55522,0
55523,0
55524,0
55525,1
55526,0
55527,0
55528,1
55529,1
55530,0
55531,0
55532,0
55533,1
55534,1
55535,0
55536,0
55537,2
55538,0
55539,0
55540,0
55541,1
55542,0
55543,0
55544,1
55545,1
55546,0
55547,1
55548,1
55549,0
55550,0
55551,1
55552,1
55553,2
55554,0
55555,0
55556,0
55557,2
55558,2
55559,0
55560,0
55561,1
55562,0
55563,2
55564,2
55565,1
55566,0
55567,3
55568,0
55569,0
55570,0
55571,0
55572,2
55573,0
55574,0
55575,0
55576,2
55577,0
55578,0
55579,1
55580,0
55581,1
55582,0
55583,1
55584,0
55585,2
55586,0
55587,3
55588,0
55589,3
55590,2
55591,3
55592,1
55593,3
55594,1
55595,0
55596,1
55597,1
55598,3
55599,1
55600,1
55601,1
55602,1
55603,1
55604,1
55605,0
55606,0
55607,0
55608,1
55609,1
55610,0
55611,0
55612,0
55613,1
55614,0
55615,1
55616,3
55617,3
55618,1
55619,0
55620,0
55621,1
55622,0
55623,0
55624,0
55625,0
55626,1
55627,0
55628,0
55629,0
55630,0
55631,0
55632,0
55633,1
55634,1
55635,0
55636,0
55637,0
55638,2
55639,1
55640,0
55641,1
55642,0
55643,0
55644,0
55645,0
55646,1
55647,0
55648,1
55649,0
55650,1
55651,0
55652,0
55653,2
55654,0
55655,0
55656,0
55657,0
55658,0
55659,0
55660,0
55661,1
55662,1
55663,0
55664,3
55665,1
55666,1
55667,0
55668,0
55669,1
55670,0
55671,2
55672,0
55673,0
55674,0
55675,0
55676,0
55677,0
55678,2
55679,2
55680,1
55681,0
55682,4
55683,0
55684,1
55685,0
55686,1
55687,0
55688,0
55689,0
55690,1
55691,0
55692,1
55693,1
55694,1
55695,0
55696,2
55697,1
55698,0
55699,0
55700,2
55701,0
55702,2
55703,2
55704,0
55705,1
55706,0
55707,0
55708,0
55709,1
55710,1
55711,0
55712,0
55713,3
55714,3
55715,1
55716,0
55717,0
55718,1
55719,0
55720,1
55721,0
55722,0
55723,1
55724,0
55725,2
55726,2
55727,2
55728,0
55729,0
55730,1
55731,2
55732,2
55733,0
55734,0
55735,0
55736,2
55737,1
55738,1
55739,1
55740,0
55741,1
55742,1
55743,0
55744,1
55745,1
55746,0
55747,1
55748,0
55749,2
55750,0
55751,1
55752,4
55753,3
55754,0
55755,0
55756,0
55757,1
55758,1
55759,2
55760,0
55761,1
55762,3
55763,0
55764,3
55765,1
55766,1
55767,1
55768,1
55769,1
55770,0
55771,0
55772,0
55773,1
55774,0
55775,1
55776,0
55777,0
55778,0
55779,1
55780,1
55781,2
55782,2
55783,1
55784,0
55785,1
55786,0
55787,1
55788,2
55789,1
55790,0
55791,1
55792,2
55793,4
55794,1
55795,1
55796,2
55797,1
55798,1
55799,0
55800,1
55801,3
55802,0
55803,1
55804,2
55805,3
55806,1
55807,1
55808,1
55809,2
55810,0
55811,2
55812,1
55813,0
55814,2
55815,0
55816,2
55817,0
55818,1
55819,2
55820,3
55821,1
55822,2
55823,0
55824,1
55825,0
55826,1
55827,2
55828,0
55829,0
55830,1
55831,1
55832,1
55833,0
55834,1
55835,2
55836,1
55837,1
55838,2
55839,1
55840,1
55841,1
55842,0
55843,0
55844,1
55845,1
55846,0
55847,1
55848,1
55849,0
55850,0
55851,1
55852,0
55853,1
55854,0
55855,4
55856,2
55857,0
55858,1
55859,0
55860,1
55861,1
55862,2
55863,1
55864,2
55865,2
55866,0
55867,4
55868,4
55869,0
55870,0
55871,0
55872,0
55873,0
55874,3
55875,0
55876,1
55877,0
55878,2
55879,0
55880,0
55881,1
55882,1
55883,0
55884,0
55885,0
55886,2
55887,0
55888,0
55889,0
55890,0
55891,1
55892,3
55893,0
55894,0
55895,0
55896,0
55897,2
55898,2
55899,1
55900,0
55901,1
55902,0
55903,0
55904,1
55905,0
55906,0
55907,1
55908,0
55909,0
55910,1
55911,0
55912,0
55913,0
55914,1
55915,1
55916,1
55917,0
55918,0
55919,1
55920,0
55921,1
55922,0
55923,3
55924,1
55925,0
55926,0
55927,1
55928,2
55929,0
55930,2
55931,0
55932,1
55933,1
55934,0
55935,1
55936,1
55937,1
55938,0
55939,2
55940,2
55941,1
55942,2
55943,0
55944,3
55945,0
55946,0
55947,1
55948,1
55949,0
55950,1
55951,0
55952,2
55953,2
55954,1
55955,2
55956,1
55957,1
55958,0
55959,1
55960,0
55961,0
55962,0
55963,2
55964,0
55965,0
55966,0
55967,2
55968,0
55969,0
55970,0
55971,0
55972,1
55973,0
55974,1
55975,1
55976,2
55977,3
55978,1
55979,0
55980,1
55981,0
55982,0
55983,1
55984,1
55985,2
55986,1
55987,1
55988,0
55989,6
55990,0
55991,0
55992,4
55993,2
55994,4
55995,2
55996,1
55997,0
55998,1
55999,2
56000,1
56001,0
56002,2
56003,0
56004,2
56005,2
56006,0
56007,2
56008,0
56009,1
56010,1
56011,0
56012,0
56013,1
56014,1
56015,5
56016,1
56017,0
56018,0
56019,1
56020,1
56021,0
56022,2
56023,0
56024,0
56025,1
56026,1
56027,0
56028,0
56029,1
56030,0
56031,0
56032,1
56033,1
56034,0
56035,0
56036,1
56037,1
56038,1
56039,0
56040,1
56041,3
56042,2
56043,3
56044,0
56045,0
56046,1
56047,0
56048,0
56049,0
56050,1
56051,0
56052,0
56053,4
56054,3
56055,0
56056,1
56057,1
56058,8
56059,1
56060,2
56061,0
56062,3
56063,0
56064,0
56065,2
56066,3
56067,2
56068,1
56069,1
56070,2
56071,2
56072,0
56073,1
56074,2
56075,1
56076,0
56077,1
56078,0
56079,0
56080,0
56081,0
56082,0
56083,1
56084,1
56085,0
56086,0
56087,0
56088,0
56089,1
56090,0
56091,0
56092,0
56093,0
56094,0
56095,1
56096,2
56097,1
56098,0
56099,0
56100,0
56101,0
56102,0
56103,2
56104,1
56105,0
56106,1
56107,0
56108,1
56109,3
56110,0
56111,0
56112,0
56113,0
56114,2
56115,0
56116,0
56117,0
56118,0
56119,0
56120,0
56121,1
56122,2
56123,2
56124,0
56125,3
56126,1
56127,0
56128,0
56129,0
56130,0
56131,0
56132,1
56133,0
56134,0
56135,6
56136,0
56137,0
56138,2
56139,2
56140,0
56141,1
56142,1
56143,0
56144,0
56145,0
56146,2
56147,0
56148,1
56149,0
56150,1
56151,1
56152,1
56153,3
56154,5
56155,0
56156,1
56157,0
56158,0
56159,1
56160,0
56161,1
56162,0
56163,0
56164,2
56165,2
56166,0
56167,0
56168,0
56169,1
56170,0
56171,0
56172,0
56173,1
56174,1
56175,1
56176,0
56177,1
56178,0
56179,0
56180,2
56181,1
56182,1
56183,1
56184,1
56185,0
56186,1
56187,1
56188,0
56189,0
56190,0
56191,0
56192,0
56193,2
56194,0
56195,2
56196,0
56197,1
56198,0
56199,0
56200,0
56201,0
56202,1
56203,1
56204,1
56205,0
56206,2
56207,0
56208,0
56209,0
56210,1
56211,1
56212,0
56213,2
56214,0
56215,2
56216,2
56217,1
56218,1
56219,0
56220,0
56221,0
56222,0
56223,0
56224,2
56225,1
56226,0
56227,0
56228,1
56229,0
56230,1
56231,2
56232,0
56233,0
56234,2
56235,0
56236,3
56237,0
56238,0
56239,0
56240,0
56241,4
56242,0
56243,0
56244,0
56245,0
56246,2
56247,0
56248,5
56249,1
56250,0
56251,1
56252,0
56253,0
56254,1
56255,3
56256,1
56257,1
56258,1
56259,1
56260,2
56261,0
56262,3
56263,2
56264,1
56265,3
56266,1
56267,2
56268,2
56269,3
56270,0
56271,0
56272,0
56273,0
56274,1
56275,1
56276,0
56277,1
56278,1
56279,2
56280,1
56281,3
56282,0
56283,1
56284,1
56285,0
56286,0
56287,1
56288,3
56289,0
56290,0
56291,1
56292,1
56293,2
56294,0
56295,0
56296,2
56297,1
56298,1
56299,0
56300,0
56301,2
56302,1
56303,1
56304,0
56305,2
56306,0
56307,2
56308,0
56309,0
56310,1
56311,0
56312,0
56313,0
56314,0
56315,2
56316,0
56317,0
56318,0
56319,0
56320,0
56321,0
56322,1
56323,0
56324,4
56325,1
56326,0
56327,0
56328,0
56329,1
56330,2
56331,0
56332,1
56333,0
56334,0
56335,0
56336,1
56337,0
56338,1
56339,3
56340,1
56341,0
56342,0
56343,0
56344,0
56345,0
56346,0
56347,2
56348,2
56349,1
56350,0
56351,1
56352,0
56353,0
56354,0
56355,2
56356,1
56357,2
56358,3
56359,1
56360,1
56361,1
56362,2
56363,0
56364,1
56365,2
56366,1
56367,0
56368,1
56369,0
56370,0
56371,0
56372,1
56373,0
56374,1
56375,0
56376,0
56377,0
56378,0
56379,0
56380,2
56381,0
56382,0
56383,0
56384,2
56385,1
56386,0
56387,0
56388,0
56389,0
56390,0
56391,0
56392,2
56393,0
56394,1
56395,1
56396,0
56397,0
56398,5
56399,0
56400,1
56401,0
56402,0
56403,0
56404,0
56405,3
56406,0
56407,1
56408,1
56409,0
56410,0
56411,1
56412,0
56413,0
56414,1
56415,1
56416,0
56417,2
56418,0
56419,0
56420,1
56421,1
56422,0
56423,0
56424,0
56425,0
56426,0
56427,0
56428,0
56429,1
56430,1
56431,0
56432,1
56433,0
56434,0
56435,1
56436,1
56437,1
56438,0
56439,0
56440,2
56441,0
56442,2
56443,0
56444,0
56445,1
56446,1
56447,0
56448,1
56449,0
56450,2
56451,1
56452,0
56453,0
56454,2
56455,1
56456,0
56457,1
56458,0
56459,0
56460,0
56461,0
56462,1
56463,1
56464,0
56465,1
56466,1
56467,0
56468,2
56469,0
56470,0
56471,2
56472,3
56473,0
56474,0
56475,0
56476,3
56477,2
56478,0
56479,0
56480,1
56481,1
56482,1
56483,0
56484,0
56485,0
56486,1
56487,2
56488,1
56489,1
56490,0
56491,0
56492,1
56493,0
56494,0
56495,0
56496,1
56497,2
56498,0
56499,0
56500,1
56501,0
56502,1
56503,0
56504,0
56505,1
56506,0
56507,0
56508,0
56509,1
56510,0
56511,3
56512,0
56513,0
56514,1
56515,0
56516,0
56517,0
56518,0
56519,1
56520,1
56521,1
56522,0
56523,0
56524,1
56525,0
56526,0
56527,2
56528,1
56529,1
56530,1
56531,1
56532,1
56533,0
56534,0
56535,0
56536,1
56537,0
56538,3
56539,0
56540,0
56541,0
56542,0
56543,1
56544,2
56545,0
56546,2
56547,0
56548,1
56549,5
56550,1
56551,2
56552,7
56553,5
56554,2
56555,2
56556,1
56557,0
56558,2
56559,4
56560,0
56561,0
56562,2
56563,2
56564,3
56565,2
56566,1
56567,2
56568,2
56569,1
56570,3
56571,4
56572,0
56573,2
56574,3
56575,1
56576,0
56577,0
56578,0
56579,0
56580,0
56581,1
56582,0
56583,1
56584,1
56585,1
56586,0
56587,5
56588,1
56589,3
56590,0
56591,19
56592,2
56593,0
56594,1
56595,2
56596,2
56597,2
56598,1
56599,2
56600,0
56601,2
56602,1
56603,1
56604,0
56605,0
56606,0
56607,4
56608,0
56609,1
56610,0
56611,1
56612,0
56613,0
56614,0
56615,2
56616,1
56617,0
56618,1
56619,0
56620,0
56621,0
56622,1
56623,0
56624,0
56625,1
56626,0
56627,0
56628,0
56629,1
56630,0
56631,1
56632,0
56633,1
56634,1
56635,0
56636,0
56637,2
56638,0
56639,0
56640,1
56641,1
56642,1
56643,1
56644,0
56645,0
56646,0
56647,0
56648,0
56649,1
56650,0
56651,0
56652,0
56653,2
56654,0
56655,2
56656,0
56657,2
56658,1
56659,0
56660,1
56661,0
56662,0
56663,2
56664,1
56665,0
56666,2
56667,0
56668,1
56669,0
56670,0
56671,2
56672,0
56673,0
56674,1
56675,1
56676,0
56677,0
56678,1
56679,0
56680,0
56681,1
56682,1
56683,0
56684,0
56685,0
56686,0
56687,1
56688,0
56689,0
56690,0
56691,0
56692,1
56693,0
56694,0
56695,0
56696,0
56697,0
56698,0
56699,0
56700,1
56701,0
56702,1
56703,0
56704,0
56705,1
56706,1
56707,1
56708,1
56709,1
56710,0
56711,2
56712,3
56713,0
56714,1
56715,1
56716,0
56717,1
56718,0
56719,2
56720,0
56721,0
56722,0
56723,0
56724,0
56725,0
56726,2
56727,0
56728,2
56729,3
56730,0
56731,1
56732,2
56733,0
56734,1
56735,1
56736,0
56737,3
56738,0
56739,3
56740,0
56741,1
56742,0
56743,0
56744,1
56745,2
56746,3
56747,2
56748,1
56749,0
56750,0
56751,1
56752,2
56753,0
56754,1
56755,2
56756,0
56757,1
56758,3
56759,2
56760,2
56761,0
56762,3
56763,2
56764,1
56765,0
56766,1
56767,1
56768,1
56769,1
56770,2
56771,0
56772,0
56773,2
56774,2
56775,1
56776,4
56777,2
56778,1
56779,2
56780,2
56781,0
56782,1
56783,0
56784,0
56785,1
56786,0
56787,1
56788,0
56789,1
56790,0
56791,1
56792,2
56793,1
56794,2
56795,1
56796,2
56797,0
56798,1
56799,0
56800,0
56801,2
56802,0
56803,0
56804,2
56805,0
56806,1
56807,2
56808,0
56809,0
56810,0
56811,1
56812,0
56813,0
56814,1
56815,0
56816,0
56817,1
56818,1
56819,0
56820,1
56821,0
56822,0
56823,0
56824,0
56825,1
56826,1
56827,0
56828,0
56829,1
56830,3
56831,3
56832,4
56833,0
56834,1
56835,0
56836,0
56837,0
56838,0
56839,0
56840,0
56841,0
56842,0
56843,0
56844,0
56845,0
56846,0
56847,0
56848,1
56849,1
56850,0
56851,1
56852,1
56853,0
56854,0
56855,0
56856,2
56857,0
56858,0
56859,1
56860,0
56861,0
56862,1
56863,1
56864,0
56865,0
56866,0
56867,1
56868,0
56869,0
56870,0
56871,1
56872,0
56873,0
56874,0
56875,0
56876,0
56877,1
56878,1
56879,1
56880,0
56881,0
56882,1
56883,0
56884,0
56885,2
56886,0
56887,1
56888,0
56889,1
56890,1
56891,0
56892,1
56893,3
56894,2
56895,2
56896,0
56897,5
56898,4
56899,4
56900,2
56901,5
56902,2
56903,0
56904,0
56905,2
56906,0
56907,2
56908,0
56909,0
56910,0
56911,3
56912,0
56913,2
56914,0
56915,2
56916,1
56917,1
56918,3
56919,2
56920,4
56921,0
56922,2
56923,0
56924,1
56925,0
56926,1
56927,1
56928,1
56929,0
56930,1
56931,1
56932,1
56933,2
56934,2
56935,1
56936,1
56937,0
56938,0
56939,2
56940,0
56941,1
56942,2
56943,1
56944,2
56945,0
56946,3
56947,0
56948,1
56949,2
56950,1
56951,1
56952,1
56953,1
56954,0
56955,0
56956,2
56957,1
56958,0
56959,0
56960,1
56961,0
56962,2
56963,1
56964,0
56965,1
56966,0
56967,4
56968,2
56969,3
56970,5
56971,0
56972,0
56973,1
56974,2
56975,0
56976,2
56977,0
56978,6
56979,2
56980,2
56981,3
56982,1
56983,2
56984,2
56985,2
56986,0
56987,2
56988,3
56989,1
56990,1
56991,0
56992,4
56993,3
56994,1
56995,2
56996,4
56997,0
56998,2
56999,0
57000,0
57001,4
57002,2
57003,1
57004,1
57005,1
57006,0
57007,1
57008,1
57009,0
57010,1
57011,0
57012,0
57013,2
57014,0
57015,3
57016,1
57017,0
57018,1
57019,1
57020,0
57021,1
57022,0
57023,2
57024,2
57025,1
57026,1
57027,2
57028,4
57029,0
57030,2
57031,2
57032,0
57033,3
57034,0
57035,1
57036,0
57037,0
57038,1
57039,0
57040,0
57041,0
57042,1
57043,0
57044,0
57045,0
57046,0
57047,0
57048,1
57049,4
57050,2
57051,0
57052,2
57053,0
57054,0
57055,1
57056,0
57057,1
57058,0
57059,2
57060,1
57061,0
57062,0
57063,0
57064,2
57065,1
57066,0
57067,1
57068,0
57069,0
57070,0
57071,1
57072,0
57073,0
57074,0
57075,0
57076,1
57077,1
57078,0
57079,1
57080,1
57081,0
57082,1
57083,1
57084,0
57085,1
57086,1
57087,1
57088,2
57089,1
57090,0
57091,1
57092,0
57093,0
57094,1
57095,0
57096,0
57097,0
57098,1
57099,0
57100,1
57101,1
57102,0
57103,3
57104,1
57105,0
57106,3
57107,0
57108,0
57109,1
57110,1
57111,1
57112,0
57113,0
57114,0
57115,2
57116,0
57117,0
57118,0
57119,5
57120,1
57121,1
57122,0
57123,1
57124,0
57125,3
57126,0
57127,3
57128,1
57129,0
57130,1
57131,0
57132,0
57133,0
57134,1
57135,0
57136,2
57137,1
57138,0
57139,0
57140,1
57141,1
57142,0
57143,1
57144,2
57145,1
57146,0
57147,1
57148,2
57149,2
57150,0
57151,1
57152,0
57153,1
57154,0
57155,4
57156,1
57157,0
57158,0
57159,2
57160,1
57161,3
57162,1
57163,1
57164,2
57165,0
57166,1
57167,1
57168,0
57169,1
57170,0
57171,1
57172,0
57173,0
57174,1
57175,1
57176,0
57177,2
57178,0
57179,1
57180,1
57181,1
57182,0
57183,0
57184,0
57185,1
57186,1
57187,1
57188,1
57189,2
57190,1
57191,0
57192,0
57193,1
57194,0
57195,0
57196,1
57197,0
57198,2
57199,1
57200,1
57201,0
57202,0
57203,2
57204,1
57205,0
57206,0
57207,0
57208,1
57209,1
57210,0
57211,0
57212,1
57213,1
57214,1
57215,1
57216,0
57217,0
57218,0
57219,5
57220,0
57221,3
57222,3
57223,0
57224,1
57225,0
57226,0
57227,2
57228,0
57229,0
57230,2
57231,0
57232,1
57233,1
57234,0
57235,1
57236,1
57237,0
57238,0
57239,1
57240,0
57241,1
57242,1
57243,0
57244,0
57245,1
57246,0
57247,1
57248,1
57249,0
57250,0
57251,0
57252,0
57253,1
57254,1
57255,4
57256,0
57257,1
57258,1
57259,2
57260,2
57261,0
57262,1
57263,1
57264,1
57265,4
57266,0
57267,1
57268,0
57269,0
57270,2
57271,2
57272,0
57273,0
57274,1
57275,0
57276,3
57277,0
57278,1
57279,1
57280,3
57281,1
57282,1
57283,1
57284,2
57285,2
57286,1
57287,0
57288,1
57289,1
57290,0
57291,2
57292,1
57293,0
57294,1
57295,0
57296,3
57297,1
57298,1
57299,0
57300,0
57301,0
57302,0
57303,0
57304,0
57305,1
57306,1
57307,1
57308,0
57309,0
57310,0
57311,0
57312,0
57313,2
57314,0
57315,0
57316,1
57317,1
57318,0
57319,1
57320,0
57321,1
57322,1
57323,0
57324,5
57325,8
57326,0
57327,2
57328,1
57329,0
57330,0
57331,0
57332,3
57333,1
57334,0
57335,0
57336,0
57337,0
57338,2
57339,2
57340,0
57341,2
57342,1
57343,0
57344,1
57345,1
57346,0
57347,0
57348,0
57349,0
57350,1
57351,1
57352,0
57353,1
57354,0
57355,1
57356,1
57357,1
57358,0
57359,0
57360,1
57361,0
57362,1
57363,1
57364,1
57365,0
57366,3
57367,1
57368,0
57369,2
57370,1
57371,1
57372,0
57373,1
57374,0
57375,3
57376,1
57377,0
57378,0
57379,0
57380,3
57381,0
57382,1
57383,2
57384,0
57385,0
57386,0
57387,0
57388,0
57389,1
57390,0
57391,2
57392,1
57393,1
57394,0
57395,1
57396,0
57397,2
57398,1
57399,2
57400,0
57401,0
57402,1
57403,1
57404,1
57405,0
57406,0
57407,0
57408,0
57409,1
57410,0
57411,0
57412,1
57413,2
57414,1
57415,1
57416,2
57417,0
57418,5
57419,1
57420,1
57421,0
57422,1
57423,1
57424,1
57425,0
57426,1
57427,1
57428,0
57429,0
57430,1
57431,0
57432,1
57433,1
57434,2
57435,1
57436,1
57437,2
57438,0
57439,0
57440,1
57441,0
57442,1
57443,0
57444,0
57445,1
57446,2
57447,1
57448,2
57449,0
57450,1
57451,1
57452,1
57453,1
57454,0
57455,0
57456,0
57457,0
57458,0
57459,1
57460,2
57461,2
57462,2
57463,3
57464,1
57465,0
57466,2
57467,2
57468,1
57469,1
57470,0
57471,1
57472,1
57473,0
57474,0
57475,0
57476,0
57477,0
57478,2
57479,0
57480,0
57481,2
57482,0
57483,0
57484,0
57485,4
57486,1
57487,2
57488,0
57489,0
57490,1
57491,0
57492,0
57493,1
57494,1
57495,0
57496,1
57497,1
57498,1
57499,1
57500,0
57501,3
57502,0
57503,1
57504,1
57505,2
57506,0
57507,1
57508,0
57509,2
57510,2
57511,0
57512,0
57513,0
57514,1
57515,2
57516,0
57517,0
57518,1
57519,2
57520,0
57521,0
57522,0
57523,0
57524,1
57525,2
57526,2
57527,0
57528,2
57529,1
57530,0
57531,3
57532,0
57533,0
57534,3
57535,0
57536,0
57537,1
57538,1
57539,2
57540,1
57541,1
57542,3
57543,0
57544,0
57545,2
57546,4
57547,2
57548,4
57549,1
57550,0
57551,0
57552,0
57553,2
57554,3
57555,0
57556,0
57557,0
57558,0
57559,0
57560,0
57561,0
57562,1
57563,0
57564,1
57565,1
57566,0
57567,0
57568,3
57569,1
57570,0
57571,0
57572,0
57573,0
57574,0
57575,1
57576,1
57577,1
57578,0
57579,0
57580,2
57581,0
57582,0
57583,0
57584,1
57585,1
57586,0
57587,1
57588,0
57589,0
57590,2
57591,1
57592,1
57593,0
57594,2
57595,0
57596,0
57597,2
57598,1
57599,2
57600,0
57601,0
57602,0
57603,0
57604,0
57605,0
57606,1
57607,3
57608,0
57609,0
57610,0
57611,0
57612,0
57613,0
57614,2
57615,1
57616,0
57617,0
57618,0
57619,2
57620,2
57621,0
57622,2
57623,1
57624,0
57625,0
57626,0
57627,1
57628,2
57629,1
57630,1
57631,1
57632,2
57633,0
57634,3
57635,1
57636,2
57637,2
57638,0
57639,1
57640,0
57641,2
57642,1
57643,1
57644,1
57645,0
57646,1
57647,0
57648,0
57649,2
57650,0
57651,0
57652,0
57653,2
57654,0
57655,1
57656,1
57657,3
57658,3
57659,1
57660,0
57661,1
57662,1
57663,1
57664,1
57665,2
57666,0
57667,1
57668,1
57669,2
57670,1
57671,0
57672,2
57673,1
57674,0
57675,0
57676,0
57677,2
57678,0
57679,1
57680,3
57681,0
57682,0
57683,0
57684,0
57685,0
57686,0
57687,1
57688,0
57689,2
57690,4
57691,1
57692,0
57693,0
57694,0
57695,0
57696,9
57697,0
57698,0
57699,0
57700,1
57701,0
57702,0
57703,0
57704,1
57705,3
57706,0
57707,0
57708,0
57709,0
57710,0
57711,0
57712,1
57713,0
57714,1
57715,0
57716,1
57717,0
57718,0
57719,0
57720,0
57721,1
57722,2
57723,0
57724,2
57725,0
57726,1
57727,1
57728,0
57729,1
57730,0
57731,0
57732,0
57733,0
57734,1
57735,1
57736,1
57737,1
57738,0
57739,1
57740,1
57741,0
57742,1
57743,2
57744,2
57745,0
57746,1
57747,0
57748,0
57749,1
57750,0
57751,1
57752,2
57753,1
57754,2
57755,1
57756,2
57757,0
57758,1
57759,1
57760,0
57761,0
57762,1
57763,0
57764,0
57765,1
57766,1
57767,0
57768,0
57769,1
57770,2
57771,1
57772,1
57773,0
57774,0
57775,2
57776,1
57777,4
57778,1
57779,0
57780,0
57781,1
57782,1
57783,1
57784,0
57785,0
57786,1
57787,0
57788,0
57789,0
57790,0
57791,1
57792,0
57793,1
57794,0
57795,0
57796,0
57797,1
57798,1
57799,0
57800,0
57801,8
57802,1
57803,1
57804,1
57805,1
57806,1
57807,0
57808,1
57809,2
57810,0
57811,0
57812,0
57813,0
57814,1
57815,1
57816,1
57817,0
57818,1
57819,0
57820,2
57821,0
57822,0
57823,1
57824,1
57825,0
57826,1
57827,0
57828,0
57829,2
57830,0
57831,1
57832,0
57833,0
57834,1
57835,1
57836,0
57837,1
57838,0
57839,0
57840,0
57841,1
57842,1
57843,3
57844,1
57845,0
57846,0
57847,0
57848,1
57849,2
57850,0
57851,0
57852,1
57853,1
57854,2
57855,0
57856,1
57857,1
57858,1
57859,1
57860,1
57861,0
57862,1
57863,0
57864,0
57865,1
57866,0
57867,0
57868,0
57869,0
57870,0
57871,0
57872,0
57873,0
57874,2
57875,6
57876,2
57877,0
57878,0
57879,2
57880,1
57881,0
57882,0
57883,0
57884,1
57885,1
57886,0
57887,1
57888,1
57889,3
57890,0
57891,1
57892,0
57893,8
57894,1
57895,0
57896,1
57897,0
57898,0
57899,5
57900,4
57901,6
57902,0
57903,0
57904,1
57905,2
57906,0
57907,2
57908,1
57909,2
57910,1
57911,0
57912,1
57913,2
57914,1
57915,0
57916,0
57917,1
57918,2
57919,0
57920,2
57921,0
57922,0
57923,0
57924,0
57925,1
57926,0
57927,0
57928,1
57929,2
57930,0
57931,0
57932,0
57933,1
57934,1
57935,1
57936,2
57937,4
57938,3
57939,2
57940,2
57941,0
57942,0
57943,3
57944,0
57945,1
57946,1
57947,0
57948,0
57949,0
57950,0
57951,1
57952,0
57953,0
57954,2
57955,2
57956,0
57957,1
57958,2
57959,1
57960,2
57961,1
57962,3
57963,0
57964,0
57965,0
57966,0
57967,0
57968,0
57969,1
57970,2
57971,0
57972,3
57973,1
57974,0
57975,0
57976,1
57977,0
57978,1
57979,3
57980,2
57981,0
57982,2
57983,2
57984,0
57985,0
57986,4
57987,2
57988,0
57989,3
57990,0
57991,1
57992,0
57993,2
57994,0
57995,1
57996,1
57997,0
57998,0
57999,0
58000,0
58001,1
58002,0
58003,0
58004,1
58005,0
58006,0
58007,0
58008,0
58009,1
58010,1
58011,1
58012,3
58013,1
58014,0
58015,3
58016,3
58017,1
58018,1
58019,0
58020,0
58021,0
58022,3
58023,0
58024,0
58025,1
58026,1
58027,0
58028,1
58029,1
58030,0
58031,0
58032,0
58033,2
58034,0
58035,0
58036,1
58037,0
58038,0
58039,0
58040,0
58041,1
58042,0
58043,0
58044,5
58045,6
58046,0
58047,0
58048,0
58049,8
58050,3
58051,0
58052,3
58053,2
58054,3
58055,2
58056,1
58057,0
58058,0
58059,0
58060,2
58061,2
58062,5
58063,0
58064,0
58065,0
58066,0
58067,0
58068,1
58069,0
58070,0
58071,1
58072,2
58073,0
58074,4
58075,0
58076,0
58077,3
58078,1
58079,0
58080,0
58081,0
58082,1
58083,1
58084,1
58085,0
58086,1
58087,0
58088,1
58089,0
58090,1
58091,1
58092,0
58093,0
58094,2
58095,0
58096,0
58097,1
58098,1
58099,1
58100,1
58101,2
58102,0
58103,0
58104,0
58105,0
58106,2
58107,1
58108,0
58109,0
58110,0
58111,1
58112,0
58113,1
58114,2
58115,2
58116,0
58117,0
58118,0
58119,0
58120,0
58121,0
58122,0
58123,1
58124,1
58125,0
58126,0
58127,0
58128,0
58129,0
58130,0
58131,2
58132,1
58133,5
58134,1
58135,0
58136,2
58137,3
58138,2
58139,2
58140,0
58141,3
58142,0
58143,0
58144,1
58145,0
58146,0
58147,0
58148,0
58149,0
58150,2
58151,1
58152,1
58153,1
58154,0
58155,0
58156,0
58157,1
58158,2
58159,0
58160,1
58161,1
58162,0
58163,0
58164,0
58165,1
58166,0
58167,1
58168,2
58169,0
58170,0
58171,2
58172,0
58173,2
58174,2
58175,0
58176,0
58177,0
58178,0
58179,0
58180,0
58181,2
58182,1
58183,0
58184,1
58185,4
58186,0
58187,2
58188,1
58189,1
58190,2
58191,0
58192,0
58193,0
58194,0
58195,0
58196,1
58197,0
58198,0
58199,3
58200,0
58201,0
58202,1
58203,5
58204,2
58205,4
58206,5
58207,2
58208,1
58209,5
58210,1
58211,0
58212,0
58213,1
58214,0
58215,1
58216,0
58217,1
58218,1
58219,1
58220,2
58221,1
58222,4
58223,0
58224,1
58225,5
58226,0
58227,0
58228,0
58229,0
58230,0
58231,0
58232,0
58233,1
58234,0
58235,0
58236,2
58237,1
58238,1
58239,1
58240,3
58241,0
58242,0
58243,0
58244,0
58245,3
58246,2
58247,1
58248,26
58249,0
58250,0
58251,1
58252,0
58253,0
58254,2
58255,1
58256,1
58257,1
58258,0
58259,1
58260,0
58261,2
58262,0
58263,1
58264,0
58265,0
58266,0
58267,1
58268,0
58269,1
58270,0
58271,0
58272,1
58273,0
58274,0
58275,3
58276,1
58277,2
58278,1
58279,2
58280,1
58281,0
58282,3
58283,4
58284,1
58285,2
58286,1
58287,1
58288,1
58289,1
58290,0
58291,1
58292,2
58293,0
58294,0
58295,1
58296,3
58297,4
58298,2
58299,5
58300,2
58301,2
58302,2
58303,3
58304,3
58305,1
58306,2
58307,0
58308,0
58309,0
58310,0
58311,0
58312,0
58313,1
58314,0
58315,0
58316,0
58317,0
58318,2
58319,2
58320,0
58321,2
58322,1
58323,1
58324,0
58325,0
58326,1
58327,0
58328,0
58329,1
58330,0
58331,0
58332,0
58333,1
58334,0
58335,0
58336,2
58337,1
58338,0
58339,7
58340,0
58341,2
58342,4
58343,7
58344,4
58345,2
58346,3
58347,1
58348,2
58349,0
58350,2
58351,0
58352,1
58353,0
58354,0
58355,0
58356,0
58357,9
58358,2
58359,1
58360,2
58361,3
58362,0
58363,1
58364,3
58365,2
58366,1
58367,0
58368,3
58369,1
58370,0
58371,0
58372,1
58373,1
58374,1
58375,1
58376,0
58377,0
58378,0
58379,0
58380,1
58381,1
58382,0
58383,1
58384,0
58385,0
58386,0
58387,2
58388,0
58389,2
58390,0
58391,4
58392,1
58393,1
58394,3
58395,0
58396,0
58397,0
58398,0
58399,0
58400,0
58401,2
58402,2
58403,0
58404,2
58405,0
58406,2
58407,1
58408,1
58409,5
58410,1
58411,4
58412,1
58413,0
58414,3
58415,0
58416,1
58417,0
58418,0
58419,0
58420,0
58421,1
58422,0
58423,4
58424,0
58425,2
58426,0
58427,0
58428,2
58429,0
58430,0
58431,1
58432,2
58433,1
58434,1
58435,0
58436,0
58437,0
58438,0
58439,3
58440,0
58441,0
58442,0
58443,0
58444,0
58445,0
58446,0
58447,0
58448,0
58449,0
58450,2
58451,1
58452,0
58453,1
58454,0
58455,0
58456,0
58457,2
58458,2
58459,0
58460,4
58461,0
58462,0
58463,0
58464,1
58465,0
58466,0
58467,0
58468,3
58469,0
58470,3
58471,2
58472,1
58473,0
58474,1
58475,0
58476,2
58477,1
58478,0
58479,1
58480,0
58481,0
58482,1
58483,3
58484,0
58485,1
58486,1
58487,2
58488,2
58489,2
58490,0
58491,0
58492,0
58493,1
58494,0
58495,1
58496,2
58497,1
58498,1
58499,0
58500,2
58501,2
58502,1
58503,1
58504,1
58505,0
58506,1
58507,0
58508,0
58509,1
58510,1
58511,0
58512,1
58513,0
58514,0
58515,0
58516,1
58517,1
58518,4
58519,1
58520,1
58521,0
58522,0
58523,0
58524,1
58525,1
58526,1
58527,0
58528,1
58529,2
58530,0
58531,1
58532,1
58533,0
58534,1
58535,0
58536,0
58537,1
58538,0
58539,0
58540,2
58541,0
58542,0
58543,1
58544,0
58545,0
58546,2
58547,1
58548,0
58549,0
58550,0
58551,1
58552,0
58553,0
58554,1
58555,0
58556,0
58557,0
58558,0
58559,3
58560,0
58561,0
58562,0
58563,2
58564,0
58565,1
58566,2
58567,1
58568,3
58569,0
58570,0
58571,0
58572,1
58573,0
58574,0
58575,1
58576,0
58577,2
58578,1
58579,1
58580,0
58581,0
58582,2
58583,2
58584,2
58585,0
58586,0
58587,1
58588,0
58589,0
58590,0
58591,1
58592,1
58593,0
58594,0
58595,3
58596,0
58597,1
58598,0
58599,0
58600,3
58601,1
58602,0
58603,1
58604,0
58605,1
58606,1
58607,0
58608,1
58609,1
58610,0
58611,1
58612,0
58613,1
58614,2
58615,1
58616,0
58617,1
58618,4
58619,2
58620,4
58621,2
58622,2
58623,1
58624,3
58625,1
58626,7
58627,3
58628,1
58629,1
58630,1
58631,1
58632,0
58633,0
58634,2
58635,0
58636,2
58637,0
58638,1
58639,0
58640,1
58641,1
58642,1
58643,3
58644,0
58645,0
58646,2
58647,1
58648,0
58649,0
58650,1
58651,2
58652,1
58653,0
58654,0
58655,16
58656,1
58657,1
58658,3
58659,1
58660,1
58661,1
58662,2
58663,0
58664,4
58665,1
58666,18
58667,2
58668,0
58669,0
58670,0
58671,6
58672,3
58673,3
58674,13
58675,0
58676,2
58677,17
58678,0
58679,0
58680,2
58681,0
58682,2
58683,0
58684,0
58685,0
58686,3
58687,1
58688,1
58689,4
58690,1
58691,2
58692,0
58693,0
58694,0
58695,1
58696,21
58697,5
58698,1
58699,0
58700,0
58701,1
58702,1
58703,1
58704,0
58705,1
58706,0
58707,0
58708,1
58709,0
58710,3
58711,1
58712,0
58713,1
58714,1
58715,0
58716,4
58717,4
58718,3
58719,0
58720,2
58721,0
58722,5
58723,0
58724,1
58725,2
58726,0
58727,0
58728,0
58729,3
58730,3
58731,4
58732,80
58733,0
58734,0
58735,1
58736,0
58737,0
58738,1
58739,1
58740,0
58741,0
58742,0
58743,0
58744,0
58745,3
58746,0
58747,1
58748,3
58749,1
58750,1
58751,0
58752,1
58753,0
58754,0
58755,1
58756,0
58757,1
58758,2
58759,0
58760,0
58761,0
58762,1
58763,0
58764,0
58765,2
58766,0
58767,0
58768,1
58769,3
58770,0
58771,2
58772,0
58773,0
58774,2
58775,1
58776,0
58777,0
58778,2
58779,0
58780,0
58781,0
58782,0
58783,0
58784,1
58785,1
58786,0
58787,1
58788,0
58789,1
58790,0
58791,0
58792,0
58793,0
58794,0
58795,1
58796,0
58797,0
58798,0
58799,0
58800,2
58801,2
58802,1
58803,0
58804,0
58805,1
58806,0
58807,0
58808,1
58809,1
58810,0
58811,1
58812,0
58813,1
58814,1
58815,0
58816,1
58817,0
58818,2
58819,1
58820,1
58821,1
58822,0
58823,0
58824,0
58825,0
58826,1
58827,0
58828,0
58829,5
58830,1
58831,0
58832,0
58833,1
58834,1
58835,0
58836,0
58837,0
58838,0
58839,0
58840,0
58841,0
58842,0
58843,0
58844,0
58845,3
58846,0
58847,0
58848,2
58849,1
58850,0
58851,3
58852,1
58853,0
58854,0
58855,0
58856,2
58857,1
58858,1
58859,2
58860,0
58861,2
58862,1
58863,4
58864,0
58865,3
58866,0
58867,0
58868,1
58869,2
58870,0
58871,0
58872,1
58873,2
58874,0
58875,2
58876,1
58877,1
58878,3
58879,0
58880,0
58881,0
58882,0
58883,0
58884,0
58885,1
58886,0
58887,0
58888,1
58889,0
58890,1
58891,1
58892,0
58893,0
58894,1
58895,0
58896,1
58897,1
58898,0
58899,0
58900,2
58901,0
58902,1
58903,0
58904,0
58905,0
58906,0
58907,2
58908,1
58909,1
58910,0
58911,3
58912,5
58913,1
58914,1
58915,2
58916,3
58917,1
58918,1
58919,0
58920,1
58921,0
58922,0
58923,0
58924,1
58925,3
58926,1
58927,2
58928,1
58929,0
58930,2
58931,1
58932,0
58933,4
58934,3
58935,1
58936,0
58937,1
58938,3
58939,1
58940,1
58941,1
58942,1
58943,0
58944,1
58945,2
58946,2
58947,0
58948,1
58949,1
58950,0
58951,4
58952,0
58953,1
58954,1
58955,2
58956,0
58957,2
58958,1
58959,1
58960,1
58961,0
58962,1
58963,2
58964,0
58965,1
58966,2
58967,1
58968,0
58969,0
58970,0
58971,0
58972,1
58973,1
58974,2
58975,2
58976,3
58977,1
58978,1
58979,1
58980,0
58981,0
58982,2
58983,0
58984,2
58985,0
58986,0
58987,0
58988,0
58989,0
58990,0
58991,1
58992,5
58993,1
58994,0
58995,0
58996,0
58997,2
58998,1
58999,0
59000,2
59001,3
59002,2
59003,1
59004,1
59005,1
59006,0
59007,2
59008,3
59009,2
59010,2
59011,0
59012,1
59013,2
59014,5
59015,1
59016,0
59017,6
59018,1
59019,1
59020,2
59021,1
59022,0
59023,0
59024,1
59025,2
59026,1
59027,5
59028,1
59029,2
59030,0
59031,0
59032,1
59033,0
59034,1
59035,3
59036,0
59037,2
59038,1
59039,1
59040,1
59041,0
59042,0
59043,0
59044,1
59045,0
59046,5
59047,1
59048,1
59049,0
59050,1
59051,1
59052,1
59053,1
59054,1
59055,1
59056,1
59057,1
59058,0
59059,1
59060,0
59061,1
59062,0
59063,1
59064,0
59065,0
59066,0
59067,1
59068,2
59069,0
59070,1
59071,1
59072,0
59073,0
59074,2
59075,1
59076,0
59077,1
59078,1
59079,1
59080,1
59081,0
59082,1
59083,1
59084,0
59085,1
59086,0
59087,0
59088,1
59089,0
59090,1
59091,1
59092,0
59093,0
59094,3
59095,2
59096,3
59097,2
59098,0
59099,0
59100,3
59101,2
59102,0
59103,1
59104,1
59105,0
59106,1
59107,1
59108,1
59109,0
59110,1
59111,1
59112,3
59113,0
59114,4
59115,0
59116,1
59117,1
59118,0
59119,1
59120,1
59121,0
59122,1
59123,0
59124,1
59125,3
59126,2
59127,2
59128,2
59129,0
59130,2
59131,2
59132,1
59133,1
59134,1
59135,1
59136,1
59137,2
59138,2
59139,0
59140,1
59141,0
59142,0
59143,3
59144,2
59145,1
59146,3
59147,1
59148,0
59149,0
59150,3
59151,2
59152,0
59153,4
59154,1
59155,1
59156,4
59157,3
59158,2
59159,0
59160,1
59161,1
59162,1
59163,2
59164,2
59165,3
59166,0
59167,3
59168,2
59169,2
59170,0
59171,2
59172,0
59173,0
59174,0
59175,3
59176,0
59177,0
59178,1
59179,2
59180,1
59181,0
59182,2
59183,1
59184,0
59185,0
59186,1
59187,7
59188,1
59189,0
59190,0
59191,1
59192,0
59193,1
59194,0
59195,1
59196,1
59197,1
59198,1
59199,1
59200,1
59201,1
59202,0
59203,0
59204,1
59205,2
59206,0
59207,1
59208,0
59209,0
59210,0
59211,0
59212,1
59213,1
59214,2
59215,2
59216,0
59217,0
59218,1
59219,0
59220,0
59221,0
59222,0
59223,0
59224,0
59225,3
59226,0
59227,0
59228,0
59229,0
59230,0
59231,1
59232,0
59233,0
59234,0
59235,0
59236,1
59237,1
59238,0
59239,2
59240,2
59241,0
59242,2
59243,1
59244,1
59245,1
59246,1
59247,0
59248,1
59249,1
59250,1
59251,1
59252,1
59253,2
59254,1
59255,2
59256,3
59257,0
59258,0
59259,0
59260,1
59261,2
59262,0
59263,3
59264,0
59265,1
59266,0
59267,0
59268,2
59269,0
59270,1
59271,1
59272,1
59273,0
59274,0
59275,0
59276,0
59277,1
59278,1
59279,2
59280,0
59281,1
59282,1
59283,0
59284,2
59285,2
59286,0
59287,0
59288,0
59289,0
59290,1
59291,1
59292,2
59293,0
59294,0
59295,1
59296,1
59297,0
59298,2
59299,0
59300,1
59301,2
59302,0
59303,0
59304,1
59305,3
59306,0
59307,1
59308,0
59309,0
59310,1
59311,0
59312,4
59313,1
59314,2
59315,1
59316,0
59317,0
59318,0
59319,0
59320,1
59321,1
59322,0
59323,0
59324,0
59325,3
59326,0
59327,1
59328,0
59329,3
59330,1
59331,3
59332,1
59333,3
59334,2
59335,0
59336,1
59337,0
59338,1
59339,0
59340,0
59341,0
59342,0
59343,0
59344,0
59345,1
59346,4
59347,1
59348,2
59349,3
59350,0
59351,0
59352,0
59353,1
59354,0
59355,1
59356,2
59357,1
59358,3
59359,0
59360,0
59361,0
59362,0
59363,1
59364,1
59365,3
59366,2
59367,2
59368,1
59369,0
59370,0
59371,0
59372,1
59373,1
59374,0
59375,0
59376,1
59377,1
59378,1
59379,0
59380,0
59381,0
59382,1
59383,0
59384,0
59385,0
59386,0
59387,1
59388,0
59389,0
59390,0
59391,0
59392,0
59393,0
59394,0
59395,0
59396,2
59397,0
59398,0
59399,1
59400,0
59401,1
59402,0
59403,0
59404,2
59405,0
59406,2
59407,0
59408,1
59409,0
59410,0
59411,1
59412,1
59413,0
59414,0
59415,2
59416,0
59417,1
59418,0
59419,0
59420,0
59421,0
59422,0
59423,0
59424,2
59425,0
59426,1
59427,1
59428,0
59429,0
59430,2
59431,2
59432,0
59433,1
59434,0
59435,0
59436,0
59437,0
59438,2
59439,1
59440,0
59441,0
59442,2
59443,2
59444,2
59445,1
59446,2
59447,1
59448,1
59449,2
59450,1
59451,0
59452,1
59453,0
59454,0
59455,0
59456,0
59457,0
59458,0
59459,0
59460,0
59461,2
59462,0
59463,2
59464,2
59465,0
59466,0
59467,0
59468,2
59469,0
59470,1
59471,3
59472,0
59473,1
59474,0
59475,1
59476,0
59477,1
59478,0
59479,0
59480,0
59481,0
59482,0
59483,2
59484,0
59485,3
59486,2
59487,0
59488,1
59489,2
59490,0
59491,1
59492,0
59493,0
59494,0
59495,0
59496,2
59497,2
59498,0
59499,1
59500,1
59501,2
59502,4
59503,2
59504,4
59505,0
59506,2
59507,3
59508,1
59509,7
59510,1
59511,0
59512,1
59513,0
59514,3
59515,0
59516,1
59517,1
59518,2
59519,1
59520,3
59521,1
59522,1
59523,0
59524,1
59525,6
59526,1
59527,2
59528,3
59529,2
59530,3
59531,1
59532,1
59533,2
59534,2
59535,1
59536,1
59537,0
59538,0
59539,0
59540,1
59541,0
59542,0
59543,2
59544,0
59545,0
59546,3
59547,4
59548,0
59549,2
59550,3
59551,0
59552,1
59553,0
59554,1
59555,1
59556,2
59557,0
59558,4
59559,1
59560,0
59561,2
59562,1
59563,0
59564,2
59565,2
59566,3
59567,3
59568,2
59569,1
59570,1
59571,0
59572,0
59573,0
59574,5
59575,2
59576,0
59577,0
59578,1
59579,1
59580,0
59581,1
59582,2
59583,0
59584,1
59585,1
59586,0
59587,1
59588,0
59589,0
59590,1
59591,0
59592,0
59593,1
59594,1
59595,0
59596,1
59597,4
59598,1
59599,0
59600,1
59601,2
59602,1
59603,1
59604,0
59605,0
59606,0
59607,0
59608,1
59609,1
59610,1
59611,0
59612,1
59613,3
59614,1
59615,0
59616,0
59617,0
59618,1
59619,1
59620,2
59621,3
59622,0
59623,3
59624,0
59625,0
59626,0
59627,2
59628,2
59629,0
59630,0
59631,3
59632,0
59633,2
59634,1
59635,1
59636,10
59637,1
59638,1
59639,1
59640,2
59641,0
59642,1
59643,0
59644,1
59645,0
59646,1
59647,0
59648,2
59649,1
59650,0
59651,0
59652,3
59653,0
59654,1
59655,0
59656,0
59657,3
59658,2
59659,4
59660,0
59661,1
59662,0
59663,0
59664,2
59665,2
59666,2
59667,5
59668,2
59669,1
59670,0
59671,0
59672,4
59673,2
59674,2
59675,0
59676,1
59677,0
59678,1
59679,0
59680,2
59681,0
59682,0
59683,1
59684,1
59685,0
59686,0
59687,0
59688,0
59689,1
59690,0
59691,3
59692,2
59693,0
59694,0
59695,1
59696,1
59697,0
59698,0
59699,1
59700,2
59701,1
59702,0
59703,1
59704,0
59705,1
59706,0
59707,0
59708,1
59709,0
59710,0
59711,3
59712,0
59713,1
59714,1
59715,0
59716,1
59717,1
59718,1
59719,0
59720,0
59721,1
59722,0
59723,0
59724,3
59725,6
59726,3
59727,0
59728,1
59729,0
59730,2
59731,0
59732,0
59733,1
59734,4
59735,1
59736,1
59737,1
59738,2
59739,0
59740,0
59741,0
59742,0
59743,2
59744,1
59745,0
59746,2
59747,0
59748,1
59749,0
59750,1
59751,0
59752,2
59753,0
59754,0
59755,3
59756,1
59757,0
59758,0
59759,2
59760,1
59761,1
59762,1
59763,1
59764,0
59765,1
59766,2
59767,0
59768,0
59769,0
59770,0
59771,1
59772,1
59773,5
59774,0
59775,0
59776,0
59777,1
59778,0
59779,0
59780,1
59781,0
59782,2
59783,1
59784,1
59785,0
59786,0
59787,0
59788,3
59789,0
59790,0
59791,1
59792,0
59793,0
59794,1
59795,1
59796,0
59797,0
59798,1
59799,0
59800,0
59801,0
59802,3
59803,0
59804,0
59805,1
59806,0
59807,3
59808,9
59809,1
59810,4
59811,0
59812,1
59813,2
59814,0
59815,0
59816,1
59817,0
59818,0
59819,1
59820,1
59821,0
59822,0
59823,0
59824,0
59825,0
59826,3
59827,1
59828,0
59829,3
59830,1
59831,8
59832,2
59833,2
59834,1
59835,4
59836,3
59837,4
59838,0
59839,1
59840,0
59841,0
59842,3
59843,0
59844,0
59845,3
59846,4
59847,0
59848,0
59849,0
59850,0
59851,2
59852,0
59853,0
59854,1
59855,2
59856,2
59857,0
59858,0
59859,2
59860,2
59861,0
59862,3
59863,0
59864,0
59865,0
59866,1
59867,0
59868,0
59869,2
59870,1
59871,0
59872,1
59873,2
59874,0
59875,1
59876,2
59877,0
59878,0
59879,1
59880,1
59881,0
59882,2
59883,0
59884,2
59885,0
59886,3
59887,2
59888,1
59889,0
59890,1
59891,0
59892,3
59893,2
59894,0
59895,2
59896,1
59897,1
59898,0
59899,0
59900,0
59901,0
59902,0
59903,1
59904,0
59905,0
59906,1
59907,1
59908,1
59909,0
59910,1
59911,0
59912,0
59913,0
59914,0
59915,4
59916,0
59917,0
59918,0
59919,0
59920,0
59921,3
59922,1
59923,2
59924,2
59925,0
59926,3
59927,0
59928,2
59929,1
59930,0
59931,0
59932,5
59933,2
59934,0
59935,2
59936,7
59937,1
59938,1
59939,0
59940,1
59941,0
59942,1
59943,0
59944,1
59945,1
59946,1
59947,0
59948,0
59949,0
59950,1
59951,2
59952,1
59953,3
59954,1
59955,2
59956,0
59957,0
59958,0
59959,1
59960,1
59961,0
59962,3
59963,5
59964,4
59965,1
59966,2
59967,0
59968,0
59969,0
59970,1
59971,3
59972,2
59973,3
59974,2
59975,0
59976,5
59977,1
59978,2
59979,0
59980,0
59981,0
59982,0
59983,0
59984,2
59985,1
59986,1
59987,0
59988,1
59989,3
59990,0
59991,0
59992,0
59993,3
59994,1
59995,2
59996,0
59997,0
59998,0
59999,2
60000,0
60001,0
60002,0
60003,1
60004,1
60005,2
60006,2
60007,1
60008,2
60009,0
60010,1
60011,3
60012,1
60013,0
60014,2
60015,0
60016,1
60017,2
60018,0
60019,0
60020,0
60021,0
60022,0
60023,0
60024,2
60025,0
60026,0
60027,1
60028,2
60029,2
60030,2
60031,0
60032,0
60033,0
60034,0
60035,0
60036,0
60037,3
60038,3
60039,0
60040,0
60041,0
60042,0
60043,0
60044,0
60045,0
60046,0
60047,3
60048,1
60049,0
60050,1
60051,2
60052,0
60053,0
60054,2
60055,1
60056,0
60057,1
60058,0
60059,1
60060,0
60061,1
60062,1
60063,0
60064,0
60065,1
60066,0
60067,0
60068,0
60069,0
60070,1
60071,1
60072,0
60073,0
60074,0
60075,1
60076,1
60077,1
60078,0
60079,1
60080,0
60081,0
60082,0
60083,3
60084,0
60085,0
60086,3
60087,0
60088,3
60089,0
60090,0
60091,1
60092,0
60093,0
60094,0
60095,0
60096,3
60097,0
60098,1
60099,0
60100,0
60101,0
60102,1
60103,2
60104,2
60105,2
60106,1
60107,0
60108,0
60109,1
60110,1
60111,0
60112,0
60113,0
60114,0
60115,3
60116,0
60117,0
60118,0
60119,1
60120,2
60121,0
60122,1
60123,1
60124,1
60125,0
60126,0
60127,1
60128,1
60129,1
60130,1
60131,0
60132,2
60133,1
60134,0
60135,0
60136,1
60137,1
60138,0
60139,0
60140,0
60141,0
60142,1
60143,1
60144,0
60145,0
60146,0
60147,2
60148,2
60149,0
60150,3
60151,2
60152,0
60153,1
60154,0
60155,2
60156,2
60157,1
60158,0
60159,1
60160,0
60161,2
60162,0
60163,1
60164,0
60165,0
60166,1
60167,1
60168,1
60169,2
60170,1
60171,2
60172,1
60173,2
60174,0
60175,0
60176,0
60177,0
60178,0
60179,2
60180,2
60181,0
60182,0
60183,3
60184,0
60185,0
60186,1
60187,1
60188,1
60189,0
60190,3
60191,1
60192,2
60193,0
60194,1
60195,0
60196,1
60197,0
60198,0
60199,3
60200,2
60201,0
60202,1
60203,1
60204,0
60205,1
60206,0
60207,0
60208,1
60209,0
60210,0
60211,1
60212,2
60213,0
60214,0
60215,0
60216,0
60217,0
60218,0
60219,0
60220,1
60221,2
60222,1
60223,0
60224,0
60225,2
60226,0
60227,1
60228,3
60229,1
60230,0
60231,0
60232,0
60233,1
60234,0
60235,1
60236,0
60237,0
60238,1
60239,0
60240,0
60241,1
60242,2
60243,0
60244,0
60245,2
60246,2
60247,0
60248,0
60249,2
60250,4
60251,0
60252,2
60253,0
60254,0
60255,1
60256,0
60257,2
60258,1
60259,5
60260,3
60261,5
60262,2
60263,0
60264,3
60265,0
60266,1
60267,1
60268,0
60269,2
60270,0
60271,2
60272,2
60273,0
60274,2
60275,1
60276,3
60277,0
60278,0
60279,0
60280,2
60281,0
60282,0
60283,1
60284,2
60285,3
60286,0
60287,1
60288,0
60289,4
60290,0
60291,1
60292,0
60293,0
60294,1
60295,0
60296,2
60297,1
60298,1
60299,0
60300,2
60301,3
60302,0
60303,1
60304,1
60305,1
60306,1
60307,2
60308,1
60309,2
60310,0
60311,0
60312,0
60313,1
60314,0
60315,1
60316,1
60317,1
60318,2
60319,0
60320,2
60321,2
60322,0
60323,0
60324,1
60325,1
60326,0
60327,0
60328,1
60329,2
60330,6
60331,3
60332,1
60333,0
60334,0
60335,0
60336,1
60337,0
60338,1
60339,2
60340,0
60341,0
60342,3
60343,1
60344,0
60345,0
60346,1
60347,1
60348,1
60349,1
60350,0
60351,1
60352,1
60353,0
60354,1
60355,0
60356,0
60357,0
60358,0
60359,0
60360,3
60361,2
60362,0
60363,0
60364,0
60365,0
60366,4
60367,1
60368,0
60369,2
60370,1
60371,0
60372,0
60373,0
60374,1
60375,1
60376,0
60377,1
60378,0
60379,1
60380,3
60381,1
60382,1
60383,3
60384,2
60385,0
60386,1
60387,0
60388,0
60389,2
60390,2
60391,0
60392,0
60393,1
60394,1
60395,0
60396,0
60397,0
60398,0
60399,1
60400,0
60401,0
60402,2
60403,0
60404,0
60405,3
60406,0
60407,0
60408,0
60409,0
60410,0
60411,0
60412,0
60413,1
60414,0
60415,0
60416,1
60417,1
60418,1
60419,1
60420,0
60421,0
60422,1
60423,1
60424,1
60425,0
60426,2
60427,1
60428,0
60429,1
60430,1
60431,0
60432,1
60433,0
60434,4
60435,0
60436,0
60437,0
60438,1
60439,2
60440,0
60441,0
60442,0
60443,0
60444,0
60445,1
60446,0
60447,0
60448,1
60449,1
60450,1
60451,0
60452,0
60453,2
60454,1
60455,2
60456,0
60457,0
60458,0
60459,1
60460,0
60461,2
60462,4
60463,1
60464,1
60465,0
60466,0
60467,0
60468,1
60469,0
60470,0
60471,0
60472,2
60473,1
60474,2
60475,0
60476,1
60477,0
60478,3
60479,0
60480,1
60481,1
60482,0
60483,2
60484,0
60485,0
60486,1
60487,0
60488,0
60489,0
60490,1
60491,2
60492,0
60493,0
60494,0
60495,0
60496,0
60497,0
60498,0
60499,0
60500,0
60501,1
60502,0
60503,1
60504,0
60505,3
60506,0
60507,1
60508,2
60509,1
60510,0
60511,4
60512,0
60513,1
60514,2
60515,1
60516,3
60517,1
60518,1
60519,0
60520,0
60521,1
60522,0
60523,2
60524,0
60525,3
60526,1
60527,1
60528,0
60529,0
60530,4
60531,0
60532,0
60533,1
60534,2
60535,0
60536,2
60537,0
60538,0
60539,1
60540,1
60541,0
60542,0
60543,1
60544,1
60545,0
60546,1
60547,0
60548,1
60549,0
60550,1
60551,1
60552,1
60553,0
60554,1
60555,4
60556,6
60557,1
60558,2
60559,0
60560,0
60561,3
60562,1
60563,1
60564,0
60565,1
60566,0
60567,0
60568,0
60569,0
60570,1
60571,1
60572,0
60573,0
60574,0
60575,0
60576,0
60577,0
60578,0
60579,2
60580,0
60581,0
60582,1
60583,0
60584,0
60585,0
60586,0
60587,1
60588,1
60589,0
60590,2
60591,0
60592,0
60593,0
60594,0
60595,0
60596,2
60597,6
60598,2
60599,0
60600,1
60601,0
60602,0
60603,3
60604,0
60605,0
60606,1
60607,0
60608,1
60609,1
60610,0
60611,0
60612,1
60613,0
60614,1
60615,0
60616,0
60617,0
60618,2
60619,1
60620,3
60621,1
60622,1
60623,0
60624,0
60625,3
60626,0
60627,1
60628,0
60629,0
60630,0
60631,0
60632,1
60633,1
60634,2
60635,0
60636,0
60637,0
60638,1
60639,0
60640,1
60641,1
60642,0
60643,0
60644,1
60645,0
60646,0
60647,0
60648,2
60649,1
60650,0
60651,0
60652,0
60653,0
60654,0
60655,1
60656,0
60657,1
60658,1
60659,1
60660,1
60661,1
60662,0
60663,0
60664,0
60665,0
60666,0
60667,0
60668,1
60669,0
60670,0
60671,2
60672,1
60673,1
60674,0
60675,2
60676,0
60677,0
60678,0
60679,2
60680,0
60681,1
60682,1
60683,2
60684,2
60685,0
60686,1
60687,1
60688,0
60689,0
60690,1
60691,1
60692,1
60693,1
60694,1
60695,1
60696,1
60697,3
60698,0
60699,4
60700,0
60701,0
60702,1
60703,2
60704,0
60705,0
60706,0
60707,2
60708,0
60709,1
60710,0
60711,0
60712,2
60713,0
60714,1
60715,1
60716,0
60717,1
60718,2
60719,4
60720,3
60721,3
60722,1
60723,2
60724,2
60725,2
60726,0
60727,1
60728,0
60729,0
60730,0
60731,0
60732,2
60733,0
60734,0
60735,0
60736,0
60737,0
60738,0
60739,0
60740,0
60741,1
60742,1
60743,1
60744,2
60745,0
60746,0
60747,1
60748,1
60749,0
60750,0
60751,0
60752,0
60753,1
60754,1
60755,0
60756,0
60757,0
60758,0
60759,0
60760,1
60761,0
60762,1
60763,1
60764,3
60765,1
60766,0
60767,0
60768,1
60769,0
60770,1
60771,0
60772,0
60773,0
60774,3
60775,0
60776,3
60777,1
60778,1
60779,0
60780,0
60781,0
60782,1
60783,2
60784,0
60785,1
60786,1
60787,3
60788,0
60789,2
60790,0
60791,1
60792,0
60793,2
60794,1
60795,1
60796,4
60797,0
60798,0
60799,1
60800,2
60801,1
60802,3
60803,4
60804,3
60805,1
60806,0
60807,3
60808,15
60809,5
60810,3
60811,2
60812,3
60813,2
60814,4
60815,1
60816,0
60817,6
60818,2
60819,0
60820,2
60821,6
60822,1
60823,4
60824,2
60825,0
60826,1
60827,0
60828,0
60829,1
60830,2
60831,0
60832,0
60833,5
60834,1
60835,4
60836,1
60837,0
60838,0
60839,0
60840,0
60841,2
60842,0
60843,0
60844,1
60845,1
60846,1
60847,2
60848,16
60849,7
60850,0
60851,0
60852,1
60853,1
60854,0
60855,1
60856,0
60857,1
60858,1
60859,1
60860,0
60861,1
60862,2
60863,1
60864,0
60865,0
60866,0
60867,2
60868,2
60869,4
60870,2
60871,1
60872,0
60873,3
60874,0
60875,2
60876,2
60877,1
60878,0
60879,1
60880,2
60881,3
60882,0
60883,2
60884,0
60885,1
60886,2
60887,1
60888,0
60889,2
60890,1
60891,1
60892,0
60893,0
60894,0
60895,0
60896,0
60897,0
60898,2
60899,1
60900,0
60901,5
60902,0
60903,1
60904,8
60905,1
60906,0
60907,0
60908,0
60909,1
60910,1
60911,1
60912,0
60913,1
60914,0
60915,0
60916,0
60917,0
60918,2
60919,1
60920,0
60921,0
60922,1
60923,2
60924,0
60925,1
60926,0
60927,1
60928,1
60929,0
60930,0
60931,0
60932,0
60933,3
60934,2
60935,1
60936,0
60937,1
60938,1
60939,0
60940,1
60941,1
60942,0
60943,0
60944,0
60945,1
60946,1
60947,0
60948,0
60949,1
60950,0
60951,0
60952,0
60953,9
60954,0
60955,0
60956,0
60957,1
60958,0
60959,0
60960,3
60961,0
60962,2
60963,4
60964,0
60965,2
60966,1
60967,0
60968,1
60969,0
60970,0
60971,0
60972,1
60973,0
60974,0
60975,0
60976,1
60977,0
60978,0
60979,0
60980,0
60981,1
60982,0
60983,0
60984,0
60985,0
60986,1
60987,0
60988,0
60989,0
60990,1
60991,0
60992,1
60993,0
60994,2
60995,0
60996,0
60997,0
60998,1
60999,1
61000,2
61001,0
61002,2
61003,0
61004,0
61005,0
61006,0
61007,1
61008,0
61009,1
61010,2
61011,0
61012,1
61013,0
61014,2
61015,2
61016,2
61017,1
61018,0
61019,1
61020,1
61021,3
61022,0
61023,0
61024,0
61025,0
61026,1
61027,1
61028,1
61029,2
61030,0
61031,1
61032,0
61033,4
61034,2
61035,3
61036,0
61037,0
61038,0
61039,0
61040,2
61041,0
61042,1
61043,3
61044,1
61045,1
61046,1
61047,0
61048,0
61049,0
61050,2
61051,0
61052,0
61053,0
61054,1
61055,0
61056,0
61057,2
61058,0
61059,1
61060,0
61061,0
61062,0
61063,0
61064,0
61065,4
61066,1
61067,0
61068,2
61069,0
61070,1
61071,1
61072,0
61073,0
61074,0
61075,0
61076,2
61077,0
61078,0
61079,1
61080,4
61081,2
61082,1
61083,6
61084,1
61085,0
61086,1
61087,0
61088,2
61089,5
61090,4
61091,4
61092,3
61093,2
61094,1
61095,1
61096,1
61097,1
61098,3
61099,0
61100,1
61101,0
61102,2
61103,0
61104,1
61105,0
61106,0
61107,0
61108,0
61109,1
61110,0
61111,1
61112,0
61113,1
61114,2
61115,1
61116,3
61117,3
61118,0
61119,0
61120,1
61121,0
61122,1
61123,0
61124,0
61125,1
61126,0
61127,0
61128,0
61129,0
61130,0
61131,1
61132,0
61133,0
61134,0
61135,0
61136,0
61137,1
61138,0
61139,0
61140,1
61141,0
61142,0
61143,1
61144,0
61145,0
61146,0
61147,1
61148,0
61149,0
61150,1
61151,0
61152,0
61153,1
61154,1
61155,2
61156,0
61157,0
61158,0
61159,1
61160,3
61161,2
61162,0
61163,0
61164,2
61165,0
61166,1
61167,2
61168,1
61169,3
61170,2
61171,0
61172,2
61173,0
61174,0
61175,1
61176,0
61177,0
61178,1
61179,0
61180,0
61181,2
61182,0
61183,0
61184,0
61185,1
61186,1
61187,0
61188,0
61189,1
61190,0
61191,2
61192,0
61193,1
61194,0
61195,0
61196,1
61197,0
61198,0
61199,0
61200,0
61201,1
61202,1
61203,1
61204,0
61205,0
61206,0
61207,0
61208,2
61209,1
61210,0
61211,2
61212,0
61213,0
61214,0
61215,1
61216,0
61217,3
61218,1
61219,1
61220,1
61221,0
61222,0
61223,2
61224,1
61225,1
61226,0
61227,0
61228,2
61229,0
61230,1
61231,2
61232,0
61233,0
61234,1
61235,0
61236,1
61237,1
61238,1
61239,1
61240,1
61241,1
61242,1
61243,1
61244,0
61245,0
61246,1
61247,0
61248,0
61249,2
61250,2
61251,0
61252,0
61253,2
61254,1
61255,0
61256,0
61257,0
61258,0
61259,1
61260,0
61261,0
61262,1
61263,2
61264,0
61265,2
61266,0
61267,1
61268,0
61269,0
61270,0
61271,0
61272,0
61273,0
61274,0
61275,2
61276,0
61277,0
61278,0
61279,0
61280,0
61281,0
61282,1
61283,0
61284,0
61285,0
61286,1
61287,2
61288,1
61289,0
61290,1
61291,0
61292,0
61293,2
61294,0
61295,1
61296,1
61297,0
61298,1
61299,1
61300,1
61301,2
61302,0
61303,1
61304,3
61305,0
61306,2
61307,2
61308,0
61309,1
61310,1
61311,0
61312,0
61313,0
61314,2
61315,0
61316,1
61317,0
61318,0
61319,1
61320,0
61321,0
61322,1
61323,0
61324,3
61325,0
61326,0
61327,1
61328,2
61329,0
61330,0
61331,1
61332,1
61333,1
61334,0
61335,2
61336,2
61337,1
61338,1
61339,1
61340,1
61341,0
61342,2
61343,2
61344,0
61345,0
61346,0
61347,3
61348,0
61349,0
61350,0
61351,1
61352,1
61353,0
61354,0
61355,0
61356,1
61357,2
61358,0
61359,0
61360,0
61361,1
61362,0
61363,0
61364,0
61365,2
61366,0
61367,0
61368,0
61369,2
61370,2
61371,1
61372,1
61373,1
61374,0
61375,0
61376,1
61377,1
61378,0
61379,1
61380,1
61381,0
61382,2
61383,2
61384,0
61385,3
61386,1
61387,0
61388,1
61389,1
61390,1
61391,0
61392,1
61393,1
61394,2
61395,0
61396,0
61397,2
61398,0
61399,0
61400,2
61401,4
61402,1
61403,1
61404,0
61405,0
61406,0
61407,0
61408,4
61409,1
61410,0
61411,0
61412,0
61413,1
61414,0
61415,1
61416,0
61417,0
61418,1
61419,3
61420,0
61421,1
61422,2
61423,0
61424,0
61425,1
61426,0
61427,1
61428,0
61429,2
61430,1
61431,1
61432,0
61433,0
61434,0
61435,1
61436,1
61437,0
61438,0
61439,0
61440,1
61441,3
61442,1
61443,0
61444,0
61445,1
61446,0
61447,1
61448,1
61449,0
61450,2
61451,2
61452,1
61453,2
61454,0
61455,0
61456,1
61457,1
61458,0
61459,0
61460,1
61461,3
61462,1
61463,0
61464,1
61465,0
61466,1
61467,0
61468,1
61469,0
61470,2
61471,1
61472,0
61473,2
61474,1
61475,1
61476,1
61477,1
61478,0
61479,2
61480,0
61481,0
61482,0
61483,1
61484,2
61485,2
61486,1
61487,0
61488,1
61489,2
61490,1
61491,0
61492,1
61493,1
61494,0
61495,0
61496,0
61497,0
61498,1
61499,3
61500,1
61501,0
61502,0
61503,0
61504,0
61505,0
61506,0
61507,2
61508,1
61509,0
61510,6
61511,0
61512,2
61513,1
61514,2
61515,1
61516,0
61517,0
61518,2
61519,2
61520,0
61521,0
61522,2
61523,1
61524,2
61525,1
61526,0
61527,0
61528,2
61529,1
61530,0
61531,0
61532,3
61533,2
61534,2
61535,0
61536,3
61537,0
61538,4
61539,1
61540,2
61541,0
61542,0
61543,0
61544,0
61545,1
61546,0
61547,0
61548,1
61549,0
61550,0
61551,0
61552,0
61553,0
61554,0
61555,0
61556,0
61557,0
61558,1
61559,0
61560,0
61561,8
61562,2
61563,1
61564,1
61565,1
61566,1
61567,1
61568,0
61569,1
61570,1
61571,0
61572,0
61573,1
61574,1
61575,1
61576,1
61577,1
61578,0
61579,0
61580,0
61581,2
61582,0
61583,0
61584,0
61585,0
61586,0
61587,2
61588,1
61589,0
61590,0
61591,2
61592,1
61593,0
61594,0
61595,0
61596,0
61597,2
61598,0
61599,0
61600,0
61601,0
61602,1
61603,0
61604,0
61605,1
61606,0
61607,0
61608,1
61609,1
61610,1
61611,1
61612,2
61613,0
61614,0
61615,1
61616,2
61617,2
61618,1
61619,0
61620,0
61621,0
61622,0
61623,0
61624,0
61625,0
61626,0
61627,0
61628,0
61629,1
61630,1
61631,2
61632,0
61633,1
61634,1
61635,1
61636,0
61637,1
61638,1
61639,0
61640,0
61641,1
61642,1
61643,0
61644,1
61645,1
61646,0
61647,0
61648,0
61649,1
61650,1
61651,0
61652,1
61653,1
61654,0
61655,0
61656,0
61657,1
61658,0
61659,0
61660,0
61661,1
61662,0
61663,0
61664,0
61665,0
61666,1
61667,0
61668,0
61669,0
61670,0
61671,0
61672,0
61673,0
61674,0
61675,1
61676,0
61677,0
61678,3
61679,1
61680,0
61681,0
61682,0
61683,0
61684,2
61685,0
61686,7
61687,1
61688,1
61689,1
61690,0
61691,0
61692,1
61693,64
61694,1
61695,4
61696,1
61697,1
61698,0
61699,7
61700,0
61701,0
61702,3
61703,0
61704,4
61705,0
61706,2
61707,4
61708,0
61709,1
61710,4
61711,1
61712,3
61713,5
61714,1
61715,0
61716,1
61717,1
61718,2
61719,1
61720,0
61721,2
61722,3
61723,0
61724,1
61725,1
61726,0
61727,1
61728,1
61729,1
61730,1
61731,0
61732,1
61733,1
61734,2
61735,0
61736,1
61737,1
61738,1
61739,3
61740,0
61741,0
61742,0
61743,1
61744,1
61745,0
61746,0
61747,0
61748,1
61749,0
61750,4
61751,0
61752,0
61753,0
61754,0
61755,2
61756,2
61757,0
61758,2
61759,0
61760,1
61761,1
61762,0
61763,0
61764,1
61765,0
61766,0
61767,1
61768,4
61769,2
61770,7
61771,1
61772,2
61773,2
61774,3
61775,1
61776,0
61777,2
61778,1
61779,0
61780,0
61781,1
61782,1
61783,2
61784,2
61785,1
61786,0
61787,3
61788,0
61789,0
61790,0
61791,0
61792,1
61793,1
61794,1
61795,1
61796,0
61797,2
61798,0
61799,2
61800,0
61801,0
61802,0
61803,1
61804,1
61805,1
61806,2
61807,2
61808,0
61809,0
61810,1
61811,0
61812,1
61813,0
61814,1
61815,0
61816,0
61817,0
61818,0
61819,0
61820,0
61821,1
61822,1
61823,0
61824,0
61825,0
61826,0
61827,1
61828,2
61829,0
61830,0
61831,0
61832,2
61833,0
61834,1
61835,0
61836,1
61837,1
61838,1
61839,0
61840,0
61841,0
61842,0
61843,0
61844,0
61845,1
61846,0
61847,1
61848,2
61849,1
61850,0
61851,0
61852,2
61853,0
61854,0
61855,0
61856,0
61857,0
61858,0
61859,1
61860,0
61861,0
61862,0
61863,0
61864,2
61865,1
61866,0
61867,0
61868,1
61869,1
61870,1
61871,0
61872,1
61873,0
61874,0
61875,1
61876,1
61877,2
61878,0
61879,4
61880,0
61881,1
61882,1
61883,1
61884,1
61885,0
61886,1
61887,1
61888,2
61889,1
61890,1
61891,0
61892,2
61893,1
61894,3
61895,4
61896,0
61897,0
61898,0
61899,0
61900,0
61901,2
61902,2
61903,0
61904,0
61905,0
61906,1
61907,2
61908,1
61909,1
61910,0
61911,2
61912,0
61913,1
61914,1
61915,0
61916,0
61917,0
61918,2
61919,2
61920,0
61921,0
61922,0
61923,3
61924,0
61925,1
61926,0
61927,5
61928,4
61929,1
61930,1
61931,0
61932,0
61933,0
61934,0
61935,1
61936,0
61937,1
61938,0
61939,1
61940,0
61941,0
61942,1
61943,4
61944,1
61945,1
61946,1
61947,0
61948,0
61949,0
61950,0
61951,0
61952,0
61953,2
61954,0
61955,0
61956,0
61957,0
61958,0
61959,1
61960,6
61961,2
61962,0
61963,0
61964,0
61965,1
61966,1
61967,1
61968,1
61969,2
61970,0
61971,0
61972,2
61973,1
61974,2
61975,1
61976,0
61977,0
61978,1
61979,0
61980,0
61981,2
61982,0
61983,0
61984,0
61985,0
61986,1
61987,0
61988,1
61989,1
61990,0
61991,1
61992,0
61993,0
61994,2
61995,1
61996,0
61997,0
61998,0
61999,0
62000,0
62001,0
62002,0
62003,0
62004,0
62005,1
62006,2
62007,0
62008,1
62009,1
62010,1
62011,1
62012,0
62013,1
62014,0
62015,3
62016,1
62017,2
62018,0
62019,0
62020,0
62021,0
62022,2
62023,0
62024,0
62025,1
62026,1
62027,0
62028,0
62029,0
62030,0
62031,0
62032,0
62033,0
62034,2
62035,0
62036,0
62037,0
62038,1
62039,0
62040,0
62041,1
62042,1
62043,1
62044,1
62045,0
62046,3
62047,1
62048,1
62049,1
62050,2
62051,3
62052,1
62053,1
62054,4
62055,1
62056,0
62057,0
62058,0
62059,0
62060,0
62061,0
62062,1
62063,0
62064,1
62065,3
62066,0
62067,0
62068,0
62069,3
62070,1
62071,4
62072,3
62073,0
62074,1
62075,1
62076,0
62077,1
62078,2
62079,0
62080,0
62081,0
62082,0
62083,1
62084,2
62085,1
62086,2
62087,2
62088,0
62089,0
62090,1
62091,3
62092,1
62093,0
62094,0
62095,1
62096,0
62097,2
62098,2
62099,0
62100,0
62101,1
62102,0
62103,1
62104,1
62105,0
62106,4
62107,1
62108,3
62109,0
62110,1
62111,2
62112,1
62113,2
62114,2
62115,4
62116,1
62117,1
62118,0
62119,0
62120,0
62121,1
62122,0
62123,2
62124,0
62125,2
62126,1
62127,1
62128,0
62129,0
62130,0
62131,2
62132,0
62133,3
62134,1
62135,2
62136,1
62137,0
62138,2
62139,0
62140,0
62141,0
62142,0
62143,2
62144,0
62145,0
62146,0
62147,0
62148,1
62149,4
62150,1
62151,0
62152,0
62153,0
62154,1
62155,0
62156,0
62157,1
62158,1
62159,1
62160,1
62161,1
62162,1
62163,0
62164,0
62165,0
62166,1
62167,1
62168,1
62169,0
62170,0
62171,0
62172,3
62173,2
62174,3
62175,3
62176,1
62177,1
62178,1
62179,1
62180,0
62181,0
62182,1
62183,0
62184,0
62185,0
62186,3
62187,0
62188,1
62189,1
62190,0
62191,2
62192,1
62193,4
62194,0
62195,0
62196,0
62197,1
62198,0
62199,2
62200,0
62201,0
62202,2
62203,0
62204,1
62205,1
62206,0
62207,1
62208,0
62209,1
62210,1
62211,0
62212,0
62213,0
62214,2
62215,0
62216,0
62217,0
62218,2
62219,1
62220,0
62221,0
62222,0
62223,0
62224,0
62225,1
62226,0
62227,0
62228,0
62229,0
62230,0
62231,1
62232,1
62233,0
62234,1
62235,0
62236,1
62237,0
62238,0
62239,1
62240,1
62241,1
62242,2
62243,2
62244,0
62245,2
62246,0
62247,1
62248,0
62249,0
62250,1
62251,1
62252,0
62253,0
62254,0
62255,2
62256,0
62257,2
62258,1
62259,0
62260,1
62261,1
62262,0
62263,2
62264,0
62265,0
62266,1
62267,0
62268,1
62269,0
62270,1
62271,1
62272,0
62273,0
62274,2
62275,2
62276,2
62277,0
62278,1
62279,0
62280,0
62281,0
62282,2
62283,0
62284,2
62285,0
62286,2
62287,1
62288,2
62289,0
62290,0
62291,0
62292,0
62293,1
62294,1
62295,2
62296,0
62297,0
62298,0
62299,0
62300,0
62301,1
62302,0
62303,0
62304,1
62305,2
62306,0
62307,0
62308,0
62309,0
62310,3
62311,1
62312,2
62313,0
62314,1
62315,2
62316,1
62317,2
62318,0
62319,0
62320,1
62321,0
62322,1
62323,2
62324,1
62325,0
62326,0
62327,0
62328,1
62329,0
62330,1
62331,0
62332,1
62333,0
62334,0
62335,0
62336,0
62337,1
62338,0
62339,1
62340,0
62341,1
62342,2
62343,1
62344,0
62345,0
62346,0
62347,2
62348,0
62349,0
62350,0
62351,1
62352,1
62353,0
62354,0
62355,1
62356,2
62357,1
62358,1
62359,1
62360,2
62361,1
62362,0
62363,1
62364,0
62365,2
62366,0
62367,0
62368,1
62369,2
62370,1
62371,0
62372,0
62373,0
62374,1
62375,0
62376,3
62377,2
62378,0
62379,0
62380,0
62381,2
62382,0
62383,1
62384,2
62385,0
62386,0
62387,0
62388,0
62389,0
62390,0
62391,1
62392,0
62393,0
62394,0
62395,0
62396,0
62397,0
62398,1
62399,1
62400,0
62401,0
62402,0
62403,1
62404,0
62405,0
62406,0
62407,2
62408,1
62409,1
62410,0
62411,1
62412,0
62413,0
62414,0
62415,0
62416,1
62417,1
62418,1
62419,0
62420,0
62421,3
62422,2
62423,1
62424,1
62425,1
62426,2
62427,0
62428,0
62429,0
62430,0
62431,1
62432,0
62433,1
62434,2
62435,1
62436,0
62437,0
62438,1
62439,1
62440,0
62441,2
62442,1
62443,2
62444,2
62445,0
62446,1
62447,1
62448,3
62449,1
62450,0
62451,8
62452,0
62453,0
62454,1
62455,0
62456,0
62457,0
62458,1
62459,0
62460,0
62461,2
62462,0
62463,0
62464,0
62465,1
62466,0
62467,0
62468,2
62469,3
62470,0
62471,0
62472,1
62473,0
62474,0
62475,1
62476,2
62477,1
62478,0
62479,1
62480,0
62481,1
62482,1
62483,2
62484,0
62485,2
62486,0
62487,0
62488,0
62489,3
62490,1
62491,0
62492,1
62493,0
62494,1
62495,2
62496,0
62497,0
62498,0
62499,0
62500,0
62501,0
62502,2
62503,0
62504,0
62505,0
62506,0
62507,0
62508,1
62509,1
62510,0
62511,0
62512,3
62513,1
62514,0
62515,2
62516,1
62517,0
62518,1
62519,1
62520,2
62521,1
62522,0
62523,1
62524,0
62525,0
62526,3
62527,0
62528,2
62529,3
62530,0
62531,5
62532,3
62533,3
62534,0
62535,3
62536,0
62537,0
62538,1
62539,3
62540,1
62541,0
62542,0
62543,3
62544,1
62545,2
62546,0
62547,0
62548,3
62549,1
62550,2
62551,2
62552,0
62553,0
62554,0
62555,0
62556,1
62557,0
62558,1
62559,2
62560,1
62561,0
62562,0
62563,0
62564,1
62565,0
62566,0
62567,0
62568,1
62569,1
62570,0
62571,1
62572,0
62573,0
62574,2
62575,0
62576,2
62577,0
62578,0
62579,0
62580,0
62581,2
62582,2
62583,0
62584,0
62585,0
62586,0
62587,0
62588,0
62589,2
62590,0
62591,1
62592,1
62593,2
62594,6
62595,1
62596,1
62597,0
62598,0
62599,1
62600,1
62601,0
62602,1
62603,0
62604,2
62605,1
62606,2
62607,1
62608,0
62609,0
62610,3
62611,0
62612,0
62613,0
62614,0
62615,0
62616,0
62617,0
62618,1
62619,0
62620,0
62621,0
62622,1
62623,0
62624,0
62625,0
62626,0
62627,1
62628,0
62629,1
62630,0
62631,0
62632,1
62633,0
62634,0
62635,3
62636,0
62637,0
62638,0
62639,0
62640,0
62641,0
62642,0
62643,1
62644,0
62645,0
62646,1
62647,0
62648,1
62649,0
62650,0
62651,0
62652,0
62653,2
62654,0
62655,0
62656,1
62657,0
62658,2
62659,0
62660,1
62661,1
62662,1
62663,2
62664,2
62665,0
62666,0
62667,0
62668,1
62669,0
62670,0
62671,1
62672,2
62673,3
62674,1
62675,1
62676,0
62677,0
62678,0
62679,1
62680,1
62681,1
62682,1
62683,0
62684,0
62685,0
62686,0
62687,3
62688,1
62689,0
62690,1
62691,0
62692,1
62693,1
62694,0
62695,0
62696,0
62697,0
62698,0
62699,1
62700,0
62701,0
62702,1
62703,2
62704,1
62705,1
62706,1
62707,0
62708,0
62709,0
62710,2
62711,0
62712,2
62713,0
62714,2
62715,0
62716,1
62717,1
62718,3
62719,2
62720,1
62721,0
62722,0
62723,0
62724,0
62725,1
62726,1
62727,0
62728,1
62729,0
62730,1
62731,0
62732,1
62733,0
62734,2
62735,1
62736,2
62737,0
62738,1
62739,0
62740,0
62741,0
62742,4
62743,0
62744,0
62745,1
62746,0
62747,3
62748,1
62749,0
62750,2
62751,1
62752,1
62753,2
62754,3
62755,0
62756,2
62757,0
62758,0
62759,0
62760,1
62761,0
62762,0
62763,1
62764,1
62765,0
62766,1
62767,0
62768,0
62769,0
62770,0
62771,0
62772,2
62773,1
62774,2
62775,1
62776,0
62777,0
62778,3
62779,7
62780,1
62781,0
62782,0
62783,1
62784,1
62785,0
62786,1
62787,0
62788,1
62789,0
62790,1
62791,1
62792,0
62793,0
62794,0
62795,1
62796,0
62797,0
62798,0
62799,1
62800,1
62801,1
62802,0
62803,0
62804,0
62805,0
62806,0
62807,0
62808,1
62809,0
62810,0
62811,0
62812,0
62813,2
62814,0
62815,0
62816,1
62817,1
62818,1
62819,0
62820,0
62821,3
62822,0
62823,0
62824,0
62825,1
62826,0
62827,1
62828,0
62829,0
62830,1
62831,0
62832,0
62833,0
62834,1
62835,0
62836,0
62837,0
62838,0
62839,1
62840,0
62841,1
62842,0
62843,0
62844,2
62845,1
62846,1
62847,1
62848,0
62849,0
62850,0
62851,1
62852,0
62853,1
62854,0
62855,0
62856,0
62857,2
62858,0
62859,1
62860,0
62861,0
62862,0
62863,0
62864,3
62865,1
62866,1
62867,0
62868,1
62869,0
62870,1
62871,0
62872,0
62873,0
62874,1
62875,0
62876,0
62877,1
62878,0
62879,0
62880,1
62881,0
62882,2
62883,1
62884,0
62885,1
62886,1
62887,0
62888,1
62889,0
62890,0
62891,1
62892,0
62893,3
62894,0
62895,0
62896,0
62897,2
62898,0
62899,1
62900,0
62901,0
62902,1
62903,0
62904,1
62905,0
62906,1
62907,0
62908,0
62909,1
62910,0
62911,1
62912,0
62913,0
62914,2
62915,0
62916,0
62917,1
62918,1
62919,0
62920,0
62921,0
62922,1
62923,2
62924,1
62925,0
62926,0
62927,0
62928,2
62929,2
62930,0
62931,0
62932,0
62933,2
62934,0
62935,0
62936,0
62937,0
62938,1
62939,0
62940,1
62941,0
62942,0
62943,0
62944,0
62945,0
62946,0
62947,3
62948,2
62949,0
62950,1
62951,0
62952,1
62953,1
62954,1
62955,0
62956,0
62957,0
62958,0
62959,0
62960,0
62961,0
62962,0
62963,0
62964,0
62965,1
62966,0
62967,1
62968,0
62969,1
62970,0
62971,0
62972,0
62973,1
62974,1
62975,2
62976,2
62977,0
62978,0
62979,1
62980,1
62981,3
62982,1
62983,2
62984,0
62985,0
62986,2
62987,1
62988,1
62989,1
62990,1
62991,0
62992,0
62993,0
62994,0
62995,2
62996,0
62997,0
62998,1
62999,1
63000,1
63001,0
63002,1
63003,0
63004,0
63005,0
63006,0
63007,1
63008,1
63009,2
63010,0
63011,0
63012,0
63013,1
63014,1
63015,0
63016,0
63017,0
63018,0
63019,1
63020,1
63021,0
63022,1
63023,3
63024,1
63025,0
63026,0
63027,2
63028,0
63029,1
63030,3
63031,1
63032,0
63033,2
63034,1
63035,1
63036,1
63037,1
63038,1
63039,0
63040,0
63041,1
63042,0
63043,0
63044,2
63045,0
63046,0
63047,1
63048,0
63049,2
63050,0
63051,0
63052,0
63053,0
63054,0
63055,2
63056,2
63057,3
63058,0
63059,1
63060,1
63061,0
63062,0
63063,1
63064,0
63065,0
63066,0
63067,1
63068,0
63069,1
63070,2
63071,0
63072,0
63073,0
63074,1
63075,0
63076,0
63077,0
63078,0
63079,2
63080,0
63081,0
63082,1
63083,1
63084,5
63085,0
63086,0
63087,2
63088,1
63089,0
63090,0
63091,0
63092,0
63093,0
63094,1
63095,0
63096,1
63097,1
63098,0
63099,1
63100,2
63101,2
63102,2
63103,1
63104,0
63105,2
63106,3
63107,0
63108,0
63109,0
63110,0
63111,1
63112,2
63113,1
63114,1
63115,1
63116,0
63117,2
63118,1
63119,1
63120,0
63121,1
63122,0
63123,0
63124,1
63125,2
63126,0
63127,0
63128,0
63129,1
63130,0
63131,0
63132,0
63133,0
63134,0
63135,0
63136,1
63137,1
63138,2
63139,1
63140,0
63141,3
63142,1
63143,0
63144,0
63145,0
63146,3
63147,0
63148,1
63149,1
63150,1
63151,0
63152,1
63153,1
63154,0
63155,3
63156,4
63157,1
63158,0
63159,0
63160,5
63161,3
63162,0
63163,0
63164,0
63165,0
63166,0
63167,0
63168,0
63169,1
63170,1
63171,0
63172,1
63173,2
63174,0
63175,0
63176,1
63177,0
63178,0
63179,1
63180,0
63181,0
63182,0
63183,1
63184,1
63185,0
63186,1
63187,0
63188,0
63189,2
63190,1
63191,0
63192,1
63193,0
63194,1
63195,0
63196,0
63197,2
63198,0
63199,1
63200,1
63201,1
63202,1
63203,0
63204,0
63205,3
63206,1
63207,0
63208,0
63209,2
63210,1
63211,1
63212,0
63213,0
63214,1
63215,0
63216,0
63217,0
63218,0
63219,0
63220,6
63221,0
63222,1
63223,0
63224,0
63225,0
63226,0
63227,1
63228,1
63229,0
63230,0
63231,0
63232,3
63233,0
63234,0
63235,0
63236,0
63237,0
63238,0
63239,0
63240,2
63241,0
63242,3
63243,1
63244,1
63245,0
63246,1
63247,0
63248,1
63249,1
63250,0
63251,1
63252,0
63253,0
63254,0
63255,3
63256,1
63257,3
63258,0
63259,2
63260,0
63261,1
63262,0
63263,0
63264,1
63265,0
63266,0
63267,0
63268,0
63269,0
63270,0
63271,0
63272,1
63273,0
63274,1
63275,2
63276,0
63277,1
63278,3
63279,1
63280,1
63281,1
63282,0
63283,45
63284,0
63285,0
63286,0
63287,0
63288,1
63289,1
63290,0
63291,0
63292,1
63293,0
63294,2
63295,0
63296,2
63297,0
63298,3
63299,1
63300,0
63301,1
63302,0
63303,0
63304,0
63305,1
63306,0
63307,4
63308,1
63309,0
63310,3
63311,6
63312,1
63313,1
63314,3
63315,0
63316,1
63317,0
63318,0
63319,1
63320,1
63321,1
63322,0
63323,2
63324,0
63325,0
63326,0
63327,3
63328,0
63329,0
63330,1
63331,1
63332,1
63333,1
63334,0
63335,1
63336,0
63337,2
63338,0
63339,0
63340,5
63341,0
63342,0
63343,1
63344,0
63345,1
63346,0
63347,0
63348,0
63349,0
63350,1
63351,1
63352,1
63353,0
63354,0
63355,0
63356,0
63357,0
63358,0
63359,1
63360,3
63361,1
63362,1
63363,0
63364,1
63365,0
63366,0
63367,1
63368,0
63369,1
63370,0
63371,2
63372,1
63373,0
63374,1
63375,4
63376,0
63377,1
63378,1
63379,1
63380,0
63381,0
63382,1
63383,0
63384,0
63385,0
63386,0
63387,0
63388,1
63389,0
63390,0
63391,3
63392,3
63393,2
63394,1
63395,2
63396,0
63397,0
63398,0
63399,0
63400,0
63401,0
63402,0
63403,1
63404,0
63405,0
63406,2
63407,0
63408,2
63409,2
63410,1
63411,1
63412,0
63413,0
63414,0
63415,0
63416,1
63417,0
63418,0
63419,1
63420,0
63421,0
63422,0
63423,0
63424,0
63425,1
63426,0
63427,1
63428,0
63429,2
63430,0
63431,1
63432,1
63433,0
63434,2
63435,1
63436,1
63437,1
63438,2
63439,0
63440,0
63441,0
63442,0
63443,0
63444,0
63445,0
63446,0
63447,1
63448,0
63449,0
63450,0
63451,2
63452,1
63453,1
63454,0
63455,0
63456,0
63457,0
63458,1
63459,0
63460,0
63461,0
63462,1
63463,0
63464,0
63465,0
63466,1
63467,1
63468,0
63469,2
63470,1
63471,1
63472,0
63473,0
63474,0
63475,0
63476,0
63477,0
63478,0
63479,0
63480,1
63481,2
63482,0
63483,0
63484,0
63485,4
63486,0
63487,0
63488,2
63489,0
63490,0
63491,1
63492,1
63493,0
63494,0
63495,1
63496,1
63497,0
63498,0
63499,0
63500,0
63501,1
63502,1
63503,1
63504,4
63505,0
63506,1
63507,0
63508,3
63509,1
63510,0
63511,1
63512,1
63513,2
63514,1
63515,1
63516,3
63517,1
63518,0
63519,0
63520,0
63521,2
63522,0
63523,1
63524,0
63525,0
63526,1
63527,1
63528,0
63529,0
63530,0
63531,0
63532,0
63533,2
63534,0
63535,4
63536,0
63537,0
63538,0
63539,0
63540,0
63541,0
63542,0
63543,0
63544,1
63545,1
63546,2
63547,1
63548,2
63549,1
63550,0
63551,2
63552,0
63553,2
63554,2
63555,0
63556,0
63557,0
63558,0
63559,0
63560,0
63561,2
63562,0
63563,0
63564,0
63565,0
63566,1
63567,1
63568,0
63569,1
63570,1
63571,1
63572,0
63573,1
63574,1
63575,0
63576,0
63577,3
63578,0
63579,2
63580,1
63581,0
63582,1
63583,0
63584,0
63585,1
63586,1
63587,0
63588,0
63589,0
63590,1
63591,1
63592,0
63593,1
63594,0
63595,1
63596,1
63597,1
63598,0
63599,0
63600,0
63601,0
63602,2
63603,0
63604,0
63605,0
63606,0
63607,1
63608,0
63609,2
63610,2
63611,0
63612,0
63613,2
63614,1
63615,1
63616,0
63617,1
63618,2
63619,2
63620,1
63621,1
63622,0
63623,2
63624,0
63625,0
63626,0
63627,1
63628,0
63629,0
63630,0
63631,2
63632,0
63633,0
63634,1
63635,0
63636,0
63637,0
63638,1
63639,2
63640,4
63641,0
63642,3
63643,1
63644,3
63645,1
63646,0
63647,1
63648,0
63649,0
63650,0
63651,0
63652,0
63653,10
63654,0
63655,0
63656,1
63657,1
63658,0
63659,0
63660,0
63661,0
63662,1
63663,1
63664,0
63665,0
63666,5
63667,1
63668,0
63669,0
63670,0
63671,0
63672,0
63673,0
63674,0
63675,0
63676,0
63677,0
63678,2
63679,2
63680,1
63681,1
63682,0
63683,0
63684,1
63685,0
63686,1
63687,0
63688,0
63689,0
63690,2
63691,0
63692,0
63693,0
63694,0
63695,2
63696,1
63697,0
63698,0
63699,0
63700,0
63701,1
63702,0
63703,0
63704,0
63705,1
63706,6
63707,1
63708,1
63709,2
63710,4
63711,1
63712,3
63713,0
63714,1
63715,0
63716,1
63717,5
63718,0
63719,0
63720,0
63721,0
63722,2
63723,0
63724,1
63725,2
63726,2
63727,1
63728,0
63729,1
63730,2
63731,0
63732,1
63733,0
63734,0
63735,2
63736,0
63737,0
63738,1
63739,2
63740,0
63741,2
63742,2
63743,1
63744,1
63745,0
63746,1
63747,1
63748,0
63749,1
63750,0
63751,2
63752,1
63753,1
63754,1
63755,3
63756,0
63757,0
63758,1
63759,0
63760,1
63761,0
63762,0
63763,0
63764,0
63765,0
63766,1
63767,0
63768,1
63769,1
63770,0
63771,0
63772,0
63773,0
63774,0
63775,1
63776,1
63777,0
63778,0
63779,2
63780,0
63781,0
63782,0
63783,0
63784,0
63785,1
63786,1
63787,0
63788,1
63789,0
63790,2
63791,1
63792,2
63793,1
63794,0
63795,2
63796,1
63797,1
63798,1
63799,1
63800,0
63801,0
63802,1
63803,0
63804,0
63805,2
63806,0
63807,2
63808,2
63809,0
63810,1
63811,2
63812,0
63813,1
63814,0
63815,1
63816,0
63817,1
63818,0
63819,0
63820,1
63821,1
63822,0
63823,0
63824,0
63825,1
63826,2
63827,1
63828,0
63829,0
63830,0
63831,0
63832,0
63833,0
63834,1
63835,0
63836,2
63837,2
63838,2
63839,0
63840,5
63841,1
63842,0
63843,0
63844,0
63845,0
63846,0
63847,0
63848,2
63849,1
63850,0
63851,0
63852,0
63853,1
63854,3
63855,0
63856,0
63857,6
63858,44
63859,2
63860,0
63861,2
63862,1
63863,10
63864,1
63865,2
63866,2
63867,4
63868,1
63869,4
63870,0
63871,0
63872,1
63873,2
63874,0
63875,1
63876,5
63877,2
63878,0
63879,1
63880,0
63881,0
63882,0
63883,1
63884,0
63885,0
63886,1
63887,1
63888,4
63889,0
63890,1
63891,4
63892,0
63893,1
63894,2
63895,3
63896,1
63897,3
63898,4
63899,2
63900,0
63901,0
63902,0
63903,0
63904,0
63905,0
63906,3
63907,0
63908,0
63909,2
63910,0
63911,2
63912,4
63913,1
63914,1
63915,0
63916,0
63917,0
63918,3
63919,0
63920,1
63921,2
63922,0
63923,0
63924,1
63925,0
63926,0
63927,1
63928,4
63929,3
63930,0
63931,1
63932,3
63933,0
63934,4
63935,1
63936,0
63937,1
63938,0
63939,0
63940,0
63941,1
63942,1
63943,0
63944,1
63945,0
63946,4
63947,1
63948,0
63949,0
63950,0
63951,2
63952,1
63953,0
63954,0
63955,2
63956,2
63957,0
63958,1
63959,0
63960,1
63961,0
63962,0
63963,1
63964,0
63965,0
63966,2
63967,2
63968,0
63969,0
63970,0
63971,0
63972,0
63973,1
63974,6
63975,1
63976,3
63977,1
63978,2
63979,0
63980,1
63981,0
63982,0
63983,0
63984,4
63985,0
63986,0
63987,2
63988,1
63989,0
63990,0
63991,1
63992,2
63993,2
63994,2
63995,0
63996,1
63997,1
63998,0
63999,1
64000,3
64001,0
64002,1
64003,0
64004,1
64005,3
64006,0
64007,1
64008,0
64009,4
64010,1
64011,3
64012,0
64013,0
64014,0
64015,1
64016,1
64017,0
64018,0
64019,1
64020,1
64021,0
64022,0
64023,1
64024,1
64025,0
64026,0
64027,0
64028,0
64029,1
64030,0
64031,0
64032,0
64033,0
64034,0
64035,1
64036,0
64037,0
64038,0
64039,3
64040,0
64041,2
64042,0
64043,0
64044,0
64045,0
64046,0
64047,1
64048,0
64049,0
64050,1
64051,0
64052,0
64053,0
64054,0
64055,0
64056,0
64057,0
64058,3
64059,1
64060,2
64061,3
64062,1
64063,2
64064,0
64065,1
64066,0
64067,0
64068,0
64069,0
64070,0
64071,1
64072,1
64073,0
64074,0
64075,0
64076,0
64077,0
64078,1
64079,1
64080,0
64081,1
64082,1
64083,1
64084,0
64085,0
64086,0
64087,0
64088,1
64089,3
64090,0
64091,1
64092,1
64093,1
64094,0
64095,1
64096,1
64097,3
64098,0
64099,0
64100,0
64101,0
64102,0
64103,1
64104,1
64105,0
64106,0
64107,2
64108,1
64109,2
64110,0
64111,2
64112,1
64113,0
64114,1
64115,0
64116,0
64117,0
64118,0
64119,0
64120,0
64121,2
64122,1
64123,1
64124,94
64125,0
64126,0
64127,0
64128,1
64129,1
64130,2
64131,0
64132,1
64133,0
64134,0
64135,2
64136,0
64137,1
64138,0
64139,4
64140,0
64141,2
64142,1
64143,1
64144,3
64145,1
64146,1
64147,1
64148,2
64149,1
64150,1
64151,0
64152,0
64153,0
64154,0
64155,1
64156,1
64157,1
64158,1
64159,0
64160,0
64161,1
64162,1
64163,0
64164,1
64165,3
64166,0
64167,1
64168,2
64169,0
64170,0
64171,0
64172,0
64173,1
64174,0
64175,0
64176,0
64177,0
64178,0
64179,1
64180,1
64181,0
64182,2
64183,1
64184,0
64185,1
64186,0
64187,0
64188,0
64189,0
64190,1
64191,0
64192,0
64193,0
64194,1
64195,1
64196,0
64197,0
64198,0
64199,0
64200,0
64201,3
64202,0
64203,0
64204,0
64205,0
64206,3
64207,0
64208,1
64209,0
64210,1
64211,0
64212,0
64213,1
64214,2
64215,0
64216,0
64217,0
64218,0
64219,0
64220,0
64221,0
64222,1
64223,1
64224,0
64225,4
64226,1
64227,1
64228,0
64229,3
64230,0
64231,0
64232,2
64233,1
64234,0
64235,1
64236,1
64237,0
64238,1
64239,3
64240,0
64241,2
64242,1
64243,1
64244,1
64245,2
64246,0
64247,0
64248,0
64249,0
64250,1
64251,1
64252,2
64253,0
64254,1
64255,0
64256,0
64257,1
64258,0
64259,0
64260,0
64261,2
64262,1
64263,1
64264,0
64265,0
64266,1
64267,3
64268,2
64269,0
64270,1
64271,0
64272,0
64273,1
64274,1
64275,1
64276,3
64277,0
64278,0
64279,0
64280,0
64281,0
64282,1
64283,1
64284,0
64285,1
64286,0
64287,0
64288,1
64289,0
64290,0
64291,1
64292,0
64293,0
64294,1
64295,0
64296,0
64297,0
64298,0
64299,1
64300,0
64301,0
64302,0
64303,0
64304,0
64305,0
64306,0
64307,0
64308,0
64309,1
64310,0
64311,1
64312,1
64313,2
64314,0
64315,5
64316,2
64317,2
64318,2
64319,0
64320,0
64321,1
64322,1
64323,1
64324,0
64325,3
64326,0
64327,0
64328,1
64329,1
64330,1
64331,0
64332,0
64333,2
64334,2
64335,2
64336,0
64337,1
64338,1
64339,2
64340,1
64341,2
64342,0
64343,0
64344,1
64345,0
64346,0
64347,1
64348,0
64349,0
64350,0
64351,1
64352,1
64353,0
64354,0
64355,0
64356,1
64357,0
64358,2
64359,2
64360,1
64361,0
64362,0
64363,0
64364,1
64365,0
64366,0
64367,0
64368,1
64369,2
64370,0
64371,2
64372,0
64373,1
64374,0
64375,0
64376,0
64377,0
64378,2
64379,1
64380,0
64381,0
64382,0
64383,0
64384,0
64385,0
64386,0
64387,1
64388,0
64389,0
64390,0
64391,3
64392,0
64393,1
64394,1
64395,0
64396,3
64397,1
64398,0
64399,1
64400,1
64401,0
64402,1
64403,0
64404,0
64405,0
64406,1
64407,0
64408,0
64409,2
64410,1
64411,1
64412,2
64413,0
64414,0
64415,0
64416,0
64417,0
64418,1
64419,0
64420,1
64421,1
64422,0
64423,1
64424,3
64425,2
64426,0
64427,0
64428,0
64429,0
64430,1
64431,0
64432,0
64433,0
64434,1
64435,2
64436,1
64437,0
64438,1
64439,4
64440,0
64441,4
64442,0
64443,2
64444,2
64445,0
64446,1
64447,2
64448,0
64449,0
64450,1
64451,0
64452,0
64453,2
64454,0
64455,0
64456,0
64457,0
64458,2
64459,0
64460,0
64461,3
64462,1
64463,1
64464,1
64465,0
64466,4
64467,3
64468,1
64469,1
64470,0
64471,1
64472,1
64473,1
64474,0
64475,2
64476,2
64477,2
64478,1
64479,0
64480,1
64481,1
64482,1
64483,0
64484,1
64485,0
64486,4
64487,0
64488,0
64489,0
64490,0
64491,2
64492,1
64493,0
64494,0
64495,1
64496,0
64497,0
64498,0
64499,8
64500,1
64501,1
64502,1
64503,0
64504,1
64505,0
64506,0
64507,0
64508,1
64509,0
64510,0
64511,0
64512,14
64513,4
64514,0
64515,0
64516,0
64517,0
64518,0
64519,0
64520,0
64521,2
64522,1
64523,0
64524,3
64525,1
64526,0
64527,0
64528,0
64529,0
64530,0
64531,0
64532,0
64533,1
64534,0
64535,0
64536,1
64537,0
64538,1
64539,1
64540,2
64541,1
64542,0
64543,1
64544,1
64545,0
64546,0
64547,2
64548,1
64549,0
64550,1
64551,1
64552,0
64553,0
64554,0
64555,2
64556,0
64557,1
64558,0
64559,2
64560,0
64561,1
64562,1
64563,1
64564,1
64565,0
64566,3
64567,3
64568,1
64569,0
64570,0
64571,3
64572,0
64573,0
64574,0
64575,0
64576,2
64577,0
64578,0
64579,0
64580,0
64581,1
64582,4
64583,0
64584,2
64585,1
64586,0
64587,2
64588,1
64589,1
64590,3
64591,1
64592,0
64593,0
64594,0
64595,0
64596,0
64597,3
64598,0
64599,0
64600,1
64601,0
64602,0
64603,1
64604,0
64605,0
64606,0
64607,1
64608,0
64609,0
64610,1
64611,1
64612,1
64613,1
64614,0
64615,0
64616,1
64617,1
64618,0
64619,0
64620,3
64621,0
64622,0
64623,0
64624,0
64625,5
64626,4
64627,1
64628,1
64629,0
64630,0
64631,0
64632,0
64633,0
64634,0
64635,1
64636,1
64637,0
64638,0
64639,2
64640,0
64641,0
64642,0
64643,0
64644,0
64645,0
64646,0
64647,0
64648,0
64649,0
64650,0
64651,1
64652,0
64653,0
64654,0
64655,0
64656,1
64657,0
64658,1
64659,0
64660,0
64661,0
64662,2
64663,0
64664,0
64665,0
64666,0
64667,1
64668,1
64669,0
64670,0
64671,0
64672,1
64673,0
64674,0
64675,0
64676,0
64677,2
64678,2
64679,1
64680,0
64681,1
64682,1
64683,0
64684,1
64685,0
64686,0
64687,1
64688,1
64689,0
64690,1
64691,0
64692,0
64693,0
64694,0
64695,0
64696,0
64697,0
64698,0
64699,0
64700,2
64701,1
64702,0
64703,0
64704,1
64705,1
64706,1
64707,0
64708,0
64709,1
64710,0
64711,1
64712,0
64713,1
64714,1
64715,3
64716,6
64717,1
64718,2
64719,2
64720,0
64721,1
64722,1
64723,2
64724,1
64725,0
64726,0
64727,0
64728,0
64729,0
64730,0
64731,0
64732,3
64733,0
64734,3
64735,0
64736,0
64737,0
64738,0
64739,0
64740,1
64741,0
64742,2
64743,0
64744,0
64745,1
64746,0
64747,1
64748,0
64749,0
64750,0
64751,0
64752,1
64753,0
64754,0
64755,0
64756,0
64757,2
64758,0
64759,0
64760,0
64761,0
64762,1
64763,0
64764,0
64765,0
64766,0
64767,1
64768,0
64769,0
64770,1
64771,1
64772,1
64773,1
64774,2
64775,1
64776,0
64777,1
64778,0
64779,2
64780,0
64781,0
64782,0
64783,0
64784,2
64785,1
64786,1
64787,1
64788,0
64789,3
64790,0
64791,0
64792,0
64793,0
64794,0
64795,0
64796,1
64797,0
64798,0
64799,0
64800,0
64801,2
64802,0
64803,0
64804,0
64805,3
64806,0
64807,0
64808,0
64809,1
64810,1
64811,0
64812,1
64813,0
64814,1
64815,0
64816,1
64817,2
64818,1
64819,1
64820,1
64821,0
64822,1
64823,2
64824,1
64825,1
64826,4
64827,1
64828,0
64829,0
64830,0
64831,0
64832,1
64833,0
64834,0
64835,2
64836,0
64837,1
64838,1
64839,1
64840,0
64841,1
64842,1
64843,2
64844,0
64845,1
64846,0
64847,2
64848,0
64849,1
64850,3
64851,3
64852,0
64853,0
64854,1
64855,2
64856,3
64857,0
64858,0
64859,2
64860,0
64861,2
64862,1
64863,1
64864,1
64865,2
64866,0
64867,1
64868,1
64869,1
64870,0
64871,1
64872,0
64873,0
64874,0
64875,0
64876,0
64877,1
64878,1
64879,0
64880,1
64881,0
64882,0
64883,0
64884,0
64885,0
64886,1
64887,1
64888,3
64889,0
64890,0
64891,2
64892,0
64893,0
64894,1
64895,0
64896,0
64897,0
64898,0
64899,1
64900,0
64901,0
64902,1
64903,1
64904,0
64905,0
64906,0
64907,0
64908,1
64909,1
64910,1
64911,0
64912,1
64913,2
64914,0
64915,0
64916,1
64917,0
64918,0
64919,2
64920,2
64921,2
64922,0
64923,0
64924,2
64925,2
64926,2
64927,1
64928,0
64929,0
64930,0
64931,0
64932,0
64933,0
64934,1
64935,1
64936,0
64937,0
64938,1
64939,1
64940,0
64941,0
64942,0
64943,2
64944,1
64945,1
64946,1
64947,1
64948,1
64949,0
64950,1
64951,1
64952,0
64953,1
64954,0
64955,1
64956,1
64957,0
64958,0
64959,1
64960,0
64961,1
64962,1
64963,0
64964,0
64965,0
64966,3
64967,0
64968,1
64969,1
64970,0
64971,2
64972,0
64973,0
64974,1
64975,0
64976,0
64977,1
64978,1
64979,2
64980,0
64981,0
64982,1
64983,0
64984,1
64985,0
64986,0
64987,1
64988,0
64989,0
64990,1
64991,1
64992,1
64993,0
64994,1
64995,0
64996,0
64997,0
64998,0
64999,0
65000,3
65001,0
65002,2
65003,9
65004,0
65005,0
65006,0
65007,0
65008,0
65009,0
65010,0
65011,0
65012,1
65013,0
65014,1
65015,1
65016,0
65017,1
65018,0
65019,0
65020,0
65021,2
65022,0
65023,0
65024,0
65025,0
65026,0
65027,0
65028,1
65029,3
65030,1
65031,1
65032,0
65033,1
65034,1
65035,1
65036,0
65037,0
65038,0
65039,0
65040,0
65041,0
65042,1
65043,0
65044,0
65045,1
65046,1
65047,1
65048,1
65049,2
65050,0
65051,0
65052,0
65053,1
65054,0
65055,0
65056,1
65057,0
65058,0
65059,0
65060,0
65061,1
65062,2
65063,1
65064,1
65065,0
65066,1
65067,0
65068,0
65069,0
65070,1
65071,0
65072,0
65073,0
65074,0
65075,0
65076,0
65077,0
65078,1
65079,0
65080,2
65081,0
65082,0
65083,0
65084,0
65085,0
65086,1
65087,0
65088,0
65089,0
65090,1
65091,0
65092,2
65093,1
65094,1
65095,0
65096,1
65097,1
65098,0
65099,1
65100,0
65101,0
65102,3
65103,0
65104,2
65105,1
65106,1
65107,1
65108,0
65109,2
65110,1
65111,0
65112,1
65113,3
65114,6
65115,3
65116,2
65117,2
65118,0
65119,11
65120,0
65121,0
65122,0
65123,0
65124,0
65125,1
65126,1
65127,0
65128,2
65129,0
65130,0
65131,1
65132,1
65133,1
65134,0
65135,1
65136,1
65137,0
65138,1
65139,0
65140,1
65141,0
65142,0
65143,1
65144,1
65145,0
65146,0
65147,1
65148,0
65149,1
65150,0
65151,1
65152,2
65153,2
65154,0
65155,1
65156,0
65157,0
65158,0
65159,3
65160,0
65161,1
65162,2
65163,8
65164,0
65165,0
65166,1
65167,0
65168,0
65169,2
65170,2
65171,0
65172,1
65173,1
65174,0
65175,0
65176,1
65177,1
65178,0
65179,0
65180,0
65181,0
65182,0
65183,0
65184,0
65185,0
65186,0
65187,0
65188,0
65189,2
65190,1
65191,3
65192,2
65193,2
65194,1
65195,3
65196,0
65197,0
65198,8
65199,0
65200,1
65201,0
65202,0
65203,0
65204,0
65205,0
65206,1
65207,0
65208,1
65209,1
65210,1
65211,0
65212,1
65213,10
65214,7
65215,5
65216,0
65217,0
65218,1
65219,0
65220,3
65221,2
65222,0
65223,1
65224,2
65225,1
65226,1
65227,0
65228,0
65229,0
65230,2
65231,0
65232,1
65233,2
65234,0
65235,5
65236,0
65237,3
65238,1
65239,1
65240,0
65241,0
65242,1
65243,1
65244,0
65245,0
65246,0
65247,0
65248,0
65249,2
65250,0
65251,1
65252,0
65253,2
65254,0
65255,0
65256,1
65257,5
65258,1
65259,1
65260,2
65261,0
65262,1
65263,0
65264,2
65265,1
65266,1
65267,1
65268,2
65269,0
65270,2
65271,1
65272,0
65273,1
65274,0
65275,0
65276,7
65277,5
65278,0
65279,1
65280,0
65281,1
65282,2
65283,0
65284,1
65285,1
65286,1
65287,1
65288,0
65289,0
65290,1
65291,0
65292,3
65293,0
65294,0
65295,0
65296,0
65297,2
65298,1
65299,2
65300,0
65301,0
65302,0
65303,0
65304,0
65305,0
65306,0
65307,0
65308,2
65309,0
65310,0
65311,1
65312,2
65313,1
65314,2
65315,0
65316,2
65317,1
65318,1
65319,1
65320,1
65321,0
65322,0
65323,0
65324,0
65325,0
65326,0
65327,1
65328,0
65329,0
65330,0
65331,1
65332,0
65333,0
65334,0
65335,1
65336,1
65337,0
65338,0
65339,1
65340,0
65341,2
65342,2
65343,0
65344,0
65345,0
65346,2
65347,1
65348,0
65349,2
65350,0
65351,0
65352,1
65353,1
65354,1
65355,2
65356,2
65357,0
65358,1
65359,1
65360,0
65361,1
65362,0
65363,0
65364,1
65365,0
65366,1
65367,1
65368,1
65369,3
65370,2
65371,7
65372,3
65373,0
65374,1
65375,0
65376,2
65377,0
65378,0
65379,0
65380,0
65381,1
65382,0
65383,2
65384,2
65385,1
65386,1
65387,0
65388,1
65389,0
65390,0
65391,0
65392,1
65393,1
65394,1
65395,1
65396,0
65397,2
65398,1
65399,1
65400,0
65401,1
65402,2
65403,0
65404,2
65405,1
65406,0
65407,1
65408,0
65409,0
65410,0
65411,0
65412,1
65413,2
65414,0
65415,1
65416,0
65417,2
65418,0
65419,1
65420,0
65421,4
65422,2
65423,2
65424,0
65425,1
65426,0
65427,0
65428,0
65429,1
65430,1
65431,2
65432,0
65433,1
65434,0
65435,2
65436,1
65437,0
65438,0
65439,1
65440,1
65441,0
65442,0
65443,0
65444,0
65445,0
65446,2
65447,1
65448,1
65449,0
65450,0
65451,0
65452,2
65453,0
65454,0
65455,2
65456,0
65457,1
65458,0
65459,0
65460,0
65461,0
65462,0
65463,1
65464,0
65465,0
65466,0
65467,0
65468,0
65469,2
65470,0
65471,0
65472,0
65473,0
65474,1
65475,0
65476,1
65477,1
65478,4
65479,0
65480,0
65481,0
65482,0
65483,0
65484,0
65485,1
65486,1
65487,0
65488,0
65489,0
65490,0
65491,1
65492,1
65493,0
65494,0
65495,0
65496,0
65497,1
65498,0
65499,0
65500,0
65501,0
65502,2
65503,0
65504,1
65505,2
65506,3
65507,1
65508,1
65509,0
65510,0
65511,0
65512,0
65513,1
65514,1
65515,0
65516,1
65517,1
65518,1
65519,0
65520,0
65521,2
65522,2
65523,1
65524,1
65525,2
65526,0
65527,1
65528,1
65529,0
65530,0
65531,1
65532,0
65533,0
65534,0
65535,0
65536,0
65537,0
65538,2
65539,5
65540,2
65541,1
65542,2
65543,1
65544,0
65545,0
65546,0
65547,1
65548,0
65549,0
65550,1
65551,0
65552,0
65553,0
65554,1
65555,1
65556,0
65557,3
65558,0
65559,3
65560,4
65561,1
65562,2
65563,0
65564,3
65565,1
65566,0
65567,2
65568,0
65569,0
65570,3
65571,0
65572,3
65573,1
65574,1
65575,0
65576,2
65577,0
65578,0
65579,1
65580,1
65581,0
65582,1
65583,2
65584,1
65585,0
65586,0
65587,2
65588,1
65589,0
65590,1
65591,2
65592,0
65593,3
65594,0
65595,1
65596,0
65597,0
65598,0
65599,0
65600,0
65601,0
65602,1
65603,0
65604,0
65605,0
65606,0
65607,0
65608,0
65609,0
65610,0
65611,0
65612,0
65613,0
65614,0
65615,1
65616,2
65617,1
65618,0
65619,0
65620,1
65621,0
65622,2
65623,0
65624,2
65625,0
65626,0
65627,3
65628,0
65629,1
65630,0
65631,0
65632,1
65633,0
65634,1
65635,1
65636,1
65637,1
65638,1
65639,0
65640,0
65641,1
65642,0
65643,1
65644,1
65645,0
65646,2
65647,0
65648,0
65649,0
65650,0
65651,0
65652,0
65653,0
65654,0
65655,0
65656,0
65657,0
65658,8
65659,0
65660,0
65661,1
65662,0
65663,0
65664,0
65665,0
65666,1
65667,0
65668,0
65669,0
65670,2
65671,6
65672,8
65673,0
65674,1
65675,2
65676,4
65677,1
65678,0
65679,0
65680,1
65681,0
65682,0
65683,0
65684,0
65685,0
65686,0
65687,0
65688,1
65689,0
65690,0
65691,0
65692,0
65693,3
65694,1
65695,0
65696,0
65697,0
65698,0
65699,0
65700,0
65701,0
65702,1
65703,0
65704,0
65705,1
65706,1
65707,2
65708,1
65709,10
65710,1
65711,1
65712,1
65713,3
65714,1
65715,0
65716,0
65717,1
65718,1
65719,2
65720,1
65721,1
65722,0
65723,0
65724,0
65725,0
65726,2
65727,1
65728,0
65729,2
65730,1
65731,0
65732,0
65733,1
65734,0
65735,1
65736,0
65737,0
65738,0
65739,2
65740,0
65741,3
65742,1
65743,2
65744,0
65745,0
65746,2
65747,2
65748,0
65749,0
65750,1
65751,1
65752,1
65753,2
65754,2
65755,1
65756,5
65757,3
65758,2
65759,3
65760,1
65761,2
65762,0
65763,1
65764,0
65765,2
65766,0
65767,2
65768,0
65769,1
65770,0
65771,2
65772,0
65773,1
65774,0
65775,1
65776,0
65777,12
65778,0
65779,4
65780,5
65781,9
65782,5
65783,0
65784,4
65785,4
65786,9
65787,8
65788,3
65789,1
65790,0
65791,1
65792,1
65793,1
65794,1
65795,10
65796,10
65797,10
65798,1
65799,0
65800,0
65801,1
65802,0
65803,2
65804,1
65805,0
65806,1
65807,0
65808,3
65809,1
65810,1
65811,1
65812,0
65813,1
65814,2
65815,0
65816,0
65817,1
65818,6
65819,3
65820,1
65821,0
65822,1
65823,2
65824,0
65825,1
65826,0
65827,0
65828,1
65829,2
65830,0
65831,1
65832,0
65833,2
65834,1
65835,2
65836,0
65837,0
65838,1
65839,0
65840,0
65841,0
65842,0
65843,0
65844,2
65845,2
65846,10
65847,3
65848,1
65849,1
65850,2
65851,0
65852,1
65853,2
65854,1
65855,0
65856,5
65857,3
65858,1
65859,0
65860,1
65861,0
65862,0
65863,0
65864,0
65865,1
65866,0
65867,0
65868,0
65869,0
65870,0
65871,0
65872,0
65873,1
65874,0
65875,0
65876,1
65877,0
65878,0
65879,1
65880,0
65881,0
65882,0
65883,0
65884,0
65885,0
65886,1
65887,0
65888,0
65889,2
65890,9
65891,11
65892,0
65893,1
65894,0
65895,4
65896,1
65897,1
65898,1
65899,0
65900,0
65901,0
65902,0
65903,2
65904,2
65905,1
65906,0
65907,1
65908,0
65909,0
65910,0
65911,0
65912,2
65913,0
65914,0
65915,0
65916,0
65917,0
65918,1
65919,0
65920,0
65921,0
65922,3
65923,0
65924,0
65925,0
65926,1
65927,3
65928,0
65929,0
65930,0
65931,0
65932,0
65933,2
65934,1
65935,0
65936,0
65937,1
65938,7
65939,3
65940,0
65941,0
65942,0
65943,0
65944,0
65945,2
65946,2
65947,0
65948,0
65949,1
65950,2
65951,1
65952,0
65953,0
65954,0
65955,1
65956,0
65957,2
65958,0
65959,0
65960,0
65961,0
65962,0
65963,0
65964,1
65965,2
65966,0
65967,3
65968,1
65969,0
65970,0
65971,2
65972,0
65973,0
65974,1
65975,1
65976,0
65977,1
65978,0
65979,0
65980,0
65981,0
65982,0
65983,1
65984,1
65985,1
65986,0
65987,2
65988,1
65989,0
65990,2
65991,2
65992,0
65993,0
65994,3
65995,2
65996,0
65997,1
65998,0
65999,2
66000,1
66001,1
66002,0
66003,0
66004,1
66005,0
66006,0
66007,5
66008,0
66009,0
66010,1
66011,1
66012,0
66013,1
66014,3
66015,0
66016,0
66017,4
66018,0
66019,2
66020,2
66021,1
66022,1
66023,2
66024,1
66025,0
66026,1
66027,0
66028,1
66029,0
66030,0
66031,0
66032,0
66033,1
66034,4
66035,8
66036,6
66037,4
66038,4
66039,3
66040,4
66041,1
66042,0
66043,0
66044,0
66045,0
66046,1
66047,2
66048,0
66049,2
66050,3
66051,1
66052,3
66053,1
66054,3
66055,3
66056,1
66057,0
66058,0
66059,0
66060,0
66061,4
66062,1
66063,3
66064,2
66065,2
66066,2
66067,2
66068,0
66069,3
66070,1
66071,2
66072,1
66073,3
66074,0
66075,7
66076,2
66077,1
66078,0
66079,2
66080,2
66081,4
66082,3
66083,3
66084,1
66085,0
66086,0
66087,0
66088,1
66089,0
66090,0
66091,1
66092,2
66093,0
66094,0
66095,1
66096,0
66097,2
66098,4
66099,3
66100,0
66101,0
66102,0
66103,0
66104,1
66105,0
66106,2
66107,1
66108,0
66109,0
66110,0
66111,2
66112,0
66113,0
66114,0
66115,1
66116,0
66117,1
66118,2
66119,0
66120,0
66121,0
66122,0
66123,0
66124,2
66125,2
66126,0
66127,2
66128,3
66129,0
66130,1
66131,0
66132,0
66133,0
66134,2
66135,0
66136,2
66137,3
66138,3
66139,0
66140,1
66141,2
66142,1
66143,2
66144,6
66145,1
66146,3
66147,1
66148,0
66149,0
66150,1
66151,1
66152,0
66153,0
66154,1
66155,2
66156,1
66157,0
66158,0
66159,1
66160,0
66161,2
66162,1
66163,0
66164,2
66165,1
66166,1
66167,4
66168,2
66169,2
66170,1
66171,3
66172,2
66173,0
66174,1
66175,2
66176,4
66177,1
66178,0
66179,0
66180,1
66181,3
66182,1
66183,1
66184,3
66185,1
66186,2
66187,0
66188,1
66189,0
66190,0
66191,1
66192,1
66193,3
66194,1
66195,0
66196,0
66197,0
66198,0
66199,1
66200,1
66201,0
66202,0
66203,0
66204,3
66205,0
66206,0
66207,1
66208,0
66209,1
66210,1
66211,0
66212,1
66213,0
66214,1
66215,1
66216,0
66217,0
66218,2
66219,0
66220,1
66221,0
66222,1
66223,0
66224,2
66225,1
66226,1
66227,0
66228,1
66229,0
66230,0
66231,2
66232,0
66233,0
66234,1
66235,3
66236,0
66237,2
66238,0
66239,0
66240,1
66241,0
66242,0
66243,0
66244,0
66245,0
66246,0
66247,1
66248,0
66249,1
66250,0
66251,0
66252,0
66253,0
66254,1
66255,0
66256,0
66257,0
66258,0
66259,1
66260,1
66261,1
66262,0
66263,0
66264,1
66265,0
66266,0
66267,0
66268,2
66269,1
66270,0
66271,0
66272,1
66273,1
66274,0
66275,1
66276,0
66277,1
66278,0
66279,0
66280,0
66281,2
66282,0
66283,0
66284,1
66285,1
66286,1
66287,3
66288,1
66289,0
66290,4
66291,2
66292,1
66293,0
66294,1
66295,0
66296,2
66297,4
66298,1
66299,13
66300,3
66301,1
66302,1
66303,0
66304,0
66305,2
66306,1
66307,0
66308,0
66309,0
66310,1
66311,1
66312,1
66313,0
66314,0
66315,1
66316,0
66317,0
66318,0
66319,0
66320,0
66321,0
66322,2
66323,0
66324,0
66325,4
66326,1
66327,0
66328,2
66329,1
66330,1
66331,2
66332,2
66333,0
66334,1
66335,0
66336,1
66337,1
66338,0
66339,2
66340,0
66341,1
66342,1
66343,0
66344,3
66345,1
66346,7
66347,2
66348,0
66349,0
66350,9
66351,11
66352,12
66353,9
66354,0
66355,0
66356,2
66357,0
66358,1
66359,3
66360,23
66361,0
66362,1
66363,12
66364,3
66365,0
66366,0
66367,1
66368,2
66369,4
66370,0
66371,0
66372,7
66373,1
66374,0
66375,0
66376,0
66377,1
66378,1
66379,0
66380,1
66381,2
66382,0
66383,0
66384,3
66385,2
66386,3
66387,2
66388,1
66389,2
66390,2
66391,1
66392,3
66393,1
66394,2
66395,1
66396,0
66397,1
66398,0
66399,1
66400,3
66401,0
66402,1
66403,2
66404,3
66405,1
66406,1
66407,1
66408,1
66409,1
66410,2
66411,1
66412,0
66413,0
66414,1
66415,1
66416,0
66417,0
66418,2
66419,1
66420,0
66421,3
66422,3
66423,0
66424,0
66425,1
66426,0
66427,0
66428,2
66429,0
66430,3
66431,2
66432,7
66433,2
66434,2
66435,1
66436,5
66437,0
66438,1
66439,1
66440,0
66441,2
66442,0
66443,1
66444,1
66445,0
66446,1
66447,0
66448,0
66449,1
66450,0
66451,1
66452,1
66453,4
66454,0
66455,4
66456,2
66457,3
66458,0
66459,2
66460,1
66461,0
66462,1
66463,0
66464,0
66465,0
66466,0
66467,0
66468,1
66469,1
66470,0
66471,0
66472,1
66473,0
66474,0
66475,2
66476,0
66477,0
66478,1
66479,1
66480,3
66481,0
66482,3
66483,2
66484,1
66485,2
66486,0
66487,1
66488,0
66489,0
66490,3
66491,2
66492,8
66493,0
66494,5
66495,1
66496,0
66497,0
66498,1
66499,2
66500,0
66501,1
66502,2
66503,0
66504,0
66505,2
66506,2
66507,0
66508,7
66509,3
66510,1
66511,2
66512,1
66513,1
66514,5
66515,0
66516,0
66517,3
66518,2
66519,1
66520,1
66521,1
66522,4
66523,1
66524,1
66525,3
66526,3
66527,2
66528,2
66529,0
66530,0
66531,1
66532,1
66533,1
66534,0
66535,1
66536,1
66537,1
66538,0
66539,0
66540,0
66541,0
66542,0
66543,2
66544,2
66545,0
66546,0
66547,0
66548,2
66549,0
66550,0
66551,0
66552,1
66553,3
66554,0
66555,2
66556,1
66557,2
66558,0
66559,0
66560,0
66561,0
66562,2
66563,1
66564,0
66565,0
66566,0
66567,0
66568,1
66569,0
66570,3
66571,2
66572,2
66573,0
66574,0
66575,0
66576,0
66577,0
66578,0
66579,0
66580,1
66581,1
66582,1
66583,1
66584,1
66585,0
66586,0
66587,2
66588,0
66589,0
66590,0
66591,1
66592,3
66593,1
66594,1
66595,1
66596,1
66597,1
66598,0
66599,0
66600,1
66601,2
66602,1
66603,1
66604,1
66605,0
66606,0
66607,0
66608,1
66609,2
66610,1
66611,1
66612,0
66613,2
66614,0
66615,4
66616,1
66617,0
66618,0
66619,1
66620,0
66621,0
66622,2
66623,1
66624,3
66625,0
66626,0
66627,0
66628,3
66629,0
66630,0
66631,2
66632,0
66633,3
66634,0
66635,1
66636,0
66637,0
66638,2
66639,1
66640,0
66641,0
66642,0
66643,0
66644,0
66645,2
66646,0
66647,0
66648,0
66649,0
66650,0
66651,1
66652,0
66653,1
66654,0
66655,1
66656,7
66657,1
66658,1
66659,0
66660,1
66661,6
66662,4
66663,1
66664,1
66665,0
66666,0
66667,0
66668,0
66669,1
66670,0
66671,3
66672,1
66673,5
66674,6
66675,1
66676,0
66677,0
66678,1
66679,3
66680,9
66681,0
66682,1
66683,0
66684,1
66685,0
66686,0
66687,1
66688,1
66689,2
66690,10
66691,0
66692,2
66693,1
66694,3
66695,2
66696,3
66697,2
66698,1
66699,0
66700,0
66701,0
66702,1
66703,2
66704,0
66705,0
66706,2
66707,4
66708,0
66709,5
66710,4
66711,3
66712,0
66713,0
66714,0
66715,0
66716,1
66717,0
66718,0
66719,0
66720,0
66721,1
66722,1
66723,0
66724,1
66725,0
66726,0
66727,1
66728,0
66729,1
66730,2
66731,1
66732,0
66733,0
66734,0
66735,0
66736,0
66737,1
66738,0
66739,2
66740,0
66741,2
66742,0
66743,0
66744,0
66745,0
66746,1
66747,2
66748,3
66749,3
66750,3
66751,0
66752,5
66753,1
66754,2
66755,2
66756,0
66757,0
66758,0
66759,2
66760,4
66761,1
66762,0
66763,0
66764,0
66765,0
66766,1
66767,0
66768,2
66769,0
66770,0
66771,0
66772,0
66773,1
66774,0
66775,1
66776,3
66777,2
66778,2
66779,0
66780,3
66781,0
66782,1
66783,0
66784,1
66785,1
66786,0
66787,1
66788,0
66789,0
66790,1
66791,0
66792,0
66793,0
66794,1
66795,1
66796,0
66797,0
66798,1
66799,1
66800,0
66801,0
66802,0
66803,2
66804,1
66805,1
66806,3
66807,0
66808,0
66809,0
66810,0
66811,0
66812,0
66813,0
66814,0
66815,3
66816,1
66817,2
66818,0
66819,1
66820,0
66821,1
66822,1
66823,1
66824,0
66825,3
66826,0
66827,0
66828,2
66829,0
66830,0
66831,3
66832,6
66833,0
66834,0
66835,2
66836,0
66837,1
66838,3
66839,1
66840,2
66841,1
66842,3
66843,1
66844,3
66845,2
66846,2
66847,1
66848,0
66849,0
66850,1
66851,3
66852,0
66853,2
66854,2
66855,0
66856,2
66857,0
66858,0
66859,0
66860,0
66861,0
66862,0
66863,2
66864,0
66865,0
66866,1
66867,0
66868,0
66869,1
66870,1
66871,1
66872,0
66873,1
66874,0
66875,1
66876,0
66877,0
66878,0
66879,2
66880,2
66881,0
66882,0
66883,0
66884,1
66885,0
66886,1
66887,0
66888,0
66889,1
66890,0
66891,1
66892,0
66893,0
66894,0
66895,1
66896,2
66897,1
66898,1
66899,1
66900,1
66901,1
66902,1
66903,1
66904,2
66905,0
66906,2
66907,2
66908,1
66909,2
66910,1
66911,1
66912,2
66913,0
66914,3
66915,3
66916,3
66917,0
66918,3
66919,1
66920,0
66921,1
66922,0
66923,0
66924,1
66925,0
66926,0
66927,0
66928,0
66929,0
66930,0
66931,2
66932,0
66933,2
66934,4
66935,5
66936,1
66937,0
66938,0
66939,0
66940,0
66941,0
66942,0
66943,0
66944,0
66945,0
66946,0
66947,0
66948,1
66949,2
66950,1
66951,0
66952,0
66953,0
66954,1
66955,1
66956,0
66957,0
66958,1
66959,1
66960,0
66961,0
66962,1
66963,0
66964,0
66965,0
66966,0
66967,0
66968,0
66969,0
66970,0
66971,0
66972,0
66973,1
66974,2
66975,1
66976,0
66977,2
66978,0
66979,1
66980,6
66981,0
66982,1
66983,0
66984,3
66985,1
66986,1
66987,0
66988,0
66989,0
66990,1
66991,2
66992,1
66993,0
66994,2
66995,0
66996,0
66997,1
66998,1
66999,1
67000,1
67001,3
67002,0
67003,1
67004,0
67005,1
67006,0
67007,0
67008,0
67009,1
67010,0
67011,0
67012,0
67013,1
67014,0
67015,0
67016,1
67017,1
67018,0
67019,0
67020,0
67021,0
67022,0
67023,2
67024,1
67025,1
67026,0
67027,0
67028,0
67029,0
67030,0
67031,1
67032,2
67033,2
67034,1
67035,0
67036,0
67037,0
67038,0
67039,0
67040,0
67041,0
67042,2
67043,1
67044,1
67045,0
67046,0
67047,0
67048,1
67049,1
67050,0
67051,1
67052,0
67053,2
67054,1
67055,1
67056,0
67057,0
67058,0
67059,0
67060,0
67061,0
67062,1
67063,1
67064,0
67065,0
67066,0
67067,1
67068,1
67069,0
67070,2
67071,1
67072,0
67073,0
67074,0
67075,2
67076,0
67077,0
67078,1
67079,0
67080,0
67081,0
67082,1
67083,0
67084,0
67085,1
67086,0
67087,0
67088,0
67089,0
67090,1
67091,1
67092,0
67093,2
67094,2
67095,1
67096,3
67097,1
67098,0
67099,0
67100,0
67101,1
67102,1
67103,3
67104,0
67105,0
67106,0
67107,3
67108,0
67109,0
67110,0
67111,0
67112,1
67113,3
67114,0
67115,1
67116,0
67117,1
67118,0
67119,0
67120,1
67121,2
67122,0
67123,1
67124,1
67125,0
67126,0
67127,1
67128,1
67129,0
67130,2
67131,0
67132,3
67133,6
67134,2
67135,1
67136,0
67137,0
67138,0
67139,1
67140,0
67141,0
67142,1
67143,2
67144,1
67145,2
67146,2
67147,1
67148,0
67149,3
67150,0
67151,0
67152,4
67153,0
67154,0
67155,2
67156,0
67157,1
67158,0
67159,0
67160,1
67161,1
67162,2
67163,1
67164,1
67165,1
67166,1
67167,1
67168,1
67169,0
67170,2
67171,2
67172,0
67173,1
67174,3
67175,0
67176,1
67177,1
67178,0
67179,0
67180,1
67181,0
67182,0
67183,0
67184,1
67185,0
67186,0
67187,1
67188,0
67189,0
67190,1
67191,3
67192,3
67193,0
67194,1
67195,1
67196,2
67197,0
67198,1
67199,0
67200,1
67201,0
67202,2
67203,1
67204,0
67205,0
67206,1
67207,1
67208,0
67209,0
67210,2
67211,0
67212,3
67213,1
67214,3
67215,3
67216,0
67217,2
67218,0
67219,1
67220,1
67221,0
67222,0
67223,0
67224,0
67225,0
67226,0
67227,2
67228,0
67229,2
67230,4
67231,0
67232,0
67233,0
67234,2
67235,1
67236,3
67237,2
67238,1
67239,3
67240,1
67241,0
67242,1
67243,1
67244,2
67245,1
67246,4
67247,2
67248,0
67249,1
67250,2
67251,7
67252,1
67253,6
67254,3
67255,0
67256,0
67257,0
67258,1
67259,0
67260,2
67261,3
67262,0
67263,0
67264,2
67265,2
67266,2
67267,0
67268,3
67269,2
67270,0
67271,1
67272,1
67273,2
67274,0
67275,1
67276,0
67277,0
67278,1
67279,2
67280,0
67281,0
67282,0
67283,1
67284,0
67285,0
67286,1
67287,1
67288,1
67289,1
67290,0
67291,0
67292,0
67293,0
67294,2
67295,3
67296,1
67297,0
67298,0
67299,0
67300,0
67301,0
67302,0
67303,2
67304,1
67305,1
67306,1
67307,1
67308,2
67309,1
67310,0
67311,1
67312,1
67313,0
67314,1
67315,0
67316,1
67317,0
67318,0
67319,0
67320,0
67321,1
67322,2
67323,0
67324,1
67325,1
67326,0
67327,0
67328,0
67329,0
67330,2
67331,1
67332,0
67333,0
67334,0
67335,0
67336,0
67337,1
67338,2
67339,0
67340,1
67341,0
67342,3
67343,2
67344,1
67345,0
67346,0
67347,1
67348,1
67349,2
67350,1
67351,0
67352,1
67353,0
67354,0
67355,0
67356,1
67357,0
67358,1
67359,0
67360,0
67361,0
67362,0
67363,1
67364,1
67365,3
67366,1
67367,0
67368,0
67369,0
67370,0
67371,0
67372,0
67373,0
67374,1
67375,0
67376,0
67377,0
67378,0
67379,1
67380,1
67381,2
67382,0
67383,1
67384,3
67385,1
67386,3
67387,0
67388,1
67389,1
67390,0
67391,1
67392,1
67393,1
67394,2
67395,0
67396,0
67397,1
67398,0
67399,0
67400,3
67401,0
67402,0
67403,1
67404,1
67405,0
67406,1
67407,1
67408,0
67409,0
67410,0
67411,0
67412,0
67413,1
67414,1
67415,0
67416,0
67417,0
67418,0
67419,0
67420,0
67421,0
67422,0
67423,1
67424,1
67425,0
67426,4
67427,1
67428,0
67429,0
67430,2
67431,0
67432,1
67433,1
67434,0
67435,4
67436,0
67437,0
67438,1
67439,1
67440,0
67441,0
67442,0
67443,0
67444,0
67445,1
67446,0
67447,0
67448,1
67449,0
67450,2
67451,0
67452,1
67453,0
67454,0
67455,0
67456,0
67457,0
67458,0
67459,0
67460,1
67461,0
67462,0
67463,2
67464,0
67465,1
67466,1
67467,0
67468,0
67469,0
67470,0
67471,0
67472,0
67473,0
67474,0
67475,0
67476,3
67477,1
67478,0
67479,2
67480,0
67481,0
67482,1
67483,1
67484,0
67485,1
67486,2
67487,0
67488,0
67489,0
67490,0
67491,0
67492,0
67493,0
67494,1
67495,1
67496,0
67497,1
67498,0
67499,0
67500,1
67501,2
67502,0
67503,1
67504,1
67505,1
67506,0
67507,0
67508,0
67509,0
67510,1
67511,0
67512,1
67513,0
67514,0
67515,1
67516,1
67517,0
67518,0
67519,2
67520,3
67521,1
67522,1
67523,1
67524,0
67525,0
67526,0
67527,1
67528,0
67529,2
67530,0
67531,0
67532,0
67533,0
67534,1
67535,0
67536,1
67537,0
67538,0
67539,0
67540,0
67541,0
67542,2
67543,1
67544,1
67545,1
67546,1
67547,0
67548,6
67549,0
67550,2
67551,1
67552,1
67553,1
67554,0
67555,1
67556,0
67557,0
67558,0
67559,1
67560,1
67561,0
67562,0
67563,1
67564,1
67565,0
67566,0
67567,2
67568,1
67569,0
67570,1
67571,0
67572,0
67573,0
67574,0
67575,1
67576,2
67577,0
67578,0
67579,0
67580,0
67581,0
67582,0
67583,1
67584,0
67585,0
67586,1
67587,0
67588,0
67589,0
67590,0
67591,0
67592,2
67593,0
67594,0
67595,0
67596,0
67597,0
67598,1
67599,0
67600,2
67601,0
67602,0
67603,1
67604,1
67605,1
67606,1
67607,0
67608,0
67609,0
67610,0
67611,0
67612,0
67613,0
67614,0
67615,0
67616,1
67617,1
67618,0
67619,0
67620,1
67621,0
67622,0
67623,0
67624,1
67625,0
67626,0
67627,1
67628,0
67629,0
67630,1
67631,0
67632,3
67633,0
67634,0
67635,0
67636,0
67637,1
67638,2
67639,1
67640,1
67641,0
67642,2
67643,1
67644,1
67645,4
67646,1
67647,0
67648,0
67649,2
67650,1
67651,0
67652,1
67653,0
67654,0
67655,1
67656,0
67657,2
67658,0
67659,0
67660,0
67661,0
67662,1
67663,0
67664,0
67665,0
67666,0
67667,0
67668,1
67669,3
67670,3
67671,1
67672,0
67673,1
67674,1
67675,0
67676,0
67677,1
67678,0
67679,0
67680,1
67681,2
67682,0
67683,0
67684,0
67685,0
67686,0
67687,0
67688,0
67689,2
67690,0
67691,0
67692,1
67693,0
67694,1
67695,0
67696,1
67697,0
67698,0
67699,1
67700,3
67701,0
67702,2
67703,0
67704,0
67705,0
67706,0
67707,0
67708,0
67709,0
67710,0
67711,1
67712,0
67713,0
67714,0
67715,0
67716,0
67717,0
67718,1
67719,0
67720,0
67721,0
67722,1
67723,1
67724,0
67725,0
67726,0
67727,1
67728,0
67729,0
67730,0
67731,0
67732,2
67733,0
67734,0
67735,0
67736,0
67737,1
67738,0
67739,1
67740,0
67741,1
67742,0
67743,1
67744,1
67745,0
67746,0
67747,1
67748,1
67749,0
67750,0
67751,0
67752,0
67753,0
67754,0
67755,0
67756,0
67757,0
67758,0
67759,1
67760,1
67761,0
67762,0
67763,0
67764,2
67765,0
67766,1
67767,1
67768,1
67769,1
67770,1
67771,0
67772,0
67773,1
67774,0
67775,1
67776,0
67777,0
67778,0
67779,1
67780,0
67781,1
67782,0
67783,0
67784,1
67785,1
67786,0
67787,1
67788,0
67789,0
67790,0
67791,1
67792,0
67793,1
67794,0
67795,0
67796,0
67797,1
67798,2
67799,1
67800,0
67801,0
67802,0
67803,1
67804,0
67805,0
67806,1
67807,1
67808,2
67809,1
67810,1
67811,0
67812,2
67813,3
67814,0
67815,0
67816,1
67817,1
67818,0
67819,1
67820,0
67821,3
67822,0
67823,0
67824,2
67825,6
67826,1
67827,0
67828,0
67829,1
67830,1
67831,1
67832,1
67833,0
67834,0
67835,0
67836,0
67837,0
67838,6
67839,1
67840,1
67841,4
67842,0
67843,2
67844,1
67845,0
67846,0
67847,0
67848,1
67849,0
67850,0
67851,0
67852,0
67853,0
67854,0
67855,0
67856,0
67857,1
67858,1
67859,0
67860,0
67861,0
67862,1
67863,1
67864,5
67865,0
67866,0
67867,0
67868,0
67869,0
67870,0
67871,0
67872,0
67873,0
67874,1
67875,0
67876,0
67877,3
67878,0
67879,1
67880,0
67881,1
67882,0
67883,0
67884,2
67885,3
67886,1
67887,1
67888,0
67889,1
67890,1
67891,0
67892,0
67893,1
67894,1
67895,0
67896,0
67897,0
67898,0
67899,0
67900,0
67901,1
67902,3
67903,1
67904,3
67905,1
67906,1
67907,1
67908,0
67909,0
67910,0
67911,1
67912,1
67913,0
67914,2
67915,1
67916,0
67917,0
67918,0
67919,0
67920,1
67921,0
67922,0
67923,1
67924,1
67925,0
67926,1
67927,0
67928,0
67929,1
67930,1
67931,1
67932,0
67933,0
67934,0
67935,0
67936,0
67937,0
67938,0
67939,2
67940,2
67941,1
67942,0
67943,1
67944,0
67945,0
67946,0
67947,0
67948,1
67949,0
67950,0
67951,0
67952,0
67953,0
67954,1
67955,0
67956,1
67957,0
67958,1
67959,0
67960,0
67961,0
67962,2
67963,1
67964,1
67965,0
67966,0
67967,0
67968,1
67969,0
67970,1
67971,0
67972,0
67973,0
67974,0
67975,3
67976,0
67977,2
67978,0
67979,2
67980,2
67981,0
67982,0
67983,0
67984,1
67985,1
67986,0
67987,1
67988,3
67989,0
67990,2
67991,1
67992,0
67993,1
67994,0
67995,0
67996,0
67997,5
67998,1
67999,2
68000,0
68001,1
68002,1
68003,0
68004,1
68005,0
68006,0
68007,0
68008,2
68009,1
68010,7
68011,3
68012,2
68013,1
68014,0
68015,1
68016,1
68017,0
68018,0
68019,0
68020,0
68021,2
68022,0
68023,1
68024,0
68025,0
68026,0
68027,1
68028,0
68029,0
68030,1
68031,3
68032,1
68033,0
68034,1
68035,0
68036,1
68037,0
68038,1
68039,0
68040,0
68041,1
68042,0
68043,1
68044,1
68045,0
68046,1
68047,1
68048,0
68049,1
68050,2
68051,0
68052,0
68053,1
68054,0
68055,0
68056,0
68057,0
68058,2
68059,0
68060,1
68061,0
68062,0
68063,0
68064,0
68065,1
68066,0
68067,0
68068,0
68069,0
68070,0
68071,1
68072,0
68073,0
68074,2
68075,0
68076,0
68077,0
68078,1
68079,1
68080,1
68081,0
68082,0
68083,0
68084,2
68085,2
68086,0
68087,3
68088,0
68089,0
68090,3
68091,1
68092,0
68093,1
68094,0
68095,1
68096,1
68097,0
68098,0
68099,0
68100,10
68101,1
68102,1
68103,10
68104,0
68105,0
68106,0
68107,0
68108,1
68109,2
68110,1
68111,6
68112,3
68113,3
68114,0
68115,2
68116,0
68117,1
68118,1
68119,1
68120,0
68121,0
68122,1
68123,0
68124,1
68125,1
68126,0
68127,2
68128,0
68129,2
68130,0
68131,1
68132,5
68133,2
68134,1
68135,0
68136,2
68137,1
68138,0
68139,0
68140,0
68141,0
68142,1
68143,0
68144,2
68145,1
68146,1
68147,0
68148,1
68149,1
68150,0
68151,1
68152,1
68153,1
68154,0
68155,1
68156,0
68157,1
68158,0
68159,1
68160,1
68161,1
68162,1
68163,0
68164,0
68165,1
68166,1
68167,2
68168,0
68169,0
68170,1
68171,1
68172,0
68173,1
68174,0
68175,0
68176,1
68177,0
68178,1
68179,0
68180,0
68181,0
68182,1
68183,2
68184,0
68185,0
68186,0
68187,1
68188,1
68189,3
68190,0
68191,0
68192,1
68193,0
68194,1
68195,1
68196,1
68197,2
68198,0
68199,0
68200,1
68201,3
68202,0
68203,1
68204,0
68205,2
68206,1
68207,1
68208,0
68209,2
68210,0
68211,1
68212,0
68213,1
68214,1
68215,0
68216,1
68217,2
68218,1
68219,9
68220,1
68221,0
68222,0
68223,0
68224,1
68225,1
68226,4
68227,2
68228,2
68229,1
68230,0
68231,0
68232,0
68233,1
68234,1
68235,0
68236,0
68237,0
68238,0
68239,0
68240,1
68241,0
68242,0
68243,0
68244,0
68245,0
68246,0
68247,1
68248,0
68249,1
68250,1
68251,1
68252,1
68253,0
68254,0
68255,0
68256,0
68257,0
68258,0
68259,0
68260,0
68261,0
68262,0
68263,0
68264,2
68265,0
68266,0
68267,1
68268,1
68269,0
68270,1
68271,1
68272,0
68273,0
68274,0
68275,1
68276,0
68277,2
68278,0
68279,0
68280,0
68281,1
68282,0
68283,1
68284,0
68285,1
68286,0
68287,0
68288,1
68289,1
68290,0
68291,10
68292,0
68293,0
68294,0
68295,0
68296,0
68297,0
68298,2
68299,1
68300,0
68301,1
68302,0
68303,0
68304,0
68305,0
68306,1
68307,0
68308,0
68309,0
68310,1
68311,2
68312,1
68313,0
68314,0
68315,0
68316,0
68317,1
68318,0
68319,0
68320,3
68321,0
68322,0
68323,0
68324,2
68325,5
68326,1
68327,0
68328,0
68329,1
68330,0
68331,1
68332,0
68333,0
68334,3
68335,4
68336,1
68337,1
68338,1
68339,1
68340,2
68341,1
68342,2
68343,2
68344,5
68345,3
68346,5
68347,0
68348,0
68349,0
68350,1
68351,0
68352,2
68353,1
68354,0
68355,0
68356,3
68357,2
68358,1
68359,2
68360,4
68361,1
68362,0
68363,1
68364,0
68365,0
68366,1
68367,4
68368,1
68369,0
68370,1
68371,1
68372,1
68373,1
68374,4
68375,2
68376,0
68377,1
68378,0
68379,0
68380,0
68381,0
68382,0
68383,0
68384,2
68385,0
68386,0
68387,0
68388,0
68389,1
68390,1
68391,0
68392,4
68393,2
68394,0
68395,0
68396,2
68397,2
68398,0
68399,0
68400,0
68401,2
68402,0
68403,0
68404,3
68405,6
68406,2
68407,5
68408,3
68409,2
68410,1
68411,2
68412,3
68413,0
68414,0
68415,0
68416,0
68417,1
68418,4
68419,0
68420,0
68421,0
68422,1
68423,0
68424,3
68425,0
68426,0
68427,0
68428,0
68429,0
68430,1
68431,4
68432,0
68433,0
68434,0
68435,3
68436,0
68437,3
68438,0
68439,0
68440,1
68441,4
68442,0
68443,2
68444,0
68445,10
68446,1
68447,1
68448,0
68449,1
68450,0
68451,1
68452,0
68453,0
68454,0
68455,0
68456,1
68457,0
68458,0
68459,1
68460,0
68461,0
68462,0
68463,1
68464,1
68465,1
68466,1
68467,0
68468,0
68469,0
68470,0
68471,0
68472,0
68473,0
68474,0
68475,0
68476,1
68477,2
68478,3
68479,1
68480,1
68481,9
68482,0
68483,0
68484,0
68485,0
68486,0
68487,3
68488,1
68489,0
68490,0
68491,0
68492,1
68493,0
68494,0
68495,0
68496,1
68497,0
68498,0
68499,1
68500,1
68501,0
68502,0
68503,1
68504,0
68505,0
68506,1
68507,0
68508,0
68509,1
68510,0
68511,2
68512,0
68513,2
68514,1
68515,1
68516,0
68517,0
68518,0
68519,0
68520,3
68521,0
68522,0
68523,0
68524,2
68525,2
68526,0
68527,4
68528,1
68529,0
68530,1
68531,4
68532,3
68533,1
68534,1
68535,0
68536,3
68537,0
68538,2
68539,2
68540,3
68541,0
68542,3
68543,0
68544,0
68545,2
68546,3
68547,1
68548,1
68549,0
68550,1
68551,2
68552,1
68553,0
68554,1
68555,3
68556,2
68557,1
68558,1
68559,1
68560,1
68561,1
68562,0
68563,0
68564,1
68565,2
68566,0
68567,0
68568,0
68569,0
68570,2
68571,2
68572,0
68573,1
68574,0
68575,0
68576,0
68577,1
68578,2
68579,0
68580,0
68581,3
68582,0
68583,0
68584,0
68585,7
68586,1
68587,1
68588,0
68589,1
68590,1
68591,1
68592,1
68593,0
68594,0
68595,0
68596,0
68597,1
68598,0
68599,0
68600,1
68601,1
68602,2
68603,1
68604,4
68605,2
68606,1
68607,1
68608,1
68609,0
68610,1
68611,1
68612,1
68613,2
68614,0
68615,1
68616,1
68617,2
68618,0
68619,0
68620,2
68621,0
68622,1
68623,1
68624,0
68625,0
68626,1
68627,0
68628,1
68629,1
68630,0
68631,1
68632,1
68633,1
68634,0
68635,0
68636,0
68637,1
68638,1
68639,0
68640,0
68641,2
68642,0
68643,0
68644,0
68645,0
68646,0
68647,0
68648,1
68649,1
68650,1
68651,0
68652,1
68653,0
68654,0
68655,4
68656,0
68657,0
68658,1
68659,2
68660,0
68661,0
68662,0
68663,2
68664,3
68665,0
68666,0
68667,0
68668,0
68669,0
68670,1
68671,0
68672,0
68673,0
68674,1
68675,0
68676,0
68677,1
68678,0
68679,0
68680,0
68681,0
68682,1
68683,1
68684,1
68685,0
68686,0
68687,0
68688,2
68689,0
68690,0
68691,1
68692,0
68693,0
68694,0
68695,1
68696,0
68697,2
68698,1
68699,1
68700,0
68701,0
68702,0
68703,1
68704,4
68705,4
68706,8
68707,3
68708,1
68709,1
68710,6
68711,1
68712,0
68713,1
68714,0
68715,1
68716,0
68717,0
68718,4
68719,1
68720,1
68721,5
68722,0
68723,1
68724,1
68725,0
68726,0
68727,1
68728,1
68729,1
68730,0
68731,0
68732,1
68733,0
68734,0
68735,0
68736,1
68737,13
68738,5
68739,6
68740,0
68741,1
68742,2
68743,3
68744,1
68745,0
68746,1
68747,0
68748,2
68749,7
68750,0
68751,0
68752,0
68753,0
68754,0
68755,0
68756,0
68757,0
68758,0
68759,1
68760,0
68761,0
68762,0
68763,0
68764,0
68765,0
68766,2
68767,0
68768,0
68769,0
68770,0
68771,0
68772,0
68773,1
68774,2
68775,3
68776,2
68777,0
68778,2
68779,1
68780,1
68781,1
68782,1
68783,0
68784,0
68785,0
68786,0
68787,1
68788,0
68789,0
68790,1
68791,0
68792,0
68793,1
68794,0
68795,2
68796,0
68797,0
68798,1
68799,2
68800,0
68801,4
68802,1
68803,0
68804,2
68805,0
68806,0
68807,1
68808,1
68809,0
68810,0
68811,0
68812,0
68813,0
68814,0
68815,0
68816,0
68817,0
68818,0
68819,1
68820,1
68821,1
68822,0
68823,1
68824,1
68825,1
68826,0
68827,1
68828,0
68829,0
68830,1
68831,0
68832,0
68833,1
68834,0
68835,2
68836,0
68837,1
68838,0
68839,1
68840,2
68841,1
68842,1
68843,0
68844,0
68845,1
68846,0
68847,4
68848,0
68849,1
68850,0
68851,0
68852,1
68853,1
68854,0
68855,0
68856,0
68857,1
68858,1
68859,0
68860,0
68861,0
68862,0
68863,2
68864,1
68865,0
68866,2
68867,0
68868,0
68869,3
68870,1
68871,0
68872,0
68873,1
68874,0
68875,0
68876,0
68877,2
68878,0
68879,2
68880,1
68881,1
68882,0
68883,1
68884,0
68885,1
68886,0
68887,0
68888,0
68889,0
68890,0
68891,0
68892,0
68893,0
68894,0
68895,0
68896,1
68897,1
68898,1
68899,1
68900,0
68901,0
68902,0
68903,1
68904,0
68905,0
68906,1
68907,0
68908,0
68909,2
68910,0
68911,0
68912,1
68913,0
68914,0
68915,0
68916,0
68917,2
68918,0
68919,1
68920,2
68921,0
68922,4
68923,1
68924,0
68925,0
68926,0
68927,1
68928,1
68929,0
68930,1
68931,3
68932,0
68933,1
68934,1
68935,1
68936,1
68937,1
68938,1
68939,1
68940,2
68941,4
68942,1
68943,0
68944,1
68945,0
68946,0
68947,1
68948,1
68949,1
68950,0
68951,0
68952,0
68953,0
68954,1
68955,0
68956,0
68957,1
68958,0
68959,2
68960,2
68961,1
68962,0
68963,1
68964,0
68965,2
68966,0
68967,1
68968,0
68969,0
68970,0
68971,0
68972,0
68973,2
68974,1
68975,1
68976,0
68977,0
68978,0
68979,0
68980,0
68981,1
68982,0
68983,1
68984,1
68985,0
68986,0
68987,0
68988,0
68989,1
68990,1
68991,0
68992,1
68993,1
68994,2
68995,0
68996,3
68997,0
68998,0
68999,0
69000,0
69001,0
69002,0
69003,2
69004,1
69005,0
69006,0
69007,1
69008,1
69009,0
69010,1
69011,0
69012,0
69013,0
69014,2
69015,0
69016,0
69017,0
69018,0
69019,0
69020,0
69021,0
69022,2
69023,0
69024,0
69025,1
69026,0
69027,0
69028,0
69029,0
69030,0
69031,3
69032,2
69033,1
69034,0
69035,0
69036,0
69037,0
69038,0
69039,0
69040,1
69041,1
69042,0
69043,0
69044,0
69045,0
69046,0
69047,0
69048,1
69049,0
69050,0
69051,0
69052,0
69053,1
69054,0
69055,0
69056,0
69057,0
69058,2
69059,0
69060,0
69061,0
69062,0
69063,0
69064,0
69065,0
69066,1
69067,1
69068,0
69069,0
69070,0
69071,2
69072,0
69073,0
69074,0
69075,0
69076,0
69077,0
69078,0
69079,1
69080,0
69081,1
69082,1
69083,0
69084,1
69085,0
69086,1
69087,1
69088,0
69089,0
69090,0
69091,2
69092,0
69093,2
69094,0
69095,2
69096,1
69097,0
69098,0
69099,1
69100,0
69101,0
69102,1
69103,0
69104,2
69105,2
69106,1
69107,0
69108,0
69109,1
69110,3
69111,0
69112,0
69113,1
69114,1
69115,0
69116,1
69117,0
69118,0
69119,0
69120,0
69121,0
69122,0
69123,1
69124,0
69125,0
69126,2
69127,1
69128,0
69129,1
69130,1
69131,0
69132,1
69133,0
69134,1
69135,0
69136,0
69137,0
69138,0
69139,0
69140,1
69141,0
69142,0
69143,3
69144,0
69145,0
69146,1
69147,0
69148,0
69149,0
69150,3
69151,1
69152,0
69153,1
69154,0
69155,0
69156,0
69157,0
69158,0
69159,4
69160,1
69161,0
69162,1
69163,2
69164,1
69165,1
69166,0
69167,0
69168,0
69169,0
69170,2
69171,0
69172,0
69173,0
69174,1
69175,1
69176,1
69177,1
69178,1
69179,0
69180,0
69181,2
69182,0
69183,0
69184,0
69185,3
69186,1
69187,0
69188,1
69189,1
69190,1
69191,0
69192,0
69193,1
69194,0
69195,0
69196,1
69197,3
69198,1
69199,0
69200,0
69201,4
69202,0
69203,2
69204,2
69205,0
69206,0
69207,1
69208,0
69209,1
69210,0
69211,0
69212,0
69213,0
69214,0
69215,1
69216,2
69217,0
69218,0
69219,3
69220,0
69221,0
69222,0
69223,0
69224,0
69225,2
69226,0
69227,0
69228,2
69229,0
69230,0
69231,1
69232,0
69233,0
69234,0
69235,1
69236,0
69237,2
69238,0
69239,0
69240,0
69241,2
69242,1
69243,1
69244,1
69245,1
69246,0
69247,0
69248,1
69249,1
69250,1
69251,1
69252,2
69253,1
69254,1
69255,0
69256,2
69257,2
69258,1
69259,2
69260,0
69261,0
69262,0
69263,1
69264,0
69265,1
69266,1
69267,2
69268,0
69269,0
69270,1
69271,2
69272,0
69273,2
69274,0
69275,1
69276,1
69277,3
69278,3
69279,0
69280,0
69281,0
69282,0
69283,0
69284,0
69285,0
69286,0
69287,1
69288,1
69289,0
69290,0
69291,2
69292,1
69293,0
69294,0
69295,1
69296,1
69297,0
69298,0
69299,0
69300,1
69301,0
69302,1
69303,0
69304,0
69305,0
69306,1
69307,0
69308,0
69309,1
69310,0
69311,1
69312,2
69313,0
69314,1
69315,0
69316,0
69317,0
69318,1
69319,4
69320,0
69321,0
69322,0
69323,0
69324,3
69325,2
69326,1
69327,0
69328,2
69329,1
69330,2
69331,0
69332,1
69333,2
69334,1
69335,0
69336,0
69337,0
69338,1
69339,0
69340,0
69341,0
69342,0
69343,0
69344,0
69345,1
69346,0
69347,0
69348,1
69349,3
69350,1
69351,0
69352,1
69353,0
69354,5
69355,1
69356,1
69357,1
69358,1
69359,0
69360,1
69361,2
69362,0
69363,1
69364,0
69365,0
69366,1
69367,1
69368,1
69369,1
69370,0
69371,3
69372,0
69373,0
69374,1
69375,1
69376,0
69377,2
69378,1
69379,1
69380,2
69381,0
69382,1
69383,0
69384,0
69385,1
69386,0
69387,1
69388,0
69389,2
69390,1
69391,1
69392,1
69393,0
69394,1
69395,0
69396,0
69397,1
69398,0
69399,1
69400,1
69401,0
69402,0
69403,0
69404,0
69405,1
69406,1
69407,0
69408,3
69409,1
69410,0
69411,0
69412,1
69413,0
69414,0
69415,2
69416,1
69417,1
69418,1
69419,0
69420,0
69421,2
69422,0
69423,0
69424,1
69425,0
69426,0
69427,1
69428,0
69429,0
69430,0
69431,1
69432,1
69433,0
69434,3
69435,2
69436,0
69437,2
69438,7
69439,10
69440,0
69441,1
69442,1
69443,0
69444,0
69445,0
69446,0
69447,1
69448,0
69449,1
69450,1
69451,5
69452,1
69453,2
69454,0
69455,1
69456,1
69457,0
69458,1
69459,3
69460,3
69461,3
69462,1
69463,1
69464,2
69465,0
69466,0
69467,2
69468,4
69469,1
69470,0
69471,1
69472,0
69473,1
69474,0
69475,0
69476,0
69477,1
69478,0
69479,0
69480,0
69481,0
69482,1
69483,2
69484,5
69485,0
69486,0
69487,0
69488,0
69489,0
69490,0
69491,1
69492,3
69493,0
69494,0
69495,2
69496,1
69497,3
69498,4
69499,2
69500,0
69501,1
69502,3
69503,1
69504,1
69505,6
69506,1
69507,1
69508,0
69509,1
69510,0
69511,0
69512,1
69513,1
69514,0
69515,0
69516,1
69517,0
69518,1
69519,1
69520,2
69521,0
69522,0
69523,3
69524,2
69525,3
69526,9
69527,0
69528,3
69529,0
69530,2
69531,1
69532,1
69533,3
69534,1
69535,0
69536,3
69537,3
69538,1
69539,3
69540,8
69541,2
69542,0
69543,1
69544,1
69545,1
69546,0
69547,1
69548,1
69549,0
69550,9
69551,0
69552,0
69553,0
69554,1
69555,1
69556,0
69557,0
69558,1
69559,0
69560,0
69561,0
69562,1
69563,2
69564,1
69565,2
69566,1
69567,0
69568,1
69569,0
69570,1
69571,2
69572,1
69573,1
69574,3
69575,2
69576,1
69577,2
69578,0
69579,1
69580,1
69581,3
69582,0
69583,0
69584,1
69585,0
69586,0
69587,1
69588,0
69589,0
69590,2
69591,3
69592,3
69593,1
69594,0
69595,2
69596,1
69597,0
69598,2
69599,0
69600,0
69601,1
69602,1
69603,0
69604,0
69605,0
69606,2
69607,0
69608,0
69609,0
69610,0
69611,2
69612,1
69613,0
69614,0
69615,1
69616,2
69617,1
69618,1
69619,3
69620,3
69621,1
69622,2
69623,0
69624,1
69625,2
69626,1
69627,0
69628,0
69629,0
69630,1
69631,1
69632,0
69633,0
69634,0
69635,0
69636,0
69637,1
69638,0
69639,0
69640,0
69641,0
69642,0
69643,0
69644,0
69645,0
69646,1
69647,0
69648,1
69649,0
69650,0
69651,1
69652,0
69653,1
69654,0
69655,1
69656,0
69657,0
69658,3
69659,0
69660,0
69661,0
69662,0
69663,0
69664,0
69665,0
69666,0
69667,0
69668,1
69669,1
69670,0
69671,0
69672,0
69673,0
69674,0
69675,0
69676,0
69677,1
69678,1
69679,2
69680,2
69681,1
69682,0
69683,0
69684,0
69685,1
69686,0
69687,0
69688,1
69689,1
69690,0
69691,0
69692,1
69693,0
69694,0
69695,2
69696,0
69697,1
69698,0
69699,0
69700,1
69701,1
69702,1
69703,0
69704,0
69705,1
69706,0
69707,0
69708,0
69709,0
69710,1
69711,0
69712,0
69713,0
69714,3
69715,0
69716,0
69717,0
69718,1
69719,1
69720,0
69721,1
69722,0
69723,1
69724,0
69725,0
69726,0
69727,0
69728,0
69729,0
69730,0
69731,0
69732,0
69733,0
69734,1
69735,0
69736,1
69737,0
69738,0
69739,0
69740,0
69741,0
69742,0
69743,1
69744,0
69745,1
69746,0
69747,1
69748,0
69749,1
69750,1
69751,0
69752,0
69753,1
69754,0
69755,2
69756,1
69757,0
69758,2
69759,0
69760,2
69761,0
69762,1
69763,1
69764,0
69765,1
69766,1
69767,0
69768,1
69769,1
69770,1
69771,0
69772,1
69773,0
69774,0
69775,0
69776,0
69777,1
69778,1
69779,0
69780,2
69781,0
69782,0
69783,1
69784,2
69785,1
69786,1
69787,0
69788,0
69789,0
69790,0
69791,0
69792,0
69793,1
69794,4
69795,0
69796,0
69797,0
69798,0
69799,0
69800,1
69801,3
69802,1
69803,0
69804,0
69805,1
69806,2
69807,0
69808,0
69809,1
69810,0
69811,1
69812,0
69813,0
69814,2
69815,1
69816,1
69817,0
69818,0
69819,0
69820,0
69821,0
69822,1
69823,1
69824,1
69825,0
69826,0
69827,1
69828,0
69829,0
69830,0
69831,1
69832,0
69833,1
69834,0
69835,0
69836,0
69837,1
69838,1
69839,0
69840,0
69841,0
69842,0
69843,0
69844,0
69845,1
69846,0
69847,2
69848,0
69849,0
69850,1
69851,0
69852,0
69853,0
69854,0
69855,1
69856,2
69857,1
69858,1
69859,1
69860,1
69861,2
69862,0
69863,1
69864,0
69865,0
69866,1
69867,0
69868,0
69869,1
69870,1
69871,1
69872,0
69873,0
69874,0
69875,0
69876,1
69877,0
69878,0
69879,0
69880,0
69881,0
69882,0
69883,0
69884,0
69885,2
69886,1
69887,2
69888,0
69889,0
69890,0
69891,0
69892,1
69893,0
69894,1
69895,0
69896,6
69897,0
69898,1
69899,1
69900,1
69901,1
69902,2
69903,0
69904,0
69905,0
69906,1
69907,1
69908,3
69909,0
69910,1
69911,0
69912,1
69913,1
69914,0
69915,0
69916,0
69917,5
69918,2
69919,4
69920,1
69921,1
69922,1
69923,0
69924,1
69925,2
69926,1
69927,0
69928,2
69929,0
69930,0
69931,1
69932,1
69933,0
69934,1
69935,1
69936,2
69937,0
69938,4
69939,0
69940,1
69941,3
69942,0
69943,0
69944,1
69945,0
69946,1
69947,3
69948,0
69949,4
69950,4
69951,0
69952,0
69953,0
69954,2
69955,0
69956,0
69957,0
69958,1
69959,2
69960,0
69961,1
69962,1
69963,2
69964,1
69965,1
69966,0
69967,0
69968,0
69969,1
69970,0
69971,0
69972,1
69973,0
69974,1
69975,0
69976,2
69977,3
69978,1
69979,0
69980,1
69981,1
69982,2
69983,0
69984,1
69985,4
69986,2
69987,1
69988,2
69989,0
69990,1
69991,3
69992,2
69993,2
69994,0
69995,1
69996,3
69997,2
69998,1
69999,1
70000,0
70001,1
70002,0
70003,2
70004,2
70005,1
70006,1
70007,1
70008,0
70009,0
70010,1
70011,0
70012,1
70013,1
70014,0
70015,0
70016,0
70017,0
70018,0
70019,3
70020,1
70021,0
70022,1
70023,3
70024,1
70025,1
70026,1
70027,0
70028,1
70029,1
70030,1
70031,1
70032,0
70033,0
70034,0
70035,0
70036,0
70037,0
70038,0
70039,1
70040,2
70041,2
70042,3
70043,1
70044,0
70045,0
70046,2
70047,0
70048,1
70049,0
70050,1
70051,1
70052,0
70053,0
70054,0
70055,1
70056,0
70057,7
70058,1
70059,2
70060,0
70061,0
70062,0
70063,1
70064,0
70065,1
70066,1
70067,3
70068,2
70069,1
70070,1
70071,2
70072,3
70073,0
70074,0
70075,2
70076,0
70077,0
70078,1
70079,0
70080,0
70081,0
70082,0
70083,0
70084,1
70085,0
70086,2
70087,0
70088,0
70089,0
70090,3
70091,2
70092,1
70093,0
70094,2
70095,1
70096,0
70097,0
70098,1
70099,0
70100,0
70101,0
70102,0
70103,1
70104,0
70105,0
70106,0
70107,0
70108,0
70109,0
70110,1
70111,0
70112,0
70113,1
70114,0
70115,0
70116,0
70117,0
70118,1
70119,0
70120,0
70121,2
70122,2
70123,0
70124,1
70125,0
70126,1
70127,0
70128,0
70129,0
70130,1
70131,0
70132,0
70133,2
70134,1
70135,0
70136,1
70137,0
70138,0
70139,2
70140,1
70141,0
70142,2
70143,0
70144,1
70145,2
70146,1
70147,0
70148,5
70149,1
70150,1
70151,0
70152,0
70153,0
70154,1
70155,0
70156,0
70157,0
70158,1
70159,0
70160,2
70161,2
70162,0
70163,0
70164,0
70165,0
70166,2
70167,5
70168,0
70169,0
70170,0
70171,1
70172,2
70173,1
70174,0
70175,0
70176,0
70177,1
70178,0
70179,2
70180,0
70181,2
70182,0
70183,1
70184,0
70185,0
70186,0
70187,0
70188,0
70189,0
70190,1
70191,5
70192,1
70193,2
70194,0
70195,1
70196,0
70197,0
70198,1
70199,0
70200,1
70201,0
70202,0
70203,0
70204,0
70205,1
70206,0
70207,0
70208,0
70209,2
70210,0
70211,0
70212,1
70213,1
70214,0
70215,1
70216,0
70217,0
70218,1
70219,0
70220,1
70221,0
70222,1
70223,1
70224,1
70225,0
70226,0
70227,1
70228,1
70229,1
70230,3
70231,1
70232,0
70233,1
70234,0
70235,0
70236,0
70237,0
70238,5
70239,1
70240,7
70241,0
70242,1
70243,7
70244,5
70245,2
70246,2
70247,6
70248,2
70249,1
70250,2
70251,2
70252,1
70253,0
70254,0
70255,3
70256,4
70257,1
70258,0
70259,1
70260,2
70261,2
70262,3
70263,2
70264,0
70265,1
70266,0
70267,0
70268,0
70269,0
70270,0
70271,1
70272,1
70273,0
70274,0
70275,0
70276,1
70277,0
70278,3
70279,2
70280,1
70281,0
70282,1
70283,1
70284,0
70285,0
70286,0
70287,1
70288,1
70289,1
70290,1
70291,2
70292,2
70293,0
70294,1
70295,1
70296,0
70297,0
70298,3
70299,0
70300,0
70301,0
70302,0
70303,0
70304,0
70305,0
70306,0
70307,2
70308,3
70309,1
70310,0
70311,0
70312,0
70313,0
70314,1
70315,1
70316,1
70317,0
70318,0
70319,0
70320,0
70321,1
70322,2
70323,0
70324,0
70325,0
70326,1
70327,0
70328,1
70329,1
70330,0
70331,1
70332,0
70333,0
70334,0
70335,1
70336,0
70337,0
70338,0
70339,1
70340,0
70341,0
70342,0
70343,3
70344,0
70345,0
70346,0
70347,0
70348,1
70349,0
70350,0
70351,1
70352,0
70353,0
70354,1
70355,1
70356,4
70357,0
70358,1
70359,2
70360,2
70361,1
70362,0
70363,0
70364,1
70365,1
70366,1
70367,0
70368,0
70369,0
70370,1
70371,3
70372,1
70373,0
70374,0
70375,0
70376,1
70377,2
70378,0
70379,0
70380,2
70381,1
70382,2
70383,0
70384,1
70385,0
70386,2
70387,0
70388,0
70389,1
70390,1
70391,0
70392,1
70393,0
70394,0
70395,2
70396,0
70397,1
70398,3
70399,2
70400,4
70401,0
70402,0
70403,0
70404,0
70405,0
70406,2
70407,0
70408,0
70409,0
70410,0
70411,0
70412,2
70413,1
70414,1
70415,0
70416,0
70417,1
70418,0
70419,0
70420,1
70421,0
70422,2
70423,0
70424,1
70425,0
70426,2
70427,2
70428,7
70429,0
70430,0
70431,1
70432,1
70433,0
70434,1
70435,1
70436,0
70437,4
70438,0
70439,1
70440,2
70441,1
70442,0
70443,1
70444,2
70445,0
70446,0
70447,1
70448,0
70449,0
70450,0
70451,2
70452,0
70453,2
70454,1
70455,0
70456,0
70457,1
70458,0
70459,1
70460,3
70461,0
70462,1
70463,1
70464,0
70465,0
70466,0
70467,0
70468,0
70469,0
70470,0
70471,0
70472,0
70473,1
70474,0
70475,4
70476,3
70477,0
70478,1
70479,1
70480,0
70481,1
70482,0
70483,1
70484,0
70485,0
70486,0
70487,1
70488,1
70489,0
70490,1
70491,0
70492,0
70493,0
70494,1
70495,1
70496,0
70497,0
70498,2
70499,0
70500,1
70501,1
70502,0
70503,0
70504,0
70505,2
70506,2
70507,0
70508,1
70509,0
70510,0
70511,0
70512,2
70513,0
70514,0
70515,0
70516,1
70517,0
70518,0
70519,0
70520,2
70521,1
70522,0
70523,0
70524,1
70525,1
70526,0
70527,0
70528,0
70529,0
70530,0
70531,1
70532,0
70533,0
70534,0
70535,0
70536,2
70537,0
70538,0
70539,0
70540,0
70541,0
70542,0
70543,0
70544,0
70545,0
70546,0
70547,1
70548,2
70549,0
70550,1
70551,1
70552,1
70553,1
70554,0
70555,0
70556,1
70557,0
70558,1
70559,0
70560,2
70561,1
70562,0
70563,1
70564,1
70565,0
70566,3
70567,2
70568,1
70569,1
70570,0
70571,4
70572,0
70573,3
70574,1
70575,1
70576,1
70577,2
70578,0
70579,0
70580,2
70581,0
70582,1
70583,1
70584,1
70585,1
70586,1
70587,4
70588,1
70589,10
70590,0
70591,3
70592,0
70593,0
70594,0
70595,2
70596,0
70597,0
70598,1
70599,1
70600,2
70601,0
70602,2
70603,0
70604,0
70605,0
70606,1
70607,1
70608,1
70609,0
70610,2
70611,0
70612,3
70613,1
70614,0
70615,0
70616,0
70617,2
70618,3
70619,0
70620,0
70621,2
70622,2
70623,0
70624,2
70625,2
70626,0
70627,0
70628,0
70629,3
70630,2
70631,0
70632,2
70633,0
70634,2
70635,1
70636,1
70637,0
70638,1
70639,1
70640,0
70641,0
70642,2
70643,0
70644,2
70645,0
70646,1
70647,0
70648,0
70649,0
70650,0
70651,0
70652,1
70653,0
70654,0
70655,2
70656,1
70657,1
70658,0
70659,3
70660,1
70661,0
70662,3
70663,0
70664,2
70665,0
70666,0
70667,0
70668,0
70669,0
70670,1
70671,1
70672,0
70673,2
70674,1
70675,2
70676,0
70677,1
70678,0
70679,0
70680,0
70681,0
70682,2
70683,1
70684,1
70685,0
70686,0
70687,4
70688,1
70689,1
70690,0
70691,1
70692,0
70693,0
70694,0
70695,0
70696,0
70697,1
70698,0
70699,1
70700,0
70701,0
70702,0
70703,0
70704,0
70705,0
70706,1
70707,0
70708,0
70709,1
70710,0
70711,1
70712,0
70713,0
70714,1
70715,0
70716,1
70717,1
70718,0
70719,0
70720,0
70721,0
70722,0
70723,0
70724,0
70725,0
70726,2
70727,1
70728,0
70729,1
70730,1
70731,1
70732,0
70733,0
70734,1
70735,0
70736,0
70737,0
70738,0
70739,0
70740,0
70741,1
70742,1
70743,0
70744,0
70745,0
70746,1
70747,1
70748,0
70749,0
70750,1
70751,0
70752,2
70753,0
70754,0
70755,0
70756,1
70757,0
70758,0
70759,0
70760,2
70761,0
70762,0
70763,0
70764,0
70765,1
70766,0
70767,4
70768,0
70769,1
70770,3
70771,1
70772,1
70773,1
70774,1
70775,0
70776,3
70777,1
70778,4
70779,1
70780,0
70781,2
70782,6
70783,3
70784,0
70785,0
70786,2
70787,0
70788,0
70789,1
70790,1
70791,0
70792,2
70793,2
70794,0
70795,1
70796,2
70797,0
70798,1
70799,2
70800,0
70801,0
70802,0
70803,0
70804,0
70805,1
70806,1
70807,1
70808,0
70809,0
70810,0
70811,0
70812,0
70813,0
70814,1
70815,1
70816,0
70817,1
70818,0
70819,0
70820,0
70821,0
70822,0
70823,1
70824,1
70825,0
70826,3
70827,0
70828,1
70829,1
70830,0
70831,0
70832,2
70833,0
70834,0
70835,0
70836,0
70837,0
70838,0
70839,0
70840,0
70841,0
70842,1
70843,1
70844,1
70845,1
70846,0
70847,0
70848,0
70849,3
70850,2
70851,1
70852,0
70853,1
70854,2
70855,1
70856,0
70857,0
70858,1
70859,0
70860,1
70861,1
70862,1
70863,0
70864,0
70865,0
70866,2
70867,0
70868,1
70869,4
70870,0
70871,0
70872,1
70873,3
70874,0
70875,1
70876,0
70877,0
70878,2
70879,0
70880,0
70881,0
70882,0
70883,0
70884,0
70885,0
70886,1
70887,0
70888,0
70889,0
70890,2
70891,2
70892,0
70893,1
70894,0
70895,1
70896,0
70897,0
70898,0
70899,0
70900,1
70901,0
70902,0
70903,1
70904,0
70905,0
70906,0
70907,0
70908,0
70909,3
70910,0
70911,1
70912,0
70913,0
70914,0
70915,0
70916,2
70917,0
70918,0
70919,2
70920,0
70921,2
70922,0
70923,1
70924,2
70925,0
70926,1
70927,2
70928,0
70929,4
70930,1
70931,3
70932,1
70933,0
70934,1
70935,1
70936,1
70937,1
70938,0
70939,4
70940,2
70941,1
70942,1
70943,1
70944,1
70945,0
70946,0
70947,0
70948,2
70949,2
70950,0
70951,2
70952,1
70953,0
70954,1
70955,0
70956,0
70957,0
70958,2
70959,0
70960,0
70961,0
70962,1
70963,1
70964,0
70965,0
70966,0
70967,1
70968,1
70969,0
70970,1
70971,0
70972,0
70973,0
70974,0
70975,1
70976,0
70977,0
70978,1
70979,0
70980,0
70981,0
70982,0
70983,2
70984,1
70985,0
70986,0
70987,0
70988,0
70989,0
70990,1
70991,1
70992,1
70993,0
70994,1
70995,1
70996,0
70997,0
70998,0
70999,0
71000,0
71001,2
71002,1
71003,0
71004,1
71005,1
71006,0
71007,0
71008,0
71009,0
71010,0
71011,0
71012,0
71013,0
71014,0
71015,2
71016,0
71017,0
71018,1
71019,1
71020,0
71021,0
71022,1
71023,1
71024,1
71025,1
71026,1
71027,0
71028,0
71029,2
71030,2
71031,1
71032,3
71033,0
71034,1
71035,0
71036,0
71037,0
71038,1
71039,2
71040,0
71041,0
71042,1
71043,1
71044,0
71045,1
71046,1
71047,5
71048,2
71049,0
71050,0
71051,0
71052,1
71053,0
71054,0
71055,3
71056,0
71057,2
71058,0
71059,0
71060,0
71061,4
71062,1
71063,1
71064,0
71065,1
71066,1
71067,1
71068,1
71069,1
71070,1
71071,0
71072,0
71073,0
71074,1
71075,5
71076,1
71077,0
71078,0
71079,1
71080,0
71081,0
71082,0
71083,1
71084,0
71085,1
71086,0
71087,0
71088,1
71089,0
71090,1
71091,0
71092,1
71093,0
71094,1
71095,1
71096,2
71097,0
71098,1
71099,0
71100,1
71101,0
71102,0
71103,0
71104,0
71105,0
71106,0
71107,0
71108,1
71109,0
71110,1
71111,1
71112,0
71113,0
71114,0
71115,1
71116,1
71117,0
71118,1
71119,0
71120,1
71121,0
71122,2
71123,0
71124,0
71125,0
71126,0
71127,0
71128,1
71129,0
71130,0
71131,0
71132,1
71133,0
71134,1
71135,0
71136,0
71137,0
71138,0
71139,0
71140,0
71141,2
71142,1
71143,0
71144,1
71145,1
71146,0
71147,0
71148,0
71149,1
71150,1
71151,0
71152,1
71153,0
71154,0
71155,0
71156,0
71157,2
71158,1
71159,0
71160,0
71161,0
71162,1
71163,0
71164,1
71165,0
71166,0
71167,0
71168,0
71169,2
71170,1
71171,1
71172,2
71173,1
71174,0
71175,1
71176,1
71177,0
71178,1
71179,0
71180,0
71181,0
71182,0
71183,1
71184,0
71185,1
71186,3
71187,0
71188,1
71189,0
71190,0
71191,0
71192,0
71193,0
71194,0
71195,1
71196,1
71197,1
71198,0
71199,2
71200,1
71201,0
71202,0
71203,1
71204,0
71205,0
71206,1
71207,0
71208,0
71209,2
71210,0
71211,2
71212,0
71213,0
71214,2
71215,2
71216,1
71217,0
71218,0
71219,1
71220,1
71221,1
71222,1
71223,0
71224,0
71225,2
71226,1
71227,0
71228,0
71229,1
71230,7
71231,0
71232,0
71233,0
71234,0
71235,0
71236,0
71237,0
71238,1
71239,0
71240,0
71241,0
71242,0
71243,1
71244,0
71245,0
71246,0
71247,1
71248,0
71249,1
71250,1
71251,1
71252,0
71253,4
71254,1
71255,1
71256,1
71257,2
71258,1
71259,1
71260,2
71261,0
71262,1
71263,3
71264,0
71265,0
71266,3
71267,2
71268,0
71269,0
71270,1
71271,0
71272,0
71273,1
71274,1
71275,0
71276,0
71277,0
71278,0
71279,0
71280,0
71281,0
71282,0
71283,2
71284,0
71285,1
71286,0
71287,0
71288,0
71289,1
71290,2
71291,0
71292,0
71293,0
71294,1
71295,1
71296,0
71297,0
71298,2
71299,1
71300,0
71301,2
71302,2
71303,0
71304,0
71305,0
71306,2
71307,1
71308,0
71309,0
71310,2
71311,2
71312,1
71313,0
71314,0
71315,0
71316,1
71317,0
71318,1
71319,0
71320,2
71321,0
71322,0
71323,0
71324,1
71325,1
71326,2
71327,1
71328,1
71329,2
71330,0
71331,1
71332,1
71333,0
71334,0
71335,0
71336,0
71337,0
71338,0
71339,0
71340,0
71341,0
71342,1
71343,0
71344,1
71345,0
71346,2
71347,1
71348,0
71349,0
71350,1
71351,2
71352,0
71353,2
71354,1
71355,0
71356,1
71357,1
71358,0
71359,0
71360,2
71361,1
71362,0
71363,1
71364,0
71365,1
71366,0
71367,1
71368,1
71369,0
71370,0
71371,0
71372,0
71373,1
71374,3
71375,1
71376,1
71377,0
71378,1
71379,0
71380,0
71381,2
71382,0
71383,1
71384,0
71385,0
71386,1
71387,2
71388,0
71389,1
71390,0
71391,2
71392,0
71393,1
71394,0
71395,0
71396,0
71397,4
71398,0
71399,0
71400,0
71401,1
71402,0
71403,1
71404,0
71405,1
71406,1
71407,2
71408,1
71409,1
71410,0
71411,0
71412,2
71413,0
71414,1
71415,1
71416,0
71417,0
71418,1
71419,2
71420,0
71421,0
71422,0
71423,1
71424,0
71425,0
71426,1
71427,1
71428,1
71429,1
71430,1
71431,0
71432,3
71433,1
71434,0
71435,0
71436,0
71437,0
71438,0
71439,0
71440,0
71441,0
71442,1
71443,0
71444,0
71445,0
71446,0
71447,1
71448,1
71449,0
71450,0
71451,0
71452,0
71453,0
71454,0
71455,1
71456,0
71457,1
71458,0
71459,1
71460,1
71461,2
71462,0
71463,1
71464,0
71465,0
71466,0
71467,0
71468,0
71469,1
71470,0
71471,1
71472,1
71473,0
71474,0
71475,1
71476,0
71477,0
71478,0
71479,0
71480,1
71481,0
71482,2
71483,4
71484,0
71485,1
71486,1
71487,0
71488,0
71489,0
71490,1
71491,0
71492,1
71493,5
71494,4
71495,0
71496,1
71497,0
71498,0
71499,1
71500,2
71501,0
71502,0
71503,1
71504,1
71505,0
71506,0
71507,0
71508,0
71509,2
71510,1
71511,1
71512,2
71513,0
71514,0
71515,0
71516,0
71517,0
71518,0
71519,1
71520,0
71521,1
71522,0
71523,0
71524,0
71525,1
71526,1
71527,1
71528,0
71529,0
71530,2
71531,0
71532,0
71533,0
71534,2
71535,0
71536,0
71537,0
71538,0
71539,0
71540,0
71541,1
71542,0
71543,0
71544,1
71545,1
71546,0
71547,0
71548,0
71549,0
71550,0
71551,0
71552,1
71553,2
71554,0
71555,0
71556,0
71557,0
71558,0
71559,1
71560,0
71561,1
71562,0
71563,0
71564,1
71565,0
71566,0
71567,2
71568,2
71569,0
71570,2
71571,1
71572,1
71573,0
71574,0
71575,1
71576,0
71577,1
71578,1
71579,0
71580,2
71581,1
71582,0
71583,0
71584,0
71585,1
71586,2
71587,0
71588,1
71589,1
71590,1
71591,0
71592,2
71593,0
71594,0
71595,1
71596,0
71597,0
71598,1
71599,1
71600,0
71601,2
71602,0
71603,1
71604,2
71605,1
71606,1
71607,0
71608,0
71609,1
71610,2
71611,0
71612,0
71613,1
71614,1
71615,1
71616,0
71617,0
71618,0
71619,0
71620,2
71621,0
71622,0
71623,3
71624,0
71625,0
71626,0
71627,0
71628,1
71629,0
71630,1
71631,1
71632,1
71633,1
71634,0
71635,0
71636,2
71637,0
71638,0
71639,2
71640,4
71641,4
71642,0
71643,2
71644,1
71645,0
71646,0
71647,1
71648,0
71649,3
71650,0
71651,2
71652,0
71653,0
71654,0
71655,0
71656,0
71657,1
71658,1
71659,2
71660,0
71661,2
71662,1
71663,3
71664,0
71665,0
71666,0
71667,2
71668,0
71669,1
71670,1
71671,0
71672,3
71673,2
71674,0
71675,0
71676,0
71677,3
71678,1
71679,0
71680,1
71681,0
71682,0
71683,0
71684,0
71685,0
71686,0
71687,1
71688,0
71689,0
71690,3
71691,6
71692,2
71693,1
71694,0
71695,0
71696,1
71697,1
71698,1
71699,0
71700,1
71701,1
71702,1
71703,3
71704,1
71705,1
71706,1
71707,0
71708,1
71709,1
71710,1
71711,0
71712,0
71713,0
71714,0
71715,4
71716,0
71717,1
71718,5
71719,0
71720,3
71721,3
71722,2
71723,0
71724,1
71725,1
71726,1
71727,0
71728,0
71729,2
71730,0
71731,2
71732,0
71733,0
71734,1
71735,0
71736,0
71737,0
71738,1
71739,0
71740,1
71741,0
71742,1
71743,0
71744,1
71745,0
71746,0
71747,0
71748,1
71749,0
71750,0
71751,0
71752,1
71753,1
71754,0
71755,0
71756,0
71757,0
71758,2
71759,0
71760,0
71761,0
71762,2
71763,2
71764,1
71765,1
71766,2
71767,2
71768,1
71769,1
71770,0
71771,1
71772,1
71773,1
71774,0
71775,0
71776,0
71777,0
71778,1
71779,0
71780,1
71781,0
71782,0
71783,1
71784,0
71785,0
71786,0
71787,0
71788,1
71789,1
71790,2
71791,1
71792,0
71793,0
71794,0
71795,0
71796,1
71797,1
71798,0
71799,0
71800,1
71801,2
71802,0
71803,1
71804,0
71805,0
71806,1
71807,1
71808,2
71809,0
71810,0
71811,1
71812,1
71813,3
71814,2
71815,1
71816,3
71817,0
71818,4
71819,0
71820,0
71821,1
71822,0
71823,0
71824,0
71825,2
71826,0
71827,0
71828,0
71829,0
71830,2
71831,0
71832,1
71833,0
71834,1
71835,0
71836,1
71837,0
71838,0
71839,1
71840,1
71841,0
71842,1
71843,3
71844,1
71845,1
71846,0
71847,0
71848,0
71849,0
71850,1
71851,0
71852,0
71853,0
71854,0
71855,0
71856,0
71857,0
71858,0
71859,1
71860,1
71861,0
71862,0
71863,0
71864,0
71865,0
71866,0
71867,0
71868,0
71869,0
71870,1
71871,0
71872,0
71873,0
71874,0
71875,0
71876,0
71877,0
71878,1
71879,1
71880,0
71881,0
71882,0
71883,1
71884,0
71885,0
71886,0
71887,0
71888,1
71889,1
71890,1
71891,0
71892,1
71893,0
71894,1
71895,0
71896,1
71897,0
71898,0
71899,0
71900,0
71901,2
71902,1
71903,1
71904,1
71905,0
71906,0
71907,0
71908,0
71909,2
71910,1
71911,1
71912,0
71913,1
71914,0
71915,0
71916,1
71917,0
71918,0
71919,0
71920,1
71921,1
71922,0
71923,0
71924,0
71925,0
71926,0
71927,0
71928,1
71929,0
71930,0
71931,0
71932,0
71933,0
71934,1
71935,0
71936,1
71937,0
71938,3
71939,0
71940,2
71941,0
71942,0
71943,0
71944,2
71945,3
71946,0
71947,1
71948,0
71949,2
71950,1
71951,0
71952,0
71953,1
71954,1
71955,0
71956,1
71957,0
71958,0
71959,0
71960,0
71961,0
71962,2
71963,0
71964,3
71965,3
71966,1
71967,2
71968,2
71969,1
71970,1
71971,1
71972,1
71973,1
71974,0
71975,0
71976,0
71977,0
71978,1
71979,1
71980,0
71981,1
71982,0
71983,3
71984,1
71985,0
71986,1
71987,0
71988,0
71989,1
71990,0
71991,0
71992,0
71993,1
71994,1
71995,0
71996,0
71997,0
71998,0
71999,0
72000,1
72001,2
72002,1
72003,0
72004,2
72005,1
72006,0
72007,0
72008,0
72009,0
72010,0
72011,1
72012,2
72013,1
72014,1
72015,0
72016,3
72017,1
72018,1
72019,1
72020,0
72021,2
72022,1
72023,1
72024,1
72025,0
72026,4
72027,2
72028,2
72029,4
72030,1
72031,1
72032,0
72033,1
72034,4
72035,0
72036,0
72037,1
72038,2
72039,0
72040,0
72041,1
72042,0
72043,2
72044,1
72045,0
72046,0
72047,2
72048,0
72049,0
72050,0
72051,1
72052,1
72053,0
72054,0
72055,0
72056,1
72057,0
72058,2
72059,0
72060,0
72061,0
72062,0
72063,0
72064,0
72065,2
72066,0
72067,0
72068,0
72069,0
72070,0
72071,0
72072,1
72073,0
72074,0
72075,0
72076,1
72077,0
72078,0
72079,1
72080,0
72081,1
72082,0
72083,0
72084,0
72085,0
72086,0
72087,2
72088,0
72089,0
72090,0
72091,0
72092,0
72093,0
72094,1
72095,2
72096,0
72097,0
72098,0
72099,1
72100,0
72101,0
72102,2
72103,0
72104,2
72105,0
72106,0
72107,0
72108,0
72109,0
72110,0
72111,0
72112,0
72113,0
72114,0
72115,1
72116,2
72117,0
72118,0
72119,0
72120,0
72121,0
72122,1
72123,0
72124,1
72125,1
72126,0
72127,0
72128,0
72129,0
72130,0
72131,1
72132,0
72133,1
72134,1
72135,0
72136,0
72137,1
72138,0
72139,1
72140,0
72141,2
72142,1
72143,0
72144,0
72145,6
72146,2
72147,0
72148,1
72149,1
72150,1
72151,1
72152,2
72153,3
72154,1
72155,0
72156,1
72157,0
72158,1
72159,1
72160,0
72161,1
72162,0
72163,0
72164,0
72165,0
72166,0
72167,1
72168,0
72169,0
72170,0
72171,0
72172,0
72173,0
72174,1
72175,2
72176,0
72177,0
72178,1
72179,0
72180,0
72181,0
72182,2
72183,0
72184,1
72185,0
72186,0
72187,0
72188,1
72189,1
72190,1
72191,0
72192,0
72193,1
72194,0
72195,0
72196,1
72197,0
72198,0
72199,1
72200,3
72201,0
72202,1
72203,0
72204,1
72205,1
72206,2
72207,1
72208,0
72209,0
72210,1
72211,1
72212,0
72213,1
72214,0
72215,1
72216,4
72217,0
72218,0
72219,2
72220,2
72221,0
72222,2
72223,0
72224,0
72225,0
72226,0
72227,0
72228,0
72229,1
72230,0
72231,2
72232,0
72233,0
72234,1
72235,2
72236,2
72237,0
72238,1
72239,2
72240,2
72241,0
72242,0
72243,0
72244,0
72245,1
72246,0
72247,1
72248,0
72249,0
72250,1
72251,0
72252,1
72253,0
72254,0
72255,0
72256,0
72257,0
72258,2
72259,0
72260,1
72261,1
72262,0
72263,2
72264,1
72265,0
72266,0
72267,2
72268,0
72269,1
72270,2
72271,1
72272,3
72273,3
72274,0
72275,0
72276,3
72277,0
72278,1
72279,0
72280,0
72281,2
72282,1
72283,0
72284,1
72285,0
72286,0
72287,0
72288,1
72289,1
72290,0
72291,3
72292,2
72293,1
72294,1
72295,1
72296,2
72297,4
72298,7
72299,1
72300,4
72301,1
72302,0
72303,0
72304,0
72305,2
72306,0
72307,1
72308,1
72309,2
72310,1
72311,1
72312,0
72313,0
72314,0
72315,1
72316,1
72317,0
72318,3
72319,0
72320,1
72321,0
72322,0
72323,0
72324,0
72325,0
72326,1
72327,0
72328,3
72329,2
72330,1
72331,2
72332,0
72333,2
72334,0
72335,0
72336,0
72337,1
72338,0
72339,0
72340,2
72341,1
72342,1
72343,0
72344,1
72345,2
72346,1
72347,1
72348,2
72349,2
72350,0
72351,1
72352,2
72353,0
72354,0
72355,0
72356,0
72357,2
72358,0
72359,0
72360,0
72361,0
72362,1
72363,1
72364,0
72365,1
72366,1
72367,0
72368,1
72369,1
72370,0
72371,1
72372,1
72373,0
72374,1
72375,1
72376,1
72377,2
72378,2
72379,1
72380,4
72381,0
72382,3
72383,1
72384,4
72385,2
72386,1
72387,1
72388,2
72389,2
72390,0
72391,4
72392,1
72393,3
72394,0
72395,0
72396,1
72397,2
72398,5
72399,0
72400,0
72401,3
72402,1
72403,0
72404,0
72405,0
72406,0
72407,3
72408,0
72409,0
72410,2
72411,0
72412,2
72413,4
72414,6
72415,4
72416,0
72417,0
72418,0
72419,1
72420,0
72421,1
72422,2
72423,1
72424,2
72425,0
72426,0
72427,1
72428,1
72429,0
72430,1
72431,0
72432,0
72433,0
72434,0
72435,1
72436,1
72437,1
72438,0
72439,0
72440,0
72441,1
72442,0
72443,1
72444,1
72445,1
72446,0
72447,0
72448,0
72449,2
72450,0
72451,0
72452,2
72453,1
72454,0
72455,2
72456,3
72457,0
72458,2
72459,1
72460,2
72461,1
72462,1
72463,2
72464,3
72465,0
72466,1
72467,1
72468,0
72469,0
72470,0
72471,1
72472,0
72473,1
72474,1
72475,0
72476,3
72477,1
72478,1
72479,0
72480,0
72481,0
72482,2
72483,0
72484,0
72485,0
72486,0
72487,0
72488,0
72489,2
72490,0
72491,2
72492,4
72493,2
72494,0
72495,1
72496,0
72497,1
72498,1
72499,1
72500,2
72501,0
72502,0
72503,0
72504,1
72505,4
72506,1
72507,0
72508,0
72509,1
72510,1
72511,2
72512,0
72513,1
72514,0
72515,3
72516,0
72517,1
72518,0
72519,0
72520,1
72521,0
72522,0
72523,0
72524,0
72525,0
72526,0
72527,0
72528,0
72529,1
72530,1
72531,1
72532,0
72533,0
72534,1
72535,1
72536,2
72537,0
72538,1
72539,1
72540,0
72541,0
72542,1
72543,1
72544,0
72545,0
72546,0
72547,1
72548,0
72549,0
72550,2
72551,0
72552,1
72553,0
72554,0
72555,0
72556,0
72557,0
72558,0
72559,1
72560,0
72561,1
72562,1
72563,2
72564,0
72565,1
72566,0
72567,2
72568,0
72569,0
72570,1
72571,0
72572,0
72573,0
72574,2
72575,3
72576,1
72577,0
72578,0
72579,2
72580,0
72581,2
72582,0
72583,2
72584,0
72585,1
72586,0
72587,1
72588,1
72589,0
72590,0
72591,0
72592,0
72593,0
72594,2
72595,0
72596,0
72597,0
72598,0
72599,0
72600,0
72601,0
72602,0
72603,1
72604,0
72605,0
72606,1
72607,1
72608,0
72609,0
72610,1
72611,1
72612,0
72613,0
72614,1
72615,2
72616,1
72617,0
72618,1
72619,1
72620,2
72621,0
72622,2
72623,5
72624,0
72625,1
72626,2
72627,0
72628,0
72629,0
72630,1
72631,2
72632,0
72633,1
72634,1
72635,0
72636,0
72637,0
72638,0
72639,0
72640,0
72641,1
72642,0
72643,1
72644,0
72645,0
72646,0
72647,0
72648,1
72649,1
72650,7
72651,2
72652,1
72653,0
72654,1
72655,0
72656,0
72657,1
72658,0
72659,1
72660,1
72661,0
72662,3
72663,0
72664,0
72665,0
72666,0
72667,0
72668,0
72669,0
72670,0
72671,0
72672,0
72673,0
72674,0
72675,2
72676,1
72677,0
72678,1
72679,1
72680,0
72681,5
72682,0
72683,4
72684,0
72685,0
72686,1
72687,0
72688,0
72689,0
72690,0
72691,0
72692,0
72693,1
72694,0
72695,0
72696,0
72697,1
72698,0
72699,1
72700,0
72701,0
72702,1
72703,0
72704,1
72705,0
72706,0
72707,1
72708,2
72709,0
72710,0
72711,1
72712,1
72713,0
72714,0
72715,0
72716,1
72717,0
72718,0
72719,2
72720,2
72721,0
72722,0
72723,1
72724,1
72725,0
72726,0
72727,1
72728,1
72729,1
72730,0
72731,1
72732,1
72733,0
72734,0
72735,0
72736,0
72737,0
72738,0
72739,0
72740,2
72741,0
72742,1
72743,1
72744,0
72745,0
72746,1
72747,2
72748,4
72749,1
72750,0
72751,0
72752,0
72753,0
72754,1
72755,3
72756,2
72757,1
72758,0
72759,0
72760,0
72761,1
72762,2
72763,0
72764,1
72765,1
72766,0
72767,0
72768,2
72769,1
72770,0
72771,0
72772,0
72773,0
72774,0
72775,0
72776,1
72777,2
72778,0
72779,1
72780,1
72781,1
72782,1
72783,3
72784,1
72785,0
72786,1
72787,0
72788,0
72789,1
72790,0
72791,1
72792,0
72793,1
72794,0
72795,0
72796,1
72797,1
72798,0
72799,0
72800,2
72801,0
72802,1
72803,0
72804,0
72805,2
72806,1
72807,1
72808,0
72809,2
72810,0
72811,0
72812,0
72813,1
72814,0
72815,0
72816,2
72817,0
72818,0
72819,0
72820,0
72821,0
72822,0
72823,1
72824,0
72825,1
72826,0
72827,0
72828,0
72829,1
72830,1
72831,0
72832,0
72833,0
72834,2
72835,2
72836,1
72837,4
72838,0
72839,0
72840,0
72841,1
72842,0
72843,0
72844,0
72845,0
72846,1
72847,1
72848,0
72849,0
72850,0
72851,0
72852,1
72853,1
72854,1
72855,1
72856,0
72857,0
72858,0
72859,0
72860,1
72861,2
72862,1
72863,0
72864,0
72865,2
72866,1
72867,0
72868,0
72869,2
72870,0
72871,0
72872,1
72873,0
72874,0
72875,0
72876,2
72877,0
72878,0
72879,1
72880,0
72881,0
72882,0
72883,1
72884,1
72885,0
72886,0
72887,0
72888,0
72889,2
72890,1
72891,0
72892,2
72893,0
72894,0
72895,1
72896,0
72897,0
72898,0
72899,2
72900,0
72901,0
72902,0
72903,2
72904,0
72905,0
72906,0
72907,1
72908,0
72909,0
72910,1
72911,0
72912,0
72913,0
72914,0
72915,1
72916,0
72917,2
72918,1
72919,0
72920,0
72921,0
72922,0
72923,2
72924,1
72925,0
72926,1
72927,0
72928,1
72929,0
72930,0
72931,7
72932,2
72933,0
72934,0
72935,1
72936,0
72937,0
72938,3
72939,0
72940,2
72941,0
72942,2
72943,1
72944,0
72945,1
72946,0
72947,0
72948,0
72949,1
72950,0
72951,0
72952,0
72953,0
72954,0
72955,0
72956,0
72957,1
72958,0
72959,0
72960,0
72961,0
72962,2
72963,0
72964,0
72965,1
72966,0
72967,0
72968,0
72969,0
72970,0
72971,0
72972,0
72973,0
72974,2
72975,0
72976,0
72977,0
72978,0
72979,1
72980,1
72981,0
72982,0
72983,2
72984,1
72985,1
72986,0
72987,1
72988,0
72989,2
72990,0
72991,0
72992,1
72993,1
72994,2
72995,1
72996,2
72997,0
72998,0
72999,0
73000,2
73001,1
73002,0
73003,1
73004,2
73005,0
73006,0
73007,0
73008,2
73009,3
73010,0
73011,0
73012,0
73013,0
73014,0
73015,1
73016,1
73017,1
73018,5
73019,0
73020,2
73021,2
73022,1
73023,2
73024,4
73025,1
73026,0
73027,0
73028,0
73029,2
73030,3
73031,0
73032,0
73033,1
73034,1
73035,0
73036,0
73037,0
73038,1
73039,1
73040,0
73041,0
73042,0
73043,0
73044,5
73045,1
73046,0
73047,3
73048,2
73049,2
73050,0
73051,0
73052,0
73053,0
73054,1
73055,0
73056,0
73057,2
73058,1
73059,0
73060,0
73061,0
73062,0
73063,0
73064,2
73065,0
73066,2
73067,1
73068,2
73069,0
73070,0
73071,0
73072,1
73073,0
73074,0
73075,1
73076,0
73077,0
73078,1
73079,0
73080,1
73081,0
73082,0
73083,0
73084,0
73085,1
73086,1
73087,3
73088,0
73089,0
73090,0
73091,0
73092,0
73093,0
73094,0
73095,0
73096,0
73097,0
73098,0
73099,0
73100,1
73101,1
73102,1
73103,2
73104,0
73105,1
73106,0
73107,1
73108,0
73109,0
73110,0
73111,2
73112,1
73113,0
73114,1
73115,1
73116,1
73117,3
73118,1
73119,2
73120,0
73121,1
73122,1
73123,1
73124,1
73125,0
73126,1
73127,0
73128,1
73129,1
73130,1
73131,2
73132,0
73133,1
73134,3
73135,0
73136,0
73137,0
73138,0
73139,0
73140,0
73141,0
73142,0
73143,1
73144,1
73145,0
73146,0
73147,1
73148,0
73149,1
73150,1
73151,0
73152,2
73153,3
73154,0
73155,0
73156,1
73157,1
73158,1
73159,0
73160,0
73161,0
73162,0
73163,2
73164,0
73165,0
73166,4
73167,1
73168,0
73169,1
73170,3
73171,2
73172,3
73173,1
73174,2
73175,4
73176,1
73177,0
73178,0
73179,0
73180,1
73181,4
73182,1
73183,1
73184,0
73185,1
73186,0
73187,3
73188,2
73189,0
73190,4
73191,1
73192,3
73193,0
73194,0
73195,0
73196,1
73197,0
73198,1
73199,0
73200,0
73201,1
73202,0
73203,0
73204,0
73205,3
73206,1
73207,0
73208,1
73209,0
73210,2
73211,0
73212,0
73213,1
73214,0
73215,0
73216,3
73217,0
73218,0
73219,0
73220,2
73221,0
73222,1
73223,2
73224,0
73225,0
73226,1
73227,0
73228,1
73229,0
73230,0
73231,0
73232,0
73233,0
73234,0
73235,0
73236,1
73237,1
73238,0
73239,2
73240,0
73241,0
73242,0
73243,0
73244,1
73245,0
73246,1
73247,0
73248,0
73249,1
73250,0
73251,0
73252,0
73253,1
73254,1
73255,0
73256,1
73257,1
73258,1
73259,1
73260,0
73261,1
73262,0
73263,0
73264,0
73265,0
73266,2
73267,0
73268,3
73269,1
73270,0
73271,1
73272,1
73273,0
73274,0
73275,1
73276,1
73277,1
73278,2
73279,0
73280,1
73281,2
73282,1
73283,0
73284,1
73285,0
73286,3
73287,0
73288,0
73289,2
73290,14
73291,5
73292,3
73293,1
73294,2
73295,2
73296,0
73297,0
73298,0
73299,0
73300,0
73301,1
73302,0
73303,2
73304,2
73305,1
73306,2
73307,0
73308,1
73309,0
73310,0
73311,0
73312,0
73313,0
73314,0
73315,0
73316,0
73317,0
73318,0
73319,0
73320,0
73321,0
73322,0
73323,0
73324,1
73325,0
73326,1
73327,1
73328,0
73329,0
73330,0
73331,1
73332,0
73333,0
73334,0
73335,1
73336,0
73337,0
73338,0
73339,1
73340,0
73341,0
73342,0
73343,1
73344,0
73345,0
73346,1
73347,1
73348,3
73349,0
73350,2
73351,1
73352,1
73353,1
73354,0
73355,0
73356,1
73357,0
73358,0
73359,0
73360,2
73361,0
73362,2
73363,0
73364,0
73365,1
73366,1
73367,1
73368,0
73369,0
73370,1
73371,1
73372,1
73373,2
73374,0
73375,1
73376,0
73377,1
73378,4
73379,1
73380,1
73381,1
73382,0
73383,3
73384,0
73385,0
73386,0
73387,1
73388,1
73389,0
73390,0
73391,0
73392,0
73393,1
73394,0
73395,1
73396,1
73397,0
73398,1
73399,1
73400,1
73401,0
73402,2
73403,2
73404,1
73405,1
73406,4
73407,1
73408,2
73409,0
73410,0
73411,0
73412,0
73413,2
73414,0
73415,1
73416,1
73417,2
73418,0
73419,2
73420,3
73421,2
73422,1
73423,0
73424,1
73425,0
73426,1
73427,1
73428,0
73429,1
73430,0
73431,0
73432,1
73433,0
73434,0
73435,0
73436,1
73437,2
73438,1
73439,0
73440,0
73441,0
73442,0
73443,1
73444,2
73445,4
73446,0
73447,1
73448,0
73449,0
73450,1
73451,1
73452,1
73453,3
73454,0
73455,0
73456,0
73457,1
73458,0
73459,0
73460,1
73461,0
73462,0
73463,1
73464,0
73465,0
73466,0
73467,0
73468,0
73469,0
73470,0
73471,0
73472,0
73473,0
73474,2
73475,1
73476,1
73477,0
73478,1
73479,0
73480,0
73481,0
73482,1
73483,0
73484,0
73485,1
73486,0
73487,0
73488,0
73489,1
73490,0
73491,0
73492,0
73493,0
73494,0
73495,0
73496,0
73497,0
73498,0
73499,0
73500,0
73501,0
73502,0
73503,0
73504,0
73505,1
73506,1
73507,0
73508,0
73509,2
73510,1
73511,0
73512,1
73513,1
73514,1
73515,1
73516,1
73517,0
73518,1
73519,0
73520,1
73521,0
73522,1
73523,1
73524,1
73525,2
73526,0
73527,1
73528,0
73529,0
73530,0
73531,1
73532,0
73533,0
73534,1
73535,1
73536,0
73537,0
73538,0
73539,1
73540,1
73541,1
73542,1
73543,1
73544,1
73545,1
73546,0
73547,0
73548,0
73549,0
73550,0
73551,0
73552,0
73553,0
73554,0
73555,1
73556,0
73557,0
73558,0
73559,0
73560,0
73561,0
73562,0
73563,0
73564,1
73565,0
73566,0
73567,1
73568,0
73569,0
73570,2
73571,0
73572,0
73573,0
73574,1
73575,0
73576,0
73577,1
73578,1
73579,1
73580,2
73581,0
73582,2
73583,0
73584,1
73585,0
73586,0
73587,0
73588,0
73589,0
73590,0
73591,0
73592,0
73593,1
73594,0
73595,0
73596,1
73597,1
73598,1
73599,0
73600,0
73601,0
73602,1
73603,0
73604,0
73605,0
73606,0
73607,1
73608,0
73609,1
73610,0
73611,0
73612,0
73613,0
73614,1
73615,0
73616,1
73617,0
73618,0
73619,0
73620,0
73621,0
73622,0
73623,0
73624,1
73625,0
73626,0
73627,0
73628,0
73629,0
73630,6
73631,2
73632,0
73633,0
73634,0
73635,4
73636,1
73637,0
73638,1
73639,1
73640,1
73641,1
73642,0
73643,7
73644,0
73645,0
73646,1
73647,0
73648,2
73649,0
73650,3
73651,0
73652,0
73653,2
73654,1
73655,1
73656,1
73657,3
73658,1
73659,1
73660,0
73661,1
73662,0
73663,1
73664,1
73665,1
73666,2
73667,1
73668,3
73669,0
73670,0
73671,0
73672,0
73673,0
73674,0
73675,0
73676,0
73677,0
73678,1
73679,0
73680,0
73681,1
73682,0
73683,0
73684,1
73685,1
73686,0
73687,1
73688,1
73689,0
73690,0
73691,0
73692,0
73693,0
73694,1
73695,0
73696,1
73697,0
73698,0
73699,0
73700,0
73701,0
73702,1
73703,0
73704,0
73705,1
73706,0
73707,0
73708,2
73709,0
73710,0
73711,1
73712,0
73713,0
73714,2
73715,0
73716,0
73717,1
73718,0
73719,1
73720,6
73721,1
73722,0
73723,0
73724,0
73725,0
73726,1
73727,0
73728,1
73729,0
73730,0
73731,2
73732,2
73733,0
73734,0
73735,1
73736,2
73737,0
73738,1
73739,0
73740,0
73741,0
73742,0
73743,0
73744,0
73745,0
73746,1
73747,0
73748,0
73749,1
73750,0
73751,0
73752,1
73753,1
73754,0
73755,0
73756,0
73757,0
73758,1
73759,3
73760,2
73761,0
73762,0
73763,0
73764,0
73765,0
73766,1
73767,1
73768,3
73769,1
73770,1
73771,2
73772,1
73773,2
73774,1
73775,0
73776,0
73777,1
73778,1
73779,0
73780,0
73781,1
73782,0
73783,1
73784,0
73785,0
73786,2
73787,0
73788,0
73789,0
73790,1
73791,0
73792,3
73793,2
73794,1
73795,0
73796,0
73797,0
73798,0
73799,0
73800,0
73801,2
73802,1
73803,2
73804,1
73805,2
73806,0
73807,3
73808,0
73809,0
73810,0
73811,0
73812,0
73813,0
73814,0
73815,0
73816,0
73817,0
73818,0
73819,0
73820,0
73821,0
73822,1
73823,0
73824,1
73825,0
73826,0
73827,0
73828,0
73829,0
73830,2
73831,2
73832,0
73833,0
73834,0
73835,0
73836,1
73837,1
73838,0
73839,0
73840,0
73841,0
73842,1
73843,2
73844,0
73845,0
73846,2
73847,2
73848,0
73849,1
73850,0
73851,0
73852,0
73853,0
73854,0
73855,0
73856,1
73857,1
73858,1
73859,1
73860,0
73861,1
73862,2
73863,0
73864,1
73865,0
73866,0
73867,0
73868,0
73869,1
73870,1
73871,2
73872,1
73873,2
73874,1
73875,1
73876,0
73877,2
73878,1
73879,0
73880,0
73881,4
73882,0
73883,0
73884,0
73885,0
73886,0
73887,0
73888,0
73889,2
73890,1
73891,4
73892,0
73893,0
73894,1
73895,0
73896,0
73897,0
73898,1
73899,1
73900,0
73901,0
73902,1
73903,0
73904,0
73905,0
73906,1
73907,1
73908,1
73909,4
73910,0
73911,0
73912,2
73913,0
73914,0
73915,0
73916,0
73917,0
73918,0
73919,0
73920,0
73921,1
73922,1
73923,2
73924,0
73925,0
73926,1
73927,0
73928,0
73929,0
73930,0
73931,1
73932,0
73933,1
73934,0
73935,2
73936,1
73937,0
73938,1
73939,2
73940,0
73941,1
73942,2
73943,0
73944,2
73945,2
73946,0
73947,0
73948,3
73949,0
73950,3
73951,0
73952,1
73953,0
73954,0
73955,0
73956,2
73957,3
73958,1
73959,0
73960,0
73961,1
73962,2
73963,0
73964,1
73965,0
73966,1
73967,0
73968,2
73969,0
73970,3
73971,3
73972,1
73973,0
73974,2
73975,1
73976,0
73977,0
73978,2
73979,1
73980,2
73981,2
73982,1
73983,1
73984,1
73985,0
73986,0
73987,1
73988,0
73989,2
73990,0
73991,0
73992,1
73993,0
73994,0
73995,1
73996,1
73997,1
73998,2
73999,1
74000,1
74001,1
74002,1
74003,0
74004,0
74005,0
74006,3
74007,0
74008,0
74009,0
74010,2
74011,0
74012,0
74013,1
74014,0
74015,0
74016,1
74017,0
74018,2
74019,2
74020,0
74021,0
74022,0
74023,0
74024,0
74025,1
74026,0
74027,1
74028,2
74029,0
74030,1
74031,0
74032,0
74033,0
74034,0
74035,0
74036,0
74037,1
74038,0
74039,0
74040,0
74041,0
74042,0
74043,0
74044,2
74045,0
74046,1
74047,1
74048,0
74049,0
74050,3
74051,0
74052,0
74053,0
74054,4
74055,0
74056,0
74057,0
74058,0
74059,0
74060,1
74061,0
74062,0
74063,2
74064,2
74065,0
74066,1
74067,3
74068,1
74069,1
74070,2
74071,0
74072,0
74073,2
74074,0
74075,2
74076,0
74077,1
74078,0
74079,0
74080,2
74081,0
74082,1
74083,0
74084,1
74085,0
74086,0
74087,0
74088,1
74089,0
74090,0
74091,0
74092,0
74093,1
74094,0
74095,1
74096,0
74097,1
74098,0
74099,1
74100,0
74101,0
74102,2
74103,1
74104,0
74105,0
74106,1
74107,2
74108,0
74109,0
74110,0
74111,0
74112,0
74113,1
74114,0
74115,0
74116,1
74117,1
74118,0
74119,1
74120,1
74121,1
74122,1
74123,0
74124,0
74125,1
74126,0
74127,0
74128,0
74129,0
74130,0
74131,0
74132,0
74133,0
74134,0
74135,0
74136,0
74137,0
74138,1
74139,0
74140,0
74141,3
74142,1
74143,0
74144,0
74145,0
74146,0
74147,0
74148,3
74149,1
74150,1
74151,0
74152,1
74153,0
74154,1
74155,1
74156,1
74157,2
74158,2
74159,0
74160,3
74161,2
74162,1
74163,0
74164,0
74165,1
74166,1
74167,1
74168,0
74169,1
74170,0
74171,3
74172,3
74173,0
74174,4
74175,0
74176,1
74177,0
74178,2
74179,0
74180,0
74181,3
74182,0
74183,0
74184,1
74185,1
74186,0
74187,0
74188,13
74189,0
74190,0
74191,1
74192,0
74193,0
74194,0
74195,1
74196,1
74197,0
74198,0
74199,0
74200,0
74201,1
74202,0
74203,0
74204,2
74205,0
74206,1
74207,1
74208,1
74209,0
74210,1
74211,0
74212,0
74213,2
74214,0
74215,1
74216,0
74217,0
74218,3
74219,0
74220,0
74221,0
74222,0
74223,0
74224,0
74225,0
74226,0
74227,1
74228,0
74229,0
74230,1
74231,0
74232,0
74233,0
74234,2
74235,0
74236,1
74237,1
74238,1
74239,2
74240,1
74241,3
74242,3
74243,1
74244,0
74245,3
74246,1
74247,3
74248,1
74249,1
74250,2
74251,1
74252,3
74253,5
74254,4
74255,0
74256,0
74257,1
74258,1
74259,0
74260,0
74261,0
74262,0
74263,0
74264,0
74265,0
74266,2
74267,0
74268,0
74269,1
74270,2
74271,0
74272,0
74273,2
74274,0
74275,2
74276,0
74277,1
74278,1
74279,0
74280,2
74281,2
74282,4
74283,4
74284,2
74285,2
74286,2
74287,1
74288,1
74289,1
74290,1
74291,1
74292,0
74293,0
74294,5
74295,1
74296,2
74297,2
74298,0
74299,0
74300,1
74301,1
74302,0
74303,1
74304,0
74305,0
74306,1
74307,0
74308,2
74309,2
74310,0
74311,1
74312,0
74313,1
74314,1
74315,1
74316,0
74317,4
74318,0
74319,2
74320,1
74321,1
74322,0
74323,4
74324,0
74325,12
74326,4
74327,1
74328,1
74329,1
74330,0
74331,0
74332,1
74333,0
74334,0
74335,2
74336,2
74337,0
74338,2
74339,1
74340,1
74341,0
74342,0
74343,0
74344,0
74345,0
74346,0
74347,1
74348,3
74349,3
74350,8
74351,1
74352,0
74353,0
74354,1
74355,0
74356,0
74357,1
74358,1
74359,1
74360,2
74361,3
74362,0
74363,2
74364,0
74365,1
74366,0
74367,0
74368,0
74369,0
74370,1
74371,2
74372,1
74373,2
74374,1
74375,1
74376,0
74377,1
74378,1
74379,0
74380,0
74381,1
74382,1
74383,3
74384,0
74385,1
74386,0
74387,2
74388,1
74389,1
74390,0
74391,0
74392,0
74393,0
74394,1
74395,1
74396,1
74397,0
74398,0
74399,0
74400,0
74401,0
74402,0
74403,0
74404,1
74405,1
74406,0
74407,1
74408,0
74409,1
74410,0
74411,1
74412,0
74413,0
74414,0
74415,7
74416,0
74417,1
74418,0
74419,0
74420,0
74421,2
74422,1
74423,0
74424,0
74425,0
74426,0
74427,0
74428,0
74429,0
74430,0
74431,1
74432,0
74433,0
74434,0
74435,0
74436,0
74437,0
74438,1
74439,0
74440,0
74441,0
74442,1
74443,1
74444,1
74445,0
74446,0
74447,1
74448,0
74449,1
74450,1
74451,0
74452,0
74453,1
74454,0
74455,0
74456,0
74457,0
74458,0
74459,1
74460,1
74461,4
74462,0
74463,0
74464,0
74465,0
74466,0
74467,2
74468,1
74469,0
74470,0
74471,3
74472,2
74473,1
74474,1
74475,0
74476,0
74477,0
74478,1
74479,0
74480,0
74481,0
74482,0
74483,0
74484,1
74485,0
74486,2
74487,1
74488,1
74489,0
74490,0
74491,1
74492,1
74493,0
74494,0
74495,1
74496,0
74497,0
74498,2
74499,0
74500,0
74501,0
74502,0
74503,0
74504,1
74505,1
74506,1
74507,3
74508,1
74509,2
74510,2
74511,0
74512,0
74513,0
74514,1
74515,1
74516,0
74517,0
74518,1
74519,0
74520,1
74521,1
74522,0
74523,1
74524,0
74525,0
74526,0
74527,0
74528,1
74529,1
74530,0
74531,0
74532,0
74533,0
74534,1
74535,0
74536,1
74537,0
74538,1
74539,2
74540,0
74541,0
74542,1
74543,0
74544,0
74545,1
74546,0
74547,1
74548,1
74549,0
74550,0
74551,0
74552,2
74553,0
74554,0
74555,1
74556,1
74557,0
74558,0
74559,0
74560,0
74561,1
74562,0
74563,1
74564,1
74565,0
74566,0
74567,2
74568,0
74569,0
74570,5
74571,1
74572,0
74573,1
74574,0
74575,1
74576,0
74577,1
74578,3
74579,2
74580,0
74581,4
74582,0
74583,0
74584,0
74585,2
74586,0
74587,2
74588,0
74589,1
74590,1
74591,1
74592,1
74593,1
74594,2
74595,1
74596,0
74597,0
74598,2
74599,2
74600,3
74601,0
74602,3
74603,0
74604,1
74605,0
74606,0
74607,0
74608,1
74609,0
74610,2
74611,3
74612,0
74613,1
74614,0
74615,0
74616,0
74617,1
74618,0
74619,0
74620,0
74621,2
74622,0
74623,0
74624,1
74625,0
74626,0
74627,0
74628,2
74629,1
74630,1
74631,2
74632,3
74633,3
74634,4
74635,0
74636,0
74637,0
74638,1
74639,2
74640,0
74641,0
74642,2
74643,0
74644,0
74645,0
74646,1
74647,0
74648,2
74649,0
74650,1
74651,1
74652,0
74653,3
74654,1
74655,0
74656,2
74657,1
74658,1
74659,0
74660,0
74661,0
74662,0
74663,0
74664,0
74665,0
74666,0
74667,1
74668,0
74669,0
74670,0
74671,0
74672,1
74673,2
74674,3
74675,0
74676,0
74677,0
74678,1
74679,1
74680,0
74681,1
74682,0
74683,0
74684,0
74685,0
74686,0
74687,0
74688,0
74689,0
74690,1
74691,1
74692,1
74693,1
74694,1
74695,2
74696,0
74697,1
74698,3
74699,0
74700,0
74701,3
74702,1
74703,0
74704,0
74705,1
74706,0
74707,0
74708,0
74709,0
74710,1
74711,0
74712,0
74713,2
74714,4
74715,0
74716,1
74717,1
74718,0
74719,1
74720,0
74721,0
74722,0
74723,0
74724,0
74725,0
74726,1
74727,0
74728,0
74729,0
74730,0
74731,0
74732,0
74733,1
74734,0
74735,0
74736,0
74737,0
74738,0
74739,0
74740,0
74741,0
74742,0
74743,0
74744,0
74745,0
74746,0
74747,0
74748,1
74749,0
74750,0
74751,0
74752,1
74753,1
74754,0
74755,1
74756,3
74757,1
74758,0
74759,0
74760,0
74761,0
74762,0
74763,1
74764,0
74765,1
74766,1
74767,1
74768,0
74769,3
74770,0
74771,0
74772,1
74773,0
74774,2
74775,1
74776,1
74777,5
74778,0
74779,1
74780,1
74781,1
74782,6
74783,6
74784,1
74785,0
74786,0
74787,0
74788,0
74789,1
74790,2
74791,0
74792,1
74793,2
74794,0
74795,0
74796,0
74797,0
74798,0
74799,0
74800,0
74801,1
74802,0
74803,0
74804,0
74805,0
74806,1
74807,0
74808,1
74809,1
74810,1
74811,2
74812,0
74813,0
74814,0
74815,0
74816,0
74817,0
74818,1
74819,1
74820,0
74821,0
74822,1
74823,0
74824,0
74825,0
74826,1
74827,1
74828,0
74829,1
74830,1
74831,1
74832,0
74833,1
74834,3
74835,0
74836,0
74837,0
74838,0
74839,2
74840,1
74841,0
74842,0
74843,0
74844,0
74845,1
74846,1
74847,1
74848,1
74849,0
74850,1
74851,1
74852,1
74853,0
74854,1
74855,0
74856,3
74857,0
74858,2
74859,1
74860,2
74861,1
74862,1
74863,0
74864,1
74865,3
74866,0
74867,0
74868,2
74869,0
74870,0
74871,1
74872,1
74873,3
74874,2
74875,0
74876,2
74877,0
74878,1
74879,0
74880,0
74881,1
74882,1
74883,1
74884,1
74885,1
74886,1
74887,0
74888,1
74889,0
74890,0
74891,0
74892,0
74893,3
74894,0
74895,1
74896,0
74897,0
74898,1
74899,1
74900,1
74901,2
74902,0
74903,3
74904,1
74905,2
74906,1
74907,1
74908,0
74909,1
74910,1
74911,0
74912,0
74913,0
74914,3
74915,0
74916,2
74917,0
74918,0
74919,1
74920,0
74921,0
74922,0
74923,1
74924,0
74925,0
74926,0
74927,0
74928,0
74929,0
74930,0
74931,1
74932,0
74933,2
74934,2
74935,0
74936,0
74937,0
74938,0
74939,0
74940,2
74941,0
74942,0
74943,0
74944,0
74945,0
74946,2
74947,0
74948,0
74949,0
74950,1
74951,0
74952,0
74953,1
74954,5
74955,0
74956,0
74957,0
74958,0
74959,1
74960,0
74961,0
74962,0
74963,0
74964,0
74965,0
74966,0
74967,1
74968,1
74969,1
74970,3
74971,0
74972,0
74973,1
74974,0
74975,0
74976,0
74977,1
74978,0
74979,1
74980,2
74981,1
74982,0
74983,0
74984,0
74985,0
74986,0
74987,1
74988,0
74989,0
74990,0
74991,2
74992,0
74993,1
74994,1
74995,0
74996,1
74997,0
74998,0
74999,0
75000,2
75001,1
75002,1
75003,0
75004,0
75005,0
75006,0
75007,5
75008,1
75009,0
75010,0
75011,1
75012,0
75013,1
75014,0
75015,2
75016,0
75017,1
75018,1
75019,0
75020,0
75021,1
75022,0
75023,0
75024,0
75025,0
75026,0
75027,0
75028,0
75029,0
75030,1
75031,1
75032,1
75033,0
75034,0
75035,1
75036,2
75037,0
75038,0
75039,0
75040,0
75041,1
75042,1
75043,2
75044,0
75045,0
75046,0
75047,0
75048,1
75049,0
75050,2
75051,0
75052,1
75053,1
75054,1
75055,0
75056,0
75057,1
75058,1
75059,0
75060,3
75061,2
75062,0
75063,2
75064,0
75065,3
75066,2
75067,1
75068,1
75069,0
75070,2
75071,1
75072,0
75073,0
75074,0
75075,0
75076,1
75077,2
75078,0
75079,0
75080,0
75081,1
75082,0
75083,0
75084,0
75085,0
75086,0
75087,0
75088,0
75089,0
75090,2
75091,1
75092,0
75093,0
75094,1
75095,1
75096,1
75097,1
75098,0
75099,3
75100,2
75101,0
75102,1
75103,0
75104,0
75105,0
75106,1
75107,1
75108,0
75109,0
75110,0
75111,1
75112,3
75113,0
75114,1
75115,1
75116,0
75117,0
75118,0
75119,0
75120,0
75121,0
75122,0
75123,1
75124,0
75125,0
75126,0
75127,0
75128,0
75129,0
75130,0
75131,1
75132,1
75133,0
75134,1
75135,1
75136,0
75137,1
75138,1
75139,1
75140,0
75141,0
75142,1
75143,0
75144,1
75145,0
75146,0
75147,0
75148,0
75149,0
75150,0
75151,0
75152,0
75153,1
75154,1
75155,2
75156,0
75157,1
75158,0
75159,1
75160,1
75161,0
75162,1
75163,0
75164,0
75165,0
75166,0
75167,0
75168,0
75169,0
75170,0
75171,0
75172,0
75173,1
75174,0
75175,0
75176,1
75177,1
75178,0
75179,0
75180,0
75181,0
75182,0
75183,2
75184,0
75185,1
75186,1
75187,0
75188,0
75189,0
75190,0
75191,0
75192,2
75193,1
75194,0
75195,1
75196,0
75197,1
75198,0
75199,0
75200,1
75201,0
75202,0
75203,0
75204,0
75205,1
75206,1
75207,1
75208,1
75209,0
75210,0
75211,2
75212,0
75213,0
75214,1
75215,0
75216,0
75217,0
75218,0
75219,1
75220,1
75221,0
75222,0
75223,0
75224,0
75225,1
75226,0
75227,1
75228,0
75229,1
75230,1
75231,0
75232,0
75233,0
75234,0
75235,1
75236,0
75237,0
75238,1
75239,0
75240,0
75241,1
75242,0
75243,1
75244,0
75245,0
75246,0
75247,0
75248,1
75249,0
75250,0
75251,1
75252,0
75253,0
75254,0
75255,0
75256,1
75257,0
75258,0
75259,0
75260,0
75261,0
75262,0
75263,2
75264,0
75265,0
75266,0
75267,0
75268,2
75269,0
75270,0
75271,4
75272,0
75273,0
75274,0
75275,1
75276,0
75277,1
75278,0
75279,0
75280,0
75281,0
75282,1
75283,1
75284,0
75285,0
75286,1
75287,1
75288,0
75289,0
75290,1
75291,0
75292,0
75293,1
75294,0
75295,0
75296,1
75297,0
75298,2
75299,1
75300,0
75301,2
75302,0
75303,1
75304,0
75305,0
75306,0
75307,1
75308,1
75309,1
75310,0
75311,1
75312,0
75313,0
75314,0
75315,1
75316,1
75317,0
75318,1
75319,1
75320,1
75321,0
75322,1
75323,0
75324,1
75325,1
75326,0
75327,2
75328,0
75329,1
75330,0
75331,0
75332,0
75333,0
75334,0
75335,0
75336,0
75337,0
75338,1
75339,2
75340,1
75341,0
75342,0
75343,1
75344,0
75345,0
75346,2
75347,0
75348,2
75349,4
75350,1
75351,1
75352,0
75353,0
75354,3
75355,0
75356,2
75357,2
75358,1
75359,11
75360,1
75361,1
75362,6
75363,1
75364,0
75365,3
75366,0
75367,0
75368,0
75369,1
75370,1
75371,0
75372,1
75373,1
75374,1
75375,1
75376,0
75377,0
75378,2
75379,0
75380,0
75381,1
75382,1
75383,0
75384,1
75385,0
75386,2
75387,1
75388,2
75389,0
75390,0
75391,1
75392,0
75393,1
75394,2
75395,1
75396,1
75397,0
75398,0
75399,0
75400,0
75401,0
75402,1
75403,3
75404,0
75405,2
75406,1
75407,2
75408,1
75409,3
75410,1
75411,0
75412,0
75413,2
75414,2
75415,1
75416,1
75417,0
75418,1
75419,0
75420,0
75421,0
75422,1
75423,2
75424,0
75425,0
75426,1
75427,2
75428,5
75429,2
75430,2
75431,0
75432,1
75433,4
75434,1
75435,1
75436,0
75437,0
75438,1
75439,3
75440,1
75441,1
75442,0
75443,0
75444,0
75445,0
75446,1
75447,0
75448,0
75449,1
75450,2
75451,0
75452,0
75453,0
75454,0
75455,0
75456,0
75457,0
75458,1
75459,0
75460,1
75461,1
75462,0
75463,0
75464,0
75465,0
75466,0
75467,0
75468,0
75469,0
75470,0
75471,0
75472,0
75473,0
75474,1
75475,0
75476,1
75477,0
75478,0
75479,0
75480,0
75481,0
75482,0
75483,1
75484,1
75485,0
75486,0
75487,0
75488,0
75489,0
75490,0
75491,1
75492,0
75493,1
75494,0
75495,0
75496,0
75497,3
75498,1
75499,0
75500,1
75501,3
75502,6
75503,4
75504,2
75505,2
75506,0
75507,0
75508,0
75509,0
75510,1
75511,0
75512,3
75513,1
75514,0
75515,0
75516,1
75517,0
75518,1
75519,1
75520,0
75521,0
75522,0
75523,0
75524,0
75525,3
75526,1
75527,0
75528,0
75529,0
75530,0
75531,2
75532,1
75533,0
75534,1
75535,3
75536,1
75537,1
75538,1
75539,1
75540,0
75541,0
75542,0
75543,0
75544,1
75545,0
75546,0
75547,0
75548,1
75549,0
75550,1
75551,0
75552,0
75553,1
75554,0
75555,1
75556,0
75557,1
75558,1
75559,1
75560,1
75561,0
75562,0
75563,0
75564,1
75565,0
75566,1
75567,0
75568,0
75569,0
75570,3
75571,0
75572,0
75573,0
75574,0
75575,3
75576,0
75577,0
75578,0
75579,0
75580,0
75581,1
75582,1
75583,1
75584,1
75585,1
75586,0
75587,0
75588,1
75589,1
75590,0
75591,0
75592,0
75593,0
75594,0
75595,0
75596,0
75597,0
75598,0
75599,2
75600,1
75601,0
75602,0
75603,0
75604,2
75605,0
75606,2
75607,2
75608,0
75609,1
75610,0
75611,0
75612,0
75613,0
75614,1
75615,0
75616,2
75617,3
75618,1
75619,0
75620,1
75621,0
75622,0
75623,0
75624,0
75625,0
75626,4
75627,0
75628,0
75629,0
75630,0
75631,1
75632,0
75633,3
75634,8
75635,3
75636,7
75637,0
75638,2
75639,4
75640,1
75641,0
75642,0
75643,0
75644,0
75645,0
75646,1
75647,0
75648,2
75649,2
75650,0
75651,0
75652,1
75653,1
75654,2
75655,1
75656,0
75657,2
75658,0
75659,0
75660,1
75661,0
75662,0
75663,0
75664,0
75665,0
75666,0
75667,0
75668,0
75669,0
75670,1
75671,0
75672,1
75673,0
75674,0
75675,1
75676,3
75677,0
75678,0
75679,5
75680,8
75681,2
75682,5
75683,0
75684,0
75685,0
75686,2
75687,0
75688,1
75689,0
75690,0
75691,1
75692,0
75693,0
75694,0
75695,0
75696,1
75697,0
75698,0
75699,0
75700,0
75701,0
75702,0
75703,1
75704,1
75705,0
75706,0
75707,0
75708,0
75709,0
75710,0
75711,0
75712,0
75713,0
75714,0
75715,0
75716,0
75717,0
75718,0
75719,0
75720,0
75721,0
75722,0
75723,0
75724,1
75725,0
75726,1
75727,0
75728,0
75729,1
75730,0
75731,0
75732,0
75733,0
75734,0
75735,1
75736,0
75737,0
75738,0
75739,2
75740,1
75741,0
75742,1
75743,1
75744,0
75745,0
75746,1
75747,1
75748,1
75749,1
75750,0
75751,0
75752,1
75753,2
75754,0
75755,0
75756,1
75757,1
75758,0
75759,1
75760,1
75761,4
75762,0
75763,0
75764,2
75765,0
75766,3
75767,1
75768,1
75769,0
75770,0
75771,0
75772,2
75773,1
75774,1
75775,2
75776,1
75777,0
75778,0
75779,5
75780,1
75781,0
75782,0
75783,0
75784,0
75785,2
75786,0
75787,0
75788,0
75789,1
75790,0
75791,0
75792,0
75793,1
75794,0
75795,1
75796,1
75797,0
75798,1
75799,0
75800,0
75801,0
75802,0
75803,0
75804,0
75805,0
75806,0
75807,0
75808,0
75809,1
75810,0
75811,0
75812,0
75813,0
75814,0
75815,0
75816,1
75817,0
75818,0
75819,0
75820,0
75821,0
75822,0
75823,1
75824,0
75825,0
75826,0
75827,0
75828,1
75829,0
75830,0
75831,0
75832,0
75833,0
75834,1
75835,1
75836,1
75837,1
75838,4
75839,0
75840,2
75841,5
75842,3
75843,0
75844,0
75845,0
75846,1
75847,0
75848,0
75849,1
75850,8
75851,1
75852,1
75853,0
75854,1
75855,0
75856,0
75857,0
75858,0
75859,0
75860,0
75861,2
75862,1
75863,0
75864,0
75865,2
75866,1
75867,1
75868,0
75869,1
75870,0
75871,0
75872,0
75873,0
75874,0
75875,0
75876,0
75877,0
75878,0
75879,0
75880,1
75881,1
75882,0
75883,0
75884,0
75885,0
75886,0
75887,1
75888,0
75889,1
75890,1
75891,0
75892,1
75893,0
75894,1
75895,0
75896,1
75897,1
75898,0
75899,1
75900,0
75901,0
75902,0
75903,1
75904,1
75905,0
75906,0
75907,0
75908,0
75909,0
75910,0
75911,2
75912,0
75913,0
75914,0
75915,0
75916,0
75917,1
75918,3
75919,1
75920,3
75921,0
75922,0
75923,0
75924,0
75925,0
75926,0
75927,0
75928,1
75929,4
75930,0
75931,0
75932,4
75933,0
75934,0
75935,0
75936,0
75937,0
75938,1
75939,1
75940,0
75941,1
75942,0
75943,1
75944,0
75945,0
75946,0
75947,0
75948,0
75949,1
75950,0
75951,3
75952,0
75953,0
75954,0
75955,0
75956,0
75957,0
75958,1
75959,0
75960,0
75961,0
75962,0
75963,1
75964,1
75965,1
75966,0
75967,2
75968,2
75969,0
75970,1
75971,0
75972,2
75973,1
75974,0
75975,0
75976,0
75977,0
75978,0
75979,0
75980,0
75981,0
75982,0
75983,0
75984,0
75985,2
75986,0
75987,1
75988,0
75989,2
75990,0
75991,3
75992,0
75993,0
75994,0
75995,0
75996,0
75997,0
75998,0
75999,1
76000,1
76001,0
76002,0
76003,2
76004,0
76005,1
76006,0
76007,0
76008,0
76009,0
76010,0
76011,0
76012,0
76013,1
76014,0
76015,0
76016,3
76017,0
76018,3
76019,1
76020,0
76021,0
76022,0
76023,1
76024,0
76025,0
76026,1
76027,3
76028,1
76029,0
76030,0
76031,0
76032,0
76033,0
76034,2
76035,5
76036,0
76037,0
76038,2
76039,0
76040,0
76041,1
76042,0
76043,0
76044,2
76045,1
76046,0
76047,0
76048,1
76049,0
76050,0
76051,2
76052,0
76053,1
76054,1
76055,0
76056,0
76057,6
76058,2
76059,2
76060,5
76061,1
76062,1
76063,0
76064,0
76065,0
76066,0
76067,0
76068,0
76069,0
76070,0
76071,1
76072,0
76073,0
76074,0
76075,1
76076,1
76077,0
76078,0
76079,0
76080,0
76081,0
76082,0
76083,0
76084,0
76085,0
76086,0
76087,0
76088,0
76089,0
76090,2
76091,0
76092,0
76093,1
76094,0
76095,0
76096,0
76097,0
76098,0
76099,0
76100,0
76101,0
76102,0
76103,0
76104,0
76105,2
76106,0
76107,5
76108,2
76109,0
76110,1
76111,0
76112,0
76113,0
76114,1
76115,0
76116,0
76117,0
76118,0
76119,1
76120,0
76121,0
76122,1
76123,2
76124,0
76125,2
76126,0
76127,3
76128,1
76129,2
76130,1
76131,0
76132,1
76133,2
76134,1
76135,0
76136,0
76137,1
76138,1
76139,0
76140,1
76141,0
76142,0
76143,0
76144,2
76145,1
76146,0
76147,0
76148,0
76149,0
76150,3
76151,1
76152,0
76153,0
76154,0
76155,0
76156,0
76157,0
76158,0
76159,5
76160,1
76161,1
76162,0
76163,1
76164,0
76165,0
76166,3
76167,0
76168,1
76169,2
76170,1
76171,0
76172,2
76173,0
76174,0
76175,0
76176,1
76177,2
76178,4
76179,1
76180,0
76181,1
76182,0
76183,0
76184,1
76185,1
76186,2
76187,0
76188,3
76189,1
76190,1
76191,0
76192,1
76193,2
76194,1
76195,0
76196,0
76197,0
76198,4
76199,0
76200,0
76201,1
76202,0
76203,5
76204,1
76205,1
76206,4
76207,0
76208,3
76209,2
76210,2
76211,0
76212,0
76213,0
76214,2
76215,1
76216,2
76217,0
76218,0
76219,0
76220,0
76221,0
76222,0
76223,1
76224,2
76225,0
76226,2
76227,0
76228,2
76229,4
76230,1
76231,1
76232,1
76233,2
76234,0
76235,0
76236,0
76237,0
76238,1
76239,1
76240,0
76241,1
76242,0
76243,0
76244,0
76245,1
76246,0
76247,0
76248,0
76249,1
76250,2
76251,0
76252,1
76253,2
76254,3
76255,2
76256,0
76257,1
76258,1
76259,2
76260,0
76261,0
76262,0
76263,0
76264,1
76265,1
76266,0
76267,0
76268,2
76269,0
76270,0
76271,0
76272,1
76273,0
76274,1
76275,1
76276,0
76277,1
76278,0
76279,3
76280,0
76281,1
76282,1
76283,0
76284,0
76285,1
76286,2
76287,0
76288,2
76289,1
76290,1
76291,0
76292,0
76293,0
76294,0
76295,0
76296,0
76297,1
76298,0
76299,0
76300,0
76301,0
76302,1
76303,1
76304,2
76305,0
76306,0
76307,1
76308,0
76309,0
76310,2
76311,1
76312,0
76313,0
76314,0
76315,0
76316,0
76317,1
76318,3
76319,3
76320,0
76321,0
76322,0
76323,0
76324,0
76325,1
76326,0
76327,0
76328,2
76329,0
76330,1
76331,0
76332,1
76333,1
76334,0
76335,0
76336,0
76337,1
76338,0
76339,0
76340,2
76341,0
76342,0
76343,0
76344,0
76345,0
76346,0
76347,2
76348,2
76349,2
76350,2
76351,1
76352,0
76353,0
76354,1
76355,0
76356,0
76357,0
76358,0
76359,0
76360,0
76361,0
76362,0
76363,1
76364,1
76365,0
76366,0
76367,0
76368,0
76369,0
76370,1
76371,0
76372,0
76373,0
76374,0
76375,1
76376,1
76377,0
76378,0
76379,0
76380,0
76381,1
76382,0
76383,0
76384,1
76385,0
76386,1
76387,0
76388,0
76389,0
76390,1
76391,0
76392,0
76393,0
76394,0
76395,1
76396,0
76397,0
76398,1
76399,0
76400,0
76401,0
76402,0
76403,0
76404,0
76405,0
76406,0
76407,1
76408,0
76409,0
76410,0
76411,0
76412,0
76413,1
76414,0
76415,0
76416,0
76417,0
76418,0
76419,0
76420,1
76421,0
76422,0
76423,0
76424,0
76425,0
76426,0
76427,0
76428,1
76429,0
76430,0
76431,0
76432,0
76433,0
76434,0
76435,0
76436,0
76437,0
76438,0
76439,0
76440,0
76441,0
76442,0
76443,0
76444,0
76445,0
76446,0
76447,0
76448,0
76449,1
76450,2
76451,0
76452,0
76453,0
76454,0
76455,0
76456,0
76457,0
76458,0
76459,1
76460,0
76461,1
76462,0
76463,0
76464,0
76465,0
76466,0
76467,0
76468,0
76469,1
76470,0
76471,1
76472,1
76473,0
76474,0
76475,1
76476,0
76477,3
76478,0
76479,4
76480,0
76481,0
76482,0
76483,1
76484,0
76485,0
76486,0
76487,0
76488,0
76489,0
76490,0
76491,0
76492,0
76493,0
76494,0
76495,0
76496,0
76497,2
76498,2
76499,0
76500,1
76501,0
76502,0
76503,0
76504,0
76505,0
76506,0
76507,0
76508,0
76509,1
76510,0
76511,2
76512,0
76513,0
76514,0
76515,0
76516,0
76517,1
76518,0
76519,0
76520,1
76521,0
76522,0
76523,1
76524,0
76525,0
76526,0
76527,0
76528,1
76529,0
76530,0
76531,1
76532,0
76533,1
76534,0
76535,0
76536,4
76537,0
76538,1
76539,0
76540,0
76541,0
76542,2
76543,0
76544,1
76545,0
76546,0
76547,0
76548,0
76549,1
76550,0
76551,0
76552,0
76553,0
76554,1
76555,0
76556,0
76557,2
76558,0
76559,0
76560,0
76561,0
76562,1
76563,0
76564,0
76565,0
76566,0
76567,1
76568,0
76569,2
76570,0
76571,1
76572,1
76573,0
76574,0
76575,0
76576,0
76577,0
76578,1
76579,1
76580,0
76581,0
76582,0
76583,0
76584,1
76585,0
76586,0
76587,0
76588,0
76589,0
76590,0
76591,0
76592,2
76593,0
76594,0
76595,0
76596,0
76597,12
76598,2
76599,0
76600,1
76601,0
76602,1
76603,1
76604,0
76605,0
76606,1
76607,0
76608,0
76609,0
76610,0
76611,0
76612,1
76613,0
76614,1
76615,0
76616,1
76617,0
76618,1
76619,3
76620,0
76621,0
76622,2
76623,2
76624,0
76625,1
76626,1
76627,1
76628,0
76629,0
76630,1
76631,0
76632,1
76633,1
76634,1
76635,0
76636,0
76637,0
76638,1
76639,1
76640,0
76641,0
76642,0
76643,1
76644,0
76645,0
76646,0
76647,1
76648,1
76649,1
76650,0
76651,1
76652,0
76653,1
76654,1
76655,0
76656,1
76657,1
76658,2
76659,0
76660,1
76661,2
76662,1
76663,0
76664,0
76665,0
76666,0
76667,0
76668,1
76669,0
76670,0
76671,0
76672,0
76673,1
76674,0
76675,0
76676,0
76677,0
76678,0
76679,0
76680,0
76681,1
76682,0
76683,0
76684,0
76685,0
76686,1
76687,0
76688,0
76689,0
76690,1
76691,0
76692,0
76693,1
76694,1
76695,0
76696,1
76697,1
76698,0
76699,3
76700,1
76701,2
76702,2
76703,0
76704,3
76705,1
76706,0
76707,1
76708,3
76709,0
76710,0
76711,1
76712,0
76713,1
76714,0
76715,0
76716,1
76717,1
76718,0
76719,2
76720,2
76721,0
76722,1
76723,0
76724,1
76725,1
76726,0
76727,0
76728,0
76729,0
76730,1
76731,0
76732,0
76733,1
76734,3
76735,0
76736,0
76737,0
76738,0
76739,1
76740,0
76741,0
76742,1
76743,1
76744,2
76745,1
76746,1
76747,2
76748,0
76749,0
76750,0
76751,0
76752,2
76753,1
76754,1
76755,2
76756,1
76757,1
76758,0
76759,0
76760,0
76761,0
76762,0
76763,0
76764,0
76765,0
76766,0
76767,2
76768,2
76769,4
76770,1
76771,0
76772,0
76773,0
76774,0
76775,1
76776,2
76777,0
76778,1
76779,2
76780,2
76781,0
76782,1
76783,2
76784,0
76785,1
76786,0
76787,0
76788,1
76789,1
76790,0
76791,0
76792,1
76793,0
76794,0
76795,5
76796,0
76797,2
76798,1
76799,0
76800,1
76801,0
76802,3
76803,0
76804,0
76805,0
76806,0
76807,0
76808,1
76809,1
76810,0
76811,1
76812,0
76813,0
76814,0
76815,0
76816,1
76817,0
76818,1
76819,1
76820,0
76821,0
76822,1
76823,0
76824,0
76825,0
76826,0
76827,1
76828,0
76829,0
76830,0
76831,0
76832,0
76833,0
76834,0
76835,2
76836,0
76837,0
76838,0
76839,1
76840,1
76841,0
76842,0
76843,1
76844,0
76845,1
76846,0
76847,0
76848,1
76849,1
76850,1
76851,0
76852,0
76853,0
76854,0
76855,4
76856,1
76857,2
76858,0
76859,1
76860,0
76861,1
76862,1
76863,2
76864,2
76865,0
76866,2
76867,2
76868,1
76869,0
76870,2
76871,0
76872,0
76873,3
76874,1
76875,1
76876,0
76877,0
76878,0
76879,1
76880,1
76881,0
76882,2
76883,0
76884,0
76885,0
76886,0
76887,0
76888,2
76889,0
76890,0
76891,4
76892,0
76893,0
76894,1
76895,1
76896,2
76897,3
76898,0
76899,0
76900,0
76901,1
76902,1
76903,0
76904,1
76905,0
76906,0
76907,0
76908,0
76909,1
76910,0
76911,0
76912,1
76913,0
76914,1
76915,0
76916,0
76917,0
76918,0
76919,0
76920,0
76921,0
76922,0
76923,0
76924,2
76925,2
76926,0
76927,0
76928,1
76929,0
76930,0
76931,0
76932,0
76933,1
76934,0
76935,0
76936,1
76937,0
76938,1
76939,0
76940,0
76941,0
76942,0
76943,0
76944,0
76945,0
76946,0
76947,1
76948,0
76949,0
76950,0
76951,0
76952,0
76953,0
76954,1
76955,0
76956,0
76957,1
76958,1
76959,0
76960,0
76961,1
76962,1
76963,1
76964,0
76965,0
76966,1
76967,0
76968,1
76969,1
76970,0
76971,0
76972,0
76973,0
76974,1
76975,1
76976,0
76977,0
76978,0
76979,4
76980,0
76981,1
76982,1
76983,0
76984,6
76985,2
76986,1
76987,1
76988,0
76989,0
76990,0
76991,0
76992,1
76993,0
76994,0
76995,0
76996,0
76997,1
76998,1
76999,0
77000,0
77001,0
77002,0
77003,0
77004,2
77005,0
77006,0
77007,0
77008,1
77009,2
77010,0
77011,0
77012,0
77013,0
77014,0
77015,0
77016,1
77017,1
77018,1
77019,0
77020,0
77021,1
77022,0
77023,0
77024,1
77025,0
77026,0
77027,1
77028,1
77029,1
77030,1
77031,1
77032,1
77033,0
77034,0
77035,0
77036,0
77037,0
77038,0
77039,1
77040,0
77041,0
77042,0
77043,1
77044,0
77045,0
77046,1
77047,2
77048,0
77049,2
77050,2
77051,1
77052,2
77053,2
77054,0
77055,3
77056,0
77057,0
77058,1
77059,0
77060,0
77061,1
77062,3
77063,3
77064,0
77065,0
77066,2
77067,0
77068,1
77069,2
77070,2
77071,0
77072,0
77073,1
77074,0
77075,0
77076,1
77077,0
77078,0
77079,0
77080,0
77081,0
77082,0
77083,4
77084,0
77085,0
77086,0
77087,0
77088,1
77089,1
77090,0
77091,0
77092,0
77093,2
77094,2
77095,1
77096,0
77097,2
77098,4
77099,0
77100,0
77101,0
77102,0
77103,0
77104,0
77105,0
77106,1
77107,0
77108,2
77109,4
77110,0
77111,0
77112,1
77113,0
77114,0
77115,1
77116,0
77117,0
77118,4
77119,1
77120,4
77121,1
77122,1
77123,1
77124,1
77125,0
77126,1
77127,0
77128,0
77129,0
77130,2
77131,1
77132,1
77133,0
77134,1
77135,0
77136,0
77137,0
77138,0
77139,0
77140,0
77141,0
77142,1
77143,0
77144,1
77145,0
77146,0
77147,0
77148,1
77149,2
77150,0
77151,0
77152,5
77153,1
77154,1
77155,4
77156,0
77157,0
77158,3
77159,2
77160,2
77161,0
77162,1
77163,1
77164,0
77165,0
77166,0
77167,0
77168,0
77169,0
77170,0
77171,0
77172,0
77173,0
77174,3
77175,1
77176,1
77177,1
77178,1
77179,2
77180,3
77181,1
77182,3
77183,0
77184,1
77185,0
77186,2
77187,0
77188,0
77189,0
77190,0
77191,0
77192,2
77193,0
77194,4
77195,0
77196,1
77197,0
77198,0
77199,0
77200,0
77201,0
77202,1
77203,1
77204,1
77205,1
77206,2
77207,0
77208,0
77209,0
77210,0
77211,1
77212,1
77213,1
77214,0
77215,0
77216,0
77217,1
77218,1
77219,1
77220,3
77221,0
77222,2
77223,0
77224,2
77225,0
77226,1
77227,0
77228,0
77229,0
77230,3
77231,0
77232,4
77233,2
77234,1
77235,0
77236,1
77237,1
77238,0
77239,2
77240,0
77241,0
77242,1
77243,1
77244,1
77245,2
77246,1
77247,3
77248,1
77249,2
77250,0
77251,0
77252,0
77253,0
77254,0
77255,1
77256,2
77257,0
77258,1
77259,1
77260,1
77261,1
77262,1
77263,0
77264,0
77265,0
77266,1
77267,5
77268,0
77269,0
77270,0
77271,0
77272,2
77273,1
77274,2
77275,2
77276,1
77277,0
77278,0
77279,0
77280,0
77281,0
77282,0
77283,0
77284,0
77285,0
77286,0
77287,0
77288,0
77289,0
77290,1
77291,0
77292,2
77293,0
77294,0
77295,0
77296,0
77297,0
77298,0
77299,0
77300,0
77301,0
77302,1
77303,0
77304,0
77305,0
77306,0
77307,0
77308,0
77309,1
77310,0
77311,1
77312,0
77313,0
77314,0
77315,0
77316,0
77317,1
77318,0
77319,3
77320,0
77321,2
77322,2
77323,0
77324,1
77325,0
77326,0
77327,1
77328,0
77329,2
77330,0
77331,1
77332,0
77333,0
77334,2
77335,1
77336,1
77337,4
77338,0
77339,1
77340,0
77341,0
77342,0
77343,0
77344,2
77345,3
77346,2
77347,0
77348,0
77349,0
77350,0
77351,0
77352,0
77353,0
77354,0
77355,2
77356,2
77357,1
77358,0
77359,1
77360,0
77361,0
77362,0
77363,2
77364,1
77365,1
77366,0
77367,0
77368,2
77369,1
77370,1
77371,1
77372,0
77373,0
77374,1
77375,0
77376,0
77377,1
77378,0
77379,0
77380,0
77381,1
77382,0
77383,0
77384,1
77385,0
77386,2
77387,0
77388,1
77389,0
77390,0
77391,0
77392,2
77393,0
77394,1
77395,0
77396,1
77397,0
77398,0
77399,1
77400,0
77401,1
77402,0
77403,2
77404,0
77405,1
77406,0
77407,0
77408,1
77409,0
77410,0
77411,1
77412,0
77413,1
77414,0
77415,0
77416,0
77417,0
77418,0
77419,1
77420,1
77421,1
77422,0
77423,0
77424,0
77425,1
77426,1
77427,0
77428,0
77429,1
77430,2
77431,2
77432,1
77433,2
77434,0
77435,0
77436,0
77437,2
77438,1
77439,0
77440,1
77441,0
77442,0
77443,1
77444,0
77445,0
77446,0
77447,0
77448,0
77449,0
77450,0
77451,0
77452,0
77453,1
77454,1
77455,2
77456,1
77457,0
77458,1
77459,0
77460,3
77461,0
77462,0
77463,0
77464,0
77465,0
77466,0
77467,2
77468,1
77469,2
77470,0
77471,0
77472,0
77473,1
77474,0
77475,0
77476,2
77477,0
77478,1
77479,0
77480,0
77481,0
77482,1
77483,0
77484,0
77485,4
77486,0
77487,1
77488,1
77489,2
77490,0
77491,0
77492,1
77493,0
77494,0
77495,2
77496,0
77497,0
77498,0
77499,1
77500,1
77501,0
77502,0
77503,0
77504,0
77505,0
77506,1
77507,0
77508,0
77509,0
77510,1
77511,0
77512,0
77513,1
77514,0
77515,0
77516,0
77517,0
77518,0
77519,0
77520,0
77521,0
77522,0
77523,1
77524,1
77525,1
77526,0
77527,1
77528,1
77529,0
77530,2
77531,1
77532,1
77533,0
77534,2
77535,0
77536,0
77537,0
77538,1
77539,0
77540,0
77541,0
77542,0
77543,8
77544,2
77545,1
77546,1
77547,0
77548,0
77549,2
77550,0
77551,0
77552,0
77553,0
77554,1
77555,1
77556,1
77557,0
77558,1
77559,1
77560,1
77561,0
77562,1
77563,0
77564,5
77565,1
77566,0
77567,1
77568,0
77569,1
77570,0
77571,0
77572,0
77573,0
77574,0
77575,0
77576,2
77577,8
77578,0
77579,1
77580,1
77581,1
77582,0
77583,1
77584,1
77585,0
77586,0
77587,0
77588,0
77589,1
77590,0
77591,1
77592,1
77593,1
77594,0
77595,5
77596,1
77597,1
77598,0
77599,0
77600,0
77601,0
77602,0
77603,0
77604,1
77605,0
77606,1
77607,0
77608,3
77609,0
77610,0
77611,0
77612,2
77613,0
77614,1
77615,0
77616,0
77617,0
77618,1
77619,0
77620,2
77621,0
77622,1
77623,0
77624,0
77625,0
77626,0
77627,0
77628,1
77629,1
77630,5
77631,0
77632,0
77633,0
77634,2
77635,0
77636,2
77637,2
77638,0
77639,1
77640,9
77641,0
77642,0
77643,0
77644,0
77645,0
77646,2
77647,0
77648,0
77649,0
77650,1
77651,0
77652,1
77653,1
77654,1
77655,0
77656,0
77657,2
77658,0
77659,0
77660,0
77661,0
77662,0
77663,0
77664,2
77665,0
77666,0
77667,0
77668,1
77669,1
77670,1
77671,0
77672,1
77673,0
77674,0
77675,1
77676,0
77677,1
77678,1
77679,0
77680,1
77681,0
77682,0
77683,0
77684,0
77685,1
77686,2
77687,0
77688,0
77689,1
77690,0
77691,0
77692,0
77693,0
77694,1
77695,0
77696,0
77697,1
77698,0
77699,0
77700,1
77701,1
77702,0
77703,0
77704,0
77705,0
77706,0
77707,1
77708,1
77709,0
77710,0
77711,1
77712,0
77713,0
77714,0
77715,1
77716,0
77717,0
77718,1
77719,0
77720,0
77721,0
77722,0
77723,0
77724,0
77725,1
77726,1
77727,0
77728,0
77729,0
77730,0
77731,0
77732,0
77733,0
77734,0
77735,0
77736,0
77737,0
77738,0
77739,0
77740,0
77741,0
77742,0
77743,0
77744,2
77745,1
77746,6
77747,1
77748,0
77749,0
77750,0
77751,0
77752,1
77753,0
77754,0
77755,1
77756,2
77757,1
77758,1
77759,0
77760,0
77761,3
77762,1
77763,2
77764,1
77765,0
77766,1
77767,0
77768,0
77769,0
77770,0
77771,0
77772,0
77773,1
77774,1
77775,0
77776,0
77777,1
77778,0
77779,0
77780,1
77781,0
77782,1
77783,2
77784,1
77785,0
77786,2
77787,2
77788,0
77789,0
77790,0
77791,0
77792,0
77793,0
77794,0
77795,0
77796,0
77797,0
77798,0
77799,0
77800,0
77801,0
77802,0
77803,1
77804,0
77805,1
77806,0
77807,1
77808,1
77809,1
77810,0
77811,1
77812,0
77813,0
77814,0
77815,0
77816,0
77817,1
77818,0
77819,1
77820,2
77821,0
77822,0
77823,0
77824,1
77825,0
77826,1
77827,0
77828,0
77829,0
77830,0
77831,1
77832,1
77833,1
77834,1
77835,3
77836,1
77837,0
77838,0
77839,1
77840,1
77841,0
77842,0
77843,1
77844,1
77845,1
77846,1
77847,0
77848,0
77849,0
77850,0
77851,0
77852,1
77853,0
77854,0
77855,0
77856,8
77857,2
77858,0
77859,0
77860,0
77861,0
77862,2
77863,0
77864,1
77865,0
77866,1
77867,0
77868,1
77869,1
77870,1
77871,0
77872,1
77873,0
77874,0
77875,0
77876,1
77877,2
77878,0
77879,1
77880,3
77881,0
77882,1
77883,0
77884,0
77885,0
77886,4
77887,1
77888,2
77889,0
77890,2
77891,0
77892,1
77893,4
77894,1
77895,1
77896,1
77897,5
77898,0
77899,2
77900,0
77901,0
77902,0
77903,0
77904,0
77905,1
77906,0
77907,0
77908,0
77909,0
77910,2
77911,0
77912,0
77913,0
77914,2
77915,0
77916,0
77917,0
77918,0
77919,1
77920,1
77921,0
77922,1
77923,0
77924,0
77925,1
77926,0
77927,0
77928,0
77929,0
77930,0
77931,0
77932,0
77933,0
77934,0
77935,0
77936,0
77937,0
77938,0
77939,0
77940,0
77941,0
77942,2
77943,0
77944,1
77945,0
77946,1
77947,2
77948,0
77949,2
77950,0
77951,0
77952,0
77953,0
77954,1
77955,1
77956,0
77957,2
77958,0
77959,0
77960,0
77961,0
77962,1
77963,1
77964,0
77965,1
77966,1
77967,0
77968,2
77969,1
77970,0
77971,0
77972,1
77973,0
77974,0
77975,0
77976,0
77977,0
77978,1
77979,0
77980,0
77981,1
77982,0
77983,0
77984,0
77985,0
77986,0
77987,0
77988,0
77989,0
77990,0
77991,1
77992,2
77993,0
77994,0
77995,0
77996,0
77997,0
77998,0
77999,2
78000,1
78001,0
78002,0
78003,0
78004,0
78005,0
78006,0
78007,0
78008,0
78009,0
78010,0
78011,0
78012,0
78013,2
78014,0
78015,0
78016,0
78017,2
78018,0
78019,1
78020,0
78021,1
78022,0
78023,0
78024,0
78025,0
78026,0
78027,0
78028,1
78029,1
78030,1
78031,0
78032,0
78033,0
78034,0
78035,1
78036,0
78037,0
78038,0
78039,1
78040,0
78041,1
78042,0
78043,0
78044,0
78045,0
78046,0
78047,0
78048,0
78049,1
78050,0
78051,0
78052,1
78053,0
78054,1
78055,0
78056,0
78057,0
78058,1
78059,1
78060,1
78061,0
78062,1
78063,0
78064,0
78065,0
78066,0
78067,0
78068,0
78069,1
78070,0
78071,1
78072,0
78073,0
78074,0
78075,0
78076,0
78077,1
78078,0
78079,0
78080,1
78081,3
78082,0
78083,0
78084,0
78085,0
78086,0
78087,0
78088,0
78089,1
78090,0
78091,1
78092,1
78093,0
78094,0
78095,0
78096,0
78097,1
78098,0
78099,1
78100,1
78101,1
78102,3
78103,0
78104,0
78105,0
78106,0
78107,0
78108,1
78109,0
78110,0
78111,1
78112,0
78113,1
78114,0
78115,1
78116,0
78117,1
78118,1
78119,0
78120,0
78121,1
78122,0
78123,0
78124,0
78125,1
78126,0
78127,2
78128,0
78129,1
78130,0
78131,1
78132,0
78133,0
78134,0
78135,1
78136,0
78137,0
78138,0
78139,0
78140,0
78141,0
78142,1
78143,2
78144,0
78145,0
78146,0
78147,0
78148,2
78149,0
78150,0
78151,0
78152,2
78153,1
78154,0
78155,1
78156,0
78157,0
78158,0
78159,2
78160,0
78161,2
78162,0
78163,0
78164,2
78165,3
78166,3
78167,1
78168,0
78169,2
78170,0
78171,3
78172,2
78173,0
78174,0
78175,6
78176,3
78177,2
78178,0
78179,0
78180,0
78181,1
78182,2
78183,0
78184,0
78185,0
78186,0
78187,0
78188,0
78189,0
78190,2
78191,0
78192,0
78193,0
78194,0
78195,0
78196,0
78197,0
78198,1
78199,1
78200,0
78201,1
78202,0
78203,0
78204,0
78205,1
78206,0
78207,0
78208,0
78209,0
78210,2
78211,0
78212,1
78213,1
78214,0
78215,2
78216,0
78217,1
78218,1
78219,1
78220,1
78221,2
78222,0
78223,2
78224,0
78225,0
78226,1
78227,2
78228,0
78229,1
78230,0
78231,2
78232,0
78233,0
78234,1
78235,0
78236,0
78237,1
78238,0
78239,1
78240,0
78241,2
78242,2
78243,2
78244,1
78245,0
78246,0
78247,5
78248,0
78249,0
78250,0
78251,2
78252,0
78253,0
78254,0
78255,0
78256,1
78257,0
78258,0
78259,1
78260,0
78261,0
78262,0
78263,0
78264,0
78265,0
78266,0
78267,0
78268,0
78269,0
78270,0
78271,0
78272,1
78273,0
78274,0
78275,0
78276,0
78277,1
78278,1
78279,0
78280,1
78281,0
78282,1
78283,1
78284,2
78285,1
78286,2
78287,0
78288,1
78289,1
78290,0
78291,0
78292,1
78293,0
78294,2
78295,2
78296,0
78297,1
78298,2
78299,2
78300,0
78301,1
78302,0
78303,0
78304,0
78305,0
78306,0
78307,0
78308,0
78309,3
78310,1
78311,0
78312,0
78313,1
78314,0
78315,1
78316,0
78317,1
78318,0
78319,1
78320,4
78321,2
78322,6
78323,1
78324,1
78325,0
78326,0
78327,0
78328,0
78329,1
78330,0
78331,2
78332,0
78333,0
78334,0
78335,1
78336,0
78337,2
78338,2
78339,4
78340,0
78341,2
78342,1
78343,0
78344,0
78345,0
78346,0
78347,0
78348,0
78349,0
78350,1
78351,3
78352,1
78353,0
78354,4
78355,1
78356,9
78357,2
78358,4
78359,6
78360,1
78361,0
78362,1
78363,1
78364,0
78365,0
78366,0
78367,2
78368,2
78369,2
78370,4
78371,4
78372,4
78373,1
78374,0
78375,1
78376,0
78377,1
78378,1
78379,3
78380,2
78381,2
78382,1
78383,0
78384,2
78385,2
78386,0
78387,0
78388,0
78389,1
78390,3
78391,0
78392,0
78393,3
78394,2
78395,3
78396,0
78397,0
78398,1
78399,0
78400,2
78401,1
78402,0
78403,1
78404,3
78405,0
78406,0
78407,1
78408,1
78409,0
78410,0
78411,0
78412,1
78413,0
78414,0
78415,0
78416,0
78417,0
78418,0
78419,2
78420,0
78421,1
78422,3
78423,0
78424,0
78425,2
78426,2
78427,2
78428,0
78429,1
78430,0
78431,2
78432,1
78433,1
78434,6
78435,2
78436,1
78437,2
78438,1
78439,1
78440,0
78441,4
78442,0
78443,0
78444,1
78445,1
78446,1
78447,0
78448,3
78449,2
78450,2
78451,3
78452,0
78453,1
78454,0
78455,1
78456,2
78457,2
78458,1
78459,3
78460,0
78461,0
78462,0
78463,0
78464,2
78465,1
78466,1
78467,2
78468,2
78469,0
78470,2
78471,0
78472,0
78473,0
78474,1
78475,2
78476,0
78477,0
78478,4
78479,2
78480,2
78481,1
78482,0
78483,2
78484,4
78485,1
78486,0
78487,2
78488,2
78489,0
78490,2
78491,1
78492,1
78493,0
78494,1
78495,0
78496,0
78497,1
78498,9
78499,1
78500,0
78501,1
78502,0
78503,0
78504,0
78505,1
78506,0
78507,4
78508,0
78509,1
78510,7
78511,1
78512,1
78513,0
78514,0
78515,1
78516,0
78517,0
78518,0
78519,0
78520,1
78521,2
78522,1
78523,3
78524,2
78525,2
78526,3
78527,1
78528,2
78529,0
78530,1
78531,0
78532,1
78533,0
78534,0
78535,1
78536,0
78537,1
78538,0
78539,1
78540,0
78541,0
78542,1
78543,1
78544,0
78545,0
78546,1
78547,1
78548,0
78549,1
78550,2
78551,4
78552,0
78553,1
78554,0
78555,1
78556,0
78557,0
78558,0
78559,2
78560,1
78561,0
78562,1
78563,0
78564,2
78565,0
78566,0
78567,1
78568,1
78569,0
78570,3
78571,5
78572,1
78573,0
78574,0
78575,1
78576,0
78577,0
78578,1
78579,0
78580,0
78581,1
78582,2
78583,0
78584,2
78585,1
78586,0
78587,0
78588,2
78589,0
78590,1
78591,2
78592,0
78593,0
78594,0
78595,0
78596,0
78597,0
78598,0
78599,0
78600,1
78601,0
78602,1
78603,1
78604,0
78605,0
78606,1
78607,1
78608,0
78609,1
78610,0
78611,3
78612,1
78613,1
78614,0
78615,0
78616,1
78617,3
78618,1
78619,1
78620,2
78621,0
78622,5
78623,3
78624,1
78625,0
78626,2
78627,1
78628,1
78629,0
78630,3
78631,2
78632,1
78633,1
78634,1
78635,3
78636,2
78637,0
78638,0
78639,0
78640,1
78641,0
78642,0
78643,1
78644,0
78645,2
78646,2
78647,0
78648,0
78649,1
78650,0
78651,1
78652,1
78653,1
78654,0
78655,0
78656,0
78657,1
78658,0
78659,0
78660,1
78661,1
78662,1
78663,0
78664,2
78665,1
78666,2
78667,1
78668,2
78669,1
78670,0
78671,1
78672,0
78673,0
78674,2
78675,2
78676,2
78677,1
78678,2
78679,1
78680,1
78681,2
78682,1
78683,1
78684,0
78685,2
78686,1
78687,0
78688,0
78689,0
78690,0
78691,0
78692,0
78693,2
78694,1
78695,2
78696,0
78697,0
78698,2
78699,3
78700,3
78701,1
78702,6
78703,2
78704,3
78705,2
78706,1
78707,0
78708,1
78709,0
78710,0
78711,2
78712,2
78713,1
78714,0
78715,1
78716,0
78717,1
78718,0
78719,0
78720,1
78721,1
78722,6
78723,0
78724,0
78725,3
78726,1
78727,4
78728,0
78729,0
78730,2
78731,2
78732,0
78733,0
78734,0
78735,1
78736,0
78737,0
78738,0
78739,0
78740,2
78741,0
78742,0
78743,1
78744,0
78745,1
78746,0
78747,1
78748,1
78749,2
78750,0
78751,0
78752,3
78753,0
78754,1
78755,0
78756,0
78757,0
78758,0
78759,0
78760,1
78761,1
78762,2
78763,0
78764,0
78765,0
78766,0
78767,2
78768,0
78769,0
78770,1
78771,0
78772,1
78773,1
78774,0
78775,3
78776,1
78777,0
78778,2
78779,0
78780,0
78781,0
78782,1
78783,0
78784,0
78785,0
78786,0
78787,0
78788,1
78789,1
78790,0
78791,0
78792,1
78793,0
78794,0
78795,0
78796,2
78797,0
78798,2
78799,0
78800,0
78801,0
78802,1
78803,0
78804,1
78805,2
78806,1
78807,0
78808,0
78809,0
78810,1
78811,0
78812,0
78813,1
78814,1
78815,0
78816,0
78817,0
78818,1
78819,0
78820,1
78821,3
78822,2
78823,0
78824,0
78825,0
78826,2
78827,1
78828,0
78829,0
78830,1
78831,0
78832,0
78833,0
78834,0
78835,1
78836,0
78837,0
78838,0
78839,0
78840,1
78841,0
78842,1
78843,1
78844,0
78845,2
78846,0
78847,0
78848,0
78849,1
78850,0
78851,0
78852,3
78853,1
78854,1
78855,0
78856,0
78857,8
78858,0
78859,0
78860,0
78861,2
78862,0
78863,0
78864,0
78865,0
78866,0
78867,0
78868,2
78869,0
78870,2
78871,0
78872,0
78873,0
78874,1
78875,1
78876,1
78877,0
78878,4
78879,1
78880,2
78881,3
78882,0
78883,3
78884,0
78885,0
78886,0
78887,2
78888,0
78889,3
78890,1
78891,0
78892,1
78893,1
78894,2
78895,0
78896,0
78897,0
78898,1
78899,2
78900,5
78901,2
78902,1
78903,2
78904,1
78905,0
78906,0
78907,1
78908,1
78909,1
78910,1
78911,0
78912,0
78913,0
78914,0
78915,0
78916,1
78917,0
78918,0
78919,0
78920,0
78921,0
78922,0
78923,2
78924,1
78925,1
78926,0
78927,0
78928,2
78929,0
78930,0
78931,0
78932,1
78933,0
78934,2
78935,1
78936,0
78937,1
78938,0
78939,0
78940,4
78941,1
78942,0
78943,0
78944,0
78945,0
78946,0
78947,1
78948,0
78949,0
78950,0
78951,0
78952,0
78953,0
78954,0
78955,1
78956,1
78957,0
78958,1
78959,0
78960,0
78961,0
78962,0
78963,1
78964,0
78965,1
78966,1
78967,1
78968,1
78969,2
78970,0
78971,1
78972,0
78973,0
78974,0
78975,0
78976,2
78977,1
78978,0
78979,0
78980,0
78981,2
78982,0
78983,0
78984,0
78985,0
78986,0
78987,0
78988,0
78989,0
78990,1
78991,0
78992,0
78993,0
78994,1
78995,0
78996,1
78997,0
78998,0
78999,0
79000,0
79001,0
79002,1
79003,0
79004,0
79005,0
79006,1
79007,2
79008,0
79009,0
79010,0
79011,1
79012,0
79013,0
79014,0
79015,1
79016,2
79017,2
79018,1
79019,0
79020,1
79021,0
79022,0
79023,0
79024,0
79025,0
79026,0
79027,0
79028,0
79029,1
79030,1
79031,0
79032,3
79033,0
79034,0
79035,2
79036,0
79037,0
79038,1
79039,0
79040,2
79041,0
79042,0
79043,1
79044,0
79045,0
79046,2
79047,1
79048,3
79049,0
79050,0
79051,1
79052,1
79053,2
79054,0
79055,0
79056,0
79057,0
79058,0
79059,0
79060,0
79061,2
79062,1
79063,0
79064,1
79065,0
79066,0
79067,0
79068,0
79069,1
79070,1
79071,1
79072,0
79073,0
79074,0
79075,0
79076,0
79077,0
79078,1
79079,3
79080,0
79081,0
79082,0
79083,0
79084,1
79085,0
79086,0
79087,0
79088,0
79089,1
79090,0
79091,1
79092,0
79093,0
79094,0
79095,0
79096,0
79097,0
79098,0
79099,0
79100,1
79101,1
79102,1
79103,1
79104,0
79105,0
79106,1
79107,0
79108,1
79109,0
79110,0
79111,0
79112,0
79113,3
79114,0
79115,2
79116,0
79117,0
79118,1
79119,0
79120,2
79121,1
79122,0
79123,0
79124,1
79125,0
79126,0
79127,0
79128,0
79129,0
79130,1
79131,0
79132,2
79133,1
79134,0
79135,0
79136,0
79137,2
79138,1
79139,0
79140,0
79141,1
79142,2
79143,3
79144,1
79145,1
79146,1
79147,0
79148,0
79149,0
79150,1
79151,0
79152,2
79153,1
79154,0
79155,0
79156,1
79157,0
79158,0
79159,1
79160,1
79161,0
79162,1
79163,0
79164,1
79165,1
79166,0
79167,0
79168,0
79169,0
79170,1
79171,2
79172,0
79173,1
79174,0
79175,0
79176,0
79177,0
79178,0
79179,0
79180,0
79181,0
79182,0
79183,0
79184,0
79185,1
79186,0
79187,2
79188,0
79189,0
79190,0
79191,1
79192,0
79193,0
79194,0
79195,1
79196,0
79197,0
79198,2
79199,1
79200,0
79201,0
79202,1
79203,1
79204,2
79205,1
79206,0
79207,1
79208,1
79209,0
79210,2
79211,0
79212,1
79213,2
79214,2
79215,0
79216,0
79217,1
79218,2
79219,1
79220,2
79221,2
79222,1
79223,0
79224,1
79225,0
79226,5
79227,1
79228,0
79229,1
79230,0
79231,1
79232,3
79233,0
79234,0
79235,1
79236,1
79237,0
79238,0
79239,0
79240,0
79241,0
79242,0
79243,0
79244,1
79245,0
79246,0
79247,2
79248,2
79249,2
79250,2
79251,3
79252,0
79253,0
79254,2
79255,3
79256,1
79257,1
79258,2
79259,3
79260,0
79261,2
79262,2
79263,1
79264,1
79265,0
79266,1
79267,0
79268,2
79269,0
79270,2
79271,1
79272,0
79273,0
79274,0
79275,1
79276,1
79277,1
79278,1
79279,1
79280,4
79281,2
79282,1
79283,0
79284,1
79285,1
79286,1
79287,0
79288,2
79289,1
79290,1
79291,1
79292,1
79293,0
79294,0
79295,3
79296,1
79297,1
79298,4
79299,6
79300,2
79301,0
79302,0
79303,1
79304,0
79305,0
79306,0
79307,0
79308,0
79309,0
79310,1
79311,0
79312,0
79313,1
79314,0
79315,0
79316,3
79317,1
79318,0
79319,0
79320,5
79321,1
79322,4
79323,2
79324,0
79325,0
79326,1
79327,3
79328,0
79329,3
79330,1
79331,0
79332,0
79333,0
79334,0
79335,0
79336,1
79337,0
79338,1
79339,0
79340,1
79341,3
79342,2
79343,0
79344,2
79345,1
79346,0
79347,1
79348,0
79349,1
79350,3
79351,0
79352,1
79353,1
79354,0
79355,2
79356,3
79357,0
79358,2
79359,0
79360,1
79361,1
79362,4
79363,3
79364,0
79365,2
79366,1
79367,1
79368,2
79369,0
79370,0
79371,7
79372,0
79373,1
79374,0
79375,1
79376,7
79377,1
79378,1
79379,0
79380,1
79381,1
79382,2
79383,3
79384,1
79385,1
79386,1
79387,4
79388,1
79389,4
79390,5
79391,0
79392,0
79393,0
79394,0
79395,0
79396,0
79397,0
79398,0
79399,0
79400,0
79401,9
79402,3
79403,0
79404,0
79405,1
79406,0
79407,0
79408,1
79409,2
79410,5
79411,19
79412,4
79413,0
79414,0
79415,6
79416,0
79417,0
79418,0
79419,0
79420,0
79421,0
79422,2
79423,0
79424,2
79425,1
79426,0
79427,1
79428,0
79429,0
79430,7
79431,2
79432,1
79433,0
79434,2
79435,1
79436,0
79437,2
79438,0
79439,1
79440,1
79441,4
79442,2
79443,0
79444,3
79445,0
79446,2
79447,1
79448,4
79449,0
79450,0
79451,1
79452,0
79453,1
79454,0
79455,0
79456,1
79457,2
79458,1
79459,0
79460,0
79461,1
79462,0
79463,3
79464,2
79465,3
79466,0
79467,2
79468,0
79469,2
79470,0
79471,0
79472,1
79473,0
79474,4
79475,1
79476,1
79477,1
79478,0
79479,1
79480,1
79481,0
79482,2
79483,0
79484,3
79485,0
79486,1
79487,2
79488,1
79489,0
79490,1
79491,2
79492,2
79493,1
79494,0
79495,0
79496,0
79497,0
79498,3
79499,1
79500,0
79501,0
79502,1
79503,0
79504,1
79505,0
79506,2
79507,1
79508,0
79509,0
79510,0
79511,0
79512,8
79513,5
79514,1
79515,1
79516,0
79517,2
79518,0
79519,0
79520,0
79521,1
79522,2
79523,0
79524,2
79525,3
79526,0
79527,1
79528,3
79529,1
79530,1
79531,1
79532,0
79533,0
79534,0
79535,1
79536,0
79537,0
79538,0
79539,3
79540,0
79541,1
79542,0
79543,2
79544,2
79545,0
79546,1
79547,0
79548,0
79549,0
79550,0
79551,2
79552,1
79553,1
79554,1
79555,0
79556,3
79557,1
79558,1
79559,1
79560,2
79561,6
79562,0
79563,2
79564,0
79565,0
79566,1
79567,1
79568,0
79569,1
79570,0
79571,0
79572,0
79573,0
79574,0
79575,0
79576,2
79577,0
79578,0
79579,3
79580,1
79581,1
79582,1
79583,0
79584,1
79585,0
79586,1
79587,0
79588,0
79589,0
79590,0
79591,0
79592,0
79593,0
79594,0
79595,1
79596,0
79597,2
79598,0
79599,1
79600,1
79601,1
79602,2
79603,3
79604,1
79605,2
79606,3
79607,0
79608,0
79609,2
79610,5
79611,0
79612,1
79613,0
79614,1
79615,1
79616,3
79617,1
79618,12
79619,6
79620,1
79621,0
79622,1
79623,3
79624,3
79625,2
79626,0
79627,1
79628,1
79629,1
79630,1
79631,1
79632,0
79633,0
79634,0
79635,0
79636,1
79637,0
79638,1
79639,0
79640,1
79641,0
79642,0
79643,2
79644,0
79645,3
79646,1
79647,1
79648,1
79649,1
79650,0
79651,1
79652,1
79653,1
79654,0
79655,0
79656,1
79657,0
79658,0
79659,2
79660,2
79661,5
79662,0
79663,0
79664,3
79665,1
79666,0
79667,0
79668,1
79669,0
79670,0
79671,0
79672,0
79673,0
79674,0
79675,2
79676,1
79677,0
79678,0
79679,0
79680,0
79681,1
79682,0
79683,0
79684,1
79685,1
79686,1
79687,0
79688,1
79689,1
79690,0
79691,3
79692,2
79693,0
79694,2
79695,0
79696,3
79697,0
79698,0
79699,0
79700,1
79701,1
79702,2
79703,2
79704,0
79705,1
79706,3
79707,0
79708,0
79709,0
79710,0
79711,0
79712,0
79713,1
79714,2
79715,2
79716,1
79717,1
79718,1
79719,0
79720,2
79721,0
79722,1
79723,3
79724,0
79725,5
79726,0
79727,0
79728,1
79729,0
79730,0
79731,1
79732,1
79733,1
79734,0
79735,0
79736,1
79737,0
79738,0
79739,0
79740,0
79741,1
79742,1
79743,3
79744,1
79745,1
79746,1
79747,0
79748,1
79749,1
79750,4
79751,0
79752,0
79753,3
79754,2
79755,0
79756,0
79757,2
79758,0
79759,1
79760,0
79761,0
79762,1
79763,2
79764,0
79765,0
79766,3
79767,0
79768,0
79769,1
79770,0
79771,0
79772,0
79773,1
79774,1
79775,1
79776,0
79777,0
79778,0
79779,0
79780,1
79781,0
79782,2
79783,0
79784,0
79785,1
79786,0
79787,0
79788,0
79789,0
79790,0
79791,0
79792,0
79793,1
79794,0
79795,5
79796,0
79797,2
79798,3
79799,0
79800,1
79801,1
79802,0
79803,0
79804,4
79805,0
79806,1
79807,1
79808,1
79809,1
79810,0
79811,2
79812,1
79813,1
79814,2
79815,0
79816,0
79817,0
79818,1
79819,0
79820,0
79821,0
79822,0
79823,3
79824,0
79825,0
79826,0
79827,1
79828,0
79829,0
79830,2
79831,1
79832,0
79833,0
79834,0
79835,1
79836,1
79837,3
79838,1
79839,1
79840,1
79841,0
79842,1
79843,3
79844,1
79845,3
79846,0
79847,0
79848,0
79849,0
79850,2
79851,0
79852,0
79853,1
79854,0
79855,0
79856,2
79857,2
79858,0
79859,1
79860,1
79861,0
79862,1
79863,1
79864,0
79865,1
79866,0
79867,0
79868,0
79869,2
79870,0
79871,1
79872,1
79873,1
79874,2
79875,0
79876,0
79877,2
79878,2
79879,1
79880,0
79881,0
79882,0
79883,1
79884,2
79885,0
79886,1
79887,1
79888,1
79889,0
79890,0
79891,0
79892,0
79893,1
79894,2
79895,1
79896,1
79897,0
79898,1
79899,0
79900,1
79901,0
79902,0
79903,0
79904,3
79905,1
79906,1
79907,0
79908,0
79909,0
79910,0
79911,3
79912,1
79913,2
79914,0
79915,1
79916,0
79917,0
79918,0
79919,0
79920,0
79921,0
79922,0
79923,1
79924,1
79925,0
79926,1
79927,1
79928,8
79929,1
79930,0
79931,0
79932,1
79933,1
79934,0
79935,0
79936,1
79937,2
79938,0
79939,0
79940,0
79941,0
79942,0
79943,0
79944,3
79945,0
79946,1
79947,0
79948,1
79949,0
79950,1
79951,0
79952,2
79953,2
79954,0
79955,0
79956,6
79957,0
79958,0
79959,1
79960,1
79961,1
79962,0
79963,0
79964,0
79965,1
79966,0
79967,0
79968,3
79969,2
79970,0
79971,1
79972,0
79973,0
79974,0
79975,0
79976,1
79977,0
79978,1
79979,0
79980,0
79981,0
79982,0
79983,0
79984,1
79985,0
79986,0
79987,0
79988,0
79989,0
79990,1
79991,0
79992,1
79993,4
79994,2
79995,1
79996,0
79997,6
79998,6
79999,0
80000,2
80001,0
80002,1
80003,0
80004,0
80005,5
80006,1
80007,2
80008,1
80009,0
80010,0
80011,0
80012,0
80013,1
80014,0
80015,1
80016,0
80017,1
80018,1
80019,1
80020,0
80021,1
80022,1
80023,0
80024,0
80025,0
80026,2
80027,1
80028,0
80029,1
80030,0
80031,0
80032,0
80033,2
80034,0
80035,0
80036,0
80037,0
80038,1
80039,1
80040,0
80041,0
80042,0
80043,0
80044,2
80045,1
80046,3
80047,6
80048,0
80049,0
80050,0
80051,1
80052,0
80053,0
80054,0
80055,1
80056,0
80057,1
80058,1
80059,0
80060,0
80061,1
80062,0
80063,1
80064,1
80065,0
80066,0
80067,0
80068,0
80069,0
80070,4
80071,0
80072,0
80073,0
80074,0
80075,2
80076,0
80077,2
80078,0
80079,0
80080,1
80081,0
80082,0
80083,0
80084,2
80085,1
80086,0
80087,0
80088,0
80089,1
80090,0
80091,1
80092,2
80093,0
80094,0
80095,1
80096,0
80097,0
80098,1
80099,0
80100,1
80101,0
80102,1
80103,0
80104,1
80105,3
80106,0
80107,0
80108,0
80109,0
80110,1
80111,0
80112,9
80113,5
80114,0
80115,0
80116,6
80117,2
80118,0
80119,1
80120,0
80121,0
80122,0
80123,1
80124,0
80125,0
80126,0
80127,3
80128,0
80129,0
80130,0
80131,1
80132,0
80133,0
80134,1
80135,1
80136,1
80137,0
80138,2
80139,0
80140,0
80141,0
80142,1
80143,0
80144,0
80145,1
80146,0
80147,0
80148,1
80149,0
80150,0
80151,0
80152,1
80153,1
80154,1
80155,1
80156,1
80157,0
80158,1
80159,1
80160,1
80161,0
80162,0
80163,0
80164,1
80165,0
80166,0
80167,0
80168,0
80169,2
80170,1
80171,1
80172,1
80173,1
80174,0
80175,0
80176,0
80177,0
80178,0
80179,0
80180,0
80181,2
80182,0
80183,0
80184,1
80185,1
80186,0
80187,0
80188,0
80189,0
80190,0
80191,1
80192,1
80193,0
80194,0
80195,1
80196,0
80197,0
80198,0
80199,1
80200,2
80201,1
80202,0
80203,0
80204,0
80205,0
80206,0
80207,1
80208,0
80209,0
80210,0
80211,0
80212,3
80213,0
80214,3
80215,2
80216,0
80217,0
80218,2
80219,0
80220,2
80221,1
80222,0
80223,0
80224,1
80225,0
80226,0
80227,0
80228,0
80229,0
80230,4
80231,2
80232,1
80233,0
80234,1
80235,0
80236,1
80237,5
80238,0
80239,1
80240,7
80241,0
80242,0
80243,2
80244,2
80245,0
80246,2
80247,0
80248,1
80249,0
80250,0
80251,1
80252,1
80253,0
80254,1
80255,1
80256,0
80257,0
80258,4
80259,0
80260,1
80261,0
80262,1
80263,0
80264,0
80265,0
80266,0
80267,0
80268,0
80269,2
80270,1
80271,0
80272,0
80273,0
80274,0
80275,2
80276,0
80277,1
80278,0
80279,0
80280,0
80281,1
80282,0
80283,1
80284,1
80285,1
80286,0
80287,3
80288,0
80289,7
80290,0
80291,0
80292,0
80293,2
80294,0
80295,0
80296,2
80297,0
80298,0
80299,0
80300,1
80301,1
80302,0
80303,0
80304,0
80305,0
80306,2
80307,3
80308,6
80309,2
80310,0
80311,0
80312,1
80313,1
80314,0
80315,0
80316,0
80317,1
80318,1
80319,1
80320,2
80321,0
80322,0
80323,0
80324,1
80325,0
80326,2
80327,1
80328,8
80329,3
80330,1
80331,3
80332,1
80333,2
80334,0
80335,1
80336,3
80337,1
80338,1
80339,0
80340,0
80341,0
80342,2
80343,1
80344,0
80345,1
80346,0
80347,1
80348,2
80349,0
80350,1
80351,0
80352,4
80353,3
80354,0
80355,0
80356,0
80357,0
80358,1
80359,2
80360,0
80361,3
80362,0
80363,0
80364,0
80365,0
80366,0
80367,0
80368,4
80369,2
80370,0
80371,0
80372,1
80373,0
80374,0
80375,0
80376,0
80377,1
80378,0
80379,1
80380,0
80381,2
80382,0
80383,0
80384,0
80385,1
80386,3
80387,0
80388,0
80389,0
80390,0
80391,0
80392,0
80393,0
80394,1
80395,1
80396,0
80397,0
80398,1
80399,2
80400,1
80401,0
80402,0
80403,0
80404,0
80405,0
80406,0
80407,2
80408,2
80409,0
80410,0
80411,0
80412,2
80413,1
80414,1
80415,0
80416,0
80417,0
80418,0
80419,0
80420,0
80421,1
80422,0
80423,0
80424,1
80425,0
80426,0
80427,0
80428,0
80429,1
80430,1
80431,0
80432,1
80433,0
80434,0
80435,0
80436,0
80437,0
80438,0
80439,0
80440,1
80441,0
80442,0
80443,0
80444,0
80445,0
80446,0
80447,2
80448,1
80449,0
80450,0
80451,1
80452,0
80453,1
80454,0
80455,2
80456,1
80457,1
80458,0
80459,3
80460,2
80461,0
80462,0
80463,1
80464,1
80465,0
80466,2
80467,0
80468,0
80469,0
80470,0
80471,0
80472,0
80473,0
80474,0
80475,0
80476,0
80477,0
80478,0
80479,0
80480,0
80481,0
80482,0
80483,1
80484,0
80485,0
80486,1
80487,0
80488,0
80489,1
80490,1
80491,0
80492,1
80493,0
80494,0
80495,0
80496,0
80497,2
80498,2
80499,2
80500,0
80501,0
80502,1
80503,1
80504,1
80505,0
80506,0
80507,0
80508,0
80509,0
80510,0
80511,0
80512,0
80513,0
80514,0
80515,1
80516,0
80517,1
80518,1
80519,0
80520,3
80521,0
80522,0
80523,1
80524,0
80525,0
80526,1
80527,0
80528,2
80529,2
80530,1
80531,0
80532,0
80533,1
80534,0
80535,1
80536,1
80537,1
80538,1
80539,0
80540,0
80541,0
80542,0
80543,0
80544,1
80545,0
80546,0
80547,1
80548,1
80549,0
80550,0
80551,1
80552,3
80553,3
80554,0
80555,1
80556,0
80557,1
80558,1
80559,0
80560,0
80561,1
80562,0
80563,1
80564,0
80565,1
80566,1
80567,0
80568,0
80569,0
80570,0
80571,0
80572,1
80573,0
80574,0
80575,1
80576,0
80577,0
80578,2
80579,0
80580,1
80581,0
80582,1
80583,3
80584,0
80585,0
80586,1
80587,0
80588,0
80589,1
80590,0
80591,0
80592,0
80593,1
80594,0
80595,0
80596,0
80597,0
80598,0
80599,0
80600,0
80601,0
80602,0
80603,0
80604,0
80605,0
80606,1
80607,0
80608,2
80609,0
80610,1
80611,3
80612,2
80613,0
80614,0
80615,1
80616,2
80617,0
80618,0
80619,1
80620,1
80621,0
80622,1
80623,1
80624,0
80625,5
80626,2
80627,0
80628,0
80629,0
80630,0
80631,1
80632,1
80633,0
80634,0
80635,0
80636,0
80637,0
80638,1
80639,1
80640,1
80641,0
80642,0
80643,0
80644,1
80645,0
80646,0
80647,0
80648,1
80649,0
80650,1
80651,1
80652,0
80653,0
80654,0
80655,0
80656,0
80657,0
80658,3
80659,3
80660,2
80661,2
80662,1
80663,2
80664,1
80665,1
80666,0
80667,1
80668,1
80669,1
80670,0
80671,1
80672,0
80673,2
80674,0
80675,0
80676,0
80677,1
80678,1
80679,0
80680,0
80681,1
80682,1
80683,0
80684,0
80685,0
80686,0
80687,1
80688,1
80689,0
80690,0
80691,0
80692,1
80693,0
80694,1
80695,0
80696,0
80697,1
80698,2
80699,2
80700,1
80701,0
80702,0
80703,2
80704,2
80705,0
80706,0
80707,0
80708,1
80709,1
80710,2
80711,1
80712,1
80713,0
80714,2
80715,1
80716,0
80717,0
80718,1
80719,1
80720,1
80721,0
80722,2
80723,0
80724,2
80725,0
80726,1
80727,1
80728,0
80729,0
80730,1
80731,0
80732,0
80733,0
80734,0
80735,1
80736,0
80737,0
80738,0
80739,1
80740,0
80741,0
80742,0
80743,0
80744,0
80745,1
80746,1
80747,0
80748,0
80749,0
80750,0
80751,1
80752,0
80753,0
80754,2
80755,1
80756,1
80757,4
80758,2
80759,0
80760,2
80761,3
80762,1
80763,1
80764,0
80765,1
80766,1
80767,2
80768,0
80769,1
80770,0
80771,1
80772,0
80773,1
80774,1
80775,1
80776,0
80777,1
80778,1
80779,0
80780,1
80781,1
80782,4
80783,0
80784,3
80785,5
80786,0
80787,2
80788,0
80789,1
80790,0
80791,0
80792,1
80793,0
80794,0
80795,1
80796,0
80797,0
80798,0
80799,0
80800,0
80801,1
80802,2
80803,0
80804,1
80805,2
80806,0
80807,0
80808,0
80809,1
80810,0
80811,1
80812,0
80813,0
80814,0
80815,1
80816,0
80817,1
80818,0
80819,0
80820,0
80821,0
80822,0
80823,0
80824,0
80825,1
80826,1
80827,0
80828,1
80829,0
80830,1
80831,0
80832,0
80833,0
80834,1
80835,0
80836,0
80837,0
80838,0
80839,0
80840,0
80841,0
80842,0
80843,0
80844,0
80845,1
80846,0
80847,0
80848,0
80849,0
80850,0
80851,0
80852,0
80853,0
80854,0
80855,0
80856,0
80857,0
80858,0
80859,0
80860,1
80861,0
80862,0
80863,0
80864,1
80865,3
80866,0
80867,0
80868,0
80869,1
80870,0
80871,0
80872,0
80873,0
80874,0
80875,0
80876,0
80877,0
80878,0
80879,2
80880,2
80881,1
80882,0
80883,0
80884,0
80885,2
80886,1
80887,0
80888,0
80889,0
80890,1
80891,0
80892,0
80893,0
80894,0
80895,0
80896,0
80897,0
80898,1
80899,0
80900,0
80901,0
80902,0
80903,1
80904,0
80905,0
80906,0
80907,0
80908,2
80909,0
80910,0
80911,1
80912,1
80913,0
80914,0
80915,0
80916,0
80917,0
80918,1
80919,1
80920,0
80921,0
80922,0
80923,0
80924,0
80925,1
80926,0
80927,1
80928,0
80929,0
80930,0
80931,3
80932,0
80933,0
80934,0
80935,0
80936,0
80937,0
80938,0
80939,0
80940,0
80941,0
80942,0
80943,0
80944,1
80945,0
80946,1
80947,2
80948,0
80949,0
80950,0
80951,0
80952,0
80953,0
80954,0
80955,0
80956,2
80957,0
80958,2
80959,1
80960,0
80961,0
80962,1
80963,0
80964,3
80965,33
80966,13
80967,0
80968,3
80969,1
80970,1
80971,2
80972,2
80973,0
80974,0
80975,1
80976,0
80977,4
80978,1
80979,1
80980,1
80981,4
80982,2
80983,0
80984,1
80985,0
80986,0
80987,0
80988,1
80989,2
80990,0
80991,1
80992,7
80993,1
80994,4
80995,0
80996,0
80997,0
80998,1
80999,0
81000,0
81001,1
81002,1
81003,0
81004,0
81005,1
81006,0
81007,0
81008,0
81009,0
81010,0
81011,0
81012,0
81013,0
81014,1
81015,3
81016,0
81017,1
81018,0
81019,0
81020,1
81021,0
81022,6
81023,2
81024,1
81025,0
81026,2
81027,1
81028,0
81029,3
81030,1
81031,3
81032,2
81033,1
81034,2
81035,0
81036,2
81037,1
81038,0
81039,0
81040,0
81041,0
81042,0
81043,0
81044,1
81045,3
81046,3
81047,3
81048,0
81049,1
81050,1
81051,0
81052,0
81053,0
81054,0
81055,0
81056,0
81057,0
81058,0
81059,0
81060,0
81061,1
81062,2
81063,2
81064,2
81065,1
81066,0
81067,0
81068,0
81069,1
81070,1
81071,0
81072,2
81073,1
81074,0
81075,0
81076,0
81077,0
81078,0
81079,1
81080,1
81081,0
81082,0
81083,2
81084,1
81085,0
81086,0
81087,0
81088,0
81089,1
81090,0
81091,0
81092,0
81093,2
81094,0
81095,1
81096,0
81097,2
81098,0
81099,1
81100,0
81101,0
81102,1
81103,1
81104,0
81105,4
81106,0
81107,0
81108,0
81109,0
81110,0
81111,1
81112,0
81113,0
81114,0
81115,1
81116,0
81117,0
81118,1
81119,4
81120,0
81121,0
81122,1
81123,0
81124,1
81125,1
81126,1
81127,1
81128,5
81129,1
81130,0
81131,0
81132,0
81133,0
81134,0
81135,0
81136,0
81137,0
81138,0
81139,0
81140,0
81141,0
81142,0
81143,0
81144,2
81145,1
81146,0
81147,0
81148,0
81149,1
81150,0
81151,0
81152,1
81153,0
81154,1
81155,0
81156,1
81157,0
81158,1
81159,0
81160,2
81161,0
81162,0
81163,0
81164,0
81165,1
81166,0
81167,0
81168,1
81169,0
81170,0
81171,0
81172,0
81173,0
81174,1
81175,1
81176,0
81177,0
81178,1
81179,2
81180,1
81181,1
81182,0
81183,3
81184,1
81185,4
81186,2
81187,2
81188,2
81189,0
81190,2
81191,1
81192,3
81193,2
81194,0
81195,0
81196,2
81197,1
81198,12
81199,7
81200,1
81201,1
81202,2
81203,0
81204,2
81205,13
81206,0
81207,0
81208,0
81209,1
81210,0
81211,0
81212,1
81213,1
81214,0
81215,0
81216,1
81217,0
81218,1
81219,1
81220,0
81221,1
81222,1
81223,2
81224,2
81225,0
81226,0
81227,0
81228,0
81229,1
81230,0
81231,1
81232,2
81233,1
81234,12
81235,1
81236,0
81237,0
81238,0
81239,0
81240,0
81241,0
81242,0
81243,0
81244,0
81245,0
81246,0
81247,1
81248,1
81249,1
81250,1
81251,3
81252,2
81253,1
81254,0
81255,2
81256,1
81257,0
81258,1
81259,0
81260,1
81261,0
81262,0
81263,0
81264,0
81265,0
81266,1
81267,0
81268,0
81269,0
81270,1
81271,0
81272,3
81273,3
81274,2
81275,1
81276,1
81277,1
81278,3
81279,3
81280,6
81281,6
81282,1
81283,1
81284,0
81285,0
81286,2
81287,0
81288,0
81289,0
81290,2
81291,4
81292,0
81293,2
81294,0
81295,0
81296,0
81297,0
81298,0
81299,2
81300,7
81301,0
81302,0
81303,0
81304,12
81305,12
81306,21
81307,16
81308,3
81309,0
81310,3
81311,1
81312,0
81313,1
81314,1
81315,0
81316,0
81317,0
81318,0
81319,0
81320,0
81321,0
81322,1
81323,3
81324,0
81325,0
81326,2
81327,2
81328,0
81329,2
81330,0
81331,2
81332,4
81333,0
81334,1
81335,0
81336,0
81337,0
81338,0
81339,0
81340,1
81341,1
81342,1
81343,1
81344,0
81345,1
81346,0
81347,0
81348,0
81349,0
81350,0
81351,0
81352,0
81353,0
81354,0
81355,0
81356,0
81357,0
81358,2
81359,0
81360,0
81361,2
81362,2
81363,1
81364,2
81365,0
81366,0
81367,1
81368,0
81369,0
81370,0
81371,0
81372,1
81373,0
81374,0
81375,0
81376,0
81377,0
81378,0
81379,0
81380,1
81381,0
81382,0
81383,1
81384,1
81385,0
81386,0
81387,1
81388,1
81389,0
81390,0
81391,0
81392,1
81393,1
81394,0
81395,2
81396,1
81397,2
81398,0
81399,0
81400,1
81401,1
81402,3
81403,0
81404,0
81405,0
81406,4
81407,0
81408,0
81409,1
81410,6
81411,2
81412,0
81413,0
81414,0
81415,1
81416,0
81417,6
81418,0
81419,2
81420,0
81421,0
81422,3
81423,0
81424,3
81425,2
81426,1
81427,0
81428,6
81429,1
81430,3
81431,18
81432,4
81433,0
81434,0
81435,0
81436,0
81437,0
81438,0
81439,1
81440,0
81441,0
81442,0
81443,1
81444,1
81445,12
81446,0
81447,0
81448,1
81449,0
81450,5
81451,1
81452,0
81453,0
81454,2
81455,0
81456,6
81457,0
81458,0
81459,1
81460,1
81461,0
81462,1
81463,0
81464,0
81465,0
81466,0
81467,0
81468,1
81469,3
81470,1
81471,0
81472,0
81473,0
81474,1
81475,4
81476,0
81477,0
81478,0
81479,1
81480,1
81481,0
81482,0
81483,2
81484,1
81485,0
81486,0
81487,0
81488,0
81489,0
81490,0
81491,0
81492,1
81493,1
81494,0
81495,0
81496,1
81497,3
81498,1
81499,0
81500,2
81501,0
81502,0
81503,0
81504,0
81505,1
81506,0
81507,0
81508,2
81509,2
81510,2
81511,1
81512,0
81513,2
81514,0
81515,0
81516,3
81517,1
81518,0
81519,0
81520,1
81521,0
81522,0
81523,0
81524,0
81525,1
81526,2
81527,1
81528,0
81529,0
81530,1
81531,0
81532,1
81533,0
81534,0
81535,0
81536,0
81537,0
81538,1
81539,2
81540,2
81541,0
81542,0
81543,3
81544,0
81545,0
81546,0
81547,0
81548,0
81549,3
81550,0
81551,1
81552,1
81553,1
81554,0
81555,0
81556,0
81557,0
81558,0
81559,0
81560,0
81561,1
81562,4
81563,2
81564,1
81565,1
81566,0
81567,0
81568,0
81569,0
81570,0
81571,0
81572,0
81573,1
81574,1
81575,0
81576,1
81577,1
81578,0
81579,0
81580,1
81581,0
81582,1
81583,3
81584,0
81585,0
81586,3
81587,1
81588,1
81589,2
81590,0
81591,0
81592,1
81593,1
81594,0
81595,0
81596,0
81597,1
81598,0
81599,0
81600,0
81601,0
81602,0
81603,2
81604,0
81605,0
81606,0
81607,2
81608,0
81609,0
81610,1
81611,1
81612,0
81613,1
81614,0
81615,2
81616,0
81617,2
81618,0
81619,1
81620,0
81621,1
81622,0
81623,0
81624,20
81625,1
81626,4
81627,2
81628,1
81629,0
81630,1
81631,2
81632,2
81633,0
81634,0
81635,1
81636,0
81637,1
81638,0
81639,0
81640,0
81641,2
81642,0
81643,0
81644,0
81645,1
81646,0
81647,2
81648,0
81649,0
81650,0
81651,0
81652,0
81653,2
81654,0
81655,2
81656,0
81657,0
81658,1
81659,0
81660,1
81661,0
81662,0
81663,1
81664,1
81665,1
81666,1
81667,0
81668,1
81669,0
81670,2
81671,0
81672,0
81673,0
81674,0
81675,0
81676,1
81677,1
81678,8
81679,0
81680,0
81681,1
81682,1
81683,1
81684,0
81685,2
81686,1
81687,0
81688,0
81689,1
81690,0
81691,0
81692,3
81693,0
81694,2
81695,2
81696,12
81697,9
81698,1
81699,0
81700,2
81701,2
81702,0
81703,0
81704,0
81705,1
81706,4
81707,1
81708,0
81709,0
81710,0
81711,1
81712,0
81713,0
81714,0
81715,1
81716,1
81717,1
81718,0
81719,0
81720,0
81721,1
81722,0
81723,0
81724,0
81725,0
81726,1
81727,0
81728,0
81729,0
81730,1
81731,0
81732,0
81733,0
81734,0
81735,2
81736,0
81737,1
81738,0
81739,0
81740,0
81741,1
81742,0
81743,1
81744,0
81745,0
81746,1
81747,0
81748,1
81749,0
81750,1
81751,1
81752,1
81753,0
81754,0
81755,1
81756,1
81757,0
81758,1
81759,0
81760,0
81761,0
81762,0
81763,0
81764,0
81765,1
81766,0
81767,0
81768,3
81769,1
81770,1
81771,0
81772,2
81773,1
81774,1
81775,0
81776,1
81777,3
81778,0
81779,0
81780,2
81781,0
81782,2
81783,1
81784,0
81785,1
81786,0
81787,1
81788,0
81789,1
81790,0
81791,0
81792,2
81793,0
81794,4
81795,0
81796,0
81797,0
81798,0
81799,1
81800,2
81801,0
81802,1
81803,2
81804,2
81805,1
81806,2
81807,1
81808,0
81809,2
81810,3
81811,0
81812,0
81813,1
81814,1
81815,3
81816,1
81817,0
81818,0
81819,1
81820,1
81821,0
81822,0
81823,1
81824,1
81825,0
81826,1
81827,0
81828,1
81829,1
81830,0
81831,0
81832,1
81833,0
81834,3
81835,0
81836,0
81837,1
81838,1
81839,0
81840,0
81841,2
81842,0
81843,0
81844,0
81845,2
81846,0
81847,0
81848,2
81849,0
81850,1
81851,0
81852,2
81853,1
81854,0
81855,3
81856,0
81857,0
81858,1
81859,1
81860,1
81861,0
81862,1
81863,1
81864,0
81865,0
81866,0
81867,0
81868,2
81869,2
81870,0
81871,1
81872,1
81873,0
81874,1
81875,0
81876,0
81877,1
81878,1
81879,0
81880,2
81881,0
81882,2
81883,7
81884,4
81885,1
81886,2
81887,0
81888,0
81889,0
81890,0
81891,1
81892,0
81893,1
81894,0
81895,0
81896,0
81897,0
81898,0
81899,2
81900,0
81901,1
81902,3
81903,1
81904,1
81905,1
81906,0
81907,1
81908,0
81909,1
81910,0
81911,0
81912,0
81913,0
81914,0
81915,0
81916,0
81917,0
81918,1
81919,0
81920,0
81921,0
81922,0
81923,0
81924,0
81925,1
81926,4
81927,2
81928,0
81929,1
81930,2
81931,0
81932,0
81933,3
81934,0
81935,0
81936,0
81937,0
81938,0
81939,0
81940,0
81941,0
81942,0
81943,0
81944,0
81945,0
81946,0
81947,0
81948,0
81949,0
81950,0
81951,1
81952,0
81953,1
81954,1
81955,0
81956,0
81957,0
81958,1
81959,5
81960,1
81961,0
81962,0
81963,0
81964,1
81965,0
81966,0
81967,1
81968,3
81969,1
81970,0
81971,0
81972,2
81973,1
81974,0
81975,0
81976,2
81977,1
81978,2
81979,1
81980,2
81981,0
81982,0
81983,1
81984,2
81985,1
81986,1
81987,0
81988,6
81989,1
81990,0
81991,5
81992,7
81993,4
81994,0
81995,2
81996,1
81997,18
81998,1
81999,0
82000,5
82001,2
82002,0
82003,1
82004,1
82005,0
82006,0
82007,0
82008,0
82009,1
82010,0
82011,0
82012,0
82013,0
82014,0
82015,1
82016,3
82017,0
82018,0
82019,0
82020,0
82021,0
82022,1
82023,0
82024,0
82025,0
82026,0
82027,0
82028,1
82029,1
82030,0
82031,4
82032,1
82033,1
82034,2
82035,1
82036,2
82037,0
82038,0
82039,2
82040,1
82041,0
82042,0
82043,1
82044,4
82045,0
82046,0
82047,0
82048,2
82049,1
82050,4
82051,1
82052,0
82053,0
82054,0
82055,1
82056,1
82057,0
82058,3
82059,1
82060,0
82061,1
82062,1
82063,1
82064,0
82065,2
82066,0
82067,0
82068,0
82069,0
82070,2
82071,1
82072,1
82073,0
82074,3
82075,0
82076,1
82077,1
82078,0
82079,0
82080,0
82081,0
82082,0
82083,0
82084,0
82085,0
82086,0
82087,0
82088,0
82089,1
82090,0
82091,0
82092,0
82093,0
82094,0
82095,0
82096,1
82097,0
82098,1
82099,1
82100,1
82101,2
82102,0
82103,0
82104,0
82105,0
82106,0
82107,1
82108,0
82109,0
82110,0
82111,2
82112,2
82113,0
82114,0
82115,0
82116,0
82117,0
82118,0
82119,0
82120,0
82121,0
82122,0
82123,0
82124,2
82125,0
82126,2
82127,0
82128,0
82129,0
82130,2
82131,0
82132,0
82133,1
82134,0
82135,0
82136,0
82137,0
82138,1
82139,1
82140,0
82141,2
82142,0
82143,0
82144,0
82145,0
82146,0
82147,1
82148,1
82149,0
82150,0
82151,0
82152,1
82153,1
82154,0
82155,1
82156,0
82157,0
82158,1
82159,1
82160,0
82161,1
82162,1
82163,2
82164,2
82165,3
82166,1
82167,3
82168,0
82169,0
82170,0
82171,0
82172,0
82173,0
82174,0
82175,2
82176,3
82177,0
82178,0
82179,1
82180,0
82181,0
82182,0
82183,0
82184,0
82185,0
82186,0
82187,1
82188,0
82189,0
82190,0
82191,0
82192,0
82193,0
82194,2
82195,3
82196,0
82197,0
82198,2
82199,2
82200,5
82201,2
82202,0
82203,2
82204,0
82205,1
82206,8
82207,0
82208,0
82209,0
82210,1
82211,0
82212,1
82213,0
82214,0
82215,0
82216,0
82217,1
82218,0
82219,2
82220,1
82221,3
82222,1
82223,1
82224,0
82225,0
82226,0
82227,0
82228,1
82229,0
82230,1
82231,1
82232,0
82233,0
82234,2
82235,0
82236,0
82237,0
82238,0
82239,1
82240,2
82241,0
82242,2
82243,0
82244,0
82245,0
82246,2
82247,0
82248,1
82249,0
82250,0
82251,1
82252,0
82253,1
82254,10
82255,3
82256,0
82257,1
82258,7
82259,0
82260,0
82261,0
82262,1
82263,0
82264,1
82265,3
82266,0
82267,1
82268,0
82269,2
82270,1
82271,0
82272,1
82273,0
82274,0
82275,0
82276,0
82277,1
82278,1
82279,0
82280,1
82281,0
82282,1
82283,1
82284,0
82285,1
82286,0
82287,0
82288,2
82289,0
82290,0
82291,0
82292,0
82293,1
82294,0
82295,0
82296,0
82297,0
82298,0
82299,0
82300,1
82301,0
82302,0
82303,1
82304,1
82305,1
82306,0
82307,1
82308,0
82309,0
82310,0
82311,1
82312,1
82313,0
82314,1
82315,0
82316,0
82317,0
82318,0
82319,0
82320,0
82321,0
82322,1
82323,2
82324,2
82325,3
82326,5
82327,3
82328,1
82329,0
82330,0
82331,0
82332,2
82333,0
82334,0
82335,0
82336,1
82337,0
82338,0
82339,2
82340,0
82341,1
82342,0
82343,0
82344,0
82345,1
82346,4
82347,0
82348,2
82349,0
82350,0
82351,0
82352,0
82353,0
82354,0
82355,0
82356,0
82357,0
82358,0
82359,0
82360,0
82361,1
82362,0
82363,0
82364,1
82365,1
82366,2
82367,2
82368,0
82369,0
82370,0
82371,0
82372,1
82373,1
82374,1
82375,1
82376,0
82377,1
82378,1
82379,0
82380,1
82381,1
82382,2
82383,2
82384,1
82385,2
82386,1
82387,0
82388,0
82389,0
82390,0
82391,1
82392,1
82393,0
82394,0
82395,0
82396,0
82397,1
82398,0
82399,0
82400,0
82401,0
82402,0
82403,0
82404,0
82405,0
82406,0
82407,0
82408,0
82409,0
82410,0
82411,1
82412,1
82413,0
82414,0
82415,0
82416,0
82417,1
82418,0
82419,0
82420,0
82421,0
82422,1
82423,0
82424,1
82425,0
82426,0
82427,0
82428,0
82429,1
82430,1
82431,1
82432,1
82433,0
82434,0
82435,0
82436,0
82437,0
82438,0
82439,2
82440,1
82441,1
82442,1
82443,0
82444,1
82445,0
82446,0
82447,2
82448,0
82449,0
82450,0
82451,1
82452,0
82453,0
82454,0
82455,0
82456,0
82457,1
82458,0
82459,0
82460,0
82461,3
82462,0
82463,1
82464,0
82465,0
82466,0
82467,3
82468,0
82469,0
82470,0
82471,0
82472,0
82473,0
82474,0
82475,0
82476,0
82477,0
82478,1
82479,0
82480,0
82481,0
82482,0
82483,0
82484,0
82485,0
82486,0
82487,0
82488,2
82489,0
82490,0
82491,2
82492,0
82493,3
82494,0
82495,0
82496,1
82497,0
82498,3
82499,1
82500,0
82501,2
82502,1
82503,0
82504,0
82505,0
82506,1
82507,0
82508,0
82509,1
82510,0
82511,1
82512,1
82513,3
82514,0
82515,0
82516,4
82517,0
82518,1
82519,0
82520,2
82521,3
82522,0
82523,1
82524,2
82525,0
82526,0
82527,0
82528,0
82529,2
82530,0
82531,0
82532,0
82533,0
82534,0
82535,0
82536,3
82537,0
82538,0
82539,0
82540,0
82541,1
82542,1
82543,0
82544,0
82545,1
82546,0
82547,2
82548,1
82549,1
82550,0
82551,1
82552,1
82553,0
82554,4
82555,3
82556,2
82557,0
82558,0
82559,1
82560,0
82561,1
82562,0
82563,0
82564,0
82565,0
82566,0
82567,0
82568,0
82569,0
82570,0
82571,1
82572,0
82573,0
82574,2
82575,0
82576,1
82577,2
82578,0
82579,2
82580,3
82581,1
82582,3
82583,0
82584,0
82585,0
82586,1
82587,1
82588,0
82589,2
82590,1
82591,1
82592,1
82593,0
82594,0
82595,0
82596,0
82597,2
82598,0
82599,0
82600,2
82601,3
82602,0
82603,0
82604,3
82605,2
82606,2
82607,0
82608,1
82609,2
82610,0
82611,0
82612,1
82613,1
82614,0
82615,0
82616,1
82617,1
82618,0
82619,1
82620,1
82621,1
82622,0
82623,0
82624,1
82625,0
82626,1
82627,0
82628,0
82629,1
82630,0
82631,0
82632,0
82633,1
82634,0
82635,1
82636,0
82637,3
82638,3
82639,5
82640,2
82641,1
82642,1
82643,1
82644,1
82645,0
82646,1
82647,0
82648,1
82649,0
82650,0
82651,0
82652,0
82653,0
82654,0
82655,0
82656,2
82657,3
82658,0
82659,0
82660,0
82661,0
82662,2
82663,1
82664,1
82665,0
82666,0
82667,0
82668,0
82669,2
82670,0
82671,0
82672,1
82673,0
82674,0
82675,0
82676,0
82677,0
82678,0
82679,0
82680,1
82681,0
82682,1
82683,0
82684,0
82685,0
82686,0
82687,0
82688,1
82689,1
82690,1
82691,3
82692,0
82693,0
82694,1
82695,0
82696,0
82697,2
82698,4
82699,0
82700,0
82701,1
82702,1
82703,0
82704,3
82705,0
82706,1
82707,0
82708,0
82709,1
82710,0
82711,0
82712,0
82713,0
82714,2
82715,5
82716,3
82717,0
82718,0
82719,1
82720,5
82721,1
82722,0
82723,2
82724,0
82725,0
82726,0
82727,1
82728,0
82729,1
82730,0
82731,0
82732,2
82733,1
82734,0
82735,0
82736,0
82737,1
82738,1
82739,0
82740,2
82741,0
82742,2
82743,0
82744,0
82745,1
82746,0
82747,1
82748,1
82749,1
82750,0
82751,0
82752,0
82753,0
82754,0
82755,0
82756,1
82757,0
82758,0
82759,0
82760,0
82761,0
82762,2
82763,0
82764,0
82765,0
82766,0
82767,0
82768,0
82769,0
82770,0
82771,2
82772,0
82773,0
82774,1
82775,1
82776,1
82777,1
82778,0
82779,0
82780,0
82781,0
82782,0
82783,3
82784,0
82785,1
82786,1
82787,0
82788,1
82789,0
82790,1
82791,0
82792,0
82793,0
82794,2
82795,0
82796,0
82797,0
82798,0
82799,2
82800,0
82801,1
82802,0
82803,0
82804,1
82805,1
82806,0
82807,1
82808,0
82809,0
82810,2
82811,0
82812,0
82813,0
82814,0
82815,0
82816,0
82817,1
82818,1
82819,0
82820,0
82821,1
82822,1
82823,0
82824,5
82825,1
82826,1
82827,4
82828,1
82829,0
82830,4
82831,1
82832,0
82833,0
82834,0
82835,0
82836,1
82837,0
82838,1
82839,0
82840,0
82841,1
82842,0
82843,1
82844,4
82845,3
82846,2
82847,0
82848,2
82849,0
82850,0
82851,0
82852,2
82853,4
82854,0
82855,0
82856,0
82857,1
82858,0
82859,0
82860,1
82861,0
82862,0
82863,1
82864,1
82865,0
82866,1
82867,0
82868,0
82869,1
82870,2
82871,0
82872,0
82873,0
82874,2
82875,1
82876,0
82877,1
82878,1
82879,1
82880,3
82881,4
82882,0
82883,1
82884,0
82885,0
82886,1
82887,0
82888,0
82889,1
82890,0
82891,0
82892,0
82893,0
82894,0
82895,1
82896,0
82897,1
82898,0
82899,0
82900,0
82901,2
82902,1
82903,0
82904,0
82905,2
82906,0
82907,0
82908,0
82909,0
82910,0
82911,0
82912,0
82913,0
82914,0
82915,0
82916,1
82917,0
82918,0
82919,0
82920,1
82921,0
82922,1
82923,0
82924,0
82925,1
82926,0
82927,0
82928,1
82929,0
82930,1
82931,1
82932,2
82933,0
82934,0
82935,2
82936,0
82937,0
82938,2
82939,0
82940,3
82941,3
82942,1
82943,0
82944,3
82945,0
82946,0
82947,0
82948,0
82949,0
82950,0
82951,0
82952,0
82953,0
82954,0
82955,1
82956,0
82957,0
82958,1
82959,4
82960,0
82961,2
82962,0
82963,1
82964,1
82965,2
82966,1
82967,0
82968,2
82969,0
82970,3
82971,1
82972,3
82973,2
82974,2
82975,0
82976,0
82977,1
82978,0
82979,2
82980,3
82981,1
82982,1
82983,1
82984,2
82985,6
82986,0
82987,2
82988,0
82989,0
82990,0
82991,0
82992,0
82993,0
82994,1
82995,0
82996,0
82997,0
82998,2
82999,2
83000,0
83001,0
83002,2
83003,0
83004,0
83005,2
83006,0
83007,3
83008,1
83009,0
83010,1
83011,1
83012,0
83013,4
83014,1
83015,0
83016,2
83017,3
83018,3
83019,0
83020,1
83021,0
83022,0
83023,0
83024,3
83025,1
83026,0
83027,0
83028,0
83029,1
83030,0
83031,0
83032,0
83033,0
83034,0
83035,0
83036,0
83037,0
83038,0
83039,1
83040,0
83041,0
83042,0
83043,1
83044,1
83045,2
83046,0
83047,1
83048,0
83049,1
83050,0
83051,1
83052,0
83053,2
83054,0
83055,2
83056,0
83057,0
83058,0
83059,0
83060,0
83061,0
83062,1
83063,0
83064,0
83065,1
83066,0
83067,0
83068,0
83069,0
83070,0
83071,0
83072,0
83073,0
83074,2
83075,0
83076,0
83077,0
83078,1
83079,1
83080,1
83081,0
83082,0
83083,0
83084,0
83085,3
83086,0
83087,2
83088,6
83089,0
83090,4
83091,0
83092,1
83093,0
83094,1
83095,0
83096,1
83097,0
83098,0
83099,0
83100,5
83101,0
83102,0
83103,0
83104,0
83105,0
83106,0
83107,0
83108,1
83109,1
83110,0
83111,1
83112,2
83113,0
83114,0
83115,0
83116,0
83117,0
83118,1
83119,1
83120,0
83121,0
83122,0
83123,2
83124,0
83125,0
83126,2
83127,0
83128,0
83129,0
83130,1
83131,1
83132,0
83133,0
83134,0
83135,1
83136,0
83137,1
83138,1
83139,0
83140,1
83141,3
83142,0
83143,0
83144,0
83145,0
83146,1
83147,3
83148,6
83149,0
83150,0
83151,0
83152,1
83153,0
83154,0
83155,0
83156,0
83157,0
83158,0
83159,0
83160,1
83161,0
83162,0
83163,0
83164,0
83165,0
83166,1
83167,0
83168,0
83169,0
83170,0
83171,1
83172,1
83173,2
83174,1
83175,0
83176,0
83177,3
83178,2
83179,0
83180,0
83181,0
83182,1
83183,0
83184,0
83185,0
83186,0
83187,0
83188,1
83189,0
83190,0
83191,1
83192,0
83193,2
83194,0
83195,0
83196,0
83197,1
83198,1
83199,0
83200,1
83201,4
83202,0
83203,2
83204,0
83205,0
83206,0
83207,2
83208,1
83209,0
83210,0
83211,0
83212,0
83213,0
83214,0
83215,1
83216,0
83217,0
83218,0
83219,0
83220,0
83221,0
83222,0
83223,0
83224,0
83225,0
83226,0
83227,0
83228,0
83229,1
83230,0
83231,1
83232,0
83233,0
83234,0
83235,0
83236,1
83237,0
83238,1
83239,2
83240,0
83241,0
83242,2
83243,0
83244,0
83245,2
83246,0
83247,1
83248,1
83249,0
83250,0
83251,0
83252,0
83253,0
83254,0
83255,0
83256,0
83257,2
83258,1
83259,0
83260,0
83261,0
83262,0
83263,0
83264,0
83265,0
83266,0
83267,3
83268,2
83269,1
83270,0
83271,0
83272,2
83273,0
83274,0
83275,0
83276,0
83277,2
83278,0
83279,0
83280,5
83281,1
83282,0
83283,0
83284,1
83285,0
83286,1
83287,0
83288,0
83289,0
83290,0
83291,0
83292,0
83293,0
83294,1
83295,0
83296,0
83297,1
83298,1
83299,0
83300,2
83301,0
83302,0
83303,1
83304,0
83305,2
83306,0
83307,1
83308,0
83309,0
83310,1
83311,0
83312,0
83313,3
83314,0
83315,1
83316,1
83317,0
83318,1
83319,0
83320,1
83321,0
83322,1
83323,1
83324,1
83325,0
83326,0
83327,2
83328,0
83329,0
83330,0
83331,0
83332,0
83333,1
83334,0
83335,0
83336,0
83337,0
83338,0
83339,1
83340,0
83341,0
83342,2
83343,1
83344,0
83345,0
83346,0
83347,0
83348,0
83349,1
83350,0
83351,2
83352,1
83353,1
83354,3
83355,2
83356,1
83357,2
83358,1
83359,0
83360,1
83361,1
83362,0
83363,1
83364,0
83365,0
83366,1
83367,1
83368,1
83369,0
83370,0
83371,0
83372,0
83373,0
83374,0
83375,1
83376,0
83377,1
83378,1
83379,1
83380,0
83381,2
83382,2
83383,0
83384,0
83385,1
83386,0
83387,0
83388,1
83389,1
83390,1
83391,1
83392,1
83393,0
83394,0
83395,1
83396,0
83397,0
83398,0
83399,0
83400,1
83401,1
83402,0
83403,0
83404,1
83405,1
83406,0
83407,1
83408,0
83409,0
83410,1
83411,0
83412,0
83413,0
83414,2
83415,1
83416,0
83417,0
83418,0
83419,0
83420,3
83421,1
83422,0
83423,0
83424,0
83425,1
83426,0
83427,0
83428,1
83429,0
83430,0
83431,1
83432,1
83433,0
83434,0
83435,0
83436,0
83437,1
83438,2
83439,1
83440,0
83441,0
83442,0
83443,3
83444,0
83445,0
83446,1
83447,0
83448,3
83449,1
83450,0
83451,1
83452,0
83453,1
83454,0
83455,1
83456,0
83457,0
83458,0
83459,0
83460,1
83461,0
83462,1
83463,0
83464,1
83465,1
83466,0
83467,0
83468,0
83469,1
83470,0
83471,0
83472,1
83473,0
83474,0
83475,1
83476,0
83477,3
83478,0
83479,0
83480,0
83481,2
83482,1
83483,0
83484,0
83485,0
83486,0
83487,0
83488,1
83489,0
83490,0
83491,0
83492,0
83493,1
83494,0
83495,0
83496,0
83497,1
83498,0
83499,0
83500,1
83501,1
83502,0
83503,2
83504,0
83505,0
83506,1
83507,0
83508,1
83509,1
83510,0
83511,0
83512,2
83513,0
83514,2
83515,3
83516,0
83517,2
83518,1
83519,1
83520,0
83521,0
83522,2
83523,1
83524,2
83525,0
83526,0
83527,0
83528,1
83529,1
83530,1
83531,0
83532,0
83533,0
83534,0
83535,0
83536,1
83537,0
83538,2
83539,2
83540,0
83541,0
83542,0
83543,1
83544,0
83545,2
83546,0
83547,0
83548,0
83549,1
83550,2
83551,0
83552,1
83553,1
83554,0
83555,0
83556,0
83557,0
83558,2
83559,0
83560,0
83561,0
83562,1
83563,0
83564,0
83565,1
83566,1
83567,2
83568,1
83569,0
83570,0
83571,1
83572,1
83573,1
83574,0
83575,0
83576,0
83577,0
83578,0
83579,0
83580,0
83581,0
83582,1
83583,3
83584,0
83585,0
83586,1
83587,1
83588,0
83589,0
83590,0
83591,0
83592,0
83593,0
83594,0
83595,0
83596,0
83597,0
83598,2
83599,2
83600,0
83601,0
83602,2
83603,0
83604,1
83605,0
83606,0
83607,1
83608,0
83609,1
83610,0
83611,0
83612,1
83613,0
83614,0
83615,0
83616,0
83617,0
83618,0
83619,0
83620,1
83621,0
83622,1
83623,0
83624,0
83625,0
83626,0
83627,0
83628,1
83629,1
83630,1
83631,1
83632,0
83633,0
83634,0
83635,2
83636,0
83637,0
83638,0
83639,0
83640,0
83641,0
83642,0
83643,0
83644,1
83645,0
83646,0
83647,0
83648,0
83649,0
83650,0
83651,1
83652,0
83653,0
83654,0
83655,0
83656,0
83657,0
83658,1
83659,0
83660,1
83661,0
83662,0
83663,0
83664,0
83665,0
83666,0
83667,0
83668,0
83669,0
83670,2
83671,1
83672,0
83673,0
83674,1
83675,0
83676,1
83677,0
83678,0
83679,0
83680,0
83681,3
83682,1
83683,0
83684,1
83685,0
83686,0
83687,1
83688,0
83689,0
83690,2
83691,1
83692,0
83693,0
83694,1
83695,0
83696,1
83697,0
83698,0
83699,1
83700,0
83701,1
83702,1
83703,0
83704,0
83705,2
83706,2
83707,0
83708,1
83709,0
83710,0
83711,0
83712,0
83713,0
83714,0
83715,2
83716,0
83717,0
83718,0
83719,0
83720,1
83721,0
83722,0
83723,3
83724,2
83725,1
83726,4
83727,0
83728,0
83729,0
83730,3
83731,1
83732,2
83733,2
83734,3
83735,1
83736,1
83737,0
83738,1
83739,1
83740,0
83741,0
83742,1
83743,0
83744,0
83745,0
83746,0
83747,2
83748,1
83749,0
83750,1
83751,0
83752,1
83753,0
83754,1
83755,0
83756,0
83757,0
83758,0
83759,0
83760,0
83761,0
83762,0
83763,1
83764,1
83765,1
83766,2
83767,0
83768,0
83769,2
83770,0
83771,0
83772,0
83773,2
83774,0
83775,1
83776,0
83777,0
83778,0
83779,0
83780,0
83781,1
83782,0
83783,0
83784,0
83785,0
83786,2
83787,1
83788,4
83789,2
83790,0
83791,1
83792,1
83793,0
83794,0
83795,0
83796,0
83797,0
83798,0
83799,0
83800,0
83801,0
83802,0
83803,0
83804,0
83805,1
83806,1
83807,1
83808,1
83809,0
83810,0
83811,0
83812,0
83813,1
83814,0
83815,0
83816,0
83817,0
83818,0
83819,2
83820,0
83821,0
83822,0
83823,0
83824,1
83825,0
83826,0
83827,0
83828,0
83829,1
83830,0
83831,2
83832,1
83833,0
83834,2
83835,1
83836,1
83837,0
83838,0
83839,1
83840,1
83841,1
83842,1
83843,0
83844,0
83845,0
83846,0
83847,0
83848,0
83849,0
83850,0
83851,0
83852,0
83853,0
83854,0
83855,0
83856,1
83857,0
83858,0
83859,0
83860,0
83861,0
83862,1
83863,0
83864,0
83865,0
83866,1
83867,1
83868,3
83869,0
83870,1
83871,0
83872,0
83873,1
83874,1
83875,0
83876,0
83877,1
83878,1
83879,0
83880,0
83881,1
83882,0
83883,2
83884,0
83885,0
83886,0
83887,1
83888,1
83889,2
83890,1
83891,1
83892,1
83893,0
83894,1
83895,0
83896,0
83897,2
83898,0
83899,0
83900,0
83901,1
83902,1
83903,0
83904,2
83905,0
83906,0
83907,0
83908,0
83909,0
83910,0
83911,0
83912,2
83913,1
83914,0
83915,2
83916,0
83917,1
83918,1
83919,0
83920,1
83921,4
83922,3
83923,1
83924,0
83925,1
83926,1
83927,0
83928,0
83929,3
83930,0
83931,1
83932,4
83933,0
83934,1
83935,0
83936,0
83937,1
83938,0
83939,2
83940,3
83941,0
83942,1
83943,0
83944,0
83945,1
83946,0
83947,1
83948,0
83949,0
83950,1
83951,0
83952,2
83953,1
83954,1
83955,0
83956,0
83957,0
83958,0
83959,0
83960,1
83961,0
83962,0
83963,2
83964,0
83965,1
83966,0
83967,1
83968,0
83969,1
83970,0
83971,0
83972,0
83973,0
83974,2
83975,0
83976,0
83977,0
83978,0
83979,0
83980,0
83981,1
83982,2
83983,0
83984,0
83985,0
83986,1
83987,0
83988,0
83989,1
83990,0
83991,0
83992,0
83993,0
83994,0
83995,0
83996,0
83997,1
83998,1
83999,1
84000,0
84001,0
84002,0
84003,0
84004,1
84005,0
84006,1
84007,0
84008,0
84009,0
84010,1
84011,0
84012,0
84013,0
84014,0
84015,0
84016,0
84017,2
84018,0
84019,0
84020,1
84021,1
84022,0
84023,0
84024,1
84025,0
84026,1
84027,0
84028,0
84029,1
84030,2
84031,1
84032,1
84033,0
84034,0
84035,0
84036,0
84037,0
84038,2
84039,0
84040,0
84041,0
84042,0
84043,0
84044,0
84045,0
84046,0
84047,0
84048,1
84049,0
84050,0
84051,0
84052,0
84053,1
84054,0
84055,0
84056,0
84057,0
84058,0
84059,1
84060,0
84061,1
84062,0
84063,0
84064,0
84065,1
84066,0
84067,2
84068,0
84069,2
84070,1
84071,0
84072,0
84073,1
84074,0
84075,0
84076,2
84077,0
84078,0
84079,0
84080,1
84081,2
84082,1
84083,1
84084,2
84085,0
84086,0
84087,1
84088,1
84089,2
84090,2
84091,2
84092,1
84093,6
84094,1
84095,2
84096,1
84097,0
84098,0
84099,0
84100,0
84101,0
84102,1
84103,0
84104,0
84105,0
84106,0
84107,1
84108,0
84109,0
84110,0
84111,0
84112,0
84113,0
84114,0
84115,0
84116,1
84117,0
84118,0
84119,0
84120,0
84121,3
84122,0
84123,0
84124,4
84125,0
84126,0
84127,0
84128,2
84129,1
84130,1
84131,4
84132,13
84133,2
84134,0
84135,1
84136,0
84137,1
84138,0
84139,2
84140,1
84141,0
84142,0
84143,1
84144,2
84145,1
84146,2
84147,0
84148,1
84149,0
84150,0
84151,2
84152,3
84153,0
84154,1
84155,0
84156,0
84157,2
84158,0
84159,0
84160,1
84161,0
84162,0
84163,1
84164,0
84165,0
84166,0
84167,0
84168,1
84169,0
84170,0
84171,1
84172,0
84173,0
84174,0
84175,0
84176,0
84177,0
84178,0
84179,0
84180,1
84181,1
84182,3
84183,1
84184,2
84185,1
84186,3
84187,0
84188,0
84189,1
84190,1
84191,2
84192,1
84193,0
84194,0
84195,2
84196,0
84197,0
84198,1
84199,0
84200,0
84201,0
84202,0
84203,0
84204,0
84205,0
84206,0
84207,0
84208,0
84209,0
84210,0
84211,0
84212,1
84213,1
84214,0
84215,0
84216,0
84217,0
84218,0
84219,0
84220,0
84221,1
84222,0
84223,0
84224,1
84225,1
84226,0
84227,0
84228,0
84229,0
84230,1
84231,0
84232,0
84233,0
84234,1
84235,0
84236,0
84237,0
84238,0
84239,0
84240,0
84241,5
84242,0
84243,0
84244,0
84245,0
84246,1
84247,2
84248,1
84249,1
84250,0
84251,1
84252,0
84253,1
84254,1
84255,2
84256,0
84257,0
84258,0
84259,0
84260,0
84261,1
84262,0
84263,1
84264,0
84265,0
84266,1
84267,0
84268,1
84269,0
84270,1
84271,0
84272,1
84273,1
84274,0
84275,0
84276,0
84277,0
84278,0
84279,0
84280,1
84281,0
84282,1
84283,0
84284,0
84285,0
84286,0
84287,0
84288,0
84289,0
84290,0
84291,0
84292,0
84293,0
84294,1
84295,1
84296,0
84297,0
84298,0
84299,1
84300,0
84301,1
84302,0
84303,0
84304,1
84305,0
84306,1
84307,0
84308,1
84309,0
84310,0
84311,0
84312,0
84313,0
84314,0
84315,0
84316,1
84317,0
84318,0
84319,0
84320,1
84321,0
84322,0
84323,0
84324,1
84325,0
84326,0
84327,0
84328,0
84329,1
84330,0
84331,0
84332,0
84333,0
84334,1
84335,1
84336,2
84337,0
84338,0
84339,0
84340,1
84341,0
84342,0
84343,0
84344,0
84345,0
84346,0
84347,2
84348,0
84349,0
84350,0
84351,2
84352,0
84353,1
84354,0
84355,4
84356,0
84357,0
84358,0
84359,0
84360,0
84361,0
84362,0
84363,1
84364,1
84365,0
84366,0
84367,1
84368,0
84369,0
84370,1
84371,0
84372,0
84373,1
84374,0
84375,3
84376,0
84377,0
84378,0
84379,0
84380,0
84381,1
84382,0
84383,1
84384,0
84385,0
84386,0
84387,0
84388,2
84389,0
84390,0
84391,0
84392,3
84393,0
84394,0
84395,1
84396,1
84397,1
84398,0
84399,0
84400,0
84401,0
84402,0
84403,0
84404,1
84405,0
84406,0
84407,0
84408,0
84409,5
84410,4
84411,0
84412,0
84413,3
84414,1
84415,0
84416,1
84417,1
84418,0
84419,0
84420,0
84421,1
84422,0
84423,0
84424,1
84425,0
84426,0
84427,0
84428,1
84429,0
84430,0
84431,0
84432,0
84433,0
84434,0
84435,1
84436,0
84437,1
84438,4
84439,1
84440,0
84441,0
84442,1
84443,1
84444,1
84445,4
84446,1
84447,1
84448,1
84449,1
84450,0
84451,1
84452,1
84453,0
84454,0
84455,0
84456,3
84457,0
84458,0
84459,0
84460,0
84461,0
84462,0
84463,2
84464,0
84465,0
84466,0
84467,0
84468,0
84469,3
84470,0
84471,0
84472,0
84473,0
84474,3
84475,0
84476,1
84477,0
84478,0
84479,0
84480,1
84481,0
84482,0
84483,0
84484,2
84485,0
84486,0
84487,0
84488,2
84489,2
84490,0
84491,1
84492,1
84493,0
84494,0
84495,0
84496,1
84497,1
84498,2
84499,2
84500,0
84501,0
84502,4
84503,3
84504,3
84505,1
84506,0
84507,3
84508,4
84509,0
84510,0
84511,1
84512,0
84513,0
84514,4
84515,1
84516,3
84517,0
84518,0
84519,0
84520,0
84521,0
84522,0
84523,6
84524,1
84525,1
84526,0
84527,0
84528,1
84529,0
84530,0
84531,0
84532,0
84533,1
84534,1
84535,0
84536,0
84537,0
84538,3
84539,2
84540,0
84541,0
84542,0
84543,1
84544,1
84545,0
84546,0
84547,0
84548,0
84549,0
84550,1
84551,0
84552,0
84553,0
84554,0
84555,0
84556,0
84557,0
84558,0
84559,0
84560,0
84561,0
84562,0
84563,0
84564,0
84565,0
84566,0
84567,1
84568,1
84569,2
84570,2
84571,1
84572,0
84573,3
84574,2
84575,0
84576,1
84577,0
84578,2
84579,1
84580,0
84581,1
84582,0
84583,0
84584,0
84585,1
84586,0
84587,0
84588,0
84589,0
84590,1
84591,1
84592,0
84593,0
84594,0
84595,0
84596,0
84597,0
84598,0
84599,1
84600,0
84601,2
84602,1
84603,1
84604,0
84605,0
84606,0
84607,1
84608,0
84609,0
84610,2
84611,0
84612,0
84613,0
84614,1
84615,0
84616,1
84617,0
84618,2
84619,0
84620,0
84621,0
84622,1
84623,0
84624,0
84625,0
84626,0
84627,0
84628,0
84629,0
84630,0
84631,0
84632,0
84633,0
84634,1
84635,0
84636,0
84637,0
84638,3
84639,0
84640,2
84641,1
84642,1
84643,0
84644,1
84645,1
84646,1
84647,0
84648,1
84649,0
84650,0
84651,0
84652,0
84653,0
84654,0
84655,0
84656,2
84657,1
84658,0
84659,0
84660,0
84661,0
84662,0
84663,0
84664,1
84665,0
84666,0
84667,0
84668,0
84669,1
84670,1
84671,0
84672,0
84673,0
84674,2
84675,0
84676,0
84677,0
84678,1
84679,1
84680,0
84681,1
84682,0
84683,0
84684,0
84685,0
84686,0
84687,0
84688,1
84689,0
84690,0
84691,1
84692,1
84693,0
84694,2
84695,6
84696,0
84697,1
84698,2
84699,2
84700,1
84701,0
84702,1
84703,2
84704,0
84705,0
84706,0
84707,0
84708,0
84709,2
84710,2
84711,1
84712,0
84713,1
84714,0
84715,0
84716,0
84717,1
84718,0
84719,1
84720,0
84721,2
84722,1
84723,0
84724,1
84725,0
84726,1
84727,0
84728,0
84729,0
84730,0
84731,0
84732,0
84733,0
84734,0
84735,0
84736,1
84737,0
84738,0
84739,2
84740,1
84741,0
84742,1
84743,1
84744,3
84745,1
84746,4
84747,0
84748,0
84749,2
84750,0
84751,1
84752,0
84753,0
84754,0
84755,0
84756,0
84757,0
84758,0
84759,0
84760,0
84761,1
84762,2
84763,1
84764,4
84765,0
84766,0
84767,0
84768,0
84769,0
84770,0
84771,0
84772,0
84773,0
84774,0
84775,1
84776,0
84777,1
84778,1
84779,1
84780,0
84781,0
84782,0
84783,0
84784,0
84785,0
84786,0
84787,0
84788,1
84789,1
84790,0
84791,3
84792,0
84793,0
84794,1
84795,4
84796,0
84797,0
84798,0
84799,0
84800,1
84801,0
84802,0
84803,0
84804,0
84805,1
84806,0
84807,2
84808,1
84809,0
84810,1
84811,0
84812,0
84813,0
84814,3
84815,1
84816,1
84817,0
84818,1
84819,2
84820,0
84821,0
84822,0
84823,0
84824,0
84825,0
84826,0
84827,0
84828,0
84829,0
84830,0
84831,0
84832,0
84833,0
84834,0
84835,1
84836,0
84837,0
84838,0
84839,1
84840,1
84841,1
84842,0
84843,0
84844,0
84845,0
84846,0
84847,0
84848,0
84849,1
84850,1
84851,1
84852,0
84853,1
84854,3
84855,2
84856,2
84857,1
84858,0
84859,1
84860,1
84861,2
84862,0
84863,0
84864,3
84865,0
84866,0
84867,0
84868,3
84869,1
84870,0
84871,0
84872,3
84873,1
84874,0
84875,0
84876,2
84877,1
84878,1
84879,2
84880,3
84881,0
84882,1
84883,1
84884,0
84885,1
84886,0
84887,3
84888,0
84889,0
84890,0
84891,1
84892,3
84893,1
84894,1
84895,7
84896,2
84897,3
84898,1
84899,0
84900,0
84901,0
84902,1
84903,1
84904,0
84905,0
84906,0
84907,1
84908,0
84909,1
84910,1
84911,0
84912,1
84913,0
84914,0
84915,0
84916,0
84917,2
84918,1
84919,2
84920,0
84921,0
84922,0
84923,2
84924,0
84925,1
84926,0
84927,1
84928,0
84929,0
84930,0
84931,0
84932,0
84933,0
84934,0
84935,0
84936,0
84937,0
84938,2
84939,0
84940,0
84941,0
84942,1
84943,0
84944,0
84945,1
84946,0
84947,2
84948,0
84949,0
84950,1
84951,2
84952,0
84953,0
84954,0
84955,0
84956,0
84957,2
84958,1
84959,0
84960,0
84961,2
84962,1
84963,0
84964,0
84965,1
84966,1
84967,0
84968,1
84969,0
84970,0
84971,0
84972,0
84973,0
84974,0
84975,1
84976,0
84977,0
84978,1
84979,0
84980,0
84981,0
84982,0
84983,0
84984,1
84985,1
84986,1
84987,0
84988,1
84989,1
84990,0
84991,1
84992,2
84993,0
84994,0
84995,1
84996,0
84997,0
84998,0
84999,0
85000,1
85001,0
85002,2
85003,0
85004,0
85005,0
85006,3
85007,0
85008,1
85009,0
85010,0
85011,1
85012,0
85013,0
85014,0
85015,0
85016,1
85017,0
85018,1
85019,0
85020,0
85021,1
85022,0
85023,0
85024,0
85025,1
85026,0
85027,3
85028,1
85029,0
85030,0
85031,1
85032,0
85033,0
85034,0
85035,0
85036,0
85037,0
85038,0
85039,0
85040,0
85041,0
85042,0
85043,0
85044,0
85045,1
85046,0
85047,0
85048,0
85049,0
85050,1
85051,0
85052,3
85053,0
85054,0
85055,0
85056,1
85057,0
85058,1
85059,0
85060,0
85061,1
85062,1
85063,1
85064,0
85065,0
85066,0
85067,1
85068,0
85069,1
85070,0
85071,0
85072,1
85073,1
85074,1
85075,0
85076,1
85077,1
85078,0
85079,0
85080,0
85081,1
85082,0
85083,0
85084,0
85085,0
85086,0
85087,1
85088,0
85089,0
85090,0
85091,0
85092,1
85093,0
85094,0
85095,0
85096,0
85097,0
85098,0
85099,0
85100,0
85101,0
85102,0
85103,0
85104,0
85105,0
85106,0
85107,0
85108,0
85109,0
85110,0
85111,1
85112,0
85113,0
85114,0
85115,0
85116,0
85117,0
85118,0
85119,0
85120,0
85121,0
85122,2
85123,0
85124,0
85125,1
85126,0
85127,0
85128,1
85129,0
85130,1
85131,0
85132,0
85133,1
85134,0
85135,0
85136,1
85137,0
85138,1
85139,1
85140,2
85141,1
85142,0
85143,1
85144,1
85145,0
85146,0
85147,3
85148,1
85149,0
85150,1
85151,0
85152,3
85153,0
85154,0
85155,0
85156,0
85157,0
85158,0
85159,2
85160,0
85161,1
85162,0
85163,0
85164,0
85165,0
85166,0
85167,0
85168,0
85169,1
85170,0
85171,0
85172,2
85173,0
85174,0
85175,0
85176,0
85177,1
85178,0
85179,0
85180,0
85181,0
85182,0
85183,0
85184,1
85185,0
85186,0
85187,0
85188,3
85189,0
85190,4
85191,0
85192,1
85193,0
85194,0
85195,1
85196,0
85197,1
85198,0
85199,0
85200,2
85201,0
85202,1
85203,1
85204,0
85205,0
85206,0
85207,0
85208,0
85209,0
85210,0
85211,0
85212,0
85213,1
85214,1
85215,1
85216,0
85217,0
85218,1
85219,1
85220,0
85221,1
85222,0
85223,0
85224,1
85225,2
85226,0
85227,0
85228,0
85229,1
85230,0
85231,0
85232,1
85233,0
85234,1
85235,0
85236,0
85237,1
85238,0
85239,1
85240,7
85241,0
85242,0
85243,1
85244,0
85245,1
85246,1
85247,1
85248,1
85249,0
85250,0
85251,1
85252,0
85253,0
85254,0
85255,0
85256,0
85257,2
85258,0
85259,0
85260,0
85261,1
85262,0
85263,2
85264,0
85265,0
85266,1
85267,1
85268,0
85269,0
85270,0
85271,0
85272,1
85273,0
85274,0
85275,0
85276,0
85277,0
85278,0
85279,0
85280,1
85281,0
85282,0
85283,0
85284,0
85285,0
85286,1
85287,0
85288,0
85289,0
85290,0
85291,0
85292,0
85293,1
85294,0
85295,0
85296,1
85297,0
85298,1
85299,0
85300,2
85301,0
85302,0
85303,0
85304,0
85305,0
85306,0
85307,0
85308,1
85309,0
85310,1
85311,0
85312,1
85313,0
85314,1
85315,0
85316,0
85317,0
85318,0
85319,1
85320,1
85321,0
85322,0
85323,0
85324,1
85325,1
85326,1
85327,0
85328,0
85329,0
85330,0
85331,0
85332,0
85333,0
85334,0
85335,0
85336,0
85337,0
85338,1
85339,3
85340,0
85341,0
85342,1
85343,0
85344,1
85345,0
85346,1
85347,0
85348,0
85349,0
85350,0
85351,0
85352,0
85353,2
85354,0
85355,1
85356,1
85357,0
85358,2
85359,1
85360,1
85361,0
85362,2
85363,2
85364,0
85365,3
85366,0
85367,0
85368,0
85369,0
85370,2
85371,0
85372,2
85373,0
85374,1
85375,0
85376,0
85377,0
85378,2
85379,0
85380,0
85381,1
85382,2
85383,1
85384,1
85385,1
85386,1
85387,0
85388,0
85389,0
85390,0
85391,1
85392,0
85393,1
85394,2
85395,0
85396,1
85397,0
85398,2
85399,2
85400,0
85401,0
85402,0
85403,1
85404,0
85405,0
85406,1
85407,0
85408,0
85409,1
85410,0
85411,0
85412,0
85413,0
85414,0
85415,0
85416,0
85417,0
85418,0
85419,0
85420,1
85421,0
85422,0
85423,0
85424,0
85425,0
85426,0
85427,0
85428,0
85429,0
85430,0
85431,0
85432,0
85433,0
85434,0
85435,1
85436,0
85437,1
85438,1
85439,0
85440,0
85441,1
85442,0
85443,0
85444,0
85445,0
85446,0
85447,1
85448,0
85449,0
85450,0
85451,0
85452,1
85453,0
85454,0
85455,0
85456,0
85457,0
85458,0
85459,0
85460,0
85461,0
85462,1
85463,0
85464,0
85465,0
85466,1
85467,2
85468,3
85469,0
85470,1
85471,0
85472,1
85473,0
85474,0
85475,0
85476,0
85477,0
85478,1
85479,0
85480,0
85481,0
85482,1
85483,1
85484,0
85485,1
85486,0
85487,1
85488,0
85489,1
85490,5
85491,0
85492,3
85493,0
85494,0
85495,0
85496,0
85497,0
85498,0
85499,0
85500,1
85501,0
85502,2
85503,0
85504,0
85505,0
85506,1
85507,0
85508,0
85509,0
85510,0
85511,1
85512,0
85513,1
85514,3
85515,0
85516,0
85517,0
85518,2
85519,0
85520,0
85521,1
85522,0
85523,0
85524,0
85525,0
85526,0
85527,1
85528,0
85529,0
85530,1
85531,0
85532,2
85533,0
85534,0
85535,0
85536,1
85537,1
85538,0
85539,0
85540,1
85541,1
85542,1
85543,2
85544,1
85545,0
85546,3
85547,0
85548,0
85549,1
85550,0
85551,0
85552,1
85553,1
85554,0
85555,1
85556,1
85557,0
85558,0
85559,0
85560,0
85561,1
85562,0
85563,1
85564,1
85565,1
85566,0
85567,1
85568,2
85569,1
85570,0
85571,2
85572,0
85573,0
85574,0
85575,0
85576,0
85577,1
85578,1
85579,0
85580,0
85581,0
85582,2
85583,0
85584,1
85585,0
85586,1
85587,1
85588,1
85589,0
85590,0
85591,0
85592,0
85593,0
85594,0
85595,0
85596,0
85597,0
85598,0
85599,1
85600,0
85601,0
85602,0
85603,0
85604,1
85605,0
85606,1
85607,0
85608,0
85609,1
85610,0
85611,1
85612,0
85613,0
85614,1
85615,0
85616,0
85617,0
85618,0
85619,0
85620,1
85621,0
85622,0
85623,0
85624,1
85625,0
85626,0
85627,0
85628,1
85629,1
85630,0
85631,0
85632,0
85633,2
85634,0
85635,1
85636,0
85637,1
85638,0
85639,0
85640,0
85641,1
85642,1
85643,1
85644,0
85645,0
85646,0
85647,1
85648,0
85649,1
85650,0
85651,0
85652,0
85653,0
85654,0
85655,0
85656,0
85657,0
85658,2
85659,1
85660,0
85661,1
85662,0
85663,0
85664,1
85665,1
85666,0
85667,0
85668,0
85669,0
85670,0
85671,1
85672,1
85673,1
85674,1
85675,1
85676,0
85677,0
85678,0
85679,3
85680,0
85681,0
85682,0
85683,2
85684,0
85685,1
85686,4
85687,0
85688,3
85689,2
85690,0
85691,0
85692,0
85693,0
85694,1
85695,3
85696,2
85697,0
85698,1
85699,0
85700,0
85701,3
85702,1
85703,1
85704,0
85705,6
85706,0
85707,0
85708,2
85709,0
85710,1
85711,2
85712,1
85713,1
85714,1
85715,2
85716,0
85717,0
85718,1
85719,0
85720,0
85721,0
85722,0
85723,0
85724,0
85725,0
85726,0
85727,0
85728,0
85729,0
85730,3
85731,1
85732,0
85733,1
85734,0
85735,4
85736,0
85737,1
85738,0
85739,1
85740,0
85741,0
85742,1
85743,0
85744,0
85745,0
85746,1
85747,0
85748,0
85749,0
85750,0
85751,0
85752,1
85753,0
85754,0
85755,0
85756,1
85757,2
85758,0
85759,0
85760,1
85761,0
85762,1
85763,0
85764,0
85765,0
85766,0
85767,0
85768,1
85769,2
85770,3
85771,2
85772,0
85773,1
85774,2
85775,0
85776,0
85777,1
85778,1
85779,0
85780,0
85781,0
85782,0
85783,0
85784,0
85785,0
85786,1
85787,0
85788,0
85789,0
85790,1
85791,1
85792,0
85793,0
85794,1
85795,1
85796,7
85797,1
85798,1
85799,2
85800,0
85801,3
85802,1
85803,0
85804,0
85805,0
85806,0
85807,0
85808,0
85809,1
85810,0
85811,2
85812,0
85813,0
85814,0
85815,2
85816,0
85817,1
85818,2
85819,1
85820,2
85821,1
85822,2
85823,1
85824,1
85825,1
85826,1
85827,0
85828,1
85829,0
85830,2
85831,1
85832,3
85833,0
85834,0
85835,0
85836,0
85837,0
85838,0
85839,1
85840,2
85841,1
85842,0
85843,0
85844,1
85845,0
85846,0
85847,0
85848,1
85849,0
85850,1
85851,1
85852,0
85853,1
85854,3
85855,0
85856,0
85857,0
85858,0
85859,0
85860,0
85861,1
85862,0
85863,2
85864,0
85865,0
85866,0
85867,0
85868,1
85869,0
85870,0
85871,0
85872,0
85873,0
85874,0
85875,0
85876,0
85877,0
85878,0
85879,1
85880,0
85881,3
85882,0
85883,0
85884,1
85885,0
85886,0
85887,0
85888,0
85889,0
85890,1
85891,0
85892,0
85893,0
85894,0
85895,0
85896,1
85897,1
85898,0
85899,0
85900,0
85901,1
85902,0
85903,0
85904,1
85905,1
85906,0
85907,1
85908,1
85909,0
85910,0
85911,0
85912,0
85913,1
85914,0
85915,0
85916,0
85917,0
85918,1
85919,2
85920,0
85921,0
85922,0
85923,1
85924,1
85925,0
85926,0
85927,3
85928,0
85929,0
85930,1
85931,0
85932,0
85933,0
85934,0
85935,0
85936,0
85937,1
85938,2
85939,0
85940,0
85941,0
85942,0
85943,0
85944,1
85945,0
85946,1
85947,1
85948,0
85949,4
85950,0
85951,0
85952,1
85953,2
85954,0
85955,0
85956,0
85957,0
85958,1
85959,0
85960,0
85961,3
85962,1
85963,1
85964,2
85965,1
85966,1
85967,1
85968,0
85969,1
85970,0
85971,1
85972,0
85973,0
85974,0
85975,1
85976,0
85977,2
85978,0
85979,0
85980,1
85981,0
85982,0
85983,0
85984,0
85985,0
85986,0
85987,2
85988,0
85989,1
85990,2
85991,1
85992,0
85993,0
85994,0
85995,0
85996,0
85997,0
85998,0
85999,0
86000,0
86001,0
86002,1
86003,0
86004,0
86005,0
86006,0
86007,0
86008,0
86009,0
86010,1
86011,0
86012,0
86013,0
86014,0
86015,0
86016,0
86017,0
86018,0
86019,0
86020,1
86021,0
86022,0
86023,0
86024,0
86025,1
86026,1
86027,0
86028,1
86029,2
86030,1
86031,1
86032,1
86033,0
86034,0
86035,1
86036,0
86037,0
86038,0
86039,0
86040,0
86041,1
86042,0
86043,0
86044,0
86045,0
86046,2
86047,1
86048,0
86049,2
86050,2
86051,3
86052,0
86053,0
86054,0
86055,0
86056,0
86057,0
86058,0
86059,0
86060,0
86061,0
86062,0
86063,0
86064,0
86065,0
86066,0
86067,1
86068,1
86069,0
86070,0
86071,1
86072,4
86073,0
86074,1
86075,1
86076,1
86077,0
86078,1
86079,0
86080,0
86081,0
86082,0
86083,0
86084,2
86085,1
86086,0
86087,0
86088,0
86089,1
86090,3
86091,1
86092,0
86093,0
86094,0
86095,0
86096,0
86097,1
86098,0
86099,1
86100,1
86101,0
86102,1
86103,0
86104,0
86105,0
86106,0
86107,2
86108,0
86109,0
86110,1
86111,0
86112,1
86113,3
86114,1
86115,1
86116,1
86117,1
86118,0
86119,1
86120,1
86121,0
86122,1
86123,1
86124,1
86125,0
86126,3
86127,0
86128,0
86129,0
86130,0
86131,1
86132,0
86133,0
86134,4
86135,4
86136,0
86137,0
86138,0
86139,0
86140,0
86141,0
86142,1
86143,0
86144,2
86145,0
86146,1
86147,0
86148,1
86149,2
86150,0
86151,1
86152,1
86153,1
86154,0
86155,1
86156,1
86157,0
86158,1
86159,0
86160,1
86161,0
86162,1
86163,0
86164,0
86165,0
86166,1
86167,2
86168,1
86169,3
86170,0
86171,2
86172,0
86173,0
86174,0
86175,0
86176,0
86177,0
86178,0
86179,1
86180,0
86181,0
86182,0
86183,0
86184,0
86185,0
86186,2
86187,0
86188,0
86189,0
86190,0
86191,1
86192,0
86193,0
86194,0
86195,0
86196,0
86197,0
86198,0
86199,0
86200,0
86201,1
86202,0
86203,0
86204,0
86205,0
86206,0
86207,0
86208,0
86209,0
86210,0
86211,0
86212,0
86213,0
86214,0
86215,0
86216,1
86217,0
86218,0
86219,1
86220,0
86221,0
86222,2
86223,0
86224,1
86225,1
86226,0
86227,0
86228,1
86229,1
86230,1
86231,1
86232,0
86233,1
86234,0
86235,0
86236,0
86237,1
86238,0
86239,2
86240,0
86241,0
86242,1
86243,0
86244,0
86245,0
86246,0
86247,0
86248,0
86249,0
86250,0
86251,0
86252,1
86253,3
86254,0
86255,0
86256,0
86257,0
86258,0
86259,0
86260,0
86261,0
86262,0
86263,0
86264,1
86265,0
86266,0
86267,0
86268,0
86269,0
86270,1
86271,0
86272,0
86273,0
86274,0
86275,0
86276,1
86277,1
86278,0
86279,1
86280,0
86281,0
86282,0
86283,0
86284,0
86285,0
86286,0
86287,2
86288,0
86289,2
86290,0
86291,1
86292,1
86293,0
86294,0
86295,1
86296,0
86297,0
86298,0
86299,1
86300,0
86301,0
86302,0
86303,0
86304,0
86305,0
86306,0
86307,0
86308,0
86309,0
86310,1
86311,1
86312,0
86313,0
86314,0
86315,1
86316,0
86317,0
86318,0
86319,0
86320,1
86321,0
86322,0
86323,1
86324,0
86325,0
86326,0
86327,0
86328,0
86329,2
86330,0
86331,0
86332,0
86333,2
86334,0
86335,0
86336,0
86337,0
86338,0
86339,0
86340,0
86341,0
86342,0
86343,0
86344,0
86345,0
86346,0
86347,1
86348,0
86349,1
86350,0
86351,1
86352,0
86353,1
86354,2
86355,0
86356,0
86357,1
86358,0
86359,1
86360,1
86361,0
86362,2
86363,0
86364,1
86365,2
86366,1
86367,0
86368,0
86369,1
86370,0
86371,0
86372,1
86373,0
86374,3
86375,0
86376,0
86377,0
86378,0
86379,0
86380,0
86381,2
86382,0
86383,1
86384,0
86385,1
86386,2
86387,0
86388,0
86389,0
86390,0
86391,0
86392,1
86393,0
86394,0
86395,0
86396,1
86397,0
86398,1
86399,0
86400,1
86401,0
86402,0
86403,1
86404,0
86405,2
86406,0
86407,0
86408,0
86409,1
86410,0
86411,0
86412,1
86413,2
86414,3
86415,1
86416,0
86417,2
86418,1
86419,0
86420,1
86421,0
86422,1
86423,0
86424,1
86425,0
86426,2
86427,0
86428,0
86429,0
86430,0
86431,0
86432,1
86433,0
86434,0
86435,2
86436,0
86437,2
86438,2
86439,0
86440,0
86441,1
86442,1
86443,1
86444,2
86445,0
86446,1
86447,0
86448,0
86449,0
86450,0
86451,0
86452,0
86453,1
86454,1
86455,0
86456,1
86457,0
86458,0
86459,1
86460,0
86461,1
86462,0
86463,0
86464,0
86465,1
86466,0
86467,0
86468,3
86469,1
86470,1
86471,0
86472,2
86473,3
86474,4
86475,1
86476,1
86477,2
86478,1
86479,1
86480,1
86481,1
86482,2
86483,0
86484,2
86485,0
86486,0
86487,0
86488,1
86489,0
86490,1
86491,0
86492,0
86493,3
86494,1
86495,4
86496,3
86497,0
86498,0
86499,3
86500,0
86501,0
86502,0
86503,3
86504,7
86505,0
86506,0
86507,0
86508,0
86509,0
86510,0
86511,0
86512,1
86513,2
86514,0
86515,0
86516,0
86517,0
86518,0
86519,2
86520,1
86521,0
86522,2
86523,1
86524,0
86525,0
86526,3
86527,0
86528,0
86529,0
86530,1
86531,0
86532,2
86533,1
86534,1
86535,3
86536,0
86537,0
86538,1
86539,1
86540,0
86541,0
86542,0
86543,1
86544,0
86545,0
86546,1
86547,1
86548,0
86549,1
86550,0
86551,0
86552,1
86553,0
86554,1
86555,1
86556,1
86557,0
86558,0
86559,0
86560,1
86561,0
86562,1
86563,0
86564,0
86565,0
86566,0
86567,0
86568,0
86569,1
86570,2
86571,0
86572,1
86573,0
86574,0
86575,0
86576,0
86577,0
86578,0
86579,2
86580,0
86581,2
86582,0
86583,0
86584,0
86585,1
86586,1
86587,0
86588,0
86589,0
86590,0
86591,1
86592,1
86593,0
86594,0
86595,0
86596,0
86597,2
86598,1
86599,2
86600,0
86601,3
86602,1
86603,1
86604,2
86605,1
86606,0
86607,1
86608,1
86609,0
86610,0
86611,1
86612,2
86613,3
86614,3
86615,4
86616,0
86617,0
86618,0
86619,2
86620,7
86621,5
86622,0
86623,2
86624,1
86625,0
86626,0
86627,1
86628,0
86629,0
86630,0
86631,0
86632,0
86633,0
86634,0
86635,0
86636,0
86637,0
86638,0
86639,2
86640,1
86641,0
86642,0
86643,1
86644,0
86645,0
86646,0
86647,1
86648,1
86649,1
86650,0
86651,0
86652,0
86653,0
86654,3
86655,0
86656,0
86657,0
86658,0
86659,0
86660,0
86661,0
86662,0
86663,0
86664,0
86665,0
86666,0
86667,0
86668,1
86669,0
86670,0
86671,0
86672,0
86673,1
86674,0
86675,1
86676,0
86677,1
86678,0
86679,0
86680,0
86681,0
86682,0
86683,1
86684,0
86685,2
86686,1
86687,0
86688,0
86689,0
86690,1
86691,1
86692,0
86693,0
86694,6
86695,0
86696,1
86697,3
86698,0
86699,1
86700,1
86701,1
86702,0
86703,2
86704,2
86705,0
86706,0
86707,0
86708,1
86709,1
86710,1
86711,3
86712,1
86713,1
86714,1
86715,1
86716,0
86717,0
86718,0
86719,1
86720,0
86721,0
86722,0
86723,0
86724,0
86725,1
86726,1
86727,0
86728,2
86729,0
86730,0
86731,0
86732,0
86733,1
86734,2
86735,0
86736,1
86737,0
86738,2
86739,0
86740,0
86741,0
86742,0
86743,0
86744,0
86745,0
86746,2
86747,0
86748,0
86749,0
86750,0
86751,0
86752,0
86753,0
86754,0
86755,0
86756,0
86757,0
86758,0
86759,0
86760,0
86761,0
86762,0
86763,0
86764,0
86765,2
86766,0
86767,1
86768,0
86769,0
86770,0
86771,0
86772,0
86773,0
86774,0
86775,0
86776,0
86777,0
86778,0
86779,0
86780,0
86781,0
86782,0
86783,0
86784,0
86785,1
86786,0
86787,2
86788,2
86789,0
86790,0
86791,1
86792,1
86793,2
86794,0
86795,0
86796,0
86797,0
86798,0
86799,0
86800,2
86801,0
86802,0
86803,1
86804,0
86805,0
86806,0
86807,0
86808,0
86809,0
86810,0
86811,0
86812,0
86813,0
86814,0
86815,0
86816,0
86817,0
86818,0
86819,0
86820,0
86821,1
86822,0
86823,0
86824,1
86825,1
86826,0
86827,0
86828,0
86829,2
86830,0
86831,1
86832,2
86833,0
86834,0
86835,0
86836,1
86837,1
86838,0
86839,0
86840,1
86841,0
86842,0
86843,1
86844,5
86845,1
86846,2
86847,2
86848,0
86849,1
86850,1
86851,0
86852,13
86853,0
86854,0
86855,0
86856,0
86857,0
86858,4
86859,0
86860,0
86861,1
86862,0
86863,0
86864,1
86865,0
86866,1
86867,2
86868,0
86869,1
86870,0
86871,9
86872,0
86873,0
86874,2
86875,0
86876,1
86877,2
86878,0
86879,0
86880,0
86881,0
86882,0
86883,0
86884,0
86885,1
86886,0
86887,1
86888,1
86889,1
86890,1
86891,0
86892,0
86893,0
86894,0
86895,0
86896,0
86897,0
86898,1
86899,0
86900,0
86901,0
86902,3
86903,1
86904,2
86905,0
86906,0
86907,0
86908,0
86909,0
86910,0
86911,0
86912,1
86913,1
86914,0
86915,0
86916,0
86917,0
86918,0
86919,0
86920,0
86921,1
86922,0
86923,1
86924,0
86925,0
86926,0
86927,0
86928,0
86929,0
86930,2
86931,0
86932,0
86933,0
86934,0
86935,0
86936,1
86937,0
86938,0
86939,2
86940,1
86941,3
86942,1
86943,1
86944,0
86945,0
86946,0
86947,1
86948,0
86949,1
86950,8
86951,11
86952,2
86953,13
86954,5
86955,11
86956,0
86957,0
86958,0
86959,0
86960,1
86961,5
86962,0
86963,1
86964,0
86965,0
86966,0
86967,0
86968,0
86969,0
86970,0
86971,0
86972,0
86973,4
86974,1
86975,1
86976,3
86977,0
86978,0
86979,4
86980,3
86981,8
86982,2
86983,1
86984,1
86985,5
86986,56
86987,14
86988,5
86989,12
86990,2
86991,0
86992,0
86993,0
86994,0
86995,0
86996,2
86997,1
86998,0
86999,0
87000,2
87001,0
87002,0
87003,0
87004,2
87005,0
87006,1
87007,1
87008,0
87009,0
87010,4
87011,0
87012,0
87013,1
87014,0
87015,0
87016,1
87017,0
87018,0
87019,2
87020,1
87021,0
87022,1
87023,0
87024,0
87025,0
87026,1
87027,0
87028,0
87029,0
87030,0
87031,0
87032,1
87033,0
87034,0
87035,0
87036,0
87037,1
87038,0
87039,1
87040,0
87041,1
87042,1
87043,0
87044,0
87045,1
87046,0
87047,0
87048,0
87049,1
87050,0
87051,0
87052,0
87053,1
87054,0
87055,0
87056,0
87057,1
87058,3
87059,1
87060,1
87061,0
87062,0
87063,0
87064,0
87065,0
87066,0
87067,1
87068,0
87069,0
87070,0
87071,0
87072,0
87073,0
87074,0
87075,0
87076,0
87077,0
87078,0
87079,1
87080,0
87081,0
87082,0
87083,0
87084,1
87085,0
87086,0
87087,0
87088,0
87089,0
87090,0
87091,0
87092,0
87093,0
87094,0
87095,0
87096,0
87097,0
87098,1
87099,0
87100,0
87101,0
87102,0
87103,0
87104,0
87105,0
87106,0
87107,0
87108,0
87109,2
87110,0
87111,0
87112,0
87113,0
87114,0
87115,0
87116,1
87117,1
87118,0
87119,0
87120,0
87121,0
87122,0
87123,0
87124,0
87125,0
87126,0
87127,0
87128,0
87129,2
87130,0
87131,0
87132,1
87133,0
87134,0
87135,0
87136,1
87137,0
87138,0
87139,0
87140,0
87141,1
87142,2
87143,3
87144,0
87145,0
87146,0
87147,0
87148,0
87149,1
87150,0
87151,0
87152,0
87153,0
87154,0
87155,0
87156,1
87157,0
87158,0
87159,0
87160,0
87161,0
87162,0
87163,0
87164,0
87165,0
87166,0
87167,0
87168,0
87169,0
87170,0
87171,0
87172,1
87173,0
87174,0
87175,0
87176,0
87177,0
87178,0
87179,2
87180,0
87181,0
87182,0
87183,0
87184,0
87185,0
87186,0
87187,0
87188,1
87189,2
87190,2
87191,0
87192,1
87193,0
87194,1
87195,0
87196,0
87197,0
87198,0
87199,0
87200,0
87201,0
87202,0
87203,0
87204,0
87205,1
87206,0
87207,0
87208,0
87209,0
87210,0
87211,0
87212,0
87213,0
87214,0
87215,0
87216,0
87217,0
87218,2
87219,2
87220,0
87221,0
87222,0
87223,0
87224,0
87225,0
87226,0
87227,0
87228,0
87229,0
87230,0
87231,0
87232,0
87233,0
87234,0
87235,0
87236,0
87237,0
87238,3
87239,2
87240,4
87241,4
87242,2
87243,5
87244,2
87245,2
87246,2
87247,1
87248,3
87249,5
87250,3
87251,1
87252,1
87253,1
87254,1
87255,0
87256,2
87257,0
87258,2
87259,0
87260,0
87261,2
87262,2
87263,0
87264,1
87265,2
87266,0
87267,1
87268,2
87269,1
87270,1
87271,0
87272,0
87273,0
87274,0
87275,1
87276,2
87277,2
87278,0
87279,2
87280,2
87281,2
87282,0
87283,1
87284,0
87285,0
87286,0
87287,0
87288,1
87289,1
87290,0
87291,0
87292,4
87293,1
87294,1
87295,2
87296,0
87297,1
87298,0
87299,3
87300,0
87301,0
87302,0
87303,0
87304,0
87305,0
87306,0
87307,1
87308,0
87309,1
87310,0
87311,3
87312,1
87313,0
87314,3
87315,2
87316,0
87317,1
87318,0
87319,1
87320,2
87321,0
87322,3
87323,0
87324,0
87325,1
87326,0
87327,0
87328,1
87329,0
87330,2
87331,0
87332,0
87333,0
87334,0
87335,1
87336,0
87337,0
87338,0
87339,0
87340,0
87341,1
87342,1
87343,0
87344,0
87345,0
87346,0
87347,0
87348,0
87349,0
87350,0
87351,0
87352,0
87353,0
87354,0
87355,0
87356,0
87357,0
87358,0
87359,0
87360,0
87361,0
87362,0
87363,0
87364,2
87365,0
87366,1
87367,0
87368,1
87369,0
87370,1
87371,1
87372,0
87373,1
87374,0
87375,2
87376,1
87377,1
87378,1
87379,0
87380,0
87381,1
87382,1
87383,0
87384,1
87385,0
87386,1
87387,3
87388,0
87389,2
87390,0
87391,0
87392,0
87393,0
87394,0
87395,0
87396,0
87397,0
87398,0
87399,0
87400,0
87401,0
87402,0
87403,0
87404,1
87405,0
87406,0
87407,1
87408,0
87409,2
87410,1
87411,1
87412,1
87413,0
87414,1
87415,0
87416,1
87417,0
87418,0
87419,1
87420,0
87421,0
87422,2
87423,2
87424,0
87425,0
87426,0
87427,0
87428,0
87429,2
87430,0
87431,0
87432,2
87433,0
87434,1
87435,0
87436,0
87437,0
87438,0
87439,0
87440,0
87441,0
87442,0
87443,0
87444,0
87445,0
87446,0
87447,0
87448,0
87449,0
87450,0
87451,0
87452,0
87453,0
87454,2
87455,1
87456,0
87457,1
87458,0
87459,2
87460,0
87461,0
87462,0
87463,0
87464,0
87465,2
87466,0
87467,1
87468,0
87469,0
87470,0
87471,0
87472,0
87473,1
87474,0
87475,0
87476,2
87477,1
87478,1
87479,0
87480,1
87481,0
87482,0
87483,0
87484,0
87485,0
87486,1
87487,0
87488,0
87489,0
87490,0
87491,0
87492,0
87493,0
87494,0
87495,1
87496,0
87497,0
87498,1
87499,1
87500,2
87501,0
87502,0
87503,0
87504,0
87505,1
87506,0
87507,1
87508,0
87509,0
87510,0
87511,0
87512,0
87513,0
87514,0
87515,0
87516,0
87517,0
87518,0
87519,0
87520,0
87521,0
87522,1
87523,0
87524,0
87525,0
87526,0
87527,1
87528,0
87529,0
87530,0
87531,1
87532,0
87533,1
87534,3
87535,0
87536,1
87537,2
87538,1
87539,0
87540,0
87541,0
87542,0
87543,0
87544,0
87545,1
87546,1
87547,1
87548,0
87549,0
87550,1
87551,0
87552,0
87553,2
87554,0
87555,1
87556,0
87557,0
87558,0
87559,0
87560,0
87561,0
87562,0
87563,2
87564,0
87565,0
87566,0
87567,0
87568,0
87569,1
87570,0
87571,2
87572,5
87573,0
87574,0
87575,1
87576,3
87577,0
87578,1
87579,0
87580,0
87581,0
87582,0
87583,0
87584,1
87585,0
87586,2
87587,0
87588,0
87589,0
87590,0
87591,0
87592,0
87593,0
87594,0
87595,0
87596,0
87597,1
87598,0
87599,0
87600,0
87601,0
87602,0
87603,0
87604,0
87605,0
87606,0
87607,0
87608,0
87609,0
87610,0
87611,0
87612,0
87613,0
87614,1
87615,0
87616,0
87617,0
87618,0
87619,0
87620,0
87621,0
87622,0
87623,0
87624,0
87625,0
87626,2
87627,0
87628,0
87629,1
87630,1
87631,0
87632,1
87633,0
87634,1
87635,0
87636,0
87637,2
87638,0
87639,0
87640,0
87641,0
87642,1
87643,0
87644,1
87645,1
87646,0
87647,1
87648,4
87649,0
87650,0
87651,2
87652,5
87653,1
87654,1
87655,4
87656,1
87657,2
87658,0
87659,0
87660,0
87661,0
87662,2
87663,3
87664,2
87665,1
87666,0
87667,0
87668,1
87669,1
87670,2
87671,0
87672,0
87673,1
87674,1
87675,0
87676,0
87677,5
87678,0
87679,11
87680,0
87681,1
87682,1
87683,1
87684,0
87685,0
87686,0
87687,1
87688,1
87689,1
87690,0
87691,0
87692,0
87693,5
87694,0
87695,1
87696,0
87697,0
87698,3
87699,3
87700,2
87701,2
87702,2
87703,0
87704,1
87705,0
87706,0
87707,0
87708,0
87709,22
87710,12
87711,1
87712,3
87713,0
87714,1
87715,2
87716,1
87717,0
87718,2
87719,0
87720,0
87721,0
87722,0
87723,0
87724,0
87725,0
87726,0
87727,0
87728,1
87729,0
87730,1
87731,0
87732,0
87733,0
87734,0
87735,0
87736,0
87737,3
87738,0
87739,1
87740,0
87741,0
87742,0
87743,1
87744,1
87745,2
87746,0
87747,0
87748,1
87749,0
87750,0
87751,0
87752,0
87753,3
87754,0
87755,0
87756,0
87757,0
87758,0
87759,0
87760,1
87761,1
87762,2
87763,0
87764,0
87765,0
87766,0
87767,0
87768,2
87769,0
87770,1
87771,1
87772,1
87773,1
87774,0
87775,0
87776,1
87777,0
87778,0
87779,0
87780,0
87781,0
87782,1
87783,0
87784,0
87785,2
87786,0
87787,0
87788,1
87789,2
87790,2
87791,0
87792,0
87793,0
87794,0
87795,1
87796,1
87797,0
87798,0
87799,0
87800,0
87801,0
87802,1
87803,1
87804,1
87805,1
87806,0
87807,0
87808,0
87809,2
87810,0
87811,0
87812,1
87813,0
87814,0
87815,0
87816,1
87817,0
87818,0
87819,0
87820,0
87821,0
87822,1
87823,0
87824,0
87825,1
87826,0
87827,0
87828,0
87829,0
87830,0
87831,1
87832,0
87833,0
87834,5
87835,0
87836,3
87837,15
87838,0
87839,5
87840,0
87841,2
87842,17
87843,12
87844,2
87845,7
87846,0
87847,0
87848,0
87849,7
87850,1
87851,1
87852,3
87853,5
87854,0
87855,1
87856,1
87857,0
87858,2
87859,0
87860,0
87861,0
87862,0
87863,8
87864,1
87865,0
87866,0
87867,2
87868,0
87869,1
87870,0
87871,0
87872,0
87873,0
87874,0
87875,1
87876,0
87877,0
87878,0
87879,0
87880,0
87881,2
87882,0
87883,0
87884,0
87885,0
87886,2
87887,0
87888,0
87889,1
87890,0
87891,2
87892,0
87893,0
87894,2
87895,0
87896,0
87897,1
87898,0
87899,1
87900,1
87901,0
87902,0
87903,0
87904,0
87905,1
87906,0
87907,1
87908,1
87909,1
87910,0
87911,0
87912,0
87913,2
87914,0
87915,0
87916,0
87917,0
87918,0
87919,1
87920,0
87921,0
87922,1
87923,0
87924,0
87925,1
87926,0
87927,1
87928,1
87929,0
87930,0
87931,3
87932,0
87933,1
87934,1
87935,0
87936,7
87937,0
87938,0
87939,2
87940,0
87941,0
87942,0
87943,2
87944,1
87945,12
87946,1
87947,0
87948,0
87949,2
87950,0
87951,3
87952,0
87953,2
87954,0
87955,0
87956,0
87957,0
87958,1
87959,1
87960,0
87961,1
87962,0
87963,1
87964,1
87965,1
87966,0
87967,0
87968,2
87969,0
87970,0
87971,0
87972,0
87973,0
87974,0
87975,2
87976,2
87977,1
87978,0
87979,0
87980,0
87981,0
87982,0
87983,1
87984,0
87985,0
87986,1
87987,0
87988,1
87989,3
87990,0
87991,1
87992,2
87993,0
87994,2
87995,0
87996,1
87997,0
87998,0
87999,1
88000,0
88001,0
88002,0
88003,2
88004,0
88005,1
88006,0
88007,1
88008,0
88009,0
88010,0
88011,1
88012,1
88013,0
88014,1
88015,0
88016,1
88017,0
88018,2
88019,1
88020,0
88021,0
88022,0
88023,0
88024,0
88025,0
88026,2
88027,0
88028,0
88029,0
88030,0
88031,0
88032,0
88033,2
88034,4
88035,1
88036,1
88037,0
88038,0
88039,0
88040,1
88041,0
88042,0
88043,2
88044,1
88045,0
88046,0
88047,2
88048,0
88049,1
88050,1
88051,1
88052,2
88053,2
88054,0
88055,2
88056,1
88057,0
88058,4
88059,0
88060,0
88061,0
88062,1
88063,0
88064,0
88065,1
88066,0
88067,0
88068,0
88069,0
88070,2
88071,0
88072,0
88073,0
88074,0
88075,0
88076,0
88077,0
88078,0
88079,1
88080,0
88081,2
88082,1
88083,0
88084,0
88085,0
88086,1
88087,2
88088,0
88089,0
88090,1
88091,0
88092,1
88093,4
88094,1
88095,1
88096,2
88097,0
88098,0
88099,1
88100,0
88101,0
88102,0
88103,0
88104,2
88105,0
88106,0
88107,1
88108,3
88109,1
88110,7
88111,2
88112,0
88113,0
88114,1
88115,2
88116,1
88117,0
88118,8
88119,1
88120,1
88121,0
88122,0
88123,0
88124,0
88125,0
88126,0
88127,1
88128,0
88129,0
88130,1
88131,0
88132,0
88133,3
88134,1
88135,1
88136,0
88137,1
88138,0
88139,0
88140,0
88141,1
88142,0
88143,1
88144,0
88145,1
88146,0
88147,2
88148,0
88149,0
88150,2
88151,2
88152,1
88153,0
88154,0
88155,0
88156,0
88157,2
88158,0
88159,0
88160,3
88161,1
88162,0
88163,1
88164,1
88165,0
88166,0
88167,0
88168,0
88169,1
88170,1
88171,2
88172,0
88173,0
88174,1
88175,0
88176,1
88177,0
88178,1
88179,2
88180,2
88181,1
88182,2
88183,0
88184,0
88185,1
88186,0
88187,0
88188,3
88189,3
88190,3
88191,1
88192,2
88193,0
88194,2
88195,2
88196,6
88197,0
88198,2
88199,0
88200,9
88201,0
88202,1
88203,2
88204,0
88205,2
88206,0
88207,2
88208,0
88209,1
88210,0
88211,0
88212,1
88213,1
88214,0
88215,1
88216,1
88217,0
88218,0
88219,0
88220,0
88221,0
88222,1
88223,1
88224,0
88225,1
88226,0
88227,0
88228,1
88229,2
88230,0
88231,1
88232,0
88233,1
88234,4
88235,2
88236,4
88237,1
88238,0
88239,0
88240,0
88241,1
88242,0
88243,0
88244,1
88245,1
88246,1
88247,1
88248,2
88249,1
88250,0
88251,0
88252,2
88253,1
88254,5
88255,4
88256,1
88257,2
88258,2
88259,3
88260,1
88261,0
88262,0
88263,2
88264,0
88265,2
88266,0
88267,0
88268,0
88269,0
88270,0
88271,0
88272,0
88273,0
88274,2
88275,1
88276,3
88277,0
88278,1
88279,0
88280,0
88281,0
88282,0
88283,0
88284,4
88285,1
88286,1
88287,2
88288,3
88289,2
88290,0
88291,0
88292,0
88293,1
88294,0
88295,1
88296,1
88297,0
88298,0
88299,0
88300,0
88301,0
88302,0
88303,0
88304,1
88305,0
88306,0
88307,0
88308,0
88309,0
88310,0
88311,0
88312,0
88313,0
88314,1
88315,0
88316,0
88317,0
88318,1
88319,0
88320,1
88321,0
88322,1
88323,1
88324,0
88325,0
88326,0
88327,0
88328,0
88329,0
88330,0
88331,1
88332,3
88333,0
88334,1
88335,1
88336,0
88337,0
88338,0
88339,0
88340,0
88341,1
88342,0
88343,0
88344,0
88345,0
88346,0
88347,1
88348,0
88349,3
88350,0
88351,1
88352,1
88353,0
88354,0
88355,1
88356,0
88357,0
88358,2
88359,1
88360,1
88361,4
88362,1
88363,1
88364,4
88365,2
88366,0
88367,0
88368,0
88369,0
88370,0
88371,1
88372,1
88373,0
88374,0
88375,2
88376,3
88377,1
88378,1
88379,0
88380,0
88381,0
88382,2
88383,0
88384,0
88385,0
88386,0
88387,0
88388,0
88389,0
88390,0
88391,0
88392,0
88393,0
88394,0
88395,0
88396,2
88397,3
88398,5
88399,0
88400,0
88401,1
88402,0
88403,2
88404,0
88405,3
88406,0
88407,0
88408,0
88409,1
88410,1
88411,0
88412,2
88413,0
88414,0
88415,0
88416,0
88417,0
88418,1
88419,0
88420,0
88421,0
88422,0
88423,0
88424,0
88425,0
88426,0
88427,0
88428,0
88429,0
88430,0
88431,1
88432,1
88433,1
88434,0
88435,0
88436,0
88437,0
88438,0
88439,0
88440,0
88441,0
88442,0
88443,2
88444,0
88445,1
88446,0
88447,2
88448,2
88449,0
88450,1
88451,0
88452,0
88453,2
88454,0
88455,0
88456,1
88457,1
88458,0
88459,0
88460,0
88461,0
88462,1
88463,0
88464,1
88465,0
88466,0
88467,0
88468,0
88469,0
88470,6
88471,0
88472,0
88473,1
88474,0
88475,1
88476,0
88477,1
88478,0
88479,1
88480,0
88481,0
88482,0
88483,0
88484,0
88485,2
88486,3
88487,0
88488,0
88489,0
88490,0
88491,0
88492,0
88493,0
88494,0
88495,0
88496,0
88497,0
88498,0
88499,0
88500,0
88501,0
88502,0
88503,2
88504,2
88505,1
88506,0
88507,0
88508,1
88509,1
88510,0
88511,3
88512,0
88513,0
88514,0
88515,0
88516,0
88517,0
88518,1
88519,1
88520,0
88521,1
88522,0
88523,0
88524,0
88525,0
88526,0
88527,1
88528,1
88529,0
88530,0
88531,0
88532,0
88533,0
88534,0
88535,0
88536,1
88537,0
88538,1
88539,1
88540,0
88541,0
88542,0
88543,4
88544,3
88545,2
88546,1
88547,0
88548,1
88549,0
88550,0
88551,0
88552,0
88553,0
88554,0
88555,0
88556,0
88557,0
88558,0
88559,0
88560,0
88561,1
88562,0
88563,0
88564,1
88565,0
88566,0
88567,0
88568,0
88569,1
88570,0
88571,0
88572,1
88573,3
88574,1
88575,0
88576,2
88577,0
88578,1
88579,0
88580,0
88581,0
88582,0
88583,0
88584,0
88585,1
88586,0
88587,1
88588,0
88589,0
88590,1
88591,1
88592,0
88593,0
88594,1
88595,0
88596,1
88597,0
88598,0
88599,0
88600,0
88601,0
88602,0
88603,2
88604,0
88605,2
88606,1
88607,1
88608,0
88609,0
88610,0
88611,1
88612,0
88613,0
88614,2
88615,0
88616,1
88617,0
88618,0
88619,0
88620,0
88621,0
88622,0
88623,0
88624,1
88625,1
88626,0
88627,1
88628,1
88629,1
88630,1
88631,1
88632,1
88633,2
88634,0
88635,2
88636,0
88637,2
88638,0
88639,1
88640,0
88641,1
88642,0
88643,0
88644,0
88645,1
88646,0
88647,0
88648,0
88649,0
88650,0
88651,1
88652,0
88653,0
88654,1
88655,0
88656,0
88657,0
88658,0
88659,1
88660,0
88661,0
88662,0
88663,0
88664,0
88665,0
88666,1
88667,0
88668,1
88669,1
88670,1
88671,0
88672,2
88673,1
88674,1
88675,2
88676,2
88677,1
88678,0
88679,0
88680,1
88681,1
88682,0
88683,4
88684,0
88685,1
88686,1
88687,2
88688,1
88689,0
88690,0
88691,2
88692,0
88693,0
88694,0
88695,0
88696,2
88697,2
88698,1
88699,2
88700,3
88701,0
88702,17
88703,0
88704,2
88705,1
88706,2
88707,0
88708,5
88709,0
88710,0
88711,0
88712,3
88713,0
88714,0
88715,0
88716,0
88717,0
88718,2
88719,0
88720,1
88721,2
88722,0
88723,0
88724,1
88725,0
88726,1
88727,0
88728,0
88729,1
88730,0
88731,0
88732,0
88733,0
88734,1
88735,0
88736,1
88737,1
88738,2
88739,4
88740,1
88741,0
88742,0
88743,0
88744,1
88745,0
88746,1
88747,0
88748,0
88749,1
88750,2
88751,1
88752,0
88753,0
88754,0
88755,1
88756,1
88757,0
88758,0
88759,1
88760,0
88761,0
88762,1
88763,1
88764,1
88765,1
88766,3
88767,0
88768,1
88769,0
88770,2
88771,2
88772,1
88773,2
88774,1
88775,0
88776,1
88777,0
88778,0
88779,1
88780,0
88781,0
88782,0
88783,0
88784,1
88785,1
88786,5
88787,2
88788,1
88789,0
88790,0
88791,0
88792,2
88793,1
88794,2
88795,0
88796,1
88797,1
88798,1
88799,1
88800,0
88801,4
88802,0
88803,0
88804,2
88805,0
88806,0
88807,0
88808,0
88809,0
88810,2
88811,0
88812,0
88813,0
88814,0
88815,0
88816,1
88817,1
88818,0
88819,0
88820,0
88821,0
88822,0
88823,0
88824,0
88825,0
88826,0
88827,0
88828,0
88829,1
88830,0
88831,3
88832,0
88833,0
88834,0
88835,0
88836,0
88837,0
88838,0
88839,0
88840,0
88841,0
88842,0
88843,0
88844,0
88845,0
88846,0
88847,0
88848,0
88849,0
88850,1
88851,0
88852,0
88853,0
88854,0
88855,1
88856,0
88857,4
88858,2
88859,0
88860,1
88861,2
88862,0
88863,0
88864,0
88865,1
88866,1
88867,0
88868,0
88869,1
88870,0
88871,0
88872,1
88873,1
88874,0
88875,0
88876,0
88877,1
88878,1
88879,2
88880,0
88881,0
88882,0
88883,0
88884,1
88885,3
88886,1
88887,0
88888,7
88889,1
88890,9
88891,3
88892,1
88893,1
88894,0
88895,2
88896,1
88897,0
88898,0
88899,4
88900,1
88901,0
88902,2
88903,1
88904,0
88905,0
88906,0
88907,0
88908,0
88909,3
88910,0
88911,5
88912,19
88913,1
88914,2
88915,0
88916,0
88917,2
88918,1
88919,3
88920,7
88921,13
88922,0
88923,0
88924,1
88925,1
88926,3
88927,0
88928,0
88929,0
88930,0
88931,0
88932,0
88933,2
88934,1
88935,0
88936,0
88937,2
88938,0
88939,0
88940,0
88941,1
88942,3
88943,1
88944,1
88945,0
88946,0
88947,0
88948,0
88949,0
88950,0
88951,0
88952,1
88953,0
88954,1
88955,0
88956,0
88957,1
88958,1
88959,0
88960,0
88961,0
88962,0
88963,0
88964,0
88965,0
88966,0
88967,0
88968,1
88969,0
88970,1
88971,0
88972,1
88973,0
88974,0
88975,0
88976,1
88977,0
88978,0
88979,0
88980,0
88981,0
88982,0
88983,0
88984,0
88985,2
88986,1
88987,0
88988,1
88989,0
88990,1
88991,0
88992,0
88993,0
88994,0
88995,0
88996,0
88997,0
88998,0
88999,1
89000,0
89001,0
89002,1
89003,0
89004,0
89005,0
89006,5
89007,1
89008,0
89009,1
89010,7
89011,11
89012,0
89013,1
89014,0
89015,0
89016,0
89017,0
89018,3
89019,0
89020,1
89021,0
89022,0
89023,0
89024,0
89025,0
89026,0
89027,0
89028,0
89029,0
89030,0
89031,0
89032,2
89033,0
89034,0
89035,0
89036,0
89037,0
89038,0
89039,0
89040,0
89041,0
89042,0
89043,1
89044,0
89045,0
89046,2
89047,0
89048,0
89049,0
89050,0
89051,0
89052,0
89053,0
89054,0
89055,0
89056,0
89057,0
89058,0
89059,1
89060,0
89061,1
89062,0
89063,1
89064,3
89065,1
89066,0
89067,2
89068,0
89069,2
89070,0
89071,0
89072,0
89073,0
89074,0
89075,2
89076,2
89077,0
89078,0
89079,0
89080,0
89081,0
89082,0
89083,0
89084,0
89085,1
89086,0
89087,1
89088,0
89089,0
89090,0
89091,0
89092,0
89093,0
89094,0
89095,0
89096,0
89097,0
89098,0
89099,0
89100,0
89101,0
89102,0
89103,0
89104,0
89105,0
89106,0
89107,0
89108,0
89109,1
89110,0
89111,1
89112,0
89113,0
89114,0
89115,0
89116,0
89117,0
89118,0
89119,0
89120,0
89121,0
89122,0
89123,1
89124,1
89125,0
89126,0
89127,0
89128,1
89129,0
89130,1
89131,0
89132,0
89133,0
89134,0
89135,0
89136,1
89137,0
89138,0
89139,0
89140,0
89141,0
89142,1
89143,0
89144,0
89145,1
89146,0
89147,1
89148,0
89149,1
89150,0
89151,1
89152,0
89153,0
89154,1
89155,0
89156,0
89157,2
89158,7
89159,2
89160,0
89161,0
89162,0
89163,1
89164,8
89165,4
89166,0
89167,0
89168,1
89169,0
89170,0
89171,0
89172,0
89173,1
89174,2
89175,0
89176,1
89177,0
89178,1
89179,1
89180,0
89181,0
89182,0
89183,0
89184,1
89185,0
89186,1
89187,0
89188,0
89189,0
89190,0
89191,0
89192,0
89193,0
89194,0
89195,0
89196,0
89197,0
89198,0
89199,0
89200,0
89201,1
89202,0
89203,0
89204,0
89205,0
89206,1
89207,0
89208,0
89209,4
89210,0
89211,0
89212,0
89213,0
89214,0
89215,1
89216,2
89217,0
89218,0
89219,0
89220,0
89221,1
89222,0
89223,2
89224,0
89225,0
89226,0
89227,0
89228,0
89229,0
89230,0
89231,0
89232,0
89233,0
89234,0
89235,0
89236,0
89237,0
89238,0
89239,0
89240,0
89241,0
89242,0
89243,0
89244,0
89245,0
89246,0
89247,0
89248,0
89249,0
89250,0
89251,0
89252,1
89253,0
89254,2
89255,0
89256,0
89257,0
89258,0
89259,0
89260,0
89261,2
89262,0
89263,1
89264,0
89265,18
89266,2
89267,1
89268,0
89269,1
89270,0
89271,0
89272,1
89273,4
89274,2
89275,2
89276,0
89277,0
89278,0
89279,0
89280,0
89281,0
89282,2
89283,0
89284,0
89285,0
89286,2
89287,0
89288,1
89289,0
89290,0
89291,0
89292,0
89293,0
89294,0
89295,0
89296,0
89297,0
89298,1
89299,0
89300,0
89301,0
89302,0
89303,0
89304,0
89305,1
89306,1
89307,0
89308,0
89309,2
89310,0
89311,1
89312,1
89313,0
89314,0
89315,0
89316,2
89317,0
89318,1
89319,0
89320,0
89321,0
89322,0
89323,0
89324,1
89325,0
89326,1
89327,0
89328,0
89329,0
89330,0
89331,1
89332,0
89333,0
89334,0
89335,0
89336,0
89337,0
89338,0
89339,0
89340,0
89341,1
89342,0
89343,2
89344,0
89345,2
89346,1
89347,0
89348,1
89349,1
89350,0
89351,0
89352,5
89353,0
89354,0
89355,1
89356,1
89357,0
89358,0
89359,1
89360,1
89361,2
89362,3
89363,0
89364,0
89365,1
89366,2
89367,2
89368,0
89369,2
89370,0
89371,0
89372,0
89373,1
89374,0
89375,0
89376,0
89377,0
89378,0
89379,1
89380,0
89381,0
89382,1
89383,0
89384,0
89385,0
89386,0
89387,0
89388,0
89389,0
89390,0
89391,0
89392,1
89393,1
89394,0
89395,1
89396,1
89397,0
89398,0
89399,1
89400,8
89401,0
89402,0
89403,0
89404,0
89405,0
89406,0
89407,1
89408,0
89409,0
89410,0
89411,0
89412,0
89413,1
89414,0
89415,0
89416,0
89417,1
89418,0
89419,0
89420,3
89421,1
89422,1
89423,0
89424,0
89425,0
89426,0
89427,0
89428,0
89429,1
89430,1
89431,1
89432,2
89433,1
89434,5
89435,0
89436,0
89437,0
89438,0
89439,1
89440,0
89441,1
89442,0
89443,0
89444,0
89445,0
89446,0
89447,0
89448,0
89449,0
89450,2
89451,1
89452,0
89453,2
89454,1
89455,1
89456,0
89457,1
89458,1
89459,4
89460,0
89461,0
89462,1
89463,0
89464,0
89465,0
89466,1
89467,0
89468,1
89469,2
89470,4
89471,0
89472,0
89473,0
89474,1
89475,0
89476,1
89477,0
89478,0
89479,3
89480,0
89481,0
89482,0
89483,0
89484,1
89485,0
89486,0
89487,0
89488,0
89489,0
89490,0
89491,0
89492,1
89493,0
89494,1
89495,0
89496,0
89497,1
89498,1
89499,3
89500,1
89501,1
89502,1
89503,0
89504,0
89505,1
89506,0
89507,0
89508,0
89509,0
89510,0
89511,1
89512,0
89513,0
89514,2
89515,0
89516,0
89517,2
89518,0
89519,0
89520,1
89521,1
89522,0
89523,0
89524,0
89525,2
89526,0
89527,4
89528,1
89529,0
89530,1
89531,0
89532,0
89533,0
89534,0
89535,0
89536,0
89537,0
89538,0
89539,4
89540,0
89541,0
89542,0
89543,0
89544,0
89545,0
89546,0
89547,0
89548,0
89549,0
89550,3
89551,0
89552,1
89553,0
89554,0
89555,1
89556,0
89557,0
89558,0
89559,1
89560,0
89561,0
89562,0
89563,0
89564,0
89565,1
89566,1
89567,0
89568,0
89569,0
89570,0
89571,0
89572,0
89573,0
89574,0
89575,1
89576,6
89577,12
89578,0
89579,5
89580,0
89581,1
89582,0
89583,2
89584,1
89585,0
89586,0
89587,0
89588,0
89589,0
89590,14
89591,1
89592,0
89593,0
89594,1
89595,0
89596,1
89597,0
89598,1
89599,1
89600,0
89601,0
89602,0
89603,0
89604,0
89605,0
89606,1
89607,0
89608,0
89609,0
89610,4
89611,0
89612,3
89613,3
89614,1
89615,2
89616,0
89617,4
89618,1
89619,0
89620,0
89621,1
89622,0
89623,0
89624,0
89625,4
89626,0
89627,0
89628,0
89629,0
89630,1
89631,3
89632,2
89633,1
89634,0
89635,2
89636,1
89637,5
89638,1
89639,2
89640,1
89641,0
89642,0
89643,0
89644,4
89645,0
89646,0
89647,0
89648,1
89649,1
89650,0
89651,0
89652,0
89653,0
89654,3
89655,1
89656,0
89657,0
89658,0
89659,0
89660,0
89661,0
89662,0
89663,0
89664,0
89665,0
89666,1
89667,0
89668,0
89669,1
89670,0
89671,0
89672,0
89673,1
89674,0
89675,0
89676,2
89677,0
89678,0
89679,0
89680,0
89681,0
89682,0
89683,1
89684,0
89685,0
89686,0
89687,0
89688,0
89689,0
89690,2
89691,1
89692,0
89693,0
89694,0
89695,0
89696,1
89697,0
89698,0
89699,1
89700,0
89701,0
89702,0
89703,1
89704,0
89705,0
89706,0
89707,1
89708,0
89709,0
89710,0
89711,1
89712,0
89713,1
89714,2
89715,0
89716,2
89717,0
89718,0
89719,0
89720,0
89721,0
89722,0
89723,0
89724,0
89725,0
89726,0
89727,0
89728,1
89729,0
89730,0
89731,0
89732,0
89733,1
89734,0
89735,1
89736,1
89737,0
89738,0
89739,0
89740,0
89741,1
89742,1
89743,0
89744,0
89745,0
89746,0
89747,0
89748,0
89749,0
89750,0
89751,0
89752,2
89753,0
89754,0
89755,0
89756,0
89757,0
89758,0
89759,0
89760,0
89761,1
89762,0
89763,2
89764,0
89765,1
89766,0
89767,1
89768,0
89769,1
89770,1
89771,3
89772,0
89773,1
89774,1
89775,0
89776,1
89777,0
89778,1
89779,0
89780,0
89781,2
89782,0
89783,0
89784,1
89785,0
89786,2
89787,1
89788,0
89789,1
89790,0
89791,0
89792,0
89793,0
89794,0
89795,0
89796,0
89797,0
89798,0
89799,1
89800,0
89801,0
89802,0
89803,0
89804,0
89805,0
89806,0
89807,0
89808,1
89809,0
89810,0
89811,0
89812,1
89813,0
89814,0
89815,0
89816,0
89817,0
89818,0
89819,0
89820,0
89821,0
89822,0
89823,2
89824,0
89825,0
89826,0
89827,1
89828,0
89829,2
89830,1
89831,0
89832,0
89833,1
89834,1
89835,0
89836,0
89837,3
89838,0
89839,0
89840,0
89841,0
89842,0
89843,1
89844,0
89845,2
89846,0
89847,0
89848,1
89849,1
89850,0
89851,1
89852,0
89853,1
89854,1
89855,1
89856,0
89857,5
89858,6
89859,0
89860,0
89861,0
89862,0
89863,3
89864,2
89865,0
89866,2
89867,1
89868,0
89869,0
89870,0
89871,0
89872,0
89873,1
89874,0
89875,0
89876,0
89877,0
89878,0
89879,0
89880,1
89881,0
89882,0
89883,1
89884,0
89885,4
89886,1
89887,0
89888,0
89889,0
89890,0
89891,0
89892,0
89893,1
89894,3
89895,0
89896,1
89897,0
89898,1
89899,0
89900,0
89901,0
89902,0
89903,0
89904,0
89905,0
89906,0
89907,0
89908,1
89909,0
89910,0
89911,0
89912,0
89913,0
89914,0
89915,0
89916,1
89917,0
89918,0
89919,0
89920,0
89921,0
89922,0
89923,0
89924,1
89925,0
89926,0
89927,0
89928,0
89929,0
89930,1
89931,1
89932,0
89933,0
89934,0
89935,0
89936,0
89937,0
89938,0
89939,1
89940,0
89941,2
89942,0
89943,0
89944,0
89945,0
89946,0
89947,0
89948,0
89949,0
89950,0
89951,0
89952,0
89953,1
89954,0
89955,0
89956,0
89957,0
89958,0
89959,0
89960,0
89961,0
89962,0
89963,0
89964,0
89965,0
89966,1
89967,0
89968,0
89969,0
89970,0
89971,0
89972,0
89973,0
89974,0
89975,0
89976,0
89977,0
89978,0
89979,0
89980,0
89981,0
89982,0
89983,0
89984,0
89985,2
89986,0
89987,0
89988,0
89989,0
89990,2
89991,0
89992,0
89993,0
89994,1
89995,5
89996,0
89997,2
89998,0
89999,0
90000,0
90001,0
90002,0
90003,0
90004,0
90005,0
90006,0
90007,0
90008,0
90009,2
90010,0
90011,2
90012,7
90013,0
90014,0
90015,3
90016,0
90017,0
90018,0
90019,0
90020,2
90021,0
90022,0
90023,0
90024,0
90025,0
90026,1
90027,0
90028,0
90029,0
90030,0
90031,0
90032,8
90033,0
90034,0
90035,0
90036,1
90037,1
90038,1
90039,1
90040,0
90041,0
90042,1
90043,1
90044,0
90045,0
90046,1
90047,0
90048,1
90049,3
90050,0
90051,4
90052,1
90053,1
90054,1
90055,2
90056,0
90057,0
90058,0
90059,0
90060,0
90061,0
90062,0
90063,0
90064,0
90065,3
90066,4
90067,0
90068,4
90069,0
90070,0
90071,0
90072,0
90073,0
90074,1
90075,0
90076,1
90077,0
90078,0
90079,0
90080,0
90081,0
90082,1
90083,0
90084,0
90085,0
90086,0
90087,0
90088,0
90089,0
90090,0
90091,0
90092,0
90093,0
90094,0
90095,0
90096,0
90097,0
90098,0
90099,0
90100,0
90101,0
90102,0
90103,1
90104,0
90105,0
90106,1
90107,0
90108,0
90109,0
90110,0
90111,0
90112,0
90113,0
90114,1
90115,0
90116,0
90117,0
90118,1
90119,0
90120,1
90121,1
90122,0
90123,0
90124,0
90125,0
90126,1
90127,0
90128,0
90129,0
90130,0
90131,2
90132,0
90133,1
90134,1
90135,0
90136,1
90137,0
90138,0
90139,1
90140,0
90141,0
90142,0
90143,1
90144,2
90145,1
90146,1
90147,1
90148,2
90149,0
90150,0
90151,0
90152,1
90153,5
90154,1
90155,0
90156,0
90157,0
90158,0
90159,1
90160,0
90161,0
90162,0
90163,0
90164,0
90165,2
90166,4
90167,2
90168,0
90169,0
90170,0
90171,0
90172,0
90173,0
90174,0
90175,0
90176,0
90177,0
90178,0
90179,0
90180,0
90181,0
90182,0
90183,0
90184,0
90185,1
90186,0
90187,0
90188,1
90189,0
90190,1
90191,1
90192,0
90193,0
90194,1
90195,4
90196,0
90197,0
90198,0
90199,3
90200,0
90201,1
90202,1
90203,5
90204,6
90205,6
90206,0
90207,0
90208,0
90209,0
90210,0
90211,1
90212,0
90213,0
90214,0
90215,0
90216,0
90217,0
90218,0
90219,0
90220,1
90221,1
90222,0
90223,0
90224,0
90225,0
90226,0
90227,0
90228,1
90229,1
90230,2
90231,0
90232,1
90233,2
90234,1
90235,0
90236,1
90237,0
90238,0
90239,0
90240,0
90241,0
90242,0
90243,0
90244,0
90245,0
90246,0
90247,2
90248,0
90249,0
90250,0
90251,3
90252,0
90253,0
90254,1
90255,1
90256,1
90257,0
90258,0
90259,0
90260,0
90261,0
90262,0
90263,1
90264,0
90265,0
90266,0
90267,0
90268,6
90269,1
90270,0
90271,0
90272,1
90273,0
90274,1
90275,0
90276,0
90277,0
90278,0
90279,0
90280,0
90281,0
90282,0
90283,1
90284,0
90285,1
90286,0
90287,0
90288,0
90289,0
90290,0
90291,1
90292,0
90293,1
90294,2
90295,0
90296,0
90297,0
90298,0
90299,1
90300,0
90301,0
90302,0
90303,0
90304,1
90305,0
90306,1
90307,1
90308,1
90309,0
90310,1
90311,1
90312,0
90313,0
90314,0
90315,0
90316,0
90317,1
90318,0
90319,0
90320,0
90321,0
90322,0
90323,0
90324,1
90325,1
90326,0
90327,1
90328,0
90329,0
90330,1
90331,0
90332,1
90333,0
90334,0
90335,0
90336,0
90337,0
90338,0
90339,0
90340,0
90341,0
90342,0
90343,2
90344,1
90345,0
90346,0
90347,0
90348,1
90349,0
90350,0
90351,2
90352,0
90353,0
90354,0
90355,0
90356,0
90357,0
90358,1
90359,0
90360,0
90361,0
90362,0
90363,0
90364,0
90365,0
90366,0
90367,0
90368,0
90369,1
90370,0
90371,0
90372,1
90373,0
90374,0
90375,0
90376,2
90377,0
90378,0
90379,0
90380,1
90381,1
90382,2
90383,0
90384,0
90385,0
90386,0
90387,0
90388,0
90389,0
90390,1
90391,1
90392,0
90393,0
90394,0
90395,1
90396,0
90397,0
90398,0
90399,1
90400,0
90401,0
90402,0
90403,0
90404,0
90405,0
90406,0
90407,0
90408,0
90409,1
90410,0
90411,1
90412,0
90413,1
90414,0
90415,0
90416,0
90417,0
90418,0
90419,0
90420,0
90421,0
90422,1
90423,0
90424,0
90425,0
90426,0
90427,1
90428,0
90429,0
90430,0
90431,1
90432,0
90433,0
90434,0
90435,0
90436,0
90437,1
90438,0
90439,1
90440,1
90441,0
90442,2
90443,0
90444,1
90445,0
90446,0
90447,0
90448,1
90449,0
90450,0
90451,0
90452,0
90453,0
90454,0
90455,0
90456,0
90457,1
90458,2
90459,0
90460,0
90461,1
90462,0
90463,1
90464,0
90465,0
90466,0
90467,0
90468,2
90469,0
90470,1
90471,0
90472,0
90473,1
90474,1
90475,1
90476,1
90477,0
90478,0
90479,2
90480,1
90481,1
90482,4
90483,0
90484,1
90485,0
90486,1
90487,2
90488,0
90489,0
90490,0
90491,2
90492,0
90493,0
90494,0
90495,0
90496,1
90497,1
90498,0
90499,0
90500,0
90501,0
90502,1
90503,1
90504,0
90505,0
90506,0
90507,0
90508,1
90509,4
90510,4
90511,0
90512,1
90513,0
90514,2
90515,0
90516,0
90517,0
90518,2
90519,0
90520,3
90521,0
90522,0
90523,0
90524,0
90525,2
90526,1
90527,0
90528,0
90529,0
90530,3
90531,1
90532,0
90533,0
90534,0
90535,1
90536,0
90537,2
90538,0
90539,0
90540,0
90541,0
90542,0
90543,0
90544,0
90545,2
90546,1
90547,0
90548,0
90549,0
90550,0
90551,0
90552,1
90553,0
90554,0
90555,0
90556,1
90557,2
90558,1
90559,0
90560,0
90561,0
90562,2
90563,1
90564,1
90565,0
90566,0
90567,0
90568,0
90569,0
90570,0
90571,0
90572,0
90573,0
90574,0
90575,0
90576,0
90577,0
90578,0
90579,0
90580,0
90581,0
90582,0
90583,0
90584,1
90585,0
90586,0
90587,0
90588,0
90589,2
90590,1
90591,1
90592,1
90593,0
90594,0
90595,0
90596,1
90597,1
90598,0
90599,0
90600,1
90601,0
90602,0
90603,0
90604,0
90605,2
90606,2
90607,0
90608,0
90609,0
90610,0
90611,1
90612,1
90613,0
90614,1
90615,1
90616,1
90617,0
90618,0
90619,2
90620,0
90621,0
90622,3
90623,0
90624,0
90625,1
90626,0
90627,1
90628,0
90629,0
90630,1
90631,1
90632,1
90633,5
90634,0
90635,0
90636,0
90637,1
90638,1
90639,0
90640,0
90641,0
90642,0
90643,2
90644,0
90645,0
90646,0
90647,0
90648,0
90649,1
90650,0
90651,0
90652,0
90653,0
90654,1
90655,0
90656,0
90657,0
90658,1
90659,0
90660,3
90661,0
90662,0
90663,0
90664,0
90665,0
90666,2
90667,0
90668,0
90669,0
90670,0
90671,0
90672,0
90673,0
90674,0
90675,0
90676,0
90677,1
90678,0
90679,0
90680,0
90681,0
90682,0
90683,0
90684,1
90685,0
90686,0
90687,0
90688,0
90689,0
90690,0
90691,0
90692,0
90693,0
90694,0
90695,0
90696,0
90697,0
90698,1
90699,0
90700,1
90701,1
90702,0
90703,0
90704,0
90705,0
90706,0
90707,0
90708,0
90709,0
90710,0
90711,0
90712,0
90713,0
90714,0
90715,0
90716,0
90717,1
90718,0
90719,0
90720,0
90721,0
90722,1
90723,0
90724,0
90725,0
90726,0
90727,0
90728,0
90729,0
90730,0
90731,4
90732,0
90733,0
90734,0
90735,0
90736,1
90737,0
90738,0
90739,0
90740,0
90741,0
90742,0
90743,0
90744,1
90745,0
90746,1
90747,0
90748,0
90749,0
90750,1
90751,1
90752,0
90753,2
90754,0
90755,2
90756,1
90757,0
90758,0
90759,0
90760,0
90761,0
90762,0
90763,0
90764,0
90765,0
90766,1
90767,0
90768,0
90769,0
90770,0
90771,0
90772,0
90773,1
90774,0
90775,0
90776,0
90777,0
90778,0
90779,0
90780,1
90781,1
90782,0
90783,0
90784,2
90785,2
90786,0
90787,1
90788,0
90789,1
90790,1
90791,1
90792,0
90793,0
90794,0
90795,1
90796,2
90797,0
90798,2
90799,1
90800,1
90801,0
90802,0
90803,2
90804,1
90805,1
90806,3
90807,1
90808,1
90809,1
90810,1
90811,0
90812,0
90813,1
90814,0
90815,0
90816,0
90817,0
90818,0
90819,0
90820,0
90821,0
90822,0
90823,1
90824,0
90825,1
90826,1
90827,0
90828,1
90829,0
90830,1
90831,1
90832,0
90833,4
90834,2
90835,0
90836,0
90837,0
90838,0
90839,2
90840,0
90841,0
90842,0
90843,0
90844,0
90845,0
90846,1
90847,0
90848,0
90849,1
90850,1
90851,1
90852,0
90853,0
90854,0
90855,0
90856,1
90857,1
90858,0
90859,0
90860,0
90861,0
90862,0
90863,1
90864,0
90865,0
90866,0
90867,0
90868,0
90869,0
90870,0
90871,0
90872,0
90873,0
90874,0
90875,0
90876,0
90877,0
90878,0
90879,0
90880,0
90881,0
90882,1
90883,1
90884,0
90885,1
90886,1
90887,1
90888,1
90889,2
90890,0
90891,0
90892,0
90893,0
90894,0
90895,0
90896,0
90897,1
90898,1
90899,2
90900,1
90901,1
90902,0
90903,0
90904,0
90905,0
90906,0
90907,0
90908,0
90909,0
90910,0
90911,0
90912,0
90913,0
90914,0
90915,0
90916,0
90917,0
90918,0
90919,0
90920,0
90921,0
90922,0
90923,0
90924,0
90925,0
90926,0
90927,2
90928,5
90929,0
90930,1
90931,0
90932,1
90933,0
90934,0
90935,0
90936,0
90937,0
90938,2
90939,0
90940,0
90941,0
90942,1
90943,0
90944,0
90945,1
90946,0
90947,0
90948,0
90949,2
90950,0
90951,1
90952,0
90953,2
90954,0
90955,0
90956,0
90957,0
90958,0
90959,0
90960,0
90961,0
90962,0
90963,0
90964,2
90965,1
90966,1
90967,0
90968,1
90969,0
90970,1
90971,1
90972,0
90973,1
90974,0
90975,1
90976,0
90977,0
90978,1
90979,4
90980,2
90981,1
90982,0
90983,1
90984,0
90985,0
90986,0
90987,0
90988,1
90989,1
90990,2
90991,0
90992,1
90993,0
90994,0
90995,0
90996,0
90997,0
90998,0
90999,0
91000,1
91001,0
91002,0
91003,0
91004,0
91005,0
91006,1
91007,0
91008,2
91009,0
91010,0
91011,0
91012,0
91013,0
91014,1
91015,1
91016,0
91017,0
91018,2
91019,0
91020,0
91021,1
91022,0
91023,6
91024,1
91025,0
91026,0
91027,1
91028,1
91029,1
91030,1
91031,0
91032,0
91033,0
91034,0
91035,0
91036,0
91037,0
91038,2
91039,0
91040,1
91041,0
91042,0
91043,6
91044,0
91045,4
91046,2
91047,1
91048,0
91049,13
91050,2
91051,5
91052,1
91053,0
91054,2
91055,1
91056,0
91057,0
91058,0
91059,1
91060,1
91061,0
91062,1
91063,0
91064,0
91065,0
91066,3
91067,5
91068,1
91069,0
91070,1
91071,8
91072,0
91073,1
91074,0
91075,1
91076,3
91077,3
91078,2
91079,0
91080,0
91081,1
91082,4
91083,1
91084,0
91085,1
91086,0
91087,1
91088,0
91089,1
91090,0
91091,3
91092,4
91093,6
91094,0
91095,1
91096,0
91097,8
91098,3
91099,16
91100,6
91101,4
91102,8
91103,1
91104,1
91105,2
91106,1
91107,3
91108,0
91109,0
91110,0
91111,2
91112,0
91113,1
91114,0
91115,2
91116,5
91117,0
91118,0
91119,0
91120,0
91121,6
91122,0
91123,4
91124,0
91125,0
91126,0
91127,0
91128,3
91129,5
91130,0
91131,0
91132,1
91133,0
91134,0
91135,0
91136,1
91137,0
91138,0
91139,1
91140,0
91141,0
91142,0
91143,0
91144,0
91145,0
91146,1
91147,1
91148,0
91149,0
91150,0
91151,0
91152,0
91153,0
91154,1
91155,0
91156,2
91157,1
91158,2
91159,4
91160,0
91161,2
91162,0
91163,1
91164,0
91165,0
91166,0
91167,0
91168,0
91169,1
91170,0
91171,0
91172,0
91173,0
91174,0
91175,0
91176,0
91177,0
91178,0
91179,1
91180,0
91181,0
91182,0
91183,1
91184,0
91185,0
91186,0
91187,1
91188,0
91189,0
91190,0
91191,0
91192,1
91193,0
91194,0
91195,0
91196,0
91197,0
91198,0
91199,0
91200,0
91201,1
91202,1
91203,0
91204,1
91205,0
91206,0
91207,0
91208,0
91209,0
91210,0
91211,0
91212,0
91213,0
91214,0
91215,1
91216,0
91217,0
91218,0
91219,0
91220,0
91221,0
91222,0
91223,0
91224,0
91225,0
91226,0
91227,0
91228,0
91229,0
91230,1
91231,0
91232,0
91233,1
91234,0
91235,0
91236,0
91237,0
91238,0
91239,0
91240,3
91241,0
91242,0
91243,0
91244,0
91245,1
91246,1
91247,1
91248,0
91249,0
91250,0
91251,1
91252,1
91253,0
91254,0
91255,0
91256,0
91257,0
91258,0
91259,0
91260,2
91261,0
91262,0
91263,0
91264,0
91265,0
91266,0
91267,0
91268,0
91269,0
91270,2
91271,0
91272,0
91273,1
91274,0
91275,2
91276,0
91277,0
91278,2
91279,2
91280,0
91281,0
91282,0
91283,0
91284,0
91285,0
91286,0
91287,0
91288,0
91289,0
91290,2
91291,0
91292,0
91293,1
91294,1
91295,0
91296,1
91297,1
91298,0
91299,0
91300,0
91301,0
91302,0
91303,0
91304,2
91305,0
91306,0
91307,1
91308,1
91309,0
91310,0
91311,0
91312,3
91313,0
91314,2
91315,0
91316,1
91317,1
91318,2
91319,4
91320,0
91321,1
91322,0
91323,0
91324,2
91325,0
91326,3
91327,0
91328,0
91329,0
91330,0
91331,0
91332,0
91333,6
91334,4
91335,0
91336,3
91337,0
91338,0
91339,0
91340,0
91341,1
91342,2
91343,0
91344,1
91345,0
91346,0
91347,0
91348,1
91349,0
91350,0
91351,0
91352,1
91353,1
91354,0
91355,0
91356,1
91357,0
91358,0
91359,2
91360,0
91361,0
91362,0
91363,0
91364,0
91365,0
91366,0
91367,0
91368,0
91369,3
91370,1
91371,5
91372,0
91373,0
91374,1
91375,0
91376,0
91377,0
91378,0
91379,0
91380,0
91381,0
91382,0
91383,0
91384,1
91385,0
91386,0
91387,0
91388,0
91389,0
91390,0
91391,0
91392,0
91393,0
91394,0
91395,0
91396,2
91397,0
91398,3
91399,0
91400,4
91401,0
91402,1
91403,0
91404,0
91405,0
91406,2
91407,1
91408,8
91409,0
91410,0
91411,0
91412,0
91413,2
91414,1
91415,0
91416,1
91417,1
91418,0
91419,0
91420,1
91421,1
91422,0
91423,1
91424,1
91425,0
91426,0
91427,0
91428,0
91429,0
91430,0
91431,1
91432,0
91433,0
91434,0
91435,0
91436,0
91437,1
91438,0
91439,0
91440,0
91441,0
91442,2
91443,1
91444,1
91445,0
91446,0
91447,1
91448,0
91449,0
91450,0
91451,0
91452,1
91453,0
91454,1
91455,0
91456,0
91457,1
91458,1
91459,0
91460,0
91461,0
91462,0
91463,2
91464,0
91465,1
91466,0
91467,0
91468,0
91469,0
91470,1
91471,2
91472,2
91473,1
91474,1
91475,3
91476,0
91477,1
91478,1
91479,0
91480,0
91481,0
91482,0
91483,1
91484,1
91485,0
91486,0
91487,0
91488,0
91489,1
91490,0
91491,1
91492,0
91493,4
91494,0
91495,0
91496,0
91497,1
91498,1
91499,1
91500,2
91501,1
91502,1
91503,0
91504,0
91505,0
91506,1
91507,0
91508,0
91509,0
91510,0
91511,1
91512,1
91513,0
91514,0
91515,0
91516,0
91517,0
91518,0
91519,0
91520,0
91521,0
91522,1
91523,2
91524,0
91525,0
91526,0
91527,0
91528,0
91529,0
91530,0
91531,0
91532,1
91533,1
91534,0
91535,0
91536,0
91537,0
91538,0
91539,0
91540,1
91541,1
91542,0
91543,0
91544,0
91545,2
91546,0
91547,0
91548,0
91549,0
91550,0
91551,0
91552,1
91553,1
91554,0
91555,0
91556,0
91557,0
91558,0
91559,0
91560,0
91561,0
91562,0
91563,0
91564,1
91565,1
91566,0
91567,0
91568,0
91569,0
91570,1
91571,0
91572,0
91573,0
91574,1
91575,5
91576,0
91577,1
91578,4
91579,0
91580,0
91581,0
91582,1
91583,0
91584,0
91585,0
91586,0
91587,1
91588,3
91589,1
91590,1
91591,1
91592,0
91593,0
91594,0
91595,0
91596,0
91597,0
91598,0
91599,0
91600,1
91601,1
91602,1
91603,1
91604,0
91605,0
91606,1
91607,0
91608,2
91609,0
91610,0
91611,0
91612,5
91613,0
91614,0
91615,0
91616,0
91617,0
91618,0
91619,2
91620,1
91621,0
91622,0
91623,0
91624,0
91625,0
91626,0
91627,0
91628,1
91629,0
91630,0
91631,1
91632,0
91633,3
91634,0
91635,0
91636,0
91637,1
91638,0
91639,0
91640,0
91641,1
91642,1
91643,0
91644,0
91645,2
91646,0
91647,1
91648,0
91649,0
91650,0
91651,0
91652,0
91653,0
91654,0
91655,0
91656,1
91657,0
91658,0
91659,4
91660,2
91661,0
91662,1
91663,0
91664,3
91665,0
91666,0
91667,0
91668,0
91669,5
91670,6
91671,2
91672,1
91673,2
91674,1
91675,0
91676,0
91677,5
91678,0
91679,0
91680,0
91681,2
91682,0
91683,0
91684,0
91685,0
91686,0
91687,1
91688,0
91689,0
91690,0
91691,0
91692,5
91693,1
91694,0
91695,1
91696,2
91697,8
91698,0
91699,0
91700,3
91701,1
91702,0
91703,0
91704,1
91705,4
91706,0
91707,0
91708,1
91709,1
91710,0
91711,0
91712,0
91713,0
91714,0
91715,2
91716,0
91717,1
91718,0
91719,0
91720,0
91721,0
91722,0
91723,0
91724,0
91725,0
91726,0
91727,0
91728,0
91729,0
91730,0
91731,1
91732,1
91733,3
91734,6
91735,2
91736,0
91737,0
91738,0
91739,0
91740,0
91741,0
91742,0
91743,0
91744,1
91745,0
91746,1
91747,0
91748,1
91749,0
91750,0
91751,0
91752,0
91753,0
91754,0
91755,0
91756,1
91757,0
91758,0
91759,0
91760,2
91761,0
91762,0
91763,0
91764,1
91765,2
91766,0
91767,2
91768,0
91769,0
91770,2
91771,0
91772,1
91773,2
91774,1
91775,6
91776,1
91777,1
91778,0
91779,0
91780,0
91781,0
91782,1
91783,0
91784,0
91785,0
91786,0
91787,0
91788,2
91789,1
91790,0
91791,1
91792,0
91793,0
91794,1
91795,0
91796,0
91797,0
91798,0
91799,0
91800,0
91801,1
91802,0
91803,0
91804,0
91805,0
91806,0
91807,0
91808,1
91809,0
91810,2
91811,0
91812,1
91813,0
91814,0
91815,0
91816,0
91817,0
91818,0
91819,0
91820,0
91821,0
91822,0
91823,0
91824,0
91825,0
91826,0
91827,0
91828,0
91829,0
91830,1
91831,0
91832,0
91833,0
91834,0
91835,1
91836,1
91837,0
91838,0
91839,0
91840,0
91841,0
91842,1
91843,0
91844,0
91845,0
91846,0
91847,0
91848,0
91849,0
91850,0
91851,0
91852,0
91853,1
91854,0
91855,0
91856,0
91857,0
91858,0
91859,0
91860,0
91861,0
91862,0
91863,0
91864,0
91865,0
91866,1
91867,0
91868,0
91869,0
91870,0
91871,0
91872,1
91873,0
91874,0
91875,0
91876,0
91877,1
91878,0
91879,1
91880,0
91881,0
91882,1
91883,0
91884,1
91885,0
91886,0
91887,1
91888,0
91889,0
91890,0
91891,0
91892,0
91893,0
91894,0
91895,0
91896,0
91897,0
91898,1
91899,0
91900,0
91901,0
91902,0
91903,0
91904,0
91905,0
91906,0
91907,0
91908,1
91909,0
91910,0
91911,0
91912,0
91913,1
91914,1
91915,0
91916,0
91917,0
91918,0
91919,0
91920,1
91921,0
91922,0
91923,0
91924,0
91925,0
91926,0
91927,0
91928,0
91929,2
91930,1
91931,1
91932,0
91933,2
91934,0
91935,0
91936,0
91937,0
91938,0
91939,2
91940,0
91941,0
91942,1
91943,0
91944,10
91945,0
91946,0
91947,0
91948,0
91949,0
91950,0
91951,0
91952,0
91953,8
91954,27
91955,0
91956,2
91957,1
91958,1
91959,10
91960,1
91961,19
91962,14
91963,0
91964,0
91965,0
91966,1
91967,0
91968,1
91969,2
91970,0
91971,0
91972,1
91973,0
91974,0
91975,0
91976,0
91977,0
91978,0
91979,0
91980,0
91981,0
91982,2
91983,0
91984,0
91985,0
91986,0
91987,0
91988,0
91989,0
91990,0
91991,0
91992,0
91993,0
91994,2
91995,3
91996,16
91997,0
91998,1
91999,0
92000,0
92001,0
92002,0
92003,0
92004,0
92005,0
92006,0
92007,0
92008,0
92009,1
92010,0
92011,0
92012,0
92013,0
92014,0
92015,0
92016,0
92017,0
92018,0
92019,0
92020,0
92021,1
92022,0
92023,1
92024,0
92025,0
92026,0
92027,0
92028,0
92029,0
92030,3
92031,0
92032,0
92033,0
92034,1
92035,2
92036,1
92037,0
92038,0
92039,0
92040,1
92041,0
92042,0
92043,0
92044,0
92045,2
92046,0
92047,0
92048,0
92049,1
92050,0
92051,0
92052,0
92053,0
92054,0
92055,0
92056,0
92057,1
92058,0
92059,0
92060,0
92061,2
92062,0
92063,0
92064,1
92065,1
92066,1
92067,0
92068,0
92069,0
92070,0
92071,0
92072,1
92073,0
92074,0
92075,0
92076,6
92077,1
92078,0
92079,0
92080,1
92081,0
92082,0
92083,1
92084,0
92085,0
92086,1
92087,2
92088,2
92089,0
92090,0
92091,1
92092,1
92093,1
92094,0
92095,1
92096,0
92097,0
92098,0
92099,1
92100,1
92101,0
92102,0
92103,0
92104,2
92105,0
92106,0
92107,0
92108,0
92109,0
92110,0
92111,4
92112,0
92113,6
92114,0
92115,0
92116,0
92117,0
92118,1
92119,1
92120,1
92121,2
92122,0
92123,0
92124,0
92125,0
92126,0
92127,0
92128,1
92129,2
92130,1
92131,0
92132,1
92133,1
92134,0
92135,1
92136,0
92137,3
92138,0
92139,1
92140,0
92141,0
92142,1
92143,0
92144,1
92145,0
92146,0
92147,2
92148,2
92149,1
92150,0
92151,1
92152,0
92153,0
92154,0
92155,0
92156,0
92157,0
92158,0
92159,0
92160,1
92161,0
92162,1
92163,1
92164,0
92165,0
92166,0
92167,2
92168,0
92169,0
92170,0
92171,0
92172,0
92173,0
92174,0
92175,1
92176,2
92177,1
92178,1
92179,1
92180,1
92181,3
92182,0
92183,1
92184,2
92185,0
92186,0
92187,0
92188,0
92189,3
92190,1
92191,1
92192,0
92193,1
92194,0
92195,0
92196,1
92197,1
92198,1
92199,0
92200,0
92201,0
92202,2
92203,1
92204,0
92205,0
92206,0
92207,2
92208,0
92209,0
92210,1
92211,1
92212,1
92213,3
92214,0
92215,0
92216,2
92217,1
92218,0
92219,0
92220,0
92221,0
92222,1
92223,0
92224,1
92225,0
92226,0
92227,1
92228,0
92229,0
92230,0
92231,0
92232,0
92233,0
92234,0
92235,0
92236,2
92237,0
92238,3
92239,0
92240,0
92241,0
92242,0
92243,0
92244,5
92245,1
92246,0
92247,0
92248,0
92249,1
92250,0
92251,0
92252,0
92253,1
92254,0
92255,2
92256,0
92257,0
92258,0
92259,0
92260,1
92261,0
92262,2
92263,0
92264,1
92265,0
92266,1
92267,1
92268,4
92269,1
92270,2
92271,0
92272,0
92273,0
92274,1
92275,1
92276,0
92277,0
92278,1
92279,0
92280,3
92281,1
92282,0
92283,0
92284,0
92285,0
92286,0
92287,0
92288,1
92289,0
92290,0
92291,0
92292,2
92293,1
92294,1
92295,2
92296,0
92297,0
92298,0
92299,4
92300,0
92301,0
92302,0
92303,0
92304,1
92305,0
92306,0
92307,0
92308,1
92309,0
92310,0
92311,0
92312,0
92313,1
92314,0
92315,0
92316,1
92317,0
92318,0
92319,0
92320,0
92321,1
92322,0
92323,0
92324,0
92325,0
92326,0
92327,1
92328,0
92329,0
92330,0
92331,0
92332,1
92333,0
92334,1
92335,0
92336,1
92337,0
92338,0
92339,0
92340,0
92341,0
92342,0
92343,1
92344,0
92345,1
92346,0
92347,1
92348,1
92349,0
92350,0
92351,0
92352,0
92353,0
92354,2
92355,0
92356,2
92357,0
92358,0
92359,0
92360,0
92361,0
92362,0
92363,0
92364,1
92365,0
92366,0
92367,0
92368,0
92369,0
92370,0
92371,0
92372,2
92373,1
92374,2
92375,0
92376,3
92377,0
92378,0
92379,0
92380,0
92381,0
92382,0
92383,0
92384,0
92385,0
92386,0
92387,0
92388,0
92389,1
92390,0
92391,0
92392,0
92393,0
92394,0
92395,0
92396,0
92397,2
92398,0
92399,2
92400,1
92401,3
92402,1
92403,1
92404,3
92405,0
92406,0
92407,0
92408,0
92409,2
92410,0
92411,0
92412,1
92413,0
92414,0
92415,0
92416,0
92417,1
92418,0
92419,0
92420,0
92421,0
92422,0
92423,0
92424,0
92425,0
92426,0
92427,0
92428,0
92429,0
92430,0
92431,0
92432,0
92433,0
92434,1
92435,1
92436,1
92437,1
92438,1
92439,0
92440,0
92441,0
92442,0
92443,0
92444,0
92445,0
92446,0
92447,1
92448,1
92449,0
92450,0
92451,0
92452,0
92453,1
92454,0
92455,0
92456,0
92457,1
92458,0
92459,0
92460,0
92461,0
92462,0
92463,0
92464,0
92465,0
92466,0
92467,0
92468,0
92469,0
92470,0
92471,0
92472,0
92473,0
92474,0
92475,0
92476,0
92477,0
92478,0
92479,0
92480,0
92481,0
92482,0
92483,0
92484,0
92485,0
92486,0
92487,0
92488,0
92489,0
92490,2
92491,0
92492,0
92493,3
92494,1
92495,3
92496,4
92497,0
92498,1
92499,0
92500,0
92501,0
92502,1
92503,0
92504,0
92505,0
92506,0
92507,0
92508,0
92509,1
92510,0
92511,0
92512,0
92513,1
92514,2
92515,0
92516,1
92517,2
92518,1
92519,1
92520,0
92521,1
92522,0
92523,0
92524,1
92525,0
92526,2
92527,0
92528,0
92529,0
92530,1
92531,0
92532,1
92533,0
92534,0
92535,0
92536,1
92537,0
92538,0
92539,0
92540,0
92541,0
92542,1
92543,0
92544,2
92545,1
92546,0
92547,1
92548,1
92549,0
92550,0
92551,0
92552,0
92553,1
92554,0
92555,2
92556,0
92557,0
92558,2
92559,0
92560,0
92561,0
92562,0
92563,5
92564,0
92565,1
92566,0
92567,0
92568,0
92569,1
92570,1
92571,0
92572,0
92573,1
92574,0
92575,0
92576,0
92577,0
92578,0
92579,0
92580,0
92581,0
92582,0
92583,0
92584,0
92585,0
92586,2
92587,0
92588,0
92589,0
92590,2
92591,3
92592,0
92593,0
92594,1
92595,1
92596,5
92597,1
92598,1
92599,2
92600,0
92601,0
92602,2
92603,0
92604,3
92605,0
92606,1
92607,0
92608,1
92609,0
92610,1
92611,1
92612,0
92613,1
92614,0
92615,1
92616,1
92617,4
92618,0
92619,0
92620,0
92621,0
92622,1
92623,0
92624,1
92625,0
92626,0
92627,0
92628,1
92629,1
92630,0
92631,1
92632,0
92633,0
92634,1
92635,3
92636,0
92637,1
92638,0
92639,2
92640,1
92641,1
92642,0
92643,0
92644,1
92645,0
92646,1
92647,1
92648,5
92649,1
92650,0
92651,2
92652,0
92653,0
92654,0
92655,0
92656,0
92657,1
92658,2
92659,0
92660,0
92661,1
92662,2
92663,1
92664,0
92665,0
92666,0
92667,0
92668,0
92669,0
92670,0
92671,0
92672,1
92673,2
92674,1
92675,0
92676,0
92677,0
92678,1
92679,0
92680,0
92681,1
92682,0
92683,0
92684,0
92685,0
92686,1
92687,0
92688,0
92689,0
92690,0
92691,3
92692,0
92693,0
92694,1
92695,0
92696,0
92697,1
92698,1
92699,0
92700,2
92701,0
92702,0
92703,2
92704,0
92705,0
92706,1
92707,0
92708,0
92709,0
92710,0
92711,0
92712,2
92713,1
92714,2
92715,1
92716,1
92717,0
92718,0
92719,0
92720,1
92721,0
92722,1
92723,0
92724,0
92725,0
92726,0
92727,0
92728,0
92729,3
92730,0
92731,0
92732,0
92733,0
92734,1
92735,0
92736,9
92737,1
92738,1
92739,2
92740,0
92741,0
92742,1
92743,0
92744,1
92745,0
92746,1
92747,1
92748,0
92749,0
92750,0
92751,0
92752,0
92753,1
92754,1
92755,0
92756,1
92757,0
92758,0
92759,0
92760,1
92761,1
92762,0
92763,0
92764,0
92765,0
92766,0
92767,1
92768,2
92769,0
92770,1
92771,0
92772,0
92773,0
92774,0
92775,0
92776,0
92777,0
92778,0
92779,0
92780,0
92781,0
92782,0
92783,0
92784,0
92785,0
92786,0
92787,0
92788,1
92789,1
92790,0
92791,1
92792,0
92793,1
92794,2
92795,4
92796,3
92797,1
92798,0
92799,0
92800,0
92801,3
92802,1
92803,0
92804,1
92805,4
92806,1
92807,0
92808,0
92809,0
92810,0
92811,0
92812,0
92813,0
92814,1
92815,2
92816,2
92817,0
92818,1
92819,1
92820,1
92821,0
92822,1
92823,0
92824,1
92825,0
92826,0
92827,0
92828,0
92829,2
92830,0
92831,0
92832,1
92833,0
92834,1
92835,2
92836,0
92837,1
92838,0
92839,0
92840,0
92841,1
92842,0
92843,0
92844,0
92845,0
92846,0
92847,1
92848,0
92849,0
92850,0
92851,1
92852,0
92853,0
92854,0
92855,0
92856,0
92857,0
92858,0
92859,0
92860,0
92861,0
92862,0
92863,0
92864,0
92865,0
92866,0
92867,1
92868,0
92869,0
92870,0
92871,0
92872,0
92873,3
92874,1
92875,2
92876,2
92877,0
92878,1
92879,0
92880,0
92881,0
92882,0
92883,1
92884,0
92885,0
92886,0
92887,0
92888,0
92889,2
92890,5
92891,4
92892,0
92893,2
92894,0
92895,1
92896,1
92897,1
92898,1
92899,0
92900,0
92901,1
92902,0
92903,1
92904,2
92905,0
92906,0
92907,3
92908,1
92909,3
92910,0
92911,0
92912,3
92913,0
92914,0
92915,0
92916,0
92917,0
92918,0
92919,0
92920,0
92921,0
92922,1
92923,0
92924,0
92925,0
92926,2
92927,0
92928,1
92929,1
92930,0
92931,0
92932,0
92933,0
92934,0
92935,0
92936,0
92937,0
92938,0
92939,0
92940,0
92941,1
92942,0
92943,1
92944,1
92945,0
92946,0
92947,1
92948,0
92949,0
92950,0
92951,0
92952,2
92953,0
92954,0
92955,0
92956,1
92957,0
92958,1
92959,3
92960,5
92961,3
92962,2
92963,0
92964,1
92965,0
92966,1
92967,0
92968,1
92969,3
92970,0
92971,1
92972,0
92973,0
92974,0
92975,0
92976,0
92977,1
92978,0
92979,1
92980,0
92981,0
92982,0
92983,0
92984,0
92985,0
92986,2
92987,1
92988,0
92989,0
92990,1
92991,0
92992,1
92993,0
92994,0
92995,0
92996,1
92997,1
92998,0
92999,0
93000,1
93001,0
93002,1
93003,2
93004,0
93005,2
93006,0
93007,0
93008,0
93009,0
93010,0
93011,1
93012,0
93013,0
93014,1
93015,1
93016,0
93017,1
93018,2
93019,2
93020,2
93021,1
93022,0
93023,0
93024,0
93025,0
93026,0
93027,0
93028,0
93029,0
93030,1
93031,0
93032,0
93033,0
93034,2
93035,0
93036,2
93037,0
93038,0
93039,1
93040,0
93041,0
93042,1
93043,0
93044,0
93045,0
93046,1
93047,0
93048,0
93049,0
93050,1
93051,0
93052,1
93053,0
93054,0
93055,1
93056,0
93057,1
93058,0
93059,0
93060,0
93061,2
93062,0
93063,0
93064,0
93065,0
93066,2
93067,0
93068,0
93069,0
93070,1
93071,1
93072,0
93073,0
93074,2
93075,0
93076,0
93077,1
93078,2
93079,4
93080,0
93081,1
93082,0
93083,2
93084,1
93085,0
93086,2
93087,1
93088,1
93089,0
93090,0
93091,1
93092,1
93093,0
93094,0
93095,0
93096,1
93097,0
93098,0
93099,0
93100,0
93101,0
93102,0
93103,1
93104,1
93105,0
93106,0
93107,2
93108,0
93109,2
93110,1
93111,0
93112,1
93113,0
93114,0
93115,0
93116,0
93117,3
93118,0
93119,0
93120,0
93121,2
93122,1
93123,0
93124,0
93125,0
93126,1
93127,0
93128,1
93129,0
93130,0
93131,0
93132,0
93133,0
93134,0
93135,0
93136,0
93137,0
93138,0
93139,0
93140,0
93141,1
93142,1
93143,1
93144,0
93145,0
93146,0
93147,0
93148,0
93149,0
93150,0
93151,0
93152,2
93153,0
93154,3
93155,0
93156,0
93157,0
93158,0
93159,0
93160,0
93161,0
93162,0
93163,0
93164,0
93165,0
93166,0
93167,0
93168,0
93169,0
93170,0
93171,0
93172,0
93173,0
93174,0
93175,0
93176,1
93177,0
93178,0
93179,0
93180,0
93181,0
93182,0
93183,3
93184,0
93185,0
93186,0
93187,0
93188,0
93189,0
93190,0
93191,0
93192,0
93193,0
93194,1
93195,0
93196,0
93197,0
93198,0
93199,1
93200,2
93201,0
93202,0
93203,0
93204,0
93205,0
93206,0
93207,2
93208,0
93209,0
93210,0
93211,1
93212,1
93213,0
93214,1
93215,0
93216,0
93217,0
93218,0
93219,0
93220,0
93221,0
93222,0
93223,0
93224,0
93225,2
93226,0
93227,0
93228,1
93229,0
93230,1
93231,0
93232,0
93233,0
93234,0
93235,1
93236,0
93237,1
93238,1
93239,1
93240,0
93241,1
93242,0
93243,1
93244,0
93245,0
93246,0
93247,0
93248,2
93249,0
93250,0
93251,0
93252,0
93253,0
93254,1
93255,3
93256,1
93257,0
93258,1
93259,2
93260,1
93261,1
93262,0
93263,1
93264,1
93265,1
93266,0
93267,1
93268,0
93269,1
93270,0
93271,0
93272,1
93273,1
93274,0
93275,1
93276,0
93277,2
93278,1
93279,0
93280,1
93281,0
93282,2
93283,1
93284,0
93285,1
93286,0
93287,0
93288,0
93289,1
93290,3
93291,0
93292,0
93293,0
93294,1
93295,0
93296,0
93297,0
93298,1
93299,1
93300,1
93301,0
93302,1
93303,0
93304,2
93305,0
93306,0
93307,0
93308,2
93309,0
93310,0
93311,0
93312,1
93313,0
93314,0
93315,0
93316,0
93317,0
93318,0
93319,0
93320,0
93321,1
93322,0
93323,0
93324,1
93325,0
93326,1
93327,0
93328,0
93329,0
93330,0
93331,0
93332,1
93333,0
93334,0
93335,0
93336,2
93337,0
93338,0
93339,1
93340,0
93341,0
93342,0
93343,0
93344,3
93345,0
93346,0
93347,1
93348,1
93349,0
93350,0
93351,0
93352,0
93353,0
93354,0
93355,2
93356,0
93357,0
93358,0
93359,2
93360,0
93361,0
93362,4
93363,0
93364,0
93365,1
93366,1
93367,1
93368,0
93369,0
93370,2
93371,0
93372,2
93373,0
93374,0
93375,0
93376,0
93377,0
93378,0
93379,0
93380,0
93381,0
93382,0
93383,0
93384,0
93385,0
93386,1
93387,0
93388,0
93389,0
93390,0
93391,0
93392,0
93393,0
93394,0
93395,0
93396,0
93397,0
93398,2
93399,0
93400,0
93401,2
93402,0
93403,4
93404,0
93405,0
93406,0
93407,1
93408,0
93409,0
93410,0
93411,0
93412,0
93413,1
93414,0
93415,1
93416,0
93417,0
93418,0
93419,0
93420,0
93421,1
93422,1
93423,0
93424,0
93425,0
93426,1
93427,1
93428,0
93429,2
93430,0
93431,1
93432,0
93433,0
93434,0
93435,2
93436,0
93437,0
93438,0
93439,4
93440,0
93441,0
93442,0
93443,0
93444,1
93445,1
93446,0
93447,0
93448,0
93449,1
93450,0
93451,0
93452,0
93453,0
93454,0
93455,0
93456,0
93457,0
93458,0
93459,0
93460,1
93461,0
93462,1
93463,2
93464,0
93465,0
93466,0
93467,0
93468,0
93469,0
93470,0
93471,0
93472,0
93473,1
93474,0
93475,0
93476,0
93477,0
93478,0
93479,0
93480,0
93481,1
93482,0
93483,0
93484,1
93485,0
93486,1
93487,0
93488,0
93489,0
93490,0
93491,0
93492,0
93493,0
93494,0
93495,0
93496,1
93497,0
93498,0
93499,0
93500,1
93501,0
93502,0
93503,0
93504,0
93505,0
93506,0
93507,0
93508,0
93509,0
93510,0
93511,0
93512,0
93513,2
93514,0
93515,1
93516,0
93517,1
93518,1
93519,0
93520,3
93521,0
93522,1
93523,0
93524,1
93525,0
93526,0
93527,0
93528,3
93529,1
93530,2
93531,0
93532,0
93533,0
93534,0
93535,1
93536,0
93537,0
93538,1
93539,0
93540,0
93541,0
93542,0
93543,0
93544,0
93545,0
93546,0
93547,0
93548,0
93549,0
93550,0
93551,0
93552,1
93553,0
93554,0
93555,0
93556,0
93557,0
93558,0
93559,0
93560,0
93561,2
93562,0
93563,0
93564,0
93565,1
93566,0
93567,0
93568,1
93569,4
93570,0
93571,0
93572,0
93573,1
93574,0
93575,1
93576,0
93577,0
93578,0
93579,1
93580,0
93581,0
93582,0
93583,1
93584,3
93585,0
93586,0
93587,0
93588,1
93589,0
93590,0
93591,3
93592,2
93593,6
93594,0
93595,0
93596,0
93597,3
93598,4
93599,12
93600,0
93601,0
93602,0
93603,0
93604,2
93605,2
93606,0
93607,1
93608,0
93609,1
93610,7
93611,0
93612,0
93613,0
93614,0
93615,0
93616,1
93617,2
93618,5
93619,1
93620,0
93621,0
93622,0
93623,1
93624,0
93625,2
93626,2
93627,1
93628,0
93629,0
93630,6
93631,1
93632,3
93633,0
93634,0
93635,0
93636,0
93637,1
93638,0
93639,1
93640,0
93641,0
93642,3
93643,3
93644,10
93645,1
93646,0
93647,0
93648,0
93649,0
93650,1
93651,0
93652,0
93653,0
93654,0
93655,1
93656,1
93657,0
93658,0
93659,0
93660,0
93661,0
93662,1
93663,1
93664,0
93665,1
93666,3
93667,0
93668,6
93669,2
93670,1
93671,2
93672,0
93673,0
93674,0
93675,0
93676,1
93677,0
93678,0
93679,0
93680,0
93681,0
93682,1
93683,0
93684,0
93685,2
93686,0
93687,0
93688,1
93689,0
93690,0
93691,3
93692,1
93693,0
93694,0
93695,2
93696,0
93697,0
93698,0
93699,0
93700,1
93701,0
93702,3
93703,2
93704,1
93705,1
93706,1
93707,2
93708,0
93709,0
93710,2
93711,0
93712,1
93713,0
93714,1
93715,2
93716,0
93717,0
93718,0
93719,0
93720,1
93721,0
93722,2
93723,1
93724,0
93725,0
93726,0
93727,1
93728,1
93729,0
93730,0
93731,1
93732,2
93733,1
93734,0
93735,0
93736,0
93737,0
93738,0
93739,0
93740,0
93741,2
93742,3
93743,0
93744,2
93745,0
93746,0
93747,0
93748,1
93749,2
93750,1
93751,2
93752,0
93753,0
93754,1
93755,0
93756,1
93757,1
93758,3
93759,1
93760,1
93761,3
93762,2
93763,1
93764,0
93765,0
93766,0
93767,0
93768,1
93769,0
93770,2
93771,5
93772,0
93773,3
93774,1
93775,1
93776,0
93777,0
93778,0
93779,0
93780,1
93781,1
93782,0
93783,1
93784,0
93785,0
93786,4
93787,0
93788,4
93789,0
93790,5
93791,2
93792,4
93793,1
93794,2
93795,0
93796,0
93797,0
93798,3
93799,1
93800,0
93801,0
93802,0
93803,0
93804,1
93805,3
93806,0
93807,0
93808,0
93809,0
93810,0
93811,0
93812,0
93813,2
93814,7
93815,2
93816,1
93817,4
93818,5
93819,2
93820,6
93821,0
93822,0
93823,1
93824,7
93825,1
93826,0
93827,4
93828,2
93829,2
93830,0
93831,1
93832,2
93833,0
93834,0
93835,6
93836,0
93837,1
93838,0
93839,0
93840,0
93841,0
93842,1
93843,6
93844,0
93845,0
93846,0
93847,0
93848,0
93849,0
93850,2
93851,2
93852,1
93853,0
93854,0
93855,0
93856,0
93857,2
93858,1
93859,0
93860,0
93861,0
93862,0
93863,0
93864,0
93865,0
93866,0
93867,0
93868,0
93869,1
93870,1
93871,0
93872,1
93873,1
93874,1
93875,0
93876,0
93877,1
93878,1
93879,2
93880,0
93881,0
93882,2
93883,0
93884,3
93885,1
93886,0
93887,0
93888,0
93889,0
93890,2
93891,3
93892,0
93893,0
93894,2
93895,0
93896,0
93897,0
93898,3
93899,1
93900,0
93901,0
93902,0
93903,0
93904,0
93905,0
93906,0
93907,0
93908,2
93909,0
93910,0
93911,1
93912,1
93913,1
93914,0
93915,2
93916,0
93917,0
93918,0
93919,0
93920,0
93921,0
93922,0
93923,0
93924,1
93925,0
93926,0
93927,0
93928,1
93929,0
93930,6
93931,1
93932,1
93933,0
93934,0
93935,0
93936,0
93937,0
93938,0
93939,2
93940,0
93941,1
93942,1
93943,0
93944,0
93945,2
93946,0
93947,0
93948,1
93949,0
93950,0
93951,1
93952,0
93953,0
93954,6
93955,0
93956,0
93957,1
93958,2
93959,1
93960,0
93961,0
93962,1
93963,0
93964,0
93965,0
93966,0
93967,0
93968,0
93969,1
93970,1
93971,1
93972,0
93973,1
93974,0
93975,0
93976,1
93977,0
93978,0
93979,0
93980,1
93981,0
93982,1
93983,0
93984,2
93985,1
93986,0
93987,0
93988,1
93989,1
93990,0
93991,0
93992,0
93993,1
93994,3
93995,1
93996,1
93997,1
93998,0
93999,4
94000,0
94001,0
94002,1
94003,0
94004,1
94005,0
94006,0
94007,0
94008,0
94009,0
94010,0
94011,0
94012,0
94013,0
94014,0
94015,0
94016,0
94017,0
94018,1
94019,0
94020,0
94021,0
94022,0
94023,0
94024,3
94025,0
94026,0
94027,1
94028,0
94029,3
94030,0
94031,1
94032,0
94033,0
94034,2
94035,0
94036,0
94037,0
94038,0
94039,3
94040,0
94041,1
94042,2
94043,0
94044,0
94045,0
94046,0
94047,0
94048,2
94049,0
94050,2
94051,0
94052,0
94053,0
94054,0
94055,0
94056,0
94057,0
94058,0
94059,0
94060,0
94061,0
94062,1
94063,1
94064,0
94065,0
94066,0
94067,0
94068,0
94069,0
94070,0
94071,0
94072,0
94073,0
94074,0
94075,1
94076,0
94077,0
94078,0
94079,0
94080,0
94081,1
94082,0
94083,0
94084,0
94085,1
94086,1
94087,0
94088,0
94089,0
94090,0
94091,0
94092,0
94093,0
94094,0
94095,0
94096,0
94097,0
94098,0
94099,0
94100,0
94101,1
94102,0
94103,0
94104,0
94105,1
94106,0
94107,0
94108,0
94109,2
94110,1
94111,0
94112,0
94113,0
94114,0
94115,0
94116,0
94117,0
94118,0
94119,0
94120,0
94121,0
94122,0
94123,0
94124,1
94125,0
94126,0
94127,0
94128,0
94129,0
94130,0
94131,0
94132,1
94133,0
94134,0
94135,0
94136,0
94137,0
94138,0
94139,0
94140,0
94141,0
94142,0
94143,2
94144,0
94145,0
94146,0
94147,0
94148,0
94149,0
94150,0
94151,0
94152,1
94153,0
94154,1
94155,0
94156,0
94157,0
94158,1
94159,1
94160,0
94161,0
94162,0
94163,0
94164,1
94165,0
94166,0
94167,1
94168,0
94169,0
94170,1
94171,1
94172,0
94173,0
94174,0
94175,0
94176,0
94177,1
94178,0
94179,0
94180,0
94181,0
94182,1
94183,2
94184,2
94185,5
94186,0
94187,0
94188,2
94189,1
94190,0
94191,1
94192,1
94193,0
94194,0
94195,0
94196,0
94197,0
94198,1
94199,0
94200,0
94201,0
94202,1
94203,0
94204,0
94205,0
94206,0
94207,2
94208,1
94209,1
94210,1
94211,0
94212,0
94213,1
94214,2
94215,3
94216,1
94217,0
94218,0
94219,0
94220,0
94221,0
94222,1
94223,2
94224,1
94225,1
94226,1
94227,0
94228,1
94229,0
94230,0
94231,0
94232,1
94233,2
94234,0
94235,0
94236,0
94237,1
94238,0
94239,0
94240,0
94241,0
94242,0
94243,1
94244,0
94245,0
94246,0
94247,0
94248,0
94249,0
94250,0
94251,1
94252,0
94253,0
94254,0
94255,0
94256,0
94257,0
94258,0
94259,0
94260,0
94261,0
94262,0
94263,1
94264,0
94265,0
94266,0
94267,1
94268,0
94269,0
94270,0
94271,0
94272,0
94273,0
94274,0
94275,0
94276,0
94277,0
94278,0
94279,1
94280,0
94281,0
94282,0
94283,0
94284,0
94285,0
94286,0
94287,0
94288,0
94289,0
94290,0
94291,0
94292,0
94293,1
94294,0
94295,0
94296,0
94297,1
94298,0
94299,0
94300,0
94301,0
94302,0
94303,0
94304,1
94305,1
94306,0
94307,0
94308,0
94309,0
94310,0
94311,0
94312,0
94313,1
94314,0
94315,0
94316,1
94317,0
94318,0
94319,1
94320,0
94321,0
94322,0
94323,0
94324,0
94325,1
94326,0
94327,0
94328,0
94329,0
94330,0
94331,0
94332,0
94333,0
94334,0
94335,0
94336,0
94337,0
94338,1
94339,2
94340,0
94341,0
94342,1
94343,0
94344,0
94345,3
94346,0
94347,2
94348,0
94349,0
94350,1
94351,0
94352,0
94353,1
94354,0
94355,1
94356,0
94357,0
94358,0
94359,0
94360,0
94361,0
94362,2
94363,0
94364,2
94365,0
94366,0
94367,0
94368,0
94369,1
94370,0
94371,1
94372,0
94373,2
94374,0
94375,0
94376,0
94377,0
94378,0
94379,0
94380,0
94381,0
94382,0
94383,0
94384,1
94385,0
94386,1
94387,0
94388,0
94389,1
94390,1
94391,1
94392,1
94393,3
94394,0
94395,0
94396,10
94397,1
94398,0
94399,3
94400,0
94401,0
94402,0
94403,0
94404,0
94405,0
94406,0
94407,1
94408,0
94409,0
94410,0
94411,0
94412,0
94413,0
94414,0
94415,0
94416,0
94417,0
94418,0
94419,0
94420,0
94421,0
94422,0
94423,0
94424,0
94425,0
94426,1
94427,0
94428,0
94429,0
94430,0
94431,1
94432,0
94433,0
94434,1
94435,1
94436,0
94437,0
94438,0
94439,0
94440,0
94441,0
94442,0
94443,0
94444,0
94445,1
94446,0
94447,0
94448,0
94449,0
94450,0
94451,0
94452,0
94453,0
94454,0
94455,0
94456,2
94457,0
94458,1
94459,0
94460,1
94461,0
94462,0
94463,0
94464,0
94465,0
94466,0
94467,0
94468,0
94469,0
94470,0
94471,1
94472,1
94473,0
94474,6
94475,0
94476,1
94477,5
94478,0
94479,1
94480,2
94481,3
94482,3
94483,0
94484,1
94485,0
94486,3
94487,0
94488,0
94489,2
94490,2
94491,0
94492,0
94493,0
94494,1
94495,0
94496,0
94497,0
94498,0
94499,1
94500,1
94501,0
94502,1
94503,0
94504,0
94505,0
94506,0
94507,0
94508,0
94509,1
94510,1
94511,1
94512,1
94513,0
94514,1
94515,0
94516,0
94517,0
94518,0
94519,0
94520,0
94521,0
94522,0
94523,0
94524,0
94525,0
94526,0
94527,1
94528,0
94529,0
94530,0
94531,0
94532,0
94533,0
94534,0
94535,0
94536,0
94537,0
94538,0
94539,0
94540,0
94541,3
94542,0
94543,0
94544,2
94545,1
94546,0
94547,0
94548,0
94549,0
94550,1
94551,2
94552,0
94553,1
94554,4
94555,0
94556,0
94557,0
94558,0
94559,0
94560,0
94561,0
94562,1
94563,1
94564,1
94565,0
94566,1
94567,0
94568,0
94569,0
94570,0
94571,1
94572,1
94573,0
94574,1
94575,0
94576,0
94577,0
94578,0
94579,0
94580,0
94581,18
94582,0
94583,0
94584,0
94585,4
94586,3
94587,3
94588,1
94589,0
94590,1
94591,0
94592,0
94593,0
94594,0
94595,0
94596,0
94597,0
94598,0
94599,0
94600,1
94601,0
94602,1
94603,0
94604,0
94605,0
94606,0
94607,1
94608,0
94609,0
94610,0
94611,1
94612,1
94613,0
94614,0
94615,0
94616,0
94617,1
94618,0
94619,0
94620,1
94621,0
94622,0
94623,0
94624,1
94625,0
94626,0
94627,0
94628,1
94629,1
94630,0
94631,0
94632,2
94633,1
94634,0
94635,0
94636,1
94637,0
94638,0
94639,1
94640,0
94641,0
94642,1
94643,0
94644,1
94645,0
94646,0
94647,0
94648,2
94649,0
94650,1
94651,0
94652,2
94653,0
94654,2
94655,2
94656,1
94657,0
94658,1
94659,0
94660,0
94661,0
94662,0
94663,0
94664,0
94665,0
94666,1
94667,0
94668,0
94669,0
94670,0
94671,0
94672,0
94673,0
94674,0
94675,0
94676,0
94677,0
94678,0
94679,0
94680,1
94681,1
94682,1
94683,0
94684,1
94685,0
94686,0
94687,0
94688,1
94689,3
94690,5
94691,6
94692,0
94693,2
94694,0
94695,0
94696,2
94697,1
94698,0
94699,2
94700,0
94701,0
94702,3
94703,3
94704,3
94705,0
94706,0
94707,0
94708,1
94709,2
94710,0
94711,3
94712,3
94713,1
94714,5
94715,0
94716,1
94717,3
94718,1
94719,1
94720,0
94721,0
94722,0
94723,0
94724,0
94725,0
94726,0
94727,0
94728,0
94729,2
94730,0
94731,0
94732,1
94733,0
94734,0
94735,0
94736,0
94737,0
94738,0
94739,0
94740,0
94741,2
94742,0
94743,0
94744,0
94745,0
94746,0
94747,0
94748,0
94749,2
94750,0
94751,0
94752,0
94753,0
94754,0
94755,0
94756,0
94757,0
94758,0
94759,0
94760,0
94761,0
94762,0
94763,0
94764,0
94765,0
94766,0
94767,0
94768,1
94769,0
94770,2
94771,0
94772,0
94773,0
94774,3
94775,0
94776,1
94777,0
94778,0
94779,0
94780,0
94781,0
94782,0
94783,0
94784,0
94785,0
94786,0
94787,0
94788,0
94789,0
94790,1
94791,0
94792,0
94793,0
94794,0
94795,0
94796,1
94797,0
94798,0
94799,0
94800,0
94801,0
94802,0
94803,0
94804,0
94805,1
94806,2
94807,2
94808,0
94809,13
94810,4
94811,0
94812,2
94813,0
94814,1
94815,2
94816,0
94817,2
94818,0
94819,0
94820,1
94821,0
94822,0
94823,0
94824,0
94825,0
94826,1
94827,1
94828,0
94829,0
94830,0
94831,2
94832,1
94833,1
94834,1
94835,0
94836,0
94837,1
94838,1
94839,0
94840,0
94841,0
94842,0
94843,0
94844,0
94845,0
94846,0
94847,0
94848,0
94849,0
94850,1
94851,0
94852,0
94853,0
94854,0
94855,0
94856,0
94857,0
94858,0
94859,0
94860,0
94861,0
94862,0
94863,0
94864,0
94865,0
94866,0
94867,0
94868,0
94869,0
94870,0
94871,0
94872,0
94873,0
94874,0
94875,0
94876,0
94877,0
94878,0
94879,0
94880,0
94881,0
94882,0
94883,0
94884,0
94885,0
94886,0
94887,2
94888,1
94889,0
94890,1
94891,0
94892,1
94893,2
94894,1
94895,0
94896,0
94897,5
94898,4
94899,2
94900,1
94901,0
94902,0
94903,0
94904,0
94905,2
94906,0
94907,1
94908,2
94909,2
94910,0
94911,1
94912,0
94913,1
94914,0
94915,3
94916,0
94917,1
94918,0
94919,0
94920,0
94921,0
94922,0
94923,0
94924,0
94925,0
94926,0
94927,1
94928,1
94929,0
94930,0
94931,0
94932,1
94933,0
94934,0
94935,0
94936,0
94937,1
94938,0
94939,0
94940,0
94941,0
94942,0
94943,0
94944,0
94945,0
94946,0
94947,0
94948,0
94949,4
94950,0
94951,0
94952,0
94953,0
94954,0
94955,0
94956,2
94957,0
94958,0
94959,0
94960,0
94961,0
94962,0
94963,0
94964,0
94965,0
94966,0
94967,0
94968,0
94969,0
94970,0
94971,0
94972,2
94973,2
94974,2
94975,1
94976,0
94977,2
94978,1
94979,2
94980,1
94981,1
94982,0
94983,9
94984,0
94985,0
94986,0
94987,0
94988,0
94989,0
94990,0
94991,6
94992,4
94993,2
94994,9
94995,3
94996,2
94997,2
94998,0
94999,1
95000,4
95001,1
95002,7
95003,0
95004,1
95005,0
95006,2
95007,0
95008,0
95009,0
95010,0
95011,0
95012,0
95013,1
95014,0
95015,0
95016,1
95017,0
95018,0
95019,2
95020,1
95021,0
95022,1
95023,0
95024,0
95025,0
95026,0
95027,0
95028,0
95029,0
95030,0
95031,1
95032,2
95033,2
95034,0
95035,1
95036,1
95037,0
95038,0
95039,0
95040,0
95041,2
95042,0
95043,2
95044,0
95045,0
95046,0
95047,1
95048,0
95049,0
95050,0
95051,0
95052,0
95053,0
95054,0
95055,0
95056,0
95057,0
95058,0
95059,0
95060,0
95061,0
95062,0
95063,0
95064,0
95065,3
95066,1
95067,0
95068,0
95069,0
95070,7
95071,0
95072,0
95073,0
95074,0
95075,0
95076,0
95077,0
95078,0
95079,0
95080,0
95081,0
95082,0
95083,0
95084,0
95085,1
95086,0
95087,0
95088,0
95089,0
95090,0
95091,0
95092,0
95093,1
95094,0
95095,0
95096,0
95097,0
95098,0
95099,1
95100,0
95101,1
95102,0
95103,0
95104,0
95105,0
95106,0
95107,0
95108,0
95109,1
95110,1
95111,0
95112,0
95113,0
95114,0
95115,0
95116,0
95117,0
95118,0
95119,0
95120,2
95121,0
95122,0
95123,0
95124,0
95125,0
95126,0
95127,1
95128,0
95129,0
95130,1
95131,0
95132,0
95133,0
95134,1
95135,0
95136,0
95137,0
95138,0
95139,0
95140,3
95141,0
95142,2
95143,0
95144,0
95145,0
95146,2
95147,0
95148,0
95149,0
95150,0
95151,0
95152,0
95153,0
95154,0
95155,2
95156,0
95157,0
95158,3
95159,2
95160,0
95161,2
95162,5
95163,1
95164,0
95165,1
95166,0
95167,2
95168,0
95169,0
95170,0
95171,0
95172,1
95173,1
95174,1
95175,0
95176,0
95177,0
95178,1
95179,0
95180,0
95181,1
95182,0
95183,0
95184,1
95185,1
95186,0
95187,0
95188,0
95189,0
95190,0
95191,0
95192,0
95193,0
95194,0
95195,0
95196,0
95197,0
95198,0
95199,0
95200,0
95201,0
95202,3
95203,0
95204,0
95205,1
95206,0
95207,0
95208,0
95209,0
95210,0
95211,0
95212,1
95213,0
95214,0
95215,1
95216,0
95217,3
95218,0
95219,0
95220,0
95221,0
95222,1
95223,3
95224,0
95225,0
95226,5
95227,1
95228,0
95229,0
95230,0
95231,3
95232,20
95233,0
95234,2
95235,4
95236,2
95237,3
95238,0
95239,0
95240,0
95241,0
95242,0
95243,0
95244,0
95245,2
95246,0
95247,0
95248,0
95249,0
95250,0
95251,0
95252,0
95253,0
95254,0
95255,1
95256,0
95257,1
95258,0
95259,0
95260,0
95261,1
95262,1
95263,0
95264,2
95265,1
95266,2
95267,0
95268,0
95269,0
95270,0
95271,0
95272,0
95273,1
95274,1
95275,0
95276,0
95277,0
95278,0
95279,0
95280,0
95281,6
95282,0
95283,0
95284,0
95285,0
95286,1
95287,1
95288,0
95289,0
95290,0
95291,0
95292,0
95293,1
95294,0
95295,0
95296,0
95297,4
95298,1
95299,0
95300,0
95301,0
95302,0
95303,1
95304,0
95305,0
95306,1
95307,1
95308,0
95309,0
95310,0
95311,1
95312,0
95313,0
95314,0
95315,0
95316,0
95317,1
95318,1
95319,1
95320,0
95321,0
95322,0
95323,0
95324,0
95325,0
95326,0
95327,0
95328,0
95329,0
95330,0
95331,1
95332,0
95333,0
95334,0
95335,0
95336,0
95337,0
95338,1
95339,0
95340,0
95341,0
95342,0
95343,1
95344,0
95345,0
95346,2
95347,0
95348,0
95349,0
95350,0
95351,1
95352,0
95353,2
95354,0
95355,0
95356,0
95357,0
95358,0
95359,0
95360,1
95361,0
95362,0
95363,0
95364,0
95365,0
95366,0
95367,1
95368,0
95369,1
95370,1
95371,0
95372,0
95373,1
95374,0
95375,0
95376,7
95377,0
95378,0
95379,0
95380,0
95381,0
95382,0
95383,0
95384,0
95385,0
95386,0
95387,0
95388,0
95389,1
95390,1
95391,1
95392,0
95393,0
95394,0
95395,0
95396,0
95397,2
95398,0
95399,0
95400,1
95401,0
95402,0
95403,1
95404,1
95405,0
95406,0
95407,0
95408,0
95409,1
95410,0
95411,0
95412,2
95413,1
95414,0
95415,0
95416,0
95417,4
95418,1
95419,1
95420,0
95421,0
95422,1
95423,2
95424,0
95425,1
95426,11
95427,0
95428,0
95429,0
95430,0
95431,0
95432,1
95433,0
95434,1
95435,1
95436,5
95437,2
95438,0
95439,2
95440,0
95441,4
95442,2
95443,0
95444,1
95445,0
95446,0
95447,0
95448,0
95449,0
95450,1
95451,2
95452,0
95453,2
95454,0
95455,0
95456,1
95457,2
95458,3
95459,1
95460,0
95461,0
95462,1
95463,0
95464,0
95465,0
95466,0
95467,1
95468,1
95469,0
95470,1
95471,0
95472,0
95473,0
95474,0
95475,0
95476,0
95477,0
95478,0
95479,1
95480,2
95481,0
95482,1
95483,0
95484,0
95485,0
95486,0
95487,0
95488,1
95489,2
95490,0
95491,3
95492,5
95493,0
95494,4
95495,0
95496,0
95497,0
95498,0
95499,0
95500,2
95501,1
95502,0
95503,0
95504,0
95505,0
95506,0
95507,0
95508,0
95509,1
95510,0
95511,2
95512,0
95513,0
95514,3
95515,0
95516,9
95517,7
95518,3
95519,0
95520,0
95521,1
95522,0
95523,0
95524,1
95525,0
95526,0
95527,0
95528,0
95529,1
95530,0
95531,0
95532,0
95533,0
95534,0
95535,0
95536,0
95537,0
95538,1
95539,0
95540,1
95541,1
95542,0
95543,0
95544,0
95545,0
95546,1
95547,0
95548,0
95549,0
95550,1
95551,0
95552,0
95553,0
95554,1
95555,1
95556,0
95557,4
95558,2
95559,1
95560,0
95561,0
95562,1
95563,0
95564,0
95565,0
95566,0
95567,0
95568,1
95569,0
95570,1
95571,0
95572,0
95573,0
95574,2
95575,1
95576,0
95577,1
95578,0
95579,0
95580,1
95581,0
95582,0
95583,1
95584,0
95585,0
95586,0
95587,0
95588,2
95589,0
95590,1
95591,0
95592,0
95593,0
95594,1
95595,5
95596,0
95597,0
95598,0
95599,0
95600,0
95601,0
95602,0
95603,1
95604,0
95605,0
95606,0
95607,0
95608,0
95609,0
95610,0
95611,1
95612,0
95613,0
95614,1
95615,0
95616,0
95617,0
95618,0
95619,0
95620,1
95621,0
95622,1
95623,0
95624,0
95625,0
95626,0
95627,0
95628,0
95629,0
95630,0
95631,0
95632,0
95633,0
95634,0
95635,0
95636,1
95637,0
95638,1
95639,0
95640,49
95641,2
95642,0
95643,1
95644,1
95645,0
95646,2
95647,1
95648,0
95649,0
95650,0
95651,0
95652,0
95653,1
95654,1
95655,0
95656,0
95657,0
95658,0
95659,0
95660,0
95661,0
95662,0
95663,0
95664,0
95665,0
95666,0
95667,0
95668,0
95669,0
95670,0
95671,0
95672,0
95673,0
95674,0
95675,0
95676,0
95677,0
95678,0
95679,0
95680,0
95681,0
95682,0
95683,0
95684,1
95685,0
95686,1
95687,1
95688,0
95689,0
95690,0
95691,3
95692,1
95693,2
95694,2
95695,0
95696,1
95697,1
95698,0
95699,0
95700,0
95701,0
95702,0
95703,0
95704,0
95705,0
95706,0
95707,1
95708,0
95709,1
95710,0
95711,0
95712,0
95713,0
95714,0
95715,0
95716,0
95717,0
95718,0
95719,0
95720,0
95721,0
95722,0
95723,0
95724,2
95725,0
95726,1
95727,1
95728,1
95729,0
95730,0
95731,1
95732,0
95733,3
95734,0
95735,1
95736,0
95737,1
95738,0
95739,0
95740,0
95741,0
95742,0
95743,1
95744,1
95745,0
95746,0
95747,0
95748,0
95749,0
95750,1
95751,0
95752,1
95753,0
95754,0
95755,0
95756,0
95757,0
95758,0
95759,0
95760,0
95761,0
95762,0
95763,0
95764,0
95765,1
95766,0
95767,0
95768,0
95769,0
95770,0
95771,0
95772,0
95773,1
95774,0
95775,0
95776,0
95777,1
95778,0
95779,4
95780,0
95781,0
95782,1
95783,0
95784,0
95785,0
95786,0
95787,0
95788,0
95789,0
95790,0
95791,0
95792,0
95793,0
95794,0
95795,0
95796,0
95797,0
95798,0
95799,0
95800,0
95801,0
95802,0
95803,1
95804,0
95805,0
95806,0
95807,0
95808,0
95809,1
95810,1
95811,0
95812,0
95813,0
95814,0
95815,0
95816,1
95817,1
95818,0
95819,9
95820,3
95821,1
95822,3
95823,1
95824,8
95825,0
95826,13
95827,18
95828,0
95829,0
95830,1
95831,0
95832,0
95833,13
95834,18
95835,1
95836,1
95837,2
95838,0
95839,0
95840,0
95841,0
95842,1
95843,0
95844,1
95845,1
95846,1
95847,0
95848,0
95849,0
95850,0
95851,0
95852,0
95853,0
95854,0
95855,0
95856,0
95857,0
95858,0
95859,0
95860,2
95861,0
95862,0
95863,0
95864,3
95865,0
95866,1
95867,0
95868,0
95869,0
95870,0
95871,0
95872,0
95873,1
95874,0
95875,1
95876,0
95877,2
95878,0
95879,1
95880,1
95881,0
95882,1
95883,0
95884,0
95885,0
95886,0
95887,0
95888,0
95889,0
95890,0
95891,0
95892,0
95893,0
95894,0
95895,1
95896,1
95897,0
95898,1
95899,1
95900,1
95901,0
95902,1
95903,0
95904,2
95905,0
95906,0
95907,0
95908,0
95909,0
95910,0
95911,1
95912,2
95913,1
95914,0
95915,0
95916,0
95917,0
95918,0
95919,0
95920,0
95921,0
95922,0
95923,0
95924,26
95925,1
95926,3
95927,60
95928,1
95929,0
95930,0
95931,0
95932,0
95933,0
95934,0
95935,0
95936,0
95937,0
95938,1
95939,0
95940,0
95941,0
95942,0
95943,0
95944,0
95945,1
95946,0
95947,0
95948,0
95949,1
95950,0
95951,0
95952,0
95953,1
95954,1
95955,0
95956,0
95957,0
95958,0
95959,0
95960,1
95961,2
95962,6
95963,0
95964,0
95965,1
95966,0
95967,3
95968,4
95969,0
95970,1
95971,0
95972,0
95973,13
95974,1
95975,1
95976,1
95977,0
95978,0
95979,0
95980,0
95981,1
95982,0
95983,0
95984,0
95985,0
95986,0
95987,1
95988,5
95989,1
95990,0
95991,12
95992,0
95993,0
95994,1
95995,1
95996,1
95997,1
95998,6
95999,0
96000,0
96001,0
96002,0
96003,1
96004,0
96005,0
96006,0
96007,0
96008,0
96009,0
96010,1
96011,1
96012,2
96013,0
96014,1
96015,0
96016,0
96017,2
96018,0
96019,1
96020,1
96021,2
96022,0
96023,0
96024,2
96025,0
96026,0
96027,1
96028,0
96029,0
96030,0
96031,2
96032,0
96033,0
96034,0
96035,1
96036,1
96037,0
96038,0
96039,3
96040,1
96041,47
96042,2
96043,4
96044,3
96045,4
96046,1
96047,0
96048,4
96049,2
96050,3
96051,1
96052,1
96053,15
96054,2
96055,5
96056,3
96057,6
96058,0
96059,2
96060,0
96061,1
96062,3
96063,3
96064,1
96065,0
96066,0
96067,1
96068,0
96069,2
96070,1
96071,0
96072,0
96073,0
96074,0
96075,0
96076,1
96077,1
96078,0
96079,0
96080,0
96081,1
96082,1
96083,0
96084,0
96085,0
96086,0
96087,0
96088,1
96089,0
96090,1
96091,0
96092,0
96093,0
96094,0
96095,3
96096,0
96097,0
96098,0
96099,1
96100,0
96101,0
96102,0
96103,1
96104,1
96105,0
96106,0
96107,0
96108,1
96109,0
96110,0
96111,0
96112,0
96113,2
96114,1
96115,1
96116,1
96117,0
96118,0
96119,0
96120,0
96121,0
96122,1
96123,0
96124,0
96125,3
96126,11
96127,7
96128,0
96129,0
96130,0
96131,0
96132,1
96133,2
96134,0
96135,0
96136,0
96137,0
96138,0
96139,2
96140,0
96141,1
96142,0
96143,2
96144,1
96145,0
96146,12
96147,1
96148,3
96149,6
96150,3
96151,0
96152,0
96153,0
96154,0
96155,0
96156,1
96157,0
96158,3
96159,3
96160,8
96161,1
96162,0
96163,0
96164,0
96165,0
96166,0
96167,0
96168,1
96169,0
96170,0
96171,0
96172,0
96173,0
96174,7
96175,3
96176,2
96177,0
96178,1
96179,0
96180,4
96181,0
96182,0
96183,1
96184,0
96185,0
96186,0
96187,1
96188,12
96189,16
96190,2
96191,0
96192,0
96193,0
96194,0
96195,7
96196,2
96197,4
96198,0
96199,0
96200,0
96201,0
96202,1
96203,0
96204,0
96205,0
96206,1
96207,0
96208,1
96209,0
96210,1
96211,0
96212,2
96213,2
96214,0
96215,1
96216,0
96217,0
96218,0
96219,0
96220,0
96221,1
96222,0
96223,0
96224,0
96225,0
96226,0
96227,0
96228,0
96229,0
96230,0
96231,0
96232,0
96233,0
96234,4
96235,0
96236,0
96237,1
96238,0
96239,0
96240,0
96241,1
96242,2
96243,0
96244,0
96245,0
96246,0
96247,0
96248,0
96249,0
96250,0
96251,0
96252,1
96253,1
96254,0
96255,1
96256,0
96257,0
96258,0
96259,0
96260,2
96261,0
96262,15
96263,0
96264,0
96265,1
96266,11
96267,0
96268,1
96269,0
96270,0
96271,0
96272,0
96273,0
96274,1
96275,0
96276,2
96277,0
96278,2
96279,0
96280,0
96281,3
96282,1
96283,1
96284,0
96285,0
96286,0
96287,0
96288,0
96289,0
96290,0
96291,0
96292,0
96293,0
96294,0
96295,0
96296,0
96297,1
96298,0
96299,0
96300,0
96301,0
96302,1
96303,0
96304,1
96305,0
96306,4
96307,0
96308,1
96309,0
96310,1
96311,0
96312,0
96313,1
96314,1
96315,4
96316,0
96317,6
96318,2
96319,1
96320,1
96321,1
96322,0
96323,0
96324,0
96325,3
96326,0
96327,0
96328,1
96329,0
96330,2
96331,1
96332,6
96333,0
96334,0
96335,0
96336,0
96337,0
96338,1
96339,1
96340,1
96341,0
96342,0
96343,3
96344,0
96345,0
96346,0
96347,0
96348,0
96349,0
96350,0
96351,0
96352,0
96353,0
96354,0
96355,1
96356,0
96357,1
96358,7
96359,0
96360,2
96361,1
96362,6
96363,3
96364,0
96365,0
96366,1
96367,0
96368,0
96369,2
96370,0
96371,0
96372,1
96373,0
96374,0
96375,0
96376,0
96377,0
96378,1
96379,0
96380,2
96381,6
96382,2
96383,1
96384,0
96385,0
96386,1
96387,3
96388,1
96389,1
96390,1
96391,1
96392,0
96393,0
96394,0
96395,16
96396,0
96397,2
96398,2
96399,2
96400,1
96401,2
96402,1
96403,1
96404,5
96405,0
96406,1
96407,9
96408,0
96409,0
96410,15
96411,1
96412,2
96413,0
96414,8
96415,1
96416,1
96417,0
96418,0
96419,0
96420,0
96421,0
96422,0
96423,0
96424,0
96425,2
96426,0
96427,0
96428,0
96429,0
96430,0
96431,0
96432,0
96433,0
96434,0
96435,0
96436,1
96437,0
96438,0
96439,2
96440,0
96441,0
96442,2
96443,0
96444,1
96445,0
96446,3
96447,1
96448,1
96449,2
96450,0
96451,0
96452,6
96453,0
96454,0
96455,1
96456,0
96457,3
96458,3
96459,1
96460,8
96461,0
96462,0
96463,0
96464,0
96465,0
96466,0
96467,0
96468,2
96469,0
96470,3
96471,3
96472,1
96473,1
96474,2
96475,0
96476,0
96477,0
96478,0
96479,0
96480,1
96481,2
96482,1
96483,1
96484,1
96485,0
96486,3
96487,0
96488,1
96489,0
96490,0
96491,0
96492,0
96493,0
96494,0
96495,0
96496,0
96497,0
96498,0
96499,0
96500,0
96501,0
96502,0
96503,0
96504,1
96505,0
96506,1
96507,0
96508,0
96509,0
96510,0
96511,1
96512,0
96513,0
96514,0
96515,1
96516,0
96517,0
96518,0
96519,0
96520,0
96521,0
96522,0
96523,0
96524,0
96525,0
96526,0
96527,0
96528,0
96529,0
96530,0
96531,0
96532,0
96533,0
96534,0
96535,0
96536,0
96537,0
96538,0
96539,0
96540,0
96541,0
96542,0
96543,1
96544,0
96545,1
96546,0
96547,0
96548,0
96549,0
96550,0
96551,1
96552,0
96553,0
96554,0
96555,0
96556,0
96557,0
96558,0
96559,0
96560,0
96561,1
96562,0
96563,0
96564,0
96565,1
96566,0
96567,0
96568,0
96569,0
96570,0
96571,1
96572,0
96573,0
96574,0
96575,0
96576,0
96577,0
96578,2
96579,0
96580,0
96581,0
96582,1
96583,1
96584,0
96585,0
96586,0
96587,0
96588,0
96589,1
96590,0
96591,0
96592,2
96593,0
96594,0
96595,0
96596,0
96597,0
96598,0
96599,0
96600,0
96601,2
96602,0
96603,0
96604,0
96605,0
96606,0
96607,0
96608,0
96609,2
96610,3
96611,0
96612,1
96613,0
96614,1
96615,0
96616,0
96617,0
96618,1
96619,0
96620,0
96621,0
96622,0
96623,0
96624,0
96625,0
96626,0
96627,0
96628,0
96629,0
96630,1
96631,0
96632,1
96633,0
96634,0
96635,0
96636,0
96637,0
96638,0
96639,0
96640,0
96641,1
96642,11
96643,1
96644,0
96645,0
96646,0
96647,0
96648,1
96649,0
96650,0
96651,0
96652,0
96653,0
96654,1
96655,0
96656,1
96657,1
96658,0
96659,0
96660,0
96661,0
96662,0
96663,1
96664,1
96665,2
96666,1
96667,0
96668,2
96669,1
96670,2
96671,0
96672,0
96673,0
96674,1
96675,0
96676,2
96677,1
96678,1
96679,0
96680,1
96681,0
96682,1
96683,1
96684,2
96685,1
96686,2
96687,0
96688,0
96689,4
96690,1
96691,1
96692,0
96693,0
96694,0
96695,1
96696,1
96697,0
96698,0
96699,0
96700,0
96701,0
96702,0
96703,0
96704,0
96705,0
96706,0
96707,4
96708,3
96709,3
96710,0
96711,1
96712,0
96713,0
96714,0
96715,1
96716,0
96717,1
96718,0
96719,1
96720,1
96721,0
96722,0
96723,0
96724,0
96725,0
96726,0
96727,1
96728,1
96729,1
96730,0
96731,0
96732,1
96733,0
96734,0
96735,1
96736,0
96737,0
96738,0
96739,0
96740,0
96741,1
96742,0
96743,0
96744,1
96745,0
96746,0
96747,0
96748,0
96749,0
96750,0
96751,1
96752,0
96753,1
96754,0
96755,0
96756,3
96757,0
96758,0
96759,1
96760,0
96761,0
96762,0
96763,1
96764,0
96765,0
96766,0
96767,0
96768,0
96769,0
96770,0
96771,0
96772,0
96773,0
96774,0
96775,0
96776,1
96777,0
96778,1
96779,0
96780,1
96781,0
96782,0
96783,2
96784,2
96785,1
96786,3
96787,0
96788,0
96789,0
96790,0
96791,1
96792,0
96793,0
96794,0
96795,0
96796,0
96797,0
96798,0
96799,1
96800,1
96801,0
96802,0
96803,0
96804,0
96805,0
96806,0
96807,0
96808,0
96809,1
96810,2
96811,1
96812,2
96813,1
96814,0
96815,0
96816,2
96817,0
96818,0
96819,0
96820,0
96821,0
96822,0
96823,0
96824,0
96825,0
96826,0
96827,0
96828,0
96829,1
96830,1
96831,0
96832,2
96833,0
96834,0
96835,0
96836,0
96837,2
96838,0
96839,0
96840,0
96841,0
96842,0
96843,0
96844,0
96845,0
96846,1
96847,1
96848,4
96849,0
96850,6
96851,1
96852,0
96853,0
96854,6
96855,0
96856,1
96857,2
96858,0
96859,0
96860,0
96861,0
96862,0
96863,0
96864,1
96865,0
96866,1
96867,0
96868,0
96869,0
96870,0
96871,0
96872,0
96873,0
96874,0
96875,1
96876,0
96877,0
96878,0
96879,1
96880,0
96881,1
96882,0
96883,0
96884,0
96885,1
96886,0
96887,0
96888,0
96889,0
96890,5
96891,0
96892,0
96893,0
96894,0
96895,0
96896,0
96897,0
96898,0
96899,3
96900,2
96901,0
96902,5
96903,1
96904,1
96905,2
96906,1
96907,0
96908,0
96909,0
96910,3
96911,0
96912,1
96913,0
96914,0
96915,0
96916,1
96917,0
96918,1
96919,2
96920,0
96921,2
96922,0
96923,0
96924,0
96925,1
96926,0
96927,3
96928,0
96929,0
96930,0
96931,1
96932,0
96933,0
96934,0
96935,0
96936,0
96937,0
96938,0
96939,0
96940,0
96941,0
96942,0
96943,0
96944,2
96945,1
96946,0
96947,0
96948,1
96949,0
96950,0
96951,0
96952,1
96953,0
96954,0
96955,2
96956,1
96957,2
96958,1
96959,0
96960,1
96961,0
96962,1
96963,0
96964,1
96965,0
96966,0
96967,1
96968,1
96969,0
96970,0
96971,1
96972,1
96973,0
96974,0
96975,0
96976,3
96977,0
96978,1
96979,1
96980,2
96981,0
96982,1
96983,1
96984,0
96985,0
96986,0
96987,1
96988,1
96989,0
96990,0
96991,1
96992,0
96993,0
96994,0
96995,2
96996,0
96997,0
96998,0
96999,1
97000,0
97001,0
97002,0
97003,0
97004,0
97005,0
97006,0
97007,0
97008,0
97009,0
97010,0
97011,0
97012,1
97013,0
97014,3
97015,1
97016,0
97017,0
97018,0
97019,0
97020,0
97021,0
97022,0
97023,1
97024,1
97025,0
97026,0
97027,1
97028,1
97029,2
97030,1
97031,0
97032,0
97033,0
97034,0
97035,1
97036,1
97037,0
97038,0
97039,3
97040,3
97041,0
97042,2
97043,0
97044,1
97045,0
97046,1
97047,0
97048,1
97049,0
97050,1
97051,1
97052,1
97053,1
97054,2
97055,1
97056,0
97057,0
97058,0
97059,0
97060,0
97061,0
97062,0
97063,2
97064,0
97065,0
97066,1
97067,0
97068,0
97069,0
97070,0
97071,0
97072,2
97073,0
97074,2
97075,4
97076,0
97077,2
97078,2
97079,1
97080,0
97081,0
97082,1
97083,0
97084,2
97085,5
97086,1
97087,0
97088,0
97089,0
97090,0
97091,0
97092,1
97093,0
97094,0
97095,0
97096,0
97097,0
97098,0
97099,0
97100,0
97101,0
97102,4
97103,2
97104,0
97105,1
97106,0
97107,0
97108,0
97109,1
97110,1
97111,0
97112,1
97113,0
97114,0
97115,0
97116,0
97117,0
97118,0
97119,0
97120,0
97121,0
97122,0
97123,0
97124,2
97125,0
97126,2
97127,10
97128,0
97129,1
97130,0
97131,0
97132,0
97133,0
97134,0
97135,0
97136,0
97137,0
97138,5
97139,4
97140,0
97141,0
97142,1
97143,3
97144,6
97145,2
97146,0
97147,0
97148,0
97149,1
97150,0
97151,2
97152,3
97153,0
97154,0
97155,0
97156,0
97157,1
97158,0
97159,0
97160,2
97161,3
97162,1
97163,0
97164,1
97165,0
97166,0
97167,0
97168,1
97169,1
97170,1
97171,1
97172,0
97173,0
97174,0
97175,0
97176,1
97177,0
97178,0
97179,2
97180,0
97181,2
97182,0
97183,0
97184,0
97185,0
97186,0
97187,0
97188,0
97189,0
97190,0
97191,2
97192,1
97193,0
97194,3
97195,2
97196,0
97197,0
97198,1
97199,0
97200,1
97201,0
97202,0
97203,1
97204,1
97205,2
97206,1
97207,0
97208,0
97209,0
97210,0
97211,0
97212,0
97213,3
97214,1
97215,0
97216,1
97217,0
97218,0
97219,0
97220,0
97221,0
97222,0
97223,0
97224,1
97225,0
97226,0
97227,0
97228,1
97229,0
97230,3
97231,0
97232,1
97233,1
97234,0
97235,0
97236,2
97237,0
97238,0
97239,0
97240,0
97241,5
97242,6
97243,1
97244,1
97245,0
97246,0
97247,0
97248,1
97249,3
97250,0
97251,0
97252,2
97253,4
97254,0
97255,0
97256,0
97257,0
97258,0
97259,0
97260,2
97261,0
97262,0
97263,0
97264,0
97265,0
97266,0
97267,0
97268,0
97269,1
97270,0
97271,0
97272,0
97273,0
97274,0
97275,0
97276,1
97277,0
97278,0
97279,0
97280,0
97281,1
97282,0
97283,0
97284,1
97285,0
97286,0
97287,0
97288,0
97289,0
97290,0
97291,0
97292,0
97293,0
97294,0
97295,0
97296,0
97297,0
97298,0
97299,0
97300,0
97301,0
97302,0
97303,0
97304,0
97305,0
97306,0
97307,0
97308,1
97309,2
97310,1
97311,0
97312,3
97313,1
97314,0
97315,0
97316,0
97317,1
97318,0
97319,0
97320,0
97321,0
97322,1
97323,0
97324,0
97325,0
97326,0
97327,1
97328,0
97329,2
97330,0
97331,0
97332,0
97333,0
97334,0
97335,1
97336,1
97337,0
97338,0
97339,0
97340,0
97341,0
97342,1
97343,0
97344,0
97345,1
97346,0
97347,0
97348,0
97349,0
97350,0
97351,0
97352,0
97353,0
97354,0
97355,1
97356,1
97357,0
97358,0
97359,8
97360,0
97361,0
97362,0
97363,0
97364,0
97365,0
97366,0
97367,0
97368,0
97369,0
97370,0
97371,0
97372,0
97373,0
97374,0
97375,0
97376,0
97377,0
97378,0
97379,0
97380,0
97381,0
97382,0
97383,0
97384,0
97385,0
97386,0
97387,1
97388,1
97389,1
97390,0
97391,0
97392,1
97393,0
97394,0
97395,2
97396,1
97397,0
97398,5
97399,2
97400,1
97401,0
97402,1
97403,0
97404,0
97405,2
97406,0
97407,0
97408,0
97409,0
97410,0
97411,0
97412,0
97413,0
97414,2
97415,1
97416,0
97417,0
97418,1
97419,0
97420,0
97421,0
97422,0
97423,0
97424,0
97425,0
97426,0
97427,0
97428,2
97429,0
97430,0
97431,0
97432,0
97433,1
97434,1
97435,1
97436,2
97437,1
97438,1
97439,0
97440,0
97441,0
97442,0
97443,0
97444,0
97445,0
97446,0
97447,0
97448,0
97449,0
97450,0
97451,0
97452,0
97453,0
97454,0
97455,0
97456,0
97457,0
97458,1
97459,0
97460,0
97461,0
97462,0
97463,0
97464,0
97465,0
97466,0
97467,1
97468,2
97469,0
97470,0
97471,0
97472,1
97473,0
97474,1
97475,0
97476,0
97477,2
97478,0
97479,5
97480,0
97481,0
97482,0
97483,1
97484,0
97485,0
97486,3
97487,0
97488,1
97489,1
97490,0
97491,0
97492,0
97493,0
97494,0
97495,0
97496,0
97497,0
97498,0
97499,1
97500,2
97501,0
97502,0
97503,0
97504,0
97505,1
97506,1
97507,0
97508,1
97509,1
97510,0
97511,0
97512,0
97513,0
97514,1
97515,0
97516,0
97517,5
97518,0
97519,2
97520,1
97521,1
97522,0
97523,0
97524,0
97525,7
97526,0
97527,1
97528,1
97529,0
97530,0
97531,4
97532,5
97533,0
97534,0
97535,0
97536,2
97537,1
97538,1
97539,0
97540,1
97541,0
97542,2
97543,1
97544,0
97545,6
97546,1
97547,1
97548,2
97549,1
97550,3
97551,10
97552,4
97553,1
97554,0
97555,1
97556,0
97557,1
97558,0
97559,3
97560,0
97561,0
97562,0
97563,0
97564,2
97565,0
97566,4
97567,1
97568,0
97569,0
97570,1
97571,0
97572,0
97573,3
97574,8
97575,2
97576,9
97577,0
97578,0
97579,1
97580,1
97581,0
97582,3
97583,2
97584,17
97585,2
97586,0
97587,0
97588,0
97589,0
97590,1
97591,1
97592,0
97593,0
97594,0
97595,1
97596,0
97597,1
97598,0
97599,0
97600,0
97601,1
97602,0
97603,3
97604,1
97605,1
97606,2
97607,2
97608,6
97609,0
97610,0
97611,0
97612,1
97613,0
97614,0
97615,0
97616,0
97617,0
97618,0
97619,0
97620,0
97621,0
97622,0
97623,1
97624,2
97625,0
97626,2
97627,0
97628,0
97629,2
97630,1
97631,1
97632,0
97633,0
97634,0
97635,0
97636,1
97637,0
97638,1
97639,0
97640,0
97641,0
97642,0
97643,0
97644,0
97645,0
97646,0
97647,1
97648,1
97649,0
97650,1
97651,0
97652,1
97653,0
97654,0
97655,0
97656,0
97657,0
97658,0
97659,0
97660,0
97661,0
97662,0
97663,1
97664,0
97665,1
97666,0
97667,0
97668,0
97669,0
97670,0
97671,1
97672,0
97673,0
97674,0
97675,2
97676,0
97677,0
97678,5
97679,2
97680,0
97681,0
97682,1
97683,1
97684,0
97685,2
97686,0
97687,0
97688,0
97689,0
97690,0
97691,1
97692,1
97693,1
97694,0
97695,0
97696,0
97697,0
97698,1
97699,0
97700,1
97701,0
97702,1
97703,0
97704,0
97705,1
97706,0
97707,1
97708,1
97709,0
97710,1
97711,1
97712,0
97713,0
97714,1
97715,1
97716,0
97717,1
97718,1
97719,1
97720,0
97721,3
97722,0
97723,5
97724,0
97725,0
97726,0
97727,0
97728,2
97729,0
97730,0
97731,0
97732,1
97733,2
97734,0
97735,0
97736,7
97737,0
97738,3
97739,1
97740,1
97741,0
97742,0
97743,0
97744,2
97745,2
97746,4
97747,2
97748,0
97749,1
97750,0
97751,2
97752,1
97753,2
97754,0
97755,0
97756,0
97757,0
97758,0
97759,0
97760,1
97761,7
97762,4
97763,4
97764,2
97765,0
97766,7
97767,0
97768,1
97769,0
97770,1
97771,0
97772,0
97773,0
97774,0
97775,0
97776,0
97777,0
97778,0
97779,0
97780,0
97781,0
97782,0
97783,0
97784,1
97785,0
97786,1
97787,2
97788,1
97789,1
97790,1
97791,1
97792,3
97793,0
97794,0
97795,0
97796,1
97797,0
97798,0
97799,2
97800,0
97801,1
97802,1
97803,0
97804,0
97805,0
97806,0
97807,0
97808,0
97809,0
97810,0
97811,0
97812,4
97813,0
97814,19
97815,13
97816,1
97817,0
97818,0
97819,1
97820,0
97821,1
97822,0
97823,0
97824,0
97825,0
97826,0
97827,0
97828,0
97829,0
97830,0
97831,0
97832,0
97833,0
97834,0
97835,0
97836,0
97837,0
97838,1
97839,0
97840,1
97841,0
97842,1
97843,1
97844,1
97845,0
97846,1
97847,0
97848,0
97849,0
97850,0
97851,0
97852,0
97853,0
97854,2
97855,0
97856,0
97857,0
97858,0
97859,0
97860,0
97861,0
97862,0
97863,1
97864,1
97865,1
97866,0
97867,0
97868,0
97869,0
97870,1
97871,1
97872,2
97873,1
97874,0
97875,1
97876,2
97877,0
97878,0
97879,0
97880,1
97881,0
97882,0
97883,0
97884,0
97885,0
97886,1
97887,0
97888,0
97889,0
97890,0
97891,0
97892,0
97893,0
97894,2
97895,3
97896,0
97897,1
97898,0
97899,0
97900,0
97901,0
97902,1
97903,1
97904,0
97905,0
97906,0
97907,0
97908,1
97909,1
97910,0
97911,0
97912,0
97913,0
97914,0
97915,0
97916,1
97917,0
97918,0
97919,0
97920,0
97921,2
97922,0
97923,0
97924,3
97925,0
97926,0
97927,0
97928,0
97929,1
97930,1
97931,1
97932,0
97933,2
97934,2
97935,0
97936,0
97937,0
97938,0
97939,6
97940,0
97941,0
97942,6
97943,2
97944,1
97945,2
97946,4
97947,1
97948,0
97949,0
97950,1
97951,0
97952,0
97953,0
97954,2
97955,1
97956,0
97957,1
97958,0
97959,0
97960,1
97961,1
97962,1
97963,2
97964,0
97965,0
97966,0
97967,0
97968,0
97969,1
97970,0
97971,0
97972,2
97973,0
97974,0
97975,1
97976,0
97977,1
97978,0
97979,1
97980,0
97981,1
97982,0
97983,0
97984,0
97985,0
97986,0
97987,0
97988,0
97989,1
97990,0
97991,1
97992,2
97993,1
97994,7
97995,1
97996,1
97997,0
97998,0
97999,0
98000,9
98001,0
98002,0
98003,4
98004,1
98005,8
98006,0
98007,1
98008,0
98009,0
98010,1
98011,0
98012,0
98013,1
98014,1
98015,0
98016,0
98017,0
98018,0
98019,0
98020,0
98021,0
98022,0
98023,0
98024,0
98025,1
98026,2
98027,2
98028,1
98029,4
98030,1
98031,1
98032,0
98033,1
98034,0
98035,0
98036,0
98037,0
98038,0
98039,0
98040,0
98041,0
98042,0
98043,0
98044,0
98045,0
98046,3
98047,1
98048,0
98049,0
98050,0
98051,0
98052,0
98053,0
98054,0
98055,1
98056,0
98057,0
98058,0
98059,0
98060,0
98061,0
98062,1
98063,0
98064,0
98065,0
98066,1
98067,0
98068,1
98069,1
98070,1
98071,0
98072,1
98073,1
98074,1
98075,1
98076,0
98077,0
98078,1
98079,0
98080,0
98081,0
98082,1
98083,0
98084,0
98085,0
98086,0
98087,2
98088,0
98089,2
98090,0
98091,1
98092,0
98093,0
98094,0
98095,1
98096,0
98097,1
98098,0
98099,1
98100,0
98101,2
98102,0
98103,1
98104,0
98105,0
98106,2
98107,0
98108,1
98109,1
98110,1
98111,1
98112,5
98113,1
98114,0
98115,0
98116,0
98117,0
98118,0
98119,0
98120,0
98121,0
98122,0
98123,0
98124,0
98125,1
98126,4
98127,0
98128,1
98129,0
98130,0
98131,0
98132,1
98133,0
98134,0
98135,0
98136,1
98137,0
98138,0
98139,0
98140,0
98141,0
98142,0
98143,0
98144,0
98145,0
98146,0
98147,0
98148,1
98149,0
98150,0
98151,0
98152,4
98153,0
98154,0
98155,0
98156,0
98157,0
98158,0
98159,0
98160,1
98161,1
98162,3
98163,1
98164,0
98165,1
98166,1
98167,0
98168,1
98169,1
98170,2
98171,0
98172,0
98173,0
98174,0
98175,1
98176,1
98177,1
98178,0
98179,1
98180,0
98181,1
98182,1
98183,5
98184,1
98185,2
98186,0
98187,1
98188,0
98189,0
98190,1
98191,0
98192,0
98193,1
98194,0
98195,0
98196,0
98197,0
98198,0
98199,1
98200,1
98201,0
98202,1
98203,1
98204,0
98205,3
98206,0
98207,1
98208,0
98209,1
98210,0
98211,0
98212,0
98213,1
98214,3
98215,0
98216,1
98217,0
98218,0
98219,0
98220,0
98221,0
98222,0
98223,0
98224,1
98225,0
98226,0
98227,0
98228,0
98229,0
98230,0
98231,0
98232,0
98233,0
98234,0
98235,0
98236,1
98237,0
98238,0
98239,1
98240,1
98241,2
98242,12
98243,4
98244,7
98245,0
98246,0
98247,0
98248,0
98249,0
98250,0
98251,3
98252,0
98253,0
98254,0
98255,0
98256,0
98257,0
98258,0
98259,2
98260,0
98261,2
98262,12
98263,1
98264,1
98265,0
98266,0
98267,3
98268,19
98269,5
98270,27
98271,0
98272,2
98273,0
98274,2
98275,0
98276,0
98277,0
98278,0
98279,0
98280,0
98281,1
98282,19
98283,1
98284,0
98285,1
98286,0
98287,0
98288,0
98289,0
98290,0
98291,7
98292,0
98293,1
98294,0
98295,0
98296,0
98297,1
98298,0
98299,0
98300,0
98301,1
98302,0
98303,0
98304,0
98305,2
98306,0
98307,0
98308,0
98309,1
98310,0
98311,0
98312,0
98313,0
98314,0
98315,0
98316,4
98317,1
98318,0
98319,0
98320,2
98321,4
98322,3
98323,1
98324,2
98325,0
98326,3
98327,1
98328,0
98329,0
98330,1
98331,3
98332,0
98333,1
98334,2
98335,57
98336,5
98337,2
98338,11
98339,0
98340,1
98341,1
98342,0
98343,0
98344,9
98345,0
98346,0
98347,5
98348,0
98349,0
98350,0
98351,0
98352,0
98353,1
98354,1
98355,1
98356,1
98357,1
98358,6
98359,1
98360,4
98361,0
98362,0
98363,0
98364,0
98365,0
98366,0
98367,4
98368,3
98369,0
98370,0
98371,0
98372,0
98373,0
98374,0
98375,0
98376,0
98377,2
98378,1
98379,0
98380,0
98381,1
98382,0
98383,0
98384,0
98385,0
98386,0
98387,3
98388,1
98389,1
98390,6
98391,2
98392,1
98393,0
98394,0
98395,0
98396,0
98397,0
98398,0
98399,0
98400,1
98401,0
98402,3
98403,1
98404,0
98405,4
98406,3
98407,7
98408,0
98409,0
98410,3
98411,3
98412,0
98413,0
98414,2
98415,2
98416,0
98417,0
98418,0
98419,0
98420,5
98421,0
98422,0
98423,4
98424,4
98425,0
98426,0
98427,1
98428,5
98429,0
98430,1
98431,11
98432,0
98433,0
98434,1
98435,0
98436,0
98437,2
98438,0
98439,0
98440,1
98441,1
98442,0
98443,0
98444,0
98445,1
98446,0
98447,1
98448,1
98449,0
98450,0
98451,0
98452,0
98453,0
98454,0
98455,0
98456,4
98457,2
98458,0
98459,0
98460,0
98461,2
98462,1
98463,0
98464,0
98465,0
98466,3
98467,0
98468,0
98469,0
98470,0
98471,3
98472,0
98473,1
98474,0
98475,0
98476,0
98477,1
98478,2
98479,0
98480,0
98481,1
98482,1
98483,0
98484,2
98485,0
98486,0
98487,0
98488,0
98489,1
98490,0
98491,0
98492,0
98493,0
98494,0
98495,0
98496,0
98497,1
98498,0
98499,0
98500,1
98501,0
98502,0
98503,0
98504,1
98505,0
98506,0
98507,1
98508,0
98509,1
98510,1
98511,0
98512,2
98513,0
98514,1
98515,3
98516,0
98517,0
98518,0
98519,1
98520,1
98521,1
98522,0
98523,0
98524,0
98525,0
98526,0
98527,0
98528,0
98529,1
98530,0
98531,0
98532,0
98533,2
98534,1
98535,0
98536,1
98537,0
98538,0
98539,0
98540,4
98541,4
98542,1
98543,0
98544,0
98545,0
98546,0
98547,0
98548,0
98549,0
98550,0
98551,0
98552,0
98553,0
98554,0
98555,0
98556,0
98557,0
98558,0
98559,1
98560,0
98561,0
98562,1
98563,0
98564,0
98565,0
98566,0
98567,0
98568,0
98569,5
98570,14
98571,1
98572,0
98573,1
98574,1
98575,0
98576,0
98577,1
98578,0
98579,0
98580,0
98581,0
98582,4
98583,4
98584,0
98585,1
98586,4
98587,0
98588,0
98589,0
98590,0
98591,0
98592,0
98593,0
98594,1
98595,0
98596,0
98597,1
98598,0
98599,8
98600,1
98601,0
98602,1
98603,0
98604,3
98605,0
98606,0
98607,1
98608,0
98609,2
98610,0
98611,2
98612,1
98613,0
98614,0
98615,0
98616,2
98617,2
98618,0
98619,2
98620,2
98621,0
98622,2
98623,1
98624,3
98625,0
98626,1
98627,0
98628,1
98629,3
98630,2
98631,22
98632,13
98633,0
98634,6
98635,5
98636,2
98637,3
98638,0
98639,11
98640,0
98641,0
98642,2
98643,2
98644,0
98645,0
98646,1
98647,1
98648,0
98649,0
98650,0
98651,0
98652,6
98653,1
98654,1
98655,0
98656,0
98657,0
98658,0
98659,0
98660,1
98661,1
98662,0
98663,5
98664,0
98665,2
98666,2
98667,0
98668,0
98669,6
98670,1
98671,0
98672,0
98673,1
98674,1
98675,0
98676,0
98677,0
98678,0
98679,0
98680,0
98681,0
98682,0
98683,0
98684,0
98685,0
98686,2
98687,2
98688,1
98689,0
98690,0
98691,0
98692,1
98693,0
98694,3
98695,0
98696,0
98697,0
98698,0
98699,0
98700,0
98701,0
98702,1
98703,0
98704,0
98705,0
98706,0
98707,10
98708,0
98709,0
98710,4
98711,0
98712,12
98713,2
98714,4
98715,0
98716,0
98717,0
98718,1
98719,0
98720,0
98721,0
98722,0
98723,0
98724,0
98725,0
98726,0
98727,1
98728,0
98729,1
98730,0
98731,0
98732,0
98733,0
98734,0
98735,0
98736,0
98737,0
98738,0
98739,0
98740,0
98741,1
98742,3
98743,0
98744,0
98745,2
98746,1
98747,1
98748,0
98749,4
98750,0
98751,0
98752,4
98753,11
98754,0
98755,0
98756,1
98757,0
98758,0
98759,0
98760,0
98761,0
98762,0
98763,1
98764,0
98765,0
98766,0
98767,0
98768,1
98769,1
98770,0
98771,0
98772,0
98773,1
98774,3
98775,0
98776,0
98777,0
98778,2
98779,2
98780,0
98781,3
98782,0
98783,0
98784,0
98785,1
98786,0
98787,0
98788,0
98789,4
98790,0
98791,0
98792,0
98793,0
98794,0
98795,1
98796,0
98797,0
98798,3
98799,0
98800,0
98801,3
98802,1
98803,0
98804,3
98805,0
98806,0
98807,0
98808,2
98809,3
98810,0
98811,2
98812,0
98813,0
98814,0
98815,0
98816,3
98817,1
98818,1
98819,0
98820,0
98821,0
98822,0
98823,0
98824,3
98825,0
98826,2
98827,0
98828,0
98829,0
98830,1
98831,0
98832,2
98833,2
98834,1
98835,0
98836,0
98837,0
98838,0
98839,0
98840,2
98841,1
98842,2
98843,0
98844,2
98845,2
98846,0
98847,6
98848,1
98849,0
98850,0
98851,1
98852,0
98853,1
98854,1
98855,1
98856,2
98857,0
98858,0
98859,0
98860,2
98861,0
98862,0
98863,18
98864,1
98865,0
98866,1
98867,0
98868,7
98869,2
98870,1
98871,0
98872,2
98873,1
98874,4
98875,1
98876,0
98877,0
98878,2
98879,0
98880,1
98881,0
98882,1
98883,0
98884,0
98885,0
98886,1
98887,0
98888,1
98889,1
98890,0
98891,2
98892,1
98893,0
98894,1
98895,1
98896,0
98897,1
98898,2
98899,1
98900,3
98901,0
98902,0
98903,3
98904,1
98905,2
98906,1
98907,5
98908,2
98909,0
98910,0
98911,0
98912,0
98913,0
98914,0
98915,0
98916,0
98917,0
98918,1
98919,0
98920,1
98921,0
98922,1
98923,0
98924,0
98925,0
98926,0
98927,0
98928,0
98929,0
98930,1
98931,0
98932,1
98933,0
98934,0
98935,0
98936,2
98937,0
98938,0
98939,5
98940,2
98941,1
98942,0
98943,0
98944,0
98945,0
98946,0
98947,0
98948,1
98949,0
98950,0
98951,0
98952,1
98953,0
98954,1
98955,0
98956,1
98957,2
98958,0
98959,0
98960,2
98961,0
98962,0
98963,0
98964,0
98965,2
98966,0
98967,3
98968,0
98969,2
98970,1
98971,0
98972,0
98973,6
98974,1
98975,1
98976,3
98977,2
98978,0
98979,1
98980,0
98981,3
98982,0
98983,0
98984,0
98985,0
98986,0
98987,1
98988,0
98989,0
98990,4
98991,6
98992,0
98993,0
98994,0
98995,0
98996,5
98997,3
98998,0
98999,0
99000,1
99001,1
99002,0
99003,3
99004,0
99005,22
99006,1
99007,0
99008,1
99009,3
99010,0
99011,0
99012,3
99013,0
99014,2
99015,1
99016,0
99017,1
99018,4
99019,0
99020,1
99021,0
99022,3
99023,3
99024,3
99025,3
99026,0
99027,1
99028,3
99029,0
99030,0
99031,2
99032,0
99033,0
99034,4
99035,0
99036,0
99037,0
99038,0
99039,0
99040,2
99041,0
99042,1
99043,1
99044,0
99045,3
99046,0
99047,1
99048,5
99049,5
99050,1
99051,0
99052,0
99053,4
99054,1
99055,1
99056,3
99057,7
99058,5
99059,0
99060,0
99061,1
99062,5
99063,0
99064,1
99065,12
99066,3
99067,5
99068,6
99069,0
99070,7
99071,0
99072,5
99073,1
99074,1
99075,2
99076,3
99077,31
99078,0
99079,0
99080,0
99081,0
99082,0
99083,0
99084,0
99085,0
99086,1
99087,0
99088,0
99089,0
99090,0
99091,0
99092,16
99093,1
99094,0
99095,1
99096,7
99097,2
99098,0
99099,1
99100,2
99101,0
99102,0
99103,1
99104,2
99105,0
99106,1
99107,9
99108,0
99109,0
99110,1
99111,0
99112,2
99113,0
99114,0
99115,1
99116,2
99117,0
99118,0
99119,0
99120,4
99121,1
99122,0
99123,1
99124,5
99125,0
99126,0
99127,2
99128,0
99129,9
99130,0
99131,6
99132,4
99133,5
99134,2
99135,0
99136,0
99137,0
99138,11
99139,19
99140,8
99141,1
99142,0
99143,4
99144,0
99145,11
99146,1
99147,6
99148,2
99149,1
99150,0
99151,1
99152,0
99153,1
99154,0
99155,1
99156,5
99157,3
99158,3
99159,3
99160,0
99161,1
99162,0
99163,0
99164,1
99165,1
99166,8
99167,1
99168,3
99169,0
99170,7
99171,0
99172,2
99173,0
99174,0
99175,1
99176,0
99177,1
99178,1
99179,1
99180,1
99181,0
99182,1
99183,0
99184,0
99185,0
99186,1
99187,1
99188,2
99189,2
99190,0
99191,0
99192,1
99193,1
99194,1
99195,2
99196,1
99197,0
99198,1
99199,2
99200,1
99201,2
99202,2
99203,1
99204,2
99205,0
99206,0
99207,0
99208,0
99209,1
99210,0
99211,0
99212,0
99213,0
99214,1
99215,0
99216,0
99217,0
99218,0
99219,1
99220,0
99221,0
99222,1
99223,1
99224,0
99225,0
99226,0
99227,5
99228,0
99229,3
99230,5
99231,2
99232,3
99233,0
99234,2
99235,0
99236,0
99237,0
99238,2
99239,3
99240,6
99241,2
99242,1
99243,3
99244,0
99245,0
99246,1
99247,2
99248,0
99249,0
99250,0
99251,2
99252,0
99253,0
99254,0
99255,0
99256,2
99257,1
99258,1
99259,3
99260,0
99261,0
99262,0
99263,8
99264,1
99265,0
99266,0
99267,2
99268,0
99269,1
99270,2
99271,1
99272,0
99273,3
99274,1
99275,0
99276,0
99277,1
99278,0
99279,5
99280,1
99281,3
99282,0
99283,1
99284,0
99285,2
99286,0
99287,4
99288,5
99289,10
99290,2
99291,1
99292,0
99293,1
99294,0
99295,1
99296,0
99297,0
99298,2
99299,0
99300,1
99301,1
99302,2
99303,5
99304,2
99305,1
99306,1
99307,1
99308,0
99309,0
99310,0
99311,1
99312,0
99313,0
99314,14
99315,2
99316,1
99317,5
99318,0
99319,0
99320,0
99321,0
99322,2
99323,1
99324,3
99325,1
99326,2
99327,0
99328,0
99329,2
99330,1
99331,0
99332,4
99333,1
99334,0
99335,1
99336,3
99337,4
99338,2
99339,1
99340,0
99341,2
99342,3
99343,2
99344,0
99345,2
99346,2
99347,1
99348,0
99349,4
99350,4
99351,5
99352,1
99353,1
99354,0
99355,0
99356,1
99357,0
99358,3
99359,1
99360,0
99361,2
99362,0
99363,0
99364,2
99365,1
99366,0
99367,2
99368,1
99369,0
99370,0
99371,2
99372,3
99373,4
99374,5
99375,2
99376,1
99377,2
99378,3
99379,1
99380,11
99381,4
99382,1
99383,1
99384,0
99385,4
99386,1
99387,18
99388,21
99389,2
99390,1
99391,2
99392,1
99393,3
99394,1
99395,2
99396,3
99397,0
99398,1
99399,1
99400,0
99401,3
99402,3
99403,4
99404,4
99405,6
99406,3
99407,1
99408,3
99409,0
99410,2
99411,13
99412,2
99413,9
99414,14
99415,10
99416,2
99417,11
99418,6
99419,8
99420,3
99421,9
99422,5
99423,1
99424,1
99425,18
99426,1
99427,2
99428,2
99429,1
99430,3
99431,1
99432,1
99433,0
99434,5
99435,0
99436,1
99437,1
99438,1
99439,1
99440,16
99441,0
99442,3
99443,0
99444,3
99445,0
99446,1
99447,0
99448,0
99449,9
99450,8
99451,3
99452,2
99453,2
99454,1
99455,1
99456,0
99457,3
99458,1
99459,2
99460,1
99461,3
99462,6
99463,3
99464,2
99465,2
99466,4
99467,5
99468,0
99469,13
99470,1
99471,4
99472,2
99473,0
99474,0
99475,3
99476,1
99477,8
99478,0
99479,3
99480,1
99481,4
99482,0
99483,4
99484,1
99485,1
99486,2
99487,4
99488,1
99489,3
99490,1
99491,0
99492,5
99493,3
99494,2
99495,3
99496,4
99497,6
99498,0
99499,16
99500,7
99501,7
99502,4
99503,3
99504,1
99505,8
99506,5
99507,4
99508,2
99509,5
99510,3
99511,1
99512,5
99513,1
99514,0
99515,2
99516,2
99517,0
99518,15
99519,2
99520,2
99521,0
99522,1
99523,0
99524,0
99525,0
99526,1
99527,1
99528,1
99529,3
99530,1
99531,0
99532,7
99533,1
99534,0
99535,12
99536,2
99537,13
99538,6
99539,2
99540,0
99541,1
99542,1
99543,4
99544,0
99545,5
99546,0
99547,0
99548,0
99549,0
99550,5
99551,1
99552,0
99553,1
99554,1
99555,3
99556,3
99557,0
99558,13
99559,5
99560,9
99561,1
99562,3
99563,0
99564,7
99565,2
99566,1
99567,9
99568,3
99569,3
99570,5
99571,6
99572,7
99573,25
99574,11
99575,0
99576,0
99577,4
99578,1
99579,1
99580,20
99581,0
99582,1
99583,1
99584,0
99585,1
99586,5
99587,11
99588,20
99589,1
99590,3
99591,0
99592,0
99593,10
99594,5
99595,2
99596,0
99597,2
99598,9
99599,7
99600,5
99601,6
99602,4
99603,3
99604,2
99605,11
99606,2
99607,3
99608,13
99609,2
99610,1
99611,2
99612,1
99613,3
99614,1
99615,0
99616,3
99617,6
99618,8
99619,11
99620,7
99621,9
99622,6
99623,14
99624,13
99625,4
99626,7
99627,9
99628,4
99629,14
99630,7
99631,0
99632,1
99633,1
99634,7
99635,0
99636,5
99637,26
99638,0
99639,18
99640,1
99641,2
99642,1
99643,4
99644,2
99645,9
99646,2
99647,3
99648,1
99649,12
99650,4
99651,0
99652,3
99653,6
99654,5
99655,7
99656,5
99657,1
99658,1
99659,6
99660,2
99661,1
99662,2
99663,1
99664,8
99665,0
99666,7
99667,3
99668,3
99669,2
99670,4
99671,5
99672,3
99673,1
99674,0
99675,1
99676,15
99677,8
99678,3
99679,1
99680,1
99681,7
99682,27
99683,7
99684,2
99685,2
99686,16
99687,2
99688,35
99689,5
99690,11
99691,6
99692,12
99693,8
99694,1
99695,6
99696,17
99697,3
99698,6
99699,1
99700,58
99701,12
99702,4
99703,3
99704,2
99705,1
99706,10
99707,4
99708,3
99709,1
99710,3
99711,7
99712,1
99713,2
99714,18
99715,1
99716,6
99717,2
99718,3
99719,7
99720,6
99721,1
99722,2
99723,7
99724,15
99725,4
99726,11
99727,3
99728,2
99729,4
99730,9
99731,1
99732,23
99733,2
99734,2
99735,4
99736,9
99737,1
99738,0
99739,2
99740,10
99741,8
99742,3
99743,50
99744,1
99745,2
99746,4
99747,18
99748,12
99749,7
99750,6
99751,4
99752,17
99753,3
99754,21
99755,4
99756,2
99757,1
99758,9
99759,3
99760,4
99761,0
99762,2
99763,1
99764,3
99765,7
99766,2
99767,4
99768,4
99769,5
99770,4
99771,8
99772,4
99773,5
99774,1
99775,2
99776,4
99777,6
99778,4
99779,3
99780,13
99781,9
99782,23
99783,6
99784,15
99785,4
99786,10
99787,6
99788,14
99789,13
99790,25
99791,7
99792,20
99793,8
99794,4
99795,1
99796,9
99797,9
99798,15
99799,8
99800,7
99801,13
99802,5
99803,17
99804,22
99805,7
99806,8
99807,26
99808,15
99809,10
99810,5
99811,7
99812,5
99813,5
99814,7
99815,4
99816,16
99817,3
99818,16
99819,8
99820,7
99821,4
99822,14
99823,15
99824,12
99825,15
99826,13
99827,2
99828,7
99829,17
99830,0
99831,6
99832,8
99833,9
99834,8
99835,5
99836,2
99837,4
99838,7
99839,4
99840,14
99841,39
99842,5
99843,8
99844,4
99845,5
99846,16
99847,21
99848,2
99849,7
99850,13
99851,11
99852,8
99853,13
99854,47
99855,10
99856,9
99857,27
99858,3
99859,17
99860,5
99861,11
99862,11
99863,3
99864,19
99865,8
99866,7
99867,10
99868,8
99869,8
99870,20
99871,26
99872,9
99873,57
99874,6
99875,11
99876,21
99877,22
99878,30
99879,13
99880,15
99881,51
99882,12
99883,4
99884,16
99885,10
99886,6
99887,11
99888,9
99889,15
99890,16
99891,10
99892,132
99893,41
99894,68
99895,7
99896,6
99897,40
99898,13
99899,6
99900,9
99901,17
99902,23
99903,9
99904,17
99905,11
99906,13
99907,2
99908,12
99909,5
99910,11
99911,26
99912,9
99913,12
99914,17
99915,14
99916,3
99917,17
99918,13
99919,13
99920,13
99921,17
99922,18
99923,5
99924,16
99925,15
99926,22
99927,9
99928,12
99929,8
99930,40
99931,16
99932,21
99933,20
99934,14
99935,21
99936,8
99937,21
99938,55
99939,23
99940,16
99941,18
99942,11
99943,15
99944,24
99945,19
99946,31
99947,39
99948,36
99949,44
99950,18
99951,62
99952,42
99953,46
99954,9
99955,38
99956,26
99957,46
99958,30
99959,75
99960,57
99961,50
99962,26
99963,37
99964,32
99965,25
99966,36
99967,27
99968,27
99969,15
99970,41
99971,57
99972,29
99973,45
99974,36
99975,50
99976,41
99977,40
99978,28
99979,59
99980,113
99981,66
99982,61
99983,103
99984,61
99985,77
99986,60
99987,154
99988,60
99989,78
99990,72
99991,144
99992,116
99993,67
99994,176
99995,127
99996,85
99997,174
99998,223
99999,141
100000,439
