derived_allele_count,sites
0,5220440
1,2077147
2,837496
3,472490
4,308275
5,219977
6,165387
7,128217
8,104060
9,85160
10,71927
11,60979
12,53073
13,45465
14,40535
15,35955
16,32190
17,28898
18,26381
19,23608
20,21677
21,20327
22,18690
23,17194
24,15872
25,14636
26,13752
27,12842
28,12354
29,11403
30,10704
31,10330
32,9552
33,9145
34,8499
35,8276
36,7679
37,7427
38,7200
39,6980
40,6603
41,6105
42,5912
43,5758
44,5551
45,5115
46,5051
47,4835
48,4668
49,4597
50,4224
51,4449
52,4189
53,3840
54,3784
55,3757
56,3618
57,3460
58,3194
59,3422
60,3211
61,3228
62,3007
63,2925
64,2937
65,2680
66,2783
67,2699
68,2709
69,2547
70,2610
71,2381
72,2380
73,2308
74,2321
75,2230
76,2285
77,2109
78,2199
79,2032
80,2010
81,2020
82,1895
83,1841
84,1900
85,1784
86,1790
87,1777
88,1749
89,1578
90,1614
91,1664
92,1586
93,1552
94,1550
95,1569
96,1459
97,1467
98,1447
99,1416
100,1728
101,1418
102,1424
103,1365
104,1401
105,1366
106,1344
107,1332
108,1240
109,1271
110,1186
111,1302
112,1263
113,1246
114,1151
115,1202
116,1218
117,1159
118,1089
119,1041
120,1158
121,1072
122,995
123,967
124,1025
125,1037
126,1022
127,976
128,968
129,1034
130,923
131,921
132,934
133,973
134,851
135,844
136,913
137,875
138,945
139,903
140,900
141,839
142,874
143,879
144,848
145,856
146,921
147,822
148,815
149,859
150,814
151,826
152,758
153,819
154,781
155,823
156,815
157,791
158,818
159,779
160,851
161,753
162,806
163,674
164,728
165,738
166,661
167,656
168,640
169,658
170,696
171,727
172,707
173,688
174,683
175,687
176,720
177,619
178,617
179,627
180,645
181,671
182,664
183,559
184,682
185,582
186,584
187,574
188,603
189,560
190,621
191,529
192,573
193,582
194,580
195,526
196,591
197,576
198,538
199,590
200,579
201,563
202,577
203,567
204,590
205,524
206,519
207,550
208,545
209,521
210,582
211,508
212,528
213,493
214,547
215,577
216,489
217,509
218,521
219,479
220,492
221,514
222,509
223,534
224,481
225,484
226,483
227,458
228,522
229,541
230,481
231,432
232,485
233,478
234,471
235,509
236,508
237,482
238,460
239,466
240,463
241,505
242,443
243,437
244,451
245,462
246,399
247,424
248,429
249,397
250,419
251,389
252,456
253,421
254,406
255,449
256,509
257,449
258,348
259,424
260,450
261,419
262,443
263,440
264,437
265,419
266,441
267,389
268,362
269,395
270,448
271,375
272,417
273,363
274,350
275,377
276,360
277,426
278,398
279,371
280,405
281,362
282,389
283,402
284,340
285,362
286,386
287,340
288,364
289,352
290,335
291,339
292,371
293,419
294,360
295,388
296,392
297,374
298,335
299,355
300,324
301,320
302,339
303,358
304,334
305,373
306,363
307,345
308,354
309,328
310,361
311,352
312,354
313,351
314,349
315,301
316,297
317,291
318,309
319,294
320,320
321,349
322,344
323,330
324,320
325,340
326,306
327,288
328,336
329,287
330,306
331,317
332,281
333,276
334,283
335,314
336,285
337,324
338,267
339,313
340,343
341,307
342,313
343,292
344,319
345,271
346,266
347,281
348,320
349,292
350,292
351,286
352,284
353,316
354,296
355,335
356,258
357,303
358,265
359,277
360,369
361,276
362,296
363,291
364,301
365,315
366,248
367,277
368,312
369,283
370,314
371,310
372,291
373,283
374,240
375,256
376,276
377,272
378,260
379,283
380,269
381,252
382,282
383,261
384,295
385,268
386,282
387,277
388,241
389,248
390,268
391,248
392,208
393,220
394,263
395,288
396,290
397,258
398,269
399,275
400,293
401,255
402,240
403,266
404,256
405,253
406,281
407,262
408,284
409,255
410,230
411,249
412,257
413,249
414,240
415,262
416,234
417,212
418,233
419,263
420,243
421,296
422,243
423,267
424,276
425,222
426,216
427,257
428,246
429,231
430,253
431,233
432,227
433,225
434,243
435,256
436,260
437,244
438,204
439,240
440,250
441,264
442,230
443,242
444,231
445,232
446,275
447,269
448,235
449,221
450,220
451,258
452,213
453,216
454,202
455,250
456,190
457,221
458,234
459,219
460,216
461,225
462,197
463,219
464,212
465,204
466,201
467,216
468,235
469,254
470,211
471,241
472,209
473,232
474,246
475,208
476,210
477,240
478,232
479,204
480,266
481,256
482,194
483,202
484,206
485,210
486,216
487,207
488,191
489,250
490,189
491,203
492,240
493,190
494,230
495,170
496,188
497,220
498,258
499,196
500,203
501,248
502,224
503,304
504,242
505,223
506,250
507,195
508,192
509,211
510,208
511,228
512,215
513,186
514,203
515,223
516,189
517,201
518,194
519,191
520,165
521,230
522,208
523,193
524,207
525,175
526,176
527,177
528,185
529,196
530,200
531,169
532,198
533,192
534,200
535,159
536,173
537,166
538,175
539,191
540,186
541,205
542,202
543,156
544,199
545,195
546,182
547,200
548,229
549,206
550,197
551,218
552,194
553,202
554,186
555,196
556,209
557,185
558,179
559,174
560,204
561,184
562,188
563,178
564,174
565,168
566,180
567,216
568,187
569,207
570,188
571,169
572,214
573,182
574,164
575,197
576,215
577,155
578,174
579,176
580,182
581,153
582,152
583,205
584,157
585,157
586,180
587,197
588,161
589,163
590,204
591,191
592,160
593,172
594,172
595,169
596,182
597,148
598,167
599,158
600,164
601,164
602,173
603,156
604,151
605,151
606,162
607,161
608,170
609,172
610,148
611,186
612,146
613,182
614,173
615,150
616,150
617,157
618,167
619,153
620,181
621,171
622,151
623,143
624,136
625,170
626,160
627,180
628,143
629,187
630,117
631,142
632,142
633,173
634,153
635,131
636,173
637,174
638,162
639,155
640,171
641,159
642,153
643,150
644,158
645,155
646,166
647,159
648,150
649,143
650,143
651,146
652,144
653,159
654,158
655,161
656,161
657,144
658,177
659,176
660,188
661,177
662,197
663,177
664,175
665,165
666,128
667,149
668,166
669,144
670,146
671,178
672,185
673,144
674,135
675,143
676,137
677,140
678,157
679,137
680,168
681,164
682,140
683,116
684,131
685,152
686,121
687,152
688,148
689,140
690,135
691,157
692,121
693,153
694,117
695,124
696,121
697,136
698,125
699,142
700,132
701,128
702,129
703,128
704,132
705,139
706,128
707,150
708,171
709,138
710,134
711,123
712,139
713,152
714,122
715,143
716,132
717,138
718,148
719,123
720,142
721,136
722,142
723,149
724,130
725,164
726,133
727,149
728,154
729,129
730,134
731,200
732,111
733,149
734,145
735,143
736,153
737,131
738,165
739,132
740,157
741,128
742,153
743,161
744,140
745,122
746,147
747,127
748,127
749,139
750,115
751,141
752,139
753,103
754,134
755,127
756,130
757,122
758,141
759,166
760,145
761,137
762,130
763,178
764,150
765,123
766,129
767,131
768,233
769,140
770,127
771,144
772,132
773,126
774,173
775,188
776,144
777,112
778,125
779,123
780,120
781,118
782,125
783,118
784,126
785,150
786,125
787,132
788,141
789,123
790,116
791,100
792,138
793,101
794,130
795,94
796,129
797,121
798,114
799,122
800,137
801,130
802,139
803,138
804,122
805,130
806,122
807,151
808,165
809,148
810,119
811,98
812,109
813,113
814,127
815,131
816,117
817,133
818,148
819,126
820,123
821,105
822,147
823,122
824,89
825,150
826,127
827,123
828,149
829,105
830,119
831,118
832,115
833,107
834,113
835,143
836,111
837,111
838,130
839,106
840,118
841,148
842,141
843,125
844,95
845,95
846,128
847,133
848,121
849,117
850,122
851,130
852,142
853,119
854,110
855,125
856,127
857,102
858,118
859,130
860,119
861,117
862,103
863,106
864,122
865,121
866,128
867,108
868,109
869,96
870,112
871,96
872,114
873,134
874,120
875,110
876,135
877,112
878,112
879,135
880,118
881,141
882,102
883,122
884,118
885,153
886,120
887,126
888,129
889,120
890,127
891,102
892,118
893,120
894,125
895,126
896,102
897,129
898,97
899,119
900,97
901,131
902,93
903,104
904,107
905,94
906,117
907,106
908,130
909,108
910,125
911,126
912,128
913,108
914,142
915,120
916,105
917,122
918,103
919,114
920,126
921,124
922,108
923,121
924,101
925,104
926,110
927,145
928,118
929,113
930,108
931,139
932,94
933,81
934,111
935,108
936,106
937,75
938,121
939,126
940,101
941,116
942,120
943,98
944,112
945,119
946,110
947,128
948,104
949,94
950,111
951,141
952,120
953,83
954,100
955,87
956,92
957,92
958,93
959,118
960,85
961,104
962,88
963,110
964,108
965,116
966,111
967,145
968,115
969,85
970,110
971,101
972,99
973,98
974,110
975,94
976,133
977,118
978,130
979,103
980,94
981,113
982,103
983,123
984,102
985,101
986,101
987,77
988,124
989,100
990,97
991,97
992,97
993,90
994,101
995,87
996,115
997,112
998,94
999,98
1000,122
1001,90
1002,109
1003,109
1004,94
1005,135
1006,113
1007,101
1008,155
1009,103
1010,112
1011,92
1012,149
1013,108
1014,114
1015,91
1016,116
1017,102
1018,114
1019,102
1020,95
1021,139
1022,110
1023,130
1024,103
1025,111
1026,95
1027,77
1028,102
1029,99
1030,104
1031,88
1032,106
1033,107
1034,87
1035,92
1036,131
1037,98
1038,127
1039,83
1040,115
1041,102
1042,120
1043,122
1044,87
1045,84
1046,113
1047,111
1048,109
1049,95
1050,95
1051,90
1052,91
1053,104
1054,101
1055,99
1056,106
1057,116
1058,113
1059,104
1060,103
1061,109
1062,99
1063,90
1064,92
1065,88
1066,106
1067,90
1068,107
1069,110
1070,86
1071,78
1072,94
1073,88
1074,81
1075,91
1076,89
1077,80
1078,83
1079,80
1080,112
1081,99
1082,86
1083,80
1084,129
1085,117
1086,95
1087,85
1088,86
1089,87
1090,83
1091,104
1092,81
1093,89
1094,95
1095,88
1096,86
1097,103
1098,86
1099,86
1100,100
1101,112
1102,94
1103,92
1104,110
1105,96
1106,94
1107,115
1108,73
1109,99
1110,110
1111,83
1112,81
1113,91
1114,108
1115,83
1116,82
1117,88
1118,89
1119,92
1120,95
1121,84
1122,83
1123,90
1124,112
1125,90
1126,96
1127,92
1128,152
1129,85
1130,106
1131,82
1132,125
1133,81
1134,90
1135,90
1136,80
1137,96
1138,89
1139,85
1140,108
1141,90
1142,63
1143,102
1144,94
1145,101
1146,103
1147,105
1148,108
1149,84
1150,87
1151,105
1152,94
1153,96
1154,90
1155,80
1156,71
1157,71
1158,85
1159,83
1160,82
1161,71
1162,74
1163,78
1164,94
1165,91
1166,101
1167,86
1168,82
1169,85
1170,93
1171,71
1172,72
1173,122
1174,83
1175,90
1176,84
1177,78
1178,90
1179,93
1180,91
1181,89
1182,87
1183,90
1184,92
1185,71
1186,78
1187,95
1188,71
1189,78
1190,85
1191,98
1192,81
1193,101
1194,64
1195,64
1196,62
1197,63
1198,94
1199,72
1200,79
1201,80
1202,90
1203,64
1204,80
1205,78
1206,96
1207,88
1208,76
1209,91
1210,98
1211,85
1212,90
1213,83
1214,76
1215,74
1216,90
1217,90
1218,88
1219,79
1220,100
1221,104
1222,77
1223,80
1224,90
1225,69
1226,75
1227,151
1228,77
1229,72
1230,91
1231,95
1232,83
1233,61
1234,66
1235,68
1236,69
1237,82
1238,69
1239,88
1240,61
1241,81
1242,83
1243,63
1244,72
1245,84
1246,80
1247,57
1248,104
1249,96
1250,75
1251,60
1252,60
1253,79
1254,87
1255,94
1256,91
1257,65
1258,85
1259,62
1260,80
1261,81
1262,80
1263,84
1264,94
1265,74
1266,74
1267,75
1268,75
1269,72
1270,85
1271,67
1272,123
1273,88
1274,75
1275,72
1276,84
1277,80
1278,53
1279,95
1280,79
1281,80
1282,73
1283,53
1284,64
1285,80
1286,73
1287,63
1288,85
1289,66
1290,56
1291,85
1292,64
1293,74
1294,80
1295,85
1296,83
1297,80
1298,64
1299,88
1300,80
1301,78
1302,62
1303,80
1304,68
1305,66
1306,89
1307,71
1308,77
1309,72
1310,79
1311,65
1312,85
1313,60
1314,60
1315,82
1316,75
1317,74
1318,61
1319,99
1320,64
1321,68
1322,73
1323,83
1324,90
1325,76
1326,71
1327,74
1328,77
1329,69
1330,97
1331,72
1332,69
1333,85
1334,60
1335,88
1336,82
1337,74
1338,71
1339,64
1340,65
1341,71
1342,88
1343,75
1344,69
1345,68
1346,82
1347,71
1348,56
1349,63
1350,94
1351,88
1352,69
1353,65
1354,79
1355,66
1356,70
1357,68
1358,57
1359,121
1360,67
1361,97
1362,85
1363,74
1364,67
1365,85
1366,72
1367,60
1368,86
1369,56
1370,71
1371,78
1372,79
1373,70
1374,51
1375,66
1376,86
1377,57
1378,62
1379,52
1380,62
1381,68
1382,72
1383,80
1384,88
1385,75
1386,66
1387,60
1388,58
1389,63
1390,68
1391,74
1392,85
1393,71
1394,70
1395,71
1396,51
1397,62
1398,63
1399,61
1400,52
1401,71
1402,87
1403,87
1404,69
1405,73
1406,63
1407,74
1408,79
1409,81
1410,70
1411,62
1412,63
1413,73
1414,69
1415,60
1416,74
1417,75
1418,75
1419,97
1420,80
1421,71
1422,58
1423,84
1424,77
1425,84
1426,57
1427,77
1428,75
1429,63
1430,48
1431,68
1432,65
1433,70
1434,68
1435,67
1436,70
1437,55
1438,65
1439,64
1440,87
1441,64
1442,73
1443,63
1444,79
1445,80
1446,68
1447,67
1448,69
1449,111
1450,49
1451,63
1452,78
1453,67
1454,73
1455,75
1456,60
1457,56
1458,62
1459,61
1460,56
1461,56
1462,72
1463,70
1464,65
1465,65
1466,59
1467,59
1468,66
1469,80
1470,80
1471,73
1472,77
1473,55
1474,67
1475,80
1476,72
1477,69
1478,59
1479,67
1480,66
1481,71
1482,59
1483,68
1484,68
1485,52
1486,65
1487,73
1488,60
1489,84
1490,53
1491,72
1492,69
1493,74
1494,56
1495,81
1496,71
1497,55
1498,67
1499,105
1500,69
1501,72
1502,55
1503,60
1504,67
1505,64
1506,95
1507,116
1508,66
1509,52
1510,61
1511,71
1512,58
1513,90
1514,64
1515,80
1516,86
1517,73
1518,60
1519,72
1520,63
1521,75
1522,49
1523,76
1524,58
1525,66
1526,60
1527,62
1528,46
1529,68
1530,56
1531,51
1532,55
1533,70
1534,44
1535,57
1536,63
1537,90
1538,79
1539,71
1540,41
1541,78
1542,70
1543,85
1544,54
1545,56
1546,67
1547,71
1548,75
1549,60
1550,75
1551,65
1552,59
1553,60
1554,68
1555,47
1556,58
1557,61
1558,73
1559,64
1560,66
1561,52
1562,59
1563,48
1564,64
1565,71
1566,50
1567,60
1568,65
1569,71
1570,64
1571,61
1572,71
1573,68
1574,64
1575,59
1576,65
1577,51
1578,62
1579,68
1580,62
1581,61
1582,53
1583,43
1584,48
1585,60
1586,71
1587,57
1588,58
1589,64
1590,79
1591,62
1592,64
1593,67
1594,72
1595,45
1596,51
1597,89
1598,64
1599,67
1600,72
1601,68
1602,80
1603,56
1604,70
1605,75
1606,66
1607,59
1608,76
1609,60
1610,65
1611,58
1612,60
1613,85
1614,68
1615,69
1616,64
1617,43
1618,53
1619,58
1620,48
1621,66
1622,63
1623,55
1624,57
1625,51
1626,70
1627,51
1628,45
1629,49
1630,60
1631,47
1632,57
1633,73
1634,60
1635,55
1636,44
1637,62
1638,56
1639,51
1640,45
1641,58
1642,62
1643,52
1644,55
1645,71
1646,54
1647,76
1648,53
1649,60
1650,51
1651,52
1652,62
1653,57
1654,66
1655,53
1656,69
1657,73
1658,57
1659,72
1660,56
1661,52
1662,50
1663,52
1664,47
1665,58
1666,69
1667,54
1668,72
1669,37
1670,46
1671,69
1672,69
1673,43
1674,56
1675,67
1676,44
1677,48
1678,60
1679,65
1680,57
1681,57
1682,63
1683,58
1684,54
1685,51
1686,56
1687,70
1688,63
1689,45
1690,50
1691,60
1692,59
1693,45
1694,69
1695,57
1696,65
1697,74
1698,75
1699,47
1700,41
1701,58
1702,85
1703,55
1704,49
1705,60
1706,67
1707,49
1708,58
1709,47
1710,57
1711,54
1712,55
1713,46
1714,54
1715,50
1716,60
1717,58
1718,52
1719,55
1720,47
1721,53
1722,41
1723,45
1724,55
1725,46
1726,64
1727,49
1728,58
1729,56
1730,60
1731,59
1732,49
1733,60
1734,53
1735,50
1736,53
1737,45
1738,68
1739,55
1740,55
1741,49
1742,55
1743,52
1744,61
1745,61
1746,71
1747,66
1748,60
1749,62
1750,55
1751,46
1752,48
1753,38
1754,50
1755,39
1756,46
1757,45
1758,54
1759,34
1760,42
1761,43
1762,75
1763,41
1764,58
1765,75
1766,64
1767,43
1768,54
1769,67
1770,41
1771,63
1772,64
1773,41
1774,64
1775,42
1776,33
1777,49
1778,59
1779,57
1780,65
1781,47
1782,49
1783,52
1784,51
1785,53
1786,28
1787,40
1788,54
1789,55
1790,58
1791,50
1792,63
1793,83
1794,80
1795,62
1796,42
1797,80
1798,43
1799,57
1800,76
1801,68
1802,44
1803,62
1804,61
1805,51
1806,128
1807,53
1808,60
1809,55
1810,49
1811,55
1812,68
1813,50
1814,33
1815,38
1816,50
1817,52
1818,49
1819,66
1820,45
1821,58
1822,49
1823,64
1824,45
1825,48
1826,51
1827,49
1828,56
1829,69
1830,45
1831,52
1832,62
1833,67
1834,66
1835,49
1836,57
1837,50
1838,55
1839,66
1840,53
1841,59
1842,37
1843,60
1844,52
1845,39
1846,48
1847,48
1848,48
1849,51
1850,48
1851,49
1852,40
1853,38
1854,44
1855,56
1856,54
1857,56
1858,49
1859,41
1860,53
1861,41
1862,43
1863,43
1864,43
1865,49
1866,40
1867,50
1868,29
1869,59
1870,50
1871,41
1872,54
1873,55
1874,50
1875,43
1876,45
1877,47
1878,48
1879,46
1880,52
1881,55
1882,37
1883,53
1884,32
1885,46
1886,40
1887,45
1888,39
1889,57
1890,55
1891,39
1892,40
1893,62
1894,51
1895,46
1896,65
1897,41
1898,45
1899,43
1900,64
1901,64
1902,62
1903,48
1904,35
1905,41
1906,45
1907,45
1908,62
1909,39
1910,51
1911,58
1912,65
1913,34
1914,61
1915,41
1916,33
1917,33
1918,46
1919,41
1920,28
1921,46
1922,56
1923,49
1924,38
1925,40
1926,68
1927,44
1928,45
1929,54
1930,70
1931,49
1932,40
1933,48
1934,61
1935,42
1936,62
1937,58
1938,61
1939,42
1940,44
1941,30
1942,40
1943,41
1944,43
1945,51
1946,41
1947,47
1948,44
1949,64
1950,58
1951,37
1952,37
1953,43
1954,46
1955,43
1956,46
1957,42
1958,34
1959,40
1960,41
1961,35
1962,47
1963,39
1964,37
1965,31
1966,42
1967,51
1968,51
1969,41
1970,65
1971,42
1972,50
1973,45
1974,72
1975,68
1976,48
1977,54
1978,42
1979,51
1980,57
1981,50
1982,62
1983,54
1984,47
1985,48
1986,59
1987,48
1988,56
1989,38
1990,33
1991,71
1992,66
1993,47
1994,70
1995,43
1996,39
1997,41
1998,56
1999,43
2000,36
2001,44
2002,43
2003,46
2004,56
2005,51
2006,45
2007,45
2008,45
2009,46
2010,56
2011,32
2012,45
2013,36
2014,54
2015,40
2016,50
2017,83
2018,39
2019,41
2020,27
2021,46
2022,44
2023,34
2024,38
2025,26
2026,37
2027,52
2028,41
2029,36
2030,50
2031,42
2032,48
2033,58
2034,41
2035,54
2036,43
2037,62
2038,45
2039,40
2040,51
2041,28
2042,57
2043,50
2044,52
2045,49
2046,45
2047,58
2048,66
2049,39
2050,52
2051,46
2052,51
2053,72
2054,47
2055,56
2056,53
2057,55
2058,56
2059,42
2060,55
2061,40
2062,36
2063,25
2064,35
2065,47
2066,51
2067,68
2068,23
2069,39
2070,48
2071,49
2072,48
2073,60
2074,36
2075,35
2076,48
2077,59
2078,48
2079,53
2080,47
2081,65
2082,54
2083,55
2084,50
2085,43
2086,45
2087,34
2088,45
2089,51
2090,45
2091,50
2092,50
2093,34
2094,42
2095,47
2096,59
2097,41
2098,51
2099,33
2100,51
2101,39
2102,61
2103,54
2104,31
2105,41
2106,59
2107,50
2108,55
2109,64
2110,37
2111,48
2112,44
2113,51
2114,38
2115,52
2116,61
2117,52
2118,53
2119,68
2120,49
2121,42
2122,42
2123,51
2124,39
2125,48
2126,45
2127,58
2128,51
2129,53
2130,48
2131,54
2132,47
2133,49
2134,44
2135,41
2136,39
2137,36
2138,54
2139,53
2140,38
2141,39
2142,43
2143,50
2144,51
2145,44
2146,48
2147,39
2148,46
2149,53
2150,42
2151,35
2152,41
2153,36
2154,26
2155,33
2156,37
2157,37
2158,35
2159,31
2160,38
2161,50
2162,36
2163,30
2164,47
2165,53
2166,42
2167,42
2168,39
2169,46
2170,43
2171,38
2172,37
2173,38
2174,62
2175,58
2176,42
2177,45
2178,38
2179,42
2180,55
2181,50
2182,47
2183,38
2184,38
2185,58
2186,36
2187,37
2188,51
2189,47
2190,40
2191,45
2192,40
2193,31
2194,37
2195,36
2196,39
2197,50
2198,40
2199,50
2200,42
2201,36
2202,34
2203,42
2204,45
2205,39
2206,61
2207,42
2208,40
2209,34
2210,43
2211,47
2212,35
2213,48
2214,47
2215,46
2216,50
2217,52
2218,24
2219,49
2220,36
2221,40
2222,45
2223,46
2224,32
2225,42
2226,29
2227,34
2228,36
2229,47
2230,36
2231,50
2232,40
2233,30
2234,33
2235,34
2236,33
2237,40
2238,35
2239,42
2240,48
2241,30
2242,49
2243,41
2244,35
2245,39
2246,38
2247,43
2248,44
2249,39
2250,28
2251,37
2252,46
2253,52
2254,35
2255,55
2256,34
2257,36
2258,38
2259,31
2260,43
2261,37
2262,37
2263,48
2264,52
2265,33
2266,42
2267,47
2268,52
2269,50
2270,43
2271,23
2272,39
2273,41
2274,37
2275,41
2276,53
2277,49
2278,42
2279,29
2280,44
2281,50
2282,44
2283,35
2284,49
2285,51
2286,43
2287,32
2288,43
2289,32
2290,40
2291,56
2292,62
2293,81
2294,28
2295,32
2296,32
2297,42
2298,34
2299,44
2300,32
2301,48
2302,43
2303,41
2304,29
2305,52
2306,47
2307,34
2308,39
2309,39
2310,34
2311,40
2312,37
2313,33
2314,35
2315,49
2316,41
2317,47
2318,48
2319,28
2320,52
2321,50
2322,30
2323,51
2324,48
2325,34
2326,37
2327,46
2328,40
2329,37
2330,28
2331,51
2332,49
2333,42
2334,37
2335,36
2336,44
2337,46
2338,31
2339,38
2340,32
2341,50
2342,36
2343,37
2344,57
2345,44
2346,39
2347,50
2348,52
2349,43
2350,48
2351,35
2352,46
2353,38
2354,39
2355,27
2356,31
2357,41
2358,48
2359,24
2360,54
2361,46
2362,34
2363,46
2364,31
2365,47
2366,48
2367,38
2368,28
2369,47
2370,38
2371,48
2372,42
2373,44
2374,38
2375,52
2376,47
2377,37
2378,30
2379,45
2380,37
2381,38
2382,40
2383,36
2384,43
2385,42
2386,45
2387,42
2388,32
2389,42
2390,30
2391,38
2392,55
2393,24
2394,33
2395,34
2396,35
2397,37
2398,38
2399,51
2400,43
2401,53
2402,42
2403,47
2404,26
2405,40
2406,42
2407,36
2408,57
2409,53
2410,39
2411,41
2412,35
2413,42
2414,33
2415,37
2416,52
2417,35
2418,31
2419,40
2420,35
2421,33
2422,37
2423,33
2424,36
2425,41
2426,38
2427,42
2428,37
2429,37
2430,48
2431,40
2432,31
2433,39
2434,42
2435,39
2436,31
2437,32
2438,43
2439,27
2440,35
2441,45
2442,40
2443,31
2444,43
2445,30
2446,23
2447,33
2448,32
2449,31
2450,53
2451,34
2452,44
2453,30
2454,34
2455,38
2456,35
2457,33
2458,40
2459,43
2460,34
2461,42
2462,37
2463,43
2464,38
2465,36
2466,36
2467,50
2468,40
2469,21
2470,39
2471,32
2472,48
2473,41
2474,27
2475,32
2476,50
2477,44
2478,33
2479,31
2480,40
2481,42
2482,42
2483,37
2484,48
2485,38
2486,33
2487,37
2488,33
2489,32
2490,31
2491,30
2492,28
2493,38
2494,42
2495,27
2496,40
2497,45
2498,47
2499,40
2500,32
2501,34
2502,26
2503,30
2504,35
2505,37
2506,41
2507,32
2508,43
2509,36
2510,38
2511,40
2512,22
2513,34
2514,33
2515,33
2516,33
2517,49
2518,51
2519,35
2520,34
2521,47
2522,23
2523,40
2524,38
2525,32
2526,30
2527,38
2528,32
2529,39
2530,29
2531,25
2532,43
2533,44
2534,29
2535,28
2536,37
2537,30
2538,35
2539,31
2540,31
2541,34
2542,34
2543,29
2544,25
2545,27
2546,35
2547,29
2548,32
2549,33
2550,29
2551,38
2552,42
2553,28
2554,35
2555,31
2556,37
2557,29
2558,29
2559,43
2560,31
2561,35
2562,38
2563,34
2564,47
2565,37
2566,35
2567,32
2568,35
2569,36
2570,25
2571,35
2572,37
2573,42
2574,38
2575,31
2576,35
2577,26
2578,24
2579,30
2580,39
2581,29
2582,30
2583,40
2584,33
2585,33
2586,26
2587,34
2588,45
2589,36
2590,27
2591,28
2592,33
2593,43
2594,37
2595,43
2596,29
2597,37
2598,41
2599,28
2600,21
2601,30
2602,37
2603,34
2604,24
2605,29
2606,32
2607,26
2608,30
2609,23
2610,41
2611,26
2612,40
2613,33
2614,32
2615,32
2616,39
2617,58
2618,45
2619,38
2620,29
2621,26
2622,41
2623,33
2624,50
2625,34
2626,27
2627,47
2628,38
2629,38
2630,34
2631,41
2632,34
2633,33
2634,38
2635,32
2636,37
2637,40
2638,37
2639,38
2640,33
2641,37
2642,32
2643,37
2644,37
2645,44
2646,40
2647,42
2648,34
2649,33
2650,30
2651,29
2652,23
2653,31
2654,46
2655,23
2656,44
2657,35
2658,31
2659,33
2660,38
2661,25
2662,31
2663,30
2664,28
2665,37
2666,39
2667,35
2668,25
2669,23
2670,43
2671,36
2672,41
2673,65
2674,29
2675,39
2676,23
2677,41
2678,43
2679,48
2680,35
2681,42
2682,45
2683,30
2684,32
2685,38
2686,48
2687,29
2688,35
2689,50
2690,31
2691,45
2692,32
2693,29
2694,19
2695,43
2696,33
2697,35
2698,41
2699,39
2700,45
2701,44
2702,48
2703,29
2704,36
2705,22
2706,45
2707,30
2708,39
2709,23
2710,37
2711,29
2712,41
2713,47
2714,37
2715,31
2716,33
2717,25
2718,37
2719,43
2720,38
2721,36
2722,43
2723,32
2724,43
2725,32
2726,41
2727,42
2728,33
2729,39
2730,37
2731,42
2732,40
2733,32
2734,38
2735,48
2736,48
2737,35
2738,31
2739,34
2740,19
2741,40
2742,41
2743,29
2744,25
2745,31
2746,24
2747,43
2748,36
2749,32
2750,40
2751,43
2752,45
2753,33
2754,33
2755,33
2756,44
2757,34
2758,37
2759,34
2760,62
2761,46
2762,47
2763,44
2764,50
2765,33
2766,39
2767,32
2768,31
2769,35
2770,28
2771,50
2772,21
2773,45
2774,29
2775,32
2776,46
2777,34
2778,52
2779,48
2780,44
2781,28
2782,30
2783,29
2784,27
2785,27
2786,36
2787,31
2788,26
2789,30
2790,23
2791,29
2792,39
2793,33
2794,27
2795,33
2796,24
2797,31
2798,26
2799,32
2800,34
2801,40
2802,51
2803,29
2804,38
2805,31
2806,33
2807,38
2808,26
2809,33
2810,31
2811,29
2812,34
2813,33
2814,33
2815,33
2816,30
2817,32
2818,39
2819,37
2820,33
2821,21
2822,26
2823,29
2824,25
2825,38
2826,36
2827,32
2828,35
2829,30
2830,37
2831,32
2832,52
2833,37
2834,37
2835,28
2836,29
2837,33
2838,41
2839,36
2840,35
2841,42
2842,43
2843,26
2844,38
2845,19
2846,35
2847,36
2848,28
2849,30
2850,28
2851,30
2852,31
2853,29
2854,36
2855,42
2856,41
2857,30
2858,34
2859,34
2860,35
2861,23
2862,32
2863,27
2864,32
2865,37
2866,49
2867,31
2868,29
2869,29
2870,27
2871,30
2872,22
2873,25
2874,35
2875,25
2876,32
2877,30
2878,30
2879,30
2880,27
2881,36
2882,25
2883,31
2884,27
2885,39
2886,39
2887,30
2888,28
2889,32
2890,50
2891,42
2892,48
2893,39
2894,26
2895,35
2896,42
2897,32
2898,50
2899,31
2900,27
2901,31
2902,27
2903,43
2904,45
2905,37
2906,35
2907,26
2908,47
2909,48
2910,43
2911,57
2912,44
2913,29
2914,30
2915,54
2916,28
2917,23
2918,31
2919,29
2920,36
2921,25
2922,26
2923,31
2924,45
2925,43
2926,22
2927,25
2928,37
2929,27
2930,34
2931,38
2932,40
2933,33
2934,26
2935,31
2936,45
2937,32
2938,37
2939,35
2940,33
2941,28
2942,47
2943,41
2944,21
2945,38
2946,28
2947,37
2948,35
2949,27
2950,24
2951,37
2952,47
2953,31
2954,24
2955,30
2956,25
2957,31
2958,32
2959,25
2960,39
2961,24
2962,17
2963,35
2964,28
2965,29
2966,29
2967,34
2968,49
2969,38
2970,41
2971,28
2972,38
2973,38
2974,56
2975,18
2976,18
2977,28
2978,29
2979,27
2980,25
2981,34
2982,41
2983,25
2984,40
2985,32
2986,33
2987,31
2988,37
2989,25
2990,38
2991,31
2992,21
2993,31
2994,35
2995,28
2996,29
2997,29
2998,19
2999,22
3000,37
3001,35
3002,39
3003,28
3004,27
3005,24
3006,31
3007,32
3008,29
3009,42
3010,18
3011,34
3012,30
3013,23
3014,37
3015,40
3016,33
3017,31
3018,44
3019,41
3020,32
3021,49
3022,34
3023,27
3024,27
3025,35
3026,28
3027,34
3028,57
3029,38
3030,32
3031,24
3032,41
3033,35
3034,26
3035,29
3036,37
3037,32
3038,24
3039,39
3040,27
3041,30
3042,31
3043,28
3044,31
3045,22
3046,26
3047,24
3048,26
3049,43
3050,41
3051,18
3052,32
3053,40
3054,28
3055,24
3056,33
3057,33
3058,43
3059,23
3060,21
3061,40
3062,22
3063,25
3064,35
3065,23
3066,33
3067,30
3068,20
3069,25
3070,33
3071,38
3072,37
3073,36
3074,17
3075,37
3076,27
3077,40
3078,29
3079,35
3080,22
3081,25
3082,30
3083,30
3084,20
3085,33
3086,24
3087,41
3088,40
3089,38
3090,31
3091,25
3092,26
3093,32
3094,38
3095,26
3096,36
3097,19
3098,24
3099,34
3100,24
3101,29
3102,40
3103,25
3104,36
3105,33
3106,32
3107,21
3108,34
3109,20
3110,24
3111,38
3112,30
3113,35
3114,28
3115,35
3116,23
3117,38
3118,29
3119,34
3120,51
3121,24
3122,30
3123,39
3124,37
3125,33
3126,47
3127,32
3128,29
3129,39
3130,26
3131,26
3132,22
3133,35
3134,25
3135,55
3136,31
3137,38
3138,31
3139,41
3140,31
3141,32
3142,25
3143,35
3144,24
3145,26
3146,30
3147,33
3148,24
3149,31
3150,29
3151,29
3152,37
3153,33
3154,28
3155,23
3156,26
3157,21
3158,22
3159,18
3160,34
3161,23
3162,36
3163,26
3164,32
3165,28
3166,39
3167,45
3168,39
3169,22
3170,23
3171,29
3172,30
3173,32
3174,38
3175,24
3176,28
3177,28
3178,18
3179,37
3180,34
3181,35
3182,39
3183,25
3184,21
3185,32
3186,36
3187,40
3188,26
3189,29
3190,36
3191,23
3192,29
3193,32
3194,31
3195,20
3196,22
3197,22
3198,20
3199,20
3200,26
3201,49
3202,28
3203,32
3204,41
3205,23
3206,32
3207,45
3208,25
3209,28
3210,20
3211,28
3212,29
3213,45
3214,36
3215,21
3216,25
3217,19
3218,29
3219,31
3220,119
3221,28
3222,18
3223,36
3224,23
3225,37
3226,37
3227,25
3228,16
3229,25
3230,24
3231,28
3232,25
3233,27
3234,20
3235,17
3236,18
3237,20
3238,22
3239,32
3240,29
3241,24
3242,29
3243,47
3244,23
3245,41
3246,26
3247,27
3248,22
3249,17
3250,24
3251,22
3252,33
3253,19
3254,20
3255,24
3256,31
3257,32
3258,34
3259,46
3260,47
3261,22
3262,30
3263,27
3264,27
3265,32
3266,29
3267,30
3268,33
3269,26
3270,37
3271,39
3272,51
3273,25
3274,22
3275,26
3276,24
3277,30
3278,35
3279,39
3280,30
3281,27
3282,43
3283,38
3284,19
3285,26
3286,25
3287,32
3288,27
3289,36
3290,30
3291,31
3292,27
3293,35
3294,16
3295,23
3296,31
3297,35
3298,33
3299,24
3300,23
3301,28
3302,28
3303,41
3304,28
3305,38
3306,28
3307,34
3308,25
3309,34
3310,42
3311,25
3312,29
3313,23
3314,28
3315,24
3316,31
3317,22
3318,36
3319,24
3320,26
3321,21
3322,23
3323,30
3324,23
3325,19
3326,14
3327,21
3328,20
3329,18
3330,21
3331,32
3332,24
3333,31
3334,30
3335,29
3336,33
3337,35
3338,27
3339,35
3340,27
3341,29
3342,26
3343,36
3344,42
3345,28
3346,25
3347,24
3348,29
3349,15
3350,24
3351,20
3352,30
3353,21
3354,32
3355,34
3356,24
3357,20
3358,34
3359,29
3360,21
3361,30
3362,34
3363,23
3364,35
3365,22
3366,21
3367,35
3368,23
3369,28
3370,21
3371,26
3372,36
3373,25
3374,24
3375,18
3376,30
3377,39
3378,30
3379,24
3380,23
3381,49
3382,34
3383,20
3384,23
3385,30
3386,27
3387,34
3388,33
3389,26
3390,22
3391,30
3392,25
3393,23
3394,21
3395,28
3396,42
3397,19
3398,34
3399,17
3400,22
3401,17
3402,13
3403,18
3404,14
3405,29
3406,23
3407,19
3408,24
3409,17
3410,30
3411,18
3412,31
3413,19
3414,23
3415,25
3416,21
3417,17
3418,32
3419,21
3420,18
3421,22
3422,20
3423,35
3424,23
3425,22
3426,31
3427,29
3428,24
3429,24
3430,32
3431,24
3432,32
3433,28
3434,38
3435,36
3436,24
3437,35
3438,67
3439,26
3440,15
3441,24
3442,22
3443,24
3444,38
3445,37
3446,33
3447,24
3448,37
3449,28
3450,30
3451,18
3452,33
3453,27
3454,37
3455,27
3456,30
3457,31
3458,17
3459,34
3460,35
3461,24
3462,24
3463,37
3464,32
3465,17
3466,27
3467,31
3468,37
3469,35
3470,34
3471,17
3472,35
3473,20
3474,28
3475,25
3476,23
3477,20
3478,36
3479,28
3480,25
3481,22
3482,30
3483,35
3484,21
3485,28
3486,22
3487,26
3488,21
3489,26
3490,32
3491,29
3492,20
3493,29
3494,12
3495,36
3496,24
3497,28
3498,17
3499,34
3500,29
3501,28
3502,29
3503,8
3504,24
3505,30
3506,29
3507,22
3508,22
3509,30
3510,24
3511,22
3512,36
3513,24
3514,32
3515,15
3516,35
3517,20
3518,24
3519,29
3520,21
3521,26
3522,26
3523,22
3524,29
3525,27
3526,29
3527,31
3528,24
3529,29
3530,21
3531,25
3532,26
3533,27
3534,20
3535,20
3536,30
3537,14
3538,19
3539,24
3540,22
3541,25
3542,33
3543,35
3544,33
3545,14
3546,23
3547,17
3548,17
3549,19
3550,27
3551,20
3552,38
3553,25
3554,16
3555,19
3556,9
3557,26
3558,24
3559,27
3560,24
3561,18
3562,19
3563,25
3564,22
3565,26
3566,23
3567,22
3568,15
3569,24
3570,25
3571,24
3572,27
3573,19
3574,30
3575,25
3576,16
3577,27
3578,20
3579,19
3580,26
3581,28
3582,24
3583,30
3584,38
3585,20
3586,23
3587,27
3588,28
3589,22
3590,17
3591,18
3592,20
3593,27
3594,26
3595,18
3596,17
3597,25
3598,23
3599,31
3600,42
3601,27
3602,28
3603,14
3604,28
3605,33
3606,27
3607,34
3608,19
3609,29
3610,23
3611,15
3612,20
3613,25
3614,15
3615,35
3616,26
3617,26
3618,20
3619,13
3620,26
3621,23
3622,22
3623,24
3624,10
3625,17
3626,25
3627,19
3628,24
3629,29
3630,18
3631,23
3632,29
3633,32
3634,26
3635,36
3636,28
3637,24
3638,11
3639,22
3640,20
3641,21
3642,21
3643,18
3644,19
3645,24
3646,15
3647,25
3648,18
3649,21
3650,19
3651,31
3652,22
3653,25
3654,34
3655,21
3656,24
3657,20
3658,35
3659,33
3660,20
3661,27
3662,23
3663,28
3664,25
3665,19
3666,25
3667,17
3668,31
3669,24
3670,26
3671,26
3672,24
3673,24
3674,10
3675,19
3676,26
3677,26
3678,34
3679,30
3680,21
3681,22
3682,47
3683,31
3684,23
3685,24
3686,30
3687,26
3688,23
3689,32
3690,34
3691,27
3692,20
3693,27
3694,17
3695,27
3696,32
3697,15
3698,27
3699,11
3700,23
3701,17
3702,16
3703,31
3704,18
3705,21
3706,24
3707,25
3708,21
3709,24
3710,24
3711,18
3712,24
3713,14
3714,21
3715,21
3716,30
3717,15
3718,20
3719,31
3720,27
3721,22
3722,40
3723,21
3724,24
3725,29
3726,23
3727,32
3728,25
3729,21
3730,32
3731,17
3732,21
3733,26
3734,21
3735,14
3736,31
3737,31
3738,42
3739,16
3740,29
3741,29
3742,22
3743,18
3744,28
3745,24
3746,25
3747,26
3748,25
3749,18
3750,30
3751,27
3752,19
3753,31
3754,24
3755,22
3756,28
3757,28
3758,25
3759,25
3760,26
3761,25
3762,18
3763,17
3764,20
3765,24
3766,20
3767,29
3768,26
3769,22
3770,20
3771,29
3772,33
3773,29
3774,20
3775,16
3776,21
3777,28
3778,17
3779,18
3780,23
3781,28
3782,13
3783,26
3784,25
3785,25
3786,21
3787,31
3788,25
3789,31
3790,13
3791,23
3792,19
3793,30
3794,20
3795,19
3796,36
3797,22
3798,23
3799,18
3800,31
3801,32
3802,25
3803,29
3804,25
3805,22
3806,28
3807,31
3808,16
3809,33
3810,19
3811,21
3812,21
3813,29
3814,31
3815,16
3816,20
3817,18
3818,23
3819,24
3820,22
3821,29
3822,27
3823,30
3824,25
3825,27
3826,13
3827,26
3828,29
3829,21
3830,31
3831,24
3832,18
3833,15
3834,19
3835,25
3836,25
3837,24
3838,22
3839,26
3840,30
3841,22
3842,16
3843,17
3844,18
3845,24
3846,16
3847,18
3848,17
3849,21
3850,23
3851,23
3852,21
3853,24
3854,23
3855,32
3856,30
3857,20
3858,16
3859,19
3860,22
3861,31
3862,30
3863,26
3864,25
3865,35
3866,26
3867,27
3868,24
3869,15
3870,19
3871,30
3872,39
3873,25
3874,21
3875,24
3876,17
3877,15
3878,19
3879,26
3880,23
3881,17
3882,27
3883,30
3884,34
3885,22
3886,24
3887,25
3888,28
3889,24
3890,25
3891,37
3892,26
3893,18
3894,15
3895,19
3896,31
3897,29
3898,23
3899,23
3900,24
3901,26
3902,31
3903,31
3904,17
3905,19
3906,18
3907,12
3908,28
3909,23
3910,21
3911,40
3912,30
3913,20
3914,25
3915,25
3916,24
3917,27
3918,32
3919,22
3920,35
3921,22
3922,15
3923,21
3924,20
3925,28
3926,20
3927,22
3928,22
3929,18
3930,28
3931,18
3932,13
3933,26
3934,21
3935,16
3936,30
3937,22
3938,21
3939,12
3940,23
3941,30
3942,15
3943,29
3944,26
3945,32
3946,26
3947,37
3948,20
3949,18
3950,23
3951,27
3952,22
3953,14
3954,15
3955,28
3956,25
3957,34
3958,32
3959,19
3960,21
3961,15
3962,34
3963,21
3964,28
3965,19
3966,16
3967,20
3968,14
3969,16
3970,21
3971,29
3972,15
3973,17
3974,17
3975,22
3976,37
3977,15
3978,24
3979,22
3980,35
3981,26
3982,22
3983,13
3984,21
3985,35
3986,25
3987,40
3988,19
3989,20
3990,31
3991,24
3992,14
3993,15
3994,13
3995,17
3996,17
3997,26
3998,13
3999,18
4000,22
4001,24
4002,18
4003,30
4004,23
4005,18
4006,28
4007,21
4008,15
4009,21
4010,17
4011,16
4012,21
4013,21
4014,22
4015,14
4016,21
4017,19
4018,18
4019,21
4020,26
4021,14
4022,20
4023,34
4024,10
4025,16
4026,17
4027,22
4028,21
4029,15
4030,15
4031,16
4032,26
4033,17
4034,14
4035,23
4036,21
4037,14
4038,16
4039,19
4040,14
4041,16
4042,21
4043,18
4044,24
4045,13
4046,25
4047,15
4048,20
4049,23
4050,17
4051,14
4052,11
4053,22
4054,16
4055,20
4056,21
4057,27
4058,16
4059,16
4060,28
4061,21
4062,20
4063,20
4064,20
4065,16
4066,21
4067,14
4068,16
4069,13
4070,15
4071,13
4072,15
4073,23
4074,15
4075,21
4076,18
4077,16
4078,21
4079,18
4080,17
4081,16
4082,30
4083,17
4084,29
4085,21
4086,32
4087,41
4088,31
4089,20
4090,23
4091,26
4092,25
4093,25
4094,25
4095,18
4096,28
4097,14
4098,29
4099,24
4100,26
4101,28
4102,24
4103,18
4104,19
4105,23
4106,21
4107,18
4108,17
4109,31
4110,21
4111,28
4112,13
4113,19
4114,18
4115,14
4116,16
4117,17
4118,16
4119,18
4120,17
4121,24
4122,14
4123,31
4124,12
4125,13
4126,19
4127,23
4128,24
4129,20
4130,23
4131,20
4132,13
4133,32
4134,15
4135,26
4136,26
4137,34
4138,14
4139,24
4140,33
4141,32
4142,24
4143,17
4144,18
4145,21
4146,20
4147,17
4148,17
4149,20
4150,28
4151,19
4152,17
4153,21
4154,19
4155,16
4156,21
4157,23
4158,14
4159,29
4160,19
4161,24
4162,26
4163,19
4164,18
4165,24
4166,21
4167,24
4168,21
4169,14
4170,28
4171,12
4172,14
4173,14
4174,13
4175,15
4176,16
4177,20
4178,14
4179,17
4180,17
4181,17
4182,15
4183,13
4184,13
4185,20
4186,19
4187,17
4188,12
4189,20
4190,13
4191,20
4192,21
4193,17
4194,12
4195,17
4196,12
4197,13
4198,19
4199,25
4200,21
4201,18
4202,22
4203,21
4204,16
4205,15
4206,22
4207,22
4208,24
4209,24
4210,21
4211,19
4212,14
4213,21
4214,16
4215,17
4216,23
4217,19
4218,19
4219,19
4220,27
4221,15
4222,21
4223,13
4224,21
4225,21
4226,17
4227,20
4228,34
4229,16
4230,29
4231,22
4232,25
4233,24
4234,24
4235,22
4236,4
4237,16
4238,21
4239,20
4240,11
4241,16
4242,24
4243,18
4244,20
4245,17
4246,11
4247,30
4248,23
4249,35
4250,21
4251,16
4252,22
4253,24
4254,23
4255,15
4256,27
4257,26
4258,22
4259,24
4260,21
4261,16
4262,18
4263,28
4264,14
4265,20
4266,25
4267,18
4268,14
4269,15
4270,16
4271,29
4272,16
4273,23
4274,17
4275,22
4276,20
4277,28
4278,22
4279,36
4280,16
4281,33
4282,11
4283,30
4284,24
4285,22
4286,16
4287,16
4288,10
4289,15
4290,20
4291,22
4292,26
4293,16
4294,23
4295,23
4296,16
4297,17
4298,28
4299,28
4300,27
4301,20
4302,23
4303,21
4304,37
4305,15
4306,20
4307,14
4308,19
4309,18
4310,16
4311,10
4312,12
4313,4
4314,21
4315,20
4316,11
4317,17
4318,16
4319,19
4320,11
4321,13
4322,10
4323,17
4324,17
4325,23
4326,15
4327,25
4328,15
4329,15
4330,14
4331,23
4332,12
4333,31
4334,9
4335,13
4336,9
4337,21
4338,23
4339,28
4340,19
4341,30
4342,17
4343,16
4344,26
4345,23
4346,22
4347,27
4348,18
4349,19
4350,38
4351,20
4352,20
4353,32
4354,22
4355,18
4356,18
4357,17
4358,19
4359,27
4360,14
4361,22
4362,18
4363,22
4364,17
4365,19
4366,19
4367,25
4368,24
4369,17
4370,19
4371,18
4372,15
4373,9
4374,21
4375,14
4376,8
4377,14
4378,23
4379,17
4380,13
4381,24
4382,10
4383,22
4384,16
4385,18
4386,21
4387,18
4388,19
4389,13
4390,21
4391,27
4392,24
4393,30
4394,17
4395,12
4396,22
4397,20
4398,12
4399,29
4400,28
4401,28
4402,15
4403,27
4404,16
4405,15
4406,19
4407,26
4408,16
4409,18
4410,19
4411,16
4412,10
4413,13
4414,27
4415,23
4416,15
4417,26
4418,20
4419,23
4420,24
4421,10
4422,11
4423,19
4424,18
4425,21
4426,21
4427,14
4428,19
4429,14
4430,21
4431,25
4432,27
4433,23
4434,15
4435,12
4436,13
4437,19
4438,14
4439,16
4440,9
4441,11
4442,13
4443,20
4444,20
4445,23
4446,12
4447,9
4448,18
4449,18
4450,20
4451,15
4452,20
4453,14
4454,14
4455,12
4456,15
4457,27
4458,14
4459,21
4460,10
4461,20
4462,16
4463,11
4464,17
4465,25
4466,17
4467,35
4468,18
4469,22
4470,14
4471,22
4472,25
4473,17
4474,35
4475,31
4476,23
4477,27
4478,19
4479,17
4480,12
4481,18
4482,29
4483,21
4484,38
4485,16
4486,32
4487,15
4488,25
4489,17
4490,21
4491,31
4492,24
4493,18
4494,27
4495,16
4496,26
4497,17
4498,30
4499,16
4500,22
4501,20
4502,15
4503,23
4504,13
4505,13
4506,21
4507,12
4508,18
4509,11
4510,19
4511,29
4512,19
4513,23
4514,30
4515,22
4516,12
4517,19
4518,15
4519,16
4520,21
4521,14
4522,14
4523,33
4524,26
4525,27
4526,14
4527,21
4528,16
4529,6
4530,13
4531,16
4532,22
4533,19
4534,23
4535,28
4536,22
4537,13
4538,19
4539,15
4540,14
4541,23
4542,24
4543,22
4544,17
4545,18
4546,17
4547,19
4548,16
4549,19
4550,17
4551,17
4552,10
4553,18
4554,18
4555,27
4556,18
4557,19
4558,14
4559,20
4560,15
4561,24
4562,16
4563,25
4564,21
4565,11
4566,25
4567,29
4568,23
4569,24
4570,17
4571,20
4572,9
4573,24
4574,17
4575,17
4576,18
4577,19
4578,20
4579,10
4580,16
4581,15
4582,20
4583,14
4584,13
4585,22
4586,22
4587,25
4588,19
4589,14
4590,19
4591,11
4592,29
4593,15
4594,19
4595,16
4596,14
4597,21
4598,20
4599,12
4600,15
4601,13
4602,11
4603,11
4604,14
4605,16
4606,11
4607,21
4608,13
4609,22
4610,19
4611,16
4612,23
4613,19
4614,8
4615,18
4616,21
4617,19
4618,15
4619,23
4620,16
4621,24
4622,21
4623,11
4624,23
4625,25
4626,29
4627,12
4628,17
4629,24
4630,16
4631,19
4632,16
4633,13
4634,18
4635,18
4636,21
4637,12
4638,14
4639,16
4640,21
4641,17
4642,11
4643,13
4644,14
4645,27
4646,20
4647,21
4648,13
4649,15
4650,17
4651,24
4652,11
4653,24
4654,12
4655,21
4656,10
4657,16
4658,18
4659,22
4660,23
4661,17
4662,11
4663,20
4664,16
4665,14
4666,21
4667,19
4668,20
4669,27
4670,21
4671,17
4672,15
4673,9
4674,14
4675,10
4676,14
4677,18
4678,16
4679,22
4680,18
4681,12
4682,14
4683,22
4684,15
4685,25
4686,19
4687,19
4688,7
4689,15
4690,13
4691,17
4692,15
4693,42
4694,16
4695,16
4696,17
4697,23
4698,23
4699,20
4700,11
4701,17
4702,11
4703,23
4704,15
4705,17
4706,11
4707,16
4708,21
4709,30
4710,22
4711,13
4712,9
4713,19
4714,14
4715,21
4716,19
4717,17
4718,23
4719,16
4720,12
4721,24
4722,21
4723,14
4724,11
4725,24
4726,11
4727,14
4728,9
4729,11
4730,17
4731,12
4732,23
4733,29
4734,21
4735,28
4736,18
4737,19
4738,25
4739,13
4740,14
4741,12
4742,21
4743,17
4744,17
4745,17
4746,18
4747,15
4748,8
4749,14
4750,19
4751,14
4752,15
4753,16
4754,12
4755,16
4756,13
4757,19
4758,22
4759,12
4760,21
4761,24
4762,16
4763,23
4764,15
4765,8
4766,12
4767,17
4768,26
4769,21
4770,12
4771,20
4772,26
4773,22
4774,20
4775,29
4776,13
4777,10
4778,22
4779,22
4780,22
4781,16
4782,17
4783,26
4784,16
4785,23
4786,19
4787,22
4788,18
4789,13
4790,13
4791,21
4792,16
4793,16
4794,13
4795,26
4796,20
4797,18
4798,12
4799,10
4800,20
4801,18
4802,10
4803,16
4804,11
4805,15
4806,20
4807,17
4808,18
4809,16
4810,15
4811,16
4812,23
4813,18
4814,22
4815,12
4816,13
4817,14
4818,16
4819,13
4820,17
4821,16
4822,18
4823,12
4824,11
4825,16
4826,15
4827,12
4828,19
4829,21
4830,14
4831,19
4832,17
4833,24
4834,14
4835,21
4836,19
4837,15
4838,8
4839,14
4840,17
4841,18
4842,18
4843,29
4844,23
4845,19
4846,16
4847,12
4848,20
4849,11
4850,20
4851,9
4852,14
4853,12
4854,17
4855,12
4856,16
4857,11
4858,20
4859,14
4860,14
4861,14
4862,15
4863,13
4864,14
4865,10
4866,16
4867,16
4868,13
4869,9
4870,10
4871,15
4872,14
4873,13
4874,9
4875,19
4876,15
4877,13
4878,10
4879,10
4880,22
4881,18
4882,12
4883,14
4884,23
4885,19
4886,21
4887,20
4888,18
4889,13
4890,10
4891,11
4892,21
4893,9
4894,17
4895,11
4896,11
4897,11
4898,17
4899,10
4900,12
4901,14
4902,18
4903,9
4904,13
4905,10
4906,15
4907,7
4908,40
4909,18
4910,19
4911,18
4912,17
4913,15
4914,18
4915,10
4916,15
4917,17
4918,23
4919,17
4920,10
4921,21
4922,19
4923,15
4924,26
4925,17
4926,10
4927,13
4928,9
4929,15
4930,13
4931,17
4932,12
4933,15
4934,14
4935,8
4936,13
4937,12
4938,13
4939,12
4940,14
4941,17
4942,12
4943,17
4944,12
4945,16
4946,9
4947,25
4948,18
4949,23
4950,24
4951,17
4952,14
4953,11
4954,24
4955,16
4956,15
4957,16
4958,18
4959,33
4960,24
4961,16
4962,15
4963,16
4964,18
4965,22
4966,13
4967,20
4968,11
4969,16
4970,23
4971,12
4972,12
4973,15
4974,19
4975,12
4976,17
4977,8
4978,15
4979,16
4980,23
4981,20
4982,15
4983,14
4984,23
4985,20
4986,15
4987,9
4988,17
4989,22
4990,11
4991,12
4992,11
4993,9
4994,30
4995,17
4996,16
4997,26
4998,19
4999,10
5000,20
5001,14
5002,26
5003,11
5004,21
5005,21
5006,21
5007,19
5008,11
5009,8
5010,11
5011,14
5012,20
5013,20
5014,21
5015,11
5016,20
5017,20
5018,11
5019,17
5020,10
5021,18
5022,15
5023,14
5024,9
5025,7
5026,23
5027,16
5028,18
5029,17
5030,8
5031,8
5032,15
5033,15
5034,16
5035,17
5036,15
5037,38
5038,11
5039,34
5040,18
5041,7
5042,11
5043,25
5044,11
5045,20
5046,15
5047,27
5048,23
5049,21
5050,13
5051,7
5052,22
5053,13
5054,21
5055,24
5056,17
5057,24
5058,17
5059,14
5060,12
5061,20
5062,16
5063,15
5064,10
5065,14
5066,19
5067,8
5068,15
5069,11
5070,21
5071,11
5072,20
5073,17
5074,23
5075,31
5076,17
5077,15
5078,29
5079,17
5080,21
5081,14
5082,11
5083,16
5084,22
5085,17
5086,16
5087,24
5088,19
5089,20
5090,25
5091,25
5092,14
5093,22
5094,18
5095,22
5096,14
5097,14
5098,16
5099,15
5100,11
5101,23
5102,19
5103,17
5104,12
5105,21
5106,13
5107,15
5108,15
5109,19
5110,15
5111,25
5112,17
5113,10
5114,23
5115,17
5116,9
5117,18
5118,22
5119,22
5120,16
5121,20
5122,21
5123,26
5124,17
5125,21
5126,20
5127,8
5128,11
5129,16
5130,23
5131,19
5132,16
5133,15
5134,19
5135,21
5136,21
5137,19
5138,12
5139,19
5140,17
5141,14
5142,16
5143,20
5144,31
5145,16
5146,16
5147,19
5148,15
5149,18
5150,18
5151,13
5152,19
5153,11
5154,17
5155,19
5156,12
5157,13
5158,18
5159,27
5160,18
5161,17
5162,24
5163,16
5164,20
5165,10
5166,23
5167,22
5168,12
5169,23
5170,13
5171,21
5172,19
5173,13
5174,17
5175,10
5176,16
5177,17
5178,20
5179,15
5180,11
5181,11
5182,11
5183,13
5184,25
5185,13
5186,18
5187,24
5188,21
5189,12
5190,17
5191,15
5192,18
5193,10
5194,8
5195,14
5196,12
5197,9
5198,9
5199,15
5200,12
5201,10
5202,11
5203,13
5204,10
5205,12
5206,12
5207,30
5208,14
5209,10
5210,28
5211,14
5212,18
5213,8
5214,10
5215,20
5216,17
5217,10
5218,10
5219,15
5220,13
5221,15
5222,20
5223,16
5224,12
5225,22
5226,23
5227,19
5228,16
5229,13
5230,13
5231,10
5232,18
5233,10
5234,18
5235,11
5236,8
5237,15
5238,19
5239,18
5240,12
5241,24
5242,10
5243,12
5244,15
5245,18
5246,14
5247,13
5248,12
5249,7
5250,13
5251,15
5252,18
5253,19
5254,19
5255,22
5256,22
5257,14
5258,23
5259,21
5260,12
5261,7
5262,15
5263,16
5264,20
5265,9
5266,10
5267,15
5268,18
5269,14
5270,18
5271,17
5272,21
5273,12
5274,12
5275,21
5276,16
5277,14
5278,12
5279,14
5280,19
5281,12
5282,18
5283,19
5284,15
5285,12
5286,13
5287,20
5288,6
5289,14
5290,10
5291,21
5292,18
5293,9
5294,15
5295,15
5296,10
5297,17
5298,17
5299,25
5300,12
5301,16
5302,16
5303,16
5304,7
5305,15
5306,8
5307,13
5308,10
5309,16
5310,12
5311,16
5312,19
5313,17
5314,18
5315,10
5316,9
5317,24
5318,10
5319,18
5320,12
5321,14
5322,7
5323,14
5324,14
5325,14
5326,12
5327,17
5328,9
5329,16
5330,14
5331,14
5332,9
5333,21
5334,12
5335,19
5336,14
5337,9
5338,16
5339,12
5340,21
5341,16
5342,14
5343,17
5344,10
5345,16
5346,34
5347,10
5348,20
5349,20
5350,16
5351,10
5352,13
5353,34
5354,16
5355,11
5356,12
5357,18
5358,19
5359,14
5360,21
5361,12
5362,27
5363,12
5364,14
5365,12
5366,12
5367,13
5368,17
5369,15
5370,17
5371,11
5372,17
5373,11
5374,18
5375,10
5376,19
5377,14
5378,13
5379,9
5380,16
5381,7
5382,27
5383,21
5384,16
5385,14
5386,13
5387,11
5388,12
5389,13
5390,8
5391,13
5392,13
5393,23
5394,15
5395,10
5396,17
5397,10
5398,16
5399,11
5400,11
5401,14
5402,19
5403,17
5404,17
5405,20
5406,11
5407,12
5408,18
5409,15
5410,14
5411,18
5412,13
5413,11
5414,11
5415,12
5416,15
5417,13
5418,13
5419,16
5420,15
5421,12
5422,13
5423,14
5424,18
5425,13
5426,5
5427,16
5428,7
5429,13
5430,17
5431,16
5432,20
5433,20
5434,18
5435,14
5436,10
5437,11
5438,13
5439,17
5440,13
5441,17
5442,16
5443,20
5444,18
5445,14
5446,21
5447,12
5448,7
5449,18
5450,12
5451,16
5452,16
5453,20
5454,17
5455,17
5456,7
5457,14
5458,24
5459,16
5460,13
5461,12
5462,19
5463,12
5464,17
5465,10
5466,16
5467,12
5468,23
5469,13
5470,15
5471,14
5472,14
5473,5
5474,22
5475,22
5476,14
5477,10
5478,6
5479,15
5480,14
5481,13
5482,11
5483,24
5484,17
5485,28
5486,18
5487,15
5488,11
5489,17
5490,10
5491,13
5492,17
5493,12
5494,10
5495,22
5496,21
5497,8
5498,11
5499,14
5500,19
5501,19
5502,8
5503,13
5504,13
5505,11
5506,11
5507,12
5508,18
5509,12
5510,20
5511,8
5512,15
5513,10
5514,15
5515,32
5516,19
5517,14
5518,7
5519,16
5520,7
5521,12
5522,15
5523,13
5524,19
5525,12
5526,18
5527,17
5528,15
5529,19
5530,14
5531,10
5532,12
5533,23
5534,18
5535,12
5536,5
5537,5
5538,5
5539,9
5540,8
5541,14
5542,15
5543,9
5544,7
5545,18
5546,11
5547,7
5548,10
5549,10
5550,9
5551,10
5552,21
5553,15
5554,14
5555,13
5556,12
5557,8
5558,6
5559,19
5560,7
5561,17
5562,10
5563,30
5564,36
5565,6
5566,14
5567,22
5568,21
5569,18
5570,20
5571,8
5572,8
5573,11
5574,14
5575,16
5576,5
5577,17
5578,16
5579,14
5580,16
5581,16
5582,6
5583,15
5584,17
5585,18
5586,10
5587,15
5588,16
5589,18
5590,18
5591,11
5592,10
5593,6
5594,10
5595,21
5596,18
5597,22
5598,15
5599,12
5600,12
5601,22
5602,9
5603,16
5604,11
5605,8
5606,9
5607,19
5608,14
5609,6
5610,10
5611,11
5612,16
5613,11
5614,22
5615,14
5616,18
5617,11
5618,13
5619,9
5620,12
5621,13
5622,13
5623,6
5624,16
5625,13
5626,15
5627,11
5628,12
5629,16
5630,14
5631,8
5632,12
5633,9
5634,15
5635,16
5636,9
5637,18
5638,11
5639,17
5640,14
5641,14
5642,13
5643,6
5644,10
5645,13
5646,12
5647,13
5648,11
5649,11
5650,37
5651,14
5652,13
5653,11
5654,9
5655,13
5656,9
5657,5
5658,12
5659,10
5660,17
5661,22
5662,16
5663,17
5664,14
5665,18
5666,32
5667,12
5668,10
5669,9
5670,22
5671,11
5672,12
5673,6
5674,20
5675,12
5676,8
5677,10
5678,12
5679,9
5680,13
5681,18
5682,16
5683,21
5684,14
5685,22
5686,11
5687,18
5688,17
5689,11
5690,17
5691,14
5692,21
5693,19
5694,19
5695,13
5696,18
5697,7
5698,15
5699,15
5700,13
5701,14
5702,8
5703,12
5704,14
5705,18
5706,46
5707,20
5708,17
5709,11
5710,12
5711,16
5712,16
5713,18
5714,16
5715,19
5716,14
5717,13
5718,16
5719,27
5720,14
5721,13
5722,12
5723,15
5724,10
5725,17
5726,16
5727,7
5728,13
5729,13
5730,15
5731,17
5732,15
5733,9
5734,20
5735,12
5736,6
5737,14
5738,20
5739,16
5740,10
5741,18
5742,13
5743,15
5744,20
5745,17
5746,20
5747,14
5748,13
5749,13
5750,11
5751,13
5752,9
5753,11
5754,36
5755,13
5756,7
5757,11
5758,14
5759,10
5760,9
5761,13
5762,28
5763,14
5764,11
5765,13
5766,5
5767,14
5768,10
5769,15
5770,14
5771,17
5772,21
5773,15
5774,12
5775,18
5776,5
5777,6
5778,18
5779,23
5780,19
5781,20
5782,15
5783,10
5784,10
5785,14
5786,17
5787,9
5788,9
5789,12
5790,11
5791,9
5792,17
5793,13
5794,22
5795,20
5796,17
5797,14
5798,16
5799,16
5800,25
5801,16
5802,30
5803,17
5804,19
5805,21
5806,9
5807,23
5808,20
5809,15
5810,16
5811,16
5812,11
5813,12
5814,14
5815,19
5816,12
5817,11
5818,15
5819,15
5820,16
5821,14
5822,16
5823,8
5824,14
5825,16
5826,13
5827,19
5828,19
5829,12
5830,17
5831,9
5832,17
5833,15
5834,15
5835,13
5836,17
5837,20
5838,12
5839,18
5840,10
5841,12
5842,13
5843,6
5844,10
5845,12
5846,18
5847,9
5848,17
5849,25
5850,12
5851,24
5852,14
5853,13
5854,10
5855,19
5856,12
5857,9
5858,13
5859,8
5860,4
5861,12
5862,9
5863,28
5864,10
5865,12
5866,20
5867,17
5868,16
5869,5
5870,13
5871,9
5872,10
5873,9
5874,7
5875,13
5876,14
5877,14
5878,14
5879,14
5880,11
5881,20
5882,20
5883,8
5884,22
5885,11
5886,15
5887,22
5888,14
5889,9
5890,15
5891,17
5892,13
5893,15
5894,16
5895,14
5896,22
5897,13
5898,12
5899,14
5900,10
5901,19
5902,10
5903,26
5904,13
5905,15
5906,22
5907,16
5908,15
5909,9
5910,20
5911,17
5912,16
5913,8
5914,9
5915,21
5916,19
5917,15
5918,9
5919,13
5920,16
5921,15
5922,15
5923,18
5924,14
5925,15
5926,13
5927,10
5928,11
5929,16
5930,7
5931,14
5932,13
5933,14
5934,16
5935,7
5936,9
5937,11
5938,21
5939,11
5940,19
5941,10
5942,11
5943,7
5944,19
5945,14
5946,20
5947,9
5948,12
5949,13
5950,10
5951,13
5952,11
5953,17
5954,11
5955,25
5956,13
5957,10
5958,13
5959,12
5960,13
5961,11
5962,10
5963,4
5964,13
5965,19
5966,9
5967,5
5968,10
5969,17
5970,7
5971,5
5972,13
5973,10
5974,11
5975,11
5976,7
5977,10
5978,9
5979,14
5980,19
5981,9
5982,13
5983,7
5984,10
5985,15
5986,18
5987,14
5988,14
5989,9
5990,15
5991,10
5992,14
5993,14
5994,11
5995,12
5996,17
5997,11
5998,10
5999,9
6000,7
6001,17
6002,14
6003,21
6004,20
6005,13
6006,7
6007,10
6008,9
6009,6
6010,12
6011,11
6012,14
6013,10
6014,10
6015,12
6016,10
6017,26
6018,23
6019,9
6020,9
6021,13
6022,15
6023,7
6024,13
6025,7
6026,15
6027,14
6028,10
6029,4
6030,9
6031,8
6032,11
6033,13
6034,9
6035,15
6036,13
6037,16
6038,10
6039,10
6040,9
6041,7
6042,11
6043,11
6044,5
6045,9
6046,12
6047,17
6048,11
6049,13
6050,8
6051,18
6052,10
6053,19
6054,23
6055,20
6056,10
6057,16
6058,7
6059,9
6060,11
6061,11
6062,10
6063,14
6064,11
6065,6
6066,14
6067,12
6068,11
6069,21
6070,32
6071,9
6072,18
6073,15
6074,11
6075,8
6076,7
6077,11
6078,14
6079,7
6080,9
6081,8
6082,13
6083,21
6084,10
6085,17
6086,18
6087,12
6088,9
6089,13
6090,14
6091,12
6092,14
6093,11
6094,25
6095,6
6096,9
6097,13
6098,24
6099,10
6100,8
6101,10
6102,15
6103,6
6104,11
6105,13
6106,9
6107,19
6108,8
6109,11
6110,12
6111,8
6112,8
6113,15
6114,7
6115,21
6116,13
6117,12
6118,14
6119,17
6120,13
6121,19
6122,16
6123,13
6124,16
6125,12
6126,15
6127,19
6128,14
6129,8
6130,18
6131,15
6132,19
6133,14
6134,14
6135,16
6136,9
6137,12
6138,14
6139,10
6140,15
6141,24
6142,6
6143,7
6144,13
6145,8
6146,12
6147,10
6148,20
6149,12
6150,12
6151,12
6152,18
6153,16
6154,13
6155,16
6156,12
6157,13
6158,15
6159,13
6160,13
6161,10
6162,2
6163,9
6164,4
6165,18
6166,18
6167,9
6168,5
6169,11
6170,8
6171,14
6172,13
6173,9
6174,20
6175,7
6176,14
6177,7
6178,13
6179,10
6180,12
6181,11
6182,11
6183,10
6184,19
6185,9
6186,14
6187,8
6188,13
6189,7
6190,7
6191,9
6192,6
6193,18
6194,18
6195,11
6196,6
6197,11
6198,12
6199,15
6200,10
6201,11
6202,14
6203,1
6204,13
6205,14
6206,14
6207,10
6208,11
6209,15
6210,15
6211,6
6212,11
6213,5
6214,11
6215,10
6216,12
6217,14
6218,10
6219,7
6220,9
6221,10
6222,18
6223,14
6224,15
6225,19
6226,49
6227,8
6228,6
6229,15
6230,11
6231,12
6232,10
6233,11
6234,11
6235,5
6236,8
6237,7
6238,14
6239,6
6240,12
6241,9
6242,10
6243,11
6244,9
6245,9
6246,15
6247,14
6248,5
6249,11
6250,8
6251,8
6252,10
6253,9
6254,9
6255,8
6256,5
6257,11
6258,5
6259,7
6260,11
6261,12
6262,8
6263,14
6264,5
6265,15
6266,9
6267,14
6268,11
6269,11
6270,8
6271,16
6272,16
6273,23
6274,13
6275,10
6276,13
6277,18
6278,8
6279,15
6280,11
6281,11
6282,3
6283,10
6284,6
6285,12
6286,12
6287,11
6288,12
6289,13
6290,10
6291,4
6292,13
6293,11
6294,12
6295,11
6296,12
6297,11
6298,11
6299,20
6300,12
6301,5
6302,10
6303,7
6304,14
6305,13
6306,13
6307,15
6308,14
6309,10
6310,15
6311,10
6312,8
6313,14
6314,11
6315,11
6316,6
6317,10
6318,16
6319,6
6320,9
6321,9
6322,17
6323,11
6324,9
6325,8
6326,6
6327,8
6328,11
6329,11
6330,9
6331,5
6332,12
6333,9
6334,8
6335,4
6336,2
6337,4
6338,8
6339,7
6340,7
6341,18
6342,12
6343,10
6344,8
6345,15
6346,9
6347,11
6348,12
6349,15
6350,6
6351,9
6352,9
6353,13
6354,10
6355,13
6356,9
6357,8
6358,12
6359,9
6360,11
6361,12
6362,8
6363,9
6364,19
6365,10
6366,10
6367,13
6368,6
6369,10
6370,17
6371,4
6372,12
6373,7
6374,9
6375,10
6376,6
6377,5
6378,11
6379,9
6380,9
6381,8
6382,11
6383,16
6384,11
6385,6
6386,1
6387,5
6388,2
6389,10
6390,3
6391,12
6392,8
6393,6
6394,15
6395,9
6396,11
6397,13
6398,9
6399,12
6400,21
6401,11
6402,13
6403,5
6404,9
6405,18
6406,9
6407,9
6408,10
6409,11
6410,9
6411,13
6412,14
6413,16
6414,22
6415,18
6416,10
6417,20
6418,12
6419,7
6420,6
6421,15
6422,10
6423,9
6424,12
6425,9
6426,6
6427,11
6428,9
6429,9
6430,14
6431,18
6432,9
6433,7
6434,7
6435,9
6436,9
6437,15
6438,12
6439,5
6440,12
6441,13
6442,9
6443,9
6444,9
6445,14
6446,18
6447,10
6448,23
6449,11
6450,9
6451,15
6452,7
6453,15
6454,14
6455,10
6456,7
6457,13
6458,8
6459,12
6460,15
6461,15
6462,9
6463,8
6464,14
6465,7
6466,15
6467,21
6468,15
6469,11
6470,10
6471,8
6472,12
6473,11
6474,12
6475,10
6476,8
6477,15
6478,13
6479,14
6480,12
6481,11
6482,6
6483,22
6484,15
6485,14
6486,11
6487,18
6488,11
6489,18
6490,13
6491,12
6492,11
6493,16
6494,17
6495,8
6496,8
6497,12
6498,8
6499,7
6500,11
6501,7
6502,9
6503,19
6504,12
6505,17
6506,8
6507,24
6508,10
6509,16
6510,15
6511,12
6512,14
6513,5
6514,14
6515,10
6516,10
6517,11
6518,9
6519,9
6520,11
6521,16
6522,11
6523,14
6524,15
6525,14
6526,5
6527,11
6528,13
6529,22
6530,14
6531,12
6532,16
6533,12
6534,8
6535,13
6536,9
6537,21
6538,15
6539,9
6540,9
6541,13
6542,15
6543,12
6544,18
6545,12
6546,12
6547,20
6548,13
6549,6
6550,7
6551,13
6552,13
6553,17
6554,14
6555,10
6556,13
6557,7
6558,13
6559,12
6560,13
6561,14
6562,10
6563,12
6564,15
6565,22
6566,14
6567,12
6568,15
6569,8
6570,10
6571,11
6572,11
6573,8
6574,7
6575,6
6576,10
6577,19
6578,5
6579,14
6580,4
6581,11
6582,15
6583,35
6584,18
6585,12
6586,19
6587,13
6588,31
6589,7
6590,21
6591,18
6592,12
6593,13
6594,13
6595,12
6596,14
6597,25
6598,24
6599,10
6600,6
6601,3
6602,9
6603,12
6604,7
6605,4
6606,11
6607,10
6608,11
6609,71
6610,11
6611,18
6612,10
6613,9
6614,11
6615,9
6616,8
6617,13
6618,13
6619,6
6620,10
6621,11
6622,33
6623,5
6624,13
6625,11
6626,11
6627,14
6628,27
6629,8
6630,17
6631,11
6632,11
6633,15
6634,14
6635,26
6636,11
6637,14
6638,9
6639,9
6640,15
6641,12
6642,8
6643,13
6644,11
6645,9
6646,18
6647,13
6648,9
6649,12
6650,7
6651,15
6652,8
6653,4
6654,17
6655,17
6656,9
6657,7
6658,8
6659,10
6660,29
6661,10
6662,11
6663,8
6664,17
6665,18
6666,14
6667,14
6668,15
6669,8
6670,13
6671,12
6672,13
6673,15
6674,7
6675,8
6676,12
6677,8
6678,8
6679,11
6680,10
6681,12
6682,10
6683,5
6684,13
6685,14
6686,16
6687,11
6688,10
6689,9
6690,5
6691,11
6692,10
6693,9
6694,5
6695,13
6696,8
6697,15
6698,10
6699,7
6700,12
6701,7
6702,6
6703,16
6704,19
6705,12
6706,15
6707,6
6708,15
6709,7
6710,5
6711,15
6712,17
6713,6
6714,13
6715,18
6716,16
6717,17
6718,10
6719,9
6720,11
6721,21
6722,16
6723,20
6724,11
6725,9
6726,17
6727,12
6728,12
6729,8
6730,16
6731,11
6732,16
6733,11
6734,16
6735,13
6736,12
6737,14
6738,13
6739,13
6740,7
6741,15
6742,10
6743,8
6744,8
6745,14
6746,8
6747,18
6748,9
6749,15
6750,10
6751,14
6752,8
6753,12
6754,8
6755,12
6756,17
6757,8
6758,15
6759,9
6760,13
6761,12
6762,15
6763,18
6764,10
6765,7
6766,16
6767,8
6768,8
6769,15
6770,5
6771,15
6772,13
6773,8
6774,11
6775,31
6776,10
6777,11
6778,15
6779,7
6780,18
6781,17
6782,24
6783,13
6784,9
6785,7
6786,9
6787,10
6788,5
6789,13
6790,7
6791,15
6792,9
6793,9
6794,11
6795,17
6796,11
6797,17
6798,8
6799,8
6800,12
6801,5
6802,5
6803,7
6804,16
6805,11
6806,14
6807,12
6808,6
6809,8
6810,17
6811,12
6812,12
6813,17
6814,8
6815,10
6816,10
6817,6
6818,17
6819,19
6820,10
6821,6
6822,5
6823,11
6824,11
6825,8
6826,13
6827,10
6828,22
6829,12
6830,23
6831,12
6832,14
6833,13
6834,16
6835,16
6836,14
6837,10
6838,10
6839,13
6840,18
6841,18
6842,9
6843,11
6844,11
6845,13
6846,17
6847,9
6848,15
6849,17
6850,9
6851,10
6852,8
6853,12
6854,21
6855,17
6856,17
6857,10
6858,16
6859,10
6860,8
6861,10
6862,11
6863,13
6864,13
6865,9
6866,11
6867,10
6868,10
6869,15
6870,6
6871,12
6872,6
6873,13
6874,13
6875,8
6876,7
6877,11
6878,10
6879,13
6880,10
6881,10
6882,7
6883,14
6884,13
6885,10
6886,8
6887,4
6888,15
6889,17
6890,17
6891,8
6892,6
6893,9
6894,15
6895,12
6896,16
6897,9
6898,17
6899,12
6900,5
6901,11
6902,10
6903,8
6904,10
6905,6
6906,18
6907,13
6908,16
6909,8
6910,12
6911,24
6912,8
6913,8
6914,13
6915,13
6916,12
6917,7
6918,15
6919,7
6920,13
6921,8
6922,12
6923,9
6924,10
6925,13
6926,16
6927,17
6928,13
6929,5
6930,15
6931,12
6932,12
6933,14
6934,8
6935,5
6936,7
6937,10
6938,7
6939,9
6940,12
6941,10
6942,10
6943,7
6944,12
6945,13
6946,13
6947,11
6948,16
6949,13
6950,5
6951,14
6952,20
6953,10
6954,23
6955,16
6956,16
6957,16
6958,10
6959,14
6960,6
6961,18
6962,18
6963,13
6964,4
6965,3
6966,11
6967,11
6968,17
6969,13
6970,16
6971,14
6972,13
6973,20
6974,6
6975,7
6976,4
6977,7
6978,13
6979,5
6980,9
6981,5
6982,8
6983,11
6984,13
6985,11
6986,10
6987,14
6988,10
6989,13
6990,20
6991,8
6992,5
6993,7
6994,9
6995,10
6996,8
6997,11
6998,1
6999,11
7000,23
7001,11
7002,13
7003,7
7004,9
7005,13
7006,11
7007,4
7008,9
7009,10
7010,10
7011,6
7012,14
7013,12
7014,7
7015,10
7016,14
7017,5
7018,3
7019,7
7020,13
7021,10
7022,12
7023,6
7024,10
7025,7
7026,8
7027,8
7028,12
7029,13
7030,16
7031,18
7032,8
7033,13
7034,7
7035,13
7036,18
7037,7
7038,11
7039,17
7040,5
7041,13
7042,15
7043,8
7044,9
7045,14
7046,11
7047,5
7048,7
7049,24
7050,23
7051,15
7052,15
7053,10
7054,10
7055,16
7056,15
7057,12
7058,25
7059,6
7060,8
7061,12
7062,11
7063,8
7064,11
7065,13
7066,16
7067,8
7068,13
7069,14
7070,15
7071,17
7072,9
7073,16
7074,11
7075,14
7076,15
7077,13
7078,13
7079,7
7080,9
7081,10
7082,5
7083,9
7084,15
7085,8
7086,13
7087,5
7088,14
7089,10
7090,8
7091,12
7092,13
7093,13
7094,11
7095,13
7096,8
7097,4
7098,10
7099,9
7100,11
7101,8
7102,6
7103,6
7104,7
7105,20
7106,10
7107,8
7108,15
7109,12
7110,12
7111,13
7112,11
7113,6
7114,8
7115,9
7116,9
7117,12
7118,10
7119,12
7120,8
7121,8
7122,9
7123,10
7124,12
7125,4
7126,8
7127,12
7128,5
7129,8
7130,5
7131,8
7132,5
7133,11
7134,12
7135,6
7136,8
7137,8
7138,9
7139,12
7140,9
7141,12
7142,11
7143,15
7144,9
7145,4
7146,10
7147,18
7148,16
7149,14
7150,10
7151,8
7152,8
7153,15
7154,9
7155,16
7156,13
7157,11
7158,10
7159,15
7160,6
7161,10
7162,9
7163,8
7164,7
7165,9
7166,7
7167,13
7168,12
7169,10
7170,12
7171,9
7172,12
7173,6
7174,8
7175,10
7176,9
7177,8
7178,3
7179,10
7180,7
7181,11
7182,11
7183,7
7184,9
7185,17
7186,6
7187,12
7188,7
7189,10
7190,16
7191,15
7192,15
7193,4
7194,9
7195,13
7196,10
7197,9
7198,11
7199,14
7200,8
7201,6
7202,12
7203,6
7204,10
7205,15
7206,16
7207,15
7208,16
7209,20
7210,16
7211,17
7212,14
7213,9
7214,10
7215,13
7216,12
7217,10
7218,7
7219,9
7220,5
7221,10
7222,9
7223,12
7224,13
7225,11
7226,9
7227,7
7228,8
7229,13
7230,15
7231,11
7232,8
7233,9
7234,7
7235,9
7236,7
7237,9
7238,13
7239,15
7240,9
7241,9
7242,15
7243,17
7244,8
7245,15
7246,8
7247,23
7248,17
7249,10
7250,9
7251,13
7252,14
7253,11
7254,9
7255,10
7256,14
7257,4
7258,9
7259,6
7260,8
7261,10
7262,16
7263,14
7264,7
7265,10
7266,15
7267,13
7268,9
7269,8
7270,14
7271,13
7272,14
7273,23
7274,25
7275,16
7276,15
7277,17
7278,12
7279,7
7280,5
7281,8
7282,9
7283,12
7284,8
7285,19
7286,6
7287,8
7288,11
7289,7
7290,8
7291,12
7292,10
7293,12
7294,18
7295,13
7296,15
7297,15
7298,10
7299,11
7300,10
7301,6
7302,14
7303,14
7304,15
7305,8
7306,8
7307,19
7308,9
7309,13
7310,7
7311,11
7312,7
7313,10
7314,6
7315,12
7316,4
7317,11
7318,15
7319,12
7320,6
7321,18
7322,12
7323,3
7324,11
7325,8
7326,9
7327,6
7328,7
7329,4
7330,8
7331,15
7332,10
7333,14
7334,18
7335,13
7336,18
7337,8
7338,11
7339,15
7340,15
7341,14
7342,5
7343,15
7344,11
7345,7
7346,7
7347,8
7348,11
7349,12
7350,11
7351,5
7352,9
7353,8
7354,10
7355,10
7356,10
7357,11
7358,13
7359,12
7360,7
7361,10
7362,7
7363,11
7364,9
7365,9
7366,12
7367,9
7368,5
7369,15
7370,15
7371,7
7372,7
7373,6
7374,12
7375,6
7376,8
7377,12
7378,4
7379,6
7380,14
7381,8
7382,6
7383,14
7384,8
7385,11
7386,8
7387,8
7388,8
7389,7
7390,9
7391,9
7392,12
7393,7
7394,5
7395,13
7396,8
7397,12
7398,10
7399,4
7400,13
7401,14
7402,8
7403,7
7404,5
7405,11
7406,11
7407,9
7408,13
7409,7
7410,7
7411,5
7412,10
7413,9
7414,22
7415,8
7416,12
7417,6
7418,9
7419,14
7420,12
7421,5
7422,12
7423,18
7424,11
7425,9
7426,10
7427,12
7428,8
7429,10
7430,6
7431,15
7432,11
7433,13
7434,12
7435,6
7436,9
7437,15
7438,23
7439,11
7440,10
7441,11
7442,12
7443,5
7444,10
7445,12
7446,7
7447,10
7448,14
7449,10
7450,13
7451,9
7452,15
7453,8
7454,8
7455,5
7456,7
7457,11
7458,12
7459,7
7460,8
7461,14
7462,13
7463,12
7464,12
7465,14
7466,9
7467,11
7468,9
7469,6
7470,5
7471,5
7472,15
7473,6
7474,14
7475,8
7476,15
7477,12
7478,13
7479,5
7480,5
7481,6
7482,13
7483,5
7484,10
7485,11
7486,9
7487,16
7488,9
7489,4
7490,7
7491,14
7492,2
7493,5
7494,10
7495,7
7496,12
7497,1
7498,9
7499,11
7500,8
7501,3
7502,11
7503,10
7504,16
7505,12
7506,16
7507,20
7508,11
7509,12
7510,8
7511,8
7512,10
7513,6
7514,6
7515,9
7516,11
7517,11
7518,17
7519,12
7520,11
7521,8
7522,10
7523,13
7524,11
7525,13
7526,9
7527,14
7528,5
7529,9
7530,8
7531,18
7532,10
7533,6
7534,15
7535,13
7536,12
7537,12
7538,10
7539,17
7540,4
7541,5
7542,5
7543,15
7544,9
7545,11
7546,14
7547,11
7548,11
7549,14
7550,9
7551,12
7552,16
7553,11
7554,11
7555,8
7556,10
7557,12
7558,10
7559,11
7560,12
7561,7
7562,12
7563,12
7564,4
7565,11
7566,12
7567,13
7568,10
7569,11
7570,9
7571,12
7572,12
7573,9
7574,20
7575,12
7576,10
7577,9
7578,14
7579,6
7580,9
7581,6
7582,12
7583,14
7584,3
7585,5
7586,14
7587,14
7588,8
7589,4
7590,12
7591,8
7592,8
7593,14
7594,12
7595,9
7596,21
7597,16
7598,8
7599,15
7600,12
7601,28
7602,13
7603,13
7604,18
7605,9
7606,12
7607,9
7608,19
7609,6
7610,20
7611,6
7612,6
7613,7
7614,12
7615,4
7616,10
7617,6
7618,11
7619,11
7620,11
7621,10
7622,10
7623,11
7624,9
7625,11
7626,12
7627,7
7628,10
7629,9
7630,6
7631,9
7632,12
7633,9
7634,14
7635,13
7636,5
7637,10
7638,4
7639,7
7640,14
7641,11
7642,8
7643,8
7644,12
7645,14
7646,13
7647,6
7648,7
7649,11
7650,13
7651,10
7652,10
7653,12
7654,8
7655,3
7656,13
7657,9
7658,10
7659,10
7660,7
7661,8
7662,6
7663,11
7664,11
7665,13
7666,18
7667,15
7668,11
7669,12
7670,14
7671,15
7672,9
7673,8
7674,14
7675,14
7676,11
7677,21
7678,6
7679,11
7680,5
7681,9
7682,11
7683,6
7684,11
7685,8
7686,4
7687,14
7688,10
7689,5
7690,14
7691,7
7692,12
7693,8
7694,4
7695,13
7696,9
7697,14
7698,5
7699,7
7700,7
7701,13
7702,5
7703,6
7704,9
7705,9
7706,10
7707,11
7708,5
7709,8
7710,5
7711,3
7712,12
7713,9
7714,7
7715,4
7716,16
7717,13
7718,9
7719,7
7720,6
7721,9
7722,16
7723,10
7724,12
7725,4
7726,10
7727,8
7728,22
7729,13
7730,17
7731,10
7732,13
7733,13
7734,9
7735,4
7736,18
7737,15
7738,5
7739,6
7740,4
7741,8
7742,8
7743,4
7744,3
7745,11
7746,15
7747,7
7748,9
7749,12
7750,5
7751,5
7752,8
7753,13
7754,13
7755,7
7756,12
7757,8
7758,11
7759,13
7760,8
7761,16
7762,14
7763,13
7764,12
7765,13
7766,7
7767,12
7768,14
7769,22
7770,13
7771,13
7772,10
7773,13
7774,4
7775,8
7776,13
7777,15
7778,12
7779,8
7780,16
7781,12
7782,18
7783,13
7784,16
7785,14
7786,13
7787,18
7788,11
7789,10
7790,7
7791,8
7792,10
7793,11
7794,4
7795,6
7796,7
7797,12
7798,14
7799,6
7800,14
7801,12
7802,5
7803,10
7804,8
7805,4
7806,10
7807,14
7808,6
7809,2
7810,8
7811,11
7812,7
7813,11
7814,4
7815,14
7816,8
7817,17
7818,8
7819,11
7820,8
7821,10
7822,11
7823,9
7824,11
7825,11
7826,12
7827,7
7828,9
7829,13
7830,21
7831,10
7832,10
7833,20
7834,11
7835,15
7836,7
7837,7
7838,7
7839,14
7840,12
7841,16
7842,16
7843,31
7844,6
7845,14
7846,26
7847,9
7848,9
7849,11
7850,5
7851,19
7852,9
7853,10
7854,6
7855,5
7856,8
7857,9
7858,8
7859,8
7860,8
7861,8
7862,2
7863,5
7864,12
7865,13
7866,10
7867,9
7868,19
7869,15
7870,6
7871,6
7872,13
7873,17
7874,12
7875,10
7876,16
7877,4
7878,9
7879,5
7880,12
7881,15
7882,10
7883,7
7884,10
7885,6
7886,12
7887,8
7888,8
7889,3
7890,8
7891,17
7892,5
7893,13
7894,26
7895,7
7896,8
7897,7
7898,20
7899,25
7900,9
7901,7
7902,7
7903,13
7904,8
7905,8
7906,15
7907,32
7908,12
7909,2
7910,5
7911,12
7912,13
7913,12
7914,23
7915,12
7916,13
7917,4
7918,10
7919,12
7920,5
7921,12
7922,8
7923,12
7924,10
7925,7
7926,7
7927,8
7928,6
7929,17
7930,14
7931,3
7932,8
7933,11
7934,9
7935,9
7936,14
7937,9
7938,11
7939,7
7940,11
7941,12
7942,10
7943,8
7944,7
7945,10
7946,10
7947,7
7948,19
7949,10
7950,7
7951,10
7952,2
7953,10
7954,11
7955,7
7956,13
7957,13
7958,10
7959,11
7960,11
7961,11
7962,4
7963,8
7964,4
7965,6
7966,9
7967,20
7968,12
7969,6
7970,5
7971,15
7972,9
7973,12
7974,2
7975,10
7976,5
7977,3
7978,5
7979,8
7980,7
7981,9
7982,13
7983,9
7984,27
7985,5
7986,12
7987,22
7988,9
7989,9
7990,9
7991,5
7992,11
7993,10
7994,11
7995,13
7996,16
7997,7
7998,13
7999,6
8000,10
8001,9
8002,7
8003,10
8004,2
8005,13
8006,3
8007,11
8008,15
8009,9
8010,10
8011,8
8012,7
8013,13
8014,6
8015,15
8016,8
8017,14
8018,17
8019,10
8020,20
8021,10
8022,11
8023,6
8024,20
8025,9
8026,9
8027,11
8028,11
8029,11
8030,9
8031,11
8032,8
8033,9
8034,4
8035,7
8036,5
8037,9
8038,4
8039,11
8040,11
8041,6
8042,5
8043,9
8044,5
8045,7
8046,13
8047,12
8048,3
8049,5
8050,8
8051,12
8052,6
8053,8
8054,14
8055,6
8056,11
8057,11
8058,10
8059,9
8060,8
8061,8
8062,7
8063,13
8064,6
8065,6
8066,7
8067,7
8068,9
8069,10
8070,8
8071,8
8072,12
8073,6
8074,5
8075,14
8076,9
8077,22
8078,11
8079,14
8080,8
8081,17
8082,8
8083,10
8084,4
8085,16
8086,12
8087,12
8088,8
8089,3
8090,4
8091,9
8092,10
8093,6
8094,10
8095,8
8096,14
8097,11
8098,9
8099,9
8100,4
8101,14
8102,5
8103,7
8104,8
8105,7
8106,9
8107,10
8108,6
8109,9
8110,14
8111,16
8112,15
8113,18
8114,8
8115,6
8116,8
8117,2
8118,12
8119,11
8120,8
8121,14
8122,10
8123,15
8124,12
8125,8
8126,8
8127,6
8128,12
8129,16
8130,15
8131,10
8132,8
8133,9
8134,10
8135,11
8136,7
8137,3
8138,8
8139,15
8140,10
8141,10
8142,13
8143,8
8144,16
8145,9
8146,8
8147,4
8148,9
8149,11
8150,9
8151,10
8152,11
8153,12
8154,9
8155,15
8156,7
8157,9
8158,6
8159,24
8160,8
8161,28
8162,10
8163,11
8164,10
8165,11
8166,13
8167,7
8168,9
8169,7
8170,7
8171,15
8172,9
8173,8
8174,15
8175,6
8176,8
8177,6
8178,8
8179,12
8180,13
8181,10
8182,11
8183,8
8184,8
8185,6
8186,14
8187,8
8188,7
8189,13
8190,28
8191,8
8192,7
8193,15
8194,17
8195,2
8196,7
8197,7
8198,11
8199,10
8200,7
8201,9
8202,14
8203,17
8204,14
8205,12
8206,6
8207,9
8208,8
8209,8
8210,7
8211,10
8212,7
8213,3
8214,5
8215,12
8216,8
8217,5
8218,9
8219,5
8220,8
8221,10
8222,4
8223,10
8224,5
8225,7
8226,12
8227,12
8228,9
8229,6
8230,7
8231,1
8232,6
8233,9
8234,11
8235,6
8236,13
8237,19
8238,12
8239,8
8240,10
8241,8
8242,6
8243,8
8244,10
8245,9
8246,6
8247,11
8248,7
8249,9
8250,3
8251,5
8252,8
8253,4
8254,4
8255,7
8256,13
8257,3
8258,8
8259,6
8260,8
8261,9
8262,11
8263,15
8264,8
8265,8
8266,12
8267,15
8268,15
8269,8
8270,5
8271,12
8272,14
8273,11
8274,13
8275,10
8276,12
8277,8
8278,14
8279,13
8280,5
8281,9
8282,5
8283,8
8284,6
8285,5
8286,7
8287,7
8288,12
8289,5
8290,3
8291,10
8292,13
8293,6
8294,8
8295,9
8296,9
8297,9
8298,6
8299,3
8300,4
8301,4
8302,10
8303,7
8304,8
8305,3
8306,11
8307,3
8308,9
8309,9
8310,7
8311,5
8312,2
8313,7
8314,6
8315,7
8316,12
8317,10
8318,4
8319,10
8320,3
8321,8
8322,7
8323,9
8324,15
8325,5
8326,11
8327,10
8328,2
8329,12
8330,11
8331,15
8332,10
8333,6
8334,11
8335,7
8336,13
8337,13
8338,12
8339,7
8340,12
8341,11
8342,7
8343,8
8344,9
8345,16
8346,10
8347,9
8348,19
8349,9
8350,16
8351,6
8352,13
8353,13
8354,8
8355,10
8356,7
8357,9
8358,11
8359,11
8360,6
8361,8
8362,6
8363,4
8364,12
8365,13
8366,6
8367,8
8368,8
8369,6
8370,3
8371,15
8372,3
8373,6
8374,11
8375,10
8376,10
8377,8
8378,7
8379,5
8380,17
8381,9
8382,12
8383,11
8384,20
8385,11
8386,13
8387,13
8388,3
8389,15
8390,12
8391,6
8392,7
8393,17
8394,12
8395,17
8396,10
8397,7
8398,12
8399,8
8400,7
8401,6
8402,7
8403,12
8404,8
8405,10
8406,9
8407,3
8408,26
8409,14
8410,7
8411,13
8412,6
8413,8
8414,11
8415,14
8416,7
8417,9
8418,13
8419,12
8420,9
8421,7
8422,3
8423,10
8424,11
8425,10
8426,7
8427,6
8428,5
8429,8
8430,9
8431,16
8432,13
8433,9
8434,12
8435,8
8436,14
8437,5
8438,10
8439,11
8440,5
8441,9
8442,15
8443,4
8444,19
8445,9
8446,16
8447,11
8448,10
8449,13
8450,7
8451,9
8452,13
8453,4
8454,6
8455,8
8456,5
8457,6
8458,16
8459,9
8460,5
8461,10
8462,8
8463,8
8464,13
8465,9
8466,4
8467,4
8468,10
8469,14
8470,9
8471,9
8472,5
8473,5
8474,8
8475,8
8476,6
8477,7
8478,4
8479,5
8480,8
8481,10
8482,11
8483,15
8484,11
8485,7
8486,4
8487,7
8488,5
8489,1
8490,8
8491,7
8492,7
8493,3
8494,4
8495,9
8496,7
8497,5
8498,10
8499,9
8500,10
8501,10
8502,10
8503,9
8504,10
8505,7
8506,8
8507,6
8508,7
8509,5
8510,6
8511,9
8512,4
8513,4
8514,7
8515,5
8516,8
8517,12
8518,6
8519,5
8520,7
8521,8
8522,6
8523,4
8524,6
8525,8
8526,10
8527,10
8528,9
8529,6
8530,9
8531,10
8532,8
8533,6
8534,8
8535,6
8536,7
8537,13
8538,8
8539,12
8540,5
8541,13
8542,11
8543,8
8544,10
8545,1
8546,11
8547,9
8548,4
8549,13
8550,8
8551,11
8552,25
8553,3
8554,11
8555,7
8556,9
8557,5
8558,5
8559,10
8560,5
8561,13
8562,5
8563,7
8564,7
8565,8
8566,7
8567,12
8568,9
8569,8
8570,8
8571,6
8572,6
8573,11
8574,8
8575,11
8576,11
8577,3
8578,11
8579,7
8580,13
8581,7
8582,4
8583,16
8584,4
8585,3
8586,10
8587,8
8588,6
8589,9
8590,19
8591,11
8592,11
8593,8
8594,12
8595,12
8596,7
8597,9
8598,10
8599,4
8600,13
8601,8
8602,13
8603,9
8604,13
8605,10
8606,33
8607,5
8608,4
8609,12
8610,10
8611,8
8612,5
8613,15
8614,12
8615,11
8616,10
8617,8
8618,15
8619,11
8620,9
8621,6
8622,7
8623,7
8624,5
8625,8
8626,10
8627,7
8628,4
8629,6
8630,4
8631,5
8632,15
8633,7
8634,8
8635,6
8636,23
8637,18
8638,3
8639,4
8640,12
8641,11
8642,9
8643,8
8644,2
8645,6
8646,4
8647,9
8648,11
8649,6
8650,12
8651,2
8652,10
8653,5
8654,9
8655,7
8656,5
8657,8
8658,6
8659,12
8660,5
8661,9
8662,12
8663,7
8664,10
8665,4
8666,8
8667,8
8668,8
8669,11
8670,10
8671,7
8672,4
8673,3
8674,7
8675,8
8676,6
8677,7
8678,8
8679,9
8680,10
8681,17
8682,11
8683,4
8684,2
8685,4
8686,13
8687,6
8688,5
8689,9
8690,18
8691,8
8692,9
8693,8
8694,7
8695,9
8696,12
8697,9
8698,3
8699,13
8700,2
8701,6
8702,10
8703,4
8704,11
8705,7
8706,24
8707,8
8708,6
8709,16
8710,8
8711,8
8712,12
8713,15
8714,12
8715,19
8716,6
8717,14
8718,3
8719,10
8720,6
8721,12
8722,19
8723,10
8724,11
8725,15
8726,15
8727,13
8728,8
8729,10
8730,26
8731,8
8732,17
8733,10
8734,9
8735,10
8736,9
8737,7
8738,12
8739,13
8740,13
8741,9
8742,5
8743,5
8744,9
8745,9
8746,8
8747,11
8748,12
8749,23
8750,6
8751,8
8752,7
8753,4
8754,9
8755,9
8756,12
8757,12
8758,9
8759,7
8760,12
8761,9
8762,11
8763,6
8764,4
8765,7
8766,8
8767,12
8768,5
8769,10
8770,7
8771,6
8772,6
8773,4
8774,12
8775,9
8776,12
8777,9
8778,6
8779,8
8780,7
8781,11
8782,8
8783,6
8784,3
8785,13
8786,9
8787,4
8788,8
8789,12
8790,12
8791,7
8792,9
8793,6
8794,7
8795,8
8796,6
8797,13
8798,14
8799,15
8800,6
8801,16
8802,6
8803,16
8804,4
8805,3
8806,2
8807,5
8808,7
8809,6
8810,11
8811,14
8812,2
8813,7
8814,8
8815,10
8816,5
8817,11
8818,10
8819,4
8820,10
8821,5
8822,12
8823,5
8824,7
8825,8
8826,7
8827,9
8828,5
8829,19
8830,2
8831,11
8832,8
8833,9
8834,12
8835,11
8836,12
8837,8
8838,14
8839,9
8840,5
8841,9
8842,9
8843,10
8844,10
8845,17
8846,12
8847,6
8848,7
8849,10
8850,5
8851,15
8852,10
8853,11
8854,8
8855,6
8856,16
8857,16
8858,9
8859,8
8860,4
8861,5
8862,14
8863,8
8864,4
8865,10
8866,7
8867,6
8868,6
8869,7
8870,8
8871,14
8872,5
8873,13
8874,11
8875,8
8876,9
8877,11
8878,8
8879,6
8880,9
8881,9
8882,9
8883,7
8884,6
8885,12
8886,11
8887,10
8888,11
8889,10
8890,7
8891,16
8892,8
8893,10
8894,11
8895,11
8896,9
8897,6
8898,8
8899,5
8900,7
8901,11
8902,8
8903,7
8904,9
8905,7
8906,9
8907,11
8908,6
8909,4
8910,12
8911,16
8912,8
8913,4
8914,13
8915,7
8916,6
8917,9
8918,13
8919,6
8920,8
8921,9
8922,5
8923,10
8924,5
8925,6
8926,10
8927,15
8928,8
8929,7
8930,11
8931,9
8932,5
8933,14
8934,13
8935,7
8936,7
8937,7
8938,19
8939,10
8940,5
8941,8
8942,5
8943,11
8944,11
8945,13
8946,17
8947,11
8948,8
8949,8
8950,16
8951,8
8952,14
8953,18
8954,32
8955,18
8956,14
8957,9
8958,2
8959,8
8960,11
8961,9
8962,21
8963,6
8964,7
8965,5
8966,8
8967,8
8968,8
8969,8
8970,9
8971,8
8972,9
8973,11
8974,5
8975,15
8976,12
8977,5
8978,9
8979,14
8980,15
8981,9
8982,16
8983,11
8984,8
8985,11
8986,6
8987,11
8988,5
8989,7
8990,10
8991,7
8992,10
8993,10
8994,3
8995,6
8996,8
8997,8
8998,9
8999,14
9000,2
9001,9
9002,10
9003,5
9004,13
9005,15
9006,6
9007,9
9008,10
9009,5
9010,8
9011,8
9012,7
9013,6
9014,9
9015,2
9016,6
9017,15
9018,9
9019,15
9020,6
9021,4
9022,8
9023,8
9024,13
9025,4
9026,13
9027,6
9028,7
9029,6
9030,3
9031,4
9032,7
9033,4
9034,10
9035,8
9036,4
9037,2
9038,11
9039,6
9040,11
9041,10
9042,24
9043,13
9044,8
9045,8
9046,11
9047,6
9048,9
9049,6
9050,4
9051,10
9052,11
9053,4
9054,4
9055,3
9056,6
9057,5
9058,11
9059,15
9060,8
9061,4
9062,10
9063,13
9064,4
9065,5
9066,4
9067,7
9068,13
9069,8
9070,9
9071,9
9072,7
9073,10
9074,9
9075,12
9076,6
9077,4
9078,6
9079,10
9080,9
9081,12
9082,12
9083,17
9084,4
9085,1
9086,5
9087,8
9088,11
9089,4
9090,7
9091,2
9092,7
9093,8
9094,8
9095,4
9096,16
9097,5
9098,5
9099,8
9100,5
9101,19
9102,10
9103,5
9104,9
9105,9
9106,15
9107,8
9108,12
9109,3
9110,6
9111,9
9112,4
9113,11
9114,5
9115,11
9116,16
9117,12
9118,4
9119,10
9120,10
9121,5
9122,9
9123,10
9124,11
9125,9
9126,9
9127,6
9128,8
9129,4
9130,9
9131,15
9132,11
9133,7
9134,12
9135,5
9136,11
9137,2
9138,8
9139,9
9140,6
9141,7
9142,5
9143,9
9144,10
9145,6
9146,7
9147,4
9148,5
9149,9
9150,15
9151,7
9152,12
9153,7
9154,4
9155,9
9156,6
9157,13
9158,7
9159,10
9160,8
9161,9
9162,7
9163,8
9164,3
9165,4
9166,12
9167,4
9168,20
9169,9
9170,16
9171,8
9172,8
9173,9
9174,5
9175,5
9176,4
9177,7
9178,6
9179,13
9180,4
9181,8
9182,10
9183,6
9184,8
9185,8
9186,6
9187,4
9188,11
9189,5
9190,8
9191,7
9192,3
9193,3
9194,8
9195,4
9196,10
9197,7
9198,8
9199,9
9200,8
9201,5
9202,6
9203,6
9204,2
9205,3
9206,6
9207,7
9208,6
9209,41
9210,16
9211,8
9212,6
9213,4
9214,9
9215,7
9216,96
9217,8
9218,26
9219,3
9220,7
9221,2
9222,9
9223,13
9224,5
9225,8
9226,12
9227,10
9228,10
9229,6
9230,8
9231,9
9232,10
9233,2
9234,16
9235,11
9236,8
9237,8
9238,6
9239,7
9240,9
9241,4
9242,9
9243,18
9244,8
9245,14
9246,13
9247,8
9248,11
9249,5
9250,6
9251,12
9252,2
9253,6
9254,9
9255,13
9256,19
9257,8
9258,5
9259,5
9260,15
9261,15
9262,6
9263,6
9264,8
9265,7
9266,6
9267,8
9268,2
9269,15
9270,5
9271,2
9272,8
9273,6
9274,4
9275,8
9276,5
9277,6
9278,11
9279,5
9280,6
9281,5
9282,6
9283,10
9284,0
9285,3
9286,7
9287,7
9288,4
9289,4
9290,10
9291,9
9292,7
9293,6
9294,10
9295,5
9296,11
9297,9
9298,8
9299,19
9300,11
9301,9
9302,12
9303,15
9304,5
9305,6
9306,3
9307,8
9308,4
9309,6
9310,5
9311,9
9312,4
9313,5
9314,7
9315,7
9316,14
9317,5
9318,4
9319,5
9320,8
9321,13
9322,17
9323,5
9324,2
9325,11
9326,6
9327,7
9328,12
9329,6
9330,8
9331,8
9332,7
9333,2
9334,5
9335,8
9336,12
9337,8
9338,8
9339,13
9340,7
9341,10
9342,8
9343,20
9344,10
9345,13
9346,7
9347,18
9348,11
9349,11
9350,8
9351,7
9352,19
9353,5
9354,13
9355,7
9356,6
9357,12
9358,10
9359,7
9360,5
9361,2
9362,8
9363,10
9364,8
9365,3
9366,6
9367,4
9368,4
9369,14
9370,5
9371,10
9372,7
9373,7
9374,10
9375,4
9376,6
9377,9
9378,10
9379,8
9380,13
9381,10
9382,5
9383,7
9384,14
9385,16
9386,5
9387,5
9388,7
9389,7
9390,8
9391,4
9392,7
9393,11
9394,9
9395,12
9396,3
9397,9
9398,7
9399,5
9400,9
9401,10
9402,5
9403,15
9404,49
9405,8
9406,9
9407,9
9408,4
9409,2
9410,11
9411,5
9412,5
9413,6
9414,4
9415,8
9416,7
9417,5
9418,16
9419,6
9420,1
9421,3
9422,8
9423,11
9424,5
9425,7
9426,8
9427,10
9428,7
9429,7
9430,13
9431,9
9432,6
9433,8
9434,11
9435,10
9436,12
9437,11
9438,7
9439,8
9440,3
9441,5
9442,13
9443,12
9444,5
9445,10
9446,11
9447,6
9448,7
9449,6
9450,7
9451,3
9452,17
9453,10
9454,9
9455,8
9456,4
9457,3
9458,6
9459,4
9460,10
9461,4
9462,6
9463,6
9464,10
9465,16
9466,5
9467,11
9468,6
9469,13
9470,12
9471,4
9472,6
9473,9
9474,6
9475,4
9476,8
9477,7
9478,10
9479,3
9480,10
9481,5
9482,6
9483,2
9484,7
9485,5
9486,8
9487,3
9488,14
9489,2
9490,4
9491,10
9492,6
9493,7
9494,5
9495,9
9496,2
9497,4
9498,2
9499,8
9500,12
9501,4
9502,8
9503,8
9504,9
9505,5
9506,9
9507,1
9508,8
9509,6
9510,6
9511,7
9512,5
9513,2
9514,11
9515,8
9516,10
9517,9
9518,3
9519,10
9520,3
9521,8
9522,4
9523,4
9524,12
9525,7
9526,10
9527,10
9528,5
9529,6
9530,16
9531,4
9532,10
9533,10
9534,10
9535,9
9536,10
9537,11
9538,3
9539,9
9540,10
9541,7
9542,6
9543,7
9544,4
9545,11
9546,7
9547,5
9548,4
9549,4
9550,6
9551,9
9552,5
9553,12
9554,9
9555,10
9556,7
9557,8
9558,10
9559,11
9560,9
9561,6
9562,6
9563,6
9564,3
9565,7
9566,3
9567,11
9568,5
9569,6
9570,8
9571,4
9572,6
9573,4
9574,7
9575,3
9576,4
9577,8
9578,8
9579,9
9580,6
9581,11
9582,3
9583,5
9584,6
9585,14
9586,10
9587,2
9588,9
9589,5
9590,8
9591,9
9592,8
9593,15
9594,7
9595,8
9596,8
9597,8
9598,7
9599,6
9600,6
9601,5
9602,5
9603,3
9604,10
9605,6
9606,6
9607,5
9608,11
9609,10
9610,7
9611,7
9612,4
9613,4
9614,11
9615,5
9616,14
9617,9
9618,8
9619,5
9620,10
9621,6
9622,14
9623,11
9624,15
9625,8
9626,18
9627,6
9628,6
9629,9
9630,5
9631,12
9632,7
9633,4
9634,15
9635,7
9636,11
9637,9
9638,7
9639,8
9640,4
9641,9
9642,9
9643,2
9644,1
9645,11
9646,4
9647,6
9648,6
9649,8
9650,5
9651,17
9652,7
9653,10
9654,11
9655,6
9656,10
9657,8
9658,9
9659,5
9660,11
9661,8
9662,4
9663,4
9664,10
9665,8
9666,6
9667,11
9668,4
9669,9
9670,9
9671,6
9672,8
9673,6
9674,5
9675,9
9676,7
9677,4
9678,6
9679,1
9680,3
9681,5
9682,6
9683,11
9684,7
9685,6
9686,6
9687,3
9688,9
9689,8
9690,10
9691,5
9692,1
9693,1
9694,14
9695,4
9696,6
9697,13
9698,4
9699,8
9700,7
9701,8
9702,12
9703,10
9704,10
9705,9
9706,3
9707,7
9708,7
9709,6
9710,5
9711,8
9712,9
9713,11
9714,9
9715,9
9716,7
9717,5
9718,4
9719,6
9720,10
9721,5
9722,1
9723,3
9724,7
9725,2
9726,9
9727,4
9728,3
9729,5
9730,3
9731,5
9732,6
9733,7
9734,12
9735,5
9736,6
9737,4
9738,6
9739,5
9740,5
9741,8
9742,4
9743,3
9744,3
9745,2
9746,4
9747,3
9748,9
9749,6
9750,9
9751,7
9752,15
9753,12
9754,12
9755,7
9756,5
9757,8
9758,8
9759,14
9760,5
9761,7
9762,8
9763,8
9764,9
9765,7
9766,4
9767,17
9768,9
9769,3
9770,4
9771,5
9772,8
9773,7
9774,3
9775,8
9776,9
9777,8
9778,10
9779,10
9780,11
9781,15
9782,8
9783,8
9784,7
9785,7
9786,2
9787,2
9788,7
9789,7
9790,5
9791,9
9792,3
9793,14
9794,16
9795,11
9796,9
9797,8
9798,9
9799,8
9800,10
9801,22
9802,10
9803,6
9804,6
9805,9
9806,6
9807,2
9808,8
9809,8
9810,8
9811,5
9812,7
9813,9
9814,6
9815,11
9816,4
9817,8
9818,6
9819,10
9820,9
9821,7
9822,6
9823,5
9824,6
9825,7
9826,7
9827,7
9828,8
9829,3
9830,17
9831,9
9832,9
9833,9
9834,3
9835,3
9836,15
9837,7
9838,9
9839,7
9840,12
9841,11
9842,8
9843,5
9844,7
9845,9
9846,4
9847,14
9848,6
9849,5
9850,11
9851,9
9852,8
9853,11
9854,7
9855,8
9856,6
9857,10
9858,8
9859,7
9860,8
9861,7
9862,9
9863,10
9864,3
9865,9
9866,2
9867,8
9868,8
9869,9
9870,7
9871,10
9872,4
9873,9
9874,7
9875,5
9876,7
9877,3
9878,10
9879,13
9880,7
9881,5
9882,6
9883,7
9884,8
9885,10
9886,20
9887,5
9888,12
9889,15
9890,6
9891,16
9892,8
9893,5
9894,5
9895,10
9896,7
9897,6
9898,7
9899,6
9900,10
9901,5
9902,8
9903,11
9904,7
9905,9
9906,10
9907,14
9908,5
9909,7
9910,13
9911,9
9912,10
9913,5
9914,7
9915,12
9916,9
9917,6
9918,7
9919,5
9920,5
9921,4
9922,7
9923,6
9924,5
9925,3
9926,17
9927,4
9928,9
9929,2
9930,7
9931,3
9932,3
9933,5
9934,7
9935,8
9936,8
9937,5
9938,7
9939,4
9940,8
9941,10
9942,1
9943,8
9944,6
9945,7
9946,7
9947,6
9948,6
9949,9
9950,10
9951,7
9952,6
9953,6
9954,2
9955,8
9956,3
9957,6
9958,7
9959,7
9960,6
9961,5
9962,7
9963,12
9964,6
9965,6
9966,3
9967,7
9968,7
9969,7
9970,11
9971,10
9972,13
9973,10
9974,5
9975,9
9976,11
9977,5
9978,9
9979,4
9980,10
9981,4
9982,16
9983,7
9984,5
9985,3
9986,14
9987,7
9988,3
9989,8
9990,11
9991,2
9992,7
9993,6
9994,8
9995,9
9996,3
9997,9
9998,5
9999,4
10000,6
10001,7
10002,10
10003,3
10004,2
10005,2
10006,10
10007,4
10008,8
10009,13
10010,7
10011,12
10012,13
10013,15
10014,7
10015,8
10016,9
10017,8
10018,9
10019,7
10020,12
10021,10
10022,10
10023,12
10024,5
10025,9
10026,8
10027,5
10028,3
10029,10
10030,6
10031,12
10032,9
10033,11
10034,12
10035,9
10036,24
10037,7
10038,8
10039,7
10040,8
10041,6
10042,4
10043,10
10044,7
10045,8
10046,4
10047,9
10048,9
10049,7
10050,13
10051,3
10052,5
10053,7
10054,8
10055,12
10056,11
10057,10
10058,9
10059,4
10060,3
10061,5
10062,9
10063,8
10064,9
10065,15
10066,11
10067,4
10068,2
10069,8
10070,6
10071,4
10072,4
10073,8
10074,6
10075,4
10076,8
10077,2
10078,1
10079,11
10080,6
10081,5
10082,6
10083,5
10084,6
10085,7
10086,4
10087,9
10088,4
10089,3
10090,6
10091,6
10092,6
10093,6
10094,8
10095,4
10096,2
10097,4
10098,11
10099,6
10100,10
10101,6
10102,6
10103,7
10104,2
10105,15
10106,4
10107,11
10108,9
10109,4
10110,3
10111,9
10112,5
10113,8
10114,9
10115,6
10116,5
10117,6
10118,6
10119,9
10120,6
10121,5
10122,4
10123,3
10124,2
10125,4
10126,7
10127,3
10128,3
10129,8
10130,11
10131,4
10132,7
10133,6
10134,8
10135,8
10136,7
10137,10
10138,5
10139,18
10140,9
10141,10
10142,5
10143,9
10144,3
10145,11
10146,9
10147,5
10148,7
10149,7
10150,15
10151,12
10152,6
10153,3
10154,3
10155,21
10156,4
10157,8
10158,3
10159,7
10160,6
10161,7
10162,10
10163,1
10164,6
10165,4
10166,7
10167,4
10168,6
10169,2
10170,2
10171,9
10172,7
10173,6
10174,15
10175,2
10176,6
10177,5
10178,7
10179,11
10180,12
10181,8
10182,4
10183,5
10184,7
10185,11
10186,6
10187,7
10188,13
10189,4
10190,4
10191,6
10192,9
10193,7
10194,7
10195,9
10196,7
10197,3
10198,12
10199,6
10200,4
10201,5
10202,7
10203,3
10204,10
10205,6
10206,5
10207,6
10208,14
10209,12
10210,10
10211,10
10212,9
10213,7
10214,16
10215,7
10216,7
10217,7
10218,11
10219,9
10220,4
10221,7
10222,4
10223,12
10224,7
10225,5
10226,5
10227,16
10228,9
10229,9
10230,11
10231,7
10232,9
10233,3
10234,8
10235,14
10236,4
10237,5
10238,8
10239,8
10240,6
10241,5
10242,7
10243,12
10244,3
10245,6
10246,3
10247,3
10248,5
10249,4
10250,2
10251,3
10252,4
10253,14
10254,7
10255,6
10256,5
10257,8
10258,11
10259,9
10260,8
10261,7
10262,5
10263,7
10264,5
10265,9
10266,1
10267,6
10268,16
10269,6
10270,12
10271,9
10272,9
10273,7
10274,6
10275,5
10276,4
10277,10
10278,8
10279,8
10280,8
10281,5
10282,5
10283,5
10284,6
10285,2
10286,8
10287,5
10288,4
10289,8
10290,7
10291,5
10292,7
10293,7
10294,9
10295,6
10296,13
10297,2
10298,14
10299,7
10300,12
10301,4
10302,10
10303,4
10304,10
10305,9
10306,9
10307,8
10308,4
10309,11
10310,4
10311,9
10312,8
10313,11
10314,5
10315,7
10316,5
10317,7
10318,3
10319,9
10320,8
10321,8
10322,9
10323,7
10324,4
10325,7
10326,9
10327,6
10328,5
10329,5
10330,8
10331,6
10332,3
10333,14
10334,9
10335,4
10336,6
10337,6
10338,3
10339,7
10340,7
10341,4
10342,5
10343,4
10344,14
10345,7
10346,20
10347,5
10348,10
10349,3
10350,10
10351,4
10352,18
10353,18
10354,26
10355,6
10356,9
10357,2
10358,3
10359,8
10360,8
10361,4
10362,6
10363,3
10364,9
10365,3
10366,4
10367,8
10368,3
10369,7
10370,9
10371,7
10372,4
10373,3
10374,2
10375,4
10376,5
10377,3
10378,9
10379,5
10380,5
10381,6
10382,7
10383,4
10384,3
10385,2
10386,5
10387,10
10388,10
10389,3
10390,2
10391,5
10392,2
10393,6
10394,2
10395,9
10396,6
10397,7
10398,11
10399,10
10400,4
10401,5
10402,8
10403,0
10404,10
10405,10
10406,33
10407,6
10408,4
10409,6
10410,5
10411,11
10412,60
10413,8
10414,0
10415,3
10416,2
10417,2
10418,7
10419,5
10420,15
10421,1
10422,8
10423,3
10424,5
10425,3
10426,5
10427,3
10428,7
10429,4
10430,4
10431,2
10432,10
10433,4
10434,13
10435,2
10436,5
10437,3
10438,8
10439,4
10440,1
10441,10
10442,5
10443,6
10444,7
10445,6
10446,1
10447,3
10448,8
10449,8
10450,6
10451,4
10452,6
10453,9
10454,8
10455,9
10456,3
10457,8
10458,9
10459,3
10460,7
10461,6
10462,1
10463,3
10464,1
10465,6
10466,3
10467,5
10468,9
10469,3
10470,9
10471,8
10472,9
10473,5
10474,5
10475,7
10476,5
10477,7
10478,2
10479,7
10480,3
10481,5
10482,4
10483,10
10484,19
10485,12
10486,8
10487,4
10488,8
10489,7
10490,5
10491,11
10492,15
10493,12
10494,5
10495,3
10496,9
10497,6
10498,6
10499,7
10500,3
10501,3
10502,7
10503,8
10504,6
10505,8
10506,5
10507,4
10508,11
10509,12
10510,9
10511,1
10512,8
10513,9
10514,6
10515,5
10516,10
10517,7
10518,4
10519,9
10520,5
10521,11
10522,9
10523,8
10524,7
10525,10
10526,8
10527,6
10528,5
10529,4
10530,6
10531,4
10532,5
10533,3
10534,11
10535,4
10536,9
10537,10
10538,6
10539,9
10540,9
10541,10
10542,11
10543,9
10544,14
10545,6
10546,38
10547,4
10548,7
10549,3
10550,3
10551,5
10552,9
10553,3
10554,7
10555,5
10556,6
10557,8
10558,3
10559,6
10560,7
10561,1
10562,9
10563,4
10564,8
10565,8
10566,7
10567,4
10568,5
10569,5
10570,6
10571,5
10572,5
10573,8
10574,5
10575,7
10576,2
10577,3
10578,5
10579,10
10580,8
10581,6
10582,5
10583,10
10584,5
10585,7
10586,2
10587,4
10588,5
10589,9
10590,4
10591,4
10592,4
10593,7
10594,13
10595,7
10596,2
10597,8
10598,5
10599,4
10600,11
10601,6
10602,5
10603,6
10604,1
10605,7
10606,4
10607,2
10608,6
10609,5
10610,7
10611,3
10612,7
10613,2
10614,5
10615,4
10616,16
10617,13
10618,10
10619,7
10620,7
10621,3
10622,2
10623,4
10624,7
10625,6
10626,2
10627,4
10628,5
10629,3
10630,0
10631,2
10632,6
10633,5
10634,4
10635,10
10636,4
10637,6
10638,10
10639,6
10640,2
10641,8
10642,1
10643,3
10644,7
10645,7
10646,6
10647,3
10648,5
10649,5
10650,6
10651,6
10652,3
10653,10
10654,10
10655,4
10656,2
10657,2
10658,4
10659,10
10660,5
10661,4
10662,3
10663,5
10664,8
10665,4
10666,3
10667,4
10668,1
10669,4
10670,4
10671,5
10672,8
10673,4
10674,3
10675,7
10676,8
10677,12
10678,11
10679,5
10680,4
10681,3
10682,8
10683,6
10684,8
10685,4
10686,3
10687,8
10688,3
10689,10
10690,7
10691,7
10692,10
10693,3
10694,5
10695,5
10696,8
10697,7
10698,6
10699,7
10700,5
10701,6
10702,6
10703,4
10704,3
10705,7
10706,5
10707,5
10708,9
10709,7
10710,3
10711,4
10712,5
10713,3
10714,6
10715,6
10716,4
10717,0
10718,5
10719,5
10720,4
10721,5
10722,4
10723,3
10724,5
10725,2
10726,2
10727,7
10728,6
10729,7
10730,4
10731,7
10732,6
10733,8
10734,1
10735,3
10736,6
10737,9
10738,4
10739,6
10740,1
10741,9
10742,4
10743,9
10744,6
10745,10
10746,4
10747,1
10748,5
10749,4
10750,6
10751,4
10752,3
10753,7
10754,6
10755,7
10756,3
10757,7
10758,8
10759,4
10760,4
10761,5
10762,8
10763,5
10764,5
10765,5
10766,10
10767,7
10768,5
10769,8
10770,7
10771,9
10772,13
10773,8
10774,6
10775,11
10776,7
10777,7
10778,5
10779,10
10780,9
10781,7
10782,3
10783,7
10784,5
10785,3
10786,6
10787,7
10788,6
10789,5
10790,0
10791,5
10792,8
10793,6
10794,7
10795,4
10796,11
10797,2
10798,2
10799,6
10800,6
10801,6
10802,7
10803,6
10804,9
10805,11
10806,4
10807,12
10808,3
10809,4
10810,5
10811,5
10812,8
10813,8
10814,8
10815,8
10816,3
10817,8
10818,5
10819,6
10820,4
10821,7
10822,6
10823,6
10824,5
10825,6
10826,7
10827,11
10828,6
10829,10
10830,6
10831,6
10832,5
10833,8
10834,2
10835,4
10836,4
10837,7
10838,6
10839,8
10840,3
10841,6
10842,4
10843,4
10844,7
10845,8
10846,2
10847,9
10848,7
10849,1
10850,5
10851,5
10852,3
10853,6
10854,5
10855,13
10856,7
10857,9
10858,20
10859,7
10860,13
10861,3
10862,7
10863,8
10864,3
10865,2
10866,8
10867,6
10868,5
10869,1
10870,3
10871,4
10872,8
10873,5
10874,6
10875,7
10876,8
10877,3
10878,2
10879,6
10880,4
10881,4
10882,4
10883,8
10884,11
10885,4
10886,7
10887,7
10888,7
10889,5
10890,8
10891,4
10892,6
10893,4
10894,2
10895,7
10896,9
10897,5
10898,4
10899,5
10900,5
10901,8
10902,2
10903,4
10904,6
10905,4
10906,2
10907,12
10908,8
10909,7
10910,8
10911,4
10912,5
10913,11
10914,4
10915,7
10916,5
10917,4
10918,9
10919,7
10920,2
10921,8
10922,5
10923,4
10924,6
10925,3
10926,8
10927,5
10928,2
10929,4
10930,7
10931,4
10932,8
10933,3
10934,5
10935,10
10936,3
10937,6
10938,5
10939,5
10940,8
10941,7
10942,5
10943,6
10944,6
10945,7
10946,6
10947,5
10948,4
10949,2
10950,9
10951,6
10952,8
10953,5
10954,0
10955,5
10956,7
10957,5
10958,3
10959,6
10960,5
10961,8
10962,9
10963,6
10964,9
10965,9
10966,3
10967,6
10968,10
10969,7
10970,2
10971,5
10972,5
10973,5
10974,6
10975,9
10976,2
10977,10
10978,2
10979,10
10980,4
10981,2
10982,4
10983,8
10984,4
10985,9
10986,10
10987,11
10988,4
10989,11
10990,5
10991,3
10992,6
10993,8
10994,10
10995,12
10996,5
10997,4
10998,2
10999,5
11000,5
11001,5
11002,6
11003,9
11004,1
11005,8
11006,4
11007,7
11008,6
11009,2
11010,2
11011,2
11012,2
11013,4
11014,8
11015,8
11016,4
11017,5
11018,6
11019,6
11020,3
11021,0
11022,2
11023,6
11024,5
11025,4
11026,6
11027,10
11028,3
11029,9
11030,6
11031,5
11032,5
11033,7
11034,4
11035,4
11036,3
11037,5
11038,3
11039,1
11040,9
11041,16
11042,3
11043,9
11044,9
11045,12
11046,12
11047,19
11048,4
11049,9
11050,14
11051,8
11052,6
11053,13
11054,7
11055,4
11056,6
11057,1
11058,2
11059,3
11060,6
11061,3
11062,7
11063,3
11064,2
11065,3
11066,8
11067,7
11068,6
11069,4
11070,2
11071,4
11072,4
11073,4
11074,14
11075,6
11076,4
11077,3
11078,8
11079,7
11080,0
11081,11
11082,8
11083,1
11084,5
11085,5
11086,17
11087,6
11088,8
11089,4
11090,7
11091,7
11092,6
11093,15
11094,11
11095,6
11096,1
11097,7
11098,4
11099,0
11100,8
11101,8
11102,6
11103,5
11104,5
11105,6
11106,14
11107,10
11108,9
11109,2
11110,6
11111,8
11112,8
11113,4
11114,10
11115,4
11116,12
11117,9
11118,15
11119,7
11120,12
11121,3
11122,6
11123,1
11124,10
11125,13
11126,12
11127,4
11128,5
11129,10
11130,3
11131,6
11132,4
11133,7
11134,9
11135,6
11136,2
11137,6
11138,12
11139,6
11140,2
11141,8
11142,6
11143,14
11144,10
11145,6
11146,6
11147,6
11148,9
11149,2
11150,10
11151,4
11152,4
11153,7
11154,6
11155,5
11156,6
11157,0
11158,7
11159,5
11160,0
11161,2
11162,5
11163,4
11164,1
11165,8
11166,9
11167,4
11168,6
11169,6
11170,5
11171,8
11172,5
11173,6
11174,4
11175,5
11176,11
11177,3
11178,6
11179,2
11180,4
11181,5
11182,4
11183,9
11184,6
11185,2
11186,10
11187,3
11188,8
11189,4
11190,8
11191,5
11192,4
11193,10
11194,3
11195,3
11196,4
11197,8
11198,9
11199,3
11200,8
11201,3
11202,5
11203,15
11204,6
11205,3
11206,2
11207,7
11208,16
11209,23
11210,8
11211,5
11212,5
11213,8
11214,4
11215,6
11216,9
11217,5
11218,7
11219,8
11220,4
11221,0
11222,2
11223,10
11224,10
11225,3
11226,8
11227,2
11228,5
11229,3
11230,8
11231,11
11232,5
11233,6
11234,12
11235,7
11236,4
11237,3
11238,7
11239,8
11240,4
11241,3
11242,5
11243,2
11244,9
11245,8
11246,4
11247,1
11248,6
11249,7
11250,3
11251,6
11252,6
11253,5
11254,5
11255,7
11256,11
11257,3
11258,11
11259,5
11260,6
11261,7
11262,18
11263,21
11264,3
11265,3
11266,7
11267,10
11268,4
11269,15
11270,6
11271,8
11272,4
11273,7
11274,4
11275,4
11276,4
11277,6
11278,4
11279,4
11280,6
11281,4
11282,2
11283,6
11284,5
11285,4
11286,5
11287,7
11288,2
11289,6
11290,1
11291,5
11292,8
11293,5
11294,10
11295,5
11296,5
11297,9
11298,8
11299,3
11300,16
11301,6
11302,6
11303,6
11304,5
11305,7
11306,10
11307,14
11308,3
11309,8
11310,5
11311,4
11312,9
11313,4
11314,6
11315,7
11316,6
11317,4
11318,10
11319,7
11320,5
11321,5
11322,2
11323,5
11324,11
11325,10
11326,4
11327,3
11328,8
11329,2
11330,6
11331,5
11332,8
11333,6
11334,12
11335,9
11336,6
11337,6
11338,9
11339,5
11340,2
11341,6
11342,6
11343,6
11344,6
11345,12
11346,10
11347,7
11348,6
11349,2
11350,2
11351,6
11352,6
11353,10
11354,10
11355,5
11356,5
11357,8
11358,5
11359,2
11360,5
11361,6
11362,7
11363,10
11364,5
11365,4
11366,7
11367,5
11368,6
11369,1
11370,4
11371,8
11372,4
11373,5
11374,4
11375,3
11376,6
11377,1
11378,8
11379,4
11380,15
11381,3
11382,3
11383,7
11384,5
11385,3
11386,7
11387,7
11388,7
11389,1
11390,8
11391,2
11392,5
11393,2
11394,5
11395,5
11396,7
11397,4
11398,6
11399,5
11400,9
11401,11
11402,14
11403,3
11404,9
11405,8
11406,5
11407,6
11408,9
11409,4
11410,7
11411,10
11412,4
11413,5
11414,8
11415,8
11416,3
11417,13
11418,10
11419,3
11420,2
11421,7
11422,12
11423,7
11424,4
11425,3
11426,1
11427,9
11428,9
11429,6
11430,5
11431,5
11432,4
11433,9
11434,5
11435,1
11436,5
11437,7
11438,6
11439,6
11440,9
11441,6
11442,7
11443,7
11444,5
11445,4
11446,4
11447,8
11448,12
11449,3
11450,12
11451,5
11452,7
11453,5
11454,7
11455,6
11456,2
11457,6
11458,4
11459,4
11460,7
11461,3
11462,6
11463,3
11464,3
11465,3
11466,4
11467,10
11468,9
11469,3
11470,3
11471,4
11472,7
11473,3
11474,6
11475,7
11476,11
11477,9
11478,7
11479,7
11480,3
11481,7
11482,5
11483,5
11484,5
11485,2
11486,6
11487,6
11488,7
11489,8
11490,3
11491,3
11492,4
11493,9
11494,13
11495,8
11496,4
11497,1
11498,2
11499,3
11500,5
11501,5
11502,5
11503,5
11504,1
11505,2
11506,8
11507,4
11508,2
11509,6
11510,3
11511,4
11512,14
11513,7
11514,16
11515,4
11516,5
11517,2
11518,4
11519,2
11520,7
11521,5
11522,4
11523,6
11524,3
11525,4
11526,3
11527,5
11528,8
11529,7
11530,3
11531,10
11532,4
11533,9
11534,7
11535,5
11536,9
11537,10
11538,12
11539,5
11540,6
11541,6
11542,5
11543,6
11544,3
11545,4
11546,2
11547,1
11548,9
11549,16
11550,3
11551,6
11552,14
11553,3
11554,1
11555,4
11556,3
11557,2
11558,5
11559,8
11560,9
11561,9
11562,2
11563,8
11564,11
11565,5
11566,3
11567,8
11568,8
11569,5
11570,8
11571,6
11572,13
11573,7
11574,2
11575,8
11576,6
11577,2
11578,8
11579,2
11580,5
11581,7
11582,4
11583,6
11584,9
11585,7
11586,5
11587,11
11588,8
11589,5
11590,1
11591,5
11592,3
11593,6
11594,5
11595,7
11596,8
11597,0
11598,4
11599,7
11600,8
11601,7
11602,7
11603,8
11604,7
11605,11
11606,8
11607,2
11608,2
11609,5
11610,6
11611,5
11612,9
11613,3
11614,5
11615,7
11616,6
11617,11
11618,7
11619,7
11620,7
11621,4
11622,12
11623,4
11624,4
11625,1
11626,3
11627,4
11628,9
11629,7
11630,1
11631,34
11632,12
11633,3
11634,6
11635,6
11636,9
11637,5
11638,6
11639,3
11640,12
11641,10
11642,3
11643,3
11644,5
11645,6
11646,9
11647,8
11648,9
11649,5
11650,8
11651,4
11652,4
11653,5
11654,5
11655,5
11656,4
11657,2
11658,1
11659,9
11660,7
11661,3
11662,7
11663,1
11664,5
11665,3
11666,4
11667,2
11668,4
11669,7
11670,6
11671,5
11672,12
11673,6
11674,9
11675,3
11676,6
11677,5
11678,9
11679,11
11680,6
11681,8
11682,2
11683,5
11684,2
11685,9
11686,9
11687,5
11688,9
11689,12
11690,9
11691,4
11692,6
11693,2
11694,4
11695,3
11696,5
11697,5
11698,10
11699,4
11700,5
11701,5
11702,7
11703,8
11704,3
11705,7
11706,6
11707,7
11708,2
11709,1
11710,13
11711,3
11712,10
11713,10
11714,6
11715,0
11716,7
11717,0
11718,8
11719,10
11720,7
11721,1
11722,7
11723,7
11724,12
11725,3
11726,6
11727,4
11728,12
11729,5
11730,7
11731,6
11732,7
11733,7
11734,6
11735,9
11736,5
11737,8
11738,10
11739,4
11740,2
11741,4
11742,7
11743,7
11744,7
11745,10
11746,11
11747,2
11748,6
11749,11
11750,6
11751,3
11752,5
11753,10
11754,4
11755,5
11756,8
11757,6
11758,6
11759,6
11760,4
11761,9
11762,6
11763,6
11764,7
11765,3
11766,5
11767,5
11768,9
11769,6
11770,5
11771,2
11772,4
11773,5
11774,2
11775,4
11776,5
11777,4
11778,6
11779,9
11780,9
11781,7
11782,3
11783,3
11784,8
11785,4
11786,8
11787,12
11788,2
11789,3
11790,1
11791,3
11792,4
11793,2
11794,1
11795,4
11796,0
11797,2
11798,11
11799,3
11800,3
11801,4
11802,4
11803,3
11804,4
11805,3
11806,5
11807,6
11808,7
11809,7
11810,2
11811,5
11812,7
11813,11
11814,3
11815,1
11816,12
11817,5
11818,4
11819,5
11820,5
11821,2
11822,4
11823,4
11824,11
11825,4
11826,4
11827,6
11828,7
11829,7
11830,4
11831,8
11832,7
11833,9
11834,2
11835,5
11836,5
11837,5
11838,8
11839,3
11840,6
11841,9
11842,6
11843,9
11844,6
11845,1
11846,10
11847,5
11848,2
11849,4
11850,1
11851,4
11852,3
11853,6
11854,4
11855,5
11856,9
11857,6
11858,8
11859,5
11860,4
11861,5
11862,5
11863,10
11864,3
11865,7
11866,10
11867,5
11868,12
11869,5
11870,5
11871,4
11872,10
11873,7
11874,7
11875,4
11876,4
11877,9
11878,2
11879,5
11880,4
11881,10
11882,8
11883,6
11884,7
11885,7
11886,9
11887,10
11888,4
11889,4
11890,9
11891,9
11892,5
11893,3
11894,2
11895,4
11896,4
11897,6
11898,4
11899,3
11900,1
11901,11
11902,12
11903,3
11904,3
11905,2
11906,3
11907,6
11908,7
11909,9
11910,6
11911,6
11912,5
11913,8
11914,4
11915,7
11916,18
11917,7
11918,7
11919,5
11920,7
11921,3
11922,5
11923,4
11924,5
11925,9
11926,10
11927,4
11928,6
11929,7
11930,4
11931,5
11932,6
11933,1
11934,3
11935,7
11936,6
11937,12
11938,2
11939,10
11940,8
11941,2
11942,5
11943,8
11944,1
11945,7
11946,8
11947,3
11948,5
11949,5
11950,8
11951,5
11952,5
11953,9
11954,7
11955,3
11956,2
11957,7
11958,2
11959,8
11960,4
11961,6
11962,2
11963,5
11964,2
11965,4
11966,1
11967,7
11968,6
11969,3
11970,5
11971,4
11972,5
11973,4
11974,4
11975,8
11976,5
11977,4
11978,5
11979,6
11980,3
11981,4
11982,2
11983,6
11984,6
11985,3
11986,10
11987,8
11988,13
11989,7
11990,3
11991,4
11992,10
11993,3
11994,7
11995,2
11996,5
11997,5
11998,6
11999,4
12000,6
12001,5
12002,2
12003,16
12004,6
12005,2
12006,4
12007,5
12008,2
12009,7
12010,6
12011,7
12012,6
12013,4
12014,3
12015,2
12016,5
12017,3
12018,6
12019,6
12020,13
12021,6
12022,4
12023,12
12024,4
12025,1
12026,5
12027,6
12028,15
12029,10
12030,13
12031,6
12032,9
12033,6
12034,10
12035,6
12036,5
12037,8
12038,2
12039,4
12040,2
12041,5
12042,2
12043,6
12044,5
12045,13
12046,10
12047,5
12048,7
12049,3
12050,9
12051,7
12052,7
12053,5
12054,4
12055,3
12056,6
12057,8
12058,2
12059,5
12060,7
12061,5
12062,2
12063,4
12064,4
12065,9
12066,4
12067,7
12068,10
12069,6
12070,0
12071,3
12072,6
12073,7
12074,4
12075,1
12076,3
12077,8
12078,6
12079,4
12080,4
12081,3
12082,2
12083,6
12084,7
12085,7
12086,8
12087,4
12088,6
12089,1
12090,7
12091,8
12092,6
12093,5
12094,7
12095,3
12096,5
12097,7
12098,3
12099,5
12100,2
12101,3
12102,4
12103,5
12104,4
12105,4
12106,3
12107,7
12108,6
12109,4
12110,7
12111,5
12112,4
12113,5
12114,6
12115,8
12116,7
12117,6
12118,3
12119,4
12120,8
12121,6
12122,11
12123,9
12124,1
12125,8
12126,3
12127,2
12128,6
12129,4
12130,4
12131,6
12132,7
12133,2
12134,4
12135,7
12136,8
12137,3
12138,3
12139,4
12140,5
12141,6
12142,4
12143,6
12144,5
12145,5
12146,7
12147,4
12148,5
12149,4
12150,2
12151,5
12152,6
12153,2
12154,7
12155,1
12156,8
12157,7
12158,2
12159,3
12160,5
12161,5
12162,2
12163,2
12164,7
12165,5
12166,5
12167,6
12168,7
12169,7
12170,5
12171,2
12172,5
12173,4
12174,2
12175,3
12176,3
12177,4
12178,8
12179,2
12180,3
12181,5
12182,2
12183,6
12184,4
12185,3
12186,5
12187,1
12188,3
12189,5
12190,8
12191,4
12192,6
12193,6
12194,4
12195,7
12196,4
12197,7
12198,11
12199,5
12200,14
12201,4
12202,3
12203,2
12204,7
12205,7
12206,3
12207,13
12208,12
12209,4
12210,6
12211,2
12212,3
12213,7
12214,3
12215,4
12216,4
12217,5
12218,9
12219,6
12220,6
12221,4
12222,5
12223,8
12224,6
12225,3
12226,8
12227,3
12228,6
12229,8
12230,3
12231,8
12232,5
12233,2
12234,0
12235,4
12236,7
12237,11
12238,1
12239,3
12240,8
12241,4
12242,5
12243,1
12244,8
12245,5
12246,23
12247,1
12248,0
12249,4
12250,3
12251,4
12252,8
12253,11
12254,10
12255,5
12256,8
12257,3
12258,1
12259,3
12260,4
12261,4
12262,13
12263,7
12264,6
12265,2
12266,6
12267,5
12268,4
12269,4
12270,6
12271,4
12272,3
12273,7
12274,2
12275,6
12276,3
12277,3
12278,9
12279,5
12280,2
12281,2
12282,6
12283,2
12284,4
12285,1
12286,1
12287,3
12288,3
12289,7
12290,7
12291,6
12292,4
12293,1
12294,5
12295,12
12296,11
12297,7
12298,5
12299,7
12300,4
12301,8
12302,5
12303,4
12304,6
12305,4
12306,5
12307,3
12308,1
12309,6
12310,3
12311,6
12312,4
12313,4
12314,4
12315,7
12316,3
12317,7
12318,4
12319,6
12320,4
12321,4
12322,1
12323,3
12324,7
12325,4
12326,10
12327,8
12328,5
12329,17
12330,5
12331,5
12332,5
12333,6
12334,1
12335,3
12336,5
12337,2
12338,4
12339,9
12340,1
12341,3
12342,4
12343,6
12344,3
12345,6
12346,3
12347,9
12348,1
12349,6
12350,4
12351,3
12352,5
12353,5
12354,5
12355,2
12356,5
12357,4
12358,3
12359,4
12360,3
12361,3
12362,5
12363,6
12364,1
12365,5
12366,3
12367,4
12368,2
12369,7
12370,6
12371,4
12372,4
12373,1
12374,2
12375,6
12376,6
12377,5
12378,2
12379,8
12380,5
12381,5
12382,3
12383,1
12384,5
12385,8
12386,6
12387,5
12388,7
12389,4
12390,11
12391,16
12392,10
12393,6
12394,3
12395,4
12396,4
12397,4
12398,5
12399,3
12400,3
12401,5
12402,8
12403,14
12404,7
12405,13
12406,10
12407,4
12408,8
12409,6
12410,10
12411,2
12412,6
12413,17
12414,4
12415,4
12416,5
12417,5
12418,6
12419,3
12420,6
12421,5
12422,4
12423,7
12424,3
12425,4
12426,4
12427,4
12428,5
12429,2
12430,2
12431,6
12432,8
12433,8
12434,6
12435,6
12436,4
12437,6
12438,8
12439,4
12440,3
12441,8
12442,3
12443,7
12444,4
12445,12
12446,2
12447,3
12448,2
12449,6
12450,8
12451,1
12452,5
12453,5
12454,5
12455,5
12456,7
12457,3
12458,1
12459,6
12460,5
12461,5
12462,5
12463,8
12464,7
12465,8
12466,8
12467,5
12468,16
12469,7
12470,11
12471,3
12472,6
12473,7
12474,3
12475,3
12476,3
12477,7
12478,7
12479,2
12480,2
12481,5
12482,5
12483,7
12484,16
12485,4
12486,6
12487,4
12488,3
12489,5
12490,6
12491,4
12492,2
12493,9
12494,8
12495,7
12496,0
12497,5
12498,4
12499,8
12500,4
12501,6
12502,2
12503,3
12504,3
12505,8
12506,1
12507,7
12508,3
12509,3
12510,6
12511,7
12512,13
12513,5
12514,3
12515,2
12516,8
12517,8
12518,4
12519,2
12520,4
12521,3
12522,5
12523,2
12524,2
12525,4
12526,6
12527,5
12528,4
12529,2
12530,2
12531,6
12532,7
12533,4
12534,4
12535,3
12536,7
12537,3
12538,2
12539,3
12540,3
12541,7
12542,4
12543,4
12544,4
12545,7
12546,1
12547,3
12548,4
12549,8
12550,5
12551,5
12552,6
12553,4
12554,6
12555,4
12556,6
12557,3
12558,8
12559,4
12560,3
12561,7
12562,7
12563,4
12564,6
12565,5
12566,6
12567,3
12568,7
12569,7
12570,2
12571,3
12572,3
12573,6
12574,2
12575,5
12576,4
12577,8
12578,1
12579,2
12580,9
12581,5
12582,4
12583,3
12584,3
12585,1
12586,5
12587,4
12588,4
12589,3
12590,0
12591,8
12592,5
12593,5
12594,4
12595,7
12596,6
12597,9
12598,10
12599,3
12600,3
12601,6
12602,9
12603,3
12604,5
12605,5
12606,0
12607,4
12608,4
12609,4
12610,4
12611,2
12612,8
12613,6
12614,5
12615,4
12616,3
12617,2
12618,3
12619,4
12620,3
12621,8
12622,3
12623,7
12624,4
12625,3
12626,8
12627,3
12628,5
12629,1
12630,8
12631,6
12632,14
12633,5
12634,5
12635,1
12636,3
12637,8
12638,6
12639,2
12640,7
12641,4
12642,2
12643,1
12644,3
12645,3
12646,5
12647,7
12648,7
12649,3
12650,3
12651,4
12652,5
12653,3
12654,8
12655,1
12656,14
12657,3
12658,8
12659,5
12660,10
12661,3
12662,10
12663,5
12664,5
12665,13
12666,8
12667,3
12668,5
12669,3
12670,3
12671,5
12672,9
12673,3
12674,4
12675,5
12676,6
12677,4
12678,7
12679,2
12680,7
12681,11
12682,5
12683,3
12684,4
12685,7
12686,4
12687,5
12688,5
12689,5
12690,6
12691,3
12692,9
12693,10
12694,2
12695,5
12696,21
12697,7
12698,3
12699,2
12700,5
12701,8
12702,1
12703,6
12704,4
12705,2
12706,3
12707,3
12708,3
12709,1
12710,3
12711,4
12712,6
12713,5
12714,5
12715,2
12716,4
12717,7
12718,1
12719,7
12720,2
12721,3
12722,4
12723,4
12724,3
12725,5
12726,24
12727,3
12728,7
12729,5
12730,11
12731,23
12732,21
12733,4
12734,8
12735,4
12736,5
12737,5
12738,6
12739,3
12740,2
12741,5
12742,9
12743,5
12744,7
12745,3
12746,6
12747,9
12748,9
12749,6
12750,5
12751,4
12752,4
12753,3
12754,1
12755,2
12756,6
12757,6
12758,1
12759,5
12760,4
12761,7
12762,3
12763,6
12764,6
12765,2
12766,3
12767,5
12768,4
12769,1
12770,5
12771,6
12772,11
12773,6
12774,9
12775,6
12776,2
12777,5
12778,10
12779,5
12780,7
12781,4
12782,8
12783,2
12784,4
12785,9
12786,1
12787,8
12788,4
12789,6
12790,5
12791,2
12792,4
12793,4
12794,5
12795,6
12796,9
12797,6
12798,5
12799,4
12800,3
12801,6
12802,2
12803,2
12804,2
12805,6
12806,4
12807,2
12808,8
12809,4
12810,5
12811,5
12812,4
12813,4
12814,8
12815,6
12816,6
12817,3
12818,4
12819,4
12820,2
12821,7
12822,20
12823,11
12824,2
12825,5
12826,12
12827,5
12828,3
12829,6
12830,3
12831,6
12832,1
12833,1
12834,4
12835,11
12836,3
12837,5
12838,2
12839,1
12840,8
12841,8
12842,8
12843,3
12844,3
12845,4
12846,4
12847,7
12848,4
12849,1
12850,5
12851,9
12852,5
12853,5
12854,8
12855,2
12856,0
12857,3
12858,7
12859,9
12860,8
12861,5
12862,2
12863,5
12864,5
12865,5
12866,8
12867,4
12868,5
12869,4
12870,3
12871,7
12872,3
12873,6
12874,10
12875,5
12876,4
12877,3
12878,6
12879,3
12880,6
12881,4
12882,4
12883,7
12884,5
12885,4
12886,5
12887,6
12888,8
12889,10
12890,4
12891,4
12892,4
12893,4
12894,7
12895,5
12896,8
12897,7
12898,6
12899,4
12900,4
12901,4
12902,8
12903,7
12904,7
12905,4
12906,2
12907,2
12908,8
12909,4
12910,4
12911,7
12912,5
12913,3
12914,3
12915,2
12916,1
12917,4
12918,3
12919,8
12920,6
12921,8
12922,8
12923,5
12924,7
12925,1
12926,8
12927,0
12928,5
12929,3
12930,8
12931,10
12932,6
12933,8
12934,3
12935,6
12936,4
12937,9
12938,4
12939,6
12940,5
12941,7
12942,6
12943,4
12944,7
12945,9
12946,6
12947,4
12948,3
12949,6
12950,5
12951,6
12952,5
12953,2
12954,0
12955,3
12956,15
12957,8
12958,6
12959,4
12960,3
12961,8
12962,6
12963,3
12964,7
12965,1
12966,5
12967,6
12968,1
12969,5
12970,1
12971,7
12972,2
12973,0
12974,3
12975,6
12976,4
12977,2
12978,2
12979,4
12980,6
12981,3
12982,2
12983,5
12984,5
12985,2
12986,7
12987,5
12988,6
12989,6
12990,5
12991,2
12992,9
12993,4
12994,3
12995,4
12996,9
12997,4
12998,6
12999,7
13000,2
13001,4
13002,2
13003,2
13004,4
13005,1
13006,3
13007,2
13008,2
13009,4
13010,5
13011,7
13012,5
13013,4
13014,2
13015,4
13016,4
13017,8
13018,6
13019,7
13020,3
13021,9
13022,4
13023,5
13024,11
13025,6
13026,10
13027,7
13028,5
13029,10
13030,10
13031,1
13032,9
13033,10
13034,3
13035,7
13036,2
13037,1
13038,7
13039,7
13040,10
13041,7
13042,9
13043,4
13044,8
13045,4
13046,5
13047,4
13048,4
13049,2
13050,4
13051,5
13052,15
13053,3
13054,3
13055,3
13056,4
13057,12
13058,3
13059,2
13060,9
13061,3
13062,1
13063,8
13064,3
13065,3
13066,3
13067,5
13068,5
13069,5
13070,3
13071,5
13072,8
13073,3
13074,2
13075,1
13076,5
13077,10
13078,6
13079,5
13080,6
13081,4
13082,2
13083,1
13084,7
13085,10
13086,3
13087,4
13088,10
13089,3
13090,9
13091,7
13092,5
13093,4
13094,1
13095,5
13096,9
13097,1
13098,17
13099,5
13100,5
13101,4
13102,5
13103,5
13104,3
13105,2
13106,7
13107,12
13108,3
13109,4
13110,3
13111,8
13112,7
13113,1
13114,11
13115,4
13116,2
13117,1
13118,2
13119,4
13120,2
13121,5
13122,3
13123,3
13124,3
13125,3
13126,4
13127,0
13128,5
13129,4
13130,5
13131,4
13132,3
13133,8
13134,4
13135,0
13136,1
13137,3
13138,2
13139,3
13140,4
13141,4
13142,4
13143,5
13144,5
13145,5
13146,3
13147,3
13148,2
13149,10
13150,2
13151,4
13152,4
13153,0
13154,5
13155,3
13156,3
13157,3
13158,4
13159,1
13160,3
13161,0
13162,5
13163,4
13164,6
13165,1
13166,3
13167,5
13168,4
13169,3
13170,4
13171,5
13172,3
13173,3
13174,0
13175,4
13176,4
13177,4
13178,1
13179,2
13180,4
13181,5
13182,6
13183,3
13184,7
13185,7
13186,4
13187,7
13188,4
13189,6
13190,3
13191,9
13192,4
13193,8
13194,3
13195,4
13196,5
13197,4
13198,4
13199,4
13200,7
13201,12
13202,3
13203,7
13204,9
13205,0
13206,2
13207,7
13208,4
13209,4
13210,6
13211,5
13212,3
13213,5
13214,6
13215,5
13216,7
13217,6
13218,1
13219,6
13220,8
13221,5
13222,3
13223,2
13224,4
13225,6
13226,9
13227,4
13228,2
13229,7
13230,7
13231,0
13232,1
13233,3
13234,5
13235,6
13236,4
13237,6
13238,8
13239,8
13240,3
13241,6
13242,8
13243,9
13244,5
13245,1
13246,8
13247,5
13248,3
13249,3
13250,4
13251,6
13252,5
13253,7
13254,3
13255,3
13256,11
13257,7
13258,1
13259,8
13260,5
13261,2
13262,3
13263,2
13264,3
13265,2
13266,7
13267,3
13268,4
13269,5
13270,8
13271,9
13272,4
13273,4
13274,5
13275,1
13276,1
13277,13
13278,3
13279,4
13280,4
13281,3
13282,2
13283,3
13284,3
13285,5
13286,3
13287,4
13288,3
13289,12
13290,5
13291,7
13292,5
13293,6
13294,7
13295,6
13296,4
13297,6
13298,6
13299,4
13300,4
13301,3
13302,2
13303,7
13304,7
13305,3
13306,7
13307,7
13308,8
13309,7
13310,4
13311,4
13312,4
13313,7
13314,8
13315,3
13316,2
13317,8
13318,6
13319,3
13320,12
13321,5
13322,11
13323,8
13324,6
13325,4
13326,4
13327,4
13328,7
13329,4
13330,6
13331,1
13332,5
13333,2
13334,8
13335,5
13336,5
13337,7
13338,4
13339,3
13340,3
13341,10
13342,3
13343,6
13344,2
13345,2
13346,5
13347,7
13348,3
13349,1
13350,4
13351,3
13352,6
13353,7
13354,2
13355,2
13356,4
13357,4
13358,3
13359,5
13360,1
13361,5
13362,5
13363,10
13364,10
13365,2
13366,10
13367,7
13368,3
13369,5
13370,2
13371,1
13372,8
13373,0
13374,3
13375,5
13376,8
13377,3
13378,4
13379,9
13380,2
13381,2
13382,5
13383,4
13384,3
13385,14
13386,18
13387,4
13388,1
13389,3
13390,1
13391,5
13392,3
13393,4
13394,2
13395,12
13396,3
13397,5
13398,8
13399,2
13400,5
13401,0
13402,1
13403,4
13404,5
13405,1
13406,6
13407,5
13408,4
13409,6
13410,9
13411,5
13412,3
13413,5
13414,8
13415,4
13416,3
13417,6
13418,1
13419,1
13420,7
13421,2
13422,7
13423,8
13424,4
13425,5
13426,8
13427,5
13428,5
13429,2
13430,7
13431,5
13432,10
13433,13
13434,4
13435,1
13436,5
13437,5
13438,3
13439,5
13440,3
13441,5
13442,4
13443,5
13444,5
13445,2
13446,4
13447,3
13448,1
13449,4
13450,5
13451,7
13452,9
13453,3
13454,7
13455,5
13456,3
13457,6
13458,7
13459,8
13460,4
13461,5
13462,5
13463,7
13464,4
13465,3
13466,5
13467,6
13468,1
13469,1
13470,5
13471,3
13472,2
13473,4
13474,6
13475,2
13476,7
13477,8
13478,7
13479,3
13480,7
13481,5
13482,6
13483,7
13484,3
13485,4
13486,4
13487,3
13488,4
13489,11
13490,4
13491,4
13492,4
13493,4
13494,4
13495,2
13496,2
13497,6
13498,4
13499,2
13500,2
13501,7
13502,1
13503,4
13504,2
13505,2
13506,2
13507,3
13508,3
13509,4
13510,2
13511,1
13512,3
13513,4
13514,5
13515,2
13516,5
13517,4
13518,3
13519,2
13520,4
13521,6
13522,0
13523,8
13524,4
13525,4
13526,5
13527,4
13528,2
13529,9
13530,2
13531,5
13532,8
13533,1
13534,2
13535,2
13536,3
13537,1
13538,4
13539,1
13540,2
13541,4
13542,0
13543,6
13544,7
13545,3
13546,1
13547,3
13548,2
13549,4
13550,3
13551,1
13552,3
13553,3
13554,1
13555,12
13556,8
13557,5
13558,4
13559,6
13560,6
13561,4
13562,3
13563,4
13564,6
13565,9
13566,1
13567,7
13568,2
13569,5
13570,4
13571,0
13572,1
13573,4
13574,2
13575,3
13576,3
13577,1
13578,2
13579,4
13580,3
13581,4
13582,7
13583,1
13584,4
13585,3
13586,1
13587,1
13588,2
13589,5
13590,1
13591,3
13592,5
13593,3
13594,4
13595,3
13596,2
13597,1
13598,3
13599,4
13600,7
13601,0
13602,5
13603,4
13604,2
13605,2
13606,2
13607,1
13608,4
13609,7
13610,3
13611,7
13612,12
13613,3
13614,3
13615,6
13616,7
13617,4
13618,25
13619,5
13620,5
13621,2
13622,4
13623,7
13624,4
13625,4
13626,6
13627,2
13628,4
13629,7
13630,5
13631,4
13632,6
13633,3
13634,3
13635,3
13636,9
13637,4
13638,7
13639,9
13640,2
13641,6
13642,5
13643,5
13644,6
13645,4
13646,9
13647,8
13648,2
13649,3
13650,1
13651,1
13652,4
13653,5
13654,3
13655,4
13656,5
13657,0
13658,2
13659,2
13660,4
13661,5
13662,1
13663,1
13664,5
13665,4
13666,3
13667,5
13668,5
13669,4
13670,5
13671,3
13672,4
13673,11
13674,5
13675,3
13676,3
13677,3
13678,8
13679,6
13680,7
13681,1
13682,2
13683,5
13684,3
13685,4
13686,2
13687,10
13688,5
13689,5
13690,2
13691,3
13692,1
13693,7
13694,9
13695,6
13696,6
13697,4
13698,8
13699,2
13700,2
13701,7
13702,4
13703,3
13704,2
13705,3
13706,0
13707,0
13708,3
13709,3
13710,0
13711,3
13712,2
13713,5
13714,2
13715,3
13716,1
13717,3
13718,4
13719,4
13720,3
13721,5
13722,4
13723,5
13724,8
13725,2
13726,1
13727,6
13728,3
13729,4
13730,3
13731,2
13732,3
13733,5
13734,2
13735,0
13736,3
13737,3
13738,7
13739,6
13740,8
13741,3
13742,6
13743,2
13744,3
13745,12
13746,6
13747,2
13748,6
13749,8
13750,6
13751,5
13752,2
13753,2
13754,6
13755,2
13756,3
13757,4
13758,6
13759,6
13760,3
13761,3
13762,2
13763,6
13764,2
13765,3
13766,1
13767,3
13768,4
13769,1
13770,6
13771,5
13772,1
13773,3
13774,3
13775,3
13776,5
13777,4
13778,2
13779,2
13780,6
13781,2
13782,3
13783,2
13784,4
13785,6
13786,6
13787,5
13788,2
13789,5
13790,3
13791,6
13792,2
13793,7
13794,5
13795,4
13796,3
13797,1
13798,2
13799,3
13800,4
13801,4
13802,3
13803,3
13804,3
13805,4
13806,4
13807,4
13808,5
13809,5
13810,4
13811,5
13812,4
13813,2
13814,5
13815,1
13816,3
13817,1
13818,0
13819,4
13820,4
13821,3
13822,1
13823,1
13824,5
13825,6
13826,1
13827,2
13828,2
13829,4
13830,1
13831,2
13832,3
13833,11
13834,5
13835,1
13836,3
13837,3
13838,4
13839,2
13840,2
13841,1
13842,5
13843,2
13844,3
13845,7
13846,3
13847,3
13848,3
13849,5
13850,5
13851,5
13852,4
13853,3
13854,9
13855,8
13856,2
13857,5
13858,9
13859,5
13860,9
13861,2
13862,3
13863,3
13864,1
13865,3
13866,3
13867,3
13868,4
13869,0
13870,4
13871,1
13872,9
13873,7
13874,3
13875,5
13876,1
13877,4
13878,6
13879,6
13880,5
13881,3
13882,5
13883,2
13884,4
13885,6
13886,18
13887,3
13888,3
13889,2
13890,7
13891,3
13892,9
13893,6
13894,8
13895,12
13896,13
13897,5
13898,4
13899,6
13900,4
13901,4
13902,3
13903,3
13904,6
13905,9
13906,16
13907,3
13908,2
13909,5
13910,4
13911,6
13912,0
13913,3
13914,6
13915,2
13916,8
13917,6
13918,7
13919,5
13920,3
13921,9
13922,8
13923,9
13924,4
13925,1
13926,1
13927,3
13928,5
13929,10
13930,2
13931,5
13932,6
13933,5
13934,7
13935,5
13936,2
13937,3
13938,2
13939,5
13940,5
13941,4
13942,1
13943,4
13944,1
13945,4
13946,1
13947,2
13948,6
13949,4
13950,2
13951,2
13952,4
13953,3
13954,1
13955,4
13956,1
13957,1
13958,5
13959,1
13960,3
13961,2
13962,2
13963,5
13964,4
13965,6
13966,1
13967,3
13968,2
13969,11
13970,4
13971,4
13972,1
13973,8
13974,7
13975,11
13976,9
13977,2
13978,12
13979,7
13980,7
13981,8
13982,12
13983,0
13984,3
13985,1
13986,2
13987,5
13988,1
13989,5
13990,4
13991,3
13992,6
13993,4
13994,8
13995,1
13996,5
13997,8
13998,4
13999,3
14000,4
14001,4
14002,3
14003,6
14004,2
14005,5
14006,2
14007,4
14008,5
14009,4
14010,4
14011,5
14012,4
14013,5
14014,3
14015,2
14016,0
14017,8
14018,2
14019,3
14020,14
14021,5
14022,6
14023,2
14024,1
14025,1
14026,6
14027,7
14028,1
14029,5
14030,3
14031,5
14032,5
14033,4
14034,0
14035,5
14036,2
14037,7
14038,4
14039,2
14040,6
14041,4
14042,2
14043,2
14044,3
14045,6
14046,3
14047,5
14048,0
14049,8
14050,7
14051,1
14052,0
14053,3
14054,0
14055,6
14056,7
14057,8
14058,3
14059,1
14060,6
14061,3
14062,3
14063,3
14064,1
14065,1
14066,1
14067,6
14068,1
14069,8
14070,6
14071,9
14072,9
14073,4
14074,5
14075,8
14076,3
14077,5
14078,3
14079,5
14080,5
14081,6
14082,6
14083,5
14084,3
14085,0
14086,2
14087,3
14088,2
14089,3
14090,3
14091,3
14092,2
14093,5
14094,3
14095,5
14096,7
14097,1
14098,5
14099,3
14100,5
14101,5
14102,2
14103,2
14104,0
14105,7
14106,4
14107,2
14108,2
14109,1
14110,5
14111,0
14112,6
14113,4
14114,3
14115,3
14116,5
14117,6
14118,5
14119,9
14120,6
14121,5
14122,2
14123,4
14124,3
14125,6
14126,5
14127,7
14128,2
14129,4
14130,2
14131,1
14132,3
14133,10
14134,4
14135,6
14136,6
14137,5
14138,5
14139,4
14140,4
14141,3
14142,1
14143,25
14144,3
14145,3
14146,0
14147,0
14148,5
14149,2
14150,3
14151,2
14152,5
14153,7
14154,1
14155,4
14156,3
14157,1
14158,5
14159,5
14160,5
14161,5
14162,7
14163,3
14164,2
14165,4
14166,6
14167,7
14168,4
14169,6
14170,9
14171,5
14172,10
14173,5
14174,10
14175,7
14176,0
14177,5
14178,5
14179,7
14180,4
14181,5
14182,1
14183,3
14184,3
14185,4
14186,2
14187,4
14188,5
14189,6
14190,5
14191,3
14192,21
14193,4
14194,4
14195,4
14196,0
14197,5
14198,4
14199,2
14200,2
14201,5
14202,3
14203,8
14204,8
14205,8
14206,4
14207,4
14208,8
14209,3
14210,2
14211,9
14212,10
14213,6
14214,6
14215,4
14216,2
14217,8
14218,16
14219,3
14220,5
14221,4
14222,5
14223,4
14224,4
14225,2
14226,3
14227,5
14228,2
14229,3
14230,1
14231,3
14232,4
14233,3
14234,3
14235,8
14236,1
14237,3
14238,6
14239,6
14240,1
14241,1
14242,5
14243,5
14244,7
14245,0
14246,8
14247,11
14248,1
14249,4
14250,2
14251,5
14252,4
14253,2
14254,5
14255,7
14256,4
14257,2
14258,3
14259,8
14260,4
14261,8
14262,4
14263,7
14264,15
14265,4
14266,9
14267,2
14268,4
14269,6
14270,6
14271,3
14272,1
14273,3
14274,6
14275,15
14276,7
14277,5
14278,2
14279,6
14280,1
14281,6
14282,4
14283,3
14284,2
14285,5
14286,6
14287,1
14288,3
14289,6
14290,1
14291,4
14292,8
14293,14
14294,8
14295,5
14296,6
14297,4
14298,9
14299,6
14300,6
14301,3
14302,7
14303,5
14304,11
14305,8
14306,3
14307,2
14308,1
14309,3
14310,5
14311,3
14312,3
14313,2
14314,1
14315,4
14316,2
14317,4
14318,3
14319,5
14320,1
14321,3
14322,3
14323,10
14324,3
14325,10
14326,5
14327,3
14328,3
14329,6
14330,4
14331,4
14332,4
14333,5
14334,5
14335,3
14336,5
14337,7
14338,3
14339,2
14340,2
14341,12
14342,3
14343,6
14344,3
14345,7
14346,2
14347,3
14348,2
14349,1
14350,6
14351,2
14352,3
14353,6
14354,4
14355,5
14356,1
14357,5
14358,3
14359,4
14360,11
14361,5
14362,4
14363,4
14364,2
14365,2
14366,3
14367,6
14368,5
14369,1
14370,3
14371,1
14372,1
14373,6
14374,3
14375,0
14376,5
14377,5
14378,2
14379,6
14380,3
14381,4
14382,0
14383,6
14384,3
14385,4
14386,2
14387,1
14388,0
14389,4
14390,0
14391,3
14392,3
14393,9
14394,5
14395,5
14396,0
14397,2
14398,7
14399,4
14400,2
14401,5
14402,3
14403,4
14404,2
14405,6
14406,1
14407,3
14408,4
14409,2
14410,7
14411,0
14412,1
14413,4
14414,6
14415,4
14416,4
14417,5
14418,1
14419,9
14420,1
14421,3
14422,6
14423,1
14424,5
14425,3
14426,4
14427,3
14428,4
14429,7
14430,3
14431,8
14432,5
14433,6
14434,4
14435,3
14436,7
14437,6
14438,7
14439,4
14440,1
14441,1
14442,5
14443,4
14444,6
14445,5
14446,1
14447,3
14448,4
14449,1
14450,5
14451,2
14452,2
14453,6
14454,2
14455,4
14456,2
14457,4
14458,7
14459,8
14460,4
14461,5
14462,0
14463,2
14464,1
14465,5
14466,3
14467,4
14468,8
14469,3
14470,6
14471,5
14472,5
14473,5
14474,1
14475,4
14476,1
14477,7
14478,11
14479,8
14480,4
14481,7
14482,7
14483,3
14484,15
14485,6
14486,4
14487,7
14488,6
14489,5
14490,3
14491,7
14492,3
14493,4
14494,5
14495,6
14496,1
14497,5
14498,3
14499,5
14500,3
14501,3
14502,2
14503,1
14504,3
14505,5
14506,5
14507,6
14508,3
14509,4
14510,2
14511,6
14512,4
14513,4
14514,15
14515,5
14516,6
14517,4
14518,3
14519,3
14520,11
14521,2
14522,0
14523,0
14524,3
14525,4
14526,5
14527,3
14528,5
14529,5
14530,2
14531,10
14532,6
14533,4
14534,9
14535,2
14536,3
14537,5
14538,1
14539,5
14540,7
14541,6
14542,4
14543,9
14544,6
14545,3
14546,1
14547,1
14548,2
14549,9
14550,1
14551,4
14552,3
14553,6
14554,4
14555,8
14556,6
14557,6
14558,4
14559,3
14560,4
14561,9
14562,0
14563,4
14564,4
14565,7
14566,3
14567,5
14568,2
14569,3
14570,3
14571,5
14572,4
14573,3
14574,3
14575,6
14576,1
14577,2
14578,2
14579,4
14580,8
14581,1
14582,7
14583,4
14584,2
14585,2
14586,4
14587,1
14588,3
14589,4
14590,1
14591,5
14592,5
14593,5
14594,1
14595,0
14596,6
14597,1
14598,4
14599,4
14600,4
14601,5
14602,3
14603,2
14604,4
14605,1
14606,6
14607,1
14608,4
14609,7
14610,2
14611,6
14612,1
14613,5
14614,6
14615,1
14616,7
14617,17
14618,4
14619,5
14620,5
14621,4
14622,4
14623,5
14624,9
14625,7
14626,1
14627,1
14628,1
14629,4
14630,3
14631,5
14632,3
14633,2
14634,2
14635,5
14636,1
14637,4
14638,4
14639,6
14640,2
14641,5
14642,8
14643,1
14644,5
14645,3
14646,4
14647,6
14648,10
14649,10
14650,7
14651,3
14652,6
14653,2
14654,4
14655,1
14656,4
14657,4
14658,6
14659,5
14660,5
14661,1
14662,0
14663,2
14664,3
14665,3
14666,3
14667,4
14668,6
14669,5
14670,9
14671,4
14672,5
14673,6
14674,10
14675,4
14676,1
14677,4
14678,5
14679,5
14680,10
14681,6
14682,4
14683,4
14684,1
14685,3
14686,0
14687,0
14688,5
14689,3
14690,2
14691,4
14692,5
14693,1
14694,6
14695,4
14696,5
14697,5
14698,1
14699,3
14700,4
14701,4
14702,7
14703,3
14704,7
14705,3
14706,6
14707,2
14708,7
14709,4
14710,8
14711,6
14712,8
14713,2
14714,2
14715,7
14716,3
14717,4
14718,6
14719,0
14720,4
14721,1
14722,2
14723,1
14724,3
14725,3
14726,2
14727,4
14728,3
14729,3
14730,6
14731,7
14732,5
14733,2
14734,8
14735,4
14736,2
14737,4
14738,3
14739,1
14740,3
14741,2
14742,2
14743,5
14744,4
14745,3
14746,2
14747,12
14748,3
14749,8
14750,3
14751,6
14752,6
14753,5
14754,9
14755,7
14756,1
14757,3
14758,3
14759,0
14760,5
14761,6
14762,3
14763,5
14764,9
14765,5
14766,2
14767,7
14768,5
14769,6
14770,3
14771,2
14772,1
14773,0
14774,6
14775,4
14776,1
14777,4
14778,2
14779,1
14780,1
14781,4
14782,2
14783,6
14784,4
14785,6
14786,4
14787,4
14788,3
14789,3
14790,3
14791,6
14792,7
14793,2
14794,5
14795,6
14796,2
14797,4
14798,6
14799,8
14800,1
14801,4
14802,4
14803,5
14804,4
14805,3
14806,7
14807,5
14808,5
14809,5
14810,4
14811,10
14812,6
14813,6
14814,6
14815,4
14816,4
14817,6
14818,3
14819,6
14820,1
14821,5
14822,6
14823,4
14824,3
14825,29
14826,0
14827,4
14828,1
14829,4
14830,6
14831,1
14832,2
14833,5
14834,2
14835,2
14836,6
14837,3
14838,7
14839,6
14840,6
14841,4
14842,2
14843,5
14844,8
14845,3
14846,7
14847,2
14848,4
14849,6
14850,3
14851,3
14852,7
14853,7
14854,20
14855,9
14856,6
14857,5
14858,2
14859,6
14860,3
14861,4
14862,2
14863,8
14864,3
14865,0
14866,6
14867,5
14868,5
14869,4
14870,1
14871,6
14872,7
14873,6
14874,9
14875,2
14876,0
14877,5
14878,5
14879,1
14880,2
14881,3
14882,6
14883,5
14884,2
14885,1
14886,6
14887,2
14888,7
14889,5
14890,5
14891,2
14892,1
14893,3
14894,3
14895,0
14896,3
14897,5
14898,2
14899,2
14900,7
14901,0
14902,2
14903,7
14904,5
14905,4
14906,3
14907,3
14908,6
14909,3
14910,13
14911,6
14912,17
14913,5
14914,4
14915,7
14916,4
14917,5
14918,8
14919,4
14920,4
14921,3
14922,5
14923,2
14924,6
14925,4
14926,7
14927,2
14928,5
14929,1
14930,5
14931,4
14932,6
14933,3
14934,6
14935,3
14936,3
14937,2
14938,2
14939,6
14940,5
14941,2
14942,3
14943,11
14944,3
14945,5
14946,2
14947,9
14948,13
14949,2
14950,6
14951,3
14952,4
14953,6
14954,5
14955,2
14956,6
14957,2
14958,5
14959,5
14960,3
14961,3
14962,4
14963,3
14964,3
14965,4
14966,6
14967,5
14968,4
14969,2
14970,4
14971,4
14972,1
14973,4
14974,0
14975,3
14976,4
14977,4
14978,5
14979,1
14980,6
14981,0
14982,3
14983,5
14984,4
14985,6
14986,4
14987,6
14988,5
14989,4
14990,1
14991,6
14992,6
14993,5
14994,4
14995,5
14996,4
14997,4
14998,5
14999,5
15000,1
15001,1
15002,2
15003,2
15004,0
15005,3
15006,2
15007,0
15008,2
15009,7
15010,3
15011,5
15012,7
15013,11
15014,5
15015,3
15016,10
15017,4
15018,10
15019,5
15020,9
15021,4
15022,5
15023,3
15024,3
15025,21
15026,0
15027,0
15028,5
15029,3
15030,2
15031,2
15032,1
15033,3
15034,6
15035,4
15036,3
15037,3
15038,5
15039,3
15040,4
15041,4
15042,2
15043,3
15044,3
15045,2
15046,6
15047,5
15048,4
15049,3
15050,4
15051,0
15052,0
15053,2
15054,4
15055,7
15056,5
15057,3
15058,2
15059,4
15060,5
15061,1
15062,4
15063,3
15064,3
15065,6
15066,2
15067,8
15068,5
15069,4
15070,10
15071,3
15072,4
15073,2
15074,5
15075,3
15076,8
15077,2
15078,3
15079,3
15080,4
15081,6
15082,3
15083,4
15084,0
15085,20
15086,7
15087,4
15088,1
15089,3
15090,7
15091,3
15092,8
15093,3
15094,12
15095,7
15096,6
15097,12
15098,18
15099,4
15100,6
15101,3
15102,4
15103,6
15104,3
15105,2
15106,1
15107,1
15108,4
15109,3
15110,4
15111,3
15112,2
15113,5
15114,1
15115,4
15116,5
15117,9
15118,3
15119,5
15120,4
15121,7
15122,1
15123,7
15124,5
15125,7
15126,5
15127,3
15128,2
15129,1
15130,7
15131,2
15132,5
15133,10
15134,8
15135,7
15136,11
15137,8
15138,4
15139,3
15140,4
15141,4
15142,5
15143,4
15144,5
15145,4
15146,8
15147,5
15148,11
15149,4
15150,2
15151,7
15152,3
15153,3
15154,4
15155,3
15156,6
15157,3
15158,2
15159,11
15160,5
15161,5
15162,8
15163,4
15164,2
15165,4
15166,3
15167,2
15168,4
15169,5
15170,2
15171,2
15172,7
15173,5
15174,3
15175,1
15176,1
15177,2
15178,6
15179,6
15180,1
15181,3
15182,4
15183,3
15184,7
15185,0
15186,3
15187,3
15188,5
15189,3
15190,6
15191,3
15192,4
15193,5
15194,2
15195,6
15196,5
15197,4
15198,1
15199,0
15200,4
15201,8
15202,1
15203,5
15204,4
15205,10
15206,4
15207,5
15208,5
15209,4
15210,3
15211,4
15212,4
15213,3
15214,6
15215,3
15216,6
15217,2
15218,4
15219,5
15220,14
15221,0
15222,3
15223,3
15224,3
15225,5
15226,3
15227,3
15228,4
15229,2
15230,8
15231,5
15232,3
15233,3
15234,2
15235,6
15236,11
15237,5
15238,1
15239,4
15240,3
15241,2
15242,4
15243,6
15244,3
15245,2
15246,3
15247,4
15248,3
15249,1
15250,3
15251,3
15252,2
15253,2
15254,7
15255,4
15256,5
15257,3
15258,3
15259,4
15260,4
15261,2
15262,1
15263,3
15264,9
15265,5
15266,5
15267,7
15268,3
15269,7
15270,2
15271,3
15272,5
15273,0
15274,7
15275,2
15276,7
15277,10
15278,3
15279,3
15280,4
15281,2
15282,7
15283,6
15284,2
15285,2
15286,5
15287,3
15288,2
15289,4
15290,5
15291,6
15292,3
15293,6
15294,5
15295,4
15296,1
15297,5
15298,0
15299,1
15300,2
15301,3
15302,4
15303,5
15304,5
15305,3
15306,4
15307,3
15308,8
15309,6
15310,0
15311,4
15312,3
15313,8
15314,4
15315,8
15316,6
15317,6
15318,4
15319,4
15320,4
15321,0
15322,2
15323,0
15324,3
15325,4
15326,5
15327,4
15328,6
15329,9
15330,12
15331,1
15332,4
15333,11
15334,4
15335,5
15336,2
15337,3
15338,7
15339,5
15340,6
15341,2
15342,1
15343,3
15344,4
15345,7
15346,4
15347,5
15348,6
15349,7
15350,4
15351,2
15352,6
15353,2
15354,3
15355,4
15356,6
15357,0
15358,1
15359,6
15360,8
15361,3
15362,2
15363,2
15364,6
15365,6
15366,1
15367,6
15368,3
15369,5
15370,2
15371,3
15372,3
15373,5
15374,4
15375,0
15376,10
15377,12
15378,4
15379,5
15380,4
15381,2
15382,7
15383,3
15384,2
15385,4
15386,1
15387,2
15388,3
15389,5
15390,3
15391,4
15392,9
15393,3
15394,5
15395,3
15396,1
15397,2
15398,3
15399,4
15400,3
15401,1
15402,1
15403,3
15404,2
15405,4
15406,2
15407,7
15408,2
15409,0
15410,2
15411,3
15412,3
15413,3
15414,6
15415,6
15416,1
15417,2
15418,2
15419,0
15420,2
15421,1
15422,3
15423,2
15424,5
15425,12
15426,4
15427,1
15428,2
15429,6
15430,2
15431,0
15432,3
15433,7
15434,1
15435,3
15436,3
15437,4
15438,3
15439,1
15440,2
15441,3
15442,2
15443,7
15444,8
15445,5
15446,4
15447,1
15448,5
15449,5
15450,4
15451,2
15452,3
15453,0
15454,2
15455,3
15456,2
15457,4
15458,3
15459,11
15460,13
15461,3
15462,5
15463,5
15464,4
15465,3
15466,6
15467,5
15468,3
15469,2
15470,6
15471,2
15472,5
15473,2
15474,3
15475,10
15476,19
15477,3
15478,3
15479,3
15480,6
15481,3
15482,12
15483,5
15484,3
15485,1
15486,5
15487,6
15488,3
15489,37
15490,5
15491,2
15492,3
15493,5
15494,11
15495,4
15496,4
15497,6
15498,6
15499,10
15500,4
15501,4
15502,7
15503,2
15504,3
15505,1
15506,2
15507,2
15508,7
15509,6
15510,6
15511,3
15512,4
15513,3
15514,8
15515,4
15516,7
15517,4
15518,1
15519,6
15520,3
15521,2
15522,0
15523,6
15524,3
15525,4
15526,4
15527,1
15528,0
15529,1
15530,2
15531,2
15532,1
15533,2
15534,2
15535,1
15536,8
15537,7
15538,3
15539,3
15540,1
15541,4
15542,9
15543,0
15544,2
15545,3
15546,4
15547,5
15548,13
15549,4
15550,7
15551,6
15552,5
15553,8
15554,3
15555,8
15556,0
15557,1
15558,2
15559,1
15560,2
15561,6
15562,2
15563,2
15564,3
15565,4
15566,11
15567,3
15568,4
15569,7
15570,3
15571,3
15572,3
15573,1
15574,2
15575,2
15576,3
15577,6
15578,5
15579,2
15580,3
15581,3
15582,3
15583,2
15584,5
15585,3
15586,3
15587,10
15588,1
15589,2
15590,7
15591,2
15592,9
15593,5
15594,0
15595,7
15596,4
15597,5
15598,6
15599,3
15600,4
15601,2
15602,4
15603,9
15604,4
15605,4
15606,1
15607,4
15608,4
15609,5
15610,3
15611,2
15612,3
15613,8
15614,3
15615,5
15616,0
15617,1
15618,7
15619,2
15620,0
15621,11
15622,3
15623,2
15624,0
15625,8
15626,0
15627,2
15628,6
15629,5
15630,3
15631,1
15632,1
15633,8
15634,4
15635,3
15636,1
15637,2
15638,1
15639,3
15640,0
15641,8
15642,5
15643,1
15644,3
15645,6
15646,3
15647,3
15648,3
15649,8
15650,0
15651,1
15652,6
15653,3
15654,6
15655,4
15656,2
15657,3
15658,4
15659,11
15660,4
15661,7
15662,4
15663,3
15664,7
15665,5
15666,4
15667,8
15668,4
15669,3
15670,8
15671,4
15672,3
15673,2
15674,3
15675,3
15676,2
15677,3
15678,3
15679,7
15680,3
15681,2
15682,3
15683,5
15684,5
15685,3
15686,3
15687,1
15688,3
15689,1
15690,4
15691,5
15692,3
15693,2
15694,5
15695,5
15696,3
15697,2
15698,3
15699,5
15700,3
15701,4
15702,5
15703,2
15704,0
15705,5
15706,5
15707,4
15708,3
15709,4
15710,3
15711,5
15712,3
15713,3
15714,2
15715,7
15716,5
15717,1
15718,2
15719,4
15720,4
15721,0
15722,1
15723,2
15724,1
15725,0
15726,2
15727,7
15728,8
15729,8
15730,4
15731,3
15732,2
15733,3
15734,5
15735,8
15736,1
15737,2
15738,1
15739,11
15740,4
15741,1
15742,3
15743,1
15744,2
15745,2
15746,3
15747,9
15748,2
15749,3
15750,1
15751,6
15752,4
15753,5
15754,9
15755,5
15756,3
15757,2
15758,3
15759,3
15760,6
15761,0
15762,2
15763,5
15764,1
15765,9
15766,3
15767,2
15768,2
15769,2
15770,7
15771,4
15772,5
15773,0
15774,2
15775,4
15776,1
15777,1
15778,1
15779,5
15780,1
15781,2
15782,5
15783,3
15784,3
15785,6
15786,4
15787,2
15788,2
15789,3
15790,0
15791,2
15792,5
15793,1
15794,5
15795,4
15796,1
15797,2
15798,2
15799,3
15800,4
15801,6
15802,3
15803,3
15804,4
15805,4
15806,1
15807,5
15808,2
15809,3
15810,2
15811,4
15812,3
15813,2
15814,2
15815,1
15816,4
15817,9
15818,3
15819,2
15820,2
15821,8
15822,7
15823,5
15824,5
15825,2
15826,5
15827,4
15828,1
15829,3
15830,3
15831,2
15832,2
15833,4
15834,2
15835,2
15836,3
15837,3
15838,1
15839,2
15840,5
15841,4
15842,3
15843,2
15844,6
15845,1
15846,8
15847,4
15848,7
15849,4
15850,3
15851,5
15852,2
15853,3
15854,5
15855,2
15856,3
15857,4
15858,3
15859,5
15860,2
15861,4
15862,3
15863,3
15864,4
15865,2
15866,3
15867,1
15868,3
15869,1
15870,2
15871,3
15872,5
15873,3
15874,1
15875,7
15876,2
15877,7
15878,0
15879,2
15880,3
15881,6
15882,5
15883,3
15884,4
15885,2
15886,4
15887,0
15888,2
15889,3
15890,1
15891,9
15892,3
15893,2
15894,2
15895,2
15896,4
15897,3
15898,3
15899,2
15900,0
15901,2
15902,4
15903,4
15904,2
15905,5
15906,3
15907,1
15908,5
15909,5
15910,4
15911,7
15912,2
15913,3
15914,1
15915,0
15916,0
15917,1
15918,3
15919,2
15920,3
15921,3
15922,2
15923,4
15924,2
15925,6
15926,7
15927,4
15928,7
15929,4
15930,4
15931,3
15932,0
15933,5
15934,1
15935,3
15936,4
15937,1
15938,1
15939,6
15940,5
15941,4
15942,5
15943,6
15944,1
15945,3
15946,6
15947,4
15948,4
15949,2
15950,5
15951,3
15952,0
15953,2
15954,3
15955,2
15956,4
15957,6
15958,5
15959,6
15960,8
15961,0
15962,3
15963,8
15964,2
15965,5
15966,2
15967,4
15968,4
15969,0
15970,4
15971,4
15972,3
15973,2
15974,0
15975,4
15976,4
15977,3
15978,1
15979,3
15980,3
15981,3
15982,7
15983,5
15984,2
15985,2
15986,2
15987,1
15988,4
15989,2
15990,0
15991,2
15992,1
15993,3
15994,5
15995,1
15996,3
15997,4
15998,8
15999,4
16000,3
16001,6
16002,7
16003,1
16004,4
16005,2
16006,3
16007,4
16008,4
16009,3
16010,4
16011,2
16012,4
16013,3
16014,5
16015,7
16016,2
16017,1
16018,4
16019,2
16020,5
16021,4
16022,0
16023,2
16024,2
16025,7
16026,4
16027,2
16028,6
16029,2
16030,3
16031,6
16032,3
16033,6
16034,7
16035,5
16036,3
16037,1
16038,2
16039,5
16040,1
16041,5
16042,3
16043,4
16044,9
16045,2
16046,3
16047,2
16048,0
16049,4
16050,6
16051,2
16052,4
16053,2
16054,2
16055,1
16056,2
16057,4
16058,4
16059,3
16060,1
16061,5
16062,5
16063,3
16064,2
16065,3
16066,4
16067,2
16068,5
16069,2
16070,2
16071,3
16072,3
16073,5
16074,3
16075,4
16076,5
16077,5
16078,4
16079,3
16080,1
16081,4
16082,2
16083,1
16084,3
16085,4
16086,3
16087,6
16088,2
16089,5
16090,2
16091,2
16092,5
16093,2
16094,5
16095,4
16096,2
16097,4
16098,3
16099,7
16100,6
16101,9
16102,3
16103,0
16104,3
16105,2
16106,6
16107,6
16108,2
16109,3
16110,4
16111,0
16112,7
16113,6
16114,1
16115,11
16116,18
16117,3
16118,3
16119,7
16120,6
16121,4
16122,3
16123,8
16124,0
16125,1
16126,0
16127,3
16128,3
16129,3
16130,6
16131,5
16132,5
16133,2
16134,2
16135,7
16136,4
16137,5
16138,1
16139,7
16140,3
16141,5
16142,9
16143,5
16144,2
16145,2
16146,3
16147,3
16148,3
16149,10
16150,1
16151,2
16152,7
16153,4
16154,2
16155,5
16156,6
16157,1
16158,4
16159,2
16160,5
16161,5
16162,5
16163,3
16164,2
16165,3
16166,6
16167,7
16168,3
16169,2
16170,4
16171,5
16172,3
16173,5
16174,7
16175,3
16176,8
16177,8
16178,5
16179,2
16180,1
16181,4
16182,5
16183,7
16184,7
16185,5
16186,0
16187,3
16188,3
16189,2
16190,0
16191,1
16192,3
16193,0
16194,2
16195,2
16196,1
16197,2
16198,5
16199,1
16200,3
16201,3
16202,5
16203,1
16204,6
16205,4
16206,2
16207,1
16208,2
16209,7
16210,4
16211,14
16212,2
16213,3
16214,23
16215,4
16216,23
16217,6
16218,9
16219,7
16220,8
16221,3
16222,10
16223,9
16224,2
16225,2
16226,3
16227,1
16228,3
16229,2
16230,2
16231,2
16232,1
16233,4
16234,3
16235,4
16236,4
16237,2
16238,2
16239,6
16240,2
16241,6
16242,1
16243,2
16244,2
16245,2
16246,3
16247,3
16248,3
16249,8
16250,5
16251,8
16252,7
16253,5
16254,7
16255,7
16256,9
16257,5
16258,2
16259,2
16260,4
16261,3
16262,2
16263,11
16264,1
16265,4
16266,1
16267,1
16268,3
16269,1
16270,3
16271,5
16272,2
16273,4
16274,4
16275,7
16276,6
16277,13
16278,12
16279,4
16280,4
16281,2
16282,2
16283,2
16284,2
16285,2
16286,0
16287,8
16288,0
16289,3
16290,3
16291,2
16292,2
16293,3
16294,1
16295,0
16296,3
16297,3
16298,6
16299,1
16300,1
16301,3
16302,2
16303,0
16304,2
16305,2
16306,1
16307,6
16308,3
16309,3
16310,2
16311,0
16312,3
16313,1
16314,6
16315,0
16316,1
16317,1
16318,3
16319,6
16320,6
16321,1
16322,3
16323,10
16324,10
16325,2
16326,1
16327,1
16328,3
16329,4
16330,4
16331,2
16332,0
16333,5
16334,6
16335,2
16336,4
16337,4
16338,4
16339,4
16340,2
16341,3
16342,8
16343,0
16344,4
16345,5
16346,3
16347,6
16348,2
16349,2
16350,2
16351,3
16352,4
16353,7
16354,2
16355,5
16356,4
16357,1
16358,2
16359,1
16360,3
16361,4
16362,6
16363,1
16364,1
16365,1
16366,0
16367,2
16368,7
16369,3
16370,3
16371,1
16372,2
16373,8
16374,4
16375,7
16376,3
16377,4
16378,0
16379,2
16380,4
16381,4
16382,2
16383,3
16384,4
16385,8
16386,4
16387,5
16388,2
16389,6
16390,2
16391,2
16392,6
16393,3
16394,0
16395,3
16396,5
16397,2
16398,0
16399,0
16400,2
16401,1
16402,1
16403,0
16404,1
16405,2
16406,4
16407,1
16408,1
16409,3
16410,2
16411,2
16412,5
16413,1
16414,0
16415,1
16416,4
16417,3
16418,3
16419,7
16420,3
16421,1
16422,3
16423,2
16424,2
16425,4
16426,2
16427,5
16428,7
16429,5
16430,4
16431,4
16432,8
16433,4
16434,5
16435,5
16436,6
16437,5
16438,5
16439,1
16440,2
16441,3
16442,6
16443,5
16444,2
16445,4
16446,7
16447,3
16448,3
16449,4
16450,3
16451,3
16452,5
16453,1
16454,2
16455,3
16456,2
16457,3
16458,2
16459,2
16460,1
16461,3
16462,5
16463,6
16464,6
16465,3
16466,1
16467,1
16468,2
16469,4
16470,2
16471,7
16472,3
16473,5
16474,7
16475,1
16476,5
16477,5
16478,1
16479,1
16480,8
16481,3
16482,2
16483,1
16484,2
16485,3
16486,0
16487,7
16488,1
16489,4
16490,3
16491,2
16492,4
16493,5
16494,2
16495,1
16496,16
16497,5
16498,5
16499,7
16500,5
16501,2
16502,8
16503,2
16504,3
16505,1
16506,4
16507,2
16508,2
16509,5
16510,4
16511,4
16512,0
16513,2
16514,2
16515,5
16516,2
16517,1
16518,3
16519,1
16520,4
16521,2
16522,6
16523,6
16524,3
16525,3
16526,2
16527,4
16528,2
16529,0
16530,3
16531,0
16532,2
16533,3
16534,5
16535,6
16536,3
16537,3
16538,6
16539,5
16540,0
16541,3
16542,3
16543,3
16544,6
16545,5
16546,5
16547,1
16548,3
16549,4
16550,6
16551,4
16552,6
16553,3
16554,3
16555,11
16556,1
16557,6
16558,3
16559,3
16560,0
16561,2
16562,9
16563,4
16564,4
16565,3
16566,1
16567,1
16568,3
16569,8
16570,4
16571,7
16572,3
16573,3
16574,2
16575,4
16576,1
16577,7
16578,5
16579,14
16580,7
16581,2
16582,1
16583,7
16584,9
16585,3
16586,5
16587,10
16588,5
16589,2
16590,0
16591,1
16592,3
16593,1
16594,7
16595,0
16596,3
16597,3
16598,5
16599,2
16600,3
16601,4
16602,1
16603,2
16604,0
16605,4
16606,5
16607,5
16608,5
16609,2
16610,4
16611,3
16612,2
16613,1
16614,4
16615,5
16616,2
16617,1
16618,4
16619,5
16620,4
16621,5
16622,1
16623,3
16624,0
16625,4
16626,0
16627,4
16628,4
16629,5
16630,4
16631,2
16632,2
16633,1
16634,2
16635,0
16636,0
16637,4
16638,3
16639,2
16640,2
16641,0
16642,4
16643,2
16644,4
16645,3
16646,3
16647,4
16648,7
16649,5
16650,4
16651,2
16652,1
16653,3
16654,2
16655,3
16656,6
16657,10
16658,2
16659,4
16660,2
16661,4
16662,3
16663,4
16664,3
16665,2
16666,0
16667,1
16668,4
16669,2
16670,6
16671,4
16672,1
16673,2
16674,5
16675,3
16676,3
16677,1
16678,4
16679,3
16680,1
16681,6
16682,5
16683,1
16684,6
16685,3
16686,7
16687,3
16688,1
16689,5
16690,4
16691,2
16692,3
16693,3
16694,5
16695,3
16696,3
16697,6
16698,3
16699,5
16700,8
16701,13
16702,3
16703,5
16704,5
16705,6
16706,6
16707,5
16708,2
16709,6
16710,0
16711,3
16712,3
16713,2
16714,0
16715,4
16716,3
16717,1
16718,5
16719,2
16720,6
16721,6
16722,4
16723,1
16724,3
16725,2
16726,8
16727,0
16728,1
16729,2
16730,1
16731,10
16732,6
16733,3
16734,0
16735,2
16736,1
16737,7
16738,9
16739,7
16740,5
16741,7
16742,5
16743,3
16744,4
16745,4
16746,1
16747,6
16748,2
16749,3
16750,7
16751,3
16752,5
16753,3
16754,6
16755,3
16756,11
16757,5
16758,6
16759,23
16760,8
16761,6
16762,5
16763,1
16764,4
16765,4
16766,7
16767,10
16768,4
16769,4
16770,1
16771,2
16772,4
16773,4
16774,4
16775,4
16776,5
16777,2
16778,3
16779,3
16780,3
16781,5
16782,2
16783,3
16784,3
16785,7
16786,2
16787,5
16788,2
16789,6
16790,2
16791,2
16792,3
16793,2
16794,10
16795,2
16796,2
16797,9
16798,2
16799,5
16800,7
16801,1
16802,1
16803,2
16804,5
16805,2
16806,6
16807,5
16808,0
16809,1
16810,3
16811,4
16812,3
16813,1
16814,2
16815,3
16816,3
16817,4
16818,2
16819,0
16820,1
16821,1
16822,3
16823,3
16824,4
16825,2
16826,6
16827,2
16828,5
16829,8
16830,2
16831,2
16832,5
16833,9
16834,4
16835,4
16836,1
16837,4
16838,0
16839,3
16840,4
16841,8
16842,0
16843,3
16844,5
16845,2
16846,2
16847,2
16848,1
16849,1
16850,4
16851,5
16852,2
16853,1
16854,4
16855,1
16856,4
16857,3
16858,2
16859,5
16860,2
16861,2
16862,6
16863,4
16864,3
16865,4
16866,1
16867,5
16868,3
16869,2
16870,4
16871,7
16872,10
16873,5
16874,4
16875,5
16876,9
16877,2
16878,12
16879,2
16880,4
16881,4
16882,6
16883,4
16884,4
16885,2
16886,6
16887,13
16888,2
16889,1
16890,10
16891,3
16892,4
16893,4
16894,5
16895,5
16896,3
16897,7
16898,2
16899,0
16900,5
16901,4
16902,6
16903,4
16904,2
16905,0
16906,0
16907,1
16908,1
16909,2
16910,4
16911,6
16912,6
16913,3
16914,1
16915,5
16916,2
16917,3
16918,3
16919,3
16920,3
16921,0
16922,0
16923,2
16924,5
16925,3
16926,5
16927,4
16928,3
16929,4
16930,3
16931,3
16932,5
16933,2
16934,1
16935,4
16936,4
16937,1
16938,2
16939,3
16940,2
16941,6
16942,2
16943,4
16944,1
16945,4
16946,6
16947,2
16948,5
16949,3
16950,1
16951,12
16952,2
16953,1
16954,5
16955,2
16956,6
16957,3
16958,4
16959,6
16960,7
16961,6
16962,0
16963,5
16964,7
16965,5
16966,5
16967,4
16968,5
16969,0
16970,1
16971,1
16972,2
16973,1
16974,9
16975,7
16976,1
16977,2
16978,4
16979,2
16980,1
16981,4
16982,0
16983,5
16984,3
16985,1
16986,1
16987,2
16988,5
16989,4
16990,1
16991,7
16992,1
16993,2
16994,5
16995,0
16996,5
16997,4
16998,3
16999,4
17000,1
17001,0
17002,4
17003,0
17004,6
17005,7
17006,5
17007,1
17008,0
17009,5
17010,2
17011,5
17012,4
17013,1
17014,0
17015,2
17016,2
17017,3
17018,1
17019,1
17020,5
17021,4
17022,2
17023,2
17024,2
17025,0
17026,2
17027,8
17028,4
17029,2
17030,4
17031,2
17032,4
17033,8
17034,1
17035,3
17036,2
17037,5
17038,2
17039,3
17040,7
17041,7
17042,2
17043,5
17044,9
17045,6
17046,3
17047,3
17048,2
17049,6
17050,3
17051,0
17052,1
17053,7
17054,3
17055,2
17056,4
17057,1
17058,5
17059,8
17060,3
17061,2
17062,3
17063,2
17064,5
17065,3
17066,1
17067,4
17068,2
17069,5
17070,10
17071,4
17072,3
17073,2
17074,2
17075,2
17076,2
17077,2
17078,1
17079,4
17080,4
17081,2
17082,5
17083,0
17084,3
17085,6
17086,4
17087,4
17088,1
17089,4
17090,4
17091,1
17092,4
17093,2
17094,4
17095,4
17096,4
17097,5
17098,6
17099,5
17100,6
17101,6
17102,16
17103,5
17104,3
17105,2
17106,5
17107,11
17108,3
17109,4
17110,3
17111,6
17112,3
17113,6
17114,5
17115,4
17116,3
17117,8
17118,1
17119,7
17120,3
17121,2
17122,6
17123,4
17124,5
17125,5
17126,3
17127,2
17128,4
17129,3
17130,2
17131,7
17132,4
17133,2
17134,4
17135,1
17136,3
17137,5
17138,1
17139,6
17140,2
17141,1
17142,4
17143,5
17144,5
17145,5
17146,3
17147,2
17148,3
17149,0
17150,2
17151,2
17152,2
17153,3
17154,1
17155,2
17156,0
17157,4
17158,5
17159,3
17160,6
17161,2
17162,3
17163,2
17164,4
17165,2
17166,8
17167,5
17168,1
17169,5
17170,1
17171,6
17172,0
17173,2
17174,0
17175,4
17176,3
17177,10
17178,4
17179,4
17180,2
17181,5
17182,5
17183,4
17184,6
17185,4
17186,2
17187,4
17188,5
17189,2
17190,3
17191,15
17192,8
17193,2
17194,5
17195,4
17196,7
17197,1
17198,1
17199,1
17200,5
17201,4
17202,0
17203,5
17204,2
17205,6
17206,6
17207,6
17208,3
17209,2
17210,2
17211,4
17212,6
17213,7
17214,4
17215,0
17216,2
17217,4
17218,5
17219,3
17220,7
17221,3
17222,4
17223,6
17224,3
17225,3
17226,3
17227,6
17228,6
17229,2
17230,5
17231,7
17232,4
17233,5
17234,5
17235,4
17236,3
17237,4
17238,2
17239,4
17240,4
17241,5
17242,4
17243,5
17244,4
17245,1
17246,2
17247,11
17248,4
17249,2
17250,6
17251,4
17252,2
17253,4
17254,4
17255,5
17256,4
17257,6
17258,1
17259,3
17260,1
17261,4
17262,1
17263,7
17264,3
17265,3
17266,2
17267,2
17268,0
17269,3
17270,2
17271,1
17272,5
17273,3
17274,2
17275,6
17276,3
17277,1
17278,4
17279,2
17280,3
17281,2
17282,4
17283,2
17284,4
17285,4
17286,3
17287,4
17288,0
17289,5
17290,3
17291,2
17292,2
17293,2
17294,1
17295,3
17296,0
17297,3
17298,3
17299,0
17300,4
17301,0
17302,3
17303,5
17304,4
17305,1
17306,3
17307,3
17308,1
17309,1
17310,3
17311,3
17312,2
17313,7
17314,4
17315,1
17316,2
17317,1
17318,0
17319,4
17320,3
17321,3
17322,1
17323,3
17324,8
17325,2
17326,2
17327,5
17328,2
17329,6
17330,2
17331,4
17332,2
17333,2
17334,5
17335,4
17336,6
17337,3
17338,1
17339,5
17340,4
17341,2
17342,3
17343,4
17344,1
17345,7
17346,0
17347,5
17348,2
17349,5
17350,5
17351,4
17352,3
17353,4
17354,1
17355,0
17356,5
17357,6
17358,1
17359,2
17360,2
17361,1
17362,3
17363,2
17364,5
17365,5
17366,4
17367,1
17368,5
17369,4
17370,6
17371,4
17372,4
17373,6
17374,5
17375,6
17376,2
17377,6
17378,3
17379,5
17380,3
17381,4
17382,3
17383,3
17384,7
17385,2
17386,1
17387,7
17388,4
17389,6
17390,0
17391,7
17392,5
17393,4
17394,8
17395,3
17396,7
17397,2
17398,2
17399,4
17400,3
17401,3
17402,3
17403,1
17404,2
17405,2
17406,2
17407,1
17408,1
17409,2
17410,3
17411,2
17412,6
17413,1
17414,5
17415,3
17416,5
17417,0
17418,1
17419,6
17420,2
17421,4
17422,9
17423,10
17424,5
17425,4
17426,4
17427,3
17428,1
17429,3
17430,4
17431,4
17432,4
17433,5
17434,4
17435,4
17436,7
17437,5
17438,4
17439,4
17440,1
17441,5
17442,2
17443,2
17444,4
17445,3
17446,2
17447,6
17448,5
17449,1
17450,2
17451,3
17452,4
17453,4
17454,1
17455,1
17456,1
17457,3
17458,2
17459,3
17460,2
17461,8
17462,3
17463,3
17464,4
17465,10
17466,5
17467,2
17468,3
17469,5
17470,1
17471,4
17472,1
17473,6
17474,3
17475,2
17476,10
17477,1
17478,6
17479,4
17480,3
17481,2
17482,3
17483,5
17484,1
17485,5
17486,3
17487,1
17488,1
17489,2
17490,6
17491,4
17492,3
17493,4
17494,5
17495,3
17496,3
17497,8
17498,3
17499,5
17500,4
17501,2
17502,5
17503,0
17504,1
17505,6
17506,3
17507,3
17508,2
17509,0
17510,4
17511,3
17512,3
17513,5
17514,5
17515,2
17516,1
17517,1
17518,0
17519,0
17520,3
17521,1
17522,3
17523,3
17524,3
17525,1
17526,3
17527,1
17528,9
17529,1
17530,4
17531,1
17532,5
17533,5
17534,4
17535,5
17536,2
17537,3
17538,2
17539,11
17540,3
17541,9
17542,4
17543,4
17544,2
17545,3
17546,4
17547,2
17548,3
17549,2
17550,2
17551,3
17552,2
17553,5
17554,2
17555,4
17556,8
17557,10
17558,2
17559,3
17560,1
17561,3
17562,2
17563,1
17564,1
17565,3
17566,3
17567,1
17568,4
17569,3
17570,4
17571,2
17572,3
17573,4
17574,5
17575,3
17576,5
17577,3
17578,1
17579,2
17580,5
17581,7
17582,2
17583,1
17584,7
17585,5
17586,4
17587,2
17588,0
17589,1
17590,3
17591,2
17592,1
17593,2
17594,0
17595,3
17596,3
17597,2
17598,1
17599,1
17600,4
17601,2
17602,3
17603,6
17604,7
17605,5
17606,3
17607,3
17608,0
17609,4
17610,4
17611,2
17612,1
17613,2
17614,2
17615,1
17616,3
17617,3
17618,0
17619,3
17620,4
17621,2
17622,0
17623,7
17624,2
17625,3
17626,5
17627,3
17628,4
17629,2
17630,4
17631,8
17632,3
17633,1
17634,5
17635,4
17636,4
17637,2
17638,3
17639,4
17640,1
17641,1
17642,7
17643,11
17644,4
17645,3
17646,3
17647,2
17648,0
17649,3
17650,5
17651,1
17652,2
17653,2
17654,1
17655,2
17656,5
17657,3
17658,2
17659,2
17660,0
17661,3
17662,1
17663,3
17664,7
17665,6
17666,2
17667,2
17668,2
17669,1
17670,7
17671,5
17672,9
17673,4
17674,2
17675,4
17676,3
17677,4
17678,2
17679,4
17680,4
17681,3
17682,6
17683,8
17684,1
17685,3
17686,1
17687,4
17688,4
17689,1
17690,0
17691,4
17692,1
17693,0
17694,4
17695,2
17696,0
17697,6
17698,5
17699,1
17700,4
17701,2
17702,3
17703,3
17704,1
17705,2
17706,2
17707,1
17708,5
17709,0
17710,4
17711,1
17712,3
17713,5
17714,3
17715,4
17716,5
17717,4
17718,2
17719,4
17720,2
17721,2
17722,4
17723,3
17724,5
17725,2
17726,3
17727,3
17728,3
17729,4
17730,4
17731,3
17732,0
17733,3
17734,0
17735,3
17736,3
17737,5
17738,5
17739,2
17740,4
17741,2
17742,3
17743,5
17744,2
17745,8
17746,2
17747,6
17748,5
17749,6
17750,3
17751,2
17752,5
17753,2
17754,1
17755,5
17756,2
17757,3
17758,6
17759,2
17760,1
17761,2
17762,3
17763,3
17764,1
17765,2
17766,2
17767,6
17768,1
17769,2
17770,2
17771,4
17772,1
17773,5
17774,2
17775,3
17776,5
17777,8
17778,3
17779,3
17780,6
17781,1
17782,2
17783,6
17784,2
17785,3
17786,7
17787,4
17788,1
17789,2
17790,2
17791,17
17792,7
17793,5
17794,3
17795,4
17796,5
17797,3
17798,3
17799,1
17800,6
17801,2
17802,6
17803,1
17804,4
17805,8
17806,9
17807,4
17808,6
17809,4
17810,2
17811,1
17812,1
17813,2
17814,4
17815,1
17816,3
17817,4
17818,6
17819,9
17820,13
17821,5
17822,10
17823,4
17824,3
17825,5
17826,14
17827,3
17828,3
17829,1
17830,3
17831,0
17832,1
17833,6
17834,4
17835,0
17836,4
17837,1
17838,6
17839,1
17840,2
17841,4
17842,2
17843,4
17844,2
17845,2
17846,0
17847,4
17848,5
17849,4
17850,2
17851,2
17852,3
17853,6
17854,2
17855,4
17856,3
17857,3
17858,1
17859,2
17860,4
17861,0
17862,8
17863,3
17864,5
17865,2
17866,5
17867,3
17868,9
17869,3
17870,3
17871,4
17872,4
17873,1
17874,3
17875,4
17876,10
17877,4
17878,5
17879,2
17880,4
17881,3
17882,2
17883,1
17884,3
17885,1
17886,0
17887,1
17888,2
17889,1
17890,1
17891,3
17892,9
17893,4
17894,3
17895,3
17896,4
17897,2
17898,6
17899,7
17900,4
17901,4
17902,1
17903,2
17904,1
17905,4
17906,1
17907,2
17908,2
17909,2
17910,4
17911,3
17912,2
17913,0
17914,1
17915,1
17916,3
17917,4
17918,1
17919,2
17920,6
17921,2
17922,6
17923,3
17924,2
17925,5
17926,4
17927,3
17928,5
17929,5
17930,3
17931,6
17932,3
17933,2
17934,1
17935,3
17936,3
17937,6
17938,11
17939,1
17940,2
17941,2
17942,1
17943,4
17944,1
17945,3
17946,4
17947,7
17948,2
17949,2
17950,1
17951,2
17952,4
17953,2
17954,8
17955,6
17956,5
17957,4
17958,5
17959,7
17960,3
17961,5
17962,4
17963,6
17964,1
17965,2
17966,4
17967,4
17968,3
17969,1
17970,2
17971,9
17972,2
17973,4
17974,3
17975,6
17976,4
17977,5
17978,2
17979,1
17980,3
17981,4
17982,0
17983,2
17984,3
17985,3
17986,6
17987,6
17988,6
17989,5
17990,6
17991,3
17992,2
17993,2
17994,6
17995,2
17996,2
17997,7
17998,1
17999,6
18000,4
18001,3
18002,3
18003,3
18004,3
18005,1
18006,4
18007,5
18008,1
18009,4
18010,6
18011,1
18012,7
18013,1
18014,5
18015,3
18016,2
18017,5
18018,5
18019,2
18020,4
18021,0
18022,2
18023,4
18024,0
18025,1
18026,3
18027,1
18028,3
18029,2
18030,1
18031,3
18032,0
18033,4
18034,2
18035,6
18036,2
18037,1
18038,2
18039,4
18040,4
18041,4
18042,3
18043,4
18044,6
18045,1
18046,4
18047,7
18048,2
18049,1
18050,3
18051,0
18052,5
18053,0
18054,3
18055,4
18056,1
18057,6
18058,3
18059,3
18060,5
18061,1
18062,4
18063,4
18064,2
18065,1
18066,4
18067,6
18068,5
18069,1
18070,1
18071,5
18072,1
18073,4
18074,1
18075,2
18076,1
18077,1
18078,2
18079,4
18080,6
18081,6
18082,2
18083,5
18084,6
18085,4
18086,0
18087,0
18088,5
18089,1
18090,4
18091,5
18092,6
18093,3
18094,6
18095,2
18096,4
18097,2
18098,2
18099,4
18100,6
18101,6
18102,2
18103,5
18104,3
18105,5
18106,5
18107,0
18108,3
18109,6
18110,4
18111,4
18112,3
18113,0
18114,1
18115,2
18116,3
18117,2
18118,2
18119,4
18120,4
18121,2
18122,2
18123,4
18124,3
18125,1
18126,4
18127,2
18128,3
18129,10
18130,1
18131,2
18132,2
18133,6
18134,2
18135,10
18136,3
18137,3
18138,0
18139,3
18140,8
18141,5
18142,1
18143,8
18144,2
18145,3
18146,1
18147,3
18148,6
18149,2
18150,1
18151,1
18152,4
18153,4
18154,1
18155,2
18156,0
18157,9
18158,3
18159,5
18160,6
18161,1
18162,5
18163,3
18164,3
18165,4
18166,1
18167,8
18168,3
18169,2
18170,5
18171,4
18172,2
18173,4
18174,3
18175,3
18176,2
18177,5
18178,1
18179,2
18180,3
18181,3
18182,5
18183,3
18184,3
18185,3
18186,7
18187,0
18188,2
18189,6
18190,9
18191,4
18192,3
18193,1
18194,4
18195,2
18196,6
18197,5
18198,5
18199,5
18200,1
18201,1
18202,4
18203,2
18204,4
18205,2
18206,11
18207,2
18208,1
18209,4
18210,2
18211,3
18212,5
18213,1
18214,3
18215,3
18216,1
18217,4
18218,1
18219,1
18220,4
18221,4
18222,1
18223,2
18224,2
18225,3
18226,2
18227,1
18228,3
18229,4
18230,3
18231,1
18232,7
18233,4
18234,3
18235,3
18236,5
18237,1
18238,5
18239,1
18240,1
18241,0
18242,2
18243,3
18244,2
18245,2
18246,0
18247,2
18248,3
18249,1
18250,5
18251,2
18252,1
18253,2
18254,3
18255,0
18256,2
18257,1
18258,1
18259,1
18260,0
18261,0
18262,2
18263,0
18264,0
18265,4
18266,2
18267,6
18268,3
18269,2
18270,3
18271,8
18272,1
18273,2
18274,1
18275,0
18276,0
18277,6
18278,2
18279,2
18280,4
18281,3
18282,0
18283,8
18284,8
18285,4
18286,2
18287,3
18288,1
18289,4
18290,1
18291,4
18292,4
18293,12
18294,2
18295,2
18296,4
18297,7
18298,6
18299,1
18300,8
18301,1
18302,4
18303,2
18304,2
18305,4
18306,5
18307,1
18308,3
18309,7
18310,3
18311,3
18312,0
18313,7
18314,3
18315,3
18316,0
18317,5
18318,3
18319,2
18320,3
18321,3
18322,9
18323,8
18324,5
18325,5
18326,3
18327,4
18328,4
18329,1
18330,2
18331,0
18332,0
18333,3
18334,2
18335,4
18336,2
18337,3
18338,4
18339,4
18340,1
18341,1
18342,5
18343,6
18344,1
18345,1
18346,1
18347,1
18348,4
18349,3
18350,2
18351,2
18352,1
18353,7
18354,3
18355,3
18356,4
18357,2
18358,2
18359,2
18360,4
18361,2
18362,8
18363,2
18364,4
18365,4
18366,1
18367,2
18368,2
18369,2
18370,4
18371,2
18372,4
18373,3
18374,1
18375,4
18376,3
18377,1
18378,2
18379,5
18380,3
18381,4
18382,3
18383,4
18384,3
18385,2
18386,4
18387,6
18388,7
18389,3
18390,3
18391,4
18392,3
18393,5
18394,3
18395,2
18396,1
18397,1
18398,5
18399,2
18400,2
18401,0
18402,2
18403,3
18404,0
18405,2
18406,1
18407,2
18408,2
18409,3
18410,1
18411,1
18412,2
18413,3
18414,4
18415,1
18416,4
18417,1
18418,2
18419,5
18420,3
18421,3
18422,5
18423,7
18424,2
18425,9
18426,3
18427,8
18428,4
18429,3
18430,2
18431,2
18432,4
18433,3
18434,2
18435,4
18436,1
18437,6
18438,1
18439,2
18440,4
18441,3
18442,7
18443,11
18444,7
18445,4
18446,3
18447,2
18448,7
18449,6
18450,6
18451,3
18452,1
18453,2
18454,8
18455,3
18456,4
18457,9
18458,3
18459,4
18460,4
18461,5
18462,12
18463,5
18464,1
18465,6
18466,4
18467,2
18468,3
18469,2
18470,3
18471,5
18472,4
18473,1
18474,2
18475,3
18476,2
18477,9
18478,5
18479,9
18480,4
18481,4
18482,3
18483,1
18484,3
18485,6
18486,2
18487,2
18488,4
18489,3
18490,1
18491,1
18492,0
18493,3
18494,6
18495,4
18496,1
18497,7
18498,3
18499,2
18500,9
18501,2
18502,2
18503,2
18504,4
18505,6
18506,13
18507,1
18508,2
18509,3
18510,3
18511,3
18512,3
18513,10
18514,5
18515,2
18516,3
18517,4
18518,5
18519,4
18520,3
18521,1
18522,3
18523,4
18524,8
18525,2
18526,6
18527,2
18528,4
18529,2
18530,1
18531,2
18532,5
18533,4
18534,3
18535,5
18536,3
18537,5
18538,2
18539,2
18540,1
18541,1
18542,2
18543,2
18544,4
18545,6
18546,3
18547,5
18548,2
18549,7
18550,1
18551,0
18552,6
18553,1
18554,1
18555,6
18556,5
18557,5
18558,0
18559,4
18560,2
18561,1
18562,15
18563,4
18564,1
18565,3
18566,3
18567,5
18568,2
18569,1
18570,2
18571,4
18572,3
18573,2
18574,1
18575,3
18576,4
18577,7
18578,3
18579,3
18580,2
18581,3
18582,2
18583,3
18584,3
18585,3
18586,7
18587,4
18588,7
18589,3
18590,3
18591,4
18592,3
18593,2
18594,6
18595,3
18596,9
18597,13
18598,12
18599,1
18600,3
18601,6
18602,9
18603,2
18604,8
18605,5
18606,6
18607,1
18608,6
18609,5
18610,6
18611,13
18612,4
18613,4
18614,6
18615,3
18616,2
18617,3
18618,3
18619,6
18620,8
18621,1
18622,2
18623,7
18624,0
18625,2
18626,11
18627,8
18628,3
18629,1
18630,4
18631,3
18632,3
18633,3
18634,4
18635,1
18636,5
18637,0
18638,2
18639,1
18640,2
18641,4
18642,3
18643,0
18644,2
18645,4
18646,6
18647,1
18648,1
18649,3
18650,2
18651,8
18652,4
18653,5
18654,5
18655,0
18656,4
18657,5
18658,2
18659,1
18660,5
18661,3
18662,4
18663,4
18664,4
18665,3
18666,2
18667,2
18668,2
18669,3
18670,1
18671,4
18672,6
18673,2
18674,3
18675,2
18676,0
18677,7
18678,5
18679,6
18680,3
18681,5
18682,2
18683,3
18684,2
18685,1
18686,2
18687,2
18688,5
18689,5
18690,8
18691,2
18692,1
18693,1
18694,2
18695,0
18696,3
18697,4
18698,2
18699,3
18700,4
18701,4
18702,2
18703,2
18704,2
18705,2
18706,2
18707,4
18708,2
18709,3
18710,4
18711,1
18712,5
18713,6
18714,3
18715,3
18716,2
18717,1
18718,0
18719,4
18720,2
18721,5
18722,0
18723,1
18724,4
18725,7
18726,1
18727,0
18728,5
18729,4
18730,3
18731,4
18732,1
18733,1
18734,2
18735,2
18736,1
18737,2
18738,3
18739,8
18740,4
18741,4
18742,2
18743,3
18744,2
18745,3
18746,0
18747,0
18748,0
18749,1
18750,1
18751,4
18752,5
18753,2
18754,3
18755,2
18756,3
18757,3
18758,6
18759,3
18760,8
18761,5
18762,2
18763,6
18764,2
18765,2
18766,3
18767,3
18768,0
18769,3
18770,2
18771,2
18772,2
18773,1
18774,1
18775,0
18776,1
18777,2
18778,4
18779,1
18780,2
18781,2
18782,1
18783,4
18784,4
18785,2
18786,3
18787,1
18788,5
18789,2
18790,6
18791,3
18792,5
18793,0
18794,2
18795,1
18796,0
18797,4
18798,2
18799,3
18800,3
18801,0
18802,1
18803,3
18804,1
18805,5
18806,0
18807,2
18808,2
18809,5
18810,3
18811,6
18812,3
18813,0
18814,10
18815,3
18816,2
18817,0
18818,2
18819,5
18820,4
18821,4
18822,13
18823,0
18824,5
18825,3
18826,1
18827,2
18828,1
18829,2
18830,3
18831,1
18832,3
18833,1
18834,0
18835,2
18836,2
18837,3
18838,4
18839,0
18840,2
18841,0
18842,17
18843,2
18844,7
18845,3
18846,3
18847,3
18848,2
18849,2
18850,1
18851,3
18852,1
18853,5
18854,3
18855,2
18856,4
18857,4
18858,3
18859,6
18860,4
18861,2
18862,2
18863,4
18864,8
18865,1
18866,0
18867,6
18868,3
18869,1
18870,4
18871,2
18872,1
18873,0
18874,1
18875,3
18876,2
18877,4
18878,8
18879,8
18880,12
18881,1
18882,5
18883,4
18884,6
18885,3
18886,6
18887,2
18888,1
18889,2
18890,2
18891,4
18892,3
18893,1
18894,3
18895,1
18896,4
18897,3
18898,2
18899,1
18900,2
18901,1
18902,1
18903,3
18904,4
18905,1
18906,3
18907,0
18908,5
18909,6
18910,1
18911,5
18912,3
18913,0
18914,3
18915,0
18916,2
18917,2
18918,4
18919,1
18920,1
18921,4
18922,4
18923,9
18924,0
18925,2
18926,3
18927,1
18928,5
18929,2
18930,2
18931,1
18932,3
18933,1
18934,1
18935,0
18936,0
18937,7
18938,6
18939,2
18940,2
18941,2
18942,1
18943,6
18944,2
18945,3
18946,3
18947,11
18948,8
18949,1
18950,4
18951,7
18952,4
18953,2
18954,1
18955,1
18956,2
18957,2
18958,4
18959,3
18960,3
18961,2
18962,5
18963,4
18964,3
18965,1
18966,0
18967,1
18968,2
18969,4
18970,1
18971,3
18972,4
18973,6
18974,4
18975,1
18976,2
18977,2
18978,4
18979,7
18980,3
18981,6
18982,7
18983,0
18984,3
18985,5
18986,2
18987,4
18988,4
18989,2
18990,5
18991,2
18992,7
18993,1
18994,5
18995,5
18996,8
18997,4
18998,0
18999,7
19000,6
19001,3
19002,2
19003,2
19004,5
19005,6
19006,2
19007,4
19008,2
19009,4
19010,2
19011,1
19012,6
19013,1
19014,2
19015,3
19016,3
19017,3
19018,3
19019,5
19020,4
19021,5
19022,2
19023,5
19024,4
19025,5
19026,1
19027,4
19028,2
19029,5
19030,3
19031,3
19032,1
19033,3
19034,2
19035,1
19036,2
19037,2
19038,2
19039,3
19040,2
19041,2
19042,2
19043,1
19044,2
19045,5
19046,2
19047,10
19048,4
19049,4
19050,5
19051,8
19052,8
19053,3
19054,3
19055,5
19056,1
19057,4
19058,0
19059,2
19060,0
19061,5
19062,2
19063,2
19064,1
19065,0
19066,4
19067,3
19068,2
19069,1
19070,6
19071,7
19072,3
19073,3
19074,2
19075,2
19076,4
19077,4
19078,5
19079,2
19080,2
19081,2
19082,0
19083,2
19084,8
19085,3
19086,4
19087,5
19088,3
19089,0
19090,2
19091,2
19092,0
19093,3
19094,4
19095,3
19096,4
19097,2
19098,1
19099,0
19100,1
19101,5
19102,3
19103,4
19104,5
19105,1
19106,4
19107,0
19108,2
19109,2
19110,2
19111,3
19112,6
19113,3
19114,3
19115,0
19116,3
19117,0
19118,2
19119,2
19120,4
19121,7
19122,6
19123,0
19124,8
19125,1
19126,1
19127,1
19128,4
19129,4
19130,1
19131,4
19132,5
19133,2
19134,2
19135,1
19136,1
19137,4
19138,2
19139,0
19140,1
19141,2
19142,9
19143,2
19144,0
19145,8
19146,2
19147,1
19148,1
19149,1
19150,0
19151,1
19152,1
19153,8
19154,2
19155,1
19156,0
19157,2
19158,2
19159,7
19160,3
19161,1
19162,1
19163,1
19164,4
19165,1
19166,2
19167,3
19168,2
19169,3
19170,0
19171,7
19172,3
19173,4
19174,2
19175,3
19176,4
19177,1
19178,4
19179,0
19180,2
19181,1
19182,3
19183,5
19184,3
19185,1
19186,5
19187,3
19188,3
19189,4
19190,6
19191,4
19192,0
19193,0
19194,1
19195,1
19196,3
19197,4
19198,1
19199,2
19200,4
19201,4
19202,5
19203,2
19204,4
19205,5
19206,3
19207,5
19208,1
19209,0
19210,3
19211,2
19212,1
19213,4
19214,5
19215,7
19216,3
19217,1
19218,3
19219,5
19220,2
19221,5
19222,3
19223,4
19224,2
19225,0
19226,1
19227,3
19228,0
19229,3
19230,2
19231,1
19232,3
19233,2
19234,5
19235,3
19236,3
19237,4
19238,3
19239,6
19240,2
19241,5
19242,3
19243,0
19244,1
19245,0
19246,1
19247,7
19248,5
19249,1
19250,5
19251,1
19252,1
19253,2
19254,3
19255,0
19256,8
19257,4
19258,0
19259,4
19260,1
19261,2
19262,5
19263,3
19264,5
19265,2
19266,1
19267,3
19268,1
19269,1
19270,2
19271,3
19272,6
19273,2
19274,1
19275,4
19276,5
19277,1
19278,1
19279,2
19280,4
19281,3
19282,2
19283,3
19284,2
19285,3
19286,2
19287,2
19288,2
19289,4
19290,1
19291,3
19292,0
19293,8
19294,3
19295,2
19296,7
19297,4
19298,2
19299,1
19300,2
19301,4
19302,1
19303,3
19304,4
19305,1
19306,3
19307,6
19308,3
19309,6
19310,0
19311,2
19312,4
19313,1
19314,2
19315,3
19316,2
19317,5
19318,3
19319,6
19320,2
19321,2
19322,0
19323,4
19324,2
19325,5
19326,1
19327,2
19328,4
19329,2
19330,3
19331,4
19332,1
19333,2
19334,4
19335,16
19336,5
19337,17
19338,4
19339,5
19340,2
19341,5
19342,2
19343,2
19344,3
19345,5
19346,0
19347,0
19348,3
19349,0
19350,2
19351,2
19352,2
19353,5
19354,4
19355,2
19356,5
19357,2
19358,4
19359,1
19360,2
19361,2
19362,3
19363,0
19364,6
19365,4
19366,2
19367,4
19368,2
19369,5
19370,5
19371,6
19372,3
19373,2
19374,3
19375,2
19376,2
19377,2
19378,1
19379,2
19380,3
19381,3
19382,2
19383,4
19384,4
19385,3
19386,2
19387,2
19388,7
19389,1
19390,4
19391,8
19392,4
19393,4
19394,3
19395,6
19396,2
19397,3
19398,1
19399,0
19400,2
19401,2
19402,3
19403,1
19404,0
19405,1
19406,2
19407,3
19408,1
19409,0
19410,2
19411,6
19412,2
19413,1
19414,1
19415,1
19416,1
19417,2
19418,6
19419,1
19420,4
19421,3
19422,2
19423,2
19424,0
19425,1
19426,4
19427,1
19428,2
19429,1
19430,0
19431,3
19432,0
19433,2
19434,0
19435,3
19436,1
19437,6
19438,2
19439,3
19440,0
19441,4
19442,0
19443,2
19444,3
19445,4
19446,1
19447,2
19448,3
19449,1
19450,4
19451,1
19452,5
19453,6
19454,7
19455,3
19456,1
19457,4
19458,2
19459,2
19460,5
19461,7
19462,2
19463,7
19464,1
19465,1
19466,7
19467,4
19468,1
19469,0
19470,1
19471,5
19472,2
19473,1
19474,0
19475,2
19476,3
19477,2
19478,2
19479,1
19480,1
19481,1
19482,3
19483,0
19484,4
19485,2
19486,7
19487,6
19488,6
19489,2
19490,1
19491,1
19492,1
19493,1
19494,3
19495,3
19496,1
19497,2
19498,2
19499,4
19500,4
19501,4
19502,5
19503,8
19504,1
19505,3
19506,2
19507,4
19508,5
19509,2
19510,1
19511,4
19512,1
19513,12
19514,5
19515,5
19516,10
19517,3
19518,4
19519,1
19520,1
19521,2
19522,5
19523,4
19524,1
19525,1
19526,5
19527,1
19528,1
19529,5
19530,2
19531,3
19532,0
19533,2
19534,0
19535,2
19536,6
19537,1
19538,2
19539,0
19540,2
19541,1
19542,2
19543,3
19544,2
19545,4
19546,8
19547,4
19548,2
19549,0
19550,5
19551,4
19552,1
19553,3
19554,0
19555,3
19556,1
19557,3
19558,1
19559,4
19560,1
19561,2
19562,1
19563,0
19564,4
19565,7
19566,1
19567,5
19568,5
19569,5
19570,5
19571,2
19572,3
19573,4
19574,2
19575,2
19576,4
19577,2
19578,0
19579,0
19580,3
19581,1
19582,3
19583,3
19584,2
19585,2
19586,5
19587,9
19588,1
19589,4
19590,3
19591,0
19592,3
19593,4
19594,2
19595,2
19596,6
19597,2
19598,4
19599,5
19600,1
19601,1
19602,4
19603,4
19604,2
19605,3
19606,4
19607,2
19608,2
19609,1
19610,2
19611,3
19612,2
19613,6
19614,3
19615,3
19616,0
19617,2
19618,6
19619,3
19620,6
19621,4
19622,2
19623,2
19624,3
19625,3
19626,4
19627,4
19628,3
19629,3
19630,0
19631,4
19632,3
19633,5
19634,1
19635,3
19636,4
19637,1
19638,3
19639,2
19640,0
19641,2
19642,4
19643,2
19644,0
19645,2
19646,0
19647,3
19648,2
19649,3
19650,1
19651,0
19652,2
19653,2
19654,7
19655,1
19656,2
19657,5
19658,7
19659,5
19660,2
19661,4
19662,1
19663,3
19664,4
19665,1
19666,1
19667,2
19668,4
19669,1
19670,2
19671,1
19672,3
19673,3
19674,2
19675,2
19676,2
19677,1
19678,2
19679,1
19680,2
19681,1
19682,1
19683,0
19684,0
19685,2
19686,1
19687,2
19688,3
19689,3
19690,3
19691,2
19692,5
19693,1
19694,0
19695,3
19696,1
19697,4
19698,3
19699,3
19700,2
19701,6
19702,2
19703,1
19704,3
19705,3
19706,1
19707,2
19708,6
19709,3
19710,4
19711,1
19712,2
19713,1
19714,3
19715,3
19716,1
19717,1
19718,5
19719,3
19720,1
19721,2
19722,4
19723,3
19724,4
19725,1
19726,4
19727,2
19728,1
19729,5
19730,3
19731,3
19732,2
19733,0
19734,5
19735,2
19736,1
19737,2
19738,5
19739,2
19740,4
19741,4
19742,0
19743,1
19744,3
19745,1
19746,1
19747,5
19748,4
19749,2
19750,1
19751,2
19752,9
19753,2
19754,3
19755,5
19756,4
19757,3
19758,3
19759,0
19760,4
19761,1
19762,2
19763,1
19764,2
19765,4
19766,2
19767,1
19768,8
19769,5
19770,5
19771,2
19772,3
19773,6
19774,5
19775,4
19776,2
19777,0
19778,2
19779,2
19780,2
19781,6
19782,4
19783,4
19784,4
19785,5
19786,4
19787,6
19788,8
19789,2
19790,3
19791,3
19792,1
19793,3
19794,4
19795,2
19796,4
19797,4
19798,6
19799,1
19800,1
19801,4
19802,7
19803,5
19804,2
19805,2
19806,4
19807,1
19808,3
19809,5
19810,1
19811,2
19812,5
19813,3
19814,6
19815,0
19816,4
19817,3
19818,2
19819,2
19820,2
19821,1
19822,3
19823,4
19824,1
19825,6
19826,4
19827,1
19828,1
19829,2
19830,2
19831,2
19832,3
19833,3
19834,1
19835,2
19836,0
19837,3
19838,5
19839,2
19840,3
19841,1
19842,3
19843,5
19844,3
19845,2
19846,0
19847,11
19848,8
19849,5
19850,3
19851,0
19852,0
19853,4
19854,1
19855,6
19856,3
19857,3
19858,3
19859,2
19860,1
19861,2
19862,3
19863,2
19864,1
19865,2
19866,4
19867,1
19868,0
19869,3
19870,0
19871,6
19872,2
19873,3
19874,3
19875,3
19876,0
19877,5
19878,3
19879,2
19880,3
19881,2
19882,3
19883,1
19884,1
19885,6
19886,5
19887,1
19888,0
19889,0
19890,4
19891,3
19892,3
19893,3
19894,1
19895,2
19896,3
19897,2
19898,4
19899,1
19900,2
19901,0
19902,1
19903,6
19904,4
19905,4
19906,3
19907,1
19908,1
19909,1
19910,0
19911,1
19912,2
19913,1
19914,3
19915,2
19916,0
19917,1
19918,1
19919,1
19920,2
19921,1
19922,3
19923,2
19924,2
19925,2
19926,2
19927,2
19928,2
19929,1
19930,3
19931,0
19932,3
19933,1
19934,2
19935,2
19936,5
19937,1
19938,2
19939,1
19940,3
19941,1
19942,3
19943,1
19944,1
19945,4
19946,2
19947,1
19948,8
19949,1
19950,1
19951,2
19952,2
19953,2
19954,3
19955,5
19956,2
19957,4
19958,1
19959,0
19960,1
19961,2
19962,8
19963,3
19964,6
19965,2
19966,1
19967,1
19968,3
19969,3
19970,0
19971,0
19972,6
19973,2
19974,2
19975,1
19976,5
19977,0
19978,4
19979,2
19980,0
19981,1
19982,2
19983,2
19984,2
19985,0
19986,2
19987,2
19988,2
19989,1
19990,6
19991,2
19992,2
19993,5
19994,3
19995,2
19996,5
19997,6
19998,2
19999,5
20000,3
20001,2
20002,3
20003,2
20004,6
20005,2
20006,1
20007,5
20008,2
20009,25
20010,3
20011,7
20012,6
20013,8
20014,2
20015,2
20016,1
20017,2
20018,1
20019,7
20020,5
20021,1
20022,2
20023,4
20024,2
20025,3
20026,0
20027,0
20028,1
20029,1
20030,6
20031,1
20032,1
20033,2
20034,1
20035,8
20036,2
20037,0
20038,2
20039,0
20040,3
20041,0
20042,3
20043,3
20044,2
20045,3
20046,1
20047,5
20048,3
20049,1
20050,2
20051,1
20052,2
20053,3
20054,4
20055,9
20056,1
20057,2
20058,0
20059,1
20060,5
20061,2
20062,2
20063,3
20064,2
20065,4
20066,4
20067,2
20068,2
20069,1
20070,3
20071,3
20072,4
20073,1
20074,5
20075,1
20076,2
20077,0
20078,3
20079,6
20080,2
20081,3
20082,5
20083,4
20084,6
20085,1
20086,2
20087,1
20088,2
20089,1
20090,1
20091,0
20092,2
20093,6
20094,1
20095,2
20096,2
20097,5
20098,14
20099,2
20100,1
20101,5
20102,2
20103,1
20104,20
20105,4
20106,4
20107,7
20108,4
20109,4
20110,4
20111,3
20112,2
20113,1
20114,1
20115,1
20116,3
20117,1
20118,2
20119,6
20120,2
20121,1
20122,5
20123,4
20124,2
20125,3
20126,3
20127,0
20128,3
20129,4
20130,3
20131,0
20132,3
20133,3
20134,5
20135,3
20136,2
20137,1
20138,2
20139,1
20140,4
20141,0
20142,2
20143,2
20144,5
20145,4
20146,0
20147,4
20148,2
20149,2
20150,4
20151,2
20152,2
20153,2
20154,2
20155,6
20156,4
20157,3
20158,8
20159,2
20160,0
20161,2
20162,1
20163,13
20164,2
20165,4
20166,5
20167,1
20168,5
20169,4
20170,3
20171,0
20172,5
20173,5
20174,1
20175,0
20176,0
20177,3
20178,0
20179,1
20180,7
20181,1
20182,1
20183,1
20184,1
20185,1
20186,8
20187,1
20188,1
20189,1
20190,0
20191,14
20192,1
20193,2
20194,2
20195,0
20196,8
20197,2
20198,9
20199,6
20200,4
20201,0
20202,7
20203,3
20204,6
20205,3
20206,3
20207,3
20208,4
20209,2
20210,1
20211,0
20212,9
20213,3
20214,2
20215,3
20216,2
20217,9
20218,3
20219,2
20220,3
20221,7
20222,1
20223,3
20224,1
20225,2
20226,3
20227,3
20228,3
20229,8
20230,1
20231,4
20232,5
20233,3
20234,2
20235,0
20236,4
20237,4
20238,1
20239,4
20240,4
20241,7
20242,1
20243,3
20244,3
20245,2
20246,1
20247,5
20248,2
20249,4
20250,0
20251,2
20252,0
20253,5
20254,2
20255,2
20256,3
20257,2
20258,3
20259,0
20260,3
20261,1
20262,7
20263,1
20264,2
20265,2
20266,3
20267,0
20268,1
20269,3
20270,5
20271,3
20272,2
20273,3
20274,1
20275,2
20276,2
20277,1
20278,1
20279,5
20280,2
20281,1
20282,2
20283,1
20284,3
20285,2
20286,1
20287,0
20288,3
20289,5
20290,4
20291,1
20292,2
20293,3
20294,3
20295,1
20296,4
20297,3
20298,1
20299,6
20300,4
20301,2
20302,2
20303,3
20304,2
20305,4
20306,4
20307,3
20308,4
20309,1
20310,0
20311,0
20312,0
20313,0
20314,2
20315,4
20316,1
20317,3
20318,0
20319,2
20320,3
20321,2
20322,0
20323,5
20324,0
20325,3
20326,0
20327,4
20328,1
20329,3
20330,2
20331,2
20332,1
20333,3
20334,1
20335,1
20336,0
20337,1
20338,2
20339,2
20340,3
20341,3
20342,0
20343,1
20344,2
20345,0
20346,2
20347,1
20348,0
20349,1
20350,0
20351,1
20352,2
20353,2
20354,1
20355,1
20356,0
20357,1
20358,6
20359,0
20360,4
20361,5
20362,3
20363,3
20364,0
20365,1
20366,7
20367,2
20368,1
20369,2
20370,0
20371,2
20372,2
20373,5
20374,0
20375,4
20376,5
20377,6
20378,1
20379,2
20380,3
20381,1
20382,3
20383,4
20384,2
20385,0
20386,5
20387,5
20388,3
20389,0
20390,0
20391,4
20392,1
20393,4
20394,2
20395,1
20396,2
20397,3
20398,2
20399,2
20400,1
20401,0
20402,2
20403,4
20404,1
20405,4
20406,3
20407,4
20408,3
20409,2
20410,2
20411,7
20412,3
20413,2
20414,3
20415,0
20416,1
20417,4
20418,2
20419,6
20420,6
20421,4
20422,2
20423,3
20424,2
20425,8
20426,2
20427,2
20428,4
20429,4
20430,2
20431,4
20432,2
20433,1
20434,3
20435,1
20436,4
20437,6
20438,7
20439,3
20440,4
20441,4
20442,4
20443,1
20444,1
20445,0
20446,1
20447,2
20448,2
20449,3
20450,0
20451,0
20452,0
20453,6
20454,3
20455,6
20456,1
20457,2
20458,0
20459,0
20460,3
20461,3
20462,4
20463,2
20464,4
20465,3
20466,0
20467,2
20468,5
20469,2
20470,2
20471,2
20472,6
20473,1
20474,0
20475,4
20476,4
20477,7
20478,1
20479,3
20480,4
20481,0
20482,2
20483,2
20484,2
20485,6
20486,8
20487,4
20488,4
20489,8
20490,3
20491,2
20492,4
20493,2
20494,1
20495,3
20496,2
20497,4
20498,2
20499,3
20500,2
20501,4
20502,2
20503,2
20504,3
20505,3
20506,2
20507,2
20508,4
20509,3
20510,0
20511,2
20512,4
20513,7
20514,5
20515,5
20516,5
20517,2
20518,2
20519,3
20520,2
20521,2
20522,3
20523,6
20524,6
20525,2
20526,4
20527,0
20528,3
20529,0
20530,3
20531,8
20532,2
20533,2
20534,0
20535,5
20536,1
20537,1
20538,7
20539,6
20540,3
20541,1
20542,2
20543,1
20544,9
20545,2
20546,13
20547,2
20548,2
20549,2
20550,3
20551,5
20552,3
20553,2
20554,1
20555,2
20556,11
20557,2
20558,4
20559,3
20560,1
20561,1
20562,2
20563,3
20564,0
20565,1
20566,4
20567,4
20568,3
20569,2
20570,2
20571,5
20572,5
20573,7
20574,5
20575,2
20576,5
20577,3
20578,6
20579,0
20580,3
20581,1
20582,1
20583,3
20584,4
20585,4
20586,8
20587,6
20588,4
20589,4
20590,4
20591,1
20592,3
20593,0
20594,7
20595,3
20596,3
20597,4
20598,2
20599,1
20600,3
20601,3
20602,5
20603,4
20604,4
20605,2
20606,2
20607,3
20608,3
20609,7
20610,3
20611,7
20612,2
20613,5
20614,3
20615,2
20616,5
20617,2
20618,1
20619,0
20620,5
20621,1
20622,3
20623,4
20624,2
20625,1
20626,3
20627,4
20628,5
20629,2
20630,4
20631,3
20632,0
20633,3
20634,7
20635,3
20636,7
20637,5
20638,2
20639,2
20640,7
20641,7
20642,3
20643,3
20644,9
20645,8
20646,0
20647,2
20648,0
20649,5
20650,5
20651,4
20652,5
20653,5
20654,4
20655,3
20656,1
20657,1
20658,4
20659,4
20660,4
20661,1
20662,6
20663,0
20664,6
20665,4
20666,3
20667,1
20668,3
20669,4
20670,1
20671,4
20672,6
20673,2
20674,4
20675,3
20676,2
20677,20
20678,1
20679,0
20680,1
20681,2
20682,4
20683,3
20684,1
20685,2
20686,3
20687,4
20688,2
20689,6
20690,0
20691,1
20692,4
20693,1
20694,2
20695,2
20696,1
20697,0
20698,1
20699,1
20700,0
20701,3
20702,1
20703,3
20704,1
20705,2
20706,1
20707,1
20708,3
20709,0
20710,1
20711,1
20712,4
20713,2
20714,3
20715,4
20716,3
20717,2
20718,3
20719,7
20720,3
20721,5
20722,1
20723,1
20724,0
20725,1
20726,1
20727,0
20728,1
20729,2
20730,1
20731,0
20732,1
20733,3
20734,2
20735,2
20736,6
20737,0
20738,1
20739,2
20740,1
20741,1
20742,0
20743,1
20744,1
20745,1
20746,3
20747,2
20748,2
20749,3
20750,0
20751,3
20752,4
20753,4
20754,0
20755,1
20756,4
20757,3
20758,1
20759,1
20760,3
20761,4
20762,4
20763,0
20764,1
20765,5
20766,2
20767,2
20768,4
20769,1
20770,4
20771,3
20772,1
20773,2
20774,5
20775,0
20776,3
20777,2
20778,4
20779,2
20780,6
20781,2
20782,4
20783,0
20784,5
20785,2
20786,7
20787,24
20788,2
20789,1
20790,2
20791,3
20792,5
20793,2
20794,1
20795,3
20796,8
20797,4
20798,2
20799,6
20800,0
20801,1
20802,2
20803,0
20804,0
20805,5
20806,2
20807,1
20808,2
20809,1
20810,1
20811,2
20812,1
20813,0
20814,1
20815,1
20816,4
20817,0
20818,3
20819,4
20820,3
20821,0
20822,4
20823,7
20824,4
20825,4
20826,3
20827,4
20828,3
20829,4
20830,5
20831,5
20832,0
20833,0
20834,6
20835,2
20836,1
20837,0
20838,2
20839,3
20840,0
20841,1
20842,2
20843,2
20844,2
20845,2
20846,2
20847,2
20848,1
20849,1
20850,1
20851,1
20852,1
20853,0
20854,2
20855,1
20856,2
20857,4
20858,1
20859,4
20860,3
20861,6
20862,5
20863,2
20864,1
20865,0
20866,5
20867,5
20868,1
20869,2
20870,5
20871,0
20872,3
20873,0
20874,2
20875,0
20876,1
20877,2
20878,1
20879,2
20880,3
20881,4
20882,4
20883,2
20884,4
20885,5
20886,2
20887,2
20888,4
20889,2
20890,4
20891,1
20892,1
20893,4
20894,4
20895,2
20896,2
20897,1
20898,0
20899,2
20900,4
20901,4
20902,6
20903,4
20904,0
20905,1
20906,0
20907,0
20908,8
20909,1
20910,5
20911,2
20912,2
20913,4
20914,3
20915,4
20916,3
20917,2
20918,6
20919,7
20920,4
20921,5
20922,0
20923,7
20924,3
20925,3
20926,3
20927,2
20928,1
20929,3
20930,0
20931,2
20932,3
20933,1
20934,1
20935,1
20936,2
20937,2
20938,1
20939,0
20940,2
20941,3
20942,3
20943,4
20944,1
20945,2
20946,4
20947,5
20948,3
20949,1
20950,4
20951,6
20952,1
20953,3
20954,0
20955,4
20956,2
20957,0
20958,4
20959,1
20960,6
20961,4
20962,1
20963,0
20964,1
20965,1
20966,3
20967,3
20968,1
20969,6
20970,3
20971,1
20972,2
20973,3
20974,1
20975,0
20976,3
20977,0
20978,1
20979,0
20980,5
20981,3
20982,3
20983,1
20984,3
20985,3
20986,4
20987,2
20988,4
20989,2
20990,5
20991,4
20992,1
20993,0
20994,5
20995,22
20996,8
20997,5
20998,4
20999,19
21000,3
21001,7
21002,1
21003,5
21004,4
21005,3
21006,1
21007,1
21008,4
21009,1
21010,1
21011,9
21012,1
21013,2
21014,1
21015,2
21016,4
21017,13
21018,4
21019,7
21020,7
21021,8
21022,4
21023,4
21024,3
21025,2
21026,2
21027,6
21028,2
21029,1
21030,3
21031,2
21032,2
21033,2
21034,4
21035,3
21036,1
21037,1
21038,2
21039,2
21040,2
21041,8
21042,3
21043,2
21044,6
21045,2
21046,0
21047,2
21048,1
21049,2
21050,1
21051,2
21052,1
21053,3
21054,2
21055,2
21056,1
21057,3
21058,4
21059,1
21060,4
21061,3
21062,3
21063,0
21064,5
21065,2
21066,0
21067,2
21068,1
21069,4
21070,0
21071,0
21072,1
21073,1
21074,0
21075,4
21076,3
21077,5
21078,2
21079,1
21080,3
21081,3
21082,2
21083,3
21084,4
21085,2
21086,3
21087,1
21088,3
21089,2
21090,3
21091,0
21092,2
21093,4
21094,3
21095,2
21096,1
21097,1
21098,0
21099,7
21100,6
21101,4
21102,1
21103,3
21104,0
21105,0
21106,0
21107,0
21108,2
21109,3
21110,4
21111,0
21112,3
21113,3
21114,1
21115,1
21116,4
21117,0
21118,9
21119,2
21120,7
21121,0
21122,1
21123,1
21124,4
21125,3
21126,1
21127,2
21128,0
21129,1
21130,2
21131,0
21132,7
21133,2
21134,3
21135,1
21136,1
21137,3
21138,1
21139,5
21140,3
21141,3
21142,3
21143,1
21144,4
21145,4
21146,3
21147,0
21148,1
21149,2
21150,2
21151,0
21152,1
21153,1
21154,0
21155,0
21156,2
21157,1
21158,1
21159,1
21160,1
21161,0
21162,4
21163,3
21164,1
21165,2
21166,0
21167,2
21168,3
21169,0
21170,2
21171,5
21172,9
21173,2
21174,6
21175,3
21176,2
21177,2
21178,1
21179,4
21180,2
21181,5
21182,2
21183,10
21184,0
21185,0
21186,1
21187,1
21188,2
21189,1
21190,2
21191,0
21192,4
21193,7
21194,4
21195,3
21196,5
21197,1
21198,5
21199,4
21200,0
21201,2
21202,2
21203,2
21204,8
21205,1
21206,5
21207,3
21208,4
21209,1
21210,4
21211,1
21212,2
21213,2
21214,6
21215,4
21216,1
21217,1
21218,1
21219,1
21220,2
21221,1
21222,0
21223,2
21224,2
21225,4
21226,2
21227,4
21228,0
21229,3
21230,3
21231,6
21232,4
21233,3
21234,2
21235,6
21236,2
21237,5
21238,3
21239,4
21240,2
21241,1
21242,0
21243,2
21244,2
21245,1
21246,2
21247,5
21248,2
21249,4
21250,1
21251,3
21252,4
21253,0
21254,1
21255,2
21256,2
21257,1
21258,2
21259,1
21260,3
21261,0
21262,3
21263,0
21264,1
21265,2
21266,1
21267,0
21268,1
21269,2
21270,1
21271,3
21272,5
21273,3
21274,2
21275,6
21276,2
21277,0
21278,1
21279,4
21280,0
21281,1
21282,1
21283,2
21284,3
21285,1
21286,1
21287,0
21288,2
21289,5
21290,0
21291,0
21292,3
21293,2
21294,1
21295,1
21296,1
21297,3
21298,6
21299,3
21300,3
21301,2
21302,1
21303,3
21304,8
21305,1
21306,0
21307,2
21308,1
21309,4
21310,3
21311,2
21312,3
21313,6
21314,3
21315,3
21316,2
21317,6
21318,2
21319,4
21320,2
21321,2
21322,5
21323,2
21324,1
21325,1
21326,2
21327,2
21328,2
21329,5
21330,5
21331,4
21332,5
21333,3
21334,2
21335,0
21336,4
21337,1
21338,2
21339,5
21340,2
21341,1
21342,1
21343,2
21344,5
21345,5
21346,1
21347,2
21348,3
21349,3
21350,4
21351,2
21352,0
21353,3
21354,4
21355,3
21356,3
21357,0
21358,2
21359,4
21360,0
21361,2
21362,0
21363,1
21364,0
21365,0
21366,3
21367,3
21368,3
21369,2
21370,1
21371,2
21372,6
21373,7
21374,3
21375,2
21376,3
21377,2
21378,2
21379,0
21380,4
21381,2
21382,4
21383,1
21384,2
21385,3
21386,0
21387,3
21388,8
21389,4
21390,4
21391,3
21392,2
21393,1
21394,2
21395,3
21396,3
21397,9
21398,2
21399,1
21400,0
21401,1
21402,3
21403,5
21404,1
21405,5
21406,6
21407,2
21408,3
21409,3
21410,2
21411,0
21412,2
21413,4
21414,3
21415,1
21416,1
21417,3
21418,2
21419,2
21420,4
21421,3
21422,0
21423,1
21424,8
21425,2
21426,4
21427,6
21428,1
21429,2
21430,3
21431,3
21432,1
21433,0
21434,0
21435,3
21436,1
21437,6
21438,3
21439,2
21440,5
21441,7
21442,2
21443,4
21444,2
21445,1
21446,3
21447,3
21448,3
21449,2
21450,2
21451,3
21452,4
21453,0
21454,3
21455,1
21456,0
21457,0
21458,2
21459,2
21460,2
21461,3
21462,4
21463,3
21464,4
21465,1
21466,4
21467,4
21468,1
21469,2
21470,1
21471,2
21472,1
21473,4
21474,2
21475,6
21476,3
21477,1
21478,0
21479,0
21480,1
21481,2
21482,6
21483,4
21484,1
21485,6
21486,3
21487,3
21488,3
21489,2
21490,4
21491,0
21492,5
21493,4
21494,1
21495,0
21496,2
21497,3
21498,6
21499,4
21500,1
21501,1
21502,2
21503,3
21504,5
21505,0
21506,0
21507,3
21508,3
21509,6
21510,2
21511,2
21512,0
21513,10
21514,2
21515,1
21516,3
21517,2
21518,2
21519,3
21520,4
21521,2
21522,2
21523,4
21524,2
21525,5
21526,2
21527,1
21528,1
21529,4
21530,1
21531,1
21532,2
21533,5
21534,1
21535,4
21536,1
21537,2
21538,1
21539,5
21540,1
21541,2
21542,1
21543,4
21544,1
21545,6
21546,2
21547,1
21548,1
21549,5
21550,3
21551,5
21552,5
21553,3
21554,1
21555,5
21556,2
21557,2
21558,1
21559,1
21560,3
21561,4
21562,2
21563,1
21564,4
21565,2
21566,3
21567,1
21568,1
21569,4
21570,3
21571,0
21572,0
21573,0
21574,2
21575,3
21576,1
21577,3
21578,1
21579,2
21580,3
21581,3
21582,4
21583,3
21584,0
21585,4
21586,2
21587,0
21588,2
21589,2
21590,0
21591,2
21592,5
21593,2
21594,5
21595,2
21596,3
21597,1
21598,3
21599,2
21600,5
21601,1
21602,3
21603,2
21604,0
21605,0
21606,1
21607,2
21608,2
21609,7
21610,4
21611,0
21612,3
21613,2
21614,3
21615,8
21616,2
21617,4
21618,0
21619,4
21620,8
21621,5
21622,1
21623,2
21624,3
21625,4
21626,1
21627,1
21628,2
21629,1
21630,2
21631,2
21632,1
21633,4
21634,4
21635,17
21636,2
21637,0
21638,2
21639,8
21640,2
21641,18
21642,2
21643,0
21644,1
21645,3
21646,1
21647,3
21648,2
21649,4
21650,1
21651,1
21652,3
21653,3
21654,4
21655,5
21656,1
21657,2
21658,1
21659,1
21660,0
21661,1
21662,1
21663,1
21664,1
21665,3
21666,1
21667,3
21668,1
21669,2
21670,3
21671,2
21672,2
21673,6
21674,1
21675,2
21676,2
21677,4
21678,1
21679,2
21680,1
21681,3
21682,3
21683,3
21684,1
21685,2
21686,2
21687,4
21688,0
21689,1
21690,0
21691,4
21692,1
21693,5
21694,5
21695,3
21696,3
21697,7
21698,3
21699,0
21700,2
21701,1
21702,1
21703,4
21704,1
21705,1
21706,1
21707,1
21708,2
21709,0
21710,2
21711,2
21712,0
21713,1
21714,2
21715,2
21716,2
21717,2
21718,3
21719,6
21720,2
21721,1
21722,1
21723,2
21724,2
21725,2
21726,2
21727,1
21728,0
21729,2
21730,3
21731,1
21732,4
21733,1
21734,4
21735,4
21736,1
21737,8
21738,4
21739,2
21740,2
21741,2
21742,4
21743,2
21744,3
21745,5
21746,0
21747,2
21748,4
21749,5
21750,3
21751,1
21752,1
21753,0
21754,1
21755,3
21756,0
21757,3
21758,1
21759,0
21760,1
21761,1
21762,1
21763,2
21764,0
21765,2
21766,0
21767,0
21768,1
21769,2
21770,3
21771,0
21772,2
21773,2
21774,3
21775,4
21776,1
21777,1
21778,2
21779,3
21780,2
21781,1
21782,0
21783,2
21784,0
21785,2
21786,1
21787,1
21788,0
21789,0
21790,1
21791,1
21792,0
21793,1
21794,3
21795,2
21796,0
21797,3
21798,4
21799,4
21800,2
21801,4
21802,1
21803,2
21804,5
21805,4
21806,1
21807,1
21808,27
21809,6
21810,2
21811,3
21812,4
21813,0
21814,2
21815,2
21816,1
21817,4
21818,2
21819,5
21820,3
21821,2
21822,2
21823,5
21824,2
21825,1
21826,0
21827,2
21828,2
21829,1
21830,7
21831,2
21832,2
21833,5
21834,4
21835,2
21836,2
21837,3
21838,2
21839,4
21840,2
21841,3
21842,1
21843,1
21844,1
21845,0
21846,1
21847,1
21848,6
21849,2
21850,6
21851,3
21852,4
21853,1
21854,3
21855,2
21856,1
21857,0
21858,1
21859,0
21860,2
21861,1
21862,4
21863,2
21864,4
21865,2
21866,1
21867,2
21868,4
21869,2
21870,1
21871,3
21872,0
21873,2
21874,3
21875,7
21876,2
21877,1
21878,2
21879,3
21880,3
21881,1
21882,5
21883,6
21884,2
21885,2
21886,2
21887,0
21888,7
21889,4
21890,5
21891,1
21892,1
21893,2
21894,1
21895,2
21896,3
21897,4
21898,0
21899,2
21900,0
21901,1
21902,2
21903,1
21904,1
21905,3
21906,0
21907,2
21908,4
21909,2
21910,5
21911,4
21912,0
21913,1
21914,3
21915,4
21916,3
21917,7
21918,1
21919,3
21920,5
21921,2
21922,1
21923,7
21924,4
21925,3
21926,1
21927,4
21928,0
21929,1
21930,0
21931,2
21932,4
21933,2
21934,0
21935,5
21936,3
21937,4
21938,0
21939,3
21940,3
21941,3
21942,2
21943,4
21944,1
21945,5
21946,4
21947,2
21948,0
21949,2
21950,1
21951,4
21952,2
21953,2
21954,2
21955,2
21956,2
21957,1
21958,4
21959,5
21960,0
21961,2
21962,1
21963,2
21964,1
21965,0
21966,1
21967,0
21968,4
21969,0
21970,0
21971,1
21972,1
21973,1
21974,1
21975,1
21976,2
21977,1
21978,1
21979,1
21980,2
21981,2
21982,1
21983,1
21984,1
21985,3
21986,0
21987,1
21988,0
21989,2
21990,2
21991,3
21992,3
21993,1
21994,0
21995,1
21996,1
21997,0
21998,1
21999,4
22000,1
22001,3
22002,0
22003,3
22004,8
22005,3
22006,4
22007,2
22008,4
22009,2
22010,0
22011,2
22012,1
22013,1
22014,3
22015,2
22016,2
22017,0
22018,1
22019,0
22020,4
22021,1
22022,2
22023,2
22024,0
22025,3
22026,2
22027,0
22028,2
22029,3
22030,1
22031,4
22032,1
22033,1
22034,3
22035,2
22036,3
22037,2
22038,2
22039,2
22040,2
22041,6
22042,2
22043,3
22044,1
22045,1
22046,1
22047,1
22048,2
22049,0
22050,0
22051,2
22052,2
22053,2
22054,3
22055,2
22056,2
22057,5
22058,5
22059,6
22060,0
22061,0
22062,6
22063,9
22064,2
22065,0
22066,3
22067,3
22068,1
22069,2
22070,0
22071,1
22072,5
22073,1
22074,1
22075,1
22076,1
22077,4
22078,6
22079,3
22080,5
22081,1
22082,4
22083,3
22084,1
22085,3
22086,9
22087,0
22088,2
22089,1
22090,3
22091,6
22092,4
22093,1
22094,1
22095,1
22096,4
22097,2
22098,3
22099,1
22100,1
22101,1
22102,0
22103,2
22104,3
22105,1
22106,5
22107,1
22108,9
22109,3
22110,1
22111,2
22112,3
22113,0
22114,2
22115,3
22116,1
22117,1
22118,3
22119,5
22120,0
22121,2
22122,3
22123,0
22124,2
22125,4
22126,2
22127,38
22128,2
22129,1
22130,2
22131,0
22132,1
22133,2
22134,2
22135,0
22136,1
22137,4
22138,2
22139,1
22140,0
22141,2
22142,3
22143,4
22144,2
22145,3
22146,3
22147,2
22148,2
22149,4
22150,3
22151,1
22152,3
22153,1
22154,1
22155,1
22156,1
22157,0
22158,2
22159,1
22160,1
22161,0
22162,4
22163,1
22164,3
22165,3
22166,4
22167,3
22168,1
22169,2
22170,4
22171,1
22172,4
22173,1
22174,1
22175,4
22176,5
22177,3
22178,1
22179,3
22180,5
22181,1
22182,3
22183,5
22184,4
22185,2
22186,7
22187,2
22188,3
22189,4
22190,3
22191,6
22192,6
22193,1
22194,5
22195,7
22196,1
22197,1
22198,4
22199,1
22200,2
22201,5
22202,3
22203,3
22204,2
22205,2
22206,3
22207,2
22208,1
22209,4
22210,4
22211,3
22212,0
22213,2
22214,3
22215,2
22216,3
22217,4
22218,2
22219,1
22220,0
22221,5
22222,4
22223,2
22224,0
22225,3
22226,2
22227,0
22228,2
22229,1
22230,2
22231,1
22232,2
22233,3
22234,4
22235,1
22236,5
22237,1
22238,2
22239,1
22240,2
22241,3
22242,3
22243,1
22244,3
22245,4
22246,1
22247,4
22248,1
22249,3
22250,2
22251,1
22252,1
22253,0
22254,2
22255,1
22256,1
22257,0
22258,8
22259,2
22260,3
22261,6
22262,1
22263,5
22264,1
22265,2
22266,1
22267,2
22268,4
22269,5
22270,2
22271,2
22272,0
22273,2
22274,2
22275,2
22276,1
22277,6
22278,1
22279,0
22280,5
22281,3
22282,5
22283,3
22284,2
22285,2
22286,1
22287,1
22288,3
22289,3
22290,6
22291,5
22292,3
22293,5
22294,3
22295,1
22296,0
22297,4
22298,4
22299,5
22300,0
22301,2
22302,1
22303,1
22304,2
22305,2
22306,2
22307,5
22308,7
22309,0
22310,1
22311,4
22312,1
22313,7
22314,5
22315,1
22316,2
22317,1
22318,1
22319,1
22320,2
22321,4
22322,9
22323,3
22324,2
22325,0
22326,1
22327,5
22328,1
22329,0
22330,2
22331,2
22332,1
22333,3
22334,1
22335,2
22336,2
22337,2
22338,0
22339,3
22340,1
22341,1
22342,1
22343,2
22344,3
22345,3
22346,5
22347,5
22348,3
22349,6
22350,0
22351,0
22352,1
22353,2
22354,2
22355,2
22356,3
22357,2
22358,2
22359,1
22360,3
22361,1
22362,1
22363,5
22364,2
22365,1
22366,2
22367,3
22368,1
22369,0
22370,2
22371,1
22372,0
22373,7
22374,2
22375,4
22376,2
22377,0
22378,1
22379,4
22380,7
22381,1
22382,1
22383,4
22384,1
22385,4
22386,2
22387,6
22388,3
22389,3
22390,1
22391,2
22392,3
22393,2
22394,5
22395,4
22396,2
22397,5
22398,3
22399,0
22400,1
22401,4
22402,4
22403,5
22404,2
22405,4
22406,4
22407,2
22408,2
22409,3
22410,0
22411,3
22412,3
22413,0
22414,3
22415,2
22416,1
22417,2
22418,3
22419,0
22420,4
22421,3
22422,3
22423,2
22424,3
22425,2
22426,2
22427,4
22428,3
22429,1
22430,1
22431,1
22432,2
22433,1
22434,3
22435,1
22436,2
22437,2
22438,4
22439,2
22440,3
22441,4
22442,2
22443,2
22444,5
22445,2
22446,2
22447,1
22448,5
22449,2
22450,5
22451,5
22452,14
22453,1
22454,3
22455,1
22456,1
22457,3
22458,8
22459,0
22460,1
22461,5
22462,1
22463,1
22464,3
22465,1
22466,4
22467,3
22468,2
22469,2
22470,1
22471,0
22472,3
22473,1
22474,4
22475,0
22476,2
22477,3
22478,3
22479,1
22480,1
22481,2
22482,2
22483,2
22484,3
22485,0
22486,1
22487,2
22488,2
22489,5
22490,2
22491,4
22492,3
22493,0
22494,0
22495,0
22496,1
22497,0
22498,4
22499,3
22500,3
22501,1
22502,3
22503,0
22504,1
22505,2
22506,0
22507,3
22508,1
22509,1
22510,1
22511,1
22512,0
22513,3
22514,1
22515,4
22516,8
22517,2
22518,1
22519,6
22520,3
22521,1
22522,0
22523,0
22524,2
22525,3
22526,1
22527,0
22528,2
22529,0
22530,0
22531,5
22532,3
22533,3
22534,0
22535,3
22536,2
22537,1
22538,1
22539,4
22540,1
22541,2
22542,1
22543,1
22544,3
22545,2
22546,4
22547,4
22548,1
22549,5
22550,1
22551,2
22552,1
22553,1
22554,4
22555,2
22556,2
22557,3
22558,6
22559,4
22560,2
22561,3
22562,2
22563,5
22564,1
22565,0
22566,1
22567,2
22568,2
22569,3
22570,3
22571,3
22572,9
22573,1
22574,3
22575,3
22576,2
22577,2
22578,7
22579,9
22580,4
22581,4
22582,5
22583,2
22584,1
22585,4
22586,2
22587,2
22588,0
22589,1
22590,1
22591,1
22592,6
22593,3
22594,0
22595,1
22596,2
22597,1
22598,7
22599,12
22600,6
22601,3
22602,2
22603,4
22604,2
22605,1
22606,3
22607,2
22608,6
22609,2
22610,1
22611,1
22612,0
22613,2
22614,5
22615,4
22616,2
22617,5
22618,2
22619,4
22620,1
22621,8
22622,9
22623,3
22624,2
22625,0
22626,4
22627,1
22628,4
22629,1
22630,0
22631,1
22632,2
22633,3
22634,4
22635,2
22636,2
22637,7
22638,0
22639,6
22640,7
22641,7
22642,3
22643,1
22644,2
22645,3
22646,3
22647,4
22648,1
22649,2
22650,1
22651,1
22652,3
22653,6
22654,2
22655,6
22656,6
22657,13
22658,11
22659,8
22660,1
22661,0
22662,1
22663,0
22664,1
22665,6
22666,3
22667,3
22668,1
22669,1
22670,1
22671,1
22672,5
22673,3
22674,8
22675,3
22676,2
22677,0
22678,7
22679,10
22680,1
22681,1
22682,2
22683,1
22684,1
22685,3
22686,3
22687,2
22688,2
22689,4
22690,0
22691,2
22692,2
22693,0
22694,1
22695,2
22696,0
22697,3
22698,0
22699,2
22700,0
22701,4
22702,4
22703,2
22704,3
22705,1
22706,2
22707,2
22708,0
22709,5
22710,8
22711,3
22712,3
22713,4
22714,3
22715,3
22716,1
22717,2
22718,2
22719,2
22720,1
22721,4
22722,0
22723,3
22724,1
22725,1
22726,2
22727,2
22728,3
22729,1
22730,6
22731,1
22732,1
22733,3
22734,6
22735,3
22736,7
22737,9
22738,3
22739,5
22740,1
22741,1
22742,2
22743,5
22744,1
22745,4
22746,0
22747,2
22748,2
22749,1
22750,1
22751,3
22752,3
22753,1
22754,4
22755,0
22756,1
22757,4
22758,3
22759,1
22760,4
22761,4
22762,3
22763,1
22764,1
22765,0
22766,2
22767,5
22768,2
22769,5
22770,1
22771,1
22772,1
22773,6
22774,0
22775,2
22776,4
22777,2
22778,4
22779,1
22780,0
22781,1
22782,2
22783,3
22784,1
22785,5
22786,1
22787,2
22788,10
22789,1
22790,2
22791,1
22792,6
22793,1
22794,0
22795,1
22796,2
22797,1
22798,2
22799,3
22800,4
22801,2
22802,3
22803,3
22804,0
22805,5
22806,0
22807,1
22808,3
22809,2
22810,2
22811,0
22812,0
22813,1
22814,5
22815,0
22816,2
22817,1
22818,3
22819,1
22820,0
22821,2
22822,2
22823,1
22824,3
22825,1
22826,4
22827,2
22828,2
22829,0
22830,2
22831,3
22832,2
22833,1
22834,3
22835,2
22836,1
22837,2
22838,1
22839,1
22840,0
22841,3
22842,1
22843,2
22844,3
22845,4
22846,2
22847,2
22848,2
22849,2
22850,4
22851,5
22852,3
22853,0
22854,2
22855,1
22856,1
22857,1
22858,0
22859,1
22860,3
22861,0
22862,3
22863,0
22864,3
22865,4
22866,5
22867,1
22868,1
22869,1
22870,4
22871,3
22872,0
22873,2
22874,1
22875,3
22876,2
22877,1
22878,0
22879,2
22880,3
22881,2
22882,1
22883,5
22884,4
22885,3
22886,4
22887,3
22888,5
22889,1
22890,4
22891,2
22892,4
22893,6
22894,1
22895,0
22896,3
22897,0
22898,4
22899,5
22900,4
22901,5
22902,3
22903,2
22904,2
22905,1
22906,2
22907,2
22908,6
22909,1
22910,1
22911,4
22912,2
22913,2
22914,1
22915,1
22916,2
22917,6
22918,1
22919,6
22920,4
22921,1
22922,2
22923,0
22924,4
22925,1
22926,4
22927,2
22928,5
22929,0
22930,0
22931,1
22932,2
22933,1
22934,1
22935,0
22936,2
22937,2
22938,1
22939,2
22940,3
22941,0
22942,2
22943,2
22944,8
22945,10
22946,3
22947,7
22948,14
22949,3
22950,2
22951,5
22952,1
22953,7
22954,4
22955,2
22956,1
22957,2
22958,6
22959,2
22960,0
22961,4
22962,14
22963,4
22964,5
22965,6
22966,2
22967,3
22968,3
22969,1
22970,3
22971,3
22972,3
22973,2
22974,6
22975,4
22976,2
22977,2
22978,0
22979,1
22980,1
22981,0
22982,2
22983,5
22984,0
22985,0
22986,3
22987,2
22988,1
22989,2
22990,3
22991,5
22992,0
22993,2
22994,1
22995,1
22996,1
22997,4
22998,1
22999,6
23000,2
23001,2
23002,2
23003,1
23004,1
23005,2
23006,0
23007,3
23008,0
23009,2
23010,5
23011,2
23012,4
23013,2
23014,1
23015,2
23016,1
23017,0
23018,0
23019,0
23020,0
23021,1
23022,0
23023,1
23024,0
23025,2
23026,0
23027,3
23028,1
23029,2
23030,0
23031,2
23032,3
23033,1
23034,2
23035,2
23036,3
23037,3
23038,1
23039,3
23040,4
23041,1
23042,1
23043,2
23044,1
23045,8
23046,6
23047,2
23048,1
23049,1
23050,1
23051,4
23052,1
23053,2
23054,1
23055,1
23056,1
23057,0
23058,1
23059,2
23060,2
23061,2
23062,2
23063,4
23064,0
23065,1
23066,1
23067,0
23068,2
23069,3
23070,3
23071,2
23072,1
23073,0
23074,5
23075,0
23076,1
23077,0
23078,0
23079,1
23080,0
23081,3
23082,3
23083,0
23084,1
23085,1
23086,4
23087,2
23088,5
23089,0
23090,2
23091,1
23092,2
23093,3
23094,2
23095,0
23096,5
23097,4
23098,2
23099,5
23100,1
23101,3
23102,0
23103,5
23104,2
23105,2
23106,1
23107,1
23108,4
23109,1
23110,0
23111,5
23112,6
23113,6
23114,1
23115,5
23116,3
23117,4
23118,1
23119,2
23120,3
23121,1
23122,2
23123,1
23124,2
23125,3
23126,3
23127,1
23128,4
23129,2
23130,4
23131,5
23132,0
23133,3
23134,0
23135,2
23136,4
23137,0
23138,0
23139,1
23140,1
23141,1
23142,2
23143,1
23144,3
23145,5
23146,4
23147,3
23148,2
23149,3
23150,1
23151,0
23152,0
23153,1
23154,2
23155,2
23156,0
23157,0
23158,4
23159,0
23160,0
23161,3
23162,0
23163,0
23164,1
23165,0
23166,1
23167,2
23168,1
23169,7
23170,2
23171,3
23172,4
23173,3
23174,5
23175,0
23176,2
23177,2
23178,2
23179,4
23180,1
23181,1
23182,1
23183,4
23184,7
23185,0
23186,2
23187,3
23188,7
23189,8
23190,1
23191,4
23192,5
23193,1
23194,3
23195,3
23196,1
23197,3
23198,3
23199,3
23200,3
23201,2
23202,3
23203,4
23204,1
23205,3
23206,2
23207,1
23208,2
23209,3
23210,11
23211,1
23212,4
23213,2
23214,3
23215,2
23216,2
23217,3
23218,3
23219,1
23220,1
23221,3
23222,5
23223,5
23224,1
23225,4
23226,4
23227,4
23228,1
23229,3
23230,6
23231,3
23232,2
23233,5
23234,1
23235,1
23236,4
23237,3
23238,2
23239,3
23240,2
23241,1
23242,3
23243,2
23244,9
23245,5
23246,0
23247,3
23248,1
23249,1
23250,5
23251,1
23252,3
23253,1
23254,3
23255,2
23256,2
23257,0
23258,6
23259,5
23260,6
23261,3
23262,4
23263,6
23264,3
23265,0
23266,5
23267,1
23268,3
23269,1
23270,6
23271,1
23272,3
23273,2
23274,2
23275,5
23276,1
23277,0
23278,3
23279,2
23280,0
23281,4
23282,1
23283,5
23284,5
23285,5
23286,2
23287,1
23288,3
23289,1
23290,2
23291,3
23292,3
23293,3
23294,0
23295,3
23296,3
23297,3
23298,1
23299,2
23300,4
23301,3
23302,5
23303,2
23304,2
23305,8
23306,1
23307,2
23308,1
23309,1
23310,2
23311,2
23312,1
23313,1
23314,1
23315,3
23316,2
23317,3
23318,1
23319,6
23320,1
23321,1
23322,1
23323,5
23324,3
23325,3
23326,2
23327,1
23328,4
23329,3
23330,11
23331,4
23332,3
23333,4
23334,4
23335,4
23336,0
23337,2
23338,1
23339,1
23340,1
23341,2
23342,1
23343,1
23344,3
23345,3
23346,1
23347,0
23348,0
23349,2
23350,0
23351,2
23352,5
23353,1
23354,3
23355,4
23356,3
23357,1
23358,1
23359,0
23360,0
23361,1
23362,3
23363,2
23364,3
23365,1
23366,1
23367,2
23368,4
23369,4
23370,4
23371,2
23372,0
23373,1
23374,4
23375,0
23376,1
23377,2
23378,0
23379,3
23380,2
23381,1
23382,0
23383,1
23384,2
23385,2
23386,3
23387,4
23388,1
23389,1
23390,3
23391,2
23392,2
23393,1
23394,4
23395,1
23396,0
23397,1
23398,1
23399,2
23400,2
23401,3
23402,1
23403,1
23404,2
23405,0
23406,2
23407,4
23408,2
23409,2
23410,1
23411,3
23412,3
23413,1
23414,2
23415,2
23416,1
23417,2
23418,3
23419,1
23420,2
23421,0
23422,1
23423,2
23424,0
23425,4
23426,7
23427,2
23428,2
23429,2
23430,1
23431,1
23432,1
23433,3
23434,2
23435,8
23436,3
23437,3
23438,2
23439,4
23440,4
23441,0
23442,1
23443,1
23444,5
23445,3
23446,4
23447,1
23448,2
23449,0
23450,2
23451,4
23452,4
23453,0
23454,3
23455,2
23456,4
23457,3
23458,4
23459,2
23460,1
23461,1
23462,2
23463,0
23464,1
23465,1
23466,0
23467,1
23468,2
23469,3
23470,2
23471,1
23472,2
23473,1
23474,0
23475,1
23476,1
23477,1
23478,2
23479,3
23480,0
23481,1
23482,2
23483,3
23484,2
23485,0
23486,0
23487,0
23488,2
23489,1
23490,3
23491,1
23492,0
23493,4
23494,1
23495,3
23496,0
23497,7
23498,2
23499,0
23500,4
23501,2
23502,1
23503,4
23504,1
23505,1
23506,1
23507,0
23508,1
23509,1
23510,1
23511,1
23512,2
23513,0
23514,1
23515,0
23516,2
23517,1
23518,1
23519,3
23520,1
23521,3
23522,3
23523,2
23524,6
23525,5
23526,0
23527,1
23528,1
23529,2
23530,1
23531,1
23532,0
23533,4
23534,0
23535,2
23536,4
23537,4
23538,1
23539,2
23540,3
23541,1
23542,2
23543,0
23544,4
23545,0
23546,0
23547,2
23548,5
23549,4
23550,1
23551,0
23552,3
23553,2
23554,5
23555,1
23556,1
23557,2
23558,7
23559,2
23560,2
23561,1
23562,1
23563,1
23564,4
23565,1
23566,1
23567,2
23568,3
23569,0
23570,3
23571,1
23572,2
23573,2
23574,5
23575,4
23576,3
23577,4
23578,1
23579,4
23580,1
23581,3
23582,1
23583,1
23584,1
23585,0
23586,1
23587,3
23588,4
23589,3
23590,1
23591,3
23592,1
23593,4
23594,9
23595,4
23596,2
23597,3
23598,4
23599,5
23600,5
23601,3
23602,2
23603,1
23604,3
23605,4
23606,1
23607,2
23608,3
23609,2
23610,3
23611,9
23612,3
23613,1
23614,3
23615,1
23616,2
23617,1
23618,2
23619,1
23620,2
23621,0
23622,1
23623,2
23624,1
23625,1
23626,0
23627,4
23628,4
23629,4
23630,2
23631,2
23632,3
23633,1
23634,2
23635,3
23636,7
23637,8
23638,4
23639,5
23640,2
23641,6
23642,5
23643,2
23644,1
23645,4
23646,4
23647,4
23648,3
23649,3
23650,1
23651,1
23652,1
23653,3
23654,4
23655,2
23656,0
23657,3
23658,3
23659,1
23660,5
23661,2
23662,5
23663,1
23664,1
23665,2
23666,4
23667,2
23668,2
23669,1
23670,1
23671,1
23672,5
23673,2
23674,3
23675,4
23676,6
23677,2
23678,4
23679,0
23680,2
23681,3
23682,2
23683,1
23684,0
23685,2
23686,2
23687,1
23688,1
23689,5
23690,3
23691,1
23692,1
23693,0
23694,0
23695,2
23696,1
23697,1
23698,3
23699,0
23700,4
23701,7
23702,0
23703,2
23704,5
23705,5
23706,2
23707,4
23708,4
23709,3
23710,2
23711,1
23712,5
23713,6
23714,1
23715,2
23716,0
23717,0
23718,0
23719,1
23720,2
23721,1
23722,14
23723,12
23724,6
23725,5
23726,3
23727,16
23728,4
23729,2
23730,1
23731,3
23732,0
23733,1
23734,2
23735,1
23736,2
23737,0
23738,5
23739,4
23740,2
23741,0
23742,2
23743,5
23744,5
23745,0
23746,3
23747,1
23748,5
23749,1
23750,3
23751,0
23752,1
23753,0
23754,5
23755,8
23756,3
23757,2
23758,15
23759,0
23760,3
23761,5
23762,2
23763,3
23764,0
23765,1
23766,4
23767,0
23768,10
23769,4
23770,1
23771,2
23772,1
23773,6
23774,2
23775,1
23776,1
23777,1
23778,1
23779,4
23780,3
23781,2
23782,3
23783,43
23784,1
23785,4
23786,5
23787,1
23788,9
23789,28
23790,8
23791,5
23792,1
23793,2
23794,3
23795,3
23796,11
23797,6
23798,2
23799,5
23800,1
23801,13
23802,1
23803,0
23804,4
23805,1
23806,0
23807,1
23808,2
23809,2
23810,0
23811,0
23812,2
23813,4
23814,4
23815,2
23816,2
23817,3
23818,3
23819,1
23820,1
23821,2
23822,7
23823,1
23824,2
23825,2
23826,2
23827,3
23828,0
23829,1
23830,1
23831,0
23832,2
23833,4
23834,2
23835,0
23836,3
23837,6
23838,2
23839,4
23840,9
23841,8
23842,2
23843,5
23844,3
23845,1
23846,1
23847,2
23848,2
23849,2
23850,1
23851,3
23852,2
23853,1
23854,5
23855,4
23856,4
23857,0
23858,6
23859,6
23860,6
23861,2
23862,0
23863,4
23864,0
23865,3
23866,3
23867,2
23868,1
23869,1
23870,2
23871,2
23872,2
23873,1
23874,1
23875,4
23876,3
23877,7
23878,1
23879,8
23880,1
23881,6
23882,2
23883,1
23884,2
23885,4
23886,5
23887,3
23888,4
23889,1
23890,0
23891,3
23892,0
23893,1
23894,2
23895,2
23896,4
23897,2
23898,1
23899,0
23900,2
23901,2
23902,0
23903,1
23904,2
23905,0
23906,1
23907,2
23908,2
23909,8
23910,0
23911,0
23912,1
23913,0
23914,1
23915,1
23916,0
23917,1
23918,2
23919,0
23920,0
23921,1
23922,3
23923,1
23924,3
23925,0
23926,2
23927,4
23928,1
23929,2
23930,1
23931,2
23932,1
23933,0
23934,2
23935,4
23936,4
23937,2
23938,3
23939,6
23940,0
23941,3
23942,1
23943,1
23944,0
23945,2
23946,3
23947,0
23948,2
23949,1
23950,1
23951,0
23952,1
23953,3
23954,2
23955,3
23956,0
23957,2
23958,1
23959,3
23960,2
23961,1
23962,1
23963,2
23964,3
23965,5
23966,3
23967,3
23968,3
23969,1
23970,1
23971,3
23972,3
23973,1
23974,1
23975,2
23976,3
23977,3
23978,3
23979,2
23980,2
23981,2
23982,2
23983,1
23984,2
23985,1
23986,3
23987,1
23988,1
23989,2
23990,0
23991,0
23992,1
23993,2
23994,2
23995,1
23996,2
23997,3
23998,4
23999,0
24000,1
24001,5
24002,2
24003,1
24004,2
24005,1
24006,6
24007,0
24008,1
24009,4
24010,3
24011,1
24012,3
24013,3
24014,5
24015,2
24016,4
24017,2
24018,0
24019,2
24020,2
24021,0
24022,2
24023,1
24024,2
24025,0
24026,1
24027,0
24028,0
24029,2
24030,1
24031,3
24032,2
24033,0
24034,0
24035,0
24036,1
24037,2
24038,1
24039,0
24040,2
24041,2
24042,1
24043,1
24044,0
24045,4
24046,4
24047,2
24048,4
24049,1
24050,4
24051,2
24052,3
24053,2
24054,0
24055,2
24056,3
24057,1
24058,5
24059,1
24060,3
24061,2
24062,2
24063,2
24064,0
24065,1
24066,2
24067,1
24068,3
24069,2
24070,1
24071,3
24072,0
24073,1
24074,2
24075,3
24076,2
24077,1
24078,4
24079,1
24080,1
24081,1
24082,0
24083,4
24084,1
24085,2
24086,2
24087,1
24088,1
24089,0
24090,2
24091,3
24092,1
24093,1
24094,3
24095,1
24096,2
24097,1
24098,1
24099,2
24100,3
24101,1
24102,1
24103,3
24104,5
24105,3
24106,5
24107,4
24108,0
24109,5
24110,1
24111,3
24112,5
24113,2
24114,1
24115,1
24116,2
24117,2
24118,0
24119,0
24120,1
24121,4
24122,2
24123,4
24124,0
24125,1
24126,2
24127,3
24128,1
24129,2
24130,1
24131,3
24132,3
24133,0
24134,2
24135,2
24136,2
24137,0
24138,3
24139,0
24140,1
24141,3
24142,2
24143,0
24144,2
24145,1
24146,1
24147,1
24148,5
24149,2
24150,4
24151,0
24152,1
24153,5
24154,0
24155,1
24156,5
24157,1
24158,2
24159,3
24160,2
24161,4
24162,1
24163,2
24164,0
24165,2
24166,2
24167,1
24168,3
24169,0
24170,1
24171,1
24172,0
24173,4
24174,1
24175,3
24176,1
24177,2
24178,1
24179,4
24180,0
24181,3
24182,3
24183,3
24184,0
24185,1
24186,1
24187,3
24188,2
24189,1
24190,2
24191,3
24192,4
24193,3
24194,3
24195,0
24196,3
24197,2
24198,5
24199,0
24200,0
24201,1
24202,1
24203,3
24204,3
24205,0
24206,3
24207,2
24208,1
24209,1
24210,3
24211,2
24212,1
24213,3
24214,1
24215,4
24216,2
24217,1
24218,2
24219,1
24220,1
24221,2
24222,4
24223,2
24224,2
24225,1
24226,1
24227,0
24228,2
24229,3
24230,3
24231,5
24232,3
24233,2
24234,3
24235,0
24236,2
24237,2
24238,1
24239,1
24240,1
24241,0
24242,1
24243,1
24244,0
24245,1
24246,2
24247,2
24248,3
24249,4
24250,1
24251,1
24252,0
24253,4
24254,2
24255,1
24256,0
24257,3
24258,0
24259,3
24260,0
24261,2
24262,1
24263,1
24264,0
24265,0
24266,1
24267,2
24268,3
24269,1
24270,2
24271,3
24272,1
24273,2
24274,0
24275,2
24276,4
24277,2
24278,6
24279,2
24280,1
24281,2
24282,3
24283,1
24284,2
24285,3
24286,0
24287,5
24288,3
24289,2
24290,1
24291,1
24292,4
24293,0
24294,4
24295,1
24296,1
24297,1
24298,2
24299,2
24300,1
24301,3
24302,3
24303,2
24304,1
24305,4
24306,2
24307,2
24308,3
24309,2
24310,0
24311,4
24312,1
24313,0
24314,0
24315,0
24316,3
24317,0
24318,2
24319,1
24320,6
24321,0
24322,4
24323,3
24324,2
24325,2
24326,2
24327,1
24328,1
24329,2
24330,0
24331,1
24332,5
24333,2
24334,1
24335,1
24336,3
24337,2
24338,2
24339,1
24340,2
24341,4
24342,1
24343,2
24344,4
24345,2
24346,1
24347,1
24348,2
24349,2
24350,1
24351,1
24352,2
24353,1
24354,0
24355,1
24356,2
24357,1
24358,2
24359,1
24360,1
24361,1
24362,0
24363,3
24364,3
24365,1
24366,4
24367,4
24368,6
24369,2
24370,1
24371,5
24372,1
24373,3
24374,5
24375,3
24376,7
24377,5
24378,0
24379,4
24380,2
24381,1
24382,3
24383,0
24384,2
24385,3
24386,3
24387,1
24388,2
24389,1
24390,3
24391,5
24392,2
24393,0
24394,2
24395,2
24396,3
24397,2
24398,0
24399,3
24400,0
24401,1
24402,3
24403,0
24404,4
24405,5
24406,3
24407,4
24408,2
24409,2
24410,0
24411,2
24412,1
24413,1
24414,3
24415,1
24416,5
24417,2
24418,1
24419,2
24420,3
24421,3
24422,3
24423,3
24424,3
24425,0
24426,2
24427,0
24428,0
24429,2
24430,2
24431,0
24432,3
24433,0
24434,2
24435,4
24436,4
24437,1
24438,6
24439,2
24440,0
24441,3
24442,4
24443,0
24444,3
24445,2
24446,2
24447,4
24448,0
24449,2
24450,2
24451,3
24452,1
24453,4
24454,2
24455,1
24456,2
24457,2
24458,9
24459,1
24460,2
24461,3
24462,3
24463,1
24464,4
24465,1
24466,0
24467,1
24468,0
24469,1
24470,8
24471,4
24472,1
24473,1
24474,1
24475,1
24476,2
24477,3
24478,0
24479,2
24480,3
24481,3
24482,3
24483,2
24484,5
24485,2
24486,2
24487,4
24488,1
24489,1
24490,1
24491,1
24492,5
24493,0
24494,3
24495,1
24496,1
24497,4
24498,4
24499,2
24500,6
24501,3
24502,2
24503,2
24504,2
24505,1
24506,3
24507,2
24508,0
24509,1
24510,1
24511,1
24512,1
24513,4
24514,4
24515,1
24516,0
24517,0
24518,5
24519,1
24520,3
24521,2
24522,5
24523,6
24524,4
24525,0
24526,3
24527,2
24528,0
24529,2
24530,3
24531,5
24532,0
24533,2
24534,1
24535,2
24536,4
24537,0
24538,2
24539,2
24540,2
24541,3
24542,1
24543,2
24544,3
24545,2
24546,3
24547,5
24548,2
24549,2
24550,1
24551,2
24552,1
24553,0
24554,1
24555,1
24556,1
24557,0
24558,1
24559,2
24560,1
24561,1
24562,9
24563,0
24564,4
24565,2
24566,3
24567,2
24568,1
24569,3
24570,1
24571,2
24572,4
24573,3
24574,1
24575,3
24576,4
24577,3
24578,2
24579,0
24580,1
24581,1
24582,3
24583,2
24584,2
24585,7
24586,19
24587,3
24588,2
24589,4
24590,2
24591,1
24592,2
24593,2
24594,2
24595,2
24596,4
24597,3
24598,1
24599,2
24600,2
24601,2
24602,3
24603,1
24604,2
24605,5
24606,3
24607,4
24608,2
24609,3
24610,3
24611,1
24612,1
24613,2
24614,2
24615,1
24616,0
24617,0
24618,1
24619,5
24620,0
24621,3
24622,5
24623,2
24624,5
24625,3
24626,1
24627,1
24628,3
24629,0
24630,1
24631,2
24632,1
24633,3
24634,1
24635,1
24636,1
24637,1
24638,1
24639,2
24640,2
24641,0
24642,2
24643,0
24644,1
24645,2
24646,3
24647,0
24648,3
24649,0
24650,1
24651,0
24652,6
24653,2
24654,0
24655,3
24656,3
24657,0
24658,1
24659,2
24660,0
24661,3
24662,3
24663,2
24664,3
24665,4
24666,0
24667,3
24668,2
24669,2
24670,2
24671,2
24672,2
24673,1
24674,0
24675,3
24676,1
24677,0
24678,1
24679,1
24680,0
24681,1
24682,0
24683,1
24684,0
24685,0
24686,5
24687,3
24688,5
24689,7
24690,1
24691,2
24692,1
24693,2
24694,2
24695,7
24696,3
24697,1
24698,4
24699,3
24700,2
24701,7
24702,2
24703,3
24704,2
24705,1
24706,2
24707,0
24708,1
24709,4
24710,2
24711,4
24712,2
24713,4
24714,2
24715,1
24716,4
24717,0
24718,2
24719,1
24720,0
24721,0
24722,0
24723,0
24724,1
24725,2
24726,2
24727,0
24728,8
24729,2
24730,2
24731,3
24732,3
24733,1
24734,4
24735,3
24736,0
24737,5
24738,0
24739,1
24740,3
24741,2
24742,1
24743,0
24744,0
24745,3
24746,2
24747,3
24748,3
24749,4
24750,1
24751,3
24752,3
24753,1
24754,0
24755,3
24756,2
24757,0
24758,2
24759,4
24760,1
24761,0
24762,2
24763,1
24764,1
24765,0
24766,1
24767,4
24768,4
24769,3
24770,3
24771,3
24772,1
24773,1
24774,5
24775,0
24776,7
24777,2
24778,3
24779,1
24780,3
24781,2
24782,2
24783,3
24784,1
24785,7
24786,3
24787,4
24788,1
24789,1
24790,0
24791,1
24792,0
24793,1
24794,3
24795,7
24796,4
24797,7
24798,2
24799,3
24800,3
24801,4
24802,2
24803,3
24804,1
24805,5
24806,2
24807,2
24808,3
24809,1
24810,1
24811,3
24812,2
24813,2
24814,2
24815,1
24816,3
24817,0
24818,2
24819,7
24820,1
24821,2
24822,3
24823,2
24824,2
24825,1
24826,2
24827,3
24828,5
24829,4
24830,1
24831,3
24832,2
24833,1
24834,0
24835,4
24836,1
24837,4
24838,2
24839,1
24840,4
24841,6
24842,5
24843,7
24844,4
24845,3
24846,4
24847,1
24848,2
24849,1
24850,1
24851,0
24852,3
24853,2
24854,3
24855,1
24856,0
24857,2
24858,3
24859,0
24860,2
24861,4
24862,0
24863,3
24864,2
24865,1
24866,3
24867,2
24868,1
24869,2
24870,0
24871,2
24872,2
24873,4
24874,0
24875,3
24876,2
24877,1
24878,2
24879,2
24880,1
24881,0
24882,3
24883,2
24884,1
24885,2
24886,2
24887,2
24888,1
24889,1
24890,3
24891,1
24892,1
24893,2
24894,1
24895,1
24896,3
24897,2
24898,1
24899,2
24900,1
24901,1
24902,3
24903,1
24904,3
24905,4
24906,2
24907,0
24908,1
24909,1
24910,1
24911,2
24912,3
24913,6
24914,2
24915,5
24916,2
24917,1
24918,3
24919,2
24920,1
24921,2
24922,1
24923,1
24924,0
24925,1
24926,1
24927,12
24928,5
24929,4
24930,2
24931,6
24932,9
24933,3
24934,0
24935,1
24936,0
24937,0
24938,1
24939,6
24940,2
24941,0
24942,1
24943,4
24944,3
24945,0
24946,3
24947,1
24948,5
24949,1
24950,0
24951,5
24952,2
24953,1
24954,2
24955,1
24956,5
24957,3
24958,0
24959,5
24960,1
24961,3
24962,0
24963,2
24964,0
24965,3
24966,3
24967,2
24968,5
24969,1
24970,5
24971,2
24972,2
24973,2
24974,0
24975,3
24976,1
24977,4
24978,2
24979,2
24980,2
24981,7
24982,2
24983,0
24984,2
24985,2
24986,2
24987,4
24988,7
24989,5
24990,1
24991,1
24992,5
24993,0
24994,2
24995,1
24996,2
24997,1
24998,0
24999,3
25000,5
25001,2
25002,0
25003,1
25004,2
25005,5
25006,0
25007,3
25008,1
25009,0
25010,1
25011,0
25012,0
25013,3
25014,2
25015,7
25016,1
25017,3
25018,3
25019,3
25020,3
25021,1
25022,1
25023,1
25024,1
25025,4
25026,2
25027,0
25028,3
25029,1
25030,2
25031,0
25032,0
25033,1
25034,5
25035,3
25036,0
25037,5
25038,7
25039,2
25040,0
25041,0
25042,4
25043,2
25044,2
25045,4
25046,1
25047,1
25048,1
25049,0
25050,2
25051,2
25052,1
25053,3
25054,0
25055,2
25056,0
25057,1
25058,3
25059,1
25060,4
25061,2
25062,4
25063,1
25064,0
25065,6
25066,3
25067,0
25068,5
25069,3
25070,4
25071,0
25072,0
25073,2
25074,2
25075,4
25076,2
25077,0
25078,5
25079,2
25080,1
25081,2
25082,1
25083,0
25084,3
25085,3
25086,1
25087,0
25088,0
25089,0
25090,0
25091,3
25092,2
25093,2
25094,0
25095,1
25096,2
25097,1
25098,2
25099,2
25100,4
25101,2
25102,3
25103,2
25104,3
25105,3
25106,1
25107,1
25108,3
25109,2
25110,0
25111,1
25112,2
25113,4
25114,4
25115,1
25116,1
25117,3
25118,1
25119,1
25120,1
25121,0
25122,1
25123,2
25124,1
25125,0
25126,7
25127,1
25128,6
25129,1
25130,1
25131,4
25132,7
25133,3
25134,5
25135,4
25136,6
25137,3
25138,2
25139,3
25140,5
25141,1
25142,6
25143,2
25144,0
25145,3
25146,7
25147,2
25148,4
25149,1
25150,3
25151,1
25152,0
25153,3
25154,1
25155,0
25156,2
25157,4
25158,6
25159,1
25160,3
25161,1
25162,5
25163,1
25164,4
25165,8
25166,6
25167,0
25168,3
25169,1
25170,4
25171,1
25172,2
25173,0
25174,0
25175,2
25176,3
25177,1
25178,2
25179,2
25180,0
25181,1
25182,1
25183,4
25184,0
25185,1
25186,4
25187,1
25188,1
25189,1
25190,11
25191,1
25192,1
25193,0
25194,3
25195,1
25196,0
25197,2
25198,1
25199,2
25200,5
25201,1
25202,5
25203,3
25204,7
25205,3
25206,3
25207,3
25208,6
25209,10
25210,4
25211,3
25212,2
25213,5
25214,3
25215,2
25216,0
25217,1
25218,1
25219,3
25220,5
25221,2
25222,2
25223,2
25224,3
25225,2
25226,6
25227,2
25228,2
25229,1
25230,2
25231,2
25232,4
25233,4
25234,2
25235,0
25236,3
25237,0
25238,2
25239,1
25240,1
25241,1
25242,2
25243,3
25244,4
25245,5
25246,2
25247,7
25248,0
25249,2
25250,3
25251,2
25252,2
25253,4
25254,2
25255,2
25256,2
25257,0
25258,2
25259,1
25260,3
25261,3
25262,2
25263,5
25264,2
25265,1
25266,0
25267,5
25268,6
25269,2
25270,2
25271,2
25272,3
25273,2
25274,4
25275,4
25276,0
25277,0
25278,0
25279,4
25280,1
25281,3
25282,1
25283,2
25284,2
25285,2
25286,1
25287,1
25288,2
25289,0
25290,2
25291,0
25292,1
25293,1
25294,2
25295,2
25296,2
25297,2
25298,2
25299,0
25300,1
25301,2
25302,0
25303,1
25304,1
25305,3
25306,0
25307,1
25308,5
25309,0
25310,2
25311,3
25312,4
25313,2
25314,1
25315,1
25316,4
25317,2
25318,1
25319,2
25320,3
25321,7
25322,2
25323,1
25324,1
25325,1
25326,2
25327,3
25328,2
25329,0
25330,2
25331,3
25332,3
25333,0
25334,0
25335,1
25336,3
25337,1
25338,2
25339,2
25340,1
25341,2
25342,2
25343,2
25344,3
25345,3
25346,3
25347,1
25348,5
25349,0
25350,5
25351,2
25352,3
25353,1
25354,4
25355,2
25356,3
25357,2
25358,1
25359,1
25360,1
25361,2
25362,0
25363,5
25364,0
25365,0
25366,0
25367,2
25368,1
25369,3
25370,1
25371,2
25372,1
25373,0
25374,0
25375,1
25376,6
25377,2
25378,2
25379,4
25380,2
25381,1
25382,0
25383,1
25384,1
25385,3
25386,2
25387,1
25388,3
25389,0
25390,0
25391,1
25392,5
25393,6
25394,0
25395,3
25396,3
25397,1
25398,1
25399,2
25400,2
25401,5
25402,0
25403,6
25404,2
25405,3
25406,2
25407,1
25408,2
25409,1
25410,2
25411,1
25412,0
25413,0
25414,9
25415,1
25416,1
25417,3
25418,2
25419,0
25420,0
25421,3
25422,0
25423,4
25424,3
25425,3
25426,2
25427,3
25428,3
25429,1
25430,3
25431,2
25432,1
25433,2
25434,1
25435,1
25436,3
25437,5
25438,3
25439,1
25440,3
25441,2
25442,2
25443,7
25444,5
25445,0
25446,4
25447,4
25448,3
25449,0
25450,5
25451,2
25452,3
25453,1
25454,1
25455,0
25456,1
25457,2
25458,2
25459,3
25460,14
25461,6
25462,4
25463,1
25464,3
25465,1
25466,2
25467,0
25468,2
25469,4
25470,1
25471,2
25472,0
25473,2
25474,1
25475,5
25476,0
25477,1
25478,5
25479,3
25480,1
25481,3
25482,1
25483,2
25484,2
25485,2
25486,0
25487,2
25488,0
25489,2
25490,6
25491,2
25492,1
25493,1
25494,6
25495,2
25496,1
25497,0
25498,1
25499,1
25500,0
25501,2
25502,0
25503,1
25504,0
25505,0
25506,0
25507,0
25508,1
25509,0
25510,1
25511,0
25512,4
25513,1
25514,2
25515,5
25516,2
25517,1
25518,2
25519,0
25520,0
25521,1
25522,1
25523,2
25524,1
25525,5
25526,5
25527,4
25528,5
25529,4
25530,3
25531,1
25532,1
25533,0
25534,3
25535,3
25536,3
25537,0
25538,1
25539,0
25540,4
25541,1
25542,2
25543,4
25544,0
25545,1
25546,2
25547,6
25548,3
25549,1
25550,2
25551,3
25552,1
25553,0
25554,2
25555,1
25556,1
25557,5
25558,2
25559,0
25560,2
25561,1
25562,0
25563,2
25564,1
25565,0
25566,2
25567,11
25568,2
25569,2
25570,4
25571,0
25572,4
25573,3
25574,1
25575,3
25576,1
25577,1
25578,1
25579,0
25580,2
25581,2
25582,2
25583,0
25584,3
25585,1
25586,2
25587,5
25588,0
25589,2
25590,4
25591,0
25592,3
25593,3
25594,2
25595,1
25596,1
25597,3
25598,11
25599,2
25600,2
25601,4
25602,1
25603,5
25604,0
25605,2
25606,0
25607,1
25608,0
25609,2
25610,2
25611,0
25612,3
25613,1
25614,0
25615,1
25616,1
25617,1
25618,2
25619,3
25620,3
25621,1
25622,2
25623,1
25624,2
25625,1
25626,1
25627,3
25628,0
25629,0
25630,1
25631,1
25632,1
25633,2
25634,1
25635,3
25636,2
25637,2
25638,4
25639,2
25640,0
25641,1
25642,0
25643,1
25644,2
25645,2
25646,1
25647,2
25648,3
25649,2
25650,2
25651,0
25652,2
25653,2
25654,2
25655,2
25656,2
25657,3
25658,4
25659,1
25660,2
25661,0
25662,3
25663,3
25664,2
25665,0
25666,2
25667,3
25668,6
25669,1
25670,0
25671,1
25672,1
25673,2
25674,0
25675,3
25676,9
25677,2
25678,1
25679,1
25680,2
25681,5
25682,3
25683,0
25684,4
25685,0
25686,5
25687,6
25688,1
25689,2
25690,2
25691,1
25692,1
25693,4
25694,2
25695,3
25696,2
25697,1
25698,6
25699,2
25700,1
25701,6
25702,3
25703,1
25704,0
25705,2
25706,2
25707,2
25708,1
25709,5
25710,1
25711,2
25712,2
25713,2
25714,0
25715,0
25716,4
25717,2
25718,1
25719,1
25720,0
25721,0
25722,2
25723,2
25724,1
25725,6
25726,1
25727,1
25728,1
25729,6
25730,0
25731,2
25732,1
25733,3
25734,0
25735,1
25736,0
25737,1
25738,3
25739,1
25740,2
25741,3
25742,2
25743,2
25744,1
25745,3
25746,0
25747,1
25748,2
25749,1
25750,2
25751,1
25752,1
25753,3
25754,1
25755,0
25756,1
25757,0
25758,4
25759,6
25760,5
25761,3
25762,1
25763,0
25764,0
25765,2
25766,2
25767,3
25768,4
25769,0
25770,3
25771,3
25772,2
25773,0
25774,0
25775,1
25776,2
25777,4
25778,2
25779,1
25780,1
25781,4
25782,1
25783,2
25784,2
25785,7
25786,0
25787,3
25788,1
25789,0
25790,2
25791,2
25792,2
25793,1
25794,2
25795,0
25796,2
25797,0
25798,2
25799,7
25800,1
25801,0
25802,0
25803,0
25804,1
25805,3
25806,3
25807,1
25808,4
25809,1
25810,2
25811,2
25812,0
25813,2
25814,1
25815,1
25816,1
25817,1
25818,2
25819,1
25820,3
25821,3
25822,3
25823,2
25824,1
25825,2
25826,3
25827,0
25828,6
25829,3
25830,6
25831,2
25832,2
25833,0
25834,0
25835,0
25836,0
25837,1
25838,2
25839,11
25840,5
25841,9
25842,4
25843,4
25844,2
25845,3
25846,6
25847,2
25848,3
25849,4
25850,6
25851,2
25852,1
25853,1
25854,3
25855,3
25856,2
25857,2
25858,4
25859,0
25860,4
25861,3
25862,1
25863,7
25864,2
25865,3
25866,8
25867,1
25868,0
25869,3
25870,0
25871,3
25872,1
25873,1
25874,3
25875,3
25876,2
25877,6
25878,1
25879,2
25880,0
25881,1
25882,9
25883,2
25884,2
25885,1
25886,3
25887,5
25888,7
25889,3
25890,2
25891,1
25892,4
25893,2
25894,2
25895,3
25896,2
25897,0
25898,3
25899,5
25900,1
25901,1
25902,1
25903,4
25904,2
25905,2
25906,1
25907,1
25908,5
25909,2
25910,4
25911,1
25912,0
25913,0
25914,1
25915,1
25916,2
25917,0
25918,1
25919,2
25920,1
25921,3
25922,3
25923,1
25924,3
25925,1
25926,2
25927,1
25928,3
25929,1
25930,0
25931,1
25932,1
25933,2
25934,2
25935,2
25936,4
25937,3
25938,3
25939,0
25940,0
25941,0
25942,3
25943,7
25944,0
25945,1
25946,4
25947,1
25948,0
25949,6
25950,2
25951,3
25952,2
25953,1
25954,6
25955,2
25956,1
25957,0
25958,3
25959,1
25960,5
25961,3
25962,5
25963,5
25964,0
25965,1
25966,1
25967,5
25968,1
25969,1
25970,5
25971,3
25972,4
25973,4
25974,1
25975,1
25976,1
25977,4
25978,0
25979,1
25980,1
25981,9
25982,1
25983,1
25984,1
25985,1
25986,3
25987,2
25988,1
25989,2
25990,1
25991,0
25992,2
25993,1
25994,1
25995,2
25996,0
25997,0
25998,3
25999,0
26000,2
26001,1
26002,2
26003,2
26004,2
26005,2
26006,3
26007,5
26008,2
26009,1
26010,4
26011,5
26012,3
26013,2
26014,1
26015,24
26016,3
26017,4
26018,2
26019,2
26020,2
26021,2
26022,1
26023,1
26024,1
26025,3
26026,1
26027,4
26028,5
26029,2
26030,1
26031,1
26032,1
26033,4
26034,4
26035,1
26036,4
26037,1
26038,1
26039,1
26040,1
26041,1
26042,0
26043,0
26044,1
26045,1
26046,1
26047,3
26048,2
26049,3
26050,1
26051,3
26052,2
26053,1
26054,3
26055,0
26056,0
26057,1
26058,2
26059,3
26060,3
26061,1
26062,4
26063,2
26064,2
26065,0
26066,0
26067,2
26068,2
26069,5
26070,0
26071,5
26072,0
26073,2
26074,1
26075,2
26076,2
26077,3
26078,3
26079,0
26080,0
26081,0
26082,4
26083,1
26084,2
26085,0
26086,0
26087,3
26088,3
26089,1
26090,0
26091,0
26092,2
26093,0
26094,3
26095,1
26096,0
26097,1
26098,4
26099,2
26100,2
26101,8
26102,4
26103,2
26104,1
26105,0
26106,1
26107,3
26108,0
26109,4
26110,4
26111,4
26112,1
26113,4
26114,0
26115,0
26116,9
26117,2
26118,2
26119,13
26120,4
26121,3
26122,1
26123,8
26124,2
26125,2
26126,4
26127,6
26128,4
26129,1
26130,3
26131,0
26132,1
26133,2
26134,0
26135,3
26136,9
26137,2
26138,1
26139,0
26140,4
26141,3
26142,2
26143,2
26144,1
26145,2
26146,5
26147,1
26148,1
26149,1
26150,3
26151,1
26152,3
26153,2
26154,2
26155,1
26156,0
26157,2
26158,0
26159,3
26160,3
26161,4
26162,4
26163,3
26164,1
26165,2
26166,2
26167,4
26168,1
26169,0
26170,0
26171,1
26172,0
26173,2
26174,4
26175,5
26176,2
26177,1
26178,0
26179,0
26180,3
26181,3
26182,2
26183,1
26184,0
26185,0
26186,4
26187,5
26188,4
26189,2
26190,0
26191,1
26192,1
26193,5
26194,6
26195,2
26196,0
26197,5
26198,2
26199,2
26200,6
26201,3
26202,1
26203,2
26204,3
26205,3
26206,1
26207,2
26208,5
26209,1
26210,2
26211,4
26212,1
26213,2
26214,4
26215,4
26216,1
26217,2
26218,0
26219,1
26220,2
26221,3
26222,2
26223,2
26224,3
26225,2
26226,1
26227,4
26228,6
26229,4
26230,0
26231,6
26232,2
26233,1
26234,2
26235,4
26236,0
26237,2
26238,0
26239,1
26240,0
26241,1
26242,1
26243,0
26244,0
26245,0
26246,3
26247,2
26248,3
26249,0
26250,1
26251,1
26252,1
26253,0
26254,3
26255,3
26256,1
26257,0
26258,2
26259,2
26260,1
26261,2
26262,1
26263,2
26264,3
26265,3
26266,2
26267,3
26268,2
26269,0
26270,1
26271,1
26272,1
26273,1
26274,0
26275,1
26276,1
26277,1
26278,0
26279,1
26280,2
26281,1
26282,0
26283,1
26284,2
26285,2
26286,4
26287,3
26288,3
26289,1
26290,3
26291,3
26292,1
26293,1
26294,2
26295,2
26296,3
26297,3
26298,1
26299,2
26300,5
26301,5
26302,2
26303,4
26304,1
26305,4
26306,2
26307,0
26308,3
26309,1
26310,4
26311,1
26312,3
26313,3
26314,3
26315,2
26316,2
26317,0
26318,2
26319,1
26320,1
26321,3
26322,2
26323,0
26324,1
26325,1
26326,3
26327,4
26328,0
26329,3
26330,2
26331,0
26332,2
26333,1
26334,3
26335,2
26336,0
26337,2
26338,2
26339,4
26340,13
26341,5
26342,3
26343,1
26344,1
26345,0
26346,1
26347,35
26348,1
26349,4
26350,8
26351,5
26352,3
26353,1
26354,1
26355,4
26356,2
26357,4
26358,4
26359,1
26360,0
26361,0
26362,3
26363,0
26364,2
26365,0
26366,3
26367,1
26368,5
26369,1
26370,0
26371,1
26372,2
26373,0
26374,1
26375,4
26376,0
26377,2
26378,2
26379,1
26380,1
26381,3
26382,1
26383,0
26384,2
26385,1
26386,0
26387,2
26388,2
26389,4
26390,4
26391,0
26392,1
26393,1
26394,2
26395,1
26396,5
26397,0
26398,1
26399,3
26400,3
26401,4
26402,7
26403,13
26404,5
26405,5
26406,1
26407,1
26408,5
26409,3
26410,7
26411,3
26412,0
26413,1
26414,1
26415,0
26416,1
26417,2
26418,0
26419,2
26420,3
26421,1
26422,1
26423,3
26424,0
26425,2
26426,1
26427,1
26428,2
26429,3
26430,1
26431,1
26432,4
26433,1
26434,5
26435,1
26436,4
26437,1
26438,0
26439,3
26440,2
26441,3
26442,1
26443,2
26444,2
26445,2
26446,4
26447,2
26448,1
26449,3
26450,2
26451,1
26452,2
26453,2
26454,2
26455,0
26456,4
26457,1
26458,2
26459,1
26460,4
26461,1
26462,0
26463,3
26464,1
26465,0
26466,4
26467,3
26468,1
26469,1
26470,2
26471,1
26472,6
26473,3
26474,1
26475,3
26476,3
26477,2
26478,2
26479,1
26480,0
26481,1
26482,2
26483,2
26484,2
26485,4
26486,0
26487,3
26488,1
26489,2
26490,3
26491,2
26492,1
26493,0
26494,2
26495,2
26496,2
26497,3
26498,1
26499,4
26500,3
26501,2
26502,0
26503,0
26504,2
26505,0
26506,0
26507,3
26508,4
26509,3
26510,5
26511,3
26512,14
26513,2
26514,4
26515,2
26516,5
26517,0
26518,7
26519,2
26520,0
26521,2
26522,0
26523,3
26524,5
26525,2
26526,3
26527,1
26528,1
26529,1
26530,2
26531,2
26532,4
26533,6
26534,0
26535,6
26536,2
26537,2
26538,2
26539,0
26540,6
26541,0
26542,1
26543,1
26544,1
26545,4
26546,2
26547,4
26548,2
26549,2
26550,1
26551,2
26552,2
26553,2
26554,5
26555,0
26556,2
26557,1
26558,1
26559,4
26560,4
26561,1
26562,4
26563,3
26564,1
26565,0
26566,1
26567,1
26568,0
26569,0
26570,2
26571,2
26572,3
26573,0
26574,2
26575,5
26576,1
26577,0
26578,5
26579,3
26580,0
26581,1
26582,1
26583,4
26584,2
26585,3
26586,1
26587,0
26588,4
26589,4
26590,2
26591,0
26592,1
26593,7
26594,1
26595,2
26596,3
26597,1
26598,4
26599,2
26600,1
26601,1
26602,2
26603,1
26604,3
26605,1
26606,4
26607,0
26608,1
26609,3
26610,2
26611,3
26612,4
26613,4
26614,3
26615,1
26616,0
26617,1
26618,2
26619,0
26620,1
26621,0
26622,2
26623,1
26624,2
26625,3
26626,0
26627,2
26628,6
26629,4
26630,4
26631,2
26632,6
26633,4
26634,1
26635,2
26636,4
26637,2
26638,0
26639,0
26640,1
26641,0
26642,2
26643,2
26644,4
26645,1
26646,1
26647,1
26648,1
26649,3
26650,4
26651,0
26652,0
26653,1
26654,3
26655,0
26656,0
26657,3
26658,1
26659,0
26660,1
26661,5
26662,2
26663,0
26664,2
26665,1
26666,3
26667,1
26668,4
26669,0
26670,3
26671,3
26672,8
26673,5
26674,1
26675,7
26676,1
26677,7
26678,8
26679,2
26680,0
26681,3
26682,2
26683,0
26684,2
26685,0
26686,1
26687,0
26688,5
26689,1
26690,3
26691,0
26692,2
26693,2
26694,1
26695,1
26696,1
26697,2
26698,0
26699,4
26700,0
26701,1
26702,1
26703,3
26704,2
26705,0
26706,4
26707,8
26708,10
26709,5
26710,0
26711,0
26712,7
26713,1
26714,3
26715,0
26716,4
26717,3
26718,2
26719,0
26720,2
26721,0
26722,1
26723,1
26724,0
26725,4
26726,5
26727,1
26728,2
26729,4
26730,0
26731,0
26732,4
26733,2
26734,0
26735,1
26736,0
26737,4
26738,4
26739,3
26740,5
26741,5
26742,4
26743,0
26744,1
26745,4
26746,0
26747,2
26748,4
26749,4
26750,2
26751,1
26752,1
26753,3
26754,0
26755,0
26756,1
26757,1
26758,1
26759,2
26760,2
26761,2
26762,2
26763,2
26764,0
26765,0
26766,5
26767,1
26768,1
26769,1
26770,1
26771,0
26772,36
26773,5
26774,5
26775,2
26776,4
26777,1
26778,4
26779,5
26780,1
26781,7
26782,0
26783,2
26784,1
26785,3
26786,2
26787,2
26788,4
26789,0
26790,1
26791,0
26792,1
26793,1
26794,5
26795,2
26796,2
26797,2
26798,2
26799,0
26800,3
26801,0
26802,1
26803,3
26804,0
26805,1
26806,3
26807,0
26808,2
26809,0
26810,1
26811,1
26812,4
26813,1
26814,3
26815,1
26816,2
26817,5
26818,2
26819,1
26820,2
26821,0
26822,1
26823,1
26824,0
26825,0
26826,0
26827,3
26828,6
26829,2
26830,3
26831,4
26832,2
26833,1
26834,0
26835,3
26836,5
26837,1
26838,3
26839,2
26840,2
26841,1
26842,2
26843,1
26844,1
26845,0
26846,0
26847,1
26848,0
26849,5
26850,2
26851,2
26852,1
26853,0
26854,0
26855,3
26856,0
26857,1
26858,2
26859,1
26860,1
26861,3
26862,1
26863,2
26864,1
26865,1
26866,1
26867,2
26868,8
26869,2
26870,3
26871,5
26872,5
26873,5
26874,2
26875,1
26876,7
26877,4
26878,0
26879,1
26880,0
26881,0
26882,0
26883,1
26884,1
26885,2
26886,1
26887,4
26888,5
26889,2
26890,1
26891,2
26892,1
26893,2
26894,2
26895,2
26896,1
26897,2
26898,2
26899,4
26900,1
26901,4
26902,2
26903,26
26904,5
26905,3
26906,2
26907,2
26908,0
26909,4
26910,1
26911,1
26912,1
26913,4
26914,3
26915,2
26916,3
26917,2
26918,1
26919,4
26920,1
26921,0
26922,10
26923,1
26924,0
26925,1
26926,0
26927,1
26928,1
26929,0
26930,1
26931,0
26932,2
26933,1
26934,1
26935,3
26936,1
26937,3
26938,0
26939,3
26940,1
26941,3
26942,1
26943,2
26944,4
26945,12
26946,1
26947,1
26948,2
26949,0
26950,3
26951,0
26952,0
26953,0
26954,2
26955,2
26956,4
26957,3
26958,2
26959,1
26960,1
26961,2
26962,1
26963,2
26964,0
26965,0
26966,5
26967,0
26968,5
26969,1
26970,2
26971,1
26972,8
26973,1
26974,0
26975,1
26976,1
26977,0
26978,1
26979,1
26980,10
26981,5
26982,3
26983,1
26984,2
26985,1
26986,13
26987,2
26988,8
26989,3
26990,1
26991,3
26992,3
26993,1
26994,1
26995,2
26996,2
26997,0
26998,0
26999,0
27000,2
27001,3
27002,3
27003,0
27004,0
27005,1
27006,0
27007,0
27008,0
27009,2
27010,0
27011,2
27012,1
27013,2
27014,0
27015,2
27016,0
27017,1
27018,1
27019,0
27020,2
27021,0
27022,4
27023,1
27024,2
27025,1
27026,3
27027,0
27028,2
27029,3
27030,0
27031,0
27032,1
27033,3
27034,0
27035,1
27036,1
27037,3
27038,8
27039,2
27040,2
27041,5
27042,2
27043,2
27044,3
27045,3
27046,3
27047,1
27048,2
27049,2
27050,0
27051,3
27052,0
27053,1
27054,2
27055,0
27056,0
27057,0
27058,3
27059,2
27060,2
27061,4
27062,1
27063,2
27064,0
27065,0
27066,0
27067,3
27068,1
27069,1
27070,0
27071,1
27072,0
27073,3
27074,1
27075,3
27076,6
27077,1
27078,1
27079,2
27080,1
27081,1
27082,3
27083,1
27084,0
27085,1
27086,0
27087,2
27088,3
27089,3
27090,1
27091,4
27092,7
27093,0
27094,3
27095,1
27096,4
27097,0
27098,1
27099,2
27100,1
27101,4
27102,3
27103,1
27104,2
27105,0
27106,1
27107,1
27108,0
27109,1
27110,1
27111,1
27112,0
27113,3
27114,3
27115,1
27116,1
27117,2
27118,1
27119,4
27120,1
27121,0
27122,1
27123,0
27124,2
27125,0
27126,2
27127,1
27128,1
27129,6
27130,2
27131,2
27132,1
27133,2
27134,3
27135,1
27136,1
27137,1
27138,3
27139,2
27140,1
27141,1
27142,0
27143,2
27144,2
27145,4
27146,2
27147,1
27148,0
27149,2
27150,1
27151,0
27152,0
27153,1
27154,4
27155,3
27156,1
27157,0
27158,2
27159,2
27160,2
27161,4
27162,0
27163,0
27164,3
27165,2
27166,0
27167,1
27168,2
27169,0
27170,1
27171,0
27172,1
27173,1
27174,2
27175,2
27176,2
27177,3
27178,0
27179,2
27180,1
27181,1
27182,1
27183,2
27184,2
27185,0
27186,1
27187,0
27188,1
27189,4
27190,2
27191,0
27192,0
27193,3
27194,3
27195,1
27196,4
27197,0
27198,0
27199,1
27200,0
27201,0
27202,0
27203,0
27204,0
27205,0
27206,2
27207,0
27208,2
27209,0
27210,3
27211,1
27212,0
27213,2
27214,0
27215,1
27216,2
27217,1
27218,2
27219,2
27220,2
27221,2
27222,2
27223,1
27224,0
27225,1
27226,2
27227,3
27228,2
27229,2
27230,2
27231,2
27232,1
27233,3
27234,1
27235,2
27236,2
27237,0
27238,1
27239,2
27240,0
27241,1
27242,3
27243,4
27244,3
27245,1
27246,3
27247,1
27248,1
27249,0
27250,1
27251,1
27252,3
27253,3
27254,4
27255,4
27256,1
27257,2
27258,4
27259,1
27260,1
27261,3
27262,2
27263,2
27264,1
27265,1
27266,2
27267,2
27268,1
27269,2
27270,0
27271,4
27272,4
27273,1
27274,5
27275,1
27276,2
27277,0
27278,1
27279,0
27280,2
27281,6
27282,1
27283,1
27284,0
27285,3
27286,1
27287,1
27288,2
27289,0
27290,3
27291,2
27292,2
27293,0
27294,0
27295,1
27296,3
27297,3
27298,3
27299,2
27300,0
27301,1
27302,1
27303,17
27304,2
27305,1
27306,6
27307,0
27308,4
27309,1
27310,0
27311,5
27312,1
27313,2
27314,0
27315,1
27316,2
27317,0
27318,1
27319,0
27320,1
27321,0
27322,1
27323,2
27324,2
27325,3
27326,0
27327,1
27328,1
27329,1
27330,3
27331,1
27332,0
27333,1
27334,1
27335,1
27336,3
27337,1
27338,3
27339,0
27340,0
27341,2
27342,1
27343,1
27344,1
27345,2
27346,1
27347,1
27348,1
27349,1
27350,0
27351,2
27352,1
27353,0
27354,0
27355,1
27356,5
27357,2
27358,4
27359,0
27360,1
27361,1
27362,2
27363,2
27364,3
27365,1
27366,1
27367,3
27368,1
27369,1
27370,0
27371,2
27372,3
27373,0
27374,12
27375,16
27376,3
27377,1
27378,0
27379,3
27380,1
27381,1
27382,2
27383,1
27384,1
27385,3
27386,0
27387,0
27388,4
27389,2
27390,0
27391,4
27392,0
27393,1
27394,2
27395,1
27396,1
27397,1
27398,2
27399,4
27400,3
27401,3
27402,5
27403,2
27404,3
27405,3
27406,3
27407,1
27408,6
27409,2
27410,3
27411,1
27412,2
27413,3
27414,2
27415,5
27416,4
27417,4
27418,2
27419,2
27420,3
27421,3
27422,0
27423,2
27424,6
27425,2
27426,4
27427,3
27428,3
27429,2
27430,1
27431,2
27432,4
27433,0
27434,1
27435,2
27436,4
27437,1
27438,1
27439,1
27440,1
27441,3
27442,0
27443,2
27444,3
27445,2
27446,2
27447,1
27448,3
27449,1
27450,1
27451,3
27452,5
27453,1
27454,2
27455,4
27456,3
27457,0
27458,1
27459,3
27460,2
27461,1
27462,0
27463,0
27464,0
27465,2
27466,2
27467,0
27468,2
27469,2
27470,1
27471,2
27472,1
27473,0
27474,2
27475,0
27476,2
27477,1
27478,2
27479,0
27480,0
27481,1
27482,1
27483,2
27484,0
27485,1
27486,0
27487,3
27488,5
27489,6
27490,0
27491,1
27492,3
27493,1
27494,2
27495,2
27496,3
27497,3
27498,3
27499,0
27500,4
27501,0
27502,0
27503,2
27504,2
27505,2
27506,1
27507,2
27508,2
27509,0
27510,2
27511,1
27512,1
27513,5
27514,0
27515,7
27516,2
27517,5
27518,2
27519,1
27520,5
27521,1
27522,0
27523,4
27524,0
27525,1
27526,3
27527,1
27528,1
27529,2
27530,1
27531,0
27532,1
27533,2
27534,5
27535,3
27536,1
27537,0
27538,1
27539,1
27540,2
27541,0
27542,5
27543,1
27544,4
27545,0
27546,0
27547,1
27548,1
27549,2
27550,0
27551,0
27552,0
27553,5
27554,2
27555,2
27556,3
27557,1
27558,1
27559,3
27560,1
27561,0
27562,0
27563,0
27564,0
27565,2
27566,5
27567,2
27568,3
27569,3
27570,2
27571,0
27572,0
27573,0
27574,0
27575,1
27576,2
27577,2
27578,1
27579,4
27580,3
27581,0
27582,1
27583,2
27584,4
27585,3
27586,4
27587,0
27588,0
27589,5
27590,1
27591,2
27592,0
27593,2
27594,4
27595,2
27596,0
27597,0
27598,4
27599,0
27600,3
27601,0
27602,0
27603,0
27604,1
27605,0
27606,3
27607,0
27608,0
27609,2
27610,3
27611,2
27612,2
27613,0
27614,0
27615,4
27616,2
27617,3
27618,0
27619,0
27620,1
27621,0
27622,1
27623,1
27624,2
27625,1
27626,2
27627,1
27628,0
27629,1
27630,0
27631,0
27632,1
27633,2
27634,2
27635,0
27636,1
27637,2
27638,2
27639,0
27640,3
27641,1
27642,1
27643,1
27644,1
27645,0
27646,3
27647,0
27648,4
27649,5
27650,3
27651,15
27652,6
27653,4
27654,1
27655,0
27656,2
27657,2
27658,0
27659,3
27660,3
27661,0
27662,1
27663,1
27664,2
27665,2
27666,7
27667,1
27668,1
27669,4
27670,0
27671,1
27672,1
27673,2
27674,1
27675,3
27676,2
27677,2
27678,1
27679,1
27680,11
27681,2
27682,3
27683,2
27684,3
27685,0
27686,3
27687,0
27688,0
27689,2
27690,2
27691,1
27692,2
27693,2
27694,0
27695,0
27696,1
27697,4
27698,1
27699,3
27700,4
27701,3
27702,2
27703,3
27704,0
27705,1
27706,1
27707,1
27708,4
27709,0
27710,2
27711,1
27712,3
27713,1
27714,4
27715,2
27716,1
27717,3
27718,2
27719,3
27720,3
27721,3
27722,4
27723,2
27724,1
27725,3
27726,4
27727,0
27728,0
27729,3
27730,0
27731,1
27732,4
27733,6
27734,5
27735,3
27736,2
27737,3
27738,1
27739,4
27740,0
27741,2
27742,0
27743,0
27744,0
27745,1
27746,3
27747,2
27748,1
27749,0
27750,1
27751,0
27752,2
27753,2
27754,4
27755,1
27756,2
27757,1
27758,1
27759,2
27760,3
27761,1
27762,0
27763,0
27764,1
27765,4
27766,1
27767,0
27768,1
27769,4
27770,1
27771,1
27772,2
27773,1
27774,3
27775,0
27776,1
27777,2
27778,4
27779,1
27780,2
27781,2
27782,2
27783,2
27784,1
27785,6
27786,11
27787,1
27788,0
27789,1
27790,2
27791,1
27792,2
27793,2
27794,2
27795,2
27796,0
27797,3
27798,1
27799,4
27800,0
27801,3
27802,0
27803,2
27804,1
27805,2
27806,3
27807,2
27808,2
27809,1
27810,0
27811,1
27812,1
27813,2
27814,1
27815,2
27816,3
27817,2
27818,1
27819,2
27820,1
27821,1
27822,3
27823,2
27824,2
27825,1
27826,0
27827,3
27828,1
27829,3
27830,3
27831,3
27832,0
27833,0
27834,3
27835,3
27836,3
27837,1
27838,0
27839,1
27840,5
27841,1
27842,1
27843,1
27844,2
27845,3
27846,2
27847,0
27848,0
27849,0
27850,1
27851,2
27852,2
27853,3
27854,1
27855,2
27856,2
27857,4
27858,2
27859,4
27860,3
27861,5
27862,1
27863,5
27864,2
27865,1
27866,1
27867,1
27868,1
27869,4
27870,1
27871,1
27872,3
27873,1
27874,2
27875,1
27876,2
27877,3
27878,1
27879,2
27880,2
27881,3
27882,3
27883,3
27884,2
27885,5
27886,5
27887,2
27888,3
27889,2
27890,2
27891,0
27892,3
27893,2
27894,1
27895,0
27896,3
27897,1
27898,0
27899,2
27900,1
27901,2
27902,0
27903,4
27904,2
27905,2
27906,3
27907,2
27908,2
27909,1
27910,4
27911,2
27912,3
27913,2
27914,3
27915,0
27916,0
27917,2
27918,0
27919,1
27920,3
27921,0
27922,2
27923,1
27924,2
27925,1
27926,0
27927,0
27928,4
27929,3
27930,1
27931,1
27932,0
27933,1
27934,1
27935,1
27936,1
27937,0
27938,0
27939,1
27940,4
27941,2
27942,2
27943,3
27944,2
27945,4
27946,0
27947,2
27948,2
27949,2
27950,3
27951,1
27952,2
27953,3
27954,2
27955,2
27956,4
27957,5
27958,2
27959,1
27960,4
27961,1
27962,1
27963,0
27964,1
27965,2
27966,4
27967,2
27968,1
27969,1
27970,0
27971,2
27972,2
27973,0
27974,0
27975,1
27976,0
27977,3
27978,1
27979,3
27980,1
27981,4
27982,1
27983,2
27984,1
27985,0
27986,0
27987,3
27988,0
27989,3
27990,1
27991,1
27992,0
27993,2
27994,2
27995,1
27996,4
27997,0
27998,2
27999,2
28000,1
28001,2
28002,3
28003,2
28004,0
28005,3
28006,2
28007,1
28008,1
28009,2
28010,2
28011,2
28012,0
28013,2
28014,3
28015,6
28016,0
28017,0
28018,3
28019,0
28020,2
28021,1
28022,1
28023,4
28024,2
28025,2
28026,0
28027,2
28028,2
28029,1
28030,0
28031,2
28032,3
28033,1
28034,3
28035,5
28036,4
28037,2
28038,1
28039,2
28040,1
28041,6
28042,1
28043,1
28044,5
28045,3
28046,2
28047,0
28048,1
28049,0
28050,3
28051,1
28052,1
28053,0
28054,0
28055,2
28056,6
28057,1
28058,1
28059,4
28060,5
28061,4
28062,1
28063,0
28064,1
28065,0
28066,1
28067,2
28068,4
28069,3
28070,1
28071,0
28072,0
28073,0
28074,0
28075,2
28076,3
28077,2
28078,1
28079,4
28080,2
28081,5
28082,1
28083,0
28084,1
28085,2
28086,3
28087,5
28088,1
28089,2
28090,2
28091,0
28092,0
28093,3
28094,0
28095,3
28096,4
28097,5
28098,1
28099,2
28100,0
28101,2
28102,0
28103,0
28104,0
28105,1
28106,1
28107,3
28108,1
28109,2
28110,0
28111,3
28112,1
28113,0
28114,3
28115,4
28116,2
28117,4
28118,1
28119,0
28120,1
28121,0
28122,0
28123,2
28124,2
28125,2
28126,1
28127,0
28128,2
28129,3
28130,1
28131,1
28132,1
28133,1
28134,4
28135,0
28136,0
28137,1
28138,2
28139,3
28140,2
28141,4
28142,3
28143,4
28144,3
28145,3
28146,4
28147,1
28148,3
28149,4
28150,1
28151,0
28152,4
28153,2
28154,0
28155,0
28156,0
28157,1
28158,1
28159,2
28160,1
28161,2
28162,2
28163,0
28164,4
28165,2
28166,1
28167,5
28168,2
28169,2
28170,5
28171,0
28172,2
28173,4
28174,5
28175,2
28176,3
28177,2
28178,0
28179,1
28180,3
28181,0
28182,1
28183,1
28184,2
28185,0
28186,1
28187,3
28188,1
28189,0
28190,0
28191,2
28192,6
28193,1
28194,0
28195,4
28196,2
28197,3
28198,4
28199,1
28200,3
28201,1
28202,2
28203,3
28204,0
28205,4
28206,3
28207,0
28208,2
28209,1
28210,2
28211,1
28212,1
28213,4
28214,0
28215,4
28216,2
28217,0
28218,3
28219,3
28220,0
28221,4
28222,6
28223,1
28224,1
28225,3
28226,0
28227,1
28228,4
28229,1
28230,3
28231,1
28232,4
28233,5
28234,0
28235,1
28236,1
28237,1
28238,0
28239,3
28240,0
28241,3
28242,2
28243,2
28244,2
28245,2
28246,4
28247,1
28248,4
28249,1
28250,2
28251,0
28252,0
28253,1
28254,1
28255,1
28256,3
28257,0
28258,0
28259,1
28260,2
28261,6
28262,0
28263,3
28264,0
28265,4
28266,7
28267,2
28268,3
28269,4
28270,2
28271,2
28272,1
28273,1
28274,4
28275,4
28276,2
28277,5
28278,2
28279,2
28280,3
28281,1
28282,3
28283,1
28284,2
28285,0
28286,4
28287,2
28288,2
28289,0
28290,7
28291,1
28292,4
28293,3
28294,3
28295,1
28296,3
28297,3
28298,2
28299,1
28300,1
28301,3
28302,3
28303,2
28304,0
28305,2
28306,0
28307,1
28308,4
28309,1
28310,2
28311,3
28312,1
28313,3
28314,1
28315,9
28316,2
28317,2
28318,3
28319,2
28320,13
28321,5
28322,3
28323,2
28324,1
28325,3
28326,2
28327,0
28328,2
28329,3
28330,3
28331,0
28332,1
28333,7
28334,1
28335,3
28336,2
28337,3
28338,2
28339,7
28340,0
28341,2
28342,5
28343,0
28344,2
28345,3
28346,2
28347,2
28348,1
28349,3
28350,3
28351,2
28352,2
28353,6
28354,0
28355,3
28356,6
28357,3
28358,12
28359,8
28360,5
28361,3
28362,38
28363,8
28364,5
28365,2
28366,5
28367,8
28368,2
28369,2
28370,1
28371,2
28372,0
28373,1
28374,0
28375,1
28376,1
28377,3
28378,2
28379,9
28380,1
28381,0
28382,1
28383,2
28384,1
28385,2
28386,2
28387,1
28388,1
28389,6
28390,0
28391,5
28392,2
28393,2
28394,2
28395,0
28396,2
28397,4
28398,2
28399,1
28400,0
28401,1
28402,1
28403,2
28404,4
28405,2
28406,3
28407,2
28408,2
28409,0
28410,1
28411,1
28412,4
28413,0
28414,2
28415,0
28416,0
28417,1
28418,2
28419,1
28420,2
28421,2
28422,2
28423,0
28424,0
28425,0
28426,2
28427,1
28428,9
28429,1
28430,2
28431,5
28432,2
28433,2
28434,2
28435,4
28436,0
28437,0
28438,0
28439,3
28440,2
28441,1
28442,2
28443,4
28444,4
28445,2
28446,1
28447,0
28448,0
28449,3
28450,2
28451,2
28452,0
28453,4
28454,2
28455,2
28456,0
28457,2
28458,3
28459,1
28460,5
28461,4
28462,2
28463,0
28464,1
28465,3
28466,0
28467,1
28468,0
28469,1
28470,0
28471,2
28472,8
28473,4
28474,7
28475,6
28476,1
28477,3
28478,2
28479,2
28480,2
28481,2
28482,3
28483,3
28484,3
28485,1
28486,3
28487,2
28488,1
28489,1
28490,3
28491,1
28492,3
28493,0
28494,0
28495,0
28496,1
28497,1
28498,1
28499,2
28500,2
28501,0
28502,1
28503,2
28504,0
28505,1
28506,2
28507,2
28508,1
28509,3
28510,0
28511,1
28512,5
28513,2
28514,0
28515,2
28516,0
28517,3
28518,1
28519,0
28520,3
28521,2
28522,3
28523,1
28524,7
28525,2
28526,3
28527,4
28528,3
28529,0
28530,0
28531,1
28532,1
28533,2
28534,0
28535,0
28536,2
28537,3
28538,2
28539,1
28540,0
28541,1
28542,2
28543,2
28544,1
28545,0
28546,3
28547,1
28548,1
28549,1
28550,3
28551,1
28552,6
28553,1
28554,0
28555,0
28556,0
28557,4
28558,2
28559,4
28560,3
28561,7
28562,0
28563,3
28564,1
28565,0
28566,0
28567,1
28568,2
28569,4
28570,2
28571,5
28572,2
28573,0
28574,1
28575,1
28576,1
28577,1
28578,2
28579,5
28580,0
28581,1
28582,0
28583,2
28584,1
28585,1
28586,3
28587,3
28588,1
28589,2
28590,3
28591,2
28592,3
28593,4
28594,1
28595,1
28596,0
28597,3
28598,4
28599,2
28600,1
28601,0
28602,3
28603,0
28604,0
28605,1
28606,2
28607,4
28608,3
28609,0
28610,2
28611,0
28612,2
28613,1
28614,3
28615,1
28616,2
28617,4
28618,5
28619,3
28620,3
28621,4
28622,0
28623,6
28624,0
28625,5
28626,1
28627,3
28628,3
28629,2
28630,0
28631,2
28632,2
28633,3
28634,0
28635,6
28636,0
28637,2
28638,3
28639,1
28640,3
28641,0
28642,1
28643,2
28644,3
28645,4
28646,7
28647,3
28648,2
28649,4
28650,5
28651,1
28652,0
28653,3
28654,0
28655,2
28656,2
28657,2
28658,2
28659,2
28660,5
28661,5
28662,2
28663,2
28664,3
28665,6
28666,1
28667,3
28668,2
28669,0
28670,2
28671,2
28672,14
28673,3
28674,3
28675,0
28676,5
28677,3
28678,0
28679,3
28680,0
28681,0
28682,1
28683,1
28684,0
28685,4
28686,0
28687,1
28688,1
28689,5
28690,0
28691,2
28692,1
28693,3
28694,5
28695,2
28696,0
28697,0
28698,1
28699,0
28700,3
28701,2
28702,1
28703,6
28704,2
28705,0
28706,3
28707,0
28708,0
28709,1
28710,3
28711,5
28712,2
28713,0
28714,0
28715,3
28716,5
28717,3
28718,4
28719,1
28720,3
28721,1
28722,2
28723,3
28724,2
28725,0
28726,3
28727,2
28728,1
28729,1
28730,2
28731,1
28732,1
28733,1
28734,1
28735,6
28736,2
28737,0
28738,2
28739,0
28740,0
28741,0
28742,2
28743,2
28744,11
28745,3
28746,1
28747,2
28748,2
28749,1
28750,1
28751,2
28752,3
28753,2
28754,1
28755,6
28756,2
28757,3
28758,1
28759,1
28760,3
28761,3
28762,3
28763,2
28764,2
28765,3
28766,4
28767,2
28768,0
28769,3
28770,3
28771,2
28772,0
28773,0
28774,1
28775,1
28776,5
28777,3
28778,3
28779,1
28780,2
28781,4
28782,0
28783,1
28784,1
28785,2
28786,7
28787,2
28788,0
28789,2
28790,0
28791,0
28792,4
28793,3
28794,5
28795,3
28796,1
28797,2
28798,2
28799,2
28800,2
28801,2
28802,0
28803,1
28804,0
28805,3
28806,2
28807,2
28808,4
28809,1
28810,1
28811,3
28812,5
28813,2
28814,2
28815,1
28816,4
28817,5
28818,2
28819,1
28820,4
28821,0
28822,1
28823,2
28824,2
28825,1
28826,1
28827,2
28828,4
28829,2
28830,7
28831,3
28832,1
28833,1
28834,1
28835,2
28836,3
28837,4
28838,5
28839,0
28840,4
28841,1
28842,1
28843,1
28844,2
28845,2
28846,0
28847,2
28848,13
28849,4
28850,4
28851,4
28852,9
28853,1
28854,4
28855,0
28856,4
28857,0
28858,1
28859,0
28860,1
28861,2
28862,2
28863,13
28864,4
28865,2
28866,0
28867,1
28868,0
28869,1
28870,2
28871,3
28872,0
28873,3
28874,2
28875,2
28876,0
28877,2
28878,2
28879,5
28880,0
28881,4
28882,3
28883,0
28884,2
28885,2
28886,5
28887,4
28888,0
28889,3
28890,1
28891,3
28892,2
28893,4
28894,3
28895,3
28896,1
28897,1
28898,3
28899,4
28900,5
28901,1
28902,1
28903,8
28904,2
28905,3
28906,2
28907,0
28908,2
28909,1
28910,0
28911,1
28912,0
28913,7
28914,4
28915,1
28916,2
28917,1
28918,3
28919,1
28920,2
28921,1
28922,2
28923,1
28924,1
28925,1
28926,1
28927,2
28928,1
28929,1
28930,0
28931,2
28932,3
28933,3
28934,2
28935,2
28936,2
28937,2
28938,4
28939,0
28940,2
28941,0
28942,1
28943,5
28944,0
28945,1
28946,6
28947,1
28948,0
28949,1
28950,2
28951,1
28952,3
28953,3
28954,2
28955,0
28956,3
28957,1
28958,4
28959,0
28960,2
28961,5
28962,3
28963,2
28964,1
28965,1
28966,2
28967,1
28968,2
28969,1
28970,2
28971,6
28972,1
28973,0
28974,0
28975,1
28976,8
28977,1
28978,0
28979,4
28980,2
28981,3
28982,3
28983,1
28984,5
28985,2
28986,4
28987,1
28988,0
28989,1
28990,2
28991,0
28992,0
28993,0
28994,0
28995,4
28996,3
28997,2
28998,4
28999,7
29000,1
29001,1
29002,0
29003,0
29004,3
29005,2
29006,0
29007,1
29008,4
29009,0
29010,1
29011,0
29012,4
29013,0
29014,6
29015,3
29016,4
29017,1
29018,2
29019,4
29020,2
29021,1
29022,1
29023,2
29024,2
29025,1
29026,1
29027,0
29028,1
29029,1
29030,2
29031,3
29032,1
29033,2
29034,1
29035,1
29036,3
29037,1
29038,2
29039,4
29040,1
29041,1
29042,2
29043,2
29044,2
29045,2
29046,2
29047,2
29048,13
29049,2
29050,1
29051,2
29052,0
29053,0
29054,3
29055,2
29056,6
29057,3
29058,2
29059,1
29060,2
29061,1
29062,3
29063,10
29064,2
29065,3
29066,3
29067,5
29068,1
29069,2
29070,5
29071,3
29072,3
29073,1
29074,7
29075,2
29076,1
29077,0
29078,4
29079,2
29080,1
29081,0
29082,1
29083,1
29084,2
29085,0
29086,2
29087,4
29088,0
29089,0
29090,4
29091,1
29092,0
29093,0
29094,1
29095,3
29096,5
29097,2
29098,3
29099,2
29100,0
29101,1
29102,2
29103,2
29104,3
29105,2
29106,1
29107,2
29108,3
29109,0
29110,4
29111,1
29112,0
29113,10
29114,7
29115,3
29116,2
29117,0
29118,1
29119,3
29120,1
29121,1
29122,2
29123,0
29124,0
29125,2
29126,2
29127,3
29128,1
29129,2
29130,9
29131,2
29132,0
29133,1
29134,0
29135,1
29136,5
29137,5
29138,1
29139,1
29140,2
29141,1
29142,0
29143,2
29144,0
29145,1
29146,1
29147,1
29148,0
29149,1
29150,1
29151,1
29152,0
29153,0
29154,1
29155,2
29156,0
29157,4
29158,1
29159,2
29160,2
29161,2
29162,1
29163,0
29164,0
29165,1
29166,0
29167,2
29168,1
29169,1
29170,4
29171,0
29172,0
29173,0
29174,1
29175,3
29176,1
29177,2
29178,2
29179,2
29180,3
29181,1
29182,1
29183,0
29184,3
29185,2
29186,0
29187,0
29188,0
29189,4
29190,0
29191,1
29192,0
29193,0
29194,3
29195,2
29196,0
29197,3
29198,0
29199,1
29200,2
29201,2
29202,1
29203,0
29204,2
29205,2
29206,2
29207,1
29208,2
29209,2
29210,3
29211,1
29212,3
29213,0
29214,1
29215,0
29216,1
29217,3
29218,4
29219,1
29220,0
29221,3
29222,1
29223,1
29224,0
29225,0
29226,2
29227,1
29228,1
29229,0
29230,2
29231,3
29232,2
29233,1
29234,7
29235,1
29236,2
29237,2
29238,2
29239,0
29240,3
29241,0
29242,0
29243,1
29244,3
29245,4
29246,1
29247,3
29248,1
29249,2
29250,1
29251,1
29252,4
29253,2
29254,2
29255,3
29256,1
29257,2
29258,4
29259,0
29260,2
29261,4
29262,1
29263,2
29264,1
29265,1
29266,1
29267,1
29268,3
29269,1
29270,0
29271,6
29272,1
29273,2
29274,2
29275,1
29276,3
29277,3
29278,1
29279,1
29280,2
29281,2
29282,1
29283,2
29284,0
29285,3
29286,3
29287,1
29288,6
29289,3
29290,3
29291,5
29292,5
29293,1
29294,2
29295,3
29296,1
29297,1
29298,0
29299,3
29300,1
29301,4
29302,2
29303,1
29304,1
29305,3
29306,4
29307,0
29308,1
29309,1
29310,5
29311,3
29312,3
29313,1
29314,0
29315,2
29316,2
29317,2
29318,3
29319,2
29320,1
29321,5
29322,1
29323,1
29324,3
29325,0
29326,4
29327,2
29328,2
29329,0
29330,0
29331,0
29332,2
29333,3
29334,0
29335,2
29336,4
29337,2
29338,2
29339,2
29340,2
29341,4
29342,3
29343,1
29344,2
29345,1
29346,3
29347,0
29348,0
29349,1
29350,1
29351,2
29352,0
29353,2
29354,2
29355,1
29356,3
29357,2
29358,2
29359,1
29360,2
29361,0
29362,3
29363,1
29364,2
29365,4
29366,4
29367,0
29368,3
29369,0
29370,1
29371,1
29372,1
29373,2
29374,5
29375,3
29376,2
29377,14
29378,0
29379,1
29380,0
29381,3
29382,0
29383,0
29384,0
29385,1
29386,4
29387,1
29388,0
29389,0
29390,0
29391,3
29392,4
29393,4
29394,0
29395,1
29396,2
29397,0
29398,2
29399,0
29400,2
29401,0
29402,2
29403,2
29404,3
29405,0
29406,5
29407,2
29408,4
29409,1
29410,3
29411,4
29412,0
29413,2
29414,4
29415,1
29416,0
29417,0
29418,1
29419,2
29420,3
29421,0
29422,1
29423,4
29424,1
29425,3
29426,3
29427,0
29428,1
29429,3
29430,3
29431,2
29432,0
29433,3
29434,1
29435,2
29436,2
29437,4
29438,3
29439,0
29440,2
29441,0
29442,6
29443,1
29444,1
29445,3
29446,1
29447,1
29448,0
29449,3
29450,0
29451,0
29452,1
29453,3
29454,1
29455,0
29456,1
29457,2
29458,3
29459,0
29460,1
29461,3
29462,1
29463,2
29464,1
29465,2
29466,1
29467,3
29468,1
29469,3
29470,0
29471,3
29472,2
29473,1
29474,2
29475,0
29476,1
29477,0
29478,2
29479,2
29480,6
29481,2
29482,0
29483,4
29484,2
29485,2
29486,2
29487,4
29488,0
29489,1
29490,3
29491,0
29492,1
29493,4
29494,1
29495,0
29496,4
29497,1
29498,1
29499,2
29500,1
29501,4
29502,3
29503,2
29504,3
29505,1
29506,0
29507,1
29508,2
29509,0
29510,1
29511,1
29512,0
29513,1
29514,0
29515,2
29516,1
29517,2
29518,2
29519,1
29520,2
29521,4
29522,2
29523,3
29524,2
29525,3
29526,1
29527,1
29528,2
29529,2
29530,6
29531,0
29532,2
29533,0
29534,0
29535,5
29536,0
29537,1
29538,4
29539,1
29540,2
29541,2
29542,1
29543,0
29544,2
29545,1
29546,2
29547,2
29548,1
29549,5
29550,0
29551,1
29552,4
29553,0
29554,13
29555,4
29556,3
29557,1
29558,1
29559,2
29560,2
29561,1
29562,1
29563,3
29564,2
29565,5
29566,0
29567,1
29568,2
29569,1
29570,0
29571,1
29572,0
29573,0
29574,1
29575,2
29576,0
29577,7
29578,2
29579,2
29580,1
29581,0
29582,1
29583,1
29584,1
29585,0
29586,3
29587,0
29588,1
29589,2
29590,2
29591,2
29592,3
29593,2
29594,2
29595,3
29596,1
29597,0
29598,0
29599,0
29600,2
29601,3
29602,3
29603,0
29604,1
29605,4
29606,7
29607,4
29608,2
29609,1
29610,5
29611,3
29612,2
29613,2
29614,2
29615,8
29616,3
29617,3
29618,0
29619,8
29620,4
29621,0
29622,9
29623,0
29624,1
29625,5
29626,5
29627,6
29628,3
29629,2
29630,1
29631,2
29632,5
29633,1
29634,1
29635,1
29636,0
29637,4
29638,0
29639,7
29640,4
29641,5
29642,2
29643,1
29644,2
29645,1
29646,3
29647,0
29648,0
29649,2
29650,1
29651,3
29652,4
29653,2
29654,4
29655,1
29656,4
29657,5
29658,2
29659,2
29660,3
29661,0
29662,1
29663,1
29664,1
29665,5
29666,7
29667,3
29668,1
29669,2
29670,2
29671,2
29672,0
29673,0
29674,5
29675,1
29676,1
29677,1
29678,9
29679,5
29680,24
29681,0
29682,4
29683,0
29684,0
29685,0
29686,2
29687,0
29688,2
29689,1
29690,2
29691,0
29692,1
29693,4
29694,1
29695,1
29696,3
29697,2
29698,2
29699,1
29700,2
29701,1
29702,0
29703,5
29704,0
29705,0
29706,2
29707,1
29708,3
29709,4
29710,0
29711,4
29712,0
29713,1
29714,1
29715,0
29716,1
29717,2
29718,3
29719,3
29720,1
29721,1
29722,0
29723,4
29724,0
29725,4
29726,3
29727,5
29728,2
29729,2
29730,1
29731,4
29732,0
29733,0
29734,4
29735,4
29736,0
29737,1
29738,4
29739,4
29740,2
29741,1
29742,0
29743,7
29744,1
29745,2
29746,2
29747,2
29748,0
29749,0
29750,2
29751,0
29752,2
29753,2
29754,3
29755,3
29756,2
29757,0
29758,2
29759,0
29760,1
29761,0
29762,0
29763,2
29764,0
29765,5
29766,2
29767,2
29768,1
29769,0
29770,3
29771,1
29772,4
29773,1
29774,0
29775,5
29776,0
29777,0
29778,1
29779,3
29780,0
29781,2
29782,0
29783,2
29784,3
29785,5
29786,4
29787,3
29788,0
29789,1
29790,0
29791,0
29792,1
29793,2
29794,2
29795,4
29796,4
29797,0
29798,2
29799,3
29800,1
29801,4
29802,6
29803,5
29804,3
29805,3
29806,2
29807,4
29808,7
29809,4
29810,3
29811,3
29812,0
29813,7
29814,1
29815,1
29816,1
29817,2
29818,0
29819,0
29820,2
29821,4
29822,0
29823,1
29824,1
29825,1
29826,0
29827,1
29828,2
29829,3
29830,1
29831,3
29832,2
29833,1
29834,3
29835,1
29836,2
29837,1
29838,0
29839,2
29840,5
29841,3
29842,0
29843,1
29844,0
29845,1
29846,1
29847,3
29848,1
29849,3
29850,3
29851,1
29852,4
29853,2
29854,4
29855,4
29856,2
29857,2
29858,1
29859,2
29860,4
29861,3
29862,3
29863,0
29864,2
29865,2
29866,0
29867,8
29868,6
29869,8
29870,0
29871,1
29872,5
29873,2
29874,2
29875,2
29876,2
29877,2
29878,0
29879,1
29880,0
29881,4
29882,1
29883,1
29884,0
29885,2
29886,2
29887,1
29888,0
29889,2
29890,0
29891,0
29892,1
29893,2
29894,2
29895,0
29896,1
29897,1
29898,1
29899,4
29900,4
29901,2
29902,0
29903,0
29904,3
29905,0
29906,2
29907,2
29908,2
29909,2
29910,10
29911,0
29912,1
29913,1
29914,4
29915,2
29916,3
29917,3
29918,0
29919,3
29920,1
29921,1
29922,0
29923,1
29924,0
29925,2
29926,2
29927,10
29928,0
29929,1
29930,5
29931,0
29932,0
29933,0
29934,1
29935,1
29936,1
29937,0
29938,1
29939,1
29940,0
29941,1
29942,3
29943,1
29944,5
29945,1
29946,2
29947,1
29948,2
29949,3
29950,1
29951,1
29952,3
29953,0
29954,0
29955,3
29956,2
29957,7
29958,1
29959,3
29960,1
29961,2
29962,3
29963,4
29964,3
29965,1
29966,0
29967,1
29968,0
29969,0
29970,5
29971,1
29972,1
29973,1
29974,2
29975,1
29976,0
29977,1
29978,2
29979,10
29980,1
29981,0
29982,0
29983,2
29984,0
29985,2
29986,6
29987,3
29988,6
29989,2
29990,3
29991,3
29992,2
29993,2
29994,0
29995,0
29996,4
29997,1
29998,1
29999,9
30000,4
30001,2
30002,1
30003,2
30004,2
30005,1
30006,5
30007,0
30008,1
30009,2
30010,3
30011,2
30012,7
30013,2
30014,0
30015,0
30016,1
30017,0
30018,2
30019,0
30020,2
30021,1
30022,1
30023,2
30024,1
30025,0
30026,3
30027,1
30028,0
30029,2
30030,4
30031,1
30032,2
30033,1
30034,0
30035,3
30036,3
30037,1
30038,2
30039,2
30040,5
30041,0
30042,1
30043,2
30044,1
30045,1
30046,2
30047,1
30048,0
30049,0
30050,2
30051,2
30052,1
30053,5
30054,2
30055,2
30056,1
30057,3
30058,3
30059,1
30060,1
30061,1
30062,2
30063,3
30064,3
30065,0
30066,1
30067,11
30068,1
30069,4
30070,0
30071,0
30072,5
30073,0
30074,1
30075,0
30076,1
30077,4
30078,1
30079,1
30080,0
30081,0
30082,0
30083,1
30084,2
30085,1
30086,5
30087,1
30088,4
30089,0
30090,3
30091,1
30092,4
30093,1
30094,0
30095,2
30096,1
30097,0
30098,3
30099,1
30100,1
30101,6
30102,3
30103,1
30104,0
30105,1
30106,2
30107,1
30108,2
30109,3
30110,1
30111,3
30112,0
30113,0
30114,0
30115,2
30116,2
30117,1
30118,2
30119,1
30120,3
30121,7
30122,1
30123,3
30124,2
30125,3
30126,3
30127,1
30128,3
30129,0
30130,0
30131,0
30132,3
30133,1
30134,0
30135,0
30136,0
30137,1
30138,1
30139,0
30140,2
30141,2
30142,1
30143,3
30144,8
30145,0
30146,0
30147,1
30148,3
30149,1
30150,1
30151,1
30152,3
30153,0
30154,3
30155,1
30156,2
30157,2
30158,0
30159,1
30160,3
30161,2
30162,0
30163,1
30164,4
30165,1
30166,1
30167,3
30168,1
30169,2
30170,0
30171,2
30172,1
30173,1
30174,1
30175,0
30176,1
30177,0
30178,2
30179,1
30180,1
30181,0
30182,1
30183,0
30184,1
30185,1
30186,0
30187,3
30188,3
30189,3
30190,1
30191,1
30192,1
30193,0
30194,1
30195,1
30196,2
30197,2
30198,0
30199,4
30200,1
30201,2
30202,1
30203,2
30204,0
30205,0
30206,3
30207,2
30208,1
30209,2
30210,2
30211,7
30212,0
30213,0
30214,0
30215,2
30216,1
30217,1
30218,0
30219,1
30220,0
30221,1
30222,2
30223,0
30224,2
30225,1
30226,2
30227,1
30228,0
30229,1
30230,2
30231,0
30232,2
30233,1
30234,3
30235,1
30236,1
30237,2
30238,2
30239,0
30240,0
30241,0
30242,3
30243,0
30244,3
30245,0
30246,1
30247,0
30248,1
30249,1
30250,0
30251,1
30252,5
30253,1
30254,1
30255,2
30256,3
30257,1
30258,2
30259,1
30260,3
30261,1
30262,2
30263,0
30264,2
30265,4
30266,1
30267,3
30268,2
30269,3
30270,0
30271,0
30272,2
30273,2
30274,1
30275,2
30276,2
30277,0
30278,3
30279,0
30280,1
30281,1
30282,3
30283,0
30284,0
30285,1
30286,2
30287,1
30288,4
30289,2
30290,2
30291,4
30292,2
30293,3
30294,3
30295,1
30296,2
30297,2
30298,1
30299,3
30300,1
30301,1
30302,1
30303,0
30304,2
30305,5
30306,3
30307,0
30308,1
30309,0
30310,2
30311,2
30312,0
30313,0
30314,3
30315,1
30316,2
30317,2
30318,0
30319,1
30320,3
30321,1
30322,1
30323,2
30324,2
30325,0
30326,1
30327,3
30328,4
30329,2
30330,3
30331,2
30332,0
30333,2
30334,2
30335,1
30336,0
30337,1
30338,1
30339,1
30340,1
30341,3
30342,1
30343,0
30344,2
30345,0
30346,0
30347,2
30348,1
30349,2
30350,22
30351,0
30352,1
30353,2
30354,1
30355,0
30356,0
30357,0
30358,0
30359,2
30360,2
30361,2
30362,2
30363,0
30364,0
30365,1
30366,0
30367,1
30368,2
30369,3
30370,1
30371,2
30372,0
30373,1
30374,0
30375,0
30376,4
30377,0
30378,1
30379,4
30380,3
30381,0
30382,3
30383,0
30384,1
30385,0
30386,1
30387,0
30388,2
30389,2
30390,4
30391,0
30392,3
30393,2
30394,1
30395,2
30396,1
30397,2
30398,1
30399,3
30400,1
30401,0
30402,0
30403,5
30404,0
30405,1
30406,3
30407,4
30408,0
30409,2
30410,1
30411,3
30412,1
30413,0
30414,1
30415,2
30416,1
30417,2
30418,0
30419,3
30420,3
30421,2
30422,0
30423,2
30424,1
30425,4
30426,2
30427,0
30428,1
30429,2
30430,1
30431,0
30432,1
30433,0
30434,3
30435,1
30436,2
30437,0
30438,1
30439,0
30440,1
30441,1
30442,1
30443,3
30444,0
30445,0
30446,4
30447,2
30448,3
30449,0
30450,1
30451,3
30452,2
30453,2
30454,1
30455,0
30456,0
30457,0
30458,0
30459,0
30460,1
30461,1
30462,1
30463,0
30464,2
30465,2
30466,0
30467,1
30468,2
30469,1
30470,2
30471,2
30472,1
30473,2
30474,1
30475,2
30476,3
30477,2
30478,1
30479,2
30480,0
30481,1
30482,2
30483,2
30484,1
30485,0
30486,0
30487,2
30488,4
30489,3
30490,1
30491,0
30492,0
30493,0
30494,4
30495,1
30496,3
30497,2
30498,0
30499,1
30500,0
30501,2
30502,0
30503,1
30504,3
30505,2
30506,1
30507,1
30508,1
30509,3
30510,1
30511,1
30512,2
30513,2
30514,0
30515,3
30516,1
30517,0
30518,1
30519,9
30520,1
30521,5
30522,2
30523,3
30524,2
30525,1
30526,5
30527,0
30528,1
30529,1
30530,2
30531,0
30532,1
30533,4
30534,0
30535,0
30536,0
30537,1
30538,0
30539,0
30540,1
30541,0
30542,5
30543,0
30544,1
30545,4
30546,1
30547,1
30548,0
30549,5
30550,0
30551,1
30552,0
30553,0
30554,1
30555,0
30556,1
30557,1
30558,2
30559,0
30560,2
30561,0
30562,3
30563,0
30564,0
30565,2
30566,0
30567,1
30568,0
30569,0
30570,1
30571,0
30572,2
30573,2
30574,1
30575,0
30576,2
30577,1
30578,4
30579,3
30580,1
30581,2
30582,3
30583,0
30584,0
30585,2
30586,2
30587,3
30588,1
30589,3
30590,1
30591,1
30592,2
30593,2
30594,2
30595,1
30596,0
30597,4
30598,8
30599,0
30600,1
30601,0
30602,2
30603,1
30604,0
30605,1
30606,1
30607,2
30608,1
30609,2
30610,0
30611,2
30612,0
30613,0
30614,0
30615,0
30616,1
30617,1
30618,1
30619,2
30620,0
30621,0
30622,1
30623,3
30624,1
30625,1
30626,0
30627,1
30628,3
30629,3
30630,1
30631,0
30632,1
30633,0
30634,10
30635,1
30636,4
30637,1
30638,0
30639,0
30640,1
30641,1
30642,1
30643,3
30644,1
30645,1
30646,3
30647,2
30648,2
30649,0
30650,2
30651,1
30652,5
30653,1
30654,1
30655,1
30656,2
30657,1
30658,0
30659,0
30660,0
30661,3
30662,2
30663,2
30664,2
30665,2
30666,10
30667,0
30668,0
30669,3
30670,3
30671,0
30672,1
30673,0
30674,2
30675,1
30676,2
30677,4
30678,1
30679,5
30680,2
30681,1
30682,3
30683,1
30684,4
30685,1
30686,6
30687,3
30688,1
30689,1
30690,4
30691,2
30692,1
30693,0
30694,0
30695,3
30696,0
30697,2
30698,0
30699,1
30700,3
30701,0
30702,1
30703,0
30704,0
30705,1
30706,0
30707,2
30708,1
30709,3
30710,1
30711,1
30712,4
30713,0
30714,1
30715,1
30716,0
30717,2
30718,1
30719,1
30720,1
30721,3
30722,0
30723,1
30724,0
30725,3
30726,1
30727,2
30728,2
30729,1
30730,1
30731,8
30732,1
30733,3
30734,0
30735,1
30736,3
30737,0
30738,1
30739,2
30740,0
30741,1
30742,1
30743,2
30744,1
30745,2
30746,6
30747,1
30748,1
30749,2
30750,2
30751,0
30752,1
30753,1
30754,0
30755,2
30756,2
30757,3
30758,0
30759,0
30760,1
30761,1
30762,1
30763,1
30764,4
30765,0
30766,2
30767,3
30768,0
30769,0
30770,2
30771,2
30772,0
30773,4
30774,2
30775,4
30776,3
30777,2
30778,0
30779,0
30780,1
30781,1
30782,1
30783,0
30784,0
30785,1
30786,1
30787,2
30788,2
30789,0
30790,2
30791,2
30792,1
30793,2
30794,1
30795,1
30796,2
30797,1
30798,0
30799,2
30800,1
30801,3
30802,3
30803,3
30804,3
30805,3
30806,0
30807,3
30808,0
30809,1
30810,0
30811,1
30812,2
30813,0
30814,2
30815,18
30816,1
30817,7
30818,4
30819,0
30820,4
30821,4
30822,0
30823,1
30824,1
30825,0
30826,0
30827,1
30828,0
30829,3
30830,1
30831,1
30832,5
30833,1
30834,5
30835,2
30836,2
30837,0
30838,1
30839,3
30840,4
30841,0
30842,3
30843,1
30844,0
30845,7
30846,3
30847,5
30848,0
30849,1
30850,3
30851,1
30852,0
30853,4
30854,3
30855,1
30856,7
30857,3
30858,1
30859,2
30860,0
30861,3
30862,2
30863,4
30864,3
30865,1
30866,2
30867,0
30868,2
30869,2
30870,3
30871,12
30872,7
30873,1
30874,5
30875,0
30876,2
30877,0
30878,1
30879,0
30880,0
30881,0
30882,3
30883,2
30884,1
30885,1
30886,1
30887,3
30888,5
30889,3
30890,3
30891,4
30892,0
30893,5
30894,2
30895,2
30896,1
30897,2
30898,3
30899,0
30900,1
30901,1
30902,5
30903,4
30904,2
30905,2
30906,2
30907,0
30908,0
30909,3
30910,4
30911,2
30912,4
30913,2
30914,2
30915,2
30916,2
30917,0
30918,2
30919,0
30920,1
30921,1
30922,1
30923,2
30924,3
30925,5
30926,0
30927,3
30928,5
30929,3
30930,0
30931,0
30932,3
30933,1
30934,1
30935,0
30936,1
30937,0
30938,3
30939,0
30940,1
30941,3
30942,6
30943,1
30944,1
30945,2
30946,2
30947,1
30948,2
30949,2
30950,2
30951,1
30952,0
30953,3
30954,1
30955,6
30956,5
30957,2
30958,2
30959,0
30960,1
30961,1
30962,0
30963,3
30964,2
30965,3
30966,1
30967,1
30968,0
30969,5
30970,1
30971,0
30972,0
30973,1
30974,2
30975,1
30976,3
30977,0
30978,2
30979,3
30980,2
30981,0
30982,2
30983,2
30984,0
30985,1
30986,2
30987,9
30988,0
30989,1
30990,6
30991,6
30992,4
30993,5
30994,2
30995,0
30996,0
30997,2
30998,3
30999,1
31000,1
31001,3
31002,1
31003,0
31004,1
31005,3
31006,5
31007,2
31008,2
31009,9
31010,2
31011,1
31012,3
31013,1
31014,4
31015,3
31016,5
31017,5
31018,4
31019,2
31020,5
31021,1
31022,1
31023,1
31024,1
31025,0
31026,2
31027,2
31028,1
31029,1
31030,2
31031,1
31032,0
31033,1
31034,4
31035,3
31036,1
31037,3
31038,2
31039,0
31040,2
31041,2
31042,0
31043,0
31044,1
31045,0
31046,1
31047,0
31048,4
31049,6
31050,1
31051,2
31052,0
31053,0
31054,2
31055,1
31056,1
31057,0
31058,0
31059,1
31060,2
31061,3
31062,2
31063,0
31064,7
31065,1
31066,3
31067,3
31068,0
31069,2
31070,3
31071,0
31072,0
31073,1
31074,2
31075,1
31076,1
31077,1
31078,2
31079,1
31080,2
31081,3
31082,2
31083,2
31084,1
31085,0
31086,0
31087,2
31088,2
31089,1
31090,0
31091,2
31092,1
31093,1
31094,3
31095,1
31096,3
31097,1
31098,4
31099,4
31100,0
31101,3
31102,3
31103,0
31104,1
31105,0
31106,2
31107,2
31108,1
31109,2
31110,0
31111,0
31112,0
31113,0
31114,1
31115,0
31116,3
31117,3
31118,3
31119,0
31120,1
31121,0
31122,2
31123,0
31124,1
31125,0
31126,0
31127,2
31128,1
31129,3
31130,2
31131,1
31132,3
31133,0
31134,1
31135,0
31136,1
31137,0
31138,0
31139,0
31140,1
31141,0
31142,2
31143,4
31144,1
31145,1
31146,1
31147,1
31148,4
31149,3
31150,1
31151,2
31152,1
31153,1
31154,1
31155,1
31156,2
31157,0
31158,0
31159,1
31160,4
31161,1
31162,3
31163,1
31164,1
31165,9
31166,5
31167,3
31168,1
31169,3
31170,0
31171,1
31172,0
31173,2
31174,0
31175,1
31176,0
31177,1
31178,1
31179,5
31180,0
31181,1
31182,0
31183,1
31184,1
31185,1
31186,0
31187,1
31188,1
31189,1
31190,2
31191,2
31192,2
31193,1
31194,0
31195,2
31196,0
31197,0
31198,2
31199,1
31200,0
31201,3
31202,0
31203,0
31204,2
31205,1
31206,0
31207,2
31208,0
31209,1
31210,2
31211,1
31212,0
31213,0
31214,1
31215,2
31216,2
31217,3
31218,5
31219,2
31220,5
31221,2
31222,3
31223,0
31224,1
31225,3
31226,4
31227,3
31228,2
31229,0
31230,1
31231,2
31232,1
31233,0
31234,2
31235,0
31236,0
31237,0
31238,4
31239,0
31240,2
31241,3
31242,1
31243,1
31244,1
31245,1
31246,1
31247,1
31248,1
31249,1
31250,2
31251,3
31252,0
31253,3
31254,2
31255,0
31256,1
31257,0
31258,1
31259,6
31260,0
31261,1
31262,13
31263,4
31264,0
31265,3
31266,4
31267,0
31268,3
31269,6
31270,6
31271,2
31272,1
31273,1
31274,3
31275,0
31276,1
31277,0
31278,0
31279,3
31280,6
31281,1
31282,1
31283,1
31284,0
31285,1
31286,0
31287,2
31288,0
31289,0
31290,4
31291,2
31292,3
31293,2
31294,0
31295,1
31296,1
31297,1
31298,0
31299,0
31300,0
31301,3
31302,1
31303,1
31304,2
31305,0
31306,3
31307,2
31308,0
31309,1
31310,1
31311,0
31312,2
31313,1
31314,2
31315,1
31316,1
31317,1
31318,0
31319,2
31320,0
31321,0
31322,0
31323,2
31324,1
31325,3
31326,0
31327,1
31328,1
31329,2
31330,0
31331,1
31332,3
31333,0
31334,0
31335,3
31336,0
31337,2
31338,1
31339,2
31340,1
31341,1
31342,1
31343,1
31344,0
31345,2
31346,1
31347,0
31348,2
31349,1
31350,2
31351,0
31352,1
31353,1
31354,0
31355,2
31356,0
31357,1
31358,3
31359,1
31360,2
31361,1
31362,1
31363,0
31364,0
31365,1
31366,2
31367,0
31368,5
31369,1
31370,0
31371,3
31372,6
31373,3
31374,3
31375,1
31376,2
31377,0
31378,1
31379,1
31380,1
31381,3
31382,1
31383,0
31384,1
31385,0
31386,1
31387,1
31388,3
31389,0
31390,0
31391,2
31392,2
31393,3
31394,1
31395,3
31396,3
31397,0
31398,2
31399,0
31400,2
31401,1
31402,1
31403,1
31404,3
31405,3
31406,0
31407,0
31408,1
31409,2
31410,0
31411,1
31412,0
31413,1
31414,2
31415,0
31416,0
31417,0
31418,0
31419,1
31420,0
31421,0
31422,1
31423,0
31424,5
31425,2
31426,3
31427,2
31428,4
31429,2
31430,1
31431,1
31432,0
31433,1
31434,0
31435,1
31436,4
31437,1
31438,0
31439,1
31440,2
31441,2
31442,3
31443,1
31444,0
31445,1
31446,0
31447,0
31448,0
31449,1
31450,0
31451,2
31452,3
31453,0
31454,1
31455,0
31456,1
31457,1
31458,4
31459,1
31460,0
31461,0
31462,0
31463,0
31464,0
31465,1
31466,0
31467,3
31468,2
31469,7
31470,3
31471,1
31472,2
31473,1
31474,0
31475,0
31476,3
31477,0
31478,0
31479,0
31480,2
31481,1
31482,2
31483,2
31484,1
31485,4
31486,1
31487,0
31488,3
31489,4
31490,0
31491,3
31492,0
31493,5
31494,4
31495,7
31496,2
31497,5
31498,5
31499,7
31500,5
31501,10
31502,2
31503,0
31504,7
31505,3
31506,2
31507,2
31508,1
31509,6
31510,5
31511,2
31512,2
31513,0
31514,1
31515,3
31516,4
31517,0
31518,2
31519,2
31520,1
31521,0
31522,1
31523,1
31524,2
31525,1
31526,2
31527,0
31528,1
31529,2
31530,0
31531,3
31532,2
31533,10
31534,1
31535,3
31536,0
31537,4
31538,1
31539,4
31540,3
31541,3
31542,4
31543,0
31544,1
31545,1
31546,3
31547,6
31548,1
31549,2
31550,4
31551,0
31552,1
31553,2
31554,1
31555,1
31556,2
31557,3
31558,1
31559,2
31560,6
31561,1
31562,0
31563,0
31564,2
31565,1
31566,1
31567,2
31568,3
31569,1
31570,4
31571,1
31572,0
31573,0
31574,3
31575,0
31576,3
31577,5
31578,1
31579,6
31580,3
31581,0
31582,4
31583,1
31584,1
31585,0
31586,0
31587,0
31588,0
31589,6
31590,2
31591,0
31592,10
31593,2
31594,4
31595,20
31596,9
31597,2
31598,4
31599,3
31600,1
31601,0
31602,1
31603,3
31604,0
31605,3
31606,2
31607,1
31608,1
31609,2
31610,4
31611,2
31612,0
31613,1
31614,2
31615,5
31616,1
31617,0
31618,0
31619,2
31620,0
31621,0
31622,1
31623,0
31624,0
31625,0
31626,1
31627,3
31628,2
31629,1
31630,3
31631,1
31632,2
31633,2
31634,1
31635,0
31636,0
31637,1
31638,2
31639,1
31640,3
31641,0
31642,1
31643,4
31644,3
31645,6
31646,0
31647,1
31648,0
31649,1
31650,2
31651,2
31652,1
31653,1
31654,1
31655,3
31656,1
31657,0
31658,1
31659,5
31660,5
31661,2
31662,2
31663,0
31664,1
31665,0
31666,1
31667,0
31668,5
31669,1
31670,0
31671,1
31672,1
31673,3
31674,4
31675,2
31676,1
31677,0
31678,1
31679,1
31680,6
31681,3
31682,4
31683,6
31684,3
31685,1
31686,3
31687,3
31688,3
31689,0
31690,2
31691,1
31692,1
31693,0
31694,4
31695,2
31696,0
31697,1
31698,2
31699,2
31700,0
31701,4
31702,1
31703,3
31704,3
31705,2
31706,2
31707,0
31708,1
31709,0
31710,1
31711,0
31712,0
31713,2
31714,0
31715,2
31716,1
31717,2
31718,2
31719,2
31720,2
31721,1
31722,0
31723,2
31724,3
31725,3
31726,0
31727,2
31728,0
31729,0
31730,5
31731,2
31732,1
31733,2
31734,1
31735,1
31736,1
31737,0
31738,5
31739,0
31740,1
31741,0
31742,6
31743,2
31744,1
31745,1
31746,0
31747,0
31748,2
31749,2
31750,2
31751,4
31752,3
31753,3
31754,2
31755,2
31756,3
31757,2
31758,3
31759,1
31760,1
31761,1
31762,1
31763,4
31764,0
31765,3
31766,2
31767,1
31768,2
31769,2
31770,0
31771,1
31772,0
31773,1
31774,1
31775,0
31776,1
31777,1
31778,2
31779,3
31780,1
31781,0
31782,0
31783,3
31784,2
31785,1
31786,1
31787,0
31788,0
31789,1
31790,0
31791,2
31792,1
31793,2
31794,3
31795,0
31796,2
31797,6
31798,1
31799,3
31800,0
31801,1
31802,2
31803,0
31804,3
31805,0
31806,2
31807,0
31808,1
31809,2
31810,2
31811,1
31812,1
31813,3
31814,3
31815,2
31816,0
31817,4
31818,5
31819,5
31820,4
31821,3
31822,2
31823,5
31824,2
31825,3
31826,5
31827,3
31828,4
31829,5
31830,3
31831,1
31832,2
31833,4
31834,0
31835,8
31836,1
31837,2
31838,0
31839,2
31840,3
31841,2
31842,2
31843,0
31844,1
31845,1
31846,0
31847,1
31848,1
31849,2
31850,2
31851,2
31852,2
31853,0
31854,3
31855,0
31856,1
31857,4
31858,0
31859,2
31860,3
31861,1
31862,4
31863,3
31864,5
31865,0
31866,1
31867,0
31868,1
31869,0
31870,2
31871,0
31872,0
31873,1
31874,1
31875,2
31876,1
31877,1
31878,0
31879,1
31880,2
31881,0
31882,1
31883,1
31884,1
31885,1
31886,2
31887,2
31888,0
31889,0
31890,0
31891,0
31892,1
31893,3
31894,1
31895,0
31896,0
31897,1
31898,0
31899,1
31900,0
31901,0
31902,3
31903,2
31904,0
31905,0
31906,0
31907,1
31908,4
31909,2
31910,1
31911,1
31912,4
31913,5
31914,0
31915,2
31916,0
31917,2
31918,1
31919,2
31920,3
31921,1
31922,1
31923,1
31924,0
31925,0
31926,1
31927,3
31928,0
31929,1
31930,0
31931,2
31932,1
31933,1
31934,2
31935,2
31936,2
31937,0
31938,0
31939,0
31940,3
31941,0
31942,1
31943,3
31944,1
31945,1
31946,0
31947,1
31948,1
31949,3
31950,0
31951,5
31952,3
31953,2
31954,1
31955,0
31956,1
31957,0
31958,2
31959,1
31960,0
31961,1
31962,3
31963,1
31964,1
31965,0
31966,3
31967,1
31968,2
31969,1
31970,0
31971,0
31972,1
31973,3
31974,3
31975,2
31976,3
31977,2
31978,2
31979,0
31980,0
31981,1
31982,1
31983,1
31984,1
31985,0
31986,4
31987,2
31988,0
31989,0
31990,0
31991,3
31992,3
31993,2
31994,1
31995,5
31996,2
31997,2
31998,3
31999,1
32000,5
32001,8
32002,2
32003,1
32004,0
32005,0
32006,3
32007,0
32008,2
32009,2
32010,3
32011,3
32012,1
32013,1
32014,0
32015,2
32016,0
32017,3
32018,2
32019,12
32020,0
32021,1
32022,1
32023,1
32024,4
32025,7
32026,3
32027,0
32028,0
32029,1
32030,2
32031,1
32032,1
32033,1
32034,5
32035,0
32036,3
32037,2
32038,2
32039,3
32040,0
32041,2
32042,2
32043,1
32044,2
32045,1
32046,0
32047,0
32048,0
32049,0
32050,6
32051,1
32052,1
32053,0
32054,0
32055,1
32056,0
32057,2
32058,4
32059,1
32060,5
32061,2
32062,3
32063,1
32064,1
32065,0
32066,0
32067,3
32068,2
32069,4
32070,0
32071,3
32072,2
32073,1
32074,1
32075,1
32076,0
32077,2
32078,0
32079,1
32080,2
32081,1
32082,1
32083,1
32084,2
32085,0
32086,4
32087,5
32088,1
32089,3
32090,1
32091,0
32092,4
32093,2
32094,2
32095,2
32096,2
32097,1
32098,1
32099,2
32100,5
32101,4
32102,1
32103,0
32104,1
32105,1
32106,0
32107,3
32108,1
32109,1
32110,1
32111,9
32112,0
32113,2
32114,0
32115,4
32116,2
32117,4
32118,1
32119,3
32120,0
32121,1
32122,1
32123,2
32124,1
32125,0
32126,0
32127,2
32128,1
32129,0
32130,1
32131,2
32132,1
32133,1
32134,0
32135,0
32136,1
32137,1
32138,6
32139,1
32140,1
32141,1
32142,1
32143,1
32144,0
32145,1
32146,0
32147,2
32148,1
32149,0
32150,1
32151,2
32152,3
32153,5
32154,3
32155,2
32156,0
32157,1
32158,0
32159,1
32160,0
32161,0
32162,2
32163,2
32164,1
32165,4
32166,2
32167,1
32168,0
32169,2
32170,1
32171,5
32172,3
32173,2
32174,3
32175,2
32176,2
32177,0
32178,3
32179,1
32180,4
32181,2
32182,1
32183,1
32184,1
32185,3
32186,4
32187,3
32188,1
32189,0
32190,0
32191,1
32192,0
32193,0
32194,2
32195,1
32196,3
32197,2
32198,2
32199,4
32200,0
32201,2
32202,1
32203,2
32204,3
32205,0
32206,2
32207,0
32208,0
32209,3
32210,0
32211,3
32212,5
32213,0
32214,1
32215,0
32216,3
32217,1
32218,1
32219,0
32220,3
32221,0
32222,2
32223,2
32224,1
32225,3
32226,2
32227,0
32228,2
32229,0
32230,1
32231,1
32232,3
32233,0
32234,1
32235,2
32236,3
32237,1
32238,2
32239,2
32240,1
32241,1
32242,4
32243,1
32244,1
32245,4
32246,2
32247,5
32248,0
32249,7
32250,1
32251,1
32252,0
32253,0
32254,1
32255,1
32256,0
32257,0
32258,3
32259,4
32260,3
32261,2
32262,0
32263,2
32264,4
32265,2
32266,0
32267,0
32268,4
32269,2
32270,1
32271,0
32272,0
32273,1
32274,2
32275,2
32276,3
32277,9
32278,6
32279,2
32280,3
32281,0
32282,0
32283,2
32284,0
32285,2
32286,1
32287,1
32288,3
32289,1
32290,2
32291,3
32292,4
32293,3
32294,2
32295,2
32296,5
32297,5
32298,3
32299,1
32300,0
32301,1
32302,5
32303,4
32304,5
32305,1
32306,1
32307,2
32308,2
32309,0
32310,7
32311,2
32312,0
32313,3
32314,0
32315,2
32316,3
32317,3
32318,2
32319,0
32320,0
32321,1
32322,0
32323,3
32324,2
32325,2
32326,1
32327,0
32328,2
32329,0
32330,1
32331,1
32332,1
32333,1
32334,1
32335,4
32336,1
32337,1
32338,5
32339,3
32340,0
32341,2
32342,5
32343,1
32344,0
32345,3
32346,2
32347,4
32348,2
32349,3
32350,2
32351,0
32352,2
32353,1
32354,5
32355,1
32356,1
32357,13
32358,8
32359,2
32360,2
32361,0
32362,1
32363,5
32364,0
32365,2
32366,1
32367,3
32368,0
32369,1
32370,1
32371,2
32372,2
32373,0
32374,3
32375,1
32376,0
32377,0
32378,3
32379,2
32380,1
32381,1
32382,1
32383,2
32384,0
32385,3
32386,7
32387,1
32388,4
32389,4
32390,1
32391,2
32392,3
32393,4
32394,2
32395,1
32396,1
32397,0
32398,2
32399,1
32400,3
32401,2
32402,0
32403,2
32404,1
32405,1
32406,6
32407,0
32408,2
32409,2
32410,1
32411,1
32412,3
32413,1
32414,1
32415,2
32416,4
32417,2
32418,2
32419,0
32420,2
32421,0
32422,3
32423,1
32424,5
32425,2
32426,2
32427,2
32428,2
32429,2
32430,1
32431,2
32432,2
32433,3
32434,4
32435,1
32436,2
32437,4
32438,0
32439,1
32440,2
32441,1
32442,2
32443,2
32444,0
32445,1
32446,2
32447,4
32448,1
32449,0
32450,1
32451,2
32452,2
32453,3
32454,1
32455,0
32456,1
32457,1
32458,0
32459,2
32460,3
32461,3
32462,1
32463,0
32464,1
32465,0
32466,3
32467,3
32468,0
32469,0
32470,0
32471,3
32472,2
32473,1
32474,1
32475,0
32476,0
32477,2
32478,1
32479,0
32480,1
32481,2
32482,2
32483,1
32484,1
32485,0
32486,1
32487,1
32488,1
32489,1
32490,2
32491,0
32492,2
32493,0
32494,0
32495,3
32496,4
32497,1
32498,3
32499,0
32500,1
32501,0
32502,4
32503,2
32504,1
32505,2
32506,1
32507,2
32508,1
32509,2
32510,5
32511,0
32512,3
32513,3
32514,0
32515,0
32516,1
32517,2
32518,4
32519,4
32520,2
32521,2
32522,1
32523,1
32524,5
32525,0
32526,1
32527,0
32528,1
32529,2
32530,0
32531,3
32532,0
32533,0
32534,0
32535,6
32536,4
32537,7
32538,4
32539,1
32540,4
32541,2
32542,7
32543,6
32544,1
32545,4
32546,4
32547,9
32548,4
32549,0
32550,1
32551,2
32552,0
32553,1
32554,2
32555,0
32556,5
32557,1
32558,5
32559,2
32560,2
32561,5
32562,1
32563,3
32564,0
32565,6
32566,6
32567,2
32568,0
32569,0
32570,1
32571,1
32572,2
32573,2
32574,2
32575,2
32576,2
32577,1
32578,1
32579,4
32580,0
32581,1
32582,1
32583,2
32584,0
32585,2
32586,2
32587,1
32588,6
32589,4
32590,1
32591,1
32592,1
32593,0
32594,2
32595,0
32596,1
32597,0
32598,2
32599,1
32600,3
32601,2
32602,5
32603,2
32604,0
32605,3
32606,3
32607,2
32608,1
32609,3
32610,2
32611,3
32612,1
32613,3
32614,1
32615,1
32616,2
32617,1
32618,0
32619,1
32620,5
32621,2
32622,1
32623,0
32624,1
32625,1
32626,1
32627,1
32628,2
32629,3
32630,2
32631,4
32632,3
32633,2
32634,2
32635,4
32636,2
32637,0
32638,1
32639,0
32640,0
32641,1
32642,3
32643,0
32644,2
32645,2
32646,1
32647,3
32648,0
32649,2
32650,2
32651,2
32652,0
32653,1
32654,1
32655,1
32656,1
32657,4
32658,1
32659,1
32660,1
32661,1
32662,4
32663,2
32664,3
32665,5
32666,0
32667,2
32668,2
32669,0
32670,5
32671,2
32672,6
32673,1
32674,2
32675,1
32676,0
32677,1
32678,0
32679,1
32680,0
32681,1
32682,5
32683,0
32684,1
32685,0
32686,1
32687,0
32688,0
32689,3
32690,2
32691,1
32692,1
32693,1
32694,1
32695,0
32696,2
32697,2
32698,6
32699,1
32700,2
32701,0
32702,3
32703,0
32704,1
32705,0
32706,0
32707,1
32708,0
32709,2
32710,1
32711,1
32712,3
32713,1
32714,4
32715,0
32716,0
32717,0
32718,3
32719,2
32720,4
32721,1
32722,4
32723,3
32724,0
32725,2
32726,2
32727,2
32728,5
32729,1
32730,2
32731,4
32732,5
32733,3
32734,6
32735,3
32736,0
32737,1
32738,1
32739,1
32740,1
32741,2
32742,0
32743,2
32744,2
32745,1
32746,2
32747,1
32748,0
32749,3
32750,1
32751,1
32752,2
32753,1
32754,0
32755,0
32756,0
32757,0
32758,2
32759,3
32760,0
32761,1
32762,0
32763,5
32764,6
32765,2
32766,2
32767,1
32768,0
32769,2
32770,2
32771,3
32772,1
32773,0
32774,1
32775,4
32776,1
32777,1
32778,2
32779,2
32780,0
32781,3
32782,1
32783,1
32784,5
32785,0
32786,1
32787,1
32788,1
32789,1
32790,1
32791,2
32792,2
32793,8
32794,3
32795,0
32796,0
32797,0
32798,9
32799,1
32800,0
32801,0
32802,1
32803,1
32804,0
32805,0
32806,2
32807,2
32808,1
32809,2
32810,0
32811,1
32812,0
32813,0
32814,1
32815,1
32816,1
32817,1
32818,1
32819,1
32820,1
32821,2
32822,4
32823,5
32824,2
32825,3
32826,6
32827,1
32828,1
32829,1
32830,1
32831,0
32832,3
32833,0
32834,1
32835,0
32836,2
32837,1
32838,1
32839,1
32840,0
32841,0
32842,0
32843,1
32844,0
32845,2
32846,1
32847,0
32848,1
32849,3
32850,2
32851,0
32852,2
32853,0
32854,0
32855,1
32856,2
32857,1
32858,2
32859,2
32860,1
32861,0
32862,1
32863,1
32864,1
32865,3
32866,3
32867,0
32868,0
32869,2
32870,0
32871,1
32872,0
32873,0
32874,1
32875,4
32876,0
32877,2
32878,1
32879,3
32880,0
32881,0
32882,0
32883,0
32884,0
32885,1
32886,4
32887,1
32888,1
32889,0
32890,1
32891,4
32892,1
32893,2
32894,1
32895,1
32896,2
32897,5
32898,1
32899,2
32900,11
32901,2
32902,3
32903,2
32904,0
32905,0
32906,4
32907,3
32908,1
32909,3
32910,3
32911,2
32912,2
32913,3
32914,1
32915,3
32916,0
32917,2
32918,11
32919,6
32920,0
32921,0
32922,2
32923,3
32924,2
32925,1
32926,0
32927,0
32928,1
32929,1
32930,0
32931,4
32932,3
32933,1
32934,1
32935,1
32936,0
32937,2
32938,0
32939,1
32940,0
32941,2
32942,3
32943,2
32944,0
32945,0
32946,0
32947,1
32948,0
32949,4
32950,1
32951,1
32952,1
32953,2
32954,1
32955,1
32956,1
32957,0
32958,4
32959,0
32960,0
32961,2
32962,1
32963,1
32964,0
32965,1
32966,1
32967,1
32968,0
32969,0
32970,0
32971,1
32972,1
32973,1
32974,0
32975,0
32976,1
32977,1
32978,0
32979,4
32980,2
32981,2
32982,0
32983,1
32984,1
32985,0
32986,3
32987,0
32988,0
32989,1
32990,0
32991,0
32992,2
32993,1
32994,3
32995,0
32996,2
32997,0
32998,2
32999,1
33000,2
33001,1
33002,1
33003,0
33004,1
33005,1
33006,0
33007,0
33008,0
33009,1
33010,0
33011,1
33012,2
33013,4
33014,0
33015,1
33016,1
33017,1
33018,2
33019,0
33020,1
33021,3
33022,4
33023,2
33024,3
33025,1
33026,3
33027,1
33028,0
33029,2
33030,0
33031,0
33032,0
33033,0
33034,2
33035,3
33036,0
33037,0
33038,0
33039,2
33040,3
33041,1
33042,4
33043,0
33044,0
33045,2
33046,1
33047,2
33048,1
33049,1
33050,2
33051,7
33052,3
33053,0
33054,2
33055,0
33056,6
33057,0
33058,1
33059,3
33060,3
33061,1
33062,4
33063,2
33064,1
33065,1
33066,4
33067,0
33068,2
33069,2
33070,1
33071,3
33072,3
33073,4
33074,2
33075,3
33076,3
33077,0
33078,1
33079,2
33080,2
33081,0
33082,3
33083,0
33084,1
33085,0
33086,1
33087,2
33088,1
33089,1
33090,0
33091,2
33092,0
33093,0
33094,2
33095,3
33096,2
33097,0
33098,4
33099,0
33100,4
33101,1
33102,0
33103,3
33104,3
33105,1
33106,0
33107,0
33108,0
33109,2
33110,4
33111,3
33112,0
33113,2
33114,4
33115,3
33116,0
33117,1
33118,0
33119,3
33120,2
33121,1
33122,1
33123,1
33124,1
33125,2
33126,2
33127,0
33128,3
33129,0
33130,0
33131,1
33132,1
33133,4
33134,0
33135,5
33136,0
33137,3
33138,0
33139,2
33140,1
33141,0
33142,4
33143,0
33144,1
33145,3
33146,2
33147,1
33148,1
33149,0
33150,2
33151,1
33152,2
33153,2
33154,1
33155,0
33156,1
33157,1
33158,0
33159,1
33160,2
33161,1
33162,1
33163,2
33164,1
33165,1
33166,1
33167,0
33168,0
33169,3
33170,4
33171,2
33172,2
33173,5
33174,2
33175,12
33176,0
33177,2
33178,2
33179,1
33180,2
33181,0
33182,1
33183,1
33184,0
33185,3
33186,0
33187,4
33188,0
33189,1
33190,1
33191,2
33192,1
33193,1
33194,2
33195,2
33196,1
33197,3
33198,2
33199,1
33200,1
33201,1
33202,0
33203,0
33204,0
33205,0
33206,0
33207,0
33208,0
33209,3
33210,4
33211,4
33212,2
33213,1
33214,1
33215,5
33216,4
33217,2
33218,3
33219,2
33220,2
33221,1
33222,1
33223,0
33224,2
33225,0
33226,0
33227,1
33228,4
33229,0
33230,1
33231,1
33232,1
33233,0
33234,0
33235,0
33236,2
33237,0
33238,2
33239,1
33240,1
33241,3
33242,0
33243,3
33244,4
33245,0
33246,3
33247,2
33248,1
33249,0
33250,3
33251,4
33252,0
33253,1
33254,1
33255,2
33256,0
33257,0
33258,2
33259,3
33260,1
33261,1
33262,1
33263,4
33264,3
33265,5
33266,0
33267,3
33268,6
33269,2
33270,1
33271,1
33272,1
33273,1
33274,1
33275,3
33276,3
33277,2
33278,2
33279,2
33280,2
33281,0
33282,2
33283,0
33284,2
33285,2
33286,3
33287,2
33288,2
33289,1
33290,5
33291,1
33292,0
33293,2
33294,1
33295,0
33296,0
33297,6
33298,3
33299,1
33300,0
33301,1
33302,2
33303,0
33304,2
33305,0
33306,1
33307,0
33308,1
33309,0
33310,0
33311,0
33312,0
33313,1
33314,3
33315,2
33316,3
33317,2
33318,0
33319,0
33320,4
33321,2
33322,2
33323,2
33324,0
33325,3
33326,1
33327,1
33328,0
33329,0
33330,1
33331,1
33332,2
33333,1
33334,2
33335,1
33336,1
33337,0
33338,1
33339,0
33340,0
33341,1
33342,1
33343,0
33344,1
33345,4
33346,0
33347,0
33348,1
33349,2
33350,1
33351,0
33352,1
33353,0
33354,1
33355,2
33356,0
33357,1
33358,3
33359,1
33360,3
33361,0
33362,0
33363,4
33364,3
33365,3
33366,1
33367,1
33368,2
33369,0
33370,3
33371,0
33372,0
33373,2
33374,2
33375,2
33376,1
33377,1
33378,1
33379,0
33380,2
33381,1
33382,3
33383,2
33384,2
33385,0
33386,2
33387,1
33388,0
33389,4
33390,1
33391,2
33392,0
33393,2
33394,0
33395,1
33396,1
33397,1
33398,6
33399,0
33400,1
33401,2
33402,1
33403,0
33404,1
33405,1
33406,1
33407,1
33408,0
33409,0
33410,0
33411,2
33412,0
33413,1
33414,0
33415,0
33416,2
33417,1
33418,1
33419,0
33420,0
33421,1
33422,1
33423,1
33424,2
33425,1
33426,4
33427,1
33428,1
33429,0
33430,1
33431,1
33432,0
33433,2
33434,0
33435,1
33436,1
33437,1
33438,2
33439,1
33440,1
33441,0
33442,1
33443,2
33444,2
33445,0
33446,2
33447,0
33448,5
33449,2
33450,2
33451,3
33452,0
33453,4
33454,1
33455,2
33456,0
33457,2
33458,7
33459,2
33460,5
33461,2
33462,2
33463,2
33464,6
33465,1
33466,0
33467,0
33468,0
33469,2
33470,3
33471,3
33472,0
33473,1
33474,0
33475,1
33476,3
33477,1
33478,3
33479,1
33480,0
33481,0
33482,0
33483,0
33484,1
33485,0
33486,1
33487,0
33488,2
33489,0
33490,0
33491,0
33492,1
33493,0
33494,0
33495,0
33496,1
33497,0
33498,0
33499,2
33500,1
33501,0
33502,3
33503,1
33504,2
33505,1
33506,1
33507,4
33508,0
33509,2
33510,2
33511,1
33512,6
33513,4
33514,2
33515,1
33516,0
33517,3
33518,0
33519,3
33520,3
33521,2
33522,1
33523,1
33524,5
33525,2
33526,0
33527,1
33528,1
33529,1
33530,0
33531,0
33532,0
33533,4
33534,0
33535,2
33536,5
33537,2
33538,2
33539,2
33540,2
33541,1
33542,1
33543,0
33544,5
33545,0
33546,2
33547,0
33548,2
33549,0
33550,2
33551,0
33552,0
33553,3
33554,0
33555,4
33556,0
33557,0
33558,6
33559,1
33560,1
33561,0
33562,2
33563,2
33564,1
33565,2
33566,2
33567,1
33568,1
33569,0
33570,0
33571,1
33572,0
33573,2
33574,2
33575,2
33576,5
33577,1
33578,2
33579,2
33580,2
33581,1
33582,2
33583,0
33584,2
33585,0
33586,0
33587,1
33588,0
33589,1
33590,0
33591,1
33592,2
33593,1
33594,1
33595,5
33596,2
33597,0
33598,0
33599,1
33600,2
33601,2
33602,1
33603,1
33604,2
33605,1
33606,1
33607,0
33608,2
33609,2
33610,3
33611,0
33612,0
33613,3
33614,0
33615,1
33616,1
33617,1
33618,1
33619,1
33620,0
33621,0
33622,0
33623,0
33624,3
33625,0
33626,2
33627,1
33628,0
33629,1
33630,1
33631,5
33632,0
33633,4
33634,3
33635,1
33636,4
33637,1
33638,1
33639,0
33640,1
33641,5
33642,6
33643,0
33644,3
33645,1
33646,1
33647,1
33648,0
33649,1
33650,1
33651,3
33652,1
33653,1
33654,0
33655,2
33656,0
33657,1
33658,2
33659,0
33660,2
33661,1
33662,1
33663,1
33664,0
33665,1
33666,7
33667,2
33668,0
33669,2
33670,1
33671,0
33672,0
33673,5
33674,0
33675,0
33676,1
33677,0
33678,1
33679,1
33680,2
33681,2
33682,4
33683,0
33684,0
33685,1
33686,1
33687,1
33688,0
33689,0
33690,5
33691,2
33692,1
33693,0
33694,2
33695,4
33696,3
33697,3
33698,1
33699,1
33700,0
33701,1
33702,0
33703,0
33704,0
33705,0
33706,2
33707,3
33708,2
33709,1
33710,0
33711,1
33712,3
33713,1
33714,0
33715,4
33716,0
33717,7
33718,2
33719,0
33720,2
33721,3
33722,1
33723,0
33724,1
33725,4
33726,0
33727,0
33728,2
33729,2
33730,2
33731,0
33732,1
33733,2
33734,1
33735,3
33736,2
33737,0
33738,5
33739,2
33740,1
33741,1
33742,1
33743,1
33744,0
33745,1
33746,4
33747,4
33748,1
33749,7
33750,0
33751,0
33752,5
33753,0
33754,3
33755,3
33756,3
33757,3
33758,1
33759,1
33760,2
33761,3
33762,2
33763,1
33764,3
33765,0
33766,4
33767,0
33768,2
33769,0
33770,3
33771,5
33772,0
33773,2
33774,0
33775,5
33776,0
33777,1
33778,0
33779,1
33780,0
33781,3
33782,4
33783,1
33784,5
33785,3
33786,1
33787,1
33788,0
33789,2
33790,1
33791,2
33792,2
33793,2
33794,0
33795,1
33796,1
33797,0
33798,0
33799,2
33800,0
33801,3
33802,4
33803,6
33804,2
33805,2
33806,0
33807,2
33808,0
33809,2
33810,3
33811,1
33812,0
33813,1
33814,4
33815,5
33816,4
33817,2
33818,0
33819,0
33820,0
33821,1
33822,1
33823,0
33824,4
33825,3
33826,0
33827,4
33828,0
33829,0
33830,0
33831,1
33832,3
33833,1
33834,1
33835,3
33836,0
33837,1
33838,3
33839,1
33840,0
33841,1
33842,4
33843,3
33844,1
33845,1
33846,1
33847,0
33848,2
33849,3
33850,1
33851,1
33852,2
33853,0
33854,2
33855,1
33856,2
33857,11
33858,1
33859,0
33860,1
33861,1
33862,4
33863,1
33864,1
33865,1
33866,2
33867,0
33868,2
33869,1
33870,2
33871,3
33872,2
33873,3
33874,1
33875,1
33876,2
33877,0
33878,1
33879,3
33880,3
33881,1
33882,1
33883,2
33884,3
33885,0
33886,1
33887,2
33888,1
33889,2
33890,4
33891,0
33892,6
33893,0
33894,2
33895,1
33896,1
33897,1
33898,1
33899,2
33900,2
33901,2
33902,2
33903,0
33904,2
33905,1
33906,0
33907,2
33908,2
33909,3
33910,1
33911,3
33912,1
33913,1
33914,0
33915,0
33916,3
33917,0
33918,1
33919,2
33920,1
33921,0
33922,2
33923,0
33924,3
33925,4
33926,0
33927,0
33928,1
33929,0
33930,1
33931,2
33932,1
33933,1
33934,2
33935,0
33936,0
33937,5
33938,1
33939,2
33940,0
33941,2
33942,1
33943,0
33944,1
33945,3
33946,3
33947,0
33948,0
33949,1
33950,4
33951,2
33952,0
33953,0
33954,3
33955,1
33956,0
33957,0
33958,1
33959,1
33960,0
33961,2
33962,2
33963,1
33964,0
33965,2
33966,2
33967,0
33968,0
33969,1
33970,0
33971,0
33972,1
33973,0
33974,5
33975,2
33976,0
33977,4
33978,1
33979,3
33980,2
33981,0
33982,0
33983,1
33984,6
33985,2
33986,2
33987,1
33988,1
33989,0
33990,1
33991,1
33992,0
33993,0
33994,0
33995,2
33996,1
33997,1
33998,3
33999,1
34000,3
34001,1
34002,2
34003,17
34004,0
34005,1
34006,3
34007,2
34008,6
34009,2
34010,3
34011,5
34012,1
34013,0
34014,0
34015,2
34016,3
34017,1
34018,1
34019,2
34020,1
34021,1
34022,1
34023,1
34024,1
34025,3
34026,0
34027,1
34028,0
34029,0
34030,1
34031,0
34032,3
34033,1
34034,2
34035,0
34036,3
34037,1
34038,1
34039,2
34040,0
34041,1
34042,2
34043,0
34044,0
34045,2
34046,0
34047,1
34048,1
34049,1
34050,1
34051,1
34052,2
34053,4
34054,2
34055,0
34056,1
34057,0
34058,0
34059,3
34060,0
34061,2
34062,3
34063,0
34064,2
34065,0
34066,1
34067,0
34068,1
34069,1
34070,3
34071,1
34072,0
34073,1
34074,1
34075,1
34076,0
34077,4
34078,5
34079,4
34080,1
34081,3
34082,1
34083,2
34084,1
34085,0
34086,2
34087,1
34088,1
34089,2
34090,0
34091,1
34092,2
34093,1
34094,1
34095,3
34096,0
34097,2
34098,2
34099,1
34100,0
34101,3
34102,0
34103,1
34104,0
34105,1
34106,0
34107,1
34108,1
34109,0
34110,0
34111,2
34112,1
34113,1
34114,1
34115,0
34116,2
34117,2
34118,1
34119,1
34120,3
34121,2
34122,1
34123,2
34124,1
34125,0
34126,0
34127,1
34128,1
34129,0
34130,0
34131,0
34132,2
34133,0
34134,2
34135,1
34136,1
34137,2
34138,1
34139,2
34140,1
34141,4
34142,1
34143,2
34144,2
34145,1
34146,1
34147,0
34148,1
34149,4
34150,1
34151,3
34152,3
34153,3
34154,7
34155,5
34156,3
34157,2
34158,0
34159,5
34160,2
34161,2
34162,2
34163,3
34164,0
34165,1
34166,2
34167,2
34168,5
34169,3
34170,0
34171,2
34172,2
34173,4
34174,1
34175,2
34176,0
34177,1
34178,0
34179,0
34180,0
34181,0
34182,1
34183,2
34184,2
34185,0
34186,1
34187,0
34188,3
34189,0
34190,0
34191,0
34192,2
34193,2
34194,0
34195,2
34196,1
34197,0
34198,2
34199,0
34200,2
34201,1
34202,1
34203,1
34204,1
34205,1
34206,2
34207,1
34208,3
34209,1
34210,0
34211,1
34212,1
34213,2
34214,2
34215,0
34216,1
34217,0
34218,0
34219,2
34220,3
34221,2
34222,0
34223,1
34224,4
34225,0
34226,3
34227,2
34228,1
34229,1
34230,0
34231,1
34232,1
34233,2
34234,6
34235,2
34236,0
34237,1
34238,5
34239,1
34240,8
34241,4
34242,4
34243,3
34244,2
34245,2
34246,0
34247,0
34248,1
34249,5
34250,2
34251,2
34252,0
34253,1
34254,2
34255,1
34256,2
34257,2
34258,3
34259,3
34260,1
34261,0
34262,0
34263,1
34264,1
34265,0
34266,1
34267,2
34268,0
34269,1
34270,1
34271,0
34272,0
34273,3
34274,0
34275,1
34276,4
34277,1
34278,3
34279,0
34280,65
34281,4
34282,6
34283,1
34284,0
34285,0
34286,2
34287,0
34288,1
34289,1
34290,1
34291,0
34292,1
34293,1
34294,2
34295,1
34296,6
34297,1
34298,1
34299,2
34300,0
34301,2
34302,1
34303,3
34304,0
34305,1
34306,0
34307,4
34308,0
34309,2
34310,1
34311,5
34312,1
34313,3
34314,0
34315,2
34316,0
34317,0
34318,0
34319,4
34320,5
34321,1
34322,2
34323,1
34324,1
34325,3
34326,3
34327,4
34328,7
34329,2
34330,3
34331,2
34332,4
34333,2
34334,0
34335,2
34336,1
34337,0
34338,1
34339,1
34340,2
34341,1
34342,0
34343,2
34344,1
34345,3
34346,0
34347,0
34348,0
34349,3
34350,3
34351,2
34352,4
34353,3
34354,1
34355,0
34356,0
34357,1
34358,1
34359,0
34360,1
34361,4
34362,3
34363,2
34364,3
34365,1
34366,3
34367,1
34368,2
34369,1
34370,0
34371,0
34372,0
34373,3
34374,3
34375,1
34376,4
34377,3
34378,10
34379,0
34380,3
34381,1
34382,0
34383,1
34384,5
34385,3
34386,0
34387,1
34388,2
34389,1
34390,2
34391,2
34392,1
34393,0
34394,1
34395,1
34396,0
34397,0
34398,1
34399,4
34400,2
34401,2
34402,0
34403,0
34404,1
34405,2
34406,1
34407,2
34408,0
34409,2
34410,0
34411,2
34412,1
34413,2
34414,0
34415,0
34416,1
34417,2
34418,1
34419,1
34420,3
34421,1
34422,0
34423,2
34424,1
34425,0
34426,2
34427,1
34428,3
34429,2
34430,0
34431,1
34432,1
34433,2
34434,2
34435,2
34436,1
34437,0
34438,2
34439,3
34440,4
34441,2
34442,0
34443,0
34444,2
34445,1
34446,1
34447,3
34448,1
34449,2
34450,2
34451,1
34452,0
34453,0
34454,0
34455,3
34456,1
34457,0
34458,1
34459,3
34460,1
34461,19
34462,2
34463,2
34464,4
34465,2
34466,1
34467,2
34468,0
34469,0
34470,0
34471,2
34472,3
34473,3
34474,1
34475,1
34476,3
34477,0
34478,9
34479,2
34480,1
34481,3
34482,2
34483,0
34484,9
34485,0
34486,4
34487,0
34488,0
34489,4
34490,1
34491,1
34492,2
34493,2
34494,2
34495,1
34496,3
34497,3
34498,1
34499,1
34500,1
34501,1
34502,0
34503,2
34504,1
34505,2
34506,1
34507,1
34508,4
34509,2
34510,2
34511,3
34512,2
34513,2
34514,4
34515,3
34516,3
34517,0
34518,1
34519,1
34520,2
34521,0
34522,2
34523,2
34524,1
34525,3
34526,1
34527,3
34528,2
34529,2
34530,3
34531,3
34532,1
34533,0
34534,2
34535,1
34536,3
34537,0
34538,1
34539,1
34540,3
34541,1
34542,0
34543,2
34544,4
34545,3
34546,0
34547,0
34548,5
34549,2
34550,11
34551,2
34552,4
34553,1
34554,4
34555,2
34556,3
34557,0
34558,1
34559,0
34560,3
34561,0
34562,3
34563,4
34564,0
34565,2
34566,0
34567,6
34568,0
34569,2
34570,1
34571,1
34572,0
34573,2
34574,0
34575,1
34576,2
34577,0
34578,1
34579,6
34580,1
34581,1
34582,1
34583,1
34584,1
34585,0
34586,0
34587,3
34588,0
34589,1
34590,1
34591,2
34592,1
34593,0
34594,1
34595,2
34596,0
34597,2
34598,2
34599,3
34600,1
34601,0
34602,4
34603,3
34604,0
34605,0
34606,0
34607,0
34608,2
34609,1
34610,0
34611,1
34612,1
34613,0
34614,1
34615,1
34616,1
34617,1
34618,1
34619,0
34620,3
34621,1
34622,2
34623,0
34624,0
34625,1
34626,0
34627,1
34628,1
34629,2
34630,3
34631,2
34632,1
34633,2
34634,3
34635,1
34636,1
34637,1
34638,1
34639,2
34640,1
34641,2
34642,2
34643,3
34644,1
34645,0
34646,1
34647,0
34648,1
34649,1
34650,0
34651,0
34652,2
34653,1
34654,0
34655,0
34656,0
34657,2
34658,0
34659,1
34660,3
34661,1
34662,3
34663,0
34664,1
34665,0
34666,1
34667,5
34668,3
34669,0
34670,0
34671,1
34672,1
34673,1
34674,0
34675,3
34676,1
34677,0
34678,0
34679,1
34680,0
34681,2
34682,1
34683,2
34684,1
34685,2
34686,1
34687,1
34688,1
34689,0
34690,0
34691,2
34692,0
34693,0
34694,1
34695,2
34696,2
34697,4
34698,3
34699,5
34700,1
34701,2
34702,1
34703,3
34704,1
34705,0
34706,2
34707,1
34708,5
34709,2
34710,1
34711,1
34712,0
34713,0
34714,0
34715,1
34716,1
34717,2
34718,2
34719,0
34720,1
34721,2
34722,2
34723,2
34724,2
34725,0
34726,1
34727,1
34728,0
34729,1
34730,0
34731,2
34732,2
34733,0
34734,2
34735,2
34736,1
34737,1
34738,3
34739,0
34740,0
34741,0
34742,1
34743,1
34744,1
34745,0
34746,2
34747,1
34748,1
34749,0
34750,3
34751,1
34752,0
34753,1
34754,0
34755,3
34756,2
34757,1
34758,1
34759,3
34760,13
34761,4
34762,4
34763,2
34764,1
34765,1
34766,2
34767,0
34768,1
34769,0
34770,1
34771,1
34772,0
34773,3
34774,0
34775,0
34776,2
34777,0
34778,0
34779,1
34780,1
34781,1
34782,2
34783,4
34784,1
34785,3
34786,0
34787,3
34788,2
34789,2
34790,1
34791,3
34792,1
34793,0
34794,0
34795,0
34796,1
34797,1
34798,1
34799,0
34800,1
34801,1
34802,2
34803,3
34804,3
34805,2
34806,0
34807,3
34808,2
34809,2
34810,2
34811,1
34812,1
34813,0
34814,1
34815,1
34816,3
34817,1
34818,0
34819,5
34820,0
34821,4
34822,2
34823,1
34824,0
34825,1
34826,0
34827,0
34828,1
34829,0
34830,1
34831,1
34832,2
34833,2
34834,0
34835,3
34836,1
34837,1
34838,0
34839,0
34840,5
34841,1
34842,2
34843,1
34844,1
34845,0
34846,4
34847,2
34848,3
34849,1
34850,0
34851,1
34852,1
34853,0
34854,0
34855,0
34856,5
34857,0
34858,0
34859,1
34860,2
34861,0
34862,1
34863,8
34864,1
34865,1
34866,2
34867,3
34868,0
34869,1
34870,1
34871,2
34872,1
34873,3
34874,3
34875,0
34876,2
34877,0
34878,1
34879,4
34880,1
34881,0
34882,1
34883,0
34884,1
34885,1
34886,0
34887,0
34888,0
34889,1
34890,1
34891,2
34892,0
34893,1
34894,1
34895,1
34896,1
34897,3
34898,6
34899,0
34900,1
34901,1
34902,1
34903,2
34904,2
34905,1
34906,1
34907,15
34908,12
34909,1
34910,5
34911,2
34912,0
34913,0
34914,6
34915,7
34916,3
34917,1
34918,1
34919,1
34920,6
34921,1
34922,2
34923,1
34924,0
34925,2
34926,1
34927,0
34928,0
34929,1
34930,1
34931,1
34932,3
34933,14
34934,0
34935,2
34936,1
34937,2
34938,0
34939,1
34940,0
34941,1
34942,0
34943,2
34944,3
34945,2
34946,2
34947,3
34948,1
34949,3
34950,2
34951,0
34952,0
34953,2
34954,2
34955,1
34956,1
34957,3
34958,1
34959,1
34960,0
34961,1
34962,2
34963,2
34964,0
34965,3
34966,2
34967,1
34968,1
34969,1
34970,2
34971,0
34972,0
34973,0
34974,8
34975,1
34976,4
34977,3
34978,6
34979,0
34980,2
34981,2
34982,0
34983,2
34984,2
34985,2
34986,2
34987,3
34988,3
34989,1
34990,0
34991,1
34992,3
34993,1
34994,3
34995,2
34996,2
34997,1
34998,0
34999,0
35000,1
35001,0
35002,2
35003,24
35004,7
35005,0
35006,0
35007,4
35008,6
35009,0
35010,0
35011,3
35012,2
35013,4
35014,0
35015,5
35016,3
35017,2
35018,2
35019,2
35020,0
35021,1
35022,1
35023,2
35024,2
35025,3
35026,1
35027,4
35028,4
35029,2
35030,4
35031,3
35032,0
35033,2
35034,0
35035,2
35036,2
35037,2
35038,0
35039,0
35040,0
35041,3
35042,2
35043,2
35044,0
35045,1
35046,1
35047,2
35048,1
35049,1
35050,1
35051,4
35052,3
35053,1
35054,0
35055,1
35056,1
35057,0
35058,0
35059,2
35060,0
35061,5
35062,2
35063,2
35064,1
35065,1
35066,4
35067,2
35068,1
35069,0
35070,1
35071,1
35072,1
35073,1
35074,1
35075,1
35076,4
35077,5
35078,3
35079,3
35080,0
35081,2
35082,2
35083,2
35084,3
35085,1
35086,0
35087,1
35088,3
35089,7
35090,1
35091,2
35092,2
35093,5
35094,1
35095,2
35096,0
35097,1
35098,0
35099,0
35100,2
35101,0
35102,6
35103,0
35104,2
35105,1
35106,3
35107,1
35108,1
35109,1
35110,2
35111,0
35112,0
35113,2
35114,2
35115,0
35116,1
35117,2
35118,1
35119,6
35120,0
35121,3
35122,1
35123,0
35124,2
35125,3
35126,2
35127,3
35128,2
35129,2
35130,1
35131,6
35132,3
35133,1
35134,1
35135,1
35136,3
35137,0
35138,1
35139,1
35140,4
35141,1
35142,0
35143,1
35144,4
35145,2
35146,1
35147,2
35148,5
35149,3
35150,0
35151,1
35152,1
35153,3
35154,4
35155,4
35156,5
35157,0
35158,1
35159,2
35160,1
35161,3
35162,0
35163,1
35164,1
35165,7
35166,5
35167,2
35168,3
35169,1
35170,0
35171,1
35172,2
35173,1
35174,0
35175,1
35176,0
35177,0
35178,0
35179,0
35180,0
35181,1
35182,0
35183,0
35184,2
35185,2
35186,0
35187,1
35188,3
35189,0
35190,1
35191,0
35192,2
35193,0
35194,0
35195,0
35196,1
35197,2
35198,1
35199,1
35200,1
35201,3
35202,2
35203,1
35204,0
35205,1
35206,0
35207,0
35208,0
35209,2
35210,0
35211,2
35212,1
35213,0
35214,3
35215,0
35216,2
35217,0
35218,1
35219,0
35220,0
35221,6
35222,1
35223,1
35224,1
35225,1
35226,2
35227,3
35228,1
35229,2
35230,0
35231,1
35232,2
35233,1
35234,5
35235,0
35236,2
35237,2
35238,2
35239,0
35240,0
35241,0
35242,0
35243,2
35244,4
35245,3
35246,0
35247,0
35248,4
35249,2
35250,2
35251,3
35252,0
35253,1
35254,0
35255,2
35256,0
35257,0
35258,1
35259,0
35260,2
35261,0
35262,2
35263,0
35264,0
35265,1
35266,3
35267,1
35268,2
35269,2
35270,1
35271,3
35272,1
35273,0
35274,4
35275,2
35276,3
35277,0
35278,0
35279,0
35280,0
35281,0
35282,1
35283,1
35284,0
35285,0
35286,2
35287,1
35288,5
35289,1
35290,1
35291,2
35292,1
35293,4
35294,5
35295,2
35296,0
35297,4
35298,3
35299,0
35300,1
35301,3
35302,1
35303,1
35304,5
35305,1
35306,1
35307,2
35308,1
35309,2
35310,0
35311,3
35312,4
35313,3
35314,2
35315,3
35316,0
35317,1
35318,0
35319,1
35320,3
35321,2
35322,1
35323,3
35324,0
35325,1
35326,3
35327,2
35328,0
35329,0
35330,2
35331,2
35332,0
35333,0
35334,3
35335,1
35336,0
35337,2
35338,2
35339,0
35340,0
35341,3
35342,1
35343,0
35344,1
35345,0
35346,2
35347,0
35348,0
35349,2
35350,2
35351,2
35352,0
35353,0
35354,0
35355,4
35356,2
35357,2
35358,0
35359,0
35360,2
35361,3
35362,3
35363,2
35364,2
35365,0
35366,2
35367,1
35368,4
35369,1
35370,1
35371,1
35372,2
35373,0
35374,1
35375,0
35376,1
35377,0
35378,0
35379,2
35380,0
35381,0
35382,2
35383,2
35384,8
35385,4
35386,16
35387,3
35388,1
35389,1
35390,3
35391,4
35392,1
35393,3
35394,2
35395,2
35396,2
35397,1
35398,2
35399,5
35400,1
35401,1
35402,2
35403,0
35404,2
35405,1
35406,1
35407,2
35408,0
35409,6
35410,4
35411,2
35412,2
35413,1
35414,4
35415,1
35416,7
35417,4
35418,0
35419,0
35420,0
35421,0
35422,0
35423,2
35424,1
35425,2
35426,1
35427,1
35428,2
35429,0
35430,0
35431,1
35432,0
35433,1
35434,7
35435,2
35436,0
35437,0
35438,2
35439,0
35440,1
35441,0
35442,2
35443,0
35444,2
35445,0
35446,4
35447,1
35448,2
35449,1
35450,2
35451,3
35452,4
35453,3
35454,0
35455,0
35456,1
35457,1
35458,2
35459,1
35460,1
35461,0
35462,2
35463,4
35464,5
35465,0
35466,3
35467,2
35468,2
35469,1
35470,3
35471,5
35472,0
35473,1
35474,1
35475,1
35476,2
35477,3
35478,2
35479,0
35480,4
35481,0
35482,4
35483,1
35484,6
35485,3
35486,5
35487,2
35488,1
35489,1
35490,0
35491,2
35492,2
35493,0
35494,0
35495,2
35496,1
35497,0
35498,0
35499,2
35500,2
35501,6
35502,1
35503,4
35504,5
35505,3
35506,0
35507,1
35508,1
35509,1
35510,1
35511,1
35512,2
35513,1
35514,2
35515,0
35516,4
35517,2
35518,2
35519,2
35520,0
35521,1
35522,2
35523,6
35524,2
35525,0
35526,2
35527,3
35528,1
35529,2
35530,2
35531,1
35532,1
35533,0
35534,3
35535,2
35536,2
35537,2
35538,2
35539,1
35540,3
35541,1
35542,2
35543,2
35544,2
35545,0
35546,2
35547,2
35548,1
35549,0
35550,1
35551,1
35552,2
35553,1
35554,2
35555,8
35556,1
35557,6
35558,2
35559,1
35560,2
35561,3
35562,3
35563,1
35564,0
35565,1
35566,0
35567,5
35568,1
35569,2
35570,2
35571,0
35572,4
35573,0
35574,2
35575,3
35576,0
35577,4
35578,2
35579,3
35580,1
35581,1
35582,2
35583,1
35584,1
35585,2
35586,0
35587,0
35588,0
35589,2
35590,1
35591,0
35592,1
35593,1
35594,1
35595,0
35596,4
35597,2
35598,2
35599,2
35600,0
35601,4
35602,1
35603,1
35604,1
35605,0
35606,1
35607,0
35608,4
35609,1
35610,1
35611,1
35612,1
35613,0
35614,5
35615,5
35616,0
35617,0
35618,4
35619,1
35620,1
35621,1
35622,2
35623,2
35624,0
35625,3
35626,1
35627,2
35628,1
35629,1
35630,2
35631,1
35632,1
35633,1
35634,3
35635,2
35636,2
35637,1
35638,1
35639,1
35640,1
35641,3
35642,1
35643,0
35644,1
35645,0
35646,1
35647,2
35648,0
35649,0
35650,3
35651,1
35652,0
35653,2
35654,1
35655,2
35656,1
35657,1
35658,3
35659,0
35660,8
35661,2
35662,1
35663,0
35664,2
35665,0
35666,0
35667,1
35668,1
35669,1
35670,0
35671,1
35672,2
35673,1
35674,0
35675,3
35676,0
35677,0
35678,2
35679,0
35680,1
35681,1
35682,1
35683,4
35684,2
35685,1
35686,0
35687,2
35688,4
35689,3
35690,0
35691,0
35692,0
35693,0
35694,1
35695,0
35696,1
35697,0
35698,0
35699,0
35700,0
35701,0
35702,0
35703,1
35704,2
35705,2
35706,3
35707,1
35708,2
35709,2
35710,0
35711,1
35712,1
35713,1
35714,0
35715,1
35716,2
35717,1
35718,0
35719,1
35720,0
35721,1
35722,2
35723,2
35724,1
35725,0
35726,1
35727,3
35728,2
35729,1
35730,1
35731,0
35732,0
35733,2
35734,0
35735,0
35736,0
35737,0
35738,1
35739,3
35740,4
35741,1
35742,2
35743,3
35744,0
35745,5
35746,9
35747,1
35748,3
35749,2
35750,1
35751,2
35752,2
35753,1
35754,1
35755,1
35756,1
35757,9
35758,2
35759,1
35760,3
35761,0
35762,4
35763,2
35764,2
35765,1
35766,4
35767,2
35768,2
35769,1
35770,0
35771,0
35772,1
35773,0
35774,1
35775,2
35776,2
35777,0
35778,2
35779,2
35780,1
35781,1
35782,5
35783,1
35784,1
35785,2
35786,1
35787,0
35788,1
35789,0
35790,2
35791,1
35792,1
35793,2
35794,0
35795,0
35796,2
35797,2
35798,1
35799,1
35800,1
35801,5
35802,1
35803,2
35804,2
35805,2
35806,3
35807,1
35808,1
35809,1
35810,1
35811,2
35812,8
35813,1
35814,2
35815,0
35816,3
35817,0
35818,0
35819,0
35820,0
35821,0
35822,1
35823,0
35824,0
35825,0
35826,0
35827,0
35828,2
35829,1
35830,1
35831,0
35832,2
35833,0
35834,1
35835,1
35836,0
35837,1
35838,3
35839,3
35840,1
35841,0
35842,1
35843,0
35844,2
35845,3
35846,1
35847,1
35848,2
35849,2
35850,0
35851,1
35852,4
35853,0
35854,1
35855,1
35856,4
35857,1
35858,1
35859,4
35860,2
35861,0
35862,1
35863,2
35864,2
35865,9
35866,0
35867,1
35868,1
35869,4
35870,1
35871,0
35872,3
35873,1
35874,1
35875,0
35876,1
35877,0
35878,5
35879,0
35880,0
35881,2
35882,0
35883,0
35884,2
35885,1
35886,1
35887,0
35888,0
35889,3
35890,2
35891,0
35892,0
35893,0
35894,3
35895,3
35896,0
35897,1
35898,1
35899,2
35900,3
35901,1
35902,1
35903,1
35904,1
35905,2
35906,2
35907,0
35908,0
35909,0
35910,1
35911,0
35912,1
35913,1
35914,0
35915,2
35916,1
35917,0
35918,2
35919,0
35920,3
35921,3
35922,2
35923,1
35924,1
35925,3
35926,1
35927,1
35928,0
35929,1
35930,4
35931,3
35932,1
35933,1
35934,3
35935,4
35936,2
35937,3
35938,3
35939,1
35940,6
35941,3
35942,0
35943,1
35944,0
35945,2
35946,3
35947,2
35948,2
35949,3
35950,4
35951,2
35952,1
35953,0
35954,0
35955,0
35956,0
35957,0
35958,1
35959,2
35960,0
35961,0
35962,0
35963,0
35964,4
35965,3
35966,1
35967,0
35968,1
35969,1
35970,1
35971,1
35972,1
35973,2
35974,0
35975,3
35976,1
35977,5
35978,4
35979,1
35980,2
35981,8
35982,2
35983,2
35984,1
35985,5
35986,3
35987,3
35988,2
35989,1
35990,2
35991,6
35992,2
35993,3
35994,4
35995,0
35996,2
35997,2
35998,2
35999,1
36000,5
36001,1
36002,6
36003,0
36004,6
36005,0
36006,1
36007,0
36008,3
36009,4
36010,3
36011,4
36012,0
36013,1
36014,1
36015,0
36016,1
36017,2
36018,0
36019,0
36020,3
36021,9
36022,2
36023,2
36024,3
36025,0
36026,1
36027,0
36028,2
36029,0
36030,0
36031,1
36032,1
36033,0
36034,3
36035,0
36036,1
36037,2
36038,1
36039,2
36040,2
36041,2
36042,1
36043,2
36044,2
36045,0
36046,1
36047,0
36048,0
36049,0
36050,0
36051,1
36052,1
36053,0
36054,1
36055,3
36056,1
36057,3
36058,2
36059,0
36060,3
36061,1
36062,2
36063,1
36064,3
36065,0
36066,2
36067,1
36068,2
36069,1
36070,2
36071,2
36072,1
36073,3
36074,2
36075,5
36076,1
36077,1
36078,1
36079,1
36080,2
36081,1
36082,0
36083,1
36084,2
36085,1
36086,2
36087,2
36088,0
36089,2
36090,0
36091,3
36092,1
36093,1
36094,2
36095,1
36096,1
36097,3
36098,1
36099,2
36100,0
36101,2
36102,1
36103,4
36104,0
36105,2
36106,0
36107,1
36108,1
36109,2
36110,1
36111,1
36112,0
36113,0
36114,1
36115,0
36116,0
36117,4
36118,2
36119,1
36120,1
36121,6
36122,2
36123,0
36124,1
36125,0
36126,1
36127,0
36128,2
36129,3
36130,1
36131,5
36132,0
36133,4
36134,3
36135,0
36136,2
36137,1
36138,1
36139,6
36140,1
36141,2
36142,4
36143,0
36144,1
36145,2
36146,0
36147,0
36148,5
36149,3
36150,1
36151,0
36152,0
36153,3
36154,1
36155,1
36156,0
36157,3
36158,1
36159,0
36160,0
36161,1
36162,1
36163,1
36164,0
36165,3
36166,1
36167,4
36168,2
36169,2
36170,3
36171,0
36172,0
36173,3
36174,1
36175,0
36176,1
36177,1
36178,6
36179,1
36180,1
36181,3
36182,1
36183,2
36184,4
36185,1
36186,0
36187,0
36188,1
36189,2
36190,5
36191,3
36192,2
36193,1
36194,1
36195,1
36196,1
36197,1
36198,2
36199,2
36200,0
36201,3
36202,1
36203,3
36204,2
36205,3
36206,0
36207,1
36208,2
36209,0
36210,4
36211,1
36212,1
36213,2
36214,2
36215,1
36216,0
36217,3
36218,0
36219,3
36220,2
36221,2
36222,0
36223,2
36224,3
36225,3
36226,0
36227,0
36228,1
36229,2
36230,1
36231,1
36232,0
36233,0
36234,0
36235,1
36236,1
36237,0
36238,6
36239,1
36240,0
36241,0
36242,2
36243,3
36244,0
36245,0
36246,0
36247,2
36248,2
36249,0
36250,1
36251,2
36252,1
36253,0
36254,3
36255,6
36256,1
36257,0
36258,1
36259,1
36260,1
36261,0
36262,0
36263,0
36264,2
36265,2
36266,0
36267,1
36268,2
36269,0
36270,1
36271,3
36272,3
36273,3
36274,1
36275,1
36276,0
36277,1
36278,2
36279,2
36280,1
36281,5
36282,1
36283,4
36284,0
36285,0
36286,0
36287,0
36288,1
36289,1
36290,2
36291,2
36292,1
36293,1
36294,0
36295,2
36296,0
36297,1
36298,2
36299,0
36300,1
36301,2
36302,0
36303,1
36304,5
36305,1
36306,0
36307,46
36308,2
36309,2
36310,3
36311,0
36312,0
36313,3
36314,0
36315,3
36316,3
36317,0
36318,2
36319,2
36320,1
36321,0
36322,2
36323,1
36324,0
36325,0
36326,0
36327,0
36328,1
36329,3
36330,2
36331,0
36332,0
36333,3
36334,0
36335,3
36336,0
36337,2
36338,3
36339,2
36340,1
36341,0
36342,1
36343,1
36344,2
36345,2
36346,1
36347,1
36348,1
36349,1
36350,3
36351,0
36352,0
36353,5
36354,0
36355,2
36356,2
36357,1
36358,0
36359,0
36360,4
36361,1
36362,1
36363,1
36364,1
36365,2
36366,3
36367,0
36368,1
36369,0
36370,4
36371,0
36372,0
36373,1
36374,0
36375,1
36376,1
36377,2
36378,0
36379,0
36380,1
36381,0
36382,0
36383,3
36384,1
36385,1
36386,2
36387,0
36388,2
36389,1
36390,0
36391,0
36392,1
36393,0
36394,0
36395,2
36396,1
36397,1
36398,2
36399,0
36400,0
36401,1
36402,0
36403,1
36404,3
36405,2
36406,0
36407,0
36408,0
36409,0
36410,2
36411,1
36412,3
36413,1
36414,1
36415,1
36416,2
36417,1
36418,7
36419,1
36420,1
36421,2
36422,3
36423,3
36424,1
36425,4
36426,4
36427,3
36428,0
36429,2
36430,1
36431,0
36432,3
36433,2
36434,2
36435,1
36436,1
36437,0
36438,1
36439,0
36440,3
36441,1
36442,2
36443,0
36444,2
36445,2
36446,1
36447,0
36448,1
36449,0
36450,1
36451,1
36452,0
36453,2
36454,0
36455,1
36456,1
36457,0
36458,1
36459,2
36460,1
36461,1
36462,3
36463,0
36464,0
36465,1
36466,1
36467,4
36468,1
36469,1
36470,0
36471,0
36472,1
36473,2
36474,2
36475,2
36476,3
36477,2
36478,2
36479,0
36480,2
36481,0
36482,0
36483,0
36484,1
36485,0
36486,3
36487,1
36488,1
36489,2
36490,11
36491,0
36492,0
36493,2
36494,1
36495,4
36496,2
36497,3
36498,2
36499,0
36500,0
36501,0
36502,1
36503,1
36504,2
36505,1
36506,0
36507,1
36508,0
36509,3
36510,1
36511,1
36512,0
36513,1
36514,0
36515,0
36516,1
36517,1
36518,0
36519,0
36520,0
36521,0
36522,1
36523,0
36524,1
36525,0
36526,1
36527,1
36528,1
36529,5
36530,11
36531,1
36532,3
36533,2
36534,0
36535,7
36536,2
36537,1
36538,2
36539,3
36540,3
36541,0
36542,2
36543,1
36544,1
36545,2
36546,1
36547,2
36548,1
36549,0
36550,1
36551,1
36552,1
36553,0
36554,0
36555,3
36556,0
36557,1
36558,1
36559,1
36560,2
36561,0
36562,0
36563,2
36564,0
36565,1
36566,0
36567,3
36568,1
36569,2
36570,0
36571,1
36572,2
36573,2
36574,1
36575,2
36576,0
36577,5
36578,2
36579,3
36580,2
36581,3
36582,2
36583,1
36584,3
36585,3
36586,1
36587,0
36588,0
36589,1
36590,4
36591,2
36592,6
36593,2
36594,2
36595,4
36596,0
36597,0
36598,3
36599,0
36600,2
36601,0
36602,1
36603,1
36604,0
36605,1
36606,0
36607,3
36608,3
36609,1
36610,2
36611,2
36612,0
36613,0
36614,2
36615,0
36616,1
36617,1
36618,3
36619,1
36620,1
36621,0
36622,2
36623,2
36624,1
36625,0
36626,0
36627,1
36628,5
36629,2
36630,2
36631,3
36632,1
36633,0
36634,3
36635,1
36636,3
36637,0
36638,1
36639,0
36640,2
36641,0
36642,3
36643,2
36644,0
36645,1
36646,0
36647,1
36648,0
36649,0
36650,0
36651,1
36652,2
36653,1
36654,1
36655,1
36656,1
36657,2
36658,2
36659,1
36660,0
36661,2
36662,0
36663,0
36664,1
36665,2
36666,0
36667,4
36668,1
36669,0
36670,1
36671,1
36672,2
36673,1
36674,3
36675,3
36676,1
36677,3
36678,0
36679,2
36680,1
36681,3
36682,1
36683,1
36684,1
36685,4
36686,2
36687,1
36688,3
36689,0
36690,1
36691,0
36692,2
36693,3
36694,3
36695,0
36696,2
36697,0
36698,0
36699,0
36700,0
36701,0
36702,1
36703,1
36704,1
36705,0
36706,1
36707,1
36708,0
36709,2
36710,1
36711,2
36712,1
36713,3
36714,0
36715,1
36716,0
36717,0
36718,2
36719,2
36720,1
36721,1
36722,3
36723,0
36724,0
36725,1
36726,0
36727,3
36728,0
36729,0
36730,3
36731,1
36732,1
36733,0
36734,0
36735,2
36736,3
36737,2
36738,0
36739,9
36740,1
36741,4
36742,1
36743,0
36744,0
36745,1
36746,1
36747,0
36748,2
36749,1
36750,0
36751,1
36752,3
36753,0
36754,2
36755,1
36756,1
36757,0
36758,0
36759,1
36760,0
36761,2
36762,1
36763,0
36764,5
36765,2
36766,2
36767,1
36768,1
36769,1
36770,2
36771,2
36772,4
36773,2
36774,0
36775,2
36776,2
36777,0
36778,0
36779,3
36780,2
36781,2
36782,4
36783,4
36784,2
36785,4
36786,3
36787,0
36788,0
36789,2
36790,4
36791,0
36792,1
36793,3
36794,1
36795,1
36796,2
36797,4
36798,0
36799,1
36800,2
36801,1
36802,2
36803,3
36804,1
36805,0
36806,1
36807,0
36808,5
36809,0
36810,1
36811,1
36812,6
36813,0
36814,0
36815,1
36816,0
36817,1
36818,1
36819,1
36820,0
36821,1
36822,2
36823,1
36824,4
36825,5
36826,0
36827,2
36828,4
36829,0
36830,0
36831,0
36832,2
36833,1
36834,2
36835,0
36836,0
36837,1
36838,1
36839,0
36840,0
36841,0
36842,0
36843,0
36844,1
36845,0
36846,1
36847,1
36848,0
36849,1
36850,2
36851,0
36852,2
36853,1
36854,2
36855,0
36856,1
36857,1
36858,0
36859,1
36860,1
36861,1
36862,0
36863,1
36864,0
36865,0
36866,1
36867,1
36868,0
36869,2
36870,1
36871,1
36872,0
36873,0
36874,1
36875,0
36876,3
36877,1
36878,3
36879,0
36880,0
36881,2
36882,1
36883,2
36884,4
36885,5
36886,1
36887,0
36888,3
36889,0
36890,16
36891,0
36892,3
36893,2
36894,3
36895,0
36896,0
36897,2
36898,0
36899,6
36900,3
36901,0
36902,1
36903,2
36904,2
36905,2
36906,1
36907,0
36908,1
36909,2
36910,1
36911,1
36912,1
36913,1
36914,1
36915,0
36916,0
36917,1
36918,2
36919,0
36920,1
36921,0
36922,1
36923,0
36924,0
36925,1
36926,0
36927,2
36928,0
36929,0
36930,0
36931,0
36932,1
36933,2
36934,4
36935,0
36936,1
36937,1
36938,6
36939,2
36940,1
36941,1
36942,0
36943,1
36944,3
36945,3
36946,6
36947,1
36948,0
36949,1
36950,0
36951,5
36952,1
36953,1
36954,0
36955,0
36956,4
36957,0
36958,0
36959,2
36960,1
36961,0
36962,0
36963,0
36964,0
36965,1
36966,3
36967,0
36968,0
36969,0
36970,0
36971,2
36972,6
36973,2
36974,2
36975,3
36976,4
36977,2
36978,0
36979,0
36980,1
36981,1
36982,1
36983,1
36984,1
36985,0
36986,1
36987,2
36988,0
36989,3
36990,3
36991,1
36992,1
36993,0
36994,1
36995,1
36996,1
36997,0
36998,2
36999,4
37000,1
37001,1
37002,6
37003,4
37004,4
37005,0
37006,2
37007,2
37008,1
37009,0
37010,1
37011,1
37012,3
37013,0
37014,1
37015,5
37016,3
37017,3
37018,0
37019,4
37020,1
37021,2
37022,1
37023,2
37024,0
37025,0
37026,0
37027,1
37028,0
37029,4
37030,1
37031,1
37032,0
37033,0
37034,1
37035,0
37036,3
37037,1
37038,1
37039,1
37040,1
37041,2
37042,0
37043,0
37044,1
37045,1
37046,2
37047,3
37048,0
37049,0
37050,0
37051,2
37052,1
37053,2
37054,0
37055,0
37056,1
37057,2
37058,4
37059,0
37060,4
37061,0
37062,0
37063,0
37064,2
37065,0
37066,1
37067,2
37068,3
37069,1
37070,1
37071,1
37072,1
37073,2
37074,0
37075,1
37076,1
37077,1
37078,2
37079,1
37080,1
37081,1
37082,2
37083,1
37084,2
37085,1
37086,1
37087,1
37088,4
37089,2
37090,1
37091,4
37092,0
37093,2
37094,2
37095,0
37096,0
37097,1
37098,0
37099,1
37100,0
37101,0
37102,0
37103,1
37104,1
37105,0
37106,2
37107,1
37108,3
37109,2
37110,1
37111,2
37112,1
37113,1
37114,3
37115,0
37116,0
37117,0
37118,1
37119,5
37120,0
37121,0
37122,1
37123,0
37124,2
37125,0
37126,2
37127,3
37128,1
37129,3
37130,1
37131,0
37132,1
37133,1
37134,2
37135,0
37136,3
37137,1
37138,2
37139,1
37140,1
37141,1
37142,3
37143,0
37144,1
37145,0
37146,1
37147,1
37148,1
37149,0
37150,0
37151,0
37152,1
37153,1
37154,0
37155,1
37156,0
37157,1
37158,0
37159,4
37160,3
37161,2
37162,0
37163,1
37164,0
37165,0
37166,2
37167,1
37168,3
37169,1
37170,1
37171,4
37172,0
37173,1
37174,1
37175,0
37176,4
37177,1
37178,0
37179,2
37180,1
37181,3
37182,2
37183,1
37184,5
37185,3
37186,2
37187,2
37188,5
37189,3
37190,1
37191,1
37192,1
37193,1
37194,4
37195,0
37196,3
37197,2
37198,3
37199,3
37200,1
37201,2
37202,0
37203,2
37204,1
37205,2
37206,1
37207,0
37208,0
37209,1
37210,2
37211,0
37212,3
37213,1
37214,1
37215,2
37216,0
37217,1
37218,2
37219,3
37220,2
37221,0
37222,6
37223,2
37224,0
37225,1
37226,2
37227,1
37228,0
37229,0
37230,0
37231,0
37232,2
37233,0
37234,3
37235,0
37236,1
37237,0
37238,1
37239,0
37240,1
37241,1
37242,3
37243,0
37244,0
37245,0
37246,0
37247,0
37248,0
37249,2
37250,3
37251,0
37252,0
37253,2
37254,1
37255,3
37256,1
37257,0
37258,1
37259,2
37260,1
37261,2
37262,1
37263,0
37264,0
37265,3
37266,0
37267,1
37268,0
37269,2
37270,0
37271,6
37272,2
37273,4
37274,3
37275,1
37276,0
37277,1
37278,2
37279,1
37280,0
37281,1
37282,2
37283,2
37284,1
37285,2
37286,1
37287,2
37288,1
37289,1
37290,1
37291,0
37292,0
37293,1
37294,6
37295,1
37296,1
37297,0
37298,3
37299,1
37300,2
37301,2
37302,2
37303,0
37304,5
37305,3
37306,1
37307,1
37308,1
37309,3
37310,1
37311,2
37312,3
37313,1
37314,1
37315,1
37316,2
37317,2
37318,0
37319,1
37320,3
37321,0
37322,1
37323,1
37324,3
37325,0
37326,1
37327,1
37328,0
37329,1
37330,1
37331,1
37332,1
37333,0
37334,2
37335,1
37336,1
37337,1
37338,0
37339,1
37340,0
37341,0
37342,2
37343,2
37344,1
37345,1
37346,1
37347,1
37348,0
37349,0
37350,0
37351,2
37352,1
37353,4
37354,0
37355,2
37356,1
37357,4
37358,2
37359,1
37360,2
37361,1
37362,2
37363,1
37364,2
37365,1
37366,0
37367,4
37368,3
37369,2
37370,3
37371,2
37372,0
37373,1
37374,1
37375,1
37376,5
37377,1
37378,4
37379,2
37380,1
37381,1
37382,1
37383,0
37384,0
37385,0
37386,0
37387,0
37388,2
37389,2
37390,1
37391,0
37392,0
37393,3
37394,0
37395,1
37396,0
37397,3
37398,0
37399,3
37400,0
37401,0
37402,2
37403,2
37404,0
37405,3
37406,0
37407,1
37408,2
37409,0
37410,1
37411,1
37412,2
37413,0
37414,0
37415,0
37416,1
37417,4
37418,1
37419,3
37420,1
37421,1
37422,0
37423,0
37424,1
37425,3
37426,1
37427,2
37428,1
37429,0
37430,1
37431,1
37432,3
37433,0
37434,0
37435,2
37436,6
37437,0
37438,0
37439,4
37440,4
37441,1
37442,1
37443,1
37444,0
37445,1
37446,3
37447,1
37448,1
37449,3
37450,1
37451,4
37452,1
37453,1
37454,2
37455,0
37456,2
37457,1
37458,2
37459,0
37460,1
37461,1
37462,2
37463,1
37464,0
37465,1
37466,1
37467,2
37468,1
37469,3
37470,0
37471,0
37472,0
37473,1
37474,1
37475,1
37476,0
37477,1
37478,0
37479,3
37480,0
37481,2
37482,1
37483,3
37484,1
37485,0
37486,0
37487,2
37488,1
37489,0
37490,0
37491,2
37492,3
37493,1
37494,1
37495,4
37496,0
37497,0
37498,0
37499,3
37500,2
37501,2
37502,2
37503,1
37504,1
37505,3
37506,1
37507,3
37508,0
37509,6
37510,1
37511,1
37512,0
37513,0
37514,2
37515,1
37516,1
37517,3
37518,1
37519,5
37520,5
37521,0
37522,1
37523,3
37524,1
37525,0
37526,1
37527,0
37528,4
37529,3
37530,3
37531,0
37532,1
37533,2
37534,1
37535,5
37536,3
37537,1
37538,0
37539,0
37540,0
37541,6
37542,5
37543,5
37544,0
37545,1
37546,5
37547,0
37548,1
37549,2
37550,0
37551,2
37552,1
37553,1
37554,1
37555,0
37556,4
37557,0
37558,0
37559,0
37560,1
37561,1
37562,1
37563,2
37564,1
37565,2
37566,0
37567,0
37568,1
37569,1
37570,4
37571,0
37572,2
37573,0
37574,0
37575,2
37576,4
37577,0
37578,2
37579,4
37580,1
37581,0
37582,1
37583,0
37584,2
37585,4
37586,6
37587,4
37588,1
37589,0
37590,1
37591,0
37592,2
37593,0
37594,1
37595,1
37596,1
37597,3
37598,3
37599,1
37600,0
37601,0
37602,1
37603,3
37604,2
37605,1
37606,1
37607,1
37608,0
37609,0
37610,1
37611,0
37612,0
37613,1
37614,1
37615,4
37616,3
37617,0
37618,0
37619,0
37620,5
37621,0
37622,1
37623,1
37624,0
37625,0
37626,0
37627,1
37628,2
37629,2
37630,0
37631,3
37632,1
37633,1
37634,3
37635,4
37636,3
37637,1
37638,4
37639,4
37640,1
37641,2
37642,1
37643,0
37644,0
37645,0
37646,0
37647,2
37648,0
37649,1
37650,1
37651,1
37652,0
37653,2
37654,0
37655,3
37656,1
37657,3
37658,0
37659,2
37660,0
37661,0
37662,0
37663,2
37664,2
37665,2
37666,1
37667,1
37668,2
37669,3
37670,0
37671,0
37672,3
37673,1
37674,2
37675,0
37676,0
37677,0
37678,2
37679,1
37680,0
37681,2
37682,3
37683,1
37684,2
37685,2
37686,1
37687,1
37688,1
37689,3
37690,1
37691,2
37692,2
37693,1
37694,0
37695,0
37696,4
37697,0
37698,0
37699,0
37700,2
37701,1
37702,0
37703,1
37704,0
37705,1
37706,2
37707,1
37708,0
37709,1
37710,1
37711,1
37712,2
37713,2
37714,2
37715,0
37716,0
37717,2
37718,1
37719,1
37720,1
37721,1
37722,0
37723,3
37724,0
37725,1
37726,3
37727,0
37728,0
37729,2
37730,0
37731,2
37732,0
37733,1
37734,1
37735,1
37736,0
37737,1
37738,1
37739,2
37740,2
37741,0
37742,3
37743,2
37744,2
37745,1
37746,3
37747,3
37748,0
37749,0
37750,2
37751,1
37752,1
37753,0
37754,2
37755,2
37756,1
37757,3
37758,2
37759,3
37760,3
37761,3
37762,2
37763,2
37764,0
37765,3
37766,2
37767,6
37768,4
37769,3
37770,1
37771,2
37772,1
37773,0
37774,0
37775,3
37776,1
37777,1
37778,0
37779,1
37780,0
37781,2
37782,1
37783,0
37784,0
37785,5
37786,0
37787,2
37788,0
37789,0
37790,1
37791,0
37792,0
37793,0
37794,2
37795,1
37796,1
37797,0
37798,1
37799,1
37800,0
37801,0
37802,0
37803,1
37804,1
37805,1
37806,2
37807,3
37808,0
37809,0
37810,0
37811,1
37812,1
37813,2
37814,3
37815,3
37816,1
37817,1
37818,0
37819,0
37820,3
37821,1
37822,3
37823,1
37824,1
37825,2
37826,3
37827,3
37828,1
37829,4
37830,0
37831,0
37832,0
37833,1
37834,0
37835,0
37836,0
37837,0
37838,0
37839,0
37840,1
37841,2
37842,3
37843,3
37844,0
37845,0
37846,1
37847,1
37848,0
37849,1
37850,0
37851,1
37852,0
37853,0
37854,2
37855,1
37856,0
37857,1
37858,2
37859,0
37860,5
37861,2
37862,2
37863,0
37864,2
37865,0
37866,0
37867,0
37868,0
37869,1
37870,1
37871,1
37872,2
37873,3
37874,0
37875,2
37876,0
37877,1
37878,0
37879,0
37880,1
37881,1
37882,0
37883,0
37884,3
37885,2
37886,3
37887,1
37888,0
37889,4
37890,3
37891,3
37892,0
37893,4
37894,0
37895,0
37896,2
37897,5
37898,0
37899,2
37900,3
37901,1
37902,0
37903,16
37904,2
37905,6
37906,3
37907,3
37908,0
37909,2
37910,4
37911,4
37912,0
37913,1
37914,0
37915,2
37916,1
37917,1
37918,0
37919,4
37920,0
37921,1
37922,0
37923,1
37924,2
37925,0
37926,0
37927,2
37928,1
37929,1
37930,0
37931,0
37932,1
37933,2
37934,0
37935,1
37936,1
37937,2
37938,3
37939,1
37940,1
37941,0
37942,1
37943,2
37944,4
37945,2
37946,2
37947,0
37948,3
37949,2
37950,4
37951,1
37952,2
37953,3
37954,3
37955,0
37956,0
37957,0
37958,1
37959,2
37960,4
37961,2
37962,0
37963,2
37964,2
37965,1
37966,1
37967,2
37968,0
37969,2
37970,1
37971,0
37972,2
37973,1
37974,2
37975,1
37976,1
37977,0
37978,1
37979,2
37980,2
37981,2
37982,2
37983,5
37984,0
37985,2
37986,0
37987,0
37988,0
37989,3
37990,0
37991,0
37992,4
37993,0
37994,2
37995,1
37996,3
37997,1
37998,2
37999,3
38000,0
38001,1
38002,1
38003,0
38004,0
38005,2
38006,1
38007,0
38008,1
38009,2
38010,0
38011,2
38012,1
38013,0
38014,0
38015,0
38016,0
38017,1
38018,0
38019,1
38020,6
38021,4
38022,1
38023,3
38024,2
38025,1
38026,7
38027,7
38028,1
38029,0
38030,3
38031,2
38032,0
38033,0
38034,3
38035,0
38036,1
38037,0
38038,0
38039,4
38040,1
38041,1
38042,1
38043,0
38044,1
38045,0
38046,2
38047,5
38048,0
38049,1
38050,1
38051,2
38052,2
38053,0
38054,1
38055,1
38056,2
38057,0
38058,4
38059,1
38060,0
38061,3
38062,1
38063,1
38064,0
38065,5
38066,3
38067,0
38068,3
38069,1
38070,2
38071,2
38072,0
38073,2
38074,8
38075,5
38076,3
38077,0
38078,3
38079,1
38080,0
38081,0
38082,2
38083,3
38084,0
38085,0
38086,2
38087,0
38088,1
38089,1
38090,0
38091,0
38092,1
38093,0
38094,3
38095,0
38096,0
38097,1
38098,2
38099,1
38100,5
38101,0
38102,0
38103,3
38104,3
38105,1
38106,0
38107,3
38108,0
38109,0
38110,4
38111,3
38112,2
38113,0
38114,2
38115,1
38116,0
38117,1
38118,0
38119,0
38120,1
38121,0
38122,0
38123,3
38124,1
38125,1
38126,6
38127,1
38128,0
38129,1
38130,0
38131,1
38132,2
38133,0
38134,0
38135,1
38136,0
38137,0
38138,0
38139,0
38140,1
38141,1
38142,0
38143,0
38144,2
38145,1
38146,1
38147,2
38148,2
38149,1
38150,0
38151,4
38152,1
38153,1
38154,1
38155,1
38156,0
38157,1
38158,0
38159,0
38160,1
38161,0
38162,1
38163,1
38164,0
38165,0
38166,0
38167,1
38168,3
38169,1
38170,1
38171,15
38172,0
38173,1
38174,1
38175,1
38176,2
38177,6
38178,2
38179,0
38180,5
38181,0
38182,0
38183,0
38184,3
38185,1
38186,1
38187,1
38188,10
38189,1
38190,0
38191,1
38192,0
38193,2
38194,2
38195,0
38196,1
38197,1
38198,0
38199,0
38200,0
38201,3
38202,0
38203,1
38204,0
38205,0
38206,1
38207,0
38208,2
38209,0
38210,2
38211,1
38212,1
38213,2
38214,1
38215,0
38216,3
38217,0
38218,2
38219,0
38220,0
38221,0
38222,2
38223,1
38224,1
38225,2
38226,0
38227,1
38228,3
38229,1
38230,4
38231,2
38232,7
38233,1
38234,3
38235,2
38236,0
38237,1
38238,1
38239,1
38240,2
38241,1
38242,1
38243,3
38244,0
38245,3
38246,2
38247,4
38248,4
38249,1
38250,2
38251,1
38252,3
38253,2
38254,1
38255,0
38256,2
38257,3
38258,1
38259,1
38260,2
38261,0
38262,7
38263,3
38264,2
38265,2
38266,0
38267,0
38268,5
38269,0
38270,3
38271,0
38272,1
38273,2
38274,1
38275,1
38276,1
38277,3
38278,2
38279,2
38280,0
38281,0
38282,0
38283,1
38284,3
38285,1
38286,0
38287,0
38288,2
38289,0
38290,0
38291,1
38292,1
38293,0
38294,3
38295,1
38296,1
38297,1
38298,0
38299,1
38300,0
38301,0
38302,3
38303,1
38304,2
38305,2
38306,7
38307,0
38308,1
38309,2
38310,0
38311,4
38312,3
38313,1
38314,1
38315,1
38316,1
38317,2
38318,8
38319,1
38320,1
38321,2
38322,0
38323,2
38324,0
38325,2
38326,1
38327,5
38328,1
38329,2
38330,0
38331,2
38332,1
38333,2
38334,0
38335,4
38336,0
38337,0
38338,0
38339,1
38340,1
38341,2
38342,3
38343,6
38344,0
38345,1
38346,0
38347,0
38348,2
38349,3
38350,0
38351,0
38352,1
38353,2
38354,1
38355,1
38356,0
38357,0
38358,1
38359,0
38360,2
38361,1
38362,0
38363,2
38364,0
38365,2
38366,1
38367,1
38368,3
38369,3
38370,0
38371,6
38372,1
38373,1
38374,1
38375,2
38376,0
38377,0
38378,0
38379,0
38380,1
38381,2
38382,3
38383,2
38384,2
38385,1
38386,0
38387,2
38388,1
38389,1
38390,1
38391,0
38392,0
38393,0
38394,2
38395,0
38396,3
38397,3
38398,1
38399,2
38400,0
38401,0
38402,0
38403,1
38404,0
38405,0
38406,0
38407,4
38408,0
38409,2
38410,0
38411,0
38412,1
38413,5
38414,2
38415,0
38416,1
38417,1
38418,0
38419,1
38420,1
38421,2
38422,1
38423,0
38424,0
38425,0
38426,0
38427,1
38428,1
38429,3
38430,0
38431,1
38432,1
38433,0
38434,0
38435,1
38436,0
38437,0
38438,0
38439,1
38440,1
38441,1
38442,0
38443,0
38444,3
38445,0
38446,1
38447,4
38448,0
38449,1
38450,0
38451,1
38452,0
38453,1
38454,0
38455,0
38456,0
38457,1
38458,2
38459,3
38460,4
38461,3
38462,4
38463,1
38464,0
38465,0
38466,1
38467,1
38468,1
38469,1
38470,2
38471,0
38472,0
38473,2
38474,2
38475,1
38476,0
38477,3
38478,0
38479,0
38480,2
38481,1
38482,0
38483,1
38484,1
38485,0
38486,0
38487,1
38488,1
38489,0
38490,0
38491,2
38492,0
38493,1
38494,1
38495,2
38496,1
38497,1
38498,1
38499,1
38500,1
38501,1
38502,1
38503,1
38504,1
38505,11
38506,2
38507,3
38508,1
38509,4
38510,1
38511,10
38512,1
38513,0
38514,2
38515,0
38516,1
38517,2
38518,0
38519,1
38520,0
38521,0
38522,1
38523,0
38524,1
38525,0
38526,1
38527,2
38528,7
38529,1
38530,2
38531,5
38532,6
38533,0
38534,2
38535,0
38536,1
38537,0
38538,2
38539,0
38540,1
38541,4
38542,1
38543,4
38544,1
38545,2
38546,1
38547,0
38548,1
38549,0
38550,1
38551,1
38552,3
38553,1
38554,0
38555,2
38556,2
38557,1
38558,1
38559,1
38560,0
38561,1
38562,1
38563,1
38564,0
38565,2
38566,3
38567,0
38568,0
38569,1
38570,0
38571,1
38572,1
38573,0
38574,0
38575,0
38576,0
38577,1
38578,0
38579,1
38580,5
38581,0
38582,2
38583,1
38584,1
38585,0
38586,2
38587,0
38588,1
38589,0
38590,1
38591,3
38592,3
38593,3
38594,0
38595,0
38596,0
38597,0
38598,0
38599,0
38600,2
38601,1
38602,1
38603,2
38604,0
38605,1
38606,4
38607,2
38608,0
38609,1
38610,4
38611,0
38612,0
38613,2
38614,2
38615,0
38616,1
38617,2
38618,1
38619,2
38620,0
38621,0
38622,0
38623,0
38624,2
38625,1
38626,1
38627,2
38628,1
38629,2
38630,0
38631,1
38632,1
38633,2
38634,1
38635,3
38636,4
38637,0
38638,1
38639,2
38640,1
38641,2
38642,2
38643,0
38644,0
38645,0
38646,1
38647,0
38648,2
38649,0
38650,1
38651,4
38652,3
38653,1
38654,2
38655,0
38656,1
38657,1
38658,0
38659,1
38660,2
38661,1
38662,2
38663,0
38664,0
38665,1
38666,2
38667,1
38668,3
38669,0
38670,3
38671,1
38672,3
38673,0
38674,2
38675,2
38676,1
38677,1
38678,2
38679,1
38680,1
38681,0
38682,0
38683,2
38684,7
38685,1
38686,4
38687,2
38688,0
38689,2
38690,0
38691,1
38692,0
38693,2
38694,0
38695,1
38696,2
38697,0
38698,0
38699,1
38700,1
38701,0
38702,0
38703,2
38704,0
38705,1
38706,1
38707,2
38708,4
38709,3
38710,2
38711,0
38712,1
38713,0
38714,0
38715,2
38716,1
38717,3
38718,1
38719,2
38720,2
38721,0
38722,3
38723,3
38724,1
38725,6
38726,0
38727,2
38728,0
38729,0
38730,0
38731,0
38732,2
38733,0
38734,1
38735,3
38736,0
38737,1
38738,3
38739,2
38740,2
38741,3
38742,2
38743,0
38744,1
38745,4
38746,4
38747,2
38748,2
38749,4
38750,0
38751,0
38752,0
38753,0
38754,0
38755,0
38756,0
38757,3
38758,2
38759,1
38760,2
38761,3
38762,1
38763,2
38764,2
38765,0
38766,1
38767,2
38768,4
38769,0
38770,1
38771,1
38772,0
38773,3
38774,0
38775,2
38776,0
38777,1
38778,1
38779,3
38780,4
38781,2
38782,0
38783,0
38784,2
38785,1
38786,1
38787,0
38788,1
38789,2
38790,1
38791,0
38792,1
38793,0
38794,1
38795,2
38796,0
38797,1
38798,5
38799,0
38800,3
38801,2
38802,2
38803,0
38804,2
38805,3
38806,2
38807,1
38808,2
38809,0
38810,1
38811,2
38812,0
38813,0
38814,0
38815,0
38816,2
38817,1
38818,0
38819,0
38820,0
38821,0
38822,0
38823,0
38824,0
38825,2
38826,0
38827,3
38828,2
38829,1
38830,1
38831,2
38832,0
38833,1
38834,3
38835,4
38836,0
38837,4
38838,3
38839,2
38840,4
38841,2
38842,6
38843,0
38844,1
38845,2
38846,0
38847,1
38848,1
38849,0
38850,3
38851,0
38852,0
38853,0
38854,2
38855,2
38856,1
38857,0
38858,2
38859,0
38860,5
38861,0
38862,1
38863,1
38864,2
38865,3
38866,0
38867,4
38868,0
38869,1
38870,0
38871,1
38872,2
38873,2
38874,0
38875,1
38876,1
38877,2
38878,0
38879,1
38880,1
38881,1
38882,2
38883,0
38884,1
38885,5
38886,1
38887,0
38888,1
38889,1
38890,2
38891,0
38892,1
38893,3
38894,7
38895,2
38896,1
38897,2
38898,0
38899,1
38900,0
38901,2
38902,1
38903,2
38904,0
38905,1
38906,3
38907,3
38908,1
38909,2
38910,1
38911,0
38912,1
38913,0
38914,1
38915,0
38916,1
38917,0
38918,0
38919,1
38920,0
38921,0
38922,1
38923,1
38924,1
38925,0
38926,1
38927,0
38928,1
38929,0
38930,2
38931,2
38932,2
38933,2
38934,0
38935,0
38936,0
38937,3
38938,2
38939,3
38940,3
38941,2
38942,2
38943,0
38944,1
38945,0
38946,1
38947,2
38948,0
38949,1
38950,1
38951,1
38952,0
38953,1
38954,1
38955,3
38956,1
38957,2
38958,1
38959,0
38960,1
38961,2
38962,0
38963,2
38964,2
38965,1
38966,1
38967,1
38968,5
38969,0
38970,1
38971,0
38972,0
38973,0
38974,0
38975,1
38976,0
38977,0
38978,1
38979,1
38980,1
38981,2
38982,2
38983,0
38984,2
38985,0
38986,1
38987,1
38988,1
38989,2
38990,2
38991,2
38992,0
38993,1
38994,0
38995,0
38996,1
38997,0
38998,0
38999,2
39000,0
39001,2
39002,2
39003,0
39004,0
39005,1
39006,1
39007,0
39008,1
39009,0
39010,2
39011,1
39012,1
39013,1
39014,1
39015,2
39016,1
39017,3
39018,0
39019,0
39020,0
39021,0
39022,2
39023,1
39024,1
39025,1
39026,1
39027,0
39028,1
39029,7
39030,3
39031,0
39032,0
39033,1
39034,1
39035,0
39036,2
39037,1
39038,5
39039,1
39040,2
39041,0
39042,1
39043,4
39044,1
39045,4
39046,3
39047,5
39048,0
39049,1
39050,1
39051,1
39052,1
39053,2
39054,0
39055,0
39056,0
39057,2
39058,1
39059,0
39060,0
39061,0
39062,1
39063,2
39064,2
39065,1
39066,1
39067,1
39068,0
39069,0
39070,0
39071,0
39072,0
39073,1
39074,0
39075,0
39076,0
39077,2
39078,1
39079,3
39080,0
39081,2
39082,1
39083,2
39084,1
39085,0
39086,2
39087,3
39088,0
39089,1
39090,0
39091,2
39092,0
39093,0
39094,0
39095,2
39096,0
39097,0
39098,0
39099,1
39100,0
39101,1
39102,5
39103,1
39104,1
39105,1
39106,0
39107,1
39108,2
39109,1
39110,1
39111,0
39112,1
39113,0
39114,1
39115,1
39116,6
39117,4
39118,1
39119,1
39120,0
39121,3
39122,7
39123,0
39124,0
39125,3
39126,1
39127,1
39128,3
39129,2
39130,0
39131,0
39132,2
39133,2
39134,1
39135,3
39136,0
39137,1
39138,2
39139,2
39140,3
39141,1
39142,0
39143,1
39144,2
39145,2
39146,0
39147,1
39148,0
39149,2
39150,0
39151,0
39152,1
39153,1
39154,0
39155,2
39156,0
39157,0
39158,0
39159,2
39160,2
39161,0
39162,2
39163,3
39164,1
39165,1
39166,0
39167,1
39168,3
39169,3
39170,3
39171,0
39172,1
39173,0
39174,0
39175,1
39176,1
39177,0
39178,1
39179,0
39180,1
39181,0
39182,0
39183,0
39184,0
39185,0
39186,2
39187,0
39188,1
39189,0
39190,2
39191,0
39192,2
39193,1
39194,3
39195,0
39196,1
39197,1
39198,2
39199,0
39200,1
39201,2
39202,8
39203,0
39204,0
39205,1
39206,3
39207,3
39208,0
39209,0
39210,2
39211,0
39212,2
39213,2
39214,3
39215,1
39216,4
39217,5
39218,0
39219,0
39220,1
39221,1
39222,1
39223,0
39224,0
39225,2
39226,2
39227,1
39228,7
39229,0
39230,4
39231,3
39232,0
39233,1
39234,4
39235,2
39236,2
39237,3
39238,0
39239,0
39240,4
39241,0
39242,7
39243,1
39244,4
39245,0
39246,0
39247,0
39248,1
39249,2
39250,2
39251,2
39252,2
39253,4
39254,3
39255,0
39256,3
39257,0
39258,2
39259,0
39260,1
39261,2
39262,1
39263,0
39264,1
39265,4
39266,3
39267,12
39268,5
39269,2
39270,3
39271,0
39272,1
39273,3
39274,1
39275,1
39276,3
39277,1
39278,1
39279,3
39280,3
39281,1
39282,1
39283,2
39284,1
39285,1
39286,0
39287,2
39288,2
39289,1
39290,1
39291,1
39292,3
39293,1
39294,2
39295,1
39296,2
39297,1
39298,2
39299,1
39300,3
39301,2
39302,2
39303,0
39304,0
39305,1
39306,1
39307,1
39308,1
39309,0
39310,0
39311,2
39312,0
39313,2
39314,0
39315,1
39316,0
39317,1
39318,1
39319,0
39320,1
39321,2
39322,1
39323,2
39324,1
39325,0
39326,0
39327,1
39328,1
39329,2
39330,3
39331,0
39332,1
39333,1
39334,0
39335,2
39336,2
39337,1
39338,2
39339,5
39340,1
39341,1
39342,2
39343,2
39344,2
39345,0
39346,0
39347,1
39348,3
39349,4
39350,1
39351,2
39352,1
39353,0
39354,3
39355,1
39356,0
39357,0
39358,0
39359,0
39360,0
39361,2
39362,2
39363,1
39364,1
39365,2
39366,1
39367,0
39368,3
39369,0
39370,4
39371,0
39372,2
39373,2
39374,1
39375,0
39376,1
39377,1
39378,0
39379,7
39380,0
39381,1
39382,3
39383,2
39384,0
39385,1
39386,0
39387,2
39388,0
39389,0
39390,1
39391,0
39392,1
39393,1
39394,1
39395,0
39396,1
39397,0
39398,0
39399,0
39400,1
39401,2
39402,0
39403,3
39404,0
39405,1
39406,0
39407,1
39408,4
39409,0
39410,2
39411,1
39412,1
39413,1
39414,4
39415,4
39416,1
39417,0
39418,0
39419,3
39420,1
39421,0
39422,0
39423,3
39424,1
39425,1
39426,0
39427,2
39428,2
39429,1
39430,2
39431,1
39432,1
39433,2
39434,1
39435,1
39436,3
39437,1
39438,4
39439,4
39440,6
39441,2
39442,3
39443,2
39444,2
39445,2
39446,1
39447,0
39448,1
39449,1
39450,0
39451,0
39452,1
39453,1
39454,1
39455,2
39456,2
39457,0
39458,1
39459,1
39460,1
39461,4
39462,1
39463,0
39464,0
39465,0
39466,3
39467,6
39468,2
39469,2
39470,1
39471,1
39472,0
39473,2
39474,1
39475,2
39476,1
39477,1
39478,1
39479,1
39480,0
39481,0
39482,1
39483,0
39484,1
39485,4
39486,3
39487,2
39488,1
39489,0
39490,0
39491,0
39492,0
39493,1
39494,0
39495,1
39496,0
39497,1
39498,0
39499,1
39500,1
39501,1
39502,0
39503,1
39504,1
39505,3
39506,1
39507,1
39508,0
39509,2
39510,1
39511,0
39512,0
39513,2
39514,3
39515,0
39516,4
39517,0
39518,0
39519,0
39520,0
39521,1
39522,1
39523,1
39524,1
39525,1
39526,0
39527,52
39528,2
39529,1
39530,0
39531,0
39532,1
39533,1
39534,1
39535,1
39536,2
39537,1
39538,2
39539,0
39540,1
39541,4
39542,0
39543,3
39544,4
39545,2
39546,1
39547,0
39548,2
39549,1
39550,1
39551,0
39552,3
39553,1
39554,1
39555,0
39556,1
39557,2
39558,3
39559,1
39560,4
39561,1
39562,1
39563,0
39564,0
39565,2
39566,2
39567,0
39568,1
39569,0
39570,0
39571,2
39572,0
39573,2
39574,1
39575,2
39576,2
39577,0
39578,0
39579,0
39580,1
39581,0
39582,1
39583,1
39584,0
39585,1
39586,0
39587,1
39588,1
39589,3
39590,4
39591,0
39592,0
39593,3
39594,3
39595,3
39596,1
39597,2
39598,0
39599,0
39600,0
39601,0
39602,3
39603,2
39604,3
39605,1
39606,0
39607,0
39608,3
39609,1
39610,2
39611,0
39612,3
39613,1
39614,1
39615,2
39616,1
39617,1
39618,0
39619,0
39620,0
39621,2
39622,2
39623,3
39624,0
39625,2
39626,2
39627,0
39628,2
39629,1
39630,1
39631,0
39632,2
39633,1
39634,2
39635,0
39636,0
39637,1
39638,0
39639,0
39640,0
39641,3
39642,9
39643,2
39644,1
39645,2
39646,2
39647,2
39648,1
39649,0
39650,1
39651,0
39652,0
39653,1
39654,0
39655,0
39656,2
39657,3
39658,2
39659,2
39660,2
39661,1
39662,0
39663,1
39664,0
39665,1
39666,0
39667,1
39668,0
39669,0
39670,3
39671,2
39672,0
39673,1
39674,0
39675,3
39676,0
39677,2
39678,0
39679,2
39680,1
39681,3
39682,0
39683,0
39684,1
39685,0
39686,1
39687,4
39688,2
39689,0
39690,1
39691,1
39692,3
39693,0
39694,1
39695,4
39696,0
39697,0
39698,2
39699,1
39700,0
39701,2
39702,1
39703,1
39704,0
39705,1
39706,4
39707,2
39708,2
39709,0
39710,0
39711,1
39712,0
39713,2
39714,1
39715,2
39716,1
39717,0
39718,2
39719,0
39720,0
39721,0
39722,2
39723,0
39724,0
39725,0
39726,0
39727,1
39728,0
39729,2
39730,0
39731,2
39732,0
39733,1
39734,0
39735,3
39736,0
39737,0
39738,4
39739,1
39740,0
39741,0
39742,1
39743,2
39744,1
39745,0
39746,1
39747,1
39748,1
39749,1
39750,1
39751,2
39752,2
39753,1
39754,5
39755,1
39756,1
39757,0
39758,3
39759,0
39760,0
39761,1
39762,2
39763,1
39764,5
39765,1
39766,5
39767,0
39768,1
39769,1
39770,1
39771,1
39772,2
39773,1
39774,6
39775,2
39776,2
39777,1
39778,1
39779,0
39780,1
39781,1
39782,2
39783,0
39784,1
39785,2
39786,0
39787,2
39788,0
39789,1
39790,1
39791,0
39792,0
39793,0
39794,2
39795,1
39796,1
39797,1
39798,3
39799,0
39800,0
39801,1
39802,2
39803,2
39804,1
39805,3
39806,0
39807,0
39808,1
39809,1
39810,4
39811,0
39812,2
39813,0
39814,1
39815,1
39816,2
39817,2
39818,3
39819,2
39820,1
39821,0
39822,3
39823,1
39824,2
39825,1
39826,3
39827,0
39828,2
39829,0
39830,3
39831,0
39832,2
39833,2
39834,1
39835,2
39836,1
39837,2
39838,2
39839,0
39840,1
39841,1
39842,0
39843,1
39844,1
39845,1
39846,1
39847,4
39848,3
39849,1
39850,0
39851,3
39852,1
39853,0
39854,1
39855,0
39856,0
39857,2
39858,1
39859,1
39860,0
39861,2
39862,2
39863,4
39864,0
39865,1
39866,1
39867,2
39868,0
39869,0
39870,0
39871,2
39872,5
39873,0
39874,1
39875,0
39876,1
39877,1
39878,1
39879,1
39880,3
39881,2
39882,2
39883,2
39884,0
39885,0
39886,1
39887,0
39888,0
39889,0
39890,1
39891,0
39892,0
39893,3
39894,1
39895,1
39896,1
39897,1
39898,0
39899,0
39900,2
39901,0
39902,1
39903,1
39904,2
39905,0
39906,3
39907,1
39908,0
39909,0
39910,1
39911,1
39912,3
39913,1
39914,1
39915,2
39916,2
39917,2
39918,1
39919,2
39920,4
39921,0
39922,2
39923,1
39924,1
39925,4
39926,2
39927,0
39928,1
39929,0
39930,0
39931,1
39932,0
39933,1
39934,0
39935,1
39936,1
39937,2
39938,0
39939,1
39940,1
39941,3
39942,1
39943,2
39944,0
39945,1
39946,0
39947,1
39948,0
39949,0
39950,0
39951,0
39952,0
39953,0
39954,2
39955,1
39956,3
39957,1
39958,2
39959,4
39960,1
39961,0
39962,1
39963,0
39964,1
39965,0
39966,0
39967,0
39968,1
39969,1
39970,2
39971,0
39972,0
39973,0
39974,2
39975,1
39976,1
39977,5
39978,0
39979,3
39980,1
39981,0
39982,1
39983,3
39984,1
39985,13
39986,0
39987,2
39988,3
39989,3
39990,3
39991,1
39992,1
39993,3
39994,0
39995,2
39996,1
39997,2
39998,0
39999,3
40000,2
40001,0
40002,0
40003,1
40004,2
40005,0
40006,1
40007,0
40008,1
40009,1
40010,1
40011,1
40012,0
40013,1
40014,0
40015,3
40016,2
40017,1
40018,0
40019,0
40020,1
40021,1
40022,2
40023,3
40024,1
40025,2
40026,2
40027,4
40028,2
40029,0
40030,3
40031,0
40032,2
40033,1
40034,2
40035,0
40036,1
40037,0
40038,2
40039,4
40040,0
40041,5
40042,2
40043,1
40044,1
40045,0
40046,2
40047,0
40048,1
40049,1
40050,1
40051,0
40052,2
40053,1
40054,4
40055,1
40056,0
40057,3
40058,1
40059,1
40060,1
40061,2
40062,1
40063,1
40064,2
40065,2
40066,0
40067,1
40068,0
40069,1
40070,3
40071,2
40072,4
40073,1
40074,0
40075,1
40076,2
40077,0
40078,0
40079,1
40080,1
40081,0
40082,0
40083,0
40084,0
40085,0
40086,0
40087,0
40088,0
40089,1
40090,3
40091,2
40092,1
40093,2
40094,7
40095,3
40096,1
40097,3
40098,2
40099,4
40100,2
40101,0
40102,3
40103,0
40104,1
40105,2
40106,2
40107,0
40108,0
40109,1
40110,4
40111,2
40112,2
40113,0
40114,0
40115,0
40116,0
40117,0
40118,0
40119,1
40120,1
40121,0
40122,1
40123,1
40124,3
40125,3
40126,1
40127,6
40128,4
40129,2
40130,2
40131,1
40132,1
40133,1
40134,0
40135,3
40136,4
40137,0
40138,0
40139,2
40140,3
40141,0
40142,1
40143,1
40144,1
40145,2
40146,0
40147,0
40148,0
40149,2
40150,1
40151,2
40152,0
40153,1
40154,1
40155,0
40156,1
40157,1
40158,2
40159,1
40160,1
40161,1
40162,1
40163,0
40164,0
40165,1
40166,0
40167,0
40168,2
40169,0
40170,0
40171,3
40172,1
40173,2
40174,0
40175,2
40176,2
40177,6
40178,0
40179,0
40180,0
40181,3
40182,0
40183,0
40184,1
40185,0
40186,0
40187,5
40188,3
40189,0
40190,2
40191,0
40192,0
40193,0
40194,0
40195,1
40196,0
40197,0
40198,1
40199,2
40200,1
40201,0
40202,1
40203,1
40204,3
40205,0
40206,1
40207,1
40208,4
40209,0
40210,1
40211,1
40212,1
40213,0
40214,2
40215,3
40216,4
40217,1
40218,6
40219,1
40220,0
40221,0
40222,5
40223,1
40224,1
40225,3
40226,3
40227,0
40228,3
40229,0
40230,2
40231,3
40232,5
40233,1
40234,0
40235,2
40236,2
40237,14
40238,5
40239,4
40240,1
40241,2
40242,0
40243,2
40244,1
40245,1
40246,1
40247,1
40248,1
40249,2
40250,1
40251,0
40252,7
40253,0
40254,0
40255,0
40256,3
40257,1
40258,1
40259,4
40260,0
40261,0
40262,1
40263,0
40264,0
40265,0
40266,4
40267,1
40268,0
40269,0
40270,4
40271,2
40272,0
40273,7
40274,3
40275,1
40276,0
40277,4
40278,2
40279,2
40280,0
40281,2
40282,9
40283,4
40284,3
40285,0
40286,1
40287,3
40288,1
40289,3
40290,1
40291,2
40292,2
40293,0
40294,2
40295,1
40296,0
40297,1
40298,1
40299,2
40300,2
40301,2
40302,1
40303,3
40304,4
40305,6
40306,1
40307,1
40308,1
40309,1
40310,0
40311,4
40312,7
40313,2
40314,1
40315,5
40316,0
40317,5
40318,0
40319,3
40320,3
40321,2
40322,0
40323,1
40324,1
40325,2
40326,1
40327,0
40328,2
40329,4
40330,2
40331,0
40332,0
40333,0
40334,2
40335,2
40336,1
40337,1
40338,2
40339,0
40340,0
40341,1
40342,0
40343,3
40344,2
40345,1
40346,1
40347,0
40348,1
40349,2
40350,1
40351,2
40352,3
40353,3
40354,1
40355,5
40356,6
40357,0
40358,0
40359,2
40360,1
40361,3
40362,2
40363,0
40364,2
40365,2
40366,0
40367,1
40368,2
40369,1
40370,0
40371,1
40372,1
40373,0
40374,1
40375,0
40376,1
40377,0
40378,0
40379,1
40380,2
40381,0
40382,0
40383,3
40384,0
40385,0
40386,0
40387,3
40388,1
40389,0
40390,1
40391,0
40392,2
40393,1
40394,3
40395,1
40396,3
40397,1
40398,0
40399,4
40400,2
40401,0
40402,1
40403,0
40404,1
40405,1
40406,2
40407,2
40408,0
40409,2
40410,4
40411,0
40412,1
40413,0
40414,0
40415,2
40416,0
40417,0
40418,0
40419,2
40420,0
40421,0
40422,0
40423,0
40424,0
40425,1
40426,1
40427,0
40428,5
40429,0
40430,1
40431,0
40432,0
40433,1
40434,1
40435,1
40436,0
40437,0
40438,0
40439,1
40440,1
40441,6
40442,1
40443,6
40444,0
40445,5
40446,0
40447,0
40448,1
40449,2
40450,0
40451,0
40452,0
40453,1
40454,1
40455,1
40456,2
40457,2
40458,1
40459,0
40460,0
40461,2
40462,2
40463,1
40464,2
40465,3
40466,1
40467,0
40468,1
40469,0
40470,0
40471,1
40472,0
40473,0
40474,0
40475,0
40476,0
40477,1
40478,0
40479,0
40480,0
40481,1
40482,0
40483,1
40484,0
40485,0
40486,2
40487,2
40488,1
40489,2
40490,1
40491,2
40492,0
40493,3
40494,2
40495,2
40496,1
40497,1
40498,3
40499,1
40500,1
40501,1
40502,2
40503,1
40504,0
40505,0
40506,1
40507,1
40508,1
40509,3
40510,0
40511,1
40512,2
40513,0
40514,7
40515,1
40516,0
40517,1
40518,0
40519,2
40520,2
40521,1
40522,1
40523,4
40524,2
40525,0
40526,0
40527,1
40528,3
40529,0
40530,1
40531,2
40532,1
40533,1
40534,3
40535,1
40536,4
40537,1
40538,0
40539,0
40540,2
40541,0
40542,1
40543,0
40544,0
40545,2
40546,0
40547,0
40548,3
40549,1
40550,1
40551,2
40552,2
40553,0
40554,2
40555,1
40556,1
40557,2
40558,1
40559,1
40560,4
40561,1
40562,0
40563,3
40564,2
40565,0
40566,1
40567,0
40568,0
40569,1
40570,2
40571,1
40572,2
40573,2
40574,0
40575,2
40576,3
40577,0
40578,0
40579,0
40580,2
40581,1
40582,0
40583,0
40584,0
40585,0
40586,2
40587,0
40588,5
40589,4
40590,1
40591,2
40592,0
40593,5
40594,1
40595,11
40596,2
40597,2
40598,0
40599,2
40600,0
40601,1
40602,4
40603,1
40604,0
40605,0
40606,2
40607,1
40608,1
40609,3
40610,4
40611,2
40612,0
40613,3
40614,1
40615,0
40616,1
40617,3
40618,3
40619,1
40620,0
40621,0
40622,1
40623,1
40624,0
40625,0
40626,0
40627,1
40628,1
40629,0
40630,1
40631,3
40632,0
40633,0
40634,0
40635,1
40636,1
40637,0
40638,2
40639,1
40640,2
40641,1
40642,0
40643,1
40644,1
40645,1
40646,0
40647,0
40648,0
40649,0
40650,2
40651,3
40652,3
40653,5
40654,0
40655,2
40656,2
40657,7
40658,2
40659,0
40660,5
40661,1
40662,1
40663,2
40664,0
40665,1
40666,1
40667,3
40668,0
40669,0
40670,1
40671,2
40672,0
40673,0
40674,3
40675,2
40676,2
40677,4
40678,1
40679,1
40680,1
40681,2
40682,4
40683,1
40684,2
40685,2
40686,1
40687,0
40688,0
40689,0
40690,5
40691,5
40692,2
40693,0
40694,3
40695,0
40696,2
40697,0
40698,1
40699,1
40700,2
40701,1
40702,0
40703,0
40704,0
40705,1
40706,1
40707,0
40708,0
40709,1
40710,3
40711,0
40712,0
40713,1
40714,1
40715,0
40716,2
40717,0
40718,0
40719,1
40720,1
40721,1
40722,1
40723,2
40724,0
40725,2
40726,0
40727,0
40728,1
40729,1
40730,0
40731,1
40732,2
40733,0
40734,3
40735,1
40736,3
40737,1
40738,0
40739,1
40740,1
40741,0
40742,0
40743,0
40744,0
40745,2
40746,0
40747,0
40748,0
40749,0
40750,2
40751,0
40752,1
40753,0
40754,0
40755,1
40756,0
40757,1
40758,4
40759,2
40760,0
40761,0
40762,1
40763,2
40764,0
40765,0
40766,2
40767,0
40768,0
40769,0
40770,0
40771,0
40772,1
40773,0
40774,0
40775,0
40776,0
40777,0
40778,2
40779,0
40780,1
40781,0
40782,0
40783,1
40784,4
40785,1
40786,4
40787,4
40788,2
40789,5
40790,1
40791,3
40792,1
40793,0
40794,0
40795,4
40796,4
40797,3
40798,0
40799,5
40800,1
40801,1
40802,0
40803,1
40804,0
40805,0
40806,2
40807,0
40808,0
40809,1
40810,1
40811,1
40812,1
40813,0
40814,3
40815,0
40816,0
40817,1
40818,1
40819,0
40820,0
40821,1
40822,5
40823,1
40824,0
40825,2
40826,1
40827,1
40828,0
40829,0
40830,0
40831,0
40832,3
40833,4
40834,0
40835,0
40836,2
40837,0
40838,2
40839,1
40840,1
40841,3
40842,1
40843,2
40844,3
40845,3
40846,2
40847,2
40848,0
40849,0
40850,4
40851,2
40852,3
40853,0
40854,1
40855,0
40856,1
40857,0
40858,0
40859,2
40860,0
40861,0
40862,2
40863,0
40864,3
40865,0
40866,1
40867,3
40868,1
40869,0
40870,1
40871,2
40872,2
40873,0
40874,0
40875,4
40876,1
40877,0
40878,2
40879,0
40880,1
40881,0
40882,2
40883,2
40884,0
40885,0
40886,1
40887,3
40888,1
40889,0
40890,1
40891,0
40892,0
40893,0
40894,3
40895,3
40896,0
40897,0
40898,0
40899,4
40900,0
40901,3
40902,1
40903,1
40904,0
40905,1
40906,1
40907,0
40908,0
40909,0
40910,0
40911,2
40912,4
40913,3
40914,1
40915,0
40916,0
40917,0
40918,0
40919,1
40920,1
40921,1
40922,2
40923,3
40924,0
40925,3
40926,0
40927,2
40928,1
40929,0
40930,0
40931,0
40932,2
40933,0
40934,0
40935,1
40936,3
40937,3
40938,2
40939,0
40940,3
40941,8
40942,2
40943,1
40944,1
40945,0
40946,1
40947,3
40948,2
40949,3
40950,5
40951,0
40952,2
40953,0
40954,1
40955,0
40956,0
40957,2
40958,3
40959,10
40960,3
40961,1
40962,1
40963,0
40964,3
40965,1
40966,4
40967,1
40968,3
40969,0
40970,1
40971,1
40972,0
40973,1
40974,0
40975,3
40976,1
40977,2
40978,3
40979,1
40980,1
40981,0
40982,0
40983,0
40984,1
40985,0
40986,0
40987,0
40988,0
40989,0
40990,2
40991,1
40992,3
40993,1
40994,1
40995,0
40996,2
40997,0
40998,1
40999,0
41000,1
41001,0
41002,1
41003,4
41004,1
41005,0
41006,1
41007,0
41008,1
41009,2
41010,1
41011,0
41012,2
41013,2
41014,2
41015,3
41016,3
41017,2
41018,0
41019,1
41020,1
41021,1
41022,0
41023,1
41024,4
41025,0
41026,3
41027,2
41028,1
41029,5
41030,1
41031,6
41032,4
41033,0
41034,3
41035,3
41036,5
41037,1
41038,5
41039,1
41040,1
41041,2
41042,0
41043,2
41044,2
41045,1
41046,3
41047,1
41048,0
41049,0
41050,3
41051,2
41052,5
41053,1
41054,4
41055,2
41056,9
41057,0
41058,2
41059,5
41060,1
41061,5
41062,0
41063,1
41064,2
41065,0
41066,4
41067,6
41068,0
41069,2
41070,2
41071,3
41072,1
41073,1
41074,2
41075,1
41076,1
41077,2
41078,3
41079,2
41080,2
41081,2
41082,0
41083,3
41084,0
41085,1
41086,4
41087,0
41088,2
41089,1
41090,3
41091,1
41092,1
41093,6
41094,0
41095,1
41096,1
41097,3
41098,0
41099,1
41100,0
41101,1
41102,1
41103,2
41104,0
41105,0
41106,1
41107,2
41108,1
41109,1
41110,0
41111,1
41112,1
41113,0
41114,0
41115,0
41116,4
41117,0
41118,0
41119,0
41120,0
41121,0
41122,0
41123,2
41124,0
41125,1
41126,0
41127,2
41128,0
41129,1
41130,1
41131,2
41132,0
41133,1
41134,5
41135,1
41136,0
41137,1
41138,0
41139,1
41140,1
41141,3
41142,2
41143,1
41144,3
41145,0
41146,1
41147,3
41148,2
41149,1
41150,0
41151,1
41152,1
41153,1
41154,0
41155,2
41156,1
41157,0
41158,0
41159,2
41160,0
41161,2
41162,1
41163,1
41164,1
41165,1
41166,1
41167,0
41168,0
41169,1
41170,1
41171,1
41172,0
41173,0
41174,1
41175,0
41176,0
41177,2
41178,0
41179,3
41180,1
41181,1
41182,1
41183,1
41184,1
41185,2
41186,1
41187,6
41188,4
41189,2
41190,2
41191,0
41192,0
41193,0
41194,2
41195,0
41196,0
41197,0
41198,0
41199,7
41200,0
41201,0
41202,2
41203,10
41204,2
41205,1
41206,2
41207,2
41208,0
41209,1
41210,1
41211,1
41212,1
41213,1
41214,2
41215,2
41216,2
41217,2
41218,0
41219,1
41220,3
41221,0
41222,0
41223,1
41224,0
41225,0
41226,2
41227,1
41228,2
41229,0
41230,2
41231,2
41232,1
41233,2
41234,0
41235,0
41236,0
41237,0
41238,0
41239,2
41240,0
41241,0
41242,1
41243,1
41244,0
41245,0
41246,1
41247,0
41248,0
41249,0
41250,0
41251,1
41252,1
41253,0
41254,1
41255,2
41256,2
41257,1
41258,1
41259,1
41260,2
41261,1
41262,1
41263,1
41264,0
41265,0
41266,1
41267,1
41268,3
41269,1
41270,1
41271,0
41272,0
41273,2
41274,0
41275,0
41276,0
41277,1
41278,0
41279,2
41280,2
41281,1
41282,1
41283,2
41284,0
41285,0
41286,0
41287,1
41288,1
41289,5
41290,0
41291,0
41292,0
41293,3
41294,1
41295,5
41296,0
41297,0
41298,6
41299,0
41300,3
41301,2
41302,5
41303,1
41304,0
41305,1
41306,2
41307,1
41308,4
41309,0
41310,1
41311,1
41312,0
41313,0
41314,1
41315,1
41316,3
41317,3
41318,0
41319,0
41320,1
41321,2
41322,1
41323,3
41324,1
41325,2
41326,1
41327,0
41328,3
41329,0
41330,2
41331,1
41332,0
41333,1
41334,2
41335,0
41336,1
41337,1
41338,0
41339,1
41340,0
41341,0
41342,2
41343,2
41344,1
41345,2
41346,2
41347,2
41348,4
41349,0
41350,1
41351,2
41352,1
41353,1
41354,5
41355,0
41356,1
41357,2
41358,0
41359,2
41360,1
41361,1
41362,2
41363,7
41364,1
41365,0
41366,2
41367,2
41368,1
41369,0
41370,2
41371,1
41372,1
41373,1
41374,4
41375,1
41376,1
41377,0
41378,2
41379,0
41380,0
41381,0
41382,1
41383,2
41384,2
41385,0
41386,1
41387,3
41388,0
41389,1
41390,6
41391,0
41392,0
41393,3
41394,0
41395,0
41396,4
41397,0
41398,0
41399,1
41400,3
41401,2
41402,1
41403,0
41404,2
41405,1
41406,4
41407,0
41408,0
41409,0
41410,2
41411,1
41412,0
41413,1
41414,1
41415,4
41416,3
41417,0
41418,0
41419,2
41420,1
41421,3
41422,0
41423,1
41424,2
41425,3
41426,1
41427,0
41428,1
41429,0
41430,1
41431,0
41432,0
41433,1
41434,4
41435,0
41436,0
41437,1
41438,0
41439,2
41440,0
41441,1
41442,2
41443,1
41444,0
41445,2
41446,1
41447,0
41448,1
41449,0
41450,0
41451,0
41452,2
41453,2
41454,6
41455,0
41456,0
41457,4
41458,1
41459,0
41460,1
41461,0
41462,1
41463,1
41464,1
41465,1
41466,1
41467,2
41468,0
41469,0
41470,0
41471,3
41472,1
41473,2
41474,0
41475,2
41476,2
41477,2
41478,7
41479,9
41480,0
41481,14
41482,8
41483,3
41484,4
41485,2
41486,2
41487,1
41488,0
41489,4
41490,0
41491,0
41492,1
41493,0
41494,1
41495,1
41496,0
41497,0
41498,0
41499,1
41500,2
41501,1
41502,1
41503,1
41504,1
41505,1
41506,0
41507,2
41508,0
41509,2
41510,0
41511,0
41512,2
41513,2
41514,0
41515,0
41516,0
41517,0
41518,1
41519,2
41520,1
41521,1
41522,0
41523,2
41524,3
41525,2
41526,0
41527,2
41528,0
41529,1
41530,2
41531,0
41532,1
41533,6
41534,3
41535,5
41536,2
41537,0
41538,2
41539,1
41540,0
41541,1
41542,0
41543,2
41544,3
41545,3
41546,3
41547,0
41548,4
41549,1
41550,0
41551,2
41552,2
41553,0
41554,2
41555,2
41556,1
41557,1
41558,2
41559,3
41560,2
41561,0
41562,0
41563,4
41564,3
41565,0
41566,0
41567,1
41568,4
41569,0
41570,1
41571,1
41572,1
41573,2
41574,0
41575,2
41576,2
41577,2
41578,0
41579,1
41580,1
41581,0
41582,3
41583,0
41584,1
41585,2
41586,0
41587,0
41588,0
41589,2
41590,2
41591,0
41592,0
41593,5
41594,2
41595,1
41596,4
41597,0
41598,0
41599,0
41600,2
41601,2
41602,1
41603,3
41604,2
41605,2
41606,2
41607,2
41608,1
41609,2
41610,2
41611,2
41612,2
41613,0
41614,0
41615,1
41616,0
41617,1
41618,0
41619,2
41620,3
41621,0
41622,1
41623,2
41624,3
41625,1
41626,2
41627,0
41628,3
41629,1
41630,3
41631,0
41632,0
41633,1
41634,1
41635,2
41636,0
41637,0
41638,0
41639,0
41640,2
41641,0
41642,0
41643,1
41644,2
41645,1
41646,0
41647,0
41648,1
41649,0
41650,0
41651,2
41652,2
41653,3
41654,1
41655,0
41656,0
41657,0
41658,3
41659,3
41660,0
41661,0
41662,1
41663,1
41664,1
41665,4
41666,1
41667,7
41668,1
41669,0
41670,0
41671,2
41672,0
41673,4
41674,2
41675,0
41676,1
41677,1
41678,1
41679,6
41680,0
41681,1
41682,4
41683,3
41684,7
41685,0
41686,2
41687,1
41688,1
41689,1
41690,0
41691,2
41692,1
41693,1
41694,1
41695,2
41696,1
41697,2
41698,0
41699,0
41700,3
41701,4
41702,0
41703,2
41704,0
41705,2
41706,0
41707,0
41708,2
41709,0
41710,2
41711,0
41712,0
41713,0
41714,1
41715,0
41716,1
41717,3
41718,1
41719,0
41720,1
41721,0
41722,1
41723,1
41724,0
41725,1
41726,1
41727,2
41728,0
41729,0
41730,0
41731,2
41732,2
41733,10
41734,1
41735,1
41736,4
41737,1
41738,0
41739,1
41740,2
41741,2
41742,0
41743,1
41744,1
41745,2
41746,1
41747,1
41748,1
41749,1
41750,1
41751,0
41752,0
41753,0
41754,3
41755,1
41756,0
41757,0
41758,1
41759,2
41760,0
41761,0
41762,0
41763,0
41764,1
41765,0
41766,2
41767,0
41768,1
41769,3
41770,1
41771,0
41772,0
41773,0
41774,3
41775,1
41776,0
41777,0
41778,0
41779,1
41780,1
41781,1
41782,1
41783,1
41784,1
41785,1
41786,0
41787,2
41788,1
41789,1
41790,0
41791,1
41792,2
41793,1
41794,0
41795,0
41796,0
41797,0
41798,2
41799,1
41800,0
41801,0
41802,1
41803,2
41804,0
41805,0
41806,1
41807,1
41808,3
41809,4
41810,7
41811,1
41812,2
41813,8
41814,2
41815,3
41816,2
41817,0
41818,1
41819,1
41820,6
41821,0
41822,0
41823,2
41824,0
41825,0
41826,0
41827,1
41828,1
41829,1
41830,3
41831,2
41832,1
41833,1
41834,2
41835,1
41836,1
41837,1
41838,2
41839,3
41840,0
41841,1
41842,2
41843,0
41844,0
41845,0
41846,1
41847,0
41848,2
41849,0
41850,1
41851,1
41852,1
41853,3
41854,1
41855,1
41856,0
41857,1
41858,2
41859,1
41860,1
41861,0
41862,0
41863,1
41864,3
41865,0
41866,2
41867,1
41868,0
41869,0
41870,2
41871,0
41872,2
41873,0
41874,1
41875,5
41876,2
41877,1
41878,2
41879,1
41880,0
41881,1
41882,2
41883,1
41884,2
41885,0
41886,1
41887,3
41888,0
41889,0
41890,1
41891,0
41892,1
41893,0
41894,0
41895,1
41896,0
41897,0
41898,0
41899,5
41900,2
41901,2
41902,4
41903,0
41904,1
41905,1
41906,0
41907,0
41908,3
41909,3
41910,1
41911,6
41912,0
41913,1
41914,1
41915,0
41916,2
41917,0
41918,0
41919,0
41920,1
41921,1
41922,0
41923,0
41924,1
41925,4
41926,1
41927,1
41928,1
41929,0
41930,0
41931,2
41932,1
41933,1
41934,4
41935,6
41936,1
41937,1
41938,1
41939,3
41940,0
41941,3
41942,5
41943,1
41944,2
41945,2
41946,4
41947,2
41948,5
41949,0
41950,2
41951,3
41952,0
41953,3
41954,1
41955,0
41956,1
41957,1
41958,1
41959,0
41960,0
41961,0
41962,0
41963,0
41964,1
41965,3
41966,3
41967,1
41968,0
41969,8
41970,1
41971,5
41972,3
41973,0
41974,1
41975,0
41976,0
41977,1
41978,1
41979,1
41980,0
41981,1
41982,1
41983,1
41984,3
41985,3
41986,0
41987,0
41988,0
41989,0
41990,1
41991,2
41992,1
41993,3
41994,1
41995,2
41996,1
41997,0
41998,0
41999,0
42000,0
42001,2
42002,0
42003,5
42004,1
42005,3
42006,1
42007,0
42008,0
42009,0
42010,0
42011,3
42012,0
42013,1
42014,0
42015,0
42016,0
42017,2
42018,0
42019,0
42020,0
42021,1
42022,0
42023,1
42024,0
42025,0
42026,1
42027,2
42028,1
42029,3
42030,2
42031,4
42032,0
42033,2
42034,0
42035,0
42036,2
42037,3
42038,3
42039,1
42040,4
42041,3
42042,0
42043,1
42044,4
42045,0
42046,1
42047,0
42048,1
42049,1
42050,1
42051,0
42052,1
42053,0
42054,0
42055,1
42056,1
42057,0
42058,0
42059,0
42060,2
42061,0
42062,1
42063,1
42064,0
42065,6
42066,1
42067,1
42068,0
42069,1
42070,1
42071,1
42072,2
42073,1
42074,0
42075,1
42076,0
42077,0
42078,4
42079,0
42080,0
42081,3
42082,1
42083,1
42084,0
42085,3
42086,2
42087,0
42088,2
42089,3
42090,0
42091,0
42092,1
42093,1
42094,0
42095,0
42096,0
42097,1
42098,1
42099,2
42100,1
42101,1
42102,2
42103,0
42104,0
42105,0
42106,1
42107,0
42108,1
42109,0
42110,0
42111,0
42112,0
42113,4
42114,1
42115,2
42116,2
42117,0
42118,0
42119,0
42120,1
42121,0
42122,0
42123,1
42124,2
42125,1
42126,2
42127,1
42128,3
42129,1
42130,0
42131,4
42132,0
42133,3
42134,0
42135,0
42136,1
42137,0
42138,1
42139,3
42140,3
42141,0
42142,0
42143,2
42144,3
42145,4
42146,2
42147,0
42148,0
42149,0
42150,1
42151,1
42152,2
42153,0
42154,5
42155,2
42156,0
42157,0
42158,0
42159,2
42160,3
42161,0
42162,3
42163,1
42164,1
42165,1
42166,2
42167,1
42168,1
42169,0
42170,0
42171,0
42172,0
42173,1
42174,14
42175,5
42176,1
42177,0
42178,2
42179,1
42180,0
42181,0
42182,3
42183,1
42184,0
42185,1
42186,0
42187,1
42188,1
42189,0
42190,1
42191,1
42192,1
42193,0
42194,0
42195,1
42196,0
42197,0
42198,2
42199,0
42200,0
42201,0
42202,0
42203,0
42204,0
42205,0
42206,2
42207,4
42208,0
42209,0
42210,1
42211,4
42212,0
42213,0
42214,2
42215,1
42216,1
42217,1
42218,1
42219,3
42220,0
42221,1
42222,0
42223,1
42224,0
42225,2
42226,4
42227,2
42228,1
42229,2
42230,0
42231,1
42232,2
42233,0
42234,2
42235,4
42236,0
42237,4
42238,1
42239,2
42240,0
42241,2
42242,0
42243,1
42244,0
42245,0
42246,1
42247,0
42248,1
42249,1
42250,0
42251,1
42252,0
42253,3
42254,0
42255,0
42256,0
42257,1
42258,0
42259,1
42260,2
42261,0
42262,1
42263,0
42264,1
42265,1
42266,1
42267,2
42268,0
42269,2
42270,6
42271,3
42272,1
42273,0
42274,1
42275,2
42276,0
42277,1
42278,0
42279,1
42280,0
42281,0
42282,0
42283,1
42284,4
42285,2
42286,5
42287,1
42288,2
42289,2
42290,0
42291,1
42292,0
42293,1
42294,0
42295,1
42296,3
42297,0
42298,2
42299,1
42300,4
42301,0
42302,1
42303,1
42304,2
42305,1
42306,0
42307,1
42308,0
42309,2
42310,1
42311,1
42312,0
42313,1
42314,2
42315,2
42316,0
42317,1
42318,0
42319,0
42320,0
42321,1
42322,1
42323,0
42324,0
42325,1
42326,1
42327,1
42328,2
42329,0
42330,1
42331,1
42332,1
42333,5
42334,0
42335,1
42336,2
42337,2
42338,1
42339,3
42340,0
42341,0
42342,2
42343,0
42344,0
42345,1
42346,2
42347,0
42348,0
42349,0
42350,2
42351,0
42352,1
42353,0
42354,1
42355,1
42356,2
42357,2
42358,1
42359,2
42360,2
42361,0
42362,1
42363,1
42364,1
42365,2
42366,0
42367,2
42368,2
42369,0
42370,1
42371,1
42372,0
42373,3
42374,4
42375,0
42376,2
42377,5
42378,3
42379,0
42380,3
42381,0
42382,1
42383,1
42384,0
42385,0
42386,0
42387,0
42388,1
42389,2
42390,1
42391,0
42392,3
42393,0
42394,0
42395,1
42396,0
42397,1
42398,1
42399,1
42400,1
42401,0
42402,0
42403,2
42404,0
42405,2
42406,1
42407,1
42408,2
42409,2
42410,1
42411,0
42412,5
42413,1
42414,1
42415,1
42416,3
42417,0
42418,4
42419,1
42420,1
42421,0
42422,1
42423,1
42424,5
42425,2
42426,1
42427,2
42428,1
42429,2
42430,2
42431,0
42432,0
42433,0
42434,0
42435,1
42436,1
42437,3
42438,1
42439,2
42440,2
42441,2
42442,1
42443,3
42444,0
42445,0
42446,0
42447,0
42448,0
42449,0
42450,5
42451,2
42452,0
42453,0
42454,0
42455,0
42456,5
42457,3
42458,2
42459,3
42460,0
42461,4
42462,8
42463,6
42464,1
42465,4
42466,2
42467,1
42468,0
42469,3
42470,3
42471,1
42472,0
42473,0
42474,0
42475,1
42476,0
42477,4
42478,0
42479,3
42480,0
42481,1
42482,1
42483,0
42484,0
42485,0
42486,4
42487,1
42488,0
42489,0
42490,0
42491,1
42492,0
42493,0
42494,1
42495,0
42496,0
42497,1
42498,3
42499,1
42500,2
42501,3
42502,0
42503,1
42504,1
42505,0
42506,2
42507,1
42508,1
42509,3
42510,1
42511,2
42512,0
42513,1
42514,3
42515,0
42516,6
42517,0
42518,3
42519,0
42520,3
42521,2
42522,1
42523,0
42524,1
42525,0
42526,2
42527,0
42528,2
42529,0
42530,1
42531,1
42532,3
42533,1
42534,0
42535,2
42536,0
42537,0
42538,0
42539,0
42540,0
42541,0
42542,0
42543,0
42544,1
42545,2
42546,2
42547,0
42548,2
42549,2
42550,0
42551,1
42552,2
42553,2
42554,0
42555,2
42556,2
42557,3
42558,2
42559,2
42560,4
42561,4
42562,1
42563,1
42564,3
42565,1
42566,1
42567,1
42568,0
42569,1
42570,1
42571,0
42572,0
42573,2
42574,0
42575,0
42576,1
42577,1
42578,1
42579,1
42580,2
42581,1
42582,0
42583,3
42584,4
42585,2
42586,1
42587,1
42588,1
42589,0
42590,0
42591,2
42592,0
42593,0
42594,0
42595,0
42596,1
42597,0
42598,0
42599,2
42600,1
42601,0
42602,2
42603,0
42604,1
42605,2
42606,0
42607,0
42608,2
42609,4
42610,0
42611,0
42612,1
42613,0
42614,0
42615,0
42616,0
42617,0
42618,0
42619,0
42620,0
42621,3
42622,0
42623,1
42624,2
42625,0
42626,0
42627,2
42628,0
42629,1
42630,0
42631,0
42632,1
42633,1
42634,1
42635,2
42636,2
42637,0
42638,2
42639,0
42640,1
42641,1
42642,0
42643,0
42644,2
42645,0
42646,1
42647,0
42648,2
42649,2
42650,0
42651,1
42652,0
42653,1
42654,0
42655,0
42656,2
42657,2
42658,3
42659,0
42660,2
42661,1
42662,0
42663,0
42664,0
42665,3
42666,0
42667,0
42668,0
42669,3
42670,1
42671,1
42672,1
42673,1
42674,1
42675,2
42676,2
42677,1
42678,0
42679,5
42680,0
42681,1
42682,0
42683,1
42684,1
42685,2
42686,1
42687,4
42688,1
42689,3
42690,3
42691,0
42692,0
42693,1
42694,2
42695,0
42696,1
42697,0
42698,0
42699,0
42700,1
42701,0
42702,0
42703,2
42704,3
42705,1
42706,1
42707,2
42708,0
42709,1
42710,0
42711,1
42712,1
42713,1
42714,1
42715,0
42716,0
42717,0
42718,0
42719,3
42720,2
42721,0
42722,3
42723,3
42724,0
42725,1
42726,2
42727,2
42728,1
42729,0
42730,1
42731,0
42732,0
42733,0
42734,1
42735,1
42736,0
42737,1
42738,0
42739,1
42740,0
42741,1
42742,0
42743,2
42744,1
42745,0
42746,1
42747,0
42748,2
42749,0
42750,3
42751,0
42752,1
42753,1
42754,2
42755,3
42756,4
42757,1
42758,2
42759,3
42760,1
42761,3
42762,0
42763,3
42764,1
42765,2
42766,0
42767,3
42768,3
42769,1
42770,1
42771,1
42772,1
42773,2
42774,0
42775,0
42776,2
42777,1
42778,0
42779,2
42780,0
42781,0
42782,0
42783,1
42784,0
42785,1
42786,0
42787,1
42788,0
42789,1
42790,0
42791,0
42792,1
42793,0
42794,2
42795,1
42796,0
42797,1
42798,1
42799,2
42800,1
42801,0
42802,0
42803,1
42804,2
42805,2
42806,0
42807,1
42808,0
42809,0
42810,3
42811,0
42812,1
42813,0
42814,1
42815,0
42816,2
42817,1
42818,0
42819,1
42820,0
42821,2
42822,4
42823,1
42824,1
42825,2
42826,0
42827,2
42828,0
42829,1
42830,0
42831,0
42832,0
42833,1
42834,0
42835,2
42836,0
42837,1
42838,5
42839,1
42840,0
42841,0
42842,0
42843,0
42844,0
42845,4
42846,3
42847,0
42848,0
42849,2
42850,3
42851,0
42852,0
42853,4
42854,0
42855,1
42856,1
42857,2
42858,0
42859,0
42860,0
42861,1
42862,1
42863,0
42864,0
42865,1
42866,1
42867,1
42868,0
42869,0
42870,0
42871,0
42872,0
42873,1
42874,1
42875,0
42876,1
42877,3
42878,1
42879,1
42880,1
42881,0
42882,1
42883,0
42884,3
42885,0
42886,0
42887,1
42888,1
42889,0
42890,3
42891,6
42892,0
42893,0
42894,0
42895,0
42896,3
42897,1
42898,0
42899,1
42900,1
42901,0
42902,1
42903,1
42904,1
42905,1
42906,1
42907,1
42908,1
42909,1
42910,2
42911,5
42912,1
42913,0
42914,3
42915,1
42916,0
42917,2
42918,1
42919,2
42920,0
42921,2
42922,1
42923,0
42924,1
42925,2
42926,3
42927,1
42928,0
42929,1
42930,0
42931,4
42932,3
42933,0
42934,0
42935,1
42936,1
42937,2
42938,0
42939,1
42940,2
42941,0
42942,0
42943,0
42944,6
42945,1
42946,0
42947,0
42948,0
42949,1
42950,1
42951,1
42952,0
42953,1
42954,2
42955,0
42956,2
42957,1
42958,2
42959,3
42960,1
42961,0
42962,0
42963,5
42964,5
42965,0
42966,2
42967,1
42968,4
42969,0
42970,0
42971,2
42972,1
42973,2
42974,2
42975,0
42976,3
42977,0
42978,1
42979,0
42980,2
42981,1
42982,0
42983,0
42984,0
42985,3
42986,1
42987,0
42988,1
42989,1
42990,1
42991,1
42992,1
42993,2
42994,1
42995,0
42996,0
42997,0
42998,1
42999,2
43000,0
43001,0
43002,1
43003,1
43004,0
43005,3
43006,0
43007,0
43008,3
43009,0
43010,0
43011,0
43012,1
43013,2
43014,1
43015,1
43016,1
43017,0
43018,0
43019,3
43020,2
43021,0
43022,2
43023,0
43024,0
43025,0
43026,3
43027,0
43028,0
43029,0
43030,1
43031,3
43032,1
43033,0
43034,1
43035,0
43036,1
43037,0
43038,0
43039,2
43040,0
43041,0
43042,1
43043,2
43044,1
43045,4
43046,1
43047,1
43048,0
43049,1
43050,1
43051,1
43052,0
43053,1
43054,2
43055,0
43056,0
43057,0
43058,2
43059,2
43060,0
43061,2
43062,0
43063,0
43064,0
43065,0
43066,1
43067,0
43068,3
43069,1
43070,0
43071,0
43072,0
43073,0
43074,1
43075,0
43076,1
43077,0
43078,1
43079,1
43080,1
43081,3
43082,0
43083,3
43084,0
43085,2
43086,1
43087,1
43088,0
43089,1
43090,0
43091,3
43092,2
43093,0
43094,3
43095,1
43096,0
43097,1
43098,3
43099,1
43100,1
43101,0
43102,2
43103,1
43104,0
43105,1
43106,0
43107,2
43108,1
43109,1
43110,5
43111,0
43112,0
43113,1
43114,0
43115,0
43116,3
43117,4
43118,1
43119,3
43120,0
43121,0
43122,3
43123,0
43124,0
43125,1
43126,2
43127,2
43128,1
43129,1
43130,1
43131,1
43132,2
43133,0
43134,1
43135,0
43136,1
43137,3
43138,1
43139,0
43140,0
43141,1
43142,0
43143,5
43144,0
43145,0
43146,4
43147,1
43148,0
43149,1
43150,0
43151,0
43152,2
43153,2
43154,0
43155,1
43156,1
43157,3
43158,2
43159,0
43160,0
43161,1
43162,1
43163,1
43164,0
43165,0
43166,2
43167,1
43168,0
43169,1
43170,0
43171,0
43172,0
43173,2
43174,1
43175,1
43176,0
43177,0
43178,4
43179,3
43180,3
43181,0
43182,2
43183,1
43184,3
43185,2
43186,4
43187,1
43188,2
43189,1
43190,1
43191,2
43192,0
43193,2
43194,2
43195,0
43196,0
43197,0
43198,2
43199,2
43200,0
43201,0
43202,0
43203,0
43204,1
43205,0
43206,0
43207,3
43208,1
43209,1
43210,3
43211,3
43212,1
43213,0
43214,1
43215,0
43216,0
43217,1
43218,1
43219,1
43220,1
43221,1
43222,2
43223,0
43224,1
43225,0
43226,0
43227,0
43228,0
43229,0
43230,1
43231,2
43232,4
43233,5
43234,1
43235,2
43236,0
43237,1
43238,3
43239,1
43240,3
43241,1
43242,0
43243,1
43244,3
43245,1
43246,0
43247,1
43248,5
43249,2
43250,2
43251,3
43252,0
43253,2
43254,3
43255,1
43256,2
43257,1
43258,0
43259,1
43260,1
43261,4
43262,0
43263,0
43264,3
43265,2
43266,2
43267,1
43268,0
43269,0
43270,1
43271,1
43272,1
43273,0
43274,1
43275,3
43276,1
43277,0
43278,0
43279,0
43280,0
43281,0
43282,0
43283,1
43284,1
43285,2
43286,0
43287,2
43288,2
43289,1
43290,1
43291,1
43292,2
43293,0
43294,2
43295,2
43296,0
43297,0
43298,1
43299,0
43300,1
43301,1
43302,1
43303,0
43304,1
43305,0
43306,1
43307,2
43308,0
43309,2
43310,0
43311,0
43312,1
43313,0
43314,2
43315,3
43316,0
43317,1
43318,1
43319,0
43320,1
43321,0
43322,0
43323,1
43324,1
43325,2
43326,2
43327,1
43328,0
43329,0
43330,2
43331,0
43332,0
43333,2
43334,1
43335,1
43336,1
43337,0
43338,0
43339,0
43340,1
43341,0
43342,0
43343,2
43344,2
43345,0
43346,2
43347,0
43348,0
43349,2
43350,0
43351,0
43352,1
43353,2
43354,0
43355,1
43356,2
43357,0
43358,0
43359,0
43360,0
43361,0
43362,0
43363,0
43364,1
43365,0
43366,4
43367,4
43368,0
43369,0
43370,1
43371,1
43372,2
43373,0
43374,1
43375,1
43376,1
43377,2
43378,1
43379,1
43380,0
43381,0
43382,0
43383,2
43384,1
43385,2
43386,2
43387,2
43388,0
43389,0
43390,2
43391,3
43392,3
43393,4
43394,12
43395,2
43396,0
43397,1
43398,0
43399,4
43400,0
43401,0
43402,1
43403,0
43404,2
43405,0
43406,7
43407,1
43408,0
43409,5
43410,8
43411,3
43412,1
43413,0
43414,1
43415,3
43416,0
43417,2
43418,1
43419,1
43420,0
43421,2
43422,3
43423,1
43424,2
43425,0
43426,0
43427,0
43428,0
43429,2
43430,0
43431,2
43432,0
43433,0
43434,0
43435,0
43436,1
43437,0
43438,1
43439,0
43440,1
43441,1
43442,1
43443,0
43444,0
43445,2
43446,0
43447,3
43448,7
43449,0
43450,0
43451,0
43452,2
43453,0
43454,2
43455,1
43456,1
43457,1
43458,2
43459,1
43460,0
43461,1
43462,0
43463,1
43464,3
43465,1
43466,1
43467,0
43468,2
43469,2
43470,6
43471,1
43472,0
43473,0
43474,0
43475,0
43476,0
43477,2
43478,1
43479,6
43480,0
43481,0
43482,0
43483,1
43484,3
43485,2
43486,2
43487,3
43488,0
43489,0
43490,0
43491,0
43492,1
43493,1
43494,1
43495,1
43496,0
43497,0
43498,2
43499,1
43500,0
43501,0
43502,0
43503,0
43504,0
43505,8
43506,1
43507,0
43508,0
43509,1
43510,0
43511,0
43512,2
43513,1
43514,0
43515,0
43516,2
43517,2
43518,2
43519,2
43520,2
43521,0
43522,1
43523,0
43524,2
43525,1
43526,1
43527,0
43528,0
43529,2
43530,1
43531,1
43532,1
43533,1
43534,1
43535,1
43536,1
43537,0
43538,2
43539,1
43540,1
43541,1
43542,1
43543,1
43544,1
43545,0
43546,1
43547,1
43548,2
43549,0
43550,4
43551,2
43552,0
43553,2
43554,2
43555,0
43556,1
43557,0
43558,3
43559,1
43560,3
43561,5
43562,1
43563,5
43564,1
43565,1
43566,0
43567,1
43568,0
43569,0
43570,0
43571,2
43572,2
43573,1
43574,1
43575,1
43576,1
43577,1
43578,0
43579,2
43580,0
43581,1
43582,1
43583,2
43584,0
43585,0
43586,1
43587,0
43588,0
43589,1
43590,3
43591,1
43592,0
43593,3
43594,0
43595,1
43596,1
43597,1
43598,3
43599,3
43600,2
43601,1
43602,2
43603,0
43604,0
43605,1
43606,2
43607,2
43608,1
43609,0
43610,2
43611,1
43612,13
43613,2
43614,4
43615,1
43616,0
43617,1
43618,11
43619,25
43620,1
43621,2
43622,2
43623,0
43624,0
43625,0
43626,0
43627,0
43628,0
43629,2
43630,2
43631,7
43632,4
43633,0
43634,1
43635,1
43636,1
43637,2
43638,3
43639,0
43640,0
43641,0
43642,1
43643,0
43644,0
43645,0
43646,0
43647,3
43648,1
43649,2
43650,0
43651,1
43652,0
43653,1
43654,0
43655,0
43656,1
43657,0
43658,0
43659,0
43660,1
43661,1
43662,1
43663,1
43664,1
43665,1
43666,2
43667,0
43668,1
43669,2
43670,1
43671,5
43672,1
43673,0
43674,1
43675,1
43676,0
43677,2
43678,0
43679,3
43680,0
43681,1
43682,0
43683,3
43684,1
43685,0
43686,2
43687,1
43688,1
43689,3
43690,1
43691,3
43692,0
43693,0
43694,0
43695,2
43696,3
43697,2
43698,0
43699,1
43700,1
43701,13
43702,3
43703,0
43704,1
43705,2
43706,0
43707,4
43708,0
43709,0
43710,3
43711,0
43712,1
43713,1
43714,0
43715,0
43716,0
43717,3
43718,2
43719,2
43720,1
43721,2
43722,1
43723,2
43724,1
43725,0
43726,0
43727,1
43728,2
43729,1
43730,1
43731,3
43732,2
43733,0
43734,0
43735,3
43736,3
43737,1
43738,0
43739,1
43740,0
43741,1
43742,0
43743,1
43744,1
43745,3
43746,1
43747,1
43748,1
43749,0
43750,1
43751,0
43752,1
43753,0
43754,1
43755,1
43756,0
43757,0
43758,2
43759,1
43760,3
43761,0
43762,1
43763,1
43764,1
43765,1
43766,2
43767,1
43768,0
43769,1
43770,1
43771,1
43772,1
43773,1
43774,0
43775,1
43776,0
43777,2
43778,0
43779,1
43780,1
43781,0
43782,0
43783,1
43784,2
43785,1
43786,1
43787,3
43788,2
43789,0
43790,3
43791,1
43792,1
43793,0
43794,1
43795,0
43796,3
43797,0
43798,1
43799,1
43800,0
43801,0
43802,1
43803,0
43804,1
43805,3
43806,1
43807,0
43808,1
43809,1
43810,0
43811,0
43812,1
43813,4
43814,0
43815,2
43816,1
43817,0
43818,0
43819,2
43820,1
43821,0
43822,0
43823,1
43824,1
43825,2
43826,1
43827,0
43828,2
43829,1
43830,0
43831,2
43832,0
43833,0
43834,2
43835,1
43836,0
43837,3
43838,3
43839,2
43840,4
43841,1
43842,0
43843,2
43844,0
43845,1
43846,1
43847,1
43848,1
43849,0
43850,1
43851,1
43852,0
43853,3
43854,0
43855,0
43856,2
43857,0
43858,2
43859,0
43860,0
43861,1
43862,0
43863,1
43864,4
43865,0
43866,0
43867,1
43868,0
43869,0
43870,2
43871,0
43872,1
43873,1
43874,0
43875,0
43876,0
43877,0
43878,2
43879,1
43880,0
43881,0
43882,2
43883,2
43884,2
43885,1
43886,0
43887,0
43888,2
43889,0
43890,3
43891,2
43892,2
43893,1
43894,0
43895,1
43896,1
43897,7
43898,4
43899,1
43900,1
43901,5
43902,0
43903,1
43904,3
43905,1
43906,3
43907,0
43908,6
43909,2
43910,1
43911,1
43912,2
43913,2
43914,2
43915,2
43916,0
43917,4
43918,0
43919,0
43920,1
43921,1
43922,0
43923,1
43924,0
43925,0
43926,0
43927,0
43928,0
43929,2
43930,1
43931,1
43932,1
43933,1
43934,2
43935,0
43936,1
43937,0
43938,4
43939,7
43940,13
43941,6
43942,0
43943,7
43944,1
43945,1
43946,4
43947,1
43948,3
43949,1
43950,1
43951,1
43952,0
43953,3
43954,0
43955,1
43956,5
43957,8
43958,0
43959,0
43960,2
43961,1
43962,1
43963,0
43964,0
43965,0
43966,0
43967,0
43968,1
43969,0
43970,4
43971,2
43972,0
43973,3
43974,0
43975,0
43976,2
43977,1
43978,0
43979,1
43980,6
43981,1
43982,2
43983,6
43984,2
43985,0
43986,1
43987,1
43988,0
43989,2
43990,0
43991,1
43992,1
43993,2
43994,1
43995,2
43996,0
43997,1
43998,0
43999,2
44000,1
44001,0
44002,1
44003,1
44004,1
44005,1
44006,1
44007,0
44008,0
44009,4
44010,0
44011,2
44012,1
44013,1
44014,1
44015,1
44016,1
44017,3
44018,0
44019,0
44020,0
44021,2
44022,2
44023,2
44024,4
44025,0
44026,1
44027,0
44028,2
44029,2
44030,3
44031,1
44032,1
44033,0
44034,1
44035,0
44036,1
44037,0
44038,0
44039,0
44040,1
44041,1
44042,2
44043,0
44044,0
44045,2
44046,2
44047,1
44048,0
44049,0
44050,2
44051,0
44052,0
44053,1
44054,1
44055,0
44056,1
44057,3
44058,0
44059,0
44060,4
44061,2
44062,1
44063,0
44064,3
44065,0
44066,0
44067,0
44068,2
44069,0
44070,0
44071,0
44072,0
44073,0
44074,0
44075,2
44076,0
44077,0
44078,0
44079,0
44080,3
44081,2
44082,3
44083,1
44084,0
44085,1
44086,1
44087,1
44088,1
44089,0
44090,0
44091,2
44092,0
44093,1
44094,0
44095,0
44096,0
44097,0
44098,2
44099,2
44100,0
44101,1
44102,1
44103,3
44104,1
44105,1
44106,3
44107,0
44108,2
44109,3
44110,1
44111,1
44112,2
44113,0
44114,0
44115,2
44116,4
44117,2
44118,0
44119,2
44120,0
44121,0
44122,2
44123,5
44124,3
44125,1
44126,0
44127,0
44128,1
44129,0
44130,2
44131,1
44132,0
44133,0
44134,0
44135,0
44136,3
44137,1
44138,1
44139,1
44140,0
44141,2
44142,0
44143,0
44144,1
44145,2
44146,1
44147,1
44148,0
44149,3
44150,0
44151,0
44152,2
44153,0
44154,5
44155,0
44156,1
44157,1
44158,0
44159,1
44160,0
44161,1
44162,3
44163,2
44164,0
44165,2
44166,0
44167,0
44168,1
44169,0
44170,0
44171,1
44172,1
44173,1
44174,1
44175,1
44176,1
44177,1
44178,1
44179,0
44180,0
44181,0
44182,1
44183,0
44184,2
44185,2
44186,2
44187,0
44188,0
44189,0
44190,1
44191,1
44192,0
44193,1
44194,0
44195,1
44196,1
44197,0
44198,0
44199,0
44200,1
44201,1
44202,0
44203,1
44204,2
44205,0
44206,1
44207,1
44208,0
44209,0
44210,0
44211,1
44212,0
44213,2
44214,0
44215,2
44216,2
44217,0
44218,0
44219,1
44220,2
44221,2
44222,2
44223,5
44224,0
44225,0
44226,2
44227,1
44228,1
44229,1
44230,2
44231,1
44232,2
44233,1
44234,2
44235,4
44236,5
44237,3
44238,0
44239,0
44240,0
44241,1
44242,1
44243,0
44244,0
44245,0
44246,0
44247,0
44248,3
44249,0
44250,3
44251,1
44252,1
44253,0
44254,0
44255,0
44256,2
44257,0
44258,1
44259,1
44260,2
44261,3
44262,1
44263,0
44264,1
44265,0
44266,1
44267,0
44268,2
44269,1
44270,1
44271,1
44272,1
44273,1
44274,0
44275,3
44276,4
44277,0
44278,0
44279,0
44280,1
44281,0
44282,1
44283,0
44284,0
44285,0
44286,1
44287,0
44288,5
44289,1
44290,0
44291,1
44292,2
44293,0
44294,2
44295,0
44296,2
44297,2
44298,0
44299,3
44300,1
44301,1
44302,2
44303,2
44304,0
44305,2
44306,0
44307,1
44308,2
44309,1
44310,3
44311,0
44312,1
44313,1
44314,2
44315,25
44316,3
44317,1
44318,1
44319,1
44320,1
44321,2
44322,1
44323,2
44324,0
44325,2
44326,0
44327,3
44328,0
44329,1
44330,0
44331,2
44332,1
44333,2
44334,4
44335,1
44336,1
44337,2
44338,1
44339,0
44340,1
44341,1
44342,1
44343,0
44344,0
44345,1
44346,0
44347,0
44348,2
44349,2
44350,1
44351,0
44352,1
44353,2
44354,0
44355,0
44356,0
44357,0
44358,3
44359,1
44360,0
44361,0
44362,0
44363,0
44364,0
44365,1
44366,2
44367,0
44368,0
44369,1
44370,0
44371,0
44372,0
44373,1
44374,0
44375,1
44376,2
44377,0
44378,0
44379,3
44380,3
44381,2
44382,0
44383,0
44384,2
44385,0
44386,1
44387,0
44388,0
44389,1
44390,1
44391,1
44392,0
44393,3
44394,0
44395,0
44396,0
44397,0
44398,1
44399,1
44400,2
44401,0
44402,2
44403,0
44404,0
44405,0
44406,2
44407,1
44408,3
44409,1
44410,0
44411,1
44412,0
44413,0
44414,0
44415,1
44416,0
44417,1
44418,2
44419,1
44420,2
44421,1
44422,0
44423,0
44424,1
44425,0
44426,3
44427,0
44428,3
44429,1
44430,1
44431,1
44432,3
44433,0
44434,2
44435,1
44436,0
44437,2
44438,1
44439,0
44440,0
44441,1
44442,0
44443,2
44444,1
44445,2
44446,2
44447,1
44448,1
44449,0
44450,0
44451,3
44452,1
44453,2
44454,1
44455,0
44456,2
44457,3
44458,1
44459,0
44460,1
44461,1
44462,1
44463,2
44464,1
44465,0
44466,3
44467,1
44468,0
44469,3
44470,0
44471,0
44472,0
44473,0
44474,2
44475,2
44476,3
44477,1
44478,1
44479,0
44480,1
44481,1
44482,0
44483,1
44484,3
44485,1
44486,1
44487,3
44488,3
44489,1
44490,0
44491,1
44492,3
44493,2
44494,3
44495,0
44496,0
44497,0
44498,1
44499,1
44500,1
44501,0
44502,0
44503,1
44504,2
44505,2
44506,1
44507,2
44508,2
44509,2
44510,2
44511,0
44512,2
44513,1
44514,2
44515,0
44516,1
44517,1
44518,1
44519,0
44520,1
44521,1
44522,0
44523,1
44524,3
44525,0
44526,1
44527,3
44528,1
44529,1
44530,2
44531,1
44532,0
44533,0
44534,2
44535,1
44536,0
44537,0
44538,0
44539,0
44540,2
44541,1
44542,0
44543,1
44544,0
44545,0
44546,3
44547,0
44548,0
44549,15
44550,9
44551,1
44552,0
44553,0
44554,0
44555,2
44556,2
44557,1
44558,2
44559,4
44560,0
44561,0
44562,0
44563,2
44564,1
44565,0
44566,0
44567,0
44568,2
44569,5
44570,1
44571,0
44572,1
44573,2
44574,1
44575,0
44576,1
44577,3
44578,0
44579,1
44580,2
44581,0
44582,5
44583,0
44584,0
44585,4
44586,0
44587,1
44588,0
44589,2
44590,1
44591,2
44592,1
44593,0
44594,5
44595,0
44596,1
44597,0
44598,0
44599,0
44600,3
44601,4
44602,1
44603,1
44604,3
44605,0
44606,2
44607,0
44608,0
44609,0
44610,2
44611,0
44612,0
44613,0
44614,1
44615,0
44616,0
44617,4
44618,0
44619,1
44620,1
44621,1
44622,0
44623,0
44624,3
44625,1
44626,1
44627,0
44628,1
44629,2
44630,1
44631,1
44632,2
44633,1
44634,0
44635,1
44636,3
44637,0
44638,0
44639,0
44640,1
44641,3
44642,1
44643,2
44644,0
44645,0
44646,1
44647,3
44648,3
44649,0
44650,2
44651,0
44652,0
44653,1
44654,2
44655,0
44656,0
44657,0
44658,0
44659,0
44660,1
44661,0
44662,0
44663,1
44664,2
44665,1
44666,1
44667,0
44668,1
44669,1
44670,0
44671,2
44672,0
44673,1
44674,0
44675,1
44676,1
44677,0
44678,0
44679,6
44680,3
44681,4
44682,2
44683,0
44684,0
44685,5
44686,4
44687,2
44688,0
44689,4
44690,0
44691,2
44692,3
44693,0
44694,0
44695,1
44696,2
44697,2
44698,3
44699,1
44700,1
44701,1
44702,0
44703,0
44704,2
44705,0
44706,0
44707,3
44708,1
44709,2
44710,2
44711,2
44712,2
44713,3
44714,3
44715,4
44716,0
44717,4
44718,4
44719,1
44720,0
44721,1
44722,1
44723,2
44724,2
44725,3
44726,2
44727,1
44728,1
44729,2
44730,0
44731,1
44732,0
44733,0
44734,1
44735,0
44736,0
44737,0
44738,0
44739,0
44740,1
44741,1
44742,2
44743,0
44744,0
44745,1
44746,0
44747,2
44748,2
44749,1
44750,2
44751,3
44752,0
44753,1
44754,1
44755,0
44756,1
44757,1
44758,3
44759,0
44760,1
44761,0
44762,0
44763,0
44764,0
44765,0
44766,0
44767,0
44768,0
44769,2
44770,0
44771,0
44772,0
44773,0
44774,0
44775,1
44776,2
44777,0
44778,1
44779,1
44780,1
44781,1
44782,1
44783,2
44784,1
44785,0
44786,2
44787,0
44788,0
44789,1
44790,0
44791,0
44792,2
44793,1
44794,0
44795,4
44796,0
44797,1
44798,1
44799,0
44800,1
44801,4
44802,0
44803,0
44804,0
44805,0
44806,0
44807,0
44808,0
44809,1
44810,1
44811,0
44812,0
44813,1
44814,0
44815,3
44816,2
44817,0
44818,0
44819,4
44820,1
44821,0
44822,1
44823,1
44824,2
44825,0
44826,1
44827,0
44828,0
44829,0
44830,0
44831,1
44832,0
44833,0
44834,0
44835,0
44836,0
44837,1
44838,0
44839,1
44840,3
44841,1
44842,0
44843,4
44844,4
44845,0
44846,2
44847,1
44848,3
44849,1
44850,0
44851,1
44852,1
44853,1
44854,0
44855,1
44856,1
44857,0
44858,1
44859,2
44860,0
44861,1
44862,1
44863,3
44864,1
44865,1
44866,1
44867,1
44868,3
44869,0
44870,0
44871,0
44872,0
44873,1
44874,0
44875,0
44876,0
44877,2
44878,0
44879,0
44880,1
44881,1
44882,1
44883,2
44884,2
44885,2
44886,1
44887,0
44888,0
44889,2
44890,1
44891,0
44892,0
44893,1
44894,1
44895,2
44896,0
44897,0
44898,0
44899,4
44900,0
44901,2
44902,3
44903,3
44904,1
44905,1
44906,0
44907,1
44908,4
44909,2
44910,0
44911,1
44912,0
44913,0
44914,1
44915,1
44916,0
44917,0
44918,0
44919,0
44920,3
44921,1
44922,0
44923,1
44924,0
44925,1
44926,0
44927,1
44928,0
44929,1
44930,0
44931,1
44932,1
44933,1
44934,1
44935,1
44936,0
44937,1
44938,1
44939,0
44940,1
44941,1
44942,0
44943,0
44944,1
44945,1
44946,0
44947,2
44948,1
44949,2
44950,0
44951,2
44952,1
44953,1
44954,0
44955,2
44956,2
44957,1
44958,0
44959,1
44960,1
44961,0
44962,0
44963,2
44964,2
44965,1
44966,2
44967,1
44968,1
44969,1
44970,1
44971,1
44972,1
44973,1
44974,1
44975,0
44976,0
44977,0
44978,0
44979,1
44980,2
44981,0
44982,0
44983,2
44984,1
44985,0
44986,1
44987,0
44988,2
44989,0
44990,0
44991,1
44992,1
44993,2
44994,0
44995,2
44996,0
44997,0
44998,0
44999,0
45000,1
45001,1
45002,1
45003,0
45004,0
45005,2
45006,2
45007,1
45008,0
45009,0
45010,2
45011,1
45012,0
45013,0
45014,1
45015,0
45016,2
45017,1
45018,2
45019,1
45020,1
45021,0
45022,2
45023,2
45024,0
45025,2
45026,5
45027,1
45028,1
45029,2
45030,1
45031,1
45032,0
45033,0
45034,0
45035,0
45036,0
45037,0
45038,2
45039,1
45040,0
45041,1
45042,0
45043,1
45044,0
45045,0
45046,1
45047,1
45048,0
45049,1
45050,1
45051,1
45052,0
45053,0
45054,0
45055,0
45056,2
45057,0
45058,4
45059,0
45060,1
45061,0
45062,1
45063,0
45064,1
45065,1
45066,0
45067,6
45068,1
45069,1
45070,2
45071,0
45072,1
45073,1
45074,0
45075,1
45076,3
45077,0
45078,2
45079,0
45080,0
45081,0
45082,0
45083,0
45084,2
45085,2
45086,1
45087,1
45088,0
45089,1
45090,0
45091,1
45092,1
45093,2
45094,1
45095,0
45096,1
45097,1
45098,0
45099,1
45100,0
45101,1
45102,1
45103,1
45104,1
45105,0
45106,1
45107,0
45108,1
45109,0
45110,1
45111,3
45112,0
45113,0
45114,0
45115,0
45116,3
45117,2
45118,1
45119,3
45120,1
45121,0
45122,2
45123,1
45124,4
45125,3
45126,7
45127,0
45128,2
45129,0
45130,7
45131,1
45132,1
45133,2
45134,4
45135,2
45136,1
45137,1
45138,3
45139,1
45140,2
45141,3
45142,2
45143,0
45144,0
45145,0
45146,2
45147,2
45148,1
45149,2
45150,2
45151,1
45152,3
45153,1
45154,0
45155,0
45156,0
45157,3
45158,3
45159,2
45160,3
45161,0
45162,2
45163,3
45164,2
45165,0
45166,2
45167,0
45168,0
45169,1
45170,1
45171,0
45172,2
45173,0
45174,0
45175,1
45176,0
45177,2
45178,3
45179,0
45180,0
45181,0
45182,0
45183,0
45184,1
45185,1
45186,1
45187,0
45188,1
45189,1
45190,2
45191,1
45192,3
45193,0
45194,2
45195,0
45196,1
45197,1
45198,2
45199,0
45200,3
45201,1
45202,1
45203,1
45204,1
45205,3
45206,0
45207,0
45208,0
45209,1
45210,1
45211,0
45212,2
45213,4
45214,0
45215,1
45216,0
45217,0
45218,1
45219,0
45220,1
45221,1
45222,2
45223,2
45224,1
45225,3
45226,7
45227,1
45228,1
45229,1
45230,0
45231,0
45232,4
45233,0
45234,0
45235,1
45236,1
45237,0
45238,1
45239,0
45240,0
45241,1
45242,2
45243,1
45244,0
45245,3
45246,2
45247,1
45248,0
45249,1
45250,0
45251,2
45252,1
45253,1
45254,0
45255,0
45256,0
45257,3
45258,1
45259,2
45260,2
45261,1
45262,1
45263,0
45264,0
45265,1
45266,0
45267,2
45268,1
45269,1
45270,2
45271,2
45272,0
45273,1
45274,2
45275,0
45276,0
45277,2
45278,3
45279,1
45280,2
45281,0
45282,0
45283,0
45284,3
45285,2
45286,1
45287,1
45288,2
45289,2
45290,0
45291,0
45292,1
45293,1
45294,3
45295,0
45296,1
45297,1
45298,2
45299,1
45300,1
45301,0
45302,3
45303,0
45304,0
45305,0
45306,0
45307,1
45308,1
45309,0
45310,0
45311,1
45312,0
45313,0
45314,2
45315,1
45316,0
45317,2
45318,1
45319,1
45320,0
45321,1
45322,1
45323,2
45324,0
45325,1
45326,0
45327,2
45328,4
45329,0
45330,2
45331,2
45332,0
45333,1
45334,0
45335,1
45336,0
45337,1
45338,0
45339,1
45340,1
45341,0
45342,0
45343,1
45344,1
45345,3
45346,0
45347,0
45348,2
45349,2
45350,0
45351,5
45352,0
45353,0
45354,0
45355,2
45356,1
45357,0
45358,1
45359,1
45360,1
45361,1
45362,2
45363,0
45364,0
45365,0
45366,2
45367,3
45368,1
45369,0
45370,1
45371,1
45372,1
45373,1
45374,0
45375,0
45376,0
45377,1
45378,2
45379,0
45380,0
45381,0
45382,0
45383,0
45384,3
45385,2
45386,1
45387,0
45388,0
45389,0
45390,0
45391,1
45392,2
45393,0
45394,0
45395,1
45396,2
45397,2
45398,1
45399,1
45400,0
45401,4
45402,1
45403,2
45404,1
45405,2
45406,2
45407,2
45408,1
45409,1
45410,5
45411,2
45412,0
45413,0
45414,3
45415,1
45416,3
45417,2
45418,1
45419,3
45420,2
45421,0
45422,3
45423,0
45424,1
45425,2
45426,2
45427,1
45428,4
45429,4
45430,1
45431,1
45432,2
45433,0
45434,1
45435,1
45436,0
45437,2
45438,3
45439,1
45440,1
45441,3
45442,2
45443,1
45444,0
45445,0
45446,1
45447,0
45448,0
45449,2
45450,0
45451,3
45452,1
45453,1
45454,1
45455,2
45456,2
45457,1
45458,0
45459,1
45460,3
45461,0
45462,3
45463,2
45464,2
45465,0
45466,2
45467,0
45468,2
45469,0
45470,0
45471,2
45472,3
45473,0
45474,0
45475,2
45476,0
45477,1
45478,0
45479,1
45480,1
45481,2
45482,0
45483,0
45484,2
45485,0
45486,0
45487,0
45488,0
45489,0
45490,2
45491,1
45492,0
45493,1
45494,0
45495,0
45496,1
45497,2
45498,0
45499,0
45500,0
45501,1
45502,1
45503,0
45504,2
45505,0
45506,1
45507,2
45508,0
45509,1
45510,0
45511,1
45512,1
45513,2
45514,0
45515,2
45516,0
45517,1
45518,3
45519,1
45520,5
45521,1
45522,1
45523,1
45524,1
45525,2
45526,2
45527,0
45528,0
45529,0
45530,4
45531,1
45532,0
45533,2
45534,0
45535,0
45536,2
45537,1
45538,0
45539,1
45540,1
45541,0
45542,1
45543,2
45544,1
45545,2
45546,0
45547,1
45548,3
45549,0
45550,1
45551,0
45552,0
45553,1
45554,2
45555,0
45556,1
45557,0
45558,0
45559,2
45560,2
45561,2
45562,1
45563,0
45564,2
45565,1
45566,0
45567,1
45568,0
45569,1
45570,0
45571,1
45572,2
45573,0
45574,2
45575,0
45576,0
45577,1
45578,1
45579,0
45580,1
45581,1
45582,0
45583,0
45584,1
45585,2
45586,3
45587,0
45588,2
45589,0
45590,1
45591,0
45592,0
45593,0
45594,1
45595,1
45596,0
45597,0
45598,1
45599,3
45600,2
45601,1
45602,1
45603,2
45604,0
45605,0
45606,1
45607,0
45608,0
45609,3
45610,1
45611,0
45612,1
45613,0
45614,1
45615,2
45616,1
45617,0
45618,1
45619,3
45620,0
45621,1
45622,0
45623,1
45624,2
45625,1
45626,0
45627,0
45628,1
45629,3
45630,1
45631,0
45632,0
45633,1
45634,0
45635,0
45636,2
45637,1
45638,0
45639,0
45640,1
45641,3
45642,0
45643,4
45644,0
45645,0
45646,0
45647,0
45648,0
45649,0
45650,1
45651,1
45652,1
45653,0
45654,1
45655,0
45656,0
45657,1
45658,1
45659,1
45660,5
45661,7
45662,0
45663,1
45664,1
45665,1
45666,3
45667,2
45668,4
45669,1
45670,1
45671,0
45672,2
45673,1
45674,0
45675,0
45676,2
45677,2
45678,1
45679,0
45680,1
45681,4
45682,1
45683,2
45684,1
45685,0
45686,1
45687,0
45688,2
45689,0
45690,0
45691,0
45692,1
45693,1
45694,1
45695,1
45696,4
45697,1
45698,2
45699,2
45700,3
45701,0
45702,1
45703,1
45704,0
45705,0
45706,0
45707,0
45708,0
45709,0
45710,1
45711,1
45712,0
45713,1
45714,2
45715,0
45716,1
45717,0
45718,2
45719,3
45720,5
45721,0
45722,0
45723,3
45724,1
45725,1
45726,0
45727,1
45728,0
45729,1
45730,0
45731,0
45732,1
45733,1
45734,0
45735,1
45736,2
45737,4
45738,3
45739,1
45740,1
45741,1
45742,0
45743,1
45744,0
45745,0
45746,0
45747,0
45748,2
45749,0
45750,1
45751,0
45752,0
45753,4
45754,1
45755,2
45756,3
45757,2
45758,5
45759,2
45760,1
45761,3
45762,2
45763,0
45764,1
45765,2
45766,1
45767,0
45768,2
45769,5
45770,1
45771,0
45772,0
45773,3
45774,1
45775,3
45776,0
45777,1
45778,1
45779,1
45780,0
45781,0
45782,1
45783,1
45784,4
45785,2
45786,0
45787,4
45788,0
45789,1
45790,0
45791,2
45792,0
45793,0
45794,2
45795,1
45796,0
45797,3
45798,3
45799,1
45800,1
45801,2
45802,9
45803,0
45804,2
45805,1
45806,1
45807,0
45808,3
45809,4
45810,1
45811,1
45812,2
45813,0
45814,2
45815,1
45816,1
45817,1
45818,2
45819,1
45820,0
45821,1
45822,2
45823,0
45824,0
45825,0
45826,2
45827,0
45828,1
45829,0
45830,3
45831,0
45832,1
45833,2
45834,4
45835,2
45836,1
45837,1
45838,2
45839,1
45840,0
45841,2
45842,1
45843,3
45844,5
45845,2
45846,2
45847,1
45848,0
45849,0
45850,0
45851,2
45852,1
45853,1
45854,0
45855,2
45856,0
45857,1
45858,0
45859,0
45860,0
45861,1
45862,0
45863,0
45864,1
45865,0
45866,0
45867,1
45868,1
45869,2
45870,0
45871,0
45872,0
45873,0
45874,3
45875,1
45876,0
45877,1
45878,2
45879,4
45880,0
45881,1
45882,1
45883,8
45884,2
45885,2
45886,3
45887,0
45888,1
45889,2
45890,2
45891,0
45892,1
45893,2
45894,0
45895,1
45896,4
45897,0
45898,1
45899,2
45900,1
45901,1
45902,2
45903,0
45904,4
45905,1
45906,1
45907,0
45908,0
45909,0
45910,0
45911,0
45912,1
45913,0
45914,2
45915,2
45916,0
45917,1
45918,0
45919,2
45920,1
45921,1
45922,1
45923,0
45924,1
45925,1
45926,2
45927,3
45928,0
45929,1
45930,1
45931,2
45932,0
45933,1
45934,0
45935,0
45936,0
45937,0
45938,1
45939,0
45940,0
45941,1
45942,1
45943,1
45944,0
45945,0
45946,1
45947,2
45948,0
45949,0
45950,1
45951,0
45952,0
45953,2
45954,0
45955,0
45956,1
45957,1
45958,3
45959,5
45960,2
45961,1
45962,0
45963,2
45964,0
45965,0
45966,0
45967,0
45968,1
45969,0
45970,1
45971,0
45972,1
45973,0
45974,0
45975,1
45976,0
45977,2
45978,0
45979,0
45980,2
45981,0
45982,0
45983,1
45984,0
45985,1
45986,1
45987,0
45988,1
45989,2
45990,0
45991,2
45992,0
45993,3
45994,1
45995,1
45996,2
45997,0
45998,0
45999,1
46000,3
46001,2
46002,0
46003,1
46004,0
46005,1
46006,3
46007,1
46008,2
46009,0
46010,3
46011,1
46012,0
46013,3
46014,0
46015,0
46016,0
46017,0
46018,0
46019,1
46020,0
46021,0
46022,1
46023,0
46024,3
46025,3
46026,1
46027,1
46028,2
46029,1
46030,4
46031,1
46032,0
46033,0
46034,0
46035,0
46036,0
46037,0
46038,1
46039,3
46040,0
46041,0
46042,1
46043,1
46044,0
46045,1
46046,0
46047,0
46048,1
46049,0
46050,1
46051,0
46052,1
46053,0
46054,1
46055,1
46056,0
46057,2
46058,0
46059,1
46060,1
46061,0
46062,0
46063,1
46064,1
46065,2
46066,3
46067,3
46068,2
46069,3
46070,0
46071,2
46072,1
46073,1
46074,1
46075,0
46076,0
46077,0
46078,2
46079,2
46080,3
46081,2
46082,1
46083,0
46084,0
46085,1
46086,1
46087,0
46088,0
46089,1
46090,1
46091,0
46092,1
46093,1
46094,0
46095,1
46096,0
46097,0
46098,1
46099,0
46100,1
46101,1
46102,0
46103,2
46104,3
46105,8
46106,0
46107,0
46108,0
46109,1
46110,2
46111,1
46112,6
46113,1
46114,0
46115,4
46116,1
46117,1
46118,0
46119,1
46120,0
46121,0
46122,0
46123,1
46124,3
46125,1
46126,2
46127,0
46128,1
46129,1
46130,0
46131,1
46132,0
46133,0
46134,0
46135,0
46136,0
46137,0
46138,0
46139,1
46140,1
46141,0
46142,1
46143,0
46144,2
46145,0
46146,1
46147,1
46148,0
46149,3
46150,0
46151,1
46152,1
46153,1
46154,1
46155,1
46156,3
46157,2
46158,1
46159,1
46160,1
46161,0
46162,0
46163,2
46164,3
46165,1
46166,3
46167,1
46168,1
46169,4
46170,0
46171,1
46172,0
46173,0
46174,0
46175,3
46176,0
46177,4
46178,0
46179,0
46180,0
46181,0
46182,0
46183,1
46184,0
46185,1
46186,0
46187,0
46188,2
46189,1
46190,1
46191,1
46192,1
46193,0
46194,1
46195,0
46196,4
46197,1
46198,4
46199,0
46200,0
46201,0
46202,2
46203,3
46204,4
46205,1
46206,1
46207,2
46208,3
46209,1
46210,1
46211,0
46212,2
46213,1
46214,2
46215,2
46216,1
46217,1
46218,2
46219,0
46220,2
46221,2
46222,0
46223,1
46224,2
46225,2
46226,1
46227,0
46228,0
46229,1
46230,0
46231,1
46232,1
46233,0
46234,2
46235,1
46236,2
46237,6
46238,1
46239,1
46240,1
46241,1
46242,0
46243,1
46244,3
46245,0
46246,1
46247,2
46248,0
46249,0
46250,2
46251,2
46252,2
46253,2
46254,1
46255,0
46256,1
46257,4
46258,0
46259,1
46260,1
46261,2
46262,1
46263,0
46264,1
46265,1
46266,2
46267,2
46268,0
46269,2
46270,0
46271,0
46272,0
46273,0
46274,0
46275,0
46276,3
46277,7
46278,0
46279,0
46280,6
46281,1
46282,4
46283,1
46284,1
46285,0
46286,0
46287,1
46288,2
46289,1
46290,1
46291,1
46292,1
46293,1
46294,1
46295,1
46296,1
46297,3
46298,0
46299,0
46300,1
46301,2
46302,0
46303,0
46304,1
46305,1
46306,0
46307,0
46308,1
46309,0
46310,0
46311,3
46312,1
46313,1
46314,0
46315,2
46316,0
46317,2
46318,0
46319,1
46320,2
46321,0
46322,0
46323,1
46324,0
46325,1
46326,2
46327,1
46328,2
46329,0
46330,3
46331,0
46332,1
46333,0
46334,0
46335,0
46336,1
46337,3
46338,2
46339,2
46340,1
46341,3
46342,5
46343,2
46344,1
46345,1
46346,0
46347,0
46348,2
46349,0
46350,3
46351,1
46352,0
46353,1
46354,1
46355,1
46356,4
46357,1
46358,1
46359,10
46360,1
46361,1
46362,1
46363,4
46364,1
46365,2
46366,1
46367,0
46368,0
46369,0
46370,1
46371,3
46372,0
46373,1
46374,1
46375,0
46376,0
46377,2
46378,2
46379,0
46380,1
46381,2
46382,1
46383,0
46384,0
46385,0
46386,0
46387,0
46388,0
46389,0
46390,2
46391,3
46392,0
46393,1
46394,0
46395,2
46396,0
46397,1
46398,0
46399,0
46400,0
46401,1
46402,3
46403,3
46404,1
46405,0
46406,6
46407,0
46408,1
46409,0
46410,0
46411,2
46412,0
46413,0
46414,0
46415,1
46416,0
46417,0
46418,0
46419,0
46420,1
46421,2
46422,3
46423,4
46424,1
46425,5
46426,2
46427,1
46428,1
46429,4
46430,1
46431,2
46432,0
46433,0
46434,2
46435,2
46436,0
46437,1
46438,2
46439,1
46440,2
46441,1
46442,3
46443,0
46444,1
46445,2
46446,1
46447,1
46448,1
46449,1
46450,1
46451,0
46452,2
46453,0
46454,1
46455,1
46456,0
46457,1
46458,3
46459,2
46460,6
46461,3
46462,0
46463,1
46464,2
46465,2
46466,3
46467,2
46468,6
46469,2
46470,1
46471,2
46472,1
46473,1
46474,2
46475,3
46476,0
46477,0
46478,1
46479,1
46480,1
46481,0
46482,0
46483,2
46484,1
46485,1
46486,2
46487,4
46488,0
46489,0
46490,0
46491,2
46492,1
46493,1
46494,0
46495,3
46496,0
46497,2
46498,2
46499,4
46500,1
46501,3
46502,0
46503,1
46504,1
46505,2
46506,1
46507,3
46508,0
46509,2
46510,2
46511,0
46512,1
46513,2
46514,2
46515,1
46516,2
46517,2
46518,0
46519,1
46520,2
46521,1
46522,1
46523,1
46524,0
46525,1
46526,1
46527,0
46528,0
46529,0
46530,1
46531,2
46532,0
46533,3
46534,0
46535,0
46536,0
46537,1
46538,0
46539,0
46540,1
46541,1
46542,1
46543,0
46544,0
46545,1
46546,3
46547,0
46548,2
46549,1
46550,1
46551,2
46552,1
46553,0
46554,2
46555,1
46556,0
46557,2
46558,0
46559,0
46560,0
46561,2
46562,0
46563,1
46564,2
46565,1
46566,2
46567,2
46568,0
46569,2
46570,0
46571,2
46572,0
46573,1
46574,2
46575,0
46576,1
46577,0
46578,1
46579,0
46580,0
46581,2
46582,0
46583,1
46584,0
46585,2
46586,1
46587,0
46588,1
46589,1
46590,0
46591,1
46592,0
46593,0
46594,1
46595,0
46596,1
46597,0
46598,1
46599,1
46600,0
46601,2
46602,0
46603,0
46604,0
46605,1
46606,1
46607,0
46608,0
46609,0
46610,0
46611,0
46612,1
46613,2
46614,1
46615,0
46616,1
46617,0
46618,1
46619,3
46620,1
46621,2
46622,0
46623,0
46624,0
46625,1
46626,0
46627,0
46628,0
46629,2
46630,0
46631,1
46632,0
46633,2
46634,0
46635,2
46636,1
46637,1
46638,0
46639,0
46640,2
46641,1
46642,0
46643,0
46644,1
46645,0
46646,0
46647,0
46648,0
46649,0
46650,0
46651,0
46652,0
46653,1
46654,2
46655,0
46656,3
46657,1
46658,0
46659,2
46660,0
46661,0
46662,1
46663,3
46664,1
46665,0
46666,0
46667,0
46668,1
46669,3
46670,0
46671,0
46672,0
46673,0
46674,1
46675,0
46676,3
46677,3
46678,0
46679,1
46680,1
46681,1
46682,1
46683,1
46684,0
46685,2
46686,1
46687,0
46688,0
46689,1
46690,0
46691,1
46692,0
46693,0
46694,2
46695,2
46696,1
46697,2
46698,0
46699,9
46700,0
46701,0
46702,0
46703,3
46704,1
46705,2
46706,1
46707,0
46708,0
46709,0
46710,3
46711,0
46712,0
46713,2
46714,0
46715,2
46716,1
46717,1
46718,2
46719,0
46720,3
46721,4
46722,0
46723,1
46724,2
46725,4
46726,1
46727,1
46728,2
46729,3
46730,1
46731,0
46732,0
46733,1
46734,2
46735,1
46736,2
46737,1
46738,0
46739,0
46740,1
46741,0
46742,1
46743,2
46744,2
46745,0
46746,1
46747,0
46748,3
46749,2
46750,1
46751,0
46752,1
46753,2
46754,0
46755,0
46756,1
46757,4
46758,5
46759,1
46760,1
46761,0
46762,1
46763,3
46764,2
46765,1
46766,2
46767,0
46768,1
46769,3
46770,0
46771,0
46772,2
46773,4
46774,1
46775,0
46776,2
46777,0
46778,0
46779,1
46780,0
46781,0
46782,3
46783,0
46784,1
46785,1
46786,2
46787,1
46788,1
46789,1
46790,2
46791,0
46792,0
46793,0
46794,0
46795,1
46796,0
46797,0
46798,1
46799,1
46800,0
46801,0
46802,1
46803,0
46804,0
46805,0
46806,1
46807,1
46808,4
46809,1
46810,0
46811,0
46812,1
46813,0
46814,2
46815,1
46816,2
46817,3
46818,0
46819,0
46820,0
46821,2
46822,1
46823,0
46824,1
46825,0
46826,1
46827,1
46828,1
46829,1
46830,2
46831,1
46832,0
46833,1
46834,0
46835,0
46836,0
46837,0
46838,1
46839,4
46840,0
46841,2
46842,0
46843,2
46844,1
46845,3
46846,5
46847,2
46848,0
46849,0
46850,5
46851,5
46852,4
46853,0
46854,1
46855,2
46856,2
46857,1
46858,0
46859,1
46860,1
46861,3
46862,1
46863,2
46864,2
46865,1
46866,3
46867,1
46868,3
46869,0
46870,3
46871,2
46872,1
46873,4
46874,0
46875,3
46876,1
46877,0
46878,2
46879,4
46880,2
46881,1
46882,0
46883,0
46884,0
46885,0
46886,0
46887,0
46888,1
46889,0
46890,0
46891,0
46892,4
46893,5
46894,3
46895,3
46896,0
46897,1
46898,0
46899,0
46900,0
46901,0
46902,0
46903,0
46904,2
46905,1
46906,0
46907,0
46908,0
46909,1
46910,0
46911,1
46912,1
46913,1
46914,0
46915,1
46916,2
46917,2
46918,0
46919,0
46920,2
46921,2
46922,1
46923,1
46924,3
46925,1
46926,0
46927,1
46928,0
46929,2
46930,0
46931,1
46932,1
46933,0
46934,1
46935,5
46936,2
46937,0
46938,3
46939,1
46940,0
46941,3
46942,1
46943,1
46944,3
46945,2
46946,2
46947,5
46948,0
46949,2
46950,3
46951,2
46952,1
46953,1
46954,1
46955,3
46956,0
46957,3
46958,1
46959,2
46960,0
46961,1
46962,2
46963,2
46964,3
46965,0
46966,0
46967,1
46968,0
46969,2
46970,0
46971,0
46972,1
46973,1
46974,1
46975,0
46976,1
46977,2
46978,0
46979,1
46980,2
46981,12
46982,3
46983,0
46984,3
46985,3
46986,4
46987,2
46988,2
46989,3
46990,1
46991,0
46992,1
46993,0
46994,0
46995,2
46996,4
46997,0
46998,0
46999,1
47000,4
47001,1
47002,1
47003,1
47004,1
47005,0
47006,0
47007,1
47008,0
47009,1
47010,1
47011,1
47012,0
47013,0
47014,1
47015,0
47016,0
47017,0
47018,0
47019,0
47020,0
47021,5
47022,3
47023,0
47024,0
47025,2
47026,1
47027,0
47028,0
47029,0
47030,0
47031,0
47032,0
47033,1
47034,5
47035,1
47036,2
47037,0
47038,0
47039,0
47040,1
47041,3
47042,0
47043,2
47044,0
47045,1
47046,10
47047,1
47048,0
47049,2
47050,0
47051,4
47052,2
47053,2
47054,3
47055,1
47056,0
47057,0
47058,2
47059,0
47060,0
47061,3
47062,5
47063,6
47064,1
47065,1
47066,4
47067,1
47068,4
47069,2
47070,2
47071,1
47072,4
47073,0
47074,0
47075,0
47076,3
47077,0
47078,0
47079,2
47080,1
47081,1
47082,0
47083,0
47084,1
47085,1
47086,0
47087,0
47088,0
47089,2
47090,1
47091,0
47092,2
47093,4
47094,0
47095,1
47096,3
47097,2
47098,2
47099,0
47100,1
47101,0
47102,1
47103,4
47104,0
47105,2
47106,1
47107,1
47108,0
47109,1
47110,2
47111,1
47112,1
47113,2
47114,1
47115,2
47116,1
47117,3
47118,2
47119,1
47120,3
47121,1
47122,2
47123,0
47124,0
47125,1
47126,0
47127,1
47128,0
47129,1
47130,2
47131,0
47132,0
47133,0
47134,0
47135,2
47136,4
47137,0
47138,1
47139,0
47140,1
47141,2
47142,1
47143,1
47144,0
47145,3
47146,1
47147,3
47148,0
47149,1
47150,1
47151,2
47152,0
47153,1
47154,6
47155,4
47156,1
47157,0
47158,0
47159,1
47160,0
47161,1
47162,1
47163,1
47164,1
47165,0
47166,2
47167,3
47168,0
47169,0
47170,0
47171,0
47172,1
47173,1
47174,1
47175,1
47176,0
47177,2
47178,0
47179,0
47180,1
47181,0
47182,0
47183,0
47184,1
47185,0
47186,0
47187,2
47188,0
47189,1
47190,1
47191,2
47192,1
47193,2
47194,1
47195,1
47196,0
47197,0
47198,5
47199,1
47200,0
47201,3
47202,1
47203,0
47204,1
47205,0
47206,1
47207,1
47208,1
47209,1
47210,1
47211,1
47212,1
47213,2
47214,1
47215,1
47216,1
47217,0
47218,0
47219,3
47220,1
47221,1
47222,0
47223,0
47224,0
47225,0
47226,0
47227,1
47228,0
47229,0
47230,1
47231,1
47232,0
47233,3
47234,0
47235,0
47236,0
47237,0
47238,0
47239,0
47240,0
47241,0
47242,1
47243,0
47244,1
47245,0
47246,4
47247,0
47248,1
47249,1
47250,0
47251,0
47252,1
47253,1
47254,1
47255,1
47256,1
47257,2
47258,0
47259,0
47260,0
47261,0
47262,1
47263,3
47264,4
47265,2
47266,1
47267,1
47268,2
47269,0
47270,0
47271,1
47272,0
47273,0
47274,0
47275,0
47276,3
47277,1
47278,2
47279,0
47280,1
47281,1
47282,0
47283,1
47284,0
47285,0
47286,0
47287,2
47288,1
47289,0
47290,1
47291,2
47292,0
47293,2
47294,1
47295,5
47296,3
47297,1
47298,1
47299,1
47300,1
47301,1
47302,1
47303,0
47304,0
47305,0
47306,1
47307,2
47308,0
47309,2
47310,1
47311,2
47312,2
47313,0
47314,0
47315,0
47316,0
47317,1
47318,0
47319,1
47320,1
47321,2
47322,0
47323,0
47324,0
47325,0
47326,1
47327,1
47328,3
47329,1
47330,0
47331,0
47332,0
47333,1
47334,2
47335,0
47336,0
47337,1
47338,1
47339,1
47340,2
47341,1
47342,1
47343,2
47344,0
47345,0
47346,1
47347,1
47348,1
47349,1
47350,3
47351,2
47352,2
47353,0
47354,1
47355,2
47356,1
47357,1
47358,4
47359,0
47360,2
47361,0
47362,0
47363,1
47364,1
47365,0
47366,0
47367,1
47368,1
47369,4
47370,1
47371,0
47372,0
47373,2
47374,0
47375,1
47376,0
47377,0
47378,0
47379,0
47380,0
47381,0
47382,2
47383,2
47384,1
47385,0
47386,2
47387,0
47388,0
47389,1
47390,3
47391,1
47392,1
47393,0
47394,3
47395,2
47396,2
47397,2
47398,6
47399,2
47400,2
47401,0
47402,2
47403,9
47404,0
47405,1
47406,2
47407,0
47408,0
47409,0
47410,1
47411,1
47412,4
47413,2
47414,1
47415,2
47416,1
47417,1
47418,2
47419,0
47420,1
47421,1
47422,3
47423,0
47424,2
47425,3
47426,3
47427,0
47428,1
47429,0
47430,1
47431,0
47432,1
47433,1
47434,1
47435,1
47436,0
47437,1
47438,0
47439,0
47440,0
47441,2
47442,1
47443,1
47444,2
47445,1
47446,1
47447,2
47448,0
47449,0
47450,3
47451,1
47452,1
47453,0
47454,1
47455,0
47456,1
47457,0
47458,3
47459,0
47460,2
47461,0
47462,0
47463,1
47464,0
47465,0
47466,2
47467,5
47468,2
47469,3
47470,3
47471,0
47472,0
47473,0
47474,2
47475,0
47476,3
47477,0
47478,1
47479,0
47480,5
47481,1
47482,3
47483,0
47484,0
47485,1
47486,1
47487,5
47488,7
47489,1
47490,1
47491,1
47492,1
47493,3
47494,0
47495,2
47496,3
47497,3
47498,2
47499,3
47500,0
47501,0
47502,0
47503,1
47504,3
47505,0
47506,0
47507,1
47508,0
47509,2
47510,1
47511,2
47512,1
47513,1
47514,0
47515,2
47516,0
47517,0
47518,0
47519,1
47520,3
47521,1
47522,2
47523,0
47524,0
47525,1
47526,2
47527,4
47528,0
47529,0
47530,1
47531,1
47532,0
47533,0
47534,0
47535,1
47536,0
47537,2
47538,1
47539,0
47540,2
47541,1
47542,3
47543,1
47544,0
47545,1
47546,6
47547,0
47548,2
47549,0
47550,0
47551,1
47552,0
47553,2
47554,2
47555,4
47556,4
47557,1
47558,1
47559,3
47560,1
47561,4
47562,0
47563,2
47564,5
47565,3
47566,1
47567,0
47568,1
47569,3
47570,3
47571,1
47572,1
47573,6
47574,2
47575,2
47576,2
47577,0
47578,0
47579,1
47580,0
47581,0
47582,0
47583,1
47584,0
47585,1
47586,1
47587,0
47588,1
47589,1
47590,1
47591,2
47592,1
47593,0
47594,0
47595,2
47596,0
47597,3
47598,2
47599,0
47600,2
47601,0
47602,2
47603,1
47604,0
47605,1
47606,1
47607,0
47608,1
47609,1
47610,3
47611,0
47612,0
47613,1
47614,0
47615,0
47616,4
47617,0
47618,2
47619,0
47620,1
47621,2
47622,1
47623,3
47624,0
47625,2
47626,3
47627,0
47628,2
47629,0
47630,1
47631,3
47632,1
47633,0
47634,0
47635,2
47636,3
47637,1
47638,0
47639,1
47640,0
47641,2
47642,2
47643,3
47644,1
47645,0
47646,0
47647,2
47648,0
47649,3
47650,1
47651,0
47652,2
47653,1
47654,0
47655,5
47656,0
47657,5
47658,0
47659,0
47660,1
47661,0
47662,0
47663,0
47664,0
47665,0
47666,1
47667,2
47668,1
47669,2
47670,0
47671,1
47672,0
47673,0
47674,0
47675,0
47676,0
47677,1
47678,1
47679,0
47680,3
47681,1
47682,0
47683,1
47684,2
47685,0
47686,2
47687,1
47688,1
47689,0
47690,0
47691,1
47692,2
47693,2
47694,1
47695,2
47696,0
47697,1
47698,0
47699,0
47700,2
47701,1
47702,0
47703,4
47704,0
47705,0
47706,2
47707,3
47708,0
47709,1
47710,4
47711,1
47712,1
47713,1
47714,0
47715,0
47716,1
47717,0
47718,1
47719,3
47720,2
47721,0
47722,0
47723,2
47724,2
47725,0
47726,0
47727,0
47728,1
47729,0
47730,1
47731,1
47732,0
47733,2
47734,1
47735,2
47736,1
47737,3
47738,1
47739,0
47740,1
47741,0
47742,0
47743,1
47744,1
47745,3
47746,1
47747,1
47748,0
47749,0
47750,2
47751,2
47752,2
47753,3
47754,4
47755,3
47756,1
47757,0
47758,4
47759,3
47760,1
47761,1
47762,1
47763,2
47764,3
47765,0
47766,5
47767,1
47768,0
47769,0
47770,1
47771,0
47772,1
47773,1
47774,1
47775,0
47776,1
47777,2
47778,1
47779,2
47780,2
47781,0
47782,0
47783,1
47784,1
47785,2
47786,0
47787,0
47788,0
47789,2
47790,1
47791,1
47792,0
47793,1
47794,1
47795,0
47796,0
47797,2
47798,3
47799,2
47800,2
47801,0
47802,0
47803,0
47804,1
47805,2
47806,0
47807,4
47808,1
47809,1
47810,0
47811,5
47812,3
47813,0
47814,2
47815,0
47816,1
47817,0
47818,0
47819,0
47820,2
47821,1
47822,0
47823,0
47824,1
47825,1
47826,1
47827,1
47828,5
47829,0
47830,2
47831,0
47832,0
47833,0
47834,0
47835,1
47836,1
47837,1
47838,0
47839,1
47840,0
47841,3
47842,4
47843,2
47844,0
47845,1
47846,5
47847,0
47848,0
47849,3
47850,1
47851,0
47852,1
47853,0
47854,1
47855,2
47856,1
47857,0
47858,2
47859,2
47860,0
47861,0
47862,1
47863,1
47864,2
47865,1
47866,0
47867,2
47868,0
47869,0
47870,0
47871,1
47872,0
47873,0
47874,4
47875,0
47876,1
47877,1
47878,0
47879,1
47880,2
47881,0
47882,1
47883,1
47884,2
47885,4
47886,1
47887,1
47888,0
47889,1
47890,2
47891,1
47892,0
47893,2
47894,1
47895,0
47896,2
47897,0
47898,0
47899,1
47900,1
47901,2
47902,0
47903,1
47904,1
47905,2
47906,1
47907,1
47908,6
47909,0
47910,3
47911,1
47912,1
47913,0
47914,1
47915,2
47916,0
47917,1
47918,2
47919,0
47920,0
47921,4
47922,1
47923,5
47924,0
47925,1
47926,0
47927,2
47928,1
47929,0
47930,2
47931,2
47932,1
47933,0
47934,0
47935,1
47936,2
47937,1
47938,1
47939,0
47940,0
47941,0
47942,3
47943,1
47944,0
47945,1
47946,1
47947,2
47948,1
47949,4
47950,2
47951,0
47952,1
47953,0
47954,0
47955,2
47956,1
47957,0
47958,0
47959,0
47960,2
47961,0
47962,1
47963,2
47964,0
47965,0
47966,0
47967,1
47968,2
47969,2
47970,1
47971,6
47972,0
47973,3
47974,1
47975,3
47976,3
47977,0
47978,0
47979,0
47980,3
47981,4
47982,1
47983,0
47984,3
47985,3
47986,1
47987,6
47988,1
47989,2
47990,0
47991,2
47992,2
47993,3
47994,3
47995,4
47996,3
47997,2
47998,1
47999,0
48000,5
48001,0
48002,0
48003,1
48004,0
48005,0
48006,0
48007,2
48008,1
48009,1
48010,1
48011,1
48012,1
48013,1
48014,0
48015,3
48016,0
48017,1
48018,4
48019,0
48020,0
48021,2
48022,2
48023,1
48024,1
48025,1
48026,2
48027,0
48028,0
48029,2
48030,1
48031,1
48032,1
48033,1
48034,2
48035,1
48036,1
48037,6
48038,5
48039,2
48040,2
48041,3
48042,10
48043,1
48044,0
48045,3
48046,0
48047,1
48048,1
48049,1
48050,1
48051,1
48052,1
48053,0
48054,1
48055,2
48056,2
48057,1
48058,1
48059,1
48060,0
48061,2
48062,1
48063,6
48064,2
48065,0
48066,1
48067,0
48068,0
48069,0
48070,1
48071,0
48072,0
48073,0
48074,1
48075,1
48076,3
48077,3
48078,0
48079,0
48080,1
48081,0
48082,1
48083,2
48084,1
48085,3
48086,0
48087,1
48088,0
48089,1
48090,0
48091,2
48092,0
48093,3
48094,1
48095,0
48096,0
48097,1
48098,1
48099,0
48100,2
48101,1
48102,0
48103,0
48104,1
48105,0
48106,1
48107,1
48108,0
48109,2
48110,1
48111,1
48112,1
48113,1
48114,1
48115,3
48116,1
48117,0
48118,0
48119,0
48120,3
48121,2
48122,1
48123,1
48124,0
48125,1
48126,1
48127,2
48128,1
48129,1
48130,1
48131,1
48132,0
48133,1
48134,1
48135,1
48136,1
48137,0
48138,1
48139,1
48140,0
48141,0
48142,0
48143,0
48144,0
48145,0
48146,0
48147,4
48148,1
48149,0
48150,2
48151,2
48152,1
48153,0
48154,0
48155,1
48156,0
48157,0
48158,0
48159,0
48160,1
48161,1
48162,0
48163,0
48164,1
48165,0
48166,0
48167,1
48168,0
48169,0
48170,1
48171,1
48172,2
48173,0
48174,0
48175,3
48176,2
48177,1
48178,1
48179,0
48180,0
48181,0
48182,3
48183,2
48184,7
48185,1
48186,6
48187,8
48188,1
48189,1
48190,1
48191,0
48192,0
48193,3
48194,0
48195,0
48196,4
48197,24
48198,0
48199,1
48200,1
48201,7
48202,1
48203,0
48204,0
48205,0
48206,5
48207,3
48208,2
48209,3
48210,0
48211,44
48212,0
48213,1
48214,2
48215,0
48216,0
48217,3
48218,1
48219,1
48220,0
48221,4
48222,0
48223,0
48224,1
48225,3
48226,6
48227,0
48228,2
48229,2
48230,0
48231,1
48232,2
48233,3
48234,1
48235,5
48236,10
48237,2
48238,3
48239,0
48240,4
48241,2
48242,0
48243,1
48244,1
48245,0
48246,1
48247,0
48248,1
48249,1
48250,0
48251,2
48252,0
48253,0
48254,6
48255,3
48256,4
48257,0
48258,2
48259,1
48260,0
48261,3
48262,8
48263,4
48264,0
48265,1
48266,1
48267,1
48268,1
48269,1
48270,0
48271,0
48272,3
48273,0
48274,1
48275,3
48276,0
48277,0
48278,1
48279,3
48280,0
48281,0
48282,0
48283,0
48284,2
48285,1
48286,7
48287,0
48288,0
48289,0
48290,2
48291,2
48292,0
48293,4
48294,0
48295,1
48296,0
48297,0
48298,0
48299,0
48300,2
48301,2
48302,0
48303,1
48304,2
48305,0
48306,0
48307,0
48308,4
48309,1
48310,1
48311,1
48312,2
48313,1
48314,0
48315,1
48316,2
48317,1
48318,0
48319,2
48320,3
48321,1
48322,0
48323,1
48324,2
48325,0
48326,2
48327,0
48328,2
48329,0
48330,0
48331,0
48332,1
48333,1
48334,1
48335,0
48336,1
48337,1
48338,0
48339,0
48340,1
48341,1
48342,0
48343,2
48344,0
48345,0
48346,0
48347,3
48348,1
48349,0
48350,0
48351,0
48352,2
48353,0
48354,1
48355,0
48356,0
48357,2
48358,4
48359,0
48360,1
48361,0
48362,1
48363,2
48364,0
48365,0
48366,2
48367,0
48368,0
48369,0
48370,0
48371,0
48372,2
48373,2
48374,1
48375,0
48376,1
48377,0
48378,1
48379,0
48380,1
48381,0
48382,2
48383,1
48384,0
48385,0
48386,0
48387,0
48388,1
48389,1
48390,0
48391,0
48392,1
48393,0
48394,0
48395,1
48396,0
48397,0
48398,0
48399,1
48400,3
48401,2
48402,0
48403,0
48404,0
48405,0
48406,1
48407,0
48408,0
48409,1
48410,0
48411,0
48412,1
48413,0
48414,4
48415,0
48416,2
48417,2
48418,1
48419,1
48420,1
48421,1
48422,0
48423,0
48424,0
48425,1
48426,0
48427,0
48428,0
48429,0
48430,2
48431,0
48432,1
48433,0
48434,1
48435,0
48436,0
48437,0
48438,0
48439,0
48440,0
48441,1
48442,1
48443,0
48444,1
48445,2
48446,2
48447,0
48448,0
48449,0
48450,0
48451,2
48452,1
48453,0
48454,0
48455,0
48456,1
48457,1
48458,2
48459,0
48460,0
48461,0
48462,1
48463,0
48464,2
48465,0
48466,1
48467,2
48468,0
48469,2
48470,1
48471,4
48472,0
48473,0
48474,0
48475,1
48476,0
48477,0
48478,1
48479,1
48480,1
48481,0
48482,2
48483,1
48484,1
48485,0
48486,2
48487,0
48488,0
48489,1
48490,1
48491,2
48492,1
48493,3
48494,2
48495,0
48496,7
48497,1
48498,3
48499,1
48500,1
48501,0
48502,2
48503,4
48504,0
48505,0
48506,1
48507,3
48508,3
48509,0
48510,0
48511,0
48512,1
48513,1
48514,0
48515,0
48516,0
48517,0
48518,0
48519,3
48520,2
48521,2
48522,1
48523,0
48524,3
48525,0
48526,0
48527,2
48528,0
48529,1
48530,0
48531,0
48532,1
48533,2
48534,0
48535,0
48536,0
48537,0
48538,0
48539,1
48540,1
48541,1
48542,2
48543,0
48544,0
48545,1
48546,1
48547,0
48548,0
48549,0
48550,0
48551,1
48552,0
48553,2
48554,0
48555,3
48556,1
48557,0
48558,0
48559,0
48560,0
48561,0
48562,0
48563,0
48564,2
48565,1
48566,1
48567,1
48568,1
48569,0
48570,2
48571,1
48572,0
48573,0
48574,0
48575,2
48576,0
48577,0
48578,1
48579,3
48580,0
48581,0
48582,0
48583,1
48584,1
48585,1
48586,4
48587,2
48588,1
48589,0
48590,2
48591,0
48592,1
48593,2
48594,1
48595,1
48596,0
48597,0
48598,0
48599,0
48600,0
48601,0
48602,2
48603,0
48604,3
48605,0
48606,1
48607,1
48608,0
48609,0
48610,0
48611,0
48612,1
48613,5
48614,1
48615,2
48616,2
48617,0
48618,1
48619,2
48620,1
48621,2
48622,3
48623,1
48624,2
48625,1
48626,3
48627,1
48628,0
48629,1
48630,3
48631,3
48632,0
48633,1
48634,1
48635,2
48636,1
48637,0
48638,0
48639,6
48640,0
48641,0
48642,2
48643,0
48644,1
48645,1
48646,2
48647,1
48648,0
48649,0
48650,1
48651,0
48652,1
48653,0
48654,6
48655,1
48656,0
48657,1
48658,1
48659,0
48660,0
48661,0
48662,0
48663,2
48664,0
48665,1
48666,0
48667,1
48668,0
48669,1
48670,5
48671,0
48672,0
48673,1
48674,0
48675,0
48676,1
48677,1
48678,0
48679,0
48680,1
48681,0
48682,1
48683,2
48684,0
48685,0
48686,1
48687,2
48688,2
48689,2
48690,1
48691,1
48692,0
48693,0
48694,1
48695,0
48696,2
48697,0
48698,3
48699,0
48700,8
48701,3
48702,2
48703,2
48704,7
48705,0
48706,1
48707,0
48708,1
48709,0
48710,0
48711,3
48712,1
48713,1
48714,1
48715,0
48716,0
48717,1
48718,1
48719,0
48720,1
48721,0
48722,2
48723,1
48724,1
48725,0
48726,0
48727,2
48728,2
48729,1
48730,3
48731,2
48732,1
48733,1
48734,0
48735,0
48736,0
48737,0
48738,1
48739,1
48740,0
48741,0
48742,0
48743,1
48744,0
48745,0
48746,0
48747,1
48748,0
48749,0
48750,0
48751,2
48752,1
48753,0
48754,1
48755,1
48756,0
48757,1
48758,0
48759,6
48760,2
48761,0
48762,0
48763,1
48764,0
48765,1
48766,1
48767,1
48768,0
48769,1
48770,2
48771,1
48772,1
48773,2
48774,0
48775,0
48776,0
48777,0
48778,0
48779,0
48780,1
48781,1
48782,3
48783,2
48784,0
48785,3
48786,1
48787,3
48788,1
48789,1
48790,2
48791,0
48792,2
48793,2
48794,0
48795,0
48796,2
48797,1
48798,0
48799,1
48800,0
48801,1
48802,0
48803,2
48804,2
48805,3
48806,3
48807,1
48808,0
48809,1
48810,2
48811,2
48812,0
48813,1
48814,1
48815,2
48816,2
48817,0
48818,3
48819,1
48820,0
48821,0
48822,1
48823,0
48824,0
48825,0
48826,3
48827,0
48828,1
48829,0
48830,1
48831,0
48832,0
48833,0
48834,3
48835,1
48836,0
48837,0
48838,0
48839,0
48840,0
48841,0
48842,0
48843,0
48844,0
48845,0
48846,2
48847,0
48848,1
48849,1
48850,1
48851,1
48852,0
48853,7
48854,0
48855,0
48856,0
48857,2
48858,1
48859,7
48860,0
48861,1
48862,1
48863,1
48864,1
48865,1
48866,0
48867,0
48868,0
48869,0
48870,3
48871,1
48872,1
48873,1
48874,1
48875,1
48876,0
48877,2
48878,0
48879,1
48880,0
48881,0
48882,0
48883,0
48884,1
48885,1
48886,0
48887,0
48888,1
48889,0
48890,0
48891,1
48892,2
48893,1
48894,0
48895,2
48896,0
48897,3
48898,2
48899,0
48900,1
48901,1
48902,1
48903,1
48904,1
48905,0
48906,1
48907,1
48908,0
48909,0
48910,1
48911,3
48912,1
48913,1
48914,0
48915,2
48916,0
48917,2
48918,0
48919,0
48920,1
48921,8
48922,0
48923,0
48924,8
48925,3
48926,1
48927,0
48928,0
48929,1
48930,1
48931,1
48932,1
48933,3
48934,1
48935,2
48936,3
48937,0
48938,0
48939,1
48940,0
48941,1
48942,1
48943,0
48944,2
48945,0
48946,1
48947,0
48948,1
48949,4
48950,1
48951,1
48952,1
48953,0
48954,2
48955,0
48956,0
48957,1
48958,0
48959,0
48960,2
48961,0
48962,1
48963,0
48964,0
48965,1
48966,3
48967,3
48968,0
48969,0
48970,1
48971,4
48972,2
48973,1
48974,1
48975,0
48976,0
48977,1
48978,2
48979,2
48980,1
48981,1
48982,0
48983,1
48984,0
48985,0
48986,1
48987,2
48988,1
48989,0
48990,2
48991,1
48992,0
48993,1
48994,1
48995,3
48996,1
48997,3
48998,1
48999,1
49000,5
49001,2
49002,1
49003,0
49004,0
49005,2
49006,1
49007,2
49008,0
49009,1
49010,2
49011,0
49012,1
49013,0
49014,0
49015,0
49016,1
49017,0
49018,0
49019,1
49020,2
49021,0
49022,0
49023,1
49024,1
49025,0
49026,0
49027,4
49028,0
49029,3
49030,2
49031,4
49032,2
49033,0
49034,0
49035,0
49036,0
49037,1
49038,0
49039,0
49040,1
49041,1
49042,0
49043,5
49044,1
49045,0
49046,0
49047,1
49048,2
49049,0
49050,0
49051,1
49052,1
49053,1
49054,2
49055,1
49056,0
49057,0
49058,0
49059,1
49060,2
49061,1
49062,2
49063,2
49064,1
49065,0
49066,0
49067,3
49068,1
49069,1
49070,3
49071,1
49072,1
49073,0
49074,1
49075,1
49076,3
49077,0
49078,0
49079,0
49080,2
49081,0
49082,1
49083,2
49084,1
49085,0
49086,0
49087,4
49088,1
49089,1
49090,0
49091,1
49092,1
49093,3
49094,2
49095,1
49096,3
49097,0
49098,0
49099,1
49100,0
49101,1
49102,0
49103,0
49104,1
49105,2
49106,3
49107,2
49108,1
49109,1
49110,1
49111,0
49112,2
49113,1
49114,2
49115,1
49116,0
49117,1
49118,7
49119,1
49120,2
49121,1
49122,1
49123,3
49124,1
49125,0
49126,2
49127,1
49128,2
49129,0
49130,0
49131,1
49132,1
49133,0
49134,0
49135,0
49136,0
49137,1
49138,0
49139,0
49140,1
49141,1
49142,0
49143,0
49144,0
49145,7
49146,0
49147,0
49148,2
49149,1
49150,3
49151,0
49152,0
49153,2
49154,4
49155,0
49156,3
49157,2
49158,1
49159,0
49160,0
49161,0
49162,0
49163,1
49164,0
49165,0
49166,0
49167,2
49168,1
49169,1
49170,1
49171,0
49172,2
49173,0
49174,3
49175,0
49176,1
49177,0
49178,0
49179,2
49180,1
49181,0
49182,1
49183,1
49184,0
49185,5
49186,1
49187,0
49188,1
49189,0
49190,1
49191,1
49192,0
49193,1
49194,3
49195,1
49196,0
49197,0
49198,1
49199,0
49200,0
49201,2
49202,0
49203,1
49204,0
49205,2
49206,0
49207,1
49208,1
49209,1
49210,3
49211,3
49212,2
49213,1
49214,6
49215,6
49216,0
49217,3
49218,1
49219,1
49220,0
49221,0
49222,3
49223,0
49224,2
49225,4
49226,0
49227,3
49228,2
49229,0
49230,2
49231,1
49232,0
49233,1
49234,0
49235,1
49236,0
49237,0
49238,0
49239,1
49240,0
49241,0
49242,2
49243,3
49244,2
49245,0
49246,1
49247,2
49248,2
49249,0
49250,3
49251,5
49252,2
49253,0
49254,2
49255,0
49256,2
49257,1
49258,3
49259,1
49260,1
49261,2
49262,1
49263,1
49264,0
49265,0
49266,1
49267,1
49268,0
49269,1
49270,1
49271,3
49272,2
49273,0
49274,0
49275,0
49276,0
49277,0
49278,2
49279,0
49280,0
49281,3
49282,5
49283,4
49284,2
49285,3
49286,1
49287,1
49288,6
49289,1
49290,1
49291,1
49292,2
49293,0
49294,1
49295,0
49296,0
49297,1
49298,2
49299,1
49300,1
49301,0
49302,1
49303,0
49304,0
49305,0
49306,0
49307,2
49308,1
49309,1
49310,0
49311,0
49312,1
49313,0
49314,1
49315,1
49316,0
49317,3
49318,2
49319,6
49320,1
49321,3
49322,3
49323,1
49324,2
49325,1
49326,0
49327,1
49328,1
49329,1
49330,1
49331,3
49332,1
49333,0
49334,6
49335,0
49336,1
49337,0
49338,0
49339,1
49340,3
49341,17
49342,0
49343,1
49344,40
49345,6
49346,0
49347,1
49348,2
49349,1
49350,0
49351,0
49352,1
49353,0
49354,0
49355,0
49356,0
49357,0
49358,1
49359,1
49360,0
49361,0
49362,1
49363,1
49364,1
49365,2
49366,1
49367,0
49368,0
49369,0
49370,1
49371,2
49372,0
49373,1
49374,2
49375,0
49376,0
49377,2
49378,1
49379,0
49380,0
49381,0
49382,4
49383,0
49384,0
49385,2
49386,1
49387,2
49388,2
49389,1
49390,2
49391,2
49392,0
49393,1
49394,1
49395,0
49396,0
49397,1
49398,0
49399,2
49400,3
49401,0
49402,1
49403,0
49404,0
49405,1
49406,2
49407,1
49408,2
49409,0
49410,4
49411,10
49412,2
49413,0
49414,0
49415,0
49416,0
49417,1
49418,1
49419,0
49420,3
49421,0
49422,1
49423,3
49424,4
49425,1
49426,1
49427,1
49428,2
49429,1
49430,1
49431,4
49432,2
49433,1
49434,1
49435,0
49436,0
49437,3
49438,0
49439,1
49440,1
49441,1
49442,0
49443,2
49444,1
49445,2
49446,3
49447,0
49448,1
49449,1
49450,1
49451,0
49452,2
49453,0
49454,1
49455,0
49456,2
49457,1
49458,2
49459,0
49460,1
49461,1
49462,0
49463,0
49464,1
49465,1
49466,1
49467,2
49468,1
49469,2
49470,0
49471,0
49472,2
49473,1
49474,0
49475,1
49476,3
49477,1
49478,1
49479,1
49480,0
49481,3
49482,0
49483,2
49484,1
49485,0
49486,0
49487,2
49488,0
49489,0
49490,0
49491,1
49492,1
49493,0
49494,0
49495,0
49496,1
49497,1
49498,1
49499,0
49500,0
49501,2
49502,2
49503,5
49504,2
49505,0
49506,1
49507,0
49508,1
49509,0
49510,1
49511,1
49512,1
49513,0
49514,2
49515,4
49516,3
49517,0
49518,0
49519,1
49520,0
49521,1
49522,1
49523,1
49524,1
49525,0
49526,0
49527,0
49528,3
49529,0
49530,0
49531,0
49532,6
49533,1
49534,1
49535,0
49536,0
49537,0
49538,3
49539,0
49540,1
49541,2
49542,2
49543,1
49544,1
49545,1
49546,0
49547,3
49548,3
49549,1
49550,1
49551,0
49552,0
49553,1
49554,2
49555,1
49556,0
49557,1
49558,0
49559,1
49560,0
49561,1
49562,3
49563,1
49564,1
49565,7
49566,0
49567,1
49568,1
49569,1
49570,22
49571,1
49572,9
49573,9
49574,6
49575,0
49576,7
49577,2
49578,3
49579,3
49580,1
49581,0
49582,1
49583,2
49584,0
49585,5
49586,1
49587,2
49588,1
49589,1
49590,0
49591,0
49592,0
49593,0
49594,0
49595,1
49596,0
49597,2
49598,0
49599,0
49600,0
49601,0
49602,2
49603,0
49604,0
49605,0
49606,1
49607,1
49608,0
49609,0
49610,1
49611,0
49612,1
49613,1
49614,2
49615,2
49616,0
49617,1
49618,0
49619,0
49620,4
49621,1
49622,1
49623,0
49624,0
49625,2
49626,1
49627,5
49628,3
49629,2
49630,2
49631,1
49632,0
49633,1
49634,1
49635,0
49636,0
49637,2
49638,1
49639,0
49640,0
49641,2
49642,1
49643,3
49644,4
49645,1
49646,4
49647,0
49648,1
49649,3
49650,0
49651,0
49652,1
49653,0
49654,0
49655,0
49656,1
49657,0
49658,2
49659,1
49660,2
49661,2
49662,1
49663,0
49664,0
49665,2
49666,0
49667,0
49668,1
49669,0
49670,2
49671,1
49672,0
49673,0
49674,6
49675,1
49676,1
49677,1
49678,0
49679,0
49680,2
49681,2
49682,2
49683,2
49684,0
49685,1
49686,1
49687,0
49688,10
49689,0
49690,0
49691,6
49692,2
49693,0
49694,1
49695,2
49696,0
49697,0
49698,2
49699,0
49700,1
49701,5
49702,2
49703,1
49704,1
49705,1
49706,1
49707,1
49708,1
49709,3
49710,3
49711,1
49712,0
49713,6
49714,2
49715,0
49716,1
49717,4
49718,1
49719,3
49720,1
49721,2
49722,0
49723,1
49724,3
49725,6
49726,2
49727,1
49728,7
49729,3
49730,8
49731,1
49732,3
49733,1
49734,1
49735,2
49736,0
49737,1
49738,1
49739,2
49740,3
49741,3
49742,8
49743,2
49744,1
49745,4
49746,2
49747,3
49748,4
49749,1
49750,4
49751,10
49752,1
49753,0
49754,1
49755,0
49756,2
49757,4
49758,6
49759,1
49760,2
49761,3
49762,3
49763,0
49764,1
49765,2
49766,0
49767,0
49768,3
49769,0
49770,1
49771,3
49772,0
49773,9
49774,2
49775,5
49776,5
49777,3
49778,0
49779,1
49780,0
49781,1
49782,1
49783,0
49784,0
49785,0
49786,0
49787,2
49788,2
49789,0
49790,1
49791,2
49792,0
49793,1
49794,0
49795,2
49796,0
49797,0
49798,0
49799,1
49800,1
49801,2
49802,4
49803,3
49804,1
49805,2
49806,2
49807,1
49808,0
49809,0
49810,7
49811,2
49812,1
49813,0
49814,1
49815,0
49816,0
49817,1
49818,1
49819,0
49820,2
49821,3
49822,0
49823,0
49824,0
49825,0
49826,0
49827,0
49828,0
49829,4
49830,1
49831,0
49832,1
49833,2
49834,0
49835,1
49836,1
49837,1
49838,0
49839,1
49840,1
49841,1
49842,0
49843,1
49844,1
49845,2
49846,3
49847,1
49848,1
49849,1
49850,3
49851,3
49852,2
49853,1
49854,0
49855,0
49856,2
49857,1
49858,0
49859,2
49860,0
49861,0
49862,2
49863,0
49864,0
49865,2
49866,3
49867,1
49868,1
49869,1
49870,8
49871,1
49872,1
49873,0
49874,3
49875,0
49876,2
49877,2
49878,0
49879,2
49880,0
49881,1
49882,2
49883,1
49884,2
49885,2
49886,2
49887,3
49888,1
49889,0
49890,5
49891,0
49892,0
49893,1
49894,0
49895,0
49896,1
49897,0
49898,2
49899,0
49900,1
49901,0
49902,1
49903,1
49904,0
49905,0
49906,1
49907,0
49908,2
49909,1
49910,0
49911,0
49912,0
49913,0
49914,1
49915,0
49916,3
49917,2
49918,2
49919,0
49920,1
49921,1
49922,0
49923,0
49924,0
49925,0
49926,0
49927,1
49928,1
49929,1
49930,0
49931,1
49932,0
49933,0
49934,4
49935,0
49936,1
49937,1
49938,0
49939,1
49940,3
49941,4
49942,0
49943,1
49944,1
49945,5
49946,2
49947,0
49948,16
49949,0
49950,1
49951,0
49952,3
49953,1
49954,0
49955,1
49956,0
49957,1
49958,1
49959,1
49960,1
49961,0
49962,6
49963,2
49964,0
49965,0
49966,0
49967,0
49968,3
49969,1
49970,18
49971,0
49972,4
49973,2
49974,4
49975,5
49976,0
49977,2
49978,6
49979,2
49980,0
49981,0
49982,1
49983,1
49984,2
49985,0
49986,0
49987,0
49988,2
49989,4
49990,4
49991,4
49992,2
49993,0
49994,0
49995,2
49996,0
49997,0
49998,0
49999,2
50000,20
50001,4
50002,3
50003,1
50004,2
50005,3
50006,1
50007,6
50008,6
50009,6
50010,7
50011,5
50012,2
50013,0
50014,2
50015,0
50016,2
50017,0
50018,1
50019,0
50020,0
50021,5
50022,3
50023,0
50024,1
50025,2
50026,2
50027,1
50028,1
50029,0
50030,20
50031,0
50032,2
50033,1
50034,1
50035,1
50036,0
50037,1
50038,2
50039,2
50040,0
50041,0
50042,1
50043,1
50044,0
50045,0
50046,1
50047,4
50048,3
50049,0
50050,0
50051,2
50052,12
50053,1
50054,0
50055,5
50056,3
50057,2
50058,3
50059,0
50060,0
50061,2
50062,0
50063,3
50064,1
50065,1
50066,1
50067,0
50068,0
50069,2
50070,0
50071,0
50072,0
50073,0
50074,0
50075,0
50076,0
50077,3
50078,0
50079,0
50080,1
50081,0
50082,1
50083,0
50084,0
50085,0
50086,0
50087,1
50088,2
50089,0
50090,0
50091,1
50092,1
50093,1
50094,6
50095,0
50096,2
50097,1
50098,0
50099,1
50100,2
50101,3
50102,0
50103,1
50104,0
50105,0
50106,1
50107,0
50108,0
50109,1
50110,1
50111,0
50112,0
50113,3
50114,1
50115,1
50116,0
50117,2
50118,0
50119,1
50120,0
50121,2
50122,1
50123,3
50124,1
50125,1
50126,2
50127,1
50128,1
50129,1
50130,2
50131,0
50132,1
50133,3
50134,1
50135,1
50136,0
50137,1
50138,1
50139,1
50140,0
50141,0
50142,1
50143,0
50144,0
50145,0
50146,0
50147,2
50148,0
50149,3
50150,0
50151,0
50152,2
50153,1
50154,0
50155,1
50156,0
50157,0
50158,3
50159,1
50160,0
50161,0
50162,1
50163,0
50164,0
50165,0
50166,0
50167,0
50168,1
50169,0
50170,4
50171,0
50172,1
50173,1
50174,0
50175,0
50176,0
50177,0
50178,0
50179,2
50180,3
50181,1
50182,1
50183,2
50184,0
50185,2
50186,1
50187,2
50188,0
50189,1
50190,6
50191,1
50192,2
50193,1
50194,5
50195,3
50196,0
50197,3
50198,2
50199,2
50200,0
50201,0
50202,0
50203,0
50204,2
50205,0
50206,0
50207,0
50208,1
50209,6
50210,1
50211,0
50212,1
50213,0
50214,2
50215,0
50216,1
50217,4
50218,1
50219,2
50220,2
50221,2
50222,0
50223,2
50224,2
50225,2
50226,1
50227,6
50228,0
50229,1
50230,0
50231,6
50232,1
50233,1
50234,1
50235,2
50236,0
50237,0
50238,0
50239,0
50240,1
50241,1
50242,5
50243,6
50244,6
50245,0
50246,0
50247,0
50248,0
50249,10
50250,5
50251,4
50252,3
50253,0
50254,0
50255,2
50256,0
50257,1
50258,10
50259,4
50260,3
50261,2
50262,0
50263,1
50264,0
50265,3
50266,1
50267,1
50268,3
50269,3
50270,9
50271,0
50272,6
50273,2
50274,6
50275,2
50276,6
50277,3
50278,3
50279,2
50280,0
50281,0
50282,1
50283,4
50284,1
50285,3
50286,2
50287,2
50288,0
50289,1
50290,1
50291,2
50292,1
50293,1
50294,1
50295,0
50296,2
50297,2
50298,2
50299,1
50300,3
50301,1
50302,0
50303,0
50304,1
50305,1
50306,1
50307,3
50308,1
50309,1
50310,3
50311,0
50312,9
50313,1
50314,0
50315,1
50316,5
50317,1
50318,1
50319,3
50320,2
50321,1
50322,2
50323,4
50324,2
50325,2
50326,0
50327,1
50328,1
50329,0
50330,1
50331,3
50332,0
50333,0
50334,0
50335,1
50336,1
50337,3
50338,3
50339,0
50340,0
50341,1
50342,1
50343,4
50344,0
50345,2
50346,1
50347,1
50348,0
50349,1
50350,0
50351,2
50352,2
50353,1
50354,2
50355,0
50356,3
50357,2
50358,1
50359,2
50360,2
50361,1
50362,3
50363,7
50364,3
50365,0
50366,3
50367,0
50368,0
50369,2
50370,4
50371,3
50372,3
50373,3
50374,3
50375,2
50376,0
50377,0
50378,2
50379,1
50380,3
50381,0
50382,2
50383,0
50384,0
50385,0
50386,1
50387,1
50388,1
50389,0
50390,1
50391,2
50392,1
50393,0
50394,4
50395,1
50396,1
50397,4
50398,0
50399,1
50400,1
50401,0
50402,0
50403,1
50404,0
50405,1
50406,0
50407,0
50408,0
50409,2
50410,0
50411,0
50412,1
50413,1
50414,1
50415,0
50416,0
50417,0
50418,4
50419,0
50420,1
50421,1
50422,1
50423,0
50424,8
50425,1
50426,7
50427,6
50428,14
50429,0
50430,27
50431,3
50432,1
50433,1
50434,0
50435,7
50436,0
50437,0
50438,6
50439,2
50440,1
50441,1
50442,0
50443,0
50444,0
50445,2
50446,0
50447,2
50448,1
50449,0
50450,0
50451,0
50452,0
50453,1
50454,0
50455,1
50456,0
50457,1
50458,1
50459,0
50460,0
50461,0
50462,2
50463,1
50464,1
50465,2
50466,1
50467,0
50468,2
50469,0
50470,0
50471,0
50472,3
50473,2
50474,1
50475,1
50476,0
50477,0
50478,0
50479,1
50480,0
50481,0
50482,1
50483,0
50484,2
50485,0
50486,1
50487,1
50488,1
50489,1
50490,1
50491,0
50492,1
50493,0
50494,2
50495,2
50496,0
50497,1
50498,1
50499,2
50500,1
50501,0
50502,0
50503,0
50504,1
50505,0
50506,2
50507,1
50508,0
50509,0
50510,0
50511,0
50512,0
50513,0
50514,0
50515,1
50516,1
50517,2
50518,0
50519,2
50520,1
50521,0
50522,0
50523,0
50524,0
50525,1
50526,2
50527,0
50528,0
50529,1
50530,1
50531,1
50532,0
50533,0
50534,0
50535,2
50536,0
50537,1
50538,4
50539,0
50540,2
50541,0
50542,1
50543,0
50544,0
50545,0
50546,3
50547,2
50548,0
50549,2
50550,1
50551,0
50552,0
50553,1
50554,3
50555,0
50556,0
50557,0
50558,1
50559,1
50560,1
50561,0
50562,0
50563,2
50564,1
50565,0
50566,0
50567,1
50568,2
50569,1
50570,1
50571,3
50572,1
50573,1
50574,1
50575,2
50576,0
50577,1
50578,0
50579,1
50580,0
50581,0
50582,2
50583,1
50584,0
50585,0
50586,1
50587,7
50588,2
50589,5
50590,3
50591,0
50592,3
50593,2
50594,0
50595,0
50596,0
50597,0
50598,1
50599,1
50600,4
50601,1
50602,1
50603,0
50604,1
50605,0
50606,0
50607,1
50608,1
50609,3
50610,0
50611,2
50612,1
50613,3
50614,1
50615,0
50616,1
50617,1
50618,5
50619,1
50620,1
50621,0
50622,1
50623,1
50624,1
50625,0
50626,0
50627,0
50628,1
50629,1
50630,3
50631,0
50632,1
50633,2
50634,1
50635,1
50636,0
50637,2
50638,1
50639,2
50640,3
50641,0
50642,0
50643,1
50644,1
50645,0
50646,0
50647,0
50648,1
50649,0
50650,0
50651,1
50652,2
50653,3
50654,0
50655,5
50656,44
50657,3
50658,0
50659,12
50660,5
50661,0
50662,3
50663,4
50664,1
50665,0
50666,9
50667,1
50668,1
50669,4
50670,0
50671,1
50672,1
50673,0
50674,0
50675,0
50676,0
50677,1
50678,2
50679,1
50680,1
50681,4
50682,4
50683,5
50684,0
50685,1
50686,0
50687,1
50688,2
50689,1
50690,0
50691,0
50692,1
50693,1
50694,3
50695,2
50696,1
50697,2
50698,4
50699,0
50700,2
50701,2
50702,1
50703,0
50704,2
50705,1
50706,1
50707,1
50708,0
50709,0
50710,2
50711,0
50712,3
50713,0
50714,2
50715,1
50716,6
50717,1
50718,4
50719,1
50720,4
50721,0
50722,3
50723,1
50724,0
50725,0
50726,1
50727,0
50728,2
50729,0
50730,0
50731,0
50732,0
50733,1
50734,2
50735,3
50736,0
50737,1
50738,0
50739,1
50740,1
50741,0
50742,3
50743,0
50744,1
50745,1
50746,1
50747,0
50748,3
50749,1
50750,3
50751,0
50752,0
50753,0
50754,0
50755,1
50756,0
50757,1
50758,1
50759,0
50760,1
50761,0
50762,0
50763,3
50764,0
50765,2
50766,2
50767,0
50768,0
50769,2
50770,2
50771,2
50772,0
50773,0
50774,1
50775,2
50776,1
50777,2
50778,1
50779,1
50780,2
50781,0
50782,0
50783,1
50784,2
50785,8
50786,5
50787,4
50788,0
50789,0
50790,0
50791,0
50792,2
50793,0
50794,0
50795,1
50796,1
50797,1
50798,0
50799,1
50800,0
50801,0
50802,0
50803,1
50804,0
50805,0
50806,0
50807,0
50808,0
50809,1
50810,0
50811,0
50812,1
50813,2
50814,2
50815,1
50816,2
50817,1
50818,4
50819,1
50820,1
50821,0
50822,0
50823,2
50824,0
50825,0
50826,0
50827,1
50828,1
50829,2
50830,0
50831,0
50832,1
50833,0
50834,1
50835,0
50836,0
50837,2
50838,1
50839,0
50840,1
50841,0
50842,0
50843,1
50844,1
50845,2
50846,1
50847,1
50848,1
50849,0
50850,0
50851,0
50852,1
50853,1
50854,1
50855,0
50856,0
50857,0
50858,0
50859,0
50860,0
50861,2
50862,2
50863,0
50864,0
50865,0
50866,2
50867,1
50868,1
50869,0
50870,2
50871,0
50872,2
50873,1
50874,1
50875,0
50876,0
50877,0
50878,1
50879,2
50880,1
50881,2
50882,1
50883,1
50884,1
50885,1
50886,1
50887,0
50888,7
50889,1
50890,1
50891,2
50892,0
50893,0
50894,0
50895,0
50896,0
50897,1
50898,1
50899,0
50900,0
50901,0
50902,0
50903,0
50904,2
50905,3
50906,0
50907,0
50908,1
50909,0
50910,0
50911,0
50912,2
50913,5
50914,1
50915,2
50916,2
50917,0
50918,6
50919,1
50920,1
50921,3
50922,0
50923,1
50924,2
50925,0
50926,1
50927,0
50928,1
50929,1
50930,2
50931,0
50932,0
50933,1
50934,0
50935,0
50936,1
50937,1
50938,1
50939,0
50940,0
50941,2
50942,3
50943,0
50944,0
50945,1
50946,0
50947,0
50948,0
50949,0
50950,0
50951,1
50952,1
50953,0
50954,1
50955,0
50956,1
50957,0
50958,0
50959,3
50960,1
50961,1
50962,0
50963,1
50964,0
50965,0
50966,0
50967,1
50968,1
50969,2
50970,0
50971,2
50972,0
50973,1
50974,1
50975,0
50976,0
50977,0
50978,4
50979,2
50980,5
50981,1
50982,0
50983,0
50984,2
50985,0
50986,0
50987,0
50988,0
50989,0
50990,0
50991,1
50992,0
50993,1
50994,0
50995,0
50996,1
50997,1
50998,0
50999,3
51000,3
51001,0
51002,1
51003,0
51004,0
51005,1
51006,1
51007,0
51008,2
51009,3
51010,1
51011,0
51012,0
51013,0
51014,0
51015,0
51016,0
51017,1
51018,1
51019,1
51020,1
51021,0
51022,1
51023,0
51024,1
51025,1
51026,1
51027,1
51028,1
51029,1
51030,0
51031,0
51032,1
51033,2
51034,0
51035,0
51036,2
51037,1
51038,0
51039,0
51040,2
51041,3
51042,0
51043,0
51044,0
51045,0
51046,0
51047,3
51048,0
51049,0
51050,1
51051,0
51052,0
51053,1
51054,1
51055,1
51056,2
51057,0
51058,0
51059,1
51060,1
51061,2
51062,1
51063,1
51064,1
51065,1
51066,1
51067,3
51068,0
51069,0
51070,0
51071,1
51072,0
51073,0
51074,1
51075,1
51076,3
51077,2
51078,1
51079,8
51080,2
51081,0
51082,0
51083,0
51084,1
51085,1
51086,1
51087,2
51088,1
51089,1
51090,2
51091,1
51092,1
51093,1
51094,0
51095,1
51096,1
51097,1
51098,0
51099,0
51100,0
51101,0
51102,1
51103,0
51104,0
51105,1
51106,1
51107,3
51108,1
51109,1
51110,0
51111,2
51112,0
51113,1
51114,0
51115,1
51116,4
51117,4
51118,0
51119,1
51120,2
51121,0
51122,0
51123,0
51124,2
51125,0
51126,1
51127,0
51128,2
51129,0
51130,1
51131,2
51132,5
51133,0
51134,0
51135,3
51136,0
51137,0
51138,0
51139,0
51140,1
51141,1
51142,2
51143,0
51144,0
51145,1
51146,1
51147,2
51148,1
51149,1
51150,1
51151,0
51152,1
51153,0
51154,1
51155,0
51156,0
51157,1
51158,1
51159,3
51160,0
51161,0
51162,0
51163,2
51164,0
51165,0
51166,2
51167,2
51168,3
51169,0
51170,1
51171,0
51172,3
51173,0
51174,1
51175,0
51176,2
51177,1
51178,4
51179,0
51180,0
51181,1
51182,1
51183,0
51184,0
51185,0
51186,1
51187,1
51188,0
51189,0
51190,1
51191,2
51192,2
51193,0
51194,2
51195,1
51196,0
51197,0
51198,0
51199,1
51200,2
51201,1
51202,0
51203,0
51204,0
51205,1
51206,1
51207,0
51208,2
51209,1
51210,0
51211,3
51212,0
51213,2
51214,3
51215,1
51216,2
51217,2
51218,2
51219,0
51220,1
51221,1
51222,0
51223,1
51224,2
51225,0
51226,2
51227,0
51228,0
51229,1
51230,0
51231,1
51232,0
51233,0
51234,2
51235,1
51236,0
51237,1
51238,0
51239,0
51240,0
51241,3
51242,0
51243,2
51244,2
51245,0
51246,0
51247,2
51248,0
51249,0
51250,0
51251,0
51252,0
51253,1
51254,0
51255,2
51256,0
51257,4
51258,1
51259,2
51260,1
51261,0
51262,1
51263,2
51264,1
51265,1
51266,1
51267,1
51268,1
51269,2
51270,2
51271,1
51272,6
51273,8
51274,1
51275,0
51276,3
51277,1
51278,2
51279,0
51280,0
51281,1
51282,1
51283,0
51284,1
51285,2
51286,2
51287,0
51288,3
51289,1
51290,1
51291,0
51292,0
51293,0
51294,1
51295,0
51296,1
51297,4
51298,3
51299,3
51300,3
51301,1
51302,2
51303,0
51304,2
51305,2
51306,0
51307,4
51308,0
51309,5
51310,2
51311,2
51312,1
51313,0
51314,3
51315,1
51316,0
51317,0
51318,2
51319,0
51320,0
51321,1
51322,0
51323,2
51324,0
51325,2
51326,0
51327,0
51328,4
51329,1
51330,6
51331,3
51332,0
51333,2
51334,1
51335,2
51336,1
51337,1
51338,0
51339,1
51340,0
51341,1
51342,1
51343,0
51344,0
51345,2
51346,7
51347,0
51348,0
51349,1
51350,3
51351,0
51352,0
51353,0
51354,1
51355,0
51356,1
51357,1
51358,1
51359,1
51360,2
51361,4
51362,0
51363,2
51364,1
51365,1
51366,1
51367,0
51368,1
51369,2
51370,2
51371,0
51372,2
51373,1
51374,6
51375,2
51376,0
51377,1
51378,1
51379,0
51380,2
51381,2
51382,1
51383,0
51384,1
51385,2
51386,2
51387,2
51388,1
51389,0
51390,1
51391,2
51392,0
51393,0
51394,2
51395,1
51396,9
51397,0
51398,0
51399,0
51400,0
51401,0
51402,0
51403,0
51404,1
51405,2
51406,0
51407,0
51408,0
51409,0
51410,0
51411,0
51412,2
51413,0
51414,0
51415,0
51416,3
51417,0
51418,2
51419,1
51420,0
51421,5
51422,1
51423,2
51424,0
51425,0
51426,0
51427,0
51428,0
51429,1
51430,2
51431,1
51432,3
51433,1
51434,0
51435,1
51436,1
51437,1
51438,0
51439,0
51440,0
51441,1
51442,2
51443,0
51444,1
51445,1
51446,0
51447,1
51448,2
51449,0
51450,0
51451,2
51452,2
51453,0
51454,0
51455,0
51456,0
51457,0
51458,0
51459,0
51460,0
51461,0
51462,0
51463,0
51464,0
51465,0
51466,0
51467,3
51468,0
51469,1
51470,1
51471,1
51472,1
51473,0
51474,2
51475,2
51476,1
51477,0
51478,1
51479,0
51480,0
51481,0
51482,1
51483,0
51484,1
51485,1
51486,0
51487,0
51488,0
51489,1
51490,0
51491,1
51492,2
51493,1
51494,5
51495,1
51496,1
51497,0
51498,2
51499,2
51500,2
51501,1
51502,10
51503,1
51504,0
51505,0
51506,0
51507,0
51508,1
51509,1
51510,2
51511,1
51512,1
51513,0
51514,1
51515,1
51516,1
51517,0
51518,1
51519,3
51520,0
51521,2
51522,1
51523,0
51524,2
51525,0
51526,0
51527,2
51528,0
51529,0
51530,0
51531,0
51532,1
51533,1
51534,0
51535,3
51536,1
51537,0
51538,0
51539,1
51540,1
51541,0
51542,1
51543,0
51544,1
51545,2
51546,0
51547,1
51548,0
51549,0
51550,0
51551,0
51552,1
51553,0
51554,1
51555,1
51556,1
51557,0
51558,1
51559,0
51560,1
51561,1
51562,1
51563,1
51564,0
51565,1
51566,0
51567,0
51568,1
51569,0
51570,2
51571,1
51572,0
51573,1
51574,3
51575,0
51576,1
51577,2
51578,1
51579,1
51580,1
51581,1
51582,0
51583,0
51584,0
51585,1
51586,0
51587,2
51588,0
51589,1
51590,1
51591,3
51592,1
51593,0
51594,1
51595,0
51596,0
51597,1
51598,0
51599,2
51600,0
51601,1
51602,1
51603,1
51604,0
51605,0
51606,1
51607,1
51608,1
51609,2
51610,2
51611,2
51612,0
51613,1
51614,0
51615,0
51616,1
51617,2
51618,0
51619,0
51620,1
51621,4
51622,0
51623,0
51624,0
51625,0
51626,2
51627,0
51628,1
51629,0
51630,1
51631,1
51632,1
51633,0
51634,0
51635,1
51636,1
51637,0
51638,1
51639,1
51640,2
51641,0
51642,2
51643,0
51644,0
51645,1
51646,0
51647,0
51648,1
51649,1
51650,0
51651,1
51652,0
51653,0
51654,4
51655,1
51656,1
51657,3
51658,0
51659,2
51660,1
51661,0
51662,1
51663,1
51664,2
51665,1
51666,1
51667,1
51668,0
51669,2
51670,1
51671,0
51672,1
51673,0
51674,0
51675,0
51676,0
51677,0
51678,0
51679,0
51680,0
51681,0
51682,1
51683,1
51684,3
51685,3
51686,1
51687,0
51688,2
51689,0
51690,0
51691,0
51692,1
51693,0
51694,1
51695,1
51696,0
51697,3
51698,0
51699,0
51700,1
51701,1
51702,8
51703,1
51704,3
51705,0
51706,1
51707,1
51708,0
51709,2
51710,1
51711,0
51712,2
51713,0
51714,3
51715,2
51716,0
51717,0
51718,1
51719,1
51720,0
51721,2
51722,1
51723,0
51724,3
51725,3
51726,0
51727,0
51728,1
51729,1
51730,1
51731,0
51732,1
51733,2
51734,0
51735,0
51736,0
51737,3
51738,8
51739,4
51740,0
51741,4
51742,0
51743,3
51744,1
51745,1
51746,3
51747,1
51748,0
51749,2
51750,4
51751,1
51752,0
51753,2
51754,0
51755,1
51756,0
51757,3
51758,0
51759,0
51760,2
51761,1
51762,5
51763,1
51764,3
51765,3
51766,0
51767,2
51768,1
51769,3
51770,2
51771,1
51772,0
51773,1
51774,1
51775,0
51776,2
51777,0
51778,2
51779,4
51780,0
51781,1
51782,3
51783,1
51784,3
51785,0
51786,2
51787,0
51788,2
51789,32
51790,0
51791,1
51792,0
51793,0
51794,2
51795,2
51796,0
51797,0
51798,0
51799,3
51800,0
51801,1
51802,1
51803,20
51804,2
51805,1
51806,0
51807,0
51808,1
51809,2
51810,0
51811,1
51812,0
51813,2
51814,10
51815,1
51816,4
51817,2
51818,1
51819,2
51820,0
51821,2
51822,0
51823,0
51824,0
51825,1
51826,0
51827,0
51828,1
51829,1
51830,0
51831,2
51832,0
51833,0
51834,1
51835,0
51836,1
51837,0
51838,1
51839,0
51840,1
51841,2
51842,0
51843,2
51844,1
51845,1
51846,1
51847,1
51848,0
51849,1
51850,1
51851,1
51852,0
51853,0
51854,1
51855,0
51856,0
51857,0
51858,2
51859,0
51860,0
51861,0
51862,1
51863,0
51864,0
51865,3
51866,1
51867,0
51868,1
51869,0
51870,0
51871,0
51872,2
51873,3
51874,1
51875,0
51876,0
51877,1
51878,1
51879,2
51880,0
51881,2
51882,1
51883,2
51884,2
51885,1
51886,0
51887,0
51888,1
51889,1
51890,2
51891,8
51892,9
51893,3
51894,0
51895,0
51896,0
51897,1
51898,0
51899,0
51900,1
51901,6
51902,3
51903,1
51904,1
51905,2
51906,3
51907,3
51908,0
51909,1
51910,1
51911,2
51912,1
51913,0
51914,2
51915,1
51916,1
51917,2
51918,0
51919,1
51920,0
51921,0
51922,0
51923,7
51924,0
51925,2
51926,0
51927,0
51928,0
51929,3
51930,1
51931,2
51932,1
51933,1
51934,1
51935,2
51936,0
51937,5
51938,2
51939,1
51940,0
51941,3
51942,0
51943,1
51944,1
51945,0
51946,2
51947,1
51948,0
51949,1
51950,1
51951,2
51952,1
51953,2
51954,1
51955,0
51956,0
51957,0
51958,3
51959,2
51960,1
51961,0
51962,2
51963,1
51964,4
51965,0
51966,1
51967,0
51968,0
51969,0
51970,1
51971,2
51972,0
51973,0
51974,2
51975,0
51976,0
51977,1
51978,1
51979,0
51980,2
51981,0
51982,2
51983,0
51984,1
51985,3
51986,1
51987,0
51988,1
51989,2
51990,1
51991,0
51992,1
51993,0
51994,1
51995,0
51996,0
51997,1
51998,0
51999,1
52000,0
52001,1
52002,0
52003,1
52004,0
52005,1
52006,3
52007,1
52008,2
52009,0
52010,2
52011,0
52012,1
52013,1
52014,1
52015,3
52016,2
52017,0
52018,1
52019,1
52020,0
52021,0
52022,1
52023,0
52024,1
52025,1
52026,0
52027,4
52028,0
52029,1
52030,4
52031,3
52032,2
52033,0
52034,0
52035,2
52036,0
52037,0
52038,0
52039,0
52040,1
52041,0
52042,1
52043,0
52044,2
52045,0
52046,2
52047,0
52048,1
52049,1
52050,2
52051,2
52052,0
52053,0
52054,1
52055,3
52056,1
52057,0
52058,0
52059,0
52060,1
52061,0
52062,2
52063,0
52064,0
52065,0
52066,1
52067,1
52068,0
52069,5
52070,6
52071,0
52072,1
52073,1
52074,4
52075,0
52076,0
52077,2
52078,0
52079,1
52080,5
52081,0
52082,1
52083,0
52084,1
52085,2
52086,2
52087,0
52088,2
52089,0
52090,3
52091,0
52092,9
52093,3
52094,1
52095,6
52096,0
52097,3
52098,1
52099,6
52100,1
52101,2
52102,0
52103,0
52104,0
52105,1
52106,2
52107,1
52108,1
52109,0
52110,2
52111,2
52112,0
52113,2
52114,2
52115,2
52116,0
52117,0
52118,2
52119,2
52120,0
52121,0
52122,1
52123,0
52124,1
52125,0
52126,2
52127,1
52128,1
52129,2
52130,1
52131,0
52132,0
52133,0
52134,2
52135,0
52136,1
52137,1
52138,1
52139,0
52140,1
52141,3
52142,2
52143,1
52144,2
52145,0
52146,0
52147,1
52148,0
52149,0
52150,0
52151,1
52152,1
52153,0
52154,0
52155,2
52156,0
52157,2
52158,1
52159,1
52160,3
52161,1
52162,2
52163,1
52164,0
52165,0
52166,0
52167,1
52168,1
52169,0
52170,1
52171,0
52172,0
52173,1
52174,1
52175,2
52176,1
52177,1
52178,1
52179,0
52180,1
52181,0
52182,1
52183,0
52184,0
52185,0
52186,3
52187,1
52188,1
52189,0
52190,1
52191,2
52192,1
52193,0
52194,3
52195,2
52196,2
52197,0
52198,0
52199,0
52200,4
52201,2
52202,2
52203,5
52204,0
52205,0
52206,1
52207,3
52208,1
52209,1
52210,1
52211,0
52212,0
52213,0
52214,0
52215,1
52216,1
52217,0
52218,0
52219,0
52220,0
52221,3
52222,1
52223,1
52224,3
52225,0
52226,0
52227,3
52228,0
52229,0
52230,0
52231,0
52232,0
52233,0
52234,2
52235,0
52236,1
52237,3
52238,2
52239,2
52240,2
52241,1
52242,8
52243,1
52244,0
52245,0
52246,0
52247,1
52248,1
52249,1
52250,1
52251,0
52252,0
52253,1
52254,0
52255,2
52256,1
52257,1
52258,3
52259,2
52260,1
52261,2
52262,0
52263,0
52264,2
52265,0
52266,0
52267,1
52268,0
52269,1
52270,0
52271,0
52272,2
52273,0
52274,0
52275,1
52276,0
52277,1
52278,0
52279,1
52280,0
52281,1
52282,1
52283,0
52284,1
52285,2
52286,1
52287,0
52288,3
52289,0
52290,1
52291,0
52292,2
52293,1
52294,0
52295,1
52296,0
52297,2
52298,0
52299,0
52300,0
52301,1
52302,0
52303,1
52304,0
52305,2
52306,0
52307,1
52308,0
52309,0
52310,2
52311,1
52312,0
52313,0
52314,2
52315,2
52316,1
52317,0
52318,2
52319,1
52320,2
52321,0
52322,2
52323,0
52324,1
52325,0
52326,0
52327,0
52328,1
52329,0
52330,1
52331,0
52332,0
52333,1
52334,0
52335,0
52336,4
52337,2
52338,0
52339,0
52340,0
52341,1
52342,2
52343,4
52344,2
52345,2
52346,1
52347,2
52348,1
52349,0
52350,0
52351,0
52352,0
52353,0
52354,0
52355,0
52356,2
52357,0
52358,1
52359,1
52360,0
52361,0
52362,0
52363,1
52364,4
52365,1
52366,0
52367,2
52368,0
52369,1
52370,1
52371,1
52372,2
52373,0
52374,1
52375,0
52376,2
52377,2
52378,0
52379,1
52380,0
52381,0
52382,1
52383,2
52384,2
52385,1
52386,1
52387,1
52388,0
52389,0
52390,0
52391,1
52392,0
52393,0
52394,0
52395,1
52396,2
52397,0
52398,1
52399,1
52400,2
52401,0
52402,0
52403,0
52404,0
52405,3
52406,2
52407,3
52408,1
52409,5
52410,1
52411,1
52412,1
52413,1
52414,0
52415,2
52416,2
52417,2
52418,0
52419,2
52420,3
52421,2
52422,1
52423,0
52424,1
52425,2
52426,0
52427,4
52428,0
52429,0
52430,0
52431,0
52432,0
52433,1
52434,1
52435,9
52436,6
52437,2
52438,2
52439,0
52440,3
52441,2
52442,3
52443,0
52444,0
52445,2
52446,5
52447,2
52448,1
52449,3
52450,3
52451,4
52452,1
52453,2
52454,3
52455,0
52456,1
52457,3
52458,1
52459,1
52460,0
52461,2
52462,0
52463,1
52464,1
52465,1
52466,2
52467,3
52468,1
52469,2
52470,3
52471,2
52472,0
52473,1
52474,2
52475,1
52476,1
52477,0
52478,5
52479,3
52480,3
52481,0
52482,0
52483,0
52484,0
52485,2
52486,0
52487,0
52488,0
52489,0
52490,0
52491,0
52492,1
52493,1
52494,1
52495,2
52496,1
52497,1
52498,2
52499,0
52500,2
52501,1
52502,0
52503,2
52504,1
52505,1
52506,0
52507,0
52508,3
52509,0
52510,0
52511,1
52512,3
52513,0
52514,3
52515,0
52516,0
52517,1
52518,1
52519,0
52520,3
52521,1
52522,1
52523,2
52524,1
52525,2
52526,0
52527,0
52528,0
52529,1
52530,3
52531,2
52532,0
52533,0
52534,0
52535,2
52536,1
52537,1
52538,1
52539,1
52540,1
52541,1
52542,4
52543,0
52544,0
52545,0
52546,1
52547,1
52548,0
52549,1
52550,2
52551,0
52552,1
52553,0
52554,0
52555,1
52556,1
52557,2
52558,1
52559,1
52560,0
52561,0
52562,1
52563,0
52564,0
52565,1
52566,0
52567,0
52568,0
52569,0
52570,0
52571,0
52572,0
52573,2
52574,2
52575,3
52576,0
52577,2
52578,3
52579,1
52580,1
52581,0
52582,1
52583,2
52584,2
52585,1
52586,5
52587,0
52588,4
52589,1
52590,2
52591,1
52592,0
52593,2
52594,2
52595,1
52596,1
52597,9
52598,2
52599,1
52600,0
52601,3
52602,5
52603,2
52604,2
52605,2
52606,1
52607,0
52608,0
52609,1
52610,2
52611,3
52612,0
52613,0
52614,1
52615,0
52616,1
52617,0
52618,1
52619,0
52620,0
52621,2
52622,1
52623,0
52624,1
52625,0
52626,1
52627,1
52628,1
52629,1
52630,4
52631,0
52632,0
52633,0
52634,2
52635,0
52636,0
52637,2
52638,4
52639,1
52640,2
52641,1
52642,3
52643,0
52644,1
52645,0
52646,3
52647,3
52648,0
52649,2
52650,5
52651,1
52652,1
52653,0
52654,0
52655,1
52656,0
52657,3
52658,0
52659,1
52660,3
52661,1
52662,0
52663,0
52664,0
52665,1
52666,1
52667,2
52668,0
52669,0
52670,1
52671,0
52672,2
52673,3
52674,0
52675,0
52676,0
52677,0
52678,0
52679,0
52680,0
52681,0
52682,0
52683,0
52684,2
52685,0
52686,0
52687,0
52688,2
52689,0
52690,2
52691,1
52692,1
52693,1
52694,0
52695,2
52696,1
52697,0
52698,0
52699,0
52700,0
52701,1
52702,1
52703,1
52704,2
52705,0
52706,0
52707,0
52708,1
52709,1
52710,1
52711,0
52712,0
52713,0
52714,1
52715,1
52716,0
52717,1
52718,2
52719,3
52720,0
52721,1
52722,0
52723,0
52724,3
52725,3
52726,1
52727,0
52728,0
52729,0
52730,3
52731,0
52732,1
52733,0
52734,5
52735,0
52736,9
52737,1
52738,0
52739,1
52740,0
52741,2
52742,1
52743,1
52744,0
52745,0
52746,1
52747,0
52748,0
52749,1
52750,1
52751,0
52752,0
52753,2
52754,1
52755,0
52756,3
52757,0
52758,0
52759,0
52760,2
52761,1
52762,0
52763,3
52764,1
52765,0
52766,1
52767,0
52768,0
52769,0
52770,1
52771,0
52772,0
52773,0
52774,0
52775,1
52776,0
52777,1
52778,2
52779,1
52780,1
52781,1
52782,2
52783,0
52784,1
52785,0
52786,1
52787,0
52788,0
52789,0
52790,0
52791,0
52792,1
52793,0
52794,0
52795,0
52796,3
52797,0
52798,2
52799,0
52800,2
52801,0
52802,1
52803,1
52804,1
52805,1
52806,0
52807,0
52808,2
52809,1
52810,0
52811,2
52812,0
52813,1
52814,1
52815,0
52816,2
52817,1
52818,0
52819,1
52820,0
52821,1
52822,1
52823,0
52824,1
52825,1
52826,4
52827,0
52828,3
52829,0
52830,2
52831,0
52832,1
52833,1
52834,0
52835,0
52836,3
52837,1
52838,3
52839,2
52840,1
52841,1
52842,0
52843,1
52844,1
52845,0
52846,0
52847,2
52848,0
52849,1
52850,1
52851,2
52852,0
52853,4
52854,2
52855,1
52856,0
52857,0
52858,0
52859,0
52860,0
52861,0
52862,1
52863,1
52864,2
52865,5
52866,0
52867,0
52868,0
52869,0
52870,0
52871,1
52872,1
52873,1
52874,0
52875,1
52876,1
52877,2
52878,1
52879,1
52880,2
52881,1
52882,0
52883,1
52884,0
52885,2
52886,0
52887,3
52888,1
52889,1
52890,1
52891,2
52892,1
52893,3
52894,3
52895,0
52896,0
52897,0
52898,1
52899,1
52900,1
52901,1
52902,1
52903,0
52904,4
52905,0
52906,1
52907,3
52908,0
52909,1
52910,0
52911,1
52912,1
52913,0
52914,1
52915,2
52916,1
52917,0
52918,0
52919,0
52920,3
52921,0
52922,0
52923,3
52924,3
52925,0
52926,0
52927,1
52928,2
52929,0
52930,0
52931,1
52932,0
52933,2
52934,1
52935,5
52936,3
52937,3
52938,1
52939,5
52940,0
52941,2
52942,1
52943,0
52944,0
52945,0
52946,1
52947,1
52948,0
52949,2
52950,2
52951,0
52952,2
52953,3
52954,7
52955,3
52956,0
52957,1
52958,2
52959,1
52960,2
52961,2
52962,1
52963,3
52964,1
52965,0
52966,2
52967,1
52968,0
52969,1
52970,1
52971,1
52972,2
52973,2
52974,0
52975,3
52976,0
52977,2
52978,5
52979,1
52980,0
52981,0
52982,1
52983,1
52984,3
52985,0
52986,0
52987,2
52988,0
52989,0
52990,0
52991,0
52992,0
52993,3
52994,0
52995,0
52996,1
52997,0
52998,1
52999,0
53000,0
53001,1
53002,0
53003,0
53004,0
53005,1
53006,0
53007,2
53008,1
53009,1
53010,1
53011,0
53012,1
53013,2
53014,2
53015,6
53016,1
53017,2
53018,0
53019,9
53020,3
53021,0
53022,1
53023,0
53024,2
53025,1
53026,0
53027,1
53028,0
53029,2
53030,2
53031,2
53032,1
53033,0
53034,0
53035,2
53036,0
53037,0
53038,0
53039,2
53040,1
53041,4
53042,2
53043,2
53044,0
53045,1
53046,0
53047,1
53048,0
53049,0
53050,1
53051,1
53052,0
53053,3
53054,0
53055,0
53056,0
53057,0
53058,2
53059,0
53060,1
53061,0
53062,0
53063,0
53064,1
53065,0
53066,2
53067,0
53068,0
53069,0
53070,0
53071,2
53072,0
53073,0
53074,0
53075,1
53076,2
53077,0
53078,1
53079,3
53080,3
53081,1
53082,1
53083,0
53084,2
53085,3
53086,0
53087,1
53088,1
53089,0
53090,0
53091,0
53092,0
53093,0
53094,0
53095,0
53096,0
53097,0
53098,0
53099,0
53100,0
53101,0
53102,0
53103,0
53104,1
53105,0
53106,2
53107,2
53108,1
53109,3
53110,0
53111,2
53112,0
53113,1
53114,1
53115,1
53116,0
53117,1
53118,3
53119,0
53120,1
53121,2
53122,0
53123,0
53124,1
53125,4
53126,0
53127,0
53128,0
53129,2
53130,0
53131,0
53132,2
53133,1
53134,1
53135,0
53136,0
53137,1
53138,0
53139,0
53140,0
53141,2
53142,1
53143,0
53144,2
53145,2
53146,1
53147,0
53148,1
53149,1
53150,2
53151,0
53152,1
53153,1
53154,5
53155,7
53156,2
53157,7
53158,0
53159,0
53160,0
53161,0
53162,2
53163,1
53164,0
53165,1
53166,2
53167,1
53168,0
53169,1
53170,0
53171,2
53172,0
53173,0
53174,0
53175,2
53176,0
53177,1
53178,3
53179,1
53180,2
53181,2
53182,0
53183,1
53184,1
53185,1
53186,3
53187,2
53188,1
53189,1
53190,0
53191,2
53192,3
53193,1
53194,2
53195,2
53196,0
53197,2
53198,1
53199,1
53200,1
53201,2
53202,3
53203,3
53204,0
53205,1
53206,0
53207,0
53208,1
53209,0
53210,1
53211,1
53212,0
53213,0
53214,1
53215,2
53216,1
53217,0
53218,1
53219,2
53220,3
53221,2
53222,2
53223,2
53224,3
53225,1
53226,2
53227,4
53228,2
53229,0
53230,0
53231,1
53232,6
53233,0
53234,1
53235,3
53236,1
53237,4
53238,1
53239,0
53240,0
53241,0
53242,8
53243,1
53244,1
53245,0
53246,1
53247,2
53248,0
53249,3
53250,0
53251,1
53252,1
53253,2
53254,1
53255,0
53256,0
53257,0
53258,0
53259,0
53260,2
53261,0
53262,2
53263,1
53264,0
53265,2
53266,0
53267,1
53268,1
53269,0
53270,0
53271,2
53272,1
53273,1
53274,0
53275,0
53276,1
53277,0
53278,2
53279,3
53280,7
53281,1
53282,0
53283,1
53284,0
53285,1
53286,3
53287,0
53288,0
53289,0
53290,1
53291,2
53292,2
53293,1
53294,1
53295,0
53296,2
53297,2
53298,0
53299,0
53300,2
53301,4
53302,1
53303,1
53304,1
53305,0
53306,3
53307,1
53308,1
53309,0
53310,1
53311,1
53312,0
53313,1
53314,2
53315,1
53316,0
53317,1
53318,0
53319,2
53320,1
53321,1
53322,0
53323,1
53324,0
53325,0
53326,0
53327,1
53328,0
53329,1
53330,1
53331,0
53332,0
53333,0
53334,0
53335,0
53336,0
53337,0
53338,4
53339,0
53340,1
53341,1
53342,1
53343,1
53344,5
53345,0
53346,1
53347,1
53348,1
53349,1
53350,0
53351,0
53352,0
53353,1
53354,0
53355,1
53356,0
53357,0
53358,0
53359,0
53360,2
53361,0
53362,2
53363,2
53364,1
53365,0
53366,0
53367,0
53368,0
53369,0
53370,3
53371,0
53372,1
53373,0
53374,1
53375,1
53376,1
53377,1
53378,0
53379,0
53380,0
53381,1
53382,0
53383,0
53384,0
53385,2
53386,1
53387,0
53388,2
53389,2
53390,0
53391,1
53392,0
53393,2
53394,1
53395,1
53396,0
53397,0
53398,0
53399,1
53400,0
53401,0
53402,0
53403,1
53404,1
53405,0
53406,3
53407,2
53408,1
53409,0
53410,2
53411,0
53412,1
53413,3
53414,1
53415,1
53416,1
53417,1
53418,1
53419,3
53420,1
53421,0
53422,0
53423,1
53424,0
53425,1
53426,1
53427,1
53428,0
53429,0
53430,0
53431,2
53432,0
53433,0
53434,0
53435,2
53436,0
53437,0
53438,1
53439,1
53440,0
53441,0
53442,1
53443,3
53444,2
53445,1
53446,1
53447,1
53448,0
53449,0
53450,0
53451,1
53452,0
53453,1
53454,2
53455,1
53456,1
53457,1
53458,0
53459,0
53460,0
53461,2
53462,1
53463,1
53464,2
53465,0
53466,1
53467,1
53468,0
53469,0
53470,0
53471,1
53472,0
53473,1
53474,1
53475,0
53476,0
53477,2
53478,0
53479,1
53480,1
53481,1
53482,1
53483,4
53484,0
53485,1
53486,0
53487,0
53488,0
53489,0
53490,1
53491,0
53492,0
53493,0
53494,2
53495,4
53496,1
53497,4
53498,0
53499,3
53500,0
53501,1
53502,1
53503,3
53504,1
53505,1
53506,0
53507,1
53508,1
53509,0
53510,1
53511,0
53512,2
53513,1
53514,2
53515,0
53516,1
53517,2
53518,2
53519,1
53520,2
53521,3
53522,2
53523,2
53524,0
53525,3
53526,1
53527,0
53528,2
53529,1
53530,3
53531,2
53532,0
53533,0
53534,0
53535,0
53536,0
53537,0
53538,3
53539,1
53540,3
53541,0
53542,0
53543,0
53544,1
53545,0
53546,1
53547,0
53548,1
53549,2
53550,2
53551,1
53552,0
53553,0
53554,0
53555,0
53556,1
53557,1
53558,2
53559,0
53560,1
53561,2
53562,0
53563,4
53564,3
53565,1
53566,5
53567,0
53568,1
53569,3
53570,1
53571,1
53572,0
53573,1
53574,3
53575,3
53576,1
53577,0
53578,2
53579,2
53580,1
53581,1
53582,0
53583,3
53584,1
53585,0
53586,0
53587,1
53588,0
53589,0
53590,1
53591,1
53592,3
53593,0
53594,4
53595,0
53596,0
53597,2
53598,1
53599,0
53600,0
53601,0
53602,0
53603,0
53604,7
53605,0
53606,0
53607,2
53608,0
53609,0
53610,2
53611,1
53612,0
53613,1
53614,0
53615,1
53616,0
53617,0
53618,2
53619,1
53620,0
53621,0
53622,0
53623,0
53624,2
53625,0
53626,0
53627,1
53628,2
53629,0
53630,0
53631,2
53632,0
53633,1
53634,0
53635,0
53636,0
53637,0
53638,1
53639,2
53640,0
53641,3
53642,2
53643,0
53644,2
53645,2
53646,3
53647,7
53648,1
53649,2
53650,0
53651,2
53652,2
53653,2
53654,1
53655,2
53656,0
53657,2
53658,7
53659,0
53660,2
53661,2
53662,1
53663,5
53664,1
53665,1
53666,0
53667,2
53668,1
53669,0
53670,1
53671,0
53672,0
53673,0
53674,2
53675,1
53676,0
53677,0
53678,0
53679,0
53680,0
53681,0
53682,1
53683,2
53684,0
53685,0
53686,2
53687,4
53688,0
53689,2
53690,0
53691,0
53692,2
53693,0
53694,0
53695,2
53696,1
53697,0
53698,1
53699,1
53700,0
53701,0
53702,2
53703,1
53704,2
53705,0
53706,2
53707,1
53708,1
53709,2
53710,1
53711,3
53712,0
53713,1
53714,2
53715,1
53716,2
53717,0
53718,6
53719,1
53720,0
53721,0
53722,0
53723,1
53724,0
53725,2
53726,1
53727,1
53728,0
53729,1
53730,0
53731,0
53732,0
53733,1
53734,1
53735,0
53736,0
53737,0
53738,0
53739,2
53740,0
53741,0
53742,0
53743,1
53744,1
53745,1
53746,0
53747,1
53748,1
53749,2
53750,1
53751,1
53752,0
53753,0
53754,1
53755,1
53756,4
53757,0
53758,0
53759,3
53760,2
53761,0
53762,1
53763,0
53764,1
53765,0
53766,1
53767,0
53768,0
53769,2
53770,1
53771,1
53772,3
53773,0
53774,4
53775,2
53776,0
53777,1
53778,1
53779,1
53780,1
53781,2
53782,0
53783,2
53784,0
53785,1
53786,3
53787,0
53788,4
53789,1
53790,0
53791,2
53792,2
53793,2
53794,3
53795,2
53796,0
53797,1
53798,0
53799,0
53800,0
53801,3
53802,0
53803,1
53804,2
53805,1
53806,0
53807,0
53808,0
53809,1
53810,2
53811,0
53812,0
53813,0
53814,3
53815,0
53816,0
53817,0
53818,0
53819,1
53820,0
53821,0
53822,1
53823,1
53824,1
53825,2
53826,2
53827,0
53828,0
53829,3
53830,1
53831,0
53832,2
53833,1
53834,2
53835,0
53836,3
53837,1
53838,0
53839,3
53840,0
53841,1
53842,0
53843,2
53844,3
53845,1
53846,2
53847,0
53848,1
53849,1
53850,2
53851,1
53852,2
53853,2
53854,0
53855,1
53856,1
53857,1
53858,1
53859,1
53860,1
53861,0
53862,0
53863,0
53864,1
53865,0
53866,0
53867,0
53868,0
53869,0
53870,0
53871,0
53872,0
53873,0
53874,1
53875,1
53876,1
53877,1
53878,0
53879,0
53880,0
53881,0
53882,1
53883,4
53884,1
53885,1
53886,1
53887,1
53888,6
53889,2
53890,0
53891,1
53892,1
53893,0
53894,0
53895,7
53896,0
53897,1
53898,1
53899,0
53900,1
53901,1
53902,0
53903,0
53904,0
53905,0
53906,0
53907,1
53908,0
53909,1
53910,1
53911,2
53912,1
53913,2
53914,2
53915,0
53916,1
53917,1
53918,1
53919,0
53920,2
53921,0
53922,3
53923,1
53924,0
53925,1
53926,1
53927,0
53928,2
53929,0
53930,0
53931,1
53932,1
53933,3
53934,2
53935,1
53936,1
53937,0
53938,2
53939,0
53940,1
53941,0
53942,0
53943,0
53944,1
53945,1
53946,1
53947,0
53948,3
53949,2
53950,0
53951,0
53952,0
53953,1
53954,0
53955,0
53956,1
53957,0
53958,0
53959,2
53960,1
53961,0
53962,3
53963,0
53964,0
53965,1
53966,1
53967,0
53968,0
53969,0
53970,1
53971,1
53972,1
53973,1
53974,1
53975,0
53976,1
53977,0
53978,1
53979,1
53980,0
53981,0
53982,0
53983,0
53984,0
53985,1
53986,2
53987,2
53988,0
53989,0
53990,1
53991,0
53992,1
53993,2
53994,0
53995,0
53996,4
53997,0
53998,3
53999,0
54000,0
54001,1
54002,0
54003,0
54004,0
54005,1
54006,2
54007,1
54008,0
54009,1
54010,1
54011,0
54012,0
54013,1
54014,0
54015,0
54016,2
54017,3
54018,4
54019,0
54020,2
54021,2
54022,2
54023,0
54024,1
54025,1
54026,3
54027,1
54028,1
54029,0
54030,3
54031,0
54032,0
54033,1
54034,0
54035,1
54036,3
54037,0
54038,1
54039,0
54040,1
54041,0
54042,0
54043,1
54044,0
54045,0
54046,0
54047,0
54048,0
54049,0
54050,0
54051,2
54052,0
54053,1
54054,0
54055,0
54056,2
54057,0
54058,0
54059,2
54060,3
54061,0
54062,0
54063,2
54064,1
54065,1
54066,0
54067,0
54068,0
54069,1
54070,0
54071,0
54072,0
54073,0
54074,2
54075,1
54076,2
54077,1
54078,1
54079,2
54080,0
54081,0
54082,1
54083,0
54084,0
54085,1
54086,3
54087,3
54088,3
54089,1
54090,2
54091,1
54092,1
54093,2
54094,1
54095,0
54096,4
54097,0
54098,2
54099,7
54100,0
54101,4
54102,1
54103,1
54104,4
54105,1
54106,2
54107,4
54108,2
54109,1
54110,2
54111,1
54112,1
54113,2
54114,2
54115,0
54116,3
54117,7
54118,0
54119,0
54120,1
54121,26
54122,0
54123,0
54124,0
54125,1
54126,3
54127,0
54128,0
54129,1
54130,1
54131,0
54132,0
54133,1
54134,0
54135,3
54136,0
54137,0
54138,1
54139,1
54140,0
54141,3
54142,1
54143,2
54144,0
54145,1
54146,0
54147,0
54148,0
54149,0
54150,2
54151,0
54152,0
54153,0
54154,2
54155,0
54156,2
54157,1
54158,2
54159,2
54160,0
54161,0
54162,0
54163,2
54164,0
54165,6
54166,7
54167,0
54168,0
54169,1
54170,3
54171,0
54172,2
54173,2
54174,1
54175,2
54176,2
54177,0
54178,0
54179,2
54180,1
54181,2
54182,1
54183,1
54184,0
54185,0
54186,0
54187,0
54188,2
54189,0
54190,1
54191,2
54192,0
54193,0
54194,0
54195,2
54196,3
54197,0
54198,20
54199,0
54200,3
54201,0
54202,1
54203,0
54204,0
54205,1
54206,4
54207,1
54208,3
54209,1
54210,2
54211,0
54212,0
54213,0
54214,0
54215,1
54216,2
54217,0
54218,1
54219,0
54220,0
54221,1
54222,2
54223,2
54224,1
54225,0
54226,1
54227,0
54228,1
54229,0
54230,1
54231,0
54232,0
54233,1
54234,0
54235,1
54236,1
54237,0
54238,1
54239,1
54240,0
54241,4
54242,2
54243,1
54244,1
54245,0
54246,2
54247,1
54248,1
54249,2
54250,3
54251,0
54252,2
54253,0
54254,2
54255,0
54256,3
54257,0
54258,0
54259,0
54260,0
54261,0
54262,1
54263,0
54264,0
54265,0
54266,0
54267,0
54268,1
54269,1
54270,2
54271,0
54272,3
54273,1
54274,0
54275,0
54276,0
54277,1
54278,0
54279,1
54280,2
54281,0
54282,0
54283,0
54284,3
54285,0
54286,0
54287,0
54288,0
54289,0
54290,0
54291,0
54292,0
54293,0
54294,2
54295,0
54296,3
54297,1
54298,1
54299,0
54300,2
54301,1
54302,0
54303,0
54304,1
54305,0
54306,0
54307,0
54308,3
54309,0
54310,3
54311,0
54312,1
54313,1
54314,0
54315,0
54316,1
54317,0
54318,1
54319,0
54320,1
54321,0
54322,0
54323,3
54324,0
54325,0
54326,0
54327,0
54328,0
54329,1
54330,1
54331,5
54332,5
54333,2
54334,1
54335,1
54336,0
54337,1
54338,0
54339,2
54340,1
54341,0
54342,0
54343,0
54344,1
54345,0
54346,1
54347,0
54348,0
54349,0
54350,1
54351,2
54352,0
54353,0
54354,2
54355,1
54356,0
54357,0
54358,0
54359,2
54360,0
54361,2
54362,1
54363,2
54364,2
54365,1
54366,2
54367,1
54368,0
54369,1
54370,3
54371,1
54372,0
54373,0
54374,0
54375,1
54376,0
54377,1
54378,0
54379,0
54380,1
54381,4
54382,4
54383,2
54384,3
54385,0
54386,0
54387,1
54388,1
54389,4
54390,1
54391,0
54392,0
54393,1
54394,1
54395,0
54396,0
54397,0
54398,0
54399,3
54400,2
54401,0
54402,1
54403,1
54404,0
54405,0
54406,0
54407,1
54408,4
54409,1
54410,1
54411,2
54412,1
54413,0
54414,2
54415,0
54416,1
54417,0
54418,0
54419,1
54420,0
54421,0
54422,1
54423,1
54424,0
54425,0
54426,0
54427,2
54428,2
54429,1
54430,0
54431,0
54432,0
54433,1
54434,0
54435,0
54436,1
54437,2
54438,0
54439,1
54440,0
54441,2
54442,0
54443,0
54444,0
54445,0
54446,0
54447,1
54448,0
54449,1
54450,1
54451,18
54452,2
54453,0
54454,1
54455,0
54456,0
54457,0
54458,1
54459,0
54460,0
54461,1
54462,0
54463,0
54464,0
54465,0
54466,1
54467,2
54468,0
54469,1
54470,0
54471,0
54472,0
54473,2
54474,1
54475,0
54476,0
54477,0
54478,0
54479,1
54480,2
54481,0
54482,0
54483,4
54484,0
54485,0
54486,0
54487,0
54488,1
54489,0
54490,0
54491,2
54492,1
54493,1
54494,0
54495,0
54496,0
54497,1
54498,1
54499,1
54500,0
54501,0
54502,1
54503,1
54504,1
54505,1
54506,1
54507,0
54508,1
54509,0
54510,0
54511,0
54512,0
54513,1
54514,0
54515,1
54516,1
54517,1
54518,1
54519,0
54520,0
54521,0
54522,1
54523,0
54524,0
54525,0
54526,4
54527,0
54528,1
54529,0
54530,1
54531,0
54532,1
54533,1
54534,1
54535,0
54536,0
54537,0
54538,0
54539,1
54540,2
54541,0
54542,0
54543,2
54544,4
54545,1
54546,1
54547,1
54548,0
54549,1
54550,1
54551,0
54552,0
54553,0
54554,0
54555,1
54556,0
54557,0
54558,1
54559,0
54560,3
54561,1
54562,0
54563,1
54564,1
54565,1
54566,0
54567,2
54568,0
54569,0
54570,1
54571,0
54572,0
54573,0
54574,1
54575,2
54576,1
54577,1
54578,1
54579,0
54580,4
54581,2
54582,1
54583,1
54584,3
54585,0
54586,0
54587,0
54588,0
54589,2
54590,2
54591,0
54592,2
54593,1
54594,1
54595,1
54596,1
54597,0
54598,2
54599,0
54600,0
54601,0
54602,0
54603,0
54604,2
54605,0
54606,0
54607,0
54608,2
54609,1
54610,0
54611,1
54612,0
54613,1
54614,4
54615,5
54616,1
54617,2
54618,0
54619,2
54620,0
54621,3
54622,0
54623,3
54624,0
54625,0
54626,0
54627,1
54628,2
54629,0
54630,1
54631,1
54632,1
54633,4
54634,5
54635,0
54636,3
54637,0
54638,4
54639,0
54640,0
54641,3
54642,1
54643,0
54644,0
54645,1
54646,0
54647,0
54648,0
54649,5
54650,0
54651,1
54652,2
54653,0
54654,0
54655,3
54656,0
54657,0
54658,3
54659,0
54660,1
54661,2
54662,0
54663,0
54664,0
54665,0
54666,2
54667,1
54668,1
54669,1
54670,0
54671,1
54672,6
54673,2
54674,2
54675,0
54676,3
54677,0
54678,1
54679,1
54680,1
54681,1
54682,1
54683,0
54684,1
54685,0
54686,0
54687,1
54688,3
54689,0
54690,1
54691,1
54692,0
54693,2
54694,0
54695,0
54696,4
54697,2
54698,2
54699,2
54700,1
54701,0
54702,0
54703,2
54704,0
54705,3
54706,2
54707,2
54708,1
54709,1
54710,0
54711,0
54712,1
54713,1
54714,0
54715,0
54716,0
54717,0
54718,1
54719,1
54720,0
54721,0
54722,2
54723,0
54724,1
54725,5
54726,0
54727,0
54728,4
54729,1
54730,0
54731,5
54732,2
54733,1
54734,0
54735,0
54736,0
54737,1
54738,0
54739,0
54740,4
54741,2
54742,1
54743,1
54744,1
54745,1
54746,0
54747,3
54748,2
54749,0
54750,3
54751,1
54752,0
54753,0
54754,0
54755,3
54756,0
54757,0
54758,3
54759,0
54760,2
54761,1
54762,2
54763,0
54764,1
54765,0
54766,1
54767,0
54768,0
54769,1
54770,1
54771,1
54772,1
54773,4
54774,1
54775,3
54776,0
54777,2
54778,1
54779,0
54780,0
54781,0
54782,2
54783,1
54784,0
54785,3
54786,1
54787,0
54788,0
54789,0
54790,0
54791,0
54792,1
54793,0
54794,2
54795,1
54796,3
54797,2
54798,0
54799,2
54800,0
54801,2
54802,1
54803,0
54804,3
54805,1
54806,0
54807,0
54808,2
54809,1
54810,0
54811,1
54812,0
54813,0
54814,0
54815,2
54816,2
54817,0
54818,0
54819,0
54820,0
54821,1
54822,0
54823,1
54824,0
54825,1
54826,0
54827,0
54828,0
54829,0
54830,1
54831,1
54832,1
54833,1
54834,0
54835,1
54836,0
54837,0
54838,2
54839,1
54840,1
54841,2
54842,2
54843,0
54844,0
54845,0
54846,1
54847,2
54848,1
54849,2
54850,3
54851,2
54852,2
54853,2
54854,2
54855,3
54856,0
54857,1
54858,2
54859,1
54860,4
54861,0
54862,1
54863,0
54864,1
54865,0
54866,0
54867,2
54868,0
54869,2
54870,2
54871,0
54872,0
54873,3
54874,4
54875,2
54876,2
54877,3
54878,1
54879,2
54880,2
54881,3
54882,0
54883,2
54884,1
54885,0
54886,0
54887,0
54888,0
54889,2
54890,0
54891,0
54892,2
54893,2
54894,0
54895,0
54896,3
54897,1
54898,0
54899,1
54900,0
54901,1
54902,0
54903,1
54904,0
54905,0
54906,0
54907,0
54908,1
54909,0
54910,1
54911,0
54912,0
54913,1
54914,0
54915,0
54916,2
54917,0
54918,0
54919,0
54920,0
54921,0
54922,0
54923,0
54924,0
54925,0
54926,0
54927,2
54928,1
54929,2
54930,0
54931,0
54932,1
54933,0
54934,2
54935,1
54936,1
54937,1
54938,0
54939,1
54940,1
54941,0
54942,0
54943,0
54944,0
54945,1
54946,2
54947,0
54948,0
54949,0
54950,0
54951,0
54952,1
54953,1
54954,0
54955,0
54956,1
54957,2
54958,0
54959,1
54960,1
54961,0
54962,1
54963,1
54964,2
54965,1
54966,1
54967,0
54968,0
54969,1
54970,0
54971,3
54972,3
54973,1
54974,4
54975,1
54976,0
54977,1
54978,0
54979,0
54980,0
54981,3
54982,0
54983,1
54984,0
54985,1
54986,0
54987,0
54988,0
54989,1
54990,2
54991,1
54992,1
54993,0
54994,0
54995,2
54996,2
54997,0
54998,0
54999,0
55000,1
55001,1
55002,0
55003,3
55004,0
55005,3
55006,1
55007,2
55008,0
55009,1
55010,0
55011,0
55012,0
55013,1
55014,2
55015,1
55016,1
55017,1
55018,1
55019,0
55020,1
55021,0
55022,0
55023,0
55024,0
55025,0
55026,0
55027,1
55028,0
55029,1
55030,0
55031,0
55032,0
55033,0
55034,1
55035,3
55036,0
55037,1
55038,0
55039,1
55040,0
55041,0
55042,1
55043,0
55044,2
55045,0
55046,0
55047,1
55048,1
55049,1
55050,0
55051,0
55052,0
55053,0
55054,0
55055,2
55056,1
55057,0
55058,1
55059,2
55060,1
55061,0
55062,1
55063,3
55064,0
55065,0
55066,1
55067,1
55068,1
55069,1
55070,1
55071,0
55072,1
55073,0
55074,0
55075,1
55076,4
55077,5
55078,1
55079,0
55080,0
55081,0
55082,1
55083,2
55084,0
55085,0
55086,0
55087,1
55088,1
55089,1
55090,0
55091,0
55092,1
55093,3
55094,0
55095,2
55096,0
55097,1
55098,5
55099,0
55100,0
55101,0
55102,0
55103,0
55104,1
55105,0
55106,2
55107,1
55108,0
55109,0
55110,0
55111,3
55112,1
55113,1
55114,1
55115,3
55116,1
55117,0
55118,0
55119,0
55120,1
55121,0
55122,1
55123,2
55124,0
55125,0
55126,0
55127,1
55128,1
55129,1
55130,0
55131,0
55132,1
55133,0
55134,1
55135,1
55136,1
55137,3
55138,0
55139,1
55140,1
55141,0
55142,3
55143,4
55144,0
55145,0
55146,1
55147,1
55148,1
55149,2
55150,2
55151,1
55152,1
55153,0
55154,1
55155,2
55156,0
55157,4
55158,0
55159,1
55160,0
55161,0
55162,1
55163,1
55164,0
55165,0
55166,0
55167,0
55168,0
55169,0
55170,2
55171,0
55172,0
55173,0
55174,0
55175,0
55176,1
55177,1
55178,1
55179,0
55180,0
55181,0
55182,0
55183,0
55184,0
55185,0
55186,2
55187,1
55188,0
55189,0
55190,0
55191,0
55192,0
55193,0
55194,1
55195,1
55196,0
55197,0
55198,0
55199,6
55200,3
55201,0
55202,1
55203,1
55204,2
55205,1
55206,0
55207,2
55208,1
55209,0
55210,0
55211,1
55212,0
55213,1
55214,0
55215,1
55216,0
55217,1
55218,0
55219,1
55220,1
55221,1
55222,1
55223,0
55224,1
55225,1
55226,0
55227,2
55228,0
55229,0
55230,0
55231,1
55232,0
55233,1
55234,2
55235,0
55236,0
55237,0
55238,0
55239,0
55240,2
55241,1
55242,2
55243,1
55244,0
55245,0
55246,1
55247,0
55248,0
55249,4
55250,0
55251,0
55252,0
55253,1
55254,1
55255,0
55256,2
55257,1
55258,0
55259,0
55260,0
55261,1
55262,0
55263,0
55264,0
55265,0
55266,0
55267,0
55268,0
55269,0
55270,1
55271,0
55272,0
55273,0
55274,1
55275,1
55276,2
55277,1
55278,0
55279,2
55280,0
55281,0
55282,1
55283,1
55284,0
55285,1
55286,1
55287,2
55288,2
55289,2
55290,3
55291,3
55292,0
55293,1
55294,0
55295,2
55296,3
55297,0
55298,0
55299,1
55300,0
55301,1
55302,0
55303,0
55304,1
55305,2
55306,1
55307,0
55308,2
55309,1
55310,1
55311,2
55312,2
55313,0
55314,1
55315,1
55316,1
55317,0
55318,0
55319,0
55320,4
55321,5
55322,0
55323,0
55324,1
55325,0
55326,2
55327,0
55328,0
55329,1
55330,1
55331,0
55332,1
55333,0
55334,1
55335,0
55336,1
55337,0
55338,0
55339,0
55340,0
55341,0
55342,1
55343,0
55344,0
55345,0
55346,0
55347,0
55348,0
55349,0
55350,1
55351,1
55352,1
55353,1
55354,1
55355,0
55356,2
55357,1
55358,2
55359,1
55360,3
55361,1
55362,0
55363,0
55364,0
55365,0
55366,0
55367,1
55368,0
55369,1
55370,0
55371,1
55372,2
55373,0
55374,2
55375,4
55376,0
55377,0
55378,3
55379,0
55380,0
55381,0
55382,0
55383,1
55384,0
55385,0
55386,1
55387,0
55388,0
55389,2
55390,2
55391,2
55392,1
55393,0
55394,0
55395,1
55396,2
55397,4
55398,2
55399,3
55400,1
55401,3
55402,1
55403,1
55404,0
55405,1
55406,1
55407,2
55408,2
55409,2
55410,0
55411,0
55412,0
55413,0
55414,0
55415,2
55416,0
55417,0
55418,0
55419,0
55420,2
55421,2
55422,0
55423,0
55424,1
55425,1
55426,2
55427,2
55428,1
55429,0
55430,1
55431,3
55432,0
55433,0
55434,0
55435,0
55436,1
55437,0
55438,1
55439,0
55440,1
55441,4
55442,0
55443,0
55444,1
55445,1
55446,1
55447,0
55448,3
55449,2
55450,5
55451,9
55452,1
55453,0
55454,2
55455,0
55456,1
55457,2
55458,0
55459,1
55460,0
55461,0
55462,0
55463,0
55464,0
55465,2
55466,1
55467,1
55468,3
55469,1
55470,0
55471,1
55472,0
55473,0
55474,1
55475,0
55476,0
55477,0
55478,0
55479,3
55480,0
55481,0
55482,0
55483,1
55484,3
55485,1
55486,2
55487,1
55488,1
55489,2
55490,1
55491,0
55492,0
55493,5
55494,0
55495,0
55496,0
55497,0
55498,1
55499,0
55500,1
55501,0
55502,1
55503,0
55504,2
55505,0
55506,0
55507,0
55508,1
55509,0
55510,0
55511,0
55512,0
55513,2
55514,2
55515,2
55516,1
55517,0
55518,0
55519,0
55520,0
55521,0
55522,1
55523,2
55524,2
55525,1
55526,2
55527,0
55528,0
55529,0
55530,0
55531,1
55532,3
55533,1
55534,0
55535,0
55536,2
55537,1
55538,2
55539,0
55540,1
55541,0
55542,1
55543,3
55544,3
55545,2
55546,2
55547,1
55548,0
55549,0
55550,3
55551,0
55552,0
55553,1
55554,1
55555,4
55556,1
55557,0
55558,1
55559,1
55560,0
55561,0
55562,1
55563,1
55564,0
55565,0
55566,0
55567,0
55568,2
55569,3
55570,0
55571,1
55572,0
55573,1
55574,2
55575,0
55576,0
55577,2
55578,0
55579,2
55580,0
55581,0
55582,0
55583,0
55584,0
55585,0
55586,0
55587,1
55588,1
55589,0
55590,1
55591,1
55592,1
55593,1
55594,0
55595,0
55596,2
55597,2
55598,0
55599,2
55600,0
55601,0
55602,0
55603,0
55604,2
55605,0
55606,0
55607,0
55608,0
55609,0
55610,0
55611,0
55612,0
55613,0
55614,0
55615,0
55616,1
55617,0
55618,0
55619,1
55620,0
55621,0
55622,1
55623,0
55624,3
55625,0
55626,0
55627,1
55628,0
55629,0
55630,0
55631,0
55632,0
55633,1
55634,1
55635,0
55636,0
55637,2
55638,0
55639,1
55640,0
55641,1
55642,0
55643,0
55644,1
55645,2
55646,1
55647,0
55648,0
55649,0
55650,1
55651,1
55652,0
55653,1
55654,1
55655,0
55656,1
55657,1
55658,0
55659,0
55660,2
55661,0
55662,0
55663,4
55664,0
55665,1
55666,5
55667,3
55668,1
55669,1
55670,0
55671,0
55672,0
55673,1
55674,0
55675,0
55676,1
55677,1
55678,0
55679,0
55680,1
55681,0
55682,2
55683,0
55684,0
55685,20
55686,0
55687,2
55688,3
55689,0
55690,0
55691,0
55692,1
55693,0
55694,0
55695,0
55696,2
55697,1
55698,0
55699,0
55700,1
55701,0
55702,0
55703,2
55704,2
55705,2
55706,1
55707,0
55708,0
55709,0
55710,0
55711,3
55712,0
55713,1
55714,0
55715,0
55716,0
55717,0
55718,1
55719,2
55720,0
55721,0
55722,1
55723,1
55724,3
55725,0
55726,1
55727,0
55728,0
55729,1
55730,0
55731,0
55732,0
55733,0
55734,0
55735,1
55736,2
55737,2
55738,0
55739,0
55740,1
55741,0
55742,0
55743,1
55744,0
55745,1
55746,0
55747,4
55748,1
55749,2
55750,1
55751,0
55752,4
55753,1
55754,0
55755,0
55756,2
55757,0
55758,4
55759,0
55760,1
55761,1
55762,0
55763,3
55764,2
55765,0
55766,3
55767,2
55768,0
55769,1
55770,0
55771,0
55772,0
55773,0
55774,1
55775,2
55776,0
55777,1
55778,0
55779,2
55780,2
55781,1
55782,1
55783,2
55784,0
55785,0
55786,0
55787,0
55788,1
55789,0
55790,2
55791,0
55792,2
55793,1
55794,0
55795,1
55796,1
55797,1
55798,1
55799,1
55800,0
55801,0
55802,1
55803,0
55804,0
55805,2
55806,2
55807,1
55808,0
55809,0
55810,1
55811,1
55812,0
55813,1
55814,0
55815,1
55816,2
55817,3
55818,0
55819,2
55820,2
55821,1
55822,0
55823,1
55824,0
55825,0
55826,0
55827,1
55828,0
55829,2
55830,3
55831,0
55832,0
55833,1
55834,1
55835,1
55836,0
55837,1
55838,0
55839,0
55840,1
55841,0
55842,1
55843,1
55844,0
55845,0
55846,3
55847,1
55848,2
55849,2
55850,0
55851,2
55852,1
55853,0
55854,1
55855,0
55856,2
55857,0
55858,0
55859,5
55860,0
55861,0
55862,0
55863,0
55864,5
55865,2
55866,2
55867,2
55868,0
55869,0
55870,1
55871,1
55872,1
55873,1
55874,1
55875,0
55876,0
55877,11
55878,4
55879,3
55880,0
55881,1
55882,1
55883,3
55884,4
55885,0
55886,1
55887,0
55888,0
55889,1
55890,0
55891,0
55892,1
55893,1
55894,1
55895,3
55896,0
55897,0
55898,2
55899,3
55900,0
55901,1
55902,0
55903,1
55904,0
55905,0
55906,0
55907,1
55908,1
55909,0
55910,2
55911,0
55912,2
55913,1
55914,1
55915,2
55916,1
55917,0
55918,1
55919,3
55920,2
55921,2
55922,0
55923,0
55924,2
55925,0
55926,0
55927,1
55928,1
55929,0
55930,1
55931,0
55932,0
55933,0
55934,0
55935,1
55936,3
55937,1
55938,2
55939,2
55940,4
55941,0
55942,0
55943,1
55944,0
55945,3
55946,4
55947,3
55948,0
55949,0
55950,0
55951,2
55952,1
55953,0
55954,3
55955,2
55956,0
55957,0
55958,1
55959,1
55960,0
55961,2
55962,0
55963,0
55964,3
55965,0
55966,0
55967,2
55968,0
55969,1
55970,1
55971,1
55972,1
55973,0
55974,1
55975,1
55976,1
55977,0
55978,3
55979,1
55980,4
55981,2
55982,0
55983,1
55984,0
55985,0
55986,1
55987,0
55988,1
55989,2
55990,1
55991,0
55992,3
55993,0
55994,1
55995,0
55996,1
55997,0
55998,0
55999,1
56000,0
56001,0
56002,0
56003,0
56004,1
56005,0
56006,3
56007,0
56008,1
56009,1
56010,1
56011,1
56012,0
56013,0
56014,0
56015,0
56016,0
56017,1
56018,3
56019,2
56020,2
56021,2
56022,0
56023,0
56024,0
56025,1
56026,0
56027,0
56028,2
56029,0
56030,0
56031,2
56032,1
56033,1
56034,2
56035,1
56036,0
56037,0
56038,1
56039,1
56040,0
56041,3
56042,2
56043,3
56044,0
56045,0
56046,1
56047,0
56048,3
56049,1
56050,1
56051,0
56052,3
56053,0
56054,1
56055,2
56056,0
56057,6
56058,1
56059,1
56060,8
56061,11
56062,0
56063,0
56064,2
56065,0
56066,1
56067,0
56068,3
56069,1
56070,3
56071,1
56072,2
56073,0
56074,0
56075,0
56076,3
56077,2
56078,1
56079,0
56080,1
56081,0
56082,0
56083,1
56084,1
56085,0
56086,2
56087,0
56088,0
56089,2
56090,1
56091,1
56092,6
56093,0
56094,2
56095,0
56096,0
56097,1
56098,1
56099,0
56100,0
56101,3
56102,1
56103,4
56104,0
56105,4
56106,0
56107,0
56108,7
56109,1
56110,1
56111,0
56112,0
56113,2
56114,0
56115,0
56116,0
56117,5
56118,0
56119,1
56120,0
56121,1
56122,0
56123,0
56124,1
56125,1
56126,0
56127,0
56128,0
56129,1
56130,1
56131,3
56132,0
56133,0
56134,2
56135,0
56136,0
56137,1
56138,1
56139,0
56140,0
56141,2
56142,1
56143,2
56144,1
56145,2
56146,0
56147,0
56148,1
56149,1
56150,2
56151,0
56152,2
56153,0
56154,1
56155,0
56156,4
56157,1
56158,2
56159,0
56160,3
56161,0
56162,1
56163,2
56164,3
56165,2
56166,1
56167,2
56168,0
56169,1
56170,0
56171,0
56172,2
56173,1
56174,0
56175,1
56176,0
56177,1
56178,0
56179,1
56180,2
56181,0
56182,1
56183,0
56184,1
56185,2
56186,2
56187,0
56188,0
56189,1
56190,0
56191,0
56192,0
56193,0
56194,0
56195,0
56196,0
56197,0
56198,0
56199,0
56200,0
56201,0
56202,0
56203,1
56204,0
56205,2
56206,0
56207,0
56208,0
56209,0
56210,0
56211,0
56212,0
56213,0
56214,2
56215,0
56216,1
56217,0
56218,0
56219,1
56220,2
56221,0
56222,1
56223,1
56224,0
56225,0
56226,0
56227,0
56228,0
56229,1
56230,0
56231,0
56232,0
56233,3
56234,0
56235,0
56236,0
56237,0
56238,1
56239,1
56240,0
56241,2
56242,1
56243,2
56244,1
56245,1
56246,1
56247,0
56248,1
56249,0
56250,0
56251,1
56252,1
56253,1
56254,5
56255,1
56256,1
56257,2
56258,1
56259,1
56260,0
56261,1
56262,0
56263,3
56264,1
56265,0
56266,0
56267,3
56268,1
56269,1
56270,0
56271,1
56272,0
56273,0
56274,1
56275,2
56276,1
56277,0
56278,0
56279,1
56280,1
56281,2
56282,0
56283,3
56284,1
56285,0
56286,0
56287,0
56288,2
56289,1
56290,0
56291,0
56292,1
56293,2
56294,1
56295,2
56296,3
56297,1
56298,0
56299,16
56300,2
56301,0
56302,0
56303,1
56304,0
56305,2
56306,1
56307,0
56308,0
56309,1
56310,1
56311,0
56312,1
56313,1
56314,1
56315,1
56316,0
56317,3
56318,1
56319,3
56320,2
56321,0
56322,1
56323,0
56324,0
56325,2
56326,0
56327,0
56328,2
56329,0
56330,0
56331,0
56332,1
56333,0
56334,0
56335,1
56336,1
56337,0
56338,1
56339,0
56340,0
56341,0
56342,0
56343,0
56344,1
56345,1
56346,1
56347,0
56348,0
56349,0
56350,0
56351,1
56352,0
56353,3
56354,3
56355,0
56356,0
56357,1
56358,0
56359,0
56360,0
56361,2
56362,1
56363,1
56364,0
56365,0
56366,0
56367,0
56368,3
56369,2
56370,2
56371,0
56372,0
56373,2
56374,0
56375,0
56376,1
56377,0
56378,2
56379,0
56380,0
56381,16
56382,8
56383,1
56384,1
56385,0
56386,2
56387,0
56388,6
56389,1
56390,2
56391,2
56392,1
56393,2
56394,0
56395,0
56396,2
56397,0
56398,0
56399,0
56400,2
56401,0
56402,3
56403,0
56404,2
56405,0
56406,0
56407,0
56408,2
56409,0
56410,4
56411,0
56412,1
56413,0
56414,0
56415,0
56416,1
56417,3
56418,0
56419,4
56420,0
56421,5
56422,0
56423,0
56424,1
56425,1
56426,0
56427,0
56428,1
56429,2
56430,1
56431,0
56432,0
56433,1
56434,0
56435,1
56436,0
56437,3
56438,1
56439,0
56440,0
56441,1
56442,0
56443,0
56444,0
56445,0
56446,1
56447,0
56448,1
56449,1
56450,1
56451,0
56452,0
56453,0
56454,0
56455,1
56456,0
56457,0
56458,1
56459,2
56460,0
56461,1
56462,2
56463,1
56464,0
56465,1
56466,0
56467,0
56468,1
56469,0
56470,0
56471,0
56472,0
56473,0
56474,0
56475,1
56476,0
56477,0
56478,2
56479,0
56480,1
56481,0
56482,2
56483,1
56484,2
56485,0
56486,0
56487,1
56488,0
56489,0
56490,0
56491,3
56492,0
56493,1
56494,0
56495,5
56496,1
56497,0
56498,0
56499,0
56500,0
56501,1
56502,0
56503,0
56504,0
56505,0
56506,2
56507,0
56508,0
56509,0
56510,0
56511,0
56512,0
56513,4
56514,2
56515,1
56516,1
56517,1
56518,0
56519,1
56520,2
56521,3
56522,0
56523,1
56524,0
56525,2
56526,1
56527,2
56528,1
56529,0
56530,7
56531,1
56532,1
56533,0
56534,1
56535,0
56536,1
56537,0
56538,0
56539,0
56540,0
56541,0
56542,2
56543,1
56544,1
56545,0
56546,2
56547,0
56548,1
56549,1
56550,0
56551,3
56552,3
56553,2
56554,0
56555,1
56556,0
56557,0
56558,0
56559,1
56560,0
56561,2
56562,3
56563,1
56564,0
56565,0
56566,0
56567,1
56568,1
56569,2
56570,0
56571,1
56572,1
56573,0
56574,2
56575,0
56576,1
56577,0
56578,1
56579,2
56580,0
56581,2
56582,0
56583,3
56584,1
56585,0
56586,0
56587,1
56588,0
56589,0
56590,8
56591,7
56592,1
56593,0
56594,0
56595,1
56596,2
56597,0
56598,2
56599,1
56600,0
56601,0
56602,1
56603,0
56604,1
56605,0
56606,4
56607,2
56608,1
56609,0
56610,1
56611,0
56612,1
56613,3
56614,1
56615,5
56616,1
56617,3
56618,2
56619,1
56620,1
56621,4
56622,0
56623,0
56624,0
56625,0
56626,1
56627,2
56628,0
56629,0
56630,0
56631,1
56632,2
56633,3
56634,1
56635,0
56636,0
56637,0
56638,1
56639,1
56640,1
56641,0
56642,0
56643,0
56644,0
56645,0
56646,1
56647,0
56648,0
56649,2
56650,1
56651,0
56652,2
56653,0
56654,0
56655,0
56656,0
56657,2
56658,0
56659,1
56660,1
56661,1
56662,0
56663,2
56664,2
56665,1
56666,0
56667,2
56668,0
56669,0
56670,3
56671,0
56672,1
56673,1
56674,3
56675,1
56676,1
56677,0
56678,3
56679,0
56680,1
56681,1
56682,0
56683,0
56684,2
56685,0
56686,1
56687,0
56688,0
56689,0
56690,1
56691,3
56692,0
56693,0
56694,1
56695,0
56696,0
56697,1
56698,0
56699,1
56700,0
56701,0
56702,0
56703,0
56704,0
56705,1
56706,1
56707,0
56708,1
56709,0
56710,0
56711,1
56712,0
56713,1
56714,0
56715,2
56716,1
56717,2
56718,2
56719,0
56720,1
56721,1
56722,1
56723,0
56724,0
56725,0
56726,1
56727,0
56728,0
56729,0
56730,0
56731,0
56732,0
56733,1
56734,0
56735,0
56736,1
56737,0
56738,0
56739,0
56740,0
56741,0
56742,0
56743,1
56744,2
56745,1
56746,1
56747,1
56748,1
56749,4
56750,1
56751,0
56752,1
56753,1
56754,0
56755,1
56756,2
56757,0
56758,1
56759,0
56760,1
56761,0
56762,1
56763,2
56764,0
56765,1
56766,0
56767,1
56768,1
56769,0
56770,1
56771,0
56772,2
56773,1
56774,1
56775,0
56776,0
56777,1
56778,1
56779,1
56780,0
56781,0
56782,1
56783,0
56784,0
56785,1
56786,2
56787,0
56788,0
56789,2
56790,1
56791,2
56792,3
56793,0
56794,1
56795,1
56796,0
56797,1
56798,0
56799,1
56800,1
56801,3
56802,0
56803,0
56804,0
56805,1
56806,1
56807,3
56808,2
56809,3
56810,4
56811,1
56812,0
56813,0
56814,1
56815,0
56816,4
56817,1
56818,1
56819,2
56820,0
56821,1
56822,1
56823,1
56824,1
56825,2
56826,0
56827,2
56828,1
56829,0
56830,1
56831,0
56832,0
56833,1
56834,0
56835,0
56836,0
56837,2
56838,2
56839,0
56840,0
56841,1
56842,0
56843,1
56844,0
56845,1
56846,1
56847,0
56848,1
56849,1
56850,1
56851,1
56852,1
56853,0
56854,0
56855,1
56856,0
56857,1
56858,1
56859,1
56860,1
56861,0
56862,1
56863,2
56864,1
56865,2
56866,0
56867,1
56868,1
56869,2
56870,3
56871,0
56872,1
56873,2
56874,2
56875,1
56876,0
56877,1
56878,0
56879,0
56880,0
56881,3
56882,0
56883,0
56884,3
56885,2
56886,1
56887,1
56888,0
56889,1
56890,1
56891,2
56892,1
56893,0
56894,0
56895,0
56896,0
56897,0
56898,2
56899,2
56900,1
56901,1
56902,0
56903,0
56904,0
56905,1
56906,1
56907,1
56908,0
56909,0
56910,1
56911,1
56912,2
56913,0
56914,2
56915,0
56916,1
56917,0
56918,0
56919,0
56920,0
56921,2
56922,0
56923,0
56924,0
56925,0
56926,0
56927,4
56928,0
56929,3
56930,0
56931,0
56932,1
56933,1
56934,0
56935,1
56936,0
56937,0
56938,0
56939,1
56940,0
56941,0
56942,1
56943,0
56944,1
56945,0
56946,1
56947,0
56948,1
56949,1
56950,0
56951,0
56952,0
56953,1
56954,0
56955,0
56956,1
56957,2
56958,0
56959,0
56960,0
56961,1
56962,0
56963,0
56964,0
56965,0
56966,0
56967,0
56968,0
56969,1
56970,1
56971,0
56972,1
56973,2
56974,0
56975,0
56976,2
56977,0
56978,0
56979,0
56980,0
56981,0
56982,0
56983,1
56984,0
56985,0
56986,1
56987,2
56988,0
56989,1
56990,0
56991,1
56992,2
56993,0
56994,0
56995,3
56996,0
56997,0
56998,0
56999,0
57000,2
57001,0
57002,0
57003,0
57004,0
57005,0
57006,1
57007,1
57008,1
57009,0
57010,2
57011,1
57012,0
57013,0
57014,0
57015,1
57016,0
57017,0
57018,0
57019,0
57020,3
57021,2
57022,0
57023,2
57024,2
57025,2
57026,0
57027,0
57028,1
57029,1
57030,1
57031,1
57032,0
57033,0
57034,1
57035,1
57036,2
57037,0
57038,0
57039,2
57040,1
57041,0
57042,3
57043,0
57044,0
57045,3
57046,2
57047,0
57048,0
57049,0
57050,0
57051,2
57052,1
57053,2
57054,0
57055,1
57056,5
57057,1
57058,0
57059,0
57060,0
57061,0
57062,2
57063,2
57064,1
57065,0
57066,3
57067,0
57068,0
57069,1
57070,0
57071,0
57072,1
57073,3
57074,0
57075,1
57076,0
57077,0
57078,1
57079,0
57080,0
57081,2
57082,2
57083,1
57084,1
57085,4
57086,3
57087,1
57088,2
57089,3
57090,1
57091,0
57092,0
57093,1
57094,2
57095,4
57096,0
57097,2
57098,0
57099,2
57100,3
57101,1
57102,1
57103,3
57104,0
57105,0
57106,2
57107,1
57108,0
57109,6
57110,0
57111,0
57112,0
57113,2
57114,1
57115,0
57116,0
57117,0
57118,1
57119,1
57120,2
57121,1
57122,2
57123,2
57124,1
57125,1
57126,2
57127,0
57128,1
57129,0
57130,0
57131,0
57132,0
57133,0
57134,1
57135,1
57136,0
57137,0
57138,0
57139,0
57140,0
57141,0
57142,1
57143,3
57144,1
57145,1
57146,0
57147,1
57148,0
57149,1
57150,3
57151,2
57152,0
57153,0
57154,0
57155,1
57156,2
57157,0
57158,1
57159,1
57160,0
57161,1
57162,1
57163,1
57164,0
57165,1
57166,0
57167,0
57168,0
57169,0
57170,2
57171,0
57172,2
57173,0
57174,0
57175,2
57176,4
57177,0
57178,0
57179,4
57180,6
57181,1
57182,5
57183,0
57184,1
57185,0
57186,2
57187,0
57188,1
57189,2
57190,0
57191,0
57192,1
57193,1
57194,0
57195,0
57196,0
57197,2
57198,0
57199,1
57200,1
57201,1
57202,1
57203,0
57204,1
57205,0
57206,0
57207,1
57208,0
57209,2
57210,2
57211,2
57212,0
57213,0
57214,0
57215,1
57216,0
57217,0
57218,0
57219,2
57220,0
57221,0
57222,1
57223,1
57224,0
57225,0
57226,0
57227,0
57228,1
57229,0
57230,0
57231,0
57232,4
57233,0
57234,0
57235,0
57236,1
57237,0
57238,2
57239,1
57240,2
57241,2
57242,0
57243,0
57244,0
57245,1
57246,0
57247,1
57248,0
57249,0
57250,0
57251,2
57252,0
57253,1
57254,0
57255,0
57256,1
57257,1
57258,1
57259,0
57260,1
57261,3
57262,0
57263,2
57264,1
57265,1
57266,0
57267,1
57268,0
57269,3
57270,0
57271,0
57272,0
57273,0
57274,0
57275,0
57276,1
57277,0
57278,0
57279,0
57280,1
57281,0
57282,2
57283,2
57284,5
57285,1
57286,0
57287,0
57288,0
57289,0
57290,2
57291,0
57292,0
57293,1
57294,0
57295,0
57296,1
57297,1
57298,0
57299,1
57300,0
57301,0
57302,1
57303,0
57304,0
57305,0
57306,0
57307,1
57308,0
57309,1
57310,2
57311,2
57312,0
57313,1
57314,0
57315,2
57316,1
57317,9
57318,2
57319,2
57320,0
57321,2
57322,2
57323,0
57324,1
57325,1
57326,0
57327,0
57328,1
57329,1
57330,0
57331,0
57332,1
57333,0
57334,1
57335,0
57336,0
57337,0
57338,1
57339,0
57340,1
57341,2
57342,1
57343,0
57344,0
57345,0
57346,0
57347,1
57348,2
57349,0
57350,1
57351,0
57352,1
57353,0
57354,0
57355,1
57356,0
57357,0
57358,1
57359,0
57360,0
57361,5
57362,0
57363,1
57364,0
57365,1
57366,0
57367,2
57368,1
57369,1
57370,1
57371,1
57372,1
57373,0
57374,1
57375,2
57376,1
57377,0
57378,0
57379,0
57380,0
57381,1
57382,2
57383,1
57384,0
57385,2
57386,0
57387,0
57388,3
57389,1
57390,1
57391,4
57392,1
57393,4
57394,0
57395,0
57396,0
57397,0
57398,0
57399,0
57400,3
57401,0
57402,1
57403,1
57404,1
57405,1
57406,0
57407,2
57408,0
57409,0
57410,0
57411,0
57412,4
57413,0
57414,0
57415,1
57416,1
57417,1
57418,0
57419,0
57420,0
57421,0
57422,0
57423,0
57424,0
57425,2
57426,0
57427,0
57428,2
57429,0
57430,0
57431,1
57432,0
57433,1
57434,0
57435,1
57436,2
57437,0
57438,0
57439,1
57440,3
57441,2
57442,3
57443,2
57444,1
57445,1
57446,4
57447,2
57448,1
57449,1
57450,3
57451,1
57452,1
57453,1
57454,2
57455,0
57456,2
57457,1
57458,0
57459,0
57460,0
57461,1
57462,2
57463,0
57464,1
57465,2
57466,0
57467,3
57468,0
57469,1
57470,0
57471,2
57472,1
57473,1
57474,0
57475,1
57476,0
57477,5
57478,0
57479,1
57480,0
57481,0
57482,4
57483,2
57484,0
57485,0
57486,1
57487,2
57488,1
57489,2
57490,0
57491,0
57492,0
57493,1
57494,0
57495,0
57496,0
57497,0
57498,0
57499,0
57500,0
57501,3
57502,0
57503,1
57504,0
57505,2
57506,0
57507,0
57508,0
57509,0
57510,0
57511,1
57512,1
57513,1
57514,1
57515,0
57516,0
57517,0
57518,1
57519,0
57520,0
57521,1
57522,0
57523,1
57524,0
57525,4
57526,1
57527,2
57528,0
57529,1
57530,1
57531,0
57532,3
57533,1
57534,1
57535,1
57536,0
57537,2
57538,3
57539,2
57540,2
57541,2
57542,1
57543,1
57544,3
57545,0
57546,1
57547,4
57548,0
57549,3
57550,2
57551,0
57552,0
57553,0
57554,0
57555,2
57556,1
57557,0
57558,0
57559,0
57560,3
57561,0
57562,1
57563,0
57564,0
57565,0
57566,0
57567,0
57568,1
57569,1
57570,0
57571,3
57572,0
57573,3
57574,0
57575,0
57576,3
57577,0
57578,2
57579,0
57580,0
57581,0
57582,0
57583,0
57584,2
57585,2
57586,1
57587,0
57588,3
57589,4
57590,2
57591,2
57592,3
57593,1
57594,0
57595,0
57596,0
57597,0
57598,0
57599,0
57600,0
57601,0
57602,1
57603,0
57604,0
57605,0
57606,1
57607,0
57608,0
57609,0
57610,1
57611,1
57612,0
57613,0
57614,0
57615,2
57616,3
57617,1
57618,0
57619,0
57620,0
57621,0
57622,1
57623,0
57624,0
57625,0
57626,0
57627,0
57628,1
57629,2
57630,0
57631,1
57632,0
57633,1
57634,0
57635,0
57636,1
57637,0
57638,1
57639,1
57640,0
57641,1
57642,1
57643,1
57644,0
57645,0
57646,0
57647,0
57648,0
57649,1
57650,0
57651,2
57652,2
57653,1
57654,1
57655,3
57656,1
57657,0
57658,4
57659,2
57660,0
57661,1
57662,0
57663,0
57664,0
57665,0
57666,0
57667,1
57668,0
57669,0
57670,1
57671,0
57672,1
57673,0
57674,0
57675,1
57676,0
57677,0
57678,1
57679,2
57680,0
57681,0
57682,1
57683,2
57684,1
57685,0
57686,0
57687,3
57688,0
57689,0
57690,1
57691,0
57692,0
57693,1
57694,1
57695,2
57696,0
57697,0
57698,0
57699,0
57700,4
57701,0
57702,1
57703,0
57704,3
57705,2
57706,0
57707,1
57708,1
57709,1
57710,2
57711,0
57712,2
57713,1
57714,5
57715,3
57716,1
57717,1
57718,2
57719,0
57720,2
57721,2
57722,0
57723,1
57724,0
57725,1
57726,0
57727,0
57728,0
57729,1
57730,2
57731,1
57732,1
57733,1
57734,0
57735,1
57736,0
57737,0
57738,0
57739,1
57740,0
57741,0
57742,1
57743,0
57744,0
57745,1
57746,0
57747,0
57748,0
57749,2
57750,2
57751,0
57752,1
57753,0
57754,0
57755,0
57756,0
57757,1
57758,0
57759,1
57760,0
57761,0
57762,0
57763,2
57764,0
57765,0
57766,0
57767,0
57768,1
57769,0
57770,1
57771,0
57772,0
57773,0
57774,0
57775,0
57776,0
57777,1
57778,0
57779,3
57780,0
57781,0
57782,1
57783,0
57784,1
57785,0
57786,2
57787,0
57788,2
57789,1
57790,2
57791,0
57792,0
57793,0
57794,1
57795,0
57796,2
57797,0
57798,0
57799,0
57800,0
57801,0
57802,1
57803,0
57804,0
57805,0
57806,4
57807,1
57808,0
57809,0
57810,1
57811,1
57812,0
57813,0
57814,0
57815,0
57816,0
57817,0
57818,0
57819,0
57820,0
57821,3
57822,0
57823,0
57824,0
57825,0
57826,0
57827,0
57828,0
57829,0
57830,0
57831,1
57832,0
57833,2
57834,3
57835,2
57836,1
57837,0
57838,1
57839,0
57840,1
57841,1
57842,0
57843,2
57844,1
57845,1
57846,3
57847,0
57848,0
57849,0
57850,0
57851,1
57852,0
57853,0
57854,3
57855,3
57856,4
57857,0
57858,1
57859,2
57860,2
57861,0
57862,2
57863,3
57864,1
57865,1
57866,1
57867,1
57868,1
57869,3
57870,1
57871,0
57872,0
57873,0
57874,2
57875,1
57876,0
57877,1
57878,1
57879,1
57880,1
57881,2
57882,2
57883,0
57884,1
57885,0
57886,0
57887,0
57888,1
57889,0
57890,2
57891,0
57892,1
57893,0
57894,0
57895,0
57896,0
57897,0
57898,1
57899,1
57900,0
57901,0
57902,1
57903,0
57904,0
57905,2
57906,0
57907,0
57908,2
57909,0
57910,1
57911,0
57912,0
57913,2
57914,0
57915,2
57916,3
57917,2
57918,1
57919,3
57920,0
57921,4
57922,2
57923,0
57924,0
57925,4
57926,1
57927,2
57928,2
57929,2
57930,0
57931,0
57932,1
57933,1
57934,3
57935,0
57936,1
57937,1
57938,0
57939,0
57940,1
57941,1
57942,1
57943,0
57944,0
57945,2
57946,2
57947,1
57948,0
57949,2
57950,1
57951,0
57952,1
57953,0
57954,0
57955,0
57956,1
57957,1
57958,0
57959,4
57960,4
57961,1
57962,0
57963,0
57964,0
57965,0
57966,0
57967,0
57968,0
57969,1
57970,1
57971,1
57972,3
57973,0
57974,0
57975,3
57976,0
57977,0
57978,0
57979,1
57980,0
57981,0
57982,0
57983,2
57984,1
57985,0
57986,0
57987,0
57988,0
57989,1
57990,0
57991,1
57992,1
57993,0
57994,9
57995,8
57996,1
57997,2
57998,0
57999,0
58000,0
58001,2
58002,0
58003,1
58004,2
58005,1
58006,1
58007,1
58008,1
58009,2
58010,1
58011,1
58012,1
58013,0
58014,0
58015,1
58016,0
58017,1
58018,2
58019,0
58020,1
58021,0
58022,1
58023,0
58024,0
58025,1
58026,1
58027,0
58028,0
58029,0
58030,0
58031,6
58032,0
58033,2
58034,0
58035,1
58036,0
58037,3
58038,1
58039,0
58040,1
58041,2
58042,1
58043,1
58044,3
58045,0
58046,1
58047,0
58048,0
58049,0
58050,1
58051,0
58052,5
58053,3
58054,3
58055,4
58056,1
58057,3
58058,4
58059,3
58060,0
58061,2
58062,1
58063,0
58064,1
58065,5
58066,4
58067,0
58068,0
58069,0
58070,0
58071,3
58072,1
58073,4
58074,0
58075,1
58076,2
58077,1
58078,1
58079,2
58080,1
58081,2
58082,2
58083,3
58084,1
58085,2
58086,0
58087,0
58088,2
58089,2
58090,0
58091,2
58092,1
58093,0
58094,1
58095,0
58096,0
58097,2
58098,0
58099,1
58100,0
58101,0
58102,1
58103,0
58104,1
58105,2
58106,1
58107,0
58108,1
58109,3
58110,0
58111,0
58112,1
58113,1
58114,0
58115,0
58116,1
58117,1
58118,0
58119,1
58120,0
58121,2
58122,0
58123,0
58124,1
58125,2
58126,1
58127,0
58128,1
58129,0
58130,2
58131,0
58132,1
58133,2
58134,1
58135,0
58136,0
58137,1
58138,0
58139,1
58140,1
58141,0
58142,1
58143,0
58144,3
58145,0
58146,0
58147,1
58148,2
58149,0
58150,0
58151,1
58152,0
58153,1
58154,0
58155,0
58156,0
58157,0
58158,0
58159,1
58160,1
58161,0
58162,0
58163,4
58164,0
58165,0
58166,0
58167,0
58168,0
58169,2
58170,0
58171,3
58172,1
58173,0
58174,0
58175,1
58176,0
58177,0
58178,0
58179,1
58180,1
58181,1
58182,1
58183,1
58184,1
58185,3
58186,0
58187,0
58188,0
58189,1
58190,2
58191,1
58192,0
58193,1
58194,1
58195,0
58196,1
58197,1
58198,0
58199,1
58200,0
58201,0
58202,1
58203,0
58204,1
58205,0
58206,1
58207,0
58208,3
58209,0
58210,1
58211,0
58212,3
58213,1
58214,1
58215,1
58216,2
58217,0
58218,0
58219,2
58220,0
58221,0
58222,3
58223,2
58224,4
58225,3
58226,4
58227,1
58228,0
58229,2
58230,1
58231,0
58232,0
58233,1
58234,0
58235,2
58236,0
58237,1
58238,3
58239,0
58240,0
58241,0
58242,0
58243,3
58244,0
58245,0
58246,1
58247,0
58248,2
58249,0
58250,0
58251,3
58252,2
58253,2
58254,1
58255,1
58256,1
58257,1
58258,0
58259,0
58260,0
58261,0
58262,0
58263,0
58264,0
58265,0
58266,1
58267,0
58268,0
58269,1
58270,0
58271,1
58272,0
58273,0
58274,2
58275,0
58276,0
58277,0
58278,0
58279,0
58280,0
58281,1
58282,0
58283,1
58284,1
58285,0
58286,0
58287,1
58288,1
58289,0
58290,0
58291,1
58292,0
58293,0
58294,0
58295,0
58296,1
58297,1
58298,0
58299,2
58300,2
58301,0
58302,0
58303,0
58304,0
58305,3
58306,1
58307,0
58308,0
58309,0
58310,0
58311,0
58312,1
58313,2
58314,2
58315,2
58316,0
58317,0
58318,1
58319,0
58320,0
58321,0
58322,0
58323,4
58324,1
58325,0
58326,2
58327,1
58328,1
58329,1
58330,0
58331,1
58332,1
58333,0
58334,0
58335,2
58336,0
58337,0
58338,0
58339,0
58340,1
58341,1
58342,2
58343,2
58344,1
58345,0
58346,0
58347,0
58348,0
58349,0
58350,1
58351,0
58352,0
58353,0
58354,1
58355,0
58356,1
58357,0
58358,0
58359,1
58360,1
58361,1
58362,0
58363,0
58364,1
58365,0
58366,1
58367,0
58368,1
58369,1
58370,4
58371,1
58372,1
58373,0
58374,0
58375,1
58376,1
58377,0
58378,0
58379,0
58380,0
58381,0
58382,0
58383,0
58384,0
58385,0
58386,0
58387,2
58388,2
58389,0
58390,3
58391,0
58392,0
58393,2
58394,2
58395,1
58396,3
58397,0
58398,1
58399,1
58400,0
58401,0
58402,0
58403,0
58404,1
58405,1
58406,2
58407,1
58408,4
58409,1
58410,1
58411,2
58412,0
58413,1
58414,0
58415,0
58416,1
58417,0
58418,1
58419,0
58420,3
58421,0
58422,2
58423,1
58424,3
58425,1
58426,0
58427,1
58428,0
58429,0
58430,4
58431,1
58432,0
58433,0
58434,1
58435,1
58436,0
58437,1
58438,6
58439,1
58440,4
58441,0
58442,4
58443,0
58444,2
58445,0
58446,0
58447,0
58448,3
58449,2
58450,0
58451,2
58452,3
58453,3
58454,0
58455,0
58456,0
58457,3
58458,1
58459,2
58460,0
58461,1
58462,1
58463,0
58464,3
58465,7
58466,4
58467,2
58468,2
58469,2
58470,2
58471,1
58472,1
58473,1
58474,1
58475,1
58476,3
58477,1
58478,0
58479,0
58480,0
58481,2
58482,1
58483,0
58484,1
58485,0
58486,1
58487,0
58488,0
58489,0
58490,0
58491,1
58492,1
58493,0
58494,0
58495,0
58496,1
58497,3
58498,0
58499,0
58500,1
58501,1
58502,1
58503,1
58504,1
58505,0
58506,0
58507,0
58508,1
58509,0
58510,0
58511,5
58512,1
58513,3
58514,1
58515,0
58516,1
58517,2
58518,3
58519,13
58520,1
58521,7
58522,10
58523,3
58524,0
58525,1
58526,0
58527,3
58528,0
58529,0
58530,2
58531,1
58532,0
58533,0
58534,1
58535,0
58536,4
58537,0
58538,2
58539,0
58540,0
58541,0
58542,1
58543,1
58544,1
58545,0
58546,0
58547,0
58548,1
58549,1
58550,0
58551,2
58552,0
58553,0
58554,1
58555,0
58556,0
58557,0
58558,0
58559,0
58560,0
58561,1
58562,0
58563,0
58564,4
58565,2
58566,1
58567,1
58568,1
58569,0
58570,0
58571,1
58572,0
58573,1
58574,2
58575,1
58576,1
58577,0
58578,1
58579,0
58580,4
58581,0
58582,2
58583,0
58584,2
58585,3
58586,3
58587,0
58588,1
58589,1
58590,1
58591,0
58592,1
58593,2
58594,6
58595,2
58596,0
58597,0
58598,0
58599,1
58600,0
58601,0
58602,1
58603,3
58604,2
58605,0
58606,1
58607,2
58608,0
58609,1
58610,1
58611,3
58612,0
58613,1
58614,0
58615,1
58616,4
58617,0
58618,0
58619,0
58620,0
58621,1
58622,0
58623,2
58624,0
58625,1
58626,1
58627,1
58628,1
58629,1
58630,0
58631,0
58632,0
58633,2
58634,1
58635,0
58636,0
58637,5
58638,3
58639,0
58640,1
58641,1
58642,0
58643,1
58644,0
58645,1
58646,1
58647,2
58648,0
58649,0
58650,1
58651,0
58652,1
58653,3
58654,1
58655,1
58656,2
58657,1
58658,0
58659,0
58660,1
58661,1
58662,0
58663,1
58664,1
58665,1
58666,1
58667,1
58668,0
58669,0
58670,0
58671,0
58672,1
58673,0
58674,0
58675,1
58676,1
58677,3
58678,0
58679,1
58680,1
58681,1
58682,2
58683,0
58684,0
58685,1
58686,0
58687,0
58688,1
58689,2
58690,2
58691,3
58692,0
58693,1
58694,2
58695,0
58696,1
58697,3
58698,1
58699,1
58700,0
58701,0
58702,0
58703,1
58704,4
58705,0
58706,1
58707,1
58708,0
58709,0
58710,0
58711,0
58712,0
58713,1
58714,0
58715,1
58716,0
58717,7
58718,1
58719,2
58720,0
58721,0
58722,0
58723,0
58724,1
58725,0
58726,0
58727,0
58728,2
58729,1
58730,0
58731,1
58732,2
58733,0
58734,0
58735,3
58736,0
58737,1
58738,0
58739,0
58740,0
58741,1
58742,0
58743,0
58744,2
58745,0
58746,1
58747,1
58748,0
58749,1
58750,0
58751,2
58752,1
58753,0
58754,3
58755,0
58756,0
58757,1
58758,1
58759,0
58760,0
58761,1
58762,0
58763,0
58764,1
58765,0
58766,0
58767,0
58768,0
58769,0
58770,0
58771,1
58772,1
58773,0
58774,0
58775,0
58776,1
58777,0
58778,0
58779,0
58780,0
58781,1
58782,1
58783,0
58784,0
58785,1
58786,0
58787,1
58788,1
58789,0
58790,0
58791,0
58792,0
58793,3
58794,2
58795,0
58796,1
58797,6
58798,1
58799,1
58800,3
58801,0
58802,1
58803,0
58804,0
58805,0
58806,0
58807,0
58808,0
58809,1
58810,3
58811,1
58812,3
58813,0
58814,0
58815,1
58816,1
58817,0
58818,0
58819,0
58820,0
58821,2
58822,0
58823,0
58824,0
58825,1
58826,0
58827,0
58828,0
58829,0
58830,0
58831,1
58832,0
58833,1
58834,1
58835,0
58836,0
58837,1
58838,0
58839,2
58840,0
58841,6
58842,2
58843,0
58844,1
58845,3
58846,0
58847,1
58848,1
58849,1
58850,1
58851,0
58852,0
58853,1
58854,1
58855,1
58856,1
58857,1
58858,1
58859,1
58860,0
58861,0
58862,0
58863,2
58864,0
58865,0
58866,2
58867,0
58868,0
58869,0
58870,2
58871,1
58872,0
58873,2
58874,1
58875,0
58876,0
58877,0
58878,0
58879,0
58880,0
58881,0
58882,0
58883,1
58884,6
58885,0
58886,1
58887,1
58888,0
58889,2
58890,0
58891,1
58892,0
58893,0
58894,0
58895,0
58896,0
58897,0
58898,0
58899,1
58900,0
58901,1
58902,1
58903,1
58904,3
58905,0
58906,3
58907,0
58908,1
58909,1
58910,2
58911,3
58912,2
58913,0
58914,2
58915,2
58916,1
58917,0
58918,3
58919,1
58920,1
58921,0
58922,0
58923,2
58924,4
58925,3
58926,0
58927,0
58928,1
58929,2
58930,2
58931,0
58932,1
58933,0
58934,3
58935,0
58936,0
58937,0
58938,0
58939,3
58940,0
58941,1
58942,0
58943,0
58944,6
58945,0
58946,0
58947,0
58948,0
58949,0
58950,2
58951,0
58952,1
58953,0
58954,4
58955,0
58956,0
58957,2
58958,3
58959,0
58960,0
58961,0
58962,1
58963,0
58964,6
58965,2
58966,0
58967,1
58968,2
58969,5
58970,2
58971,4
58972,0
58973,2
58974,1
58975,0
58976,3
58977,1
58978,1
58979,2
58980,0
58981,0
58982,0
58983,1
58984,0
58985,0
58986,0
58987,0
58988,0
58989,0
58990,0
58991,0
58992,0
58993,1
58994,1
58995,0
58996,0
58997,0
58998,0
58999,0
59000,0
59001,0
59002,0
59003,1
59004,0
59005,0
59006,2
59007,0
59008,1
59009,1
59010,2
59011,1
59012,2
59013,0
59014,0
59015,2
59016,0
59017,0
59018,0
59019,1
59020,1
59021,1
59022,0
59023,0
59024,0
59025,0
59026,0
59027,1
59028,1
59029,2
59030,0
59031,1
59032,3
59033,1
59034,2
59035,3
59036,2
59037,0
59038,2
59039,2
59040,3
59041,5
59042,4
59043,1
59044,1
59045,0
59046,0
59047,1
59048,0
59049,1
59050,1
59051,0
59052,0
59053,1
59054,0
59055,0
59056,0
59057,0
59058,0
59059,4
59060,1
59061,0
59062,2
59063,0
59064,0
59065,0
59066,0
59067,1
59068,0
59069,0
59070,0
59071,1
59072,2
59073,0
59074,2
59075,3
59076,0
59077,0
59078,3
59079,0
59080,0
59081,0
59082,1
59083,1
59084,2
59085,0
59086,1
59087,2
59088,0
59089,4
59090,1
59091,0
59092,2
59093,3
59094,0
59095,0
59096,1
59097,2
59098,1
59099,1
59100,1
59101,2
59102,2
59103,3
59104,3
59105,0
59106,0
59107,0
59108,1
59109,1
59110,0
59111,3
59112,0
59113,0
59114,1
59115,0
59116,2
59117,1
59118,4
59119,1
59120,1
59121,0
59122,0
59123,0
59124,0
59125,0
59126,1
59127,2
59128,4
59129,0
59130,0
59131,1
59132,0
59133,1
59134,0
59135,1
59136,2
59137,1
59138,5
59139,0
59140,1
59141,1
59142,1
59143,0
59144,0
59145,1
59146,0
59147,1
59148,1
59149,1
59150,1
59151,1
59152,0
59153,0
59154,0
59155,0
59156,1
59157,1
59158,1
59159,0
59160,0
59161,1
59162,1
59163,1
59164,2
59165,0
59166,1
59167,1
59168,2
59169,1
59170,1
59171,1
59172,0
59173,0
59174,1
59175,2
59176,1
59177,1
59178,2
59179,0
59180,1
59181,0
59182,1
59183,3
59184,1
59185,0
59186,1
59187,0
59188,2
59189,1
59190,0
59191,1
59192,0
59193,0
59194,1
59195,0
59196,0
59197,0
59198,1
59199,1
59200,0
59201,4
59202,0
59203,2
59204,11
59205,1
59206,0
59207,2
59208,0
59209,1
59210,1
59211,2
59212,4
59213,1
59214,1
59215,0
59216,1
59217,0
59218,0
59219,0
59220,1
59221,2
59222,1
59223,0
59224,1
59225,0
59226,2
59227,0
59228,0
59229,0
59230,0
59231,1
59232,0
59233,0
59234,1
59235,2
59236,3
59237,1
59238,0
59239,0
59240,1
59241,0
59242,1
59243,0
59244,1
59245,0
59246,3
59247,0
59248,0
59249,2
59250,0
59251,0
59252,0
59253,0
59254,0
59255,0
59256,0
59257,0
59258,0
59259,0
59260,0
59261,1
59262,0
59263,1
59264,1
59265,0
59266,4
59267,1
59268,1
59269,0
59270,0
59271,0
59272,0
59273,1
59274,0
59275,1
59276,1
59277,0
59278,1
59279,0
59280,0
59281,1
59282,0
59283,1
59284,0
59285,0
59286,2
59287,0
59288,8
59289,0
59290,0
59291,0
59292,0
59293,0
59294,0
59295,1
59296,1
59297,0
59298,0
59299,1
59300,0
59301,1
59302,1
59303,0
59304,1
59305,1
59306,2
59307,1
59308,6
59309,2
59310,3
59311,1
59312,0
59313,0
59314,1
59315,0
59316,0
59317,1
59318,2
59319,1
59320,2
59321,0
59322,0
59323,1
59324,0
59325,2
59326,1
59327,0
59328,1
59329,1
59330,0
59331,0
59332,2
59333,2
59334,2
59335,0
59336,2
59337,0
59338,0
59339,0
59340,4
59341,3
59342,1
59343,1
59344,3
59345,1
59346,0
59347,0
59348,1
59349,1
59350,2
59351,2
59352,1
59353,0
59354,1
59355,0
59356,1
59357,1
59358,1
59359,3
59360,0
59361,0
59362,1
59363,0
59364,2
59365,1
59366,0
59367,1
59368,0
59369,0
59370,1
59371,2
59372,0
59373,2
59374,1
59375,3
59376,1
59377,1
59378,0
59379,0
59380,1
59381,1
59382,1
59383,0
59384,0
59385,0
59386,0
59387,0
59388,0
59389,0
59390,1
59391,3
59392,0
59393,0
59394,2
59395,2
59396,0
59397,1
59398,1
59399,1
59400,0
59401,1
59402,1
59403,2
59404,0
59405,2
59406,2
59407,1
59408,0
59409,0
59410,0
59411,1
59412,2
59413,1
59414,1
59415,5
59416,0
59417,0
59418,1
59419,0
59420,0
59421,1
59422,0
59423,0
59424,1
59425,0
59426,1
59427,0
59428,0
59429,0
59430,0
59431,1
59432,0
59433,0
59434,1
59435,1
59436,0
59437,0
59438,0
59439,0
59440,0
59441,1
59442,0
59443,2
59444,0
59445,1
59446,1
59447,0
59448,0
59449,2
59450,1
59451,0
59452,0
59453,2
59454,1
59455,0
59456,0
59457,1
59458,1
59459,0
59460,0
59461,1
59462,1
59463,0
59464,5
59465,2
59466,2
59467,0
59468,2
59469,0
59470,0
59471,1
59472,1
59473,2
59474,2
59475,1
59476,0
59477,2
59478,0
59479,0
59480,0
59481,1
59482,4
59483,0
59484,0
59485,2
59486,1
59487,1
59488,2
59489,3
59490,0
59491,2
59492,0
59493,0
59494,0
59495,1
59496,1
59497,0
59498,0
59499,1
59500,0
59501,0
59502,1
59503,0
59504,3
59505,0
59506,6
59507,9
59508,0
59509,1
59510,0
59511,1
59512,0
59513,1
59514,0
59515,1
59516,0
59517,0
59518,1
59519,1
59520,2
59521,0
59522,0
59523,1
59524,0
59525,1
59526,1
59527,0
59528,2
59529,0
59530,1
59531,0
59532,0
59533,1
59534,1
59535,1
59536,2
59537,0
59538,2
59539,3
59540,0
59541,0
59542,0
59543,0
59544,0
59545,0
59546,1
59547,1
59548,0
59549,0
59550,0
59551,2
59552,0
59553,1
59554,0
59555,2
59556,0
59557,4
59558,0
59559,4
59560,0
59561,1
59562,2
59563,2
59564,0
59565,0
59566,0
59567,0
59568,0
59569,1
59570,0
59571,1
59572,5
59573,1
59574,2
59575,1
59576,0
59577,0
59578,0
59579,1
59580,1
59581,1
59582,0
59583,1
59584,0
59585,0
59586,0
59587,0
59588,0
59589,1
59590,1
59591,1
59592,1
59593,2
59594,2
59595,0
59596,0
59597,0
59598,0
59599,1
59600,2
59601,0
59602,1
59603,1
59604,0
59605,1
59606,1
59607,0
59608,0
59609,1
59610,1
59611,0
59612,1
59613,0
59614,1
59615,0
59616,0
59617,0
59618,2
59619,1
59620,1
59621,0
59622,0
59623,1
59624,1
59625,0
59626,0
59627,0
59628,0
59629,2
59630,0
59631,0
59632,0
59633,1
59634,1
59635,1
59636,0
59637,1
59638,0
59639,2
59640,3
59641,0
59642,0
59643,0
59644,1
59645,2
59646,0
59647,1
59648,1
59649,1
59650,0
59651,0
59652,2
59653,1
59654,1
59655,0
59656,0
59657,0
59658,0
59659,1
59660,0
59661,0
59662,2
59663,1
59664,1
59665,0
59666,1
59667,1
59668,1
59669,1
59670,1
59671,1
59672,1
59673,0
59674,1
59675,3
59676,0
59677,0
59678,1
59679,0
59680,0
59681,1
59682,0
59683,0
59684,0
59685,0
59686,1
59687,3
59688,5
59689,4
59690,0
59691,4
59692,4
59693,2
59694,0
59695,0
59696,3
59697,2
59698,2
59699,3
59700,1
59701,1
59702,0
59703,3
59704,0
59705,1
59706,2
59707,0
59708,0
59709,0
59710,0
59711,1
59712,2
59713,3
59714,0
59715,2
59716,8
59717,2
59718,6
59719,0
59720,1
59721,0
59722,0
59723,4
59724,6
59725,2
59726,1
59727,1
59728,2
59729,1
59730,2
59731,1
59732,0
59733,1
59734,0
59735,0
59736,2
59737,0
59738,0
59739,0
59740,1
59741,0
59742,0
59743,2
59744,1
59745,0
59746,2
59747,0
59748,5
59749,0
59750,0
59751,2
59752,0
59753,1
59754,0
59755,1
59756,0
59757,0
59758,1
59759,4
59760,1
59761,1
59762,5
59763,9
59764,0
59765,2
59766,1
59767,2
59768,0
59769,2
59770,1
59771,2
59772,1
59773,0
59774,0
59775,1
59776,0
59777,1
59778,2
59779,4
59780,1
59781,0
59782,0
59783,1
59784,3
59785,1
59786,1
59787,0
59788,1
59789,1
59790,1
59791,0
59792,0
59793,0
59794,0
59795,0
59796,0
59797,0
59798,1
59799,2
59800,0
59801,0
59802,1
59803,1
59804,0
59805,2
59806,0
59807,0
59808,0
59809,1
59810,1
59811,0
59812,0
59813,2
59814,1
59815,1
59816,0
59817,3
59818,0
59819,1
59820,1
59821,0
59822,0
59823,4
59824,2
59825,1
59826,4
59827,0
59828,1
59829,1
59830,0
59831,0
59832,0
59833,2
59834,1
59835,1
59836,0
59837,0
59838,0
59839,0
59840,2
59841,0
59842,0
59843,2
59844,1
59845,0
59846,1
59847,1
59848,0
59849,0
59850,0
59851,1
59852,0
59853,0
59854,0
59855,0
59856,0
59857,1
59858,0
59859,2
59860,1
59861,0
59862,0
59863,0
59864,4
59865,0
59866,0
59867,2
59868,0
59869,1
59870,0
59871,3
59872,0
59873,2
59874,4
59875,5
59876,1
59877,0
59878,0
59879,1
59880,1
59881,1
59882,2
59883,0
59884,0
59885,0
59886,1
59887,0
59888,0
59889,2
59890,3
59891,1
59892,2
59893,0
59894,0
59895,2
59896,0
59897,0
59898,1
59899,0
59900,3
59901,2
59902,6
59903,1
59904,1
59905,5
59906,4
59907,1
59908,0
59909,3
59910,0
59911,1
59912,3
59913,3
59914,0
59915,1
59916,0
59917,3
59918,1
59919,3
59920,0
59921,0
59922,0
59923,2
59924,0
59925,0
59926,0
59927,6
59928,1
59929,3
59930,0
59931,1
59932,0
59933,0
59934,1
59935,1
59936,0
59937,2
59938,1
59939,0
59940,1
59941,0
59942,0
59943,2
59944,0
59945,0
59946,7
59947,0
59948,0
59949,0
59950,1
59951,0
59952,3
59953,0
59954,4
59955,0
59956,0
59957,0
59958,1
59959,0
59960,2
59961,0
59962,1
59963,0
59964,0
59965,1
59966,0
59967,0
59968,0
59969,0
59970,3
59971,0
59972,0
59973,1
59974,1
59975,2
59976,0
59977,0
59978,0
59979,0
59980,0
59981,0
59982,1
59983,0
59984,2
59985,1
59986,0
59987,1
59988,0
59989,0
59990,1
59991,0
59992,1
59993,1
59994,0
59995,0
59996,1
59997,2
59998,0
59999,0
60000,2
60001,1
60002,1
60003,0
60004,5
60005,2
60006,1
60007,2
60008,1
60009,3
60010,0
60011,1
60012,0
60013,3
60014,2
60015,17
60016,1
60017,2
60018,1
60019,1
60020,3
60021,6
60022,0
60023,1
60024,8
60025,1
60026,0
60027,1
60028,2
60029,1
60030,1
60031,0
60032,1
60033,0
60034,0
60035,0
60036,0
60037,0
60038,1
60039,0
60040,3
60041,0
60042,2
60043,0
60044,0
60045,1
60046,0
60047,1
60048,1
60049,1
60050,1
60051,1
60052,2
60053,1
60054,1
60055,0
60056,0
60057,0
60058,1
60059,1
60060,1
60061,1
60062,0
60063,1
60064,2
60065,1
60066,2
60067,0
60068,1
60069,1
60070,2
60071,1
60072,0
60073,0
60074,0
60075,2
60076,0
60077,2
60078,2
60079,1
60080,1
60081,3
60082,0
60083,1
60084,1
60085,1
60086,3
60087,0
60088,1
60089,0
60090,1
60091,2
60092,0
60093,0
60094,0
60095,1
60096,1
60097,3
60098,0
60099,3
60100,2
60101,0
60102,3
60103,1
60104,0
60105,1
60106,0
60107,0
60108,0
60109,1
60110,1
60111,1
60112,0
60113,1
60114,0
60115,1
60116,0
60117,0
60118,2
60119,0
60120,3
60121,4
60122,0
60123,1
60124,0
60125,3
60126,0
60127,1
60128,1
60129,0
60130,3
60131,0
60132,0
60133,1
60134,1
60135,0
60136,0
60137,1
60138,0
60139,0
60140,0
60141,0
60142,0
60143,0
60144,1
60145,1
60146,1
60147,0
60148,2
60149,0
60150,0
60151,2
60152,3
60153,0
60154,0
60155,0
60156,1
60157,0
60158,3
60159,0
60160,0
60161,2
60162,1
60163,6
60164,1
60165,0
60166,2
60167,2
60168,1
60169,2
60170,0
60171,1
60172,0
60173,0
60174,3
60175,3
60176,3
60177,2
60178,3
60179,0
60180,1
60181,1
60182,3
60183,0
60184,0
60185,2
60186,0
60187,0
60188,0
60189,0
60190,2
60191,0
60192,1
60193,1
60194,0
60195,1
60196,0
60197,1
60198,0
60199,2
60200,0
60201,1
60202,1
60203,0
60204,0
60205,1
60206,0
60207,2
60208,0
60209,0
60210,3
60211,3
60212,1
60213,0
60214,2
60215,2
60216,2
60217,0
60218,0
60219,1
60220,0
60221,1
60222,3
60223,0
60224,0
60225,0
60226,0
60227,0
60228,0
60229,0
60230,0
60231,2
60232,0
60233,1
60234,3
60235,1
60236,0
60237,1
60238,1
60239,1
60240,1
60241,1
60242,1
60243,6
60244,3
60245,0
60246,0
60247,0
60248,2
60249,3
60250,1
60251,1
60252,2
60253,1
60254,0
60255,1
60256,2
60257,1
60258,0
60259,0
60260,0
60261,0
60262,0
60263,0
60264,0
60265,1
60266,0
60267,2
60268,0
60269,0
60270,0
60271,2
60272,0
60273,0
60274,0
60275,1
60276,0
60277,1
60278,0
60279,0
60280,1
60281,0
60282,0
60283,2
60284,0
60285,0
60286,0
60287,0
60288,2
60289,0
60290,0
60291,0
60292,2
60293,0
60294,0
60295,1
60296,1
60297,0
60298,1
60299,1
60300,3
60301,3
60302,2
60303,0
60304,1
60305,1
60306,2
60307,1
60308,1
60309,1
60310,0
60311,0
60312,1
60313,0
60314,1
60315,0
60316,0
60317,0
60318,0
60319,3
60320,3
60321,0
60322,0
60323,0
60324,1
60325,2
60326,0
60327,0
60328,0
60329,0
60330,0
60331,1
60332,0
60333,1
60334,0
60335,1
60336,0
60337,0
60338,0
60339,2
60340,1
60341,0
60342,0
60343,2
60344,0
60345,3
60346,0
60347,1
60348,1
60349,0
60350,0
60351,0
60352,2
60353,2
60354,1
60355,0
60356,0
60357,0
60358,6
60359,0
60360,1
60361,1
60362,1
60363,0
60364,0
60365,0
60366,0
60367,1
60368,0
60369,1
60370,1
60371,1
60372,2
60373,0
60374,0
60375,0
60376,1
60377,1
60378,0
60379,2
60380,0
60381,0
60382,1
60383,1
60384,0
60385,0
60386,1
60387,2
60388,1
60389,1
60390,1
60391,1
60392,1
60393,2
60394,0
60395,3
60396,0
60397,1
60398,1
60399,1
60400,0
60401,1
60402,0
60403,0
60404,0
60405,0
60406,1
60407,5
60408,2
60409,0
60410,0
60411,1
60412,0
60413,0
60414,0
60415,0
60416,0
60417,0
60418,0
60419,1
60420,0
60421,1
60422,0
60423,0
60424,3
60425,7
60426,0
60427,0
60428,0
60429,0
60430,1
60431,0
60432,0
60433,1
60434,0
60435,2
60436,1
60437,0
60438,1
60439,1
60440,1
60441,1
60442,1
60443,1
60444,2
60445,4
60446,3
60447,0
60448,0
60449,1
60450,1
60451,1
60452,2
60453,2
60454,0
60455,2
60456,1
60457,2
60458,0
60459,0
60460,1
60461,1
60462,1
60463,0
60464,1
60465,0
60466,2
60467,0
60468,1
60469,1
60470,0
60471,0
60472,1
60473,96
60474,0
60475,2
60476,0
60477,0
60478,2
60479,1
60480,2
60481,0
60482,2
60483,0
60484,3
60485,0
60486,1
60487,0
60488,0
60489,1
60490,0
60491,1
60492,3
60493,2
60494,2
60495,2
60496,0
60497,1
60498,1
60499,2
60500,0
60501,1
60502,0
60503,1
60504,1
60505,0
60506,0
60507,0
60508,3
60509,0
60510,0
60511,1
60512,2
60513,1
60514,1
60515,1
60516,1
60517,0
60518,2
60519,1
60520,0
60521,0
60522,2
60523,1
60524,0
60525,0
60526,0
60527,1
60528,1
60529,0
60530,1
60531,0
60532,1
60533,2
60534,0
60535,1
60536,0
60537,0
60538,0
60539,3
60540,0
60541,4
60542,0
60543,0
60544,1
60545,1
60546,1
60547,1
60548,1
60549,0
60550,0
60551,1
60552,0
60553,0
60554,0
60555,1
60556,0
60557,0
60558,2
60559,0
60560,5
60561,2
60562,5
60563,1
60564,0
60565,2
60566,3
60567,1
60568,0
60569,1
60570,2
60571,0
60572,0
60573,3
60574,0
60575,1
60576,0
60577,7
60578,1
60579,0
60580,2
60581,2
60582,0
60583,0
60584,0
60585,0
60586,0
60587,1
60588,1
60589,2
60590,0
60591,0
60592,2
60593,4
60594,1
60595,1
60596,0
60597,0
60598,1
60599,1
60600,0
60601,0
60602,1
60603,0
60604,0
60605,1
60606,1
60607,2
60608,0
60609,0
60610,0
60611,4
60612,1
60613,0
60614,2
60615,2
60616,0
60617,1
60618,0
60619,0
60620,0
60621,1
60622,0
60623,2
60624,1
60625,0
60626,0
60627,0
60628,0
60629,4
60630,0
60631,0
60632,3
60633,4
60634,0
60635,2
60636,0
60637,0
60638,1
60639,0
60640,2
60641,0
60642,1
60643,1
60644,0
60645,1
60646,0
60647,0
60648,0
60649,0
60650,0
60651,1
60652,2
60653,0
60654,1
60655,1
60656,1
60657,1
60658,2
60659,1
60660,1
60661,5
60662,2
60663,1
60664,3
60665,1
60666,1
60667,2
60668,0
60669,0
60670,1
60671,2
60672,1
60673,0
60674,1
60675,0
60676,1
60677,1
60678,1
60679,0
60680,0
60681,0
60682,1
60683,1
60684,0
60685,1
60686,0
60687,1
60688,1
60689,0
60690,0
60691,0
60692,0
60693,0
60694,1
60695,0
60696,0
60697,1
60698,2
60699,1
60700,1
60701,0
60702,0
60703,2
60704,1
60705,1
60706,2
60707,0
60708,0
60709,3
60710,0
60711,0
60712,2
60713,0
60714,0
60715,0
60716,2
60717,0
60718,0
60719,0
60720,1
60721,1
60722,2
60723,0
60724,5
60725,0
60726,1
60727,1
60728,0
60729,1
60730,2
60731,1
60732,1
60733,9
60734,1
60735,0
60736,1
60737,1
60738,0
60739,1
60740,0
60741,1
60742,0
60743,0
60744,0
60745,0
60746,1
60747,0
60748,1
60749,0
60750,0
60751,0
60752,0
60753,2
60754,0
60755,0
60756,1
60757,2
60758,3
60759,0
60760,2
60761,0
60762,2
60763,0
60764,0
60765,2
60766,2
60767,1
60768,1
60769,0
60770,7
60771,2
60772,2
60773,1
60774,2
60775,2
60776,0
60777,0
60778,0
60779,4
60780,0
60781,0
60782,1
60783,1
60784,0
60785,2
60786,1
60787,0
60788,0
60789,1
60790,1
60791,1
60792,0
60793,0
60794,1
60795,1
60796,2
60797,1
60798,1
60799,1
60800,1
60801,0
60802,1
60803,1
60804,0
60805,1
60806,3
60807,0
60808,1
60809,0
60810,1
60811,1
60812,0
60813,0
60814,3
60815,0
60816,1
60817,1
60818,0
60819,0
60820,1
60821,0
60822,0
60823,1
60824,0
60825,1
60826,1
60827,1
60828,1
60829,1
60830,0
60831,0
60832,0
60833,0
60834,3
60835,0
60836,0
60837,3
60838,1
60839,0
60840,0
60841,1
60842,1
60843,2
60844,0
60845,1
60846,0
60847,0
60848,5
60849,0
60850,1
60851,2
60852,1
60853,0
60854,0
60855,1
60856,0
60857,1
60858,1
60859,1
60860,0
60861,0
60862,0
60863,1
60864,1
60865,0
60866,1
60867,1
60868,5
60869,0
60870,1
60871,0
60872,1
60873,1
60874,0
60875,1
60876,1
60877,1
60878,2
60879,7
60880,0
60881,0
60882,0
60883,0
60884,8
60885,7
60886,1
60887,0
60888,1
60889,0
60890,1
60891,0
60892,1
60893,1
60894,1
60895,0
60896,2
60897,0
60898,2
60899,1
60900,0
60901,0
60902,1
60903,0
60904,0
60905,0
60906,1
60907,1
60908,0
60909,0
60910,0
60911,2
60912,0
60913,2
60914,1
60915,1
60916,0
60917,0
60918,1
60919,2
60920,0
60921,1
60922,2
60923,0
60924,0
60925,0
60926,0
60927,0
60928,0
60929,0
60930,0
60931,0
60932,0
60933,0
60934,0
60935,2
60936,1
60937,0
60938,0
60939,1
60940,0
60941,0
60942,0
60943,0
60944,0
60945,1
60946,0
60947,0
60948,1
60949,0
60950,0
60951,0
60952,1
60953,0
60954,2
60955,1
60956,0
60957,0
60958,2
60959,1
60960,0
60961,1
60962,2
60963,0
60964,1
60965,0
60966,1
60967,0
60968,1
60969,2
60970,1
60971,3
60972,1
60973,1
60974,0
60975,0
60976,2
60977,0
60978,1
60979,0
60980,0
60981,3
60982,0
60983,0
60984,0
60985,0
60986,1
60987,0
60988,0
60989,1
60990,1
60991,2
60992,0
60993,0
60994,0
60995,1
60996,0
60997,1
60998,0
60999,0
61000,3
61001,1
61002,0
61003,1
61004,0
61005,1
61006,2
61007,0
61008,0
61009,0
61010,1
61011,0
61012,0
61013,1
61014,2
61015,0
61016,0
61017,0
61018,0
61019,1
61020,0
61021,0
61022,1
61023,0
61024,1
61025,1
61026,0
61027,1
61028,1
61029,2
61030,1
61031,0
61032,0
61033,5
61034,1
61035,1
61036,0
61037,2
61038,0
61039,3
61040,1
61041,0
61042,0
61043,1
61044,0
61045,0
61046,0
61047,2
61048,3
61049,1
61050,0
61051,1
61052,1
61053,2
61054,0
61055,1
61056,0
61057,1
61058,0
61059,0
61060,0
61061,0
61062,0
61063,1
61064,0
61065,0
61066,0
61067,3
61068,1
61069,0
61070,0
61071,0
61072,2
61073,1
61074,0
61075,2
61076,0
61077,0
61078,1
61079,1
61080,0
61081,0
61082,0
61083,1
61084,3
61085,0
61086,0
61087,1
61088,1
61089,1
61090,0
61091,2
61092,0
61093,0
61094,2
61095,2
61096,0
61097,1
61098,2
61099,0
61100,0
61101,1
61102,1
61103,1
61104,0
61105,2
61106,0
61107,0
61108,0
61109,0
61110,1
61111,0
61112,4
61113,0
61114,1
61115,0
61116,1
61117,1
61118,0
61119,0
61120,2
61121,3
61122,1
61123,1
61124,0
61125,0
61126,1
61127,1
61128,2
61129,2
61130,0
61131,0
61132,2
61133,1
61134,1
61135,1
61136,2
61137,1
61138,0
61139,0
61140,2
61141,0
61142,2
61143,0
61144,0
61145,3
61146,0
61147,0
61148,0
61149,0
61150,3
61151,2
61152,0
61153,0
61154,0
61155,2
61156,1
61157,0
61158,3
61159,0
61160,2
61161,1
61162,2
61163,2
61164,0
61165,0
61166,1
61167,1
61168,1
61169,2
61170,4
61171,1
61172,1
61173,2
61174,0
61175,0
61176,0
61177,0
61178,0
61179,0
61180,1
61181,1
61182,2
61183,0
61184,0
61185,2
61186,0
61187,0
61188,0
61189,1
61190,1
61191,0
61192,1
61193,0
61194,0
61195,1
61196,0
61197,0
61198,1
61199,1
61200,2
61201,1
61202,0
61203,0
61204,1
61205,1
61206,1
61207,1
61208,1
61209,0
61210,0
61211,0
61212,3
61213,0
61214,0
61215,0
61216,1
61217,1
61218,0
61219,0
61220,0
61221,0
61222,0
61223,0
61224,1
61225,1
61226,0
61227,3
61228,0
61229,1
61230,0
61231,0
61232,0
61233,1
61234,0
61235,1
61236,1
61237,2
61238,0
61239,0
61240,0
61241,3
61242,0
61243,2
61244,0
61245,0
61246,1
61247,1
61248,1
61249,0
61250,0
61251,0
61252,2
61253,1
61254,7
61255,1
61256,2
61257,0
61258,0
61259,2
61260,2
61261,1
61262,2
61263,1
61264,0
61265,0
61266,0
61267,1
61268,2
61269,0
61270,0
61271,1
61272,0
61273,0
61274,2
61275,2
61276,0
61277,1
61278,4
61279,0
61280,1
61281,0
61282,0
61283,3
61284,0
61285,0
61286,1
61287,1
61288,0
61289,1
61290,0
61291,0
61292,2
61293,2
61294,0
61295,1
61296,1
61297,0
61298,1
61299,0
61300,1
61301,1
61302,1
61303,0
61304,0
61305,0
61306,0
61307,0
61308,0
61309,0
61310,0
61311,0
61312,0
61313,0
61314,1
61315,2
61316,3
61317,2
61318,1
61319,3
61320,0
61321,0
61322,0
61323,0
61324,0
61325,1
61326,1
61327,1
61328,0
61329,0
61330,2
61331,0
61332,1
61333,0
61334,1
61335,1
61336,1
61337,1
61338,1
61339,0
61340,0
61341,1
61342,0
61343,1
61344,2
61345,2
61346,1
61347,0
61348,0
61349,0
61350,0
61351,0
61352,1
61353,0
61354,1
61355,1
61356,0
61357,0
61358,1
61359,0
61360,0
61361,0
61362,0
61363,0
61364,0
61365,1
61366,0
61367,0
61368,0
61369,1
61370,0
61371,0
61372,1
61373,0
61374,0
61375,0
61376,0
61377,1
61378,1
61379,1
61380,0
61381,1
61382,0
61383,0
61384,0
61385,0
61386,1
61387,1
61388,0
61389,2
61390,1
61391,0
61392,1
61393,0
61394,3
61395,0
61396,1
61397,0
61398,1
61399,1
61400,0
61401,2
61402,0
61403,1
61404,1
61405,1
61406,1
61407,1
61408,1
61409,0
61410,0
61411,0
61412,1
61413,0
61414,4
61415,1
61416,3
61417,0
61418,0
61419,1
61420,1
61421,0
61422,0
61423,1
61424,2
61425,2
61426,3
61427,0
61428,0
61429,4
61430,1
61431,1
61432,1
61433,0
61434,1
61435,2
61436,1
61437,0
61438,1
61439,1
61440,0
61441,0
61442,1
61443,0
61444,0
61445,2
61446,0
61447,0
61448,0
61449,0
61450,1
61451,3
61452,0
61453,0
61454,0
61455,0
61456,0
61457,1
61458,0
61459,1
61460,1
61461,0
61462,0
61463,2
61464,1
61465,0
61466,0
61467,0
61468,2
61469,4
61470,1
61471,0
61472,7
61473,3
61474,0
61475,1
61476,0
61477,2
61478,2
61479,0
61480,1
61481,0
61482,2
61483,1
61484,0
61485,1
61486,3
61487,0
61488,0
61489,4
61490,1
61491,9
61492,1
61493,1
61494,0
61495,8
61496,0
61497,5
61498,0
61499,2
61500,5
61501,3
61502,0
61503,0
61504,0
61505,0
61506,1
61507,1
61508,0
61509,2
61510,0
61511,0
61512,1
61513,2
61514,1
61515,1
61516,0
61517,0
61518,0
61519,0
61520,0
61521,0
61522,0
61523,0
61524,1
61525,0
61526,2
61527,0
61528,0
61529,2
61530,0
61531,0
61532,0
61533,2
61534,0
61535,0
61536,1
61537,0
61538,2
61539,1
61540,0
61541,0
61542,1
61543,0
61544,2
61545,1
61546,1
61547,0
61548,3
61549,0
61550,2
61551,0
61552,0
61553,3
61554,0
61555,4
61556,6
61557,0
61558,0
61559,0
61560,0
61561,0
61562,0
61563,1
61564,0
61565,0
61566,1
61567,0
61568,0
61569,0
61570,0
61571,0
61572,1
61573,0
61574,0
61575,1
61576,1
61577,2
61578,0
61579,0
61580,0
61581,0
61582,2
61583,0
61584,1
61585,0
61586,0
61587,0
61588,1
61589,0
61590,0
61591,0
61592,1
61593,0
61594,0
61595,0
61596,1
61597,0
61598,0
61599,0
61600,1
61601,1
61602,0
61603,2
61604,1
61605,0
61606,1
61607,1
61608,0
61609,0
61610,0
61611,0
61612,0
61613,1
61614,1
61615,0
61616,1
61617,0
61618,1
61619,2
61620,0
61621,1
61622,1
61623,1
61624,1
61625,0
61626,0
61627,1
61628,0
61629,2
61630,0
61631,0
61632,1
61633,1
61634,1
61635,0
61636,0
61637,0
61638,1
61639,0
61640,1
61641,0
61642,0
61643,0
61644,0
61645,3
61646,1
61647,1
61648,0
61649,0
61650,0
61651,1
61652,0
61653,0
61654,0
61655,2
61656,1
61657,0
61658,0
61659,0
61660,0
61661,0
61662,1
61663,0
61664,0
61665,2
61666,2
61667,1
61668,1
61669,2
61670,2
61671,0
61672,0
61673,0
61674,1
61675,1
61676,2
61677,2
61678,0
61679,1
61680,0
61681,1
61682,1
61683,2
61684,1
61685,0
61686,1
61687,1
61688,0
61689,1
61690,0
61691,1
61692,1
61693,0
61694,0
61695,1
61696,0
61697,1
61698,1
61699,0
61700,0
61701,0
61702,0
61703,3
61704,0
61705,2
61706,0
61707,1
61708,0
61709,2
61710,0
61711,1
61712,1
61713,0
61714,0
61715,3
61716,1
61717,0
61718,1
61719,2
61720,0
61721,1
61722,0
61723,1
61724,0
61725,4
61726,0
61727,3
61728,0
61729,0
61730,1
61731,0
61732,7
61733,1
61734,0
61735,2
61736,0
61737,3
61738,1
61739,0
61740,1
61741,0
61742,0
61743,1
61744,3
61745,1
61746,1
61747,0
61748,2
61749,1
61750,0
61751,1
61752,0
61753,2
61754,2
61755,0
61756,0
61757,1
61758,2
61759,1
61760,2
61761,0
61762,0
61763,0
61764,0
61765,0
61766,2
61767,1
61768,3
61769,1
61770,3
61771,0
61772,1
61773,1
61774,0
61775,0
61776,0
61777,2
61778,1
61779,0
61780,1
61781,0
61782,0
61783,0
61784,3
61785,2
61786,1
61787,1
61788,1
61789,0
61790,0
61791,0
61792,0
61793,0
61794,1
61795,2
61796,0
61797,0
61798,0
61799,0
61800,0
61801,0
61802,0
61803,0
61804,0
61805,6
61806,0
61807,2
61808,0
61809,0
61810,0
61811,0
61812,1
61813,1
61814,0
61815,1
61816,1
61817,0
61818,0
61819,3
61820,3
61821,0
61822,1
61823,2
61824,1
61825,0
61826,0
61827,0
61828,0
61829,1
61830,0
61831,0
61832,1
61833,2
61834,1
61835,0
61836,0
61837,1
61838,0
61839,0
61840,0
61841,1
61842,0
61843,1
61844,0
61845,0
61846,0
61847,2
61848,0
61849,0
61850,0
61851,0
61852,0
61853,1
61854,0
61855,0
61856,1
61857,1
61858,1
61859,1
61860,0
61861,1
61862,1
61863,2
61864,1
61865,0
61866,1
61867,0
61868,0
61869,2
61870,2
61871,0
61872,0
61873,3
61874,6
61875,1
61876,0
61877,0
61878,2
61879,0
61880,0
61881,1
61882,0
61883,0
61884,1
61885,1
61886,0
61887,0
61888,1
61889,0
61890,0
61891,0
61892,1
61893,1
61894,0
61895,1
61896,0
61897,0
61898,2
61899,2
61900,2
61901,0
61902,2
61903,0
61904,0
61905,0
61906,0
61907,0
61908,0
61909,0
61910,2
61911,0
61912,1
61913,1
61914,0
61915,1
61916,0
61917,1
61918,3
61919,0
61920,2
61921,0
61922,1
61923,1
61924,4
61925,2
61926,7
61927,2
61928,0
61929,1
61930,1
61931,1
61932,1
61933,1
61934,1
61935,1
61936,0
61937,0
61938,0
61939,0
61940,0
61941,1
61942,3
61943,1
61944,0
61945,3
61946,3
61947,0
61948,0
61949,1
61950,1
61951,0
61952,2
61953,1
61954,1
61955,2
61956,0
61957,0
61958,1
61959,0
61960,1
61961,0
61962,0
61963,0
61964,0
61965,0
61966,0
61967,2
61968,0
61969,2
61970,6
61971,0
61972,0
61973,2
61974,3
61975,0
61976,0
61977,3
61978,0
61979,1
61980,0
61981,0
61982,3
61983,0
61984,0
61985,2
61986,0
61987,0
61988,0
61989,0
61990,0
61991,1
61992,1
61993,0
61994,0
61995,0
61996,0
61997,0
61998,0
61999,0
62000,0
62001,1
62002,0
62003,0
62004,0
62005,0
62006,0
62007,0
62008,4
62009,0
62010,0
62011,2
62012,2
62013,0
62014,1
62015,2
62016,0
62017,5
62018,1
62019,2
62020,0
62021,1
62022,2
62023,0
62024,2
62025,0
62026,2
62027,2
62028,6
62029,1
62030,0
62031,1
62032,0
62033,0
62034,0
62035,1
62036,1
62037,0
62038,1
62039,1
62040,0
62041,0
62042,0
62043,0
62044,1
62045,0
62046,0
62047,1
62048,2
62049,0
62050,1
62051,3
62052,0
62053,0
62054,1
62055,0
62056,2
62057,0
62058,0
62059,4
62060,2
62061,3
62062,0
62063,3
62064,0
62065,0
62066,1
62067,9
62068,1
62069,1
62070,2
62071,0
62072,1
62073,3
62074,1
62075,0
62076,1
62077,1
62078,0
62079,1
62080,0
62081,3
62082,4
62083,3
62084,1
62085,0
62086,0
62087,2
62088,0
62089,1
62090,1
62091,1
62092,0
62093,0
62094,1
62095,1
62096,1
62097,2
62098,0
62099,3
62100,1
62101,6
62102,0
62103,6
62104,1
62105,0
62106,0
62107,1
62108,0
62109,1
62110,0
62111,0
62112,2
62113,3
62114,1
62115,0
62116,0
62117,0
62118,0
62119,0
62120,0
62121,0
62122,0
62123,0
62124,1
62125,0
62126,0
62127,0
62128,1
62129,2
62130,1
62131,0
62132,0
62133,1
62134,0
62135,0
62136,0
62137,0
62138,3
62139,2
62140,2
62141,0
62142,0
62143,0
62144,0
62145,0
62146,0
62147,1
62148,1
62149,4
62150,2
62151,0
62152,1
62153,0
62154,1
62155,0
62156,1
62157,0
62158,0
62159,0
62160,0
62161,0
62162,2
62163,0
62164,0
62165,1
62166,1
62167,0
62168,0
62169,0
62170,0
62171,0
62172,2
62173,2
62174,0
62175,0
62176,0
62177,1
62178,5
62179,1
62180,0
62181,0
62182,1
62183,0
62184,0
62185,4
62186,1
62187,0
62188,2
62189,1
62190,0
62191,0
62192,0
62193,0
62194,2
62195,1
62196,1
62197,0
62198,1
62199,1
62200,0
62201,1
62202,1
62203,1
62204,0
62205,0
62206,1
62207,0
62208,1
62209,1
62210,0
62211,0
62212,0
62213,0
62214,0
62215,0
62216,0
62217,0
62218,0
62219,0
62220,0
62221,1
62222,0
62223,0
62224,3
62225,1
62226,1
62227,1
62228,0
62229,1
62230,2
62231,0
62232,3
62233,1
62234,1
62235,1
62236,0
62237,0
62238,2
62239,1
62240,1
62241,1
62242,0
62243,2
62244,3
62245,2
62246,1
62247,0
62248,1
62249,0
62250,3
62251,2
62252,0
62253,1
62254,4
62255,1
62256,1
62257,0
62258,2
62259,0
62260,0
62261,2
62262,0
62263,1
62264,0
62265,0
62266,0
62267,3
62268,0
62269,0
62270,2
62271,2
62272,0
62273,1
62274,1
62275,0
62276,2
62277,0
62278,1
62279,1
62280,0
62281,0
62282,1
62283,0
62284,0
62285,0
62286,0
62287,0
62288,1
62289,0
62290,0
62291,0
62292,1
62293,0
62294,0
62295,0
62296,0
62297,0
62298,1
62299,1
62300,0
62301,1
62302,0
62303,0
62304,0
62305,1
62306,1
62307,0
62308,0
62309,0
62310,0
62311,1
62312,0
62313,0
62314,3
62315,2
62316,1
62317,4
62318,1
62319,3
62320,1
62321,2
62322,1
62323,1
62324,0
62325,0
62326,0
62327,0
62328,1
62329,0
62330,0
62331,2
62332,2
62333,1
62334,3
62335,0
62336,1
62337,0
62338,0
62339,0
62340,0
62341,0
62342,1
62343,0
62344,0
62345,1
62346,3
62347,0
62348,0
62349,0
62350,2
62351,2
62352,1
62353,2
62354,1
62355,0
62356,0
62357,2
62358,1
62359,4
62360,2
62361,1
62362,1
62363,0
62364,0
62365,2
62366,0
62367,0
62368,0
62369,0
62370,0
62371,1
62372,3
62373,0
62374,0
62375,1
62376,0
62377,1
62378,0
62379,0
62380,1
62381,0
62382,0
62383,0
62384,1
62385,0
62386,3
62387,3
62388,1
62389,1
62390,0
62391,0
62392,0
62393,0
62394,0
62395,1
62396,0
62397,1
62398,0
62399,0
62400,1
62401,3
62402,1
62403,1
62404,1
62405,4
62406,1
62407,1
62408,0
62409,0
62410,0
62411,0
62412,1
62413,0
62414,2
62415,0
62416,2
62417,0
62418,2
62419,0
62420,0
62421,0
62422,1
62423,0
62424,5
62425,1
62426,0
62427,0
62428,2
62429,0
62430,1
62431,1
62432,1
62433,1
62434,1
62435,0
62436,2
62437,0
62438,0
62439,0
62440,0
62441,0
62442,2
62443,1
62444,3
62445,0
62446,2
62447,1
62448,1
62449,0
62450,2
62451,0
62452,0
62453,0
62454,3
62455,1
62456,0
62457,2
62458,0
62459,1
62460,0
62461,0
62462,0
62463,0
62464,4
62465,0
62466,0
62467,0
62468,0
62469,0
62470,0
62471,0
62472,0
62473,0
62474,0
62475,0
62476,0
62477,3
62478,1
62479,0
62480,1
62481,2
62482,1
62483,0
62484,0
62485,0
62486,0
62487,2
62488,4
62489,0
62490,1
62491,0
62492,2
62493,1
62494,2
62495,1
62496,2
62497,0
62498,1
62499,0
62500,1
62501,0
62502,1
62503,0
62504,0
62505,0
62506,0
62507,0
62508,1
62509,1
62510,3
62511,0
62512,0
62513,0
62514,0
62515,6
62516,0
62517,2
62518,2
62519,1
62520,0
62521,0
62522,2
62523,2
62524,1
62525,0
62526,0
62527,0
62528,0
62529,0
62530,2
62531,0
62532,0
62533,0
62534,0
62535,1
62536,1
62537,2
62538,2
62539,0
62540,1
62541,0
62542,0
62543,0
62544,0
62545,1
62546,2
62547,0
62548,1
62549,0
62550,2
62551,2
62552,0
62553,0
62554,1
62555,0
62556,0
62557,2
62558,0
62559,6
62560,1
62561,2
62562,0
62563,0
62564,1
62565,3
62566,0
62567,2
62568,0
62569,0
62570,0
62571,1
62572,0
62573,0
62574,0
62575,0
62576,1
62577,0
62578,0
62579,0
62580,0
62581,0
62582,0
62583,0
62584,0
62585,0
62586,1
62587,0
62588,0
62589,0
62590,0
62591,0
62592,0
62593,1
62594,2
62595,0
62596,0
62597,0
62598,0
62599,0
62600,0
62601,0
62602,3
62603,2
62604,1
62605,0
62606,0
62607,0
62608,1
62609,0
62610,0
62611,2
62612,0
62613,0
62614,1
62615,0
62616,0
62617,2
62618,0
62619,1
62620,0
62621,0
62622,1
62623,1
62624,3
62625,0
62626,0
62627,2
62628,2
62629,0
62630,0
62631,0
62632,1
62633,0
62634,2
62635,0
62636,0
62637,0
62638,0
62639,2
62640,1
62641,0
62642,0
62643,1
62644,0
62645,2
62646,4
62647,1
62648,0
62649,0
62650,1
62651,0
62652,1
62653,0
62654,0
62655,1
62656,2
62657,0
62658,1
62659,2
62660,1
62661,1
62662,0
62663,0
62664,1
62665,1
62666,1
62667,0
62668,0
62669,0
62670,2
62671,2
62672,0
62673,0
62674,0
62675,0
62676,1
62677,0
62678,2
62679,1
62680,1
62681,1
62682,1
62683,1
62684,0
62685,0
62686,0
62687,0
62688,3
62689,0
62690,1
62691,0
62692,0
62693,1
62694,0
62695,0
62696,2
62697,0
62698,0
62699,0
62700,0
62701,0
62702,0
62703,2
62704,2
62705,1
62706,2
62707,1
62708,1
62709,0
62710,1
62711,3
62712,0
62713,1
62714,0
62715,1
62716,0
62717,1
62718,0
62719,0
62720,0
62721,1
62722,1
62723,2
62724,0
62725,0
62726,0
62727,2
62728,0
62729,1
62730,0
62731,2
62732,0
62733,1
62734,0
62735,0
62736,1
62737,2
62738,1
62739,1
62740,0
62741,2
62742,0
62743,1
62744,1
62745,1
62746,2
62747,1
62748,0
62749,5
62750,0
62751,1
62752,0
62753,1
62754,0
62755,0
62756,0
62757,0
62758,1
62759,0
62760,1
62761,1
62762,2
62763,0
62764,0
62765,1
62766,0
62767,1
62768,0
62769,0
62770,0
62771,1
62772,0
62773,0
62774,1
62775,2
62776,0
62777,0
62778,1
62779,2
62780,1
62781,1
62782,0
62783,0
62784,4
62785,0
62786,0
62787,1
62788,0
62789,0
62790,2
62791,1
62792,0
62793,0
62794,2
62795,0
62796,1
62797,0
62798,1
62799,0
62800,0
62801,0
62802,5
62803,0
62804,2
62805,0
62806,1
62807,0
62808,2
62809,0
62810,1
62811,2
62812,0
62813,1
62814,0
62815,3
62816,3
62817,3
62818,1
62819,1
62820,1
62821,2
62822,0
62823,1
62824,1
62825,0
62826,1
62827,0
62828,0
62829,2
62830,0
62831,0
62832,1
62833,1
62834,0
62835,1
62836,1
62837,0
62838,0
62839,0
62840,0
62841,2
62842,0
62843,0
62844,2
62845,0
62846,1
62847,1
62848,0
62849,0
62850,1
62851,1
62852,1
62853,3
62854,1
62855,1
62856,0
62857,0
62858,2
62859,0
62860,0
62861,1
62862,0
62863,0
62864,0
62865,1
62866,0
62867,1
62868,0
62869,0
62870,1
62871,0
62872,0
62873,0
62874,1
62875,1
62876,0
62877,1
62878,1
62879,0
62880,0
62881,0
62882,0
62883,0
62884,0
62885,2
62886,1
62887,0
62888,3
62889,1
62890,0
62891,0
62892,0
62893,0
62894,0
62895,1
62896,1
62897,3
62898,1
62899,1
62900,0
62901,2
62902,1
62903,2
62904,0
62905,1
62906,2
62907,0
62908,1
62909,0
62910,0
62911,0
62912,2
62913,3
62914,0
62915,0
62916,0
62917,0
62918,2
62919,1
62920,1
62921,1
62922,0
62923,0
62924,0
62925,1
62926,1
62927,2
62928,1
62929,0
62930,0
62931,1
62932,0
62933,1
62934,1
62935,0
62936,1
62937,0
62938,1
62939,0
62940,1
62941,0
62942,0
62943,1
62944,0
62945,0
62946,1
62947,0
62948,0
62949,0
62950,2
62951,1
62952,0
62953,0
62954,0
62955,3
62956,0
62957,0
62958,0
62959,2
62960,0
62961,3
62962,0
62963,1
62964,0
62965,0
62966,0
62967,0
62968,0
62969,0
62970,1
62971,0
62972,0
62973,0
62974,0
62975,0
62976,0
62977,0
62978,0
62979,1
62980,0
62981,1
62982,2
62983,1
62984,0
62985,2
62986,1
62987,2
62988,0
62989,2
62990,2
62991,1
62992,0
62993,1
62994,0
62995,0
62996,1
62997,2
62998,2
62999,0
63000,1
63001,1
63002,2
63003,1
63004,0
63005,0
63006,0
63007,1
63008,1
63009,1
63010,2
63011,0
63012,0
63013,0
63014,2
63015,1
63016,1
63017,0
63018,0
63019,1
63020,2
63021,0
63022,1
63023,1
63024,0
63025,0
63026,0
63027,0
63028,0
63029,2
63030,0
63031,0
63032,0
63033,0
63034,0
63035,0
63036,0
63037,0
63038,2
63039,2
63040,0
63041,3
63042,0
63043,0
63044,4
63045,0
63046,0
63047,1
63048,0
63049,1
63050,0
63051,0
63052,0
63053,2
63054,8
63055,0
63056,7
63057,1
63058,0
63059,0
63060,2
63061,0
63062,5
63063,0
63064,2
63065,1
63066,0
63067,2
63068,0
63069,0
63070,2
63071,0
63072,0
63073,3
63074,0
63075,0
63076,1
63077,0
63078,1
63079,0
63080,1
63081,1
63082,0
63083,3
63084,0
63085,0
63086,0
63087,0
63088,1
63089,1
63090,2
63091,3
63092,0
63093,1
63094,1
63095,0
63096,0
63097,1
63098,3
63099,0
63100,0
63101,3
63102,0
63103,2
63104,0
63105,0
63106,0
63107,0
63108,2
63109,0
63110,1
63111,0
63112,0
63113,0
63114,1
63115,1
63116,2
63117,1
63118,1
63119,0
63120,0
63121,1
63122,4
63123,0
63124,0
63125,1
63126,1
63127,0
63128,0
63129,0
63130,2
63131,0
63132,0
63133,0
63134,0
63135,1
63136,0
63137,0
63138,0
63139,1
63140,2
63141,0
63142,1
63143,1
63144,0
63145,0
63146,0
63147,0
63148,1
63149,3
63150,1
63151,0
63152,0
63153,1
63154,0
63155,0
63156,0
63157,2
63158,0
63159,0
63160,2
63161,0
63162,0
63163,0
63164,0
63165,1
63166,0
63167,0
63168,1
63169,0
63170,1
63171,1
63172,0
63173,0
63174,0
63175,3
63176,2
63177,1
63178,2
63179,2
63180,0
63181,0
63182,2
63183,0
63184,3
63185,0
63186,0
63187,1
63188,1
63189,1
63190,0
63191,0
63192,1
63193,0
63194,0
63195,0
63196,3
63197,1
63198,1
63199,1
63200,1
63201,0
63202,0
63203,0
63204,0
63205,1
63206,0
63207,0
63208,0
63209,0
63210,3
63211,3
63212,1
63213,4
63214,1
63215,1
63216,2
63217,0
63218,2
63219,3
63220,2
63221,0
63222,3
63223,0
63224,1
63225,1
63226,0
63227,0
63228,0
63229,0
63230,1
63231,0
63232,0
63233,0
63234,0
63235,0
63236,0
63237,0
63238,0
63239,2
63240,0
63241,0
63242,1
63243,0
63244,0
63245,0
63246,1
63247,0
63248,2
63249,0
63250,1
63251,0
63252,1
63253,1
63254,0
63255,0
63256,0
63257,2
63258,0
63259,3
63260,0
63261,9
63262,5
63263,4
63264,2
63265,1
63266,1
63267,0
63268,0
63269,0
63270,0
63271,1
63272,0
63273,1
63274,1
63275,1
63276,0
63277,2
63278,0
63279,0
63280,0
63281,1
63282,1
63283,1
63284,1
63285,0
63286,1
63287,1
63288,0
63289,0
63290,2
63291,2
63292,0
63293,2
63294,0
63295,0
63296,0
63297,1
63298,0
63299,1
63300,0
63301,0
63302,0
63303,0
63304,2
63305,0
63306,1
63307,2
63308,0
63309,0
63310,1
63311,0
63312,0
63313,1
63314,0
63315,0
63316,0
63317,0
63318,0
63319,1
63320,0
63321,0
63322,0
63323,0
63324,1
63325,1
63326,5
63327,0
63328,0
63329,0
63330,1
63331,0
63332,1
63333,1
63334,0
63335,1
63336,0
63337,1
63338,1
63339,5
63340,0
63341,3
63342,0
63343,0
63344,0
63345,0
63346,2
63347,0
63348,4
63349,3
63350,1
63351,0
63352,1
63353,0
63354,4
63355,2
63356,0
63357,1
63358,1
63359,1
63360,0
63361,1
63362,1
63363,0
63364,1
63365,2
63366,0
63367,3
63368,1
63369,2
63370,0
63371,1
63372,1
63373,1
63374,0
63375,1
63376,1
63377,0
63378,1
63379,1
63380,6
63381,1
63382,0
63383,0
63384,3
63385,1
63386,0
63387,1
63388,0
63389,0
63390,0
63391,0
63392,1
63393,0
63394,1
63395,0
63396,0
63397,0
63398,2
63399,0
63400,1
63401,0
63402,0
63403,1
63404,0
63405,0
63406,1
63407,1
63408,0
63409,1
63410,0
63411,0
63412,1
63413,1
63414,3
63415,2
63416,0
63417,0
63418,0
63419,1
63420,0
63421,0
63422,0
63423,0
63424,0
63425,0
63426,0
63427,0
63428,0
63429,0
63430,0
63431,1
63432,0
63433,1
63434,0
63435,1
63436,0
63437,0
63438,0
63439,0
63440,0
63441,0
63442,1
63443,1
63444,0
63445,0
63446,0
63447,0
63448,0
63449,0
63450,0
63451,1
63452,1
63453,1
63454,0
63455,0
63456,0
63457,0
63458,2
63459,3
63460,0
63461,1
63462,2
63463,2
63464,1
63465,0
63466,0
63467,1
63468,1
63469,1
63470,0
63471,1
63472,0
63473,0
63474,0
63475,1
63476,0
63477,0
63478,0
63479,0
63480,0
63481,0
63482,3
63483,1
63484,0
63485,1
63486,0
63487,0
63488,0
63489,0
63490,0
63491,0
63492,1
63493,0
63494,0
63495,1
63496,0
63497,2
63498,1
63499,0
63500,0
63501,1
63502,1
63503,1
63504,0
63505,0
63506,0
63507,1
63508,0
63509,0
63510,2
63511,2
63512,0
63513,0
63514,0
63515,0
63516,0
63517,0
63518,0
63519,0
63520,1
63521,0
63522,0
63523,2
63524,1
63525,0
63526,0
63527,0
63528,1
63529,2
63530,1
63531,3
63532,0
63533,0
63534,0
63535,0
63536,0
63537,1
63538,2
63539,0
63540,1
63541,0
63542,1
63543,1
63544,0
63545,0
63546,1
63547,0
63548,0
63549,0
63550,2
63551,1
63552,4
63553,0
63554,1
63555,2
63556,0
63557,0
63558,0
63559,0
63560,4
63561,1
63562,0
63563,0
63564,1
63565,0
63566,0
63567,1
63568,0
63569,0
63570,0
63571,0
63572,1
63573,1
63574,2
63575,2
63576,0
63577,5
63578,2
63579,1
63580,0
63581,0
63582,2
63583,0
63584,3
63585,2
63586,0
63587,1
63588,1
63589,1
63590,1
63591,0
63592,1
63593,1
63594,0
63595,0
63596,0
63597,1
63598,0
63599,2
63600,0
63601,0
63602,0
63603,0
63604,0
63605,0
63606,1
63607,0
63608,1
63609,0
63610,0
63611,1
63612,2
63613,0
63614,0
63615,1
63616,2
63617,1
63618,0
63619,0
63620,0
63621,0
63622,0
63623,0
63624,1
63625,0
63626,0
63627,1
63628,0
63629,0
63630,1
63631,0
63632,2
63633,0
63634,1
63635,0
63636,2
63637,2
63638,0
63639,0
63640,3
63641,1
63642,1
63643,1
63644,0
63645,0
63646,0
63647,1
63648,0
63649,0
63650,0
63651,0
63652,1
63653,1
63654,2
63655,0
63656,0
63657,2
63658,0
63659,2
63660,0
63661,0
63662,1
63663,0
63664,0
63665,2
63666,0
63667,0
63668,1
63669,0
63670,1
63671,1
63672,1
63673,2
63674,0
63675,2
63676,4
63677,1
63678,0
63679,1
63680,1
63681,0
63682,0
63683,2
63684,0
63685,1
63686,0
63687,1
63688,1
63689,0
63690,0
63691,0
63692,1
63693,0
63694,0
63695,2
63696,1
63697,0
63698,1
63699,0
63700,0
63701,0
63702,0
63703,0
63704,0
63705,1
63706,1
63707,1
63708,0
63709,0
63710,0
63711,0
63712,1
63713,1
63714,1
63715,0
63716,2
63717,2
63718,0
63719,1
63720,1
63721,1
63722,0
63723,0
63724,1
63725,1
63726,0
63727,0
63728,0
63729,1
63730,1
63731,0
63732,0
63733,1
63734,0
63735,0
63736,0
63737,0
63738,1
63739,0
63740,1
63741,0
63742,1
63743,0
63744,0
63745,2
63746,2
63747,1
63748,3
63749,0
63750,5
63751,0
63752,0
63753,2
63754,0
63755,1
63756,0
63757,1
63758,0
63759,1
63760,2
63761,0
63762,1
63763,1
63764,2
63765,1
63766,0
63767,0
63768,1
63769,2
63770,0
63771,1
63772,0
63773,2
63774,1
63775,0
63776,2
63777,0
63778,0
63779,0
63780,1
63781,1
63782,0
63783,1
63784,2
63785,0
63786,0
63787,1
63788,0
63789,0
63790,1
63791,4
63792,0
63793,4
63794,1
63795,4
63796,2
63797,1
63798,2
63799,0
63800,0
63801,1
63802,0
63803,0
63804,0
63805,0
63806,0
63807,1
63808,1
63809,1
63810,2
63811,1
63812,0
63813,0
63814,0
63815,1
63816,1
63817,0
63818,0
63819,1
63820,1
63821,3
63822,1
63823,0
63824,1
63825,0
63826,1
63827,2
63828,0
63829,0
63830,2
63831,1
63832,0
63833,2
63834,3
63835,1
63836,0
63837,0
63838,1
63839,1
63840,2
63841,1
63842,3
63843,1
63844,1
63845,1
63846,3
63847,1
63848,0
63849,0
63850,0
63851,0
63852,0
63853,0
63854,2
63855,1
63856,2
63857,0
63858,2
63859,0
63860,0
63861,0
63862,1
63863,1
63864,2
63865,0
63866,3
63867,3
63868,1
63869,2
63870,1
63871,2
63872,2
63873,0
63874,0
63875,0
63876,1
63877,0
63878,1
63879,1
63880,2
63881,1
63882,1
63883,1
63884,0
63885,0
63886,1
63887,2
63888,0
63889,0
63890,0
63891,1
63892,1
63893,0
63894,2
63895,0
63896,1
63897,0
63898,1
63899,2
63900,0
63901,1
63902,3
63903,1
63904,1
63905,0
63906,0
63907,1
63908,0
63909,0
63910,3
63911,1
63912,0
63913,0
63914,1
63915,2
63916,1
63917,1
63918,0
63919,3
63920,2
63921,1
63922,0
63923,3
63924,0
63925,4
63926,2
63927,0
63928,1
63929,0
63930,0
63931,1
63932,1
63933,0
63934,1
63935,0
63936,0
63937,0
63938,0
63939,1
63940,0
63941,2
63942,4
63943,1
63944,0
63945,1
63946,0
63947,1
63948,0
63949,1
63950,0
63951,0
63952,1
63953,0
63954,0
63955,1
63956,0
63957,3
63958,0
63959,0
63960,1
63961,0
63962,0
63963,1
63964,0
63965,0
63966,2
63967,0
63968,1
63969,0
63970,0
63971,1
63972,1
63973,3
63974,0
63975,1
63976,1
63977,0
63978,2
63979,3
63980,0
63981,1
63982,2
63983,1
63984,1
63985,0
63986,1
63987,0
63988,0
63989,1
63990,1
63991,1
63992,0
63993,0
63994,0
63995,1
63996,5
63997,7
63998,2
63999,0
64000,0
64001,1
64002,0
64003,2
64004,2
64005,1
64006,2
64007,0
64008,1
64009,1
64010,0
64011,1
64012,1
64013,0
64014,1
64015,0
64016,3
64017,0
64018,1
64019,1
64020,6
64021,0
64022,2
64023,1
64024,0
64025,0
64026,1
64027,1
64028,0
64029,3
64030,0
64031,1
64032,0
64033,1
64034,1
64035,0
64036,1
64037,1
64038,0
64039,1
64040,2
64041,0
64042,1
64043,0
64044,1
64045,0
64046,1
64047,0
64048,0
64049,1
64050,0
64051,5
64052,1
64053,2
64054,1
64055,1
64056,1
64057,1
64058,1
64059,2
64060,2
64061,1
64062,1
64063,2
64064,0
64065,3
64066,1
64067,2
64068,0
64069,1
64070,1
64071,1
64072,0
64073,1
64074,0
64075,2
64076,1
64077,1
64078,0
64079,0
64080,0
64081,0
64082,0
64083,1
64084,1
64085,1
64086,1
64087,0
64088,0
64089,0
64090,0
64091,0
64092,0
64093,1
64094,1
64095,1
64096,0
64097,0
64098,0
64099,0
64100,2
64101,0
64102,0
64103,0
64104,1
64105,1
64106,1
64107,0
64108,0
64109,0
64110,0
64111,1
64112,2
64113,0
64114,0
64115,0
64116,0
64117,1
64118,3
64119,0
64120,1
64121,0
64122,3
64123,0
64124,0
64125,0
64126,3
64127,1
64128,1
64129,0
64130,1
64131,1
64132,0
64133,0
64134,0
64135,4
64136,0
64137,2
64138,0
64139,3
64140,0
64141,1
64142,1
64143,1
64144,0
64145,0
64146,1
64147,0
64148,1
64149,1
64150,0
64151,3
64152,2
64153,0
64154,2
64155,1
64156,0
64157,0
64158,0
64159,0
64160,2
64161,1
64162,3
64163,0
64164,1
64165,0
64166,0
64167,0
64168,0
64169,2
64170,2
64171,1
64172,0
64173,0
64174,2
64175,1
64176,0
64177,1
64178,0
64179,0
64180,2
64181,0
64182,2
64183,0
64184,1
64185,1
64186,2
64187,3
64188,8
64189,0
64190,0
64191,2
64192,0
64193,0
64194,1
64195,0
64196,0
64197,0
64198,0
64199,0
64200,0
64201,0
64202,1
64203,0
64204,0
64205,1
64206,0
64207,0
64208,0
64209,0
64210,0
64211,0
64212,0
64213,0
64214,1
64215,1
64216,0
64217,0
64218,2
64219,2
64220,0
64221,3
64222,4
64223,0
64224,1
64225,3
64226,0
64227,0
64228,1
64229,0
64230,0
64231,0
64232,1
64233,0
64234,2
64235,1
64236,3
64237,6
64238,0
64239,3
64240,1
64241,3
64242,0
64243,4
64244,2
64245,1
64246,1
64247,2
64248,2
64249,2
64250,0
64251,0
64252,2
64253,0
64254,3
64255,1
64256,2
64257,1
64258,0
64259,2
64260,0
64261,0
64262,1
64263,0
64264,0
64265,0
64266,0
64267,0
64268,2
64269,1
64270,0
64271,0
64272,0
64273,0
64274,1
64275,0
64276,0
64277,0
64278,0
64279,0
64280,0
64281,0
64282,0
64283,1
64284,0
64285,0
64286,1
64287,1
64288,1
64289,0
64290,0
64291,1
64292,1
64293,1
64294,0
64295,1
64296,0
64297,1
64298,1
64299,0
64300,0
64301,0
64302,0
64303,1
64304,2
64305,1
64306,0
64307,0
64308,0
64309,0
64310,0
64311,2
64312,1
64313,0
64314,0
64315,1
64316,0
64317,2
64318,1
64319,0
64320,1
64321,0
64322,0
64323,0
64324,0
64325,0
64326,1
64327,0
64328,0
64329,0
64330,0
64331,0
64332,0
64333,1
64334,0
64335,0
64336,0
64337,1
64338,0
64339,0
64340,3
64341,0
64342,0
64343,0
64344,0
64345,0
64346,1
64347,0
64348,2
64349,3
64350,8
64351,1
64352,0
64353,0
64354,1
64355,0
64356,0
64357,1
64358,0
64359,0
64360,0
64361,0
64362,1
64363,0
64364,0
64365,2
64366,4
64367,1
64368,0
64369,0
64370,0
64371,1
64372,2
64373,2
64374,0
64375,0
64376,0
64377,0
64378,0
64379,0
64380,1
64381,2
64382,1
64383,0
64384,0
64385,5
64386,0
64387,0
64388,1
64389,1
64390,0
64391,0
64392,0
64393,0
64394,1
64395,1
64396,0
64397,1
64398,0
64399,2
64400,0
64401,2
64402,1
64403,0
64404,1
64405,0
64406,0
64407,0
64408,1
64409,0
64410,0
64411,3
64412,0
64413,2
64414,0
64415,0
64416,1
64417,0
64418,1
64419,1
64420,2
64421,2
64422,0
64423,1
64424,0
64425,0
64426,0
64427,0
64428,2
64429,0
64430,3
64431,0
64432,1
64433,1
64434,0
64435,2
64436,1
64437,1
64438,0
64439,0
64440,0
64441,0
64442,7
64443,5
64444,0
64445,2
64446,0
64447,0
64448,0
64449,1
64450,1
64451,1
64452,0
64453,1
64454,1
64455,0
64456,0
64457,0
64458,0
64459,2
64460,0
64461,2
64462,0
64463,0
64464,0
64465,3
64466,0
64467,0
64468,1
64469,0
64470,2
64471,1
64472,1
64473,2
64474,1
64475,0
64476,0
64477,5
64478,1
64479,0
64480,0
64481,2
64482,3
64483,0
64484,0
64485,0
64486,1
64487,3
64488,3
64489,1
64490,1
64491,0
64492,2
64493,1
64494,0
64495,4
64496,4
64497,3
64498,1
64499,4
64500,0
64501,0
64502,0
64503,12
64504,1
64505,1
64506,0
64507,1
64508,2
64509,1
64510,1
64511,2
64512,1
64513,0
64514,0
64515,3
64516,0
64517,1
64518,1
64519,2
64520,1
64521,1
64522,0
64523,1
64524,1
64525,3
64526,0
64527,2
64528,0
64529,3
64530,0
64531,0
64532,0
64533,1
64534,0
64535,1
64536,5
64537,4
64538,0
64539,1
64540,1
64541,1
64542,1
64543,0
64544,1
64545,0
64546,0
64547,0
64548,2
64549,1
64550,0
64551,0
64552,1
64553,0
64554,0
64555,0
64556,0
64557,0
64558,0
64559,0
64560,0
64561,2
64562,0
64563,0
64564,0
64565,0
64566,6
64567,1
64568,3
64569,0
64570,1
64571,1
64572,0
64573,0
64574,0
64575,1
64576,0
64577,0
64578,1
64579,2
64580,0
64581,1
64582,1
64583,3
64584,3
64585,2
64586,1
64587,1
64588,2
64589,1
64590,3
64591,3
64592,1
64593,2
64594,0
64595,1
64596,0
64597,1
64598,0
64599,1
64600,0
64601,1
64602,0
64603,0
64604,1
64605,0
64606,0
64607,4
64608,0
64609,0
64610,0
64611,0
64612,1
64613,3
64614,29
64615,0
64616,16
64617,4
64618,2
64619,0
64620,1
64621,0
64622,0
64623,0
64624,0
64625,1
64626,0
64627,0
64628,0
64629,1
64630,3
64631,1
64632,1
64633,0
64634,0
64635,0
64636,0
64637,0
64638,2
64639,1
64640,0
64641,0
64642,2
64643,0
64644,0
64645,0
64646,0
64647,0
64648,1
64649,0
64650,0
64651,0
64652,0
64653,0
64654,1
64655,0
64656,0
64657,2
64658,2
64659,0
64660,0
64661,0
64662,0
64663,0
64664,0
64665,1
64666,1
64667,1
64668,1
64669,0
64670,0
64671,1
64672,1
64673,0
64674,0
64675,0
64676,2
64677,0
64678,1
64679,1
64680,1
64681,0
64682,0
64683,1
64684,0
64685,6
64686,0
64687,1
64688,0
64689,1
64690,0
64691,1
64692,1
64693,0
64694,0
64695,3
64696,1
64697,4
64698,0
64699,1
64700,1
64701,1
64702,1
64703,0
64704,0
64705,2
64706,0
64707,1
64708,2
64709,1
64710,1
64711,0
64712,0
64713,2
64714,1
64715,1
64716,1
64717,1
64718,0
64719,0
64720,1
64721,0
64722,0
64723,0
64724,1
64725,0
64726,1
64727,3
64728,0
64729,0
64730,1
64731,0
64732,0
64733,1
64734,2
64735,0
64736,0
64737,2
64738,1
64739,4
64740,2
64741,1
64742,0
64743,0
64744,0
64745,0
64746,0
64747,2
64748,0
64749,0
64750,1
64751,0
64752,1
64753,4
64754,0
64755,0
64756,0
64757,0
64758,2
64759,0
64760,0
64761,1
64762,1
64763,3
64764,1
64765,3
64766,0
64767,0
64768,0
64769,2
64770,1
64771,0
64772,0
64773,1
64774,0
64775,0
64776,0
64777,0
64778,0
64779,1
64780,1
64781,0
64782,1
64783,0
64784,2
64785,0
64786,0
64787,0
64788,1
64789,4
64790,1
64791,0
64792,1
64793,3
64794,0
64795,0
64796,0
64797,0
64798,0
64799,0
64800,0
64801,0
64802,1
64803,2
64804,0
64805,0
64806,0
64807,2
64808,0
64809,0
64810,0
64811,0
64812,1
64813,0
64814,1
64815,0
64816,0
64817,0
64818,1
64819,1
64820,0
64821,1
64822,0
64823,0
64824,2
64825,1
64826,0
64827,0
64828,1
64829,0
64830,2
64831,0
64832,0
64833,2
64834,0
64835,2
64836,2
64837,0
64838,2
64839,2
64840,0
64841,5
64842,0
64843,0
64844,0
64845,2
64846,5
64847,2
64848,2
64849,1
64850,1
64851,3
64852,1
64853,0
64854,0
64855,3
64856,0
64857,0
64858,2
64859,1
64860,4
64861,2
64862,3
64863,0
64864,1
64865,0
64866,2
64867,2
64868,2
64869,2
64870,1
64871,3
64872,1
64873,0
64874,1
64875,2
64876,1
64877,0
64878,1
64879,0
64880,0
64881,4
64882,0
64883,0
64884,1
64885,0
64886,0
64887,2
64888,0
64889,1
64890,1
64891,0
64892,1
64893,2
64894,0
64895,1
64896,1
64897,3
64898,6
64899,1
64900,2
64901,0
64902,0
64903,1
64904,1
64905,2
64906,0
64907,1
64908,0
64909,1
64910,0
64911,3
64912,1
64913,0
64914,0
64915,0
64916,1
64917,0
64918,0
64919,0
64920,1
64921,1
64922,0
64923,0
64924,4
64925,0
64926,0
64927,0
64928,0
64929,1
64930,0
64931,2
64932,1
64933,1
64934,2
64935,1
64936,0
64937,0
64938,0
64939,2
64940,0
64941,2
64942,2
64943,0
64944,0
64945,1
64946,1
64947,3
64948,0
64949,1
64950,0
64951,1
64952,0
64953,1
64954,1
64955,0
64956,0
64957,4
64958,0
64959,1
64960,3
64961,0
64962,1
64963,1
64964,0
64965,0
64966,2
64967,0
64968,1
64969,3
64970,0
64971,2
64972,1
64973,0
64974,0
64975,0
64976,3
64977,0
64978,0
64979,0
64980,1
64981,0
64982,1
64983,0
64984,1
64985,3
64986,0
64987,1
64988,0
64989,0
64990,0
64991,1
64992,0
64993,2
64994,1
64995,1
64996,1
64997,0
64998,1
64999,2
65000,1
65001,1
65002,0
65003,3
65004,3
65005,2
65006,0
65007,1
65008,1
65009,1
65010,1
65011,0
65012,1
65013,1
65014,0
65015,0
65016,1
65017,0
65018,4
65019,4
65020,0
65021,1
65022,0
65023,1
65024,3
65025,0
65026,5
65027,0
65028,0
65029,0
65030,2
65031,0
65032,1
65033,0
65034,0
65035,2
65036,0
65037,0
65038,2
65039,0
65040,0
65041,2
65042,1
65043,1
65044,0
65045,1
65046,1
65047,1
65048,0
65049,3
65050,1
65051,2
65052,2
65053,5
65054,0
65055,2
65056,1
65057,1
65058,1
65059,0
65060,0
65061,1
65062,1
65063,0
65064,0
65065,3
65066,1
65067,13
65068,0
65069,3
65070,0
65071,0
65072,1
65073,3
65074,0
65075,1
65076,3
65077,0
65078,1
65079,3
65080,1
65081,0
65082,2
65083,0
65084,1
65085,4
65086,6
65087,0
65088,1
65089,2
65090,1
65091,0
65092,17
65093,12
65094,1
65095,2
65096,0
65097,0
65098,1
65099,2
65100,1
65101,0
65102,7
65103,1
65104,3
65105,1
65106,0
65107,1
65108,0
65109,0
65110,1
65111,0
65112,0
65113,0
65114,1
65115,0
65116,0
65117,0
65118,0
65119,0
65120,2
65121,2
65122,3
65123,1
65124,0
65125,0
65126,1
65127,2
65128,2
65129,2
65130,1
65131,3
65132,1
65133,3
65134,4
65135,0
65136,0
65137,0
65138,1
65139,0
65140,1
65141,0
65142,0
65143,1
65144,0
65145,1
65146,1
65147,0
65148,0
65149,0
65150,0
65151,0
65152,0
65153,2
65154,1
65155,0
65156,0
65157,1
65158,0
65159,0
65160,2
65161,0
65162,0
65163,1
65164,0
65165,1
65166,0
65167,0
65168,0
65169,0
65170,1
65171,1
65172,0
65173,1
65174,2
65175,1
65176,0
65177,0
65178,0
65179,2
65180,1
65181,0
65182,1
65183,0
65184,0
65185,1
65186,0
65187,1
65188,0
65189,2
65190,0
65191,0
65192,0
65193,1
65194,1
65195,0
65196,0
65197,1
65198,5
65199,0
65200,0
65201,0
65202,0
65203,0
65204,1
65205,0
65206,0
65207,0
65208,1
65209,0
65210,0
65211,0
65212,0
65213,2
65214,0
65215,1
65216,0
65217,3
65218,1
65219,2
65220,2
65221,1
65222,0
65223,0
65224,0
65225,0
65226,0
65227,0
65228,0
65229,0
65230,1
65231,1
65232,0
65233,1
65234,0
65235,1
65236,0
65237,1
65238,3
65239,0
65240,2
65241,1
65242,2
65243,2
65244,1
65245,1
65246,0
65247,0
65248,0
65249,2
65250,0
65251,1
65252,1
65253,0
65254,0
65255,1
65256,3
65257,0
65258,0
65259,0
65260,0
65261,0
65262,1
65263,0
65264,0
65265,3
65266,0
65267,0
65268,0
65269,0
65270,0
65271,2
65272,0
65273,1
65274,0
65275,1
65276,0
65277,0
65278,0
65279,0
65280,0
65281,0
65282,1
65283,0
65284,0
65285,0
65286,1
65287,1
65288,2
65289,1
65290,1
65291,1
65292,0
65293,0
65294,0
65295,1
65296,0
65297,0
65298,0
65299,2
65300,0
65301,3
65302,1
65303,2
65304,1
65305,0
65306,1
65307,1
65308,0
65309,1
65310,0
65311,1
65312,0
65313,0
65314,0
65315,0
65316,0
65317,0
65318,0
65319,0
65320,0
65321,0
65322,0
65323,1
65324,1
65325,1
65326,0
65327,0
65328,1
65329,0
65330,1
65331,0
65332,0
65333,1
65334,2
65335,1
65336,1
65337,0
65338,0
65339,2
65340,0
65341,0
65342,0
65343,0
65344,1
65345,1
65346,0
65347,0
65348,1
65349,0
65350,1
65351,0
65352,0
65353,0
65354,0
65355,1
65356,0
65357,0
65358,0
65359,0
65360,1
65361,0
65362,0
65363,2
65364,0
65365,0
65366,7
65367,1
65368,1
65369,2
65370,1
65371,0
65372,1
65373,0
65374,2
65375,0
65376,0
65377,0
65378,1
65379,0
65380,3
65381,0
65382,0
65383,0
65384,1
65385,0
65386,0
65387,0
65388,1
65389,1
65390,1
65391,0
65392,0
65393,1
65394,1
65395,0
65396,1
65397,2
65398,2
65399,1
65400,1
65401,0
65402,1
65403,0
65404,0
65405,0
65406,1
65407,0
65408,0
65409,0
65410,0
65411,1
65412,1
65413,1
65414,0
65415,1
65416,2
65417,1
65418,2
65419,0
65420,1
65421,2
65422,0
65423,0
65424,0
65425,0
65426,0
65427,0
65428,1
65429,1
65430,0
65431,0
65432,0
65433,2
65434,0
65435,0
65436,0
65437,0
65438,1
65439,0
65440,0
65441,0
65442,0
65443,0
65444,0
65445,0
65446,1
65447,2
65448,0
65449,1
65450,0
65451,1
65452,1
65453,1
65454,1
65455,0
65456,1
65457,1
65458,1
65459,1
65460,2
65461,1
65462,0
65463,1
65464,2
65465,0
65466,1
65467,0
65468,0
65469,0
65470,2
65471,0
65472,0
65473,0
65474,0
65475,0
65476,0
65477,0
65478,0
65479,0
65480,0
65481,3
65482,2
65483,1
65484,0
65485,1
65486,2
65487,1
65488,1
65489,1
65490,0
65491,1
65492,1
65493,0
65494,0
65495,3
65496,0
65497,0
65498,0
65499,0
65500,1
65501,0
65502,0
65503,0
65504,0
65505,1
65506,3
65507,0
65508,0
65509,0
65510,2
65511,0
65512,0
65513,0
65514,1
65515,1
65516,7
65517,0
65518,1
65519,1
65520,1
65521,0
65522,6
65523,2
65524,0
65525,2
65526,2
65527,1
65528,1
65529,1
65530,1
65531,0
65532,0
65533,0
65534,0
65535,0
65536,4
65537,0
65538,0
65539,15
65540,2
65541,0
65542,2
65543,0
65544,1
65545,4
65546,3
65547,1
65548,0
65549,2
65550,2
65551,0
65552,2
65553,0
65554,0
65555,0
65556,2
65557,0
65558,0
65559,0
65560,0
65561,1
65562,5
65563,1
65564,0
65565,1
65566,0
65567,0
65568,2
65569,4
65570,3
65571,1
65572,1
65573,0
65574,0
65575,1
65576,0
65577,0
65578,0
65579,0
65580,0
65581,1
65582,0
65583,1
65584,0
65585,2
65586,0
65587,0
65588,0
65589,1
65590,0
65591,0
65592,0
65593,0
65594,3
65595,1
65596,1
65597,0
65598,0
65599,2
65600,2
65601,0
65602,2
65603,0
65604,0
65605,1
65606,0
65607,0
65608,0
65609,1
65610,1
65611,3
65612,0
65613,0
65614,0
65615,1
65616,1
65617,0
65618,0
65619,1
65620,2
65621,2
65622,8
65623,2
65624,2
65625,0
65626,0
65627,0
65628,0
65629,0
65630,1
65631,2
65632,1
65633,0
65634,0
65635,0
65636,2
65637,0
65638,1
65639,2
65640,0
65641,1
65642,0
65643,0
65644,0
65645,0
65646,1
65647,2
65648,1
65649,2
65650,0
65651,1
65652,0
65653,1
65654,0
65655,1
65656,1
65657,1
65658,0
65659,1
65660,0
65661,1
65662,1
65663,1
65664,0
65665,2
65666,1
65667,0
65668,1
65669,1
65670,1
65671,4
65672,8
65673,0
65674,0
65675,2
65676,2
65677,0
65678,1
65679,0
65680,1
65681,0
65682,0
65683,1
65684,0
65685,1
65686,0
65687,1
65688,2
65689,0
65690,4
65691,0
65692,3
65693,5
65694,0
65695,1
65696,7
65697,1
65698,1
65699,1
65700,1
65701,1
65702,1
65703,0
65704,0
65705,3
65706,0
65707,1
65708,1
65709,2
65710,0
65711,0
65712,0
65713,0
65714,0
65715,0
65716,1
65717,0
65718,5
65719,4
65720,60
65721,2
65722,2
65723,1
65724,0
65725,0
65726,0
65727,0
65728,0
65729,0
65730,0
65731,1
65732,1
65733,1
65734,0
65735,0
65736,0
65737,0
65738,0
65739,0
65740,3
65741,0
65742,0
65743,0
65744,0
65745,3
65746,0
65747,0
65748,1
65749,1
65750,0
65751,0
65752,0
65753,0
65754,2
65755,1
65756,3
65757,4
65758,12
65759,0
65760,3
65761,1
65762,1
65763,1
65764,1
65765,1
65766,2
65767,1
65768,0
65769,2
65770,0
65771,1
65772,0
65773,0
65774,1
65775,1
65776,2
65777,0
65778,1
65779,0
65780,1
65781,1
65782,2
65783,0
65784,0
65785,0
65786,1
65787,0
65788,0
65789,0
65790,0
65791,0
65792,3
65793,1
65794,2
65795,3
65796,2
65797,0
65798,1
65799,0
65800,0
65801,0
65802,1
65803,0
65804,0
65805,0
65806,1
65807,2
65808,1
65809,0
65810,0
65811,0
65812,0
65813,0
65814,0
65815,0
65816,0
65817,0
65818,0
65819,1
65820,0
65821,1
65822,1
65823,0
65824,3
65825,0
65826,2
65827,1
65828,0
65829,0
65830,1
65831,0
65832,1
65833,0
65834,1
65835,1
65836,1
65837,1
65838,1
65839,1
65840,0
65841,0
65842,0
65843,1
65844,2
65845,0
65846,0
65847,0
65848,0
65849,0
65850,1
65851,2
65852,1
65853,0
65854,0
65855,1
65856,1
65857,1
65858,1
65859,0
65860,2
65861,0
65862,2
65863,0
65864,0
65865,0
65866,0
65867,0
65868,0
65869,1
65870,2
65871,5
65872,0
65873,1
65874,0
65875,1
65876,0
65877,6
65878,1
65879,1
65880,0
65881,1
65882,1
65883,0
65884,1
65885,0
65886,0
65887,3
65888,0
65889,0
65890,0
65891,0
65892,1
65893,0
65894,0
65895,0
65896,1
65897,0
65898,0
65899,0
65900,0
65901,1
65902,1
65903,1
65904,1
65905,0
65906,0
65907,2
65908,1
65909,0
65910,0
65911,0
65912,0
65913,0
65914,1
65915,0
65916,1
65917,0
65918,0
65919,1
65920,0
65921,0
65922,0
65923,0
65924,0
65925,1
65926,0
65927,1
65928,0
65929,1
65930,0
65931,0
65932,0
65933,0
65934,0
65935,2
65936,0
65937,1
65938,0
65939,3
65940,1
65941,0
65942,1
65943,0
65944,0
65945,0
65946,0
65947,0
65948,0
65949,1
65950,0
65951,0
65952,1
65953,0
65954,0
65955,2
65956,0
65957,0
65958,0
65959,0
65960,1
65961,0
65962,0
65963,0
65964,0
65965,0
65966,0
65967,0
65968,0
65969,0
65970,2
65971,1
65972,0
65973,0
65974,1
65975,0
65976,0
65977,0
65978,1
65979,0
65980,0
65981,1
65982,1
65983,2
65984,0
65985,0
65986,0
65987,1
65988,0
65989,1
65990,1
65991,3
65992,4
65993,0
65994,0
65995,1
65996,0
65997,5
65998,2
65999,1
66000,0
66001,2
66002,0
66003,0
66004,0
66005,0
66006,0
66007,0
66008,0
66009,1
66010,2
66011,0
66012,1
66013,1
66014,2
66015,1
66016,2
66017,0
66018,0
66019,1
66020,1
66021,2
66022,0
66023,0
66024,0
66025,1
66026,1
66027,1
66028,0
66029,0
66030,0
66031,1
66032,1
66033,0
66034,1
66035,1
66036,0
66037,1
66038,0
66039,0
66040,0
66041,2
66042,2
66043,2
66044,2
66045,1
66046,2
66047,0
66048,1
66049,0
66050,1
66051,0
66052,0
66053,0
66054,1
66055,1
66056,1
66057,1
66058,1
66059,2
66060,0
66061,1
66062,0
66063,2
66064,0
66065,1
66066,0
66067,1
66068,1
66069,0
66070,0
66071,0
66072,0
66073,0
66074,1
66075,1
66076,0
66077,1
66078,1
66079,2
66080,1
66081,0
66082,1
66083,1
66084,1
66085,2
66086,0
66087,2
66088,1
66089,1
66090,0
66091,1
66092,0
66093,1
66094,0
66095,5
66096,1
66097,0
66098,1
66099,2
66100,2
66101,3
66102,0
66103,2
66104,0
66105,1
66106,1
66107,0
66108,1
66109,1
66110,4
66111,0
66112,1
66113,1
66114,2
66115,4
66116,1
66117,0
66118,0
66119,1
66120,0
66121,0
66122,2
66123,2
66124,2
66125,1
66126,0
66127,4
66128,1
66129,0
66130,0
66131,1
66132,5
66133,0
66134,1
66135,1
66136,0
66137,1
66138,1
66139,1
66140,0
66141,1
66142,0
66143,2
66144,0
66145,0
66146,3
66147,2
66148,0
66149,0
66150,0
66151,0
66152,0
66153,0
66154,0
66155,0
66156,0
66157,1
66158,0
66159,0
66160,1
66161,1
66162,1
66163,0
66164,0
66165,0
66166,0
66167,0
66168,0
66169,4
66170,0
66171,0
66172,0
66173,0
66174,0
66175,1
66176,0
66177,0
66178,0
66179,0
66180,1
66181,0
66182,0
66183,1
66184,0
66185,0
66186,0
66187,0
66188,0
66189,0
66190,0
66191,0
66192,0
66193,0
66194,0
66195,1
66196,1
66197,2
66198,0
66199,0
66200,0
66201,4
66202,0
66203,0
66204,5
66205,1
66206,0
66207,0
66208,2
66209,1
66210,1
66211,0
66212,2
66213,1
66214,0
66215,0
66216,0
66217,1
66218,1
66219,1
66220,0
66221,4
66222,0
66223,0
66224,0
66225,1
66226,0
66227,3
66228,0
66229,1
66230,1
66231,1
66232,0
66233,1
66234,1
66235,0
66236,0
66237,0
66238,1
66239,3
66240,0
66241,2
66242,0
66243,0
66244,0
66245,0
66246,0
66247,0
66248,1
66249,2
66250,1
66251,2
66252,5
66253,1
66254,2
66255,0
66256,0
66257,1
66258,1
66259,1
66260,1
66261,2
66262,0
66263,1
66264,0
66265,0
66266,1
66267,0
66268,1
66269,0
66270,0
66271,0
66272,1
66273,0
66274,0
66275,0
66276,1
66277,0
66278,0
66279,0
66280,2
66281,0
66282,0
66283,1
66284,0
66285,1
66286,3
66287,1
66288,0
66289,1
66290,1
66291,0
66292,1
66293,0
66294,0
66295,1
66296,1
66297,1
66298,2
66299,0
66300,1
66301,1
66302,1
66303,1
66304,1
66305,0
66306,2
66307,1
66308,0
66309,0
66310,0
66311,0
66312,0
66313,0
66314,0
66315,0
66316,0
66317,1
66318,0
66319,1
66320,0
66321,0
66322,0
66323,0
66324,0
66325,0
66326,0
66327,2
66328,2
66329,0
66330,0
66331,0
66332,2
66333,1
66334,1
66335,0
66336,0
66337,3
66338,1
66339,1
66340,3
66341,0
66342,1
66343,3
66344,0
66345,1
66346,1
66347,0
66348,2
66349,0
66350,0
66351,0
66352,0
66353,2
66354,0
66355,0
66356,0
66357,0
66358,0
66359,0
66360,1
66361,1
66362,0
66363,0
66364,2
66365,0
66366,2
66367,1
66368,2
66369,0
66370,0
66371,0
66372,0
66373,3
66374,0
66375,1
66376,3
66377,0
66378,0
66379,0
66380,0
66381,3
66382,3
66383,0
66384,0
66385,3
66386,0
66387,1
66388,2
66389,0
66390,0
66391,1
66392,0
66393,1
66394,1
66395,2
66396,0
66397,0
66398,0
66399,0
66400,5
66401,0
66402,0
66403,0
66404,0
66405,3
66406,1
66407,0
66408,0
66409,1
66410,0
66411,0
66412,1
66413,1
66414,1
66415,0
66416,1
66417,0
66418,2
66419,1
66420,0
66421,1
66422,0
66423,1
66424,2
66425,0
66426,0
66427,1
66428,0
66429,1
66430,0
66431,0
66432,1
66433,0
66434,0
66435,1
66436,1
66437,0
66438,1
66439,1
66440,0
66441,2
66442,0
66443,0
66444,2
66445,0
66446,2
66447,1
66448,1
66449,1
66450,1
66451,1
66452,0
66453,2
66454,2
66455,1
66456,1
66457,1
66458,2
66459,2
66460,2
66461,0
66462,1
66463,0
66464,1
66465,2
66466,0
66467,1
66468,1
66469,1
66470,0
66471,0
66472,0
66473,0
66474,0
66475,0
66476,6
66477,0
66478,1
66479,0
66480,1
66481,1
66482,3
66483,0
66484,0
66485,1
66486,0
66487,0
66488,1
66489,0
66490,1
66491,0
66492,0
66493,1
66494,2
66495,0
66496,0
66497,5
66498,0
66499,1
66500,1
66501,1
66502,2
66503,0
66504,0
66505,1
66506,2
66507,0
66508,1
66509,0
66510,1
66511,2
66512,0
66513,3
66514,1
66515,1
66516,0
66517,0
66518,2
66519,0
66520,1
66521,1
66522,0
66523,1
66524,1
66525,0
66526,0
66527,1
66528,0
66529,0
66530,0
66531,2
66532,0
66533,1
66534,0
66535,0
66536,1
66537,0
66538,0
66539,1
66540,1
66541,2
66542,1
66543,0
66544,2
66545,0
66546,1
66547,0
66548,4
66549,1
66550,0
66551,3
66552,3
66553,1
66554,0
66555,0
66556,0
66557,0
66558,0
66559,0
66560,2
66561,0
66562,3
66563,1
66564,2
66565,0
66566,0
66567,0
66568,1
66569,1
66570,0
66571,0
66572,2
66573,0
66574,0
66575,0
66576,1
66577,1
66578,0
66579,0
66580,0
66581,2
66582,0
66583,1
66584,1
66585,1
66586,1
66587,1
66588,0
66589,0
66590,0
66591,0
66592,0
66593,1
66594,0
66595,0
66596,2
66597,0
66598,1
66599,1
66600,0
66601,0
66602,0
66603,2
66604,1
66605,1
66606,1
66607,1
66608,1
66609,3
66610,0
66611,0
66612,2
66613,0
66614,0
66615,0
66616,0
66617,0
66618,0
66619,0
66620,1
66621,0
66622,0
66623,1
66624,0
66625,0
66626,0
66627,1
66628,1
66629,1
66630,1
66631,3
66632,0
66633,0
66634,0
66635,0
66636,2
66637,0
66638,0
66639,0
66640,1
66641,0
66642,0
66643,0
66644,0
66645,0
66646,0
66647,0
66648,0
66649,0
66650,0
66651,2
66652,0
66653,1
66654,0
66655,0
66656,2
66657,0
66658,0
66659,1
66660,1
66661,0
66662,2
66663,1
66664,0
66665,1
66666,1
66667,0
66668,0
66669,0
66670,1
66671,1
66672,0
66673,1
66674,0
66675,0
66676,0
66677,0
66678,0
66679,1
66680,0
66681,1
66682,0
66683,0
66684,0
66685,0
66686,3
66687,0
66688,0
66689,1
66690,0
66691,0
66692,0
66693,2
66694,1
66695,0
66696,2
66697,0
66698,0
66699,0
66700,0
66701,1
66702,0
66703,2
66704,1
66705,2
66706,0
66707,0
66708,2
66709,0
66710,1
66711,5
66712,0
66713,0
66714,1
66715,1
66716,1
66717,1
66718,1
66719,1
66720,0
66721,0
66722,0
66723,1
66724,1
66725,0
66726,1
66727,0
66728,0
66729,0
66730,1
66731,1
66732,0
66733,1
66734,1
66735,0
66736,2
66737,0
66738,1
66739,0
66740,2
66741,1
66742,1
66743,1
66744,1
66745,2
66746,0
66747,1
66748,0
66749,1
66750,1
66751,0
66752,1
66753,2
66754,0
66755,1
66756,1
66757,4
66758,1
66759,3
66760,0
66761,0
66762,0
66763,0
66764,0
66765,1
66766,0
66767,0
66768,0
66769,0
66770,0
66771,0
66772,0
66773,2
66774,1
66775,0
66776,0
66777,0
66778,1
66779,0
66780,2
66781,2
66782,0
66783,2
66784,1
66785,3
66786,3
66787,2
66788,0
66789,2
66790,0
66791,1
66792,1
66793,0
66794,0
66795,1
66796,0
66797,0
66798,0
66799,1
66800,1
66801,0
66802,0
66803,0
66804,0
66805,2
66806,2
66807,0
66808,0
66809,1
66810,0
66811,1
66812,0
66813,0
66814,0
66815,0
66816,0
66817,0
66818,2
66819,0
66820,3
66821,1
66822,1
66823,2
66824,0
66825,4
66826,0
66827,1
66828,0
66829,0
66830,4
66831,0
66832,0
66833,0
66834,1
66835,2
66836,0
66837,2
66838,1
66839,0
66840,0
66841,4
66842,1
66843,2
66844,1
66845,3
66846,0
66847,0
66848,1
66849,0
66850,0
66851,0
66852,0
66853,1
66854,1
66855,1
66856,0
66857,0
66858,0
66859,0
66860,0
66861,0
66862,1
66863,1
66864,1
66865,0
66866,0
66867,1
66868,3
66869,0
66870,0
66871,0
66872,2
66873,3
66874,0
66875,1
66876,0
66877,1
66878,0
66879,0
66880,0
66881,0
66882,0
66883,5
66884,0
66885,0
66886,0
66887,0
66888,1
66889,0
66890,1
66891,0
66892,2
66893,0
66894,2
66895,0
66896,2
66897,0
66898,0
66899,3
66900,0
66901,1
66902,0
66903,0
66904,0
66905,2
66906,2
66907,0
66908,0
66909,0
66910,2
66911,0
66912,0
66913,1
66914,0
66915,0
66916,0
66917,0
66918,6
66919,1
66920,1
66921,0
66922,0
66923,2
66924,0
66925,1
66926,1
66927,0
66928,1
66929,0
66930,0
66931,0
66932,1
66933,2
66934,0
66935,0
66936,0
66937,2
66938,0
66939,0
66940,3
66941,0
66942,1
66943,0
66944,0
66945,0
66946,1
66947,1
66948,0
66949,0
66950,1
66951,1
66952,0
66953,0
66954,0
66955,0
66956,0
66957,1
66958,0
66959,0
66960,0
66961,0
66962,0
66963,0
66964,0
66965,0
66966,1
66967,1
66968,0
66969,0
66970,0
66971,1
66972,1
66973,1
66974,0
66975,1
66976,1
66977,2
66978,1
66979,3
66980,3
66981,1
66982,0
66983,0
66984,3
66985,0
66986,0
66987,1
66988,1
66989,0
66990,1
66991,0
66992,1
66993,0
66994,0
66995,0
66996,1
66997,0
66998,0
66999,1
67000,1
67001,3
67002,0
67003,0
67004,1
67005,0
67006,0
67007,0
67008,0
67009,2
67010,0
67011,1
67012,0
67013,0
67014,0
67015,0
67016,0
67017,0
67018,0
67019,1
67020,0
67021,0
67022,1
67023,0
67024,0
67025,0
67026,0
67027,1
67028,0
67029,0
67030,0
67031,1
67032,0
67033,1
67034,0
67035,0
67036,3
67037,2
67038,0
67039,0
67040,0
67041,0
67042,1
67043,0
67044,1
67045,0
67046,0
67047,0
67048,0
67049,0
67050,1
67051,0
67052,1
67053,2
67054,0
67055,1
67056,1
67057,2
67058,0
67059,0
67060,0
67061,0
67062,0
67063,1
67064,1
67065,2
67066,0
67067,1
67068,0
67069,0
67070,1
67071,0
67072,0
67073,1
67074,0
67075,0
67076,1
67077,0
67078,1
67079,1
67080,0
67081,1
67082,2
67083,0
67084,3
67085,1
67086,3
67087,0
67088,0
67089,0
67090,0
67091,0
67092,1
67093,1
67094,1
67095,1
67096,2
67097,4
67098,0
67099,3
67100,1
67101,0
67102,1
67103,0
67104,2
67105,2
67106,0
67107,1
67108,0
67109,0
67110,1
67111,0
67112,1
67113,1
67114,2
67115,0
67116,0
67117,0
67118,0
67119,0
67120,0
67121,0
67122,0
67123,1
67124,2
67125,0
67126,1
67127,1
67128,1
67129,0
67130,1
67131,0
67132,0
67133,1
67134,5
67135,2
67136,2
67137,2
67138,1
67139,0
67140,0
67141,2
67142,2
67143,0
67144,1
67145,0
67146,1
67147,1
67148,0
67149,1
67150,0
67151,0
67152,0
67153,0
67154,0
67155,0
67156,0
67157,1
67158,0
67159,0
67160,0
67161,1
67162,0
67163,1
67164,0
67165,0
67166,0
67167,1
67168,2
67169,0
67170,1
67171,1
67172,0
67173,0
67174,1
67175,0
67176,0
67177,1
67178,0
67179,0
67180,1
67181,0
67182,0
67183,0
67184,1
67185,0
67186,1
67187,0
67188,0
67189,0
67190,1
67191,0
67192,0
67193,3
67194,0
67195,1
67196,0
67197,1
67198,0
67199,0
67200,0
67201,0
67202,5
67203,4
67204,0
67205,1
67206,1
67207,4
67208,0
67209,0
67210,1
67211,0
67212,0
67213,4
67214,0
67215,0
67216,6
67217,0
67218,1
67219,0
67220,0
67221,1
67222,1
67223,0
67224,2
67225,4
67226,2
67227,0
67228,0
67229,0
67230,0
67231,1
67232,0
67233,1
67234,1
67235,0
67236,0
67237,2
67238,1
67239,1
67240,1
67241,0
67242,0
67243,0
67244,1
67245,0
67246,2
67247,2
67248,1
67249,1
67250,1
67251,0
67252,1
67253,0
67254,1
67255,6
67256,2
67257,0
67258,0
67259,3
67260,0
67261,0
67262,1
67263,1
67264,2
67265,0
67266,1
67267,3
67268,5
67269,0
67270,1
67271,0
67272,1
67273,1
67274,0
67275,1
67276,0
67277,8
67278,1
67279,0
67280,1
67281,1
67282,0
67283,0
67284,1
67285,1
67286,1
67287,0
67288,0
67289,0
67290,0
67291,0
67292,2
67293,1
67294,0
67295,1
67296,0
67297,0
67298,4
67299,1
67300,0
67301,1
67302,0
67303,0
67304,0
67305,0
67306,0
67307,0
67308,0
67309,0
67310,3
67311,0
67312,1
67313,0
67314,1
67315,2
67316,0
67317,1
67318,1
67319,1
67320,2
67321,0
67322,1
67323,2
67324,0
67325,0
67326,0
67327,0
67328,0
67329,0
67330,2
67331,0
67332,1
67333,0
67334,0
67335,1
67336,0
67337,1
67338,0
67339,0
67340,1
67341,1
67342,0
67343,0
67344,1
67345,0
67346,0
67347,2
67348,0
67349,1
67350,0
67351,0
67352,0
67353,0
67354,0
67355,1
67356,0
67357,1
67358,0
67359,0
67360,0
67361,0
67362,0
67363,0
67364,1
67365,0
67366,0
67367,1
67368,0
67369,1
67370,0
67371,1
67372,1
67373,0
67374,0
67375,0
67376,0
67377,0
67378,0
67379,0
67380,0
67381,2
67382,0
67383,0
67384,1
67385,0
67386,3
67387,0
67388,0
67389,0
67390,0
67391,1
67392,0
67393,3
67394,1
67395,2
67396,0
67397,2
67398,1
67399,0
67400,0
67401,0
67402,0
67403,0
67404,0
67405,0
67406,0
67407,0
67408,0
67409,0
67410,0
67411,1
67412,0
67413,0
67414,1
67415,0
67416,0
67417,0
67418,1
67419,1
67420,0
67421,1
67422,0
67423,0
67424,1
67425,1
67426,0
67427,0
67428,0
67429,2
67430,1
67431,0
67432,1
67433,1
67434,0
67435,1
67436,0
67437,2
67438,1
67439,0
67440,0
67441,0
67442,1
67443,2
67444,0
67445,0
67446,0
67447,1
67448,1
67449,0
67450,0
67451,0
67452,0
67453,7
67454,4
67455,0
67456,2
67457,8
67458,3
67459,0
67460,0
67461,1
67462,1
67463,3
67464,1
67465,1
67466,0
67467,1
67468,0
67469,1
67470,1
67471,0
67472,0
67473,0
67474,0
67475,1
67476,0
67477,0
67478,1
67479,0
67480,0
67481,1
67482,0
67483,3
67484,0
67485,0
67486,0
67487,0
67488,1
67489,0
67490,1
67491,1
67492,1
67493,2
67494,0
67495,0
67496,0
67497,3
67498,0
67499,0
67500,1
67501,2
67502,2
67503,1
67504,0
67505,3
67506,1
67507,1
67508,1
67509,1
67510,0
67511,1
67512,0
67513,2
67514,1
67515,0
67516,0
67517,0
67518,0
67519,0
67520,1
67521,1
67522,0
67523,1
67524,0
67525,0
67526,0
67527,0
67528,1
67529,0
67530,1
67531,1
67532,1
67533,1
67534,1
67535,0
67536,0
67537,1
67538,0
67539,0
67540,0
67541,1
67542,0
67543,1
67544,0
67545,0
67546,1
67547,0
67548,1
67549,0
67550,0
67551,0
67552,0
67553,1
67554,1
67555,0
67556,0
67557,1
67558,0
67559,1
67560,0
67561,0
67562,1
67563,1
67564,1
67565,0
67566,4
67567,4
67568,0
67569,0
67570,0
67571,0
67572,1
67573,0
67574,1
67575,0
67576,2
67577,2
67578,0
67579,0
67580,1
67581,0
67582,2
67583,0
67584,0
67585,0
67586,1
67587,1
67588,0
67589,0
67590,0
67591,0
67592,1
67593,2
67594,0
67595,0
67596,0
67597,0
67598,1
67599,0
67600,4
67601,2
67602,1
67603,0
67604,0
67605,0
67606,2
67607,0
67608,1
67609,1
67610,0
67611,0
67612,0
67613,2
67614,1
67615,0
67616,0
67617,2
67618,1
67619,3
67620,1
67621,0
67622,0
67623,2
67624,0
67625,2
67626,0
67627,1
67628,0
67629,1
67630,3
67631,0
67632,1
67633,1
67634,0
67635,1
67636,1
67637,0
67638,1
67639,2
67640,1
67641,2
67642,0
67643,0
67644,0
67645,2
67646,0
67647,1
67648,0
67649,1
67650,1
67651,0
67652,0
67653,0
67654,0
67655,2
67656,0
67657,1
67658,0
67659,1
67660,0
67661,0
67662,4
67663,0
67664,0
67665,0
67666,3
67667,0
67668,0
67669,0
67670,0
67671,0
67672,0
67673,2
67674,0
67675,2
67676,4
67677,0
67678,0
67679,0
67680,0
67681,0
67682,2
67683,0
67684,0
67685,0
67686,0
67687,1
67688,0
67689,0
67690,1
67691,1
67692,0
67693,1
67694,1
67695,1
67696,1
67697,0
67698,0
67699,1
67700,0
67701,0
67702,3
67703,1
67704,2
67705,0
67706,1
67707,1
67708,4
67709,3
67710,2
67711,2
67712,0
67713,0
67714,0
67715,0
67716,0
67717,0
67718,2
67719,2
67720,5
67721,2
67722,10
67723,7
67724,4
67725,1
67726,1
67727,2
67728,0
67729,0
67730,0
67731,0
67732,0
67733,0
67734,0
67735,0
67736,1
67737,1
67738,0
67739,2
67740,1
67741,0
67742,0
67743,1
67744,0
67745,0
67746,2
67747,1
67748,0
67749,0
67750,1
67751,1
67752,1
67753,1
67754,1
67755,1
67756,0
67757,1
67758,1
67759,5
67760,1
67761,0
67762,1
67763,0
67764,1
67765,1
67766,0
67767,0
67768,1
67769,1
67770,1
67771,0
67772,1
67773,0
67774,1
67775,0
67776,0
67777,1
67778,1
67779,0
67780,0
67781,0
67782,0
67783,1
67784,0
67785,2
67786,0
67787,1
67788,0
67789,5
67790,2
67791,0
67792,0
67793,0
67794,2
67795,0
67796,0
67797,0
67798,0
67799,0
67800,0
67801,1
67802,0
67803,0
67804,0
67805,1
67806,1
67807,0
67808,0
67809,2
67810,1
67811,1
67812,1
67813,1
67814,1
67815,1
67816,0
67817,0
67818,1
67819,0
67820,1
67821,0
67822,0
67823,1
67824,1
67825,0
67826,0
67827,1
67828,3
67829,4
67830,1
67831,2
67832,1
67833,0
67834,0
67835,0
67836,0
67837,0
67838,3
67839,0
67840,1
67841,0
67842,0
67843,0
67844,1
67845,0
67846,0
67847,0
67848,3
67849,0
67850,0
67851,1
67852,1
67853,0
67854,0
67855,1
67856,2
67857,1
67858,0
67859,1
67860,2
67861,1
67862,1
67863,1
67864,0
67865,0
67866,0
67867,2
67868,0
67869,2
67870,1
67871,2
67872,0
67873,0
67874,1
67875,0
67876,1
67877,0
67878,1
67879,0
67880,1
67881,1
67882,1
67883,0
67884,1
67885,0
67886,1
67887,0
67888,0
67889,0
67890,0
67891,0
67892,2
67893,2
67894,1
67895,0
67896,0
67897,0
67898,1
67899,0
67900,0
67901,0
67902,0
67903,0
67904,0
67905,2
67906,0
67907,0
67908,0
67909,1
67910,1
67911,0
67912,0
67913,1
67914,1
67915,0
67916,2
67917,1
67918,0
67919,1
67920,0
67921,0
67922,0
67923,0
67924,0
67925,0
67926,1
67927,0
67928,2
67929,1
67930,1
67931,1
67932,1
67933,0
67934,0
67935,0
67936,2
67937,0
67938,1
67939,2
67940,1
67941,2
67942,1
67943,3
67944,1
67945,0
67946,0
67947,0
67948,1
67949,4
67950,5
67951,0
67952,1
67953,1
67954,2
67955,1
67956,1
67957,0
67958,2
67959,2
67960,0
67961,1
67962,0
67963,1
67964,0
67965,1
67966,1
67967,0
67968,1
67969,0
67970,0
67971,0
67972,2
67973,1
67974,1
67975,0
67976,0
67977,0
67978,0
67979,1
67980,0
67981,0
67982,2
67983,0
67984,0
67985,1
67986,0
67987,3
67988,0
67989,0
67990,5
67991,3
67992,2
67993,1
67994,0
67995,0
67996,1
67997,1
67998,1
67999,0
68000,1
68001,0
68002,1
68003,0
68004,0
68005,0
68006,3
68007,0
68008,0
68009,0
68010,3
68011,0
68012,1
68013,0
68014,1
68015,1
68016,1
68017,2
68018,0
68019,1
68020,1
68021,0
68022,6
68023,0
68024,1
68025,1
68026,1
68027,1
68028,0
68029,0
68030,3
68031,0
68032,2
68033,1
68034,0
68035,2
68036,0
68037,1
68038,1
68039,0
68040,0
68041,0
68042,0
68043,1
68044,5
68045,11
68046,0
68047,1
68048,9
68049,0
68050,0
68051,0
68052,0
68053,0
68054,1
68055,0
68056,1
68057,1
68058,1
68059,0
68060,0
68061,0
68062,0
68063,0
68064,0
68065,2
68066,2
68067,0
68068,1
68069,1
68070,0
68071,2
68072,2
68073,0
68074,0
68075,0
68076,0
68077,0
68078,0
68079,0
68080,0
68081,0
68082,0
68083,1
68084,0
68085,1
68086,1
68087,5
68088,1
68089,0
68090,1
68091,0
68092,0
68093,1
68094,3
68095,1
68096,0
68097,1
68098,1
68099,0
68100,0
68101,0
68102,2
68103,1
68104,0
68105,1
68106,0
68107,3
68108,0
68109,0
68110,0
68111,1
68112,1
68113,0
68114,0
68115,0
68116,1
68117,0
68118,0
68119,0
68120,0
68121,0
68122,0
68123,0
68124,1
68125,1
68126,1
68127,1
68128,1
68129,0
68130,0
68131,0
68132,0
68133,0
68134,1
68135,0
68136,0
68137,0
68138,1
68139,0
68140,0
68141,1
68142,1
68143,0
68144,0
68145,0
68146,0
68147,0
68148,0
68149,0
68150,1
68151,0
68152,0
68153,1
68154,1
68155,2
68156,0
68157,0
68158,0
68159,1
68160,1
68161,0
68162,1
68163,0
68164,0
68165,0
68166,1
68167,0
68168,0
68169,2
68170,0
68171,0
68172,0
68173,0
68174,0
68175,1
68176,0
68177,0
68178,0
68179,3
68180,1
68181,1
68182,1
68183,2
68184,0
68185,2
68186,0
68187,0
68188,0
68189,2
68190,0
68191,0
68192,1
68193,0
68194,2
68195,0
68196,2
68197,0
68198,1
68199,0
68200,1
68201,0
68202,0
68203,2
68204,1
68205,1
68206,4
68207,0
68208,1
68209,0
68210,1
68211,2
68212,0
68213,0
68214,1
68215,1
68216,2
68217,1
68218,1
68219,0
68220,0
68221,1
68222,2
68223,0
68224,1
68225,0
68226,0
68227,0
68228,0
68229,0
68230,0
68231,2
68232,0
68233,1
68234,0
68235,0
68236,2
68237,0
68238,0
68239,1
68240,0
68241,0
68242,1
68243,0
68244,1
68245,0
68246,0
68247,0
68248,0
68249,1
68250,0
68251,1
68252,3
68253,0
68254,0
68255,0
68256,1
68257,1
68258,0
68259,0
68260,0
68261,1
68262,1
68263,0
68264,1
68265,0
68266,0
68267,0
68268,0
68269,2
68270,0
68271,1
68272,0
68273,0
68274,0
68275,1
68276,2
68277,1
68278,0
68279,0
68280,0
68281,0
68282,2
68283,0
68284,0
68285,2
68286,1
68287,0
68288,0
68289,1
68290,0
68291,2
68292,0
68293,2
68294,0
68295,4
68296,1
68297,2
68298,0
68299,2
68300,1
68301,3
68302,1
68303,2
68304,0
68305,2
68306,0
68307,0
68308,0
68309,1
68310,0
68311,1
68312,0
68313,0
68314,0
68315,1
68316,6
68317,2
68318,6
68319,3
68320,3
68321,1
68322,0
68323,1
68324,1
68325,1
68326,2
68327,0
68328,0
68329,0
68330,2
68331,1
68332,3
68333,0
68334,0
68335,0
68336,0
68337,0
68338,0
68339,0
68340,0
68341,0
68342,1
68343,0
68344,0
68345,0
68346,0
68347,0
68348,0
68349,2
68350,1
68351,1
68352,0
68353,2
68354,0
68355,1
68356,0
68357,1
68358,0
68359,0
68360,2
68361,1
68362,0
68363,0
68364,0
68365,0
68366,0
68367,1
68368,0
68369,0
68370,0
68371,1
68372,0
68373,0
68374,0
68375,0
68376,0
68377,0
68378,0
68379,1
68380,0
68381,0
68382,0
68383,0
68384,0
68385,4
68386,2
68387,3
68388,0
68389,0
68390,3
68391,0
68392,1
68393,1
68394,2
68395,5
68396,1
68397,0
68398,2
68399,3
68400,1
68401,2
68402,0
68403,1
68404,2
68405,1
68406,0
68407,1
68408,3
68409,0
68410,0
68411,1
68412,1
68413,0
68414,0
68415,0
68416,0
68417,0
68418,1
68419,0
68420,3
68421,3
68422,2
68423,1
68424,0
68425,0
68426,0
68427,0
68428,0
68429,0
68430,0
68431,0
68432,1
68433,1
68434,0
68435,0
68436,0
68437,0
68438,0
68439,0
68440,2
68441,0
68442,0
68443,0
68444,2
68445,0
68446,1
68447,1
68448,1
68449,0
68450,1
68451,4
68452,1
68453,3
68454,0
68455,1
68456,0
68457,2
68458,0
68459,0
68460,0
68461,1
68462,1
68463,4
68464,1
68465,3
68466,1
68467,6
68468,1
68469,3
68470,2
68471,0
68472,0
68473,1
68474,1
68475,1
68476,2
68477,0
68478,0
68479,0
68480,0
68481,2
68482,0
68483,0
68484,0
68485,0
68486,0
68487,0
68488,1
68489,1
68490,5
68491,0
68492,0
68493,0
68494,0
68495,0
68496,4
68497,1
68498,0
68499,5
68500,2
68501,5
68502,3
68503,3
68504,1
68505,4
68506,1
68507,0
68508,0
68509,2
68510,2
68511,2
68512,1
68513,1
68514,0
68515,1
68516,1
68517,2
68518,0
68519,0
68520,2
68521,3
68522,1
68523,0
68524,0
68525,0
68526,2
68527,0
68528,1
68529,1
68530,3
68531,3
68532,0
68533,0
68534,0
68535,0
68536,0
68537,1
68538,1
68539,0
68540,0
68541,1
68542,1
68543,2
68544,0
68545,2
68546,0
68547,0
68548,0
68549,0
68550,4
68551,0
68552,0
68553,1
68554,0
68555,0
68556,0
68557,2
68558,1
68559,0
68560,0
68561,0
68562,0
68563,1
68564,0
68565,0
68566,0
68567,0
68568,1
68569,0
68570,0
68571,1
68572,1
68573,2
68574,2
68575,2
68576,2
68577,1
68578,1
68579,0
68580,0
68581,0
68582,0
68583,0
68584,0
68585,0
68586,0
68587,0
68588,0
68589,1
68590,0
68591,1
68592,0
68593,1
68594,0
68595,1
68596,0
68597,0
68598,0
68599,0
68600,1
68601,0
68602,1
68603,1
68604,1
68605,0
68606,0
68607,1
68608,0
68609,1
68610,0
68611,0
68612,1
68613,2
68614,0
68615,0
68616,0
68617,1
68618,1
68619,3
68620,1
68621,0
68622,1
68623,0
68624,1
68625,1
68626,1
68627,0
68628,2
68629,1
68630,2
68631,0
68632,0
68633,1
68634,0
68635,0
68636,0
68637,1
68638,1
68639,0
68640,2
68641,0
68642,3
68643,1
68644,1
68645,1
68646,0
68647,0
68648,0
68649,0
68650,1
68651,1
68652,0
68653,0
68654,0
68655,0
68656,0
68657,0
68658,0
68659,0
68660,2
68661,0
68662,0
68663,1
68664,0
68665,1
68666,1
68667,0
68668,0
68669,1
68670,0
68671,0
68672,0
68673,0
68674,0
68675,1
68676,0
68677,6
68678,0
68679,0
68680,1
68681,1
68682,0
68683,0
68684,1
68685,0
68686,0
68687,0
68688,0
68689,0
68690,2
68691,0
68692,0
68693,0
68694,0
68695,0
68696,1
68697,1
68698,0
68699,0
68700,0
68701,0
68702,1
68703,0
68704,0
68705,3
68706,0
68707,0
68708,1
68709,0
68710,1
68711,0
68712,2
68713,1
68714,0
68715,0
68716,0
68717,1
68718,0
68719,0
68720,0
68721,0
68722,0
68723,1
68724,1
68725,0
68726,0
68727,1
68728,0
68729,0
68730,1
68731,0
68732,1
68733,1
68734,0
68735,0
68736,0
68737,0
68738,0
68739,0
68740,1
68741,3
68742,0
68743,1
68744,0
68745,0
68746,0
68747,1
68748,0
68749,1
68750,1
68751,0
68752,0
68753,0
68754,0
68755,0
68756,0
68757,1
68758,0
68759,0
68760,0
68761,1
68762,1
68763,1
68764,0
68765,1
68766,1
68767,0
68768,0
68769,4
68770,0
68771,1
68772,1
68773,0
68774,5
68775,1
68776,0
68777,0
68778,0
68779,0
68780,2
68781,1
68782,0
68783,0
68784,0
68785,1
68786,2
68787,0
68788,0
68789,1
68790,0
68791,0
68792,1
68793,0
68794,1
68795,0
68796,1
68797,1
68798,0
68799,0
68800,0
68801,1
68802,1
68803,0
68804,0
68805,0
68806,0
68807,0
68808,1
68809,0
68810,0
68811,0
68812,0
68813,0
68814,1
68815,2
68816,1
68817,0
68818,1
68819,0
68820,1
68821,0
68822,0
68823,1
68824,1
68825,0
68826,0
68827,1
68828,1
68829,0
68830,0
68831,1
68832,2
68833,0
68834,2
68835,1
68836,1
68837,2
68838,0
68839,0
68840,0
68841,0
68842,1
68843,0
68844,0
68845,1
68846,0
68847,0
68848,0
68849,1
68850,1
68851,0
68852,0
68853,1
68854,0
68855,0
68856,0
68857,1
68858,5
68859,1
68860,1
68861,1
68862,1
68863,1
68864,0
68865,0
68866,0
68867,0
68868,5
68869,1
68870,1
68871,1
68872,1
68873,0
68874,0
68875,0
68876,0
68877,0
68878,0
68879,0
68880,1
68881,0
68882,0
68883,1
68884,0
68885,0
68886,0
68887,0
68888,0
68889,0
68890,0
68891,1
68892,0
68893,0
68894,1
68895,1
68896,1
68897,0
68898,0
68899,1
68900,0
68901,2
68902,1
68903,1
68904,0
68905,0
68906,0
68907,1
68908,0
68909,2
68910,0
68911,0
68912,2
68913,0
68914,1
68915,0
68916,2
68917,0
68918,0
68919,1
68920,2
68921,0
68922,2
68923,1
68924,0
68925,0
68926,1
68927,0
68928,1
68929,2
68930,2
68931,2
68932,1
68933,0
68934,0
68935,0
68936,6
68937,0
68938,0
68939,0
68940,0
68941,0
68942,0
68943,0
68944,2
68945,0
68946,1
68947,0
68948,0
68949,0
68950,1
68951,0
68952,2
68953,1
68954,0
68955,0
68956,1
68957,0
68958,2
68959,0
68960,0
68961,0
68962,0
68963,0
68964,0
68965,0
68966,1
68967,0
68968,0
68969,0
68970,0
68971,1
68972,0
68973,0
68974,0
68975,0
68976,0
68977,0
68978,0
68979,0
68980,2
68981,0
68982,1
68983,1
68984,0
68985,0
68986,0
68987,0
68988,0
68989,0
68990,1
68991,1
68992,1
68993,1
68994,0
68995,0
68996,1
68997,2
68998,2
68999,0
69000,5
69001,3
69002,0
69003,1
69004,1
69005,0
69006,0
69007,0
69008,0
69009,0
69010,2
69011,0
69012,0
69013,1
69014,0
69015,0
69016,0
69017,0
69018,1
69019,2
69020,2
69021,1
69022,3
69023,0
69024,0
69025,6
69026,4
69027,1
69028,4
69029,0
69030,2
69031,0
69032,0
69033,0
69034,1
69035,1
69036,1
69037,1
69038,0
69039,1
69040,0
69041,0
69042,0
69043,0
69044,1
69045,0
69046,0
69047,1
69048,0
69049,3
69050,0
69051,1
69052,0
69053,0
69054,0
69055,0
69056,0
69057,0
69058,0
69059,1
69060,0
69061,0
69062,0
69063,1
69064,0
69065,0
69066,1
69067,1
69068,1
69069,0
69070,1
69071,1
69072,0
69073,1
69074,2
69075,2
69076,0
69077,0
69078,0
69079,0
69080,0
69081,0
69082,1
69083,0
69084,1
69085,2
69086,1
69087,0
69088,4
69089,1
69090,3
69091,0
69092,0
69093,0
69094,0
69095,3
69096,0
69097,1
69098,1
69099,0
69100,1
69101,0
69102,3
69103,0
69104,2
69105,3
69106,1
69107,0
69108,0
69109,1
69110,0
69111,2
69112,1
69113,0
69114,2
69115,0
69116,0
69117,1
69118,1
69119,0
69120,0
69121,0
69122,0
69123,0
69124,0
69125,1
69126,0
69127,1
69128,2
69129,1
69130,0
69131,0
69132,0
69133,1
69134,2
69135,0
69136,0
69137,3
69138,0
69139,0
69140,1
69141,3
69142,0
69143,1
69144,1
69145,0
69146,0
69147,0
69148,0
69149,0
69150,3
69151,1
69152,0
69153,1
69154,0
69155,4
69156,0
69157,0
69158,1
69159,0
69160,1
69161,0
69162,1
69163,0
69164,0
69165,0
69166,1
69167,3
69168,0
69169,0
69170,0
69171,6
69172,1
69173,0
69174,3
69175,0
69176,6
69177,4
69178,0
69179,1
69180,1
69181,0
69182,5
69183,1
69184,2
69185,12
69186,1
69187,1
69188,0
69189,0
69190,0
69191,3
69192,1
69193,0
69194,0
69195,0
69196,1
69197,2
69198,0
69199,3
69200,2
69201,0
69202,1
69203,0
69204,1
69205,0
69206,0
69207,0
69208,0
69209,0
69210,0
69211,1
69212,0
69213,4
69214,0
69215,0
69216,0
69217,1
69218,1
69219,1
69220,0
69221,1
69222,0
69223,0
69224,1
69225,1
69226,0
69227,0
69228,0
69229,0
69230,2
69231,0
69232,0
69233,0
69234,0
69235,1
69236,2
69237,2
69238,0
69239,0
69240,0
69241,0
69242,0
69243,1
69244,1
69245,0
69246,0
69247,0
69248,0
69249,0
69250,0
69251,0
69252,0
69253,0
69254,0
69255,0
69256,1
69257,0
69258,1
69259,1
69260,0
69261,0
69262,4
69263,0
69264,1
69265,0
69266,0
69267,1
69268,0
69269,5
69270,1
69271,0
69272,0
69273,0
69274,0
69275,0
69276,0
69277,0
69278,1
69279,1
69280,0
69281,0
69282,0
69283,0
69284,0
69285,3
69286,1
69287,1
69288,0
69289,1
69290,0
69291,1
69292,0
69293,1
69294,0
69295,1
69296,3
69297,0
69298,0
69299,1
69300,0
69301,0
69302,0
69303,0
69304,1
69305,0
69306,2
69307,0
69308,2
69309,3
69310,4
69311,0
69312,1
69313,1
69314,2
69315,1
69316,0
69317,1
69318,1
69319,0
69320,0
69321,0
69322,2
69323,0
69324,0
69325,0
69326,0
69327,0
69328,3
69329,0
69330,0
69331,2
69332,0
69333,0
69334,0
69335,2
69336,0
69337,0
69338,0
69339,0
69340,0
69341,0
69342,1
69343,0
69344,0
69345,1
69346,0
69347,2
69348,2
69349,0
69350,2
69351,0
69352,0
69353,0
69354,0
69355,2
69356,0
69357,0
69358,0
69359,0
69360,0
69361,1
69362,0
69363,0
69364,1
69365,0
69366,3
69367,0
69368,0
69369,1
69370,0
69371,1
69372,3
69373,0
69374,3
69375,0
69376,0
69377,1
69378,0
69379,0
69380,0
69381,0
69382,1
69383,0
69384,1
69385,1
69386,0
69387,1
69388,2
69389,1
69390,1
69391,1
69392,0
69393,0
69394,0
69395,1
69396,1
69397,2
69398,1
69399,0
69400,1
69401,0
69402,0
69403,0
69404,0
69405,0
69406,2
69407,0
69408,0
69409,2
69410,1
69411,1
69412,1
69413,1
69414,0
69415,3
69416,0
69417,0
69418,2
69419,0
69420,1
69421,0
69422,0
69423,0
69424,0
69425,1
69426,0
69427,0
69428,1
69429,3
69430,0
69431,0
69432,0
69433,1
69434,2
69435,0
69436,1
69437,0
69438,1
69439,0
69440,0
69441,1
69442,0
69443,0
69444,1
69445,0
69446,0
69447,0
69448,1
69449,1
69450,0
69451,1
69452,0
69453,1
69454,0
69455,1
69456,1
69457,0
69458,3
69459,1
69460,2
69461,0
69462,1
69463,1
69464,0
69465,0
69466,0
69467,2
69468,0
69469,0
69470,1
69471,0
69472,0
69473,2
69474,0
69475,0
69476,1
69477,10
69478,1
69479,1
69480,0
69481,1
69482,1
69483,0
69484,2
69485,0
69486,2
69487,0
69488,0
69489,0
69490,2
69491,0
69492,0
69493,1
69494,1
69495,2
69496,2
69497,0
69498,1
69499,0
69500,0
69501,1
69502,0
69503,2
69504,0
69505,2
69506,0
69507,0
69508,0
69509,0
69510,1
69511,3
69512,1
69513,2
69514,0
69515,1
69516,0
69517,1
69518,0
69519,0
69520,1
69521,0
69522,1
69523,0
69524,0
69525,0
69526,1
69527,0
69528,1
69529,0
69530,4
69531,1
69532,1
69533,1
69534,1
69535,1
69536,1
69537,3
69538,0
69539,1
69540,0
69541,0
69542,1
69543,1
69544,0
69545,0
69546,0
69547,3
69548,0
69549,0
69550,1
69551,0
69552,0
69553,0
69554,0
69555,0
69556,0
69557,0
69558,0
69559,0
69560,0
69561,0
69562,2
69563,1
69564,1
69565,1
69566,0
69567,2
69568,1
69569,2
69570,0
69571,0
69572,1
69573,0
69574,1
69575,0
69576,0
69577,0
69578,0
69579,0
69580,0
69581,0
69582,0
69583,0
69584,1
69585,2
69586,1
69587,0
69588,0
69589,4
69590,1
69591,3
69592,0
69593,3
69594,2
69595,1
69596,1
69597,2
69598,2
69599,0
69600,1
69601,4
69602,1
69603,0
69604,4
69605,2
69606,2
69607,0
69608,0
69609,0
69610,1
69611,0
69612,0
69613,2
69614,1
69615,1
69616,2
69617,0
69618,0
69619,0
69620,0
69621,0
69622,1
69623,0
69624,0
69625,3
69626,1
69627,0
69628,2
69629,0
69630,0
69631,1
69632,0
69633,0
69634,0
69635,0
69636,1
69637,2
69638,1
69639,0
69640,0
69641,0
69642,1
69643,1
69644,0
69645,0
69646,2
69647,1
69648,2
69649,0
69650,0
69651,0
69652,0
69653,0
69654,0
69655,0
69656,1
69657,0
69658,1
69659,0
69660,2
69661,1
69662,0
69663,1
69664,0
69665,1
69666,0
69667,0
69668,0
69669,1
69670,1
69671,0
69672,1
69673,0
69674,1
69675,0
69676,1
69677,0
69678,1
69679,1
69680,0
69681,1
69682,2
69683,1
69684,0
69685,0
69686,0
69687,1
69688,0
69689,1
69690,1
69691,2
69692,0
69693,0
69694,0
69695,1
69696,0
69697,0
69698,0
69699,0
69700,0
69701,1
69702,1
69703,0
69704,0
69705,2
69706,2
69707,0
69708,0
69709,1
69710,0
69711,1
69712,1
69713,0
69714,0
69715,0
69716,0
69717,0
69718,0
69719,0
69720,0
69721,0
69722,0
69723,0
69724,1
69725,0
69726,1
69727,1
69728,0
69729,1
69730,1
69731,0
69732,0
69733,1
69734,0
69735,1
69736,2
69737,2
69738,1
69739,0
69740,0
69741,0
69742,1
69743,1
69744,0
69745,0
69746,2
69747,0
69748,0
69749,4
69750,0
69751,0
69752,0
69753,1
69754,0
69755,2
69756,1
69757,1
69758,0
69759,0
69760,0
69761,0
69762,0
69763,0
69764,0
69765,1
69766,1
69767,0
69768,2
69769,0
69770,0
69771,0
69772,0
69773,0
69774,0
69775,0
69776,0
69777,0
69778,0
69779,0
69780,0
69781,0
69782,1
69783,0
69784,1
69785,0
69786,0
69787,0
69788,0
69789,1
69790,0
69791,0
69792,0
69793,0
69794,1
69795,1
69796,0
69797,2
69798,0
69799,0
69800,0
69801,0
69802,0
69803,0
69804,0
69805,1
69806,0
69807,0
69808,0
69809,1
69810,0
69811,0
69812,3
69813,1
69814,1
69815,0
69816,4
69817,0
69818,0
69819,0
69820,0
69821,0
69822,0
69823,0
69824,1
69825,0
69826,2
69827,1
69828,0
69829,0
69830,0
69831,0
69832,0
69833,6
69834,4
69835,1
69836,2
69837,2
69838,0
69839,0
69840,1
69841,2
69842,3
69843,2
69844,0
69845,0
69846,5
69847,2
69848,0
69849,0
69850,0
69851,0
69852,0
69853,2
69854,0
69855,1
69856,10
69857,0
69858,1
69859,1
69860,1
69861,1
69862,0
69863,2
69864,1
69865,1
69866,0
69867,0
69868,0
69869,3
69870,1
69871,0
69872,0
69873,0
69874,1
69875,0
69876,1
69877,1
69878,0
69879,2
69880,0
69881,0
69882,0
69883,1
69884,0
69885,0
69886,0
69887,0
69888,0
69889,0
69890,0
69891,4
69892,0
69893,0
69894,2
69895,3
69896,0
69897,1
69898,1
69899,1
69900,2
69901,1
69902,0
69903,1
69904,0
69905,0
69906,0
69907,0
69908,0
69909,4
69910,2
69911,0
69912,4
69913,0
69914,1
69915,1
69916,1
69917,0
69918,0
69919,5
69920,0
69921,1
69922,0
69923,0
69924,0
69925,0
69926,1
69927,1
69928,6
69929,0
69930,0
69931,1
69932,0
69933,14
69934,0
69935,0
69936,0
69937,0
69938,0
69939,0
69940,0
69941,0
69942,1
69943,2
69944,2
69945,4
69946,0
69947,1
69948,1
69949,0
69950,0
69951,0
69952,2
69953,1
69954,2
69955,0
69956,1
69957,0
69958,0
69959,0
69960,2
69961,2
69962,0
69963,0
69964,1
69965,0
69966,0
69967,0
69968,0
69969,0
69970,2
69971,0
69972,0
69973,0
69974,0
69975,1
69976,0
69977,1
69978,0
69979,0
69980,0
69981,0
69982,1
69983,1
69984,1
69985,0
69986,1
69987,1
69988,2
69989,0
69990,1
69991,0
69992,2
69993,0
69994,4
69995,1
69996,0
69997,1
69998,0
69999,3
70000,0
70001,2
70002,1
70003,1
70004,0
70005,1
70006,2
70007,1
70008,0
70009,0
70010,4
70011,2
70012,0
70013,0
70014,0
70015,0
70016,0
70017,0
70018,1
70019,0
70020,2
70021,3
70022,5
70023,1
70024,0
70025,0
70026,0
70027,3
70028,1
70029,2
70030,2
70031,0
70032,2
70033,2
70034,1
70035,1
70036,1
70037,0
70038,1
70039,2
70040,0
70041,2
70042,0
70043,1
70044,0
70045,2
70046,2
70047,1
70048,4
70049,1
70050,2
70051,0
70052,1
70053,0
70054,2
70055,0
70056,2
70057,0
70058,0
70059,0
70060,0
70061,0
70062,0
70063,0
70064,0
70065,1
70066,1
70067,0
70068,0
70069,0
70070,2
70071,0
70072,1
70073,9
70074,1
70075,0
70076,2
70077,0
70078,0
70079,0
70080,1
70081,1
70082,0
70083,1
70084,1
70085,2
70086,0
70087,0
70088,0
70089,1
70090,1
70091,2
70092,1
70093,0
70094,1
70095,1
70096,6
70097,0
70098,0
70099,0
70100,3
70101,0
70102,2
70103,1
70104,1
70105,0
70106,0
70107,2
70108,2
70109,2
70110,3
70111,0
70112,0
70113,0
70114,2
70115,0
70116,0
70117,0
70118,0
70119,0
70120,2
70121,0
70122,1
70123,1
70124,1
70125,1
70126,2
70127,0
70128,2
70129,0
70130,3
70131,3
70132,4
70133,2
70134,0
70135,1
70136,2
70137,1
70138,3
70139,0
70140,2
70141,0
70142,1
70143,0
70144,0
70145,0
70146,0
70147,1
70148,1
70149,0
70150,0
70151,0
70152,1
70153,1
70154,3
70155,2
70156,1
70157,0
70158,0
70159,1
70160,1
70161,0
70162,0
70163,1
70164,1
70165,0
70166,0
70167,3
70168,5
70169,1
70170,1
70171,1
70172,0
70173,2
70174,0
70175,0
70176,0
70177,0
70178,0
70179,0
70180,0
70181,0
70182,0
70183,1
70184,0
70185,2
70186,2
70187,7
70188,3
70189,0
70190,0
70191,1
70192,4
70193,4
70194,0
70195,0
70196,1
70197,4
70198,4
70199,1
70200,1
70201,1
70202,2
70203,1
70204,1
70205,1
70206,2
70207,0
70208,1
70209,0
70210,1
70211,1
70212,0
70213,2
70214,2
70215,2
70216,1
70217,1
70218,2
70219,2
70220,0
70221,0
70222,0
70223,1
70224,0
70225,0
70226,2
70227,2
70228,2
70229,1
70230,0
70231,0
70232,0
70233,1
70234,0
70235,2
70236,1
70237,0
70238,1
70239,0
70240,1
70241,0
70242,1
70243,0
70244,1
70245,2
70246,0
70247,0
70248,0
70249,0
70250,2
70251,0
70252,1
70253,0
70254,0
70255,1
70256,0
70257,0
70258,1
70259,1
70260,0
70261,0
70262,0
70263,0
70264,0
70265,1
70266,0
70267,0
70268,0
70269,0
70270,1
70271,0
70272,0
70273,1
70274,1
70275,1
70276,0
70277,0
70278,0
70279,1
70280,0
70281,1
70282,2
70283,0
70284,6
70285,0
70286,3
70287,0
70288,0
70289,1
70290,0
70291,0
70292,0
70293,1
70294,0
70295,2
70296,1
70297,1
70298,0
70299,1
70300,1
70301,1
70302,1
70303,1
70304,0
70305,0
70306,0
70307,0
70308,1
70309,0
70310,0
70311,0
70312,1
70313,2
70314,0
70315,0
70316,2
70317,1
70318,0
70319,0
70320,5
70321,0
70322,1
70323,1
70324,4
70325,0
70326,0
70327,7
70328,0
70329,0
70330,1
70331,1
70332,1
70333,2
70334,1
70335,0
70336,1
70337,2
70338,3
70339,1
70340,0
70341,0
70342,0
70343,1
70344,3
70345,2
70346,0
70347,0
70348,0
70349,2
70350,1
70351,1
70352,1
70353,0
70354,0
70355,1
70356,0
70357,0
70358,0
70359,1
70360,0
70361,1
70362,1
70363,0
70364,0
70365,0
70366,0
70367,0
70368,1
70369,1
70370,1
70371,0
70372,3
70373,0
70374,0
70375,2
70376,0
70377,0
70378,2
70379,1
70380,0
70381,0
70382,0
70383,0
70384,1
70385,2
70386,0
70387,1
70388,0
70389,0
70390,0
70391,0
70392,0
70393,1
70394,1
70395,1
70396,0
70397,3
70398,0
70399,0
70400,1
70401,3
70402,1
70403,0
70404,1
70405,1
70406,0
70407,2
70408,2
70409,1
70410,0
70411,2
70412,1
70413,1
70414,0
70415,1
70416,1
70417,0
70418,2
70419,0
70420,0
70421,0
70422,0
70423,0
70424,0
70425,0
70426,0
70427,1
70428,0
70429,0
70430,0
70431,0
70432,0
70433,0
70434,0
70435,6
70436,1
70437,0
70438,0
70439,0
70440,0
70441,1
70442,1
70443,0
70444,1
70445,1
70446,0
70447,0
70448,0
70449,2
70450,0
70451,0
70452,0
70453,0
70454,0
70455,0
70456,0
70457,0
70458,0
70459,0
70460,1
70461,0
70462,0
70463,0
70464,0
70465,0
70466,0
70467,0
70468,0
70469,0
70470,0
70471,0
70472,3
70473,0
70474,0
70475,1
70476,0
70477,1
70478,0
70479,0
70480,0
70481,1
70482,1
70483,0
70484,0
70485,0
70486,0
70487,0
70488,0
70489,1
70490,0
70491,0
70492,2
70493,1
70494,1
70495,0
70496,0
70497,1
70498,0
70499,0
70500,0
70501,0
70502,0
70503,1
70504,0
70505,0
70506,1
70507,0
70508,0
70509,0
70510,0
70511,2
70512,0
70513,0
70514,1
70515,1
70516,0
70517,0
70518,0
70519,0
70520,0
70521,0
70522,1
70523,0
70524,0
70525,0
70526,0
70527,0
70528,0
70529,1
70530,0
70531,0
70532,0
70533,1
70534,0
70535,0
70536,0
70537,1
70538,1
70539,1
70540,0
70541,1
70542,5
70543,0
70544,2
70545,1
70546,1
70547,1
70548,0
70549,1
70550,0
70551,0
70552,0
70553,0
70554,1
70555,2
70556,0
70557,0
70558,0
70559,0
70560,0
70561,0
70562,0
70563,1
70564,0
70565,0
70566,1
70567,0
70568,1
70569,9
70570,2
70571,1
70572,0
70573,0
70574,0
70575,1
70576,1
70577,0
70578,1
70579,0
70580,0
70581,0
70582,0
70583,1
70584,0
70585,1
70586,0
70587,0
70588,0
70589,0
70590,0
70591,0
70592,0
70593,1
70594,2
70595,1
70596,0
70597,0
70598,0
70599,0
70600,1
70601,0
70602,0
70603,0
70604,1
70605,0
70606,0
70607,2
70608,4
70609,1
70610,0
70611,0
70612,1
70613,0
70614,0
70615,0
70616,0
70617,0
70618,0
70619,2
70620,0
70621,3
70622,0
70623,8
70624,1
70625,0
70626,4
70627,1
70628,1
70629,1
70630,0
70631,0
70632,0
70633,0
70634,4
70635,4
70636,1
70637,1
70638,0
70639,1
70640,2
70641,1
70642,2
70643,1
70644,1
70645,0
70646,0
70647,1
70648,1
70649,1
70650,2
70651,1
70652,0
70653,2
70654,1
70655,0
70656,0
70657,0
70658,0
70659,0
70660,1
70661,0
70662,0
70663,1
70664,0
70665,0
70666,0
70667,3
70668,1
70669,0
70670,1
70671,1
70672,1
70673,2
70674,2
70675,1
70676,1
70677,0
70678,1
70679,0
70680,0
70681,0
70682,0
70683,0
70684,1
70685,0
70686,0
70687,0
70688,0
70689,1
70690,0
70691,1
70692,2
70693,0
70694,0
70695,1
70696,1
70697,0
70698,0
70699,0
70700,0
70701,1
70702,0
70703,0
70704,0
70705,0
70706,0
70707,2
70708,0
70709,4
70710,1
70711,1
70712,0
70713,0
70714,1
70715,1
70716,0
70717,0
70718,0
70719,0
70720,0
70721,1
70722,0
70723,0
70724,0
70725,2
70726,0
70727,0
70728,1
70729,0
70730,0
70731,0
70732,0
70733,0
70734,0
70735,2
70736,1
70737,1
70738,0
70739,0
70740,0
70741,0
70742,2
70743,1
70744,1
70745,0
70746,1
70747,2
70748,1
70749,1
70750,1
70751,0
70752,1
70753,0
70754,0
70755,0
70756,2
70757,2
70758,0
70759,0
70760,4
70761,1
70762,0
70763,1
70764,0
70765,0
70766,1
70767,0
70768,0
70769,0
70770,2
70771,0
70772,0
70773,0
70774,0
70775,1
70776,1
70777,1
70778,0
70779,0
70780,0
70781,1
70782,0
70783,0
70784,1
70785,1
70786,1
70787,1
70788,0
70789,1
70790,1
70791,0
70792,0
70793,0
70794,2
70795,2
70796,0
70797,0
70798,1
70799,0
70800,1
70801,0
70802,3
70803,1
70804,2
70805,3
70806,1
70807,1
70808,0
70809,0
70810,0
70811,1
70812,0
70813,1
70814,0
70815,0
70816,0
70817,1
70818,0
70819,3
70820,0
70821,2
70822,1
70823,0
70824,1
70825,1
70826,0
70827,1
70828,0
70829,0
70830,0
70831,0
70832,0
70833,1
70834,1
70835,0
70836,0
70837,0
70838,1
70839,0
70840,1
70841,0
70842,0
70843,2
70844,0
70845,0
70846,2
70847,0
70848,0
70849,1
70850,1
70851,2
70852,0
70853,4
70854,0
70855,0
70856,1
70857,0
70858,0
70859,2
70860,0
70861,0
70862,0
70863,1
70864,1
70865,0
70866,3
70867,0
70868,0
70869,1
70870,1
70871,1
70872,0
70873,2
70874,0
70875,0
70876,0
70877,0
70878,0
70879,1
70880,0
70881,0
70882,0
70883,0
70884,0
70885,0
70886,1
70887,1
70888,0
70889,0
70890,0
70891,2
70892,0
70893,0
70894,0
70895,0
70896,0
70897,0
70898,2
70899,0
70900,0
70901,0
70902,2
70903,1
70904,0
70905,1
70906,0
70907,1
70908,1
70909,0
70910,0
70911,0
70912,0
70913,0
70914,2
70915,0
70916,0
70917,0
70918,0
70919,0
70920,0
70921,0
70922,0
70923,0
70924,0
70925,0
70926,1
70927,0
70928,1
70929,0
70930,4
70931,1
70932,0
70933,2
70934,2
70935,0
70936,1
70937,2
70938,0
70939,0
70940,1
70941,0
70942,1
70943,4
70944,0
70945,0
70946,0
70947,3
70948,0
70949,0
70950,3
70951,1
70952,1
70953,0
70954,2
70955,1
70956,2
70957,2
70958,3
70959,1
70960,0
70961,0
70962,0
70963,0
70964,0
70965,0
70966,0
70967,0
70968,0
70969,0
70970,0
70971,1
70972,1
70973,2
70974,0
70975,1
70976,1
70977,0
70978,0
70979,0
70980,4
70981,0
70982,0
70983,1
70984,3
70985,0
70986,1
70987,2
70988,1
70989,1
70990,4
70991,0
70992,1
70993,1
70994,0
70995,1
70996,1
70997,0
70998,1
70999,1
71000,1
71001,2
71002,0
71003,0
71004,0
71005,3
71006,0
71007,1
71008,0
71009,2
71010,0
71011,0
71012,1
71013,2
71014,2
71015,3
71016,7
71017,1
71018,0
71019,2
71020,1
71021,0
71022,1
71023,0
71024,0
71025,1
71026,1
71027,3
71028,1
71029,0
71030,1
71031,0
71032,2
71033,0
71034,1
71035,0
71036,0
71037,0
71038,1
71039,1
71040,0
71041,1
71042,2
71043,0
71044,1
71045,1
71046,0
71047,0
71048,0
71049,0
71050,0
71051,0
71052,0
71053,2
71054,0
71055,0
71056,0
71057,1
71058,0
71059,0
71060,0
71061,1
71062,0
71063,0
71064,0
71065,0
71066,0
71067,0
71068,0
71069,0
71070,1
71071,0
71072,0
71073,0
71074,0
71075,1
71076,1
71077,1
71078,1
71079,3
71080,0
71081,0
71082,1
71083,0
71084,0
71085,0
71086,2
71087,3
71088,0
71089,0
71090,1
71091,0
71092,0
71093,0
71094,0
71095,1
71096,2
71097,12
71098,2
71099,1
71100,0
71101,1
71102,1
71103,0
71104,0
71105,1
71106,0
71107,0
71108,0
71109,0
71110,4
71111,0
71112,1
71113,0
71114,0
71115,0
71116,1
71117,1
71118,3
71119,0
71120,0
71121,0
71122,0
71123,0
71124,1
71125,0
71126,0
71127,1
71128,0
71129,0
71130,1
71131,0
71132,0
71133,0
71134,0
71135,1
71136,2
71137,9
71138,0
71139,0
71140,1
71141,1
71142,0
71143,0
71144,0
71145,0
71146,1
71147,0
71148,0
71149,1
71150,0
71151,0
71152,0
71153,0
71154,0
71155,1
71156,1
71157,0
71158,0
71159,0
71160,0
71161,0
71162,0
71163,0
71164,0
71165,0
71166,0
71167,0
71168,0
71169,0
71170,0
71171,1
71172,1
71173,0
71174,0
71175,0
71176,0
71177,0
71178,2
71179,0
71180,0
71181,0
71182,2
71183,2
71184,0
71185,1
71186,0
71187,1
71188,1
71189,0
71190,0
71191,0
71192,0
71193,0
71194,1
71195,0
71196,0
71197,0
71198,1
71199,0
71200,0
71201,2
71202,0
71203,0
71204,0
71205,0
71206,0
71207,1
71208,1
71209,0
71210,1
71211,0
71212,0
71213,0
71214,1
71215,1
71216,0
71217,0
71218,0
71219,0
71220,1
71221,0
71222,1
71223,1
71224,0
71225,0
71226,1
71227,0
71228,0
71229,0
71230,2
71231,2
71232,1
71233,1
71234,1
71235,0
71236,0
71237,2
71238,1
71239,0
71240,1
71241,0
71242,0
71243,0
71244,0
71245,3
71246,0
71247,1
71248,1
71249,0
71250,2
71251,0
71252,0
71253,1
71254,1
71255,2
71256,2
71257,1
71258,3
71259,1
71260,1
71261,1
71262,2
71263,0
71264,2
71265,1
71266,0
71267,0
71268,0
71269,0
71270,0
71271,0
71272,0
71273,1
71274,0
71275,1
71276,1
71277,1
71278,0
71279,0
71280,1
71281,1
71282,1
71283,0
71284,2
71285,0
71286,1
71287,0
71288,0
71289,2
71290,3
71291,1
71292,0
71293,0
71294,0
71295,0
71296,2
71297,0
71298,0
71299,1
71300,0
71301,0
71302,0
71303,0
71304,0
71305,0
71306,0
71307,2
71308,0
71309,0
71310,0
71311,1
71312,1
71313,0
71314,0
71315,3
71316,1
71317,1
71318,1
71319,0
71320,0
71321,0
71322,0
71323,3
71324,4
71325,1
71326,4
71327,0
71328,11
71329,2
71330,0
71331,0
71332,0
71333,2
71334,1
71335,4
71336,0
71337,0
71338,1
71339,2
71340,1
71341,1
71342,0
71343,1
71344,1
71345,0
71346,2
71347,0
71348,0
71349,3
71350,0
71351,0
71352,0
71353,0
71354,0
71355,3
71356,0
71357,0
71358,0
71359,0
71360,0
71361,1
71362,1
71363,2
71364,2
71365,1
71366,2
71367,0
71368,1
71369,0
71370,0
71371,1
71372,1
71373,1
71374,0
71375,0
71376,0
71377,1
71378,0
71379,0
71380,1
71381,1
71382,1
71383,1
71384,0
71385,1
71386,0
71387,0
71388,0
71389,0
71390,0
71391,0
71392,2
71393,0
71394,2
71395,0
71396,1
71397,1
71398,0
71399,0
71400,1
71401,1
71402,0
71403,0
71404,1
71405,0
71406,0
71407,2
71408,2
71409,0
71410,0
71411,1
71412,1
71413,0
71414,0
71415,0
71416,0
71417,0
71418,0
71419,1
71420,2
71421,0
71422,1
71423,0
71424,1
71425,0
71426,1
71427,0
71428,1
71429,2
71430,1
71431,1
71432,1
71433,1
71434,0
71435,0
71436,0
71437,1
71438,0
71439,0
71440,0
71441,2
71442,1
71443,2
71444,0
71445,3
71446,0
71447,0
71448,0
71449,0
71450,1
71451,0
71452,0
71453,5
71454,0
71455,1
71456,1
71457,1
71458,0
71459,0
71460,0
71461,0
71462,2
71463,1
71464,1
71465,0
71466,0
71467,0
71468,1
71469,2
71470,1
71471,0
71472,0
71473,0
71474,3
71475,0
71476,0
71477,0
71478,2
71479,5
71480,0
71481,0
71482,1
71483,0
71484,0
71485,0
71486,0
71487,0
71488,1
71489,0
71490,0
71491,0
71492,1
71493,1
71494,0
71495,2
71496,0
71497,1
71498,2
71499,0
71500,0
71501,0
71502,0
71503,1
71504,0
71505,1
71506,0
71507,1
71508,0
71509,0
71510,1
71511,2
71512,1
71513,2
71514,0
71515,0
71516,0
71517,1
71518,0
71519,1
71520,1
71521,0
71522,2
71523,0
71524,1
71525,2
71526,6
71527,2
71528,2
71529,0
71530,0
71531,0
71532,0
71533,2
71534,2
71535,0
71536,0
71537,1
71538,0
71539,0
71540,0
71541,0
71542,0
71543,0
71544,1
71545,1
71546,2
71547,1
71548,0
71549,0
71550,1
71551,0
71552,0
71553,1
71554,0
71555,0
71556,2
71557,2
71558,1
71559,1
71560,0
71561,1
71562,0
71563,2
71564,0
71565,3
71566,0
71567,4
71568,0
71569,1
71570,0
71571,0
71572,4
71573,1
71574,2
71575,1
71576,0
71577,0
71578,0
71579,0
71580,1
71581,0
71582,0
71583,0
71584,1
71585,0
71586,1
71587,1
71588,0
71589,0
71590,0
71591,0
71592,0
71593,0
71594,1
71595,0
71596,0
71597,0
71598,2
71599,0
71600,0
71601,1
71602,0
71603,0
71604,0
71605,0
71606,1
71607,0
71608,0
71609,3
71610,0
71611,0
71612,1
71613,0
71614,0
71615,1
71616,0
71617,0
71618,0
71619,0
71620,0
71621,8
71622,1
71623,3
71624,2
71625,2
71626,2
71627,0
71628,2
71629,0
71630,1
71631,0
71632,1
71633,6
71634,0
71635,2
71636,0
71637,6
71638,2
71639,3
71640,2
71641,8
71642,13
71643,2
71644,3
71645,1
71646,0
71647,4
71648,0
71649,2
71650,0
71651,1
71652,0
71653,0
71654,0
71655,0
71656,1
71657,0
71658,1
71659,0
71660,0
71661,1
71662,1
71663,0
71664,1
71665,0
71666,0
71667,1
71668,2
71669,0
71670,0
71671,3
71672,1
71673,1
71674,1
71675,2
71676,2
71677,0
71678,1
71679,2
71680,2
71681,1
71682,2
71683,1
71684,1
71685,1
71686,0
71687,0
71688,1
71689,2
71690,2
71691,0
71692,0
71693,2
71694,0
71695,0
71696,0
71697,0
71698,4
71699,1
71700,0
71701,0
71702,2
71703,1
71704,1
71705,1
71706,1
71707,2
71708,0
71709,1
71710,2
71711,0
71712,0
71713,1
71714,0
71715,1
71716,0
71717,1
71718,2
71719,1
71720,0
71721,1
71722,3
71723,0
71724,1
71725,1
71726,1
71727,1
71728,4
71729,0
71730,2
71731,0
71732,1
71733,1
71734,1
71735,0
71736,0
71737,0
71738,0
71739,2
71740,0
71741,0
71742,2
71743,1
71744,1
71745,1
71746,1
71747,0
71748,1
71749,0
71750,0
71751,2
71752,1
71753,1
71754,1
71755,0
71756,1
71757,1
71758,0
71759,1
71760,0
71761,0
71762,0
71763,0
71764,0
71765,0
71766,1
71767,0
71768,0
71769,0
71770,0
71771,3
71772,0
71773,2
71774,0
71775,1
71776,1
71777,2
71778,0
71779,0
71780,0
71781,1
71782,2
71783,0
71784,1
71785,0
71786,0
71787,0
71788,1
71789,1
71790,2
71791,1
71792,0
71793,0
71794,0
71795,2
71796,1
71797,0
71798,0
71799,0
71800,2
71801,0
71802,1
71803,1
71804,0
71805,0
71806,0
71807,0
71808,0
71809,0
71810,1
71811,0
71812,0
71813,0
71814,0
71815,1
71816,0
71817,0
71818,1
71819,1
71820,0
71821,2
71822,1
71823,1
71824,1
71825,0
71826,2
71827,0
71828,1
71829,1
71830,3
71831,1
71832,0
71833,0
71834,0
71835,1
71836,0
71837,0
71838,1
71839,0
71840,0
71841,2
71842,0
71843,1
71844,1
71845,0
71846,1
71847,2
71848,0
71849,0
71850,0
71851,0
71852,0
71853,0
71854,0
71855,1
71856,1
71857,0
71858,0
71859,0
71860,1
71861,1
71862,0
71863,0
71864,0
71865,0
71866,1
71867,0
71868,0
71869,0
71870,0
71871,1
71872,1
71873,2
71874,0
71875,1
71876,1
71877,0
71878,0
71879,1
71880,0
71881,0
71882,1
71883,0
71884,1
71885,0
71886,0
71887,0
71888,1
71889,0
71890,0
71891,1
71892,1
71893,0
71894,1
71895,0
71896,1
71897,0
71898,2
71899,0
71900,0
71901,1
71902,0
71903,0
71904,0
71905,0
71906,0
71907,0
71908,1
71909,0
71910,0
71911,0
71912,1
71913,0
71914,1
71915,0
71916,1
71917,1
71918,0
71919,2
71920,1
71921,4
71922,0
71923,1
71924,1
71925,5
71926,4
71927,1
71928,3
71929,0
71930,0
71931,0
71932,0
71933,0
71934,1
71935,1
71936,1
71937,1
71938,0
71939,0
71940,0
71941,0
71942,0
71943,1
71944,3
71945,0
71946,0
71947,2
71948,0
71949,2
71950,0
71951,0
71952,0
71953,1
71954,0
71955,0
71956,0
71957,0
71958,0
71959,1
71960,0
71961,0
71962,0
71963,1
71964,1
71965,0
71966,1
71967,1
71968,2
71969,0
71970,1
71971,1
71972,0
71973,0
71974,0
71975,0
71976,1
71977,0
71978,1
71979,0
71980,4
71981,0
71982,0
71983,0
71984,0
71985,0
71986,1
71987,2
71988,0
71989,1
71990,4
71991,1
71992,0
71993,0
71994,0
71995,2
71996,0
71997,0
71998,0
71999,0
72000,0
72001,0
72002,0
72003,0
72004,1
72005,1
72006,0
72007,0
72008,0
72009,1
72010,0
72011,0
72012,2
72013,0
72014,0
72015,0
72016,2
72017,1
72018,1
72019,0
72020,1
72021,0
72022,0
72023,0
72024,0
72025,0
72026,0
72027,0
72028,1
72029,0
72030,1
72031,0
72032,0
72033,2
72034,1
72035,0
72036,0
72037,0
72038,0
72039,0
72040,3
72041,0
72042,1
72043,0
72044,0
72045,1
72046,0
72047,0
72048,0
72049,0
72050,0
72051,0
72052,0
72053,2
72054,0
72055,0
72056,0
72057,0
72058,1
72059,1
72060,1
72061,1
72062,0
72063,2
72064,1
72065,0
72066,0
72067,2
72068,0
72069,0
72070,2
72071,0
72072,0
72073,1
72074,0
72075,2
72076,0
72077,0
72078,0
72079,0
72080,2
72081,0
72082,1
72083,0
72084,0
72085,1
72086,1
72087,0
72088,0
72089,0
72090,0
72091,0
72092,0
72093,0
72094,2
72095,0
72096,0
72097,0
72098,1
72099,1
72100,0
72101,0
72102,0
72103,2
72104,0
72105,0
72106,0
72107,0
72108,1
72109,2
72110,2
72111,4
72112,1
72113,0
72114,2
72115,1
72116,0
72117,0
72118,0
72119,0
72120,1
72121,1
72122,1
72123,0
72124,1
72125,0
72126,3
72127,1
72128,1
72129,0
72130,0
72131,0
72132,1
72133,0
72134,0
72135,0
72136,0
72137,0
72138,0
72139,1
72140,1
72141,0
72142,0
72143,0
72144,1
72145,0
72146,0
72147,2
72148,1
72149,0
72150,0
72151,1
72152,0
72153,3
72154,0
72155,1
72156,0
72157,0
72158,1
72159,0
72160,0
72161,1
72162,1
72163,1
72164,1
72165,0
72166,1
72167,0
72168,1
72169,0
72170,1
72171,1
72172,1
72173,1
72174,0
72175,1
72176,2
72177,0
72178,0
72179,0
72180,3
72181,0
72182,0
72183,0
72184,0
72185,1
72186,1
72187,0
72188,1
72189,0
72190,0
72191,0
72192,0
72193,0
72194,0
72195,1
72196,1
72197,2
72198,0
72199,0
72200,1
72201,0
72202,1
72203,1
72204,1
72205,1
72206,1
72207,0
72208,1
72209,1
72210,0
72211,1
72212,0
72213,0
72214,7
72215,1
72216,0
72217,1
72218,5
72219,2
72220,0
72221,0
72222,1
72223,0
72224,0
72225,0
72226,4
72227,2
72228,0
72229,0
72230,1
72231,0
72232,1
72233,1
72234,0
72235,3
72236,1
72237,0
72238,1
72239,2
72240,0
72241,0
72242,0
72243,0
72244,0
72245,0
72246,0
72247,0
72248,2
72249,1
72250,2
72251,2
72252,1
72253,0
72254,1
72255,0
72256,0
72257,0
72258,0
72259,1
72260,3
72261,4
72262,2
72263,0
72264,0
72265,0
72266,2
72267,5
72268,0
72269,1
72270,1
72271,1
72272,4
72273,2
72274,0
72275,3
72276,0
72277,1
72278,0
72279,0
72280,0
72281,0
72282,0
72283,1
72284,0
72285,0
72286,0
72287,0
72288,0
72289,1
72290,0
72291,0
72292,0
72293,0
72294,1
72295,0
72296,1
72297,1
72298,2
72299,2
72300,2
72301,2
72302,0
72303,0
72304,0
72305,3
72306,1
72307,0
72308,0
72309,1
72310,0
72311,0
72312,0
72313,3
72314,3
72315,2
72316,1
72317,1
72318,0
72319,2
72320,8
72321,1
72322,0
72323,2
72324,0
72325,0
72326,1
72327,2
72328,0
72329,2
72330,0
72331,0
72332,0
72333,2
72334,2
72335,1
72336,0
72337,0
72338,0
72339,1
72340,0
72341,1
72342,3
72343,3
72344,0
72345,0
72346,0
72347,0
72348,0
72349,12
72350,6
72351,5
72352,7
72353,8
72354,0
72355,0
72356,0
72357,0
72358,2
72359,2
72360,0
72361,0
72362,1
72363,1
72364,0
72365,0
72366,0
72367,1
72368,0
72369,1
72370,1
72371,0
72372,0
72373,0
72374,0
72375,0
72376,0
72377,1
72378,0
72379,0
72380,0
72381,0
72382,3
72383,0
72384,3
72385,0
72386,0
72387,1
72388,0
72389,0
72390,1
72391,3
72392,0
72393,2
72394,3
72395,0
72396,0
72397,0
72398,0
72399,0
72400,1
72401,1
72402,0
72403,0
72404,0
72405,0
72406,0
72407,0
72408,0
72409,0
72410,1
72411,0
72412,1
72413,2
72414,0
72415,2
72416,0
72417,0
72418,0
72419,2
72420,1
72421,2
72422,2
72423,0
72424,0
72425,1
72426,0
72427,1
72428,0
72429,0
72430,2
72431,5
72432,1
72433,0
72434,1
72435,2
72436,0
72437,0
72438,1
72439,0
72440,2
72441,2
72442,1
72443,0
72444,0
72445,0
72446,1
72447,2
72448,2
72449,0
72450,0
72451,2
72452,2
72453,0
72454,0
72455,1
72456,0
72457,2
72458,0
72459,1
72460,0
72461,0
72462,0
72463,0
72464,2
72465,2
72466,0
72467,0
72468,0
72469,1
72470,0
72471,0
72472,0
72473,0
72474,1
72475,0
72476,0
72477,0
72478,0
72479,0
72480,3
72481,1
72482,1
72483,4
72484,0
72485,2
72486,0
72487,0
72488,0
72489,1
72490,0
72491,1
72492,0
72493,3
72494,4
72495,0
72496,0
72497,2
72498,1
72499,1
72500,2
72501,0
72502,0
72503,0
72504,0
72505,1
72506,0
72507,0
72508,3
72509,0
72510,0
72511,5
72512,3
72513,1
72514,0
72515,1
72516,0
72517,0
72518,1
72519,1
72520,1
72521,1
72522,3
72523,0
72524,0
72525,0
72526,0
72527,0
72528,0
72529,0
72530,0
72531,0
72532,0
72533,1
72534,1
72535,0
72536,3
72537,0
72538,0
72539,2
72540,1
72541,0
72542,0
72543,1
72544,1
72545,1
72546,2
72547,1
72548,1
72549,2
72550,1
72551,0
72552,0
72553,0
72554,0
72555,1
72556,1
72557,1
72558,0
72559,1
72560,0
72561,1
72562,1
72563,0
72564,0
72565,0
72566,0
72567,0
72568,1
72569,2
72570,1
72571,3
72572,0
72573,3
72574,0
72575,0
72576,0
72577,6
72578,1
72579,0
72580,8
72581,1
72582,0
72583,2
72584,1
72585,0
72586,2
72587,1
72588,1
72589,0
72590,0
72591,0
72592,1
72593,0
72594,1
72595,1
72596,0
72597,1
72598,0
72599,0
72600,1
72601,2
72602,0
72603,0
72604,2
72605,0
72606,3
72607,0
72608,0
72609,0
72610,0
72611,0
72612,0
72613,0
72614,0
72615,0
72616,0
72617,0
72618,0
72619,1
72620,0
72621,1
72622,0
72623,0
72624,2
72625,8
72626,11
72627,1
72628,1
72629,1
72630,0
72631,2
72632,0
72633,1
72634,0
72635,0
72636,1
72637,0
72638,1
72639,1
72640,0
72641,2
72642,0
72643,0
72644,1
72645,2
72646,0
72647,0
72648,0
72649,0
72650,0
72651,0
72652,0
72653,0
72654,1
72655,0
72656,0
72657,1
72658,0
72659,0
72660,0
72661,0
72662,0
72663,0
72664,0
72665,0
72666,0
72667,0
72668,0
72669,0
72670,0
72671,0
72672,1
72673,2
72674,0
72675,0
72676,1
72677,0
72678,1
72679,0
72680,0
72681,0
72682,0
72683,0
72684,0
72685,0
72686,1
72687,0
72688,0
72689,0
72690,1
72691,0
72692,0
72693,1
72694,0
72695,0
72696,0
72697,1
72698,0
72699,0
72700,0
72701,3
72702,3
72703,0
72704,0
72705,0
72706,0
72707,1
72708,1
72709,0
72710,1
72711,0
72712,0
72713,1
72714,0
72715,0
72716,1
72717,0
72718,0
72719,0
72720,0
72721,0
72722,0
72723,0
72724,0
72725,1
72726,1
72727,0
72728,0
72729,0
72730,0
72731,0
72732,1
72733,0
72734,0
72735,1
72736,0
72737,0
72738,0
72739,0
72740,2
72741,2
72742,4
72743,1
72744,0
72745,1
72746,2
72747,0
72748,0
72749,1
72750,0
72751,0
72752,0
72753,0
72754,1
72755,0
72756,0
72757,0
72758,0
72759,0
72760,0
72761,0
72762,0
72763,0
72764,0
72765,1
72766,0
72767,1
72768,0
72769,1
72770,1
72771,0
72772,1
72773,0
72774,0
72775,1
72776,0
72777,1
72778,1
72779,1
72780,0
72781,0
72782,0
72783,0
72784,0
72785,0
72786,1
72787,0
72788,1
72789,1
72790,0
72791,1
72792,1
72793,2
72794,0
72795,1
72796,1
72797,0
72798,0
72799,1
72800,2
72801,1
72802,0
72803,1
72804,1
72805,0
72806,1
72807,2
72808,1
72809,1
72810,0
72811,2
72812,0
72813,0
72814,2
72815,1
72816,1
72817,0
72818,1
72819,0
72820,2
72821,0
72822,0
72823,0
72824,0
72825,0
72826,1
72827,2
72828,0
72829,0
72830,0
72831,0
72832,0
72833,0
72834,0
72835,2
72836,0
72837,0
72838,0
72839,0
72840,0
72841,0
72842,1
72843,0
72844,0
72845,0
72846,1
72847,0
72848,0
72849,0
72850,1
72851,1
72852,0
72853,0
72854,1
72855,2
72856,2
72857,1
72858,0
72859,0
72860,0
72861,0
72862,0
72863,0
72864,0
72865,0
72866,1
72867,0
72868,0
72869,0
72870,0
72871,5
72872,0
72873,1
72874,0
72875,1
72876,0
72877,0
72878,0
72879,0
72880,1
72881,0
72882,0
72883,1
72884,1
72885,2
72886,0
72887,0
72888,0
72889,0
72890,0
72891,1
72892,0
72893,1
72894,2
72895,1
72896,0
72897,1
72898,0
72899,0
72900,1
72901,1
72902,0
72903,0
72904,0
72905,0
72906,0
72907,0
72908,1
72909,0
72910,0
72911,1
72912,0
72913,0
72914,0
72915,0
72916,3
72917,2
72918,0
72919,0
72920,2
72921,0
72922,1
72923,0
72924,0
72925,0
72926,1
72927,0
72928,1
72929,1
72930,1
72931,3
72932,0
72933,0
72934,0
72935,0
72936,1
72937,0
72938,1
72939,0
72940,0
72941,1
72942,1
72943,0
72944,0
72945,0
72946,0
72947,1
72948,0
72949,0
72950,0
72951,1
72952,0
72953,0
72954,0
72955,0
72956,0
72957,0
72958,2
72959,4
72960,1
72961,3
72962,0
72963,0
72964,1
72965,2
72966,0
72967,1
72968,0
72969,1
72970,0
72971,1
72972,0
72973,0
72974,2
72975,1
72976,0
72977,1
72978,0
72979,0
72980,0
72981,2
72982,0
72983,0
72984,0
72985,0
72986,1
72987,1
72988,0
72989,0
72990,1
72991,0
72992,0
72993,1
72994,0
72995,1
72996,0
72997,0
72998,1
72999,1
73000,0
73001,1
73002,0
73003,0
73004,1
73005,0
73006,1
73007,0
73008,0
73009,1
73010,1
73011,3
73012,5
73013,1
73014,2
73015,0
73016,1
73017,0
73018,0
73019,0
73020,0
73021,0
73022,0
73023,0
73024,3
73025,0
73026,0
73027,1
73028,0
73029,0
73030,0
73031,0
73032,1
73033,1
73034,1
73035,1
73036,0
73037,1
73038,0
73039,1
73040,0
73041,0
73042,0
73043,0
73044,2
73045,1
73046,0
73047,0
73048,0
73049,0
73050,0
73051,0
73052,0
73053,2
73054,1
73055,1
73056,1
73057,3
73058,2
73059,0
73060,0
73061,1
73062,0
73063,1
73064,0
73065,0
73066,0
73067,1
73068,0
73069,2
73070,1
73071,1
73072,0
73073,0
73074,1
73075,1
73076,0
73077,0
73078,0
73079,0
73080,0
73081,0
73082,0
73083,0
73084,0
73085,1
73086,0
73087,0
73088,0
73089,0
73090,2
73091,0
73092,1
73093,1
73094,0
73095,0
73096,0
73097,0
73098,0
73099,0
73100,1
73101,2
73102,1
73103,1
73104,0
73105,0
73106,0
73107,1
73108,0
73109,1
73110,0
73111,0
73112,0
73113,0
73114,0
73115,1
73116,0
73117,0
73118,1
73119,0
73120,0
73121,1
73122,0
73123,0
73124,0
73125,0
73126,4
73127,1
73128,1
73129,1
73130,1
73131,0
73132,9
73133,0
73134,1
73135,0
73136,1
73137,0
73138,2
73139,0
73140,1
73141,0
73142,0
73143,0
73144,1
73145,0
73146,0
73147,1
73148,0
73149,0
73150,0
73151,0
73152,0
73153,0
73154,0
73155,0
73156,0
73157,0
73158,0
73159,0
73160,1
73161,1
73162,0
73163,0
73164,3
73165,3
73166,0
73167,1
73168,1
73169,0
73170,0
73171,0
73172,3
73173,0
73174,1
73175,1
73176,1
73177,0
73178,1
73179,0
73180,0
73181,0
73182,0
73183,0
73184,0
73185,0
73186,0
73187,1
73188,0
73189,0
73190,0
73191,1
73192,0
73193,0
73194,1
73195,0
73196,1
73197,0
73198,0
73199,0
73200,0
73201,0
73202,2
73203,1
73204,1
73205,0
73206,2
73207,0
73208,1
73209,1
73210,0
73211,1
73212,1
73213,0
73214,2
73215,0
73216,2
73217,0
73218,0
73219,2
73220,1
73221,0
73222,2
73223,2
73224,3
73225,3
73226,1
73227,3
73228,8
73229,4
73230,3
73231,2
73232,1
73233,0
73234,3
73235,1
73236,0
73237,0
73238,0
73239,3
73240,0
73241,1
73242,2
73243,1
73244,0
73245,1
73246,0
73247,0
73248,0
73249,3
73250,1
73251,2
73252,0
73253,1
73254,1
73255,0
73256,0
73257,0
73258,2
73259,0
73260,2
73261,1
73262,2
73263,1
73264,1
73265,0
73266,1
73267,2
73268,4
73269,0
73270,0
73271,0
73272,2
73273,2
73274,0
73275,1
73276,0
73277,0
73278,0
73279,0
73280,2
73281,1
73282,0
73283,1
73284,0
73285,0
73286,3
73287,1
73288,1
73289,3
73290,2
73291,0
73292,8
73293,1
73294,2
73295,1
73296,0
73297,1
73298,0
73299,0
73300,0
73301,0
73302,0
73303,0
73304,2
73305,0
73306,0
73307,1
73308,1
73309,0
73310,0
73311,1
73312,0
73313,0
73314,1
73315,1
73316,1
73317,0
73318,1
73319,4
73320,0
73321,1
73322,0
73323,1
73324,0
73325,4
73326,0
73327,2
73328,3
73329,0
73330,0
73331,0
73332,1
73333,0
73334,0
73335,0
73336,0
73337,0
73338,0
73339,1
73340,0
73341,0
73342,1
73343,1
73344,1
73345,0
73346,4
73347,0
73348,1
73349,0
73350,0
73351,1
73352,0
73353,1
73354,0
73355,2
73356,0
73357,0
73358,1
73359,1
73360,0
73361,0
73362,1
73363,0
73364,1
73365,1
73366,0
73367,0
73368,0
73369,0
73370,0
73371,0
73372,1
73373,0
73374,0
73375,0
73376,0
73377,0
73378,0
73379,1
73380,1
73381,1
73382,0
73383,1
73384,2
73385,1
73386,0
73387,0
73388,0
73389,0
73390,0
73391,1
73392,2
73393,0
73394,0
73395,0
73396,0
73397,0
73398,0
73399,2
73400,1
73401,2
73402,1
73403,0
73404,0
73405,1
73406,0
73407,0
73408,0
73409,0
73410,1
73411,2
73412,2
73413,0
73414,0
73415,0
73416,0
73417,0
73418,0
73419,0
73420,0
73421,3
73422,1
73423,0
73424,3
73425,0
73426,2
73427,0
73428,0
73429,0
73430,0
73431,0
73432,1
73433,1
73434,0
73435,0
73436,0
73437,0
73438,1
73439,0
73440,0
73441,0
73442,0
73443,2
73444,0
73445,1
73446,1
73447,0
73448,0
73449,3
73450,0
73451,0
73452,1
73453,1
73454,2
73455,2
73456,1
73457,0
73458,1
73459,1
73460,0
73461,1
73462,1
73463,1
73464,0
73465,0
73466,1
73467,1
73468,0
73469,0
73470,0
73471,0
73472,0
73473,1
73474,0
73475,0
73476,1
73477,0
73478,0
73479,1
73480,1
73481,0
73482,5
73483,0
73484,0
73485,0
73486,0
73487,2
73488,3
73489,2
73490,0
73491,1
73492,2
73493,0
73494,0
73495,0
73496,0
73497,2
73498,0
73499,1
73500,1
73501,1
73502,1
73503,2
73504,2
73505,0
73506,0
73507,0
73508,1
73509,1
73510,0
73511,0
73512,1
73513,1
73514,0
73515,0
73516,2
73517,1
73518,1
73519,1
73520,0
73521,0
73522,1
73523,0
73524,2
73525,0
73526,0
73527,0
73528,1
73529,0
73530,1
73531,0
73532,0
73533,0
73534,3
73535,1
73536,0
73537,1
73538,0
73539,0
73540,0
73541,2
73542,0
73543,4
73544,2
73545,2
73546,0
73547,0
73548,1
73549,0
73550,0
73551,1
73552,0
73553,0
73554,0
73555,1
73556,3
73557,0
73558,0
73559,0
73560,1
73561,3
73562,0
73563,0
73564,0
73565,0
73566,0
73567,0
73568,2
73569,1
73570,0
73571,1
73572,1
73573,0
73574,1
73575,1
73576,0
73577,2
73578,0
73579,0
73580,2
73581,0
73582,1
73583,1
73584,1
73585,0
73586,1
73587,0
73588,1
73589,0
73590,2
73591,0
73592,3
73593,1
73594,3
73595,3
73596,7
73597,6
73598,4
73599,1
73600,1
73601,0
73602,1
73603,0
73604,0
73605,0
73606,1
73607,0
73608,4
73609,0
73610,4
73611,3
73612,0
73613,0
73614,0
73615,2
73616,0
73617,0
73618,1
73619,1
73620,0
73621,2
73622,0
73623,0
73624,1
73625,0
73626,1
73627,1
73628,0
73629,2
73630,1
73631,2
73632,0
73633,0
73634,0
73635,0
73636,3
73637,0
73638,0
73639,1
73640,1
73641,0
73642,2
73643,5
73644,0
73645,5
73646,0
73647,0
73648,2
73649,0
73650,0
73651,2
73652,0
73653,14
73654,1
73655,0
73656,0
73657,0
73658,0
73659,0
73660,1
73661,0
73662,2
73663,0
73664,0
73665,4
73666,0
73667,1
73668,1
73669,0
73670,1
73671,0
73672,0
73673,1
73674,0
73675,0
73676,2
73677,0
73678,0
73679,2
73680,0
73681,0
73682,1
73683,0
73684,0
73685,0
73686,0
73687,1
73688,0
73689,0
73690,1
73691,0
73692,0
73693,0
73694,0
73695,1
73696,0
73697,3
73698,0
73699,0
73700,2
73701,0
73702,0
73703,1
73704,0
73705,0
73706,1
73707,0
73708,1
73709,2
73710,0
73711,0
73712,0
73713,3
73714,0
73715,0
73716,0
73717,1
73718,0
73719,0
73720,0
73721,1
73722,0
73723,0
73724,1
73725,1
73726,2
73727,1
73728,1
73729,2
73730,0
73731,0
73732,0
73733,1
73734,1
73735,1
73736,1
73737,0
73738,1
73739,1
73740,0
73741,0
73742,1
73743,0
73744,0
73745,2
73746,1
73747,1
73748,0
73749,0
73750,1
73751,2
73752,1
73753,0
73754,2
73755,0
73756,0
73757,0
73758,2
73759,0
73760,0
73761,0
73762,0
73763,0
73764,2
73765,2
73766,2
73767,1
73768,2
73769,0
73770,0
73771,0
73772,0
73773,2
73774,1
73775,1
73776,1
73777,0
73778,0
73779,0
73780,0
73781,2
73782,2
73783,1
73784,0
73785,2
73786,1
73787,0
73788,2
73789,2
73790,1
73791,0
73792,0
73793,1
73794,1
73795,0
73796,0
73797,2
73798,0
73799,1
73800,0
73801,0
73802,0
73803,3
73804,1
73805,1
73806,1
73807,0
73808,0
73809,1
73810,1
73811,2
73812,0
73813,2
73814,2
73815,0
73816,1
73817,2
73818,0
73819,0
73820,2
73821,0
73822,0
73823,0
73824,1
73825,0
73826,0
73827,1
73828,0
73829,0
73830,0
73831,0
73832,1
73833,0
73834,0
73835,0
73836,0
73837,0
73838,0
73839,2
73840,0
73841,1
73842,0
73843,0
73844,1
73845,0
73846,0
73847,0
73848,0
73849,0
73850,1
73851,3
73852,1
73853,1
73854,2
73855,0
73856,1
73857,0
73858,2
73859,0
73860,1
73861,1
73862,2
73863,0
73864,1
73865,1
73866,0
73867,0
73868,0
73869,0
73870,0
73871,0
73872,0
73873,1
73874,0
73875,0
73876,0
73877,2
73878,1
73879,0
73880,1
73881,2
73882,0
73883,1
73884,3
73885,3
73886,1
73887,1
73888,1
73889,1
73890,0
73891,2
73892,1
73893,1
73894,1
73895,1
73896,1
73897,1
73898,1
73899,0
73900,0
73901,0
73902,0
73903,1
73904,1
73905,0
73906,0
73907,0
73908,0
73909,0
73910,0
73911,0
73912,1
73913,0
73914,0
73915,1
73916,0
73917,1
73918,1
73919,0
73920,0
73921,0
73922,0
73923,0
73924,0
73925,2
73926,0
73927,0
73928,0
73929,1
73930,1
73931,0
73932,0
73933,1
73934,0
73935,0
73936,0
73937,0
73938,1
73939,1
73940,0
73941,0
73942,1
73943,1
73944,0
73945,1
73946,0
73947,2
73948,1
73949,1
73950,0
73951,0
73952,1
73953,2
73954,0
73955,1
73956,0
73957,0
73958,0
73959,0
73960,0
73961,1
73962,3
73963,0
73964,0
73965,0
73966,1
73967,0
73968,0
73969,0
73970,0
73971,0
73972,2
73973,1
73974,1
73975,0
73976,1
73977,2
73978,1
73979,0
73980,0
73981,1
73982,0
73983,0
73984,0
73985,0
73986,0
73987,2
73988,1
73989,1
73990,0
73991,0
73992,0
73993,2
73994,1
73995,1
73996,1
73997,0
73998,2
73999,1
74000,1
74001,1
74002,0
74003,2
74004,1
74005,0
74006,0
74007,0
74008,1
74009,0
74010,1
74011,0
74012,0
74013,2
74014,0
74015,0
74016,1
74017,1
74018,0
74019,2
74020,0
74021,1
74022,0
74023,0
74024,1
74025,1
74026,0
74027,0
74028,2
74029,3
74030,0
74031,1
74032,0
74033,5
74034,3
74035,0
74036,1
74037,0
74038,1
74039,3
74040,9
74041,0
74042,1
74043,0
74044,0
74045,1
74046,3
74047,3
74048,2
74049,2
74050,1
74051,0
74052,0
74053,1
74054,2
74055,0
74056,0
74057,0
74058,1
74059,0
74060,0
74061,0
74062,0
74063,0
74064,0
74065,0
74066,0
74067,0
74068,0
74069,0
74070,1
74071,0
74072,1
74073,0
74074,0
74075,0
74076,0
74077,0
74078,1
74079,2
74080,1
74081,1
74082,1
74083,0
74084,1
74085,0
74086,0
74087,0
74088,2
74089,1
74090,0
74091,1
74092,0
74093,0
74094,1
74095,0
74096,0
74097,1
74098,1
74099,0
74100,0
74101,0
74102,0
74103,1
74104,0
74105,0
74106,0
74107,0
74108,2
74109,0
74110,1
74111,2
74112,1
74113,1
74114,0
74115,2
74116,0
74117,0
74118,3
74119,0
74120,0
74121,1
74122,0
74123,0
74124,1
74125,0
74126,0
74127,0
74128,1
74129,2
74130,0
74131,2
74132,1
74133,0
74134,2
74135,0
74136,0
74137,1
74138,0
74139,0
74140,0
74141,1
74142,1
74143,1
74144,1
74145,0
74146,0
74147,1
74148,1
74149,0
74150,2
74151,0
74152,0
74153,1
74154,3
74155,2
74156,1
74157,1
74158,1
74159,1
74160,2
74161,0
74162,0
74163,0
74164,0
74165,0
74166,0
74167,1
74168,0
74169,1
74170,0
74171,0
74172,1
74173,0
74174,6
74175,1
74176,2
74177,2
74178,1
74179,2
74180,3
74181,0
74182,0
74183,0
74184,1
74185,1
74186,0
74187,0
74188,0
74189,0
74190,1
74191,0
74192,2
74193,0
74194,0
74195,0
74196,0
74197,0
74198,0
74199,0
74200,0
74201,0
74202,0
74203,0
74204,0
74205,0
74206,1
74207,1
74208,1
74209,0
74210,0
74211,0
74212,0
74213,1
74214,0
74215,1
74216,1
74217,0
74218,0
74219,1
74220,1
74221,1
74222,1
74223,2
74224,0
74225,0
74226,0
74227,0
74228,2
74229,0
74230,1
74231,0
74232,0
74233,1
74234,1
74235,1
74236,1
74237,2
74238,1
74239,2
74240,1
74241,0
74242,2
74243,0
74244,2
74245,1
74246,0
74247,0
74248,0
74249,0
74250,2
74251,1
74252,0
74253,0
74254,0
74255,0
74256,3
74257,0
74258,1
74259,4
74260,0
74261,0
74262,0
74263,1
74264,1
74265,0
74266,0
74267,1
74268,0
74269,0
74270,2
74271,1
74272,0
74273,1
74274,0
74275,8
74276,0
74277,0
74278,1
74279,0
74280,0
74281,2
74282,0
74283,0
74284,0
74285,0
74286,1
74287,1
74288,0
74289,1
74290,0
74291,0
74292,0
74293,0
74294,0
74295,0
74296,0
74297,0
74298,1
74299,1
74300,0
74301,2
74302,2
74303,0
74304,0
74305,4
74306,1
74307,0
74308,1
74309,0
74310,1
74311,1
74312,2
74313,2
74314,1
74315,3
74316,1
74317,2
74318,1
74319,2
74320,2
74321,0
74322,0
74323,0
74324,1
74325,0
74326,0
74327,2
74328,0
74329,1
74330,0
74331,0
74332,1
74333,0
74334,0
74335,0
74336,0
74337,0
74338,0
74339,0
74340,2
74341,0
74342,0
74343,1
74344,0
74345,0
74346,0
74347,0
74348,2
74349,0
74350,0
74351,0
74352,0
74353,0
74354,0
74355,0
74356,1
74357,0
74358,1
74359,0
74360,2
74361,1
74362,0
74363,0
74364,1
74365,0
74366,0
74367,2
74368,0
74369,0
74370,1
74371,1
74372,0
74373,0
74374,0
74375,0
74376,1
74377,1
74378,0
74379,0
74380,0
74381,1
74382,0
74383,0
74384,0
74385,0
74386,0
74387,2
74388,1
74389,0
74390,1
74391,0
74392,0
74393,0
74394,0
74395,2
74396,1
74397,0
74398,0
74399,0
74400,1
74401,0
74402,0
74403,1
74404,1
74405,2
74406,0
74407,3
74408,1
74409,0
74410,2
74411,2
74412,1
74413,0
74414,0
74415,0
74416,1
74417,1
74418,0
74419,0
74420,1
74421,0
74422,0
74423,0
74424,0
74425,0
74426,3
74427,0
74428,0
74429,1
74430,0
74431,0
74432,1
74433,2
74434,0
74435,0
74436,1
74437,0
74438,1
74439,0
74440,0
74441,0
74442,0
74443,2
74444,2
74445,0
74446,0
74447,1
74448,0
74449,1
74450,2
74451,0
74452,0
74453,0
74454,0
74455,0
74456,0
74457,0
74458,1
74459,1
74460,0
74461,0
74462,0
74463,0
74464,1
74465,1
74466,1
74467,0
74468,0
74469,1
74470,0
74471,0
74472,0
74473,0
74474,0
74475,0
74476,0
74477,0
74478,0
74479,1
74480,0
74481,1
74482,1
74483,1
74484,0
74485,0
74486,1
74487,1
74488,1
74489,0
74490,1
74491,0
74492,1
74493,0
74494,0
74495,0
74496,0
74497,0
74498,0
74499,1
74500,0
74501,1
74502,0
74503,0
74504,0
74505,0
74506,1
74507,0
74508,0
74509,0
74510,1
74511,1
74512,0
74513,0
74514,3
74515,1
74516,1
74517,2
74518,0
74519,3
74520,0
74521,2
74522,0
74523,1
74524,0
74525,3
74526,3
74527,0
74528,0
74529,0
74530,1
74531,3
74532,2
74533,0
74534,0
74535,0
74536,4
74537,0
74538,0
74539,1
74540,3
74541,1
74542,0
74543,0
74544,0
74545,0
74546,0
74547,0
74548,2
74549,0
74550,0
74551,0
74552,0
74553,0
74554,0
74555,0
74556,0
74557,2
74558,0
74559,1
74560,0
74561,0
74562,0
74563,4
74564,4
74565,0
74566,0
74567,2
74568,2
74569,0
74570,0
74571,0
74572,1
74573,0
74574,1
74575,0
74576,0
74577,1
74578,0
74579,0
74580,0
74581,0
74582,0
74583,0
74584,0
74585,0
74586,6
74587,2
74588,0
74589,1
74590,1
74591,0
74592,2
74593,1
74594,2
74595,0
74596,1
74597,0
74598,0
74599,0
74600,0
74601,0
74602,0
74603,1
74604,1
74605,0
74606,0
74607,0
74608,2
74609,0
74610,0
74611,0
74612,0
74613,0
74614,0
74615,0
74616,0
74617,1
74618,0
74619,0
74620,0
74621,2
74622,0
74623,0
74624,1
74625,5
74626,7
74627,0
74628,1
74629,0
74630,0
74631,1
74632,0
74633,0
74634,0
74635,0
74636,0
74637,0
74638,1
74639,0
74640,0
74641,1
74642,1
74643,1
74644,0
74645,0
74646,0
74647,0
74648,1
74649,0
74650,2
74651,0
74652,2
74653,1
74654,0
74655,2
74656,0
74657,0
74658,0
74659,0
74660,0
74661,0
74662,1
74663,0
74664,2
74665,0
74666,0
74667,0
74668,0
74669,3
74670,0
74671,0
74672,1
74673,1
74674,0
74675,0
74676,4
74677,1
74678,3
74679,0
74680,1
74681,0
74682,0
74683,0
74684,0
74685,0
74686,2
74687,0
74688,1
74689,1
74690,1
74691,0
74692,3
74693,0
74694,0
74695,1
74696,1
74697,1
74698,0
74699,0
74700,0
74701,0
74702,0
74703,0
74704,0
74705,1
74706,0
74707,1
74708,1
74709,2
74710,1
74711,0
74712,0
74713,0
74714,0
74715,1
74716,0
74717,1
74718,0
74719,0
74720,0
74721,0
74722,0
74723,0
74724,0
74725,2
74726,0
74727,0
74728,3
74729,1
74730,1
74731,1
74732,2
74733,0
74734,0
74735,0
74736,1
74737,0
74738,0
74739,0
74740,0
74741,0
74742,0
74743,1
74744,0
74745,0
74746,1
74747,1
74748,1
74749,0
74750,0
74751,1
74752,0
74753,2
74754,0
74755,1
74756,0
74757,2
74758,0
74759,1
74760,1
74761,0
74762,0
74763,0
74764,0
74765,1
74766,0
74767,2
74768,2
74769,2
74770,1
74771,0
74772,0
74773,0
74774,1
74775,3
74776,0
74777,1
74778,1
74779,4
74780,0
74781,1
74782,0
74783,1
74784,1
74785,0
74786,1
74787,0
74788,1
74789,1
74790,2
74791,0
74792,1
74793,1
74794,0
74795,0
74796,0
74797,3
74798,1
74799,3
74800,0
74801,0
74802,0
74803,0
74804,2
74805,0
74806,1
74807,0
74808,1
74809,0
74810,3
74811,1
74812,0
74813,0
74814,0
74815,1
74816,0
74817,1
74818,3
74819,0
74820,0
74821,0
74822,1
74823,0
74824,0
74825,1
74826,0
74827,1
74828,0
74829,0
74830,0
74831,0
74832,0
74833,0
74834,1
74835,2
74836,0
74837,1
74838,1
74839,0
74840,0
74841,1
74842,1
74843,3
74844,0
74845,0
74846,0
74847,3
74848,1
74849,2
74850,0
74851,0
74852,3
74853,1
74854,0
74855,0
74856,2
74857,1
74858,0
74859,0
74860,4
74861,0
74862,4
74863,2
74864,1
74865,2
74866,3
74867,1
74868,2
74869,1
74870,0
74871,1
74872,1
74873,1
74874,0
74875,1
74876,0
74877,0
74878,0
74879,1
74880,0
74881,0
74882,0
74883,0
74884,1
74885,0
74886,0
74887,0
74888,1
74889,0
74890,0
74891,0
74892,1
74893,0
74894,0
74895,0
74896,0
74897,0
74898,1
74899,0
74900,1
74901,0
74902,0
74903,1
74904,0
74905,0
74906,0
74907,0
74908,1
74909,0
74910,2
74911,0
74912,1
74913,1
74914,2
74915,0
74916,0
74917,0
74918,0
74919,1
74920,0
74921,1
74922,0
74923,0
74924,0
74925,1
74926,0
74927,0
74928,0
74929,1
74930,0
74931,0
74932,0
74933,0
74934,0
74935,1
74936,0
74937,1
74938,0
74939,0
74940,3
74941,1
74942,1
74943,0
74944,0
74945,0
74946,0
74947,0
74948,0
74949,0
74950,0
74951,2
74952,1
74953,0
74954,0
74955,0
74956,0
74957,0
74958,0
74959,0
74960,0
74961,1
74962,2
74963,0
74964,1
74965,2
74966,0
74967,1
74968,2
74969,0
74970,0
74971,0
74972,0
74973,0
74974,1
74975,0
74976,2
74977,0
74978,0
74979,2
74980,0
74981,1
74982,1
74983,0
74984,0
74985,1
74986,0
74987,1
74988,0
74989,0
74990,1
74991,0
74992,0
74993,0
74994,1
74995,0
74996,0
74997,0
74998,0
74999,0
75000,0
75001,0
75002,0
75003,0
75004,0
75005,2
75006,0
75007,2
75008,0
75009,0
75010,1
75011,0
75012,0
75013,0
75014,0
75015,0
75016,1
75017,0
75018,0
75019,0
75020,0
75021,0
75022,1
75023,3
75024,0
75025,1
75026,0
75027,2
75028,0
75029,1
75030,0
75031,0
75032,0
75033,1
75034,0
75035,0
75036,0
75037,0
75038,0
75039,0
75040,1
75041,0
75042,0
75043,0
75044,0
75045,0
75046,2
75047,1
75048,0
75049,2
75050,3
75051,0
75052,1
75053,0
75054,1
75055,0
75056,1
75057,0
75058,4
75059,0
75060,1
75061,1
75062,0
75063,0
75064,2
75065,1
75066,1
75067,0
75068,4
75069,0
75070,0
75071,2
75072,1
75073,10
75074,0
75075,0
75076,0
75077,0
75078,0
75079,1
75080,2
75081,1
75082,1
75083,1
75084,3
75085,4
75086,2
75087,2
75088,2
75089,0
75090,0
75091,0
75092,1
75093,1
75094,1
75095,2
75096,1
75097,0
75098,0
75099,0
75100,0
75101,1
75102,0
75103,0
75104,2
75105,0
75106,2
75107,1
75108,0
75109,1
75110,0
75111,0
75112,2
75113,1
75114,0
75115,1
75116,1
75117,0
75118,0
75119,0
75120,0
75121,4
75122,0
75123,0
75124,0
75125,1
75126,0
75127,1
75128,2
75129,1
75130,1
75131,0
75132,0
75133,1
75134,0
75135,0
75136,0
75137,2
75138,0
75139,0
75140,2
75141,0
75142,0
75143,0
75144,1
75145,1
75146,0
75147,2
75148,2
75149,1
75150,1
75151,0
75152,1
75153,1
75154,5
75155,4
75156,3
75157,3
75158,3
75159,0
75160,0
75161,0
75162,5
75163,2
75164,0
75165,0
75166,2
75167,0
75168,0
75169,1
75170,1
75171,0
75172,2
75173,1
75174,1
75175,0
75176,2
75177,1
75178,3
75179,0
75180,0
75181,0
75182,0
75183,1
75184,1
75185,0
75186,3
75187,0
75188,0
75189,1
75190,0
75191,0
75192,2
75193,2
75194,0
75195,1
75196,2
75197,2
75198,0
75199,1
75200,0
75201,0
75202,0
75203,0
75204,0
75205,5
75206,1
75207,0
75208,0
75209,1
75210,0
75211,2
75212,2
75213,1
75214,3
75215,2
75216,2
75217,0
75218,2
75219,0
75220,0
75221,0
75222,0
75223,0
75224,1
75225,0
75226,0
75227,1
75228,0
75229,0
75230,1
75231,0
75232,0
75233,1
75234,1
75235,1
75236,2
75237,0
75238,0
75239,0
75240,1
75241,0
75242,0
75243,0
75244,0
75245,1
75246,1
75247,0
75248,1
75249,1
75250,1
75251,4
75252,0
75253,1
75254,0
75255,0
75256,1
75257,0
75258,0
75259,1
75260,0
75261,0
75262,1
75263,0
75264,1
75265,0
75266,1
75267,0
75268,1
75269,2
75270,1
75271,0
75272,1
75273,1
75274,2
75275,0
75276,0
75277,1
75278,0
75279,0
75280,0
75281,2
75282,0
75283,0
75284,0
75285,1
75286,0
75287,1
75288,1
75289,1
75290,0
75291,0
75292,0
75293,1
75294,0
75295,0
75296,0
75297,1
75298,0
75299,0
75300,2
75301,1
75302,0
75303,0
75304,0
75305,1
75306,1
75307,0
75308,0
75309,1
75310,0
75311,1
75312,0
75313,0
75314,0
75315,0
75316,0
75317,2
75318,0
75319,0
75320,0
75321,2
75322,0
75323,1
75324,0
75325,0
75326,1
75327,0
75328,2
75329,0
75330,0
75331,1
75332,0
75333,1
75334,1
75335,2
75336,0
75337,1
75338,0
75339,0
75340,0
75341,0
75342,0
75343,0
75344,2
75345,2
75346,0
75347,0
75348,3
75349,0
75350,0
75351,2
75352,1
75353,1
75354,1
75355,1
75356,1
75357,3
75358,1
75359,0
75360,2
75361,0
75362,1
75363,0
75364,0
75365,0
75366,0
75367,0
75368,2
75369,0
75370,0
75371,0
75372,1
75373,0
75374,0
75375,0
75376,0
75377,0
75378,1
75379,0
75380,0
75381,0
75382,1
75383,0
75384,0
75385,0
75386,0
75387,1
75388,0
75389,0
75390,1
75391,0
75392,0
75393,0
75394,2
75395,2
75396,0
75397,0
75398,0
75399,0
75400,0
75401,0
75402,0
75403,0
75404,0
75405,0
75406,0
75407,0
75408,0
75409,1
75410,0
75411,1
75412,0
75413,4
75414,13
75415,3
75416,4
75417,0
75418,1
75419,1
75420,0
75421,0
75422,0
75423,4
75424,1
75425,1
75426,1
75427,1
75428,0
75429,2
75430,1
75431,0
75432,0
75433,1
75434,0
75435,0
75436,3
75437,0
75438,7
75439,0
75440,2
75441,2
75442,0
75443,0
75444,0
75445,0
75446,2
75447,0
75448,0
75449,3
75450,1
75451,0
75452,0
75453,0
75454,0
75455,2
75456,0
75457,0
75458,0
75459,1
75460,1
75461,1
75462,0
75463,0
75464,0
75465,0
75466,1
75467,0
75468,0
75469,0
75470,1
75471,0
75472,0
75473,2
75474,0
75475,1
75476,2
75477,1
75478,2
75479,1
75480,0
75481,0
75482,0
75483,1
75484,0
75485,0
75486,1
75487,0
75488,0
75489,1
75490,0
75491,0
75492,0
75493,0
75494,0
75495,0
75496,0
75497,0
75498,0
75499,0
75500,2
75501,0
75502,1
75503,0
75504,0
75505,0
75506,0
75507,0
75508,1
75509,1
75510,0
75511,0
75512,0
75513,0
75514,0
75515,0
75516,1
75517,1
75518,0
75519,0
75520,0
75521,0
75522,1
75523,0
75524,0
75525,3
75526,1
75527,0
75528,3
75529,2
75530,2
75531,0
75532,0
75533,1
75534,0
75535,0
75536,0
75537,0
75538,1
75539,0
75540,1
75541,0
75542,2
75543,1
75544,1
75545,0
75546,1
75547,1
75548,2
75549,0
75550,1
75551,1
75552,1
75553,1
75554,0
75555,0
75556,0
75557,1
75558,3
75559,0
75560,0
75561,0
75562,0
75563,0
75564,2
75565,0
75566,0
75567,0
75568,0
75569,0
75570,1
75571,1
75572,2
75573,2
75574,2
75575,0
75576,0
75577,1
75578,0
75579,0
75580,0
75581,2
75582,1
75583,0
75584,3
75585,1
75586,1
75587,0
75588,0
75589,1
75590,3
75591,0
75592,0
75593,0
75594,0
75595,0
75596,0
75597,0
75598,0
75599,0
75600,1
75601,2
75602,1
75603,1
75604,0
75605,0
75606,0
75607,0
75608,2
75609,1
75610,1
75611,1
75612,0
75613,0
75614,1
75615,1
75616,1
75617,0
75618,1
75619,0
75620,2
75621,2
75622,0
75623,1
75624,1
75625,1
75626,1
75627,1
75628,1
75629,0
75630,0
75631,0
75632,1
75633,1
75634,0
75635,1
75636,2
75637,2
75638,0
75639,0
75640,1
75641,0
75642,0
75643,2
75644,0
75645,1
75646,1
75647,1
75648,1
75649,1
75650,1
75651,0
75652,0
75653,2
75654,2
75655,2
75656,1
75657,1
75658,1
75659,0
75660,3
75661,1
75662,0
75663,1
75664,1
75665,0
75666,0
75667,0
75668,2
75669,0
75670,1
75671,0
75672,2
75673,0
75674,0
75675,1
75676,0
75677,0
75678,1
75679,0
75680,0
75681,2
75682,0
75683,0
75684,0
75685,0
75686,0
75687,0
75688,0
75689,0
75690,0
75691,0
75692,1
75693,1
75694,1
75695,2
75696,0
75697,1
75698,0
75699,0
75700,0
75701,1
75702,0
75703,0
75704,0
75705,0
75706,1
75707,0
75708,0
75709,0
75710,1
75711,0
75712,0
75713,0
75714,2
75715,0
75716,0
75717,0
75718,0
75719,0
75720,1
75721,0
75722,1
75723,0
75724,2
75725,1
75726,0
75727,0
75728,1
75729,2
75730,0
75731,1
75732,0
75733,1
75734,1
75735,0
75736,0
75737,0
75738,0
75739,1
75740,0
75741,1
75742,0
75743,0
75744,2
75745,0
75746,0
75747,0
75748,0
75749,0
75750,0
75751,0
75752,0
75753,1
75754,2
75755,0
75756,1
75757,1
75758,2
75759,1
75760,0
75761,1
75762,0
75763,0
75764,0
75765,0
75766,0
75767,0
75768,0
75769,1
75770,1
75771,0
75772,0
75773,0
75774,0
75775,1
75776,0
75777,3
75778,2
75779,0
75780,1
75781,0
75782,0
75783,0
75784,0
75785,1
75786,1
75787,0
75788,0
75789,0
75790,0
75791,0
75792,1
75793,0
75794,0
75795,0
75796,2
75797,0
75798,0
75799,0
75800,1
75801,3
75802,1
75803,1
75804,1
75805,0
75806,1
75807,0
75808,2
75809,0
75810,2
75811,0
75812,1
75813,0
75814,0
75815,2
75816,1
75817,4
75818,0
75819,0
75820,0
75821,0
75822,0
75823,0
75824,0
75825,0
75826,0
75827,2
75828,0
75829,0
75830,0
75831,0
75832,0
75833,0
75834,0
75835,0
75836,0
75837,0
75838,0
75839,0
75840,0
75841,1
75842,0
75843,0
75844,0
75845,0
75846,2
75847,0
75848,1
75849,1
75850,5
75851,0
75852,2
75853,0
75854,0
75855,1
75856,1
75857,0
75858,0
75859,0
75860,0
75861,0
75862,0
75863,0
75864,1
75865,1
75866,1
75867,0
75868,0
75869,0
75870,0
75871,0
75872,0
75873,0
75874,0
75875,0
75876,0
75877,0
75878,1
75879,0
75880,0
75881,2
75882,0
75883,0
75884,1
75885,0
75886,0
75887,1
75888,2
75889,1
75890,1
75891,0
75892,0
75893,0
75894,0
75895,0
75896,1
75897,0
75898,4
75899,0
75900,1
75901,0
75902,0
75903,2
75904,0
75905,1
75906,1
75907,1
75908,1
75909,0
75910,1
75911,0
75912,0
75913,0
75914,1
75915,0
75916,1
75917,1
75918,1
75919,0
75920,0
75921,1
75922,1
75923,0
75924,0
75925,0
75926,0
75927,0
75928,0
75929,0
75930,0
75931,0
75932,0
75933,0
75934,1
75935,0
75936,0
75937,1
75938,0
75939,0
75940,0
75941,1
75942,0
75943,1
75944,0
75945,1
75946,0
75947,2
75948,0
75949,0
75950,1
75951,0
75952,0
75953,0
75954,0
75955,0
75956,0
75957,0
75958,1
75959,0
75960,0
75961,0
75962,0
75963,2
75964,0
75965,2
75966,0
75967,2
75968,0
75969,1
75970,1
75971,1
75972,0
75973,1
75974,0
75975,0
75976,1
75977,1
75978,2
75979,0
75980,1
75981,0
75982,0
75983,1
75984,0
75985,1
75986,1
75987,2
75988,0
75989,1
75990,2
75991,0
75992,0
75993,0
75994,0
75995,0
75996,1
75997,0
75998,0
75999,5
76000,0
76001,1
76002,4
76003,2
76004,0
76005,0
76006,1
76007,1
76008,1
76009,0
76010,0
76011,0
76012,0
76013,1
76014,2
76015,1
76016,0
76017,0
76018,0
76019,1
76020,0
76021,0
76022,0
76023,0
76024,0
76025,0
76026,0
76027,1
76028,0
76029,0
76030,1
76031,1
76032,0
76033,1
76034,0
76035,2
76036,1
76037,1
76038,0
76039,0
76040,2
76041,0
76042,3
76043,0
76044,1
76045,0
76046,0
76047,0
76048,0
76049,0
76050,0
76051,1
76052,0
76053,1
76054,1
76055,0
76056,0
76057,0
76058,3
76059,1
76060,0
76061,0
76062,0
76063,0
76064,2
76065,1
76066,3
76067,0
76068,3
76069,0
76070,1
76071,0
76072,2
76073,4
76074,3
76075,0
76076,0
76077,0
76078,1
76079,0
76080,0
76081,1
76082,0
76083,0
76084,0
76085,2
76086,2
76087,1
76088,0
76089,0
76090,1
76091,2
76092,2
76093,2
76094,1
76095,0
76096,0
76097,0
76098,1
76099,0
76100,0
76101,0
76102,0
76103,0
76104,0
76105,0
76106,3
76107,0
76108,1
76109,0
76110,1
76111,0
76112,0
76113,0
76114,0
76115,0
76116,2
76117,1
76118,0
76119,1
76120,2
76121,2
76122,0
76123,1
76124,3
76125,0
76126,1
76127,0
76128,1
76129,0
76130,0
76131,0
76132,0
76133,0
76134,1
76135,0
76136,0
76137,0
76138,0
76139,0
76140,3
76141,3
76142,0
76143,1
76144,0
76145,0
76146,3
76147,0
76148,0
76149,1
76150,0
76151,0
76152,1
76153,0
76154,0
76155,0
76156,0
76157,0
76158,0
76159,4
76160,7
76161,4
76162,0
76163,5
76164,0
76165,0
76166,1
76167,0
76168,0
76169,2
76170,0
76171,0
76172,0
76173,1
76174,0
76175,1
76176,1
76177,0
76178,2
76179,0
76180,0
76181,0
76182,0
76183,1
76184,0
76185,1
76186,0
76187,2
76188,1
76189,0
76190,0
76191,1
76192,1
76193,0
76194,2
76195,0
76196,1
76197,1
76198,1
76199,8
76200,2
76201,2
76202,1
76203,2
76204,2
76205,3
76206,0
76207,3
76208,0
76209,3
76210,2
76211,7
76212,5
76213,1
76214,2
76215,0
76216,0
76217,13
76218,0
76219,0
76220,0
76221,0
76222,0
76223,1
76224,0
76225,1
76226,1
76227,0
76228,0
76229,1
76230,1
76231,0
76232,6
76233,1
76234,2
76235,2
76236,0
76237,0
76238,1
76239,0
76240,0
76241,1
76242,1
76243,1
76244,3
76245,5
76246,2
76247,1
76248,0
76249,0
76250,0
76251,0
76252,1
76253,0
76254,3
76255,0
76256,2
76257,4
76258,0
76259,0
76260,0
76261,1
76262,1
76263,3
76264,2
76265,0
76266,5
76267,0
76268,0
76269,2
76270,0
76271,1
76272,0
76273,5
76274,0
76275,1
76276,4
76277,1
76278,0
76279,0
76280,1
76281,0
76282,0
76283,0
76284,1
76285,2
76286,1
76287,4
76288,6
76289,1
76290,1
76291,0
76292,5
76293,0
76294,0
76295,2
76296,1
76297,1
76298,0
76299,2
76300,0
76301,0
76302,0
76303,0
76304,1
76305,0
76306,2
76307,1
76308,0
76309,0
76310,2
76311,0
76312,0
76313,1
76314,0
76315,0
76316,0
76317,0
76318,0
76319,0
76320,0
76321,1
76322,0
76323,1
76324,1
76325,2
76326,0
76327,2
76328,2
76329,0
76330,1
76331,0
76332,0
76333,0
76334,0
76335,1
76336,0
76337,0
76338,1
76339,1
76340,0
76341,0
76342,1
76343,1
76344,0
76345,0
76346,1
76347,0
76348,1
76349,0
76350,1
76351,1
76352,1
76353,0
76354,0
76355,1
76356,2
76357,2
76358,2
76359,5
76360,1
76361,2
76362,3
76363,0
76364,3
76365,0
76366,2
76367,1
76368,1
76369,1
76370,2
76371,2
76372,1
76373,0
76374,0
76375,1
76376,0
76377,0
76378,1
76379,0
76380,0
76381,0
76382,1
76383,1
76384,0
76385,0
76386,0
76387,0
76388,0
76389,0
76390,0
76391,0
76392,0
76393,0
76394,1
76395,0
76396,1
76397,0
76398,1
76399,0
76400,0
76401,0
76402,0
76403,1
76404,0
76405,0
76406,0
76407,0
76408,0
76409,0
76410,1
76411,2
76412,0
76413,1
76414,1
76415,1
76416,1
76417,1
76418,3
76419,0
76420,1
76421,0
76422,1
76423,0
76424,1
76425,0
76426,1
76427,1
76428,1
76429,0
76430,1
76431,2
76432,0
76433,1
76434,0
76435,2
76436,0
76437,1
76438,2
76439,1
76440,1
76441,7
76442,1
76443,1
76444,1
76445,1
76446,2
76447,0
76448,3
76449,1
76450,0
76451,2
76452,0
76453,0
76454,0
76455,0
76456,0
76457,1
76458,1
76459,1
76460,2
76461,0
76462,1
76463,0
76464,1
76465,1
76466,0
76467,0
76468,0
76469,0
76470,1
76471,0
76472,3
76473,0
76474,0
76475,0
76476,2
76477,0
76478,1
76479,1
76480,0
76481,0
76482,0
76483,0
76484,0
76485,2
76486,0
76487,0
76488,2
76489,1
76490,0
76491,1
76492,0
76493,1
76494,0
76495,0
76496,0
76497,0
76498,0
76499,1
76500,1
76501,0
76502,1
76503,0
76504,0
76505,0
76506,2
76507,0
76508,1
76509,0
76510,0
76511,0
76512,2
76513,0
76514,0
76515,0
76516,0
76517,0
76518,0
76519,1
76520,0
76521,0
76522,0
76523,0
76524,0
76525,2
76526,2
76527,1
76528,0
76529,0
76530,0
76531,0
76532,0
76533,0
76534,0
76535,0
76536,0
76537,0
76538,0
76539,0
76540,2
76541,1
76542,0
76543,0
76544,0
76545,0
76546,1
76547,3
76548,0
76549,0
76550,0
76551,2
76552,0
76553,1
76554,5
76555,0
76556,0
76557,1
76558,0
76559,0
76560,1
76561,1
76562,0
76563,1
76564,0
76565,3
76566,2
76567,5
76568,0
76569,0
76570,0
76571,0
76572,0
76573,0
76574,1
76575,1
76576,2
76577,0
76578,0
76579,1
76580,0
76581,0
76582,0
76583,1
76584,0
76585,1
76586,1
76587,0
76588,1
76589,1
76590,4
76591,2
76592,0
76593,0
76594,0
76595,2
76596,0
76597,0
76598,3
76599,0
76600,0
76601,0
76602,0
76603,2
76604,3
76605,0
76606,1
76607,0
76608,0
76609,2
76610,0
76611,0
76612,0
76613,2
76614,0
76615,0
76616,5
76617,2
76618,0
76619,0
76620,0
76621,0
76622,1
76623,0
76624,0
76625,0
76626,0
76627,0
76628,0
76629,1
76630,0
76631,0
76632,0
76633,0
76634,1
76635,0
76636,1
76637,0
76638,0
76639,0
76640,0
76641,0
76642,0
76643,0
76644,1
76645,1
76646,0
76647,0
76648,1
76649,0
76650,0
76651,0
76652,1
76653,0
76654,0
76655,1
76656,1
76657,1
76658,2
76659,1
76660,1
76661,0
76662,0
76663,1
76664,0
76665,2
76666,1
76667,3
76668,1
76669,0
76670,5
76671,3
76672,1
76673,2
76674,3
76675,0
76676,4
76677,0
76678,0
76679,0
76680,2
76681,2
76682,0
76683,0
76684,0
76685,0
76686,0
76687,0
76688,1
76689,1
76690,0
76691,0
76692,0
76693,1
76694,4
76695,0
76696,0
76697,0
76698,1
76699,1
76700,1
76701,1
76702,0
76703,0
76704,0
76705,0
76706,0
76707,0
76708,0
76709,0
76710,0
76711,0
76712,0
76713,0
76714,0
76715,0
76716,0
76717,0
76718,0
76719,0
76720,1
76721,1
76722,1
76723,1
76724,0
76725,1
76726,1
76727,0
76728,1
76729,1
76730,0
76731,2
76732,1
76733,3
76734,0
76735,0
76736,2
76737,1
76738,0
76739,0
76740,0
76741,1
76742,0
76743,1
76744,0
76745,0
76746,2
76747,1
76748,0
76749,1
76750,0
76751,0
76752,0
76753,0
76754,1
76755,2
76756,0
76757,1
76758,0
76759,0
76760,0
76761,1
76762,0
76763,0
76764,0
76765,1
76766,0
76767,0
76768,0
76769,0
76770,3
76771,0
76772,1
76773,0
76774,0
76775,0
76776,0
76777,3
76778,0
76779,1
76780,0
76781,1
76782,0
76783,1
76784,1
76785,0
76786,0
76787,0
76788,2
76789,2
76790,1
76791,0
76792,0
76793,0
76794,0
76795,0
76796,0
76797,0
76798,2
76799,0
76800,0
76801,0
76802,1
76803,3
76804,1
76805,2
76806,0
76807,0
76808,0
76809,2
76810,0
76811,3
76812,0
76813,0
76814,0
76815,0
76816,0
76817,1
76818,1
76819,0
76820,0
76821,1
76822,0
76823,1
76824,0
76825,1
76826,3
76827,1
76828,2
76829,0
76830,1
76831,0
76832,1
76833,1
76834,0
76835,0
76836,0
76837,0
76838,1
76839,2
76840,1
76841,1
76842,0
76843,0
76844,0
76845,0
76846,3
76847,0
76848,0
76849,4
76850,0
76851,0
76852,0
76853,0
76854,1
76855,0
76856,0
76857,0
76858,1
76859,1
76860,0
76861,0
76862,2
76863,2
76864,1
76865,0
76866,0
76867,0
76868,2
76869,1
76870,1
76871,0
76872,2
76873,0
76874,0
76875,0
76876,0
76877,0
76878,4
76879,0
76880,0
76881,0
76882,2
76883,1
76884,0
76885,0
76886,0
76887,2
76888,0
76889,0
76890,2
76891,2
76892,0
76893,0
76894,0
76895,0
76896,0
76897,0
76898,0
76899,0
76900,0
76901,0
76902,1
76903,1
76904,1
76905,0
76906,1
76907,2
76908,1
76909,0
76910,0
76911,0
76912,2
76913,0
76914,1
76915,0
76916,0
76917,0
76918,0
76919,1
76920,0
76921,1
76922,1
76923,1
76924,1
76925,1
76926,0
76927,0
76928,1
76929,3
76930,1
76931,4
76932,1
76933,0
76934,2
76935,1
76936,1
76937,2
76938,0
76939,1
76940,1
76941,0
76942,1
76943,1
76944,0
76945,1
76946,0
76947,0
76948,0
76949,2
76950,1
76951,0
76952,2
76953,1
76954,2
76955,1
76956,1
76957,0
76958,0
76959,0
76960,0
76961,0
76962,0
76963,0
76964,2
76965,0
76966,0
76967,0
76968,0
76969,0
76970,0
76971,0
76972,0
76973,0
76974,1
76975,1
76976,1
76977,0
76978,0
76979,0
76980,0
76981,0
76982,2
76983,0
76984,0
76985,0
76986,0
76987,2
76988,0
76989,0
76990,1
76991,0
76992,0
76993,1
76994,0
76995,0
76996,0
76997,2
76998,1
76999,1
77000,0
77001,0
77002,0
77003,0
77004,0
77005,0
77006,0
77007,1
77008,0
77009,0
77010,0
77011,0
77012,1
77013,0
77014,0
77015,0
77016,0
77017,6
77018,3
77019,1
77020,0
77021,2
77022,2
77023,0
77024,1
77025,0
77026,0
77027,1
77028,1
77029,2
77030,2
77031,1
77032,0
77033,0
77034,1
77035,6
77036,0
77037,2
77038,16
77039,3
77040,0
77041,2
77042,2
77043,0
77044,1
77045,1
77046,0
77047,6
77048,1
77049,2
77050,0
77051,2
77052,14
77053,5
77054,1
77055,2
77056,2
77057,0
77058,0
77059,0
77060,1
77061,0
77062,0
77063,2
77064,0
77065,0
77066,0
77067,0
77068,0
77069,0
77070,0
77071,0
77072,0
77073,2
77074,0
77075,0
77076,0
77077,0
77078,3
77079,0
77080,0
77081,1
77082,1
77083,0
77084,0
77085,0
77086,1
77087,1
77088,1
77089,0
77090,0
77091,0
77092,0
77093,0
77094,0
77095,0
77096,0
77097,0
77098,0
77099,4
77100,0
77101,0
77102,0
77103,0
77104,0
77105,0
77106,1
77107,0
77108,3
77109,0
77110,0
77111,0
77112,0
77113,0
77114,1
77115,0
77116,1
77117,1
77118,1
77119,1
77120,0
77121,1
77122,0
77123,0
77124,1
77125,0
77126,0
77127,1
77128,1
77129,0
77130,3
77131,0
77132,1
77133,2
77134,1
77135,2
77136,0
77137,0
77138,1
77139,1
77140,0
77141,0
77142,0
77143,2
77144,0
77145,0
77146,0
77147,0
77148,0
77149,1
77150,2
77151,0
77152,0
77153,0
77154,1
77155,1
77156,0
77157,0
77158,0
77159,0
77160,0
77161,1
77162,3
77163,1
77164,0
77165,1
77166,1
77167,1
77168,0
77169,0
77170,0
77171,1
77172,2
77173,0
77174,1
77175,1
77176,0
77177,0
77178,1
77179,0
77180,0
77181,2
77182,1
77183,0
77184,0
77185,0
77186,0
77187,0
77188,1
77189,2
77190,1
77191,2
77192,0
77193,1
77194,1
77195,2
77196,1
77197,1
77198,0
77199,2
77200,0
77201,0
77202,1
77203,0
77204,0
77205,0
77206,0
77207,1
77208,0
77209,0
77210,0
77211,0
77212,2
77213,0
77214,1
77215,7
77216,1
77217,0
77218,0
77219,0
77220,0
77221,0
77222,1
77223,1
77224,0
77225,0
77226,0
77227,6
77228,1
77229,1
77230,0
77231,0
77232,0
77233,0
77234,1
77235,1
77236,1
77237,0
77238,0
77239,0
77240,0
77241,0
77242,1
77243,0
77244,0
77245,0
77246,0
77247,0
77248,0
77249,0
77250,1
77251,1
77252,1
77253,1
77254,2
77255,1
77256,1
77257,0
77258,0
77259,0
77260,0
77261,0
77262,1
77263,1
77264,2
77265,0
77266,0
77267,0
77268,1
77269,1
77270,5
77271,0
77272,2
77273,0
77274,3
77275,1
77276,0
77277,1
77278,3
77279,0
77280,0
77281,0
77282,0
77283,1
77284,0
77285,2
77286,1
77287,0
77288,1
77289,0
77290,2
77291,0
77292,1
77293,0
77294,0
77295,1
77296,0
77297,0
77298,0
77299,2
77300,0
77301,0
77302,0
77303,0
77304,0
77305,0
77306,0
77307,3
77308,1
77309,2
77310,0
77311,1
77312,0
77313,0
77314,0
77315,4
77316,1
77317,0
77318,0
77319,1
77320,1
77321,4
77322,4
77323,0
77324,1
77325,0
77326,5
77327,0
77328,1
77329,1
77330,1
77331,0
77332,0
77333,4
77334,1
77335,1
77336,1
77337,1
77338,0
77339,0
77340,0
77341,0
77342,6
77343,3
77344,0
77345,0
77346,2
77347,0
77348,0
77349,0
77350,1
77351,0
77352,0
77353,0
77354,0
77355,1
77356,0
77357,0
77358,0
77359,1
77360,0
77361,1
77362,1
77363,3
77364,1
77365,0
77366,2
77367,0
77368,0
77369,1
77370,0
77371,0
77372,1
77373,0
77374,0
77375,0
77376,0
77377,0
77378,0
77379,1
77380,0
77381,4
77382,1
77383,0
77384,2
77385,2
77386,1
77387,0
77388,0
77389,2
77390,0
77391,1
77392,4
77393,0
77394,0
77395,1
77396,0
77397,0
77398,0
77399,1
77400,1
77401,1
77402,2
77403,0
77404,3
77405,0
77406,0
77407,0
77408,0
77409,0
77410,0
77411,0
77412,0
77413,0
77414,0
77415,1
77416,0
77417,0
77418,0
77419,0
77420,5
77421,3
77422,0
77423,0
77424,2
77425,0
77426,0
77427,0
77428,1
77429,1
77430,0
77431,0
77432,0
77433,0
77434,0
77435,0
77436,0
77437,0
77438,0
77439,1
77440,0
77441,1
77442,0
77443,0
77444,1
77445,0
77446,3
77447,0
77448,1
77449,0
77450,0
77451,0
77452,0
77453,1
77454,1
77455,1
77456,0
77457,0
77458,0
77459,0
77460,1
77461,0
77462,0
77463,0
77464,0
77465,0
77466,0
77467,2
77468,0
77469,0
77470,0
77471,0
77472,0
77473,0
77474,3
77475,3
77476,5
77477,1
77478,0
77479,0
77480,3
77481,0
77482,1
77483,0
77484,3
77485,4
77486,0
77487,1
77488,1
77489,0
77490,0
77491,1
77492,0
77493,0
77494,0
77495,1
77496,0
77497,0
77498,0
77499,0
77500,2
77501,0
77502,0
77503,0
77504,0
77505,0
77506,0
77507,0
77508,0
77509,0
77510,0
77511,0
77512,0
77513,0
77514,0
77515,0
77516,0
77517,0
77518,0
77519,0
77520,0
77521,0
77522,0
77523,1
77524,2
77525,0
77526,0
77527,1
77528,1
77529,0
77530,1
77531,0
77532,0
77533,0
77534,0
77535,1
77536,1
77537,0
77538,0
77539,3
77540,0
77541,0
77542,1
77543,1
77544,0
77545,0
77546,1
77547,1
77548,0
77549,2
77550,0
77551,1
77552,0
77553,1
77554,0
77555,1
77556,0
77557,1
77558,0
77559,0
77560,0
77561,0
77562,0
77563,0
77564,0
77565,0
77566,0
77567,0
77568,0
77569,0
77570,3
77571,1
77572,0
77573,2
77574,0
77575,0
77576,0
77577,0
77578,1
77579,0
77580,0
77581,0
77582,1
77583,0
77584,1
77585,0
77586,2
77587,0
77588,1
77589,0
77590,1
77591,1
77592,0
77593,0
77594,0
77595,0
77596,1
77597,0
77598,0
77599,0
77600,2
77601,0
77602,0
77603,0
77604,0
77605,0
77606,2
77607,0
77608,0
77609,1
77610,0
77611,0
77612,0
77613,1
77614,0
77615,0
77616,1
77617,1
77618,0
77619,0
77620,0
77621,0
77622,0
77623,0
77624,1
77625,1
77626,1
77627,2
77628,0
77629,0
77630,0
77631,2
77632,0
77633,0
77634,1
77635,0
77636,1
77637,1
77638,1
77639,0
77640,1
77641,0
77642,0
77643,0
77644,2
77645,0
77646,1
77647,0
77648,1
77649,0
77650,1
77651,1
77652,0
77653,0
77654,0
77655,2
77656,0
77657,0
77658,1
77659,0
77660,1
77661,0
77662,0
77663,0
77664,0
77665,0
77666,0
77667,1
77668,0
77669,0
77670,0
77671,0
77672,1
77673,0
77674,2
77675,0
77676,1
77677,0
77678,1
77679,0
77680,1
77681,0
77682,2
77683,0
77684,4
77685,1
77686,3
77687,0
77688,1
77689,0
77690,3
77691,2
77692,0
77693,1
77694,0
77695,0
77696,0
77697,0
77698,1
77699,1
77700,0
77701,1
77702,0
77703,0
77704,0
77705,0
77706,1
77707,0
77708,0
77709,0
77710,2
77711,0
77712,3
77713,0
77714,0
77715,0
77716,0
77717,0
77718,2
77719,1
77720,0
77721,0
77722,0
77723,2
77724,2
77725,0
77726,0
77727,0
77728,0
77729,0
77730,0
77731,4
77732,0
77733,1
77734,0
77735,0
77736,1
77737,0
77738,0
77739,1
77740,0
77741,4
77742,2
77743,0
77744,1
77745,0
77746,1
77747,0
77748,1
77749,0
77750,0
77751,0
77752,0
77753,1
77754,0
77755,1
77756,0
77757,0
77758,1
77759,1
77760,2
77761,0
77762,0
77763,0
77764,1
77765,1
77766,1
77767,1
77768,0
77769,5
77770,0
77771,0
77772,1
77773,0
77774,0
77775,0
77776,0
77777,1
77778,0
77779,1
77780,0
77781,0
77782,1
77783,0
77784,0
77785,2
77786,0
77787,0
77788,0
77789,0
77790,0
77791,0
77792,1
77793,0
77794,0
77795,1
77796,1
77797,2
77798,1
77799,1
77800,0
77801,0
77802,0
77803,0
77804,0
77805,0
77806,1
77807,0
77808,1
77809,1
77810,0
77811,0
77812,1
77813,1
77814,0
77815,2
77816,2
77817,3
77818,0
77819,1
77820,3
77821,1
77822,0
77823,0
77824,2
77825,2
77826,0
77827,0
77828,1
77829,0
77830,0
77831,0
77832,0
77833,1
77834,1
77835,0
77836,0
77837,0
77838,0
77839,2
77840,0
77841,0
77842,3
77843,0
77844,0
77845,0
77846,0
77847,1
77848,2
77849,0
77850,0
77851,2
77852,1
77853,0
77854,1
77855,1
77856,2
77857,1
77858,0
77859,0
77860,2
77861,0
77862,0
77863,0
77864,0
77865,0
77866,0
77867,0
77868,1
77869,0
77870,0
77871,0
77872,0
77873,0
77874,0
77875,1
77876,1
77877,0
77878,0
77879,1
77880,0
77881,0
77882,0
77883,0
77884,0
77885,2
77886,0
77887,0
77888,0
77889,0
77890,0
77891,2
77892,3
77893,0
77894,3
77895,3
77896,0
77897,0
77898,0
77899,0
77900,0
77901,2
77902,2
77903,2
77904,2
77905,0
77906,1
77907,0
77908,1
77909,2
77910,1
77911,0
77912,1
77913,2
77914,0
77915,0
77916,1
77917,0
77918,0
77919,0
77920,0
77921,1
77922,0
77923,0
77924,0
77925,2
77926,1
77927,0
77928,0
77929,0
77930,0
77931,0
77932,0
77933,1
77934,0
77935,1
77936,0
77937,0
77938,0
77939,0
77940,0
77941,0
77942,3
77943,0
77944,1
77945,0
77946,0
77947,0
77948,1
77949,0
77950,1
77951,0
77952,0
77953,1
77954,0
77955,0
77956,0
77957,0
77958,3
77959,0
77960,0
77961,0
77962,0
77963,1
77964,1
77965,1
77966,0
77967,1
77968,1
77969,0
77970,1
77971,0
77972,0
77973,0
77974,0
77975,0
77976,0
77977,2
77978,0
77979,0
77980,0
77981,0
77982,0
77983,0
77984,0
77985,0
77986,0
77987,1
77988,1
77989,0
77990,0
77991,1
77992,1
77993,0
77994,2
77995,0
77996,5
77997,0
77998,0
77999,0
78000,2
78001,2
78002,0
78003,0
78004,0
78005,1
78006,0
78007,0
78008,0
78009,0
78010,0
78011,0
78012,1
78013,0
78014,1
78015,0
78016,1
78017,1
78018,0
78019,1
78020,0
78021,0
78022,1
78023,2
78024,0
78025,2
78026,0
78027,0
78028,0
78029,2
78030,0
78031,1
78032,1
78033,0
78034,0
78035,1
78036,0
78037,1
78038,3
78039,0
78040,2
78041,2
78042,0
78043,0
78044,3
78045,2
78046,0
78047,0
78048,1
78049,0
78050,0
78051,0
78052,0
78053,1
78054,1
78055,0
78056,1
78057,1
78058,1
78059,0
78060,0
78061,0
78062,3
78063,1
78064,6
78065,2
78066,0
78067,0
78068,0
78069,0
78070,0
78071,0
78072,0
78073,0
78074,1
78075,2
78076,1
78077,0
78078,0
78079,2
78080,2
78081,1
78082,0
78083,1
78084,0
78085,2
78086,1
78087,2
78088,1
78089,4
78090,2
78091,2
78092,0
78093,6
78094,0
78095,2
78096,1
78097,1
78098,0
78099,1
78100,2
78101,1
78102,0
78103,1
78104,0
78105,0
78106,1
78107,1
78108,1
78109,0
78110,0
78111,2
78112,2
78113,0
78114,0
78115,2
78116,0
78117,3
78118,1
78119,0
78120,0
78121,0
78122,0
78123,0
78124,2
78125,4
78126,1
78127,0
78128,0
78129,0
78130,1
78131,0
78132,1
78133,0
78134,2
78135,0
78136,0
78137,0
78138,0
78139,1
78140,1
78141,1
78142,0
78143,0
78144,0
78145,0
78146,0
78147,0
78148,1
78149,2
78150,1
78151,2
78152,1
78153,3
78154,2
78155,4
78156,3
78157,0
78158,0
78159,0
78160,0
78161,1
78162,0
78163,1
78164,3
78165,0
78166,0
78167,1
78168,2
78169,0
78170,0
78171,0
78172,0
78173,0
78174,0
78175,1
78176,0
78177,2
78178,0
78179,0
78180,1
78181,0
78182,0
78183,0
78184,0
78185,0
78186,1
78187,0
78188,0
78189,1
78190,4
78191,1
78192,26
78193,3
78194,0
78195,0
78196,0
78197,1
78198,0
78199,0
78200,0
78201,1
78202,1
78203,1
78204,0
78205,1
78206,1
78207,1
78208,1
78209,0
78210,1
78211,0
78212,0
78213,0
78214,0
78215,0
78216,1
78217,0
78218,0
78219,0
78220,0
78221,0
78222,0
78223,1
78224,1
78225,0
78226,0
78227,2
78228,0
78229,0
78230,0
78231,3
78232,0
78233,0
78234,0
78235,0
78236,1
78237,0
78238,1
78239,1
78240,0
78241,0
78242,0
78243,0
78244,0
78245,0
78246,0
78247,1
78248,0
78249,3
78250,0
78251,1
78252,1
78253,1
78254,1
78255,0
78256,0
78257,1
78258,2
78259,0
78260,0
78261,1
78262,0
78263,0
78264,1
78265,1
78266,0
78267,2
78268,0
78269,2
78270,1
78271,0
78272,0
78273,0
78274,0
78275,1
78276,0
78277,0
78278,0
78279,1
78280,1
78281,1
78282,0
78283,2
78284,3
78285,0
78286,0
78287,1
78288,0
78289,0
78290,1
78291,0
78292,0
78293,0
78294,0
78295,1
78296,0
78297,1
78298,0
78299,0
78300,1
78301,3
78302,2
78303,0
78304,0
78305,1
78306,1
78307,0
78308,1
78309,0
78310,1
78311,1
78312,0
78313,1
78314,0
78315,0
78316,0
78317,0
78318,0
78319,0
78320,1
78321,0
78322,0
78323,1
78324,3
78325,0
78326,1
78327,0
78328,0
78329,1
78330,1
78331,1
78332,3
78333,1
78334,1
78335,0
78336,1
78337,0
78338,0
78339,2
78340,0
78341,1
78342,0
78343,1
78344,0
78345,0
78346,0
78347,0
78348,0
78349,0
78350,1
78351,2
78352,1
78353,2
78354,0
78355,1
78356,0
78357,2
78358,1
78359,0
78360,0
78361,0
78362,0
78363,0
78364,0
78365,0
78366,0
78367,0
78368,0
78369,0
78370,0
78371,0
78372,1
78373,0
78374,0
78375,3
78376,0
78377,0
78378,0
78379,3
78380,1
78381,0
78382,0
78383,0
78384,2
78385,5
78386,1
78387,0
78388,2
78389,0
78390,1
78391,1
78392,0
78393,0
78394,0
78395,0
78396,0
78397,1
78398,0
78399,2
78400,0
78401,0
78402,0
78403,0
78404,0
78405,0
78406,1
78407,0
78408,0
78409,0
78410,3
78411,1
78412,0
78413,0
78414,0
78415,1
78416,0
78417,0
78418,0
78419,0
78420,0
78421,1
78422,1
78423,0
78424,0
78425,1
78426,0
78427,0
78428,0
78429,0
78430,1
78431,2
78432,2
78433,4
78434,2
78435,0
78436,1
78437,2
78438,0
78439,0
78440,3
78441,3
78442,0
78443,0
78444,1
78445,0
78446,2
78447,3
78448,0
78449,0
78450,1
78451,2
78452,1
78453,0
78454,0
78455,1
78456,0
78457,0
78458,0
78459,0
78460,0
78461,0
78462,0
78463,0
78464,0
78465,3
78466,0
78467,3
78468,1
78469,0
78470,0
78471,0
78472,3
78473,1
78474,0
78475,1
78476,1
78477,1
78478,0
78479,0
78480,1
78481,0
78482,0
78483,0
78484,0
78485,0
78486,0
78487,0
78488,1
78489,1
78490,0
78491,0
78492,0
78493,1
78494,0
78495,0
78496,0
78497,0
78498,0
78499,1
78500,0
78501,1
78502,1
78503,1
78504,0
78505,2
78506,0
78507,0
78508,1
78509,0
78510,1
78511,0
78512,0
78513,0
78514,0
78515,1
78516,0
78517,1
78518,1
78519,0
78520,0
78521,0
78522,0
78523,0
78524,0
78525,2
78526,0
78527,0
78528,0
78529,0
78530,1
78531,0
78532,0
78533,0
78534,0
78535,0
78536,1
78537,1
78538,0
78539,0
78540,0
78541,0
78542,0
78543,0
78544,0
78545,0
78546,1
78547,1
78548,0
78549,0
78550,3
78551,0
78552,0
78553,1
78554,3
78555,1
78556,0
78557,0
78558,0
78559,0
78560,0
78561,1
78562,1
78563,0
78564,0
78565,0
78566,0
78567,0
78568,1
78569,0
78570,1
78571,0
78572,0
78573,0
78574,0
78575,0
78576,0
78577,0
78578,4
78579,0
78580,0
78581,0
78582,1
78583,0
78584,0
78585,1
78586,2
78587,1
78588,0
78589,1
78590,0
78591,1
78592,0
78593,0
78594,0
78595,0
78596,1
78597,0
78598,0
78599,1
78600,0
78601,0
78602,0
78603,2
78604,2
78605,0
78606,3
78607,0
78608,0
78609,1
78610,0
78611,1
78612,2
78613,0
78614,0
78615,1
78616,0
78617,0
78618,1
78619,0
78620,1
78621,1
78622,1
78623,0
78624,0
78625,1
78626,0
78627,0
78628,1
78629,0
78630,1
78631,1
78632,0
78633,0
78634,0
78635,0
78636,0
78637,2
78638,1
78639,1
78640,0
78641,1
78642,0
78643,0
78644,0
78645,0
78646,1
78647,0
78648,1
78649,1
78650,0
78651,0
78652,0
78653,1
78654,0
78655,1
78656,0
78657,4
78658,0
78659,0
78660,0
78661,0
78662,0
78663,0
78664,0
78665,1
78666,2
78667,0
78668,2
78669,0
78670,0
78671,1
78672,0
78673,2
78674,0
78675,0
78676,0
78677,0
78678,0
78679,0
78680,2
78681,1
78682,2
78683,1
78684,0
78685,0
78686,3
78687,0
78688,0
78689,1
78690,0
78691,0
78692,0
78693,0
78694,0
78695,0
78696,3
78697,4
78698,1
78699,0
78700,0
78701,1
78702,1
78703,1
78704,0
78705,0
78706,0
78707,1
78708,0
78709,0
78710,0
78711,1
78712,1
78713,0
78714,1
78715,0
78716,0
78717,0
78718,1
78719,0
78720,0
78721,1
78722,0
78723,1
78724,0
78725,1
78726,0
78727,0
78728,0
78729,1
78730,0
78731,0
78732,0
78733,1
78734,2
78735,0
78736,3
78737,2
78738,2
78739,2
78740,1
78741,0
78742,0
78743,0
78744,0
78745,0
78746,0
78747,2
78748,0
78749,0
78750,0
78751,0
78752,0
78753,0
78754,0
78755,0
78756,0
78757,1
78758,0
78759,2
78760,0
78761,1
78762,0
78763,0
78764,2
78765,1
78766,0
78767,1
78768,3
78769,0
78770,0
78771,0
78772,0
78773,2
78774,1
78775,2
78776,0
78777,0
78778,0
78779,1
78780,0
78781,0
78782,0
78783,1
78784,2
78785,1
78786,1
78787,2
78788,0
78789,2
78790,0
78791,1
78792,0
78793,4
78794,1
78795,3
78796,1
78797,1
78798,1
78799,1
78800,1
78801,3
78802,6
78803,0
78804,0
78805,1
78806,1
78807,1
78808,2
78809,2
78810,2
78811,0
78812,0
78813,1
78814,5
78815,0
78816,0
78817,2
78818,5
78819,0
78820,0
78821,1
78822,0
78823,0
78824,1
78825,3
78826,0
78827,0
78828,1
78829,4
78830,0
78831,0
78832,0
78833,2
78834,0
78835,0
78836,0
78837,0
78838,1
78839,0
78840,1
78841,0
78842,2
78843,1
78844,0
78845,0
78846,0
78847,0
78848,0
78849,0
78850,0
78851,1
78852,0
78853,0
78854,0
78855,0
78856,1
78857,2
78858,0
78859,0
78860,0
78861,4
78862,0
78863,0
78864,0
78865,0
78866,1
78867,0
78868,1
78869,1
78870,0
78871,0
78872,0
78873,0
78874,0
78875,1
78876,1
78877,0
78878,0
78879,0
78880,0
78881,0
78882,1
78883,0
78884,0
78885,2
78886,0
78887,0
78888,0
78889,0
78890,0
78891,0
78892,0
78893,0
78894,0
78895,0
78896,0
78897,1
78898,1
78899,0
78900,0
78901,1
78902,0
78903,0
78904,0
78905,0
78906,0
78907,1
78908,0
78909,0
78910,1
78911,0
78912,0
78913,0
78914,0
78915,0
78916,1
78917,2
78918,1
78919,0
78920,0
78921,1
78922,0
78923,0
78924,0
78925,0
78926,0
78927,0
78928,0
78929,0
78930,0
78931,1
78932,1
78933,0
78934,0
78935,0
78936,0
78937,0
78938,1
78939,1
78940,1
78941,0
78942,0
78943,0
78944,0
78945,0
78946,0
78947,0
78948,0
78949,0
78950,0
78951,0
78952,0
78953,1
78954,1
78955,0
78956,0
78957,0
78958,0
78959,0
78960,0
78961,0
78962,1
78963,1
78964,0
78965,2
78966,0
78967,0
78968,1
78969,1
78970,1
78971,0
78972,0
78973,3
78974,0
78975,1
78976,1
78977,2
78978,1
78979,7
78980,5
78981,2
78982,5
78983,0
78984,0
78985,0
78986,0
78987,0
78988,0
78989,0
78990,0
78991,1
78992,2
78993,0
78994,0
78995,1
78996,1
78997,0
78998,0
78999,1
79000,3
79001,12
79002,0
79003,0
79004,4
79005,9
79006,0
79007,2
79008,0
79009,1
79010,4
79011,0
79012,2
79013,1
79014,2
79015,1
79016,0
79017,0
79018,0
79019,0
79020,2
79021,1
79022,0
79023,0
79024,0
79025,0
79026,2
79027,1
79028,0
79029,0
79030,1
79031,1
79032,0
79033,0
79034,0
79035,0
79036,2
79037,0
79038,1
79039,0
79040,1
79041,0
79042,1
79043,0
79044,0
79045,1
79046,0
79047,1
79048,1
79049,1
79050,5
79051,0
79052,0
79053,0
79054,1
79055,0
79056,0
79057,2
79058,4
79059,2
79060,0
79061,0
79062,0
79063,2
79064,0
79065,0
79066,1
79067,0
79068,0
79069,0
79070,0
79071,0
79072,0
79073,0
79074,2
79075,0
79076,0
79077,1
79078,2
79079,5
79080,1
79081,5
79082,3
79083,0
79084,0
79085,3
79086,0
79087,1
79088,0
79089,1
79090,0
79091,0
79092,0
79093,0
79094,0
79095,1
79096,1
79097,1
79098,5
79099,1
79100,0
79101,0
79102,0
79103,0
79104,0
79105,0
79106,0
79107,0
79108,1
79109,0
79110,0
79111,0
79112,0
79113,1
79114,1
79115,0
79116,0
79117,0
79118,0
79119,1
79120,1
79121,1
79122,1
79123,1
79124,0
79125,0
79126,0
79127,0
79128,2
79129,0
79130,1
79131,1
79132,1
79133,0
79134,3
79135,0
79136,0
79137,0
79138,0
79139,0
79140,0
79141,0
79142,0
79143,0
79144,0
79145,0
79146,0
79147,0
79148,0
79149,1
79150,0
79151,0
79152,1
79153,1
79154,1
79155,1
79156,0
79157,2
79158,1
79159,0
79160,0
79161,0
79162,1
79163,0
79164,0
79165,0
79166,1
79167,0
79168,1
79169,2
79170,0
79171,1
79172,1
79173,1
79174,0
79175,0
79176,1
79177,0
79178,2
79179,0
79180,0
79181,0
79182,1
79183,0
79184,1
79185,0
79186,1
79187,0
79188,1
79189,0
79190,0
79191,0
79192,0
79193,0
79194,0
79195,0
79196,1
79197,0
79198,0
79199,1
79200,0
79201,1
79202,2
79203,0
79204,0
79205,1
79206,0
79207,0
79208,0
79209,0
79210,0
79211,0
79212,1
79213,0
79214,0
79215,0
79216,1
79217,0
79218,0
79219,0
79220,2
79221,0
79222,0
79223,1
79224,1
79225,0
79226,0
79227,1
79228,0
79229,0
79230,2
79231,1
79232,0
79233,0
79234,1
79235,0
79236,0
79237,0
79238,0
79239,0
79240,0
79241,0
79242,1
79243,0
79244,0
79245,1
79246,0
79247,1
79248,1
79249,0
79250,0
79251,2
79252,0
79253,0
79254,0
79255,1
79256,1
79257,0
79258,0
79259,0
79260,0
79261,0
79262,3
79263,1
79264,0
79265,0
79266,2
79267,0
79268,2
79269,2
79270,1
79271,0
79272,1
79273,0
79274,0
79275,0
79276,0
79277,0
79278,0
79279,0
79280,0
79281,1
79282,1
79283,2
79284,0
79285,0
79286,0
79287,1
79288,1
79289,0
79290,0
79291,1
79292,0
79293,1
79294,2
79295,0
79296,1
79297,1
79298,1
79299,1
79300,0
79301,1
79302,0
79303,1
79304,0
79305,0
79306,0
79307,0
79308,2
79309,0
79310,0
79311,1
79312,0
79313,3
79314,0
79315,0
79316,0
79317,0
79318,0
79319,0
79320,0
79321,0
79322,0
79323,0
79324,1
79325,0
79326,0
79327,2
79328,1
79329,0
79330,0
79331,0
79332,1
79333,0
79334,0
79335,0
79336,1
79337,0
79338,0
79339,0
79340,1
79341,0
79342,0
79343,0
79344,2
79345,2
79346,1
79347,0
79348,0
79349,0
79350,0
79351,3
79352,0
79353,0
79354,0
79355,1
79356,1
79357,2
79358,1
79359,1
79360,0
79361,1
79362,0
79363,0
79364,1
79365,2
79366,0
79367,0
79368,0
79369,0
79370,0
79371,0
79372,2
79373,2
79374,0
79375,2
79376,0
79377,0
79378,0
79379,0
79380,0
79381,2
79382,2
79383,0
79384,0
79385,0
79386,0
79387,0
79388,0
79389,0
79390,0
79391,2
79392,1
79393,0
79394,0
79395,0
79396,0
79397,0
79398,0
79399,1
79400,0
79401,0
79402,0
79403,0
79404,2
79405,0
79406,0
79407,0
79408,0
79409,1
79410,1
79411,0
79412,1
79413,5
79414,5
79415,0
79416,0
79417,3
79418,0
79419,0
79420,1
79421,1
79422,0
79423,0
79424,1
79425,0
79426,0
79427,0
79428,0
79429,0
79430,2
79431,0
79432,1
79433,0
79434,0
79435,0
79436,1
79437,1
79438,1
79439,0
79440,1
79441,0
79442,0
79443,0
79444,3
79445,1
79446,0
79447,1
79448,0
79449,1
79450,0
79451,0
79452,0
79453,1
79454,1
79455,1
79456,0
79457,0
79458,0
79459,0
79460,1
79461,0
79462,4
79463,0
79464,0
79465,0
79466,1
79467,0
79468,0
79469,3
79470,0
79471,0
79472,1
79473,1
79474,0
79475,0
79476,1
79477,1
79478,0
79479,1
79480,0
79481,3
79482,0
79483,0
79484,2
79485,1
79486,1
79487,3
79488,0
79489,0
79490,0
79491,0
79492,0
79493,1
79494,0
79495,0
79496,0
79497,0
79498,0
79499,3
79500,2
79501,1
79502,1
79503,1
79504,1
79505,0
79506,1
79507,0
79508,0
79509,1
79510,0
79511,0
79512,0
79513,0
79514,1
79515,3
79516,0
79517,1
79518,0
79519,0
79520,0
79521,0
79522,0
79523,0
79524,2
79525,0
79526,0
79527,2
79528,0
79529,1
79530,0
79531,0
79532,0
79533,0
79534,1
79535,1
79536,0
79537,2
79538,1
79539,0
79540,0
79541,1
79542,0
79543,0
79544,0
79545,1
79546,0
79547,0
79548,0
79549,0
79550,0
79551,0
79552,0
79553,0
79554,0
79555,0
79556,0
79557,0
79558,0
79559,0
79560,0
79561,0
79562,0
79563,1
79564,0
79565,1
79566,1
79567,0
79568,0
79569,0
79570,0
79571,0
79572,1
79573,0
79574,0
79575,0
79576,0
79577,0
79578,0
79579,1
79580,1
79581,0
79582,0
79583,0
79584,3
79585,0
79586,0
79587,1
79588,0
79589,0
79590,0
79591,1
79592,0
79593,2
79594,1
79595,0
79596,2
79597,0
79598,1
79599,1
79600,0
79601,5
79602,1
79603,0
79604,1
79605,0
79606,0
79607,0
79608,0
79609,0
79610,0
79611,0
79612,0
79613,0
79614,0
79615,0
79616,0
79617,0
79618,1
79619,0
79620,1
79621,0
79622,0
79623,1
79624,1
79625,0
79626,1
79627,1
79628,0
79629,0
79630,1
79631,0
79632,2
79633,0
79634,1
79635,0
79636,1
79637,0
79638,0
79639,0
79640,0
79641,0
79642,0
79643,0
79644,0
79645,0
79646,1
79647,0
79648,0
79649,1
79650,0
79651,2
79652,0
79653,2
79654,0
79655,0
79656,0
79657,1
79658,2
79659,0
79660,0
79661,0
79662,1
79663,0
79664,3
79665,0
79666,0
79667,1
79668,1
79669,0
79670,0
79671,1
79672,1
79673,2
79674,0
79675,0
79676,0
79677,1
79678,2
79679,2
79680,0
79681,0
79682,0
79683,0
79684,0
79685,0
79686,1
79687,0
79688,0
79689,0
79690,0
79691,1
79692,0
79693,0
79694,2
79695,0
79696,0
79697,0
79698,2
79699,0
79700,1
79701,0
79702,0
79703,1
79704,1
79705,0
79706,0
79707,1
79708,0
79709,0
79710,0
79711,0
79712,1
79713,1
79714,0
79715,0
79716,0
79717,0
79718,1
79719,0
79720,0
79721,0
79722,0
79723,0
79724,1
79725,0
79726,0
79727,0
79728,0
79729,1
79730,1
79731,1
79732,0
79733,0
79734,0
79735,0
79736,0
79737,1
79738,2
79739,0
79740,0
79741,0
79742,0
79743,0
79744,1
79745,1
79746,0
79747,0
79748,0
79749,0
79750,0
79751,0
79752,0
79753,4
79754,0
79755,2
79756,0
79757,1
79758,0
79759,1
79760,1
79761,0
79762,1
79763,0
79764,0
79765,0
79766,0
79767,0
79768,0
79769,2
79770,2
79771,3
79772,0
79773,1
79774,0
79775,0
79776,0
79777,0
79778,0
79779,0
79780,1
79781,1
79782,1
79783,1
79784,0
79785,2
79786,0
79787,1
79788,0
79789,2
79790,1
79791,0
79792,1
79793,0
79794,0
79795,0
79796,0
79797,0
79798,4
79799,0
79800,0
79801,3
79802,0
79803,0
79804,1
79805,0
79806,1
79807,1
79808,0
79809,6
79810,1
79811,0
79812,0
79813,0
79814,0
79815,0
79816,1
79817,0
79818,0
79819,0
79820,2
79821,0
79822,3
79823,0
79824,0
79825,0
79826,0
79827,1
79828,0
79829,0
79830,0
79831,1
79832,7
79833,2
79834,3
79835,0
79836,4
79837,12
79838,1
79839,0
79840,1
79841,1
79842,9
79843,6
79844,3
79845,0
79846,0
79847,0
79848,0
79849,0
79850,2
79851,1
79852,0
79853,1
79854,1
79855,2
79856,1
79857,3
79858,0
79859,0
79860,1
79861,0
79862,2
79863,0
79864,0
79865,0
79866,0
79867,0
79868,2
79869,0
79870,0
79871,0
79872,0
79873,0
79874,0
79875,1
79876,0
79877,0
79878,0
79879,0
79880,0
79881,1
79882,0
79883,1
79884,2
79885,0
79886,2
79887,0
79888,0
79889,0
79890,0
79891,0
79892,0
79893,1
79894,7
79895,3
79896,10
79897,0
79898,0
79899,3
79900,1
79901,3
79902,6
79903,1
79904,0
79905,0
79906,0
79907,1
79908,1
79909,0
79910,0
79911,0
79912,0
79913,0
79914,1
79915,1
79916,1
79917,2
79918,0
79919,3
79920,1
79921,0
79922,0
79923,0
79924,1
79925,0
79926,0
79927,0
79928,0
79929,1
79930,0
79931,0
79932,0
79933,0
79934,0
79935,1
79936,1
79937,0
79938,1
79939,0
79940,2
79941,0
79942,1
79943,0
79944,0
79945,2
79946,1
79947,0
79948,0
79949,0
79950,0
79951,2
79952,1
79953,1
79954,2
79955,1
79956,0
79957,0
79958,0
79959,0
79960,1
79961,0
79962,0
79963,1
79964,0
79965,0
79966,0
79967,0
79968,0
79969,0
79970,0
79971,0
79972,0
79973,1
79974,1
79975,0
79976,0
79977,0
79978,1
79979,0
79980,1
79981,0
79982,2
79983,0
79984,0
79985,0
79986,1
79987,0
79988,0
79989,1
79990,0
79991,1
79992,0
79993,1
79994,1
79995,0
79996,0
79997,0
79998,0
79999,0
80000,0
80001,1
80002,0
80003,0
80004,1
80005,1
80006,0
80007,2
80008,0
80009,2
80010,2
80011,0
80012,0
80013,0
80014,1
80015,0
80016,1
80017,0
80018,0
80019,2
80020,0
80021,1
80022,3
80023,0
80024,0
80025,1
80026,0
80027,1
80028,1
80029,0
80030,0
80031,3
80032,0
80033,0
80034,0
80035,1
80036,0
80037,0
80038,0
80039,0
80040,0
80041,0
80042,0
80043,0
80044,1
80045,0
80046,0
80047,0
80048,1
80049,0
80050,0
80051,0
80052,3
80053,0
80054,0
80055,0
80056,1
80057,1
80058,1
80059,1
80060,0
80061,1
80062,0
80063,1
80064,0
80065,0
80066,0
80067,1
80068,0
80069,0
80070,0
80071,0
80072,1
80073,0
80074,0
80075,0
80076,0
80077,0
80078,0
80079,0
80080,1
80081,1
80082,0
80083,0
80084,0
80085,0
80086,0
80087,0
80088,0
80089,1
80090,0
80091,1
80092,0
80093,0
80094,0
80095,0
80096,0
80097,1
80098,1
80099,1
80100,0
80101,0
80102,1
80103,1
80104,1
80105,0
80106,4
80107,0
80108,0
80109,1
80110,0
80111,0
80112,1
80113,0
80114,0
80115,0
80116,0
80117,0
80118,1
80119,0
80120,2
80121,0
80122,0
80123,0
80124,1
80125,0
80126,1
80127,1
80128,0
80129,1
80130,0
80131,1
80132,0
80133,0
80134,1
80135,0
80136,0
80137,0
80138,1
80139,2
80140,0
80141,0
80142,1
80143,0
80144,0
80145,1
80146,0
80147,0
80148,0
80149,0
80150,0
80151,3
80152,2
80153,1
80154,1
80155,0
80156,0
80157,1
80158,0
80159,0
80160,0
80161,0
80162,0
80163,1
80164,0
80165,0
80166,0
80167,0
80168,1
80169,1
80170,1
80171,0
80172,2
80173,1
80174,0
80175,1
80176,0
80177,0
80178,0
80179,0
80180,0
80181,0
80182,0
80183,1
80184,0
80185,0
80186,1
80187,2
80188,0
80189,0
80190,0
80191,0
80192,1
80193,0
80194,1
80195,0
80196,0
80197,0
80198,0
80199,2
80200,1
80201,0
80202,0
80203,0
80204,0
80205,0
80206,0
80207,0
80208,0
80209,0
80210,0
80211,0
80212,0
80213,1
80214,0
80215,0
80216,0
80217,1
80218,0
80219,6
80220,1
80221,0
80222,1
80223,0
80224,0
80225,0
80226,1
80227,0
80228,2
80229,1
80230,0
80231,0
80232,0
80233,0
80234,0
80235,0
80236,2
80237,0
80238,0
80239,0
80240,0
80241,0
80242,0
80243,2
80244,2
80245,0
80246,3
80247,3
80248,0
80249,0
80250,1
80251,1
80252,0
80253,0
80254,1
80255,0
80256,0
80257,0
80258,0
80259,0
80260,0
80261,2
80262,0
80263,2
80264,0
80265,0
80266,1
80267,0
80268,2
80269,1
80270,4
80271,0
80272,0
80273,1
80274,1
80275,0
80276,1
80277,0
80278,0
80279,0
80280,0
80281,0
80282,0
80283,0
80284,0
80285,0
80286,0
80287,0
80288,0
80289,0
80290,0
80291,0
80292,2
80293,0
80294,0
80295,3
80296,1
80297,1
80298,2
80299,2
80300,0
80301,2
80302,0
80303,0
80304,0
80305,0
80306,0
80307,0
80308,3
80309,0
80310,1
80311,0
80312,2
80313,0
80314,0
80315,0
80316,0
80317,1
80318,0
80319,0
80320,0
80321,0
80322,0
80323,2
80324,1
80325,1
80326,0
80327,2
80328,0
80329,0
80330,1
80331,0
80332,0
80333,0
80334,1
80335,0
80336,0
80337,0
80338,0
80339,1
80340,0
80341,0
80342,0
80343,0
80344,1
80345,0
80346,0
80347,1
80348,0
80349,0
80350,0
80351,1
80352,1
80353,0
80354,0
80355,1
80356,0
80357,0
80358,0
80359,0
80360,1
80361,1
80362,0
80363,0
80364,0
80365,1
80366,0
80367,0
80368,0
80369,0
80370,0
80371,0
80372,0
80373,0
80374,1
80375,0
80376,0
80377,2
80378,1
80379,2
80380,2
80381,1
80382,2
80383,0
80384,1
80385,1
80386,0
80387,1
80388,0
80389,0
80390,0
80391,0
80392,0
80393,0
80394,5
80395,1
80396,1
80397,5
80398,0
80399,1
80400,0
80401,3
80402,2
80403,0
80404,2
80405,1
80406,7
80407,1
80408,0
80409,1
80410,0
80411,0
80412,0
80413,0
80414,0
80415,0
80416,0
80417,0
80418,0
80419,0
80420,0
80421,1
80422,1
80423,1
80424,0
80425,0
80426,0
80427,0
80428,0
80429,1
80430,1
80431,1
80432,0
80433,0
80434,0
80435,0
80436,0
80437,0
80438,0
80439,1
80440,0
80441,0
80442,0
80443,1
80444,0
80445,0
80446,1
80447,0
80448,0
80449,0
80450,0
80451,0
80452,1
80453,1
80454,3
80455,0
80456,0
80457,1
80458,0
80459,0
80460,1
80461,0
80462,0
80463,0
80464,0
80465,0
80466,0
80467,1
80468,0
80469,0
80470,0
80471,0
80472,0
80473,0
80474,2
80475,0
80476,1
80477,0
80478,0
80479,0
80480,0
80481,0
80482,0
80483,1
80484,2
80485,2
80486,1
80487,0
80488,1
80489,0
80490,0
80491,0
80492,0
80493,0
80494,1
80495,0
80496,0
80497,3
80498,0
80499,0
80500,0
80501,2
80502,1
80503,0
80504,0
80505,0
80506,0
80507,2
80508,1
80509,0
80510,0
80511,0
80512,1
80513,1
80514,0
80515,1
80516,2
80517,3
80518,0
80519,1
80520,1
80521,1
80522,1
80523,1
80524,0
80525,0
80526,0
80527,1
80528,0
80529,1
80530,2
80531,0
80532,1
80533,2
80534,0
80535,0
80536,2
80537,1
80538,1
80539,3
80540,0
80541,1
80542,1
80543,0
80544,1
80545,0
80546,2
80547,1
80548,0
80549,1
80550,1
80551,0
80552,0
80553,0
80554,0
80555,0
80556,0
80557,2
80558,0
80559,0
80560,0
80561,0
80562,1
80563,0
80564,0
80565,0
80566,0
80567,0
80568,0
80569,0
80570,0
80571,5
80572,0
80573,0
80574,0
80575,1
80576,0
80577,0
80578,0
80579,1
80580,1
80581,2
80582,1
80583,2
80584,0
80585,0
80586,0
80587,0
80588,3
80589,2
80590,1
80591,2
80592,0
80593,0
80594,1
80595,0
80596,0
80597,0
80598,6
80599,1
80600,4
80601,0
80602,0
80603,1
80604,0
80605,1
80606,1
80607,1
80608,0
80609,2
80610,1
80611,0
80612,0
80613,0
80614,0
80615,1
80616,0
80617,0
80618,1
80619,1
80620,1
80621,2
80622,0
80623,0
80624,1
80625,1
80626,0
80627,1
80628,0
80629,0
80630,0
80631,0
80632,1
80633,2
80634,0
80635,1
80636,2
80637,0
80638,0
80639,0
80640,0
80641,0
80642,0
80643,0
80644,1
80645,0
80646,1
80647,0
80648,0
80649,0
80650,0
80651,0
80652,0
80653,0
80654,1
80655,0
80656,0
80657,1
80658,1
80659,0
80660,1
80661,1
80662,2
80663,4
80664,1
80665,1
80666,1
80667,0
80668,1
80669,0
80670,2
80671,1
80672,1
80673,1
80674,1
80675,1
80676,1
80677,0
80678,0
80679,0
80680,1
80681,0
80682,1
80683,0
80684,0
80685,0
80686,0
80687,0
80688,0
80689,0
80690,0
80691,0
80692,0
80693,0
80694,1
80695,0
80696,0
80697,0
80698,0
80699,1
80700,0
80701,0
80702,0
80703,0
80704,0
80705,0
80706,0
80707,8
80708,0
80709,0
80710,1
80711,0
80712,1
80713,0
80714,0
80715,1
80716,0
80717,0
80718,1
80719,1
80720,0
80721,1
80722,0
80723,0
80724,0
80725,0
80726,0
80727,1
80728,1
80729,0
80730,0
80731,0
80732,0
80733,0
80734,1
80735,0
80736,2
80737,1
80738,1
80739,0
80740,0
80741,1
80742,0
80743,0
80744,2
80745,0
80746,0
80747,1
80748,0
80749,0
80750,1
80751,1
80752,0
80753,0
80754,1
80755,3
80756,2
80757,2
80758,1
80759,0
80760,0
80761,1
80762,2
80763,0
80764,0
80765,0
80766,0
80767,3
80768,0
80769,1
80770,2
80771,0
80772,0
80773,0
80774,1
80775,0
80776,2
80777,0
80778,1
80779,0
80780,3
80781,0
80782,0
80783,1
80784,0
80785,2
80786,2
80787,4
80788,0
80789,0
80790,0
80791,1
80792,0
80793,0
80794,0
80795,0
80796,1
80797,0
80798,3
80799,1
80800,0
80801,0
80802,0
80803,1
80804,0
80805,0
80806,1
80807,0
80808,0
80809,2
80810,0
80811,0
80812,1
80813,1
80814,0
80815,0
80816,2
80817,0
80818,0
80819,0
80820,2
80821,1
80822,1
80823,1
80824,0
80825,0
80826,0
80827,1
80828,0
80829,0
80830,1
80831,0
80832,0
80833,0
80834,1
80835,0
80836,3
80837,1
80838,0
80839,0
80840,0
80841,0
80842,0
80843,0
80844,0
80845,0
80846,2
80847,0
80848,0
80849,0
80850,0
80851,0
80852,0
80853,0
80854,0
80855,0
80856,1
80857,1
80858,0
80859,1
80860,0
80861,0
80862,0
80863,3
80864,0
80865,1
80866,0
80867,0
80868,1
80869,0
80870,0
80871,0
80872,1
80873,1
80874,0
80875,1
80876,1
80877,1
80878,0
80879,0
80880,0
80881,0
80882,0
80883,1
80884,0
80885,0
80886,0
80887,0
80888,1
80889,0
80890,0
80891,3
80892,1
80893,0
80894,0
80895,0
80896,1
80897,1
80898,0
80899,1
80900,0
80901,0
80902,0
80903,0
80904,0
80905,1
80906,0
80907,1
80908,0
80909,1
80910,0
80911,0
80912,0
80913,0
80914,0
80915,1
80916,0
80917,0
80918,2
80919,1
80920,0
80921,0
80922,0
80923,1
80924,0
80925,0
80926,0
80927,3
80928,1
80929,1
80930,11
80931,2
80932,1
80933,1
80934,0
80935,1
80936,1
80937,3
80938,0
80939,0
80940,2
80941,0
80942,0
80943,1
80944,0
80945,1
80946,0
80947,1
80948,2
80949,1
80950,0
80951,0
80952,0
80953,0
80954,1
80955,1
80956,0
80957,0
80958,0
80959,0
80960,0
80961,0
80962,0
80963,1
80964,1
80965,0
80966,1
80967,1
80968,0
80969,0
80970,0
80971,0
80972,1
80973,1
80974,0
80975,0
80976,0
80977,0
80978,1
80979,0
80980,0
80981,2
80982,1
80983,0
80984,0
80985,0
80986,0
80987,1
80988,0
80989,0
80990,0
80991,1
80992,1
80993,1
80994,1
80995,1
80996,2
80997,1
80998,4
80999,0
81000,0
81001,1
81002,1
81003,1
81004,7
81005,2
81006,2
81007,4
81008,0
81009,0
81010,0
81011,0
81012,0
81013,0
81014,0
81015,3
81016,0
81017,0
81018,1
81019,0
81020,0
81021,0
81022,1
81023,0
81024,0
81025,0
81026,0
81027,0
81028,0
81029,0
81030,0
81031,0
81032,1
81033,0
81034,0
81035,2
81036,0
81037,2
81038,0
81039,0
81040,1
81041,0
81042,1
81043,0
81044,0
81045,0
81046,0
81047,1
81048,0
81049,0
81050,0
81051,0
81052,0
81053,1
81054,0
81055,0
81056,0
81057,1
81058,1
81059,1
81060,0
81061,0
81062,0
81063,0
81064,0
81065,0
81066,0
81067,0
81068,0
81069,0
81070,1
81071,1
81072,0
81073,0
81074,0
81075,0
81076,2
81077,1
81078,1
81079,0
81080,2
81081,0
81082,0
81083,3
81084,0
81085,0
81086,0
81087,1
81088,0
81089,3
81090,0
81091,2
81092,2
81093,0
81094,0
81095,1
81096,0
81097,0
81098,0
81099,0
81100,0
81101,0
81102,1
81103,0
81104,0
81105,0
81106,0
81107,0
81108,0
81109,2
81110,0
81111,0
81112,1
81113,0
81114,0
81115,0
81116,0
81117,1
81118,0
81119,1
81120,1
81121,4
81122,3
81123,2
81124,0
81125,0
81126,1
81127,0
81128,0
81129,0
81130,0
81131,1
81132,0
81133,0
81134,0
81135,0
81136,0
81137,0
81138,2
81139,0
81140,1
81141,0
81142,1
81143,0
81144,0
81145,1
81146,0
81147,3
81148,3
81149,0
81150,2
81151,3
81152,1
81153,0
81154,1
81155,0
81156,1
81157,0
81158,6
81159,0
81160,0
81161,0
81162,0
81163,0
81164,1
81165,0
81166,0
81167,0
81168,2
81169,0
81170,0
81171,0
81172,0
81173,0
81174,0
81175,0
81176,1
81177,0
81178,9
81179,2
81180,0
81181,2
81182,1
81183,0
81184,0
81185,0
81186,17
81187,1
81188,0
81189,0
81190,0
81191,0
81192,0
81193,0
81194,0
81195,0
81196,0
81197,3
81198,1
81199,1
81200,1
81201,1
81202,0
81203,1
81204,0
81205,0
81206,0
81207,0
81208,1
81209,0
81210,0
81211,2
81212,0
81213,1
81214,0
81215,3
81216,0
81217,1
81218,0
81219,2
81220,0
81221,1
81222,1
81223,0
81224,0
81225,0
81226,2
81227,2
81228,1
81229,1
81230,0
81231,2
81232,1
81233,0
81234,0
81235,0
81236,0
81237,2
81238,0
81239,0
81240,0
81241,1
81242,0
81243,1
81244,2
81245,0
81246,0
81247,0
81248,0
81249,0
81250,0
81251,0
81252,0
81253,0
81254,1
81255,0
81256,0
81257,0
81258,0
81259,0
81260,0
81261,3
81262,0
81263,0
81264,0
81265,0
81266,0
81267,1
81268,3
81269,0
81270,1
81271,1
81272,0
81273,0
81274,0
81275,2
81276,0
81277,0
81278,1
81279,2
81280,0
81281,0
81282,0
81283,0
81284,0
81285,0
81286,1
81287,0
81288,0
81289,0
81290,1
81291,0
81292,0
81293,0
81294,1
81295,1
81296,0
81297,1
81298,1
81299,0
81300,2
81301,0
81302,0
81303,0
81304,0
81305,2
81306,0
81307,2
81308,1
81309,1
81310,0
81311,0
81312,5
81313,1
81314,1
81315,0
81316,0
81317,0
81318,0
81319,1
81320,1
81321,0
81322,0
81323,1
81324,3
81325,1
81326,1
81327,1
81328,0
81329,2
81330,0
81331,0
81332,0
81333,4
81334,0
81335,1
81336,0
81337,0
81338,0
81339,0
81340,0
81341,0
81342,0
81343,0
81344,0
81345,0
81346,0
81347,0
81348,1
81349,0
81350,1
81351,1
81352,0
81353,2
81354,1
81355,2
81356,0
81357,0
81358,1
81359,1
81360,1
81361,0
81362,0
81363,0
81364,1
81365,1
81366,0
81367,1
81368,1
81369,1
81370,0
81371,0
81372,0
81373,0
81374,1
81375,2
81376,2
81377,5
81378,3
81379,2
81380,3
81381,0
81382,1
81383,1
81384,0
81385,0
81386,1
81387,0
81388,1
81389,4
81390,0
81391,2
81392,0
81393,0
81394,3
81395,2
81396,5
81397,1
81398,1
81399,2
81400,2
81401,2
81402,2
81403,3
81404,2
81405,1
81406,0
81407,2
81408,3
81409,0
81410,1
81411,2
81412,1
81413,1
81414,3
81415,1
81416,3
81417,0
81418,1
81419,0
81420,0
81421,0
81422,0
81423,3
81424,0
81425,0
81426,0
81427,0
81428,1
81429,1
81430,0
81431,1
81432,1
81433,1
81434,0
81435,0
81436,0
81437,2
81438,7
81439,0
81440,0
81441,2
81442,0
81443,1
81444,0
81445,0
81446,0
81447,0
81448,1
81449,0
81450,0
81451,1
81452,0
81453,1
81454,1
81455,0
81456,1
81457,1
81458,0
81459,0
81460,0
81461,1
81462,0
81463,0
81464,0
81465,0
81466,1
81467,0
81468,5
81469,1
81470,0
81471,0
81472,0
81473,0
81474,1
81475,1
81476,0
81477,1
81478,1
81479,0
81480,0
81481,1
81482,1
81483,1
81484,2
81485,1
81486,1
81487,1
81488,0
81489,1
81490,0
81491,0
81492,0
81493,1
81494,9
81495,1
81496,0
81497,0
81498,0
81499,0
81500,9
81501,0
81502,1
81503,0
81504,0
81505,6
81506,0
81507,5
81508,0
81509,0
81510,0
81511,1
81512,0
81513,0
81514,0
81515,0
81516,0
81517,0
81518,0
81519,0
81520,1
81521,0
81522,0
81523,1
81524,0
81525,1
81526,0
81527,1
81528,0
81529,1
81530,1
81531,0
81532,0
81533,0
81534,1
81535,0
81536,0
81537,0
81538,0
81539,1
81540,3
81541,1
81542,0
81543,1
81544,0
81545,1
81546,0
81547,1
81548,1
81549,0
81550,0
81551,0
81552,1
81553,1
81554,0
81555,0
81556,5
81557,4
81558,2
81559,0
81560,0
81561,0
81562,1
81563,2
81564,0
81565,0
81566,0
81567,0
81568,0
81569,0
81570,0
81571,1
81572,0
81573,7
81574,0
81575,10
81576,0
81577,1
81578,0
81579,0
81580,8
81581,2
81582,0
81583,0
81584,1
81585,0
81586,1
81587,0
81588,2
81589,0
81590,0
81591,0
81592,0
81593,0
81594,0
81595,1
81596,0
81597,0
81598,0
81599,0
81600,0
81601,0
81602,0
81603,0
81604,1
81605,0
81606,0
81607,0
81608,0
81609,0
81610,0
81611,0
81612,5
81613,6
81614,0
81615,0
81616,0
81617,0
81618,0
81619,0
81620,1
81621,0
81622,0
81623,0
81624,1
81625,0
81626,0
81627,0
81628,1
81629,0
81630,0
81631,0
81632,0
81633,1
81634,0
81635,4
81636,1
81637,0
81638,1
81639,0
81640,0
81641,0
81642,0
81643,0
81644,0
81645,2
81646,0
81647,1
81648,1
81649,0
81650,4
81651,1
81652,0
81653,0
81654,1
81655,1
81656,0
81657,0
81658,0
81659,0
81660,0
81661,0
81662,0
81663,0
81664,0
81665,1
81666,0
81667,0
81668,0
81669,1
81670,2
81671,0
81672,0
81673,0
81674,0
81675,4
81676,3
81677,4
81678,3
81679,0
81680,1
81681,1
81682,4
81683,1
81684,3
81685,0
81686,0
81687,3
81688,1
81689,1
81690,0
81691,0
81692,0
81693,0
81694,1
81695,1
81696,0
81697,0
81698,0
81699,0
81700,1
81701,0
81702,4
81703,2
81704,2
81705,3
81706,0
81707,10
81708,0
81709,0
81710,0
81711,0
81712,0
81713,1
81714,0
81715,4
81716,0
81717,0
81718,0
81719,0
81720,0
81721,0
81722,0
81723,0
81724,1
81725,0
81726,0
81727,1
81728,0
81729,0
81730,0
81731,0
81732,0
81733,0
81734,0
81735,0
81736,0
81737,1
81738,2
81739,0
81740,1
81741,0
81742,0
81743,0
81744,0
81745,0
81746,0
81747,0
81748,1
81749,0
81750,0
81751,2
81752,1
81753,0
81754,0
81755,0
81756,0
81757,0
81758,0
81759,1
81760,0
81761,0
81762,6
81763,1
81764,0
81765,0
81766,0
81767,0
81768,0
81769,1
81770,0
81771,0
81772,0
81773,0
81774,0
81775,0
81776,2
81777,0
81778,1
81779,4
81780,0
81781,0
81782,0
81783,0
81784,1
81785,0
81786,1
81787,0
81788,0
81789,0
81790,0
81791,0
81792,0
81793,0
81794,0
81795,0
81796,2
81797,1
81798,0
81799,1
81800,0
81801,2
81802,1
81803,0
81804,0
81805,0
81806,0
81807,3
81808,0
81809,0
81810,0
81811,1
81812,2
81813,3
81814,0
81815,1
81816,0
81817,0
81818,2
81819,0
81820,1
81821,1
81822,0
81823,0
81824,0
81825,0
81826,0
81827,0
81828,0
81829,0
81830,1
81831,2
81832,1
81833,0
81834,0
81835,0
81836,1
81837,1
81838,1
81839,1
81840,0
81841,0
81842,0
81843,4
81844,1
81845,0
81846,0
81847,0
81848,0
81849,0
81850,0
81851,0
81852,0
81853,0
81854,0
81855,2
81856,0
81857,0
81858,0
81859,1
81860,4
81861,0
81862,1
81863,0
81864,0
81865,0
81866,0
81867,0
81868,1
81869,0
81870,0
81871,5
81872,0
81873,0
81874,0
81875,0
81876,0
81877,0
81878,0
81879,2
81880,1
81881,1
81882,0
81883,0
81884,0
81885,1
81886,0
81887,0
81888,0
81889,0
81890,0
81891,0
81892,0
81893,0
81894,0
81895,0
81896,1
81897,1
81898,2
81899,0
81900,1
81901,1
81902,1
81903,1
81904,0
81905,0
81906,0
81907,0
81908,0
81909,1
81910,0
81911,0
81912,3
81913,0
81914,0
81915,0
81916,0
81917,1
81918,2
81919,3
81920,1
81921,0
81922,2
81923,0
81924,1
81925,1
81926,0
81927,0
81928,0
81929,0
81930,0
81931,0
81932,0
81933,0
81934,0
81935,1
81936,0
81937,1
81938,1
81939,1
81940,0
81941,0
81942,0
81943,3
81944,0
81945,1
81946,1
81947,2
81948,1
81949,1
81950,0
81951,2
81952,1
81953,0
81954,3
81955,0
81956,0
81957,1
81958,0
81959,1
81960,0
81961,0
81962,1
81963,0
81964,1
81965,0
81966,1
81967,2
81968,1
81969,1
81970,0
81971,1
81972,0
81973,0
81974,1
81975,0
81976,0
81977,0
81978,0
81979,1
81980,1
81981,0
81982,0
81983,1
81984,0
81985,1
81986,1
81987,0
81988,1
81989,1
81990,0
81991,0
81992,1
81993,1
81994,1
81995,0
81996,1
81997,0
81998,0
81999,0
82000,0
82001,0
82002,0
82003,1
82004,1
82005,0
82006,0
82007,0
82008,1
82009,0
82010,0
82011,1
82012,1
82013,2
82014,1
82015,1
82016,1
82017,0
82018,0
82019,0
82020,0
82021,0
82022,0
82023,1
82024,0
82025,0
82026,1
82027,2
82028,1
82029,2
82030,0
82031,1
82032,0
82033,1
82034,0
82035,0
82036,0
82037,1
82038,0
82039,0
82040,0
82041,16
82042,4
82043,2
82044,2
82045,0
82046,0
82047,1
82048,1
82049,0
82050,0
82051,0
82052,0
82053,0
82054,0
82055,0
82056,0
82057,0
82058,0
82059,0
82060,0
82061,1
82062,0
82063,0
82064,0
82065,0
82066,3
82067,0
82068,1
82069,0
82070,2
82071,0
82072,0
82073,2
82074,0
82075,0
82076,0
82077,0
82078,0
82079,0
82080,0
82081,0
82082,1
82083,0
82084,0
82085,1
82086,0
82087,0
82088,0
82089,0
82090,0
82091,0
82092,0
82093,0
82094,0
82095,0
82096,4
82097,0
82098,0
82099,0
82100,1
82101,0
82102,0
82103,0
82104,0
82105,2
82106,2
82107,1
82108,0
82109,0
82110,1
82111,1
82112,0
82113,0
82114,0
82115,0
82116,0
82117,1
82118,0
82119,0
82120,0
82121,0
82122,1
82123,1
82124,0
82125,1
82126,1
82127,0
82128,0
82129,0
82130,1
82131,0
82132,3
82133,0
82134,0
82135,1
82136,2
82137,0
82138,0
82139,0
82140,1
82141,0
82142,0
82143,0
82144,0
82145,0
82146,0
82147,1
82148,0
82149,0
82150,0
82151,0
82152,1
82153,0
82154,1
82155,0
82156,0
82157,0
82158,0
82159,0
82160,1
82161,0
82162,0
82163,0
82164,3
82165,1
82166,0
82167,0
82168,0
82169,0
82170,1
82171,0
82172,2
82173,1
82174,4
82175,1
82176,1
82177,2
82178,4
82179,1
82180,4
82181,4
82182,1
82183,0
82184,0
82185,0
82186,0
82187,0
82188,0
82189,0
82190,0
82191,0
82192,3
82193,3
82194,0
82195,1
82196,0
82197,2
82198,0
82199,0
82200,0
82201,0
82202,1
82203,0
82204,0
82205,0
82206,1
82207,0
82208,3
82209,1
82210,0
82211,0
82212,0
82213,0
82214,2
82215,0
82216,1
82217,0
82218,1
82219,0
82220,2
82221,0
82222,0
82223,0
82224,0
82225,0
82226,2
82227,0
82228,1
82229,0
82230,0
82231,0
82232,1
82233,0
82234,1
82235,1
82236,0
82237,0
82238,0
82239,0
82240,1
82241,1
82242,1
82243,0
82244,0
82245,0
82246,0
82247,1
82248,0
82249,4
82250,0
82251,1
82252,1
82253,1
82254,0
82255,0
82256,0
82257,0
82258,0
82259,0
82260,0
82261,1
82262,0
82263,0
82264,2
82265,1
82266,3
82267,2
82268,2
82269,0
82270,0
82271,0
82272,0
82273,0
82274,2
82275,1
82276,1
82277,2
82278,2
82279,0
82280,1
82281,0
82282,1
82283,0
82284,0
82285,1
82286,1
82287,0
82288,0
82289,0
82290,0
82291,0
82292,0
82293,0
82294,0
82295,0
82296,2
82297,1
82298,1
82299,0
82300,1
82301,2
82302,1
82303,1
82304,2
82305,2
82306,2
82307,0
82308,7
82309,0
82310,2
82311,0
82312,0
82313,0
82314,0
82315,0
82316,0
82317,1
82318,0
82319,0
82320,1
82321,0
82322,1
82323,0
82324,0
82325,1
82326,2
82327,0
82328,1
82329,6
82330,1
82331,0
82332,0
82333,0
82334,1
82335,0
82336,2
82337,1
82338,1
82339,0
82340,0
82341,1
82342,0
82343,0
82344,1
82345,0
82346,1
82347,0
82348,0
82349,0
82350,0
82351,0
82352,0
82353,0
82354,0
82355,1
82356,0
82357,1
82358,0
82359,1
82360,0
82361,0
82362,0
82363,2
82364,0
82365,2
82366,0
82367,0
82368,0
82369,0
82370,0
82371,0
82372,0
82373,0
82374,0
82375,0
82376,0
82377,1
82378,0
82379,0
82380,0
82381,0
82382,0
82383,0
82384,0
82385,0
82386,0
82387,2
82388,0
82389,0
82390,0
82391,0
82392,0
82393,2
82394,0
82395,0
82396,0
82397,1
82398,0
82399,0
82400,1
82401,0
82402,1
82403,0
82404,0
82405,0
82406,0
82407,0
82408,0
82409,0
82410,0
82411,1
82412,0
82413,0
82414,1
82415,0
82416,0
82417,1
82418,1
82419,0
82420,2
82421,0
82422,1
82423,0
82424,2
82425,1
82426,0
82427,1
82428,1
82429,1
82430,0
82431,1
82432,0
82433,2
82434,0
82435,0
82436,0
82437,0
82438,0
82439,0
82440,0
82441,1
82442,0
82443,3
82444,3
82445,0
82446,0
82447,2
82448,1
82449,0
82450,0
82451,0
82452,0
82453,0
82454,0
82455,0
82456,1
82457,0
82458,0
82459,0
82460,2
82461,0
82462,0
82463,0
82464,1
82465,0
82466,0
82467,0
82468,0
82469,1
82470,0
82471,0
82472,0
82473,0
82474,0
82475,0
82476,1
82477,0
82478,0
82479,0
82480,0
82481,0
82482,1
82483,0
82484,0
82485,0
82486,0
82487,0
82488,0
82489,0
82490,4
82491,0
82492,0
82493,0
82494,1
82495,0
82496,1
82497,0
82498,0
82499,0
82500,0
82501,1
82502,1
82503,0
82504,0
82505,0
82506,0
82507,0
82508,0
82509,0
82510,0
82511,1
82512,0
82513,0
82514,0
82515,0
82516,0
82517,0
82518,0
82519,0
82520,1
82521,0
82522,0
82523,0
82524,0
82525,1
82526,0
82527,2
82528,0
82529,1
82530,0
82531,0
82532,0
82533,3
82534,1
82535,3
82536,1
82537,0
82538,0
82539,0
82540,1
82541,0
82542,0
82543,0
82544,0
82545,0
82546,0
82547,3
82548,0
82549,0
82550,0
82551,1
82552,0
82553,0
82554,0
82555,1
82556,0
82557,1
82558,1
82559,0
82560,0
82561,1
82562,0
82563,1
82564,0
82565,0
82566,1
82567,1
82568,0
82569,0
82570,0
82571,0
82572,0
82573,0
82574,0
82575,0
82576,0
82577,2
82578,3
82579,1
82580,1
82581,0
82582,0
82583,0
82584,1
82585,0
82586,1
82587,1
82588,0
82589,0
82590,0
82591,0
82592,0
82593,0
82594,0
82595,1
82596,0
82597,1
82598,0
82599,0
82600,0
82601,1
82602,0
82603,0
82604,1
82605,1
82606,1
82607,0
82608,4
82609,0
82610,3
82611,0
82612,0
82613,0
82614,1
82615,0
82616,2
82617,0
82618,0
82619,1
82620,0
82621,1
82622,1
82623,1
82624,1
82625,0
82626,0
82627,0
82628,0
82629,0
82630,0
82631,1
82632,1
82633,0
82634,0
82635,0
82636,0
82637,0
82638,0
82639,0
82640,1
82641,0
82642,0
82643,0
82644,0
82645,0
82646,1
82647,1
82648,0
82649,0
82650,1
82651,0
82652,0
82653,0
82654,2
82655,0
82656,1
82657,0
82658,0
82659,0
82660,0
82661,0
82662,0
82663,1
82664,1
82665,0
82666,2
82667,0
82668,1
82669,0
82670,2
82671,1
82672,0
82673,0
82674,1
82675,0
82676,0
82677,1
82678,1
82679,0
82680,0
82681,0
82682,1
82683,0
82684,0
82685,0
82686,2
82687,1
82688,0
82689,0
82690,0
82691,1
82692,0
82693,0
82694,1
82695,3
82696,2
82697,0
82698,0
82699,0
82700,0
82701,0
82702,0
82703,0
82704,0
82705,0
82706,0
82707,0
82708,0
82709,1
82710,0
82711,0
82712,0
82713,1
82714,0
82715,1
82716,0
82717,0
82718,0
82719,3
82720,0
82721,0
82722,0
82723,0
82724,1
82725,0
82726,0
82727,0
82728,2
82729,0
82730,0
82731,0
82732,1
82733,0
82734,0
82735,0
82736,1
82737,2
82738,0
82739,0
82740,0
82741,0
82742,1
82743,2
82744,1
82745,1
82746,0
82747,0
82748,0
82749,2
82750,0
82751,0
82752,0
82753,1
82754,0
82755,0
82756,0
82757,1
82758,0
82759,0
82760,1
82761,1
82762,0
82763,0
82764,0
82765,0
82766,0
82767,2
82768,0
82769,0
82770,0
82771,0
82772,0
82773,0
82774,0
82775,0
82776,0
82777,1
82778,1
82779,0
82780,1
82781,0
82782,0
82783,2
82784,0
82785,0
82786,1
82787,0
82788,2
82789,0
82790,1
82791,0
82792,0
82793,0
82794,0
82795,1
82796,0
82797,0
82798,0
82799,1
82800,0
82801,0
82802,0
82803,1
82804,2
82805,2
82806,2
82807,1
82808,0
82809,1
82810,4
82811,0
82812,0
82813,1
82814,1
82815,0
82816,0
82817,6
82818,1
82819,0
82820,1
82821,0
82822,0
82823,4
82824,0
82825,0
82826,0
82827,0
82828,1
82829,0
82830,0
82831,0
82832,2
82833,1
82834,3
82835,1
82836,2
82837,1
82838,0
82839,2
82840,0
82841,0
82842,1
82843,0
82844,2
82845,4
82846,2
82847,1
82848,0
82849,0
82850,0
82851,0
82852,1
82853,0
82854,0
82855,0
82856,0
82857,1
82858,1
82859,2
82860,0
82861,1
82862,1
82863,0
82864,0
82865,1
82866,0
82867,0
82868,1
82869,0
82870,0
82871,0
82872,3
82873,0
82874,0
82875,0
82876,0
82877,0
82878,1
82879,0
82880,1
82881,0
82882,1
82883,2
82884,2
82885,0
82886,0
82887,1
82888,1
82889,2
82890,1
82891,0
82892,0
82893,1
82894,1
82895,0
82896,0
82897,0
82898,1
82899,2
82900,0
82901,0
82902,3
82903,0
82904,0
82905,0
82906,0
82907,0
82908,0
82909,1
82910,0
82911,1
82912,0
82913,1
82914,0
82915,0
82916,0
82917,0
82918,0
82919,0
82920,0
82921,0
82922,1
82923,0
82924,0
82925,1
82926,0
82927,0
82928,0
82929,0
82930,0
82931,0
82932,0
82933,0
82934,0
82935,1
82936,0
82937,0
82938,0
82939,0
82940,0
82941,1
82942,2
82943,0
82944,0
82945,1
82946,0
82947,0
82948,1
82949,1
82950,0
82951,0
82952,0
82953,0
82954,0
82955,0
82956,0
82957,0
82958,0
82959,0
82960,1
82961,0
82962,0
82963,2
82964,0
82965,0
82966,1
82967,0
82968,2
82969,1
82970,2
82971,1
82972,0
82973,0
82974,0
82975,1
82976,0
82977,0
82978,0
82979,0
82980,0
82981,0
82982,0
82983,0
82984,0
82985,1
82986,0
82987,0
82988,0
82989,0
82990,0
82991,0
82992,0
82993,0
82994,0
82995,0
82996,0
82997,1
82998,1
82999,2
83000,0
83001,0
83002,0
83003,1
83004,0
83005,0
83006,0
83007,0
83008,0
83009,2
83010,0
83011,0
83012,0
83013,0
83014,1
83015,0
83016,0
83017,4
83018,0
83019,1
83020,0
83021,1
83022,0
83023,2
83024,0
83025,2
83026,0
83027,0
83028,0
83029,0
83030,0
83031,1
83032,0
83033,1
83034,1
83035,0
83036,0
83037,0
83038,1
83039,1
83040,0
83041,0
83042,0
83043,0
83044,0
83045,1
83046,0
83047,0
83048,2
83049,0
83050,0
83051,0
83052,0
83053,0
83054,0
83055,1
83056,0
83057,0
83058,1
83059,0
83060,1
83061,0
83062,1
83063,0
83064,0
83065,0
83066,0
83067,0
83068,0
83069,1
83070,0
83071,0
83072,1
83073,0
83074,0
83075,0
83076,0
83077,0
83078,3
83079,0
83080,0
83081,0
83082,2
83083,1
83084,0
83085,1
83086,0
83087,0
83088,0
83089,0
83090,0
83091,0
83092,0
83093,0
83094,0
83095,0
83096,1
83097,0
83098,0
83099,0
83100,0
83101,0
83102,1
83103,0
83104,0
83105,1
83106,2
83107,0
83108,0
83109,0
83110,0
83111,1
83112,0
83113,0
83114,1
83115,1
83116,2
83117,0
83118,1
83119,1
83120,1
83121,1
83122,3
83123,0
83124,1
83125,0
83126,0
83127,0
83128,1
83129,0
83130,0
83131,0
83132,1
83133,1
83134,0
83135,1
83136,0
83137,0
83138,1
83139,0
83140,0
83141,1
83142,0
83143,1
83144,0
83145,2
83146,0
83147,0
83148,0
83149,0
83150,0
83151,0
83152,0
83153,0
83154,1
83155,0
83156,2
83157,0
83158,2
83159,1
83160,2
83161,0
83162,1
83163,2
83164,1
83165,0
83166,1
83167,0
83168,0
83169,0
83170,0
83171,0
83172,2
83173,1
83174,0
83175,0
83176,0
83177,1
83178,0
83179,0
83180,1
83181,0
83182,0
83183,0
83184,0
83185,0
83186,1
83187,1
83188,0
83189,1
83190,0
83191,0
83192,0
83193,0
83194,1
83195,0
83196,0
83197,0
83198,0
83199,0
83200,0
83201,0
83202,1
83203,0
83204,0
83205,0
83206,0
83207,0
83208,0
83209,4
83210,0
83211,1
83212,0
83213,3
83214,0
83215,5
83216,0
83217,0
83218,0
83219,0
83220,0
83221,0
83222,1
83223,0
83224,0
83225,0
83226,0
83227,0
83228,2
83229,1
83230,0
83231,0
83232,0
83233,1
83234,0
83235,0
83236,1
83237,0
83238,0
83239,0
83240,0
83241,1
83242,0
83243,2
83244,6
83245,1
83246,0
83247,1
83248,0
83249,0
83250,0
83251,0
83252,1
83253,2
83254,3
83255,0
83256,0
83257,1
83258,1
83259,0
83260,0
83261,3
83262,1
83263,0
83264,1
83265,0
83266,2
83267,0
83268,0
83269,0
83270,1
83271,1
83272,0
83273,0
83274,2
83275,0
83276,0
83277,0
83278,0
83279,0
83280,2
83281,1
83282,0
83283,0
83284,4
83285,0
83286,1
83287,3
83288,0
83289,2
83290,1
83291,0
83292,0
83293,0
83294,0
83295,1
83296,2
83297,0
83298,0
83299,1
83300,0
83301,1
83302,0
83303,0
83304,1
83305,0
83306,2
83307,1
83308,0
83309,0
83310,0
83311,2
83312,0
83313,1
83314,3
83315,2
83316,0
83317,0
83318,1
83319,0
83320,1
83321,0
83322,0
83323,0
83324,0
83325,1
83326,1
83327,0
83328,0
83329,3
83330,1
83331,1
83332,0
83333,2
83334,1
83335,0
83336,0
83337,1
83338,0
83339,1
83340,0
83341,0
83342,1
83343,1
83344,0
83345,0
83346,0
83347,0
83348,0
83349,0
83350,0
83351,4
83352,8
83353,2
83354,1
83355,0
83356,0
83357,0
83358,2
83359,0
83360,0
83361,0
83362,1
83363,0
83364,1
83365,1
83366,1
83367,0
83368,0
83369,2
83370,0
83371,0
83372,0
83373,1
83374,0
83375,0
83376,1
83377,0
83378,0
83379,1
83380,1
83381,4
83382,0
83383,0
83384,0
83385,0
83386,0
83387,0
83388,0
83389,0
83390,2
83391,1
83392,1
83393,0
83394,2
83395,0
83396,0
83397,0
83398,0
83399,0
83400,0
83401,0
83402,0
83403,0
83404,3
83405,1
83406,0
83407,2
83408,0
83409,0
83410,0
83411,0
83412,0
83413,0
83414,0
83415,0
83416,0
83417,0
83418,0
83419,1
83420,0
83421,2
83422,3
83423,2
83424,0
83425,0
83426,0
83427,1
83428,1
83429,0
83430,0
83431,1
83432,1
83433,0
83434,0
83435,0
83436,0
83437,2
83438,0
83439,0
83440,0
83441,0
83442,3
83443,2
83444,0
83445,0
83446,0
83447,1
83448,1
83449,1
83450,0
83451,3
83452,0
83453,1
83454,1
83455,0
83456,0
83457,0
83458,2
83459,1
83460,3
83461,5
83462,1
83463,0
83464,1
83465,0
83466,0
83467,2
83468,0
83469,1
83470,0
83471,0
83472,2
83473,2
83474,1
83475,2
83476,0
83477,0
83478,5
83479,0
83480,0
83481,0
83482,0
83483,0
83484,1
83485,0
83486,0
83487,1
83488,0
83489,0
83490,0
83491,0
83492,1
83493,0
83494,0
83495,1
83496,0
83497,0
83498,0
83499,2
83500,1
83501,0
83502,0
83503,2
83504,2
83505,0
83506,1
83507,1
83508,3
83509,0
83510,3
83511,1
83512,0
83513,0
83514,1
83515,0
83516,0
83517,0
83518,1
83519,0
83520,0
83521,0
83522,0
83523,2
83524,0
83525,0
83526,0
83527,1
83528,0
83529,2
83530,0
83531,0
83532,0
83533,0
83534,1
83535,3
83536,1
83537,1
83538,2
83539,0
83540,0
83541,0
83542,0
83543,0
83544,0
83545,1
83546,1
83547,0
83548,1
83549,0
83550,1
83551,0
83552,0
83553,1
83554,0
83555,0
83556,0
83557,1
83558,0
83559,0
83560,1
83561,0
83562,5
83563,1
83564,0
83565,2
83566,0
83567,1
83568,2
83569,0
83570,1
83571,0
83572,0
83573,0
83574,0
83575,0
83576,0
83577,0
83578,0
83579,0
83580,0
83581,0
83582,0
83583,1
83584,0
83585,0
83586,1
83587,0
83588,1
83589,0
83590,1
83591,4
83592,0
83593,0
83594,0
83595,0
83596,0
83597,1
83598,0
83599,0
83600,0
83601,0
83602,0
83603,0
83604,0
83605,0
83606,1
83607,0
83608,1
83609,0
83610,0
83611,0
83612,0
83613,2
83614,5
83615,0
83616,0
83617,1
83618,0
83619,1
83620,0
83621,0
83622,0
83623,0
83624,0
83625,0
83626,0
83627,0
83628,0
83629,0
83630,0
83631,1
83632,0
83633,0
83634,0
83635,0
83636,0
83637,0
83638,0
83639,0
83640,1
83641,0
83642,1
83643,0
83644,0
83645,1
83646,0
83647,1
83648,1
83649,0
83650,1
83651,0
83652,1
83653,0
83654,0
83655,1
83656,1
83657,0
83658,1
83659,1
83660,0
83661,0
83662,0
83663,0
83664,1
83665,0
83666,6
83667,0
83668,0
83669,0
83670,0
83671,0
83672,0
83673,0
83674,1
83675,0
83676,1
83677,0
83678,0
83679,0
83680,0
83681,2
83682,0
83683,0
83684,2
83685,0
83686,1
83687,0
83688,0
83689,1
83690,1
83691,0
83692,1
83693,0
83694,2
83695,1
83696,0
83697,0
83698,0
83699,0
83700,0
83701,0
83702,0
83703,1
83704,0
83705,0
83706,0
83707,0
83708,0
83709,0
83710,0
83711,1
83712,1
83713,2
83714,0
83715,0
83716,1
83717,1
83718,0
83719,0
83720,1
83721,1
83722,6
83723,1
83724,1
83725,0
83726,0
83727,0
83728,0
83729,1
83730,0
83731,0
83732,0
83733,0
83734,1
83735,2
83736,0
83737,0
83738,0
83739,0
83740,0
83741,0
83742,1
83743,0
83744,1
83745,1
83746,0
83747,0
83748,2
83749,2
83750,0
83751,2
83752,0
83753,1
83754,0
83755,1
83756,0
83757,0
83758,0
83759,0
83760,0
83761,1
83762,0
83763,1
83764,0
83765,0
83766,0
83767,0
83768,1
83769,0
83770,0
83771,0
83772,0
83773,0
83774,1
83775,1
83776,0
83777,0
83778,0
83779,0
83780,0
83781,0
83782,3
83783,1
83784,8
83785,0
83786,6
83787,0
83788,1
83789,5
83790,1
83791,2
83792,0
83793,0
83794,3
83795,0
83796,0
83797,0
83798,0
83799,1
83800,0
83801,2
83802,2
83803,0
83804,0
83805,0
83806,1
83807,0
83808,1
83809,0
83810,1
83811,0
83812,0
83813,0
83814,0
83815,0
83816,1
83817,2
83818,2
83819,1
83820,1
83821,1
83822,1
83823,0
83824,1
83825,1
83826,0
83827,0
83828,0
83829,0
83830,0
83831,1
83832,0
83833,0
83834,0
83835,0
83836,0
83837,0
83838,1
83839,3
83840,0
83841,0
83842,0
83843,0
83844,0
83845,0
83846,0
83847,0
83848,0
83849,0
83850,0
83851,1
83852,0
83853,0
83854,0
83855,1
83856,0
83857,1
83858,1
83859,0
83860,0
83861,0
83862,0
83863,1
83864,0
83865,0
83866,1
83867,0
83868,0
83869,1
83870,2
83871,0
83872,1
83873,0
83874,2
83875,0
83876,1
83877,0
83878,0
83879,2
83880,0
83881,0
83882,0
83883,0
83884,6
83885,2
83886,1
83887,7
83888,2
83889,1
83890,1
83891,2
83892,5
83893,0
83894,0
83895,0
83896,0
83897,0
83898,0
83899,1
83900,3
83901,0
83902,0
83903,0
83904,1
83905,0
83906,2
83907,0
83908,1
83909,1
83910,0
83911,0
83912,0
83913,0
83914,0
83915,0
83916,0
83917,0
83918,0
83919,0
83920,0
83921,0
83922,1
83923,1
83924,1
83925,0
83926,0
83927,0
83928,1
83929,0
83930,0
83931,0
83932,0
83933,1
83934,1
83935,2
83936,5
83937,3
83938,1
83939,2
83940,0
83941,0
83942,1
83943,0
83944,0
83945,0
83946,0
83947,0
83948,0
83949,2
83950,0
83951,1
83952,0
83953,0
83954,0
83955,0
83956,0
83957,0
83958,1
83959,0
83960,0
83961,1
83962,1
83963,0
83964,0
83965,0
83966,0
83967,1
83968,1
83969,1
83970,1
83971,0
83972,1
83973,0
83974,1
83975,2
83976,0
83977,0
83978,1
83979,1
83980,0
83981,0
83982,2
83983,0
83984,1
83985,0
83986,0
83987,0
83988,1
83989,0
83990,0
83991,2
83992,0
83993,0
83994,0
83995,0
83996,0
83997,0
83998,1
83999,1
84000,1
84001,0
84002,0
84003,0
84004,0
84005,0
84006,0
84007,0
84008,0
84009,1
84010,0
84011,0
84012,0
84013,0
84014,0
84015,0
84016,0
84017,0
84018,0
84019,0
84020,0
84021,1
84022,0
84023,0
84024,0
84025,1
84026,0
84027,1
84028,2
84029,2
84030,1
84031,4
84032,1
84033,1
84034,1
84035,1
84036,0
84037,0
84038,0
84039,1
84040,1
84041,0
84042,1
84043,1
84044,0
84045,1
84046,1
84047,1
84048,2
84049,0
84050,3
84051,1
84052,1
84053,0
84054,2
84055,0
84056,0
84057,1
84058,0
84059,0
84060,0
84061,0
84062,0
84063,0
84064,0
84065,0
84066,0
84067,0
84068,0
84069,0
84070,0
84071,0
84072,0
84073,1
84074,1
84075,0
84076,0
84077,0
84078,0
84079,1
84080,0
84081,0
84082,0
84083,2
84084,1
84085,1
84086,0
84087,0
84088,1
84089,1
84090,0
84091,0
84092,0
84093,2
84094,4
84095,0
84096,0
84097,0
84098,0
84099,0
84100,0
84101,1
84102,0
84103,0
84104,1
84105,1
84106,1
84107,0
84108,0
84109,0
84110,0
84111,0
84112,0
84113,0
84114,0
84115,0
84116,0
84117,0
84118,0
84119,0
84120,0
84121,1
84122,0
84123,0
84124,1
84125,1
84126,0
84127,1
84128,0
84129,0
84130,0
84131,0
84132,0
84133,0
84134,1
84135,0
84136,0
84137,0
84138,0
84139,0
84140,0
84141,1
84142,0
84143,0
84144,0
84145,0
84146,0
84147,1
84148,0
84149,0
84150,0
84151,0
84152,0
84153,0
84154,0
84155,2
84156,0
84157,0
84158,0
84159,1
84160,0
84161,0
84162,0
84163,0
84164,0
84165,0
84166,0
84167,0
84168,0
84169,0
84170,0
84171,1
84172,0
84173,0
84174,0
84175,2
84176,5
84177,0
84178,2
84179,2
84180,3
84181,0
84182,0
84183,1
84184,0
84185,0
84186,1
84187,0
84188,1
84189,0
84190,1
84191,1
84192,0
84193,0
84194,0
84195,1
84196,0
84197,1
84198,0
84199,0
84200,0
84201,3
84202,0
84203,0
84204,0
84205,0
84206,0
84207,0
84208,3
84209,0
84210,1
84211,0
84212,0
84213,1
84214,0
84215,3
84216,1
84217,0
84218,0
84219,0
84220,0
84221,0
84222,1
84223,1
84224,0
84225,0
84226,1
84227,0
84228,1
84229,2
84230,1
84231,0
84232,1
84233,3
84234,0
84235,3
84236,0
84237,0
84238,0
84239,0
84240,1
84241,0
84242,0
84243,0
84244,1
84245,1
84246,0
84247,0
84248,1
84249,3
84250,0
84251,2
84252,0
84253,1
84254,1
84255,0
84256,1
84257,0
84258,1
84259,0
84260,0
84261,2
84262,1
84263,0
84264,2
84265,0
84266,0
84267,0
84268,0
84269,1
84270,0
84271,3
84272,1
84273,0
84274,0
84275,0
84276,0
84277,0
84278,0
84279,0
84280,0
84281,0
84282,1
84283,1
84284,0
84285,0
84286,0
84287,1
84288,1
84289,0
84290,0
84291,0
84292,0
84293,0
84294,1
84295,0
84296,1
84297,0
84298,0
84299,1
84300,1
84301,2
84302,0
84303,0
84304,2
84305,1
84306,0
84307,2
84308,0
84309,0
84310,0
84311,0
84312,4
84313,0
84314,0
84315,0
84316,1
84317,0
84318,0
84319,0
84320,0
84321,0
84322,1
84323,0
84324,2
84325,0
84326,0
84327,0
84328,2
84329,0
84330,0
84331,0
84332,2
84333,0
84334,0
84335,1
84336,1
84337,0
84338,0
84339,0
84340,0
84341,2
84342,0
84343,0
84344,0
84345,1
84346,0
84347,0
84348,0
84349,0
84350,0
84351,0
84352,0
84353,0
84354,0
84355,0
84356,0
84357,0
84358,0
84359,0
84360,3
84361,0
84362,0
84363,1
84364,0
84365,0
84366,0
84367,0
84368,0
84369,0
84370,0
84371,1
84372,0
84373,2
84374,1
84375,2
84376,1
84377,0
84378,0
84379,0
84380,0
84381,4
84382,0
84383,1
84384,0
84385,0
84386,4
84387,1
84388,0
84389,0
84390,0
84391,2
84392,0
84393,1
84394,0
84395,0
84396,1
84397,1
84398,0
84399,0
84400,0
84401,0
84402,2
84403,0
84404,0
84405,0
84406,0
84407,1
84408,0
84409,2
84410,1
84411,0
84412,0
84413,1
84414,1
84415,0
84416,0
84417,1
84418,0
84419,0
84420,0
84421,0
84422,0
84423,0
84424,0
84425,0
84426,1
84427,0
84428,0
84429,0
84430,0
84431,2
84432,1
84433,0
84434,2
84435,0
84436,0
84437,0
84438,0
84439,0
84440,0
84441,0
84442,0
84443,0
84444,0
84445,0
84446,0
84447,0
84448,2
84449,1
84450,0
84451,1
84452,1
84453,0
84454,0
84455,1
84456,0
84457,0
84458,0
84459,0
84460,0
84461,0
84462,0
84463,0
84464,2
84465,0
84466,0
84467,0
84468,0
84469,0
84470,1
84471,0
84472,0
84473,1
84474,0
84475,0
84476,2
84477,1
84478,0
84479,0
84480,1
84481,0
84482,3
84483,0
84484,1
84485,1
84486,1
84487,0
84488,0
84489,0
84490,0
84491,1
84492,0
84493,0
84494,0
84495,2
84496,0
84497,1
84498,1
84499,0
84500,0
84501,5
84502,3
84503,1
84504,1
84505,0
84506,0
84507,1
84508,1
84509,1
84510,2
84511,18
84512,5
84513,0
84514,2
84515,0
84516,0
84517,1
84518,0
84519,0
84520,0
84521,1
84522,1
84523,3
84524,2
84525,1
84526,0
84527,0
84528,0
84529,0
84530,1
84531,0
84532,0
84533,4
84534,0
84535,1
84536,0
84537,0
84538,0
84539,0
84540,0
84541,6
84542,0
84543,0
84544,0
84545,0
84546,0
84547,0
84548,0
84549,0
84550,0
84551,0
84552,0
84553,0
84554,0
84555,0
84556,0
84557,0
84558,2
84559,0
84560,1
84561,0
84562,0
84563,0
84564,0
84565,0
84566,0
84567,0
84568,0
84569,0
84570,0
84571,4
84572,1
84573,0
84574,0
84575,1
84576,1
84577,0
84578,0
84579,1
84580,0
84581,0
84582,0
84583,1
84584,0
84585,1
84586,1
84587,2
84588,0
84589,1
84590,0
84591,0
84592,1
84593,0
84594,0
84595,1
84596,0
84597,0
84598,1
84599,1
84600,0
84601,0
84602,1
84603,0
84604,0
84605,0
84606,1
84607,0
84608,0
84609,0
84610,1
84611,1
84612,0
84613,0
84614,1
84615,1
84616,0
84617,1
84618,1
84619,0
84620,2
84621,0
84622,0
84623,0
84624,0
84625,0
84626,1
84627,2
84628,0
84629,0
84630,0
84631,1
84632,0
84633,0
84634,1
84635,2
84636,0
84637,1
84638,0
84639,0
84640,1
84641,1
84642,0
84643,0
84644,0
84645,0
84646,0
84647,0
84648,3
84649,2
84650,0
84651,1
84652,0
84653,0
84654,0
84655,3
84656,0
84657,0
84658,1
84659,0
84660,1
84661,0
84662,0
84663,1
84664,1
84665,1
84666,0
84667,0
84668,2
84669,1
84670,0
84671,0
84672,0
84673,0
84674,0
84675,0
84676,1
84677,0
84678,1
84679,0
84680,1
84681,0
84682,5
84683,1
84684,1
84685,1
84686,1
84687,0
84688,1
84689,1
84690,0
84691,0
84692,1
84693,2
84694,0
84695,0
84696,0
84697,2
84698,1
84699,0
84700,1
84701,0
84702,3
84703,0
84704,0
84705,1
84706,0
84707,0
84708,0
84709,0
84710,2
84711,0
84712,1
84713,1
84714,2
84715,0
84716,1
84717,0
84718,3
84719,0
84720,1
84721,0
84722,1
84723,0
84724,0
84725,0
84726,1
84727,0
84728,0
84729,0
84730,1
84731,4
84732,1
84733,0
84734,0
84735,0
84736,1
84737,0
84738,0
84739,0
84740,0
84741,0
84742,1
84743,0
84744,0
84745,0
84746,3
84747,0
84748,0
84749,0
84750,0
84751,0
84752,0
84753,0
84754,0
84755,0
84756,0
84757,0
84758,0
84759,0
84760,1
84761,1
84762,0
84763,0
84764,4
84765,3
84766,1
84767,0
84768,0
84769,1
84770,0
84771,0
84772,0
84773,0
84774,0
84775,0
84776,0
84777,0
84778,0
84779,1
84780,0
84781,1
84782,0
84783,0
84784,1
84785,0
84786,2
84787,0
84788,0
84789,0
84790,0
84791,0
84792,0
84793,0
84794,0
84795,1
84796,0
84797,0
84798,1
84799,1
84800,0
84801,0
84802,0
84803,0
84804,0
84805,0
84806,0
84807,0
84808,2
84809,0
84810,1
84811,0
84812,0
84813,0
84814,0
84815,0
84816,0
84817,0
84818,1
84819,0
84820,1
84821,1
84822,0
84823,0
84824,0
84825,1
84826,0
84827,0
84828,1
84829,0
84830,3
84831,0
84832,0
84833,1
84834,1
84835,1
84836,2
84837,0
84838,0
84839,0
84840,0
84841,1
84842,0
84843,0
84844,1
84845,0
84846,0
84847,0
84848,1
84849,1
84850,0
84851,0
84852,1
84853,1
84854,0
84855,0
84856,0
84857,0
84858,4
84859,1
84860,0
84861,1
84862,1
84863,1
84864,0
84865,2
84866,1
84867,3
84868,3
84869,0
84870,1
84871,1
84872,0
84873,0
84874,1
84875,2
84876,0
84877,1
84878,0
84879,1
84880,0
84881,0
84882,0
84883,2
84884,0
84885,0
84886,0
84887,0
84888,2
84889,0
84890,1
84891,1
84892,0
84893,1
84894,0
84895,2
84896,0
84897,1
84898,0
84899,0
84900,0
84901,0
84902,1
84903,0
84904,0
84905,0
84906,1
84907,0
84908,0
84909,0
84910,0
84911,0
84912,0
84913,0
84914,1
84915,1
84916,1
84917,0
84918,0
84919,0
84920,1
84921,2
84922,0
84923,2
84924,1
84925,4
84926,3
84927,0
84928,2
84929,1
84930,1
84931,0
84932,0
84933,0
84934,1
84935,0
84936,0
84937,0
84938,1
84939,0
84940,0
84941,0
84942,0
84943,0
84944,1
84945,1
84946,2
84947,0
84948,1
84949,2
84950,0
84951,1
84952,0
84953,0
84954,0
84955,0
84956,0
84957,0
84958,0
84959,0
84960,0
84961,1
84962,0
84963,1
84964,1
84965,0
84966,3
84967,0
84968,0
84969,1
84970,0
84971,1
84972,2
84973,0
84974,0
84975,15
84976,0
84977,0
84978,0
84979,1
84980,0
84981,1
84982,1
84983,0
84984,5
84985,0
84986,0
84987,11
84988,1
84989,1
84990,0
84991,0
84992,0
84993,0
84994,1
84995,1
84996,0
84997,0
84998,0
84999,0
85000,1
85001,2
85002,0
85003,1
85004,0
85005,0
85006,0
85007,0
85008,0
85009,0
85010,0
85011,0
85012,0
85013,1
85014,0
85015,0
85016,0
85017,0
85018,0
85019,0
85020,1
85021,0
85022,1
85023,0
85024,1
85025,2
85026,0
85027,1
85028,0
85029,0
85030,0
85031,0
85032,0
85033,0
85034,0
85035,1
85036,0
85037,0
85038,0
85039,0
85040,1
85041,0
85042,3
85043,0
85044,1
85045,1
85046,0
85047,0
85048,4
85049,2
85050,0
85051,0
85052,9
85053,1
85054,0
85055,0
85056,3
85057,1
85058,0
85059,1
85060,0
85061,0
85062,0
85063,0
85064,0
85065,2
85066,0
85067,1
85068,1
85069,1
85070,0
85071,1
85072,0
85073,0
85074,0
85075,0
85076,1
85077,0
85078,0
85079,0
85080,0
85081,1
85082,0
85083,1
85084,0
85085,0
85086,0
85087,0
85088,9
85089,0
85090,3
85091,0
85092,0
85093,0
85094,0
85095,3
85096,1
85097,0
85098,0
85099,0
85100,1
85101,0
85102,0
85103,0
85104,0
85105,0
85106,0
85107,1
85108,1
85109,0
85110,1
85111,0
85112,1
85113,0
85114,0
85115,0
85116,0
85117,1
85118,0
85119,0
85120,0
85121,0
85122,0
85123,1
85124,0
85125,1
85126,1
85127,1
85128,0
85129,1
85130,1
85131,0
85132,0
85133,0
85134,0
85135,0
85136,0
85137,3
85138,0
85139,0
85140,0
85141,0
85142,0
85143,0
85144,1
85145,5
85146,7
85147,0
85148,0
85149,1
85150,0
85151,3
85152,2
85153,0
85154,2
85155,0
85156,0
85157,1
85158,1
85159,1
85160,1
85161,1
85162,0
85163,0
85164,1
85165,0
85166,2
85167,2
85168,0
85169,0
85170,1
85171,0
85172,0
85173,1
85174,0
85175,10
85176,2
85177,0
85178,0
85179,0
85180,0
85181,0
85182,0
85183,2
85184,0
85185,0
85186,1
85187,0
85188,2
85189,1
85190,4
85191,1
85192,0
85193,0
85194,0
85195,0
85196,0
85197,0
85198,0
85199,0
85200,0
85201,0
85202,0
85203,0
85204,0
85205,0
85206,0
85207,0
85208,1
85209,0
85210,1
85211,0
85212,1
85213,0
85214,1
85215,0
85216,0
85217,2
85218,0
85219,1
85220,0
85221,0
85222,1
85223,1
85224,0
85225,1
85226,3
85227,0
85228,0
85229,0
85230,0
85231,0
85232,2
85233,2
85234,1
85235,1
85236,0
85237,0
85238,1
85239,2
85240,0
85241,0
85242,0
85243,0
85244,0
85245,5
85246,1
85247,0
85248,0
85249,1
85250,0
85251,0
85252,0
85253,1
85254,0
85255,0
85256,1
85257,1
85258,2
85259,1
85260,0
85261,1
85262,1
85263,1
85264,1
85265,0
85266,0
85267,0
85268,0
85269,0
85270,1
85271,1
85272,0
85273,0
85274,0
85275,0
85276,0
85277,0
85278,0
85279,0
85280,1
85281,0
85282,2
85283,2
85284,0
85285,1
85286,1
85287,0
85288,0
85289,0
85290,0
85291,0
85292,0
85293,0
85294,0
85295,0
85296,0
85297,0
85298,0
85299,0
85300,0
85301,0
85302,0
85303,0
85304,0
85305,1
85306,0
85307,0
85308,0
85309,2
85310,0
85311,5
85312,1
85313,3
85314,1
85315,1
85316,0
85317,0
85318,1
85319,0
85320,1
85321,1
85322,0
85323,1
85324,0
85325,0
85326,4
85327,3
85328,0
85329,0
85330,0
85331,0
85332,0
85333,0
85334,2
85335,0
85336,0
85337,0
85338,0
85339,0
85340,1
85341,0
85342,0
85343,0
85344,0
85345,1
85346,0
85347,0
85348,0
85349,0
85350,0
85351,1
85352,1
85353,0
85354,1
85355,0
85356,0
85357,0
85358,0
85359,0
85360,2
85361,1
85362,0
85363,1
85364,0
85365,0
85366,1
85367,1
85368,0
85369,0
85370,0
85371,0
85372,0
85373,0
85374,1
85375,0
85376,1
85377,0
85378,0
85379,0
85380,0
85381,1
85382,0
85383,0
85384,0
85385,0
85386,0
85387,0
85388,0
85389,1
85390,0
85391,0
85392,0
85393,0
85394,0
85395,1
85396,0
85397,0
85398,0
85399,0
85400,0
85401,0
85402,1
85403,0
85404,1
85405,0
85406,1
85407,1
85408,0
85409,0
85410,1
85411,0
85412,0
85413,0
85414,0
85415,0
85416,0
85417,0
85418,0
85419,1
85420,3
85421,0
85422,0
85423,0
85424,0
85425,0
85426,0
85427,1
85428,0
85429,0
85430,0
85431,1
85432,0
85433,0
85434,0
85435,0
85436,0
85437,0
85438,0
85439,0
85440,0
85441,0
85442,2
85443,0
85444,1
85445,6
85446,0
85447,2
85448,0
85449,2
85450,1
85451,4
85452,0
85453,0
85454,0
85455,1
85456,0
85457,0
85458,0
85459,3
85460,0
85461,0
85462,0
85463,1
85464,1
85465,0
85466,2
85467,0
85468,1
85469,1
85470,0
85471,0
85472,0
85473,0
85474,0
85475,0
85476,0
85477,1
85478,1
85479,1
85480,0
85481,0
85482,0
85483,0
85484,3
85485,0
85486,14
85487,0
85488,2
85489,1
85490,0
85491,0
85492,0
85493,2
85494,1
85495,0
85496,0
85497,0
85498,0
85499,1
85500,0
85501,0
85502,2
85503,0
85504,0
85505,0
85506,0
85507,0
85508,2
85509,0
85510,2
85511,0
85512,0
85513,0
85514,0
85515,0
85516,1
85517,1
85518,0
85519,1
85520,0
85521,2
85522,2
85523,0
85524,0
85525,1
85526,0
85527,0
85528,1
85529,0
85530,1
85531,1
85532,0
85533,1
85534,0
85535,0
85536,0
85537,1
85538,1
85539,0
85540,0
85541,2
85542,0
85543,0
85544,2
85545,0
85546,1
85547,0
85548,0
85549,0
85550,1
85551,0
85552,1
85553,0
85554,0
85555,1
85556,2
85557,2
85558,2
85559,1
85560,0
85561,0
85562,0
85563,2
85564,2
85565,0
85566,1
85567,1
85568,0
85569,0
85570,1
85571,0
85572,0
85573,0
85574,0
85575,1
85576,0
85577,1
85578,0
85579,1
85580,0
85581,0
85582,0
85583,1
85584,0
85585,0
85586,0
85587,0
85588,0
85589,1
85590,0
85591,0
85592,1
85593,0
85594,1
85595,0
85596,0
85597,1
85598,0
85599,2
85600,2
85601,0
85602,1
85603,0
85604,0
85605,0
85606,0
85607,0
85608,0
85609,0
85610,0
85611,0
85612,2
85613,0
85614,0
85615,0
85616,1
85617,1
85618,2
85619,0
85620,0
85621,0
85622,0
85623,0
85624,0
85625,0
85626,1
85627,0
85628,0
85629,0
85630,0
85631,1
85632,0
85633,1
85634,0
85635,0
85636,0
85637,0
85638,0
85639,0
85640,0
85641,0
85642,0
85643,1
85644,0
85645,0
85646,0
85647,1
85648,0
85649,1
85650,0
85651,0
85652,0
85653,0
85654,0
85655,0
85656,0
85657,0
85658,0
85659,0
85660,0
85661,0
85662,0
85663,1
85664,1
85665,2
85666,0
85667,0
85668,0
85669,0
85670,1
85671,1
85672,0
85673,0
85674,2
85675,1
85676,1
85677,0
85678,0
85679,0
85680,1
85681,0
85682,0
85683,0
85684,0
85685,1
85686,1
85687,0
85688,0
85689,0
85690,1
85691,3
85692,1
85693,3
85694,0
85695,0
85696,2
85697,0
85698,0
85699,1
85700,1
85701,1
85702,2
85703,0
85704,0
85705,0
85706,1
85707,1
85708,3
85709,0
85710,0
85711,1
85712,0
85713,0
85714,2
85715,0
85716,1
85717,0
85718,0
85719,2
85720,0
85721,2
85722,0
85723,1
85724,0
85725,2
85726,0
85727,1
85728,0
85729,0
85730,1
85731,1
85732,1
85733,0
85734,0
85735,0
85736,5
85737,0
85738,0
85739,0
85740,1
85741,0
85742,0
85743,0
85744,3
85745,2
85746,1
85747,1
85748,1
85749,0
85750,2
85751,0
85752,0
85753,1
85754,0
85755,0
85756,1
85757,0
85758,0
85759,0
85760,0
85761,1
85762,0
85763,0
85764,0
85765,2
85766,1
85767,0
85768,2
85769,0
85770,0
85771,1
85772,0
85773,0
85774,0
85775,0
85776,0
85777,0
85778,0
85779,0
85780,1
85781,2
85782,1
85783,1
85784,0
85785,0
85786,1
85787,0
85788,0
85789,1
85790,0
85791,0
85792,0
85793,0
85794,1
85795,0
85796,0
85797,0
85798,0
85799,0
85800,0
85801,0
85802,0
85803,1
85804,0
85805,0
85806,2
85807,0
85808,2
85809,5
85810,0
85811,1
85812,0
85813,2
85814,1
85815,0
85816,1
85817,0
85818,0
85819,0
85820,0
85821,5
85822,0
85823,1
85824,0
85825,0
85826,1
85827,3
85828,5
85829,3
85830,0
85831,0
85832,0
85833,0
85834,0
85835,3
85836,0
85837,2
85838,0
85839,2
85840,1
85841,0
85842,0
85843,0
85844,0
85845,1
85846,0
85847,1
85848,0
85849,0
85850,1
85851,0
85852,0
85853,1
85854,0
85855,0
85856,1
85857,0
85858,0
85859,1
85860,0
85861,2
85862,0
85863,0
85864,0
85865,1
85866,0
85867,2
85868,0
85869,0
85870,0
85871,2
85872,1
85873,0
85874,0
85875,2
85876,0
85877,0
85878,2
85879,0
85880,0
85881,2
85882,0
85883,2
85884,2
85885,0
85886,0
85887,0
85888,0
85889,1
85890,1
85891,0
85892,0
85893,0
85894,0
85895,0
85896,0
85897,0
85898,0
85899,0
85900,1
85901,0
85902,0
85903,0
85904,0
85905,0
85906,0
85907,0
85908,0
85909,0
85910,0
85911,0
85912,1
85913,0
85914,2
85915,0
85916,0
85917,0
85918,0
85919,0
85920,0
85921,0
85922,0
85923,1
85924,0
85925,0
85926,1
85927,0
85928,1
85929,0
85930,2
85931,1
85932,0
85933,1
85934,0
85935,0
85936,0
85937,0
85938,0
85939,0
85940,0
85941,0
85942,4
85943,2
85944,1
85945,0
85946,0
85947,1
85948,0
85949,0
85950,0
85951,0
85952,0
85953,0
85954,0
85955,2
85956,0
85957,0
85958,1
85959,1
85960,0
85961,2
85962,1
85963,0
85964,0
85965,1
85966,0
85967,0
85968,0
85969,1
85970,0
85971,0
85972,0
85973,0
85974,0
85975,0
85976,0
85977,0
85978,0
85979,1
85980,3
85981,0
85982,0
85983,0
85984,0
85985,0
85986,1
85987,0
85988,1
85989,1
85990,2
85991,1
85992,1
85993,1
85994,1
85995,0
85996,0
85997,0
85998,1
85999,0
86000,0
86001,1
86002,0
86003,0
86004,0
86005,1
86006,0
86007,0
86008,0
86009,0
86010,2
86011,2
86012,0
86013,2
86014,1
86015,0
86016,0
86017,0
86018,0
86019,0
86020,0
86021,0
86022,0
86023,0
86024,0
86025,0
86026,0
86027,0
86028,0
86029,0
86030,1
86031,0
86032,0
86033,0
86034,0
86035,1
86036,0
86037,0
86038,0
86039,0
86040,0
86041,0
86042,0
86043,0
86044,0
86045,0
86046,1
86047,0
86048,0
86049,1
86050,3
86051,1
86052,0
86053,0
86054,0
86055,0
86056,0
86057,0
86058,0
86059,0
86060,0
86061,0
86062,0
86063,0
86064,0
86065,0
86066,0
86067,0
86068,0
86069,0
86070,2
86071,0
86072,0
86073,1
86074,0
86075,1
86076,0
86077,0
86078,0
86079,0
86080,1
86081,0
86082,0
86083,1
86084,0
86085,0
86086,0
86087,0
86088,1
86089,0
86090,0
86091,1
86092,0
86093,1
86094,5
86095,0
86096,0
86097,0
86098,1
86099,1
86100,0
86101,0
86102,2
86103,0
86104,1
86105,5
86106,0
86107,0
86108,0
86109,0
86110,1
86111,1
86112,0
86113,0
86114,9
86115,0
86116,0
86117,0
86118,0
86119,0
86120,1
86121,0
86122,0
86123,1
86124,1
86125,0
86126,0
86127,1
86128,0
86129,0
86130,0
86131,0
86132,0
86133,0
86134,0
86135,1
86136,1
86137,0
86138,0
86139,0
86140,0
86141,0
86142,1
86143,0
86144,0
86145,0
86146,0
86147,0
86148,0
86149,0
86150,1
86151,1
86152,1
86153,0
86154,0
86155,0
86156,0
86157,0
86158,1
86159,0
86160,1
86161,0
86162,0
86163,0
86164,0
86165,1
86166,0
86167,0
86168,3
86169,0
86170,0
86171,2
86172,0
86173,0
86174,0
86175,3
86176,0
86177,0
86178,1
86179,0
86180,1
86181,1
86182,0
86183,0
86184,1
86185,1
86186,0
86187,0
86188,0
86189,0
86190,0
86191,0
86192,0
86193,0
86194,0
86195,1
86196,0
86197,0
86198,0
86199,0
86200,0
86201,0
86202,0
86203,1
86204,0
86205,0
86206,0
86207,0
86208,0
86209,1
86210,1
86211,0
86212,1
86213,1
86214,5
86215,1
86216,0
86217,2
86218,0
86219,0
86220,1
86221,0
86222,1
86223,1
86224,0
86225,0
86226,0
86227,0
86228,0
86229,1
86230,0
86231,0
86232,0
86233,0
86234,0
86235,0
86236,1
86237,2
86238,0
86239,0
86240,0
86241,2
86242,1
86243,1
86244,0
86245,1
86246,1
86247,1
86248,0
86249,0
86250,0
86251,1
86252,2
86253,0
86254,2
86255,1
86256,2
86257,0
86258,0
86259,2
86260,1
86261,2
86262,0
86263,3
86264,2
86265,2
86266,2
86267,0
86268,0
86269,0
86270,0
86271,2
86272,0
86273,0
86274,0
86275,0
86276,1
86277,2
86278,3
86279,0
86280,0
86281,2
86282,1
86283,0
86284,0
86285,0
86286,0
86287,0
86288,0
86289,0
86290,0
86291,0
86292,0
86293,0
86294,0
86295,1
86296,0
86297,0
86298,0
86299,0
86300,0
86301,0
86302,0
86303,0
86304,0
86305,0
86306,0
86307,0
86308,0
86309,0
86310,1
86311,0
86312,0
86313,0
86314,0
86315,0
86316,0
86317,0
86318,1
86319,0
86320,0
86321,0
86322,0
86323,0
86324,0
86325,0
86326,0
86327,0
86328,1
86329,1
86330,1
86331,1
86332,0
86333,0
86334,0
86335,5
86336,0
86337,0
86338,0
86339,0
86340,0
86341,0
86342,0
86343,0
86344,0
86345,1
86346,0
86347,0
86348,0
86349,1
86350,0
86351,0
86352,0
86353,0
86354,0
86355,0
86356,0
86357,0
86358,0
86359,0
86360,0
86361,3
86362,3
86363,0
86364,1
86365,0
86366,0
86367,1
86368,0
86369,1
86370,0
86371,0
86372,2
86373,1
86374,0
86375,0
86376,0
86377,0
86378,0
86379,1
86380,2
86381,1
86382,0
86383,0
86384,1
86385,1
86386,2
86387,0
86388,3
86389,1
86390,0
86391,2
86392,0
86393,1
86394,0
86395,0
86396,0
86397,0
86398,0
86399,0
86400,0
86401,0
86402,0
86403,0
86404,0
86405,0
86406,0
86407,0
86408,0
86409,0
86410,0
86411,0
86412,3
86413,1
86414,0
86415,1
86416,0
86417,1
86418,2
86419,2
86420,1
86421,1
86422,1
86423,0
86424,0
86425,0
86426,0
86427,0
86428,0
86429,0
86430,0
86431,0
86432,0
86433,0
86434,0
86435,1
86436,0
86437,1
86438,0
86439,0
86440,0
86441,0
86442,0
86443,0
86444,0
86445,1
86446,1
86447,0
86448,0
86449,1
86450,0
86451,2
86452,1
86453,13
86454,1
86455,0
86456,0
86457,2
86458,0
86459,5
86460,0
86461,0
86462,0
86463,0
86464,0
86465,0
86466,0
86467,1
86468,1
86469,0
86470,1
86471,0
86472,0
86473,0
86474,0
86475,0
86476,0
86477,0
86478,0
86479,1
86480,0
86481,0
86482,1
86483,2
86484,0
86485,0
86486,0
86487,0
86488,1
86489,0
86490,0
86491,0
86492,0
86493,1
86494,0
86495,1
86496,0
86497,1
86498,1
86499,0
86500,0
86501,0
86502,0
86503,0
86504,1
86505,0
86506,1
86507,1
86508,1
86509,0
86510,1
86511,0
86512,0
86513,0
86514,0
86515,0
86516,1
86517,1
86518,1
86519,0
86520,0
86521,0
86522,1
86523,0
86524,1
86525,0
86526,0
86527,0
86528,0
86529,0
86530,1
86531,1
86532,0
86533,0
86534,0
86535,0
86536,0
86537,0
86538,0
86539,0
86540,0
86541,0
86542,2
86543,0
86544,0
86545,0
86546,1
86547,0
86548,1
86549,1
86550,1
86551,0
86552,0
86553,0
86554,1
86555,0
86556,0
86557,0
86558,0
86559,0
86560,0
86561,0
86562,1
86563,0
86564,0
86565,2
86566,2
86567,1
86568,0
86569,2
86570,1
86571,1
86572,2
86573,0
86574,2
86575,1
86576,2
86577,0
86578,1
86579,0
86580,0
86581,0
86582,1
86583,0
86584,0
86585,1
86586,0
86587,0
86588,1
86589,1
86590,1
86591,0
86592,0
86593,0
86594,0
86595,0
86596,1
86597,1
86598,0
86599,0
86600,0
86601,0
86602,1
86603,0
86604,1
86605,0
86606,0
86607,0
86608,0
86609,0
86610,0
86611,0
86612,1
86613,0
86614,7
86615,0
86616,4
86617,0
86618,2
86619,1
86620,3
86621,2
86622,0
86623,0
86624,2
86625,0
86626,1
86627,0
86628,0
86629,0
86630,0
86631,1
86632,0
86633,0
86634,2
86635,0
86636,1
86637,1
86638,1
86639,0
86640,0
86641,0
86642,2
86643,2
86644,1
86645,1
86646,0
86647,2
86648,0
86649,1
86650,0
86651,1
86652,1
86653,0
86654,0
86655,0
86656,0
86657,1
86658,1
86659,0
86660,0
86661,0
86662,0
86663,0
86664,0
86665,0
86666,2
86667,0
86668,0
86669,0
86670,1
86671,0
86672,0
86673,0
86674,4
86675,0
86676,1
86677,1
86678,0
86679,0
86680,4
86681,2
86682,1
86683,1
86684,0
86685,0
86686,1
86687,2
86688,1
86689,0
86690,0
86691,1
86692,3
86693,1
86694,3
86695,0
86696,0
86697,0
86698,4
86699,0
86700,0
86701,3
86702,0
86703,1
86704,0
86705,0
86706,0
86707,0
86708,1
86709,0
86710,0
86711,2
86712,0
86713,0
86714,2
86715,3
86716,2
86717,0
86718,0
86719,0
86720,0
86721,0
86722,0
86723,1
86724,1
86725,0
86726,0
86727,1
86728,0
86729,0
86730,1
86731,0
86732,0
86733,0
86734,0
86735,9
86736,0
86737,0
86738,2
86739,0
86740,3
86741,0
86742,0
86743,0
86744,0
86745,0
86746,0
86747,0
86748,1
86749,0
86750,0
86751,1
86752,0
86753,2
86754,2
86755,0
86756,1
86757,2
86758,0
86759,0
86760,0
86761,1
86762,1
86763,1
86764,0
86765,0
86766,2
86767,2
86768,0
86769,1
86770,3
86771,0
86772,2
86773,0
86774,1
86775,0
86776,0
86777,0
86778,0
86779,0
86780,0
86781,0
86782,0
86783,0
86784,0
86785,0
86786,0
86787,1
86788,0
86789,0
86790,1
86791,0
86792,1
86793,0
86794,0
86795,0
86796,0
86797,0
86798,0
86799,0
86800,0
86801,0
86802,0
86803,0
86804,0
86805,0
86806,1
86807,0
86808,0
86809,1
86810,0
86811,0
86812,1
86813,0
86814,1
86815,5
86816,0
86817,0
86818,0
86819,0
86820,0
86821,0
86822,0
86823,0
86824,0
86825,0
86826,4
86827,3
86828,1
86829,0
86830,1
86831,0
86832,0
86833,0
86834,1
86835,2
86836,2
86837,0
86838,0
86839,0
86840,0
86841,0
86842,1
86843,0
86844,0
86845,0
86846,0
86847,0
86848,1
86849,0
86850,1
86851,0
86852,0
86853,0
86854,0
86855,1
86856,1
86857,1
86858,1
86859,1
86860,0
86861,2
86862,1
86863,0
86864,0
86865,0
86866,0
86867,0
86868,0
86869,0
86870,0
86871,0
86872,0
86873,0
86874,0
86875,0
86876,0
86877,0
86878,0
86879,0
86880,1
86881,0
86882,0
86883,0
86884,0
86885,1
86886,1
86887,0
86888,0
86889,3
86890,0
86891,0
86892,0
86893,0
86894,0
86895,0
86896,0
86897,0
86898,0
86899,1
86900,0
86901,0
86902,1
86903,0
86904,0
86905,1
86906,0
86907,0
86908,0
86909,2
86910,0
86911,0
86912,0
86913,0
86914,0
86915,1
86916,1
86917,1
86918,0
86919,2
86920,0
86921,0
86922,0
86923,0
86924,0
86925,0
86926,0
86927,1
86928,0
86929,0
86930,1
86931,0
86932,0
86933,0
86934,1
86935,0
86936,0
86937,0
86938,1
86939,0
86940,0
86941,1
86942,2
86943,0
86944,0
86945,0
86946,0
86947,0
86948,0
86949,1
86950,0
86951,1
86952,4
86953,0
86954,1
86955,1
86956,0
86957,1
86958,1
86959,0
86960,3
86961,0
86962,0
86963,0
86964,0
86965,3
86966,0
86967,0
86968,2
86969,1
86970,1
86971,1
86972,3
86973,1
86974,3
86975,2
86976,0
86977,1
86978,1
86979,2
86980,1
86981,1
86982,1
86983,1
86984,0
86985,0
86986,0
86987,1
86988,2
86989,0
86990,1
86991,1
86992,2
86993,1
86994,1
86995,2
86996,2
86997,0
86998,0
86999,0
87000,0
87001,0
87002,0
87003,3
87004,0
87005,1
87006,0
87007,0
87008,0
87009,0
87010,2
87011,2
87012,0
87013,1
87014,0
87015,0
87016,1
87017,2
87018,1
87019,0
87020,4
87021,0
87022,1
87023,0
87024,0
87025,0
87026,0
87027,0
87028,0
87029,1
87030,1
87031,0
87032,0
87033,0
87034,0
87035,3
87036,0
87037,0
87038,1
87039,1
87040,0
87041,0
87042,1
87043,4
87044,0
87045,1
87046,0
87047,1
87048,0
87049,0
87050,2
87051,0
87052,0
87053,1
87054,0
87055,0
87056,2
87057,0
87058,0
87059,0
87060,1
87061,0
87062,0
87063,0
87064,0
87065,4
87066,0
87067,0
87068,0
87069,1
87070,1
87071,0
87072,0
87073,0
87074,0
87075,0
87076,1
87077,0
87078,0
87079,0
87080,0
87081,0
87082,0
87083,0
87084,1
87085,0
87086,0
87087,0
87088,0
87089,0
87090,0
87091,3
87092,1
87093,0
87094,0
87095,0
87096,0
87097,0
87098,2
87099,0
87100,1
87101,2
87102,2
87103,1
87104,0
87105,1
87106,0
87107,1
87108,0
87109,0
87110,1
87111,1
87112,0
87113,0
87114,0
87115,0
87116,0
87117,1
87118,1
87119,0
87120,0
87121,2
87122,1
87123,2
87124,0
87125,0
87126,0
87127,1
87128,0
87129,0
87130,0
87131,0
87132,3
87133,1
87134,4
87135,0
87136,0
87137,0
87138,0
87139,0
87140,0
87141,0
87142,0
87143,0
87144,0
87145,0
87146,0
87147,0
87148,0
87149,0
87150,1
87151,0
87152,1
87153,0
87154,1
87155,0
87156,0
87157,0
87158,0
87159,0
87160,0
87161,0
87162,0
87163,0
87164,0
87165,1
87166,2
87167,0
87168,1
87169,1
87170,0
87171,0
87172,0
87173,0
87174,0
87175,4
87176,1
87177,0
87178,1
87179,0
87180,0
87181,0
87182,0
87183,0
87184,0
87185,0
87186,1
87187,2
87188,3
87189,0
87190,0
87191,0
87192,0
87193,0
87194,0
87195,0
87196,0
87197,1
87198,0
87199,0
87200,1
87201,0
87202,0
87203,0
87204,0
87205,0
87206,0
87207,1
87208,0
87209,1
87210,0
87211,0
87212,1
87213,0
87214,1
87215,0
87216,2
87217,0
87218,0
87219,1
87220,0
87221,1
87222,0
87223,0
87224,0
87225,1
87226,0
87227,0
87228,0
87229,4
87230,0
87231,1
87232,1
87233,0
87234,2
87235,0
87236,0
87237,0
87238,0
87239,0
87240,0
87241,0
87242,0
87243,0
87244,1
87245,0
87246,0
87247,0
87248,1
87249,0
87250,0
87251,0
87252,0
87253,1
87254,0
87255,1
87256,2
87257,0
87258,4
87259,0
87260,0
87261,0
87262,0
87263,0
87264,1
87265,2
87266,3
87267,1
87268,10
87269,6
87270,0
87271,0
87272,0
87273,4
87274,9
87275,0
87276,0
87277,0
87278,0
87279,0
87280,0
87281,1
87282,1
87283,2
87284,1
87285,0
87286,1
87287,0
87288,0
87289,2
87290,0
87291,0
87292,0
87293,1
87294,0
87295,0
87296,1
87297,0
87298,2
87299,0
87300,0
87301,1
87302,0
87303,0
87304,7
87305,0
87306,0
87307,1
87308,0
87309,1
87310,0
87311,1
87312,1
87313,1
87314,0
87315,0
87316,1
87317,0
87318,1
87319,2
87320,1
87321,0
87322,0
87323,0
87324,0
87325,0
87326,0
87327,0
87328,0
87329,1
87330,0
87331,0
87332,3
87333,0
87334,0
87335,0
87336,1
87337,0
87338,0
87339,0
87340,0
87341,0
87342,2
87343,0
87344,2
87345,0
87346,1
87347,0
87348,1
87349,0
87350,0
87351,0
87352,1
87353,0
87354,0
87355,0
87356,0
87357,1
87358,0
87359,1
87360,1
87361,1
87362,1
87363,0
87364,0
87365,0
87366,0
87367,1
87368,0
87369,1
87370,0
87371,1
87372,0
87373,1
87374,1
87375,1
87376,0
87377,2
87378,0
87379,1
87380,1
87381,1
87382,1
87383,1
87384,3
87385,0
87386,1
87387,0
87388,1
87389,1
87390,1
87391,0
87392,1
87393,1
87394,0
87395,1
87396,3
87397,1
87398,0
87399,0
87400,0
87401,0
87402,3
87403,3
87404,4
87405,1
87406,1
87407,1
87408,2
87409,2
87410,0
87411,0
87412,1
87413,2
87414,0
87415,0
87416,0
87417,0
87418,0
87419,0
87420,0
87421,0
87422,0
87423,0
87424,0
87425,0
87426,0
87427,1
87428,0
87429,0
87430,0
87431,0
87432,0
87433,0
87434,1
87435,0
87436,1
87437,0
87438,2
87439,0
87440,0
87441,0
87442,0
87443,0
87444,0
87445,0
87446,1
87447,0
87448,0
87449,0
87450,2
87451,0
87452,0
87453,0
87454,0
87455,0
87456,0
87457,0
87458,3
87459,0
87460,1
87461,0
87462,1
87463,0
87464,0
87465,1
87466,0
87467,0
87468,0
87469,0
87470,0
87471,0
87472,0
87473,0
87474,1
87475,0
87476,0
87477,0
87478,0
87479,0
87480,2
87481,1
87482,0
87483,0
87484,0
87485,0
87486,0
87487,0
87488,1
87489,0
87490,0
87491,0
87492,0
87493,0
87494,1
87495,0
87496,0
87497,0
87498,0
87499,0
87500,0
87501,1
87502,0
87503,1
87504,0
87505,0
87506,2
87507,2
87508,0
87509,0
87510,0
87511,1
87512,0
87513,1
87514,1
87515,0
87516,3
87517,0
87518,0
87519,0
87520,1
87521,0
87522,0
87523,0
87524,0
87525,0
87526,0
87527,1
87528,0
87529,0
87530,0
87531,1
87532,0
87533,1
87534,0
87535,0
87536,0
87537,0
87538,0
87539,0
87540,0
87541,0
87542,1
87543,0
87544,0
87545,0
87546,0
87547,0
87548,1
87549,0
87550,1
87551,1
87552,0
87553,1
87554,0
87555,1
87556,0
87557,0
87558,0
87559,0
87560,0
87561,0
87562,5
87563,2
87564,2
87565,1
87566,1
87567,0
87568,0
87569,0
87570,1
87571,1
87572,2
87573,0
87574,3
87575,0
87576,0
87577,0
87578,0
87579,0
87580,1
87581,0
87582,1
87583,0
87584,0
87585,0
87586,0
87587,0
87588,0
87589,1
87590,3
87591,2
87592,1
87593,2
87594,4
87595,0
87596,0
87597,0
87598,2
87599,1
87600,3
87601,0
87602,0
87603,0
87604,0
87605,0
87606,0
87607,0
87608,2
87609,0
87610,4
87611,2
87612,0
87613,0
87614,3
87615,2
87616,0
87617,1
87618,1
87619,0
87620,0
87621,1
87622,0
87623,0
87624,0
87625,0
87626,1
87627,0
87628,0
87629,1
87630,0
87631,0
87632,0
87633,0
87634,1
87635,0
87636,0
87637,0
87638,0
87639,1
87640,0
87641,0
87642,0
87643,0
87644,0
87645,0
87646,0
87647,0
87648,0
87649,0
87650,0
87651,0
87652,0
87653,1
87654,0
87655,0
87656,0
87657,0
87658,0
87659,2
87660,0
87661,0
87662,0
87663,0
87664,0
87665,0
87666,0
87667,0
87668,0
87669,0
87670,0
87671,0
87672,0
87673,1
87674,0
87675,0
87676,0
87677,1
87678,0
87679,0
87680,0
87681,0
87682,0
87683,2
87684,0
87685,0
87686,0
87687,1
87688,0
87689,1
87690,1
87691,0
87692,1
87693,0
87694,0
87695,0
87696,2
87697,0
87698,1
87699,0
87700,1
87701,0
87702,0
87703,4
87704,0
87705,2
87706,0
87707,2
87708,0
87709,0
87710,0
87711,0
87712,0
87713,1
87714,0
87715,0
87716,0
87717,0
87718,0
87719,0
87720,0
87721,0
87722,0
87723,0
87724,0
87725,1
87726,0
87727,1
87728,2
87729,2
87730,0
87731,1
87732,0
87733,0
87734,1
87735,3
87736,1
87737,0
87738,0
87739,0
87740,1
87741,2
87742,0
87743,2
87744,0
87745,0
87746,3
87747,0
87748,2
87749,0
87750,1
87751,1
87752,1
87753,0
87754,0
87755,1
87756,2
87757,0
87758,0
87759,0
87760,0
87761,0
87762,0
87763,1
87764,0
87765,0
87766,1
87767,0
87768,0
87769,0
87770,0
87771,0
87772,0
87773,0
87774,2
87775,0
87776,0
87777,1
87778,0
87779,0
87780,1
87781,0
87782,1
87783,0
87784,0
87785,0
87786,0
87787,0
87788,0
87789,0
87790,0
87791,1
87792,1
87793,0
87794,0
87795,0
87796,0
87797,0
87798,1
87799,0
87800,0
87801,0
87802,1
87803,0
87804,0
87805,0
87806,0
87807,2
87808,1
87809,2
87810,0
87811,0
87812,1
87813,0
87814,1
87815,0
87816,0
87817,1
87818,0
87819,0
87820,0
87821,0
87822,1
87823,0
87824,0
87825,0
87826,1
87827,0
87828,0
87829,0
87830,1
87831,2
87832,0
87833,1
87834,0
87835,0
87836,1
87837,0
87838,0
87839,1
87840,2
87841,0
87842,0
87843,1
87844,1
87845,1
87846,0
87847,0
87848,0
87849,2
87850,5
87851,0
87852,0
87853,0
87854,0
87855,0
87856,0
87857,0
87858,0
87859,0
87860,0
87861,0
87862,1
87863,0
87864,0
87865,0
87866,0
87867,0
87868,1
87869,0
87870,0
87871,0
87872,0
87873,0
87874,0
87875,0
87876,0
87877,0
87878,1
87879,1
87880,0
87881,0
87882,0
87883,0
87884,0
87885,0
87886,0
87887,1
87888,0
87889,0
87890,1
87891,0
87892,1
87893,0
87894,0
87895,1
87896,1
87897,0
87898,1
87899,0
87900,0
87901,1
87902,0
87903,2
87904,1
87905,2
87906,1
87907,0
87908,2
87909,0
87910,0
87911,0
87912,0
87913,0
87914,0
87915,1
87916,0
87917,0
87918,0
87919,1
87920,0
87921,1
87922,0
87923,0
87924,0
87925,0
87926,0
87927,0
87928,1
87929,0
87930,0
87931,0
87932,0
87933,0
87934,0
87935,0
87936,0
87937,0
87938,0
87939,1
87940,0
87941,0
87942,0
87943,0
87944,0
87945,0
87946,0
87947,0
87948,2
87949,0
87950,1
87951,2
87952,0
87953,0
87954,0
87955,0
87956,0
87957,1
87958,0
87959,0
87960,0
87961,0
87962,0
87963,2
87964,0
87965,0
87966,0
87967,0
87968,0
87969,1
87970,0
87971,2
87972,2
87973,0
87974,0
87975,0
87976,0
87977,0
87978,0
87979,0
87980,0
87981,0
87982,1
87983,1
87984,0
87985,1
87986,0
87987,0
87988,0
87989,1
87990,1
87991,0
87992,0
87993,1
87994,0
87995,0
87996,1
87997,13
87998,0
87999,0
88000,0
88001,1
88002,0
88003,0
88004,0
88005,1
88006,2
88007,0
88008,0
88009,2
88010,0
88011,0
88012,2
88013,3
88014,1
88015,1
88016,1
88017,0
88018,0
88019,0
88020,0
88021,0
88022,0
88023,0
88024,1
88025,0
88026,0
88027,0
88028,0
88029,0
88030,1
88031,0
88032,1
88033,1
88034,0
88035,0
88036,0
88037,0
88038,0
88039,1
88040,1
88041,0
88042,0
88043,0
88044,0
88045,0
88046,0
88047,1
88048,0
88049,1
88050,0
88051,1
88052,0
88053,0
88054,0
88055,0
88056,1
88057,0
88058,1
88059,0
88060,1
88061,0
88062,1
88063,0
88064,0
88065,0
88066,0
88067,0
88068,0
88069,0
88070,1
88071,0
88072,0
88073,0
88074,1
88075,0
88076,1
88077,0
88078,0
88079,0
88080,0
88081,0
88082,0
88083,0
88084,0
88085,1
88086,0
88087,1
88088,0
88089,0
88090,0
88091,0
88092,0
88093,1
88094,2
88095,0
88096,0
88097,0
88098,0
88099,0
88100,1
88101,0
88102,0
88103,0
88104,0
88105,0
88106,0
88107,0
88108,0
88109,0
88110,0
88111,0
88112,0
88113,0
88114,0
88115,0
88116,1
88117,0
88118,0
88119,0
88120,0
88121,1
88122,0
88123,0
88124,1
88125,0
88126,0
88127,3
88128,0
88129,0
88130,0
88131,1
88132,0
88133,0
88134,8
88135,0
88136,0
88137,3
88138,1
88139,0
88140,0
88141,1
88142,0
88143,1
88144,0
88145,0
88146,0
88147,1
88148,0
88149,1
88150,0
88151,0
88152,0
88153,0
88154,2
88155,0
88156,0
88157,0
88158,0
88159,1
88160,0
88161,0
88162,2
88163,0
88164,0
88165,0
88166,0
88167,0
88168,0
88169,0
88170,0
88171,0
88172,0
88173,0
88174,0
88175,0
88176,0
88177,0
88178,0
88179,0
88180,0
88181,0
88182,0
88183,0
88184,1
88185,0
88186,0
88187,0
88188,1
88189,1
88190,1
88191,0
88192,1
88193,1
88194,1
88195,0
88196,0
88197,0
88198,0
88199,1
88200,1
88201,0
88202,0
88203,0
88204,0
88205,0
88206,2
88207,0
88208,1
88209,2
88210,0
88211,0
88212,0
88213,0
88214,0
88215,0
88216,1
88217,1
88218,0
88219,0
88220,0
88221,1
88222,2
88223,0
88224,0
88225,0
88226,2
88227,0
88228,1
88229,0
88230,0
88231,0
88232,0
88233,0
88234,1
88235,0
88236,1
88237,0
88238,0
88239,0
88240,1
88241,0
88242,0
88243,0
88244,0
88245,0
88246,0
88247,0
88248,0
88249,0
88250,0
88251,0
88252,0
88253,0
88254,0
88255,0
88256,0
88257,0
88258,0
88259,0
88260,0
88261,0
88262,0
88263,2
88264,0
88265,0
88266,1
88267,0
88268,1
88269,0
88270,3
88271,0
88272,1
88273,0
88274,0
88275,0
88276,0
88277,0
88278,0
88279,0
88280,0
88281,1
88282,0
88283,0
88284,1
88285,0
88286,3
88287,1
88288,0
88289,0
88290,1
88291,1
88292,0
88293,1
88294,1
88295,1
88296,0
88297,0
88298,1
88299,0
88300,0
88301,0
88302,0
88303,0
88304,2
88305,0
88306,0
88307,0
88308,1
88309,0
88310,3
88311,1
88312,3
88313,1
88314,1
88315,0
88316,0
88317,0
88318,0
88319,0
88320,0
88321,0
88322,1
88323,0
88324,0
88325,0
88326,1
88327,0
88328,0
88329,0
88330,0
88331,1
88332,1
88333,1
88334,5
88335,0
88336,1
88337,1
88338,3
88339,0
88340,0
88341,0
88342,0
88343,1
88344,1
88345,0
88346,1
88347,4
88348,0
88349,0
88350,1
88351,0
88352,0
88353,0
88354,0
88355,0
88356,1
88357,0
88358,2
88359,0
88360,1
88361,0
88362,0
88363,1
88364,0
88365,2
88366,0
88367,0
88368,1
88369,19
88370,1
88371,0
88372,2
88373,1
88374,0
88375,0
88376,0
88377,0
88378,0
88379,0
88380,0
88381,3
88382,1
88383,0
88384,0
88385,0
88386,0
88387,0
88388,2
88389,0
88390,0
88391,1
88392,0
88393,1
88394,0
88395,0
88396,0
88397,0
88398,0
88399,0
88400,1
88401,0
88402,0
88403,0
88404,0
88405,0
88406,0
88407,0
88408,0
88409,1
88410,0
88411,0
88412,0
88413,0
88414,1
88415,0
88416,3
88417,0
88418,1
88419,1
88420,1
88421,2
88422,0
88423,0
88424,0
88425,0
88426,0
88427,1
88428,2
88429,0
88430,1
88431,0
88432,2
88433,1
88434,0
88435,1
88436,2
88437,0
88438,2
88439,0
88440,1
88441,1
88442,1
88443,0
88444,2
88445,0
88446,1
88447,2
88448,0
88449,1
88450,0
88451,9
88452,0
88453,0
88454,0
88455,1
88456,2
88457,0
88458,0
88459,0
88460,1
88461,1
88462,0
88463,1
88464,0
88465,0
88466,0
88467,0
88468,1
88469,1
88470,0
88471,0
88472,0
88473,0
88474,0
88475,0
88476,0
88477,0
88478,0
88479,0
88480,2
88481,1
88482,0
88483,1
88484,0
88485,0
88486,1
88487,1
88488,0
88489,2
88490,0
88491,0
88492,0
88493,0
88494,0
88495,1
88496,0
88497,1
88498,0
88499,0
88500,2
88501,0
88502,0
88503,1
88504,0
88505,0
88506,0
88507,6
88508,0
88509,1
88510,0
88511,0
88512,1
88513,0
88514,0
88515,1
88516,0
88517,0
88518,0
88519,0
88520,0
88521,1
88522,1
88523,4
88524,3
88525,1
88526,0
88527,0
88528,1
88529,1
88530,0
88531,0
88532,0
88533,0
88534,0
88535,2
88536,0
88537,0
88538,0
88539,0
88540,0
88541,0
88542,0
88543,1
88544,0
88545,0
88546,1
88547,0
88548,3
88549,1
88550,3
88551,2
88552,0
88553,0
88554,0
88555,0
88556,1
88557,5
88558,1
88559,1
88560,1
88561,0
88562,0
88563,1
88564,1
88565,3
88566,2
88567,0
88568,1
88569,1
88570,0
88571,0
88572,0
88573,1
88574,1
88575,2
88576,0
88577,0
88578,0
88579,3
88580,0
88581,0
88582,0
88583,0
88584,0
88585,1
88586,2
88587,0
88588,2
88589,1
88590,0
88591,0
88592,0
88593,0
88594,0
88595,0
88596,4
88597,0
88598,0
88599,0
88600,0
88601,0
88602,1
88603,0
88604,0
88605,0
88606,0
88607,0
88608,2
88609,2
88610,1
88611,1
88612,0
88613,1
88614,0
88615,0
88616,0
88617,0
88618,0
88619,0
88620,0
88621,0
88622,0
88623,0
88624,0
88625,0
88626,0
88627,1
88628,0
88629,1
88630,0
88631,0
88632,0
88633,0
88634,0
88635,0
88636,0
88637,0
88638,0
88639,0
88640,0
88641,1
88642,0
88643,0
88644,0
88645,0
88646,0
88647,0
88648,3
88649,1
88650,0
88651,0
88652,0
88653,1
88654,1
88655,0
88656,0
88657,1
88658,0
88659,0
88660,1
88661,0
88662,6
88663,0
88664,2
88665,0
88666,3
88667,1
88668,1
88669,0
88670,0
88671,1
88672,3
88673,0
88674,0
88675,1
88676,4
88677,0
88678,0
88679,2
88680,0
88681,1
88682,0
88683,0
88684,1
88685,1
88686,0
88687,0
88688,0
88689,0
88690,0
88691,1
88692,0
88693,1
88694,1
88695,0
88696,0
88697,0
88698,1
88699,0
88700,0
88701,1
88702,1
88703,0
88704,2
88705,0
88706,5
88707,0
88708,0
88709,0
88710,0
88711,0
88712,0
88713,0
88714,0
88715,0
88716,1
88717,0
88718,0
88719,1
88720,0
88721,1
88722,0
88723,0
88724,0
88725,2
88726,0
88727,1
88728,0
88729,0
88730,0
88731,1
88732,1
88733,0
88734,0
88735,0
88736,0
88737,1
88738,5
88739,0
88740,2
88741,0
88742,1
88743,2
88744,1
88745,1
88746,1
88747,1
88748,0
88749,2
88750,0
88751,0
88752,0
88753,1
88754,2
88755,0
88756,0
88757,0
88758,0
88759,0
88760,1
88761,4
88762,1
88763,0
88764,0
88765,4
88766,4
88767,1
88768,2
88769,1
88770,1
88771,1
88772,1
88773,0
88774,2
88775,0
88776,0
88777,0
88778,2
88779,0
88780,0
88781,0
88782,0
88783,1
88784,0
88785,2
88786,1
88787,0
88788,0
88789,0
88790,0
88791,0
88792,0
88793,0
88794,0
88795,0
88796,4
88797,2
88798,0
88799,0
88800,1
88801,0
88802,0
88803,0
88804,0
88805,0
88806,1
88807,1
88808,0
88809,0
88810,1
88811,0
88812,0
88813,0
88814,1
88815,0
88816,0
88817,0
88818,1
88819,0
88820,0
88821,0
88822,0
88823,0
88824,0
88825,1
88826,1
88827,0
88828,1
88829,0
88830,0
88831,0
88832,0
88833,0
88834,0
88835,0
88836,3
88837,3
88838,0
88839,0
88840,0
88841,0
88842,1
88843,0
88844,0
88845,0
88846,1
88847,1
88848,1
88849,2
88850,0
88851,0
88852,1
88853,1
88854,0
88855,0
88856,1
88857,1
88858,0
88859,1
88860,2
88861,0
88862,0
88863,0
88864,0
88865,0
88866,1
88867,0
88868,0
88869,0
88870,0
88871,0
88872,0
88873,2
88874,0
88875,1
88876,2
88877,1
88878,1
88879,0
88880,1
88881,1
88882,5
88883,0
88884,1
88885,2
88886,0
88887,0
88888,3
88889,0
88890,0
88891,0
88892,0
88893,0
88894,0
88895,0
88896,0
88897,0
88898,0
88899,0
88900,0
88901,0
88902,0
88903,0
88904,0
88905,0
88906,0
88907,0
88908,0
88909,0
88910,0
88911,0
88912,1
88913,0
88914,2
88915,0
88916,0
88917,0
88918,6
88919,6
88920,3
88921,0
88922,0
88923,0
88924,0
88925,0
88926,0
88927,0
88928,0
88929,0
88930,0
88931,0
88932,0
88933,0
88934,2
88935,1
88936,0
88937,0
88938,1
88939,0
88940,0
88941,0
88942,0
88943,0
88944,0
88945,0
88946,0
88947,0
88948,0
88949,0
88950,8
88951,0
88952,0
88953,11
88954,3
88955,9
88956,0
88957,2
88958,1
88959,5
88960,0
88961,0
88962,2
88963,0
88964,0
88965,0
88966,0
88967,0
88968,0
88969,1
88970,0
88971,0
88972,0
88973,1
88974,0
88975,1
88976,0
88977,0
88978,0
88979,0
88980,0
88981,0
88982,0
88983,0
88984,0
88985,0
88986,1
88987,0
88988,0
88989,0
88990,2
88991,0
88992,3
88993,1
88994,0
88995,1
88996,2
88997,0
88998,0
88999,0
89000,0
89001,0
89002,0
89003,0
89004,0
89005,0
89006,0
89007,0
89008,0
89009,0
89010,0
89011,0
89012,0
89013,1
89014,0
89015,0
89016,1
89017,0
89018,0
89019,0
89020,0
89021,0
89022,1
89023,1
89024,0
89025,0
89026,0
89027,0
89028,0
89029,0
89030,0
89031,0
89032,1
89033,0
89034,0
89035,0
89036,1
89037,1
89038,0
89039,1
89040,0
89041,0
89042,0
89043,0
89044,0
89045,0
89046,0
89047,0
89048,1
89049,1
89050,2
89051,0
89052,1
89053,0
89054,0
89055,0
89056,0
89057,0
89058,0
89059,1
89060,0
89061,0
89062,2
89063,0
89064,2
89065,1
89066,1
89067,1
89068,0
89069,0
89070,0
89071,0
89072,0
89073,0
89074,0
89075,1
89076,0
89077,0
89078,0
89079,0
89080,0
89081,0
89082,0
89083,0
89084,0
89085,0
89086,0
89087,0
89088,2
89089,0
89090,0
89091,1
89092,2
89093,3
89094,0
89095,0
89096,0
89097,1
89098,1
89099,0
89100,0
89101,0
89102,0
89103,2
89104,0
89105,0
89106,0
89107,1
89108,1
89109,0
89110,0
89111,0
89112,0
89113,0
89114,1
89115,1
89116,0
89117,2
89118,0
89119,0
89120,0
89121,0
89122,0
89123,0
89124,0
89125,0
89126,0
89127,0
89128,0
89129,1
89130,0
89131,4
89132,2
89133,1
89134,0
89135,0
89136,0
89137,0
89138,1
89139,2
89140,0
89141,0
89142,0
89143,0
89144,0
89145,0
89146,1
89147,0
89148,1
89149,0
89150,0
89151,0
89152,0
89153,0
89154,0
89155,0
89156,1
89157,0
89158,0
89159,1
89160,0
89161,0
89162,0
89163,0
89164,0
89165,0
89166,0
89167,0
89168,0
89169,2
89170,0
89171,0
89172,0
89173,1
89174,0
89175,1
89176,0
89177,0
89178,0
89179,0
89180,0
89181,2
89182,0
89183,0
89184,0
89185,0
89186,1
89187,1
89188,0
89189,0
89190,0
89191,0
89192,0
89193,0
89194,0
89195,1
89196,1
89197,0
89198,2
89199,0
89200,0
89201,0
89202,0
89203,1
89204,1
89205,0
89206,1
89207,0
89208,3
89209,1
89210,0
89211,1
89212,5
89213,2
89214,0
89215,0
89216,0
89217,0
89218,1
89219,0
89220,1
89221,0
89222,0
89223,0
89224,0
89225,0
89226,1
89227,0
89228,2
89229,0
89230,0
89231,2
89232,2
89233,1
89234,5
89235,2
89236,1
89237,0
89238,0
89239,1
89240,0
89241,1
89242,0
89243,2
89244,0
89245,0
89246,0
89247,1
89248,1
89249,1
89250,1
89251,0
89252,0
89253,0
89254,0
89255,2
89256,1
89257,0
89258,0
89259,0
89260,0
89261,2
89262,0
89263,0
89264,0
89265,0
89266,0
89267,0
89268,1
89269,0
89270,0
89271,1
89272,0
89273,0
89274,0
89275,0
89276,2
89277,0
89278,0
89279,0
89280,0
89281,0
89282,0
89283,0
89284,0
89285,0
89286,0
89287,0
89288,1
89289,0
89290,1
89291,0
89292,0
89293,1
89294,0
89295,0
89296,0
89297,1
89298,0
89299,1
89300,0
89301,0
89302,0
89303,0
89304,1
89305,3
89306,0
89307,1
89308,0
89309,1
89310,0
89311,1
89312,1
89313,2
89314,0
89315,3
89316,0
89317,1
89318,3
89319,0
89320,4
89321,0
89322,4
89323,0
89324,0
89325,0
89326,0
89327,2
89328,0
89329,0
89330,0
89331,0
89332,1
89333,0
89334,0
89335,0
89336,1
89337,0
89338,1
89339,0
89340,0
89341,0
89342,0
89343,1
89344,0
89345,0
89346,0
89347,0
89348,0
89349,0
89350,0
89351,0
89352,2
89353,0
89354,0
89355,0
89356,1
89357,3
89358,1
89359,1
89360,0
89361,1
89362,4
89363,1
89364,0
89365,0
89366,0
89367,1
89368,0
89369,0
89370,0
89371,0
89372,0
89373,0
89374,0
89375,0
89376,0
89377,0
89378,1
89379,0
89380,0
89381,0
89382,0
89383,2
89384,0
89385,0
89386,0
89387,2
89388,1
89389,2
89390,2
89391,1
89392,1
89393,0
89394,1
89395,1
89396,0
89397,0
89398,1
89399,1
89400,0
89401,1
89402,0
89403,1
89404,0
89405,0
89406,2
89407,2
89408,0
89409,0
89410,1
89411,0
89412,0
89413,0
89414,0
89415,0
89416,0
89417,2
89418,0
89419,0
89420,0
89421,1
89422,1
89423,0
89424,0
89425,0
89426,0
89427,0
89428,0
89429,0
89430,0
89431,0
89432,1
89433,1
89434,1
89435,0
89436,0
89437,0
89438,0
89439,0
89440,1
89441,0
89442,1
89443,0
89444,0
89445,1
89446,0
89447,0
89448,0
89449,0
89450,0
89451,0
89452,0
89453,0
89454,2
89455,0
89456,0
89457,0
89458,0
89459,0
89460,0
89461,1
89462,0
89463,0
89464,1
89465,0
89466,0
89467,0
89468,0
89469,0
89470,0
89471,0
89472,0
89473,0
89474,1
89475,0
89476,0
89477,0
89478,1
89479,0
89480,1
89481,0
89482,0
89483,0
89484,1
89485,0
89486,0
89487,0
89488,1
89489,0
89490,0
89491,0
89492,1
89493,2
89494,0
89495,0
89496,3
89497,0
89498,2
89499,0
89500,0
89501,1
89502,0
89503,1
89504,1
89505,0
89506,1
89507,0
89508,0
89509,0
89510,0
89511,0
89512,1
89513,0
89514,0
89515,0
89516,3
89517,0
89518,0
89519,1
89520,0
89521,0
89522,2
89523,0
89524,0
89525,1
89526,0
89527,1
89528,0
89529,0
89530,0
89531,1
89532,0
89533,0
89534,0
89535,0
89536,0
89537,0
89538,0
89539,0
89540,0
89541,1
89542,0
89543,0
89544,0
89545,0
89546,0
89547,0
89548,0
89549,1
89550,0
89551,0
89552,0
89553,0
89554,1
89555,0
89556,0
89557,1
89558,0
89559,1
89560,0
89561,0
89562,0
89563,0
89564,0
89565,0
89566,0
89567,0
89568,0
89569,0
89570,0
89571,0
89572,0
89573,0
89574,0
89575,0
89576,0
89577,0
89578,0
89579,0
89580,0
89581,0
89582,0
89583,0
89584,2
89585,0
89586,0
89587,1
89588,27
89589,3
89590,0
89591,0
89592,0
89593,0
89594,14
89595,0
89596,0
89597,0
89598,0
89599,0
89600,0
89601,0
89602,1
89603,0
89604,0
89605,0
89606,0
89607,0
89608,0
89609,3
89610,1
89611,1
89612,1
89613,1
89614,0
89615,0
89616,0
89617,0
89618,0
89619,0
89620,0
89621,2
89622,2
89623,0
89624,0
89625,3
89626,0
89627,0
89628,0
89629,1
89630,0
89631,0
89632,0
89633,0
89634,0
89635,0
89636,5
89637,0
89638,0
89639,1
89640,2
89641,0
89642,0
89643,0
89644,1
89645,8
89646,12
89647,2
89648,15
89649,0
89650,0
89651,0
89652,0
89653,2
89654,22
89655,0
89656,7
89657,1
89658,7
89659,0
89660,3
89661,0
89662,0
89663,0
89664,3
89665,0
89666,1
89667,9
89668,1
89669,0
89670,0
89671,2
89672,0
89673,0
89674,3
89675,1
89676,0
89677,1
89678,0
89679,6
89680,0
89681,3
89682,1
89683,1
89684,0
89685,0
89686,2
89687,0
89688,0
89689,0
89690,0
89691,0
89692,0
89693,0
89694,0
89695,1
89696,0
89697,2
89698,0
89699,0
89700,1
89701,0
89702,0
89703,0
89704,0
89705,0
89706,0
89707,0
89708,0
89709,1
89710,0
89711,0
89712,0
89713,1
89714,1
89715,0
89716,0
89717,0
89718,0
89719,1
89720,1
89721,0
89722,0
89723,0
89724,0
89725,0
89726,2
89727,1
89728,1
89729,0
89730,1
89731,1
89732,1
89733,0
89734,0
89735,0
89736,0
89737,0
89738,0
89739,0
89740,1
89741,0
89742,0
89743,1
89744,0
89745,0
89746,0
89747,0
89748,0
89749,0
89750,0
89751,0
89752,0
89753,0
89754,0
89755,0
89756,0
89757,0
89758,0
89759,0
89760,0
89761,0
89762,0
89763,1
89764,0
89765,0
89766,1
89767,1
89768,0
89769,1
89770,1
89771,0
89772,2
89773,0
89774,0
89775,1
89776,0
89777,1
89778,0
89779,0
89780,0
89781,0
89782,0
89783,1
89784,1
89785,0
89786,1
89787,3
89788,1
89789,0
89790,0
89791,0
89792,0
89793,0
89794,0
89795,0
89796,1
89797,0
89798,0
89799,0
89800,1
89801,0
89802,0
89803,0
89804,0
89805,0
89806,0
89807,1
89808,0
89809,0
89810,0
89811,0
89812,1
89813,0
89814,1
89815,0
89816,0
89817,0
89818,1
89819,1
89820,1
89821,1
89822,0
89823,0
89824,1
89825,0
89826,0
89827,3
89828,0
89829,0
89830,0
89831,0
89832,0
89833,0
89834,0
89835,1
89836,0
89837,0
89838,1
89839,0
89840,0
89841,0
89842,0
89843,2
89844,0
89845,2
89846,0
89847,0
89848,0
89849,1
89850,4
89851,0
89852,1
89853,0
89854,1
89855,0
89856,0
89857,1
89858,0
89859,0
89860,3
89861,1
89862,2
89863,1
89864,0
89865,0
89866,0
89867,1
89868,0
89869,0
89870,0
89871,0
89872,1
89873,0
89874,0
89875,0
89876,0
89877,0
89878,0
89879,0
89880,0
89881,0
89882,0
89883,0
89884,0
89885,0
89886,1
89887,0
89888,0
89889,0
89890,0
89891,0
89892,0
89893,1
89894,0
89895,0
89896,0
89897,2
89898,0
89899,0
89900,0
89901,1
89902,1
89903,0
89904,0
89905,1
89906,0
89907,0
89908,0
89909,0
89910,0
89911,0
89912,1
89913,0
89914,0
89915,0
89916,0
89917,0
89918,0
89919,0
89920,0
89921,0
89922,0
89923,0
89924,0
89925,0
89926,0
89927,0
89928,0
89929,0
89930,1
89931,1
89932,0
89933,0
89934,1
89935,1
89936,0
89937,2
89938,0
89939,0
89940,0
89941,1
89942,1
89943,0
89944,0
89945,1
89946,1
89947,1
89948,0
89949,0
89950,0
89951,0
89952,4
89953,0
89954,0
89955,0
89956,0
89957,0
89958,1
89959,0
89960,0
89961,1
89962,1
89963,1
89964,4
89965,1
89966,0
89967,0
89968,1
89969,0
89970,0
89971,0
89972,0
89973,0
89974,0
89975,0
89976,1
89977,1
89978,1
89979,0
89980,0
89981,0
89982,0
89983,0
89984,0
89985,0
89986,0
89987,0
89988,0
89989,0
89990,1
89991,0
89992,0
89993,0
89994,1
89995,0
89996,0
89997,1
89998,0
89999,1
90000,0
90001,0
90002,0
90003,1
90004,2
90005,0
90006,0
90007,0
90008,2
90009,0
90010,1
90011,0
90012,1
90013,0
90014,1
90015,0
90016,0
90017,1
90018,0
90019,1
90020,1
90021,1
90022,1
90023,0
90024,0
90025,0
90026,1
90027,0
90028,0
90029,0
90030,0
90031,0
90032,0
90033,0
90034,0
90035,0
90036,0
90037,0
90038,0
90039,0
90040,1
90041,0
90042,3
90043,0
90044,1
90045,0
90046,3
90047,1
90048,1
90049,2
90050,0
90051,0
90052,0
90053,7
90054,0
90055,3
90056,6
90057,1
90058,0
90059,0
90060,0
90061,0
90062,0
90063,1
90064,0
90065,1
90066,0
90067,0
90068,0
90069,0
90070,0
90071,0
90072,0
90073,0
90074,0
90075,0
90076,1
90077,0
90078,1
90079,0
90080,0
90081,0
90082,0
90083,0
90084,0
90085,1
90086,0
90087,1
90088,1
90089,0
90090,4
90091,0
90092,1
90093,1
90094,0
90095,0
90096,1
90097,0
90098,2
90099,0
90100,0
90101,0
90102,0
90103,0
90104,0
90105,0
90106,0
90107,2
90108,2
90109,5
90110,0
90111,1
90112,3
90113,2
90114,8
90115,2
90116,3
90117,0
90118,0
90119,0
90120,1
90121,2
90122,0
90123,0
90124,1
90125,0
90126,0
90127,1
90128,0
90129,1
90130,2
90131,0
90132,0
90133,0
90134,0
90135,0
90136,0
90137,0
90138,1
90139,0
90140,0
90141,0
90142,0
90143,1
90144,0
90145,1
90146,0
90147,4
90148,0
90149,1
90150,2
90151,0
90152,0
90153,0
90154,0
90155,0
90156,0
90157,0
90158,0
90159,0
90160,0
90161,0
90162,0
90163,0
90164,0
90165,1
90166,0
90167,0
90168,0
90169,0
90170,1
90171,0
90172,0
90173,1
90174,0
90175,0
90176,1
90177,1
90178,0
90179,0
90180,0
90181,0
90182,0
90183,1
90184,2
90185,1
90186,3
90187,0
90188,5
90189,0
90190,0
90191,0
90192,1
90193,0
90194,0
90195,1
90196,0
90197,0
90198,1
90199,4
90200,0
90201,0
90202,2
90203,2
90204,1
90205,2
90206,1
90207,3
90208,1
90209,1
90210,1
90211,0
90212,0
90213,2
90214,0
90215,0
90216,0
90217,0
90218,0
90219,6
90220,1
90221,10
90222,8
90223,0
90224,0
90225,1
90226,0
90227,0
90228,0
90229,0
90230,0
90231,0
90232,0
90233,0
90234,1
90235,1
90236,0
90237,0
90238,0
90239,0
90240,0
90241,0
90242,0
90243,0
90244,4
90245,5
90246,2
90247,0
90248,1
90249,0
90250,0
90251,2
90252,0
90253,0
90254,0
90255,0
90256,0
90257,0
90258,1
90259,0
90260,0
90261,0
90262,1
90263,0
90264,0
90265,2
90266,1
90267,0
90268,0
90269,0
90270,0
90271,0
90272,0
90273,1
90274,0
90275,0
90276,0
90277,0
90278,0
90279,0
90280,1
90281,1
90282,0
90283,0
90284,1
90285,1
90286,1
90287,1
90288,1
90289,0
90290,2
90291,0
90292,1
90293,2
90294,3
90295,0
90296,0
90297,0
90298,3
90299,4
90300,4
90301,2
90302,0
90303,0
90304,3
90305,0
90306,1
90307,1
90308,0
90309,1
90310,0
90311,1
90312,1
90313,0
90314,0
90315,0
90316,0
90317,0
90318,1
90319,0
90320,4
90321,1
90322,1
90323,0
90324,0
90325,1
90326,0
90327,0
90328,0
90329,1
90330,1
90331,0
90332,1
90333,1
90334,1
90335,0
90336,0
90337,1
90338,0
90339,3
90340,1
90341,1
90342,2
90343,0
90344,0
90345,0
90346,0
90347,0
90348,1
90349,0
90350,0
90351,0
90352,0
90353,0
90354,0
90355,0
90356,0
90357,0
90358,1
90359,0
90360,0
90361,0
90362,0
90363,0
90364,4
90365,6
90366,0
90367,0
90368,2
90369,1
90370,2
90371,0
90372,0
90373,0
90374,1
90375,0
90376,4
90377,0
90378,3
90379,1
90380,2
90381,3
90382,1
90383,1
90384,0
90385,0
90386,0
90387,0
90388,1
90389,0
90390,0
90391,0
90392,3
90393,0
90394,0
90395,0
90396,0
90397,0
90398,0
90399,0
90400,0
90401,0
90402,2
90403,0
90404,1
90405,0
90406,1
90407,5
90408,0
90409,3
90410,0
90411,0
90412,0
90413,0
90414,0
90415,0
90416,1
90417,0
90418,0
90419,0
90420,0
90421,0
90422,0
90423,0
90424,0
90425,0
90426,1
90427,0
90428,6
90429,0
90430,0
90431,0
90432,1
90433,0
90434,2
90435,0
90436,0
90437,0
90438,0
90439,1
90440,1
90441,1
90442,0
90443,1
90444,1
90445,0
90446,0
90447,1
90448,0
90449,0
90450,2
90451,0
90452,0
90453,0
90454,1
90455,3
90456,0
90457,5
90458,0
90459,0
90460,0
90461,0
90462,0
90463,3
90464,0
90465,1
90466,0
90467,0
90468,1
90469,0
90470,1
90471,0
90472,0
90473,0
90474,0
90475,0
90476,0
90477,0
90478,0
90479,0
90480,0
90481,0
90482,0
90483,0
90484,0
90485,0
90486,1
90487,0
90488,0
90489,0
90490,0
90491,1
90492,0
90493,0
90494,0
90495,1
90496,1
90497,1
90498,0
90499,0
90500,6
90501,0
90502,2
90503,0
90504,0
90505,2
90506,2
90507,0
90508,0
90509,0
90510,0
90511,0
90512,1
90513,1
90514,0
90515,0
90516,0
90517,0
90518,0
90519,1
90520,1
90521,3
90522,2
90523,0
90524,1
90525,0
90526,0
90527,0
90528,0
90529,0
90530,2
90531,0
90532,1
90533,3
90534,1
90535,1
90536,2
90537,0
90538,0
90539,0
90540,1
90541,1
90542,2
90543,0
90544,0
90545,0
90546,0
90547,1
90548,2
90549,0
90550,0
90551,0
90552,0
90553,0
90554,0
90555,0
90556,0
90557,0
90558,0
90559,0
90560,0
90561,2
90562,0
90563,1
90564,1
90565,1
90566,0
90567,0
90568,0
90569,0
90570,1
90571,1
90572,0
90573,0
90574,1
90575,0
90576,0
90577,0
90578,0
90579,0
90580,1
90581,1
90582,0
90583,0
90584,0
90585,0
90586,0
90587,2
90588,0
90589,0
90590,1
90591,0
90592,0
90593,0
90594,0
90595,0
90596,3
90597,0
90598,1
90599,0
90600,1
90601,0
90602,3
90603,0
90604,0
90605,0
90606,0
90607,1
90608,2
90609,1
90610,0
90611,2
90612,0
90613,0
90614,0
90615,0
90616,2
90617,0
90618,2
90619,0
90620,0
90621,0
90622,1
90623,0
90624,0
90625,0
90626,0
90627,1
90628,0
90629,0
90630,0
90631,1
90632,0
90633,0
90634,0
90635,0
90636,0
90637,0
90638,0
90639,0
90640,1
90641,0
90642,1
90643,0
90644,1
90645,0
90646,1
90647,0
90648,0
90649,1
90650,1
90651,1
90652,0
90653,10
90654,1
90655,1
90656,1
90657,9
90658,4
90659,0
90660,0
90661,3
90662,0
90663,0
90664,2
90665,0
90666,2
90667,0
90668,0
90669,1
90670,0
90671,0
90672,0
90673,0
90674,0
90675,0
90676,1
90677,0
90678,0
90679,4
90680,4
90681,0
90682,1
90683,1
90684,7
90685,0
90686,0
90687,1
90688,0
90689,0
90690,0
90691,0
90692,0
90693,0
90694,0
90695,0
90696,0
90697,6
90698,0
90699,0
90700,1
90701,0
90702,1
90703,0
90704,0
90705,0
90706,0
90707,0
90708,4
90709,0
90710,0
90711,0
90712,1
90713,0
90714,1
90715,0
90716,0
90717,0
90718,0
90719,1
90720,0
90721,0
90722,0
90723,0
90724,0
90725,0
90726,0
90727,2
90728,0
90729,0
90730,0
90731,0
90732,0
90733,3
90734,0
90735,0
90736,0
90737,1
90738,1
90739,6
90740,1
90741,1
90742,0
90743,1
90744,11
90745,0
90746,0
90747,0
90748,0
90749,0
90750,1
90751,0
90752,0
90753,2
90754,1
90755,0
90756,0
90757,0
90758,0
90759,0
90760,1
90761,2
90762,1
90763,0
90764,0
90765,0
90766,4
90767,0
90768,0
90769,0
90770,0
90771,0
90772,0
90773,0
90774,0
90775,0
90776,1
90777,1
90778,0
90779,0
90780,1
90781,0
90782,19
90783,0
90784,1
90785,3
90786,1
90787,0
90788,3
90789,0
90790,9
90791,16
90792,0
90793,0
90794,0
90795,0
90796,0
90797,1
90798,0
90799,0
90800,0
90801,0
90802,0
90803,1
90804,0
90805,0
90806,0
90807,1
90808,0
90809,0
90810,0
90811,0
90812,1
90813,0
90814,0
90815,0
90816,0
90817,0
90818,0
90819,0
90820,0
90821,0
90822,0
90823,1
90824,1
90825,0
90826,0
90827,0
90828,0
90829,1
90830,12
90831,2
90832,0
90833,0
90834,0
90835,0
90836,0
90837,1
90838,0
90839,2
90840,0
90841,0
90842,2
90843,0
90844,0
90845,0
90846,0
90847,2
90848,0
90849,1
90850,0
90851,0
90852,1
90853,1
90854,0
90855,3
90856,1
90857,0
90858,0
90859,0
90860,0
90861,2
90862,1
90863,0
90864,0
90865,0
90866,1
90867,1
90868,0
90869,1
90870,0
90871,0
90872,0
90873,0
90874,0
90875,0
90876,0
90877,0
90878,0
90879,2
90880,0
90881,0
90882,0
90883,1
90884,0
90885,0
90886,0
90887,0
90888,0
90889,0
90890,0
90891,0
90892,0
90893,1
90894,0
90895,0
90896,1
90897,0
90898,2
90899,0
90900,0
90901,5
90902,0
90903,0
90904,0
90905,1
90906,0
90907,0
90908,0
90909,1
90910,0
90911,0
90912,1
90913,0
90914,0
90915,0
90916,0
90917,2
90918,0
90919,0
90920,0
90921,0
90922,0
90923,0
90924,0
90925,3
90926,1
90927,0
90928,0
90929,0
90930,0
90931,1
90932,2
90933,0
90934,2
90935,0
90936,1
90937,1
90938,2
90939,0
90940,0
90941,0
90942,2
90943,1
90944,0
90945,0
90946,2
90947,0
90948,1
90949,0
90950,1
90951,1
90952,0
90953,0
90954,0
90955,0
90956,1
90957,0
90958,10
90959,0
90960,0
90961,1
90962,0
90963,0
90964,0
90965,0
90966,0
90967,0
90968,0
90969,0
90970,0
90971,0
90972,0
90973,0
90974,0
90975,0
90976,0
90977,0
90978,0
90979,0
90980,0
90981,3
90982,1
90983,0
90984,0
90985,0
90986,0
90987,0
90988,0
90989,0
90990,0
90991,0
90992,0
90993,0
90994,0
90995,0
90996,0
90997,0
90998,0
90999,0
91000,1
91001,0
91002,0
91003,1
91004,0
91005,1
91006,0
91007,0
91008,0
91009,0
91010,0
91011,1
91012,0
91013,0
91014,0
91015,0
91016,0
91017,1
91018,2
91019,1
91020,0
91021,0
91022,0
91023,0
91024,0
91025,0
91026,0
91027,0
91028,0
91029,1
91030,1
91031,0
91032,0
91033,0
91034,0
91035,0
91036,0
91037,1
91038,1
91039,0
91040,0
91041,0
91042,0
91043,0
91044,1
91045,1
91046,1
91047,6
91048,2
91049,0
91050,7
91051,0
91052,1
91053,4
91054,7
91055,0
91056,0
91057,5
91058,0
91059,0
91060,0
91061,1
91062,4
91063,1
91064,1
91065,0
91066,0
91067,1
91068,0
91069,0
91070,0
91071,0
91072,0
91073,0
91074,0
91075,0
91076,0
91077,0
91078,1
91079,1
91080,0
91081,0
91082,1
91083,0
91084,0
91085,0
91086,0
91087,0
91088,0
91089,0
91090,1
91091,1
91092,0
91093,0
91094,0
91095,0
91096,0
91097,0
91098,0
91099,0
91100,0
91101,0
91102,0
91103,1
91104,0
91105,0
91106,1
91107,2
91108,0
91109,0
91110,0
91111,0
91112,0
91113,0
91114,0
91115,0
91116,0
91117,0
91118,0
91119,0
91120,0
91121,0
91122,0
91123,0
91124,0
91125,0
91126,0
91127,0
91128,0
91129,0
91130,0
91131,0
91132,1
91133,0
91134,1
91135,0
91136,0
91137,0
91138,0
91139,0
91140,0
91141,0
91142,0
91143,0
91144,0
91145,2
91146,0
91147,1
91148,0
91149,0
91150,1
91151,0
91152,0
91153,2
91154,0
91155,0
91156,0
91157,1
91158,0
91159,0
91160,0
91161,2
91162,0
91163,3
91164,0
91165,0
91166,0
91167,0
91168,1
91169,0
91170,0
91171,1
91172,0
91173,0
91174,0
91175,0
91176,0
91177,0
91178,1
91179,0
91180,0
91181,0
91182,0
91183,0
91184,0
91185,0
91186,0
91187,0
91188,1
91189,0
91190,2
91191,1
91192,0
91193,0
91194,0
91195,0
91196,1
91197,0
91198,4
91199,0
91200,0
91201,2
91202,3
91203,0
91204,2
91205,0
91206,0
91207,0
91208,0
91209,1
91210,0
91211,1
91212,0
91213,0
91214,0
91215,1
91216,0
91217,0
91218,0
91219,0
91220,0
91221,0
91222,0
91223,1
91224,0
91225,2
91226,2
91227,0
91228,0
91229,0
91230,0
91231,2
91232,0
91233,1
91234,0
91235,0
91236,1
91237,2
91238,0
91239,0
91240,0
91241,0
91242,0
91243,1
91244,3
91245,1
91246,0
91247,0
91248,0
91249,0
91250,0
91251,0
91252,0
91253,2
91254,0
91255,0
91256,2
91257,0
91258,1
91259,0
91260,4
91261,0
91262,0
91263,1
91264,1
91265,2
91266,0
91267,0
91268,1
91269,0
91270,0
91271,0
91272,0
91273,1
91274,0
91275,0
91276,0
91277,0
91278,4
91279,2
91280,0
91281,0
91282,0
91283,0
91284,1
91285,0
91286,0
91287,0
91288,0
91289,0
91290,0
91291,0
91292,0
91293,0
91294,0
91295,0
91296,1
91297,0
91298,1
91299,0
91300,0
91301,0
91302,0
91303,0
91304,0
91305,0
91306,0
91307,0
91308,0
91309,0
91310,1
91311,0
91312,0
91313,0
91314,1
91315,0
91316,1
91317,0
91318,3
91319,0
91320,0
91321,0
91322,0
91323,1
91324,0
91325,0
91326,1
91327,0
91328,0
91329,0
91330,0
91331,0
91332,1
91333,0
91334,0
91335,1
91336,0
91337,2
91338,0
91339,0
91340,1
91341,0
91342,1
91343,0
91344,0
91345,0
91346,0
91347,0
91348,2
91349,0
91350,0
91351,1
91352,0
91353,1
91354,0
91355,1
91356,0
91357,2
91358,4
91359,0
91360,0
91361,0
91362,1
91363,1
91364,17
91365,0
91366,2
91367,0
91368,0
91369,0
91370,0
91371,0
91372,0
91373,0
91374,1
91375,0
91376,0
91377,1
91378,0
91379,1
91380,0
91381,0
91382,0
91383,0
91384,0
91385,0
91386,0
91387,1
91388,0
91389,0
91390,0
91391,1
91392,1
91393,2
91394,9
91395,4
91396,2
91397,1
91398,0
91399,1
91400,4
91401,2
91402,0
91403,0
91404,0
91405,0
91406,0
91407,0
91408,0
91409,0
91410,3
91411,0
91412,0
91413,2
91414,1
91415,0
91416,0
91417,0
91418,0
91419,1
91420,0
91421,0
91422,0
91423,0
91424,0
91425,0
91426,0
91427,2
91428,0
91429,0
91430,0
91431,0
91432,0
91433,0
91434,0
91435,1
91436,1
91437,0
91438,0
91439,0
91440,1
91441,0
91442,0
91443,0
91444,0
91445,0
91446,0
91447,0
91448,1
91449,0
91450,0
91451,2
91452,0
91453,0
91454,0
91455,0
91456,0
91457,0
91458,0
91459,0
91460,1
91461,0
91462,0
91463,1
91464,0
91465,1
91466,0
91467,1
91468,1
91469,0
91470,0
91471,0
91472,2
91473,1
91474,0
91475,1
91476,0
91477,0
91478,0
91479,1
91480,0
91481,0
91482,0
91483,1
91484,0
91485,1
91486,0
91487,0
91488,1
91489,0
91490,1
91491,0
91492,0
91493,0
91494,0
91495,0
91496,1
91497,6
91498,0
91499,2
91500,0
91501,0
91502,0
91503,0
91504,0
91505,0
91506,1
91507,0
91508,0
91509,0
91510,1
91511,0
91512,0
91513,0
91514,0
91515,0
91516,0
91517,0
91518,0
91519,2
91520,1
91521,0
91522,0
91523,1
91524,0
91525,1
91526,0
91527,0
91528,1
91529,1
91530,0
91531,1
91532,0
91533,0
91534,0
91535,0
91536,0
91537,0
91538,0
91539,0
91540,1
91541,0
91542,0
91543,0
91544,0
91545,0
91546,0
91547,1
91548,0
91549,0
91550,0
91551,0
91552,0
91553,0
91554,0
91555,1
91556,1
91557,0
91558,1
91559,1
91560,1
91561,0
91562,2
91563,2
91564,1
91565,0
91566,1
91567,0
91568,0
91569,0
91570,0
91571,0
91572,0
91573,0
91574,3
91575,0
91576,0
91577,1
91578,0
91579,0
91580,0
91581,0
91582,1
91583,0
91584,0
91585,0
91586,0
91587,0
91588,0
91589,0
91590,0
91591,1
91592,6
91593,0
91594,0
91595,2
91596,1
91597,0
91598,0
91599,1
91600,0
91601,1
91602,0
91603,0
91604,0
91605,3
91606,0
91607,0
91608,1
91609,0
91610,1
91611,0
91612,0
91613,2
91614,2
91615,0
91616,1
91617,0
91618,0
91619,0
91620,0
91621,0
91622,0
91623,0
91624,1
91625,0
91626,0
91627,0
91628,1
91629,1
91630,1
91631,0
91632,0
91633,0
91634,0
91635,0
91636,0
91637,2
91638,2
91639,1
91640,0
91641,0
91642,3
91643,1
91644,0
91645,3
91646,2
91647,1
91648,0
91649,3
91650,4
91651,0
91652,0
91653,0
91654,0
91655,1
91656,0
91657,1
91658,3
91659,0
91660,2
91661,0
91662,0
91663,0
91664,0
91665,2
91666,0
91667,0
91668,1
91669,0
91670,0
91671,0
91672,0
91673,3
91674,0
91675,0
91676,0
91677,1
91678,0
91679,0
91680,1
91681,4
91682,0
91683,0
91684,1
91685,0
91686,0
91687,0
91688,0
91689,0
91690,0
91691,1
91692,0
91693,0
91694,0
91695,0
91696,0
91697,3
91698,1
91699,0
91700,2
91701,0
91702,0
91703,0
91704,0
91705,0
91706,0
91707,0
91708,0
91709,0
91710,0
91711,0
91712,0
91713,3
91714,0
91715,0
91716,1
91717,0
91718,0
91719,0
91720,0
91721,0
91722,0
91723,0
91724,1
91725,1
91726,0
91727,0
91728,1
91729,0
91730,0
91731,0
91732,0
91733,0
91734,0
91735,0
91736,0
91737,0
91738,0
91739,0
91740,0
91741,0
91742,0
91743,0
91744,1
91745,0
91746,0
91747,1
91748,0
91749,2
91750,0
91751,2
91752,0
91753,1
91754,0
91755,0
91756,0
91757,0
91758,1
91759,3
91760,0
91761,1
91762,0
91763,3
91764,4
91765,2
91766,0
91767,0
91768,0
91769,0
91770,0
91771,0
91772,0
91773,2
91774,2
91775,1
91776,0
91777,2
91778,0
91779,0
91780,0
91781,0
91782,3
91783,0
91784,1
91785,2
91786,2
91787,0
91788,0
91789,0
91790,0
91791,0
91792,0
91793,0
91794,0
91795,0
91796,2
91797,0
91798,1
91799,0
91800,3
91801,0
91802,1
91803,1
91804,0
91805,0
91806,0
91807,0
91808,0
91809,0
91810,0
91811,1
91812,0
91813,1
91814,0
91815,0
91816,1
91817,2
91818,0
91819,2
91820,0
91821,7
91822,1
91823,0
91824,2
91825,0
91826,0
91827,0
91828,1
91829,0
91830,0
91831,1
91832,0
91833,0
91834,0
91835,0
91836,3
91837,5
91838,0
91839,0
91840,0
91841,0
91842,1
91843,0
91844,0
91845,0
91846,0
91847,0
91848,1
91849,1
91850,0
91851,0
91852,1
91853,0
91854,0
91855,0
91856,0
91857,0
91858,0
91859,0
91860,0
91861,1
91862,0
91863,1
91864,0
91865,1
91866,0
91867,0
91868,1
91869,0
91870,1
91871,1
91872,0
91873,2
91874,0
91875,0
91876,0
91877,0
91878,0
91879,0
91880,0
91881,1
91882,0
91883,0
91884,0
91885,0
91886,0
91887,1
91888,1
91889,0
91890,0
91891,1
91892,0
91893,0
91894,0
91895,2
91896,1
91897,0
91898,0
91899,0
91900,0
91901,1
91902,0
91903,0
91904,0
91905,1
91906,0
91907,0
91908,0
91909,1
91910,0
91911,0
91912,0
91913,1
91914,3
91915,0
91916,0
91917,0
91918,0
91919,1
91920,0
91921,4
91922,0
91923,8
91924,0
91925,1
91926,0
91927,1
91928,0
91929,0
91930,0
91931,0
91932,0
91933,0
91934,1
91935,3
91936,0
91937,0
91938,0
91939,1
91940,0
91941,3
91942,0
91943,0
91944,0
91945,2
91946,0
91947,0
91948,0
91949,1
91950,0
91951,1
91952,0
91953,0
91954,0
91955,0
91956,0
91957,1
91958,0
91959,0
91960,0
91961,0
91962,0
91963,0
91964,0
91965,0
91966,0
91967,0
91968,0
91969,0
91970,0
91971,1
91972,0
91973,0
91974,0
91975,0
91976,0
91977,0
91978,0
91979,0
91980,1
91981,0
91982,4
91983,0
91984,0
91985,0
91986,0
91987,0
91988,0
91989,0
91990,0
91991,0
91992,3
91993,0
91994,0
91995,0
91996,0
91997,0
91998,0
91999,0
92000,0
92001,1
92002,0
92003,0
92004,2
92005,11
92006,0
92007,0
92008,0
92009,0
92010,0
92011,0
92012,0
92013,0
92014,0
92015,0
92016,1
92017,0
92018,0
92019,1
92020,0
92021,0
92022,1
92023,0
92024,2
92025,0
92026,1
92027,1
92028,0
92029,0
92030,0
92031,1
92032,0
92033,0
92034,0
92035,0
92036,0
92037,0
92038,0
92039,0
92040,0
92041,5
92042,0
92043,4
92044,0
92045,0
92046,0
92047,0
92048,0
92049,0
92050,0
92051,0
92052,0
92053,0
92054,1
92055,0
92056,0
92057,1
92058,0
92059,1
92060,1
92061,0
92062,0
92063,1
92064,0
92065,0
92066,0
92067,0
92068,1
92069,0
92070,1
92071,1
92072,2
92073,2
92074,3
92075,0
92076,0
92077,0
92078,0
92079,2
92080,0
92081,1
92082,0
92083,3
92084,0
92085,0
92086,1
92087,1
92088,0
92089,0
92090,1
92091,0
92092,0
92093,9
92094,0
92095,0
92096,0
92097,0
92098,0
92099,0
92100,0
92101,0
92102,0
92103,0
92104,0
92105,0
92106,1
92107,0
92108,0
92109,0
92110,0
92111,0
92112,0
92113,0
92114,0
92115,0
92116,1
92117,0
92118,0
92119,3
92120,4
92121,0
92122,0
92123,0
92124,1
92125,0
92126,2
92127,0
92128,0
92129,0
92130,3
92131,7
92132,0
92133,2
92134,3
92135,0
92136,0
92137,5
92138,0
92139,0
92140,0
92141,0
92142,0
92143,0
92144,1
92145,0
92146,0
92147,0
92148,1
92149,0
92150,0
92151,0
92152,0
92153,0
92154,0
92155,0
92156,0
92157,5
92158,0
92159,3
92160,0
92161,0
92162,0
92163,0
92164,1
92165,1
92166,0
92167,2
92168,0
92169,0
92170,8
92171,1
92172,1
92173,0
92174,0
92175,0
92176,0
92177,0
92178,0
92179,0
92180,1
92181,0
92182,0
92183,1
92184,1
92185,4
92186,0
92187,1
92188,5
92189,1
92190,1
92191,0
92192,0
92193,0
92194,0
92195,0
92196,0
92197,0
92198,1
92199,0
92200,0
92201,0
92202,0
92203,1
92204,0
92205,0
92206,0
92207,0
92208,0
92209,0
92210,0
92211,0
92212,0
92213,0
92214,0
92215,1
92216,2
92217,0
92218,2
92219,0
92220,0
92221,0
92222,1
92223,0
92224,0
92225,2
92226,1
92227,0
92228,0
92229,1
92230,0
92231,0
92232,0
92233,1
92234,0
92235,0
92236,0
92237,0
92238,0
92239,0
92240,1
92241,0
92242,0
92243,2
92244,1
92245,0
92246,0
92247,0
92248,0
92249,0
92250,2
92251,0
92252,0
92253,0
92254,0
92255,0
92256,0
92257,1
92258,0
92259,0
92260,6
92261,2
92262,0
92263,1
92264,3
92265,0
92266,0
92267,0
92268,0
92269,0
92270,0
92271,1
92272,0
92273,0
92274,0
92275,0
92276,0
92277,2
92278,1
92279,0
92280,0
92281,0
92282,0
92283,2
92284,0
92285,0
92286,0
92287,0
92288,1
92289,0
92290,1
92291,0
92292,0
92293,1
92294,0
92295,0
92296,1
92297,0
92298,0
92299,0
92300,0
92301,0
92302,0
92303,0
92304,0
92305,0
92306,0
92307,2
92308,1
92309,0
92310,0
92311,0
92312,0
92313,0
92314,0
92315,0
92316,1
92317,0
92318,0
92319,1
92320,0
92321,1
92322,0
92323,0
92324,0
92325,0
92326,0
92327,1
92328,0
92329,0
92330,0
92331,0
92332,0
92333,0
92334,1
92335,0
92336,0
92337,1
92338,0
92339,0
92340,0
92341,1
92342,0
92343,0
92344,0
92345,0
92346,0
92347,0
92348,1
92349,1
92350,5
92351,0
92352,3
92353,0
92354,0
92355,0
92356,0
92357,0
92358,2
92359,0
92360,0
92361,1
92362,0
92363,1
92364,1
92365,1
92366,0
92367,0
92368,0
92369,0
92370,0
92371,0
92372,1
92373,1
92374,0
92375,0
92376,0
92377,0
92378,0
92379,1
92380,0
92381,1
92382,1
92383,0
92384,0
92385,0
92386,0
92387,0
92388,0
92389,2
92390,3
92391,0
92392,0
92393,0
92394,3
92395,1
92396,0
92397,0
92398,0
92399,1
92400,0
92401,0
92402,0
92403,1
92404,0
92405,2
92406,0
92407,0
92408,0
92409,0
92410,0
92411,0
92412,0
92413,0
92414,0
92415,0
92416,1
92417,0
92418,0
92419,0
92420,0
92421,0
92422,1
92423,0
92424,0
92425,0
92426,1
92427,0
92428,0
92429,1
92430,0
92431,0
92432,0
92433,0
92434,0
92435,0
92436,0
92437,1
92438,0
92439,0
92440,2
92441,1
92442,1
92443,0
92444,0
92445,1
92446,0
92447,1
92448,1
92449,1
92450,0
92451,0
92452,0
92453,2
92454,1
92455,1
92456,0
92457,0
92458,0
92459,0
92460,1
92461,0
92462,3
92463,0
92464,3
92465,0
92466,4
92467,0
92468,0
92469,0
92470,0
92471,1
92472,0
92473,0
92474,0
92475,0
92476,0
92477,1
92478,1
92479,0
92480,1
92481,1
92482,0
92483,1
92484,0
92485,0
92486,1
92487,0
92488,0
92489,0
92490,0
92491,0
92492,1
92493,0
92494,0
92495,0
92496,0
92497,0
92498,0
92499,0
92500,0
92501,0
92502,0
92503,0
92504,1
92505,0
92506,0
92507,0
92508,0
92509,1
92510,0
92511,0
92512,0
92513,3
92514,0
92515,0
92516,1
92517,0
92518,0
92519,0
92520,0
92521,0
92522,1
92523,2
92524,6
92525,1
92526,1
92527,0
92528,0
92529,0
92530,0
92531,0
92532,0
92533,1
92534,0
92535,2
92536,3
92537,1
92538,3
92539,0
92540,0
92541,0
92542,0
92543,0
92544,1
92545,0
92546,0
92547,0
92548,0
92549,0
92550,0
92551,1
92552,2
92553,2
92554,1
92555,0
92556,0
92557,1
92558,0
92559,0
92560,2
92561,1
92562,3
92563,1
92564,1
92565,2
92566,2
92567,1
92568,1
92569,0
92570,0
92571,0
92572,1
92573,1
92574,1
92575,0
92576,0
92577,0
92578,2
92579,0
92580,0
92581,1
92582,1
92583,0
92584,1
92585,0
92586,2
92587,0
92588,0
92589,0
92590,0
92591,1
92592,0
92593,1
92594,1
92595,0
92596,0
92597,0
92598,0
92599,0
92600,0
92601,0
92602,0
92603,0
92604,0
92605,0
92606,1
92607,0
92608,1
92609,2
92610,1
92611,0
92612,0
92613,0
92614,0
92615,1
92616,3
92617,4
92618,0
92619,0
92620,0
92621,0
92622,0
92623,0
92624,0
92625,1
92626,1
92627,0
92628,0
92629,0
92630,0
92631,0
92632,0
92633,0
92634,0
92635,0
92636,0
92637,0
92638,0
92639,1
92640,4
92641,1
92642,0
92643,1
92644,1
92645,1
92646,0
92647,0
92648,1
92649,0
92650,0
92651,2
92652,1
92653,0
92654,0
92655,0
92656,0
92657,0
92658,3
92659,3
92660,2
92661,0
92662,0
92663,2
92664,0
92665,1
92666,1
92667,1
92668,0
92669,3
92670,2
92671,1
92672,1
92673,1
92674,0
92675,1
92676,0
92677,1
92678,0
92679,7
92680,0
92681,0
92682,0
92683,0
92684,0
92685,1
92686,1
92687,0
92688,0
92689,0
92690,1
92691,3
92692,0
92693,0
92694,1
92695,0
92696,0
92697,1
92698,2
92699,2
92700,0
92701,0
92702,0
92703,0
92704,4
92705,0
92706,0
92707,0
92708,6
92709,0
92710,0
92711,0
92712,1
92713,1
92714,0
92715,0
92716,0
92717,0
92718,0
92719,2
92720,0
92721,1
92722,0
92723,0
92724,1
92725,0
92726,0
92727,0
92728,4
92729,0
92730,1
92731,0
92732,3
92733,0
92734,0
92735,1
92736,1
92737,0
92738,5
92739,1
92740,1
92741,1
92742,0
92743,1
92744,1
92745,0
92746,0
92747,0
92748,0
92749,0
92750,0
92751,0
92752,1
92753,9
92754,1
92755,0
92756,0
92757,0
92758,0
92759,4
92760,3
92761,1
92762,2
92763,0
92764,0
92765,0
92766,0
92767,1
92768,0
92769,0
92770,0
92771,0
92772,0
92773,0
92774,0
92775,0
92776,0
92777,0
92778,0
92779,0
92780,0
92781,1
92782,0
92783,0
92784,0
92785,0
92786,3
92787,1
92788,2
92789,1
92790,0
92791,0
92792,0
92793,0
92794,0
92795,0
92796,0
92797,0
92798,0
92799,1
92800,2
92801,0
92802,1
92803,1
92804,1
92805,0
92806,1
92807,0
92808,3
92809,1
92810,1
92811,0
92812,0
92813,2
92814,0
92815,3
92816,1
92817,0
92818,0
92819,1
92820,0
92821,0
92822,1
92823,4
92824,1
92825,0
92826,1
92827,0
92828,2
92829,0
92830,0
92831,1
92832,0
92833,0
92834,1
92835,3
92836,2
92837,0
92838,1
92839,0
92840,0
92841,2
92842,0
92843,1
92844,3
92845,2
92846,1
92847,0
92848,1
92849,0
92850,0
92851,0
92852,3
92853,1
92854,0
92855,0
92856,0
92857,0
92858,1
92859,1
92860,2
92861,0
92862,0
92863,0
92864,0
92865,0
92866,1
92867,1
92868,0
92869,1
92870,0
92871,0
92872,0
92873,3
92874,0
92875,0
92876,0
92877,0
92878,2
92879,0
92880,0
92881,2
92882,0
92883,0
92884,0
92885,0
92886,0
92887,0
92888,0
92889,0
92890,1
92891,0
92892,0
92893,0
92894,1
92895,0
92896,0
92897,0
92898,0
92899,0
92900,1
92901,0
92902,2
92903,0
92904,0
92905,2
92906,0
92907,0
92908,2
92909,1
92910,0
92911,0
92912,0
92913,0
92914,0
92915,0
92916,1
92917,0
92918,2
92919,0
92920,1
92921,0
92922,0
92923,1
92924,0
92925,2
92926,2
92927,2
92928,0
92929,0
92930,2
92931,2
92932,2
92933,1
92934,0
92935,0
92936,1
92937,0
92938,0
92939,0
92940,0
92941,0
92942,1
92943,0
92944,0
92945,0
92946,0
92947,2
92948,0
92949,0
92950,1
92951,0
92952,1
92953,0
92954,0
92955,0
92956,0
92957,1
92958,0
92959,0
92960,0
92961,1
92962,1
92963,0
92964,0
92965,0
92966,0
92967,0
92968,2
92969,0
92970,0
92971,1
92972,1
92973,0
92974,0
92975,0
92976,0
92977,0
92978,0
92979,0
92980,0
92981,0
92982,1
92983,0
92984,0
92985,0
92986,0
92987,0
92988,0
92989,0
92990,0
92991,0
92992,0
92993,4
92994,0
92995,0
92996,0
92997,0
92998,1
92999,0
93000,0
93001,1
93002,1
93003,1
93004,1
93005,0
93006,0
93007,0
93008,0
93009,0
93010,2
93011,0
93012,0
93013,0
93014,1
93015,0
93016,2
93017,0
93018,0
93019,1
93020,0
93021,1
93022,1
93023,0
93024,0
93025,2
93026,0
93027,0
93028,3
93029,0
93030,3
93031,1
93032,1
93033,0
93034,0
93035,0
93036,0
93037,0
93038,1
93039,0
93040,0
93041,0
93042,0
93043,2
93044,0
93045,0
93046,0
93047,0
93048,1
93049,0
93050,0
93051,0
93052,3
93053,0
93054,1
93055,0
93056,0
93057,0
93058,0
93059,0
93060,2
93061,0
93062,0
93063,1
93064,1
93065,2
93066,0
93067,0
93068,0
93069,0
93070,0
93071,0
93072,1
93073,0
93074,0
93075,1
93076,1
93077,0
93078,1
93079,0
93080,1
93081,0
93082,0
93083,0
93084,0
93085,1
93086,1
93087,1
93088,0
93089,0
93090,0
93091,0
93092,0
93093,1
93094,5
93095,0
93096,0
93097,0
93098,2
93099,0
93100,0
93101,0
93102,1
93103,1
93104,0
93105,0
93106,0
93107,0
93108,0
93109,0
93110,0
93111,0
93112,1
93113,1
93114,0
93115,0
93116,2
93117,1
93118,1
93119,0
93120,0
93121,0
93122,1
93123,0
93124,0
93125,1
93126,1
93127,0
93128,0
93129,0
93130,0
93131,0
93132,0
93133,0
93134,0
93135,0
93136,0
93137,0
93138,0
93139,0
93140,0
93141,0
93142,0
93143,1
93144,0
93145,1
93146,0
93147,0
93148,1
93149,0
93150,1
93151,0
93152,0
93153,0
93154,0
93155,3
93156,0
93157,0
93158,1
93159,0
93160,0
93161,0
93162,0
93163,1
93164,1
93165,0
93166,0
93167,0
93168,0
93169,1
93170,0
93171,0
93172,0
93173,0
93174,0
93175,0
93176,0
93177,0
93178,0
93179,1
93180,0
93181,4
93182,7
93183,0
93184,0
93185,0
93186,1
93187,1
93188,3
93189,2
93190,0
93191,0
93192,0
93193,0
93194,1
93195,0
93196,0
93197,0
93198,0
93199,1
93200,1
93201,3
93202,0
93203,2
93204,0
93205,0
93206,1
93207,0
93208,0
93209,0
93210,0
93211,0
93212,0
93213,0
93214,0
93215,0
93216,0
93217,0
93218,2
93219,0
93220,1
93221,1
93222,0
93223,0
93224,0
93225,2
93226,0
93227,1
93228,2
93229,0
93230,0
93231,0
93232,0
93233,1
93234,0
93235,1
93236,2
93237,0
93238,0
93239,0
93240,1
93241,0
93242,1
93243,0
93244,0
93245,0
93246,0
93247,0
93248,0
93249,0
93250,0
93251,0
93252,0
93253,6
93254,0
93255,1
93256,0
93257,0
93258,2
93259,2
93260,0
93261,4
93262,1
93263,0
93264,1
93265,0
93266,0
93267,1
93268,0
93269,2
93270,0
93271,0
93272,0
93273,1
93274,1
93275,0
93276,0
93277,0
93278,1
93279,0
93280,3
93281,0
93282,1
93283,10
93284,3
93285,0
93286,0
93287,1
93288,0
93289,1
93290,0
93291,1
93292,0
93293,0
93294,0
93295,0
93296,0
93297,0
93298,1
93299,0
93300,0
93301,0
93302,0
93303,1
93304,0
93305,0
93306,1
93307,0
93308,0
93309,0
93310,0
93311,0
93312,1
93313,1
93314,0
93315,0
93316,0
93317,0
93318,2
93319,0
93320,0
93321,0
93322,0
93323,2
93324,0
93325,0
93326,1
93327,0
93328,0
93329,1
93330,0
93331,0
93332,0
93333,0
93334,0
93335,0
93336,0
93337,0
93338,1
93339,0
93340,15
93341,0
93342,1
93343,2
93344,0
93345,4
93346,2
93347,0
93348,0
93349,1
93350,0
93351,0
93352,0
93353,1
93354,0
93355,0
93356,0
93357,0
93358,0
93359,5
93360,1
93361,0
93362,0
93363,0
93364,3
93365,8
93366,0
93367,3
93368,0
93369,0
93370,5
93371,1
93372,18
93373,5
93374,0
93375,4
93376,0
93377,0
93378,26
93379,0
93380,0
93381,1
93382,1
93383,1
93384,0
93385,0
93386,1
93387,0
93388,1
93389,4
93390,2
93391,50
93392,1
93393,0
93394,0
93395,1
93396,0
93397,0
93398,0
93399,0
93400,0
93401,1
93402,7
93403,4
93404,1
93405,1
93406,0
93407,0
93408,2
93409,0
93410,5
93411,0
93412,17
93413,2
93414,1
93415,3
93416,0
93417,24
93418,0
93419,0
93420,0
93421,0
93422,0
93423,0
93424,0
93425,2
93426,1
93427,0
93428,4
93429,0
93430,0
93431,0
93432,0
93433,0
93434,0
93435,4
93436,0
93437,0
93438,0
93439,0
93440,1
93441,1
93442,0
93443,0
93444,0
93445,0
93446,1
93447,0
93448,0
93449,0
93450,1
93451,0
93452,1
93453,0
93454,0
93455,0
93456,0
93457,2
93458,3
93459,0
93460,0
93461,0
93462,0
93463,0
93464,0
93465,0
93466,1
93467,2
93468,0
93469,1
93470,1
93471,1
93472,0
93473,0
93474,0
93475,0
93476,1
93477,0
93478,0
93479,2
93480,0
93481,0
93482,1
93483,0
93484,0
93485,0
93486,0
93487,0
93488,0
93489,0
93490,0
93491,0
93492,0
93493,0
93494,0
93495,2
93496,0
93497,0
93498,0
93499,0
93500,0
93501,0
93502,0
93503,0
93504,0
93505,0
93506,0
93507,0
93508,1
93509,3
93510,3
93511,2
93512,0
93513,0
93514,4
93515,1
93516,1
93517,0
93518,0
93519,0
93520,1
93521,1
93522,1
93523,0
93524,0
93525,0
93526,0
93527,0
93528,0
93529,0
93530,0
93531,0
93532,1
93533,1
93534,1
93535,0
93536,0
93537,0
93538,1
93539,0
93540,1
93541,0
93542,0
93543,0
93544,1
93545,1
93546,1
93547,0
93548,1
93549,1
93550,0
93551,0
93552,0
93553,0
93554,1
93555,0
93556,5
93557,3
93558,1
93559,0
93560,0
93561,0
93562,0
93563,0
93564,0
93565,0
93566,0
93567,0
93568,1
93569,1
93570,0
93571,0
93572,0
93573,2
93574,0
93575,1
93576,0
93577,0
93578,0
93579,1
93580,2
93581,0
93582,0
93583,2
93584,0
93585,0
93586,1
93587,0
93588,0
93589,1
93590,0
93591,0
93592,0
93593,0
93594,0
93595,0
93596,0
93597,0
93598,0
93599,0
93600,1
93601,0
93602,0
93603,0
93604,0
93605,0
93606,1
93607,0
93608,0
93609,0
93610,1
93611,1
93612,0
93613,0
93614,0
93615,0
93616,0
93617,0
93618,0
93619,0
93620,0
93621,0
93622,0
93623,0
93624,0
93625,0
93626,0
93627,0
93628,0
93629,0
93630,0
93631,0
93632,0
93633,0
93634,0
93635,0
93636,0
93637,3
93638,0
93639,0
93640,1
93641,1
93642,3
93643,1
93644,0
93645,1
93646,0
93647,2
93648,0
93649,0
93650,0
93651,0
93652,0
93653,0
93654,1
93655,0
93656,1
93657,2
93658,1
93659,1
93660,0
93661,0
93662,0
93663,1
93664,0
93665,1
93666,0
93667,0
93668,0
93669,0
93670,0
93671,2
93672,2
93673,0
93674,0
93675,1
93676,0
93677,1
93678,1
93679,0
93680,0
93681,0
93682,0
93683,0
93684,0
93685,0
93686,0
93687,0
93688,0
93689,0
93690,0
93691,0
93692,0
93693,0
93694,0
93695,0
93696,0
93697,0
93698,0
93699,0
93700,0
93701,0
93702,0
93703,0
93704,0
93705,0
93706,0
93707,0
93708,1
93709,0
93710,0
93711,0
93712,0
93713,0
93714,0
93715,0
93716,0
93717,1
93718,0
93719,0
93720,0
93721,0
93722,1
93723,0
93724,0
93725,2
93726,0
93727,0
93728,1
93729,0
93730,1
93731,0
93732,0
93733,0
93734,0
93735,1
93736,0
93737,3
93738,0
93739,0
93740,1
93741,0
93742,0
93743,1
93744,0
93745,1
93746,1
93747,2
93748,0
93749,0
93750,0
93751,0
93752,0
93753,0
93754,0
93755,0
93756,0
93757,0
93758,0
93759,0
93760,1
93761,3
93762,0
93763,0
93764,0
93765,1
93766,0
93767,0
93768,0
93769,0
93770,0
93771,0
93772,0
93773,1
93774,1
93775,0
93776,0
93777,3
93778,0
93779,0
93780,0
93781,1
93782,1
93783,1
93784,4
93785,0
93786,1
93787,0
93788,0
93789,0
93790,0
93791,1
93792,0
93793,0
93794,0
93795,0
93796,0
93797,0
93798,1
93799,0
93800,0
93801,0
93802,0
93803,0
93804,0
93805,0
93806,0
93807,0
93808,0
93809,1
93810,0
93811,1
93812,0
93813,0
93814,0
93815,0
93816,1
93817,1
93818,0
93819,1
93820,0
93821,1
93822,4
93823,0
93824,0
93825,0
93826,0
93827,0
93828,2
93829,0
93830,0
93831,0
93832,0
93833,0
93834,2
93835,0
93836,0
93837,0
93838,1
93839,0
93840,1
93841,0
93842,0
93843,0
93844,0
93845,1
93846,1
93847,0
93848,0
93849,0
93850,3
93851,2
93852,0
93853,0
93854,0
93855,0
93856,0
93857,1
93858,1
93859,1
93860,0
93861,1
93862,0
93863,1
93864,0
93865,1
93866,1
93867,0
93868,0
93869,1
93870,0
93871,0
93872,0
93873,2
93874,0
93875,4
93876,0
93877,0
93878,0
93879,0
93880,0
93881,0
93882,0
93883,0
93884,3
93885,0
93886,0
93887,3
93888,1
93889,0
93890,0
93891,0
93892,0
93893,4
93894,2
93895,1
93896,0
93897,1
93898,0
93899,0
93900,0
93901,0
93902,0
93903,0
93904,2
93905,1
93906,10
93907,0
93908,0
93909,0
93910,4
93911,0
93912,0
93913,0
93914,0
93915,1
93916,0
93917,1
93918,0
93919,0
93920,0
93921,1
93922,0
93923,0
93924,0
93925,0
93926,0
93927,2
93928,0
93929,1
93930,10
93931,1
93932,0
93933,0
93934,0
93935,0
93936,0
93937,0
93938,0
93939,0
93940,2
93941,0
93942,0
93943,2
93944,0
93945,2
93946,1
93947,0
93948,1
93949,1
93950,0
93951,1
93952,1
93953,0
93954,0
93955,0
93956,0
93957,0
93958,4
93959,0
93960,0
93961,1
93962,0
93963,0
93964,1
93965,0
93966,0
93967,0
93968,0
93969,0
93970,0
93971,1
93972,0
93973,0
93974,0
93975,0
93976,0
93977,0
93978,2
93979,2
93980,1
93981,1
93982,1
93983,1
93984,0
93985,3
93986,0
93987,0
93988,0
93989,0
93990,2
93991,0
93992,0
93993,0
93994,1
93995,0
93996,0
93997,0
93998,0
93999,0
94000,0
94001,0
94002,0
94003,0
94004,0
94005,0
94006,0
94007,4
94008,0
94009,2
94010,0
94011,0
94012,0
94013,1
94014,0
94015,0
94016,0
94017,1
94018,0
94019,0
94020,1
94021,2
94022,1
94023,0
94024,0
94025,0
94026,0
94027,0
94028,0
94029,0
94030,0
94031,1
94032,1
94033,0
94034,0
94035,0
94036,0
94037,1
94038,0
94039,0
94040,0
94041,0
94042,0
94043,0
94044,0
94045,0
94046,1
94047,0
94048,0
94049,1
94050,2
94051,1
94052,0
94053,0
94054,0
94055,0
94056,0
94057,0
94058,0
94059,0
94060,0
94061,0
94062,0
94063,0
94064,0
94065,2
94066,1
94067,0
94068,0
94069,0
94070,0
94071,1
94072,0
94073,0
94074,1
94075,0
94076,0
94077,0
94078,0
94079,0
94080,0
94081,0
94082,0
94083,0
94084,0
94085,1
94086,1
94087,0
94088,2
94089,0
94090,0
94091,2
94092,5
94093,1
94094,0
94095,0
94096,1
94097,11
94098,2
94099,2
94100,1
94101,0
94102,0
94103,0
94104,1
94105,0
94106,1
94107,0
94108,0
94109,1
94110,0
94111,1
94112,0
94113,0
94114,0
94115,0
94116,0
94117,0
94118,0
94119,0
94120,0
94121,0
94122,0
94123,0
94124,0
94125,5
94126,0
94127,1
94128,0
94129,1
94130,0
94131,0
94132,0
94133,2
94134,5
94135,3
94136,1
94137,4
94138,1
94139,0
94140,0
94141,0
94142,0
94143,0
94144,0
94145,0
94146,1
94147,0
94148,1
94149,0
94150,0
94151,2
94152,0
94153,0
94154,0
94155,1
94156,0
94157,0
94158,0
94159,0
94160,1
94161,1
94162,1
94163,3
94164,1
94165,0
94166,1
94167,0
94168,0
94169,0
94170,1
94171,0
94172,0
94173,0
94174,0
94175,1
94176,1
94177,0
94178,1
94179,0
94180,0
94181,0
94182,0
94183,0
94184,0
94185,0
94186,0
94187,0
94188,0
94189,0
94190,0
94191,0
94192,0
94193,15
94194,7
94195,7
94196,2
94197,2
94198,15
94199,0
94200,1
94201,0
94202,0
94203,1
94204,1
94205,0
94206,0
94207,0
94208,1
94209,0
94210,0
94211,0
94212,2
94213,0
94214,0
94215,0
94216,0
94217,0
94218,0
94219,0
94220,1
94221,0
94222,2
94223,2
94224,0
94225,2
94226,0
94227,0
94228,6
94229,0
94230,0
94231,0
94232,0
94233,1
94234,0
94235,0
94236,0
94237,0
94238,4
94239,0
94240,0
94241,0
94242,0
94243,1
94244,1
94245,0
94246,0
94247,0
94248,1
94249,0
94250,0
94251,2
94252,0
94253,2
94254,0
94255,0
94256,0
94257,1
94258,1
94259,2
94260,0
94261,0
94262,0
94263,1
94264,3
94265,0
94266,0
94267,0
94268,2
94269,5
94270,0
94271,1
94272,1
94273,0
94274,2
94275,4
94276,1
94277,0
94278,0
94279,0
94280,0
94281,1
94282,1
94283,0
94284,0
94285,0
94286,0
94287,1
94288,6
94289,0
94290,1
94291,0
94292,0
94293,0
94294,1
94295,0
94296,1
94297,1
94298,0
94299,0
94300,0
94301,0
94302,1
94303,0
94304,0
94305,2
94306,0
94307,1
94308,0
94309,2
94310,0
94311,1
94312,0
94313,0
94314,0
94315,0
94316,0
94317,0
94318,0
94319,0
94320,0
94321,0
94322,0
94323,0
94324,0
94325,1
94326,4
94327,0
94328,0
94329,0
94330,1
94331,0
94332,0
94333,2
94334,4
94335,0
94336,0
94337,0
94338,0
94339,3
94340,0
94341,1
94342,0
94343,0
94344,1
94345,0
94346,0
94347,0
94348,0
94349,0
94350,1
94351,2
94352,3
94353,0
94354,0
94355,0
94356,0
94357,0
94358,0
94359,2
94360,0
94361,0
94362,0
94363,0
94364,0
94365,0
94366,0
94367,2
94368,1
94369,0
94370,0
94371,3
94372,4
94373,2
94374,0
94375,2
94376,4
94377,0
94378,3
94379,0
94380,1
94381,0
94382,1
94383,1
94384,0
94385,3
94386,3
94387,0
94388,0
94389,0
94390,0
94391,1
94392,0
94393,0
94394,0
94395,1
94396,0
94397,1
94398,1
94399,0
94400,0
94401,0
94402,0
94403,0
94404,0
94405,0
94406,0
94407,0
94408,0
94409,0
94410,0
94411,0
94412,6
94413,0
94414,0
94415,0
94416,0
94417,0
94418,0
94419,0
94420,1
94421,0
94422,0
94423,0
94424,1
94425,0
94426,0
94427,0
94428,1
94429,0
94430,1
94431,1
94432,1
94433,4
94434,0
94435,1
94436,9
94437,8
94438,0
94439,1
94440,2
94441,2
94442,0
94443,0
94444,0
94445,0
94446,4
94447,0
94448,0
94449,0
94450,1
94451,0
94452,0
94453,1
94454,0
94455,1
94456,0
94457,0
94458,0
94459,2
94460,0
94461,0
94462,0
94463,0
94464,0
94465,4
94466,4
94467,0
94468,0
94469,0
94470,0
94471,1
94472,0
94473,2
94474,0
94475,0
94476,0
94477,1
94478,0
94479,1
94480,0
94481,0
94482,1
94483,1
94484,3
94485,6
94486,0
94487,1
94488,0
94489,1
94490,1
94491,0
94492,1
94493,0
94494,0
94495,1
94496,0
94497,1
94498,0
94499,0
94500,0
94501,0
94502,2
94503,0
94504,0
94505,0
94506,0
94507,0
94508,0
94509,0
94510,0
94511,4
94512,0
94513,1
94514,0
94515,9
94516,0
94517,2
94518,0
94519,0
94520,0
94521,0
94522,0
94523,0
94524,0
94525,0
94526,0
94527,0
94528,0
94529,1
94530,2
94531,0
94532,0
94533,0
94534,0
94535,2
94536,2
94537,0
94538,0
94539,0
94540,1
94541,0
94542,1
94543,0
94544,8
94545,0
94546,1
94547,0
94548,0
94549,0
94550,0
94551,0
94552,0
94553,0
94554,0
94555,0
94556,3
94557,0
94558,0
94559,0
94560,0
94561,0
94562,1
94563,0
94564,0
94565,0
94566,1
94567,1
94568,0
94569,0
94570,0
94571,0
94572,2
94573,0
94574,0
94575,1
94576,0
94577,0
94578,0
94579,1
94580,0
94581,1
94582,0
94583,1
94584,10
94585,0
94586,0
94587,0
94588,0
94589,0
94590,0
94591,0
94592,1
94593,0
94594,0
94595,2
94596,0
94597,1
94598,0
94599,1
94600,0
94601,0
94602,0
94603,0
94604,0
94605,0
94606,0
94607,0
94608,0
94609,0
94610,0
94611,0
94612,0
94613,1
94614,0
94615,0
94616,1
94617,0
94618,0
94619,0
94620,0
94621,0
94622,0
94623,0
94624,0
94625,0
94626,0
94627,0
94628,0
94629,0
94630,0
94631,0
94632,0
94633,0
94634,1
94635,0
94636,1
94637,0
94638,17
94639,1
94640,0
94641,0
94642,0
94643,0
94644,0
94645,0
94646,0
94647,1
94648,0
94649,4
94650,0
94651,1
94652,1
94653,2
94654,11
94655,0
94656,1
94657,0
94658,0
94659,0
94660,0
94661,1
94662,0
94663,0
94664,0
94665,0
94666,0
94667,0
94668,0
94669,1
94670,1
94671,0
94672,0
94673,0
94674,0
94675,0
94676,0
94677,0
94678,0
94679,0
94680,0
94681,0
94682,0
94683,1
94684,0
94685,0
94686,0
94687,0
94688,1
94689,0
94690,1
94691,1
94692,0
94693,0
94694,2
94695,0
94696,0
94697,0
94698,2
94699,0
94700,0
94701,0
94702,1
94703,1
94704,0
94705,0
94706,2
94707,3
94708,2
94709,0
94710,0
94711,0
94712,0
94713,1
94714,0
94715,0
94716,0
94717,0
94718,0
94719,0
94720,0
94721,0
94722,0
94723,1
94724,0
94725,2
94726,0
94727,0
94728,0
94729,0
94730,0
94731,1
94732,0
94733,0
94734,0
94735,0
94736,0
94737,0
94738,0
94739,0
94740,0
94741,0
94742,0
94743,0
94744,0
94745,0
94746,0
94747,0
94748,0
94749,0
94750,0
94751,0
94752,0
94753,2
94754,1
94755,0
94756,0
94757,0
94758,0
94759,0
94760,0
94761,0
94762,0
94763,0
94764,0
94765,0
94766,0
94767,0
94768,0
94769,0
94770,0
94771,1
94772,1
94773,1
94774,2
94775,1
94776,0
94777,0
94778,0
94779,0
94780,0
94781,0
94782,0
94783,0
94784,0
94785,0
94786,0
94787,0
94788,0
94789,0
94790,0
94791,0
94792,0
94793,1
94794,0
94795,0
94796,0
94797,0
94798,0
94799,0
94800,0
94801,0
94802,0
94803,0
94804,0
94805,0
94806,1
94807,0
94808,0
94809,0
94810,0
94811,0
94812,0
94813,6
94814,6
94815,0
94816,2
94817,0
94818,0
94819,0
94820,0
94821,0
94822,0
94823,0
94824,0
94825,1
94826,0
94827,0
94828,0
94829,0
94830,0
94831,0
94832,0
94833,8
94834,0
94835,0
94836,3
94837,0
94838,1
94839,0
94840,0
94841,0
94842,0
94843,0
94844,0
94845,1
94846,1
94847,0
94848,0
94849,0
94850,1
94851,0
94852,0
94853,2
94854,1
94855,0
94856,0
94857,0
94858,0
94859,0
94860,0
94861,0
94862,0
94863,3
94864,5
94865,1
94866,0
94867,0
94868,0
94869,0
94870,0
94871,0
94872,0
94873,0
94874,9
94875,2
94876,0
94877,4
94878,3
94879,0
94880,0
94881,1
94882,0
94883,0
94884,2
94885,0
94886,1
94887,0
94888,0
94889,0
94890,0
94891,0
94892,0
94893,1
94894,0
94895,1
94896,0
94897,1
94898,0
94899,1
94900,1
94901,0
94902,0
94903,0
94904,0
94905,0
94906,1
94907,0
94908,0
94909,0
94910,0
94911,1
94912,0
94913,1
94914,1
94915,0
94916,1
94917,0
94918,0
94919,0
94920,0
94921,0
94922,0
94923,0
94924,0
94925,2
94926,0
94927,1
94928,0
94929,0
94930,0
94931,0
94932,1
94933,0
94934,3
94935,1
94936,0
94937,0
94938,0
94939,1
94940,2
94941,0
94942,1
94943,0
94944,0
94945,0
94946,0
94947,0
94948,0
94949,2
94950,2
94951,0
94952,2
94953,0
94954,1
94955,0
94956,1
94957,0
94958,1
94959,2
94960,0
94961,0
94962,1
94963,12
94964,0
94965,0
94966,0
94967,0
94968,0
94969,0
94970,2
94971,2
94972,0
94973,2
94974,0
94975,0
94976,0
94977,0
94978,0
94979,1
94980,0
94981,0
94982,0
94983,1
94984,0
94985,0
94986,0
94987,1
94988,0
94989,0
94990,1
94991,2
94992,1
94993,0
94994,6
94995,2
94996,2
94997,0
94998,0
94999,1
95000,0
95001,0
95002,0
95003,1
95004,1
95005,0
95006,0
95007,0
95008,2
95009,1
95010,0
95011,1
95012,1
95013,0
95014,0
95015,0
95016,0
95017,0
95018,0
95019,0
95020,1
95021,1
95022,0
95023,0
95024,0
95025,0
95026,0
95027,0
95028,0
95029,0
95030,0
95031,0
95032,0
95033,0
95034,1
95035,0
95036,1
95037,2
95038,0
95039,0
95040,8
95041,18
95042,0
95043,0
95044,0
95045,0
95046,0
95047,2
95048,1
95049,1
95050,1
95051,3
95052,4
95053,0
95054,0
95055,0
95056,0
95057,0
95058,0
95059,0
95060,0
95061,0
95062,1
95063,0
95064,0
95065,0
95066,0
95067,0
95068,1
95069,0
95070,0
95071,0
95072,0
95073,0
95074,1
95075,0
95076,0
95077,0
95078,0
95079,5
95080,3
95081,5
95082,2
95083,0
95084,0
95085,0
95086,0
95087,0
95088,0
95089,1
95090,4
95091,1
95092,6
95093,0
95094,0
95095,0
95096,1
95097,0
95098,0
95099,0
95100,0
95101,0
95102,0
95103,0
95104,0
95105,1
95106,1
95107,0
95108,1
95109,3
95110,1
95111,1
95112,0
95113,0
95114,1
95115,2
95116,0
95117,0
95118,1
95119,0
95120,1
95121,1
95122,0
95123,0
95124,0
95125,1
95126,0
95127,0
95128,1
95129,1
95130,1
95131,0
95132,0
95133,0
95134,0
95135,0
95136,1
95137,2
95138,0
95139,0
95140,1
95141,1
95142,0
95143,1
95144,0
95145,0
95146,0
95147,0
95148,0
95149,0
95150,0
95151,0
95152,0
95153,0
95154,0
95155,0
95156,0
95157,1
95158,0
95159,1
95160,3
95161,0
95162,0
95163,0
95164,0
95165,1
95166,0
95167,0
95168,0
95169,0
95170,0
95171,0
95172,0
95173,0
95174,0
95175,0
95176,0
95177,0
95178,1
95179,0
95180,0
95181,1
95182,0
95183,0
95184,0
95185,1
95186,1
95187,0
95188,0
95189,1
95190,0
95191,0
95192,0
95193,2
95194,1
95195,0
95196,0
95197,0
95198,0
95199,0
95200,0
95201,0
95202,0
95203,0
95204,1
95205,0
95206,1
95207,0
95208,0
95209,0
95210,0
95211,0
95212,0
95213,0
95214,0
95215,0
95216,1
95217,1
95218,0
95219,1
95220,2
95221,0
95222,0
95223,0
95224,2
95225,0
95226,0
95227,0
95228,0
95229,0
95230,0
95231,2
95232,0
95233,0
95234,0
95235,0
95236,0
95237,0
95238,1
95239,0
95240,0
95241,0
95242,0
95243,1
95244,1
95245,1
95246,0
95247,1
95248,0
95249,1
95250,0
95251,3
95252,0
95253,0
95254,0
95255,0
95256,0
95257,1
95258,2
95259,0
95260,0
95261,0
95262,1
95263,0
95264,2
95265,0
95266,0
95267,0
95268,0
95269,1
95270,1
95271,0
95272,0
95273,0
95274,0
95275,1
95276,4
95277,0
95278,0
95279,0
95280,0
95281,1
95282,0
95283,0
95284,1
95285,1
95286,0
95287,2
95288,0
95289,0
95290,1
95291,2
95292,2
95293,2
95294,1
95295,0
95296,0
95297,0
95298,0
95299,0
95300,0
95301,0
95302,2
95303,0
95304,1
95305,0
95306,1
95307,0
95308,0
95309,1
95310,0
95311,1
95312,2
95313,0
95314,0
95315,0
95316,0
95317,0
95318,0
95319,1
95320,0
95321,2
95322,1
95323,0
95324,0
95325,0
95326,0
95327,1
95328,2
95329,1
95330,1
95331,2
95332,0
95333,0
95334,0
95335,0
95336,0
95337,1
95338,0
95339,0
95340,0
95341,0
95342,2
95343,1
95344,0
95345,0
95346,1
95347,2
95348,0
95349,0
95350,0
95351,0
95352,3
95353,0
95354,0
95355,0
95356,0
95357,0
95358,0
95359,1
95360,0
95361,0
95362,1
95363,0
95364,0
95365,0
95366,1
95367,0
95368,0
95369,0
95370,0
95371,0
95372,3
95373,0
95374,1
95375,0
95376,2
95377,0
95378,0
95379,0
95380,0
95381,0
95382,1
95383,1
95384,0
95385,1
95386,1
95387,0
95388,0
95389,0
95390,0
95391,0
95392,0
95393,0
95394,0
95395,0
95396,0
95397,1
95398,0
95399,2
95400,3
95401,0
95402,0
95403,0
95404,0
95405,0
95406,1
95407,0
95408,1
95409,2
95410,1
95411,0
95412,0
95413,0
95414,0
95415,0
95416,2
95417,1
95418,1
95419,0
95420,0
95421,0
95422,0
95423,0
95424,0
95425,0
95426,0
95427,0
95428,0
95429,0
95430,0
95431,1
95432,0
95433,0
95434,1
95435,0
95436,1
95437,0
95438,0
95439,0
95440,0
95441,1
95442,0
95443,1
95444,4
95445,3
95446,1
95447,1
95448,2
95449,0
95450,0
95451,0
95452,0
95453,0
95454,1
95455,0
95456,1
95457,1
95458,0
95459,1
95460,0
95461,1
95462,1
95463,1
95464,0
95465,1
95466,0
95467,0
95468,0
95469,3
95470,0
95471,2
95472,0
95473,0
95474,3
95475,1
95476,1
95477,1
95478,0
95479,0
95480,0
95481,1
95482,1
95483,0
95484,0
95485,1
95486,0
95487,0
95488,0
95489,0
95490,5
95491,0
95492,0
95493,0
95494,0
95495,0
95496,0
95497,1
95498,2
95499,3
95500,3
95501,1
95502,0
95503,0
95504,0
95505,0
95506,6
95507,1
95508,2
95509,1
95510,0
95511,1
95512,0
95513,1
95514,1
95515,1
95516,0
95517,0
95518,0
95519,2
95520,0
95521,0
95522,0
95523,0
95524,2
95525,0
95526,4
95527,0
95528,1
95529,0
95530,0
95531,0
95532,1
95533,0
95534,0
95535,1
95536,0
95537,0
95538,0
95539,2
95540,0
95541,0
95542,0
95543,0
95544,0
95545,0
95546,0
95547,1
95548,1
95549,1
95550,0
95551,0
95552,0
95553,0
95554,1
95555,0
95556,0
95557,0
95558,0
95559,0
95560,2
95561,0
95562,1
95563,1
95564,0
95565,0
95566,0
95567,0
95568,2
95569,0
95570,0
95571,0
95572,2
95573,0
95574,1
95575,0
95576,1
95577,0
95578,0
95579,1
95580,0
95581,0
95582,0
95583,0
95584,0
95585,0
95586,3
95587,0
95588,1
95589,4
95590,0
95591,0
95592,1
95593,0
95594,0
95595,0
95596,0
95597,0
95598,0
95599,0
95600,1
95601,2
95602,0
95603,0
95604,0
95605,0
95606,0
95607,1
95608,0
95609,0
95610,1
95611,2
95612,0
95613,2
95614,0
95615,0
95616,0
95617,0
95618,1
95619,0
95620,1
95621,0
95622,0
95623,0
95624,0
95625,0
95626,0
95627,0
95628,0
95629,3
95630,0
95631,0
95632,1
95633,0
95634,2
95635,1
95636,2
95637,2
95638,1
95639,0
95640,0
95641,1
95642,0
95643,0
95644,1
95645,1
95646,1
95647,4
95648,0
95649,0
95650,5
95651,0
95652,0
95653,1
95654,0
95655,0
95656,0
95657,0
95658,0
95659,1
95660,0
95661,0
95662,0
95663,0
95664,0
95665,0
95666,1
95667,2
95668,0
95669,2
95670,0
95671,0
95672,0
95673,0
95674,0
95675,0
95676,0
95677,0
95678,0
95679,2
95680,0
95681,0
95682,0
95683,2
95684,0
95685,0
95686,0
95687,0
95688,1
95689,1
95690,0
95691,0
95692,0
95693,1
95694,0
95695,0
95696,1
95697,1
95698,0
95699,0
95700,0
95701,0
95702,1
95703,0
95704,1
95705,0
95706,1
95707,1
95708,1
95709,0
95710,0
95711,0
95712,0
95713,1
95714,0
95715,2
95716,3
95717,0
95718,0
95719,1
95720,0
95721,3
95722,0
95723,1
95724,0
95725,1
95726,0
95727,2
95728,2
95729,1
95730,1
95731,1
95732,0
95733,0
95734,0
95735,0
95736,0
95737,0
95738,0
95739,0
95740,0
95741,0
95742,3
95743,0
95744,0
95745,0
95746,0
95747,0
95748,0
95749,2
95750,0
95751,0
95752,0
95753,14
95754,1
95755,0
95756,0
95757,1
95758,0
95759,0
95760,3
95761,0
95762,0
95763,0
95764,1
95765,0
95766,0
95767,0
95768,0
95769,1
95770,0
95771,0
95772,1
95773,0
95774,0
95775,5
95776,0
95777,1
95778,0
95779,0
95780,0
95781,2
95782,2
95783,2
95784,0
95785,1
95786,0
95787,1
95788,0
95789,0
95790,0
95791,0
95792,0
95793,0
95794,0
95795,0
95796,0
95797,0
95798,1
95799,0
95800,0
95801,0
95802,1
95803,0
95804,0
95805,1
95806,0
95807,0
95808,0
95809,0
95810,0
95811,0
95812,0
95813,0
95814,0
95815,0
95816,0
95817,0
95818,0
95819,0
95820,0
95821,0
95822,1
95823,0
95824,0
95825,0
95826,0
95827,0
95828,0
95829,1
95830,0
95831,1
95832,0
95833,0
95834,0
95835,0
95836,0
95837,0
95838,0
95839,0
95840,0
95841,0
95842,0
95843,0
95844,1
95845,0
95846,0
95847,0
95848,0
95849,1
95850,2
95851,0
95852,0
95853,0
95854,0
95855,0
95856,0
95857,0
95858,1
95859,1
95860,4
95861,0
95862,0
95863,0
95864,7
95865,0
95866,0
95867,0
95868,0
95869,1
95870,0
95871,0
95872,0
95873,0
95874,0
95875,0
95876,0
95877,0
95878,0
95879,0
95880,0
95881,0
95882,0
95883,0
95884,2
95885,0
95886,1
95887,0
95888,0
95889,3
95890,0
95891,0
95892,0
95893,0
95894,1
95895,0
95896,0
95897,0
95898,2
95899,1
95900,3
95901,0
95902,0
95903,0
95904,0
95905,0
95906,0
95907,0
95908,0
95909,0
95910,1
95911,0
95912,2
95913,0
95914,2
95915,0
95916,0
95917,1
95918,0
95919,0
95920,0
95921,0
95922,0
95923,0
95924,0
95925,0
95926,0
95927,0
95928,0
95929,0
95930,1
95931,0
95932,0
95933,3
95934,0
95935,0
95936,0
95937,0
95938,0
95939,0
95940,0
95941,0
95942,0
95943,0
95944,0
95945,0
95946,2
95947,0
95948,3
95949,0
95950,2
95951,0
95952,0
95953,1
95954,1
95955,0
95956,0
95957,0
95958,0
95959,0
95960,0
95961,1
95962,0
95963,2
95964,7
95965,0
95966,0
95967,2
95968,0
95969,0
95970,0
95971,0
95972,0
95973,2
95974,1
95975,3
95976,1
95977,0
95978,3
95979,0
95980,1
95981,0
95982,0
95983,0
95984,0
95985,0
95986,0
95987,0
95988,0
95989,0
95990,0
95991,5
95992,0
95993,0
95994,0
95995,1
95996,0
95997,0
95998,4
95999,0
96000,0
96001,1
96002,1
96003,0
96004,1
96005,0
96006,0
96007,1
96008,0
96009,0
96010,0
96011,0
96012,0
96013,1
96014,0
96015,5
96016,0
96017,0
96018,0
96019,0
96020,1
96021,0
96022,0
96023,1
96024,0
96025,1
96026,0
96027,1
96028,0
96029,0
96030,0
96031,0
96032,0
96033,0
96034,0
96035,0
96036,0
96037,1
96038,0
96039,2
96040,1
96041,1
96042,1
96043,0
96044,2
96045,3
96046,2
96047,1
96048,1
96049,0
96050,1
96051,0
96052,1
96053,0
96054,0
96055,0
96056,0
96057,1
96058,1
96059,2
96060,1
96061,0
96062,0
96063,1
96064,0
96065,0
96066,0
96067,1
96068,4
96069,0
96070,0
96071,0
96072,0
96073,0
96074,1
96075,1
96076,0
96077,0
96078,0
96079,0
96080,0
96081,1
96082,0
96083,0
96084,0
96085,0
96086,0
96087,0
96088,0
96089,1
96090,0
96091,0
96092,1
96093,1
96094,0
96095,0
96096,0
96097,0
96098,11
96099,0
96100,0
96101,0
96102,1
96103,3
96104,6
96105,0
96106,0
96107,2
96108,3
96109,0
96110,0
96111,1
96112,1
96113,0
96114,0
96115,0
96116,1
96117,0
96118,2
96119,0
96120,0
96121,0
96122,0
96123,0
96124,0
96125,0
96126,0
96127,0
96128,0
96129,0
96130,2
96131,0
96132,1
96133,3
96134,0
96135,3
96136,0
96137,0
96138,1
96139,0
96140,0
96141,0
96142,1
96143,0
96144,0
96145,6
96146,7
96147,2
96148,0
96149,0
96150,0
96151,0
96152,0
96153,0
96154,0
96155,0
96156,0
96157,0
96158,0
96159,0
96160,0
96161,0
96162,0
96163,0
96164,0
96165,1
96166,0
96167,0
96168,0
96169,0
96170,1
96171,0
96172,0
96173,0
96174,0
96175,0
96176,0
96177,0
96178,0
96179,0
96180,0
96181,0
96182,1
96183,3
96184,3
96185,0
96186,0
96187,0
96188,0
96189,0
96190,1
96191,0
96192,0
96193,0
96194,0
96195,2
96196,0
96197,0
96198,0
96199,9
96200,0
96201,5
96202,3
96203,0
96204,2
96205,0
96206,0
96207,0
96208,0
96209,0
96210,0
96211,0
96212,0
96213,0
96214,1
96215,0
96216,0
96217,0
96218,2
96219,0
96220,0
96221,0
96222,1
96223,0
96224,0
96225,1
96226,0
96227,0
96228,0
96229,1
96230,1
96231,0
96232,1
96233,0
96234,0
96235,0
96236,0
96237,0
96238,0
96239,1
96240,0
96241,1
96242,0
96243,0
96244,0
96245,0
96246,0
96247,0
96248,0
96249,1
96250,1
96251,0
96252,0
96253,0
96254,0
96255,1
96256,0
96257,0
96258,0
96259,0
96260,1
96261,1
96262,6
96263,1
96264,0
96265,1
96266,0
96267,0
96268,0
96269,1
96270,2
96271,0
96272,0
96273,0
96274,0
96275,0
96276,2
96277,0
96278,0
96279,0
96280,1
96281,0
96282,0
96283,1
96284,0
96285,0
96286,0
96287,0
96288,0
96289,0
96290,0
96291,0
96292,0
96293,0
96294,0
96295,0
96296,0
96297,0
96298,0
96299,0
96300,0
96301,1
96302,0
96303,0
96304,2
96305,0
96306,0
96307,2
96308,0
96309,3
96310,0
96311,0
96312,0
96313,0
96314,3
96315,0
96316,0
96317,0
96318,2
96319,3
96320,0
96321,0
96322,0
96323,0
96324,0
96325,0
96326,0
96327,0
96328,1
96329,0
96330,0
96331,1
96332,2
96333,0
96334,0
96335,0
96336,2
96337,0
96338,0
96339,0
96340,0
96341,0
96342,1
96343,0
96344,0
96345,0
96346,0
96347,2
96348,0
96349,2
96350,1
96351,0
96352,0
96353,1
96354,0
96355,0
96356,1
96357,0
96358,0
96359,0
96360,0
96361,1
96362,0
96363,0
96364,0
96365,1
96366,0
96367,0
96368,0
96369,0
96370,0
96371,0
96372,0
96373,0
96374,0
96375,0
96376,0
96377,1
96378,0
96379,0
96380,0
96381,0
96382,0
96383,0
96384,1
96385,0
96386,0
96387,0
96388,0
96389,0
96390,0
96391,0
96392,0
96393,0
96394,1
96395,0
96396,5
96397,0
96398,0
96399,0
96400,0
96401,0
96402,1
96403,0
96404,0
96405,0
96406,1
96407,0
96408,0
96409,1
96410,0
96411,0
96412,1
96413,1
96414,0
96415,0
96416,0
96417,2
96418,1
96419,0
96420,0
96421,0
96422,0
96423,0
96424,0
96425,0
96426,5
96427,0
96428,0
96429,1
96430,1
96431,3
96432,2
96433,0
96434,0
96435,0
96436,0
96437,1
96438,0
96439,0
96440,0
96441,3
96442,0
96443,0
96444,0
96445,0
96446,1
96447,0
96448,1
96449,0
96450,0
96451,0
96452,0
96453,0
96454,0
96455,0
96456,0
96457,0
96458,0
96459,1
96460,0
96461,0
96462,1
96463,0
96464,0
96465,0
96466,0
96467,3
96468,0
96469,0
96470,2
96471,0
96472,0
96473,2
96474,3
96475,0
96476,0
96477,0
96478,0
96479,0
96480,0
96481,0
96482,0
96483,0
96484,0
96485,1
96486,0
96487,0
96488,0
96489,0
96490,1
96491,0
96492,0
96493,0
96494,0
96495,0
96496,0
96497,0
96498,0
96499,0
96500,0
96501,0
96502,0
96503,0
96504,0
96505,0
96506,1
96507,0
96508,2
96509,1
96510,13
96511,0
96512,0
96513,0
96514,0
96515,0
96516,1
96517,0
96518,0
96519,0
96520,0
96521,0
96522,0
96523,0
96524,0
96525,0
96526,0
96527,0
96528,0
96529,0
96530,1
96531,1
96532,1
96533,0
96534,0
96535,0
96536,0
96537,0
96538,0
96539,0
96540,3
96541,1
96542,0
96543,1
96544,1
96545,1
96546,6
96547,4
96548,1
96549,0
96550,1
96551,3
96552,9
96553,1
96554,0
96555,6
96556,0
96557,1
96558,0
96559,0
96560,0
96561,2
96562,2
96563,0
96564,0
96565,0
96566,2
96567,0
96568,0
96569,1
96570,0
96571,0
96572,0
96573,0
96574,0
96575,0
96576,0
96577,0
96578,0
96579,0
96580,0
96581,0
96582,0
96583,0
96584,0
96585,0
96586,1
96587,0
96588,0
96589,0
96590,0
96591,0
96592,0
96593,0
96594,0
96595,0
96596,0
96597,0
96598,0
96599,0
96600,0
96601,0
96602,0
96603,0
96604,6
96605,0
96606,0
96607,0
96608,0
96609,0
96610,0
96611,2
96612,1
96613,0
96614,0
96615,0
96616,2
96617,0
96618,1
96619,8
96620,11
96621,0
96622,0
96623,1
96624,0
96625,0
96626,0
96627,0
96628,0
96629,0
96630,0
96631,0
96632,1
96633,0
96634,0
96635,0
96636,1
96637,0
96638,0
96639,1
96640,1
96641,0
96642,17
96643,6
96644,2
96645,1
96646,0
96647,0
96648,0
96649,0
96650,0
96651,0
96652,1
96653,1
96654,3
96655,2
96656,0
96657,5
96658,0
96659,0
96660,0
96661,3
96662,0
96663,0
96664,0
96665,0
96666,0
96667,0
96668,0
96669,0
96670,0
96671,0
96672,0
96673,0
96674,0
96675,0
96676,0
96677,0
96678,0
96679,0
96680,0
96681,1
96682,0
96683,0
96684,0
96685,0
96686,0
96687,0
96688,0
96689,0
96690,0
96691,0
96692,0
96693,0
96694,0
96695,1
96696,0
96697,0
96698,0
96699,0
96700,0
96701,0
96702,0
96703,0
96704,0
96705,0
96706,0
96707,1
96708,0
96709,0
96710,0
96711,1
96712,0
96713,0
96714,0
96715,9
96716,1
96717,2
96718,0
96719,0
96720,1
96721,1
96722,4
96723,0
96724,0
96725,0
96726,1
96727,0
96728,3
96729,12
96730,0
96731,0
96732,0
96733,0
96734,0
96735,0
96736,0
96737,0
96738,1
96739,0
96740,3
96741,0
96742,4
96743,0
96744,0
96745,0
96746,0
96747,1
96748,1
96749,0
96750,0
96751,2
96752,0
96753,1
96754,0
96755,1
96756,0
96757,0
96758,0
96759,0
96760,0
96761,0
96762,1
96763,0
96764,0
96765,0
96766,2
96767,2
96768,0
96769,0
96770,0
96771,0
96772,0
96773,0
96774,0
96775,0
96776,0
96777,0
96778,0
96779,0
96780,0
96781,0
96782,2
96783,2
96784,0
96785,0
96786,0
96787,1
96788,0
96789,0
96790,0
96791,0
96792,0
96793,1
96794,0
96795,0
96796,12
96797,0
96798,1
96799,11
96800,0
96801,0
96802,1
96803,0
96804,0
96805,0
96806,1
96807,0
96808,1
96809,1
96810,1
96811,2
96812,1
96813,1
96814,2
96815,2
96816,1
96817,0
96818,2
96819,4
96820,0
96821,0
96822,0
96823,0
96824,0
96825,0
96826,0
96827,0
96828,1
96829,0
96830,0
96831,0
96832,1
96833,0
96834,0
96835,0
96836,0
96837,1
96838,0
96839,0
96840,0
96841,0
96842,1
96843,1
96844,0
96845,1
96846,0
96847,0
96848,0
96849,0
96850,0
96851,0
96852,0
96853,0
96854,0
96855,0
96856,0
96857,0
96858,0
96859,0
96860,1
96861,1
96862,2
96863,1
96864,0
96865,0
96866,0
96867,0
96868,0
96869,0
96870,0
96871,0
96872,1
96873,0
96874,1
96875,1
96876,0
96877,0
96878,0
96879,0
96880,0
96881,0
96882,0
96883,0
96884,0
96885,0
96886,0
96887,0
96888,1
96889,1
96890,0
96891,1
96892,1
96893,0
96894,0
96895,0
96896,0
96897,0
96898,3
96899,1
96900,1
96901,0
96902,1
96903,0
96904,0
96905,0
96906,0
96907,0
96908,0
96909,0
96910,0
96911,0
96912,0
96913,1
96914,0
96915,2
96916,0
96917,0
96918,1
96919,1
96920,0
96921,2
96922,1
96923,1
96924,0
96925,0
96926,0
96927,0
96928,0
96929,0
96930,0
96931,1
96932,1
96933,0
96934,1
96935,0
96936,5
96937,0
96938,2
96939,2
96940,0
96941,0
96942,1
96943,0
96944,0
96945,0
96946,0
96947,0
96948,0
96949,0
96950,0
96951,0
96952,0
96953,0
96954,0
96955,1
96956,0
96957,1
96958,1
96959,0
96960,0
96961,0
96962,0
96963,0
96964,1
96965,0
96966,0
96967,0
96968,2
96969,0
96970,0
96971,0
96972,0
96973,0
96974,0
96975,5
96976,2
96977,0
96978,0
96979,0
96980,0
96981,0
96982,2
96983,1
96984,0
96985,0
96986,0
96987,1
96988,0
96989,0
96990,0
96991,3
96992,0
96993,0
96994,0
96995,0
96996,1
96997,0
96998,0
96999,0
97000,0
97001,0
97002,0
97003,2
97004,3
97005,0
97006,0
97007,0
97008,0
97009,0
97010,1
97011,0
97012,1
97013,0
97014,0
97015,1
97016,0
97017,0
97018,3
97019,1
97020,1
97021,0
97022,0
97023,0
97024,0
97025,1
97026,3
97027,8
97028,1
97029,0
97030,1
97031,0
97032,0
97033,1
97034,0
97035,1
97036,0
97037,0
97038,0
97039,0
97040,2
97041,0
97042,0
97043,0
97044,0
97045,0
97046,0
97047,0
97048,0
97049,0
97050,0
97051,1
97052,2
97053,3
97054,0
97055,2
97056,0
97057,3
97058,1
97059,0
97060,3
97061,1
97062,0
97063,1
97064,0
97065,0
97066,0
97067,0
97068,0
97069,0
97070,0
97071,0
97072,0
97073,0
97074,0
97075,1
97076,0
97077,1
97078,0
97079,0
97080,0
97081,0
97082,0
97083,0
97084,0
97085,1
97086,0
97087,0
97088,0
97089,0
97090,0
97091,0
97092,0
97093,0
97094,0
97095,0
97096,1
97097,0
97098,0
97099,1
97100,0
97101,1
97102,0
97103,0
97104,0
97105,0
97106,0
97107,0
97108,0
97109,6
97110,8
97111,0
97112,2
97113,1
97114,0
97115,0
97116,1
97117,0
97118,0
97119,0
97120,0
97121,1
97122,0
97123,0
97124,0
97125,1
97126,1
97127,0
97128,1
97129,1
97130,0
97131,0
97132,0
97133,0
97134,2
97135,1
97136,1
97137,0
97138,0
97139,0
97140,0
97141,0
97142,0
97143,1
97144,0
97145,1
97146,2
97147,0
97148,1
97149,0
97150,0
97151,0
97152,0
97153,0
97154,0
97155,0
97156,0
97157,1
97158,0
97159,1
97160,0
97161,0
97162,1
97163,0
97164,0
97165,0
97166,0
97167,0
97168,0
97169,0
97170,0
97171,0
97172,0
97173,0
97174,0
97175,0
97176,0
97177,0
97178,0
97179,0
97180,3
97181,1
97182,0
97183,0
97184,0
97185,0
97186,2
97187,0
97188,0
97189,0
97190,0
97191,0
97192,0
97193,1
97194,0
97195,0
97196,0
97197,0
97198,0
97199,0
97200,4
97201,0
97202,0
97203,0
97204,0
97205,0
97206,0
97207,0
97208,1
97209,0
97210,0
97211,0
97212,0
97213,0
97214,0
97215,0
97216,0
97217,0
97218,1
97219,0
97220,0
97221,1
97222,1
97223,0
97224,0
97225,0
97226,3
97227,3
97228,0
97229,19
97230,1
97231,0
97232,0
97233,1
97234,0
97235,0
97236,1
97237,1
97238,0
97239,0
97240,0
97241,0
97242,0
97243,1
97244,0
97245,0
97246,0
97247,1
97248,1
97249,0
97250,1
97251,1
97252,1
97253,0
97254,1
97255,0
97256,0
97257,0
97258,0
97259,0
97260,0
97261,0
97262,0
97263,0
97264,0
97265,0
97266,0
97267,0
97268,0
97269,0
97270,0
97271,0
97272,0
97273,0
97274,0
97275,0
97276,0
97277,0
97278,0
97279,0
97280,0
97281,0
97282,2
97283,0
97284,1
97285,0
97286,0
97287,0
97288,0
97289,0
97290,0
97291,0
97292,2
97293,0
97294,0
97295,1
97296,0
97297,0
97298,0
97299,0
97300,0
97301,0
97302,0
97303,0
97304,0
97305,0
97306,0
97307,0
97308,0
97309,1
97310,0
97311,0
97312,0
97313,0
97314,2
97315,0
97316,0
97317,0
97318,1
97319,1
97320,0
97321,0
97322,2
97323,2
97324,0
97325,0
97326,0
97327,0
97328,4
97329,1
97330,0
97331,0
97332,0
97333,0
97334,0
97335,0
97336,1
97337,0
97338,0
97339,1
97340,1
97341,0
97342,1
97343,0
97344,0
97345,0
97346,0
97347,2
97348,1
97349,0
97350,0
97351,1
97352,3
97353,0
97354,2
97355,1
97356,0
97357,0
97358,0
97359,1
97360,0
97361,2
97362,0
97363,0
97364,0
97365,0
97366,0
97367,0
97368,0
97369,0
97370,0
97371,0
97372,0
97373,2
97374,1
97375,0
97376,0
97377,2
97378,1
97379,0
97380,0
97381,0
97382,0
97383,0
97384,0
97385,0
97386,0
97387,1
97388,3
97389,0
97390,0
97391,0
97392,2
97393,1
97394,0
97395,0
97396,0
97397,0
97398,0
97399,0
97400,0
97401,1
97402,0
97403,0
97404,0
97405,0
97406,0
97407,0
97408,0
97409,0
97410,0
97411,0
97412,0
97413,0
97414,0
97415,0
97416,0
97417,0
97418,1
97419,0
97420,0
97421,0
97422,0
97423,0
97424,0
97425,0
97426,0
97427,5
97428,0
97429,0
97430,0
97431,0
97432,0
97433,0
97434,0
97435,0
97436,0
97437,1
97438,0
97439,0
97440,0
97441,0
97442,0
97443,0
97444,0
97445,0
97446,0
97447,0
97448,0
97449,0
97450,0
97451,0
97452,0
97453,1
97454,0
97455,0
97456,0
97457,0
97458,0
97459,0
97460,0
97461,1
97462,0
97463,0
97464,0
97465,0
97466,1
97467,0
97468,0
97469,0
97470,0
97471,0
97472,0
97473,0
97474,1
97475,4
97476,0
97477,0
97478,1
97479,0
97480,0
97481,2
97482,4
97483,4
97484,1
97485,0
97486,0
97487,0
97488,0
97489,0
97490,1
97491,0
97492,0
97493,0
97494,0
97495,2
97496,0
97497,1
97498,1
97499,0
97500,0
97501,0
97502,1
97503,1
97504,0
97505,2
97506,0
97507,1
97508,1
97509,0
97510,0
97511,0
97512,0
97513,0
97514,0
97515,0
97516,0
97517,0
97518,0
97519,0
97520,0
97521,0
97522,0
97523,0
97524,1
97525,0
97526,2
97527,0
97528,0
97529,0
97530,0
97531,0
97532,0
97533,0
97534,1
97535,0
97536,0
97537,0
97538,2
97539,3
97540,0
97541,0
97542,1
97543,0
97544,0
97545,1
97546,1
97547,1
97548,3
97549,0
97550,0
97551,0
97552,0
97553,1
97554,0
97555,0
97556,0
97557,0
97558,0
97559,0
97560,0
97561,1
97562,0
97563,0
97564,3
97565,0
97566,0
97567,0
97568,0
97569,0
97570,0
97571,0
97572,8
97573,11
97574,6
97575,5
97576,0
97577,0
97578,0
97579,0
97580,0
97581,0
97582,0
97583,0
97584,0
97585,1
97586,0
97587,0
97588,0
97589,0
97590,2
97591,0
97592,0
97593,1
97594,0
97595,0
97596,0
97597,0
97598,0
97599,0
97600,0
97601,0
97602,0
97603,0
97604,0
97605,0
97606,1
97607,0
97608,0
97609,0
97610,0
97611,0
97612,0
97613,0
97614,0
97615,0
97616,0
97617,1
97618,0
97619,0
97620,0
97621,0
97622,1
97623,1
97624,0
97625,1
97626,0
97627,1
97628,1
97629,0
97630,0
97631,0
97632,0
97633,0
97634,1
97635,3
97636,0
97637,0
97638,0
97639,1
97640,0
97641,0
97642,0
97643,0
97644,0
97645,0
97646,0
97647,3
97648,0
97649,1
97650,0
97651,0
97652,0
97653,0
97654,0
97655,0
97656,1
97657,0
97658,0
97659,0
97660,0
97661,0
97662,0
97663,0
97664,0
97665,1
97666,1
97667,0
97668,0
97669,1
97670,0
97671,0
97672,0
97673,0
97674,0
97675,0
97676,2
97677,1
97678,0
97679,1
97680,0
97681,0
97682,0
97683,1
97684,2
97685,3
97686,0
97687,0
97688,0
97689,0
97690,0
97691,0
97692,0
97693,0
97694,0
97695,0
97696,0
97697,0
97698,0
97699,0
97700,1
97701,1
97702,1
97703,3
97704,0
97705,0
97706,1
97707,8
97708,5
97709,11
97710,0
97711,0
97712,0
97713,1
97714,0
97715,0
97716,0
97717,0
97718,1
97719,14
97720,0
97721,0
97722,0
97723,0
97724,0
97725,0
97726,3
97727,0
97728,0
97729,0
97730,0
97731,5
97732,6
97733,0
97734,3
97735,1
97736,2
97737,0
97738,3
97739,0
97740,0
97741,0
97742,1
97743,0
97744,17
97745,4
97746,3
97747,1
97748,0
97749,0
97750,0
97751,0
97752,0
97753,0
97754,0
97755,0
97756,0
97757,1
97758,0
97759,0
97760,1
97761,0
97762,0
97763,0
97764,0
97765,0
97766,0
97767,0
97768,0
97769,0
97770,0
97771,0
97772,0
97773,0
97774,1
97775,0
97776,0
97777,0
97778,0
97779,0
97780,0
97781,0
97782,0
97783,0
97784,0
97785,0
97786,0
97787,0
97788,0
97789,0
97790,0
97791,1
97792,0
97793,0
97794,0
97795,1
97796,0
97797,0
97798,0
97799,1
97800,0
97801,0
97802,0
97803,0
97804,0
97805,0
97806,1
97807,0
97808,0
97809,0
97810,0
97811,0
97812,1
97813,0
97814,0
97815,0
97816,0
97817,0
97818,2
97819,0
97820,0
97821,2
97822,1
97823,0
97824,2
97825,2
97826,0
97827,0
97828,0
97829,0
97830,0
97831,0
97832,1
97833,0
97834,4
97835,0
97836,0
97837,0
97838,0
97839,0
97840,0
97841,0
97842,0
97843,0
97844,0
97845,0
97846,0
97847,1
97848,1
97849,2
97850,4
97851,2
97852,0
97853,0
97854,1
97855,0
97856,0
97857,0
97858,0
97859,0
97860,0
97861,0
97862,0
97863,0
97864,0
97865,0
97866,0
97867,8
97868,0
97869,2
97870,1
97871,6
97872,0
97873,1
97874,0
97875,0
97876,0
97877,0
97878,1
97879,0
97880,0
97881,0
97882,0
97883,0
97884,0
97885,0
97886,0
97887,1
97888,0
97889,0
97890,1
97891,0
97892,0
97893,0
97894,2
97895,1
97896,1
97897,0
97898,1
97899,1
97900,0
97901,0
97902,1
97903,2
97904,0
97905,0
97906,0
97907,0
97908,1
97909,0
97910,0
97911,0
97912,0
97913,0
97914,0
97915,0
97916,0
97917,1
97918,3
97919,2
97920,0
97921,0
97922,0
97923,0
97924,0
97925,0
97926,0
97927,0
97928,1
97929,0
97930,0
97931,0
97932,0
97933,1
97934,0
97935,1
97936,0
97937,0
97938,0
97939,0
97940,1
97941,1
97942,0
97943,0
97944,0
97945,0
97946,0
97947,0
97948,0
97949,0
97950,0
97951,0
97952,0
97953,0
97954,0
97955,0
97956,0
97957,0
97958,0
97959,0
97960,0
97961,0
97962,0
97963,1
97964,4
97965,2
97966,0
97967,0
97968,0
97969,1
97970,0
97971,0
97972,0
97973,2
97974,0
97975,0
97976,0
97977,0
97978,0
97979,0
97980,0
97981,0
97982,0
97983,0
97984,1
97985,0
97986,0
97987,0
97988,1
97989,0
97990,0
97991,0
97992,0
97993,0
97994,1
97995,1
97996,0
97997,0
97998,1
97999,2
98000,1
98001,1
98002,1
98003,0
98004,0
98005,0
98006,3
98007,1
98008,0
98009,10
98010,0
98011,0
98012,0
98013,0
98014,0
98015,0
98016,0
98017,0
98018,0
98019,0
98020,0
98021,2
98022,0
98023,0
98024,0
98025,0
98026,0
98027,0
98028,0
98029,0
98030,1
98031,0
98032,0
98033,0
98034,0
98035,0
98036,0
98037,0
98038,0
98039,0
98040,1
98041,0
98042,0
98043,0
98044,0
98045,0
98046,0
98047,0
98048,0
98049,0
98050,0
98051,0
98052,0
98053,0
98054,1
98055,3
98056,0
98057,0
98058,0
98059,0
98060,0
98061,0
98062,0
98063,0
98064,0
98065,0
98066,0
98067,1
98068,1
98069,0
98070,0
98071,0
98072,0
98073,0
98074,0
98075,0
98076,0
98077,0
98078,0
98079,0
98080,0
98081,0
98082,0
98083,0
98084,1
98085,0
98086,0
98087,0
98088,0
98089,0
98090,0
98091,0
98092,0
98093,0
98094,0
98095,3
98096,0
98097,0
98098,0
98099,0
98100,0
98101,0
98102,0
98103,1
98104,1
98105,0
98106,1
98107,0
98108,0
98109,0
98110,0
98111,0
98112,2
98113,0
98114,0
98115,1
98116,0
98117,1
98118,0
98119,0
98120,0
98121,0
98122,0
98123,0
98124,0
98125,0
98126,0
98127,0
98128,0
98129,0
98130,0
98131,0
98132,0
98133,0
98134,0
98135,0
98136,2
98137,0
98138,0
98139,0
98140,0
98141,0
98142,0
98143,0
98144,0
98145,0
98146,0
98147,0
98148,0
98149,1
98150,0
98151,0
98152,0
98153,0
98154,2
98155,0
98156,0
98157,0
98158,0
98159,1
98160,0
98161,0
98162,0
98163,0
98164,11
98165,0
98166,0
98167,0
98168,0
98169,0
98170,1
98171,1
98172,0
98173,0
98174,0
98175,0
98176,0
98177,0
98178,0
98179,0
98180,0
98181,11
98182,0
98183,0
98184,0
98185,0
98186,0
98187,0
98188,1
98189,0
98190,0
98191,1
98192,1
98193,1
98194,63
98195,0
98196,6
98197,0
98198,0
98199,0
98200,4
98201,0
98202,1
98203,3
98204,1
98205,18
98206,16
98207,27
98208,0
98209,1
98210,3
98211,0
98212,0
98213,0
98214,0
98215,0
98216,0
98217,0
98218,0
98219,0
98220,3
98221,0
98222,2
98223,0
98224,0
98225,0
98226,0
98227,0
98228,0
98229,1
98230,1
98231,1
98232,0
98233,0
98234,1
98235,1
98236,0
98237,0
98238,13
98239,1
98240,1
98241,0
98242,2
98243,0
98244,0
98245,0
98246,0
98247,2
98248,0
98249,2
98250,0
98251,0
98252,0
98253,0
98254,1
98255,0
98256,1
98257,0
98258,0
98259,2
98260,0
98261,0
98262,2
98263,0
98264,0
98265,0
98266,0
98267,1
98268,0
98269,2
98270,0
98271,0
98272,0
98273,0
98274,0
98275,0
98276,0
98277,0
98278,0
98279,0
98280,0
98281,0
98282,0
98283,0
98284,0
98285,0
98286,0
98287,0
98288,1
98289,1
98290,0
98291,0
98292,0
98293,0
98294,0
98295,0
98296,1
98297,3
98298,0
98299,0
98300,0
98301,0
98302,0
98303,0
98304,0
98305,1
98306,3
98307,0
98308,0
98309,1
98310,0
98311,0
98312,0
98313,0
98314,1
98315,0
98316,0
98317,0
98318,1
98319,0
98320,0
98321,0
98322,0
98323,0
98324,0
98325,0
98326,0
98327,0
98328,0
98329,1
98330,0
98331,0
98332,0
98333,0
98334,0
98335,1
98336,0
98337,0
98338,0
98339,0
98340,4
98341,0
98342,0
98343,0
98344,0
98345,0
98346,0
98347,0
98348,1
98349,0
98350,1
98351,0
98352,0
98353,0
98354,0
98355,0
98356,0
98357,0
98358,0
98359,0
98360,1
98361,0
98362,0
98363,2
98364,0
98365,0
98366,0
98367,0
98368,0
98369,1
98370,0
98371,0
98372,1
98373,0
98374,0
98375,1
98376,0
98377,0
98378,0
98379,1
98380,0
98381,0
98382,0
98383,0
98384,1
98385,1
98386,1
98387,1
98388,1
98389,1
98390,2
98391,1
98392,0
98393,0
98394,0
98395,3
98396,6
98397,2
98398,0
98399,0
98400,1
98401,0
98402,1
98403,24
98404,0
98405,1
98406,0
98407,0
98408,1
98409,0
98410,0
98411,1
98412,1
98413,0
98414,0
98415,0
98416,0
98417,0
98418,0
98419,0
98420,0
98421,0
98422,0
98423,0
98424,0
98425,0
98426,0
98427,0
98428,0
98429,0
98430,0
98431,0
98432,0
98433,1
98434,0
98435,0
98436,0
98437,0
98438,0
98439,0
98440,1
98441,0
98442,0
98443,0
98444,0
98445,0
98446,0
98447,0
98448,0
98449,2
98450,0
98451,0
98452,0
98453,0
98454,0
98455,0
98456,0
98457,0
98458,0
98459,0
98460,0
98461,2
98462,1
98463,0
98464,2
98465,2
98466,2
98467,0
98468,0
98469,1
98470,1
98471,1
98472,0
98473,1
98474,0
98475,0
98476,0
98477,0
98478,0
98479,2
98480,1
98481,0
98482,0
98483,2
98484,7
98485,2
98486,0
98487,0
98488,0
98489,0
98490,0
98491,0
98492,1
98493,2
98494,41
98495,1
98496,0
98497,0
98498,0
98499,0
98500,1
98501,0
98502,1
98503,0
98504,0
98505,1
98506,0
98507,0
98508,6
98509,1
98510,1
98511,3
98512,0
98513,0
98514,0
98515,0
98516,0
98517,10
98518,0
98519,2
98520,0
98521,1
98522,1
98523,0
98524,1
98525,0
98526,0
98527,0
98528,0
98529,0
98530,1
98531,0
98532,0
98533,0
98534,3
98535,0
98536,0
98537,3
98538,0
98539,0
98540,0
98541,1
98542,0
98543,0
98544,0
98545,0
98546,1
98547,0
98548,2
98549,0
98550,2
98551,35
98552,0
98553,0
98554,0
98555,0
98556,0
98557,0
98558,0
98559,0
98560,1
98561,2
98562,0
98563,0
98564,0
98565,0
98566,0
98567,0
98568,0
98569,0
98570,1
98571,0
98572,0
98573,0
98574,0
98575,0
98576,2
98577,3
98578,0
98579,0
98580,0
98581,0
98582,0
98583,0
98584,0
98585,0
98586,0
98587,1
98588,0
98589,0
98590,0
98591,4
98592,0
98593,0
98594,0
98595,0
98596,1
98597,2
98598,0
98599,0
98600,1
98601,0
98602,0
98603,0
98604,0
98605,1
98606,1
98607,0
98608,0
98609,0
98610,1
98611,0
98612,0
98613,0
98614,0
98615,4
98616,0
98617,0
98618,0
98619,0
98620,0
98621,0
98622,0
98623,0
98624,0
98625,0
98626,0
98627,0
98628,0
98629,0
98630,0
98631,1
98632,0
98633,1
98634,0
98635,0
98636,0
98637,0
98638,0
98639,17
98640,1
98641,2
98642,0
98643,0
98644,0
98645,0
98646,0
98647,0
98648,0
98649,0
98650,0
98651,0
98652,0
98653,0
98654,0
98655,0
98656,0
98657,0
98658,0
98659,0
98660,0
98661,0
98662,0
98663,0
98664,0
98665,0
98666,0
98667,0
98668,0
98669,1
98670,0
98671,0
98672,0
98673,0
98674,0
98675,0
98676,0
98677,0
98678,0
98679,0
98680,0
98681,8
98682,0
98683,0
98684,0
98685,0
98686,0
98687,0
98688,0
98689,0
98690,0
98691,0
98692,3
98693,0
98694,5
98695,0
98696,0
98697,0
98698,0
98699,0
98700,0
98701,0
98702,1
98703,0
98704,0
98705,0
98706,0
98707,0
98708,0
98709,0
98710,0
98711,1
98712,0
98713,0
98714,2
98715,0
98716,0
98717,0
98718,0
98719,0
98720,0
98721,0
98722,0
98723,0
98724,0
98725,0
98726,0
98727,2
98728,33
98729,4
98730,0
98731,0
98732,1
98733,0
98734,0
98735,0
98736,0
98737,0
98738,0
98739,0
98740,1
98741,0
98742,0
98743,0
98744,0
98745,0
98746,0
98747,0
98748,1
98749,0
98750,2
98751,0
98752,0
98753,3
98754,2
98755,0
98756,0
98757,0
98758,0
98759,2
98760,0
98761,0
98762,1
98763,0
98764,0
98765,3
98766,9
98767,1
98768,0
98769,0
98770,2
98771,0
98772,0
98773,0
98774,0
98775,1
98776,1
98777,1
98778,0
98779,0
98780,0
98781,1
98782,1
98783,0
98784,0
98785,0
98786,0
98787,0
98788,0
98789,0
98790,0
98791,0
98792,0
98793,0
98794,0
98795,0
98796,0
98797,0
98798,0
98799,0
98800,0
98801,0
98802,0
98803,0
98804,0
98805,0
98806,0
98807,0
98808,0
98809,0
98810,0
98811,1
98812,0
98813,1
98814,2
98815,1
98816,2
98817,1
98818,0
98819,0
98820,0
98821,0
98822,0
98823,0
98824,0
98825,1
98826,0
98827,0
98828,1
98829,2
98830,0
98831,0
98832,1
98833,1
98834,2
98835,5
98836,0
98837,0
98838,0
98839,0
98840,0
98841,1
98842,2
98843,4
98844,0
98845,0
98846,0
98847,0
98848,1
98849,0
98850,0
98851,0
98852,0
98853,0
98854,0
98855,0
98856,1
98857,0
98858,0
98859,0
98860,0
98861,0
98862,0
98863,0
98864,0
98865,0
98866,0
98867,0
98868,2
98869,0
98870,0
98871,0
98872,1
98873,0
98874,0
98875,0
98876,0
98877,0
98878,0
98879,0
98880,0
98881,0
98882,0
98883,0
98884,0
98885,0
98886,0
98887,0
98888,0
98889,0
98890,0
98891,0
98892,0
98893,0
98894,0
98895,1
98896,0
98897,0
98898,5
98899,9
98900,0
98901,0
98902,0
98903,0
98904,0
98905,0
98906,1
98907,0
98908,0
98909,0
98910,0
98911,0
98912,0
98913,0
98914,0
98915,0
98916,0
98917,0
98918,0
98919,0
98920,0
98921,1
98922,0
98923,2
98924,0
98925,0
98926,0
98927,0
98928,0
98929,1
98930,0
98931,0
98932,0
98933,0
98934,1
98935,0
98936,0
98937,1
98938,0
98939,0
98940,0
98941,0
98942,1
98943,0
98944,0
98945,0
98946,1
98947,0
98948,0
98949,0
98950,0
98951,0
98952,0
98953,0
98954,0
98955,0
98956,0
98957,0
98958,0
98959,0
98960,0
98961,0
98962,0
98963,0
98964,0
98965,1
98966,0
98967,0
98968,0
98969,0
98970,5
98971,0
98972,0
98973,0
98974,0
98975,0
98976,1
98977,1
98978,0
98979,0
98980,0
98981,4
98982,1
98983,0
98984,7
98985,0
98986,1
98987,2
98988,0
98989,0
98990,0
98991,0
98992,3
98993,0
98994,0
98995,1
98996,3
98997,0
98998,0
98999,1
99000,8
99001,0
99002,0
99003,0
99004,2
99005,0
99006,3
99007,0
99008,0
99009,1
99010,0
99011,0
99012,0
99013,0
99014,2
99015,4
99016,0
99017,0
99018,1
99019,0
99020,0
99021,0
99022,0
99023,0
99024,0
99025,2
99026,0
99027,0
99028,0
99029,2
99030,1
99031,1
99032,0
99033,0
99034,2
99035,5
99036,0
99037,1
99038,0
99039,0
99040,0
99041,4
99042,0
99043,0
99044,0
99045,0
99046,0
99047,1
99048,0
99049,1
99050,0
99051,1
99052,3
99053,0
99054,0
99055,0
99056,0
99057,0
99058,1
99059,0
99060,0
99061,1
99062,0
99063,0
99064,0
99065,0
99066,0
99067,0
99068,1
99069,0
99070,0
99071,0
99072,0
99073,0
99074,0
99075,0
99076,0
99077,0
99078,0
99079,0
99080,1
99081,0
99082,0
99083,0
99084,0
99085,1
99086,0
99087,0
99088,0
99089,0
99090,0
99091,1
99092,0
99093,0
99094,0
99095,0
99096,1
99097,0
99098,1
99099,1
99100,0
99101,1
99102,0
99103,0
99104,3
99105,0
99106,0
99107,0
99108,0
99109,1
99110,0
99111,0
99112,0
99113,0
99114,4
99115,0
99116,0
99117,0
99118,0
99119,0
99120,0
99121,0
99122,0
99123,0
99124,1
99125,0
99126,0
99127,0
99128,0
99129,0
99130,0
99131,0
99132,0
99133,0
99134,0
99135,0
99136,0
99137,0
99138,0
99139,0
99140,0
99141,3
99142,0
99143,0
99144,0
99145,0
99146,0
99147,0
99148,1
99149,1
99150,0
99151,0
99152,0
99153,0
99154,0
99155,0
99156,0
99157,0
99158,0
99159,0
99160,0
99161,0
99162,0
99163,0
99164,0
99165,0
99166,0
99167,1
99168,0
99169,0
99170,0
99171,1
99172,0
99173,0
99174,0
99175,0
99176,0
99177,0
99178,0
99179,0
99180,1
99181,0
99182,0
99183,0
99184,0
99185,0
99186,1
99187,0
99188,0
99189,0
99190,0
99191,0
99192,0
99193,0
99194,0
99195,1
99196,0
99197,0
99198,0
99199,3
99200,0
99201,0
99202,1
99203,0
99204,0
99205,0
99206,0
99207,5
99208,0
99209,0
99210,0
99211,0
99212,0
99213,0
99214,0
99215,0
99216,0
99217,0
99218,3
99219,0
99220,0
99221,0
99222,0
99223,0
99224,0
99225,9
99226,0
99227,0
99228,0
99229,0
99230,0
99231,0
99232,0
99233,0
99234,1
99235,0
99236,0
99237,0
99238,0
99239,0
99240,0
99241,0
99242,1
99243,0
99244,0
99245,0
99246,0
99247,0
99248,0
99249,0
99250,0
99251,0
99252,0
99253,0
99254,0
99255,0
99256,0
99257,0
99258,0
99259,0
99260,0
99261,4
99262,0
99263,0
99264,0
99265,1
99266,0
99267,0
99268,1
99269,44
99270,0
99271,0
99272,2
99273,0
99274,0
99275,0
99276,0
99277,1
99278,2
99279,0
99280,2
99281,2
99282,2
99283,0
99284,0
99285,0
99286,0
99287,0
99288,0
99289,0
99290,1
99291,0
99292,0
99293,2
99294,0
99295,0
99296,2
99297,0
99298,0
99299,0
99300,0
99301,0
99302,0
99303,0
99304,0
99305,1
99306,0
99307,0
99308,0
99309,0
99310,1
99311,0
99312,0
99313,0
99314,0
99315,0
99316,0
99317,0
99318,0
99319,0
99320,0
99321,0
99322,0
99323,0
99324,1
99325,0
99326,0
99327,2
99328,5
99329,0
99330,0
99331,2
99332,4
99333,2
99334,0
99335,0
99336,1
99337,0
99338,0
99339,0
99340,0
99341,0
99342,0
99343,0
99344,0
99345,0
99346,1
99347,0
99348,1
99349,3
99350,0
99351,0
99352,0
99353,0
99354,0
99355,0
99356,0
99357,0
99358,0
99359,0
99360,0
99361,0
99362,0
99363,2
99364,0
99365,0
99366,1
99367,0
99368,0
99369,0
99370,0
99371,1
99372,0
99373,1
99374,0
99375,1
99376,0
99377,0
99378,0
99379,0
99380,0
99381,1
99382,0
99383,1
99384,2
99385,0
99386,1
99387,0
99388,0
99389,0
99390,0
99391,0
99392,0
99393,0
99394,0
99395,1
99396,0
99397,0
99398,0
99399,0
99400,0
99401,0
99402,0
99403,0
99404,0
99405,0
99406,0
99407,1
99408,0
99409,0
99410,0
99411,0
99412,0
99413,0
99414,0
99415,0
99416,0
99417,0
99418,0
99419,0
99420,0
99421,0
99422,2
99423,0
99424,0
99425,0
99426,1
99427,0
99428,12
99429,0
99430,0
99431,1
99432,0
99433,0
99434,0
99435,3
99436,0
99437,0
99438,0
99439,0
99440,0
99441,0
99442,0
99443,0
99444,0
99445,0
99446,0
99447,0
99448,0
99449,0
99450,0
99451,0
99452,3
99453,0
99454,0
99455,0
99456,0
99457,0
99458,0
99459,0
99460,0
99461,0
99462,0
99463,0
99464,0
99465,0
99466,0
99467,0
99468,0
99469,0
99470,0
99471,0
99472,0
99473,0
99474,1
99475,1
99476,0
99477,0
99478,0
99479,0
99480,0
99481,2
99482,0
99483,0
99484,2
99485,0
99486,0
99487,2
99488,0
99489,0
99490,1
99491,0
99492,0
99493,3
99494,32
99495,1
99496,7
99497,75
99498,13
99499,2
99500,8
99501,0
99502,0
99503,0
99504,0
99505,1
99506,3
99507,1
99508,0
99509,4
99510,1
99511,0
99512,1
99513,0
99514,0
99515,0
99516,0
99517,0
99518,0
99519,0
99520,2
99521,0
99522,0
99523,0
99524,0
99525,0
99526,0
99527,0
99528,0
99529,0
99530,0
99531,1
99532,5
99533,1
99534,1
99535,0
99536,0
99537,0
99538,0
99539,2
99540,0
99541,0
99542,0
99543,4
99544,0
99545,0
99546,0
99547,1
99548,0
99549,0
99550,1
99551,3
99552,0
99553,0
99554,0
99555,5
99556,0
99557,0
99558,0
99559,0
99560,3
99561,0
99562,0
99563,0
99564,0
99565,6
99566,3
99567,1
99568,0
99569,0
99570,1
99571,0
99572,0
99573,0
99574,1
99575,0
99576,0
99577,0
99578,0
99579,0
99580,0
99581,0
99582,0
99583,0
99584,0
99585,0
99586,1
99587,0
99588,0
99589,6
99590,0
99591,1
99592,32
99593,0
99594,3
99595,2
99596,0
99597,0
99598,0
99599,1
99600,0
99601,2
99602,0
99603,0
99604,0
99605,0
99606,2
99607,0
99608,1
99609,0
99610,0
99611,1
99612,0
99613,1
99614,10
99615,0
99616,1
99617,1
99618,0
99619,1
99620,0
99621,0
99622,0
99623,0
99624,0
99625,0
99626,0
99627,0
99628,2
99629,0
99630,1
99631,1
99632,0
99633,0
99634,0
99635,0
99636,0
99637,0
99638,0
99639,0
99640,4
99641,2
99642,0
99643,0
99644,0
99645,0
99646,0
99647,1
99648,0
99649,0
99650,0
99651,0
99652,0
99653,0
99654,0
99655,0
99656,0
99657,0
99658,1
99659,1
99660,0
99661,0
99662,0
99663,0
99664,0
99665,0
99666,0
99667,0
99668,0
99669,0
99670,1
99671,0
99672,0
99673,0
99674,3
99675,0
99676,0
99677,0
99678,0
99679,0
99680,1
99681,0
99682,0
99683,0
99684,0
99685,0
99686,0
99687,0
99688,0
99689,0
99690,2
99691,0
99692,0
99693,2
99694,6
99695,1
99696,1
99697,4
99698,0
99699,0
99700,0
99701,0
99702,0
99703,0
99704,0
99705,4
99706,2
99707,0
99708,0
99709,0
99710,1
99711,0
99712,0
99713,0
99714,1
99715,0
99716,5
99717,0
99718,0
99719,0
99720,0
99721,0
99722,2
99723,3
99724,0
99725,0
99726,0
99727,0
99728,0
99729,1
99730,2
99731,0
99732,0
99733,0
99734,0
99735,0
99736,2
99737,0
99738,0
99739,0
99740,1
99741,0
99742,0
99743,1
99744,26
99745,0
99746,0
99747,0
99748,0
99749,0
99750,0
99751,0
99752,0
99753,0
99754,0
99755,1
99756,0
99757,1
99758,0
99759,4
99760,0
99761,0
99762,0
99763,0
99764,0
99765,6
99766,0
99767,0
99768,0
99769,0
99770,0
99771,0
99772,19
99773,0
99774,0
99775,0
99776,0
99777,0
99778,3
99779,0
99780,0
99781,0
99782,0
99783,0
99784,0
99785,0
99786,0
99787,0
99788,0
99789,0
99790,0
99791,0
99792,0
99793,0
99794,0
99795,0
99796,0
99797,1
99798,5
99799,0
99800,0
99801,0
99802,0
99803,0
99804,0
99805,0
99806,1
99807,0
99808,0
99809,0
99810,2
99811,0
99812,1
99813,0
99814,0
99815,0
99816,0
99817,0
99818,0
99819,0
99820,0
99821,0
99822,0
99823,0
99824,0
99825,1
99826,0
99827,0
99828,0
99829,0
99830,0
99831,0
99832,0
99833,0
99834,0
99835,0
99836,0
99837,0
99838,0
99839,0
99840,0
99841,0
99842,0
99843,0
99844,2
99845,0
99846,0
99847,0
99848,0
99849,0
99850,0
99851,0
99852,0
99853,0
99854,0
99855,1
99856,0
99857,0
99858,0
99859,0
99860,0
99861,0
99862,0
99863,0
99864,0
99865,0
99866,0
99867,0
99868,0
99869,1
99870,0
99871,0
99872,0
99873,0
99874,0
99875,0
99876,1
99877,0
99878,0
99879,0
99880,0
99881,0
99882,0
99883,0
99884,0
99885,0
99886,1
99887,0
99888,0
99889,9
99890,0
99891,0
99892,1
99893,1
99894,0
99895,0
99896,0
99897,1
99898,0
99899,0
99900,84
99901,0
99902,0
99903,2
99904,0
99905,0
99906,0
99907,0
99908,0
99909,8
99910,0
99911,1
99912,0
99913,0
99914,0
99915,0
99916,0
99917,0
99918,0
99919,0
99920,0
99921,0
99922,0
99923,0
99924,0
99925,0
99926,0
99927,0
99928,0
99929,0
99930,1
99931,0
99932,0
99933,0
99934,0
99935,0
99936,0
99937,0
99938,0
99939,0
99940,0
99941,0
99942,0
99943,0
99944,0
99945,0
99946,4
99947,0
99948,2
99949,0
99950,0
99951,0
99952,0
99953,0
99954,0
99955,0
99956,0
99957,0
99958,1
99959,3
99960,0
99961,1
99962,2
99963,1
99964,0
99965,0
99966,0
99967,0
99968,0
99969,0
99970,5
99971,1
99972,0
99973,0
99974,0
99975,0
99976,2
99977,0
99978,0
99979,1
99980,11
99981,0
99982,0
99983,0
99984,0
99985,1
99986,0
99987,0
99988,0
99989,0
99990,3
99991,7
99992,2
99993,3
99994,0
99995,3
99996,6
99997,0
99998,0
99999,0
100000,10
