chrom,start,end,center,pi_AFR,theta_w_AFR,tajimas_d_AFR,fay_wu_h_AFR,normalized_fay_wu_h_AFR,segregating_sites_AFR,n_variants_AFR,pi_EUR,theta_w_EUR,tajimas_d_EUR,fay_wu_h_EUR,normalized_fay_wu_h_EUR,segregating_sites_EUR,n_variants_EUR,fst,dxy,da
1,19800000,19900000,19850000,0.0004018796571845584,0.005194317030465395,-2.3858251657914287,1.0847785253827026e-05,0.003459412992182399,6280.0,12632,0.0003094849559015418,0.005217476405760476,-2.4325225914760185,-0.00018356971359316407,-0.0582818815486007,6308.0,12632,0.14625261846341422,0.000416613057018007,6.093075047495752e-05
1,19900000,20000000,19950000,0.0006101266129221241,0.005843606659273921,-2.316297013426787,3.7200195313939585e-05,0.010547151566878507,7065.0,14126,0.0004259323321573058,0.005861803311291485,-2.398415304963724,-0.0004077289316213539,-0.11524265242079391,7087.0,14126,0.18210010626004297,0.0006333653745460552,0.00011533590200634038
1,20000000,20100000,20050000,0.0006322919410294051,0.005812176078516311,-2.304956479251776,5.232435946357697e-05,0.014915320454286238,7027.0,14053,0.000350562648272463,0.005813003199062564,-2.430343683080886,-0.0005357224719327625,-0.15268867475911468,7028.0,14053,0.2400529754077764,0.0006466599364800704,0.00015523264182913486
1,20100000,20200000,20150000,0.0008985961453534818,0.005950305209740546,-2.1958079835558157,0.0001263559823438318,0.035183509117982875,7194.0,14266,0.0006769503286372854,0.005875864360577784,-2.288383332203036,-0.00020022668399887066,-0.05645789742411352,7104.0,14266,0.1864053528519618,0.0009682625614081247,0.00018048932441273947
1,20200000,20300000,20250000,0.0007786731214452321,0.005765030207379895,-2.2369607588703233,0.00029275979702597643,0.08413407838165718,6970.0,14109,0.0005932707735457285,0.0059577492946568215,-2.3288487581141712,-6.384795680358543e-05,-0.017756123778122596,7203.0,14109,0.14145091624805298,0.0007989897846000974,0.00011301783710461877
1,20300000,20400000,20350000,0.0006815798109841114,0.005889098289317831,-2.2870267395860946,-1.635557318374424e-05,-0.004601431110389853,7120.0,14343,0.0005135227122511132,0.00596602050011935,-2.3637827584119053,-0.000303697882930864,-0.08434149405719593,7213.0,14343,0.22931405061537738,0.0007753498842100809,0.00017779862259246883
1,20400000,20500000,20450000,0.0007231239948739553,0.00585187786473645,-2.266741998677859,4.01985292532818e-05,0.011381166335708473,7075.0,14202,0.00043688246551263894,0.0058932338920490955,-2.394629311528435,-0.0006447210538345925,-0.18125691565599417,7125.0,14202,0.26173787120212444,0.0007856331884960823,0.00020562995830278227
1,20500000,20600000,20550000,0.000786717809586117,0.005853532105828956,-2.2387347305933507,0.00016294751429115522,0.046121325320089696,7077.0,14237,0.0005742350132201267,0.0059254915933529585,-2.335738525199858,-0.00020070726533268684,-0.056120124206414115,7164.0,14237,0.14719892140500965,0.0007979309929161002,0.0001174545815129801
1,20600000,20700000,20650000,0.0008356832661606854,0.005865938914022749,-2.217887055445965,0.0002161019796758144,0.06103720297128719,7092.0,14175,0.0006412453555695496,0.0058609761907452325,-2.3033745103921577,-0.00017827109647899802,-0.05039458177114983,7086.0,14175,0.14887655300739217,0.0008676347872621014,0.00012917047639698212
1,20700000,20800000,20750000,0.0006921103220072266,0.005916393267344176,-2.2838185337223713,0.0001605640074480688,0.044964533927306705,7153.0,14179,0.0005482897236552278,0.0058146574401550695,-2.3424414616478915,-0.00021956911417517723,-0.06256260517341207,7030.0,14179,0.15558609143208355,0.0007344739547020954,0.00011427393187086935
1,20800000,20900000,20850000,0.0007546759662536802,0.005930454316630475,-2.2572571071020193,0.00028620190100701876,0.07995856686126315,7170.0,14162,0.0004824422085360751,0.005827891368895116,-2.3722246153010156,-0.00023130134478547426,-0.06575607785522561,7046.0,14162,0.1488109118199992,0.0007266999729961023,0.00010814088560122769
1,20900000,21000000,20950000,0.0007908554078481036,0.005930454316630475,-2.2414785524303245,0.0003485990845788588,0.09739097858539468,7170.0,14136,0.0006503756897548958,0.005792325185406242,-2.2959069200222415,5.3265104647037515e-05,0.015235441443958707,7003.0,14136,0.10442771228345842,0.0008046425271141044,8.402697831260469e-05
1,21000000,21100000,21050000,0.0007194253009570197,0.005777437015573689,-2.264240098529354,0.00032341904759847234,0.09274572048819617,6985.0,14145,0.0006482001184391838,0.0058684202756615084,-2.3006723060692083,0.00019053297820577106,0.05379261228467956,7095.0,14145,0.04228547981332931,0.0007140047428380961,3.0192033139990997e-05
1,21100000,21200000,21150000,0.000684889888402889,0.005980081549405649,-2.290196495582989,0.00034254350444304306,0.09490615799958885,7230.0,14202,0.0006797538554125544,0.005756759001917367,-2.2808948729484038,0.00023369225267051675,0.06725543904901263,6960.0,14202,0.06208612243089869,0.0007274888326380738,4.5166960730351774e-05
1,21200000,21300000,21250000,0.0006390519456554556,0.005762548845741137,-2.299472268014755,0.00026325734284541886,0.07568811372154985,6967.0,14028,0.0005700500676066705,0.005769992930657413,-2.330775174278407,0.00013208425505453563,0.037926121132071194,6976.0,14028,0.059337502104588734,0.0006426864130160757,3.813540638501223e-05
1,21300000,21400000,21350000,0.0006448539680596782,0.0058221015250713454,-2.299861162917345,0.00011234216246161572,0.031969183811423094,7039.0,14165,0.000521965662918624,0.005827064248348863,-2.3546514029312595,-0.00023047721824821153,-0.06553107551476053,7045.0,14165,0.18080900708951278,0.0007121780153080915,0.00012876819981894044
1,21400000,21500000,21450000,0.0007172519906619204,0.005779918377212448,-2.265352173921019,0.00018437168000080655,0.052848941652079096,6988.0,14106,0.00047502894844947483,0.005884962686586566,-2.3775904335821982,-0.0002458368620486552,-0.06921158514817528,7115.0,14106,0.1544571674808368,0.0007050387592780907,0.00010889828972239244
1,21500000,21600000,21550000,0.0007324900371243796,0.005833681212718886,-2.2615830930404845,0.0002538003624516234,0.07208076420779189,7053.0,14079,0.0005541977950319415,0.0058105218374238056,-2.3396358656652807,-3.494404333245057e-05,-0.009963805984156979,7025.0,14079,0.15228410235974052,0.0007589145347740931,0.00011557061869593226
1,21600000,21700000,21650000,0.0006784324285282881,0.005902332218057877,-2.2890840013035723,0.00012919298033779952,0.03626541652359823,7136.0,14232,0.0005294501021230086,0.005866766034569002,-2.352941501438488,-7.937457850180338e-05,-0.02241589939802265,7093.0,14232,0.1470188793419234,0.0007080359115800824,0.00010409464625443214
1,21700000,21800000,21750000,0.0006893264738047401,0.005841125297635162,-2.281112852552163,0.0001385305463854573,0.039293407410568915,7062.0,14247,0.0005518430865468593,0.005906467820789142,-2.3447262821080033,-0.00010724713623937973,-0.030084009392285442,7141.0,14247,0.1365860059486317,0.0007187569166720783,9.817213649627852e-05
1,21800000,21900000,21850000,0.0006941447821818255,0.005719538577335986,-2.2723797326062254,0.00014775535902158325,0.04279954030978334,6915.0,14033,0.0005457945681916739,0.005902332218057877,-2.3472051782588106,-0.0001357589370973939,-0.03810852871235665,7136.0,14033,0.11730056619816387,0.0007023564890220767,8.23868138353243e-05
1,21900000,22000000,21950000,0.0006871302217302231,0.005938725522093005,-2.287136763399933,0.00011575425839858141,0.03229423988215783,7180.0,14193,0.0004902135921739135,0.005837816815450151,-2.3691511847266833,-0.0002610070299943348,-0.07407506477469751,7058.0,14193,0.12449137678458902,0.0006723770518560751,8.370514490400581e-05
1,22000000,22100000,22050000,0.0006302487620996176,0.005755931881371114,-2.3030943808527105,8.997141893817676e-05,0.02589703092269296,6959.0,13899,0.00040558907794076293,0.005726982662252262,-2.4031014276034095,-0.0003420167760678021,-0.09894167525419795,6924.0,13899,0.17806569145117268,0.0006301220360720576,0.00011220311605186687
1,22100000,22200000,22150000,0.0006710739532395366,0.005941206883731763,-2.2942528229354955,0.00020225250752507016,0.056402824051547416,7183.0,14186,0.0005566690114561066,0.005801423511415023,-2.3381422873553053,5.737166324861256e-05,0.016384345239509424,7014.0,14186,0.12577005002557076,0.000702185371670083,8.831388932226381e-05
1,22200000,22300000,22250000,0.0005358782406964008,0.005808867596331299,-2.347721216144627,6.20745845738287e-05,0.017704733871914617,7023.0,14091,0.00023465216759965832,0.005835335453811393,-2.4823270363009367,-0.0004118598764427919,-0.1169374662456853,7055.0,14091,0.24092728780471634,0.0005075471663760483,0.00012228196222801885
1,22300000,22400000,22350000,0.000683892347311478,0.00580059639086877,-2.281381457869636,6.573167409274e-05,0.01877449104524355,7013.0,14028,0.00047122553644735147,0.005780745497758701,-2.3754703669521757,-0.000214111692732952,-0.06136495446697982,6989.0,14028,0.1635992605664619,0.0006905289709220868,0.00011297002904266897
1,22400000,22500000,22450000,0.0007038255378393842,0.0059329356782692345,-2.2795636224400075,3.940099317792402e-05,0.011003180795075236,7173.0,14311,0.00050720442711626,0.005875864360577784,-2.363099645910863,-0.00035071999705601017,-0.09889248137618512,7104.0,14311,0.20072495535421345,0.0007575802429140974,0.00015206526043627406
1,22500000,22600000,22550000,0.000776406902271039,0.005823755766163852,-2.2415209425883273,-7.751189871499492e-05,-0.022051287462246622,7041.0,13986,0.0005038687811898021,0.00576337596628739,-2.36017663126189,-0.000602770742703468,-0.17327548212672314,6968.0,13986,0.1690292850131856,0.0007703494601980821,0.00013021161846766034
1,22600000,22700000,22650000,0.0006638630026860248,0.005843606659273921,-2.292513710916782,0.00015987752688725757,0.045329130505552206,7065.0,14147,0.0005160804370863647,0.005836162574357645,-2.3576256647894596,-0.0001516963643996641,-0.04306435086523823,7056.0,14147,0.15853075938379466,0.0007011209577360793,0.00011114923784988363
1,22700000,22800000,22750000,0.0007886095180272002,0.005766684448472402,-2.232605502195988,0.00010903835424754603,0.031326752850678326,6972.0,14011,0.0006535205266932652,0.005822928645617599,-2.296052947310448,-0.00026585067553079584,-0.07564233667300131,7040.0,14011,0.1493076665143631,0.0008476213949241172,0.00012655637256388374
1,22800000,22900000,22850000,0.0008210940536165592,0.005931281437176729,-2.228341247970376,-1.0842823076224165e-05,-0.0030288263934995967,7171.0,14263,0.0007986262080901068,0.0059329356782692345,-2.238236483886236,-4.665762292023388e-05,-0.013029678164240348,7173.0,14263,0.17361582420694197,0.0009800044030081213,0.00017014427215478932
1,22900000,23000000,22950000,0.0006844546183101832,0.0057823997388512065,-2.2801605361818376,0.00015317907931878622,0.04388897238018903,6991.0,14066,0.0005485222130381248,0.005767511569018655,-2.3403174550578205,-0.00011227246709268712,-0.0322512956473311,6973.0,14066,0.15222968355198824,0.0007271880174540973,0.0001106996017799446
1,23000000,23100000,23050000,0.0008469881527435531,0.005949478089194292,-2.218188645989759,0.00012259159163992308,0.0341400625471581,7193.0,14287,0.00038091828528883894,0.005923837352260452,-2.4200708685603076,-0.0007183816316043861,-0.20092400708361857,7162.0,14287,0.18267455506914676,0.0007511735047820963,0.00013722028576590035
1,23100000,23200000,23150000,0.0006765678350163522,0.005866766034569002,-2.288085041055853,8.420878076380141e-05,0.02378110969104083,7093.0,14215,0.00042884610739906336,0.005852704985282703,-2.396830477740649,-0.0003656206183302203,-0.10350134587996779,7076.0,14215,0.14931651731182605,0.0006497210566040815,9.701408539637185e-05
1,23200000,23300000,23250000,0.000561653518517178,0.005798942149776265,-2.3358116508681466,0.00019465795054349235,0.05561466314838137,7011.0,14063,0.00042765796088759786,0.00580059639086877,-2.3956285147796605,-9.370076839170344e-05,-0.026763113238534975,7013.0,14063,0.16408015492387162,0.0005917502050180646,9.709446531567743e-05
1,23300000,23400000,23350000,0.0006871950653446605,0.0058609761907452325,-2.2830977195770723,5.297191650716726e-05,0.01497437122853762,7086.0,14197,0.00041995044552044165,0.005902332218057877,-2.4023493769362396,-0.00046760778404588197,-0.13126093239555894,7136.0,14197,0.19588849796588764,0.0006884278536400866,0.00013485509820753195
1,23400000,23500000,23450000,0.0007744087564115811,0.005901505097511624,-2.2469797197421513,0.0002180882055300652,0.06122752519674514,7135.0,14136,0.0005121980063580524,0.005851050744190197,-2.3599319534997414,-0.000213820169445723,-0.060546155676292214,7074.0,14136,0.15890282709954828,0.0007648383588860892,0.00012153497750127599
1,23500000,23600000,23550000,0.0008795852268122928,0.005789843823767482,-2.1933940715216775,0.00020575691948921047,0.0588779272389649,7000.0,14093,0.0006164289391613819,0.005899023735872866,-2.3161003383045697,-0.00033710862134225686,-0.09468185512760101,7132.0,14093,0.12848622924802905,0.0008582848694881059,0.00011027778650126422
1,23600000,23700000,23650000,0.0008269834608866347,0.005969328982304362,-2.2280906959322255,7.983598046380805e-05,0.02215938832423066,7217.0,14362,0.000697545763213642,0.005918047508436683,-2.2815285025119474,-0.0001392750172381932,-0.0389918538758841,7155.0,14362,0.23190516121413282,0.0009924094962741254,0.00023014488422399169
1,23700000,23800000,23750000,0.0006067587022670182,0.005808867596331299,-2.31616272963609,0.0001857823271832555,0.0529882992124168,7023.0,14072,0.0004776313756017474,0.005823755766163852,-2.3742067580969373,-9.762617768579758e-05,-0.027773579846179498,7041.0,14072,0.1622891702438911,0.0006472341286220797,0.00010503908968769707
1,23800000,23900000,23850000,0.000670434531077314,0.005806386234692541,-2.2876830943233393,0.00012171847064869645,0.034731004586627395,7020.0,14098,0.0005286366057140475,0.005827891368895116,-2.351724282627902,-0.00011126167392076234,-0.03163030158524105,7046.0,14098,0.10911580311415446,0.000672966891198069,7.343132280238997e-05
1,23900000,24000000,23950000,0.0010521089162992077,0.005841125297635162,-2.120480087074899,0.00019037849420496243,0.05399978510293038,7062.0,13977,0.000791518675746783,0.00584608802091268,-2.236164303494944,-0.0003026019048990557,-0.08575856898749863,7068.0,13977,0.11565444803976775,0.0010423683298681305,0.00012055453384513526
1,24000000,24100000,24050000,0.0007428009343293565,0.005822928645617599,-2.2563980122823,0.00027673097994980337,0.07873810330336287,7040.0,14005,0.00046334972239321155,0.005817138801793829,-2.380311450296548,-0.00022863650857311775,-0.0651184629053004,7033.0,14005,0.17894133808412374,0.0007345094282960983,0.0001314340999348174
1,24100000,24200000,24150000,0.00054974867941479,0.005899850856419119,-2.3453698600962833,0.0003222683865398594,0.09050108888237586,7133.0,14129,0.00040866729496293785,0.005746006434816079,-2.402333404296445,-2.3578019200212736e-05,-0.00679831245987834,6947.0,14129,0.16723753563683844,0.000575443788230057,9.623580104119455e-05
1,24200000,24300000,24250000,0.0006747685709297105,0.005831199851080128,-2.2870449359973932,0.0003064683111711082,0.08707574715770812,7050.0,13944,0.0005349823094450874,0.005696379202040905,-2.3433529461389107,8.398535909757499e-05,0.024426365466884172,6887.0,13944,0.1077276183795596,0.0006779044747400755,7.302903455267682e-05
1,24300000,24400000,24350000,0.0006636981348413475,0.005919701749529188,-2.2964029332841127,0.00031625135823357,0.08851397873512218,7157.0,14202,0.0006358637218792125,0.005858494829106473,-2.3056291558168653,0.00031371926367661983,0.08872126565418954,7083.0,14202,0.08181238529385576,0.0007076777316020858,5.789680324180722e-05
1,24400000,24500000,24450000,0.00064999123413834,0.0058543592263752085,-2.2991873828894316,0.0002906113745657353,0.0822442181134823,7078.0,14208,0.0006832619313633245,0.005908122061881647,-2.2872641743348883,0.00033987079619596114,0.09531086763992137,7143.0,14208,0.0686960018581233,0.0007157991204600891,4.917253770925683e-05
1,24500000,24600000,24550000,0.0008553920696467222,0.005786535341582471,-2.203980861424889,0.00030832471469916705,0.08827836197214024,6996.0,14106,0.0008522800796688204,0.005880827083855302,-2.211528308782108,0.0003329772435084492,0.09381044501653381,7110.0,14106,0.04877764094412688,0.0008976198535801229,4.378377892235207e-05
1,24600000,24700000,24650000,0.000585837558043577,0.0057501420375473435,-2.322781130612971,0.00023893618869787596,0.06884362761420373,6952.0,14086,0.0004172233097930861,0.005836162574357645,-2.401434781724172,-0.00011277805266054735,-0.032016018636257304,7056.0,14086,0.10584035816800876,0.000560895851764052,5.9365417845720215e-05
1,24700000,24800000,24750000,0.0009748967085811251,0.005875037240031532,-2.157176747321569,0.0003497360165881963,0.09862889143105256,7103.0,14057,0.00048631225562054657,0.005784881100489966,-2.36887847301498,-0.0005062972779768247,-0.14500250520768504,6994.0,14057,0.18299239868720862,0.0008942444120801048,0.00016363992997926887
1,24800000,24900000,24850000,0.0007060753069570712,0.005985044272683167,-2.2812894369621652,0.00018097070211501836,0.05009878491536796,7236.0,14142,0.0005747491436434304,0.005728636903344768,-2.326785895937633,-0.00013441095180553284,-0.03887239242169525,6926.0,14142,0.14373595730357883,0.000747914420514075,0.00010750219521382377
1,24900000,25000000,24950000,0.0005936633976339694,0.005819620163432587,-2.322487477805293,-0.0001310863888639171,-0.03731910550482318,7036.0,14065,0.0003514719998839832,0.00576337596628739,-2.428563898216607,-0.0006754981846539081,-0.19418207508988766,6968.0,14065,0.22901702964582707,0.0006129418118560547,0.0001403741130970797
1,25000000,25100000,25050000,0.0006811299105871103,0.005808867596331299,-2.2830500393066844,-0.00031630136443766956,-0.09021456235493601,7023.0,14058,0.0003496248711566954,0.005809694716877552,-2.430670435436854,-0.0010276883270673536,-0.293072631218144,7024.0,14058,0.1271916521655691,0.000590481738804064,7.510434793216448e-05
1,25100000,25200000,25150000,0.0007867617846638659,0.005884962686586566,-2.240588199341894,0.0001728001620936287,0.048649226290541546,7115.0,14345,0.0003599229197031773,0.005941206883731763,-2.429706548005655,-0.0005999719587716421,-0.167316159589589,7183.0,14345,0.21284052937333023,0.0007283687404880808,0.0001550263883045625
1,25200000,25300000,25250000,0.000742242897726988,0.005794806547045,-2.2550309808271334,4.4872799323988204e-05,0.012829498929185352,7006.0,14185,0.0005755339260952553,0.00596023065629558,-2.336654069086639,-0.0002528805872939175,-0.0702968837881852,7206.0,14185,0.10032652231047956,0.0007323639389740981,7.347552706297279e-05
1,25300000,25400000,25350000,0.0016352058610887314,0.0058543592263752085,-1.8639389448271446,0.0001817982360424142,0.051449650930082906,7078.0,14192,0.0015513021955600823,0.005998278201423213,-1.9175120671385555,1.378130288907812e-05,0.0038067237438437432,7252.0,14192,0.023059574214535698,0.0016308609883182192,3.760695999381028e-05
1,25400000,25500000,25450000,0.0007101227700477084,0.005793979426498747,-2.2693209603375295,0.0001698234358743565,0.04856082482651619,7005.0,14038,0.0005599413464534579,0.00576916581011116,-2.335269769988873,-0.0001139024449444711,-0.03271015399819666,6975.0,14038,0.06610940733365303,0.0006799854964140843,4.495343816350129e-05
1,25500000,25600000,25550000,0.000641396880556801,0.005869247396207761,-2.3037109282980097,-2.870775390155515e-05,-0.008103834774351708,7096.0,14191,0.0004277556727827152,0.0058932338920490955,-2.3986347876575986,-0.0004344257538055854,-0.12213448242149795,7125.0,14191,0.2131512915874536,0.0006793888977060727,0.0001448126210363143
1,25600000,25700000,25650000,0.0006197207155071515,0.005709613130780952,-2.305540044624948,0.0001515705523055094,0.043980873834966294,6903.0,13887,0.0004338613834058207,0.005683972393847112,-2.3888261331609284,-0.00013749008531687814,-0.04007487043421963,6872.0,13887,0.13014565384977383,0.0006056083432680661,7.881729381158096e-05
1,25700000,25800000,25750000,0.0007276689284312893,0.005891579650956589,-2.266921308614031,-4.386253514136001e-05,-0.012334973069302185,7123.0,14089,0.00047044419436593495,0.005827064248348863,-2.377519045493425,-0.0005140341604936543,-0.14615419104980276,7045.0,14089,0.18264790200041678,0.000732923501224078,0.00013386693982546505
1,25800000,25900000,25850000,0.0006468023198171924,0.005745179314269826,-2.2951065899439542,7.184782206620973e-05,0.020719049936070617,6946.0,13975,0.0004350721980719708,0.005799769270322518,-2.3922946002096435,-0.00031852489054894116,-0.0909910533562348,7012.0,13975,0.08367044402014917,0.000590330471624053,4.9393212679471575e-05
1,25900000,26000000,25950000,0.0006245917465654594,0.005768338689564907,-2.3062467066450774,4.774147871077574e-05,0.013712214028334453,6974.0,14122,0.0005325621294152833,0.005875864360577784,-2.351938056600568,-0.00019644535686559053,-0.05539167700256895,7104.0,14122,0.1606953771299201,0.0006893527358540746,0.00011077579786370236
1,26000000,26100000,26050000,0.0007893221137711643,0.00590315933860413,-2.2405416407938987,0.00016301187121872977,0.045752225100450496,7137.0,14257,0.0006209212139581357,0.005832854092172633,-2.3110069906370407,-0.00019158090631708852,-0.05441778442846981,7052.0,14257,0.11110348079220486,0.0007932550624600988,8.81333985954511e-05
1,26100000,26200000,26150000,0.0005614771139471312,0.005748487796454838,-2.333664274179219,-2.4932450972524977e-05,-0.007185740965205191,6950.0,13939,0.0004413243768677557,0.005755104760824861,-2.387953738349831,-0.00022412271397916848,-0.06451988665370709,6958.0,13939,0.21928708750152698,0.0006422344723400839,0.0001408337269326387
1,26200000,26300000,26250000,0.0006670602239162387,0.0059726374644893734,-2.2975445119289897,9.684347506274327e-05,0.026865144595401114,7221.0,14457,0.0003299850879748591,0.00598587139322942,-2.4438357681312617,-0.0005882219059711171,-0.1628171650469862,7237.0,14457,0.19045500650980204,0.0006158059897280615,0.00011728333378251066
1,26300000,26400000,26350000,0.000854300075870788,0.005878345722216543,-2.2104800634319814,0.00013853785111852645,0.03904703864483505,7107.0,14269,0.0005848509739157351,0.0059296271960842225,-2.3312850570389307,-0.0003827093762818048,-0.10693554220431761,7169.0,14269,0.20464881191646536,0.0009047267869521001,0.0001851512620588393
1,26400000,26500000,26450000,0.0007701150574225838,0.005963539138480592,-2.252403927348611,0.00033673247986880047,0.09355455493434636,7210.0,14239,0.0005962098256682506,0.005819620163432587,-2.3213558099619123,-7.610123387235582e-05,-0.021665330783335192,7036.0,14239,0.12331792239291198,0.0007792590484001047,9.609660685468782e-05
1,26500000,26600000,26550000,0.0011115411803518506,0.005923010231714199,-2.10100847598511,-2.4852518645180482e-05,-0.00695196494199474,7161.0,14340,0.0005576869236292255,0.006013993491802019,-2.3465901423402027,-0.0010615731222113108,-0.292466616805706,7271.0,14340,0.15086658222782467,0.0009829009605821309,0.00014828690859158939
1,26600000,26700000,26650000,0.0007616370531765503,0.005841952418181416,-2.249143364638886,3.825505616256493e-05,0.010849296718015376,7063.0,14070,0.000573578517573169,0.0057426979526310675,-2.327956358378707,-0.000264373880162833,-0.07627146754527098,6943.0,14070,0.11291860244089848,0.0007525890940920857,8.498130871722765e-05
1,26700000,26800000,26750000,0.0006691508769887726,0.005876691481124037,-2.291858275304918,-5.9852627566283874e-05,-0.016874267431225186,7105.0,14192,0.0004129777568175519,0.005818793042886334,-2.4027601197228905,-0.0005851581975020357,-0.1666128739331232,7035.0,14192,0.09760074760980969,0.0005995841812480716,5.851986434490648e-05
1,26800000,26900000,26850000,0.0010456215571936175,0.005961057776841833,-2.1327259578716085,0.0001735209371653849,0.048229447929153894,7207.0,14075,0.0006730783288192962,0.005791498064859989,-2.285726704640895,-0.00045347853871343107,-0.12972716359383898,7002.0,14075,0.15631385263701364,0.0010185659035561424,0.0001592159605496876
1,26900000,27000000,26950000,0.000753643314093159,0.005894888133141601,-2.2557061295161422,0.000156170717027181,0.04389354200435867,7127.0,14324,0.0005672754815048087,0.005896542374234107,-2.3375451824985287,-0.0003110652931529777,-0.08740391901834224,7129.0,14324,0.14840452007267627,0.0007755553116080994,0.00011509591380911644
1,27000000,27100000,27050000,0.0006441794706307023,0.005752623399186102,-2.296666677427765,0.0003067971256432469,0.08835802808758648,6955.0,13979,0.0005231354115901096,0.005768338689564907,-2.351735596553168,4.037396421162477e-05,0.011596130940895165,6974.0,13979,0.09838031377602602,0.0006473432756940814,6.368583458367666e-05
1,27100000,27200000,27150000,0.0007293177072190927,0.005875037240031532,-2.265287383734648,0.00032647069279094146,0.09206784828401635,7103.0,13989,0.0006055094748667459,0.005611185785776856,-2.307109624544348,0.00011132635280751558,0.0328690671888103,6784.0,13989,0.08993069744683853,0.0007333656779440878,6.59520869011736e-05
1,27200000,27300000,27250000,0.0008939002696627318,0.005824582886710105,-2.1893990924698534,7.96370576905882e-05,0.022652659525213656,7042.0,14309,0.0005177633321513134,0.006052868157475905,-2.3652103166655047,-0.000655933250296556,-0.1795526528043782,7318.0,14309,0.22245965737334983,0.0009077751496761277,0.00020194334876910886
1,27300000,27400000,27350000,0.0007498206097421077,0.0058146574401550695,-2.252802012071762,5.324275549954706e-05,0.015170646851565493,7030.0,14239,0.00047587017591575146,0.005953613691925557,-2.379669458394151,-0.0003736067016390534,-0.10397213157720815,7198.0,14239,0.1892347531119142,0.0007558851285021016,0.00014303973567317228
1,27400000,27500000,27450000,0.0006626564399343986,0.0059089491824279,-2.2963255896989976,7.098973663735826e-05,0.019905057354571765,7144.0,14234,0.0004034668758667453,0.005832026971626381,-2.4074019053602185,-0.0005038671562756191,-0.14314170293686326,7051.0,14234,0.14424887828453528,0.0006229166919840676,8.985503408349572e-05
1,27500000,27600000,27550000,0.0006701582675886792,0.0057857082210362185,-2.2867280781996184,0.0002745024770367653,0.0786057261117812,6995.0,14107,0.0003575922702486816,0.0058502236236439445,-2.428249479028746,-0.0002916649279973107,-0.08260064126343498,7073.0,14107,0.2607159087192496,0.0006950985081100852,0.00018122323919140328
1,27600000,27700000,27650000,0.0006353099786957816,0.0058791728427627955,-2.306871111699318,1.1642567617665023e-05,0.0032810089219307103,7108.0,14215,0.0003354597244892234,0.0058824813249478075,-2.438865578663029,-0.0006270443306593647,-0.17660903690682503,7112.0,14215,0.23454569514481377,0.0006341134258620629,0.0001487285742695606
1,27700000,27800000,27750000,0.0009371586466784978,0.005804731993600035,-2.168757601940309,0.00029839633414736595,0.08516828534223225,7018.0,14140,0.0004562950698706827,0.005875037240031532,-2.3854794641454666,-0.0005879960661207245,-0.16582049722260214,7103.0,14140,0.2755409125279803,0.0009617200892681285,0.0002649932309935376
1,27800000,27900000,27850000,0.0005325242329143191,0.0058576677085602205,-2.351216677773453,-1.0681953379756948e-06,-0.00030213319808223703,7082.0,14143,0.00017131135681356207,0.005832026971626381,-2.5103558432460837,-0.0006166560791608254,-0.1751834788159238,7051.0,14143,0.49334937873115164,0.0006945965919920829,0.0003426787971281418
1,27900000,28000000,27950000,0.0010639754329903755,0.005889098289317831,-2.119087054634882,-0.00029970021053010894,-0.08431681708925162,7120.0,14199,0.0004947124756427454,0.00588330844549406,-2.3688777628842494,-0.0012942732856969488,-0.36448502834072644,7113.0,14199,0.1584296382928703,0.0009260591743461153,0.00014671522002955754
1,28000000,28100000,28050000,0.0009044781738777785,0.0058791728427627955,-2.188459103271621,0.00013618482004022097,0.03837844230387266,7108.0,14136,0.0006114877147311442,0.005852704985282703,-2.316120234201296,-0.0004105971062631014,-0.11623346983749286,7076.0,14136,0.17965211711313392,0.0009239774492221378,0.00016599450491767783
1,28100000,28200000,28150000,0.00042977967565074486,0.005799769270322518,-2.394654709762759,-0.0004822082663746989,-0.13774948017061195,7012.0,14130,0.000461499575127738,0.005851050744190197,-2.382342170399882,-0.00045546903442639073,-0.12897239365022103,7074.0,14130,0.5955664237801165,0.0011018858264801345,0.0006562462010908916
1,28200000,28300000,28250000,0.00040287909830896885,0.005795633667591253,-2.4065200026229014,-0.0006485713466775186,-0.185405408367526,7007.0,14035,0.0004342148610405988,0.005772474292296172,-2.3917457971930656,-0.00044618422405829207,-0.128060485393307,6979.0,14035,0.6531215576999363,0.001206609949294137,0.0007880629696193516
1,28300000,28400000,28350000,0.000803756446060484,0.005770820051203666,-2.226072826501664,0.00012195323652437409,0.035012131459059334,6977.0,14024,0.0005655607978559699,0.005786535341582471,-2.3335213231074174,-0.00032202493575340246,-0.09220095726101994,6996.0,14024,0.28306778575569547,0.0009549837604661215,0.00027032513850789414
1,28400000,28500000,28450000,0.0007323938954529646,0.005865111793476496,-2.2633823380478804,0.00013597590278703088,0.038411297694742955,7091.0,14136,0.0004534895777897676,0.005872555878392772,-2.3866287966047954,-0.0003221633358453948,-0.0908914640840157,7100.0,14136,0.1302909163406957,0.0006817702008200827,8.882846419871725e-05
1,28500000,28600000,28550000,0.0007029299210792169,0.005905640700242889,-2.2785236194532996,0.00010494083296832826,0.02944118252256045,7140.0,14298,0.0004137342126161119,0.005915566146797923,-2.4054861465778976,-0.0004727539769918261,-0.13240906466945296,7152.0,14298,0.1898772280943969,0.0006891943865920848,0.00013086231974441772
1,28600000,28700000,28650000,0.0007573221806378148,0.005793979426498747,-2.248252189322558,8.439885882058647e-05,0.024133760912578756,7005.0,14072,0.0004923161809237973,0.005851050744190197,-2.36872031261737,-0.0004590694751707953,-0.1299919085368619,7074.0,14072,0.19951079123123935,0.0007805466631360872,0.0001557274823552774
1,28700000,28800000,28750000,0.0006829614053820557,0.005798115029230012,-2.2816648759297498,0.00011598711140711103,0.03314276618664857,7010.0,14121,0.0005419433026270174,0.005852704985282703,-2.346852259174771,-0.000207691710529136,-0.058794199479371846,7076.0,14121,0.169568929694794,0.0007375113671740838,0.00012505901316954676
1,28800000,28900000,28850000,0.000684172206368065,0.005658331656913272,-2.2735083783330317,0.00015489927828477625,0.045353486137702306,6841.0,14009,0.0004700444547825377,0.005841125297635162,-2.378206518091149,-0.00013179080923211096,-0.037381719016085065,7062.0,14009,0.1621953030741166,0.0006888339641600694,0.00011172563358476695
1,28900000,29000000,28950000,0.000710645209814106,0.005856840588013968,-2.2725259710220675,-1.446613793739246e-05,-0.004092244822713523,7081.0,14085,0.0002889992398703813,0.005711267371873457,-2.455384007224759,-0.0008385406856509193,-0.2432470281253931,6905.0,14085,0.2837647601593521,0.0006978464574760811,0.00019802423263384165
1,29000000,29100000,29050000,0.0006759519841118433,0.0058684202756615084,-2.288441414100695,6.3649128331185525e-06,0.0017969870175857938,7095.0,14134,0.0005673580299422901,0.005760894604648631,-2.33157510856846,-0.00027084859576199385,-0.07789297251570336,6965.0,14134,0.20259520779956453,0.0007795977815880976,0.00015794277456103117
1,29100000,29200000,29150000,0.0006730040197882027,0.00578901670322123,-2.2856297181805774,-1.7390794411960542e-05,-0.0049771351890717346,6999.0,14100,0.00044703066045259377,0.00584608802091268,-2.3885673570843498,-0.0002556031757397919,-0.07243894445217382,7068.0,14100,0.13277779460782926,0.0006457599178600759,8.574257773967844e-05
1,29200000,29300000,29250000,0.0006413029788017833,0.005815484560701322,-2.301110871244919,6.0914540689394766e-05,0.017354130898221312,7031.0,14120,0.000371544966793651,0.0058791728427627955,-2.422906161052637,-0.0003781800791128304,-0.10657547840074384,7108.0,14120,0.1433039921043762,0.0005911361417940578,8.471216899634029e-05
1,29300000,29400000,29350000,0.0007746336970229874,0.005827064248348863,-2.242505486809425,0.00013745747594677,0.039082978807195246,7045.0,14136,0.000446511655498543,0.005887444048225325,-2.3902074572702663,-0.0005409832290683419,-0.15224140613225645,7118.0,14136,0.19015090377200447,0.000753933886084089,0.00014336120982332644
1,29400000,29500000,29450000,0.0008191810574466029,0.005795633667591253,-2.22074500045566,-4.639033263132461e-05,-0.01326148404470401,7007.0,14019,0.0005692553173511667,0.005804731993600035,-2.3326777086116177,-0.00046959124631651563,-0.13403073926755382,7018.0,14019,0.16676320787619356,0.0008331583458161082,0.00013894015841722478
1,29500000,29600000,29550000,0.000595194193277923,0.00580059639086877,-2.3209292453196864,-1.1328430612322222e-05,-0.0032356625937691947,7013.0,14235,0.0004636968987049747,0.005913084785159165,-2.383555262905501,-0.0003292063685917124,-0.0922428461107329,7149.0,14235,0.08668420302575403,0.0005796960347620535,5.025048877060335e-05
1,29600000,29700000,29650000,0.0007766890714187298,0.005924664472806706,-2.2473227932587942,2.439885304452872e-05,0.006823158780135216,7163.0,14272,0.0006087229019770146,0.0059436882453705224,-2.32150810565328,-0.0004126800973050271,-0.11503748519928007,7186.0,14272,0.3408741894170948,0.001050946534904138,0.00035824054820626257
1,29700000,29800000,29750000,0.0008556197733497595,0.005831199851080128,-2.206831547281051,0.00036279646226863876,0.10308006363691265,7050.0,14335,0.00029879397453172826,0.005984217152136914,-2.45727645378924,-0.0006765763925799802,-0.1873249807249327,7235.0,14335,0.2742697276579932,0.0007953462821360935,0.0002181394081953495
1,29800000,29900000,29850000,0.0006437622910329052,0.005762548845741137,-2.2973582219287634,0.0003297440042600291,0.09480343994844286,6967.0,14006,0.000432795977273759,0.005802250631961276,-2.3933935848703394,-0.00012820658343786257,-0.036608350110238205,7015.0,14006,0.18798138571727946,0.0006628901415380727,0.00012461100738474202
1,29900000,30000000,29950000,0.000799392799710017,0.005779918377212448,-2.2285972613636615,-3.1878203142055385e-06,-0.0009137679375814332,6988.0,13934,0.0007743550503145247,0.0057716471717499185,-2.2392997315760206,-3.8811774589749606e-05,-0.011141061520352382,6978.0,13934,0.07617459909723023,0.0008517561048260998,6.488217981382817e-05
1,30000000,30100000,30050000,0.0007728339997600218,0.0059296271960842225,-2.2492906009735756,7.255606840068594e-05,0.02027340586745323,7169.0,14219,0.0006474110712467125,0.005830372730533875,-2.299137694880968,-0.00014133301905821767,-0.040162134365113726,7049.0,14219,0.08840214890808216,0.0007789866273301061,6.8864091826743e-05
1,30100000,30200000,30150000,0.0007784219209452234,0.0057501420375473435,-2.236161271932205,0.0003645185186371862,0.10502710908840537,6952.0,14059,0.0004930459071990624,0.005848569382551439,-2.368303917770751,-0.00010333507987081958,-0.029273161341981595,7071.0,14059,0.13043797371820748,0.0007310966841440781,9.536277007193092e-05
1,30200000,30300000,30250000,0.000640357616266157,0.005821274404525093,-2.301817687556626,-8.097827178359296e-07,-0.0002304723782800546,7038.0,14119,0.0004769545066350586,0.005886616927679072,-2.376803987591603,-0.00036394316525169724,-0.10243384617071984,7117.0,14119,0.10664999834602563,0.0006253495946900563,6.669353323944989e-05
1,30300000,30400000,30350000,0.0006188448109461003,0.005766684448472402,-2.3087428895201394,2.2326068256662664e-05,0.006414286305312486,6972.0,14027,0.0004470184542045295,0.005829545609987622,-2.388002329983056,-0.00024146684662849886,-0.06862655244689886,7048.0,14027,0.07903576193739653,0.0005786670215300518,4.5735388954737174e-05
1,30400000,30500000,30450000,0.0008248447550955691,0.0058824813249478075,-2.223697080714491,6.435165681257245e-05,0.01812484951594421,7112.0,14200,0.0005487362934389263,0.005918874628982935,-2.34659701910223,-0.0004360975488235389,-0.1220741488420174,7156.0,14200,0.10693842459001406,0.0007690293068000936,8.22387825328444e-05
1,30500000,30600000,30550000,0.0006895367012230174,0.005841952418181416,-2.28106343584184,-0.0003136515248032748,-0.0889529071448246,7063.0,14219,0.0006686121597035988,0.005923837352260452,-2.294462041131622,-0.000299902651862554,-0.08387970946953689,7162.0,14219,0.09220835718071399,0.0007480509826621016,6.897655219879496e-05
1,30600000,30700000,30650000,0.0005984222044480403,0.005827891368895116,-2.3207545530235185,-0.00039543411388917653,-0.11241697018071892,7046.0,14196,0.0006699669271072685,0.005913911905705418,-2.293374434723869,-0.000215600301127037,-0.0604022580503302,7150.0,14196,0.0737625777232467,0.0006846997870360767,5.05052212584183e-05
1,30700000,30800000,30750000,0.0005563818514765096,0.006009857889070754,-2.346984614152359,-0.0014139385640697373,-0.3898120353368401,7266.0,14541,0.0007960697233312494,0.006052041036929652,-2.246240083134637,-0.0008589460641927011,-0.23515668966036457,7317.0,14541,0.07311863730642763,0.0007295710266940869,5.3345239290204207e-05
1,30800000,30900000,30850000,0.0003680558952609371,0.0058394710565426566,-2.42331789680194,-0.0002250388209842326,-0.06384904649675885,7060.0,14201,0.00039011537987978454,0.005841125297635162,-2.4135975040919786,-0.00011598960244404523,-0.03289979591607416,7062.0,14201,0.0971428307241657,0.0004198733204660093,4.0787682895649054e-05
1,30900000,31000000,30950000,0.00046005986907268103,0.005863457552383991,-2.383415733782697,-0.0001858703217552361,-0.05252056700270958,7089.0,14083,0.00037147842221220363,0.005767511569018655,-2.4197080507685995,-0.0004094322794668418,-0.11761317653904031,6973.0,14083,0.10692141181542936,0.0004655459789800263,4.977683333758527e-05
1,31000000,31100000,31050000,0.0009057872070040975,0.005802250631961276,-2.182561340678046,0.00018689136717768562,0.05336531415750409,7015.0,14092,0.0008268152548605732,0.0058684202756615084,-2.221952465634715,-4.9490121485217884e-05,-0.013972399644647866,7095.0,14092,0.11623529197357471,0.0009802396758601221,0.00011393844492778612
1,31100000,31200000,31150000,0.000711291980945821,0.005879999963309049,-2.2734896898759818,0.0001785421214732142,0.05030814789581409,7109.0,14240,0.0005925500868848629,0.005848569382551439,-2.3243014706394853,-0.00013415021873421388,-0.038002593136599455,7071.0,14240,0.08957135750845198,0.0007160594509980867,6.413841708274703e-05
1,31200000,31300000,31250000,0.0005180729693456868,0.005875037240031532,-2.3582831322463074,0.00012360081324012191,0.03485660787462982,7103.0,14148,0.00047614390084299715,0.005776609895027436,-2.3731150466077877,4.063948520283276e-05,0.011655705590029148,6984.0,14148,0.09509894674153019,0.0005493511509400496,5.224271584570779e-05
1,31300000,31400000,31350000,0.0009422256515725518,0.005956922174110569,-2.177301877986814,-5.7058911957124964e-05,-0.015870289720316504,7202.0,14222,0.0007725946075001032,0.00590315933860413,-2.2478705159025854,-0.00037851782207023364,-0.10623786151532616,7137.0,14222,0.16807173031161268,0.0010306298761281437,0.00017321974659181678
1,31400000,31500000,31450000,0.0006525978652406522,0.00576337596628739,-2.293435224469936,5.436982222221268e-05,0.015629420095017367,6968.0,14093,0.0003902860298682846,0.005919701749529188,-2.415859540600928,-0.0005728110740947965,-0.1603211683101234,7157.0,14093,0.219447008180642,0.0006680416999480782,0.00014659975239360946
1,31500000,31600000,31550000,0.0007796171167631844,0.005892406771502842,-2.2441648785468864,-0.00013362349505096317,-0.037572182865040035,7124.0,14170,0.000346313468740667,0.005875037240031532,-2.4338963924086734,-0.0009134641234293079,-0.25760559274040606,7103.0,14170,0.1578842888644538,0.0006685129909200779,0.00010554769816815096
1,31600000,31700000,31650000,0.000542588156093556,0.005886616927679072,-2.3479670089390536,0.0003347832082560728,0.09422661263971273,7117.0,14042,0.0003016849188131683,0.0057319453855297796,-2.450144674036613,-0.00018123280840011573,-0.05238332591669909,6930.0,14042,0.20165740453904546,0.0005287661460800565,0.00010662960862669409
1,31700000,31800000,31750000,0.0011192175818738655,0.005964366259026845,-2.1010647978368415,-0.00029543157491975305,-0.0820685377346382,7211.0,14228,0.0002464285238912228,0.005884962686586566,-2.478057132224184,-0.0020532310130982486,-0.578055593077812,7115.0,14228,0.21596634952461607,0.0008709103907321042,0.00018808733784956105
1,31800000,31900000,31850000,0.0007901506560045807,0.005946996727555534,-2.2427528462323054,-6.732856428964893e-05,-0.018757885746816343,7190.0,14114,0.00025579465367052114,0.005797287908683759,-2.472190067448542,-0.001129563504187117,-0.3228133873096206,7009.0,14114,0.3949967137234136,0.0008644129159301147,0.00034144026109256416
1,31900000,32000000,31950000,0.0009427772460644922,0.0059114305440666585,-2.173889917730994,0.00028225525913661345,0.07910935513363483,7147.0,14031,0.000626986165433646,0.0057393894704460555,-2.3037391607149087,-0.000272386932725364,-0.07862845167081972,6939.0,14031,0.287884771458995,0.0011021835712701302,0.0003173018655210616
1,32000000,32100000,32050000,0.0007189748726447361,0.005803904873053782,-2.2659237485601156,0.00015630772886928546,0.04461970221005045,7017.0,14213,0.000363754528933269,0.00592880007553797,-2.4277003376836155,-0.0005354447716717715,-0.14963326421650713,7168.0,14213,0.23370776867292925,0.0007064729076680885,0.0001651082068790835
1,32100000,32200000,32150000,0.0005649615818638103,0.005915566146797923,-2.339367198187509,0.00011001256462163127,0.030812349535643997,7152.0,14248,0.0004163391867758556,0.005813003199062564,-2.4010784501945484,-0.00010055295876160947,-0.028659051693364516,7028.0,14248,0.08856183243838991,0.0005383254748180516,4.7675090498219744e-05
1,32200000,32300000,32250000,0.0006836500690346972,0.005978427308313144,-2.290650063060327,-7.663970132903443e-05,-0.02123989852177331,7228.0,14318,0.0005486253116051059,0.005869247396207761,-2.3445917600259927,-0.00036149316422769194,-0.10204493479373558,7096.0,14318,0.09591697257099999,0.0006815056489580702,6.536795863817084e-05
1,32300000,32400000,32350000,0.0007889768320143365,0.00582623712780261,-2.236089183125364,0.00015020438653587178,0.04271333341842755,7044.0,14201,0.0005895944875748693,0.005907294941335395,-2.3282319829577287,-0.00023994101615019644,-0.06729670213998595,7142.0,14201,0.12874041446906237,0.0007911369599161128,0.00010185130012150595
1,32400000,32500000,32450000,0.0006914123246752514,0.005765030207379895,-2.276107369271094,9.946501575415709e-05,0.02858451712531586,6970.0,13974,0.00047780220026999063,0.005773301412842425,-2.3722481295317164,-0.00034185057400978365,-0.09810137991421612,6980.0,13974,0.1505876315928291,0.0006882490580740767,0.00010364179560145374
1,32500000,32600000,32550000,0.0006963303862478663,0.005888271168771578,-2.2805052229187868,0.00027463839227191824,0.0772768327797996,7119.0,14269,0.0005295280969509614,0.00585187786473645,-2.3523050737890396,-9.913398799989402e-05,-0.028067206136821794,7075.0,14269,0.12441249464483219,0.0007000205437500804,8.70913021506648e-05
1,32600000,32700000,32650000,0.0007629547808318231,0.00585187786473645,-2.2491380898801325,6.173131988119522e-05,0.017477615045663693,7075.0,14078,0.0006945932495684994,0.00588330844549406,-2.2810082838529837,3.6490437624327397e-06,0.001027620544953649,7113.0,14078,0.0929530974722633,0.0008034579173021001,7.468390210194045e-05
1,32700000,32800000,32750000,0.0008278718530225498,0.005926318713899211,-2.225080922877889,-0.00010277307912280179,-0.02873256316292024,7165.0,14101,0.0006157738655326522,0.005722019938974745,-2.307939590061583,-0.0005398633830458778,-0.1563117586413986,6918.0,14101,0.13650338650611454,0.0008359301565261101,0.00011410729724851151
1,32800000,32900000,32850000,0.0007046994216322213,0.006093397064242297,-2.287353405075019,-3.552020592607107e-05,-0.009658586197054593,7367.0,14346,0.0005265432650226416,0.005746006434816079,-2.3492774951592814,-0.00017956959651599838,-0.05177577535431913,6947.0,14346,0.17696020297911805,0.0007479849037140749,0.00013236356038664568
1,32900000,33000000,32950000,0.0005418173053730465,0.005752623399186102,-2.3426869092761535,0.00019634613786135595,0.05654797947558507,6955.0,14005,0.00045578243280431605,0.005723674180067251,-2.3803135946855782,-2.3267682716850402e-05,-0.0067349684458645,6920.0,14005,0.1289012826057819,0.0005726100373340587,7.381016824537901e-05
1,33000000,33100000,33050000,0.0005688986945409378,0.0057823997388512065,-2.331845293642057,0.0002392978040860237,0.06856376706844017,6991.0,14085,0.0004025855174551588,0.005855186346921462,-2.408511948214355,-0.00024393705617059246,-0.0690254558635838,7079.0,14085,0.1594843909861007,0.0005779096792360558,9.216757323800913e-05
1,33100000,33200000,33150000,0.0006283777644516404,0.0058469151414589325,-2.3083783507776636,0.00024137317507973884,0.06839644389220606,7069.0,14190,0.0004603212653286406,0.005866766034569002,-2.383416764866466,-0.0001227951037190558,-0.034678139317282475,7093.0,14190,0.15000751748611085,0.0006404168579000732,9.606734300993509e-05
1,33200000,33300000,33250000,0.0007172820278362838,0.005869247396207761,-2.2702712875584967,0.00016452815531355,0.04644421123861096,7096.0,14206,0.00047259294227141083,0.005849396503097692,-2.377378577732778,-0.00027471251444117714,-0.07781063650203954,7072.0,14206,0.16342718491493238,0.000711160432572093,0.0001162229475182437
1,33300000,33400000,33350000,0.0011560212994050527,0.0059866985137756725,-2.0869855345492843,-0.00020583817999780392,-0.0569672177469227,7238.0,14353,0.0009505755258533057,0.0059329356782692345,-2.1719961240687065,-0.0005645258050620839,-0.15765032796340253,7173.0,14353,0.135790343506452,0.0012187996335321458,0.00016550122090295958
1,33400000,33500000,33450000,0.0008353317699417241,0.005907294941335395,-2.220641605277273,0.00010126304587846789,0.028401434425889036,7142.0,14207,0.0005455283598955896,0.005866766034569002,-2.345853444358345,-0.0003843800345763868,-0.10855143231377279,7093.0,14207,0.17450171446645038,0.0008363797684601119,0.00014594970354145758
1,33500000,33600000,33550000,0.0005713430204941986,0.0058254100072563575,-2.3326624997267853,0.00031877700189800125,0.09066285648285392,7043.0,14136,0.00039586927952277984,0.005804731993600035,-2.409930224559517,3.72988146481179e-05,0.0106458281330933,7018.0,14136,0.0955116878447232,0.0005346737415060521,5.106759149756293e-05
1,33600000,33700000,33650000,0.0007172894141181553,0.005844433779820174,-2.268912969081737,0.000222757110019108,0.06314808237193151,7066.0,14156,0.0004705793383793716,0.0058543592263752085,-2.378448028501849,-0.00020511858601388673,-0.058049406195693445,7078.0,14156,0.17871340963399582,0.0007231755433680953,0.00012924116711933025
1,33700000,33800000,33750000,0.0006194251851938463,0.006060312242392181,-2.3220979845193837,6.861206800466753e-05,0.018758567597497344,7327.0,14306,0.00047565504841847405,0.005816311681247576,-2.37480992735628,-0.0002129571458354848,-0.060661401688008994,7032.0,14306,0.1129658119562503,0.0006172705902280691,6.973047342190868e-05
1,33800000,33900000,33850000,0.0008358386313683411,0.005963539138480592,-2.2238994120684623,0.00024473319329595006,0.0679943466854899,7210.0,14179,0.0005761703064090574,0.005827064248348863,-2.330592841570936,-0.00030882339882202527,-0.08780707101010053,7045.0,14179,0.22106051044861394,0.0009063662561201185,0.0002003617872314227
1,33900000,34000000,33950000,0.0009495098693747311,0.005976773067220638,-2.17551811647732,0.00019479549650698046,0.0540004721439088,7226.0,14324,0.0006762752734547397,0.005918047508436683,-2.2908243960899415,-0.00030973707596679165,-0.08671492594673924,7155.0,14324,0.28200841021441025,0.0011321756173461406,0.0003192830459314074
1,34000000,34100000,34050000,0.0009766191520595568,0.005969328982304362,-2.1632561005334594,0.00018534702520626368,0.051445184018858094,7217.0,14244,0.0004168309186271734,0.005892406771502842,-2.403403200335394,-0.0009668023673877522,-0.2718449725326535,7124.0,14244,0.2157596227644468,0.0008884075030661115,0.00019168246772274244
1,34100000,34200000,34150000,0.0008413663429914596,0.005885789807132819,-2.2166426423277956,0.00023810583971442092,0.06702562844794697,7116.0,14202,0.0004375286533385212,0.005865111793476496,-2.3934095077396025,-0.00021062075010352239,-0.05949742687561028,7091.0,14202,0.22809328687357389,0.0008283999702180986,0.0001889524720531128
1,34200000,34300000,34250000,0.0010442788420384672,0.005942861124824269,-2.1319124636073976,0.0003726159246592798,0.10388374990536371,7185.0,14317,0.0008582254075181042,0.005966847620665603,-2.2143982245293277,-2.2411373585744486e-05,-0.006223115808583378,7214.0,14317,0.17105433809074494,0.0011475446081561467,0.00019629248337786463
1,34300000,34400000,34350000,0.0008484731301453222,0.0058609761907452325,-2.2119285740257735,0.00030223891321714457,0.08543843577211196,7086.0,14190,0.0006822636556045575,0.005899850856419119,-2.287278141305806,4.298369577294814e-05,0.012070905599545814,7133.0,14190,0.18361224269464532,0.0009375059657941283,0.00017213757291918838
1,34400000,34500000,34450000,0.000749112434502364,0.005895715253687854,-2.2577405777704875,-2.0996123205230076e-05,-0.005900370651291589,7128.0,14004,0.0006590601174991788,0.005722847059520998,-2.2884184269084282,-0.00019717711797520365,-0.057082319866210283,6919.0,14004,0.12755102568014196,0.0008070228709361092,0.00010293659493534023
1,34500000,34600000,34550000,0.0005279400626206186,0.005745179314269826,-2.3486141179443933,-0.00013209535451356026,-0.03809287696942695,6946.0,13946,0.0003233400111520904,0.005734426747168539,-2.4404384493941067,-0.0005948967934639972,-0.17187400527531407,6933.0,13946,0.0774207325627269,0.0004613587709040357,3.571873401768187e-05
1,34600000,34700000,34650000,0.0005532844797227912,0.005832026971626381,-2.3409623378474125,0.00017539584771446287,0.04982753890029205,7051.0,14143,0.00035633515653155155,0.005811348957970058,-2.4277293072920645,-0.00017828259646598903,-0.05082756841413341,7026.0,14143,0.16062966761329045,0.0005418464300900527,8.703661196288344e-05
1,34700000,34800000,34750000,0.0006957891204172074,0.006023918938357053,-2.287694663542551,1.198937041364161e-06,0.0003297673388216191,7283.0,14345,0.0006429575978299732,0.005841952418181416,-2.3016848094772135,-0.00019548541834621717,-0.055440496510338305,7063.0,14345,0.1214012803588055,0.0007618647104300856,9.249135130649478e-05
1,34800000,34900000,34850000,0.000666518255778561,0.0058469151414589325,-2.291507208902739,-3.478076661567513e-05,-0.009855613622230652,7069.0,14170,0.000553243819222187,0.0059147390262516706,-2.344456118216238,-0.00023125213895342335,-0.0647782070339445,7151.0,14170,0.14489801499545862,0.0007132260808600927,0.00010334504335971886
1,34900000,35000000,34950000,0.0007200110384963932,0.005844433779820174,-2.2677085698278243,0.00015178739464594563,0.04302930173272964,7066.0,14186,0.0004962351347733366,0.005921355990621694,-2.3696307302346296,-0.00034163887154475695,-0.09559288659030866,7159.0,14186,0.0873093320783355,0.000666297035796084,5.81739491612192e-05
1,35000000,35100000,35050000,0.0007145928025180307,0.005905640700242889,-2.27341586852168,0.00011108582403824115,0.03116516163127794,7140.0,14234,0.00045615396437963257,0.00584608802091268,-2.3845311662284283,-0.0003665576598966419,-0.10388388128167504,7068.0,14234,0.13953458020478718,0.0006802985570160747,9.492517356724236e-05
1,35100000,35200000,35150000,0.0008539099031510639,0.005740216590992309,-2.201539204689063,4.5123579339801834e-05,0.013023703748203858,6940.0,14083,0.0005305905215812073,0.0059436882453705224,-2.3555073807614995,-0.000596146330111359,-0.1661799904445142,7186.0,14083,0.20403886588538273,0.0008697035353821065,0.00017745332301597556
1,35200000,35300000,35250000,0.0007150288883668928,0.005952786571379304,-2.275729318927944,-0.00027143903823441135,-0.07555006612004729,7197.0,14204,0.0006306932585865824,0.005804731993600035,-2.30530390392388,-0.0003841853385454323,-0.10965418402687274,7018.0,14204,0.14956265081816472,0.0007911941710041211,0.00011833309752737961
1,35300000,35400000,35350000,0.000696403780959814,0.005873382998939025,-2.279689781741575,0.0004312361462054602,0.12164690641094361,7101.0,14118,0.0004969738011940025,0.005828718489441369,-2.3658074834898963,-6.644860157403436e-05,-0.018887829273863774,7047.0,14118,0.2040991499136063,0.0007497024170940954,0.00015301362601718638
1,35400000,35500000,35450000,0.0007578780900409115,0.005769992930657413,-2.2465848469510994,0.0003593694162141673,0.10318783268204682,6976.0,14044,0.0004729984446824328,0.005827891368895116,-2.3764156062547483,-0.000164081611420142,-0.04664634883623602,7046.0,14044,0.1964492689366345,0.0007658984598860969,0.00015046019252441597
1,35500000,35600000,35550000,0.0005519865405714009,0.005869247396207761,-2.3431105968062362,0.00030820812349322723,0.08700324370437068,7096.0,14052,0.0003660162510724943,0.005728636903344768,-2.4210209226003916,-7.890940727410502e-05,-0.022821038048747147,6926.0,14052,0.19677004425785985,0.0005714445689440511,0.00011244317312210455
1,35600000,35700000,35650000,0.0008597232223762537,0.005838643935996404,-2.205501542237002,0.0003099395496835217,0.08794990951983762,7059.0,14048,0.0007361552467804813,0.005769992930657413,-2.2563216969741875,6.433961385213379e-05,0.01847420790266947,6976.0,14048,0.11039120202297398,0.0008969551969281124,9.901596234974392e-05
1,35700000,35800000,35750000,0.0011205750741407972,0.005939552642639258,-2.0984343521823354,-6.421910541104708e-05,-0.017913974344756476,7181.0,14328,0.0008904166945629813,0.0059577492946568215,-2.199850588689794,-0.0004625290444984691,-0.12862937791973947,7203.0,14328,0.12816874470530873,0.0011533147937121471,0.00014781890936025704
1,35800000,35900000,35850000,0.0008859322081841171,0.005899023735872866,-2.197939351785914,-8.912919356793977e-05,-0.02503322922872325,7132.0,14180,0.0006969032893908977,0.005944515365916775,-2.283179065422236,-0.0005763617229012824,-0.16064256969526772,7187.0,14180,0.1432945648966784,0.000923792141802117,0.00013237439301461124
1,35900000,36000000,35950000,0.0008482048633766641,0.0058684202756615084,-2.2125255682111367,-1.5227789621911541e-05,-0.004299216811692831,7095.0,14197,0.0006250573690736867,0.005890752530410336,-2.311928110713204,-0.0004842782057821159,-0.13620726915007472,7122.0,14197,0.14658876696635736,0.0008631607924901171,0.00012652967626494317
1,36000000,36100000,36050000,0.0005418315567715585,0.005866766034569002,-2.347483170161216,-0.00044194934258146647,-0.12480938090402989,7093.0,14145,0.0006980850476624843,0.005832854092172633,-2.2767920144886538,-0.00010842175059352528,-0.03079676135047862,7052.0,14145,0.23591655962666594,0.0008113751319021013,0.00019141682968507864
1,36100000,36200000,36150000,0.000826602360079627,0.005932108557722982,-2.2259899780776293,0.00012396262773829093,0.03462281014713034,7172.0,14288,0.0007296123073510894,0.005891579650956589,-2.2660681786277226,-0.00011937317127572839,-0.03356998969936081,7123.0,14288,0.17134207999550838,0.0009389970395881273,0.00016088970587277288
1,36200000,36300000,36250000,0.0009201441279413048,0.0058221015250713454,-2.1775704784806704,0.00024568110981111076,0.06991341795854603,7039.0,14189,0.0007835765444014596,0.005947823848101786,-2.2456597878160562,-1.1389896626978668e-05,-0.003172809560057422,7191.0,14189,0.12854868319443394,0.0009775191335921229,0.00012565879742073264
1,36300000,36400000,36350000,0.0007258225152111602,0.005915566146797923,-2.2690363063460834,0.0002079199931719319,0.05823428921138519,7152.0,14165,0.0005223811240152297,0.0057931523059524944,-2.353090916595092,-0.0002692252918449552,-0.07699565123594498,7004.0,14165,0.17679189406960616,0.0007581337150561,0.00013403189544290256
1,36400000,36500000,36450000,0.0005304871198071883,0.005834508333265139,-2.351173694376358,0.00012158764574843887,0.03452670345151778,7054.0,13940,0.0004822862670346585,0.005658331656913272,-2.3657831393465387,-2.864979815400112e-05,-0.00838847177219652,6841.0,13940,0.12168733176014694,0.0005765449044880664,7.015821106713972e-05
1,36500000,36600000,36550000,0.0008861778090441195,0.005896542374234107,-2.1976669188589097,5.4860643138437695e-05,0.015414883356363538,7129.0,14179,0.00036336411759716033,0.005881654204401555,-2.4265738919360063,-0.0008198836309243688,-0.23095526705097397,7111.0,14179,0.2157184375700268,0.0007966156457700847,0.00017184468244944582
1,36600000,36700000,36650000,0.0006169951529055238,0.005864284672930244,-2.314231076919124,0.00017607632667125393,0.049746113573503774,7090.0,14114,0.0003581685846218294,0.005835335453811393,-2.427582262184537,-0.00032132960742409944,-0.09123362646158184,7055.0,14114,0.18850660592323254,0.000600845148368064,0.0001132632796043854
1,36700000,36800000,36750000,0.0008129217204472276,0.005939552642639258,-2.2324026798572554,3.4855731017309495e-05,0.00972303595970684,7181.0,14174,0.000610934401680008,0.005852704985282703,-2.316364746017431,-0.00026550767040475087,-0.07516097246880898,7076.0,14174,0.11081953175630478,0.0008006564319500992,8.87283708864787e-05
1,36800000,36900000,36850000,0.0007194332354943674,0.005842779538727669,-2.2678732502585555,0.00022030888541286068,0.062471705707985783,7064.0,14079,0.0005106301986839773,0.0058146574401550695,-2.359192140192847,-0.0002884340995770286,-0.08218454930773825,7030.0,14079,0.14197788542392215,0.0007168017078360776,0.00010176999074690499
1,36900000,37000000,36950000,0.0005907117112011108,0.00584608802091268,-2.3250022114048745,0.00013692337740176384,0.03880462322544725,7068.0,14025,0.0002659714847948294,0.00568645375548587,-2.465271172710213,-0.0005775933257733154,-0.16828044480505963,6875.0,14025,0.26413386638739256,0.0005820917398320775,0.00015375014183410904
1,37000000,37100000,37050000,0.0009060906215382516,0.005875864360577784,-2.1875236480864713,0.0001030897521615357,0.029068206778303813,7104.0,14062,0.0003591626461584454,0.005794806547045,-2.4260051427353595,-0.0011235323262593479,-0.32122704609034214,7006.0,14062,0.22328827388590508,0.0008144934762521007,0.00018186684240375725
1,37100000,37200000,37150000,0.0007200407385473936,0.005956922174110569,-2.273771051388592,-0.0005585885096051323,-0.1553650635423005,7202.0,14305,0.0004641595140831272,0.005859321949652726,-2.381460605144224,-0.0005758876139001937,-0.1628407373478087,7084.0,14305,0.21443268974405524,0.00075372297012009,0.0001616228438048266
1,37200000,37300000,37250000,0.0006223349403713972,0.005786535341582471,-2.308146046700433,7.690800312401656e-05,0.022020007526677744,6996.0,14024,0.00027354291568314204,0.005836989694903898,-2.4651252473781304,-0.0006540751802438555,-0.18565598284888638,7057.0,14024,0.23482872171312696,0.0005854100130760465,0.00013747108504877565
1,37300000,37400000,37350000,0.000513251647416469,0.0057782641361199425,-2.356567950686537,-3.1450016500295418e-06,-0.0009017519419883673,6986.0,13968,0.00041799578998788554,0.005768338689564907,-2.398875922223358,-0.0002872726526665544,-0.08250988876392037,6974.0,13968,0.16799568241626794,0.0005596409884680647,9.401726976588791e-05
1,37400000,37500000,37450000,0.0006540934541705417,0.005750969158093596,-2.2921240234796154,0.00013084873495934076,0.03769545346070631,6953.0,14129,0.0005463255254432458,0.005902332218057877,-2.3469725157271926,-0.00010720614768549651,-0.030093551441721756,7136.0,14129,0.11527689091790493,0.0006784150698060711,7.820557999917625e-05
1,37500000,37600000,37550000,0.0009246773072571088,0.005902332218057877,-2.181180857098763,0.0001955332763007779,0.054887623853327905,7136.0,14281,0.0006316884220982148,0.005947823848101786,-2.3117079509740996,-0.0002672410619826661,-0.07444360770492961,7191.0,14281,0.18987008027783117,0.0009605655163861327,0.00018238265170847213
1,37600000,37700000,37650000,0.000993580055662587,0.005963539138480592,-2.1554864733135086,6.122705199452128e-05,0.017010742775752794,7210.0,14269,0.00058059017454774,0.005913084785159165,-2.3324262941774956,-0.0008300209629176894,-0.23256991132530055,7149.0,14269,0.2230653610292576,0.00101306477485411,0.00022597965974894508
1,37700000,37800000,37750000,0.0007999747370334001,0.005823755766163852,-2.231054498398347,-1.3015655584557066e-05,-0.003702811665857698,7041.0,14142,0.0004949012403043952,0.005832026971626381,-2.3668535353910736,-0.0004075710931269803,-0.11578532081603309,7051.0,14142,0.1705115189907048,0.0007805267987341131,0.00013308881006521902
1,37800000,37900000,37850000,0.0005860151451194438,0.00574352507317732,-2.322393889290177,0.00013052787521473675,0.03765168132979335,6944.0,13919,0.0004303519525535133,0.005765857327926149,-2.393251461142714,-0.00025065420847410755,-0.07202334622572971,6971.0,13919,0.138073795047944,0.0005895905541760441,8.140700533956419e-05
1,37900000,38000000,37950000,0.0007234209320033302,0.005843606659273921,-2.2661538408911523,-3.868399125191942e-05,-0.010967843461641966,7065.0,14299,0.0006304069017690116,0.005996623960330708,-2.3145213151186743,-0.00017137931839321204,-0.04735208522829294,7250.0,14299,0.07326799931674781,0.0007304311455600871,5.351722867391743e-05
1,38000000,38100000,38050000,0.0007415875338773537,0.005923010231714199,-2.262554926490582,-4.701443414035594e-05,-0.013151290723399498,7161.0,14241,0.0007107481081350892,0.005870901637300267,-2.273239652275902,-9.015390023101986e-05,-0.025442142286060128,7098.0,14241,0.10982101388699267,0.0008157548451881039,8.95870241818848e-05
1,38100000,38200000,38150000,0.0005328345106110991,0.005894061012595348,-2.352552093394843,0.00022010436557563678,0.061871483667454076,7126.0,14068,0.00037622095269951045,0.005708786010234699,-2.4158115884836038,3.390091998917626e-05,0.009838373977227526,6902.0,14068,0.13768035984345958,0.0005270988975420444,7.25711658867381e-05
1,38200000,38300000,38250000,0.0006305340677606724,0.005799769270322518,-2.305131733582582,3.1071559115476787e-06,0.0008876021865874715,7012.0,14022,0.0005642451123571156,0.005822928645617599,-2.3357056645061514,-0.00014526071279515415,-0.04133094535371371,7040.0,14022,0.10650830843137599,0.0006686011696540809,7.121157959518712e-05
1,38300000,38400000,38350000,0.0005437021401293949,0.006010685009617007,-2.352474145088049,-4.478944167843004e-05,-0.012346409377660841,7267.0,14261,0.00035405312647524814,0.005757586122463619,-2.427242486136856,-0.0004767911960240114,-0.1371983932302606,6961.0,14261,0.16656468187649343,0.0005385872467140479,8.970961341172746e-05
1,38400000,38500000,38450000,0.0007102357822778288,0.00576337596628739,-2.2675705074768304,0.000207506634906347,0.05965089155891495,6968.0,14175,0.0005423767158831512,0.005952786571379304,-2.3507441696859654,-0.00016326784844650967,-0.04544260407657134,7197.0,14175,0.1229111999353162,0.0007140739330320844,8.776768395159522e-05
1,38500000,38600000,38550000,0.000651497442984429,0.005798942149776265,-2.295741587843976,8.201927621275608e-05,0.02343328081648178,7011.0,14106,0.0006665701449954496,0.005879999963309049,-2.293160879134967,4.605604644031587e-06,0.001297729844754589,7109.0,14106,0.1566106901897454,0.0007814111304521011,0.0001223773364621627
1,38600000,38700000,38650000,0.0009507337858458932,0.00590315933860413,-2.169821835549137,1.8229752457567372e-06,0.0005116509194873176,7137.0,14015,0.0008234881844558709,0.005775782774481183,-2.2175494558346696,-0.0001861985628376384,-0.053410764011864564,6983.0,14015,0.16590553801436325,0.0010635617733741312,0.0001764507882232509
1,38700000,38800000,38750000,0.0007655322206622258,0.005913084785159165,-2.251532880727434,9.021603284033262e-05,0.02527831909695663,7149.0,14149,0.000525944133887331,0.005829545609987622,-2.3529863046991846,-0.0003862531136391874,-0.10977581366157284,7048.0,14149,0.16600980924025086,0.0007742755063901011,0.00012853732911532404
1,38800000,38900000,38850000,0.0007362280401084112,0.005973464585035626,-2.267636419188473,8.502420589806079e-05,0.023583124881540903,7222.0,14314,0.0005846769090830841,0.005908122061881647,-2.3304213084886842,-0.00022372591263116297,-0.06274005029286121,7143.0,14314,0.10222905709829716,0.0007356581094740721,7.520563487832618e-05
1,38900000,39000000,38950000,0.001176586623240285,0.00598587139322942,-2.0780301274990696,0.00019819669671498517,0.05485994988156004,7237.0,14381,0.001155082690248963,0.005984217152136914,-2.087182965046737,5.621544099842765e-05,0.015564475079182138,7235.0,14381,0.05859346089499086,0.0012383965994681673,7.256194272354491e-05
1,39000000,39100000,39050000,0.0006857551954559703,0.005829545609987622,-2.282084816172007,-0.0001630109543015594,-0.04632884373566288,7048.0,14032,0.000454315538333371,0.005772474292296172,-2.382739919705314,-0.000723814647790534,-0.20774390965183814,6979.0,14032,0.10466369163022557,0.0006366717864180758,6.663641952341265e-05
1,39100000,39200000,39150000,0.0007279805811778226,0.0059436882453705224,-2.2696131726770203,0.0001918533212772121,0.053480465258655345,7186.0,14148,0.0005002027814778043,0.0057857082210362185,-2.362700746958699,-0.00021666680776810692,-0.06204407309101509,6995.0,14148,0.14077602522481472,0.0007147050121460961,0.00010061333081827826
1,39200000,39300000,39250000,0.0007207226298423133,0.005885789807132819,-2.269656430919527,5.087975402954456e-05,0.014322401723524985,7116.0,14286,0.00036771508013078353,0.0059577492946568215,-2.4267678931107595,-0.0007534655286953554,-0.20953884603104522,7203.0,14286,0.18670202522960153,0.000669150633432089,0.0001249317784455404
1,39300000,39400000,39350000,0.0006909712244162485,0.005891579650956589,-2.2830313484034535,-0.00028952506584269274,-0.08141991516331731,7123.0,14115,0.0005536228357663528,0.005798942149776265,-2.3393933061204164,-0.0005391505924299813,-0.15403778011905145,7011.0,14115,0.10815737570766551,0.000697765517302077,7.546848721077893e-05
1,39400000,39500000,39450000,0.0007269523792478062,0.005870901637300267,-2.26610106784785,0.00018190083845639378,0.051333852468967725,7098.0,14216,0.0005889633708657022,0.005905640700242889,-2.328435191999111,-0.00010945053204134553,-0.030706379965490922,7140.0,14216,0.09041717941862934,0.0007233622493400773,6.540437428332495e-05
1,39500000,39600000,39550000,0.0009625150431264687,0.005962712017934339,-2.1689011560817018,-0.0002750051140991566,-0.07641539272906316,7209.0,14224,0.0008398193993680234,0.0059296271960842225,-2.220072902298334,-0.0004152207498595223,-0.11601977576848398,7169.0,14224,0.11538967248808285,0.0010187165955681241,0.0001175493743208753
1,39600000,39700000,39650000,0.000832516828354306,0.005906467820789142,-2.22182259944561,0.0002763487698597137,0.0775188902895244,7141.0,14252,0.0005270372627706189,0.005946996727555534,-2.3571829268222104,-0.0002453886690907214,-0.06836582165282758,7190.0,14252,0.17088568116331593,0.000819883374486107,0.00014010632892364456
1,39700000,39800000,39750000,0.0007561460357863732,0.005760894604648631,-2.2468210283977186,0.0002782839314913228,0.08003129041977172,6965.0,14072,0.0006376575367353627,0.005844433779820174,-2.3041524291903284,5.952691558914154e-05,0.01687492968753131,7066.0,14072,0.10458949776055441,0.0007783042353400911,8.140244907922437e-05
1,39800000,39900000,39850000,0.0010304783934599738,0.005937071281000499,-2.137478409208576,0.00018932687062071693,0.05283493271452114,7178.0,14456,0.0008893748642446704,0.006066929206762204,-2.2073042163556393,-0.00011415880059601364,-0.031177071346127284,7335.0,14456,0.11046214088659155,0.0010791295941121309,0.00011920296525980347
1,39900000,40000000,39950000,0.0004799564844828358,0.005760894604648631,-2.370812969881722,-0.0003089667198312245,-0.08885531102117547,6965.0,14056,0.00043725732458723153,0.0058221015250713454,-2.3920807163802014,-0.0003728360243322761,-0.10609786327970351,7039.0,14056,0.16362188388206111,0.0005483248493680535,8.971794483301864e-05
1,40000000,40100000,40050000,0.0006008847110131014,0.005876691481124037,-2.321902472615726,6.163942072618731e-05,0.017378018508671267,7105.0,14120,0.0004898633027470159,0.005780745497758701,-2.3671318614236836,-3.306092238124677e-05,-0.009475344249844093,6989.0,14120,0.12718598563334318,0.0006248456118980803,7.947160501801876e-05
1,40100000,40200000,40150000,0.0006491011887358831,0.005779918377212448,-2.2958470861885445,-0.0002898103026550636,-0.0830722363386928,6988.0,14093,0.0003069828079200589,0.005845260900366427,-2.4505054691650656,-0.0008638823626396922,-0.24486224838604992,7067.0,14093,0.15420596833986794,0.0005651990678980581,8.715706957008628e-05
1,40200000,40300000,40250000,0.0008196865812638407,0.005841125297635162,-2.223392020129607,-0.00010843971560115762,-0.030758313135837177,7062.0,14146,0.00044449072938328437,0.005901505097511624,-2.391568209325882,-0.0009084405154532285,-0.2550415984874928,7135.0,14146,0.18729693059053484,0.0007777608810840878,0.00014567222576053254
1,40300000,40400000,40350000,0.0008793751375234003,0.005858494829106473,-2.1981264415419615,0.00019455223306634692,0.055020275615869196,7083.0,14150,0.0006909866246782542,0.005823755766163852,-2.279455974683228,-0.00024068297720580218,-0.06847167474440628,7041.0,14150,0.19697938023710312,0.0009777842084961177,0.00019260332739528705
1,40400000,40500000,40450000,0.000992102130051344,0.0060048951657932365,-2.159110673517906,0.00032813869944702787,0.09053998275738101,7260.0,14361,0.0006229359441594357,0.00587172875784652,-2.3119632774059893,-0.0002735929063291032,-0.07719921779934595,7099.0,14361,0.17818732591605674,0.0009826071835721253,0.00017508814646673528
1,40500000,40600000,40550000,0.0007942534258062803,0.0059221831111679465,-2.2395086234688617,0.00020095857612977377,0.05622173864125169,7160.0,14291,0.000668289042232425,0.005918047508436683,-2.2943146380342205,-3.0041381729837155e-05,-0.008410475833121935,7155.0,14291,0.1602166513239773,0.0008707855843681117,0.00013951435034875842
1,40600000,40700000,40650000,0.0007041313336213419,0.0057716471717499185,-2.2707671635611946,0.000246000244618447,0.07061526787388091,6978.0,14057,0.0005917781768617613,0.005870074516754014,-2.3256131554495276,-3.999921839233309e-06,-0.0011289683346122177,7097.0,14057,0.1910260313834612,0.0008009587210200875,0.00015300396577853576
1,40700000,40800000,40750000,0.0006831017138591376,0.005836989694903898,-2.28365254282376,0.00023465431222711224,0.06660545803008741,7057.0,14154,0.0005324359345073339,0.005864284672930244,-2.351524534867326,-0.00011273430704709198,-0.03185035574069855,7090.0,14154,0.17909789333741294,0.0007403669929100794,0.0001325981687268419
1,40800000,40900000,40850000,0.0006435237358613585,0.005939552642639258,-2.3061674038039164,2.71432726807177e-05,0.007571639114603139,7181.0,14049,0.00034872067626074186,0.005655850295274513,-2.426759713259308,-0.0005858080799728465,-0.17159587284923747,6838.0,14049,0.1830090475174601,0.0006072554470200729,0.00011113324095902236
1,40900000,41000000,40950000,0.000865225184977874,0.005887444048225325,-2.2062661530262924,0.00012153448079680927,0.034201763115511576,7118.0,14119,0.0005944439051570468,0.005823755766163852,-2.3223304685010215,-0.00036871516571570134,-0.1048954321294923,7041.0,14119,0.15536520275307256,0.0008640829710621067,0.0001342484259946447
1,41000000,41100000,41050000,0.0008284798246362619,0.005994142598691949,-2.228940659493751,0.00016624494212542841,0.04595244477447252,7247.0,14526,0.0005086392883948751,0.006076854653317239,-2.3699793484537395,-0.0004038390343863866,-0.11010963282277256,7347.0,14526,0.12153764896671873,0.0007610565845300965,9.2497028014526e-05
1,41100000,41200000,41150000,0.0008439365564095925,0.005823755766163852,-2.2115311126639163,3.883222241023119e-05,0.011047342580452741,7041.0,14195,0.0005265248088020804,0.005977600187766891,-2.358594337460031,-0.0006074035869279193,-0.16835886430353195,7227.0,14195,0.14453363343028575,0.0008010024816681064,0.00011577179906227201
1,41200000,41300000,41250000,0.0006995075039810489,0.005830372730533875,-2.276027959532314,0.00011760399385193545,0.033419136125648424,7049.0,14063,0.00040629037489773613,0.005803904873053782,-2.4052608149886647,-0.0004401991780038163,-0.12565953313840802,7017.0,14063,0.12833994828506845,0.0006343057002000672,8.140676076067784e-05
1,41300000,41400000,41350000,0.0005857008866628637,0.005848569382551439,-2.327330303916757,0.0001875757350653356,0.05313718016449638,7071.0,14110,0.0002810693028050108,0.005772474292296172,-2.4603609047923984,-0.0004281128969050084,-0.12287378715933177,6979.0,14110,0.20042156754808307,0.0005420169893840602,0.00010863189465012575
1,41400000,41500000,41450000,0.0005040486037220286,0.005741043711538562,-2.3592033865712376,0.0003002965294372891,0.08666002323254234,6941.0,13839,0.00025207754555743394,0.0056384807638032025,-2.4705853404275193,-0.00020182096864571566,-0.05929956434127693,6817.0,13839,0.23396390892084643,0.0004935316743460296,0.0001154685997062954
1,41500000,41600000,41550000,0.0007597252390664082,0.005847742262005185,-2.2503258107666717,0.00016712395486755547,0.04735020711031912,7070.0,14122,0.0005573010650986412,0.005847742262005185,-2.3398538806117855,-0.00019275014332547066,-0.05461071821952527,7070.0,14122,0.18314648643209974,0.0008061581925581143,0.00014764504047559058
1,41600000,41700000,41650000,0.0003610210834828168,0.00571209449241971,-2.4227942743798034,-0.0005018616720727717,-0.145560868462572,6906.0,13943,0.0006659492440224429,0.0058105218374238056,-2.289894317010821,0.00012884705753056407,0.03673893918486111,7025.0,13943,0.2517703861917873,0.0006862668280920979,0.0001727816643394685
1,41700000,41800000,41750000,0.00036977382112019484,0.005832026971626381,-2.4223437541678994,-0.0008793859470955332,-0.24982140716698228,7051.0,14245,0.0006736050781687896,0.0059221831111679465,-2.292199091458844,1.655224975849265e-05,0.004630786492265653,7160.0,14245,0.3047601578455332,0.0007503733503361016,0.00022868390069161193
1,41800000,41900000,41850000,0.000636346762555623,0.005860149070198979,-2.30549609575326,-4.3245234276357466e-05,-0.012226506015118255,7085.0,14000,0.0006719576218042186,0.005703823286957181,-2.2815663900850427,-1.6014755691571452e-05,-0.004651674147606205,6896.0,14000,0.19707970235389366,0.0008147162228901013,0.0001605640307101811
1,41900000,42000000,41950000,0.0006883451795297947,0.005881654204401555,-2.2836690159953443,0.00013123810453703869,0.036968821351442985,7111.0,14153,0.0005086504620146121,0.005798115029230012,-2.3594179966019078,-0.00021725402152023812,-0.06207930476931354,7010.0,14153,0.14284287203378837,0.0006982358324340736,9.973801166187279e-05
1,42000000,42100000,42050000,0.0006146236669126638,0.005832854092172633,-2.3137993664381153,0.00017567999815196216,0.04990119553983295,7052.0,14119,0.0002531101941619243,0.005801423511415023,-2.473470586786794,-0.0006790170640507025,-0.19391541696664755,7014.0,14119,0.23999047450176317,0.000570870385148054,0.00013700345461076132
1,42100000,42200000,42150000,0.0006966303530295345,0.005809694716877552,-2.276193296946792,0.00019069688042080139,0.05438228209665475,7024.0,14107,0.0005748200911589072,0.005824582886710105,-2.331082081925729,-5.4273256816580114e-05,-0.015437958704691945,7042.0,14107,0.18817928370024606,0.0007830857347321131,0.00014736051263789505
1,42200000,42300000,42250000,0.0009030427485395152,0.005898196615326612,-2.1903814707988207,0.00032574229364695724,0.091502267635074,7131.0,14368,0.0005339198305382999,0.005955267933018062,-2.3545165350705903,-0.00033595157683580717,-0.09346704158840495,7200.0,14368,0.15652108439371543,0.0008518070532001137,0.0001333257636612089
1,42300000,42400000,42350000,0.0008127038260242821,0.005817138801793829,-2.2249875178912353,0.0002452332503045173,0.06984541713290736,7033.0,14119,0.0005232798940869314,0.005842779538727669,-2.354701446050438,-0.0002487975653996774,-0.0705500745346001,7064.0,14119,0.22985342370361767,0.0008673567871561167,0.00019936492710050742
1,42400000,42500000,42450000,0.0010022443555835958,0.005905640700242889,-2.1474390680319795,-0.0003109204429244355,-0.08722882457866836,7140.0,14299,0.0008716856069301127,0.005939552642639258,-2.2068138165951563,-0.0005347037668896784,-0.14915607280413168,7181.0,14299,0.13965756438833582,0.0010890605211061554,0.00015209553984930495
1,42500000,42600000,42550000,0.0006259478470004657,0.0058254100072563575,-2.3084194454573628,3.912376628164957e-05,0.011127127698493342,7043.0,14082,0.0003399165125691056,0.005822928645617599,-2.4353438302032453,-0.0005072288454805018,-0.1443215256966664,7040.0,14082,0.11343225883591143,0.0005447211277400452,6.178894795525963e-05
1,42600000,42700000,42650000,0.0006783648349643497,0.005899850856419119,-2.2889873005175247,0.0003340902435344273,0.09382096441254302,7133.0,14245,0.0005097256795827843,0.0058576677085602205,-2.361282949051845,6.182078285980894e-05,0.01748566967983398,7082.0,14245,0.15571316071173646,0.0007036059661600791,0.00010956070888651084
1,42700000,42800000,42750000,0.0007099325207812138,0.005864284672930244,-2.273242573402365,0.0003374146170581674,0.09532835094222916,7090.0,14156,0.0003947644555645409,0.005816311681247576,-2.4107792465142306,-0.00031327091686920034,-0.08923604254188361,7032.0,14156,0.22181971144055954,0.0007097950131780795,0.00015744652500520126
1,42800000,42900000,42850000,0.0008320522731747624,0.00590315933860413,-2.2218201412129948,0.0002866523718277395,0.08045416412552586,7137.0,14150,0.0006597265754557532,0.005787362462128724,-2.2914763998318466,-0.00010516289524897161,-0.030105544236445625,6997.0,14150,0.08081926179100393,0.0008114719916441122,6.558256732885368e-05
1,42900000,43000000,42950000,0.000732163157597585,0.005912257664612912,-2.266083236387403,0.0001720635925679305,0.048218546643056276,7148.0,14266,0.00038717249255691016,0.005823755766163852,-2.4143794281968134,-0.0004853456117921584,-0.13807551848937497,7041.0,14266,0.12958029074787367,0.0006429861584340632,8.331833335681431e-05
1,43000000,43100000,43050000,0.000719718050652521,0.0058221015250713454,-2.2666046894424516,0.00018671237406774586,0.053132698139742626,7039.0,14262,0.00039747346974868447,0.005870074516754014,-2.411223654354779,-0.0004162617725897637,-0.11748888579619668,7097.0,14262,0.13473524148453034,0.0006455778473620737,8.698208716147647e-05
1,43100000,43200000,43150000,0.0009414845001190342,0.005805559114146288,-2.166890396212303,0.0001980023505715195,0.05650579388910883,7019.0,14059,0.0008401362888649252,0.005776609895027436,-2.2101490330887357,5.202689527296471e-05,0.014921699205547175,6984.0,14059,0.05982354794345028,0.0009474927738761236,5.668237938415146e-05
1,43200000,43300000,43250000,0.0006301022752947466,0.005783226859397459,-2.3045114978144916,7.645951313911851e-05,0.02190410245285483,6992.0,14039,0.00046814423739836305,0.005773301412842425,-2.3765746497402187,-0.00016586774676548963,-0.04759931993120069,6980.0,14039,0.09614734204397399,0.0006075362521900699,5.8412995843515746e-05
1,43300000,43400000,43350000,0.0006876253309513153,0.005840298177088909,-2.281822523958882,0.00031971230651905926,0.09069741462370962,7061.0,14230,0.0003226263504154841,0.005864284672930244,-2.4440576146388704,-0.0005127964796608421,-0.14487826046558394,7090.0,14230,0.19377949817755968,0.0006265355936020559,0.00012140975291865516
1,43400000,43500000,43450000,0.0005761772652046422,0.005849396503097692,-2.33157828996988,0.00036069701383412763,0.1021652191124627,7072.0,14264,0.00023054921767416385,0.005942861124824269,-2.486055811221485,-0.0002431772074080993,-0.06779678088145986,7185.0,14264,0.17637741217338496,0.0004897428110900392,8.637956965063452e-05
1,43500000,43600000,43550000,0.0006368854851388488,0.0058179659223400815,-2.3031976094964004,0.0003984994175621679,0.11348137734375935,7034.0,14085,0.0004671253346653386,0.005781572618304954,-2.3773351578603044,6.737440056799023e-05,0.019306915875492464,6990.0,14085,0.11191867207540453,0.0006215707869820582,6.95653770799695e-05
1,43600000,43700000,43650000,0.0007252867295273029,0.005937898401546752,-2.2704746935298936,0.0003337482908029063,0.09312526940339794,7179.0,14377,0.0006108374295822882,0.005968501861758109,-2.3217059812777934,0.00013622640468002794,0.037816426938336666,7216.0,14377,0.09877732688206234,0.000741284145952092,7.322206639729415e-05
1,43700000,43800000,43750000,0.0006502696071280664,0.0059114305440666585,-2.301868138187405,0.00031152972416122757,0.08731428303139446,7147.0,14152,0.0005703599245532371,0.005766684448472402,-2.3304877659325105,0.000172895570863691,0.049672950906132045,6972.0,14152,0.10227660813727849,0.0006798472350980703,6.95324692574168e-05
1,43800000,43900000,43850000,0.0007833988971409894,0.005946996727555534,-2.2456892391744825,0.00047675729387694667,0.1328256281989366,7190.0,14241,0.0005901194094580888,0.0058469151414589325,-2.325301628704654,0.00010667768330481792,0.030228604227864646,7069.0,14241,0.1074338100973112,0.0007694209808400997,8.266182754056274e-05
1,43900000,44000000,43950000,0.0007482850894989044,0.005828718489441369,-2.254295368540397,7.051791847518701e-05,0.020044521229293184,7047.0,14188,0.0006397837118631119,0.005860149070198979,-2.303979217291355,-0.00021583013024933784,-0.06102055937248019,7085.0,14188,0.14892127321889798,0.0008154761467321053,0.00012144174605109555
1,44000000,44100000,44050000,0.0005802998579525735,0.005907294941335395,-2.332301421269372,-0.0011323738138302065,-0.3175989852970743,7142.0,14026,0.0005128346906688974,0.005777437015573689,-2.356721249263396,-0.0011814224895809766,-0.3387922907162246,6985.0,14026,0.1308557295747964,0.0006288567881180638,8.228951380732732e-05
1,44100000,44200000,44150000,0.0005960392278322734,0.005869247396207761,-2.323698286381532,-0.0008874027391474641,-0.25050253673689915,7096.0,14246,0.0003214218172201507,0.005946169607009281,-2.4465867975701783,-0.0011356755507515976,-0.3164456476403363,7189.0,14246,0.2957169279117822,0.0006513439562960639,0.00019261343376985232
1,44200000,44300000,44250000,0.0008539354881369018,0.005885789807132819,-2.211119453542189,0.0001437071346353514,0.04045285501162274,7116.0,14169,0.0005507890739487313,0.005818793042886334,-2.341506170165527,-0.0005889261571456249,-0.16768573010733795,7035.0,14169,0.3285476528526732,0.001046034441650133,0.0003436721606073158
1,44300000,44400000,44350000,0.0008184245865218955,0.005824582886710105,-2.222912990038674,-0.00011632395868759985,-0.03308820173910868,7042.0,14160,0.0008107372698807302,0.005910603423520406,-2.231610114478812,-9.297220470604742e-05,-0.026061512205918187,7146.0,14160,0.27800649793917176,0.0011282385864641578,0.0003136576582628471
1,44400000,44500000,44450000,0.0006250057309573042,0.005873382998939025,-2.3111300093673157,0.00010035836538363697,0.028309975378460032,7101.0,14055,0.0005887054036000274,0.005705477528049687,-2.3193932402468205,-5.6654533453353156e-05,-0.016451211657186583,6898.0,14055,0.22362848366354973,0.0007816561459420943,0.00017480057866342875
1,44500000,44600000,44550000,0.0008371454536485693,0.0057319453855297796,-2.208543781109828,0.00019204148480286945,0.055507453516617816,6930.0,13919,0.0006204176426824204,0.005746833555362332,-2.3070653414426907,-0.00027016562464429023,-0.07788637261541725,6948.0,13919,0.2578861876191337,0.0009820347445461343,0.000253253196380643
1,44600000,44700000,44650000,0.0010304954973910166,0.005818793042886334,-2.1282877373433,0.000269935484226866,0.07685909040590845,7035.0,14162,0.0006581009829698273,0.005906467820789142,-2.298197217086662,-0.0005295508915889621,-0.14854488944764765,7141.0,14162,0.29681894040404916,0.0012006839897901473,0.0003563857496097215
1,44700000,44800000,44750000,0.0004974424632986244,0.005821274404525093,-2.3653131344756018,-5.378256007761813e-05,-0.015307062324328343,7038.0,14196,0.00021357013895937485,0.005890752530410336,-2.4925935053767465,-0.0006934827283113291,-0.19504777935129128,7122.0,14196,0.2776536558891109,0.0004921549115980473,0.00013664861046904682
1,44800000,44900000,44850000,0.0006073505763677592,0.005898196615326612,-2.3200428730814813,0.0002542249479734663,0.07141276918186325,7131.0,14161,0.0005557541458934539,0.005798942149776265,-2.338442749567779,0.0001292084687886723,0.03691544808489401,7011.0,14161,0.08632081659213584,0.0006364951415020676,5.4942780371463084e-05
1,44900000,45000000,44950000,0.0007202419508175193,0.005841952418181416,-2.2674696914729826,0.00031206161741217535,0.08850200264302743,7063.0,14173,0.0006166874476024691,0.005809694716877552,-2.31178164329309,0.00021557311718715597,0.061476401949826204,7024.0,14173,0.1195128706668622,0.0007591987173240983,9.073401811410435e-05
1,45000000,45100000,45050000,0.0006302583280952752,0.005892406771502842,-2.309723168730036,-0.00018802702924632683,-0.05286933951038201,7124.0,14142,0.0006055554714907071,0.005833681212718886,-2.31785878584984,-0.00030061017422978645,-0.08537502026322216,7053.0,14142,0.1465198424183882,0.000723985079564095,0.00010607817977110188
1,45100000,45200000,45150000,0.000844967985979885,0.005848569382551439,-2.2126779660290663,0.00028977197031972325,0.08208772519610269,7071.0,14173,0.0006839363726217292,0.0059114305440666585,-2.287138222920684,-6.5873792221943e-05,-0.01846283835002943,7147.0,14173,0.21266132065469792,0.0009709318230581086,0.00020647964375730013
1,45200000,45300000,45250000,0.0009128388788528245,0.005873382998939025,-2.1843822944402196,0.000303683337761408,0.08566568199880001,7101.0,14258,0.0008373060534685604,0.005927972954991717,-2.221066424599377,3.257408655686774e-05,0.0091042928057297,7167.0,14258,0.15022584716970094,0.0010297706316981315,0.00015469816553744564
1,45300000,45400000,45350000,0.0006202272311083062,0.005859321949652726,-2.31257127618169,9.482020587404534e-05,0.02681181513078445,7084.0,14135,0.0005379331799397929,0.005804731993600035,-2.346633353196388,-8.902528903690623e-05,-0.025409599085843396,7018.0,14135,0.12848263652932568,0.0006644505661000665,8.537036057601966e-05
1,45400000,45500000,45450000,0.0005623987555915474,0.005793979426498747,-2.3352616870346887,2.348089801696517e-05,0.0067143369788769895,7005.0,14083,0.0003463739658236401,0.005818793042886334,-2.432363967496777,-0.00047213291716121384,-0.13443103513282895,7035.0,14083,0.1489248694355523,0.0005338968845280486,7.951052382045624e-05
1,45500000,45600000,45550000,0.0006096340475744711,0.005728636903344768,-2.3110366778264906,-1.2595623488247085e-05,-0.0036427241415524897,6926.0,14045,0.00022587829737695704,0.005904813579696635,-2.4874337240773157,-0.0007332266550785975,-0.2057357323981133,7139.0,14045,0.14997634781467342,0.0004914641744400399,7.370800196432476e-05
1,45600000,45700000,45650000,0.00079765366891071,0.005856013467467715,-2.2340534281689535,-7.625237777578163e-05,-0.02157365066528133,7080.0,14156,0.0006425610826428243,0.005836989694903898,-2.301615819461769,-0.0003777480634166777,-0.10722190674891548,7057.0,14156,0.1341227093852151,0.0008316506086741089,0.00011154323289734236
1,45700000,45800000,45750000,0.0007308957116091242,0.005828718489441369,-2.262011401987302,0.0003246696520005181,0.09228644113086688,7047.0,14198,0.0006230016560385559,0.00594037976318551,-2.315141994288212,0.00011116776372162228,0.0310060312739109,7182.0,14198,0.09098580403606533,0.0007447063938380949,6.775771001425412e-05
1,45800000,45900000,45850000,0.0005168787366613583,0.005876691481124037,-2.358873819001428,-0.00013503201457216044,-0.038069612284679234,7105.0,14290,0.0005429494394143879,0.005916393267344176,-2.349024877202671,3.10655304952899e-05,0.008699627781631112,7153.0,14290,0.2017103509841192,0.0006638117990020903,0.00013389771096421646
1,45900000,46000000,45950000,0.0007142119390473976,0.0059147390262516706,-2.274068534381939,0.00016003359419194146,0.04482851204692989,7151.0,14164,0.0005632795410254045,0.005784881100489966,-2.3344680216534743,-0.00017888497238975092,-0.051232290333800244,6994.0,14164,0.2212098638350479,0.000820176977564107,0.00018143123752770493
1,46000000,46100000,46050000,0.0009484358452504923,0.005884962686586566,-2.1695347043426154,0.00022329775476156855,0.06286604636215175,7115.0,14238,0.0006510419063270606,0.005884135566040313,-2.300194535464064,-0.00028342444242846187,-0.0798049897305583,7114.0,14238,0.10926522554107436,0.000897841757974114,9.810288218534367e-05
1,46100000,46200000,46150000,0.001165368161539677,0.005983390031590661,-2.082667508052917,-0.0001928319126031259,-0.05339710461731098,7234.0,14376,0.00027871956389361754,0.00601730197398703,-2.4666331541547204,-0.0019142329889340367,-0.5270874520749554,7275.0,14376,0.18075215906101433,0.0008813497291481262,0.0001593058664314833
1,46200000,46300000,46250000,0.0006849843155531587,0.005919701749529188,-2.2871027783739413,-0.0002510357789378119,-0.07026112305973221,7157.0,14149,0.00022446717718575815,0.005734426747168539,-2.485030797915512,-0.0010994741297133627,-0.3176534559382564,6933.0,14149,0.16423075745705554,0.0005440804988060548,8.935475243659446e-05
1,46300000,46400000,46350000,0.000669255687812882,0.005874210119485279,-2.2916864154822028,1.5575346265456743e-05,0.0043930137118560406,7102.0,14230,0.00045830037139370277,0.005848569382551439,-2.383668986928153,-0.0004826942501625608,-0.13673949525678533,7071.0,14230,0.1411869504946712,0.0006564618806480685,9.268385104477914e-05
1,46400000,46500000,46450000,0.0007909390516825357,0.005781572618304954,-2.2324821387265437,0.00022427812736528708,0.06426949852243781,6990.0,14307,0.0005380203773057628,0.0059974510808769605,-2.354401295743211,-0.0002180887866838947,-0.060249607564064944,7251.0,14307,0.1583669182609229,0.0007895123527241034,0.00012503263822995222
1,46500000,46600000,46550000,0.0007915762190662092,0.005866766034569002,-2.237383901518799,0.00022742328084082025,0.06422581990756972,7093.0,14090,0.0006829569651476581,0.005798942149776265,-2.2817107555615954,8.909360249593447e-06,0.0025454448059546953,7011.0,14090,0.07144059175429981,0.0007939896850541082,5.6723092947175075e-05
1,46600000,46700000,46650000,0.0009510643258732964,0.006016474853440777,-2.1775804671890078,0.0002313517439774526,0.06371185837714989,7274.0,14408,0.0006153057407514009,0.005962712017934339,-2.319507754405269,-0.0006279021036330947,-0.17447452205280642,7209.0,14408,0.30412570345654377,0.0011254691216541436,0.0003422840883417956
1,46700000,46800000,46750000,0.0008886267460714916,0.0059006779769653715,-2.196868017066326,-6.14284946769493e-05,-0.017248255702712743,7134.0,14232,0.0008577998179222031,0.005859321949652726,-2.207705155260204,-9.231284328044339e-05,-0.02610282128600414,7084.0,14232,0.10996357578214622,0.0009810983665801236,0.00010788508458327441
1,46800000,46900000,46850000,0.0006675938466824661,0.00588330844549406,-2.2928774767681173,0.00023033904487843835,0.0648666199235386,7113.0,14163,0.000564513170313695,0.0057426979526310675,-2.332039013666274,4.9066541029390506e-05,0.014155623427612675,6943.0,14163,0.05412208696335,0.0006513034081960698,3.5249899697989375e-05
1,46900000,47000000,46950000,0.0006991053154491579,0.006009857889070754,-2.2855614463025002,-0.0006609663608716584,-0.18222336455621121,7266.0,14316,0.0004991750968789563,0.005821274404525093,-2.364543346659225,-0.0010736801265453647,-0.305580258539275,7038.0,14316,0.0662920060742224,0.0006416783513280578,4.253814516400197e-05
1,47000000,47100000,47050000,0.0007390450013680241,0.005815484560701322,-2.257642116400395,0.00021016152345123756,0.05987356296979118,7031.0,14140,0.000667801269584692,0.005848569382551439,-2.2910241128564235,3.21347044910334e-05,0.009103243452454696,7071.0,14140,0.06919729344682785,0.0007557166846680952,5.2293549191737865e-05
1,47100000,47200000,47150000,0.0004505550020500099,0.005809694716877552,-2.3857391631016807,2.836927669275198e-05,0.008090252995114034,7024.0,14133,0.00038325432988328337,0.005827891368895116,-2.416242605224961,-0.00010119841730419481,-0.02876944365910207,7046.0,14133,0.0923237560068896,0.0004593098791840154,4.240521321736871e-05
1,47200000,47300000,47250000,0.0006829134235722358,0.005836989694903898,-2.283735972963114,0.0001500612894888846,0.0425941497692105,7057.0,14146,0.0006788932017720158,0.0058576677085602205,-2.286590219864734,0.00014829310861106946,0.041943893186358765,7082.0,14146,0.07596390897384475,0.0007368795648620917,5.597625218996768e-05
1,47300000,47400000,47350000,0.0007607393535935519,0.005766684448472402,-2.2451049288480704,0.00017237081610816922,0.04952218870280561,6972.0,14060,0.0005169066988949754,0.005817138801793829,-2.3564998502279324,-0.00022962203656439584,-0.06539915328297757,7033.0,14060,0.18777010187396215,0.0007865051849461059,0.00014768215870184022
1,47400000,47500000,47450000,0.0007191651218192267,0.005750969158093596,-2.26286054103867,0.00010931415347753415,0.031491680728050774,6953.0,14037,0.0005991719642856366,0.005821274404525093,-2.320115966814296,-0.00017715042637230524,-0.050418808873151484,7038.0,14037,0.22227400526476748,0.0008475588414361124,0.0001883902983836799
1,47500000,47600000,47550000,0.000695891668772692,0.005762548845741137,-2.2739620804263647,-0.00011306291091712197,-0.03250628592802232,6967.0,14029,0.0005922837552255451,0.005840298177088909,-2.3240438256904423,-0.00023124024762651339,-0.06559926593073105,7061.0,14029,0.14398402478436534,0.0007524248736561006,0.00010833716165698007
1,47600000,47700000,47650000,0.0006843751158731625,0.00585187786473645,-2.2838677398737683,9.188726311663011e-05,0.0260154847724435,7075.0,14163,0.0003722039004889832,0.005836162574357645,-2.4213853975324184,-0.00039918423494240886,-0.11332249142201359,7056.0,14163,0.19788417819101603,0.0006586199820740774,0.00013033047389300094
1,47700000,47800000,47750000,0.0006253807748257429,0.005840298177088909,-2.309387058793966,0.0001425234672706604,0.04043169356036407,7061.0,14214,0.0005542599866338594,0.0058146574401550695,-2.339785932772786,2.6644954517528204e-05,0.007592041237701978,7030.0,14214,0.09193561798173011,0.0006495358615640709,5.971548083426953e-05
1,47800000,47900000,47850000,0.0007435998807808215,0.005789843823767482,-2.2541382148106295,0.00016844437400774688,0.048200836313362354,7000.0,14155,0.0006114815558115516,0.005887444048225325,-2.31773600247322,-0.0001490110081181112,-0.041934101070294875,7118.0,14155,0.09403188776753645,0.0007478637593840888,7.032304108790115e-05
1,47900000,48000000,47950000,0.0005548352244962383,0.005759240363556126,-2.3371245954078215,0.0002123646759347434,0.061091178744654924,6963.0,13906,0.0004324903151751425,0.005651714692543249,-2.388307693228837,-7.156913514736729e-05,-0.020979466237701198,6833.0,13906,0.11713542710953252,0.0005591602438180527,6.549747398236249e-05
1,48000000,48100000,48050000,0.0006634140295882953,0.005890752530410336,-2.2950874393564717,0.00011286871958319075,0.031745265187111814,7122.0,14204,0.0005176047430334204,0.005860149070198979,-2.357902225673173,-0.00024667313275935916,-0.06974064522756476,7085.0,14204,0.09785030511280436,0.0006545580956880617,6.404870937720104e-05
1,48100000,48200000,48150000,0.0008917305402514333,0.005951132330286798,-2.1988465119583434,0.00023871223301435122,0.06645960312721075,7195.0,14219,0.0008653066484425202,0.005788189582674977,-2.1996609250134447,0.00021275571830920654,0.06089802658978315,6998.0,14219,0.06674978278180661,0.0009413537528721242,6.283515852514966e-05
1,48200000,48300000,48250000,0.0006137795000149918,0.005884962686586566,-2.3166115011174866,-0.00036836655922563516,-0.10370793569004906,7115.0,14286,0.0005026163203191927,0.005902332218057877,-2.366125647714852,-0.0005847076587646376,-0.16413172553333705,7136.0,14286,0.09446756724905411,0.0006164306103000475,5.82327001329557e-05
1,48300000,48400000,48350000,0.00047991116431163376,0.005779091256666195,-2.3715220353815045,-1.8118250782519708e-05,-0.005194220803377089,6987.0,14088,0.0003798188794587792,0.005832026971626381,-2.417889075181726,-0.0002280483179432025,-0.06478537879619434,7051.0,14088,0.09084950170369999,0.00047282053157402616,4.295550968881848e-05
1,48400000,48500000,48450000,0.0005674698629906238,0.0057426979526310675,-2.3307074422828875,0.00010830945967858171,0.031247116521619753,6943.0,13908,0.0006025324425144222,0.005694724960948399,-2.312603749955672,0.00010206805506053541,0.029694160483840305,6885.0,13908,0.09080937716506324,0.0006434306932560709,5.842954050354919e-05
1,48500000,48600000,48550000,0.0007872540179662001,0.0058899254098640835,-2.240665947814845,-3.448745402254758e-05,-0.009701243124453677,7121.0,14129,0.0007943586660286836,0.005848569382551439,-2.2350582713844185,-9.498450100501544e-06,-0.002690757704337541,7071.0,14129,0.08189614767644617,0.0008613473737161307,7.054103171868703e-05
1,48600000,48700000,48650000,0.0006532098171561668,0.005855186346921462,-2.297806683108452,8.790124912847815e-05,0.024872907328308998,7079.0,13945,0.0005727906742607342,0.005628555317248167,-2.3230145481990307,-3.3545442746447304e-05,-0.009873763543513547,6805.0,13945,0.119234475118673,0.0006959857401220731,8.298549441361971e-05
1,48700000,48800000,48750000,0.0007837364898369157,0.005870074516754014,-2.241036475929099,0.000304149946443472,0.0858455920664937,7097.0,14153,0.0005074103715157046,0.005856013467467715,-2.3622410343043154,-0.00022911529632899742,-0.064822285012653,7080.0,14153,0.17857173701499943,0.0007859157759320958,0.0001403423452557867
1,48800000,48900000,48850000,0.0006093845190471844,0.005786535341582471,-2.3139342542563552,9.393398974388404e-05,0.026894823388351315,6996.0,14083,0.0003738162913869014,0.0058221015250713454,-2.42026278934196,-0.00039240041755621085,-0.11166529824294479,7039.0,14083,0.20357005990235819,0.0006172550534160626,0.00012565464819901955
1,48900000,49000000,48950000,0.000896017479608825,0.005906467820789142,-2.194016421922973,-1.821334326542967e-05,-0.005109044484312414,7141.0,14126,0.0006174418902468957,0.005887444048225325,-2.315117621139493,-0.0005147729160732131,-0.1448654013115213,7118.0,14126,0.21498383173096497,0.000963967005414124,0.0002072373204862606
1,49000000,49100000,49050000,0.0007836647131771549,0.0058254100072563575,-2.2383974567328697,0.0004383899369593843,0.12468177974392713,7043.0,14112,0.0004114992986609741,0.0058576677085602205,-2.404652955151573,-0.00029187975146154386,-0.08255658832179935,7082.0,14112,0.2817763155608586,0.0008320277078941061,0.00023444570197504567
1,49100000,49200000,49150000,0.001009311027248318,0.0059618848973880855,-2.1485416461446545,0.00029868025507857963,0.08300547746438067,7208.0,14207,0.0007913609592116102,0.005859321949652726,-2.2370317096614,1.668885809257773e-05,0.004719021370998422,7084.0,14207,0.25997307774061246,0.0012166259985261427,0.0003162900052961807
1,49200000,49300000,49250000,0.0010823155649237024,0.0059759459466743855,-2.117982028477338,0.00036619914552749137,0.1015303747971188,7225.0,14271,0.0009188111519475641,0.005918874628982935,-2.1848848795707116,2.6829795969964748e-05,0.007510302489601269,7156.0,14271,0.22438001755222425,0.001290017509964144,0.00028945415152851665
1,49300000,49400000,49350000,0.0009913626738427717,0.005921355990621694,-2.15336468508292,0.0004935564559965873,0.13810046295570758,7159.0,14169,0.0006932902655966629,0.005821274404525093,-2.2783003616743978,-4.438237843579344e-05,-0.012631675246365541,7038.0,14169,0.1380973480944255,0.000977287246834127,0.0001349607771144082
1,49400000,49500000,49450000,0.0012297970926089794,0.0060297087821808235,-2.0589217525476835,0.00044656385491458154,0.12270950841526104,7290.0,14262,0.0007940853240092639,0.005890752530410336,-2.237715595833644,-0.00041352896897771645,-0.11630845845712597,7122.0,14262,0.21637264813712995,0.0012913551395361575,0.00027941393122703743
1,49500000,49600000,49550000,0.0017525543156452978,0.005973464585035626,-1.8275840258288654,0.0004299304795088835,0.11924961934716538,7222.0,14354,0.0005111730390403828,0.006028054541088318,-2.367114454494461,-0.0020450539959200867,-0.5621062562353196,7288.0,14354,0.39359501403052044,0.001866514463982227,0.0007346507866393894
1,49600000,49700000,49650000,0.0015995878496106147,0.0060007595630619725,-1.8969778062269904,0.00040829739043797786,0.11273488536984971,7255.0,14425,0.0004277200644466325,0.006003240924700731,-2.4021497242789933,-0.001804595471462833,-0.498060730093305,7258.0,14425,0.3734095427857399,0.0016177296435942168,0.0006040756865655963
1,49700000,49800000,49750000,0.0009914388201422413,0.005966847620665603,-2.1566551517221026,0.00034930150452307473,0.09699288204905869,7214.0,14304,0.0006327674798607933,0.005913911905705418,-2.3096431525782912,-0.0004212597082251317,-0.11801949009073215,7150.0,14304,0.24205306294115198,0.0010714511930781409,0.0002593480430766215
1,49800000,49900000,49850000,0.0010326157966880096,0.005956922174110569,-2.1380559073030727,0.0002342234832948533,0.06514660745694202,7202.0,14316,0.0007665234534765514,0.00587751860167029,-2.2490521400596037,-0.00013145713808739785,-0.037056538590094584,7106.0,14316,0.099779294541551,0.0009992767547201216,9.970712963784436e-05
1,49900000,50000000,49950000,0.0006233152376683735,0.005888271168771578,-2.3125763567514777,0.0001310629196611852,0.036878046228372555,7119.0,14278,0.0005185095828158209,0.005879999963309049,-2.3582862765730175,-0.0001121711262712779,-0.03160666829503365,7109.0,14278,0.10436399472135997,0.0006374379847140661,6.652557447196927e-05
1,50000000,50100000,50050000,0.0007616965293733084,0.005892406771502842,-2.2520307904147856,0.00029061953101131813,0.08171624428132866,7124.0,14234,0.0006104715280652738,0.005841952418181416,-2.316066953695617,8.165386323861554e-05,0.023157383083778776,7063.0,14234,0.08939117480994847,0.0007534344163380829,6.735038761878897e-05
1,50100000,50200000,50150000,0.0006451658269442661,0.005752623399186102,-2.2962232289512596,0.0003130960815327972,0.09017213674406244,6955.0,14039,0.0004982071778097694,0.005803904873053782,-2.3643012606598264,0.0001442128336043119,0.04116708583024126,7017.0,14039,0.08432677598822748,0.0006243346287580577,5.264812638104054e-05
1,50200000,50300000,50250000,0.0006868690271382743,0.005841952418181416,-2.282244461238029,4.702838717986495e-05,0.013337450728496215,7063.0,14113,0.0005460335686776827,0.005795633667591253,-2.342637233254992,-0.00025354251874122347,-0.0724795420990452,7007.0,14113,0.12551131913988972,0.0007049277039260808,8.847640601810263e-05
1,50300000,50400000,50350000,0.0009196442014900479,0.005860149070198979,-2.1804643466680105,5.1580925905265644e-05,0.014583213882388044,7085.0,14229,0.0005824350477144711,0.005955267933018062,-2.3334461520432423,-0.0006936012892849584,-0.19297084765002587,7200.0,14229,0.11569079079850758,0.000849295265488112,9.825564088584855e-05
1,50400000,50500000,50450000,0.0007094199768417736,0.0058543592263752085,-2.2729329336251727,0.00030393420462604284,0.08601463399278556,7078.0,14201,0.0006094775807538006,0.005864284672930244,-2.317546578956911,0.00019611593311531919,0.05540782038543683,7090.0,14201,0.18401190657270372,0.0008081598054061044,0.00014871102660831526
1,50500000,50600000,50550000,0.0008051920991070145,0.005924664472806706,-2.2348799397471986,0.0004223517178891911,0.11811099591286094,7163.0,14235,0.0007241280089840989,0.005894061012595348,-2.268610868400215,0.0002863675990839917,0.08049812271226674,7126.0,14235,0.11981455438331946,0.0008687488049861186,0.00010408875094056057
1,50600000,50700000,50650000,0.0008675464751247791,0.005912257664612912,-2.206858473997565,0.00012092800860009547,0.03388847539512784,7148.0,14200,0.0008126368781028107,0.005889098289317831,-2.229469379365627,-1.9606092592927952e-05,-0.0055159231288786775,7120.0,14200,0.08868491020639385,0.0009218454583081302,8.175378169433884e-05
1,50700000,50800000,50750000,0.0006377076309103038,0.005860149070198979,-2.3048954840735343,0.00017705887825676875,0.050058959704144666,7085.0,14113,0.00043281907018669096,0.005817138801793829,-2.3938854742176283,-0.00019472526326065476,-0.055460127131484266,7033.0,14113,0.08297078087082521,0.0005836927977680542,4.8429447219557035e-05
1,50800000,50900000,50850000,0.0005424735513075054,0.005866766034569002,-2.3472001485813725,0.0001689503426474097,0.047712680250135094,7093.0,14308,0.0004379906885168738,0.0059089491824279,-2.39466278501605,-4.113039408396496e-05,-0.011532693203803495,7144.0,14308,0.09460742972067969,0.0005414580768660389,5.1225956953849806e-05
1,50900000,51000000,50950000,0.0005901449803917974,0.0057501420375473435,-2.3208437546523286,0.000244687604760031,0.07050075769481287,6952.0,14079,0.0004221327753557395,0.0058394710565426566,-2.399366968664685,-0.0001237581295253181,-0.035113224162188365,7060.0,14079,0.11616778922150565,0.0005726639872380533,6.652510936428342e-05
1,51000000,51100000,51050000,0.0005114148399743888,0.005769992930657413,-2.357057296313745,0.00017948504650244437,0.05153658634207807,6976.0,14024,0.00033732927211070006,0.005789843823767482,-2.435617769684403,-0.00012335803594439284,-0.03529925254861934,7000.0,14024,0.15192465161212718,0.0005003942831840367,7.602222714149164e-05
1,51100000,51200000,51150000,0.000984759094090978,0.005927145834445464,-2.156672056391252,0.0003883027760277902,0.10854378892512247,7166.0,14205,0.0006122748252962452,0.005888271168771578,-2.3174257414290853,-0.00036284342333827964,-0.10209566957703639,7119.0,14205,0.1514050742163082,0.0009409871959301181,0.0001424702362365012
1,51200000,51300000,51250000,0.0007104868963429702,0.005988352754868179,-2.2795542924227292,-0.0002735749528015555,-0.0756929787962929,7240.0,14371,0.0006748218191521927,0.005889098289317831,-2.289994699870788,-0.0005233032911649603,-0.14722468097474545,7120.0,14371,0.1975823660449589,0.0008632092920661122,0.0001705549343185291
1,51300000,51400000,51350000,0.0007589509941119613,0.005844433779820174,-2.2504764881835753,-6.195201031611262e-05,-0.017562405304203527,7066.0,14149,0.0005969903615596077,0.005864284672930244,-2.3230538624054837,-0.0002560713774018146,-0.07234678314784437,7090.0,14149,0.20443629741909441,0.0008521890524121027,0.00017421837457632164
1,51400000,51500000,51450000,0.0008598380118721484,0.005832854092172633,-2.2050696343698872,0.00018718989888301038,0.05317053646120117,7052.0,14137,0.0002772163965919478,0.005866766034569002,-2.4641380581567747,-0.0009952859040031114,-0.2810752399258018,7093.0,14137,0.521293642423629,0.0011876324499021397,0.000619105245670097
1,51500000,51600000,51550000,0.0008380447474715048,0.005876691481124037,-2.2175274454297274,0.00019173345138253395,0.05405546365625611,7105.0,14145,0.0001890180553365468,0.0058576677085602205,-2.502885352492326,-0.0007317405870939061,-0.20696881542679602,7082.0,14145,0.5135904338805699,0.0010557592555201249,0.0005422278541161
1,51600000,51700000,51650000,0.0007335812833288415,0.005908122061881647,-2.2652360916395806,0.0003327888229202277,0.09332485111520736,7143.0,14230,0.00014352280896408464,0.005842779538727669,-2.5228026994056414,-0.0007956184087121313,-0.22560887179731853,7064.0,14230,0.4680166838330138,0.0008243718041881041,0.00038581975804163844
1,51700000,51800000,51750000,0.0005580867023130182,0.005819620163432587,-2.3382982533412395,8.556689856097449e-05,0.024360119634026275,7036.0,14187,0.0005491652809928017,0.005887444048225325,-2.3451116090843565,0.00010486382731825557,0.02951037234709648,7118.0,14187,0.2199386616174411,0.0007097211006520794,0.00015609510899916977
1,51800000,51900000,51850000,0.0004388057112731001,0.005886616927679072,-2.39356514603014,-5.889394250745241e-05,-0.01657603060912947,7117.0,14058,0.0002803806212961949,0.005685626634939617,-2.4586987499788737,-0.00032922745729460195,-0.0959335709435238,6874.0,14058,0.105578675149953,0.0004020400188300068,4.2446852545359734e-05
1,51900000,52000000,51950000,0.0004812992847668389,0.00580059639086877,-2.3717114930735157,3.3483878386769846e-05,0.009563772467524413,7013.0,14129,0.0003161415392893716,0.005797287908683759,-2.4452679068750527,-0.00027421218637389247,-0.07836599217025482,7009.0,14129,0.11769557252776042,0.0004519079805260401,5.318756849793587e-05
1,52000000,52100000,52050000,0.0006648914665966694,0.0059221831111679465,-2.2960045664662387,-0.0003220337849738749,-0.09009468339764866,7160.0,14265,0.0003854828283742679,0.00594037976318551,-2.4185557070765884,-0.0008377150300583594,-0.23364883443780818,7182.0,14265,0.15370041682471752,0.000620568836292062,9.538168880659427e-05
1,52100000,52200000,52150000,0.0007445767640556513,0.005841125297635162,-2.2566491357983933,0.00010405607713677042,0.02951491883316453,7062.0,14126,0.0003367446914188936,0.005832026971626381,-2.436991172336377,-0.0005265758178142323,-0.14959292017451914,7051.0,14126,0.1842013660749234,0.0006627379665200829,0.00012207723878281002
1,52200000,52300000,52250000,0.0009255651454114859,0.005779091256666195,-2.172080193829712,0.00014384801800018963,0.04123899026400587,6987.0,14057,0.0003041752161161407,0.005895715253687854,-2.4529281311534947,-0.0011768626198983016,-0.3307241815632114,7128.0,14057,0.3683320769153997,0.0009734073209881198,0.000358537140224309
1,52300000,52400000,52350000,0.0014895046103622005,0.005892406771502842,-1.9325728341963524,0.0003524961555936125,0.09911468048441341,7124.0,14313,0.0012014697067591295,0.006086780099872274,-2.0759307662225503,-0.00015502636613965422,-0.04220023234484931,7359.0,14313,0.14355819612270534,0.0015710199484301928,0.00022553278986952308
1,52400000,52500000,52450000,0.0007755402848448613,0.005855186346921462,-2.243771113244866,0.0002907225661096652,0.08226408062216217,7079.0,14173,0.0007404269151871617,0.005856840588013968,-2.2593745661593023,7.434436527964778e-05,0.02103086153541824,7081.0,14173,0.07779992449885254,0.0008219296659721003,6.394606595608593e-05
1,52500000,52600000,52550000,0.0009538324869929088,0.005939552642639258,-2.1710427774902605,0.00022346013193733357,0.0623343948032119,7181.0,14311,0.0007968306254922845,0.005952786571379304,-2.2401876572509907,-6.225430817108716e-05,-0.017327342187683812,7197.0,14311,0.12149730289584774,0.000996390288986137,0.00012105873274353897
1,52600000,52700000,52650000,0.0007036910944969529,0.005890752530410336,-2.2774036054606053,4.2586741039409335e-05,0.011977874762320295,7122.0,14342,0.000619377347495472,0.00599166123705319,-2.3190546873197606,-0.0001944930374864036,-0.05378284814024161,7244.0,14342,0.19504325477229686,0.0008218257998561048,0.00016029157885989336
1,52700000,52800000,52750000,0.0007803835605916184,0.005894888133141601,-2.243973924563002,0.0002239665531775316,0.06294832665562017,7127.0,14166,0.0005866276082820743,0.005865111793476496,-2.327661117131464,-1.2441640404422714e-05,-0.003514590038307906,7091.0,14166,0.13718306853023796,0.0007921791512280932,0.00010867356679124882
1,52800000,52900000,52850000,0.0007168356577445879,0.005979254428859397,-2.276336485503951,1.9716375939756006e-05,0.005463434380256997,7229.0,14193,0.00044212959368392503,0.005776609895027436,-2.388343870678671,-0.00046982635348757966,-0.1347496806949336,6984.0,14193,0.3330519321973728,0.000868857192470107,0.0002893745667558497
1,52900000,53000000,52950000,0.0008509427148151805,0.005894888133141601,-2.2130163019876545,0.00028811369191294377,0.08097760373227074,7127.0,14271,0.000704309132265329,0.005970156102850615,-2.281286092680892,-5.999582161023682e-05,-0.01665022189889,7218.0,14271,0.23225186718157248,0.001012865926076145,0.0002352400025358915
1,53000000,53100000,53050000,0.0007233189148591582,0.00576916581011116,-2.262028407622194,0.00014126017594176112,0.04056666308717064,6975.0,14060,0.0005049379489034805,0.00582044728397884,-2.3619506430209425,-0.00034949969594900293,-0.09948527403546292,7037.0,14060,0.24333444604768834,0.0008116246717901081,0.00019749623990879286
1,53100000,53200000,53150000,0.0006569411787697929,0.005895715253687854,-2.298174780968709,0.00021193753809137532,0.059559091811284735,7128.0,14279,0.0004930540070800622,0.005969328982304362,-2.3727766385678013,-7.700101693018581e-05,-0.02137251181239215,7217.0,14279,0.20892256278695104,0.0007268537388080841,0.0001518561458831617
1,53200000,53300000,53250000,0.0007556675464034835,0.005920528870075441,-2.2562670846678525,0.0001261448409044224,0.03530111065884634,7158.0,14196,0.0006954351663516754,0.005823755766163852,-2.2774803832204933,-2.983387433875521e-05,-0.008487410966094242,7041.0,14196,0.11216010501745899,0.0008172096798960998,9.165832351852728e-05
1,53300000,53400000,53350000,0.0009294521422754592,0.00590315933860413,-2.179146029204059,0.00017909608646887945,0.050266550536918427,7137.0,14232,0.000727420779467816,0.0059577492946568215,-2.2706110238286854,-0.0001484028735087432,-0.041270855372185396,7203.0,14232,0.10357991216520279,0.0009241609733141264,9.572451244248598e-05
1,53400000,53500000,53450000,0.0008369280483625032,0.005902332218057877,-2.2196320971214925,0.00027260308419485097,0.0765216838259695,7136.0,14054,0.00036942428313681616,0.005746006434816079,-2.4199966622841487,-0.0006316173383854428,-0.18211589298316488,6947.0,14054,0.29439124351567875,0.0008548308963101104,0.0002516547305604453
1,53500000,53600000,53550000,0.001002961029450331,0.005798115029230012,-2.138925877995597,0.0002556245559255855,0.07304350272911561,7010.0,14200,0.000754779555087563,0.006016474853440777,-2.2619617588026895,-0.00022789626437865905,-0.06276025532009698,7274.0,14200,0.0970780281107049,0.0009733623941281127,9.449210185916684e-05
1,53600000,53700000,53650000,0.000750657340285417,0.005788189582674977,-2.2508889567586934,-0.00018420417461775584,-0.05272558976543257,6998.0,14052,0.0006173580693906867,0.005870901637300267,-2.3143814396280518,-0.00046069101529020215,-0.1300106410359151,7098.0,14052,0.08560159758590466,0.0007480412291100946,6.403352427204495e-05
1,53700000,53800000,53750000,0.0008661462923769494,0.005890752530410336,-2.206076890335132,2.9161353441524086e-05,0.0082018729514687,7122.0,14165,0.0005326762200301922,0.005848569382551439,-2.3507787168128242,-0.000559488208346142,-0.15849398493064648,7071.0,14165,0.0724613647233865,0.0007540508067301098,5.463955052653702e-05
1,53800000,53900000,53850000,0.0009269146309223464,0.0059974510808769605,-2.186689095637248,-8.037888023680878e-05,-0.022205616640556664,7251.0,14198,0.0006161437919619168,0.005828718489441369,-2.312929247105545,-0.0007820293592456784,-0.22228965959688982,7047.0,14198,0.10233857838481748,0.0008594879905321118,8.795877908998221e-05
1,53900000,54000000,53950000,0.00047689085988258944,0.0057749556539349305,-2.372718520848978,0.00015723075425552892,0.045107843711968264,6982.0,14002,0.00039517987997878727,0.005798942149776265,-2.4100582872172494,1.815283788836332e-05,0.005186348471920925,7011.0,14002,0.08798447441910769,0.0004781008192300314,4.2065449299344235e-05
1,54000000,54100000,54050000,0.0008622499772858046,0.005859321949652726,-2.205740825300246,0.00022078071737919642,0.062429012089218715,7084.0,14090,0.0005977130998029913,0.00587172875784652,-2.3230733158422106,-0.000302454779203834,-0.0853431205051902,7099.0,14090,0.14886375900927104,0.0008576553357601063,0.00012767379721570835
1,54100000,54200000,54150000,0.0007840670284543002,0.005851050744190197,-2.239757746808252,0.00029552333080131495,0.08368154248056006,7074.0,14176,0.0005125577860578509,0.005865111793476496,-2.360323798138969,-0.00019118659090593893,-0.054007547719929445,7091.0,14176,0.20122076029269564,0.0008116290146621022,0.00016331660740602516
1,54200000,54300000,54250000,0.0006600250293282939,0.005840298177088909,-2.2940451105255173,0.0003090813489694792,0.08768157711898773,7061.0,14148,0.0005379985177351692,0.005874210119485279,-2.3494775599678004,7.063278182779811e-05,0.019921918510679995,7102.0,14148,0.12963390113531748,0.0006882296706100752,8.921789707834293e-05
1,54300000,54400000,54350000,0.0006365669562355585,0.005865111793476496,-2.3056392876880283,0.00027278690900107413,0.07705850047033773,7091.0,14186,0.0005423732140781325,0.005851050744190197,-2.3465936127739346,0.00010699045059648199,0.030295834553323638,7074.0,14186,0.08505389484494909,0.0006442675495700689,5.479746441322355e-05
1,54400000,54500000,54450000,0.0009031541861098926,0.005990834116506937,-2.1965024619877256,0.0002367878770147928,0.065487599441819,7243.0,14438,0.00037561304061439066,0.005994969719238202,-2.4243717281347106,-0.0009236966679987472,-0.25528760072484413,7248.0,14438,0.2327436011440742,0.0008333376095861133,0.0001939539962239718
1,54500000,54600000,54550000,0.0006079509539995344,0.005776609895027436,-2.31410263120167,0.00023509149989497913,0.06742598474902048,6984.0,13998,0.00040768660367402617,0.005767511569018655,-2.4034714514366042,-0.00014343478073182412,-0.04120295598094576,6973.0,13998,0.16444901395823758,0.0006077651601400704,9.994638130328965e-05
1,54600000,54700000,54650000,0.0006691917798698016,0.005913084785159165,-2.293672065800354,-5.012112530725986e-05,-0.014043820805751938,7149.0,14197,0.00047820995974958693,0.005860149070198979,-2.3752888941772685,-0.00043418738657390477,-0.12275560029828711,7085.0,14197,0.12898545694255475,0.0006586581985140668,8.495732870437408e-05
1,54700000,54800000,54750000,0.0006454252020660141,0.005916393267344176,-2.304227141618687,0.0002673323689516754,0.07486407174710476,7153.0,14170,0.0004717556004719936,0.005827891368895116,-2.376967160584523,1.3955905391036651e-05,0.003967489260748991,7046.0,14170,0.07933814796324458,0.0006067269975760603,4.813659630705608e-05
1,54800000,54900000,54850000,0.0009409760734147718,0.005844433779820174,-2.1699250089057474,0.0002812383396914251,0.07972657680581308,7066.0,13999,0.0007108712562385788,0.00573773522935355,-2.265845796789095,-0.00018245172946530745,-0.052682507941843995,6937.0,13999,0.131809872764031,0.0009513165825281211,0.0001253929177014473
1,54900000,55000000,54950000,0.0006199217989859864,0.005770820051203666,-2.308461405540258,-3.87831882958929e-05,-0.011134448955324457,6977.0,14130,0.0006122710591445872,0.00593458991936174,-2.3195508944199683,-0.0001893042201742348,-0.05285066781155555,7175.0,14130,0.1268760740995783,0.0007056231203720852,8.952669130679887e-05
1,55000000,55100000,55050000,0.0007405643200652124,0.006018129094533283,-2.2681611137954643,0.00011850241386813956,0.03262537197573014,7276.0,14349,0.000511033185291842,0.005851050744190197,-2.360446839110798,-0.00029388958897593105,-0.08321892575384536,7074.0,14349,0.19840745233155005,0.0007806943246901096,0.00015489557201157808
1,55100000,55200000,55150000,0.0005781106822748156,0.005796460788137506,-2.32836007124046,-9.732197088373098e-05,-0.02781721541332395,7008.0,14108,0.0002717971228492115,0.005903986459150383,-2.4673036478970216,-0.0006560743509875511,-0.1841133542494175,7138.0,14108,0.18031961834691462,0.0005184385427220436,9.348464016003028e-05
1,55200000,55300000,55250000,0.0009091512180442138,0.005891579650956589,-2.1872518310483127,0.0002797122501865293,0.07866036612077537,7123.0,14170,0.0006815198981589847,0.005884135566040313,-2.286798002777594,-0.00022594689354896587,-0.06362079912665997,7114.0,14170,0.15632902018158334,0.0009427082086821164,0.00014737265058051662
1,55300000,55400000,55350000,0.0008052123057870821,0.006001586683608225,-2.2394150456856687,0.00013616986902670021,0.0375926527425641,7256.0,14375,0.0006828725862138707,0.005949478089194292,-2.2895340657436964,-9.022018722588754e-05,-0.025125074189060816,7193.0,14375,0.14344223007014145,0.0008686424571941238,0.00012460001119364662
1,55400000,55500000,55450000,0.00042123674618344806,0.005837816815450151,-2.399710029422888,0.00016887115634354845,0.047926455639903394,7058.0,14186,0.0003981488120021039,0.005880827083855302,-2.411252832289973,6.337809480892603e-05,0.017855656487752006,7110.0,14186,0.11359745653820075,0.0004621972061280318,5.250442703525515e-05
1,55500000,55600000,55550000,0.0007248567780777936,0.005863457552383991,-2.2666149435819203,0.00012547971381714256,0.035456256032592816,7089.0,14283,0.000576619402578018,0.005936244160454246,-2.335159354449907,-0.00016071433437537166,-0.04485635031405336,7177.0,14283,0.1539118910116264,0.0007691138587280959,0.00011837576840019181
1,55600000,55700000,55650000,0.0006486781842118388,0.006016474853440777,-2.3075739103753095,0.00015179431280312023,0.041802571242824625,7274.0,14176,0.0006271271390953857,0.005783226859397459,-2.3058419984587304,6.656960134400087e-05,0.019070842962753246,6992.0,14176,0.05437509743176111,0.0006745831882400761,3.6680526586463176e-05
1,55700000,55800000,55750000,0.00076055813978941,0.005873382998939025,-2.2514393232946697,-5.773150889909573e-05,-0.016285414666202057,7101.0,14248,0.0006744997157231606,0.005946996727555534,-2.293050348210601,-0.00025384239697200285,-0.07072104879014725,7190.0,14248,0.06382301591707941,0.0007664458109481032,4.89168831918181e-05
1,55800000,55900000,55850000,0.0009416298602306357,0.005864284672930244,-2.1710562577155557,0.0003721062089261174,0.10512962236658599,7090.0,14101,0.000866242760753634,0.005862630431837738,-2.204195857884195,0.00022506824733448837,0.06360551310607368,7088.0,14101,0.0756804191861429,0.000977947810752118,7.401150025997779e-05
1,55900000,56000000,55950000,0.0010525867052170919,0.0058179659223400815,-2.118401780141134,0.0003856148148481793,0.10981220645398644,7034.0,14179,0.0008954501369433989,0.005985044272683167,-2.199451714088776,8.986026348664367e-05,0.0248763471669266,7236.0,14179,0.05629935818468596,0.0010321264794381259,5.810805835787136e-05
1,56000000,56100000,56050000,0.0008115331123131423,0.0059329356782692345,-2.2326098842249156,0.00010707806474464661,0.029902781898204826,7173.0,14248,0.0006939182287902936,0.005851050744190197,-2.2796062017748375,-0.00016299865077053056,-0.046155335626947507,7074.0,14248,0.09862484499782695,0.0008350858866861073,8.236021613439206e-05
1,56100000,56200000,56150000,0.0007326636050840605,0.005904813579696635,-2.2654563986476393,-0.0002740801839058693,-0.07690403367242445,7139.0,14193,0.0009072414180422165,0.005919701749529188,-2.18999632649236,0.0001251383426394382,0.03502433210470209,7157.0,14193,0.11237312528410469,0.0009237580957941135,0.00010380558423097725
1,56200000,56300000,56250000,0.0010781702711027618,0.0059900069959606846,-2.1208781580249556,6.597443854440072e-05,0.018248836804298927,7242.0,14305,0.0011150661779038356,0.005906467820789142,-2.0980976105318816,0.00020250667955081569,0.056805366215180085,7141.0,14305,0.11392483515184713,0.0012376130919901538,0.00014099486748685622
1,56300000,56400000,56350000,0.0014139489020571045,0.006057830880753423,-1.9827576149577546,0.0002560556856928973,0.07003436356667185,7324.0,14291,0.001114173014896197,0.005927972954991717,-2.100268909459704,-0.0003547740014080395,-0.09915754300708593,7167.0,14291,0.07100023626953102,0.0013606687620681581,9.660780359150664e-05
1,56400000,56500000,56450000,0.0013696332716547997,0.005873382998939025,-1.9832322674107519,0.00029312948193886316,0.08268855699938489,7101.0,14214,0.0011647198035240947,0.006007376527431996,-2.0849691318591885,-0.0001832797201451973,-0.05054965613136587,7263.0,14214,0.09227213169497403,0.0013959872576741776,0.0001288107200847344
1,56500000,56600000,56550000,0.0007596821654356667,0.005977600187766891,-2.2577108268017065,-0.00023586262139823347,-0.06537591137895744,7227.0,14225,0.000183817061158605,0.005856013467467715,-2.5051578636967293,-0.0010054212082361378,-0.28445809233296615,7080.0,14225,0.4366261480475231,0.0008373651202700963,0.00036561550697296054
1,56600000,56700000,56650000,0.0009449494570386027,0.005788189582674977,-2.164074628047307,0.0003583847989360165,0.10258209362561324,6998.0,14013,0.0002823352476824583,0.005856013467467715,-2.461646745250116,-0.0009161329126691803,-0.2591962637415471,7080.0,14013,0.38333916236403315,0.0009951051127441287,0.00038146276038359615
1,56700000,56800000,56750000,0.001138987789019942,0.005876691481124037,-2.0850812769600053,0.0003123017213012447,0.08804730851010747,7105.0,14212,0.0006002003992459872,0.005932108557722982,-2.3247007574447043,-0.0006852026575426309,-0.1913773687864448,7172.0,14212,0.23192643820113285,0.001132175532896141,0.00026258143876317804
1,56800000,56900000,56850000,0.0010155224637726837,0.005829545609987622,-2.135780862229783,0.000489646313559175,0.1391608781374357,7048.0,14158,0.0009573613480575214,0.005938725522093005,-2.169447659748812,0.00034394978838591826,0.09595843062036664,7180.0,14158,0.05427676821580802,0.0010430555925481392,5.6613686633034774e-05
1,56900000,57000000,56950000,0.0008820667011670413,0.005823755766163852,-2.194597565900551,-0.0001927037660376672,-0.05482211389994069,7041.0,14184,0.0007121612499105119,0.005956095053564316,-2.277148837806797,-0.0005416817602216363,-0.15068353456930278,7201.0,14184,0.047363609127651675,0.000836745250524115,3.9631274985337656e-05
1,57000000,57100000,57050000,0.0011740032502165578,0.0059726374644893734,-2.0780162466480654,3.565417690977881e-05,0.009890750176928713,7221.0,14264,0.0005679301011270036,0.00588330844549406,-2.3366906021041043,-0.0011680510368584584,-0.32893911971884393,7113.0,14264,0.15449990657908488,0.0010301201412621368,0.00015915346559035627
1,57100000,57200000,57150000,0.0013021829933179965,0.00587172875784652,-2.012771770009105,0.00014523459532197336,0.04098058428011306,7099.0,14180,0.00036657095392752224,0.0059221831111679465,-2.4262893795726588,-0.0017080775043391803,-0.477865084821981,7160.0,14180,0.24837921459796197,0.0011101036451201455,0.0002757266714973855
1,57200000,57300000,57250000,0.0007876625292893103,0.0057857082210362185,-2.234201898808512,0.00016450255035351682,0.047106468973852476,6995.0,14115,0.0005328372163801551,0.005879999963309049,-2.3519841741327197,-0.0003484477084611263,-0.09818276329739789,7109.0,14115,0.16004793829601754,0.0007860566131540989,0.00012580674031936894
1,57300000,57400000,57350000,0.0005069024681706712,0.005851050744190197,-2.3622727391316096,-3.562615796959342e-05,-0.0100880422654549,7074.0,14129,0.0004746027584035732,0.005777437015573689,-2.373835933642091,-0.00012594643471236665,-0.036117207434300726,6985.0,14129,0.1685216115710701,0.0005902169197860616,9.946430649893735e-05
1,57400000,57500000,57450000,0.0007682317247132644,0.005899023735872866,-2.2495439400755854,0.00028310571584916436,0.07951435435586807,7132.0,14033,0.0003234102680906621,0.005731118264983527,-2.4403206023493746,-0.0007481942139661935,-0.21628837206496948,6929.0,14033,0.3159118362950891,0.0007978810705420986,0.00025206007414013714
1,57500000,57600000,57550000,0.0008143704875709062,0.005797287908683759,-2.2229962915225223,0.00011532724100442834,0.03295890596651688,7009.0,14131,0.00042989181587414863,0.00587751860167029,-2.3971841736478217,-0.0006731176972650349,-0.18974558770474687,7106.0,14131,0.2752478716217656,0.0008584054152621159,0.00023627426353958867
1,57600000,57700000,57650000,0.0008531895659896881,0.005828718489441369,-2.207747041483298,0.00014767934498146219,0.04197744104784682,7047.0,13913,0.0004188121307492918,0.005757586122463619,-2.3981530354662346,-0.0006552926676707413,-0.18856283809290217,6961.0,13913,0.18711755943989222,0.0007824020013660852,0.00014640115299659258
1,57700000,57800000,57750000,0.0006742932755087553,0.0058609761907452325,-2.288791050284126,0.00017219478709986732,0.04867689967954121,7086.0,13975,0.0005087385820898134,0.005723674180067251,-2.356385190664755,-0.00010254523604437417,-0.029682325371079083,6920.0,13975,0.155828347472369,0.0007007057474960821,0.00010918981869679684
1,57800000,57900000,57850000,0.0008740662210642411,0.006035498626004594,-2.211874957924195,-5.420778127381482e-05,-0.014881272381317447,7297.0,14387,0.0007391795408334253,0.005946169607009281,-2.2648754445686015,-0.00034525775450157186,-0.09620292842774704,7189.0,14387,0.13570031293941323,0.0009332675841781302,0.0001266447032293027
1,57900000,58000000,57950000,0.0005720814232642266,0.005932108557722982,-2.336960571908958,8.396044450442886e-05,0.02345018480959148,7172.0,14218,0.000348433924845233,0.005809694716877552,-2.4312006114366596,-0.0003153172721607505,-0.08992109785306751,7024.0,14218,0.13940791276476847,0.0005348151358600471,7.455746180531768e-05
1,58000000,58100000,58050000,0.0005496369918339132,0.005751796278639849,-2.339135315030133,0.00018034439437192886,0.05194691123025867,6954.0,13981,0.00029574983666034603,0.005740216590992309,-2.453019790614801,-0.00029097415141754603,-0.08398183836237698,6940.0,13981,0.1543221841338768,0.0004998279561280503,7.713454188092087e-05
1,58100000,58200000,58150000,0.0005437849862338548,0.005865938914022749,-2.3465877541533584,7.141621093009561e-05,0.02017124400488941,7092.0,14083,0.0003709407583815678,0.005758413243009872,-2.4196810531344117,-0.0002691071931239574,-0.07742546345135358,6962.0,14083,0.2131337918746409,0.000581246046132063,0.00012388317382435276
1,58200000,58300000,58250000,0.0006307891233892288,0.005815484560701322,-2.3057866922623256,8.683669936298322e-05,0.02473917443125475,7031.0,14152,0.0005299096982089759,0.00590315933860413,-2.3541988210388176,-9.332013497736333e-05,-0.026191980927326358,7137.0,14152,0.08816052428570643,0.0006364600637020633,5.611065290296374e-05
1,58300000,58400000,58350000,0.0007253455722657303,0.005938725522093005,-2.270493490615768,5.297816740166766e-05,0.014780360310334266,7180.0,14259,0.0005645041916819077,0.005870901637300267,-2.3376655395884605,-0.00018241753089533525,-0.05147966715381213,7098.0,14259,0.11517100332055129,0.0007288695153461024,8.394463337228003e-05
1,58400000,58500000,58450000,0.0007322224085940995,0.005977600187766891,-2.269592230468308,-3.566798393984385e-05,-0.009886377685848841,7227.0,14318,0.0004274587849398372,0.0058791728427627955,-2.398308650558969,-0.0005208921882179309,-0.14679338553412682,7108.0,14318,0.14448688265052392,0.000677769381916078,9.792878514911394e-05
1,58500000,58600000,58550000,0.0006777263388873876,0.005946169607009281,-2.2916056373112044,-2.4526722019235194e-05,-0.00683414768305512,7189.0,14281,0.0006137658050360414,0.005884135566040313,-2.3165791618568785,-0.00019837844902852758,-0.0558582384491476,7114.0,14281,0.20460048603023462,0.0008118512277420928,0.00016610515578037707
1,58600000,58700000,58650000,0.00121833757101177,0.005792325185406242,-2.042309016233159,0.00035806715594359316,0.10241810700519964,7003.0,13949,0.0006906032222102296,0.0058179659223400815,-2.2793179254980576,-0.0005922022896669386,-0.1686424836167997,7034.0,13949,0.1929792057659724,0.0011827085540181464,0.0002282381574071458
1,58700000,58800000,58750000,0.0014478433306593888,0.0060371528670970995,-1.9661598259569302,0.0003129186336383775,0.08587979796853044,7299.0,14478,0.0008543261557215771,0.006036325746550847,-2.220384913190813,-0.0008384287593676498,-0.23013632528937425,7298.0,14478,0.14590787399577737,0.0013477290190881547,0.00019664427589767257
1,58800000,58900000,58850000,0.0008798781171812037,0.005787362462128724,-2.193093426976535,0.00024221905899061248,0.06934134494954794,6997.0,14014,0.0007398349864318847,0.005851050744190197,-2.259309627046033,4.6058076979903714e-07,0.00013041985263620236,7074.0,14014,0.10231018898811761,0.0009021563371581268,9.229978535158295e-05
1,58900000,59000000,58950000,0.0005221133459974569,0.0057931523059524944,-2.353210463811151,-3.363088658087705e-05,-0.009618086013360384,7004.0,13927,0.00028840600245200345,0.005720365697882239,-2.4558658164860705,-0.0005607921711377705,-0.162418352480594,6916.0,13927,0.161703142795543,0.00048343217649204277,7.817250226731474e-05
1,59000000,59100000,59050000,0.0004636952354863445,0.005819620163432587,-2.38024712692384,0.00020452424231041003,0.058226196046942784,7036.0,14093,0.00030225403048428655,0.005777437015573689,-2.4509885625214705,-0.0001130223143351726,-0.032411003780064555,6985.0,14093,0.10262291807907217,0.00042677113189201776,4.379649890670507e-05
1,59100000,59200000,59150000,0.0005952617655376491,0.005858494829106473,-2.3235536563994867,-4.2338397543987794e-05,-0.01197349557642982,7083.0,14201,0.0004311682204441935,0.005799769270322518,-2.394035512039797,-0.0003253132356083904,-0.09293023828599141,7012.0,14201,0.14824625773429081,0.0006025391700960489,8.932417710512809e-05
1,59200000,59300000,59250000,0.000540661114549137,0.005813003199062564,-2.3457652602343337,-0.00010049098903390665,-0.02864138942214414,7028.0,14068,0.0004711932666386564,0.005809694716877552,-2.3765515847388023,-0.0002177692682807207,-0.06210269278391626,7024.0,14068,0.069660257021044,0.0005438090701940536,3.7881879600156626e-05
1,59300000,59400000,59350000,0.0009103814579386195,0.005923837352260452,-2.1889041521382127,0.00015663307457876484,0.04380867160523952,7162.0,14230,0.0007353395999380286,0.005889098289317831,-2.2634166313620607,-0.00019239043082031813,-0.05412658448422873,7120.0,14230,0.1118180642861739,0.0009264549253381378,0.00010359439639981674
1,59400000,59500000,59450000,0.00048576335941358196,0.005695552081494652,-2.3656665919642235,9.814701706996943e-06,0.002854929183101897,6886.0,14001,0.00017272291051109896,0.005806386234692541,-2.5093764680005353,-0.0005936221696577278,-0.16938344843825107,7020.0,14001,0.25557901021656887,0.00044228083232602004,0.00011303769736367841
1,59500000,59600000,59550000,0.0005490109743477383,0.00580059639086877,-2.3415209266901815,-0.00021358256734970368,-0.06100413618660641,7013.0,14025,0.00024210067158470227,0.0057178843362434804,-2.476752113596277,-0.000788857187415931,-0.2285702405886166,6913.0,14025,0.27351903308894426,0.0005444820180880588,0.00014892619512184077
1,59600000,59700000,59650000,0.0007242616378063872,0.005919701749529188,-2.2699421056183504,0.00026585044888448843,0.07440752542762182,7157.0,14316,0.0005650421981259758,0.0059006779769653715,-2.3387006742859104,-8.409774556947234e-05,-0.023613461915879302,7134.0,14316,0.1893539725372318,0.0007952323161121091,0.00015058039814592987
1,59700000,59800000,59750000,0.0007402163956839658,0.005697206322587158,-2.2502227869829388,-0.0005094279072391069,-0.1481409212481694,6888.0,14047,0.0007246877977719861,0.005898196615326612,-2.268590348804356,-0.0004916112143241819,-0.13809548769939167,7131.0,14047,0.07719011790302217,0.0007937193900260892,6.126729329811042e-05
1,59800000,59900000,59850000,0.0005714976424344189,0.005808040475785046,-2.3318255077895915,-0.00027937953887942384,-0.07969515648964394,7022.0,13989,0.000632303745671449,0.00580059639086877,-2.304383233664579,-0.00014868364156844606,-0.042467497378243506,7013.0,13989,0.13746492174607755,0.0006978274962120801,9.592680215914541e-05
1,59900000,60000000,59950000,0.0006742512113101177,0.005870901637300267,-2.289317893471367,8.023553995139509e-05,0.022643102723356942,7098.0,14176,0.0005746562883868776,0.005856840588013968,-2.332577782701001,-0.00013293744572648436,-0.03760593023330625,7081.0,14176,0.08078227839133008,0.0006793317134440687,5.487796359557009e-05
1,60000000,60100000,60050000,0.0008077284695667124,0.005879999963309049,-2.2310714756229113,-2.4515660592613246e-05,-0.006907823591878849,7109.0,14157,0.0008255324470844949,0.005828718489441369,-2.220019088009064,-3.877960427604464e-05,-0.011022994126638593,7047.0,14157,0.06244687589639366,0.0008710231317361113,5.4392673410502115e-05
1,60100000,60200000,60150000,0.0006496398106501043,0.005895715253687854,-2.3013777860686186,0.00029180834658745086,0.0820045389892563,7128.0,14256,0.0005948503109311053,0.005861803311291485,-2.3238853046878263,0.00011607388559484541,0.032807734294313676,7087.0,14256,0.11201792485334983,0.0007007405647100772,7.849550391947211e-05
1,60200000,60300000,60250000,0.0009556722421464616,0.006037979987643352,-2.1770730840220867,0.00011577492859730583,0.03176981605688561,7300.0,14369,0.000801173297268996,0.0059221831111679465,-2.2364865243440852,-7.108773980539767e-05,-0.019888060539180092,7160.0,14369,0.10959732701777546,0.0009865455218881333,0.00010812275218040838
1,60300000,60400000,60350000,0.0009388219932459632,0.005973464585035626,-2.1799166031173316,0.00030691447919681443,0.08512872792401635,7222.0,14201,0.00047937667256471106,0.0058609761907452325,-2.3748042852670426,-0.000628927531679371,-0.1777884387841716,7086.0,14201,0.19642316178138833,0.0008824287848781183,0.00017332945197277467
1,60400000,60500000,60450000,0.0005751883585675772,0.005792325185406242,-2.3294784504538333,-0.00015993078593988535,-0.04574507344761101,7003.0,14079,0.0004976067250752413,0.0058469151414589325,-2.366223876141763,-0.0002788320903049399,-0.07901094814528631,7069.0,14079,0.09373040952630723,0.000591874148112067,5.547660629065632e-05
1,60500000,60600000,60550000,0.0006045091644076386,0.0059296271960842225,-2.3227105454341017,0.00016029464157839946,0.044789063116684985,7169.0,14318,0.0005360604818268086,0.005870901637300267,-2.35019605224375,1.8252224966228708e-05,0.0051509219616456365,7098.0,14318,0.061989835938444295,0.0006079729676360422,3.768814451881937e-05
1,60600000,60700000,60650000,0.000697186613804139,0.00585187786473645,-2.2782054754791434,0.0002666633505094925,0.0754987807803464,7075.0,14130,0.0005316460670646624,0.005833681212718886,-2.350626085430051,2.0586507073043875e-05,0.005846686536852203,7053.0,14130,0.10338626615179596,0.0006852631375580593,7.084679712365897e-05
1,60700000,60800000,60750000,0.0006953688474224764,0.005906467820789142,-2.2818780639065412,0.000160155189019885,0.04492530411202089,7141.0,14070,0.0006056933118351126,0.005740216590992309,-2.313373887189881,-7.622045240054952e-05,-0.02199897716764749,6940.0,14070,0.11140059146031103,0.000732085879618093,8.155479998929635e-05
1,60800000,60900000,60850000,0.00072676291115912,0.005760067484102379,-2.2599649249053133,1.4867019270059246e-06,0.0004276198504404439,6964.0,14063,0.0005553747326113186,0.005860149070198979,-2.341232650834731,-0.00033066094888152244,-0.09348609501405551,7085.0,14063,0.1413643983004808,0.0007466133719780843,0.00010554455009286443
1,60900000,61000000,60950000,0.0008150573856538793,0.005942034004278016,-2.2316221623796686,3.2151591675916647e-05,0.008964974199682165,7184.0,14276,0.0006201117508715032,0.005888271168771578,-2.3139834545358755,-0.00039318383233038037,-0.1106327524399156,7119.0,14276,0.1549509056934897,0.000849163170634106,0.00013157860237141477
1,61000000,61100000,61050000,0.0006709737009830063,0.005949478089194292,-2.294706828933387,-0.00015955581306616181,-0.044434086913897976,7193.0,14326,0.000513277968031671,0.005921355990621694,-2.3621866156255185,-0.00025839451344117435,-0.07230054737990849,7159.0,14326,0.11906048566637485,0.0006721526561960875,8.00268216887433e-05
1,61100000,61200000,61150000,0.0006450597602635993,0.00585187786473645,-2.301243845262024,0.0001359157784897745,0.03848101190202485,7075.0,14143,0.0005671448951369443,0.005804731993600035,-2.333618011693706,-1.9092943553449758e-05,-0.005449508182564572,7018.0,14143,0.08759203260479848,0.00066428872758607,5.8186399885795905e-05
1,61200000,61300000,61250000,0.0007438244901449103,0.005913911905705418,-2.2610737436272177,0.00023360203982039323,0.06544559825081547,7150.0,14317,0.000585028624376235,0.0059436882453705224,-2.331818661386491,-4.960474786749792e-05,-0.013827673022969887,7186.0,14317,0.08113701567739817,0.0007230964448420919,5.8669887581513505e-05
1,61300000,61400000,61350000,0.0006588268768727738,0.005870901637300267,-2.2961128867704534,-1.2387546667485197e-05,-0.003495863452182928,7098.0,14051,0.0005787235078070722,0.005806386234692541,-2.328533509125866,-0.0001271582304383368,-0.036283179217127266,7020.0,14051,0.07564305081484494,0.0006694115221240699,5.0636329784149155e-05
1,61400000,61500000,61450000,0.0005260934020880094,0.005908122061881647,-2.356067154197369,0.0001171332536405182,0.032847988585426556,7143.0,14062,0.0003674124240322256,0.0057029961664109285,-2.4196297028144187,-0.00017598826006662277,-0.05112526241611625,6895.0,14062,0.1777413443992756,0.000543324062346051,9.657114928593352e-05
1,61500000,61600000,61550000,0.0008245641235412627,0.005875864360577784,-2.2234088114115433,0.0002559179149791693,0.07216114807638946,7104.0,14205,0.0006731342523825266,0.005923837352260452,-2.2924876690318357,3.2642406411014233e-08,9.129747766942955e-06,7162.0,14205,0.16518880250945472,0.000897028202560105,0.00014817901459821342
1,61600000,61700000,61650000,0.0007122344205002153,0.005870074516754014,-2.2725402306225484,0.00018212441755617646,0.05140417954267522,7097.0,14222,0.0005830495427574241,0.005856013467467715,-2.3288345633244085,-6.0776583241851085e-05,-0.017195172317702144,7080.0,14222,0.19997847428768878,0.0008095306948801102,0.00016188871325129454
1,61700000,61800000,61750000,0.0009193551257032919,0.006049559675290893,-2.1933893601644887,-0.0002682508182041836,-0.07347005095010012,7314.0,14423,0.0006717137387713853,0.005961057776841833,-2.2949583365591115,-0.00045353909212296543,-0.12605937003747264,7207.0,14423,0.1737038508682209,0.0009627715596561224,0.00016723712741878146
1,61800000,61900000,61850000,0.0008711026798208298,0.0060694105684009625,-2.2152470640188273,0.00013776471523515937,0.037608549604274844,7338.0,14560,0.0004954357899718869,0.006081817376594756,-2.3757737174955023,-0.0005572533013050698,-0.15181533880611298,7353.0,14560,0.19770533799726084,0.0008516437504281067,0.000168374515531747
1,61900000,62000000,61950000,0.0012128536520025768,0.005918047508436683,-2.0563222496997513,0.000534783394765991,0.1497195720916881,7155.0,14364,0.0007316307546815585,0.006035498626004594,-2.2729141068454433,-0.00035146443789640713,-0.09648500473140638,7297.0,14364,0.1628462660736488,0.001161366382232136,0.00018912417889007003
1,62000000,62100000,62050000,0.0010215117105651476,0.006002413804154478,-2.146260311231509,0.00050045559545199,0.13814263658620055,7257.0,14325,0.0007740146104561262,0.005902332218057877,-2.2472004177211993,-6.631432252322882e-05,-0.01861491639481506,7136.0,14325,0.2073737247386043,0.001132643704266154,0.0002348805437555157
1,62100000,62200000,62150000,0.0008683239961119908,0.005999105321969466,-2.2120606103948357,0.0002723325490695125,0.07521437298519874,7253.0,14226,0.0007147186966449785,0.0058899254098640835,-2.2725173864076447,-3.782947937880479e-05,-0.010641347328374995,7121.0,14226,0.11338766668760451,0.0008927479538001229,0.00010122660742164313
1,62200000,62300000,62250000,0.0007335104308703204,0.005813003199062564,-2.2599629318886523,5.073242264424209e-06,0.0014459476289881762,7028.0,14121,0.0005653105904379,0.0058543592263752085,-2.3365976251823337,-0.000368809813434169,-0.1043746989731519,7078.0,14121,0.1302164313875685,0.0007466346043880971,9.722409373398917e-05
1,62300000,62400000,62350000,0.0009479719804598402,0.005942861124824269,-2.1738261820421982,0.00025716117309175274,0.07169545159741007,7185.0,14251,0.0006792058356203623,0.00587751860167029,-2.287475552645658,-0.00025117062458228107,-0.07080265155585129,7106.0,14251,0.11471740222937916,0.0009190160408541233,0.00010542713281402214
1,62400000,62500000,62450000,0.000772098061930645,0.005937071281000499,-2.2500376519797713,0.0001715229971299891,0.04786645436352726,7178.0,14188,0.0007107054934049406,0.005855186346921462,-2.272409807828772,-5.066753397536061e-05,-0.014337098614845487,7079.0,14188,0.09935989811396401,0.000823194277176121,8.179249950832642e-05
1,62500000,62600000,62550000,0.0006942433514635233,0.005754277640278608,-2.2742494698038893,0.00016809749903499153,0.048398433060204256,6957.0,14191,0.0005056042986869828,0.005923010231714199,-2.365600955059543,-0.00029994011411316917,-0.08390188486658758,7161.0,14191,0.1691269045538478,0.0007220402590521077,0.0001221164339768559
1,62600000,62700000,62650000,0.000742752266564683,0.005984217152136914,-2.2653948253865877,0.00024042428232682567,0.06656672409295508,7235.0,14273,0.0004505831778617671,0.005853532105828956,-2.387253351999017,-0.00026457270166703857,-0.07488573052177495,7077.0,14273,0.16878875274727512,0.0007178292211340895,0.00012116149892087009
1,62700000,62800000,62750000,0.0007483322122921402,0.00585187786473645,-2.2556007884378104,0.00028467690470905624,0.08059884937615945,7075.0,14018,0.0004741595731517215,0.00574352507317732,-2.3727617413049025,-0.00026935823047033155,-0.07769827127378946,6944.0,14018,0.19916269041054974,0.0007632585113140836,0.00015201261859215136
1,62800000,62900000,62850000,0.0006846668455024555,0.005767511569018655,-2.2792670029422992,0.00020008619852997022,0.05747659520488949,6973.0,14068,0.0004591403947739413,0.0058899254098640835,-2.3847459729695903,-0.00016466063986641778,-0.04631866705288986,7121.0,14068,0.11259900679354733,0.0006444703403720663,7.25667202338677e-05
1,62900000,63000000,62950000,0.0006369793405334027,0.005690589358217135,-2.2967472259077635,0.00021335207500074033,0.062114515969609145,6880.0,14009,0.0005835771865318588,0.005899850856419119,-2.3305401693016954,5.0161603136012545e-05,0.014086642976794904,7133.0,14009,0.08532934135843545,0.000667210932992072,5.693266945944401e-05
1,63000000,63100000,63050000,0.0006522957057570571,0.005890752530410336,-2.2999689914824266,0.00015910995669955847,0.04475099733557703,7122.0,14236,0.0005152890771847656,0.005863457552383991,-2.3590543650118474,-0.00018528740428605878,-0.05235585455314868,7089.0,14236,0.16504921601659606,0.0006991937760520737,0.00011540138458116509
1,63100000,63200000,63150000,0.0005644930262022542,0.00584608802091268,-2.3366014760455096,0.00026663902893427435,0.07556654861524294,7068.0,14160,0.0005656512011500038,0.00582623712780261,-2.335225618045735,0.00026078069708295056,0.07415770684522488,7044.0,14160,0.10315577188667112,0.0006300671799660824,6.499506628994929e-05
1,63200000,63300000,63250000,0.0008513501798298204,0.005802250631961276,-2.2068262316208505,0.00025433547601077193,0.07262343244462999,7015.0,14142,0.0008542249139231686,0.00587172875784652,-2.210086212803932,0.0002263060064080844,0.06385635838446248,7099.0,14142,0.10500343896968341,0.000952838909118123,0.00010005136224162669
1,63300000,63400000,63350000,0.0008415302517805408,0.005994969719238202,-2.2233600146943715,0.00022264929944900813,0.06153492529376726,7248.0,14200,0.0007098041199052051,0.0057823997388512065,-2.2688224515649686,-8.935245624467427e-06,-0.002560132559657973,6991.0,14200,0.1039140258689659,0.0008656169254241162,8.994973958123396e-05
1,63400000,63500000,63450000,0.0008197765917039409,0.005936244160454246,-2.229217089750365,5.580434591945959e-05,0.015575333086116357,7177.0,14228,0.000695715069100701,0.005880827083855302,-2.28038477025058,-0.00013842096030962508,-0.038997655663914436,7110.0,14228,0.14071025251452735,0.0008818280825761273,0.00012408225217381045
1,63500000,63600000,63550000,0.0005004812319663147,0.005808867596331299,-2.363481215412381,-8.730861877820104e-05,-0.02490191228511599,7023.0,14069,0.0003567074125861093,0.005817138801793829,-2.427724956386395,-0.0004402935119111621,-0.12540095587429953,7033.0,14069,0.11436850129994672,0.00048394204915404385,5.534772687783224e-05
1,63600000,63700000,63650000,0.0006789898230462315,0.005985044272683167,-2.2929943416020637,-0.00011581709187494127,-0.032062071415727644,7236.0,14379,0.0004778579273072609,0.005923010231714199,-2.377716872427882,-0.0005601601041450952,-0.15669290752854975,7161.0,14379,0.08640353783980037,0.000633128409680071,5.4704534503322364e-05
1,63700000,63800000,63750000,0.0007192979957919628,0.005827064248348863,-2.267066064607858,-0.0009378057724337858,-0.26664423216594263,7045.0,14301,0.0003464489199671794,0.006020610456172042,-2.4376044364821423,-0.0017108239972840925,-0.47081993095356356,7279.0,14301,0.08911267664753125,0.0005850048016020633,5.2131343722492715e-05
1,63800000,63900000,63850000,0.0006093257571695684,0.005759240363556126,-2.3126547163870814,0.00015429447076869223,0.04438605927069809,6963.0,13955,0.00032615865002448026,0.005776609895027436,-2.440266171787571,-0.00047917741489819486,-0.13743163442078482,6984.0,13955,0.24472811045061998,0.0006193030749180623,0.0001515608713210382
1,63900000,64000000,63950000,0.000729147403086046,0.005792325185406242,-2.260734944511407,0.00027273055052951244,0.07800924001004679,7003.0,14136,0.0005160298592125855,0.005872555878392772,-2.359085225754803,-0.00013249132708528536,-0.03737958158899518,7100.0,14136,0.14120328229917914,0.0007249546002180904,0.00010236596906877836
1,64000000,64100000,64050000,0.0006759766492744945,0.005848569382551439,-2.2874088203761023,6.702444926048884e-05,0.018986945377237722,7071.0,14192,0.0004050616662786463,0.0058576677085602205,-2.4074953703262865,-0.0004938591072671264,-0.13968534234892022,7082.0,14192,0.12463039680661361,0.0006174753564720568,7.69561986954848e-05
1,64100000,64200000,64150000,0.0005784377288932819,0.005811348957970058,-2.3288835584499004,4.376192665124911e-05,0.012476328956904018,7026.0,14040,0.00042544789403692974,0.005811348957970058,-2.39697099494742,-0.00016269174780149647,-0.04638268740590741,7026.0,14040,0.12553673913741314,0.0005740010288940639,7.205821742895957e-05
1,64200000,64300000,64250000,0.0005595283455954509,0.0057501420375473435,-2.334614387633027,0.00024176111823516803,0.06965756207160655,6952.0,13987,0.0005842245783097792,0.005759240363556126,-2.32392681779338,0.00014845695669755195,0.04270677520909618,6963.0,13987,0.13347344572921616,0.0006599641512820656,8.808768932945178e-05
1,64300000,64400000,64350000,0.0004361309776197581,0.005951132330286798,-2.396852827866178,-0.00040495901697021097,-0.11274418244417161,7195.0,14346,0.0004541040843808291,0.005927972954991717,-2.3882580802008206,-0.0004555078683987226,-0.1273121504719958,7167.0,14346,0.18942137466665213,0.0005491355398340675,0.000104018008833768
1,64400000,64500000,64450000,0.0008446174206042322,0.005901505097511624,-2.216210365297521,0.00025041785303854986,0.07030396425779628,7135.0,14315,0.0007917209449614703,0.0059651933795730975,-2.2431294415034753,0.00013786823418635166,0.03829339439204563,7212.0,14315,0.0885815338416395,0.0008976877396741136,7.951855689126062e-05
1,64500000,64600000,64550000,0.0009326084814208575,0.005881654204401555,-2.176258397524183,0.0002527676383484149,0.0712028088068846,7111.0,14180,0.0008677173682977155,0.005875037240031532,-2.2043600432227173,0.00012106699291793461,0.03414204638364942,7103.0,14180,0.08866201012054632,0.0009877377382001367,8.75748133408463e-05
1,64600000,64700000,64650000,0.000885270773065758,0.005870901637300267,-2.196355923933532,0.0002449820905369252,0.06913587974569213,7098.0,14196,0.0007606664848908639,0.005853532105828956,-2.25024531731773,-3.9804041588425887e-05,-0.011266297366610507,7077.0,14196,0.1177849617998152,0.0009328435736681308,0.00010987494468981425
1,64700000,64800000,64750000,0.0009314283625836603,0.00598587139322942,-2.183959860508181,0.000370845805058076,0.1026484427665773,7237.0,14459,0.0006817968660826626,0.0060082036479782485,-2.2929287700888055,-0.00022338633763541082,-0.0616028345871077,7264.0,14459,0.19211141617259475,0.000998420612050134,0.00019180799771696967
1,64800000,64900000,64850000,0.0007438582726067376,0.005856013467467715,-2.2578124714791747,0.00037412460929409433,0.10584894349037786,7080.0,14122,0.0005570547326613164,0.005910603423520406,-2.3426170505179984,1.9254316771144887e-05,0.005397275595801464,7146.0,14122,0.20539500993803583,0.0008185910115961016,0.00016813450896207286
1,64900000,65000000,64950000,0.0006988563431374385,0.005878345722216543,-2.2788722111909174,7.952010434904061e-05,0.022412824816387487,7107.0,14096,0.000701110771131721,0.005848569382551439,-2.2762940825660363,0.00010072132726127173,0.02853272738728809,7071.0,14096,0.15618143370877818,0.0008295427300341113,0.00012955917289952964
1,65000000,65100000,65050000,0.0008409233119871526,0.00590315933860413,-2.217933444984233,0.00017529135842161097,0.04919868490993564,7137.0,14247,0.0006488144325203243,0.005872555878392772,-2.3006051354916766,-0.00014881359938402242,-0.041984560062157436,7100.0,14247,0.1840998665519101,0.0009129412310621181,0.00016807235880838433
1,65100000,65200000,65150000,0.000710384678130792,0.0057534505197323555,-2.2669483441187626,0.00026969304549845764,0.07766084863877137,6956.0,14041,0.00023801518876187107,0.005819620163432587,-2.480542461538612,-0.0007584241670217258,-0.21591647883346585,7036.0,14041,0.40400350824839387,0.0007956421556321053,0.00032144222218577354
1,65200000,65300000,65250000,0.0006253151391193845,0.005741043711538562,-2.304574269091217,0.00023207969273291375,0.0669739060978245,6941.0,14095,0.0002146926851908415,0.005859321949652726,-2.4915769236781093,-0.0006761452849248806,-0.1911900761430402,7084.0,14095,0.2751357253298077,0.0005794242133760429,0.00015942030122092916
1,65300000,65400000,65350000,0.0007497878001420141,0.005874210119485279,-2.25622897771642,0.00037284193294733685,0.10515976312033086,7102.0,14150,0.0005326764482384719,0.005862630431837738,-2.351351269509029,-5.2696484016862544e-05,-0.014892313529225857,7088.0,14150,0.19124235187015934,0.0007928606618720888,0.00015162853768184775
1,65400000,65500000,65450000,0.0005324831260572519,0.005752623399186102,-2.346883392372677,-0.00028364023395036655,-0.08168880886875983,6955.0,14071,0.0004082406906928912,0.005847742262005185,-2.405780233919082,-0.0005542881263093107,-0.15704306184194886,7070.0,14071,0.23990157088582587,0.0006188171036260583,0.0001484551952509856
1,65500000,65600000,65550000,0.0007285218603886131,0.005870074516754014,-2.265363997604562,-0.0005974958246182905,-0.16864176180661603,7097.0,14182,0.0008377583117531484,0.005909776302974153,-2.21973446451468,-0.0005306384380444159,-0.14876675050329374,7145.0,14182,0.18777259567294782,0.0009641882087441332,0.0001810481226732513
1,65600000,65700000,65650000,0.000915386155835593,0.005827064248348863,-2.180032948500837,7.245012844929178e-05,0.020599584091437556,7045.0,14110,0.0007130557088550939,0.005853532105828956,-2.271281789473581,-0.00016431028650688533,-0.046507049895099545,7077.0,14110,0.15593003458029073,0.0009646367785881322,0.00015041584624278742
1,65700000,65800000,65750000,0.000745253155557567,0.005803904873053782,-2.2542137377401485,0.00029461415219352504,0.08410074046136745,7017.0,14174,0.0004576854745147338,0.005889098289317831,-2.385356171632814,-0.00029054711015113213,-0.08174170948726274,7120.0,14174,0.14516998911089474,0.0007036127737380781,0.00010214345870192822
1,65800000,65900000,65850000,0.0007379856652766665,0.005880827083855302,-2.261794386190449,0.00035376170845708885,0.09966610015295743,7110.0,14156,0.00043926717767976475,0.005798942149776265,-2.390395513046165,-0.00017589058888991182,-0.05025274243754697,7011.0,14156,0.17396474328893563,0.000712592370236099,0.0001239659487578848
1,65900000,66000000,65950000,0.0007354697596376026,0.005843606659273921,-2.260821124760131,0.00012823969227692032,0.036359042201794776,7065.0,14146,0.00032362285111849396,0.005867593155115256,-2.443700475471689,-0.0006112082823028748,-0.17258491549833962,7094.0,14146,0.21422317610432665,0.0006739143854520683,0.00014436808007401922
1,66000000,66100000,66050000,0.0009387732354483795,0.0059900069959606846,-2.181068295599481,9.22830182621837e-05,0.025525912417448754,7242.0,14455,0.0006669385566935683,0.0059759459466743855,-2.297758793341908,-0.00034107563614039165,-0.09456476781675059,7225.0,14455,0.19960610389011318,0.0010030759854281332,0.00020022008935715278
1,66100000,66200000,66150000,0.0007213531072450829,0.0057857082210362185,-2.263843211789052,5.235771100510831e-05,0.014993000921285362,6995.0,14038,0.0005300881030310228,0.005790670944313735,-2.3495474079825285,-0.00034926088830891785,-0.09992774188226478,7001.0,14038,0.1651988836754535,0.0007495445237221,0.00012382391858404318
1,66200000,66300000,66250000,0.0008279205694477213,0.005870901637300267,-2.2216208227769023,0.00020796686015262146,0.058689889546981705,7098.0,14179,0.0007678199492595191,0.005896542374234107,-2.249581534981398,0.00011584330055301948,0.0325499458898945,7129.0,14179,0.19817413963695796,0.0009950667580021152,0.00019719649864849997
1,66300000,66400000,66350000,0.0009491077290953271,0.005844433779820174,-2.16632651084957,0.00017876726370865483,0.050677663636014086,7066.0,14108,0.0009745785729817747,0.005901505097511624,-2.1592541362121116,0.00030124946688669767,0.08457476771603115,7135.0,14108,0.06187196355384706,0.0010252791875641335,6.343603652558286e-05
1,66400000,66500000,66450000,0.0007527679565215825,0.005856840588013968,-2.2539248436204473,0.0004353986116701263,0.12316747718948506,7081.0,14133,0.000755378380283819,0.005886616927679072,-2.2544749175640946,0.00031920764507645873,0.08984278297867342,7117.0,14133,0.09800689939422924,0.0008360076899661117,8.193452156341352e-05
1,66500000,66600000,66550000,0.0006515253108731115,0.005853532105828956,-2.2984685444828656,0.00029007849202491385,0.08210499286989305,7077.0,14218,0.0005863080224342173,0.005855186346921462,-2.327358410253784,0.0001340562592705782,0.03793312321128996,7079.0,14218,0.1289252806857272,0.0007105207543400769,9.160408768641496e-05
1,66600000,66700000,66650000,0.0007544939345053639,0.005889098289317831,-2.25500447199734,0.0003156389355213636,0.08880097329770542,7120.0,14094,0.0005312881942499331,0.005779918377212448,-2.3485639556792752,-6.576729493696597e-05,-0.018851766891333784,6988.0,14094,0.13304937188079977,0.0007415544132800826,9.866334890243621e-05
1,66700000,66800000,66750000,0.0005925098913949058,0.005896542374234107,-2.3264767608076835,0.0001653807863998459,0.046469114941000984,7129.0,14117,0.0004932758416664089,0.005746833555362332,-2.3642835710145675,7.75629537893579e-06,0.0022360717163570475,6948.0,14117,0.10549672638733973,0.0006069210505380603,6.40281840074023e-05
1,66800000,66900000,66850000,0.0007052481672396861,0.005693897840402146,-2.2659087290428817,9.112974081341314e-05,0.026515775501745706,6884.0,13894,0.0005000433164711525,0.005787362462128724,-2.3628368527771255,-0.0003357881258053005,-0.09612786193810596,6997.0,13894,0.1561387661817298,0.0007141526565080789,0.00011150691465266235
1,66900000,67000000,66950000,0.0007492476619086274,0.005799769270322518,-2.2521934434187925,0.00010627300159401443,0.030358357055560843,7012.0,14040,0.0006878772685386887,0.005822928645617599,-2.2807929994480642,-9.3247137151549e-06,-0.0026531553204174334,7040.0,14040,0.13811153809738266,0.0008337070247320901,0.00011514455950843228
1,67000000,67100000,67050000,0.0006924333746177548,0.005843606659273921,-2.279868689517667,0.000225389154459545,0.06390325517255085,7065.0,14211,0.0005155107237632281,0.005899023735872866,-2.3603469106463026,-7.83324460124787e-05,-0.022000805780681025,7132.0,14211,0.0818225208452166,0.0006577944492240738,5.382240003358504e-05
1,67100000,67200000,67150000,0.0007277478398144018,0.005770820051203666,-2.2601373576603687,0.00026433696804167546,0.07588975035291141,6977.0,14139,0.000543395682046812,0.005973464585035626,-2.351129626758411,-0.00029807428456288585,-0.0826767272046092,7222.0,14139,0.23878200020754667,0.0008349405309701136,0.00019936877003950528
1,67200000,67300000,67250000,0.0006994278106881136,0.005827064248348863,-2.275885384075319,0.0002968468012880077,0.0844017916363866,7045.0,14057,0.00045263416388962533,0.005798115029230012,-2.3844046205256766,-0.0003114450393544322,-0.0889939407412699,7010.0,14057,0.25156161456505693,0.0007696438324101127,0.00019361284512124413
1,67300000,67400000,67350000,0.0006348409370353628,0.005781572618304954,-2.302310197265923,0.00028843306158260164,0.08265383897651708,6990.0,13978,0.00038971097584374363,0.005786535341582471,-2.412117628431919,-0.0001224548670806905,-0.03506081272773402,6996.0,13978,0.16494780214091564,0.0006134657902260575,0.00010118983378650448
1,67400000,67500000,67450000,0.0006196134011800062,0.005801423511415023,-2.310081309598124,0.00013237233381531915,0.03780322714353634,7014.0,14118,0.00048641253687135714,0.005875037240031532,-2.372220926133119,-0.00010775153202334508,-0.030386959447684072,7103.0,14118,0.16812929140607066,0.0006647823553740772,0.00011176938634839637
1,67500000,67600000,67550000,0.0008528517748437751,0.005888271168771578,-2.2117548540022205,0.0004297385900379203,0.120918407971553,7119.0,14051,0.0005967642627286219,0.005803077752507529,-2.320344336444754,-9.727058253384321e-05,-0.027770873128424457,7016.0,14051,0.20979750370821415,0.0009172433929121144,0.00019243537412591734
1,67600000,67700000,67650000,0.0006807447891238966,0.005773301412842425,-2.2813350432512,0.00040047076805967775,0.11492370628822171,6980.0,14010,0.0004548700405383963,0.005818793042886334,-2.384139966550442,-2.7895495278973995e-05,-0.007942721571804623,7035.0,14010,0.20359546118857658,0.0007129635595480943,0.00014515614471694718
1,67700000,67800000,67750000,0.000627800468048675,0.005855186346921462,-2.309030450047528,0.00029155329562094776,0.0824991473402565,7079.0,14114,0.00035567038306381053,0.005848569382551439,-2.429053720010003,-0.00011691391641919203,-0.033119826710739396,7071.0,14114,0.16922173847933256,0.0005918973188540509,0.00010016189329780794
1,67800000,67900000,67850000,0.0005195415650436424,0.005813003199062564,-2.355161749450636,0.00019671270638304527,0.05606597449150082,7028.0,14100,0.00024943030289701013,0.005801423511415023,-2.475111103874759,-0.00044082419105394467,-0.12589169159794156,7014.0,14100,0.33943852668569807,0.0005820592776040556,0.00019757334363372785
1,67900000,68000000,67950000,0.0010754946633426733,0.0060048951657932365,-2.123191833973325,0.00025370395383155555,0.0700019584526225,7260.0,14248,0.0006888787986099931,0.005802250631961276,-2.279246614423988,-0.0005607275876319077,-0.1601112149942522,7015.0,14248,0.3180466435169871,0.0012936174044601528,0.0004114306734838203
1,68000000,68100000,68050000,0.0006188067451274457,0.005876691481124037,-2.314014917756789,-4.138329971301253e-05,-0.011667204848618726,7105.0,14036,0.00041597665286251896,0.005787362462128724,-2.400405194197869,-0.00039181933200135903,-0.11216821488543834,6997.0,14036,0.1755890333044832,0.0006275895395580541,0.00011019784056307223
1,68100000,68200000,68150000,0.0005507421994519855,0.006007376527431996,-2.349312533658311,-0.0003052970689107228,-0.08420277944076371,7263.0,14129,0.0003598624194321795,0.005693070719855893,-2.4227631298062176,-0.0006291414497985553,-0.18308615004222847,6883.0,14129,0.17296625034340618,0.000550524461222039,9.522215177995542e-05
1,68200000,68300000,68250000,0.0006659126672526711,0.00587172875784652,-2.293033094961807,-0.00048098539360198273,-0.13571878254152583,7099.0,14229,0.0006968939000330131,0.0058394710565426566,-2.2776738543333845,2.7964741835416475e-05,0.007934284822103945,7060.0,14229,0.17155379532165943,0.0008225075808121163,0.00014110429716927627
1,68300000,68400000,68350000,0.0006549590474864742,0.005917220387890429,-2.3000998339208367,0.00029508874667945464,0.08262546638393675,7154.0,14379,0.0003310413679056569,0.0059254915933529585,-2.441888689733867,-0.0004356142411584537,-0.12180289178557156,7164.0,14379,0.29923006961156456,0.0007035122175160788,0.00021051200982001347
1,68400000,68500000,68450000,0.0007616865757417709,0.005808040475785046,-2.2471346306022837,3.1720634958347065e-05,0.009048554439941929,7022.0,14017,0.0005541344285082793,0.00576916581011116,-2.337872982814273,-0.0001607538332103524,-0.04616479165723377,6975.0,14017,0.17012697049557224,0.0007927845329760994,0.00013487403085107375
1,68500000,68600000,68550000,0.0006749624493984969,0.005879999963309049,-2.289469469676407,4.7892478472778706e-05,0.013494753340136105,7109.0,14069,0.00047794960709005886,0.0057534505197323555,-2.3714320680995664,-0.00038013554616749977,-0.10946388720765038,6956.0,14069,0.11888219139409455,0.0006542326379220587,7.777660967778338e-05
1,68600000,68700000,68650000,0.0007064761033110427,0.005788189582674977,-2.2706301819492216,6.349931209312331e-05,0.018175693828637398,6998.0,13918,0.0005984431291252831,0.005766684448472402,-2.3178927933933493,-0.00021720008261285898,-0.062401650814654326,6972.0,13918,0.2122790757305684,0.0008282877807561185,0.0001758281645379563
1,68700000,68800000,68750000,0.000765669996025977,0.005844433779820174,-2.2475031311850917,0.0002970854495065072,0.08421897929691205,7066.0,14023,0.000615078651158505,0.005738562349899803,-2.309064485796207,2.5984060584591404e-05,0.007501756640148738,6938.0,14023,0.10514816247026554,0.0007714956763100803,8.112135271784211e-05
1,68800000,68900000,68850000,0.0009012026421044508,0.005926318713899211,-2.1930776590804775,0.000253081990975932,0.070754854804192,7165.0,14046,0.0005441670422664109,0.005775782774481183,-2.3426244964255383,-0.0004373703725117663,-0.125459001380032,6983.0,14046,0.2613496375546112,0.000978385551444107,0.00025570070925867396
1,68900000,69000000,68950000,0.0011966601132511851,0.005898196615326612,-2.0616298742873624,0.0004248431417314488,0.11934007838653231,7131.0,14238,0.0008082022927149587,0.005913084785159165,-2.232869046012591,-0.00029270850570107415,-0.0820162312235611,7149.0,14238,0.20925581788341643,0.0012677060744221609,0.0002652748714390975
1,69000000,69100000,69050000,0.0009112838551925871,0.0058576677085602205,-2.1839825093720426,5.0544190149913104e-05,0.014296147222856933,7082.0,14190,0.0004077839242772286,0.0059147390262516706,-2.4080623190036,-0.001085328960413682,-0.3040216813379337,7151.0,14190,0.230091371367273,0.0008566391714641107,0.00019710528172920845
1,69100000,69200000,69150000,0.0008703090080101087,0.0058899254098640835,-2.204195151697545,0.000365369463534656,0.10277760700118727,7121.0,14206,0.0006170371206172,0.005879999963309049,-2.314948300791711,-0.00014026810218904713,-0.03952360581225881,7109.0,14206,0.2038176736824749,0.0009340486968021285,0.0001903756324884769
1,69200000,69300000,69250000,0.0010257537034550784,0.005946996727555534,-2.140287231025046,0.0002434423262592864,0.06782356626922652,7190.0,14216,0.0004949310207141958,0.0059114305440666585,-2.369832024292213,-0.000674418201374072,-0.18902318831645085,7147.0,14216,0.2381746029586017,0.000998053313840133,0.0002377109517554976
1,69300000,69400000,69350000,0.0011874618286503503,0.005985044272683167,-2.0732598019776023,0.00039810268909092246,0.11020823128773494,7236.0,14171,0.000214313966199647,0.005867593155115256,-2.4918822223791164,-0.0014393275471555672,-0.40641828701068244,7094.0,14171,0.35660888924250084,0.0010893652176821509,0.00038847732025715145
1,69400000,69500000,69450000,0.0007503334389664006,0.005994969719238202,-2.2627052613706766,-5.285425727858595e-05,-0.014607648805291713,7248.0,14394,8.651363292232958e-05,0.0059577492946568215,-2.5488441841303153,-0.0014188288527165977,-0.3945764592954501,7203.0,14394,0.4103795193769981,0.0007096489177280925,0.00029122538178372566
1,69500000,69600000,69550000,0.0006444893158751567,0.005856013467467715,-2.3016993374358212,0.00028812042316822025,0.08151626926627333,7080.0,14080,9.416151868118636e-05,0.0057029961664109285,-2.543546042400075,-0.0009030528763967969,-0.2623403132909945,6895.0,14080,0.4371656671233851,0.0006561885011360785,0.0002868630838579055
1,69600000,69700000,69650000,0.0006683857435974367,0.005892406771502842,-2.292987841725062,0.0001214425339053291,0.03414714672554106,7124.0,14142,0.00041716279933598017,0.0058502236236439445,-2.401913812767022,-0.0004398303428874644,-0.12456166265542917,7073.0,14142,0.2706793142722368,0.0007442189452300836,0.0002014446737633773
1,69700000,69800000,69750000,0.0008989803313273458,0.005878345722216543,-2.1908216405457153,0.00013520563510435466,0.0381078500662062,7107.0,14230,0.0007931998577265965,0.005931281437176729,-2.2405047524791417,-0.00010790522759629411,-0.030142168607075394,7171.0,14230,0.15589202241205294,0.001002348179370119,0.00015625808484314818
1,69800000,69900000,69850000,0.0011013717910239647,0.005958576415203074,-2.1083366847965044,0.00020218697648179373,0.05622042660524772,7204.0,14279,0.0007489599441454561,0.005872555878392772,-2.256499721636773,-0.0005035575264833031,-0.14206793803053175,7100.0,14279,0.20840797950890785,0.0011687407700381423,0.00024357490245343214
1,69900000,70000000,69950000,0.0006184210068780634,0.005765857327926149,-2.3088927158333212,0.00014585030383902365,0.04190883925099145,6971.0,14101,0.00022291650142100138,0.005833681212718886,-2.4874995218387665,-0.0005960210156981991,-0.16927340008672917,7053.0,14101,0.24343651822861162,0.0005560257193020505,0.0001353569651525193
1,70000000,70100000,70050000,0.0008080539445834665,0.0059006779769653715,-2.23218445787671,0.00033440387212673437,0.09389589513388377,7134.0,14081,0.0006338835479774768,0.005770820051203666,-2.3022042136637113,-2.1043592151935187e-05,-0.006041504397852761,6977.0,14081,0.14190821847178725,0.0008402000366401106,0.00011923129035963626
1,70100000,70200000,70150000,0.0007768954619266375,0.0058543592263752085,-2.2431235918966714,2.4308029024287665e-05,0.006879272512887007,7078.0,14150,0.000589095836502359,0.005834508333265139,-2.3251935432025275,-0.00016377134662549366,-0.046505421533476386,7054.0,14150,0.11561010172290358,0.0007722788902781,8.928324106359838e-05
1,70200000,70300000,70250000,0.0007917750428964476,0.005728636903344768,-2.2288068896070095,0.00017540820437405742,0.05072902514877218,6926.0,13928,0.0006112602138101328,0.005799769270322518,-2.313726578009047,-0.00012986309621498457,-0.03709719481055103,7012.0,13928,0.12339159006886498,0.0008002634020000917,9.874577364680419e-05
1,70300000,70400000,70350000,0.0009980548359964081,0.0059544408124718095,-2.152879945890158,0.00026148672576328493,0.0727598330989051,7199.0,14331,0.000860054621224254,0.00596602050011935,-2.2135532336071773,-4.915407798063854e-06,-0.0013650830673833621,7213.0,14331,0.08877376054327267,0.0010195653816601374,9.051065304981264e-05
1,70400000,70500000,70450000,0.00073529747471676,0.005967674741211856,-2.267727518436792,3.8854432028317375e-05,0.010787476520665723,7215.0,14307,0.000524617368079671,0.005886616927679072,-2.355862703214801,-0.00032916284781652025,-0.09264473065467538,7117.0,14307,0.0904525760399278,0.0006926053604280761,6.264793902986127e-05
1,70500000,70600000,70550000,0.0006719115489754939,0.005845260900366427,-2.2890365322708455,0.0001910619703396985,0.05415536381075528,7067.0,14085,0.00035618654575343824,0.005767511569018655,-2.4265652874778536,-0.0004096633288573314,-0.11767954759505053,6973.0,14085,0.1653022293698592,0.0006158505095520662,0.00010180146218760271
1,70600000,70700000,70650000,0.0008258119990860179,0.0058609761907452325,-2.22192852867993,0.0004434049159811794,0.12534396061660977,7086.0,14180,0.00036551908370281846,0.005896542374234107,-2.4260404118074086,-0.0004040103830798758,-0.11351986731582069,7129.0,14180,0.305830048728842,0.0008580975599761166,0.00026243201858169727
1,70700000,70800000,70750000,0.0007069115416014173,0.005909776302974153,-2.2769986709467056,0.0002525356703287011,0.07079945282408526,7145.0,14277,0.00042191723302231786,0.0058973694947803594,-2.4013292320566406,-0.00030728924519248413,-0.08633082357336792,7130.0,14277,0.21545946196895763,0.0007194202975520772,0.00015500591024020962
1,70800000,70900000,70850000,0.0009685651973060065,0.006012339250709512,-2.169768594778359,0.0005049158724667473,0.13914407326966607,7269.0,14307,0.0006695207176851787,0.005879999963309049,-2.2918630506230415,-0.00012454860053002194,-0.03509429239430786,7109.0,14307,0.20573070498078938,0.0010311905075921386,0.00021214755009654496
1,70900000,71000000,70950000,0.0009183889621516596,0.005913911905705418,-2.1847301322916213,0.0004936166926909546,0.13829091468801577,7150.0,14185,0.0005729855998399927,0.005863457552383991,-2.3336046742911853,-0.00024779033793540705,-0.0700170361963339,7089.0,14185,0.2086169565866894,0.0009422583503681222,0.000196571069372296
1,71000000,71100000,71050000,0.0008018931921019436,0.005923837352260452,-2.236270763225213,0.00043802212656127664,0.12251031622763763,7162.0,14188,0.0005675156774187674,0.0058543592263752085,-2.3356234611393325,-8.028979837400093e-05,-0.022722344229045965,7078.0,14188,0.19007168343955255,0.0008453889322800996,0.0001606844975197417
1,71100000,71200000,71150000,0.0006320347657856549,0.005916393267344176,-2.310080830416115,0.00019735626443863184,0.055267880947649506,7153.0,14193,0.00040796002861027394,0.005790670944313735,-2.4040937784807452,-0.00016808038278385033,-0.04808981958335126,7001.0,14193,0.12032533276961975,0.0005911246698000578,7.112727260209212e-05
1,71200000,71300000,71250000,0.0008062069029790573,0.005905640700242889,-2.2332935360231256,0.0001880253620736363,0.05275057236634612,7140.0,14319,0.0007041909022450285,0.00592880007553797,-2.2791880763683445,7.557367640875875e-05,0.021119518740611846,7168.0,14319,0.10827192257957581,0.0008468937131561092,9.169481054406902e-05
1,71300000,71400000,71350000,0.0005976301126731223,0.005862630431837738,-2.322696447760541,0.00016744074715145942,0.047319667538908955,7088.0,14049,0.000574465691808909,0.005719538577335986,-2.326496156207179,5.012119551593649e-05,0.014518350752648524,6915.0,14049,0.0774412725541383,0.0006352418386020611,4.919393636104573e-05
1,71400000,71500000,71450000,0.0009510733690457215,0.005999105321969466,-2.176384440085436,0.0002594195108191241,0.07164797565716968,7253.0,14488,0.0008002582591966154,0.006054522398568411,-2.244591409879025,-0.00012539254069741915,-0.03431510854553061,7320.0,14488,0.13576673803415712,0.0010132285491181304,0.00013756273499696347
1,71500000,71600000,71550000,0.000630728480848805,0.005918047508436683,-2.310729821008825,1.3244879576788265e-05,0.00370807643253471,7155.0,14110,0.00036877075609354594,0.005760894604648631,-2.4207284509824167,-0.000518004443272481,-0.14897218037745294,6965.0,14110,0.19191588634833234,0.0006184376230500596,0.00011868800457888425
1,71600000,71700000,71650000,0.000683647985685861,0.005790670944313735,-2.280962569544018,0.0002527046254582508,0.07230183347329505,7001.0,14064,0.0005890070511585064,0.0058105218374238056,-2.3241419609071214,0.00015422706444662672,0.043975693740776325,7025.0,14064,0.11829467630791807,0.0007217008918100884,8.53733733879028e-05
1,71700000,71800000,71750000,0.0008091807348573731,0.005875037240031532,-2.230129480591612,0.0002505763918639395,0.07066493176604527,7103.0,14125,0.000592434977443766,0.005829545609987622,-2.3234870964760157,-0.00020035329734501288,-0.05694179660742658,7048.0,14125,0.16191595740243678,0.0008362023622101194,0.0001353945060595467
1,71800000,71900000,71850000,0.0008983342865668926,0.005968501861758109,-2.197121252071704,0.0005301319077670989,0.14716452808722413,7216.0,14312,0.0006364787974139696,0.005951132330286798,-2.3097804578479266,-2.6533200080017565e-05,-0.0073870782604879325,7195.0,14312,0.20605443620406594,0.0009665732475681372,0.0001991667055777043
1,71900000,72000000,71950000,0.0009397545059370995,0.006032190143819582,-2.183502504930219,5.939076174765745e-06,0.0016313048124063975,7293.0,14280,0.0008080186504265292,0.0058221015250713454,-2.2273793833611317,1.8172522205219223e-05,0.0051713505416483285,7039.0,14280,0.22573805446872033,0.0011286704496141376,0.00025478387143232085
1,72000000,72100000,72050000,0.0005571025498134921,0.005879999963309049,-2.3413109100268086,-0.0004401156435804749,-0.12401220902838717,7109.0,14227,0.0005894786299902932,0.005855186346921462,-2.3259578958165927,0.00019833185372652138,0.05612081588034322,7079.0,14227,0.24547824662588613,0.0007598065759380969,0.0001865159860362035
1,72100000,72200000,72150000,0.000485219261994609,0.0059329356782692345,-2.3748622297881155,-0.0005616321967180183,-0.1568422545319508,7173.0,14298,0.0003800663184671668,0.005858494829106473,-2.4185557514695644,9.425917819976139e-05,0.026656933627215655,7083.0,14298,0.2768182749028897,0.0005982490641240631,0.00016560627389317225
1,72200000,72300000,72250000,0.0006808290076460826,0.0059436882453705224,-2.290131161661484,0.0002123233219452213,0.05918662219293277,7186.0,14222,0.0004563022693906812,0.005812176078516311,-2.3832687586692596,-0.00022627565002053616,-0.06450100614050591,7027.0,14222,0.18683582242464924,0.0006992015317420868,0.00013063589322370774
1,72300000,72400000,72350000,0.0006926985684276893,0.005865111793476496,-2.280886846161728,0.00030961817906578624,0.08746282101488988,7091.0,14189,0.00038984467978878405,0.005875864360577784,-2.4147573744298927,-0.00034699810729710957,-0.09784302050496049,7104.0,14189,0.19100555648171352,0.0006690671715300838,0.00012779554742184813
1,72400000,72500000,72450000,0.0006603698631786333,0.005865938914022749,-2.2951843847149713,0.00035998891884917876,0.10167753548659732,7092.0,14219,0.000466161962171609,0.0059544408124718095,-2.3839155244052925,-9.393273822340873e-05,-0.026137198114773257,7199.0,14219,0.1878144467653916,0.0006935187537280952,0.0001302528410529748
1,72500000,72600000,72550000,0.0007431334890409008,0.005889098289317831,-2.25999372794697,0.00030394575486955127,0.0855112466322936,7120.0,14161,0.0006410784692506913,0.005822928645617599,-2.3015792323327213,4.439556088759503e-05,0.012631842882254342,7040.0,14161,0.13732596993135676,0.0008022798357460958,0.00011017385660030569
1,72600000,72700000,72650000,0.0006851983500475057,0.0058254100072563575,-2.282113837459595,0.00012441424027039794,0.035384454784688525,7043.0,14213,0.0005222478041180338,0.005895715253687854,-2.35726282568327,-0.00013095814630148,-0.036802108438396125,7128.0,14213,0.08353578631453541,0.0006587524838040669,5.502940672129519e-05
1,72700000,72800000,72750000,0.0005938726240102337,0.005802250631961276,-2.321594894358083,-5.546118404385424e-05,-0.015836491298356858,7015.0,14225,0.0004929079440754323,0.00594037976318551,-2.371783709375925,-0.00021384610846911017,-0.059644261115128716,7182.0,14225,0.04667478775693076,0.0005699946640080612,2.6604379965228658e-05
1,72800000,72900000,72850000,0.0009284446152441879,0.005946169607009281,-2.1825511431776823,0.00030189988059483577,0.08412165179936062,7189.0,14173,0.0007898354877889011,0.005812176078516311,-2.2348523979192185,-3.098013093331247e-05,-0.008831041322307148,7027.0,14173,0.12521427487084505,0.00098211485034213,0.00012297479882558918
1,72900000,73000000,72950000,0.0006573966526005244,0.005853532105828956,-2.295874335208196,-0.00026298187255075633,-0.07443545579669002,7077.0,14196,0.0006006525452954466,0.005879999963309049,-2.322155162389253,-0.0003959678821388726,-0.11157261161827992,7109.0,14196,0.07694294067597804,0.0006814579798660748,5.243338091808859e-05
1,73000000,73100000,73050000,0.0007175773272612777,0.0059089491824279,-2.272286473857028,0.00010874099038589946,0.03049026173292214,7144.0,14134,0.0006568384398563928,0.005728636903344768,-2.289725675470815,-8.877274478346877e-05,-0.025673569937713588,6926.0,14134,0.08551752079469198,0.0007514718971500996,6.426401359125818e-05
1,73100000,73200000,73150000,0.0007214119588916012,0.005889098289317831,-2.2695333427333333,-0.00015959890644508433,-0.044901108940071405,7120.0,14211,0.0009270986791988403,0.005895715253687854,-2.1796605741148296,6.0313819562215656e-05,0.016949504788748168,7128.0,14211,0.2901867274579653,0.0011612283834781538,0.00033697306443294337
1,73200000,73300000,73250000,0.000568135230794302,0.005836989694903898,-2.334593405790925,0.0001676889757737373,0.04759768074151558,7057.0,14147,0.0004893458348163374,0.0058543592263752085,-2.370157359607322,1.4563828354257992e-05,0.00412162351705878,7078.0,14147,0.14717170972555504,0.000619984748202068,9.124421539674507e-05
1,73300000,73400000,73350000,0.0006725880909189139,0.005899023735872866,-2.291477925382517,0.0002060453905299017,0.05787084215818804,7132.0,14079,0.000623436273622732,0.005798942149776265,-2.3082567671565735,8.269690548904108e-05,0.02362688258735654,7011.0,14079,0.13106017116140967,0.000745750350904087,9.773816863326629e-05
1,73400000,73500000,73450000,0.0006952287518115248,0.0058394710565426566,-2.2784113570391775,0.00011875918663986759,0.03369490115759826,7060.0,14221,0.0004298932521525077,0.00592880007553797,-2.3988479232067434,-0.00043057559931604497,-0.12032694280771389,7168.0,14221,0.18324861919099555,0.0006887787583840833,0.0001262177564020665
1,73500000,73600000,73550000,0.0003926446116041026,0.005996623960330708,-2.4170713764584613,-0.0003493523232072602,-0.09652600522810541,7250.0,14069,0.0003126396065600466,0.005681491032208353,-2.4439190086621516,-0.0005851504911769559,-0.17063089244873927,6869.0,14069,0.11665930721264024,0.0003992141559440052,4.6572046861933314e-05
1,73600000,73700000,73650000,0.0007964335995360197,0.005886616927679072,-2.2364367848239657,-0.00030389536855369997,-0.08553305682467063,7117.0,14172,0.0006895727748157537,0.00585187786473645,-2.2815705440794436,-0.00047922583408238194,-0.1356803104833728,7075.0,14172,0.05649821202197398,0.0007874952614220998,4.4492074246212355e-05
1,73700000,73800000,73750000,0.0007364415354793673,0.005887444048225325,-2.262840948886151,4.509999312793198e-05,0.012691865480147967,7118.0,14184,0.0007382860808108267,0.005931281437176729,-2.264450378147765,9.554095130952234e-05,0.026688340568876267,7171.0,14184,0.09308951130599637,0.0008130502594661146,7.56864513210212e-05
1,73800000,73900000,73850000,0.0004243237648456403,0.005687280876032123,-2.393280063139798,0.00021860522926828721,0.06368086634574323,6876.0,13969,0.000367944706123045,0.005757586122463619,-2.421002451636147,2.6609119443170854e-05,0.007656870477724332,6961.0,13969,0.07248901046594174,0.0004270938457380457,3.095961025370307e-05
1,73900000,74000000,73950000,0.0006886767994100002,0.005864284672930244,-2.2826170610825045,0.0002023776490604844,0.05717691699519739,7090.0,14097,0.00047265479873797743,0.005779091256666195,-2.374769449237006,-0.00024782813390136695,-0.07104847284786184,6987.0,14097,0.1205584321455169,0.0006602664921680825,7.960069309409789e-05
1,74000000,74100000,74050000,0.0008244180771048037,0.0058502236236439445,-2.221869431040483,9.964746232263892e-05,0.028220548643407155,7073.0,14315,0.000746697089146904,0.006005722286339489,-2.2648562629646185,-0.00013874214306945645,-0.03827644759550936,7261.0,14315,0.07968019141746249,0.0008535702217861175,6.801263866026005e-05
1,74100000,74200000,74150000,0.0005954151719177127,0.005855186346921462,-2.323335618373139,-0.00023857415020953448,-0.06750794542656072,7079.0,14249,0.0006503777984799814,0.005927972954991717,-2.3026235327338456,-6.619347253074224e-05,-0.018500741523351936,7167.0,14249,0.15820260829626667,0.0007399601036280952,0.00011706361842924807
1,74200000,74300000,74250000,0.0006446402124001222,0.005787362462128724,-2.298218306953435,-0.0001267239352433701,-0.03627793842356254,6997.0,13889,0.0005194243948119402,0.005722847059520998,-2.3515223774716736,-0.0004182613814778565,-0.12108570309971002,6919.0,13889,0.10903105822026608,0.0006532576797160725,7.122537611004191e-05
1,74300000,74400000,74350000,0.0005968830522605194,0.006044596952013375,-2.331048394482462,-7.861921933220728e-05,-0.021550329512411724,7308.0,14396,0.0006941391268952746,0.005939552642639258,-2.2841268207580385,0.00013849095591756118,0.03863217052633091,7181.0,14396,0.11914239877173691,0.0007328211605120923,8.731007093419621e-05
1,74400000,74500000,74450000,0.000511694829162282,0.005879999963309049,-2.361283790114744,5.746819910997246e-05,0.016192922075054017,7109.0,14268,0.0005216061807917993,0.0059296271960842225,-2.358871177582913,6.413997085968631e-05,0.017921804340114304,7169.0,14268,0.1207887339297123,0.0005876295321900535,7.097902721301338e-05
1,74500000,74600000,74550000,0.0005574937573415667,0.005913911905705418,-2.342563183497121,4.7573640544390587e-05,0.013328160014316314,7150.0,14212,0.0004702228181461693,0.0058072133552387935,-2.376892763480681,2.1941851254492235e-05,0.006259971517473351,7021.0,14212,0.0957864110466246,0.0005682930383060525,5.4434750562183396e-05
1,74600000,74700000,74650000,0.0005533602635946261,0.005896542374234107,-2.3436487331827216,0.00011454540543803126,0.032185260011971945,7129.0,14323,0.0005471193113751029,0.005907294941335395,-2.3468287551095197,0.00015400222038618565,0.04319328858613373,7142.0,14323,0.08026817099251601,0.0005982611127840496,4.802132529918659e-05
1,74700000,74800000,74750000,0.00043071974208140965,0.005867593155115256,-2.3964937429285973,0.00012271769694495642,0.03465140111910512,7094.0,14285,0.00039753184332642005,0.005836162574357645,-2.410161170813902,0.00015551249114089636,0.04414769272106327,7056.0,14285,0.1103376238587171,0.0004654864629660296,5.136067026211542e-05
1,74800000,74900000,74850000,0.0005432654236082269,0.005901505097511624,-2.3482796264748016,6.814606336861651e-05,0.019131776529683803,7135.0,14044,0.0005929813790117837,0.005726982662252262,-2.318476470044679,0.00017728327122869473,0.05128609202033442,6924.0,14044,0.09600575419471882,0.0006284590902500552,6.0335688940049795e-05
1,74900000,75000000,74950000,0.0006680858438764429,0.005816311681247576,-2.2892424410338035,0.00013995072554325163,0.03986533133415462,7032.0,14024,0.000655616521085207,0.005765857327926149,-2.2922085945624313,0.0001337184670246593,0.03842285954790071,6971.0,14024,0.17348250681899277,0.0008007709309741071,0.0001389197484932825
1,75000000,75100000,75050000,0.0006409255801537966,0.005817138801793829,-2.301360665860514,0.00037971153891137974,0.10814647195072866,7033.0,14089,0.0005213654052040434,0.005802250631961276,-2.353914435821391,0.00010241400724005373,0.029243489161798565,7015.0,14089,0.1365738022372908,0.0006730690986500785,9.192360597116036e-05
1,75100000,75200000,75150000,0.0009340771779078189,0.0058899254098640835,-2.1761935117974835,-4.4104366771661887e-05,-0.012406459016146348,7121.0,14288,0.0005345548659746507,0.006027227420542065,-2.357050169945661,-0.0007931502906509755,-0.21803621562224126,7287.0,14288,0.1734169565234036,0.000888375375876123,0.0001540593539348913
1,75200000,75300000,75250000,0.0007287778244262582,0.005815484560701322,-2.2622082322399204,2.7567748973487626e-05,0.007853860816166385,7031.0,14191,0.0005833743358793562,0.005939552642639258,-2.332359591958201,-0.00011926738840190011,-0.03326973993677295,7181.0,14191,0.16153255465958255,0.0007824705464700808,0.00012639446631728036
1,75300000,75400000,75350000,0.0006837929058730683,0.005855186346921462,-2.2842975822423304,-3.075097162172398e-05,-0.0087014243254343,7079.0,14152,0.000710565652052535,0.005944515365916775,-2.277234719697293,1.5793250724500182e-05,0.0044018682702492715,7187.0,14152,0.11559257606748485,0.0007883010251800892,9.112174621729366e-05
1,75400000,75500000,75450000,0.0006812941707677155,0.005976773067220638,-2.291586857754523,0.00024308054645746395,0.06738587140402409,7226.0,14191,0.0006367317754217502,0.005821274404525093,-2.303428604104607,0.00021363215252951135,0.060801878313905496,7038.0,14191,0.12584827413399702,0.0007538885454260962,9.487557233136599e-05
1,75500000,75600000,75550000,0.000761030771473734,0.005978427308313144,-2.257173279635575,-9.301170679708974e-06,-0.00257772300706852,7228.0,14421,0.0007526186284723049,0.006018129094533283,-2.262980483191945,-2.9367889106896853e-05,-0.008085390626056328,7276.0,14421,0.11441084584338769,0.0008546002358101182,9.777553583710386e-05
1,75600000,75700000,75650000,0.0007853387047850666,0.0057211928184284925,-2.2312472936661254,0.0001645171479674888,0.047641084109891964,6917.0,13853,0.000616886305379048,0.005828718489441369,-2.3125997782540613,-0.00020648259179395346,-0.05869209959947563,7047.0,13853,0.13206093591188595,0.0008077900097960981,0.00010667750471404062
1,75700000,75800000,75750000,0.0005740378629846253,0.005752623399186102,-2.328201112421067,3.2153166743655174e-05,0.009260159801967397,6955.0,14113,0.0003562117428034075,0.005958576415203074,-2.4317836851323507,-0.00046142845291257723,-0.12830551661610368,7204.0,14113,0.20786081753182686,0.000587175603970068,0.00012205080107605014
1,75800000,75900000,75850000,0.0005949709019410134,0.005995796839784455,-2.3297695088434245,0.000240617110635092,0.06649163686133985,7249.0,14222,0.00034155143146029365,0.005773301412842425,-2.4332849871501026,-0.0002885606537145674,-0.08280869031841134,6980.0,14222,0.19117256081591513,0.0005789382803000647,0.00011067711359940965
1,75900000,76000000,75950000,0.00043861658253381515,0.00576916581011116,-2.3896590664204647,1.2452917265155464e-05,0.0035761904994104313,6975.0,14114,0.0002391023578595623,0.005844433779820174,-2.4805248793782364,-0.0003308753750817794,-0.09379788343777512,7066.0,14114,0.18937675740096463,0.0004180233829840108,7.916391278732199e-05
1,76000000,76100000,76050000,0.0007824144308183302,0.005856840588013968,-2.24083315590995,-0.00032628224947451175,-0.09230015999668183,7081.0,14245,0.0003773557042330246,0.0059651933795730975,-2.4227911450809927,-0.0011185413240613255,-0.31067884722586453,7212.0,14245,0.18112617146155582,0.0007081494698160788,0.00012826440229040003
1,76100000,76200000,76150000,0.0009849405485755195,0.0060330172643658355,-2.164186209168596,-3.187072036720522e-05,-0.008752833001352121,7294.0,14221,0.0006329809778097721,0.005862630431837738,-2.307101134579024,-0.0009051537555376265,-0.25580138354788773,7088.0,14221,0.2243005664105518,0.00104287914643614,0.00023391838324349237
1,76200000,76300000,76250000,0.001162252456202615,0.006100841149158573,-2.093740079013064,-0.0016433337659816662,-0.44630770626393246,7376.0,14527,0.002028641284453007,0.0061157293189911255,-1.7285292948087292,-0.00015272873120725252,-0.04137826978868753,7394.0,14527,0.37727360379448954,0.002562035076800267,0.0009665882064724543
1,76300000,76400000,76350000,0.0010928649461055093,0.0060694105684009625,-2.1207435794567613,-0.00039443950948310686,-0.10767849977376032,7338.0,14424,0.0006981598196022082,0.00601151213016326,-2.2860518700253802,-0.0012883604075961588,-0.3550935001631504,7268.0,14424,0.3014311814904109,0.0012819243560921716,0.0003864119732383139
1,76400000,76500000,76450000,0.0012073479667417163,0.005823755766163852,-2.050140586864843,0.00011674915401554529,0.03321385747028353,7041.0,14129,0.00025975686717065385,0.005909776302974153,-2.4726928982780767,-0.0020737499982961317,-0.5813846613518482,7145.0,14129,0.5463908082291381,0.0016171462798021867,0.0008835938628459991
1,76500000,76600000,76550000,0.001165265711337169,0.005880827083855302,-2.073878887567523,6.659958335585301e-05,0.018763253868938266,7110.0,14256,0.0002957892591185717,0.005978427308313144,-2.458448130579043,-0.0018032528300764203,-0.4997528233504957,7228.0,14256,0.4751448682335943,0.0013918649947641656,0.0006613375095362966
1,76600000,76700000,76650000,0.0004922267603915961,0.0058072133552387935,-2.367093043820752,4.931816942967991e-05,0.014070386875880116,7021.0,14007,0.00031876204550043214,0.005748487796454838,-2.4428631015402584,-0.00031796466388667123,-0.09164007635254018,6950.0,14007,0.10462870194484729,0.0004528784916680398,4.738408872202598e-05
1,76700000,76800000,76750000,0.0005261280732167241,0.005679836791115847,-2.3466676380622333,3.215514542344032e-05,0.00937922254909045,6867.0,14017,0.00034977415869956934,0.005841952418181416,-2.431482182153019,-0.0003823719018030551,-0.10844229849419823,7063.0,14017,0.12288403299290902,0.000499308110252032,6.13569942938836e-05
1,76800000,76900000,76850000,0.0005786104518385145,0.005905640700242889,-2.3329692457904936,-0.0007691213597456591,-0.21577723078590264,7140.0,14142,0.0003647984321963069,0.005878345722216543,-2.4258510414298913,-0.0012734287658637722,-0.35891723330966163,7107.0,14142,0.13333092638300958,0.0005442728445920617,7.25684025746515e-05
1,76900000,77000000,76950000,0.0005485581331593249,0.005879999963309049,-2.3450692270444344,-0.0006359728645726941,-0.1791992649389888,7109.0,14094,0.00044345120175600365,0.005832026971626381,-2.3896700684398655,-0.0009347554130662049,-0.2655511080435587,7051.0,14094,0.09692572175246376,0.0005492401670660522,5.3235499608385696e-05
1,77000000,77100000,77050000,0.00045602581448213363,0.0057104402513272045,-2.3797184071310458,0.00023802688871687498,0.06905771872516453,6904.0,14090,0.00038330364886647405,0.005892406771502842,-2.4181193780683814,0.00014616609332091497,0.04109890393771989,7124.0,14090,0.07296477077387693,0.00045269555939601765,3.3030827721715144e-05
1,77100000,77200000,77150000,0.0008784174007860381,0.005747660675908585,-2.1910138086796143,0.0002064208974329948,0.059500777891248656,6949.0,13964,0.0004896828244602343,0.005802250631961276,-2.3680367052846725,-0.0006322920676567342,-0.18054587185784265,7015.0,13964,0.12923412181731186,0.0007855729418920987,0.00010152282926896191
1,77200000,77300000,77250000,0.0008457530517865512,0.00587751860167029,-2.214187795158368,0.00019248831339515704,0.05426065649419199,7106.0,14257,0.0004597864142081302,0.005979254428859397,-2.3875269089732853,-0.0006175393427054926,-0.1711209852362071,7229.0,14257,0.18256670935160862,0.0007985602500721055,0.00014579051707476508
1,77300000,77400000,77350000,0.0008244145791898182,0.005905640700242889,-2.225319496707366,0.00028100668015482,0.07883650935945696,7140.0,14169,0.0003840581952559375,0.005822928645617599,-2.415737786667756,-0.0005002380930329802,-0.14233245100585645,7040.0,14169,0.2518605617567319,0.0008076520984401027,0.00020341571121722552
1,77400000,77500000,77450000,0.0008071176771827955,0.005806386234692541,-2.226800955886497,0.00024744308644288255,0.07060511789521921,7020.0,14104,0.00036491427154069887,0.005907294941335395,-2.426603011837078,-0.0006033309885139426,-0.1692173621554984,7142.0,14104,0.3071400136877949,0.0008457927805601132,0.00025977680619836645
1,77500000,77600000,77550000,0.0005271849279212729,0.005822928645617599,-2.352166377946492,7.174322957628327e-05,0.02041305900307561,7040.0,13944,0.0004436778927349171,0.005714575854058468,-2.385458596224237,-3.857187380675519e-05,-0.011182605801605077,6909.0,13944,0.1227889674374434,0.0005533804207980664,6.794901046997125e-05
1,77600000,77700000,77650000,0.0005408351497334904,0.0059254915933529585,-2.350317035258932,0.00010438472661125324,0.029187203626963452,7164.0,14166,0.0005669219428134221,0.005766684448472402,-2.332029658542808,0.0001240863880518655,0.035650057610087584,6972.0,14166,0.16739286627567335,0.0006652339667040752,0.00011135542043061889
1,77700000,77800000,77750000,0.0006539353721537237,0.00592880007553797,-2.3011115927800954,-4.663640076402473e-05,-0.013032822891971335,7168.0,14203,0.0005423826334323279,0.00576337596628739,-2.342893739377981,-0.00020039538474187721,-0.057606656141572496,6968.0,14203,0.14514398221758848,0.0006997190057160968,0.00010156000292307198
1,77800000,77900000,77850000,0.0007105831047510555,0.005822928645617599,-2.270707937298357,9.118530969309668e-05,0.025944902647569587,7040.0,14096,0.0005466117267092613,0.005852704985282703,-2.3447892591271544,-0.00019241780299405364,-0.054470400690487905,7076.0,14096,0.17126913160088936,0.0007585060961280756,0.00012990868039791992
1,77900000,78000000,77950000,0.0006543720283722806,0.005793979426498747,-2.294206856063538,0.00022672043650834908,0.06483045961935872,7005.0,14037,0.0005150730471624631,0.005834508333265139,-2.3580064653376676,-4.91538986750092e-05,-0.013958014176450867,7054.0,14037,0.11505599003020209,0.0006607452349300665,7.602269716269575e-05
1,78000000,78100000,78050000,0.00062007709165491,0.005761721725194884,-2.3079479471634103,0.00037076068937488414,0.10661126963417207,6966.0,14028,0.0005160209450934407,0.005888271168771578,-2.3597042429997437,0.00011694193918736879,0.03290473194505302,7119.0,14028,0.09342941262576439,0.000626591052352068,5.854203397789099e-05
1,78100000,78200000,78150000,0.0008344397268732955,0.00590315933860413,-2.2207741185900893,-9.914902653827639e-05,-0.02782796459395866,7137.0,14130,0.0007194354356963629,0.005870901637300267,-2.2694125612072007,-0.00041850590237506096,-0.11810566917790064,7098.0,14130,0.10801674950656351,0.0008710226126501219,9.408503136528651e-05
1,78200000,78300000,78250000,0.0009113814728527622,0.00601151213016326,-2.194313974502344,0.00029734269150294293,0.08195257821583701,7268.0,14216,0.0008292925049470783,0.005818793042886334,-2.2177178233950876,0.00012357865983061615,0.0351867166162551,7035.0,14216,0.09947357238025138,0.000966475788168144,9.613879926821638e-05
1,78300000,78400000,78350000,0.0009914307149011972,0.0058609761907452325,-2.148843930929838,0.00013515835277154778,0.03820725173809714,7086.0,14273,0.000861814412298155,0.005989179875414432,-2.214246488083035,-0.00016701348182683929,-0.0462030770716984,7241.0,14273,0.11326570000436716,0.0010449833322161337,0.00011836076861646205
1,78400000,78500000,78450000,0.0012211360760608187,0.006078508894409745,-2.066864105001699,0.00011665169591697634,0.03179728497382151,7349.0,14372,0.0013483581283413582,0.005845260900366427,-1.9897312220888064,0.0003487151766718108,0.09884121484467843,7067.0,14372,0.08697227706009096,0.0014071282502401816,0.00012238114803909126
1,78500000,78600000,78550000,0.0007480067680756983,0.005970156102850615,-2.2623552712168284,8.189139492995196e-05,0.022726747640050424,7218.0,14350,0.0005806116513785068,0.005950305209740546,-2.3340251456326118,-0.00022532836275966091,-0.06274212236443182,7194.0,14350,0.05878782457114849,0.0007058017597620788,4.1492550034977995e-05
1,78600000,78700000,78650000,0.0007621616515465318,0.005956922174110569,-2.255482817481842,-0.00022734401358015519,-0.06323316091985344,7202.0,14412,0.0005556198727847214,0.0060404613492821115,-2.3485398002889752,-0.0005820405872339184,-0.15965233194183046,7303.0,14412,0.07306689493385575,0.0007108288166260879,5.1938054460460565e-05
1,78700000,78800000,78750000,0.0007529818152181682,0.005915566146797923,-2.2571618396776785,0.0002082362531625406,0.05832286739705235,7152.0,14293,0.0007214973269772805,0.005974291705581879,-2.274058243567596,0.00016700629407094425,0.046316055160729556,7223.0,14293,0.04411626890612504,0.0007712649008620997,3.40253297643747e-05
1,78800000,78900000,78850000,0.0006527402442504401,0.005766684448472402,-2.2935412037375955,-0.0005091800581046224,-0.1462875879484078,6972.0,14165,0.0006672371245872535,0.005963539138480592,-2.297022401853893,-0.0006040419359874081,-0.1678212761210352,7210.0,14165,0.0879663999844477,0.0007236451424681051,6.365645804926302e-05
1,78900000,79000000,78950000,0.0007224237482014862,0.005754277640278608,-2.2615836954865416,-7.64409164811849e-05,-0.02200877824247207,6957.0,14188,0.0007230202359703647,0.005967674741211856,-2.2730485094008603,-0.00011827957125974549,-0.032838933198380056,7215.0,14188,0.11408931609901674,0.0008157955482640978,9.307355617816953e-05
1,79000000,79100000,79050000,0.0006301383871038671,0.005816311681247576,-2.306116395541097,0.0001338219096590806,0.03811952205049357,7032.0,14004,0.0005191449681596737,0.005726982662252262,-2.3518204393483098,-6.919653854540207e-05,-0.020017794226902235,6924.0,14004,0.13547423859968277,0.0006646900570100706,9.004837937829706e-05
1,79100000,79200000,79150000,0.0006321782019960162,0.005874210119485279,-2.3080112405468944,-8.797771934920817e-05,-0.02481404399310543,7102.0,14127,0.0005099849124931181,0.0058502236236439445,-2.3608778805490624,-0.00018213219603397591,-0.05158054583533189,7073.0,14127,0.10186668423351836,0.0006358538840720502,6.477232682748678e-05
1,79200000,79300000,79250000,0.0007880648877488964,0.005918874628982935,-2.2420172613934723,0.00021575617176172783,0.060395320029378245,7156.0,14293,0.0004744011034430228,0.005898196615326612,-2.3783413899666317,-0.00015810806221664564,-0.04441316496619928,7131.0,14293,0.23205198670222518,0.0008219736032461086,0.00019074060765014977
1,79300000,79400000,79350000,0.000666778750273504,0.005792325185406242,-2.2885828690594563,0.0001716328813008031,0.04909222896010467,7003.0,14069,0.0006115499867918636,0.005827064248348863,-2.3148896811664477,7.183206090459394e-05,0.020423850319342136,7045.0,14069,0.09425238748474835,0.0007056760180220757,6.65116494893946e-05
1,79400000,79500000,79450000,0.0009241496183082191,0.005906467820789142,-2.1816976940467585,0.00022232617688578172,0.06236495470288238,7141.0,14223,0.0007492725993960093,0.005902332218057877,-2.258042230152461,-0.0002772419590796086,-0.07782385000757412,7136.0,14223,0.19756396858351175,0.001042713781652138,0.00020600267280002101
1,79500000,79600000,79550000,0.0006795676257822653,0.005835335453811393,-2.285132227332917,0.00026560371624915807,0.07541163240243105,7055.0,14121,0.0004827099186611769,0.005876691481124037,-2.373911644770644,-3.172353411136236e-05,-0.008943824527434351,7105.0,14121,0.22929983986965724,0.0007540400304620968,0.00017290125824037745
1,79600000,79700000,79650000,0.0006161115671476635,0.005830372730533875,-2.313022009378309,0.00019080152007918492,0.05421943391254976,7049.0,14103,0.0006008270974729698,0.005870074516754014,-2.32162620824897,0.00019389231732715558,0.0547256409962501,7097.0,14103,0.15790250838019976,0.0007225640004460911,0.00011409466813577439
1,79700000,79800000,79750000,0.0006110518683666768,0.005791498064859989,-2.3134257884132965,0.00017530726876867583,0.050150366099496156,7002.0,14031,0.00040302181806216287,0.005813003199062564,-2.4070036007985034,-0.000249282917141197,-0.07104924704960434,7028.0,14031,0.18638321436214794,0.000623188769166062,0.00011615192595163898
1,79800000,79900000,79850000,0.00039899548364082414,0.0058146574401550695,-2.4088464368833424,-0.0002672970855988769,-0.07616190507096747,7030.0,14102,0.0002893965166731465,0.005806386234692541,-2.4574070859320134,-0.0004400211547955861,-0.12555511635967348,7020.0,14102,0.14662309767729856,0.00040333409449001486,5.913809433302944e-05
1,79900000,80000000,79950000,0.0006873586779347846,0.0056806639116621,-2.273299620601151,2.995110820708092e-05,0.008735064519627654,6868.0,13953,0.0004331687708876946,0.005862630431837738,-2.3952498667923474,-0.00040855120711210074,-0.11545879734803872,7088.0,13953,0.14435836457706347,0.0006547878238000592,9.45240993888185e-05
1,80000000,80100000,80050000,0.0007695272580285885,0.0060189562150795356,-2.2557594489192927,-0.0002237455119431449,-0.06159181608761975,7277.0,14357,0.0007822486599086138,0.005931281437176729,-2.2452801166646115,-0.0002873541986980153,-0.08026931502810797,7171.0,14357,0.11362106734843044,0.0008753456680741012,9.945770910549712e-05
1,80100000,80200000,80150000,0.0006461271568955667,0.0058179659223400815,-2.299089316533992,-8.944698198997969e-06,-0.0025471973779941075,7034.0,14017,0.000550388132211313,0.005822928645617599,-2.3418604039603874,-0.000249527038610428,-0.07099778184088366,7040.0,14017,0.13699776951944267,0.0006932283873940763,9.497074284063786e-05
1,80200000,80300000,80250000,0.0006532598498024967,0.005815484560701322,-2.295793298714788,-1.937195931160588e-05,-0.005518937085364172,7031.0,14096,0.0004496040598305848,0.005879999963309049,-2.388594817240625,-0.00039312620368208584,-0.11077190655833795,7109.0,14096,0.15333820145391616,0.0006513013292480789,9.9869374431536e-05
1,80300000,80400000,80350000,0.0005459860057580501,0.005768338689564907,-2.3414903204677224,-0.00016512995950361756,-0.047428303612488024,6974.0,14052,0.0005374431803837954,0.005823755766163852,-2.3476444148454023,-6.396942779029104e-05,-0.018198602593723443,7041.0,14052,0.15697439942360866,0.0006425837989980594,0.00010086920592713639
1,80400000,80500000,80450000,0.0007232715523735332,0.005889098289317831,-2.268716650476622,0.00015512639057990818,0.04364282386424244,7120.0,14274,0.000538138870394699,0.005918047508436683,-2.351194482376062,-0.000319108413072164,-0.08933855374647162,7155.0,14274,0.16068249384722308,0.0007514500850520996,0.00012074487366798322
1,80500000,80600000,80550000,0.0007432803464174716,0.005773301412842425,-2.253320713937979,-5.5454927321287786e-05,-0.015913984959712833,6980.0,14033,0.00025146654928147604,0.0058576677085602205,-2.4753123976721096,-0.0010827127578956499,-0.30623937075720015,7082.0,14033,0.2284891637552909,0.0006446746104960622,0.00014730116264658803
1,80600000,80700000,80650000,0.0005243986201001945,0.005836162574357645,-2.3539394131016467,-0.00012845153228734218,-0.036465487340392906,7056.0,14192,0.00022066266193860394,0.005873382998939025,-2.4891830252184715,-0.0006751598409744636,-0.19045505973962865,7101.0,14192,0.39807265546720305,0.0006188963575140641,0.00024636571649466483
1,80700000,80800000,80750000,0.0006614523972739704,0.005939552642639258,-2.2983603288669414,0.00010551682066819296,0.029434007314357864,7181.0,14227,0.00025479615852156854,0.005818793042886334,-2.4730681890790693,-0.0006438984178642265,-0.18333805521194402,7035.0,14227,0.2159499773289675,0.0005843049099560563,0.0001261806320582857
1,80800000,80900000,80850000,0.0009292838442844767,0.005999105321969466,-2.1857786719543064,0.0002794824977169996,0.07718908701124727,7253.0,14342,0.0006654940459284581,0.005956095053564316,-2.297413809351133,-0.00016036322165625776,-0.04460939767327299,7201.0,14342,0.16002841233421417,0.0009493046631761188,0.00015191571806964888
1,80900000,81000000,80950000,0.0008823665046410732,0.005880827083855302,-2.1982964586113147,0.00030721763412835837,0.08655313099129747,7110.0,14115,0.0006886896419484271,0.0058543592263752085,-2.2820911877111545,1.97752987928979e-06,0.000559649115459688,7078.0,14115,0.0981041454247349,0.0008709742586241226,8.544618532936979e-05
1,81000000,81100000,81050000,0.0006533971435834378,0.00582044728397884,-2.2959826861926382,0.00033162093543334827,0.09439607536109883,7037.0,14196,0.0005179379781377754,0.005933762798815487,-2.3606308395597595,-2.7995282436836673e-05,-0.00781691664240084,7174.0,14196,0.11636313961119298,0.0006627921345460806,7.712457368547838e-05
1,81100000,81200000,81150000,0.0009111281088891166,0.0058146574401550695,-2.181053627906932,0.000216433359549615,0.06166912350456846,7030.0,14103,0.0009010398442844756,0.005875864360577784,-2.18974682669862,0.00014455531332514425,0.040760246780432205,7104.0,14103,0.07247868073704404,0.0009768874933321152,7.080351674531983e-05
1,81200000,81300000,81250000,0.000616472163577632,0.006037979987643352,-2.32237388006394,-3.071230941110613e-05,-0.008427769574074298,7300.0,14369,0.0005950762165221616,0.0058502236236439445,-2.323259678746628,-2.8136549845510146e-05,-0.007968380278485765,7073.0,14369,0.09015730407454801,0.0006658010145740593,6.00268245241665e-05
1,81300000,81400000,81350000,0.0005361115012490049,0.0057501420375473435,-2.3451467263830557,-5.0257222304238525e-05,-0.014480391254637973,6952.0,14121,0.00045052118620385003,0.005939552642639258,-2.3902107873854437,-0.00011127815079753169,-0.03104113527834991,7181.0,14121,0.08238925445158904,0.0005376095976640595,4.4293253937632075e-05
1,81400000,81500000,81450000,0.0007069986820968275,0.005950305209740546,-2.2790889552202143,0.00020105503477034638,0.055983274537884674,7194.0,14228,0.000602958162157616,0.005849396503097692,-2.319736992442788,-9.198905473856698e-05,-0.026055336121068858,7072.0,14228,0.1184531179458659,0.0007429876226220917,8.800920049487005e-05
1,81500000,81600000,81550000,0.0007441018921609295,0.005948650968648039,-2.262870651817899,0.00010189212120521205,0.028379485988956114,7192.0,14230,0.0005505113912839058,0.005875037240031532,-2.344002845981901,-0.00047025233018335223,-0.13261564099491913,7103.0,14230,0.26713311580303534,0.0008832526829641175,0.00023594604124169933
1,81600000,81700000,81650000,0.000987929716135205,0.005749314917001091,-2.1418653038255298,6.930176669367895e-05,0.01997047988462436,6951.0,14039,0.0003816021936579215,0.005906467820789142,-2.419272737864947,-0.0010499909446375372,-0.29453408778939183,7141.0,14039,0.31721605978039724,0.0010029028431401456,0.00031813688824358324
1,81700000,81800000,81750000,0.0006577969875238709,0.005926318713899211,-2.2993055542231815,0.00021224354154340128,0.05933753289643981,7165.0,14207,0.0001531879146731433,0.005835335453811393,-2.518433508886057,-0.0007063396978090081,-0.20054775736815766,7055.0,14207,0.22466148685663007,0.0005229876295640381,0.00011749517846553225
1,81800000,81900000,81850000,0.000821963769843723,0.005836162574357645,-2.222071668228427,0.00011315083192032943,0.03212184514635246,7056.0,14268,0.0005813844751447472,0.00598587139322942,-2.335209324583189,-0.0002837711151111889,-0.07854656213176531,7237.0,14268,0.14791840731723502,0.0008234823149801103,0.00012180819248587752
1,81900000,82000000,81950000,0.0008924852509945364,0.00592880007553797,-2.197046384945532,-0.00034442019191793604,-0.09625029565205787,7168.0,14293,0.0008586881781998076,0.006023918938357053,-2.2177520536739617,-0.0003673762911269337,-0.10104675866319159,7283.0,14293,0.09062178125634342,0.0009628410891641128,8.725437456693995e-05
1,82000000,82100000,82050000,0.0006963476759967715,0.005889098289317831,-2.2805410204645833,-0.00012136858864589897,-0.03414549850043832,7120.0,14210,0.0006436151385673847,0.005861803311291485,-2.3023692846432517,-0.0001122765179331968,-0.03173442630067898,7087.0,14210,0.09761484009931343,0.0007424561451740994,7.247473789202687e-05
1,82100000,82200000,82150000,0.0007477268328523459,0.005847742262005185,-2.2556324603061366,0.00011936830485106029,0.03381989111964634,7070.0,14134,0.00048677775147750737,0.005832854092172633,-2.3704871272360357,-0.00047288816148165837,-0.13432197667805343,7052.0,14134,0.11750935386090841,0.0006994434387100813,8.219114654515821e-05
1,82200000,82300000,82250000,0.000978500858144617,0.00596602050011935,-2.162204075198699,0.00019154006167262922,0.05319357124710214,7213.0,14400,0.0008636279655036832,0.005961057776841833,-2.211689948007806,3.790503749837555e-05,0.010535553012476575,7207.0,14400,0.12390842720433748,0.001051333491184147,0.00013026907935999305
1,82300000,82400000,82350000,0.0006755403627396285,0.005918047508436683,-2.291145575897009,-0.00033015208684890085,-0.0924303739644437,7155.0,14241,0.000679141930483309,0.005834508333265139,-2.2852777889230826,-0.0003324502463745006,-0.09440441911923264,7054.0,14241,0.0935445888570096,0.0007472415502020939,6.990040359062704e-05
1,82400000,82500000,82450000,0.000676389930887313,0.005899850856419119,-2.289853056038751,-0.001084997315997225,-0.3046946043528821,7133.0,14124,0.0007021774229262345,0.005856840588013968,-2.2762652899179816,-0.0009845034427305006,-0.2785006705932,7081.0,14124,0.09443347923722617,0.0007611629417641019,7.187926485733015e-05
1,82500000,82600000,82550000,0.0006610074331203312,0.005789843823767482,-2.291031950949764,-0.0006202071559796112,-0.17747404020970364,7000.0,14136,0.0006569581453274528,0.0059006779769653715,-2.298412338161048,-0.0006381886303943584,-0.17919437455686968,7134.0,14136,0.09674851542101298,0.0007295673469401066,7.058455771621396e-05
1,82600000,82700000,82650000,0.0009225586053760853,0.00585187786473645,-2.1785984029651524,0.00015124927207273517,0.04282229115320409,7075.0,14231,0.0007897846397184163,0.005931281437176729,-2.2419939877238066,-9.993191557516653e-05,-0.027914909366245966,7171.0,14231,0.0702395670395754,0.0009208518583881205,6.468023584086807e-05
1,82700000,82800000,82750000,0.0005261603733717259,0.005734426747168539,-2.3489650292793836,7.132453678135207e-05,0.020606656390995213,6933.0,13883,0.0005689605634916278,0.005761721725194884,-2.3308928013198016,0.00011297067747875808,0.03248442378761755,6966.0,13883,0.14484695650047644,0.000640306986678073,9.274651824639492e-05
1,82800000,82900000,82850000,0.0005425981011130036,0.005916393267344176,-2.349178466304315,0.0001399779500434868,0.03919959014376798,7153.0,14282,0.0003999612143981291,0.005849396503097692,-2.40949303234438,-0.0001827155975840018,-0.05175307348404749,7072.0,14282,0.1812766140927641,0.000575627453506046,0.00010434779575048011
1,82900000,83000000,82950000,0.0006008812753907476,0.005856013467467715,-2.320959076999566,-0.0003898639654836984,-0.11030198983510178,7080.0,14229,0.0005941169318813126,0.0059147390262516706,-2.3265832645916387,-0.00037106612923734644,-0.10394281606131454,7151.0,14229,0.14767296513301809,0.0007010209452400993,0.00010352184160406957
1,83000000,83100000,83050000,0.0006046388830008214,0.005762548845741137,-2.3149171652743714,0.00021854305865457235,0.06283248055958433,6967.0,13956,0.0005037826064780517,0.005745179314269826,-2.359488938862779,-8.348809757700245e-05,-0.02407580373377773,6946.0,13956,0.23466339377548298,0.0007241398624240751,0.00016992911768463827
1,83100000,83200000,83150000,0.0004632678826348171,0.005765030207379895,-2.3784566706555443,-2.9947300353222064e-06,-0.0008606333727623989,6970.0,14034,0.0003759619903358838,0.005744352193723573,-2.4170043469379183,-5.7238110949141825e-05,-0.016508360920128085,6945.0,14034,0.47490806112225303,0.0007991266013001045,0.00037951166481475345
1,83200000,83300000,83250000,0.0004442880847288371,0.005827064248348863,-2.389128352890909,0.0002018765024610118,0.057399097524603,7045.0,13990,0.0004190394892308806,0.005672392706199571,-2.395174086107049,5.089048562462466e-06,0.0014863519181153168,6858.0,13990,0.3342491106941622,0.0006483863467760667,0.00021672255979620844
1,83300000,83400000,83350000,0.0007299196788027998,0.00588330844549406,-2.265478451383925,0.0003130976901889038,0.08817258437074733,7113.0,14126,0.00042866030528103757,0.005784881100489966,-2.3946534451036845,-0.0002422277849218816,-0.06937354232860186,6994.0,14126,0.18621264802398016,0.000711844427952077,0.00013255443591015848
1,83400000,83500000,83450000,0.0006148012513625068,0.005959403535749327,-2.3195768102501293,0.000232339530095281,0.0645957392778561,7205.0,14315,0.0004143125767617561,0.005855186346921462,-2.4033318949992504,-0.00015047943752239277,-0.04258029483562744,7079.0,14315,0.1579670709405821,0.0006110888259880651,9.653191192593368e-05
1,83500000,83600000,83550000,0.0006180811677596742,0.005975118826128133,-2.3188670003921716,0.00025222409613694487,0.0699399412837043,7224.0,14345,0.00046108691223111057,0.0058502236236439445,-2.3824953050624282,-2.731947047073156e-05,-0.0077369802236925455,7073.0,14345,0.1437524792035156,0.0006301729662160748,9.058892622068413e-05
1,83600000,83700000,83650000,0.0006579795471274696,0.005728636903344768,-2.289210508585565,0.0001987863225272165,0.05749010652438186,6926.0,13997,0.0002583660198961812,0.005799769270322518,-2.4710936880575405,-0.0005615827433554852,-0.16042390055149655,7012.0,13997,0.3243876705889788,0.0006781592987080753,0.00021998651519624887
1,83700000,83800000,83750000,0.0008955003598496195,0.0058576677085602205,-2.1909514140886324,0.0003112693223852401,0.08804082221081863,7082.0,14110,0.00017405604550844813,0.0058254100072563575,-2.509047085327636,-0.0009714087041910898,-0.2762767935261897,7043.0,14110,0.4079299113316218,0.0009032346219041139,0.0003684564192250792
1,83800000,83900000,83850000,0.000631701450068494,0.0058394710565426566,-2.3065479254975214,0.0001929311954199406,0.05473932370053676,7060.0,13974,0.00021370568610284805,0.005688107996578376,-2.4890712846098433,-0.0006713978158862021,-0.1955533595514486,6877.0,13974,0.34682718902710125,0.0006471542614520544,0.0002244506933663824
1,83900000,84000000,83950000,0.0006493997963659603,0.005872555878392772,-2.3003473334769033,7.715137624975483e-05,0.02176660334434271,7100.0,14270,0.0003488931201671838,0.005847742262005185,-2.4320284499054265,-0.0003790505280333109,-0.10739406581107329,7070.0,14270,0.40053076517206765,0.000832647330784105,0.0003335008725175319
1,84000000,84100000,84050000,0.0006821434688826939,0.005762548845741137,-2.2801323982773707,0.00022608195571555194,0.06499996007570759,6967.0,14129,0.00040697225641854944,0.005894888133141601,-2.407807042280533,-0.00032421846879272293,-0.09112525862364683,7127.0,14129,0.16074358362046473,0.0006488575505920702,0.0001042996879414492
1,84100000,84200000,84150000,0.0008365840881289044,0.005840298177088909,-2.2158572555596803,0.0003964358089341019,0.11246268035803153,7061.0,14231,0.0006058104977489677,0.00590315933860413,-2.3209441642200415,-8.477396845171917e-05,-0.02379334497704913,7137.0,14231,0.15818125598360322,0.0008567132747581119,0.00013551598181917328
1,84200000,84300000,84250000,0.0007702229650296698,0.005806386234692541,-2.2432347960262358,0.00021062423184232913,0.06009926943038819,7020.0,14149,0.0005008184522605159,0.0059618848973880855,-2.3691375428971844,-0.0004249357612056648,-0.11809282719839168,7208.0,14149,0.1569354276800139,0.0007538221027320856,0.00011830139408700034
1,84300000,84400000,84350000,0.0008262386239362744,0.006007376527431996,-2.2306996371150705,0.00039467646986472205,0.1088541591999254,7263.0,14357,0.00046285735926758406,0.005896542374234107,-2.3833454930317033,-0.0001962243008550351,-0.055135604256980844,7129.0,14357,0.14251756172534105,0.0007516748598360908,0.00010712686823417144
1,84400000,84500000,84450000,0.0008603715130491616,0.005889098289317831,-2.2085053852903496,0.0003195772144401645,0.08990895764865278,7120.0,14157,0.0004979920481324699,0.005955267933018062,-2.3701201370057348,-0.00034168768045284134,-0.095062916328385,7200.0,14157,0.12688500100751363,0.0007778835335260996,9.870175293528347e-05
1,84500000,84600000,84550000,0.0007951308011460279,0.005884135566040313,-2.23686058617224,0.00043547305440655074,0.12261794479359873,7114.0,14185,0.0004885739609735984,0.005892406771502842,-2.371912912882497,-0.00017393338886591706,-0.04890649724671491,7124.0,14185,0.15696450108835913,0.0007613586638860974,0.00011950628282628486
1,84600000,84700000,84650000,0.0008233051836818628,0.005907294941335395,-2.225907167529131,0.00025083980965811593,0.07035350698375868,7142.0,14123,0.0005349101136871309,0.005849396503097692,-2.3498247519936304,-0.0004752550233782919,-0.13461307339813566,7072.0,14123,0.1690736978436972,0.0008172898690561,0.00013818222037160653
1,84700000,84800000,84750000,0.0008233849916019467,0.005998278201423213,-2.2313860391652085,-0.0003355298397944102,-0.09268132470448226,7252.0,14302,0.0004496247758577487,0.005973464585035626,-2.391730871348096,-0.001123450075280848,-0.311610830629693,7222.0,14302,0.14747291672176843,0.000746609575478095,0.00011010469174824607
1,84800000,84900000,84850000,0.0008038193796398223,0.005916393267344176,-2.2349844221561708,-7.048462195422986e-05,-0.019738596623152947,7153.0,14282,0.00038322426326861767,0.005905640700242889,-2.4185384931440876,-0.0009371771097191737,-0.262925322419874,7140.0,14282,0.1759140877278018,0.0007202183808940869,0.0001266965594398672
1,84900000,85000000,84950000,0.0007150377400414085,0.005822928645617599,-2.26872935904485,0.0001381349606776063,0.03930345928602657,7040.0,14024,0.000449944907441061,0.005803904873053782,-2.385807677577874,-0.000338088964905682,-0.0965110877352145,7017.0,14024,0.18762131319005793,0.0007170194555800807,0.00013452813183884572
1,85000000,85100000,85050000,0.0008778915304053348,0.005849396503097692,-2.1981739313077076,-1.7650473524731892e-05,-0.00499938847822626,7072.0,14098,0.0003619970754447345,0.005870074516754014,-2.4268545253761027,-0.0010553378424305155,-0.2978665719754168,7097.0,14098,0.13958070665828912,0.0007205141815420929,0.00010056987861705935
1,85100000,85200000,85150000,0.0007166529624756389,0.005829545609987622,-2.2683767683538054,-7.459575406555402e-05,-0.021200630646292285,7048.0,14215,0.0005087015896018894,0.005894061012595348,-2.3631418257665184,-0.00040347802960834765,-0.11341794268279001,7126.0,14215,0.11387234994823645,0.0006914097263560846,7.873245031732083e-05
1,85200000,85300000,85250000,0.0009651744810388499,0.005803077752507529,-2.156151656687236,3.5802943909493478e-06,0.001022178532331399,7016.0,14018,0.0006446574709647073,0.00584608802091268,-2.3011363636796593,-0.0006559415106351692,-0.18589640177690026,7068.0,14018,0.13354641933650133,0.0009289776093781272,0.00012406163337634838
1,85300000,85400000,85350000,0.0006465306075200711,0.005847742262005185,-2.300389479944771,0.0003231485159131433,0.09155569091220729,7070.0,14050,0.00026497025896856985,0.005775782774481183,-2.4676438513160868,-0.00030507763224435334,-0.08751103753314142,6983.0,14050,0.20644967001169168,0.0005743182455120624,0.00011856781226774118
1,85400000,85500000,85450000,0.0009153184764727951,0.005858494829106473,-2.182258575606638,-0.00015966335005751048,-0.04515353736865839,7083.0,14233,0.0006261005901558936,0.005924664472806706,-2.313061438057476,-0.0007193751354514165,-0.20117383233991695,7163.0,14233,0.12311943435039929,0.000878921900548104,0.00010821236723375904
1,85500000,85600000,85550000,0.0007607557154071699,0.0057823997388512065,-2.246033305237958,-0.00018727465704658527,-0.0536580601422829,6991.0,14134,0.0006890840420124224,0.0059089491824279,-2.2847581111184367,-0.0004671143687997331,-0.13097581062457758,7144.0,14134,0.34440048013566893,0.001105735829184146,0.0003808159504743466
1,85600000,85700000,85650000,0.0011578587931779887,0.005980908669951902,-2.0857047517979703,0.0002457918870988969,0.06809045300396378,7231.0,14247,0.0006900386535025444,0.005915566146797923,-2.2846815649873644,-0.0006809749035171024,-0.1907276393777,7152.0,14247,0.3085720481867435,0.0013362906734061793,0.00041234195006591547
1,85700000,85800000,85750000,0.0008962756683247073,0.005853532105828956,-2.1903273943407875,0.00027225053364135276,0.07705889522318675,7077.0,14199,0.0004248239477214655,0.005884962686586566,-2.39965483126741,-0.0006280462814988637,-0.1768167650966453,7115.0,14199,0.25785380776144434,0.0008900534893681098,0.0002295036813450193
1,85800000,85900000,85850000,0.0007904698938249572,0.0059006779769653715,-2.2398918489112885,2.647244297642672e-05,0.007433088958701571,7134.0,14192,0.0005122988216762074,0.005865938914022749,-2.3604703004266727,-0.0005145889485135345,-0.1453437406927979,7092.0,14192,0.1761378625932167,0.0007906472796540983,0.00013926292190351433
1,85900000,86000000,85950000,0.0007415992188022054,0.0059006779769653715,-2.2613127039632386,0.0002051522571425835,0.05760386295957479,7134.0,14259,0.000372476129997286,0.005921355990621694,-2.423687247804084,-0.0005244560340883934,-0.1467463756730239,7159.0,14259,0.2819281707393857,0.0007757408823201066,0.0002187032079203624
1,86000000,86100000,86050000,0.0008785670303003311,0.0059147390262516706,-2.2021999073723078,0.0002004514937749508,0.056150349236910174,7151.0,14149,0.0007633266655106749,0.005858494829106473,-2.249358231623836,-6.570019251393021e-05,-0.018580319758649898,7083.0,14149,0.06806907563667476,0.0008809095464521143,5.996269854661122e-05
1,86100000,86200000,86150000,0.0009175516413004488,0.0058973694947803594,-2.1839624582973474,0.00022698720144003645,0.06377051051252215,7130.0,14431,0.00079612616046963,0.006055349519114663,-2.2464034781113664,7.888478726388044e-05,0.021584783321602054,7321.0,14431,0.13406303768166977,0.000989493390594125,0.00013265448970909048
1,86200000,86300000,86250000,0.0007707481180931955,0.005756759001917367,-2.2400147987261274,0.00015128513407535295,0.043539090395829275,6960.0,14122,0.0005664330602685958,0.005945342486463028,-2.3399799688357636,-0.00026113241944823474,-0.07277227794171803,7188.0,14122,0.1313361969909183,0.0007696770452101033,0.00010108645602920873
1,86300000,86400000,86350000,0.00045951921920418305,0.005761721725194884,-2.3800181189730973,0.0002146289943139253,0.061716007764179986,6966.0,14013,0.00036746905712255537,0.005793979426498747,-2.4222739850637134,8.133357819975651e-05,0.023257247288261517,7005.0,14013,0.1352238953855228,0.00047815166949803244,6.465753133466549e-05
1,86400000,86500000,86450000,0.000666593583977842,0.005904813579696635,-2.2943957667650685,0.0002187886239702361,0.061389800113127155,7139.0,14249,0.00046460079815997417,0.005869247396207761,-2.3816181036999313,-0.00022414233711940128,-0.06327253856855272,7096.0,14249,0.1471470845930534,0.0006631825732800781,9.758538221117377e-05
1,86500000,86600000,86550000,0.0008974587679477086,0.005821274404525093,-2.187590804049653,-3.2479938079380585e-05,-0.009244119948062955,7038.0,14220,0.0005515450126281181,0.00598587139322942,-2.3481025727611455,-0.0006866440720847794,-0.19005997579874506,7237.0,14220,0.16321337773074202,0.0008658143796841038,0.00014131248939618942
1,86600000,86700000,86650000,0.0007515786595346119,0.005913911905705418,-2.257682553614081,1.9124478740788645e-05,0.005357885373724594,7150.0,14244,0.00042131289522893864,0.005935417039907993,-2.402799525142253,-0.0006301157369574294,-0.17589361476446866,7176.0,14244,0.12089513241464417,0.0006670942216400798,8.064844425830757e-05
1,86700000,86800000,86750000,0.0009438955960299951,0.0058576677085602205,-2.1695834102118385,0.00018378675201552767,0.05198307573297222,7082.0,14187,0.0006164414573685666,0.005963539138480592,-2.319052638274015,-0.0004302163162552194,-0.11952721640761521,7210.0,14187,0.1690970884340791,0.0009389406582161257,0.00015877213151684402
1,86800000,86900000,86850000,0.0008727607192092268,0.005853532105828956,-2.2007173021201187,0.0002628596118001435,0.07440085061797695,7077.0,14061,0.0006460629818538197,0.005856840588013968,-2.3010450573606738,-0.00019874374498948355,-0.05622150604396288,7081.0,14061,0.24522536284792829,0.0010061438383741482,0.0002467319878426268
1,86900000,87000000,86950000,0.0007896335987600033,0.005817138801793829,-2.23524461343678,0.00023494935434155054,0.06691643828361628,7033.0,14042,0.00032489427972877855,0.005841952418181416,-2.44249693432483,-0.0006148326867549125,-0.17436916631862565,7063.0,14042,0.19462074598766557,0.0006919273577860771,0.0001346634185416889
1,87000000,87100000,87050000,0.0005475160601025908,0.0059544408124718095,-2.3485781623065995,-7.619059202193924e-05,-0.021200367793206894,7199.0,14050,0.00022142618375782522,0.005769992930657413,-2.4870391785253085,-0.0007698369593776393,-0.22104776804204815,6976.0,14050,0.18131093079755173,0.00046961799832602913,8.514687639582227e-05
1,87100000,87200000,87150000,0.0006258442463324581,0.0059254915933529585,-2.3132119144437917,0.00015397611554114157,0.043053542255516705,7164.0,14119,0.00040573407397272637,0.005822928645617599,-2.40611019216017,-0.0003577823445594857,-0.10179960050426644,7040.0,14119,0.15836272544345242,0.0006128402053300551,9.705104517746407e-05
1,87200000,87300000,87250000,0.0008141482842928594,0.005923837352260452,-2.230920118331356,0.00030622794789948715,0.08564883018451451,7162.0,14073,0.0007476037383913987,0.005775782774481183,-2.2515291614070163,0.0001507562322703233,0.04324418740078717,6983.0,14073,0.05807263862732673,0.000829019352622106,4.814334127997327e-05
1,87300000,87400000,87350000,0.001221688706297117,0.005830372730533875,-2.0443908059655143,0.0002464876436964579,0.07004357461153253,7049.0,14051,0.0011083199797838489,0.005956922174110569,-2.1051863489389295,3.7802971197722716e-05,0.01051446802293475,7202.0,14051,0.07055508095321855,0.0012534409723121412,8.843662927166093e-05
1,87400000,87500000,87450000,0.0011943500570786312,0.005982562911044409,-2.0700678579511806,0.0001191824189802054,0.03300737196171392,7233.0,14272,0.0011612516781068431,0.0059254915933529585,-2.07951507215134,3.6892700107009094e-05,0.010315635106100726,7164.0,14272,0.05643450109501632,0.0012482449485061652,7.04440809134283e-05
1,87500000,87600000,87550000,0.0006314503386733797,0.005790670944313735,-2.304275736533526,0.00015267857512573757,0.043683177122948155,7001.0,14159,0.0005322619984499732,0.0058609761907452325,-2.3514669302454023,-5.2990178241802115e-05,-0.014979533548720282,7086.0,14159,0.1756960600964693,0.0007058757581940759,0.00012401958963239635
1,87600000,87700000,87650000,0.000477924773441728,0.0058221015250713454,-2.3740152317408367,-0.0002731453430654589,-0.07772890861592095,7039.0,14227,0.0004166367709276952,0.005935417039907993,-2.4048371705975673,-0.00042180980897813485,-0.11774607059097571,7176.0,14227,0.07310572763594465,0.00048255856738003934,3.52777951953302e-05
1,87700000,87800000,87750000,0.0008478196170121962,0.005762548845741137,-2.2057754277307655,0.00010439092154122391,0.03001303536573714,6967.0,13970,0.0006862928075380781,0.00588330844549406,-2.2846572366893043,-0.00025950050578508793,-0.07307888546473273,7113.0,13970,0.07252758975402394,0.0008270393855401151,5.998317326497727e-05
1,87800000,87900000,87850000,0.0007688933678517024,0.005799769270322518,-2.243432777977303,5.0080079160829886e-06,0.001430606929070549,7012.0,13955,0.0006228263313253056,0.0057857082210362185,-2.307886168460484,-0.00010689906286665583,-0.030611302848742573,6995.0,13955,0.20582881165313507,0.000876208882668114,0.00018034903307961414
1,87900000,88000000,87950000,0.0007610499570755848,0.005862630431837738,-2.2506024935198305,0.00017167600991210464,0.04851657587324869,7088.0,14231,0.0004945276180521701,0.005921355990621694,-2.370376554005634,-0.00039040535850162295,-0.1092380822789519,7159.0,14231,0.11495398333724205,0.0007093289792220965,8.154019165821936e-05
1,88000000,88100000,88050000,0.0009978011513835602,0.005984217152136914,-2.1551610574413456,-0.00020033325658856696,-0.05546664625100716,7235.0,14305,0.0007247054064980803,0.005937898401546752,-2.270727902345294,-0.0008280019611316734,-0.2310361066162423,7179.0,14305,0.08489142203198756,0.000941148733250125,7.989545430930974e-05
1,88100000,88200000,88150000,0.0008242239721077479,0.00598587139322942,-2.2302814995592253,0.00024481950793110295,0.06776493330987503,7237.0,14251,0.0004486593414154051,0.005836162574357645,-2.3875037195639313,-0.0005706649970060181,-0.16200333972955586,7056.0,14251,0.1793132429402334,0.0007754988749200968,0.00013905721815852794
1,88200000,88300000,88250000,0.0007349200901509155,0.005823755766163852,-2.259945180879786,0.00012463132821328963,0.035456249824792306,7041.0,14129,0.0005359770786507741,0.00588330844549406,-2.350737453050877,-9.258188805890299e-05,-0.026072323724750407,7113.0,14129,0.1512145703943249,0.0007486563296640965,0.00011320774526325096
1,88300000,88400000,88350000,0.0008513911084131088,0.005887444048225325,-2.2123434777535307,0.00010692285823258757,0.030089816856323753,7118.0,14284,0.0004036982833268198,0.005978427308313144,-2.4117640489006438,-0.0009353628609406775,-0.2592261178331219,7228.0,14284,0.2208931197116936,0.0008054667616821184,0.00017792206581215318
1,88400000,88500000,88450000,0.0006519106401544007,0.005764203086833643,-2.293786045859237,0.00016073384943448687,0.04619873343753425,6969.0,13909,0.0004288551207471958,0.0057393894704460555,-2.3930205063689214,-0.0003541094767028013,-0.10221885314586088,6939.0,13909,0.1968743999107139,0.0006728497764120823,0.00013246689596128674
1,88500000,88600000,88550000,0.0010377256706327494,0.005971810343943121,-2.136967699200482,0.00038628884964052844,0.10717439710471871,7220.0,14095,0.0008586267880179095,0.0057426979526310675,-2.199582475367576,9.893679286793216e-05,0.02854311621712373,6943.0,14095,0.16416152500576484,0.001134401272126139,0.0001862250428008106
1,88600000,88700000,88650000,0.0008440522283563114,0.005892406771502842,-2.215882272739214,0.00023289330460106556,0.06548481481626708,7124.0,14137,0.0007167683725817389,0.005860149070198979,-2.2700024654414643,-2.0268392887934537e-05,-0.005730380045520818,7085.0,14137,0.09508675869314345,0.0008624144999160996,8.200419944707818e-05
1,88700000,88800000,88750000,0.000642504267504672,0.005834508333265139,-2.301518581701254,0.00023444982942228486,0.06657567621195669,7054.0,13974,0.0005265164116201106,0.005718711456789733,-2.348142926997627,-3.548126190063009e-05,-0.010279160174720556,6914.0,13974,0.09725008751273806,0.0006474775920520703,6.296725248967775e-05
1,88800000,88900000,88850000,0.0006418788988249857,0.005832854092172633,-2.3017142085988636,7.784237914371274e-06,0.002211081411542489,7052.0,14088,0.0004963213686996755,0.005828718489441369,-2.3660969815374964,-0.00037351072413528116,-0.1061693793745868,7047.0,14088,0.13518753230953118,0.0006580618978380801,8.896176407574956e-05
1,88900000,89000000,88950000,0.0007804069621416403,0.005773301412842425,-2.2366889402048433,-2.897957365174918e-05,-0.008316312391158627,6980.0,14033,0.00043306379268391376,0.005806386234692541,-2.393414038975211,-0.0006729028049361097,-0.1920052912268558,7020.0,14033,0.139375068743567,0.0007049939588980812,9.825858148530436e-05
1,89000000,89100000,89050000,0.0005767014722907175,0.0058394710565426566,-2.330907698343085,0.0001456260668126582,0.041317695633114764,7060.0,14101,0.0004341985584515706,0.0058072133552387935,-2.3929365997181136,-0.000177820745275478,-0.05073194543748793,7021.0,14101,0.13305978073633742,0.0005830275307800519,7.757751540890801e-05
1,89100000,89200000,89150000,0.0008376385793258218,0.005817138801793829,-2.2139014482097936,0.0002562193680737022,0.07297439730711756,7033.0,14194,0.000631122606492058,0.005970156102850615,-2.3129921799163964,-0.00022337184318646465,-0.06199082961444282,7218.0,14194,0.13779707837539687,0.0008517491352561162,0.00011736854234717497
1,89200000,89300000,89250000,0.0007435848215982265,0.005761721725194884,-2.252508601954281,0.00015471691866918817,0.04448844660694618,6966.0,13903,0.0006489962578105788,0.005723674180067251,-2.29300931502141,4.621119780796491e-05,0.013376104654240177,6920.0,13903,0.058743515205072656,0.0007397458088760852,4.345526917168499e-05
1,89300000,89400000,89350000,0.0006365137483394789,0.005872555878392772,-2.306022520232048,-0.0003044800783968125,-0.08590251288924805,7100.0,14166,0.0005713417560195514,0.005821274404525093,-2.3324805864855547,-0.00038148152961133783,-0.10857351418217324,7038.0,14166,0.07078780155792255,0.0006499352388960679,4.600748671655211e-05
1,89400000,89500000,89450000,0.0005662800511885056,0.00585187786473645,-2.3360619082331224,-0.0001143135663596832,-0.0323649083022456,7075.0,14270,0.0005632066014060077,0.005949478089194292,-2.341556065221979,-0.0001307417687377105,-0.036409774133138235,7193.0,14270,0.10795655368638778,0.0006330894853060715,6.834615900881439e-05
1,89500000,89600000,89550000,0.0005823536948889426,0.005792325185406242,-2.326279090899948,0.00028891463185030784,0.08263837994924632,7003.0,14051,0.00038145997243170814,0.005831199851080128,-2.417136836467709,-5.928107714679953e-05,-0.016843320815603916,7050.0,14051,0.10140394398060769,0.0005362886142580431,5.438178059771836e-05
1,89600000,89700000,89650000,0.0006154407668776643,0.006019783335625789,-2.3220095172879414,1.0921134151331487e-05,0.0030059159253156137,7278.0,14251,0.0003612748535185218,0.00590315933860413,-2.4280833376955075,-0.0004983843023030655,-0.139880553575787,7137.0,14251,0.12715733497583354,0.0005595026798840598,7.1144869685968e-05
1,89700000,89800000,89750000,0.0006422025448834476,0.005822928645617599,-2.3010799610215353,-0.0010208741630257083,-0.29046872642388244,7040.0,14158,0.0003379995521195031,0.005967674741211856,-2.4399175930823613,-0.0016977930336824665,-0.4713722870649971,7215.0,14158,0.18084063139391715,0.00059829755635407,0.0001081965078525959
1,89800000,89900000,89850000,0.0006401984236802323,0.005862630431837738,-2.3039171013655406,0.0001936579799717876,0.054728800393087626,7088.0,13965,0.00046341246112660046,0.005691416478763388,-2.3756603927571693,-0.00015521729816900026,-0.04518281978881128,6881.0,13965,0.1480863923547611,0.0006477246488980731,9.591920649465621e-05
1,89900000,90000000,89950000,0.0005661863954639481,0.0058146574401550695,-2.33448115421647,0.00013632283042828682,0.03884294677894685,7030.0,14029,0.00040113474876947225,0.005770820051203666,-2.406514490017198,-0.00019805510570708129,-0.05686057701115868,6977.0,14029,0.14790117174416775,0.0005676108874680627,8.395031535135196e-05
1,90000000,90100000,90050000,0.0007820110288263108,0.005838643935996404,-2.239925541449554,3.581477557976058e-05,0.010162969762747583,7059.0,14174,0.0005728723653476434,0.005926318713899211,-2.3363686367350276,-0.00030849741172616073,-0.0862475022026729,7165.0,14174,0.08545632079487825,0.000740742856236089,6.330115914911318e-05
1,90100000,90200000,90150000,0.0007027623291092959,0.0057782641361199425,-2.271744828282121,-0.00010459344296245149,-0.029989599626999944,6986.0,14062,0.0007152984532745375,0.005870074516754014,-2.271190220227179,-3.841358355585456e-05,-0.010842141720912468,7097.0,14062,0.06080554833909333,0.0007549346037320865,4.590421254016519e-05
1,90200000,90300000,90250000,0.0006721484479784769,0.005951959450833051,-2.294319234480478,0.00011425879557594165,0.031806248087889774,7196.0,14349,0.0006310343924019152,0.005985044272683167,-2.313718126508574,3.5731998479789697e-06,0.00098918205295877,7236.0,14349,0.09766288086182758,0.0007221152786140882,7.052385842389057e-05
1,90300000,90400000,90350000,0.0006665926164541665,0.0058502236236439445,-2.2916428361617793,-0.00014534035234754541,-0.041160952699364435,7073.0,14203,0.0005241589346153387,0.005880827083855302,-2.355834248528051,-0.0004651138650866941,-0.13103759946897295,7110.0,14203,0.09156160213631298,0.0006553837628780691,6.000798734331667e-05
1,90400000,90500000,90450000,0.00046307983271432027,0.005736908108807297,-2.3775065631558436,1.4868552517512015e-05,0.004293877623065317,6936.0,13982,0.00036509640351201794,0.005780745497758701,-2.4229523638549515,-0.00018457154061943265,-0.052898671910171134,6989.0,13982,0.08082170092137186,0.0004504981444060268,3.641002629285886e-05
1,90500000,90600000,90550000,0.0006469538228702284,0.005861803311291485,-2.3008961901637983,0.00021742648092880088,0.061454565583841644,7087.0,14090,0.00020782355644754965,0.005795633667591253,-2.4935636566741604,-0.0006308113516895685,-0.18032840467284483,7007.0,14090,0.27563326015103085,0.0005900169985000528,0.00016262830884116404
1,90600000,90700000,90650000,0.0006563390696946969,0.005950305209740546,-2.3011089844694523,-0.0002442046294383172,-0.06799817188802923,7194.0,14241,0.00045158132646325183,0.005873382998939025,-2.3874976798143357,-0.0005420255989560283,-0.15289937517697066,7101.0,14241,0.17617818057307716,0.0006724271984740707,0.000118467000395096
1,90700000,90800000,90750000,0.0006048354903688964,0.005899023735872866,-2.3211833688423478,-0.0002755452714247555,-0.07739089367176592,7132.0,14146,0.0005789070132121221,0.0058543592263752085,-2.330590993110668,-0.000372073872454766,-0.105298441144037,7078.0,14146,0.13632818420172457,0.0006852964760040789,9.342522421356919e-05
1,90800000,90900000,90850000,0.0006058145646336419,0.005752623399186102,-2.3139148654118924,0.00015106252360122107,0.04350623127694935,6955.0,13972,0.0005164524476864648,0.005843606659273921,-2.3577564605344254,7.39787061110394e-05,0.020974745414369222,7065.0,13972,0.08771858924978554,0.0006150881729560735,5.395466679601789e-05
1,90900000,91000000,90950000,0.0007161611582175932,0.005813830319608817,-2.2677277268647065,6.861927940479631e-05,0.0195547116838163,7029.0,14143,0.0006921322985109987,0.0059329356782692345,-2.2846611404278927,9.752012957730116e-05,0.02723361850430251,7173.0,14143,0.0972088907661297,0.0007799663966140984,7.581966824980426e-05
1,91000000,91100000,91050000,0.0007865226719987428,0.005804731993600035,-2.2358737791251935,0.0002230874444184623,0.06367362111465368,7018.0,14028,0.0004868400035700284,0.005840298177088909,-2.370738800264394,-0.0003342892725527665,-0.09483267343407407,7061.0,14028,0.14832575293808137,0.0007475643885920748,0.00011088305080769266
1,91100000,91200000,91150000,0.0006662859435834347,0.0058072133552387935,-2.2895736984011488,0.0002749665111131005,0.07844746133144187,7021.0,14232,0.0006078312492804833,0.006003240924700731,-2.3245508696011403,0.00017668650880106577,0.04876473035796844,7258.0,14232,0.08280499404798242,0.0006945726833420811,5.751408691011889e-05
1,91200000,91300000,91250000,0.0007107483294853043,0.00584608802091268,-2.271897469420065,-0.00015430129900899942,-0.04372959449920907,7068.0,14160,0.0007510155384994012,0.005920528870075441,-2.2582993119928125,-5.810172432924972e-05,-0.01625952663074565,7158.0,14160,0.13398524940504472,0.0008439601444321043,0.00011307821043975452
1,91300000,91400000,91350000,0.0008242103376334025,0.005859321949652726,-2.2225317754056273,0.0002331847229072484,0.06593642804590977,7084.0,14214,0.0006485117672176725,0.005941206883731763,-2.3040748444394996,-4.344227022271639e-05,-0.012114889223155505,7183.0,14214,0.09826439953189303,0.0008166041709380991,8.024311851256528e-05
1,91400000,91500000,91450000,0.0008450394682587069,0.006016474853440777,-2.2231597263075966,0.00026311026683068753,0.07245782447840383,7274.0,14382,0.0006803757104031084,0.005918047508436683,-2.2890323722142636,-0.00014984148512287276,-0.04195007409307511,7155.0,14382,0.15889439098309374,0.0009067917050541355,0.00014408411572322408
1,91500000,91600000,91550000,0.0007169574364543678,0.005811348957970058,-2.267235986890156,-0.00019313419758199942,-0.0550616932628112,7026.0,14332,0.0006143665817418081,0.006020610456172042,-2.3225077342140277,-0.000432349447342522,-0.11898286280106196,7279.0,14332,0.0842417927880662,0.0007268971261800929,6.123511708200141e-05
1,91600000,91700000,91650000,0.0007050041943139526,0.005894888133141601,-2.2770464010810616,6.73049615936194e-05,0.018916818818838506,7127.0,14157,0.0006775483978439864,0.0058502236236439445,-2.2867993706640015,2.2677871498704006e-05,0.006422461353666762,7073.0,14157,0.1051343143030868,0.0007724916790620975,8.121538298312998e-05
1,91700000,91800000,91750000,0.0006995419269972763,0.005945342486463028,-2.282073791739209,0.0001791878550345431,0.04993599958943053,7188.0,14269,0.0005379079253272462,0.005915566146797923,-2.3511954758941886,-9.92170996750098e-05,-0.027788752726687425,7152.0,14269,0.11673674994435604,0.0007004988899100905,8.177396374782973e-05
1,91800000,91900000,91850000,0.000748610369359702,0.005887444048225325,-2.2574951670628116,0.000313352500037004,0.0881824475461972,7118.0,14244,0.0006628213831958334,0.00593458991936174,-2.297520262200105,6.902440020799396e-05,0.019270492981756898,7175.0,14244,0.087761547365318,0.0007736089990940998,6.789312281633116e-05
1,91900000,92000000,91950000,0.0006047021895378874,0.005741043711538562,-2.3138601552642455,0.0002641985270172536,0.07624280750836954,6941.0,14032,0.00041431767438472535,0.005856013467467715,-2.4033559544454817,-0.00011245006208465177,-0.031814855188345065,7080.0,14032,0.1752561535076025,0.0006177796101520476,0.00010826967819074227
1,92000000,92100000,92050000,0.0007440465012610254,0.005921355990621694,-2.2613895601420535,0.0001546792683846912,0.04328031436736732,7159.0,14178,0.0005203093723437122,0.005802250631961276,-2.3543851544391785,-0.0003919933814338594,-0.11193053089494387,7015.0,14178,0.1307551677638429,0.0007272725857640799,9.509464896171018e-05
1,92100000,92200000,92150000,0.0008902317382994223,0.005918047508436683,-2.197318484845584,0.00013294520141603143,0.03721973954774954,7155.0,14147,0.0007232957097671131,0.005834508333265139,-2.2657052419475963,-0.00018472389361896916,-0.052455223194201504,7054.0,14147,0.11934004154853384,0.0009160899349301096,0.00010932621089685185
1,92200000,92300000,92250000,0.0006127544110721068,0.005813830319608817,-2.313728818779959,0.0001847128141841263,0.052638352617623875,7029.0,14056,0.00037302739631594827,0.0058146574401550695,-2.420396850318945,-0.0003142976108921396,-0.08955393116676609,7030.0,14056,0.18714190892050603,0.0006063677154760594,0.00011347681178203402
1,92300000,92400000,92350000,0.0007049271533015401,0.005870074516754014,-2.275759806719325,0.0001323689317493156,0.03736081314530569,7097.0,14237,0.0004774364609386031,0.005964366259026845,-2.379368687141986,-0.0003182688095401253,-0.08841253956215406,7211.0,14237,0.10580958837350662,0.0006611363747960719,6.995456767600388e-05
1,92400000,92500000,92450000,0.0008122517828938448,0.005789843823767482,-2.223471668004568,0.00019028282358024342,0.05444997071979324,7000.0,14088,0.0007246989822698341,0.0059147390262516706,-2.2694827963190556,-2.250755451555605e-05,-0.006304802337547844,7151.0,14088,0.08835776422900224,0.0008429571957381151,7.448181315627565e-05
1,92500000,92600000,92550000,0.0007583191806118183,0.00582044728397884,-2.2493604987023526,0.00013082330307303416,0.03723892268662888,7037.0,14055,0.0005635219614996053,0.0057426979526310675,-2.332485412881891,-0.000264273990179934,-0.07624264943516083,6943.0,14055,0.12298437347141505,0.0007536018185580815,9.268124750237035e-05
1,92600000,92700000,92650000,0.0006017199755177491,0.005811348957970058,-2.3185218995197405,9.742669090289468e-05,0.02777591248607485,7026.0,14167,0.0003969426925849101,0.005848569382551439,-2.410802400081313,-0.00035485550223906566,-0.10052483999741346,7071.0,14167,0.14147377673790829,0.0005816145395700595,8.228320551872934e-05
1,92700000,92800000,92750000,0.0007594496397004129,0.005949478089194292,-2.2562439754735033,0.00020976618806989392,0.05841698182710373,7193.0,14370,0.0005193449100730907,0.006014820612348272,-2.3631110116217457,-0.0002960439271913075,-0.08154980090327399,7272.0,14370,0.17230873754425602,0.0007725069768040961,0.00013310970191734184
1,92800000,92900000,92850000,0.000772149250636525,0.005931281437176729,-2.249684051113969,-0.0003942884845968655,-0.11014026148029862,7171.0,14316,0.0008223894177841977,0.00594037976318551,-2.2283302289664966,-0.0002914435266552849,-0.0812871177716696,7182.0,14316,0.18388453076812716,0.0009769075140321274,0.00017963817982176095
1,92900000,93000000,92950000,0.00095673476837772,0.0058932338920490955,-2.16648169697926,0.00016728547491476163,0.047030648428114,7125.0,14210,0.0005341247377213689,0.0058072133552387935,-2.3484332769676026,-0.0006499971070231217,-0.18544302981598992,7021.0,14210,0.27903142469580205,0.0010339282162681327,0.00028849846321858907
1,93000000,93100000,93050000,0.0007319065491595065,0.005806386234692541,-2.260301899044267,0.0002132415926039377,0.06084610405730896,7020.0,14113,0.00039135318591584467,0.005837816815450151,-2.412949357259269,-0.00041902724550449546,-0.11892197062194951,7058.0,14113,0.237358816348063,0.000736427404626085,0.00017479753708841308
1,93100000,93200000,93150000,0.0007047444501365119,0.005892406771502842,-2.2770288569526795,0.00017569496233362484,0.049401815532123305,7124.0,14197,0.0005681150668026651,0.005870074516754014,-2.3360391028591816,-9.94246229422496e-05,-0.028062361089554285,7097.0,14197,0.12078945235491674,0.0007238650175140969,8.743525904451218e-05
1,93200000,93300000,93250000,0.0006676521240672409,0.005726982662252262,-2.2847557216730485,9.136480874007852e-05,0.026430829914117104,6924.0,14105,0.00048036107348872065,0.00594037976318551,-2.3772465119840662,-0.0002964554247982923,-0.08268499666534675,7182.0,14105,0.15063433078794725,0.0006758062158440691,0.00010179961706608594
1,93300000,93400000,93350000,0.000809145884092868,0.005855186346921462,-2.228926915063638,1.8067965947659985e-05,0.00511258767176714,7079.0,14074,0.0006276384931089285,0.005858494829106473,-2.309260338428976,-0.0005138159047110882,-0.14530952560889093,7083.0,14074,0.12354928918181961,0.0008196606834060951,0.00010126849480520036
1,93400000,93500000,93450000,0.000717881286196869,0.005984217152136914,-2.276144223018274,0.0001380027947959473,0.03820909384165617,7235.0,14202,0.000526628481894814,0.005777437015573689,-2.3505464009303636,-0.00017497911857120485,-0.05017813435164094,6985.0,14202,0.10932803520750281,0.0006986353097920915,7.63804257462499e-05
1,93500000,93600000,93550000,0.0006077329564595598,0.005946996727555534,-2.3220877360431045,-0.00013097895152953585,-0.03649102329672801,7190.0,14277,0.0004592968845768392,0.005805559114146288,-2.3816995420830733,-0.0002794346111301386,-0.0797448843229746,7019.0,14277,0.1187647384609179,0.0006054171273020679,7.19022067838685e-05
1,93600000,93700000,93650000,0.0006599706977469783,0.005946996727555534,-2.299369132205106,-3.603936431365213e-05,-0.01004064597716824,7190.0,14260,0.0005286050581305723,0.005905640700242889,-2.354869073687889,-0.0002868289241292824,-0.08046994167264204,7140.0,14260,0.1585461483250904,0.0007062631857420817,0.00011197530780330595
1,93700000,93800000,93750000,0.0006586558935489323,0.005819620163432587,-2.2936039135742083,0.0003026842408223965,0.08617145697426133,7036.0,14232,0.00037289648424282645,0.005937898401546752,-2.4239664908298884,-0.00015651065455057092,-0.04367092587788361,7179.0,14232,0.22185460371801075,0.0006628275272980696,0.00014705133840219
1,93800000,93900000,93850000,0.0006609564978949778,0.0058932338920490955,-2.296289926113203,2.3882215482141546e-05,0.006714247489791756,7125.0,14190,0.0004500636292202787,0.005849396503097692,-2.3873400177617614,-0.00043368087964084306,-0.12283745191682575,7072.0,14190,0.18923590831154244,0.0006851685579720824,0.00012965849441445173
1,93900000,94000000,93950000,0.0008261458726347493,0.005873382998939025,-2.222557676666488,0.0003330237525895406,0.09394228572986942,7101.0,14027,0.000707980892036924,0.005748487796454838,-2.2677514288262306,7.731079756396419e-05,0.02228161867119487,6950.0,14027,0.06154798704868947,0.0008173709169460941,5.030753461025867e-05
1,94000000,94100000,94050000,0.0009266150098201398,0.0059114305440666585,-2.1809612347081138,-0.00016245633722337217,-0.04553260093160186,7147.0,14175,0.0006459791528615254,0.0058899254098640835,-2.302702037386438,-0.0006266606804668633,-0.17627823769681497,7121.0,14175,0.11176368208878198,0.0008852341043541202,9.893702301328944e-05
1,94100000,94200000,94150000,0.0007287015792438048,0.0059221831111679465,-2.2681369266376907,0.00024323021675817067,0.06804798252253752,7160.0,14240,0.0005559586618806156,0.005849396503097692,-2.3405180389992886,-0.00011209111632318745,-0.031749121895933666,7072.0,14240,0.1254517578570975,0.0007344707697180835,9.214064915588082e-05
1,94200000,94300000,94250000,0.0007433451995520108,0.005955267933018062,-2.2635621294716404,5.946572685727361e-05,0.01654430563357641,7200.0,14262,0.00035216014695344883,0.005832026971626381,-2.430154884928438,-0.0006907800570966292,-0.19624107762552265,7051.0,14262,0.1967461697163356,0.0006819172876640767,0.00013416461441134622
1,94300000,94400000,94350000,0.0006766351495114965,0.005919701749529188,-2.29075061631206,0.00017200128633285998,0.04814056226008756,7157.0,14214,0.0004181478744707351,0.005806386234692541,-2.4000579670924824,-0.00033401435415956706,-0.09530726112881495,7020.0,14214,0.16116914322447276,0.0006525648258760685,0.0001051733138849542
1,94400000,94500000,94450000,0.0006012981051990471,0.005905640700242889,-2.323033203552864,1.8176026120162447e-06,0.0005099289641621505,7140.0,14230,0.0004903326001299918,0.005865111793476496,-2.370124471834345,-0.00010885889498096688,-0.03075112086870067,7091.0,14230,0.15804045483831383,0.0006482679076460649,0.0001024525549815452
1,94500000,94600000,94550000,0.0007130612650906568,0.005823755766163852,-2.269652656125544,3.8787256828562276e-05,0.011034550364241728,7041.0,14128,0.0005054832071480601,0.005904813579696635,-2.3649638160036064,-0.00043618205718862034,-0.12238812429015847,7139.0,14128,0.1976228732100543,0.0007593340036460759,0.00015006176752671663
1,94600000,94700000,94650000,0.0009520871932959629,0.0058684202756615084,-2.1667422118895425,0.00023542089905700906,0.06646568623415762,7095.0,14225,0.00048763294002339164,0.005951132330286798,-2.3744697645931088,-0.0007626684992970426,-0.21233367532471456,7195.0,14225,0.21460011091532885,0.0009165522896861106,0.00019669222302643106
1,94700000,94800000,94750000,0.0008681232965009891,0.005827064248348863,-2.201010420690403,0.00026074743801039426,0.0741377398617231,7045.0,14202,0.0006057527923019179,0.005927972954991717,-2.3220934970503047,-0.00011844311488317146,-0.03310425288016934,7167.0,14202,0.14122110582403177,0.0008581231436861217,0.0001211850992846702
1,94800000,94900000,94850000,0.0008926708358943876,0.0058609761907452325,-2.192424911470196,0.00026767869515897225,0.07566877726122422,7086.0,14094,0.0007030380529485366,0.005823755766163852,-2.274103951356847,-5.548930975711357e-05,-0.01578610175754921,7041.0,14094,0.11651323266856328,0.0009030745834841071,0.0001052201390626442
1,94900000,95000000,94950000,0.0010859345016850685,0.005899023735872866,-2.1102503660761625,-0.00015695108483083643,-0.04408199296981405,7132.0,14198,0.0012191721641397115,0.005896542374234107,-2.05160755155365,-6.0272057884560014e-05,-0.016935396466169504,7129.0,14198,0.08874616940339224,0.0012647994381081661,0.00011224610519577282
1,95000000,95100000,95050000,0.0008185507180752009,0.005916393267344176,-2.2285445520156606,6.827654790147818e-05,0.019120244962423066,7153.0,14079,0.0007531513399054074,0.0057029961664109285,-2.2447012632202763,-3.470993031532146e-05,-0.01008336746521692,6895.0,14079,0.11731695673803792,0.0008902980916981041,0.00010444706270779634
1,95100000,95200000,95150000,0.0005852556496904916,0.005784881100489966,-2.324642966575107,0.00014208281509614019,0.040692227732742565,6994.0,14171,0.0003717757798657843,0.005894061012595348,-2.4232260434758874,-0.0003394084698687277,-0.09540794679450469,7126.0,14171,0.2243227406608189,0.0006169005330720553,0.0001383848182939186
1,95200000,95300000,95250000,0.0005984911794657903,0.005736080988261044,-2.316422095682494,-5.9366804560057954e-05,-0.017146961342821742,6935.0,13998,0.00029959738258980594,0.005845260900366427,-2.4537732763899465,-0.0006393400201682526,-0.18121707490730976,7067.0,13998,0.29464406191310416,0.0006366208275580641,0.00018757654653026628
1,95300000,95400000,95350000,0.0006177431981899758,0.005815484560701322,-2.311588599255012,4.452748679085069e-05,0.01268557269892994,7031.0,14083,0.0004861981669036649,0.005874210119485279,-2.372284706865267,-0.0002727827179832178,-0.07693814314198132,7102.0,14083,0.1547154171514971,0.0006529998224820726,0.0001010291399352522
1,95400000,95500000,95450000,0.0009150978453964836,0.005913911905705418,-2.186169461472003,0.00035112230005901983,0.09836989867140199,7150.0,14192,0.0007551653212912269,0.005819620163432587,-2.2507137888627806,-2.3276093484949456e-05,-0.006626492620883078,7036.0,14192,0.132241395755485,0.0009624008096941141,0.00012726922635025687
1,95500000,95600000,95550000,0.0008716733038010683,0.006002413804154478,-2.2108253678203167,0.0003016801909379322,0.08327391552961932,7257.0,14305,0.0007120687877838856,0.005873382998939025,-2.272791674856439,1.2593460126589094e-05,0.0035524746218264396,7101.0,14305,0.1284840265131361,0.0009086133471821075,0.00011674230138962969
1,95600000,95700000,95650000,0.0008674229821598455,0.00593458991936174,-2.208351643344119,0.00029748419070192256,0.0830527609342574,7175.0,14352,0.0004462435738377246,0.006016474853440777,-2.3945989700490764,-0.0006210217874139325,-0.1710229259075612,7274.0,14352,0.31009626005345897,0.0009520651070101104,0.00029523182901132613
1,95700000,95800000,95750000,0.0006642616730107283,0.005894061012595348,-2.29488072921768,-0.00013099304914251448,-0.03682223330452743,7126.0,14258,0.00018090232493324322,0.00596023065629558,-2.5079018817022782,-0.001066645034630401,-0.2965107873444962,7206.0,14258,0.2877727968988106,0.0005933247103340542,0.0001707427113620691
1,95800000,95900000,95850000,0.0008692532657246755,0.006042115590374617,-2.2143486489586337,6.842943067830689e-05,0.018764896584659973,7305.0,14350,0.0003213387023030049,0.005894061012595348,-2.4453582649668313,-0.001120669028858371,-0.31502080994302295,7126.0,14350,0.2996929264745816,0.000850049937404098,0.00025475395339025653
1,95900000,96000000,95950000,0.0007764775853338626,0.0060404613492821115,-2.253971319076702,3.998064092239929e-05,0.010966593560295362,7303.0,14346,0.0005204376008299993,0.005884962686586566,-2.357633964108143,-0.00028899029699500344,-0.08136077063783673,7115.0,14346,0.16230029417555772,0.0007740931369240965,0.00012563554384216387
1,96000000,96100000,96050000,0.0007907807850658667,0.005796460788137506,-2.23346943231438,0.0002331998865148744,0.06665474834348395,7008.0,13974,0.0006445579821458177,0.005779091256666195,-2.2978382673750994,-0.00012299315679959193,-0.035260225801588954,6987.0,13974,0.10637657867392555,0.0008031004632140892,8.543107960824685e-05
1,96100000,96200000,96150000,0.000734706677000779,0.005894888133141601,-2.264014523662915,1.5527015138148387e-05,0.004364042786907421,7127.0,14234,0.0005972599491434828,0.005907294941335395,-2.3248758381460073,-0.00027985004541248974,-0.07849006164997209,7142.0,14234,0.08890537542092579,0.0007309705217280806,6.498720865594934e-05
1,96200000,96300000,96250000,0.000593390619998196,0.005899850856419119,-2.326238170888481,0.0002089882620666056,0.0586891735914153,7133.0,14179,0.0004893656420064086,0.005802250631961276,-2.3681780869517204,3.901208682084601e-05,0.011139584993002528,7015.0,14179,0.12387010125204667,0.0006179199360460733,7.654180504376945e-05
1,96300000,96400000,96350000,0.0006567163640376418,0.005903986459150383,-2.2986813606793706,0.00023791937294172165,0.06676702682749695,7138.0,14071,0.00041557992640324883,0.0057534505197323555,-2.3994683557065666,-0.00011864004519247722,-0.03416360468309763,6956.0,14071,0.15364381613991684,0.0006334781448340708,9.732999961362673e-05
1,96400000,96500000,96450000,0.0006920487333173375,0.005875864360577784,-2.281737533214936,0.00013565598221981816,0.03825090330705901,7104.0,14059,0.00026614099875996904,0.005723674180067251,-2.466003678162705,-0.0007277480027800829,-0.21065096575840855,6920.0,14059,0.3403757551016728,0.0007263148220280948,0.0002472199559894389
1,96500000,96600000,96550000,0.0009087862925269502,0.005856013467467715,-2.184971071701923,-5.0367294344949016e-05,-0.014250131534894177,7080.0,14096,0.0005560827819778142,0.005808867596331299,-2.338725440308639,-0.0007436179938799957,-0.21209257821699695,7023.0,14096,0.20244250275556905,0.0009183470029221157,0.0001859124656697317
1,96600000,96700000,96650000,0.0008548432518285526,0.005956095053564316,-2.2151899788644456,-8.546504785847461e-05,-0.023774430743579582,7201.0,14266,0.0004442991363073532,0.005899023735872866,-2.3915689119817887,-0.0010109991233593144,-0.2839537955181903,7132.0,14266,0.2493597286615358,0.0008653561750821263,0.0002157849810141744
1,96700000,96800000,96750000,0.0008189174108601386,0.005869247396207761,-2.2254845168058033,0.00022146725804460325,0.06251739767857474,7096.0,14238,0.000602565023324229,0.0058899254098640835,-2.321765887326432,-0.0001540485451374824,-0.043333508712183486,7121.0,14238,0.15154255895525703,0.0008376863502041145,0.00012694513311193247
1,96800000,96900000,96850000,0.0007975295377553991,0.005811348957970058,-2.2313777363341196,-3.40316153961615e-05,-0.009702260871670993,7026.0,14047,0.0005210287434334229,0.005855186346921462,-2.356193442995328,-0.0007090110238183093,-0.20062474270879124,7079.0,14047,0.19902136483854574,0.0008230920422261069,0.00016381290163169354
1,96900000,97000000,96950000,0.0006063328635846299,0.005830372730533875,-2.3173597968146775,6.307503126229577e-05,0.017923822030551744,7049.0,14090,0.0003904394411143969,0.005832026971626381,-2.4131791779134426,-0.0003665141917019527,-0.10412162193411063,7051.0,14090,0.35589437812145397,0.0007737646364520838,0.00027537848410257086
1,97000000,97100000,97050000,0.000831490961321638,0.00582623712780261,-2.217216744718015,-0.0004370358775348038,-0.12427905458340946,7044.0,14046,0.00035975362827626975,0.005843606659273921,-2.4271101227616,-0.001318265121171313,-0.373759920370989,7065.0,14046,0.15189788130982895,0.0007023002085160888,0.0001066779137171369
1,97100000,97200000,97150000,0.0008824336524285546,0.005870901637300267,-2.197605781150828,0.00012876974388144547,0.036339838183107244,7098.0,14122,0.0007001025021710285,0.005870901637300267,-2.277929437853643,-0.00022382583596639336,-0.06316541770639837,7098.0,14122,0.09553369522790103,0.0008748452796141096,8.357720231431842e-05
1,97200000,97300000,97250000,0.0007040147454714667,0.005913911905705418,-2.2784840427549877,0.00014740648471285069,0.04129718039063123,7150.0,14182,0.0005888369390573824,0.005804731993600035,-2.3239530756360236,-0.00023026900131405,-0.06572338117163488,7018.0,14182,0.10581825915591683,0.0007229244489540928,7.649860668966796e-05
1,97300000,97400000,97350000,0.0008192043845438667,0.005841952418181416,-2.2236573126790695,0.0001612963979639909,0.045744344842208635,7063.0,14071,0.0005642798001799946,0.005830372730533875,-2.3360143402233806,-0.0003651307365434183,-0.1037579880455901,7049.0,14071,0.0988653050090131,0.0007676345125840933,7.589242022216254e-05
1,97400000,97500000,97450000,0.0008135871800438218,0.005836989694903898,-2.2258353244926408,0.00010302951863919247,0.029244415815129272,7057.0,14076,0.000750389802682042,0.005816311681247576,-2.252644645693285,-1.888919132391564e-05,-0.005380635704738911,7032.0,14076,0.08694954909261643,0.0008564570452660983,7.446855390317054e-05
1,97500000,97600000,97550000,0.0007297130864128831,0.005864284672930244,-2.2645186789938037,9.943917295574401e-05,0.028094136702133524,7090.0,14037,0.0005415814314203082,0.005764203086833643,-2.3432886128748116,-0.00035820815086954396,-0.10295754712151771,6969.0,14037,0.2756053246024359,0.0008774874809341117,0.00024184022201752256
1,97600000,97700000,97650000,0.0009325413082771173,0.005876691481124037,-2.175939152349839,-3.2734761619608576e-05,-0.009228920171548905,7105.0,14170,0.000799159338447408,0.005892406771502842,-2.2355871801641927,-4.484635475555123e-05,-0.012609874042460792,7124.0,14170,0.07916020174902962,0.0009402833424521255,7.443301908986783e-05
1,97700000,97800000,97750000,0.000789700398304001,0.0058254100072563575,-2.235717777088315,0.00011558815848158218,0.03287424300102487,7043.0,14077,0.0007189231278072894,0.005832854092172633,-2.267552266009276,-1.449346778268719e-05,-0.0041168111195478444,7052.0,14077,0.0996668490493467,0.0008378140494541095,8.350228639846563e-05
1,97800000,97900000,97850000,0.0006643668174561748,0.0058824813249478075,-2.2942546062541775,0.00013153486292462227,0.0370472139288161,7112.0,14220,0.0005640557920539132,0.005856840588013968,-2.337258892035566,-0.00011139521096013326,-0.031511967969583374,7081.0,14220,0.12114102089525555,0.0006988735614680867,8.466225671304215e-05
1,97900000,98000000,97950000,0.0007110697280692918,0.005804731993600035,-2.269491997911617,0.00010217905653456896,0.02916394756591908,7018.0,14058,0.0005359459694896897,0.005841125297635162,-2.349026653476527,-0.00021387031864322325,-0.06066310848217783,7062.0,14058,0.10314346883924913,0.0006952147050460815,7.170685626659292e-05
1,98000000,98100000,98050000,0.0011086357788418306,0.005968501861758109,-2.105988588078397,0.00023080889305694682,0.0640725097422031,7216.0,14132,0.0008519873146411716,0.005823755766163852,-2.2079557816007327,-0.0001976355868198877,-0.056225162974778885,7041.0,14132,0.1616787215870897,0.0011693745250001353,0.00018906297825863305
1,98100000,98200000,98150000,0.0007496431741397521,0.005863457552383991,-2.255681769712393,0.00011964415185752082,0.03380732671453646,7089.0,14175,0.0006190670095520918,0.005864284672930244,-2.3133173184882025,-0.00014037276596368337,-0.03965893479419284,7090.0,14175,0.11286599128464188,0.000771422451538097,8.706735969217718e-05
1,98200000,98300000,98250000,0.0007557220404624178,0.005838643935996404,-2.251570716722542,-0.00026064823999841837,-0.0739627748306837,7059.0,14158,0.0007163044870448881,0.005894888133141601,-2.272088430691467,-0.0003390435424354419,-0.09529201283366392,7127.0,14158,0.12126736283331717,0.0008375849861761034,0.00010157172242245479
1,98300000,98400000,98350000,0.0008030584126461452,0.0059618848973880855,-2.2380188238139875,0.0002866154302783168,0.07965257238933161,7208.0,14279,0.0006722977979879785,0.005848569382551439,-2.289035671225483,6.983464836647116e-05,0.01978302945570702,7071.0,14279,0.10401640054855711,0.0008233165269640844,8.563842164702294e-05
1,98400000,98500000,98450000,0.0005059426118821114,0.005873382998939025,-2.363559614453493,-0.00011391603424835907,-0.032134442529577825,7101.0,14085,0.00036817402962627873,0.005788189582674977,-2.421791577066048,-0.0003843237474655073,-0.11000671558084643,6998.0,14085,0.15908549747468348,0.0005197416853220402,8.26833645678451e-05
1,98500000,98600000,98550000,0.0006883176618086227,0.005841125297635162,-2.281559534204309,0.0002552829100930986,0.07240955625290733,7062.0,14216,0.0005842174536285262,0.0059114305440666585,-2.330767339223389,2.968371974517872e-05,0.008319632145001268,7147.0,14216,0.11559876254735317,0.0007194331382340753,8.316558051549798e-05
1,98600000,98700000,98650000,0.0006679614365283647,0.005930454316630475,-2.2950749917294067,0.00025703188414683383,0.07180910057451731,7170.0,14173,0.0005396470142781358,0.00574352507317732,-2.343273163441029,2.009823659835334e-05,0.005797477346866011,6944.0,14173,0.09064500671644558,0.0006639917632420729,6.0187537838821824e-05
1,98700000,98800000,98750000,0.0006381084250762489,0.005808867596331299,-2.3022047250971975,0.00017599784796247108,0.05019759828596544,7023.0,13932,0.0003749182337863234,0.005734426747168539,-2.417176305612494,-0.0003811884426764602,-0.11013067329875881,6933.0,13932,0.19861955224931988,0.0006320510200280572,0.00012553769059677272
1,98800000,98900000,98850000,0.000711699986203872,0.005795633667591253,-2.268708493792126,0.00013548389324693084,0.03873042909365429,7007.0,14134,0.0006557804241082442,0.005902332218057877,-2.2990099843822116,-1.4339210784123679e-05,-0.0040251215688827105,7136.0,14134,0.15505193935885442,0.0008092097455521127,0.00012546954039605764
1,98900000,99000000,98950000,0.0008061677266372915,0.005920528870075441,-2.234206106203802,0.0001486800167201824,0.04160748616723078,7158.0,14219,0.0006058193009690043,0.005865111793476496,-2.3191981275170206,-0.0002307334217822585,-0.06517897635205357,7091.0,14219,0.16367706877520885,0.000844163764312114,0.00013817025050896618
1,99000000,99100000,99050000,0.0006475495004070034,0.005809694716877552,-2.2980427202667366,0.00017969984682245972,0.05124618578479201,7024.0,14019,0.0005293442909729002,0.005824582886710105,-2.3512749605572494,-2.106841562417671e-05,-0.005992883962695305,7042.0,14019,0.13069214020828382,0.000676914270430087,8.846737474013594e-05
1,99100000,99200000,99150000,0.0006391025897458931,0.00587172875784652,-2.3048422703017915,0.0002553961514015002,0.07206467222305257,7099.0,14248,0.00041528694551944156,0.005876691481124037,-2.403584749732676,-0.00017767719147193575,-0.050092578508873595,7105.0,14248,0.09500485553425587,0.0005825387802980675,5.534401266540037e-05
1,99200000,99300000,99250000,0.0005405136029440217,0.005866766034569002,-2.3480641865928913,0.00023307992641524223,0.06582329356374331,7093.0,13978,0.00040297045828656636,0.005698860563679664,-2.403369465931114,-2.5116794003975827e-05,-0.0073018115816265,6890.0,13978,0.07675359430114635,0.0005109600510800619,3.921802046476763e-05
1,99300000,99400000,99350000,0.00047209979869397843,0.005878345722216543,-2.3786405763747758,0.0001869008244002301,0.052678193390364884,7107.0,14145,0.00040257158032578765,0.0057534505197323555,-2.4053158400595884,3.86824960449313e-05,0.011139017191796524,6956.0,14145,0.07661703236575147,0.0004736233013160254,3.6287611806141346e-05
1,99400000,99500000,99450000,0.0008298718408244423,0.005963539138480592,-2.2264872273989615,0.00011159800019200845,0.031005328751162742,7210.0,14310,0.0006020364314663115,0.005970983223396868,-2.3256295395087188,-0.00017880396583569536,-0.04961535369955677,7219.0,14310,0.1281659038005437,0.0008212045608980929,0.000105250424752724
1,99500000,99600000,99550000,0.0006588422311363146,0.005774128533388678,-2.291189560034589,0.0001482785682136776,0.04254564043188773,6981.0,14111,0.0004504552717247067,0.005912257664612912,-2.3893191188351315,-0.00028803934604950044,-0.08071921802423118,7148.0,14111,0.26414163645114536,0.0007537438981540987,0.00019909514672358924
1,99600000,99700000,99650000,0.0009536850264543103,0.005769992930657413,-2.1588181236690467,0.0003411151903599428,0.09794639053866902,6976.0,13889,0.00040680304275841195,0.005795633667591253,-2.404768940028554,-0.0006331103816478808,-0.18098562240294294,7007.0,13889,0.337141731933277,0.0010262284825841397,0.00034598444797778055
1,99700000,99800000,99750000,0.000773287957495596,0.005760067484102379,-2.2390750758357294,0.00010537470297903766,0.03030890988272911,6964.0,14113,0.0005080439343853351,0.005915566146797923,-2.364252475335772,-0.00045719866409468844,-0.12805232832964147,7152.0,14113,0.18655606378431894,0.000787596928832095,0.00014693098289163216
1,99800000,99900000,99850000,0.0008978698276643128,0.005884135566040313,-2.191701878389967,0.0003466829647616762,0.09761695288347762,7114.0,14123,0.0007759430279083024,0.005845260900366427,-2.24300603256772,0.00012102914724748231,0.034304982248636526,7067.0,14123,0.11205760716980309,0.0009425233377121132,0.00010561690992580651
1,99900000,100000000,99950000,0.0006884079647836553,0.005938725522093005,-2.286580289996226,-0.00010685730716509028,-0.029812082583331886,7180.0,14232,0.0004862707927159162,0.005879999963309049,-2.372466717247226,-0.0004127550675347268,-0.1163027682820439,7109.0,14232,0.17337452742296217,0.0007105265906200817,0.0001231872118702978
1,100000000,100100000,100050000,0.0005065960337783317,0.005841952418181416,-2.3620544292632553,0.00026116954733146233,0.07406879500236015,7063.0,14103,0.00031927045705655,0.005784881100489966,-2.443559341056378,-0.00014755694686550673,-0.042260007878760775,6994.0,14103,0.23413594210403876,0.0005391730309840404,0.00012623978556659986
1,100100000,100200000,100150000,0.0006517508292522912,0.005836162574357645,-2.2975025331780934,-3.1613692648943894e-05,-0.008974659068249477,7056.0,14118,0.00023179874677745364,0.0058543592263752085,-2.483936595856987,-0.000725882201242054,-0.2054276580634744,7078.0,14118,0.28751451819339224,0.0006200474245380672,0.000178272636523195
1,100200000,100300000,100250000,0.0006832037224912284,0.0059329356782692345,-2.2885534388397186,0.0002337447183551788,0.06527590267437733,7173.0,14273,0.0005609003530255182,0.0059221831111679465,-2.3414203599533328,-7.766988865491072e-05,-0.021729533839011616,7160.0,14273,0.0868194853588875,0.0006811928504660788,5.914081270770339e-05
1,100300000,100400000,100350000,0.0007504384519885334,0.0059759459466743855,-2.2616197178870086,0.00019742786948669688,0.054737772682421984,7225.0,14223,0.0003964345115571008,0.005832026971626381,-2.410520545835701,-0.0003923292288683372,-0.11145531760240578,7051.0,14223,0.24942445098033286,0.0007639956864061051,0.0001905592046332876
1,100400000,100500000,100450000,0.0008542925607036417,0.005994969719238202,-2.2178539429661637,0.0002651068866248949,0.07326918388558536,7248.0,14292,0.0006287413027790247,0.005936244160454246,-2.312450126038492,-0.00024681903745841355,-0.06888869777199333,7177.0,14292,0.16403691083402172,0.0008870211392721204,0.0001455042075307948
1,100500000,100600000,100550000,0.00044334210611905067,0.005827064248348863,-2.3895482225360825,-0.000351365968263715,-0.09990310528136173,7045.0,14027,0.0003349438420404029,0.005704650407503434,-2.4343988873999396,-0.0005079286940829842,-0.14751250492358167,6897.0,14027,0.12182629043603577,0.0004431275610300211,5.398458695029504e-05
1,100600000,100700000,100650000,0.0007557154545365632,0.005818793042886334,-2.250421124025581,0.00016246401940420575,0.04625859690458707,7035.0,14154,0.0005217547008810004,0.005888271168771578,-2.357185751251054,-0.00021271136044563078,-0.05985201156889178,7119.0,14154,0.12395208751198408,0.000729109753706083,9.037467599729908e-05
1,100700000,100800000,100750000,0.0008331279061330817,0.005843606659273921,-2.2175983989522896,6.926364234442914e-05,0.01963791124524053,7065.0,14103,0.0005257216580785717,0.005815484560701322,-2.3525132871476457,-0.0005083632819088648,-0.14482917934291784,7031.0,14103,0.23455366370471192,0.0008876190921420931,0.00020819431003626704
1,100800000,100900000,100850000,0.0010182961413314536,0.0060404613492821115,-2.150427669612575,0.00026032551999522185,0.07140666345748056,7303.0,14219,0.000822362429300311,0.005766684448472402,-2.217467735795043,-0.0003553851424994484,-0.10210226119708583,6972.0,14219,0.13026961861165537,0.0010581776893281347,0.00013784840401225482
1,100900000,101000000,100950000,0.000785995086220882,0.006028054541088318,-2.2491972507167053,0.00011051735771358537,0.030376947658760308,7288.0,14338,0.0006982758992309998,0.005853532105828956,-2.2778121399428204,-0.00018786084566447698,-0.05317289567435155,7077.0,14338,0.18972192858062126,0.0009159022302381296,0.00017376673751218617
1,101000000,101100000,101050000,0.0006553507602916023,0.005946996727555534,-2.301378379278549,0.00021799699353792227,0.060734440739626354,7190.0,14273,0.0004700342203301912,0.005838643935996404,-2.3781212211674747,-0.0002062470224942527,-0.0585256285802426,7059.0,14273,0.14161163658107148,0.0006555220390800763,9.282954876918133e-05
1,101100000,101200000,101150000,0.0007334652428064375,0.0058394710565426566,-2.2614762186503787,0.00013506576696567244,0.03832147892258929,7060.0,13972,0.0006582177264952609,0.005688935117124629,-2.287006960380638,-1.144562582027561e-05,-0.003333203667523895,6878.0,13972,0.08319805180769321,0.0007589877901360911,6.314630548523752e-05
1,101200000,101300000,101250000,0.0007608716978369956,0.005946169607009281,-2.2554400446326084,0.00026152839352394414,0.07287250466055244,7189.0,14197,0.0006055263997559959,0.005855186346921462,-2.3188693070070077,4.302932869206444e-07,0.00012175759907492863,7079.0,14197,0.09349629236384426,0.000753663821826115,7.04647730296206e-05
1,101300000,101400000,101350000,0.0006830780004500074,0.005859321949652726,-2.284828528307508,7.833452268522159e-05,0.022150244467770173,7084.0,13926,0.0005484246473244643,0.005709613130780952,-2.337834625100998,-0.0002107159810038457,-0.06114296500590394,6903.0,13926,0.14507465252158308,0.0007202398732280916,0.0001044885493408551
1,101400000,101500000,101450000,0.0007039920958249652,0.005856840588013968,-2.2754639423226797,6.979360974409765e-05,0.019743523763554944,7081.0,14090,0.000573503612186115,0.005841952418181416,-2.3324332886040517,-0.00015647761047613207,-0.04437771620481559,7063.0,14090,0.13231259727410696,0.0007361497377960936,9.740188379055226e-05
1,101500000,101600000,101550000,0.0007983830407684258,0.005993315478145696,-2.2418792179236475,0.00013594207329674346,0.03758148303242727,7246.0,14333,0.00048146840360802355,0.00590315933860413,-2.3754225583060795,-0.0003259124812768502,-0.09147322274717581,7137.0,14333,0.1911809540449972,0.0007911852785720964,0.0001512595563838728
1,101600000,101700000,101650000,0.0010312194253043088,0.006043769831467123,-2.14513734851268,0.00038795990581910343,0.10635829793165927,7307.0,14404,0.0007789516080121031,0.005980908669951902,-2.2495613439507136,-0.00012896885269653722,-0.035727573058484834,7231.0,14404,0.16284916422118065,0.0010811498692661417,0.00017606435260794355
1,101700000,101800000,101750000,0.0006959528883128932,0.005899023735872866,-2.281233865932358,0.00030811293869738613,0.08653799629487109,7132.0,14113,0.00041141474798146645,0.005747660675908585,-2.4011510318930256,-0.00033229625529458245,-0.09578432186980806,6949.0,14113,0.1422924397084742,0.000645539160176067,9.18553420288886e-05
1,101800000,101900000,101850000,0.0005738281580115748,0.005768338689564907,-2.329007032963077,0.0002074167136271182,0.05957382232626256,6974.0,14001,0.0004545967561415499,0.005817138801793829,-2.3842030466003794,-3.416492130123679e-05,-0.009730585785715043,7033.0,14001,0.1375271006359648,0.0005962070894700606,8.199463239349711e-05
1,101900000,101991176,101945588,0.000892348223383546,0.0059664515143266934,-2.199297056229114,0.00013007583808839413,0.03611630255096837,6577.0,12942,0.0007875591734025693,0.005811325589292424,-2.2355168859055783,-3.366759276964918e-05,-0.009597121816023789,6406.0,12942,0.13084249721180466,0.0009663998707928605,0.0001264461723998018
